  0
SECTION
  2
HEADER
  9
$ACADVER
  1
AC1032
  9
$ACADMAINTVER
 90
      228
  9
$DWGCODEPAGE
  3
ANSI_1254
  9
$LASTSAVEDBY
  1
BEYKENT
  9
$REQUIREDVERSIONS
160
                 0
  9
$INSBASE
 10
0.0
 20
0.0
 30
0.0
  9
$EXTMIN
 10
2323.16480107406
 20
754.1805241651846
 30
0.0
  9
$EXTMAX
 10
8718.736732841742
 20
2472.619324785095
 30
0.0
  9
$LIMMIN
 10
0.0
 20
0.0
  9
$LIMMAX
 10
420.0
 20
297.0
  9
$ORTHOMODE
 70
     0
  9
$REGENMODE
 70
     1
  9
$FILLMODE
 70
     1
  9
$QTEXTMODE
 70
     0
  9
$MIRRTEXT
 70
     0
  9
$LTSCALE
 40
1.0
  9
$ATTMODE
 70
     1
  9
$TEXTSIZE
 40
2.5
  9
$TRACEWID
 40
1.0
  9
$TEXTSTYLE
  7
Standard
  9
$CLAYER
  8
0
  9
$CELTYPE
  6
ByLayer
  9
$CECOLOR
 62
   256
  9
$CELTSCALE
 40
1.0
  9
$DISPSILH
 70
     0
  9
$DIMSCALE
 40
1.0
  9
$DIMASZ
 40
2.5
  9
$DIMEXO
 40
0.625
  9
$DIMDLI
 40
3.75
  9
$DIMRND
 40
0.0
  9
$DIMDLE
 40
0.0
  9
$DIMEXE
 40
1.25
  9
$DIMTP
 40
0.0
  9
$DIMTM
 40
0.0
  9
$DIMTXT
 40
2.5
  9
$DIMCEN
 40
2.5
  9
$DIMTSZ
 40
0.0
  9
$DIMTOL
 70
     0
  9
$DIMLIM
 70
     0
  9
$DIMTIH
 70
     0
  9
$DIMTOH
 70
     0
  9
$DIMSE1
 70
     0
  9
$DIMSE2
 70
     0
  9
$DIMTAD
 70
     1
  9
$DIMZIN
 70
     8
  9
$DIMBLK
  1

  9
$DIMASO
 70
     1
  9
$DIMSHO
 70
     1
  9
$DIMPOST
  1

  9
$DIMAPOST
  1

  9
$DIMALT
 70
     0
  9
$DIMALTD
 70
     3
  9
$DIMALTF
 40
0.03937007874016
  9
$DIMLFAC
 40
1.0
  9
$DIMTOFL
 70
     1
  9
$DIMTVP
 40
0.0
  9
$DIMTIX
 70
     0
  9
$DIMSOXD
 70
     0
  9
$DIMSAH
 70
     0
  9
$DIMBLK1
  1

  9
$DIMBLK2
  1

  9
$DIMSTYLE
  2
ISO-25
  9
$DIMCLRD
 70
     0
  9
$DIMCLRE
 70
     0
  9
$DIMCLRT
 70
     0
  9
$DIMTFAC
 40
1.0
  9
$DIMGAP
 40
0.625
  9
$DIMJUST
 70
     0
  9
$DIMSD1
 70
     0
  9
$DIMSD2
 70
     0
  9
$DIMTOLJ
 70
     0
  9
$DIMTZIN
 70
     8
  9
$DIMALTZ
 70
     0
  9
$DIMALTTZ
 70
     0
  9
$DIMUPT
 70
     0
  9
$DIMDEC
 70
     2
  9
$DIMTDEC
 70
     2
  9
$DIMALTU
 70
     2
  9
$DIMALTTD
 70
     3
  9
$DIMTXSTY
  7
Standard
  9
$DIMAUNIT
 70
     0
  9
$DIMADEC
 70
     0
  9
$DIMALTRND
 40
0.0
  9
$DIMAZIN
 70
     0
  9
$DIMDSEP
 70
    44
  9
$DIMATFIT
 70
     3
  9
$DIMFRAC
 70
     0
  9
$DIMLDRBLK
  1

  9
$DIMLUNIT
 70
     2
  9
$DIMLWD
 70
    -2
  9
$DIMLWE
 70
    -2
  9
$DIMTMOVE
 70
     0
  9
$DIMFXL
 40
1.0
  9
$DIMFXLON
 70
     0
  9
$DIMJOGANG
 40
0.7853981633974483
  9
$DIMTFILL
 70
     0
  9
$DIMTFILLCLR
 70
     0
  9
$DIMARCSYM
 70
     0
  9
$DIMLTYPE
  6

  9
$DIMLTEX1
  6

  9
$DIMLTEX2
  6

  9
$DIMTXTDIRECTION
 70
     0
  9
$LUNITS
 70
     2
  9
$LUPREC
 70
     4
  9
$SKETCHINC
 40
1.0
  9
$FILLETRAD
 40
0.0
  9
$AUNITS
 70
     0
  9
$AUPREC
 70
     0
  9
$MENU
  1
.
  9
$ELEVATION
 40
0.0
  9
$PELEVATION
 40
0.0
  9
$THICKNESS
 40
0.0
  9
$LIMCHECK
 70
     0
  9
$CHAMFERA
 40
0.0
  9
$CHAMFERB
 40
0.0
  9
$CHAMFERC
 40
0.0
  9
$CHAMFERD
 40
0.0
  9
$SKPOLY
 70
     0
  9
$TDCREATE
 40
2461128.609733796
  9
$TDUCREATE
 40
2461128.484733797
  9
$TDUPDATE
 40
2461128.609965278
  9
$TDUUPDATE
 40
2461128.484965278
  9
$TDINDWG
 40
0.0002314815
  9
$TDUSRTIMER
 40
0.0002314815
  9
$USRTIMER
 70
     1
  9
$ANGBASE
 50
0.0
  9
$ANGDIR
 70
     0
  9
$PDMODE
 70
     0
  9
$PDSIZE
 40
0.0
  9
$PLINEWID
 40
0.0
  9
$SPLFRAME
 70
     0
  9
$SPLINETYPE
 70
     6
  9
$SPLINESEGS
 70
     8
  9
$HANDSEED
  5
187B
  9
$SURFTAB1
 70
     6
  9
$SURFTAB2
 70
     6
  9
$SURFTYPE
 70
     6
  9
$SURFU
 70
     6
  9
$SURFV
 70
     6
  9
$UCSBASE
  2

  9
$UCSNAME
  2

  9
$UCSORG
 10
0.0
 20
0.0
 30
0.0
  9
$UCSXDIR
 10
1.0
 20
0.0
 30
0.0
  9
$UCSYDIR
 10
0.0
 20
1.0
 30
0.0
  9
$UCSORTHOREF
  2

  9
$UCSORTHOVIEW
 70
     0
  9
$UCSORGTOP
 10
0.0
 20
0.0
 30
0.0
  9
$UCSORGBOTTOM
 10
0.0
 20
0.0
 30
0.0
  9
$UCSORGLEFT
 10
0.0
 20
0.0
 30
0.0
  9
$UCSORGRIGHT
 10
0.0
 20
0.0
 30
0.0
  9
$UCSORGFRONT
 10
0.0
 20
0.0
 30
0.0
  9
$UCSORGBACK
 10
0.0
 20
0.0
 30
0.0
  9
$PUCSBASE
  2

  9
$PUCSNAME
  2

  9
$PUCSORG
 10
0.0
 20
0.0
 30
0.0
  9
$PUCSXDIR
 10
1.0
 20
0.0
 30
0.0
  9
$PUCSYDIR
 10
0.0
 20
1.0
 30
0.0
  9
$PUCSORTHOREF
  2

  9
$PUCSORTHOVIEW
 70
     0
  9
$PUCSORGTOP
 10
0.0
 20
0.0
 30
0.0
  9
$PUCSORGBOTTOM
 10
0.0
 20
0.0
 30
0.0
  9
$PUCSORGLEFT
 10
0.0
 20
0.0
 30
0.0
  9
$PUCSORGRIGHT
 10
0.0
 20
0.0
 30
0.0
  9
$PUCSORGFRONT
 10
0.0
 20
0.0
 30
0.0
  9
$PUCSORGBACK
 10
0.0
 20
0.0
 30
0.0
  9
$USERI1
 70
     0
  9
$USERI2
 70
     0
  9
$USERI3
 70
     0
  9
$USERI4
 70
     0
  9
$USERI5
 70
     0
  9
$USERR1
 40
0.0
  9
$USERR2
 40
0.0
  9
$USERR3
 40
0.0
  9
$USERR4
 40
0.0
  9
$USERR5
 40
0.0
  9
$WORLDVIEW
 70
     1
  9
$SHADEDGE
 70
     3
  9
$SHADEDIF
 70
    70
  9
$TILEMODE
 70
     1
  9
$MAXACTVP
 70
    64
  9
$PINSBASE
 10
0.0
 20
0.0
 30
0.0
  9
$PLIMCHECK
 70
     0
  9
$PEXTMIN
 10
0.0
 20
0.0
 30
0.0
  9
$PEXTMAX
 10
0.0
 20
0.0
 30
0.0
  9
$PLIMMIN
 10
0.0
 20
0.0
  9
$PLIMMAX
 10
12.0
 20
9.0
  9
$UNITMODE
 70
     0
  9
$VISRETAIN
 70
     1
  9
$PLINEGEN
 70
     0
  9
$PSLTSCALE
 70
     1
  9
$TREEDEPTH
 70
  3020
  9
$CMLSTYLE
  2
Standard
  9
$CMLJUST
 70
     0
  9
$CMLSCALE
 40
20.0
  9
$PROXYGRAPHICS
 70
     1
  9
$MEASUREMENT
 70
     1
  9
$CELWEIGHT
370
    -1
  9
$ENDCAPS
280
     0
  9
$JOINSTYLE
280
     0
  9
$LWDISPLAY
290
     0
  9
$INSUNITS
 70
     4
  9
$HYPERLINKBASE
  1

  9
$STYLESHEET
  1

  9
$XEDIT
290
     1
  9
$CEPSNTYPE
380
     0
  9
$PSTYLEMODE
290
     1
  9
$FINGERPRINTGUID
  2
{D83025A3-A994-314F-8BCC-D41B108646C5}
  9
$VERSIONGUID
  2
{086AC877-1139-BD41-B9AD-408A1B0C0489}
  9
$EXTNAMES
290
     1
  9
$PSVPSCALE
 40
0.0
  9
$OLESTARTUP
290
     0
  9
$SORTENTS
280
   127
  9
$INDEXCTL
280
     0
  9
$HIDETEXT
280
     1
  9
$XCLIPFRAME
280
     2
  9
$HALOGAP
280
     0
  9
$OBSCOLOR
 70
   257
  9
$OBSLTYPE
280
     0
  9
$INTERSECTIONDISPLAY
280
     0
  9
$INTERSECTIONCOLOR
 70
   257
  9
$DIMASSOC
280
     2
  9
$PROJECTNAME
  1

  9
$CAMERADISPLAY
290
     0
  9
$LENSLENGTH
 40
50.0
  9
$CAMERAHEIGHT
 40
0.0
  9
$STEPSPERSEC
 40
2.0
  9
$STEPSIZE
 40
6.0
  9
$3DDWFPREC
 40
2.0
  9
$PSOLWIDTH
 40
5.0
  9
$PSOLHEIGHT
 40
80.0
  9
$LOFTANG1
 40
1.570796326794896
  9
$LOFTANG2
 40
1.570796326794896
  9
$LOFTMAG1
 40
0.0
  9
$LOFTMAG2
 40
0.0
  9
$LOFTPARAM
 70
     7
  9
$LOFTNORMALS
280
     1
  9
$LATITUDE
 40
37.795
  9
$LONGITUDE
 40
-122.394
  9
$NORTHDIRECTION
 40
0.0
  9
$TIMEZONE
 70
 -8000
  9
$LIGHTGLYPHDISPLAY
280
     1
  9
$TILEMODELIGHTSYNCH
280
     1
  9
$CMATERIAL
347
EC
  9
$SOLIDHIST
280
     0
  9
$SHOWHIST
280
     1
  9
$DWFFRAME
280
     2
  9
$DGNFRAME
280
     0
  9
$REALWORLDSCALE
290
     1
  9
$INTERFERECOLOR
 62
     1
  9
$INTERFEREOBJVS
345
F9
  9
$INTERFEREVPVS
346
F6
  9
$CSHADOW
280
     0
  9
$SHADOWPLANELOCATION
 40
0.0
  0
ENDSEC
  0
SECTION
  2
CLASSES
  0
CLASS
  1
ACDBDICTIONARYWDFLT
  2
AcDbDictionaryWithDefault
  3
ObjectDBX Classes
 90
        0
 91
        1
280
     0
281
     0
  0
CLASS
  1
DICTIONARYVAR
  2
AcDbDictionaryVar
  3
ObjectDBX Classes
 90
        0
 91
       41
280
     0
281
     0
  0
CLASS
  1
TABLESTYLE
  2
AcDbTableStyle
  3
ObjectDBX Classes
 90
     4095
 91
        1
280
     0
281
     0
  0
CLASS
  1
MATERIAL
  2
AcDbMaterial
  3
ObjectDBX Classes
 90
     1153
 91
        3
280
     0
281
     0
  0
CLASS
  1
VISUALSTYLE
  2
AcDbVisualStyle
  3
ObjectDBX Classes
 90
     4095
 91
       24
280
     0
281
     0
  0
CLASS
  1
SCALE
  2
AcDbScale
  3
ObjectDBX Classes
 90
     1153
 91
       17
280
     0
281
     0
  0
CLASS
  1
MLEADERSTYLE
  2
AcDbMLeaderStyle
  3
ACDB_MLEADERSTYLE_CLASS
 90
     4095
 91
        2
280
     0
281
     0
  0
CLASS
  1
CELLSTYLEMAP
  2
AcDbCellStyleMap
  3
ObjectDBX Classes
 90
     1152
 91
        1
280
     0
281
     0
  0
CLASS
  1
EXACXREFPANELOBJECT
  2
ExAcXREFPanelObject
  3
EXAC_ESW
 90
     1025
 91
        0
280
     0
281
     0
  0
CLASS
  1
NPOCOLLECTION
  2
AcDbImpNonPersistentObjectsCollection
  3
ObjectDBX Classes
 90
     1153
 91
        0
280
     0
281
     0
  0
CLASS
  1
LAYER_INDEX
  2
AcDbLayerIndex
  3
ObjectDBX Classes
 90
        0
 91
        0
280
     0
281
     0
  0
CLASS
  1
SPATIAL_INDEX
  2
AcDbSpatialIndex
  3
ObjectDBX Classes
 90
        0
 91
        0
280
     0
281
     0
  0
CLASS
  1
IDBUFFER
  2
AcDbIdBuffer
  3
ObjectDBX Classes
 90
        0
 91
        0
280
     0
281
     0
  0
CLASS
  1
ACDBSECTIONVIEWSTYLE
  2
AcDbSectionViewStyle
  3
ObjectDBX Classes
 90
     1025
 91
        1
280
     0
281
     0
  0
CLASS
  1
ACDBDETAILVIEWSTYLE
  2
AcDbDetailViewStyle
  3
ObjectDBX Classes
 90
     1025
 91
        1
280
     0
281
     0
  0
CLASS
  1
SORTENTSTABLE
  2
AcDbSortentsTable
  3
ObjectDBX Classes
 90
        0
 91
        1
280
     0
281
     0
  0
ENDSEC
  0
SECTION
  2
TABLES
  0
TABLE
  2
VPORT
  5
8
330
0
100
AcDbSymbolTable
 70
     1
  0
VPORT
  5
EA
330
8
100
AcDbSymbolTableRecord
100
AcDbViewportTableRecord
  2
*Active
 70
     0
 10
0.0
 20
0.0
 11
1.0
 21
1.0
 12
4161.087054837667
 22
1440.684066268786
 13
0.0
 23
0.0
 14
10.0
 24
10.0
 15
10.0
 25
10.0
 16
0.0
 26
0.0
 36
1.0
 17
0.0
 27
0.0
 37
0.0
 40
2653.730076586097
 41
2.919354838709677
 42
50.0
 43
0.0
 44
0.0
 50
0.0
 51
0.0
 71
     0
 72
  1000
 73
     1
 74
     3
 75
     0
 76
     1
 77
     0
 78
     0
281
     0
 65
     1
110
0.0
120
0.0
130
0.0
111
1.0
121
0.0
131
0.0
112
0.0
122
1.0
132
0.0
 79
     0
146
0.0
348
F5
 60
     3
 61
     5
292
     1
282
     1
141
0.0
142
0.0
 63
   250
421
  3355443
1001
ACAD_NAV_VCDISPLAY
1070
     3
  0
ENDTAB
  0
TABLE
  2
LTYPE
  5
5
330
0
100
AcDbSymbolTable
 70
     2
  0
LTYPE
  5
14
330
5
100
AcDbSymbolTableRecord
100
AcDbLinetypeTableRecord
  2
ByBlock
 70
     0
  3

 72
    65
 73
     0
 40
0.0
  0
LTYPE
  5
15
330
5
100
AcDbSymbolTableRecord
100
AcDbLinetypeTableRecord
  2
ByLayer
 70
     0
  3

 72
    65
 73
     0
 40
0.0
  0
LTYPE
  5
16
330
5
100
AcDbSymbolTableRecord
100
AcDbLinetypeTableRecord
  2
Continuous
 70
     0
  3
Solid line
 72
    65
 73
     0
 40
0.0
  0
LTYPE
  5
508
330
5
100
AcDbSymbolTableRecord
100
AcDbLinetypeTableRecord
  2
DASHED
 70
     0
  3
Dashed __ __ __ __ __ __ __ __ __ __ __ __ __ _
 72
    65
 73
     2
 40
19.05
 49
12.7
 74
     0
 49
-6.349999999999999
 74
     0
  0
ENDTAB
  0
TABLE
  2
LAYER
  5
2
102
{ACAD_XDICTIONARY
360
1FF
102
}
330
0
100
AcDbSymbolTable
 70
    27
  0
LAYER
  5
10
102
{ACAD_XDICTIONARY
360
13C
102
}
330
2
100
AcDbSymbolTableRecord
100
AcDbLayerTableRecord
  2
0
 70
     0
 62
     7
  6
Continuous
370
    -3
390
F
347
EE
348
0
  0
LAYER
  5
509
330
2
100
AcDbSymbolTableRecord
100
AcDbLayerTableRecord
  2
DEFPOINTS
 70
     0
 62
     7
  6
Continuous
290
     0
370
    -3
390
F
347
EE
348
0
  0
LAYER
  5
50A
330
2
100
AcDbSymbolTableRecord
100
AcDbLayerTableRecord
  2
KOT YAZI (BEYKENT)
 70
     0
 62
     7
  6
Continuous
370
    20
390
F
347
EE
348
0
  0
LAYER
  5
50B
330
2
100
AcDbSymbolTableRecord
100
AcDbLayerTableRecord
  2
TARAMA (BEYKENT)
 70
     0
 62
   252
  6
Continuous
370
    25
390
F
347
EE
348
0
  0
LAYER
  5
50C
330
2
100
AcDbSymbolTableRecord
100
AcDbLayerTableRecord
  2
CIZGI (BEYKENT)
 70
     0
 62
     1
  6
Continuous
370
    20
390
F
347
EE
348
0
  0
LAYER
  5
50D
330
2
100
AcDbSymbolTableRecord
100
AcDbLayerTableRecord
  2
YAZI (BEYKENT)
 70
     0
 62
   140
  6
Continuous
370
    20
390
F
347
EE
348
0
  0
LAYER
  5
50E
330
2
100
AcDbSymbolTableRecord
100
AcDbLayerTableRecord
  2
AKS BALONU (BEYKENT)
 70
     0
 62
     7
  6
Continuous
370
    20
390
F
347
EE
348
0
  0
LAYER
  5
50F
330
2
100
AcDbSymbolTableRecord
100
AcDbLayerTableRecord
  2
AKS CIZGISI (BEYKENT)
 70
     0
 62
   252
  6
DASHED
370
    20
390
F
347
EE
348
0
  0
LAYER
  5
510
330
2
100
AcDbSymbolTableRecord
100
AcDbLayerTableRecord
  2
AKS NO (BEYKENT)
 70
     0
 62
     3
  6
Continuous
370
    20
390
F
347
EE
348
0
  0
LAYER
  5
511
330
2
100
AcDbSymbolTableRecord
100
AcDbLayerTableRecord
  2
KOLON (BEYKENT)
 70
     0
 62
     3
  6
Continuous
370
    30
390
F
347
EE
348
0
  0
LAYER
  5
512
330
2
100
AcDbSymbolTableRecord
100
AcDbLayerTableRecord
  2
KOLON ISMI (BEYKENT)
 70
     0
 62
    91
  6
Continuous
370
    20
390
F
347
EE
348
0
  0
LAYER
  5
513
330
2
100
AcDbSymbolTableRecord
100
AcDbLayerTableRecord
  2
KESIT ISMI (BEYKENT)
 70
     0
 62
     6
  6
Continuous
370
    20
390
F
347
EE
348
0
  0
LAYER
  5
514
330
2
100
AcDbSymbolTableRecord
100
AcDbLayerTableRecord
  2
KOT CIZGI (BEYKENT)
 70
     0
 62
   120
  6
Continuous
370
    20
390
F
347
EE
348
0
  0
LAYER
  5
515
330
2
100
AcDbSymbolTableRecord
100
AcDbLayerTableRecord
  2
KESIT (BEYKENT)
 70
     0
 62
   151
  6
Continuous
370
    25
390
F
347
EE
348
0
  0
LAYER
  5
516
330
2
100
AcDbSymbolTableRecord
100
AcDbLayerTableRecord
  2
DOSEME ISMI (BEYKENT)
 70
     0
 62
     9
  6
Continuous
370
    20
390
F
347
EE
348
0
  0
LAYER
  5
517
330
2
100
AcDbSymbolTableRecord
100
AcDbLayerTableRecord
  2
DOSEME PAFTA (BEYKENT)
 70
     0
 62
     3
  6
Continuous
370
    20
390
F
347
EE
348
0
  0
LAYER
  5
518
330
2
100
AcDbSymbolTableRecord
100
AcDbLayerTableRecord
  2
POZ NO (BEYKENT)
 70
     0
 62
     2
  6
Continuous
370
    20
390
F
347
EE
348
0
  0
LAYER
  5
519
330
2
100
AcDbSymbolTableRecord
100
AcDbLayerTableRecord
  2
POZ BALON (BEYKENT)
 70
     0
 62
    14
  6
Continuous
370
    20
390
F
347
EE
348
0
  0
LAYER
  5
51A
330
2
100
AcDbSymbolTableRecord
100
AcDbLayerTableRecord
  2
OLCU (BEYKENT)
 70
     0
 62
    14
  6
Continuous
370
    20
390
F
347
EE
348
0
  0
LAYER
  5
51B
330
2
100
AcDbSymbolTableRecord
100
AcDbLayerTableRecord
  2
MERDIVEN YAZI (BEYKENT)
 70
     0
 62
    51
  6
Continuous
370
    20
390
F
347
EE
348
0
  0
LAYER
  5
51C
330
2
100
AcDbSymbolTableRecord
100
AcDbLayerTableRecord
  2
MERDIVEN (BEYKENT)
 70
     0
 62
     5
  6
Continuous
370
    20
390
F
347
EE
348
0
  0
LAYER
  5
51D
330
2
100
AcDbSymbolTableRecord
100
AcDbLayerTableRecord
  2
KIRIS ISMI (BEYKENT)
 70
     0
 62
    40
  6
Continuous
370
    20
390
F
347
EE
348
0
  0
LAYER
  5
51E
330
2
100
AcDbSymbolTableRecord
100
AcDbLayerTableRecord
  2
KIRIS (BEYKENT)
 70
     0
 62
     2
  6
Continuous
370
    30
390
F
347
EE
348
0
  0
LAYER
  5
51F
330
2
100
AcDbSymbolTableRecord
100
AcDbLayerTableRecord
  2
DOSEME SINIRI (BEYKENT)
 70
     0
 62
     2
  6
Continuous
370
    30
390
F
347
EE
348
0
  0
LAYER
  5
520
330
2
100
AcDbSymbolTableRecord
100
AcDbLayerTableRecord
  2
DONATI YAZISI (BEYKENT)
 70
     0
 62
     3
  6
Continuous
370
    20
390
F
347
EE
348
0
  0
LAYER
  5
521
330
2
100
AcDbSymbolTableRecord
100
AcDbLayerTableRecord
  2
DONATI (BEYKENT)
 70
     0
 62
     4
  6
Continuous
370
    35
390
F
347
EE
348
0
  0
LAYER
  5
522
330
2
100
AcDbSymbolTableRecord
100
AcDbLayerTableRecord
  2
AKS OLCU (BEYKENT)
 70
     0
 62
   200
  6
Continuous
370
    20
390
F
347
EE
348
0
  0
ENDTAB
  0
TABLE
  2
STYLE
  5
3
330
0
100
AcDbSymbolTable
 70
     9
  0
STYLE
  5
11
330
3
100
AcDbSymbolTableRecord
100
AcDbTextStyleTableRecord
  2
Standard
 70
     0
 40
0.0
 41
1.0
 50
0.0
 71
     0
 42
2.5
  3
arial.ttf
  4

1001
ACAD
1000
Arial
1071
       34
  0
STYLE
  5
132
330
3
100
AcDbSymbolTableRecord
100
AcDbTextStyleTableRecord
  2
Annotative
 70
     0
 40
0.0
 41
1.0
 50
0.0
 71
     0
 42
2.5
  3
arial.ttf
  4

1001
AcadAnnotative
1000
AnnotativeData
1002
{
1070
     1
1070
     1
1002
}
1001
ACAD
1000
Arial
1071
       34
  0
STYLE
  5
523
330
3
100
AcDbSymbolTableRecord
100
AcDbTextStyleTableRecord
  2
stastyle
 70
     0
 40
0.0
 41
1.0
 50
0.0
 71
     0
 42
0.2
  3
RomanSTA.ttf
  4

1001
ACAD
1000
RomanSTA
1071
       34
  0
STYLE
  5
524
330
3
100
AcDbSymbolTableRecord
100
AcDbTextStyleTableRecord
  2
YAZI (BEYKENT)
 70
     0
 40
0.0
 41
1.0
 50
0.0
 71
     0
 42
0.2
  3

  4

1001
ACAD
1000
Bahnschrift Light Condensed
1071
     3332
  0
STYLE
  5
525
330
3
100
AcDbSymbolTableRecord
100
AcDbTextStyleTableRecord
  2
KOT (BEYKENT)
 70
     0
 40
0.0
 41
1.0
 50
0.0
 71
     0
 42
0.2
  3

  4

1001
ACAD
1000
Bahnschrift Light Condensed
1071
     3332
  0
STYLE
  5
526
330
3
100
AcDbSymbolTableRecord
100
AcDbTextStyleTableRecord
  2
DONATI YAZISI (BEYKENT)
 70
     0
 40
0.0
 41
1.0
 50
0.0
 71
     0
 42
0.2
  3

  4

1001
ACAD
1000
Bahnschrift Light Condensed
1071
     3332
  0
STYLE
  5
527
330
3
100
AcDbSymbolTableRecord
100
AcDbTextStyleTableRecord
  2
DSMOLC-50
 70
     0
 40
13.0
 41
0.75
 50
0.0
 71
     0
 42
2.0
  3
bahnschrift light condensed
  4

  0
STYLE
  5
528
330
3
100
AcDbSymbolTableRecord
100
AcDbTextStyleTableRecord
  2
KLNOLC-25
 70
     0
 40
10.0
 41
0.75
 50
0.0
 71
     0
 42
2.0
  3
bahnschrift light condensed
  4

  0
STYLE
  5
529
330
3
100
AcDbSymbolTableRecord
100
AcDbTextStyleTableRecord
  2
MRDVNOLC-25
 70
     0
 40
10.0
 41
0.75
 50
0.0
 71
     0
 42
2.0
  3
bahnschrift light condensed
  4

  0
ENDTAB
  0
TABLE
  2
VIEW
  5
6
330
0
100
AcDbSymbolTable
 70
     0
  0
ENDTAB
  0
TABLE
  2
UCS
  5
7
330
0
100
AcDbSymbolTable
 70
     0
  0
ENDTAB
  0
TABLE
  2
APPID
  5
9
330
0
100
AcDbSymbolTable
 70
    11
  0
APPID
  5
12
330
9
100
AcDbSymbolTableRecord
100
AcDbRegAppTableRecord
  2
ACAD
 70
     0
  0
APPID
  5
9E
330
9
100
AcDbSymbolTableRecord
100
AcDbRegAppTableRecord
  2
ACAD_PSEXT
 70
     0
  0
APPID
  5
133
330
9
100
AcDbSymbolTableRecord
100
AcDbRegAppTableRecord
  2
AcadAnnoPO
 70
     0
  0
APPID
  5
134
330
9
100
AcDbSymbolTableRecord
100
AcDbRegAppTableRecord
  2
AcadAnnotative
 70
     0
  0
APPID
  5
135
330
9
100
AcDbSymbolTableRecord
100
AcDbRegAppTableRecord
  2
ACAD_DSTYLE_DIMJAG
 70
     0
  0
APPID
  5
136
330
9
100
AcDbSymbolTableRecord
100
AcDbRegAppTableRecord
  2
ACAD_DSTYLE_DIMTALN
 70
     0
  0
APPID
  5
165
330
9
100
AcDbSymbolTableRecord
100
AcDbRegAppTableRecord
  2
ACAD_MLEADERVER
 70
     0
  0
APPID
  5
217
330
9
100
AcDbSymbolTableRecord
100
AcDbRegAppTableRecord
  2
ACAD_NAV_VCDISPLAY
 70
     0
  0
APPID
  5
52D
330
9
100
AcDbSymbolTableRecord
100
AcDbRegAppTableRecord
  2
sta4cad App2
 70
     0
1001
sta4cad App2
1040
50.0
  0
APPID
  5
52E
330
9
100
AcDbSymbolTableRecord
100
AcDbRegAppTableRecord
  2
GradientColor1ACI
 70
     0
  0
APPID
  5
52F
330
9
100
AcDbSymbolTableRecord
100
AcDbRegAppTableRecord
  2
GradientColor2ACI
 70
     0
  0
ENDTAB
  0
TABLE
  2
DIMSTYLE
  5
A
330
0
100
AcDbSymbolTable
 70
     6
100
AcDbDimStyleTable
 71
     2
340
27
340
137
  0
DIMSTYLE
105
1B0
330
A
100
AcDbSymbolTableRecord
100
AcDbDimStyleTableRecord
  2
Standard
 70
     0
340
11
  0
DIMSTYLE
105
137
330
A
100
AcDbSymbolTableRecord
100
AcDbDimStyleTableRecord
  2
Annotative
 70
     0
 40
0.0
 41
2.5
 42
0.625
 43
3.75
 44
1.25
 73
     0
 74
     0
 77
     1
 78
     8
140
2.5
141
2.5
143
0.03937007874016
147
0.625
171
     3
172
     1
271
     2
272
     2
274
     3
278
    44
283
     0
284
     8
340
11
1001
AcadAnnotative
1000
AnnotativeData
1002
{
1070
     1
1070
     1
1002
}
1001
ACAD_DSTYLE_DIMJAG
1070
   388
1040
1.5
1001
ACAD_DSTYLE_DIMTALN
1070
   392
1070
     0
  0
DIMSTYLE
105
27
330
A
100
AcDbSymbolTableRecord
100
AcDbDimStyleTableRecord
  2
ISO-25
 70
     0
 41
2.5
 42
0.625
 43
3.75
 44
1.25
 73
     0
 74
     0
 77
     1
 78
     8
140
2.5
141
2.5
143
0.03937007874016
147
0.625
171
     3
172
     1
271
     2
272
     2
274
     3
278
    44
283
     0
284
     8
340
11
  0
DIMSTYLE
105
52A
102
{ACAD_REACTORS
330
9B0
330
9B1
330
9B2
330
999
330
99A
330
99B
330
99C
330
99D
330
99E
330
99F
330
9A0
330
9A1
330
9A2
330
9A3
330
9A4
330
9A5
330
9A6
330
9A7
330
9A8
330
9A9
330
9AA
330
9AB
330
9AC
330
9AD
330
9AE
330
9AF
330
A60
330
A61
330
A62
330
A63
330
A64
330
A65
330
A66
330
A67
330
A68
330
A69
330
A6A
330
A6B
330
A6C
330
A6D
330
A6E
330
A6F
330
A70
330
A71
330
A72
330
A73
330
A74
330
A75
330
A76
330
A77
330
1125
330
1126
330
1127
330
1128
330
1129
330
112A
330
112B
330
112C
330
112D
330
112E
330
112F
330
1130
330
1131
330
1132
330
1133
330
1134
330
1135
330
1136
330
1137
330
1138
330
1139
330
113A
330
113B
330
113C
330
113D
330
113E
330
11EC
330
11ED
330
11EE
330
11EF
330
11F0
330
11F1
330
11F2
330
11F3
330
11F4
330
11F5
330
11F6
330
11F7
330
11F8
330
11F9
330
11FA
330
11FB
330
11FC
330
11FD
330
11FE
330
11FF
330
1200
330
1201
330
1202
330
1203
102
}
330
A
100
AcDbSymbolTableRecord
100
AcDbDimStyleTableRecord
  2
DSMOLC-50
 70
     0
 41
5.0
 42
2.0
 43
0.0
 44
2.0
 45
0.5
 73
     0
 74
     0
 77
     1
 78
    12
140
13.0
141
0.0
143
1.0
147
1.0
172
     1
174
     1
178
     7
271
     1
279
     2
283
     0
340
527
342
2AC
343
2AC
344
2AC
  0
DIMSTYLE
105
52B
330
A
100
AcDbSymbolTableRecord
100
AcDbDimStyleTableRecord
  2
KLNOLC-25
 70
     0
 41
5.0
 42
2.0
 43
0.0
 44
2.0
 45
0.5
 73
     0
 74
     0
 77
     1
 78
    12
140
10.0
141
0.0
143
1.0
144
0.5
147
1.0
172
     1
174
     1
178
     7
271
     1
279
     2
283
     0
340
528
342
2AC
343
2AC
344
2AC
  0
DIMSTYLE
105
52C
330
A
100
AcDbSymbolTableRecord
100
AcDbDimStyleTableRecord
  2
MRDVNOLC-25
 70
     0
 41
5.0
 42
2.0
 43
0.0
 44
2.0
 45
0.5
 73
     0
 74
     0
 77
     1
 78
    12
140
10.0
141
0.0
143
1.0
144
0.5
147
1.0
172
     1
174
     1
178
     7
271
     1
279
     2
283
     0
340
529
342
2AC
343
2AC
344
2AC
  0
ENDTAB
  0
TABLE
  2
BLOCK_RECORD
  5
1
330
0
100
AcDbSymbolTable
 70
   103
  0
BLOCK_RECORD
  5
1F
102
{ACAD_XDICTIONARY
360
1CE
102
}
330
1
100
AcDbSymbolTableRecord
100
AcDbBlockTableRecord
  2
*Model_Space
340
22
 70
     0
280
     1
281
     0
  0
BLOCK_RECORD
  5
D2
330
1
100
AcDbSymbolTableRecord
100
AcDbBlockTableRecord
  2
*Paper_Space
340
D3
 70
     0
280
     1
281
     0
  0
BLOCK_RECORD
  5
D6
330
1
100
AcDbSymbolTableRecord
100
AcDbBlockTableRecord
  2
*Paper_Space0
340
D7
 70
     0
280
     1
281
     0
  0
BLOCK_RECORD
  5
2AC
330
1
100
AcDbSymbolTableRecord
100
AcDbBlockTableRecord
  2
_Oblique
340
0
102
{BLKREFS
331
16BA
331
16BB
331
16C3
331
16C4
331
16CC
331
16CD
331
16D5
331
16D6
331
16DE
331
16DF
331
16E7
331
16E8
331
16F0
331
16F1
331
16F9
331
16FA
331
1702
331
1703
331
170B
331
170C
331
1714
331
1715
331
171D
331
171E
331
1726
331
1727
331
172F
331
1730
331
1738
331
1739
331
1741
331
1742
331
174A
331
174B
331
1753
331
1754
331
175C
331
175D
331
1765
331
1766
331
176E
331
176F
331
1777
331
1778
331
1780
331
1781
331
1789
331
178A
331
1792
331
1793
331
179B
331
179C
331
17A4
331
17A5
331
17AD
331
17AE
331
17B6
331
17B7
331
17BF
331
17C0
331
17C8
331
17C9
331
17D1
331
17D2
331
17DA
331
17DB
331
17E3
331
17E4
331
17EC
331
17ED
331
2B5
331
2B6
331
2C1
331
2C2
331
2CD
331
2CE
331
2D9
331
2DA
331
2E5
331
2E6
331
2F1
331
2F2
331
2FD
331
2FE
331
309
331
30A
331
315
331
316
331
321
331
322
331
32D
331
32E
331
339
331
33A
331
345
331
346
331
351
331
352
331
35D
331
35E
331
369
331
36A
331
375
331
376
331
381
331
382
331
38D
331
38E
331
399
331
39A
331
3A5
331
3A6
331
3B1
331
3B2
331
3BD
331
3BE
331
3C9
331
3CA
331
3D5
331
3D6
331
3E1
331
3E2
331
3ED
331
3EE
331
3F9
331
3FA
331
405
331
406
331
411
331
412
331
41D
331
41E
331
429
331
42A
331
435
331
436
331
4B9
331
4BA
331
4C5
331
4C6
331
4D1
331
4D2
331
4DD
331
4DE
331
4E9
331
4EA
331
4F5
331
4F6
331
501
331
502
331
441
331
442
331
44D
331
44E
331
459
331
45A
331
465
331
466
331
471
331
472
331
47D
331
47E
331
489
331
48A
331
495
331
496
331
4A1
331
4A2
331
4AD
331
4AE
331
17F5
331
17F6
331
17FE
331
17FF
331
1807
331
1808
331
1810
331
1811
331
1819
331
181A
331
1822
331
1823
331
182B
331
182C
331
1834
331
1835
331
183D
331
183E
331
1846
331
1847
331
184F
331
1850
331
1858
331
1859
331
1861
331
1862
331
186A
331
186B
331
1873
331
1874
102
}
 70
     0
280
     1
281
     0
  0
BLOCK_RECORD
  5
2B0
330
1
100
AcDbSymbolTableRecord
100
AcDbBlockTableRecord
  2
*D2
340
0
 70
     0
280
     1
281
     0
  0
BLOCK_RECORD
  5
2BC
330
1
100
AcDbSymbolTableRecord
100
AcDbBlockTableRecord
  2
*D3
340
0
 70
     0
280
     1
281
     0
  0
BLOCK_RECORD
  5
2C8
330
1
100
AcDbSymbolTableRecord
100
AcDbBlockTableRecord
  2
*D4
340
0
 70
     0
280
     1
281
     0
  0
BLOCK_RECORD
  5
2D4
330
1
100
AcDbSymbolTableRecord
100
AcDbBlockTableRecord
  2
*D5
340
0
 70
     0
280
     1
281
     0
  0
BLOCK_RECORD
  5
2E0
330
1
100
AcDbSymbolTableRecord
100
AcDbBlockTableRecord
  2
*D6
340
0
 70
     0
280
     1
281
     0
  0
BLOCK_RECORD
  5
2EC
330
1
100
AcDbSymbolTableRecord
100
AcDbBlockTableRecord
  2
*D7
340
0
 70
     0
280
     1
281
     0
  0
BLOCK_RECORD
  5
2F8
330
1
100
AcDbSymbolTableRecord
100
AcDbBlockTableRecord
  2
*D8
340
0
 70
     0
280
     1
281
     0
  0
BLOCK_RECORD
  5
304
330
1
100
AcDbSymbolTableRecord
100
AcDbBlockTableRecord
  2
*D9
340
0
 70
     0
280
     1
281
     0
  0
BLOCK_RECORD
  5
310
330
1
100
AcDbSymbolTableRecord
100
AcDbBlockTableRecord
  2
*D10
340
0
 70
     0
280
     1
281
     0
  0
BLOCK_RECORD
  5
31C
330
1
100
AcDbSymbolTableRecord
100
AcDbBlockTableRecord
  2
*D11
340
0
 70
     0
280
     1
281
     0
  0
BLOCK_RECORD
  5
328
330
1
100
AcDbSymbolTableRecord
100
AcDbBlockTableRecord
  2
*D12
340
0
 70
     0
280
     1
281
     0
  0
BLOCK_RECORD
  5
334
330
1
100
AcDbSymbolTableRecord
100
AcDbBlockTableRecord
  2
*D13
340
0
 70
     0
280
     1
281
     0
  0
BLOCK_RECORD
  5
340
330
1
100
AcDbSymbolTableRecord
100
AcDbBlockTableRecord
  2
*D14
340
0
 70
     0
280
     1
281
     0
  0
BLOCK_RECORD
  5
34C
330
1
100
AcDbSymbolTableRecord
100
AcDbBlockTableRecord
  2
*D15
340
0
 70
     0
280
     1
281
     0
  0
BLOCK_RECORD
  5
358
330
1
100
AcDbSymbolTableRecord
100
AcDbBlockTableRecord
  2
*D16
340
0
 70
     0
280
     1
281
     0
  0
BLOCK_RECORD
  5
364
330
1
100
AcDbSymbolTableRecord
100
AcDbBlockTableRecord
  2
*D17
340
0
 70
     0
280
     1
281
     0
  0
BLOCK_RECORD
  5
370
330
1
100
AcDbSymbolTableRecord
100
AcDbBlockTableRecord
  2
*D18
340
0
 70
     0
280
     1
281
     0
  0
BLOCK_RECORD
  5
37C
330
1
100
AcDbSymbolTableRecord
100
AcDbBlockTableRecord
  2
*D19
340
0
 70
     0
280
     1
281
     0
  0
BLOCK_RECORD
  5
388
330
1
100
AcDbSymbolTableRecord
100
AcDbBlockTableRecord
  2
*D20
340
0
 70
     0
280
     1
281
     0
  0
BLOCK_RECORD
  5
394
330
1
100
AcDbSymbolTableRecord
100
AcDbBlockTableRecord
  2
*D21
340
0
 70
     0
280
     1
281
     0
  0
BLOCK_RECORD
  5
3A0
330
1
100
AcDbSymbolTableRecord
100
AcDbBlockTableRecord
  2
*D22
340
0
 70
     0
280
     1
281
     0
  0
BLOCK_RECORD
  5
3AC
330
1
100
AcDbSymbolTableRecord
100
AcDbBlockTableRecord
  2
*D23
340
0
 70
     0
280
     1
281
     0
  0
BLOCK_RECORD
  5
3B8
330
1
100
AcDbSymbolTableRecord
100
AcDbBlockTableRecord
  2
*D24
340
0
 70
     0
280
     1
281
     0
  0
BLOCK_RECORD
  5
3C4
330
1
100
AcDbSymbolTableRecord
100
AcDbBlockTableRecord
  2
*D25
340
0
 70
     0
280
     1
281
     0
  0
BLOCK_RECORD
  5
3D0
330
1
100
AcDbSymbolTableRecord
100
AcDbBlockTableRecord
  2
*D26
340
0
 70
     0
280
     1
281
     0
  0
BLOCK_RECORD
  5
3DC
330
1
100
AcDbSymbolTableRecord
100
AcDbBlockTableRecord
  2
*D27
340
0
 70
     0
280
     1
281
     0
  0
BLOCK_RECORD
  5
3E8
330
1
100
AcDbSymbolTableRecord
100
AcDbBlockTableRecord
  2
*D28
340
0
 70
     0
280
     1
281
     0
  0
BLOCK_RECORD
  5
3F4
330
1
100
AcDbSymbolTableRecord
100
AcDbBlockTableRecord
  2
*D29
340
0
 70
     0
280
     1
281
     0
  0
BLOCK_RECORD
  5
400
330
1
100
AcDbSymbolTableRecord
100
AcDbBlockTableRecord
  2
*D30
340
0
 70
     0
280
     1
281
     0
  0
BLOCK_RECORD
  5
40C
330
1
100
AcDbSymbolTableRecord
100
AcDbBlockTableRecord
  2
*D31
340
0
 70
     0
280
     1
281
     0
  0
BLOCK_RECORD
  5
418
330
1
100
AcDbSymbolTableRecord
100
AcDbBlockTableRecord
  2
*D32
340
0
 70
     0
280
     1
281
     0
  0
BLOCK_RECORD
  5
424
330
1
100
AcDbSymbolTableRecord
100
AcDbBlockTableRecord
  2
*D33
340
0
 70
     0
280
     1
281
     0
  0
BLOCK_RECORD
  5
430
330
1
100
AcDbSymbolTableRecord
100
AcDbBlockTableRecord
  2
*D34
340
0
 70
     0
280
     1
281
     0
  0
BLOCK_RECORD
  5
43C
330
1
100
AcDbSymbolTableRecord
100
AcDbBlockTableRecord
  2
*D35
340
0
 70
     0
280
     1
281
     0
  0
BLOCK_RECORD
  5
448
330
1
100
AcDbSymbolTableRecord
100
AcDbBlockTableRecord
  2
*D36
340
0
 70
     0
280
     1
281
     0
  0
BLOCK_RECORD
  5
454
330
1
100
AcDbSymbolTableRecord
100
AcDbBlockTableRecord
  2
*D37
340
0
 70
     0
280
     1
281
     0
  0
BLOCK_RECORD
  5
460
330
1
100
AcDbSymbolTableRecord
100
AcDbBlockTableRecord
  2
*D38
340
0
 70
     0
280
     1
281
     0
  0
BLOCK_RECORD
  5
46C
330
1
100
AcDbSymbolTableRecord
100
AcDbBlockTableRecord
  2
*D39
340
0
 70
     0
280
     1
281
     0
  0
BLOCK_RECORD
  5
478
330
1
100
AcDbSymbolTableRecord
100
AcDbBlockTableRecord
  2
*D40
340
0
 70
     0
280
     1
281
     0
  0
BLOCK_RECORD
  5
484
330
1
100
AcDbSymbolTableRecord
100
AcDbBlockTableRecord
  2
*D41
340
0
 70
     0
280
     1
281
     0
  0
BLOCK_RECORD
  5
490
330
1
100
AcDbSymbolTableRecord
100
AcDbBlockTableRecord
  2
*D42
340
0
 70
     0
280
     1
281
     0
  0
BLOCK_RECORD
  5
49C
330
1
100
AcDbSymbolTableRecord
100
AcDbBlockTableRecord
  2
*D43
340
0
 70
     0
280
     1
281
     0
  0
BLOCK_RECORD
  5
4A8
330
1
100
AcDbSymbolTableRecord
100
AcDbBlockTableRecord
  2
*D44
340
0
 70
     0
280
     1
281
     0
  0
BLOCK_RECORD
  5
4B4
330
1
100
AcDbSymbolTableRecord
100
AcDbBlockTableRecord
  2
*D45
340
0
 70
     0
280
     1
281
     0
  0
BLOCK_RECORD
  5
4C0
330
1
100
AcDbSymbolTableRecord
100
AcDbBlockTableRecord
  2
*D46
340
0
 70
     0
280
     1
281
     0
  0
BLOCK_RECORD
  5
4CC
330
1
100
AcDbSymbolTableRecord
100
AcDbBlockTableRecord
  2
*D47
340
0
 70
     0
280
     1
281
     0
  0
BLOCK_RECORD
  5
4D8
330
1
100
AcDbSymbolTableRecord
100
AcDbBlockTableRecord
  2
*D48
340
0
 70
     0
280
     1
281
     0
  0
BLOCK_RECORD
  5
4E4
330
1
100
AcDbSymbolTableRecord
100
AcDbBlockTableRecord
  2
*D49
340
0
 70
     0
280
     1
281
     0
  0
BLOCK_RECORD
  5
4F0
330
1
100
AcDbSymbolTableRecord
100
AcDbBlockTableRecord
  2
*D50
340
0
 70
     0
280
     1
281
     0
  0
BLOCK_RECORD
  5
4FC
330
1
100
AcDbSymbolTableRecord
100
AcDbBlockTableRecord
  2
*D51
340
0
 70
     0
280
     1
281
     0
  0
BLOCK_RECORD
  5
145F
330
1
100
AcDbSymbolTableRecord
100
AcDbBlockTableRecord
  2
*D53
340
0
 70
     0
280
     1
281
     0
  0
BLOCK_RECORD
  5
146B
330
1
100
AcDbSymbolTableRecord
100
AcDbBlockTableRecord
  2
*D54
340
0
 70
     0
280
     1
281
     0
  0
BLOCK_RECORD
  5
1477
330
1
100
AcDbSymbolTableRecord
100
AcDbBlockTableRecord
  2
*D55
340
0
 70
     0
280
     1
281
     0
  0
BLOCK_RECORD
  5
1483
330
1
100
AcDbSymbolTableRecord
100
AcDbBlockTableRecord
  2
*D56
340
0
 70
     0
280
     1
281
     0
  0
BLOCK_RECORD
  5
148F
330
1
100
AcDbSymbolTableRecord
100
AcDbBlockTableRecord
  2
*D57
340
0
 70
     0
280
     1
281
     0
  0
BLOCK_RECORD
  5
149B
330
1
100
AcDbSymbolTableRecord
100
AcDbBlockTableRecord
  2
*D58
340
0
 70
     0
280
     1
281
     0
  0
BLOCK_RECORD
  5
14A7
330
1
100
AcDbSymbolTableRecord
100
AcDbBlockTableRecord
  2
*D59
340
0
 70
     0
280
     1
281
     0
  0
BLOCK_RECORD
  5
14B3
330
1
100
AcDbSymbolTableRecord
100
AcDbBlockTableRecord
  2
*D60
340
0
 70
     0
280
     1
281
     0
  0
BLOCK_RECORD
  5
14BF
330
1
100
AcDbSymbolTableRecord
100
AcDbBlockTableRecord
  2
*D61
340
0
 70
     0
280
     1
281
     0
  0
BLOCK_RECORD
  5
14CB
330
1
100
AcDbSymbolTableRecord
100
AcDbBlockTableRecord
  2
*D62
340
0
 70
     0
280
     1
281
     0
  0
BLOCK_RECORD
  5
14D7
330
1
100
AcDbSymbolTableRecord
100
AcDbBlockTableRecord
  2
*D63
340
0
 70
     0
280
     1
281
     0
  0
BLOCK_RECORD
  5
14E3
330
1
100
AcDbSymbolTableRecord
100
AcDbBlockTableRecord
  2
*D64
340
0
 70
     0
280
     1
281
     0
  0
BLOCK_RECORD
  5
14EF
330
1
100
AcDbSymbolTableRecord
100
AcDbBlockTableRecord
  2
*D65
340
0
 70
     0
280
     1
281
     0
  0
BLOCK_RECORD
  5
14FB
330
1
100
AcDbSymbolTableRecord
100
AcDbBlockTableRecord
  2
*D66
340
0
 70
     0
280
     1
281
     0
  0
BLOCK_RECORD
  5
1507
330
1
100
AcDbSymbolTableRecord
100
AcDbBlockTableRecord
  2
*D67
340
0
 70
     0
280
     1
281
     0
  0
BLOCK_RECORD
  5
1513
330
1
100
AcDbSymbolTableRecord
100
AcDbBlockTableRecord
  2
*D68
340
0
 70
     0
280
     1
281
     0
  0
BLOCK_RECORD
  5
151F
330
1
100
AcDbSymbolTableRecord
100
AcDbBlockTableRecord
  2
*D69
340
0
 70
     0
280
     1
281
     0
  0
BLOCK_RECORD
  5
152B
330
1
100
AcDbSymbolTableRecord
100
AcDbBlockTableRecord
  2
*D70
340
0
 70
     0
280
     1
281
     0
  0
BLOCK_RECORD
  5
1537
330
1
100
AcDbSymbolTableRecord
100
AcDbBlockTableRecord
  2
*D71
340
0
 70
     0
280
     1
281
     0
  0
BLOCK_RECORD
  5
1543
330
1
100
AcDbSymbolTableRecord
100
AcDbBlockTableRecord
  2
*D72
340
0
 70
     0
280
     1
281
     0
  0
BLOCK_RECORD
  5
154F
330
1
100
AcDbSymbolTableRecord
100
AcDbBlockTableRecord
  2
*D73
340
0
 70
     0
280
     1
281
     0
  0
BLOCK_RECORD
  5
155B
330
1
100
AcDbSymbolTableRecord
100
AcDbBlockTableRecord
  2
*D74
340
0
 70
     0
280
     1
281
     0
  0
BLOCK_RECORD
  5
1567
330
1
100
AcDbSymbolTableRecord
100
AcDbBlockTableRecord
  2
*D75
340
0
 70
     0
280
     1
281
     0
  0
BLOCK_RECORD
  5
1573
330
1
100
AcDbSymbolTableRecord
100
AcDbBlockTableRecord
  2
*D76
340
0
 70
     0
280
     1
281
     0
  0
BLOCK_RECORD
  5
157F
330
1
100
AcDbSymbolTableRecord
100
AcDbBlockTableRecord
  2
*D77
340
0
 70
     0
280
     1
281
     0
  0
BLOCK_RECORD
  5
158B
330
1
100
AcDbSymbolTableRecord
100
AcDbBlockTableRecord
  2
*D78
340
0
 70
     0
280
     1
281
     0
  0
BLOCK_RECORD
  5
1597
330
1
100
AcDbSymbolTableRecord
100
AcDbBlockTableRecord
  2
*D79
340
0
 70
     0
280
     1
281
     0
  0
BLOCK_RECORD
  5
15A3
330
1
100
AcDbSymbolTableRecord
100
AcDbBlockTableRecord
  2
*D80
340
0
 70
     0
280
     1
281
     0
  0
BLOCK_RECORD
  5
15AF
330
1
100
AcDbSymbolTableRecord
100
AcDbBlockTableRecord
  2
*D81
340
0
 70
     0
280
     1
281
     0
  0
BLOCK_RECORD
  5
15BB
330
1
100
AcDbSymbolTableRecord
100
AcDbBlockTableRecord
  2
*D82
340
0
 70
     0
280
     1
281
     0
  0
BLOCK_RECORD
  5
15C7
330
1
100
AcDbSymbolTableRecord
100
AcDbBlockTableRecord
  2
*D83
340
0
 70
     0
280
     1
281
     0
  0
BLOCK_RECORD
  5
15D3
330
1
100
AcDbSymbolTableRecord
100
AcDbBlockTableRecord
  2
*D84
340
0
 70
     0
280
     1
281
     0
  0
BLOCK_RECORD
  5
15DF
330
1
100
AcDbSymbolTableRecord
100
AcDbBlockTableRecord
  2
*D85
340
0
 70
     0
280
     1
281
     0
  0
BLOCK_RECORD
  5
15EB
330
1
100
AcDbSymbolTableRecord
100
AcDbBlockTableRecord
  2
*D86
340
0
 70
     0
280
     1
281
     0
  0
BLOCK_RECORD
  5
15F7
330
1
100
AcDbSymbolTableRecord
100
AcDbBlockTableRecord
  2
*D87
340
0
 70
     0
280
     1
281
     0
  0
BLOCK_RECORD
  5
1603
330
1
100
AcDbSymbolTableRecord
100
AcDbBlockTableRecord
  2
*D88
340
0
 70
     0
280
     1
281
     0
  0
BLOCK_RECORD
  5
160F
330
1
100
AcDbSymbolTableRecord
100
AcDbBlockTableRecord
  2
*D89
340
0
 70
     0
280
     1
281
     0
  0
BLOCK_RECORD
  5
161B
330
1
100
AcDbSymbolTableRecord
100
AcDbBlockTableRecord
  2
*D90
340
0
 70
     0
280
     1
281
     0
  0
BLOCK_RECORD
  5
1627
330
1
100
AcDbSymbolTableRecord
100
AcDbBlockTableRecord
  2
*D91
340
0
 70
     0
280
     1
281
     0
  0
BLOCK_RECORD
  5
1633
330
1
100
AcDbSymbolTableRecord
100
AcDbBlockTableRecord
  2
*D92
340
0
 70
     0
280
     1
281
     0
  0
BLOCK_RECORD
  5
163F
330
1
100
AcDbSymbolTableRecord
100
AcDbBlockTableRecord
  2
*D93
340
0
 70
     0
280
     1
281
     0
  0
BLOCK_RECORD
  5
164B
330
1
100
AcDbSymbolTableRecord
100
AcDbBlockTableRecord
  2
*D94
340
0
 70
     0
280
     1
281
     0
  0
BLOCK_RECORD
  5
1657
330
1
100
AcDbSymbolTableRecord
100
AcDbBlockTableRecord
  2
*D95
340
0
 70
     0
280
     1
281
     0
  0
BLOCK_RECORD
  5
1663
330
1
100
AcDbSymbolTableRecord
100
AcDbBlockTableRecord
  2
*D96
340
0
 70
     0
280
     1
281
     0
  0
BLOCK_RECORD
  5
166F
330
1
100
AcDbSymbolTableRecord
100
AcDbBlockTableRecord
  2
*D97
340
0
 70
     0
280
     1
281
     0
  0
BLOCK_RECORD
  5
167B
330
1
100
AcDbSymbolTableRecord
100
AcDbBlockTableRecord
  2
*D98
340
0
 70
     0
280
     1
281
     0
  0
BLOCK_RECORD
  5
1687
330
1
100
AcDbSymbolTableRecord
100
AcDbBlockTableRecord
  2
*D99
340
0
 70
     0
280
     1
281
     0
  0
BLOCK_RECORD
  5
1693
330
1
100
AcDbSymbolTableRecord
100
AcDbBlockTableRecord
  2
*D100
340
0
 70
     0
280
     1
281
     0
  0
BLOCK_RECORD
  5
169F
330
1
100
AcDbSymbolTableRecord
100
AcDbBlockTableRecord
  2
*D101
340
0
 70
     0
280
     1
281
     0
  0
BLOCK_RECORD
  5
16AB
330
1
100
AcDbSymbolTableRecord
100
AcDbBlockTableRecord
  2
*D102
340
0
 70
     0
280
     1
281
     0
  0
ENDTAB
  0
ENDSEC
  0
SECTION
  2
BLOCKS
  0
BLOCK
  5
20
330
1F
100
AcDbEntity
  8
0
100
AcDbBlockBegin
  2
*Model_Space
 70
     0
 10
0.0
 20
0.0
 30
0.0
  3
*Model_Space
  1

  0
ENDBLK
  5
21
330
1F
100
AcDbEntity
  8
0
100
AcDbBlockEnd
  0
BLOCK
  5
D4
330
D2
100
AcDbEntity
 67
     1
  8
0
100
AcDbBlockBegin
  2
*Paper_Space
 70
     0
 10
0.0
 20
0.0
 30
0.0
  3
*Paper_Space
  1

  0
ENDBLK
  5
D5
330
D2
100
AcDbEntity
 67
     1
  8
0
100
AcDbBlockEnd
  0
BLOCK
  5
D8
330
D6
100
AcDbEntity
 67
     1
  8
0
100
AcDbBlockBegin
  2
*Paper_Space0
 70
     0
 10
0.0
 20
0.0
 30
0.0
  3
*Paper_Space0
  1

  0
ENDBLK
  5
D9
330
D6
100
AcDbEntity
 67
     1
  8
0
100
AcDbBlockEnd
  0
BLOCK
  5
2AD
330
2AC
100
AcDbEntity
  8
0
370
    -3
100
AcDbBlockBegin
  2
_Oblique
 70
     0
 10
0.0
 20
0.0
 30
0.0
  3
_Oblique
  1

  0
LINE
  5
2AE
330
2AC
100
AcDbEntity
  8
0
  6
ByBlock
 62
     0
370
    -2
100
AcDbLine
 10
-0.5
 20
-0.5
 30
0.0
 11
0.5
 21
0.5
 31
0.0
  0
ENDBLK
  5
2AF
330
2AC
100
AcDbEntity
  8
0
370
    -3
100
AcDbBlockEnd
  0
BLOCK
  5
2B1
330
2B0
100
AcDbEntity
  8
0
370
    -3
100
AcDbBlockBegin
  2
*D2
 70
     1
 10
0.0
 20
0.0
 30
0.0
  3
*D2
  1

  0
LINE
  5
2B2
330
2B0
100
AcDbEntity
  8
AKS OLCU (BEYKENT)
 62
     0
440
 16777216
370
    -2
100
AcDbLine
 10
79536.17262157108
 20
2703.559994697572
 30
0.0
 11
79548.17262157149
 21
2703.559994697572
 31
0.0
  0
LINE
  5
2B3
330
2B0
100
AcDbEntity
  8
AKS OLCU (BEYKENT)
 62
     0
440
 16777216
370
    -2
100
AcDbLine
 10
79536.17262157108
 20
3178.56013774872
 30
0.0
 11
79548.17262157149
 21
3178.56013774872
 31
0.0
  0
LINE
  5
2B4
330
2B0
100
AcDbEntity
  8
AKS OLCU (BEYKENT)
 62
     0
440
 16777216
370
    -2
100
AcDbLine
 10
79546.17262157149
 20
2703.559994697572
 30
0.0
 11
79546.17262157149
 21
3178.56013774872
 31
0.0
  0
INSERT
  5
2B5
330
2B0
100
AcDbEntity
  8
AKS OLCU (BEYKENT)
 62
     0
440
 16777216
370
    -2
100
AcDbBlockReference
  2
_Oblique
 10
79546.17262157149
 20
2703.559994697572
 30
0.0
 41
5.0
 42
5.0
 43
5.0
 50
270.0
  0
INSERT
  5
2B6
330
2B0
100
AcDbEntity
  8
AKS OLCU (BEYKENT)
 62
     0
440
 16777216
370
    -2
100
AcDbBlockReference
  2
_Oblique
 10
79546.17262157149
 20
3178.56013774872
 30
0.0
 41
5.0
 42
5.0
 43
5.0
 50
90.0
  0
MTEXT
  5
2B7
330
2B0
100
AcDbEntity
  8
AKS OLCU (BEYKENT)
 62
     7
440
 16777216
100
AcDbMText
 10
79540.12103972829
 20
2941.060066223122
 30
0.0
 40
10.0
 41
0.0
 46
0.0
 71
     5
 72
     1
  1
475
  7
DSMOLC-50
 11
0.0000000000000001
 21
1.0
 31
0.0
 73
     1
 44
1.0
  0
POINT
  5
2B8
330
2B0
100
AcDbEntity
  8
DEFPOINTS
 62
     0
440
 16777216
370
    -3
100
AcDbPoint
 10
79534.17262157108
 20
2703.559994697572
 30
0.0
  0
POINT
  5
2B9
330
2B0
100
AcDbEntity
  8
DEFPOINTS
 62
     0
440
 16777216
370
    -3
100
AcDbPoint
 10
79534.17262157108
 20
3178.56013774872
 30
0.0
  0
POINT
  5
2BA
330
2B0
100
AcDbEntity
  8
DEFPOINTS
 62
     0
440
 16777216
370
    -3
100
AcDbPoint
 10
79546.17262157149
 20
3178.56013774872
 30
0.0
  0
ENDBLK
  5
2BB
330
2B0
100
AcDbEntity
  8
0
370
    -3
100
AcDbBlockEnd
  0
BLOCK
  5
2BD
330
2BC
100
AcDbEntity
  8
0
370
    -3
100
AcDbBlockBegin
  2
*D3
 70
     1
 10
0.0
 20
0.0
 30
0.0
  3
*D3
  1

  0
LINE
  5
2BE
330
2BC
100
AcDbEntity
  8
AKS OLCU (BEYKENT)
 62
     0
440
 16777216
370
    -2
100
AcDbLine
 10
79536.17262157108
 20
3178.56013774872
 30
0.0
 11
79548.17262157149
 21
3178.56013774872
 31
0.0
  0
LINE
  5
2BF
330
2BC
100
AcDbEntity
  8
AKS OLCU (BEYKENT)
 62
     0
440
 16777216
370
    -2
100
AcDbLine
 10
79536.17262157108
 20
3538.559973239901
 30
0.0
 11
79548.17262157149
 21
3538.559973239901
 31
0.0
  0
LINE
  5
2C0
330
2BC
100
AcDbEntity
  8
AKS OLCU (BEYKENT)
 62
     0
440
 16777216
370
    -2
100
AcDbLine
 10
79546.17262157149
 20
3178.56013774872
 30
0.0
 11
79546.17262157149
 21
3538.559973239901
 31
0.0
  0
INSERT
  5
2C1
330
2BC
100
AcDbEntity
  8
AKS OLCU (BEYKENT)
 62
     0
440
 16777216
370
    -2
100
AcDbBlockReference
  2
_Oblique
 10
79546.17262157149
 20
3178.56013774872
 30
0.0
 41
5.0
 42
5.0
 43
5.0
 50
270.0
  0
INSERT
  5
2C2
330
2BC
100
AcDbEntity
  8
AKS OLCU (BEYKENT)
 62
     0
440
 16777216
370
    -2
100
AcDbBlockReference
  2
_Oblique
 10
79546.17262157149
 20
3538.559973239901
 30
0.0
 41
5.0
 42
5.0
 43
5.0
 50
90.0
  0
MTEXT
  5
2C3
330
2BC
100
AcDbEntity
  8
AKS OLCU (BEYKENT)
 62
     7
440
 16777216
100
AcDbMText
 10
79540.0694578851
 20
3358.560055494287
 30
0.0
 40
10.0
 41
0.0
 46
0.0
 71
     5
 72
     1
  1
360
  7
DSMOLC-50
 11
0.0000000000000001
 21
1.0
 31
0.0
 73
     1
 44
1.0
  0
POINT
  5
2C4
330
2BC
100
AcDbEntity
  8
DEFPOINTS
 62
     0
440
 16777216
370
    -3
100
AcDbPoint
 10
79534.17262157108
 20
3178.56013774872
 30
0.0
  0
POINT
  5
2C5
330
2BC
100
AcDbEntity
  8
DEFPOINTS
 62
     0
440
 16777216
370
    -3
100
AcDbPoint
 10
79534.17262157108
 20
3538.559973239901
 30
0.0
  0
POINT
  5
2C6
330
2BC
100
AcDbEntity
  8
DEFPOINTS
 62
     0
440
 16777216
370
    -3
100
AcDbPoint
 10
79546.17262157149
 20
3538.559973239901
 30
0.0
  0
ENDBLK
  5
2C7
330
2BC
100
AcDbEntity
  8
0
370
    -3
100
AcDbBlockEnd
  0
BLOCK
  5
2C9
330
2C8
100
AcDbEntity
  8
0
370
    -3
100
AcDbBlockBegin
  2
*D4
 70
     1
 10
0.0
 20
0.0
 30
0.0
  3
*D4
  1

  0
LINE
  5
2CA
330
2C8
100
AcDbEntity
  8
AKS OLCU (BEYKENT)
 62
     0
440
 16777216
370
    -2
100
AcDbLine
 10
79532.17262157108
 20
2703.559994697572
 30
0.0
 11
79528.17262157148
 21
2703.559994697572
 31
0.0
  0
LINE
  5
2CB
330
2C8
100
AcDbEntity
  8
AKS OLCU (BEYKENT)
 62
     0
440
 16777216
370
    -2
100
AcDbLine
 10
79532.17262157108
 20
3538.559973239901
 30
0.0
 11
79528.17262157148
 21
3538.559973239901
 31
0.0
  0
LINE
  5
2CC
330
2C8
100
AcDbEntity
  8
AKS OLCU (BEYKENT)
 62
     0
440
 16777216
370
    -2
100
AcDbLine
 10
79530.17262157149
 20
2703.559994697572
 30
0.0
 11
79530.17262157149
 21
3538.559973239901
 31
0.0
  0
INSERT
  5
2CD
330
2C8
100
AcDbEntity
  8
AKS OLCU (BEYKENT)
 62
     0
440
 16777216
370
    -2
100
AcDbBlockReference
  2
_Oblique
 10
79530.17262157149
 20
2703.559994697572
 30
0.0
 41
5.0
 42
5.0
 43
5.0
 50
270.0
  0
INSERT
  5
2CE
330
2C8
100
AcDbEntity
  8
AKS OLCU (BEYKENT)
 62
     0
440
 16777216
370
    -2
100
AcDbBlockReference
  2
_Oblique
 10
79530.17262157149
 20
3538.559973239901
 30
0.0
 41
5.0
 42
5.0
 43
5.0
 50
90.0
  0
MTEXT
  5
2CF
330
2C8
100
AcDbEntity
  8
AKS OLCU (BEYKENT)
 62
     7
440
 16777216
100
AcDbMText
 10
79524.06945788509
 20
3121.059983968712
 30
0.0
 40
10.0
 41
0.0
 46
0.0
 71
     5
 72
     1
  1
835
  7
DSMOLC-50
 11
0.0000000000000001
 21
1.0
 31
0.0
 73
     1
 44
1.0
  0
POINT
  5
2D0
330
2C8
100
AcDbEntity
  8
DEFPOINTS
 62
     0
440
 16777216
370
    -3
100
AcDbPoint
 10
79534.17262157108
 20
2703.559994697572
 30
0.0
  0
POINT
  5
2D1
330
2C8
100
AcDbEntity
  8
DEFPOINTS
 62
     0
440
 16777216
370
    -3
100
AcDbPoint
 10
79534.17262157108
 20
3538.559973239901
 30
0.0
  0
POINT
  5
2D2
330
2C8
100
AcDbEntity
  8
DEFPOINTS
 62
     0
440
 16777216
370
    -3
100
AcDbPoint
 10
79530.17262157149
 20
3538.559973239901
 30
0.0
  0
ENDBLK
  5
2D3
330
2C8
100
AcDbEntity
  8
0
370
    -3
100
AcDbBlockEnd
  0
BLOCK
  5
2D5
330
2D4
100
AcDbEntity
  8
0
370
    -3
100
AcDbBlockBegin
  2
*D5
 70
     1
 10
0.0
 20
0.0
 30
0.0
  3
*D5
  1

  0
LINE
  5
2D6
330
2D4
100
AcDbEntity
  8
AKS OLCU (BEYKENT)
 62
     0
440
 16777216
370
    -2
100
AcDbLine
 10
79719.01199936169
 20
3720.713676865154
 30
0.0
 11
79719.01199936169
 21
3708.713676865155
 31
0.0
  0
LINE
  5
2D7
330
2D4
100
AcDbEntity
  8
AKS OLCU (BEYKENT)
 62
     0
440
 16777216
370
    -2
100
AcDbLine
 10
80329.01189445752
 20
3720.713676865154
 30
0.0
 11
80329.01189445752
 21
3708.713676865155
 31
0.0
  0
LINE
  5
2D8
330
2D4
100
AcDbEntity
  8
AKS OLCU (BEYKENT)
 62
     0
440
 16777216
370
    -2
100
AcDbLine
 10
79719.01199936169
 20
3710.713676865154
 30
0.0
 11
80329.01189445752
 21
3710.713676865154
 31
0.0
  0
INSERT
  5
2D9
330
2D4
100
AcDbEntity
  8
AKS OLCU (BEYKENT)
 62
     0
440
 16777216
370
    -2
100
AcDbBlockReference
  2
_Oblique
 10
79719.01199936169
 20
3710.713676865154
 30
0.0
 41
5.0
 42
5.0
 43
5.0
 50
180.0
  0
INSERT
  5
2DA
330
2D4
100
AcDbEntity
  8
AKS OLCU (BEYKENT)
 62
     0
440
 16777216
370
    -2
100
AcDbBlockReference
  2
_Oblique
 10
80329.01189445752
 20
3710.713676865154
 30
0.0
 41
5.0
 42
5.0
 43
5.0
  0
MTEXT
  5
2DB
330
2D4
100
AcDbEntity
  8
AKS OLCU (BEYKENT)
 62
     7
440
 16777216
100
AcDbMText
 10
80024.01194690961
 20
3716.816840551537
 30
0.0
 40
10.0
 41
0.0
 46
0.0
 71
     5
 72
     1
  1
610
  7
DSMOLC-50
 73
     1
 44
1.0
  0
POINT
  5
2DC
330
2D4
100
AcDbEntity
  8
DEFPOINTS
 62
     0
440
 16777216
370
    -3
100
AcDbPoint
 10
79719.01199936169
 20
3722.713676865155
 30
0.0
  0
POINT
  5
2DD
330
2D4
100
AcDbEntity
  8
DEFPOINTS
 62
     0
440
 16777216
370
    -3
100
AcDbPoint
 10
80329.01189445752
 20
3722.713676865155
 30
0.0
  0
POINT
  5
2DE
330
2D4
100
AcDbEntity
  8
DEFPOINTS
 62
     0
440
 16777216
370
    -3
100
AcDbPoint
 10
80329.01189445752
 20
3710.713676865154
 30
0.0
  0
ENDBLK
  5
2DF
330
2D4
100
AcDbEntity
  8
0
370
    -3
100
AcDbBlockEnd
  0
BLOCK
  5
2E1
330
2E0
100
AcDbEntity
  8
0
370
    -3
100
AcDbBlockBegin
  2
*D6
 70
     1
 10
0.0
 20
0.0
 30
0.0
  3
*D6
  1

  0
LINE
  5
2E2
330
2E0
100
AcDbEntity
  8
AKS OLCU (BEYKENT)
 62
     0
440
 16777216
370
    -2
100
AcDbLine
 10
80329.01189445752
 20
3720.713676865154
 30
0.0
 11
80329.01189445752
 21
3708.713676865155
 31
0.0
  0
LINE
  5
2E3
330
2E0
100
AcDbEntity
  8
AKS OLCU (BEYKENT)
 62
     0
440
 16777216
370
    -2
100
AcDbLine
 10
80874.01203035611
 20
3720.713676865154
 30
0.0
 11
80874.01203035611
 21
3708.713676865155
 31
0.0
  0
LINE
  5
2E4
330
2E0
100
AcDbEntity
  8
AKS OLCU (BEYKENT)
 62
     0
440
 16777216
370
    -2
100
AcDbLine
 10
80329.01189445752
 20
3710.713676865154
 30
0.0
 11
80874.01203035611
 21
3710.713676865154
 31
0.0
  0
INSERT
  5
2E5
330
2E0
100
AcDbEntity
  8
AKS OLCU (BEYKENT)
 62
     0
440
 16777216
370
    -2
100
AcDbBlockReference
  2
_Oblique
 10
80329.01189445752
 20
3710.713676865154
 30
0.0
 41
5.0
 42
5.0
 43
5.0
 50
180.0
  0
INSERT
  5
2E6
330
2E0
100
AcDbEntity
  8
AKS OLCU (BEYKENT)
 62
     0
440
 16777216
370
    -2
100
AcDbBlockReference
  2
_Oblique
 10
80874.01203035611
 20
3710.713676865154
 30
0.0
 41
5.0
 42
5.0
 43
5.0
  0
MTEXT
  5
2E7
330
2E0
100
AcDbEntity
  8
AKS OLCU (BEYKENT)
 62
     7
440
 16777216
100
AcDbMText
 10
80601.51196240681
 20
3716.765258708346
 30
0.0
 40
10.0
 41
0.0
 46
0.0
 71
     5
 72
     1
  1
545
  7
DSMOLC-50
 73
     1
 44
1.0
  0
POINT
  5
2E8
330
2E0
100
AcDbEntity
  8
DEFPOINTS
 62
     0
440
 16777216
370
    -3
100
AcDbPoint
 10
80329.01189445752
 20
3722.713676865155
 30
0.0
  0
POINT
  5
2E9
330
2E0
100
AcDbEntity
  8
DEFPOINTS
 62
     0
440
 16777216
370
    -3
100
AcDbPoint
 10
80874.01203035611
 20
3722.713676865155
 30
0.0
  0
POINT
  5
2EA
330
2E0
100
AcDbEntity
  8
DEFPOINTS
 62
     0
440
 16777216
370
    -3
100
AcDbPoint
 10
80874.01203035611
 20
3710.713676865154
 30
0.0
  0
ENDBLK
  5
2EB
330
2E0
100
AcDbEntity
  8
0
370
    -3
100
AcDbBlockEnd
  0
BLOCK
  5
2ED
330
2EC
100
AcDbEntity
  8
0
370
    -3
100
AcDbBlockBegin
  2
*D7
 70
     1
 10
0.0
 20
0.0
 30
0.0
  3
*D7
  1

  0
LINE
  5
2EE
330
2EC
100
AcDbEntity
  8
AKS OLCU (BEYKENT)
 62
     0
440
 16777216
370
    -2
100
AcDbLine
 10
80874.01203035611
 20
3720.713676865154
 30
0.0
 11
80874.01203035611
 21
3708.713676865155
 31
0.0
  0
LINE
  5
2EF
330
2EC
100
AcDbEntity
  8
AKS OLCU (BEYKENT)
 62
     0
440
 16777216
370
    -2
100
AcDbLine
 10
81399.01182770032
 20
3720.713676865154
 30
0.0
 11
81399.01182770032
 21
3708.713676865155
 31
0.0
  0
LINE
  5
2F0
330
2EC
100
AcDbEntity
  8
AKS OLCU (BEYKENT)
 62
     0
440
 16777216
370
    -2
100
AcDbLine
 10
80874.01203035611
 20
3710.713676865154
 30
0.0
 11
81399.01182770032
 21
3710.713676865154
 31
0.0
  0
INSERT
  5
2F1
330
2EC
100
AcDbEntity
  8
AKS OLCU (BEYKENT)
 62
     0
440
 16777216
370
    -2
100
AcDbBlockReference
  2
_Oblique
 10
80874.01203035611
 20
3710.713676865154
 30
0.0
 41
5.0
 42
5.0
 43
5.0
 50
180.0
  0
INSERT
  5
2F2
330
2EC
100
AcDbEntity
  8
AKS OLCU (BEYKENT)
 62
     0
440
 16777216
370
    -2
100
AcDbBlockReference
  2
_Oblique
 10
81399.01182770032
 20
3710.713676865154
 30
0.0
 41
5.0
 42
5.0
 43
5.0
  0
MTEXT
  5
2F3
330
2EC
100
AcDbEntity
  8
AKS OLCU (BEYKENT)
 62
     7
440
 16777216
100
AcDbMText
 10
81136.51192902821
 20
3716.816840551537
 30
0.0
 40
10.0
 41
0.0
 46
0.0
 71
     5
 72
     1
  1
525
  7
DSMOLC-50
 73
     1
 44
1.0
  0
POINT
  5
2F4
330
2EC
100
AcDbEntity
  8
DEFPOINTS
 62
     0
440
 16777216
370
    -3
100
AcDbPoint
 10
80874.01203035611
 20
3722.713676865155
 30
0.0
  0
POINT
  5
2F5
330
2EC
100
AcDbEntity
  8
DEFPOINTS
 62
     0
440
 16777216
370
    -3
100
AcDbPoint
 10
81399.01182770032
 20
3722.713676865155
 30
0.0
  0
POINT
  5
2F6
330
2EC
100
AcDbEntity
  8
DEFPOINTS
 62
     0
440
 16777216
370
    -3
100
AcDbPoint
 10
81399.01182770032
 20
3710.713676865154
 30
0.0
  0
ENDBLK
  5
2F7
330
2EC
100
AcDbEntity
  8
0
370
    -3
100
AcDbBlockEnd
  0
BLOCK
  5
2F9
330
2F8
100
AcDbEntity
  8
0
370
    -3
100
AcDbBlockBegin
  2
*D8
 70
     1
 10
0.0
 20
0.0
 30
0.0
  3
*D8
  1

  0
LINE
  5
2FA
330
2F8
100
AcDbEntity
  8
AKS OLCU (BEYKENT)
 62
     0
440
 16777216
370
    -2
100
AcDbLine
 10
81399.01182770032
 20
3720.713676865154
 30
0.0
 11
81399.01182770032
 21
3708.713676865155
 31
0.0
  0
LINE
  5
2FB
330
2F8
100
AcDbEntity
  8
AKS OLCU (BEYKENT)
 62
     0
440
 16777216
370
    -2
100
AcDbLine
 10
82159.01187776822
 20
3720.713676865154
 30
0.0
 11
82159.01187776822
 21
3708.713676865155
 31
0.0
  0
LINE
  5
2FC
330
2F8
100
AcDbEntity
  8
AKS OLCU (BEYKENT)
 62
     0
440
 16777216
370
    -2
100
AcDbLine
 10
81399.01182770032
 20
3710.713676865154
 30
0.0
 11
82159.01187776822
 21
3710.713676865154
 31
0.0
  0
INSERT
  5
2FD
330
2F8
100
AcDbEntity
  8
AKS OLCU (BEYKENT)
 62
     0
440
 16777216
370
    -2
100
AcDbBlockReference
  2
_Oblique
 10
81399.01182770032
 20
3710.713676865154
 30
0.0
 41
5.0
 42
5.0
 43
5.0
 50
180.0
  0
INSERT
  5
2FE
330
2F8
100
AcDbEntity
  8
AKS OLCU (BEYKENT)
 62
     0
440
 16777216
370
    -2
100
AcDbBlockReference
  2
_Oblique
 10
82159.01187776822
 20
3710.713676865154
 30
0.0
 41
5.0
 42
5.0
 43
5.0
  0
MTEXT
  5
2FF
330
2F8
100
AcDbEntity
  8
AKS OLCU (BEYKENT)
 62
     7
440
 16777216
100
AcDbMText
 10
81779.01185273427
 20
3716.816840551537
 30
0.0
 40
10.0
 41
0.0
 46
0.0
 71
     5
 72
     1
  1
760
  7
DSMOLC-50
 73
     1
 44
1.0
  0
POINT
  5
300
330
2F8
100
AcDbEntity
  8
DEFPOINTS
 62
     0
440
 16777216
370
    -3
100
AcDbPoint
 10
81399.01182770032
 20
3722.713676865155
 30
0.0
  0
POINT
  5
301
330
2F8
100
AcDbEntity
  8
DEFPOINTS
 62
     0
440
 16777216
370
    -3
100
AcDbPoint
 10
82159.01187776822
 20
3722.713676865155
 30
0.0
  0
POINT
  5
302
330
2F8
100
AcDbEntity
  8
DEFPOINTS
 62
     0
440
 16777216
370
    -3
100
AcDbPoint
 10
82159.01187776822
 20
3710.713676865154
 30
0.0
  0
ENDBLK
  5
303
330
2F8
100
AcDbEntity
  8
0
370
    -3
100
AcDbBlockEnd
  0
BLOCK
  5
305
330
304
100
AcDbEntity
  8
0
370
    -3
100
AcDbBlockBegin
  2
*D9
 70
     1
 10
0.0
 20
0.0
 30
0.0
  3
*D9
  1

  0
LINE
  5
306
330
304
100
AcDbEntity
  8
AKS OLCU (BEYKENT)
 62
     0
440
 16777216
370
    -2
100
AcDbLine
 10
82159.01187776822
 20
3720.713676865154
 30
0.0
 11
82159.01187776822
 21
3708.713676865155
 31
0.0
  0
LINE
  5
307
330
304
100
AcDbEntity
  8
AKS OLCU (BEYKENT)
 62
     0
440
 16777216
370
    -2
100
AcDbLine
 10
82951.51195644635
 20
3720.713676865154
 30
0.0
 11
82951.51195644635
 21
3708.713676865155
 31
0.0
  0
LINE
  5
308
330
304
100
AcDbEntity
  8
AKS OLCU (BEYKENT)
 62
     0
440
 16777216
370
    -2
100
AcDbLine
 10
82159.01187776822
 20
3710.713676865154
 30
0.0
 11
82951.51195644635
 21
3710.713676865154
 31
0.0
  0
INSERT
  5
309
330
304
100
AcDbEntity
  8
AKS OLCU (BEYKENT)
 62
     0
440
 16777216
370
    -2
100
AcDbBlockReference
  2
_Oblique
 10
82159.01187776822
 20
3710.713676865154
 30
0.0
 41
5.0
 42
5.0
 43
5.0
 50
180.0
  0
INSERT
  5
30A
330
304
100
AcDbEntity
  8
AKS OLCU (BEYKENT)
 62
     0
440
 16777216
370
    -2
100
AcDbBlockReference
  2
_Oblique
 10
82951.51195644635
 20
3710.713676865154
 30
0.0
 41
5.0
 42
5.0
 43
5.0
  0
MTEXT
  5
30B
330
304
100
AcDbEntity
  8
AKS OLCU (BEYKENT)
 62
     7
440
 16777216
100
AcDbMText
 10
82555.26191710728
 20
3716.816840551537
 30
0.0
 40
10.0
 41
0.0
 46
0.0
 71
     5
 72
     1
  1
792.5
  7
DSMOLC-50
 73
     1
 44
1.0
  0
POINT
  5
30C
330
304
100
AcDbEntity
  8
DEFPOINTS
 62
     0
440
 16777216
370
    -3
100
AcDbPoint
 10
82159.01187776822
 20
3722.713676865155
 30
0.0
  0
POINT
  5
30D
330
304
100
AcDbEntity
  8
DEFPOINTS
 62
     0
440
 16777216
370
    -3
100
AcDbPoint
 10
82951.51195644635
 20
3722.713676865155
 30
0.0
  0
POINT
  5
30E
330
304
100
AcDbEntity
  8
DEFPOINTS
 62
     0
440
 16777216
370
    -3
100
AcDbPoint
 10
82951.51195644635
 20
3710.713676865154
 30
0.0
  0
ENDBLK
  5
30F
330
304
100
AcDbEntity
  8
0
370
    -3
100
AcDbBlockEnd
  0
BLOCK
  5
311
330
310
100
AcDbEntity
  8
0
370
    -3
100
AcDbBlockBegin
  2
*D10
 70
     1
 10
0.0
 20
0.0
 30
0.0
  3
*D10
  1

  0
LINE
  5
312
330
310
100
AcDbEntity
  8
AKS OLCU (BEYKENT)
 62
     0
440
 16777216
370
    -2
100
AcDbLine
 10
82951.51195644635
 20
3720.713676865154
 30
0.0
 11
82951.51195644635
 21
3708.713676865155
 31
0.0
  0
LINE
  5
313
330
310
100
AcDbEntity
  8
AKS OLCU (BEYKENT)
 62
     0
440
 16777216
370
    -2
100
AcDbLine
 10
83744.01203512448
 20
3720.713676865154
 30
0.0
 11
83744.01203512448
 21
3708.713676865155
 31
0.0
  0
LINE
  5
314
330
310
100
AcDbEntity
  8
AKS OLCU (BEYKENT)
 62
     0
440
 16777216
370
    -2
100
AcDbLine
 10
82951.51195644635
 20
3710.713676865154
 30
0.0
 11
83744.01203512448
 21
3710.713676865154
 31
0.0
  0
INSERT
  5
315
330
310
100
AcDbEntity
  8
AKS OLCU (BEYKENT)
 62
     0
440
 16777216
370
    -2
100
AcDbBlockReference
  2
_Oblique
 10
82951.51195644635
 20
3710.713676865154
 30
0.0
 41
5.0
 42
5.0
 43
5.0
 50
180.0
  0
INSERT
  5
316
330
310
100
AcDbEntity
  8
AKS OLCU (BEYKENT)
 62
     0
440
 16777216
370
    -2
100
AcDbBlockReference
  2
_Oblique
 10
83744.01203512448
 20
3710.713676865154
 30
0.0
 41
5.0
 42
5.0
 43
5.0
  0
MTEXT
  5
317
330
310
100
AcDbEntity
  8
AKS OLCU (BEYKENT)
 62
     7
440
 16777216
100
AcDbMText
 10
83347.76199578541
 20
3716.816840551537
 30
0.0
 40
10.0
 41
0.0
 46
0.0
 71
     5
 72
     1
  1
792.5
  7
DSMOLC-50
 73
     1
 44
1.0
  0
POINT
  5
318
330
310
100
AcDbEntity
  8
DEFPOINTS
 62
     0
440
 16777216
370
    -3
100
AcDbPoint
 10
82951.51195644635
 20
3722.713676865155
 30
0.0
  0
POINT
  5
319
330
310
100
AcDbEntity
  8
DEFPOINTS
 62
     0
440
 16777216
370
    -3
100
AcDbPoint
 10
83744.01203512448
 20
3722.713676865155
 30
0.0
  0
POINT
  5
31A
330
310
100
AcDbEntity
  8
DEFPOINTS
 62
     0
440
 16777216
370
    -3
100
AcDbPoint
 10
83744.01203512448
 20
3710.713676865154
 30
0.0
  0
ENDBLK
  5
31B
330
310
100
AcDbEntity
  8
0
370
    -3
100
AcDbBlockEnd
  0
BLOCK
  5
31D
330
31C
100
AcDbEntity
  8
0
370
    -3
100
AcDbBlockBegin
  2
*D11
 70
     1
 10
0.0
 20
0.0
 30
0.0
  3
*D11
  1

  0
LINE
  5
31E
330
31C
100
AcDbEntity
  8
AKS OLCU (BEYKENT)
 62
     0
440
 16777216
370
    -2
100
AcDbLine
 10
83744.01203512448
 20
3720.713676865154
 30
0.0
 11
83744.01203512448
 21
3708.713676865155
 31
0.0
  0
LINE
  5
31F
330
31C
100
AcDbEntity
  8
AKS OLCU (BEYKENT)
 62
     0
440
 16777216
370
    -2
100
AcDbLine
 10
84504.01089309949
 20
3720.713676865154
 30
0.0
 11
84504.01089309949
 21
3708.713676865155
 31
0.0
  0
LINE
  5
320
330
31C
100
AcDbEntity
  8
AKS OLCU (BEYKENT)
 62
     0
440
 16777216
370
    -2
100
AcDbLine
 10
83744.01203512448
 20
3710.713676865154
 30
0.0
 11
84504.01089309949
 21
3710.713676865154
 31
0.0
  0
INSERT
  5
321
330
31C
100
AcDbEntity
  8
AKS OLCU (BEYKENT)
 62
     0
440
 16777216
370
    -2
100
AcDbBlockReference
  2
_Oblique
 10
83744.01203512448
 20
3710.713676865154
 30
0.0
 41
5.0
 42
5.0
 43
5.0
 50
180.0
  0
INSERT
  5
322
330
31C
100
AcDbEntity
  8
AKS OLCU (BEYKENT)
 62
     0
440
 16777216
370
    -2
100
AcDbBlockReference
  2
_Oblique
 10
84504.01089309949
 20
3710.713676865154
 30
0.0
 41
5.0
 42
5.0
 43
5.0
  0
MTEXT
  5
323
330
31C
100
AcDbEntity
  8
AKS OLCU (BEYKENT)
 62
     7
440
 16777216
100
AcDbMText
 10
84124.01146411198
 20
3716.816840551537
 30
0.0
 40
10.0
 41
0.0
 46
0.0
 71
     5
 72
     1
  1
760
  7
DSMOLC-50
 73
     1
 44
1.0
  0
POINT
  5
324
330
31C
100
AcDbEntity
  8
DEFPOINTS
 62
     0
440
 16777216
370
    -3
100
AcDbPoint
 10
83744.01203512448
 20
3722.713676865155
 30
0.0
  0
POINT
  5
325
330
31C
100
AcDbEntity
  8
DEFPOINTS
 62
     0
440
 16777216
370
    -3
100
AcDbPoint
 10
84504.01089309949
 20
3722.713676865155
 30
0.0
  0
POINT
  5
326
330
31C
100
AcDbEntity
  8
DEFPOINTS
 62
     0
440
 16777216
370
    -3
100
AcDbPoint
 10
84504.01089309949
 20
3710.713676865154
 30
0.0
  0
ENDBLK
  5
327
330
31C
100
AcDbEntity
  8
0
370
    -3
100
AcDbBlockEnd
  0
BLOCK
  5
329
330
328
100
AcDbEntity
  8
0
370
    -3
100
AcDbBlockBegin
  2
*D12
 70
     1
 10
0.0
 20
0.0
 30
0.0
  3
*D12
  1

  0
LINE
  5
32A
330
328
100
AcDbEntity
  8
AKS OLCU (BEYKENT)
 62
     0
440
 16777216
370
    -2
100
AcDbLine
 10
84504.01089309949
 20
3720.713676865154
 30
0.0
 11
84504.01089309949
 21
3708.713676865155
 31
0.0
  0
LINE
  5
32B
330
328
100
AcDbEntity
  8
AKS OLCU (BEYKENT)
 62
     0
440
 16777216
370
    -2
100
AcDbLine
 10
85049.01192306775
 20
3720.713676865154
 30
0.0
 11
85049.01192306775
 21
3708.713676865155
 31
0.0
  0
LINE
  5
32C
330
328
100
AcDbEntity
  8
AKS OLCU (BEYKENT)
 62
     0
440
 16777216
370
    -2
100
AcDbLine
 10
84504.01089309949
 20
3710.713676865154
 30
0.0
 11
85049.01192306775
 21
3710.713676865154
 31
0.0
  0
INSERT
  5
32D
330
328
100
AcDbEntity
  8
AKS OLCU (BEYKENT)
 62
     0
440
 16777216
370
    -2
100
AcDbBlockReference
  2
_Oblique
 10
84504.01089309949
 20
3710.713676865154
 30
0.0
 41
5.0
 42
5.0
 43
5.0
 50
180.0
  0
INSERT
  5
32E
330
328
100
AcDbEntity
  8
AKS OLCU (BEYKENT)
 62
     0
440
 16777216
370
    -2
100
AcDbBlockReference
  2
_Oblique
 10
85049.01192306775
 20
3710.713676865154
 30
0.0
 41
5.0
 42
5.0
 43
5.0
  0
MTEXT
  5
32F
330
328
100
AcDbEntity
  8
AKS OLCU (BEYKENT)
 62
     7
440
 16777216
100
AcDbMText
 10
84776.51140808362
 20
3716.765258708346
 30
0.0
 40
10.0
 41
0.0
 46
0.0
 71
     5
 72
     1
  1
545
  7
DSMOLC-50
 73
     1
 44
1.0
  0
POINT
  5
330
330
328
100
AcDbEntity
  8
DEFPOINTS
 62
     0
440
 16777216
370
    -3
100
AcDbPoint
 10
84504.01089309949
 20
3722.713676865155
 30
0.0
  0
POINT
  5
331
330
328
100
AcDbEntity
  8
DEFPOINTS
 62
     0
440
 16777216
370
    -3
100
AcDbPoint
 10
85049.01192306775
 20
3722.713676865155
 30
0.0
  0
POINT
  5
332
330
328
100
AcDbEntity
  8
DEFPOINTS
 62
     0
440
 16777216
370
    -3
100
AcDbPoint
 10
85049.01192306775
 20
3710.713676865154
 30
0.0
  0
ENDBLK
  5
333
330
328
100
AcDbEntity
  8
0
370
    -3
100
AcDbBlockEnd
  0
BLOCK
  5
335
330
334
100
AcDbEntity
  8
0
370
    -3
100
AcDbBlockBegin
  2
*D13
 70
     1
 10
0.0
 20
0.0
 30
0.0
  3
*D13
  1

  0
LINE
  5
336
330
334
100
AcDbEntity
  8
AKS OLCU (BEYKENT)
 62
     0
440
 16777216
370
    -2
100
AcDbLine
 10
85049.01192306775
 20
3720.713676865154
 30
0.0
 11
85049.01192306775
 21
3708.713676865155
 31
0.0
  0
LINE
  5
337
330
334
100
AcDbEntity
  8
AKS OLCU (BEYKENT)
 62
     0
440
 16777216
370
    -2
100
AcDbLine
 10
85314.0111935069
 20
3720.713676865154
 30
0.0
 11
85314.0111935069
 21
3708.713676865155
 31
0.0
  0
LINE
  5
338
330
334
100
AcDbEntity
  8
AKS OLCU (BEYKENT)
 62
     0
440
 16777216
370
    -2
100
AcDbLine
 10
85049.01192306775
 20
3710.713676865154
 30
0.0
 11
85314.0111935069
 21
3710.713676865154
 31
0.0
  0
INSERT
  5
339
330
334
100
AcDbEntity
  8
AKS OLCU (BEYKENT)
 62
     0
440
 16777216
370
    -2
100
AcDbBlockReference
  2
_Oblique
 10
85049.01192306775
 20
3710.713676865154
 30
0.0
 41
5.0
 42
5.0
 43
5.0
 50
180.0
  0
INSERT
  5
33A
330
334
100
AcDbEntity
  8
AKS OLCU (BEYKENT)
 62
     0
440
 16777216
370
    -2
100
AcDbBlockReference
  2
_Oblique
 10
85314.0111935069
 20
3710.713676865154
 30
0.0
 41
5.0
 42
5.0
 43
5.0
  0
MTEXT
  5
33B
330
334
100
AcDbEntity
  8
AKS OLCU (BEYKENT)
 62
     7
440
 16777216
100
AcDbMText
 10
85181.51155828732
 20
3716.816840551537
 30
0.0
 40
10.0
 41
0.0
 46
0.0
 71
     5
 72
     1
  1
265
  7
DSMOLC-50
 73
     1
 44
1.0
  0
POINT
  5
33C
330
334
100
AcDbEntity
  8
DEFPOINTS
 62
     0
440
 16777216
370
    -3
100
AcDbPoint
 10
85049.01192306775
 20
3722.713676865155
 30
0.0
  0
POINT
  5
33D
330
334
100
AcDbEntity
  8
DEFPOINTS
 62
     0
440
 16777216
370
    -3
100
AcDbPoint
 10
85314.0111935069
 20
3722.713676865155
 30
0.0
  0
POINT
  5
33E
330
334
100
AcDbEntity
  8
DEFPOINTS
 62
     0
440
 16777216
370
    -3
100
AcDbPoint
 10
85314.0111935069
 20
3710.713676865154
 30
0.0
  0
ENDBLK
  5
33F
330
334
100
AcDbEntity
  8
0
370
    -3
100
AcDbBlockEnd
  0
BLOCK
  5
341
330
340
100
AcDbEntity
  8
0
370
    -3
100
AcDbBlockBegin
  2
*D14
 70
     1
 10
0.0
 20
0.0
 30
0.0
  3
*D14
  1

  0
LINE
  5
342
330
340
100
AcDbEntity
  8
AKS OLCU (BEYKENT)
 62
     0
440
 16777216
370
    -2
100
AcDbLine
 10
79719.01199936169
 20
3724.713676865154
 30
0.0
 11
79719.01199936169
 21
3728.713676865154
 31
0.0
  0
LINE
  5
343
330
340
100
AcDbEntity
  8
AKS OLCU (BEYKENT)
 62
     0
440
 16777216
370
    -2
100
AcDbLine
 10
85314.0111935069
 20
3724.713676865154
 30
0.0
 11
85314.0111935069
 21
3728.713676865154
 31
0.0
  0
LINE
  5
344
330
340
100
AcDbEntity
  8
AKS OLCU (BEYKENT)
 62
     0
440
 16777216
370
    -2
100
AcDbLine
 10
79719.01199936169
 20
3726.713676865155
 30
0.0
 11
85314.0111935069
 21
3726.713676865155
 31
0.0
  0
INSERT
  5
345
330
340
100
AcDbEntity
  8
AKS OLCU (BEYKENT)
 62
     0
440
 16777216
370
    -2
100
AcDbBlockReference
  2
_Oblique
 10
79719.01199936169
 20
3726.713676865155
 30
0.0
 41
5.0
 42
5.0
 43
5.0
 50
180.0
  0
INSERT
  5
346
330
340
100
AcDbEntity
  8
AKS OLCU (BEYKENT)
 62
     0
440
 16777216
370
    -2
100
AcDbBlockReference
  2
_Oblique
 10
85314.0111935069
 20
3726.713676865155
 30
0.0
 41
5.0
 42
5.0
 43
5.0
  0
MTEXT
  5
347
330
340
100
AcDbEntity
  8
AKS OLCU (BEYKENT)
 62
     7
440
 16777216
100
AcDbMText
 10
82516.51159643429
 20
3732.816840551537
 30
0.0
 40
10.0
 41
0.0
 46
0.0
 71
     5
 72
     1
  1
5595
  7
DSMOLC-50
 73
     1
 44
1.0
  0
POINT
  5
348
330
340
100
AcDbEntity
  8
DEFPOINTS
 62
     0
440
 16777216
370
    -3
100
AcDbPoint
 10
79719.01199936169
 20
3722.713676865155
 30
0.0
  0
POINT
  5
349
330
340
100
AcDbEntity
  8
DEFPOINTS
 62
     0
440
 16777216
370
    -3
100
AcDbPoint
 10
85314.0111935069
 20
3722.713676865155
 30
0.0
  0
POINT
  5
34A
330
340
100
AcDbEntity
  8
DEFPOINTS
 62
     0
440
 16777216
370
    -3
100
AcDbPoint
 10
85314.0111935069
 20
3726.713676865155
 30
0.0
  0
ENDBLK
  5
34B
330
340
100
AcDbEntity
  8
0
370
    -3
100
AcDbBlockEnd
  0
BLOCK
  5
34D
330
34C
100
AcDbEntity
  8
0
370
    -3
100
AcDbBlockBegin
  2
*D15
 70
     1
 10
0.0
 20
0.0
 30
0.0
  3
*D15
  1

  0
LINE
  5
34E
330
34C
100
AcDbEntity
  8
AKS OLCU (BEYKENT)
 62
     0
440
 16777216
370
    -2
100
AcDbLine
 10
79719.01199936169
 20
2368.319753709755
 30
0.0
 11
79719.01199936169
 21
2356.319753709755
 31
0.0
  0
LINE
  5
34F
330
34C
100
AcDbEntity
  8
AKS OLCU (BEYKENT)
 62
     0
440
 16777216
370
    -2
100
AcDbLine
 10
80329.01189445752
 20
2368.319753709755
 30
0.0
 11
80329.01189445752
 21
2356.319753709755
 31
0.0
  0
LINE
  5
350
330
34C
100
AcDbEntity
  8
AKS OLCU (BEYKENT)
 62
     0
440
 16777216
370
    -2
100
AcDbLine
 10
79719.01199936169
 20
2358.319753709755
 30
0.0
 11
80329.01189445752
 21
2358.319753709755
 31
0.0
  0
INSERT
  5
351
330
34C
100
AcDbEntity
  8
AKS OLCU (BEYKENT)
 62
     0
440
 16777216
370
    -2
100
AcDbBlockReference
  2
_Oblique
 10
79719.01199936169
 20
2358.319753709755
 30
0.0
 41
5.0
 42
5.0
 43
5.0
 50
180.0
  0
INSERT
  5
352
330
34C
100
AcDbEntity
  8
AKS OLCU (BEYKENT)
 62
     0
440
 16777216
370
    -2
100
AcDbBlockReference
  2
_Oblique
 10
80329.01189445752
 20
2358.319753709755
 30
0.0
 41
5.0
 42
5.0
 43
5.0
  0
MTEXT
  5
353
330
34C
100
AcDbEntity
  8
AKS OLCU (BEYKENT)
 62
     7
440
 16777216
100
AcDbMText
 10
80024.01194690961
 20
2364.422917396137
 30
0.0
 40
10.0
 41
0.0
 46
0.0
 71
     5
 72
     1
  1
610
  7
DSMOLC-50
 73
     1
 44
1.0
  0
POINT
  5
354
330
34C
100
AcDbEntity
  8
DEFPOINTS
 62
     0
440
 16777216
370
    -3
100
AcDbPoint
 10
79719.01199936169
 20
2370.319753709755
 30
0.0
  0
POINT
  5
355
330
34C
100
AcDbEntity
  8
DEFPOINTS
 62
     0
440
 16777216
370
    -3
100
AcDbPoint
 10
80329.01189445752
 20
2370.319753709755
 30
0.0
  0
POINT
  5
356
330
34C
100
AcDbEntity
  8
DEFPOINTS
 62
     0
440
 16777216
370
    -3
100
AcDbPoint
 10
80329.01189445752
 20
2358.319753709755
 30
0.0
  0
ENDBLK
  5
357
330
34C
100
AcDbEntity
  8
0
370
    -3
100
AcDbBlockEnd
  0
BLOCK
  5
359
330
358
100
AcDbEntity
  8
0
370
    -3
100
AcDbBlockBegin
  2
*D16
 70
     1
 10
0.0
 20
0.0
 30
0.0
  3
*D16
  1

  0
LINE
  5
35A
330
358
100
AcDbEntity
  8
AKS OLCU (BEYKENT)
 62
     0
440
 16777216
370
    -2
100
AcDbLine
 10
80329.01189445752
 20
2368.319753709755
 30
0.0
 11
80329.01189445752
 21
2356.319753709755
 31
0.0
  0
LINE
  5
35B
330
358
100
AcDbEntity
  8
AKS OLCU (BEYKENT)
 62
     0
440
 16777216
370
    -2
100
AcDbLine
 10
80874.01203035611
 20
2368.319753709755
 30
0.0
 11
80874.01203035611
 21
2356.319753709755
 31
0.0
  0
LINE
  5
35C
330
358
100
AcDbEntity
  8
AKS OLCU (BEYKENT)
 62
     0
440
 16777216
370
    -2
100
AcDbLine
 10
80329.01189445752
 20
2358.319753709755
 30
0.0
 11
80874.01203035611
 21
2358.319753709755
 31
0.0
  0
INSERT
  5
35D
330
358
100
AcDbEntity
  8
AKS OLCU (BEYKENT)
 62
     0
440
 16777216
370
    -2
100
AcDbBlockReference
  2
_Oblique
 10
80329.01189445752
 20
2358.319753709755
 30
0.0
 41
5.0
 42
5.0
 43
5.0
 50
180.0
  0
INSERT
  5
35E
330
358
100
AcDbEntity
  8
AKS OLCU (BEYKENT)
 62
     0
440
 16777216
370
    -2
100
AcDbBlockReference
  2
_Oblique
 10
80874.01203035611
 20
2358.319753709755
 30
0.0
 41
5.0
 42
5.0
 43
5.0
  0
MTEXT
  5
35F
330
358
100
AcDbEntity
  8
AKS OLCU (BEYKENT)
 62
     7
440
 16777216
100
AcDbMText
 10
80601.51196240681
 20
2364.371335552946
 30
0.0
 40
10.0
 41
0.0
 46
0.0
 71
     5
 72
     1
  1
545
  7
DSMOLC-50
 73
     1
 44
1.0
  0
POINT
  5
360
330
358
100
AcDbEntity
  8
DEFPOINTS
 62
     0
440
 16777216
370
    -3
100
AcDbPoint
 10
80329.01189445752
 20
2370.319753709755
 30
0.0
  0
POINT
  5
361
330
358
100
AcDbEntity
  8
DEFPOINTS
 62
     0
440
 16777216
370
    -3
100
AcDbPoint
 10
80874.01203035611
 20
2370.319753709755
 30
0.0
  0
POINT
  5
362
330
358
100
AcDbEntity
  8
DEFPOINTS
 62
     0
440
 16777216
370
    -3
100
AcDbPoint
 10
80874.01203035611
 20
2358.319753709755
 30
0.0
  0
ENDBLK
  5
363
330
358
100
AcDbEntity
  8
0
370
    -3
100
AcDbBlockEnd
  0
BLOCK
  5
365
330
364
100
AcDbEntity
  8
0
370
    -3
100
AcDbBlockBegin
  2
*D17
 70
     1
 10
0.0
 20
0.0
 30
0.0
  3
*D17
  1

  0
LINE
  5
366
330
364
100
AcDbEntity
  8
AKS OLCU (BEYKENT)
 62
     0
440
 16777216
370
    -2
100
AcDbLine
 10
80874.01203035611
 20
2368.319753709755
 30
0.0
 11
80874.01203035611
 21
2356.319753709755
 31
0.0
  0
LINE
  5
367
330
364
100
AcDbEntity
  8
AKS OLCU (BEYKENT)
 62
     0
440
 16777216
370
    -2
100
AcDbLine
 10
81399.01182770032
 20
2368.319753709755
 30
0.0
 11
81399.01182770032
 21
2356.319753709755
 31
0.0
  0
LINE
  5
368
330
364
100
AcDbEntity
  8
AKS OLCU (BEYKENT)
 62
     0
440
 16777216
370
    -2
100
AcDbLine
 10
80874.01203035611
 20
2358.319753709755
 30
0.0
 11
81399.01182770032
 21
2358.319753709755
 31
0.0
  0
INSERT
  5
369
330
364
100
AcDbEntity
  8
AKS OLCU (BEYKENT)
 62
     0
440
 16777216
370
    -2
100
AcDbBlockReference
  2
_Oblique
 10
80874.01203035611
 20
2358.319753709755
 30
0.0
 41
5.0
 42
5.0
 43
5.0
 50
180.0
  0
INSERT
  5
36A
330
364
100
AcDbEntity
  8
AKS OLCU (BEYKENT)
 62
     0
440
 16777216
370
    -2
100
AcDbBlockReference
  2
_Oblique
 10
81399.01182770032
 20
2358.319753709755
 30
0.0
 41
5.0
 42
5.0
 43
5.0
  0
MTEXT
  5
36B
330
364
100
AcDbEntity
  8
AKS OLCU (BEYKENT)
 62
     7
440
 16777216
100
AcDbMText
 10
81136.51192902821
 20
2364.422917396137
 30
0.0
 40
10.0
 41
0.0
 46
0.0
 71
     5
 72
     1
  1
525
  7
DSMOLC-50
 73
     1
 44
1.0
  0
POINT
  5
36C
330
364
100
AcDbEntity
  8
DEFPOINTS
 62
     0
440
 16777216
370
    -3
100
AcDbPoint
 10
80874.01203035611
 20
2370.319753709755
 30
0.0
  0
POINT
  5
36D
330
364
100
AcDbEntity
  8
DEFPOINTS
 62
     0
440
 16777216
370
    -3
100
AcDbPoint
 10
81399.01182770032
 20
2370.319753709755
 30
0.0
  0
POINT
  5
36E
330
364
100
AcDbEntity
  8
DEFPOINTS
 62
     0
440
 16777216
370
    -3
100
AcDbPoint
 10
81399.01182770032
 20
2358.319753709755
 30
0.0
  0
ENDBLK
  5
36F
330
364
100
AcDbEntity
  8
0
370
    -3
100
AcDbBlockEnd
  0
BLOCK
  5
371
330
370
100
AcDbEntity
  8
0
370
    -3
100
AcDbBlockBegin
  2
*D18
 70
     1
 10
0.0
 20
0.0
 30
0.0
  3
*D18
  1

  0
LINE
  5
372
330
370
100
AcDbEntity
  8
AKS OLCU (BEYKENT)
 62
     0
440
 16777216
370
    -2
100
AcDbLine
 10
81399.01182770032
 20
2368.319753709755
 30
0.0
 11
81399.01182770032
 21
2356.319753709755
 31
0.0
  0
LINE
  5
373
330
370
100
AcDbEntity
  8
AKS OLCU (BEYKENT)
 62
     0
440
 16777216
370
    -2
100
AcDbLine
 10
82159.01187776822
 20
2368.319753709755
 30
0.0
 11
82159.01187776822
 21
2356.319753709755
 31
0.0
  0
LINE
  5
374
330
370
100
AcDbEntity
  8
AKS OLCU (BEYKENT)
 62
     0
440
 16777216
370
    -2
100
AcDbLine
 10
81399.01182770032
 20
2358.319753709755
 30
0.0
 11
82159.01187776822
 21
2358.319753709755
 31
0.0
  0
INSERT
  5
375
330
370
100
AcDbEntity
  8
AKS OLCU (BEYKENT)
 62
     0
440
 16777216
370
    -2
100
AcDbBlockReference
  2
_Oblique
 10
81399.01182770032
 20
2358.319753709755
 30
0.0
 41
5.0
 42
5.0
 43
5.0
 50
180.0
  0
INSERT
  5
376
330
370
100
AcDbEntity
  8
AKS OLCU (BEYKENT)
 62
     0
440
 16777216
370
    -2
100
AcDbBlockReference
  2
_Oblique
 10
82159.01187776822
 20
2358.319753709755
 30
0.0
 41
5.0
 42
5.0
 43
5.0
  0
MTEXT
  5
377
330
370
100
AcDbEntity
  8
AKS OLCU (BEYKENT)
 62
     7
440
 16777216
100
AcDbMText
 10
81779.01185273427
 20
2364.422917396137
 30
0.0
 40
10.0
 41
0.0
 46
0.0
 71
     5
 72
     1
  1
760
  7
DSMOLC-50
 73
     1
 44
1.0
  0
POINT
  5
378
330
370
100
AcDbEntity
  8
DEFPOINTS
 62
     0
440
 16777216
370
    -3
100
AcDbPoint
 10
81399.01182770032
 20
2370.319753709755
 30
0.0
  0
POINT
  5
379
330
370
100
AcDbEntity
  8
DEFPOINTS
 62
     0
440
 16777216
370
    -3
100
AcDbPoint
 10
82159.01187776822
 20
2370.319753709755
 30
0.0
  0
POINT
  5
37A
330
370
100
AcDbEntity
  8
DEFPOINTS
 62
     0
440
 16777216
370
    -3
100
AcDbPoint
 10
82159.01187776822
 20
2358.319753709755
 30
0.0
  0
ENDBLK
  5
37B
330
370
100
AcDbEntity
  8
0
370
    -3
100
AcDbBlockEnd
  0
BLOCK
  5
37D
330
37C
100
AcDbEntity
  8
0
370
    -3
100
AcDbBlockBegin
  2
*D19
 70
     1
 10
0.0
 20
0.0
 30
0.0
  3
*D19
  1

  0
LINE
  5
37E
330
37C
100
AcDbEntity
  8
AKS OLCU (BEYKENT)
 62
     0
440
 16777216
370
    -2
100
AcDbLine
 10
82159.01187776822
 20
2368.319753709755
 30
0.0
 11
82159.01187776822
 21
2356.319753709755
 31
0.0
  0
LINE
  5
37F
330
37C
100
AcDbEntity
  8
AKS OLCU (BEYKENT)
 62
     0
440
 16777216
370
    -2
100
AcDbLine
 10
82951.51195644635
 20
2368.319753709755
 30
0.0
 11
82951.51195644635
 21
2356.319753709755
 31
0.0
  0
LINE
  5
380
330
37C
100
AcDbEntity
  8
AKS OLCU (BEYKENT)
 62
     0
440
 16777216
370
    -2
100
AcDbLine
 10
82159.01187776822
 20
2358.319753709755
 30
0.0
 11
82951.51195644635
 21
2358.319753709755
 31
0.0
  0
INSERT
  5
381
330
37C
100
AcDbEntity
  8
AKS OLCU (BEYKENT)
 62
     0
440
 16777216
370
    -2
100
AcDbBlockReference
  2
_Oblique
 10
82159.01187776822
 20
2358.319753709755
 30
0.0
 41
5.0
 42
5.0
 43
5.0
 50
180.0
  0
INSERT
  5
382
330
37C
100
AcDbEntity
  8
AKS OLCU (BEYKENT)
 62
     0
440
 16777216
370
    -2
100
AcDbBlockReference
  2
_Oblique
 10
82951.51195644635
 20
2358.319753709755
 30
0.0
 41
5.0
 42
5.0
 43
5.0
  0
MTEXT
  5
383
330
37C
100
AcDbEntity
  8
AKS OLCU (BEYKENT)
 62
     7
440
 16777216
100
AcDbMText
 10
82555.26191710728
 20
2364.422917396137
 30
0.0
 40
10.0
 41
0.0
 46
0.0
 71
     5
 72
     1
  1
792.5
  7
DSMOLC-50
 73
     1
 44
1.0
  0
POINT
  5
384
330
37C
100
AcDbEntity
  8
DEFPOINTS
 62
     0
440
 16777216
370
    -3
100
AcDbPoint
 10
82159.01187776822
 20
2370.319753709755
 30
0.0
  0
POINT
  5
385
330
37C
100
AcDbEntity
  8
DEFPOINTS
 62
     0
440
 16777216
370
    -3
100
AcDbPoint
 10
82951.51195644635
 20
2370.319753709755
 30
0.0
  0
POINT
  5
386
330
37C
100
AcDbEntity
  8
DEFPOINTS
 62
     0
440
 16777216
370
    -3
100
AcDbPoint
 10
82951.51195644635
 20
2358.319753709755
 30
0.0
  0
ENDBLK
  5
387
330
37C
100
AcDbEntity
  8
0
370
    -3
100
AcDbBlockEnd
  0
BLOCK
  5
389
330
388
100
AcDbEntity
  8
0
370
    -3
100
AcDbBlockBegin
  2
*D20
 70
     1
 10
0.0
 20
0.0
 30
0.0
  3
*D20
  1

  0
LINE
  5
38A
330
388
100
AcDbEntity
  8
AKS OLCU (BEYKENT)
 62
     0
440
 16777216
370
    -2
100
AcDbLine
 10
82951.51195644635
 20
2368.319753709755
 30
0.0
 11
82951.51195644635
 21
2356.319753709755
 31
0.0
  0
LINE
  5
38B
330
388
100
AcDbEntity
  8
AKS OLCU (BEYKENT)
 62
     0
440
 16777216
370
    -2
100
AcDbLine
 10
83744.01203512448
 20
2368.319753709755
 30
0.0
 11
83744.01203512448
 21
2356.319753709755
 31
0.0
  0
LINE
  5
38C
330
388
100
AcDbEntity
  8
AKS OLCU (BEYKENT)
 62
     0
440
 16777216
370
    -2
100
AcDbLine
 10
82951.51195644635
 20
2358.319753709755
 30
0.0
 11
83744.01203512448
 21
2358.319753709755
 31
0.0
  0
INSERT
  5
38D
330
388
100
AcDbEntity
  8
AKS OLCU (BEYKENT)
 62
     0
440
 16777216
370
    -2
100
AcDbBlockReference
  2
_Oblique
 10
82951.51195644635
 20
2358.319753709755
 30
0.0
 41
5.0
 42
5.0
 43
5.0
 50
180.0
  0
INSERT
  5
38E
330
388
100
AcDbEntity
  8
AKS OLCU (BEYKENT)
 62
     0
440
 16777216
370
    -2
100
AcDbBlockReference
  2
_Oblique
 10
83744.01203512448
 20
2358.319753709755
 30
0.0
 41
5.0
 42
5.0
 43
5.0
  0
MTEXT
  5
38F
330
388
100
AcDbEntity
  8
AKS OLCU (BEYKENT)
 62
     7
440
 16777216
100
AcDbMText
 10
83347.76199578541
 20
2364.422917396137
 30
0.0
 40
10.0
 41
0.0
 46
0.0
 71
     5
 72
     1
  1
792.5
  7
DSMOLC-50
 73
     1
 44
1.0
  0
POINT
  5
390
330
388
100
AcDbEntity
  8
DEFPOINTS
 62
     0
440
 16777216
370
    -3
100
AcDbPoint
 10
82951.51195644635
 20
2370.319753709755
 30
0.0
  0
POINT
  5
391
330
388
100
AcDbEntity
  8
DEFPOINTS
 62
     0
440
 16777216
370
    -3
100
AcDbPoint
 10
83744.01203512448
 20
2370.319753709755
 30
0.0
  0
POINT
  5
392
330
388
100
AcDbEntity
  8
DEFPOINTS
 62
     0
440
 16777216
370
    -3
100
AcDbPoint
 10
83744.01203512448
 20
2358.319753709755
 30
0.0
  0
ENDBLK
  5
393
330
388
100
AcDbEntity
  8
0
370
    -3
100
AcDbBlockEnd
  0
BLOCK
  5
395
330
394
100
AcDbEntity
  8
0
370
    -3
100
AcDbBlockBegin
  2
*D21
 70
     1
 10
0.0
 20
0.0
 30
0.0
  3
*D21
  1

  0
LINE
  5
396
330
394
100
AcDbEntity
  8
AKS OLCU (BEYKENT)
 62
     0
440
 16777216
370
    -2
100
AcDbLine
 10
83744.01203512448
 20
2368.319753709755
 30
0.0
 11
83744.01203512448
 21
2356.319753709755
 31
0.0
  0
LINE
  5
397
330
394
100
AcDbEntity
  8
AKS OLCU (BEYKENT)
 62
     0
440
 16777216
370
    -2
100
AcDbLine
 10
84504.01089309949
 20
2368.319753709755
 30
0.0
 11
84504.01089309949
 21
2356.319753709755
 31
0.0
  0
LINE
  5
398
330
394
100
AcDbEntity
  8
AKS OLCU (BEYKENT)
 62
     0
440
 16777216
370
    -2
100
AcDbLine
 10
83744.01203512448
 20
2358.319753709755
 30
0.0
 11
84504.01089309949
 21
2358.319753709755
 31
0.0
  0
INSERT
  5
399
330
394
100
AcDbEntity
  8
AKS OLCU (BEYKENT)
 62
     0
440
 16777216
370
    -2
100
AcDbBlockReference
  2
_Oblique
 10
83744.01203512448
 20
2358.319753709755
 30
0.0
 41
5.0
 42
5.0
 43
5.0
 50
180.0
  0
INSERT
  5
39A
330
394
100
AcDbEntity
  8
AKS OLCU (BEYKENT)
 62
     0
440
 16777216
370
    -2
100
AcDbBlockReference
  2
_Oblique
 10
84504.01089309949
 20
2358.319753709755
 30
0.0
 41
5.0
 42
5.0
 43
5.0
  0
MTEXT
  5
39B
330
394
100
AcDbEntity
  8
AKS OLCU (BEYKENT)
 62
     7
440
 16777216
100
AcDbMText
 10
84124.01146411198
 20
2364.422917396137
 30
0.0
 40
10.0
 41
0.0
 46
0.0
 71
     5
 72
     1
  1
760
  7
DSMOLC-50
 73
     1
 44
1.0
  0
POINT
  5
39C
330
394
100
AcDbEntity
  8
DEFPOINTS
 62
     0
440
 16777216
370
    -3
100
AcDbPoint
 10
83744.01203512448
 20
2370.319753709755
 30
0.0
  0
POINT
  5
39D
330
394
100
AcDbEntity
  8
DEFPOINTS
 62
     0
440
 16777216
370
    -3
100
AcDbPoint
 10
84504.01089309949
 20
2370.319753709755
 30
0.0
  0
POINT
  5
39E
330
394
100
AcDbEntity
  8
DEFPOINTS
 62
     0
440
 16777216
370
    -3
100
AcDbPoint
 10
84504.01089309949
 20
2358.319753709755
 30
0.0
  0
ENDBLK
  5
39F
330
394
100
AcDbEntity
  8
0
370
    -3
100
AcDbBlockEnd
  0
BLOCK
  5
3A1
330
3A0
100
AcDbEntity
  8
0
370
    -3
100
AcDbBlockBegin
  2
*D22
 70
     1
 10
0.0
 20
0.0
 30
0.0
  3
*D22
  1

  0
LINE
  5
3A2
330
3A0
100
AcDbEntity
  8
AKS OLCU (BEYKENT)
 62
     0
440
 16777216
370
    -2
100
AcDbLine
 10
84504.01089309949
 20
2368.319753709755
 30
0.0
 11
84504.01089309949
 21
2356.319753709755
 31
0.0
  0
LINE
  5
3A3
330
3A0
100
AcDbEntity
  8
AKS OLCU (BEYKENT)
 62
     0
440
 16777216
370
    -2
100
AcDbLine
 10
85049.01192306775
 20
2368.319753709755
 30
0.0
 11
85049.01192306775
 21
2356.319753709755
 31
0.0
  0
LINE
  5
3A4
330
3A0
100
AcDbEntity
  8
AKS OLCU (BEYKENT)
 62
     0
440
 16777216
370
    -2
100
AcDbLine
 10
84504.01089309949
 20
2358.319753709755
 30
0.0
 11
85049.01192306775
 21
2358.319753709755
 31
0.0
  0
INSERT
  5
3A5
330
3A0
100
AcDbEntity
  8
AKS OLCU (BEYKENT)
 62
     0
440
 16777216
370
    -2
100
AcDbBlockReference
  2
_Oblique
 10
84504.01089309949
 20
2358.319753709755
 30
0.0
 41
5.0
 42
5.0
 43
5.0
 50
180.0
  0
INSERT
  5
3A6
330
3A0
100
AcDbEntity
  8
AKS OLCU (BEYKENT)
 62
     0
440
 16777216
370
    -2
100
AcDbBlockReference
  2
_Oblique
 10
85049.01192306775
 20
2358.319753709755
 30
0.0
 41
5.0
 42
5.0
 43
5.0
  0
MTEXT
  5
3A7
330
3A0
100
AcDbEntity
  8
AKS OLCU (BEYKENT)
 62
     7
440
 16777216
100
AcDbMText
 10
84776.51140808362
 20
2364.371335552946
 30
0.0
 40
10.0
 41
0.0
 46
0.0
 71
     5
 72
     1
  1
545
  7
DSMOLC-50
 73
     1
 44
1.0
  0
POINT
  5
3A8
330
3A0
100
AcDbEntity
  8
DEFPOINTS
 62
     0
440
 16777216
370
    -3
100
AcDbPoint
 10
84504.01089309949
 20
2370.319753709755
 30
0.0
  0
POINT
  5
3A9
330
3A0
100
AcDbEntity
  8
DEFPOINTS
 62
     0
440
 16777216
370
    -3
100
AcDbPoint
 10
85049.01192306775
 20
2370.319753709755
 30
0.0
  0
POINT
  5
3AA
330
3A0
100
AcDbEntity
  8
DEFPOINTS
 62
     0
440
 16777216
370
    -3
100
AcDbPoint
 10
85049.01192306775
 20
2358.319753709755
 30
0.0
  0
ENDBLK
  5
3AB
330
3A0
100
AcDbEntity
  8
0
370
    -3
100
AcDbBlockEnd
  0
BLOCK
  5
3AD
330
3AC
100
AcDbEntity
  8
0
370
    -3
100
AcDbBlockBegin
  2
*D23
 70
     1
 10
0.0
 20
0.0
 30
0.0
  3
*D23
  1

  0
LINE
  5
3AE
330
3AC
100
AcDbEntity
  8
AKS OLCU (BEYKENT)
 62
     0
440
 16777216
370
    -2
100
AcDbLine
 10
85049.01192306775
 20
2368.319753709755
 30
0.0
 11
85049.01192306775
 21
2356.319753709755
 31
0.0
  0
LINE
  5
3AF
330
3AC
100
AcDbEntity
  8
AKS OLCU (BEYKENT)
 62
     0
440
 16777216
370
    -2
100
AcDbLine
 10
85314.0111935069
 20
2368.319753709755
 30
0.0
 11
85314.0111935069
 21
2356.319753709755
 31
0.0
  0
LINE
  5
3B0
330
3AC
100
AcDbEntity
  8
AKS OLCU (BEYKENT)
 62
     0
440
 16777216
370
    -2
100
AcDbLine
 10
85049.01192306775
 20
2358.319753709755
 30
0.0
 11
85314.0111935069
 21
2358.319753709755
 31
0.0
  0
INSERT
  5
3B1
330
3AC
100
AcDbEntity
  8
AKS OLCU (BEYKENT)
 62
     0
440
 16777216
370
    -2
100
AcDbBlockReference
  2
_Oblique
 10
85049.01192306775
 20
2358.319753709755
 30
0.0
 41
5.0
 42
5.0
 43
5.0
 50
180.0
  0
INSERT
  5
3B2
330
3AC
100
AcDbEntity
  8
AKS OLCU (BEYKENT)
 62
     0
440
 16777216
370
    -2
100
AcDbBlockReference
  2
_Oblique
 10
85314.0111935069
 20
2358.319753709755
 30
0.0
 41
5.0
 42
5.0
 43
5.0
  0
MTEXT
  5
3B3
330
3AC
100
AcDbEntity
  8
AKS OLCU (BEYKENT)
 62
     7
440
 16777216
100
AcDbMText
 10
85181.51155828732
 20
2364.422917396137
 30
0.0
 40
10.0
 41
0.0
 46
0.0
 71
     5
 72
     1
  1
265
  7
DSMOLC-50
 73
     1
 44
1.0
  0
POINT
  5
3B4
330
3AC
100
AcDbEntity
  8
DEFPOINTS
 62
     0
440
 16777216
370
    -3
100
AcDbPoint
 10
85049.01192306775
 20
2370.319753709755
 30
0.0
  0
POINT
  5
3B5
330
3AC
100
AcDbEntity
  8
DEFPOINTS
 62
     0
440
 16777216
370
    -3
100
AcDbPoint
 10
85314.0111935069
 20
2370.319753709755
 30
0.0
  0
POINT
  5
3B6
330
3AC
100
AcDbEntity
  8
DEFPOINTS
 62
     0
440
 16777216
370
    -3
100
AcDbPoint
 10
85314.0111935069
 20
2358.319753709755
 30
0.0
  0
ENDBLK
  5
3B7
330
3AC
100
AcDbEntity
  8
0
370
    -3
100
AcDbBlockEnd
  0
BLOCK
  5
3B9
330
3B8
100
AcDbEntity
  8
0
370
    -3
100
AcDbBlockBegin
  2
*D24
 70
     1
 10
0.0
 20
0.0
 30
0.0
  3
*D24
  1

  0
LINE
  5
3BA
330
3B8
100
AcDbEntity
  8
AKS OLCU (BEYKENT)
 62
     0
440
 16777216
370
    -2
100
AcDbLine
 10
79719.01199936169
 20
2368.319753709755
 30
0.0
 11
79719.01199936169
 21
2340.319753709755
 31
0.0
  0
LINE
  5
3BB
330
3B8
100
AcDbEntity
  8
AKS OLCU (BEYKENT)
 62
     0
440
 16777216
370
    -2
100
AcDbLine
 10
85314.0111935069
 20
2368.319753709755
 30
0.0
 11
85314.0111935069
 21
2340.319753709755
 31
0.0
  0
LINE
  5
3BC
330
3B8
100
AcDbEntity
  8
AKS OLCU (BEYKENT)
 62
     0
440
 16777216
370
    -2
100
AcDbLine
 10
79719.01199936169
 20
2342.319753709755
 30
0.0
 11
85314.0111935069
 21
2342.319753709755
 31
0.0
  0
INSERT
  5
3BD
330
3B8
100
AcDbEntity
  8
AKS OLCU (BEYKENT)
 62
     0
440
 16777216
370
    -2
100
AcDbBlockReference
  2
_Oblique
 10
79719.01199936169
 20
2342.319753709755
 30
0.0
 41
5.0
 42
5.0
 43
5.0
 50
180.0
  0
INSERT
  5
3BE
330
3B8
100
AcDbEntity
  8
AKS OLCU (BEYKENT)
 62
     0
440
 16777216
370
    -2
100
AcDbBlockReference
  2
_Oblique
 10
85314.0111935069
 20
2342.319753709755
 30
0.0
 41
5.0
 42
5.0
 43
5.0
  0
MTEXT
  5
3BF
330
3B8
100
AcDbEntity
  8
AKS OLCU (BEYKENT)
 62
     7
440
 16777216
100
AcDbMText
 10
82516.51159643429
 20
2348.422917396137
 30
0.0
 40
10.0
 41
0.0
 46
0.0
 71
     5
 72
     1
  1
5595
  7
DSMOLC-50
 73
     1
 44
1.0
  0
POINT
  5
3C0
330
3B8
100
AcDbEntity
  8
DEFPOINTS
 62
     0
440
 16777216
370
    -3
100
AcDbPoint
 10
79719.01199936169
 20
2370.319753709755
 30
0.0
  0
POINT
  5
3C1
330
3B8
100
AcDbEntity
  8
DEFPOINTS
 62
     0
440
 16777216
370
    -3
100
AcDbPoint
 10
85314.0111935069
 20
2370.319753709755
 30
0.0
  0
POINT
  5
3C2
330
3B8
100
AcDbEntity
  8
DEFPOINTS
 62
     0
440
 16777216
370
    -3
100
AcDbPoint
 10
85314.0111935069
 20
2342.319753709755
 30
0.0
  0
ENDBLK
  5
3C3
330
3B8
100
AcDbEntity
  8
0
370
    -3
100
AcDbBlockEnd
  0
BLOCK
  5
3C5
330
3C4
100
AcDbEntity
  8
0
370
    -3
100
AcDbBlockBegin
  2
*D25
 70
     1
 10
0.0
 20
0.0
 30
0.0
  3
*D25
  1

  0
LINE
  5
3C6
330
3C4
100
AcDbEntity
  8
AKS OLCU (BEYKENT)
 62
     0
440
 16777216
370
    -2
100
AcDbLine
 10
85491.00426367864
 20
2703.559994697572
 30
0.0
 11
85503.00426367906
 21
2703.559994697572
 31
0.0
  0
LINE
  5
3C7
330
3C4
100
AcDbEntity
  8
AKS OLCU (BEYKENT)
 62
     0
440
 16777216
370
    -2
100
AcDbLine
 10
85491.00426367864
 20
3178.56013774872
 30
0.0
 11
85503.00426367906
 21
3178.56013774872
 31
0.0
  0
LINE
  5
3C8
330
3C4
100
AcDbEntity
  8
AKS OLCU (BEYKENT)
 62
     0
440
 16777216
370
    -2
100
AcDbLine
 10
85501.00426367906
 20
2703.559994697572
 30
0.0
 11
85501.00426367906
 21
3178.56013774872
 31
0.0
  0
INSERT
  5
3C9
330
3C4
100
AcDbEntity
  8
AKS OLCU (BEYKENT)
 62
     0
440
 16777216
370
    -2
100
AcDbBlockReference
  2
_Oblique
 10
85501.00426367906
 20
2703.559994697572
 30
0.0
 41
5.0
 42
5.0
 43
5.0
 50
270.0
  0
INSERT
  5
3CA
330
3C4
100
AcDbEntity
  8
AKS OLCU (BEYKENT)
 62
     0
440
 16777216
370
    -2
100
AcDbBlockReference
  2
_Oblique
 10
85501.00426367906
 20
3178.56013774872
 30
0.0
 41
5.0
 42
5.0
 43
5.0
 50
90.0
  0
MTEXT
  5
3CB
330
3C4
100
AcDbEntity
  8
AKS OLCU (BEYKENT)
 62
     7
440
 16777216
100
AcDbMText
 10
85494.95268183585
 20
2941.060066223121
 30
0.0
 40
10.0
 41
0.0
 46
0.0
 71
     5
 72
     1
  1
475
  7
DSMOLC-50
 11
0.0000000000000001
 21
1.0
 31
0.0
 73
     1
 44
1.0
  0
POINT
  5
3CC
330
3C4
100
AcDbEntity
  8
DEFPOINTS
 62
     0
440
 16777216
370
    -3
100
AcDbPoint
 10
85489.00426367863
 20
2703.559994697572
 30
0.0
  0
POINT
  5
3CD
330
3C4
100
AcDbEntity
  8
DEFPOINTS
 62
     0
440
 16777216
370
    -3
100
AcDbPoint
 10
85489.00426367863
 20
3178.56013774872
 30
0.0
  0
POINT
  5
3CE
330
3C4
100
AcDbEntity
  8
DEFPOINTS
 62
     0
440
 16777216
370
    -3
100
AcDbPoint
 10
85501.00426367906
 20
3178.56013774872
 30
0.0
  0
ENDBLK
  5
3CF
330
3C4
100
AcDbEntity
  8
0
370
    -3
100
AcDbBlockEnd
  0
BLOCK
  5
3D1
330
3D0
100
AcDbEntity
  8
0
370
    -3
100
AcDbBlockBegin
  2
*D26
 70
     1
 10
0.0
 20
0.0
 30
0.0
  3
*D26
  1

  0
LINE
  5
3D2
330
3D0
100
AcDbEntity
  8
AKS OLCU (BEYKENT)
 62
     0
440
 16777216
370
    -2
100
AcDbLine
 10
85491.00426367864
 20
3178.56013774872
 30
0.0
 11
85503.00426367906
 21
3178.56013774872
 31
0.0
  0
LINE
  5
3D3
330
3D0
100
AcDbEntity
  8
AKS OLCU (BEYKENT)
 62
     0
440
 16777216
370
    -2
100
AcDbLine
 10
85491.00426367864
 20
3538.559973239901
 30
0.0
 11
85503.00426367906
 21
3538.559973239901
 31
0.0
  0
LINE
  5
3D4
330
3D0
100
AcDbEntity
  8
AKS OLCU (BEYKENT)
 62
     0
440
 16777216
370
    -2
100
AcDbLine
 10
85501.00426367906
 20
3178.56013774872
 30
0.0
 11
85501.00426367906
 21
3538.559973239901
 31
0.0
  0
INSERT
  5
3D5
330
3D0
100
AcDbEntity
  8
AKS OLCU (BEYKENT)
 62
     0
440
 16777216
370
    -2
100
AcDbBlockReference
  2
_Oblique
 10
85501.00426367906
 20
3178.56013774872
 30
0.0
 41
5.0
 42
5.0
 43
5.0
 50
270.0
  0
INSERT
  5
3D6
330
3D0
100
AcDbEntity
  8
AKS OLCU (BEYKENT)
 62
     0
440
 16777216
370
    -2
100
AcDbBlockReference
  2
_Oblique
 10
85501.00426367906
 20
3538.559973239901
 30
0.0
 41
5.0
 42
5.0
 43
5.0
 50
90.0
  0
MTEXT
  5
3D7
330
3D0
100
AcDbEntity
  8
AKS OLCU (BEYKENT)
 62
     7
440
 16777216
100
AcDbMText
 10
85494.90109999267
 20
3358.560055494285
 30
0.0
 40
10.0
 41
0.0
 46
0.0
 71
     5
 72
     1
  1
360
  7
DSMOLC-50
 11
0.0000000000000001
 21
1.0
 31
0.0
 73
     1
 44
1.0
  0
POINT
  5
3D8
330
3D0
100
AcDbEntity
  8
DEFPOINTS
 62
     0
440
 16777216
370
    -3
100
AcDbPoint
 10
85489.00426367863
 20
3178.56013774872
 30
0.0
  0
POINT
  5
3D9
330
3D0
100
AcDbEntity
  8
DEFPOINTS
 62
     0
440
 16777216
370
    -3
100
AcDbPoint
 10
85489.00426367863
 20
3538.559973239901
 30
0.0
  0
POINT
  5
3DA
330
3D0
100
AcDbEntity
  8
DEFPOINTS
 62
     0
440
 16777216
370
    -3
100
AcDbPoint
 10
85501.00426367906
 20
3538.559973239901
 30
0.0
  0
ENDBLK
  5
3DB
330
3D0
100
AcDbEntity
  8
0
370
    -3
100
AcDbBlockEnd
  0
BLOCK
  5
3DD
330
3DC
100
AcDbEntity
  8
0
370
    -3
100
AcDbBlockBegin
  2
*D27
 70
     1
 10
0.0
 20
0.0
 30
0.0
  3
*D27
  1

  0
LINE
  5
3DE
330
3DC
100
AcDbEntity
  8
AKS OLCU (BEYKENT)
 62
     0
440
 16777216
370
    -2
100
AcDbLine
 10
85491.00426367864
 20
2703.559994697572
 30
0.0
 11
85519.00426367906
 21
2703.559994697572
 31
0.0
  0
LINE
  5
3DF
330
3DC
100
AcDbEntity
  8
AKS OLCU (BEYKENT)
 62
     0
440
 16777216
370
    -2
100
AcDbLine
 10
85491.00426367864
 20
3538.559973239901
 30
0.0
 11
85519.00426367906
 21
3538.559973239901
 31
0.0
  0
LINE
  5
3E0
330
3DC
100
AcDbEntity
  8
AKS OLCU (BEYKENT)
 62
     0
440
 16777216
370
    -2
100
AcDbLine
 10
85517.00426367906
 20
2703.559994697572
 30
0.0
 11
85517.00426367906
 21
3538.559973239901
 31
0.0
  0
INSERT
  5
3E1
330
3DC
100
AcDbEntity
  8
AKS OLCU (BEYKENT)
 62
     0
440
 16777216
370
    -2
100
AcDbBlockReference
  2
_Oblique
 10
85517.00426367906
 20
2703.559994697572
 30
0.0
 41
5.0
 42
5.0
 43
5.0
 50
270.0
  0
INSERT
  5
3E2
330
3DC
100
AcDbEntity
  8
AKS OLCU (BEYKENT)
 62
     0
440
 16777216
370
    -2
100
AcDbBlockReference
  2
_Oblique
 10
85517.00426367906
 20
3538.559973239901
 30
0.0
 41
5.0
 42
5.0
 43
5.0
 50
90.0
  0
MTEXT
  5
3E3
330
3DC
100
AcDbEntity
  8
AKS OLCU (BEYKENT)
 62
     7
440
 16777216
100
AcDbMText
 10
85510.90109999266
 20
3121.059983968712
 30
0.0
 40
10.0
 41
0.0
 46
0.0
 71
     5
 72
     1
  1
835
  7
DSMOLC-50
 11
0.0000000000000001
 21
1.0
 31
0.0
 73
     1
 44
1.0
  0
POINT
  5
3E4
330
3DC
100
AcDbEntity
  8
DEFPOINTS
 62
     0
440
 16777216
370
    -3
100
AcDbPoint
 10
85489.00426367863
 20
2703.559994697572
 30
0.0
  0
POINT
  5
3E5
330
3DC
100
AcDbEntity
  8
DEFPOINTS
 62
     0
440
 16777216
370
    -3
100
AcDbPoint
 10
85489.00426367863
 20
3538.559973239901
 30
0.0
  0
POINT
  5
3E6
330
3DC
100
AcDbEntity
  8
DEFPOINTS
 62
     0
440
 16777216
370
    -3
100
AcDbPoint
 10
85517.00426367906
 20
3538.559973239901
 30
0.0
  0
ENDBLK
  5
3E7
330
3DC
100
AcDbEntity
  8
0
370
    -3
100
AcDbBlockEnd
  0
BLOCK
  5
3E9
330
3E8
100
AcDbEntity
  8
0
370
    -3
100
AcDbBlockBegin
  2
*D28
 70
     1
 10
0.0
 20
0.0
 30
0.0
  3
*D28
  1

  0
LINE
  5
3EA
330
3E8
100
AcDbEntity
  8
OLCU (BEYKENT)
 62
     0
440
 16777216
370
    -2
100
AcDbLine
 10
79750.94493042728
 20
3884.963176478823
 30
0.0
 11
79770.80843778836
 21
3884.963176478823
 31
0.0
  0
LINE
  5
3EB
330
3E8
100
AcDbEntity
  8
OLCU (BEYKENT)
 62
     0
440
 16777216
370
    -2
100
AcDbLine
 10
79750.94493042728
 20
3944.963000049074
 30
0.0
 11
79770.80843778836
 21
3944.963000049074
 31
0.0
  0
LINE
  5
3EC
330
3E8
100
AcDbEntity
  8
OLCU (BEYKENT)
 62
     0
440
 16777216
370
    -2
100
AcDbLine
 10
79768.80843778836
 20
3884.963176478823
 30
0.0
 11
79768.80843778836
 21
3944.963000049074
 31
0.0
  0
INSERT
  5
3ED
330
3E8
100
AcDbEntity
  8
OLCU (BEYKENT)
 62
     0
440
 16777216
370
    -2
100
AcDbBlockReference
  2
_Oblique
 10
79768.80843778836
 20
3884.963176478823
 30
0.0
 41
5.0
 42
5.0
 43
5.0
 50
270.0
  0
INSERT
  5
3EE
330
3E8
100
AcDbEntity
  8
OLCU (BEYKENT)
 62
     0
440
 16777216
370
    -2
100
AcDbBlockReference
  2
_Oblique
 10
79768.80843778836
 20
3944.963000049074
 30
0.0
 41
5.0
 42
5.0
 43
5.0
 50
90.0
  0
MTEXT
  5
3EF
330
3E8
100
AcDbEntity
  8
OLCU (BEYKENT)
 62
     7
440
 16777216
370
    -3
100
AcDbMText
 10
79762.70527410197
 20
3914.963088263925
 30
0.0
 40
10.0
 41
0.0
 46
0.0
 71
     5
 72
     1
  1
60
  7
DSMOLC-50
 11
0.0000000000000001
 21
1.0
 31
0.0
 73
     1
 44
1.0
  0
POINT
  5
3F0
330
3E8
100
AcDbEntity
  8
DEFPOINTS
 62
     0
440
 16777216
370
    -3
100
AcDbPoint
 10
79748.94493042729
 20
3884.963176478823
 30
0.0
  0
POINT
  5
3F1
330
3E8
100
AcDbEntity
  8
DEFPOINTS
 62
     0
440
 16777216
370
    -3
100
AcDbPoint
 10
79748.94493042729
 20
3944.963000049074
 30
0.0
  0
POINT
  5
3F2
330
3E8
100
AcDbEntity
  8
DEFPOINTS
 62
     0
440
 16777216
370
    -3
100
AcDbPoint
 10
79768.80843778836
 20
3944.963000049074
 30
0.0
  0
ENDBLK
  5
3F3
330
3E8
100
AcDbEntity
  8
0
370
    -3
100
AcDbBlockEnd
  0
BLOCK
  5
3F5
330
3F4
100
AcDbEntity
  8
0
370
    -3
100
AcDbBlockBegin
  2
*D29
 70
     1
 10
0.0
 20
0.0
 30
0.0
  3
*D29
  1

  0
LINE
  5
3F6
330
3F4
100
AcDbEntity
  8
OLCU (BEYKENT)
 62
     0
440
 16777216
370
    -2
100
AcDbLine
 10
79967.26238387485
 20
3928.963027228792
 30
0.0
 11
79985.00857236001
 21
3928.963027228792
 31
0.0
  0
LINE
  5
3F7
330
3F4
100
AcDbEntity
  8
OLCU (BEYKENT)
 62
     0
440
 16777216
370
    -2
100
AcDbLine
 10
79967.26238387487
 20
3944.963000049074
 30
0.0
 11
79985.00857236001
 21
3944.963000049074
 31
0.0
  0
LINE
  5
3F8
330
3F4
100
AcDbEntity
  8
OLCU (BEYKENT)
 62
     0
440
 16777216
370
    -2
100
AcDbLine
 10
79983.00857236
 20
3928.963027228792
 30
0.0
 11
79983.00857236
 21
3944.963000049074
 31
0.0
  0
INSERT
  5
3F9
330
3F4
100
AcDbEntity
  8
OLCU (BEYKENT)
 62
     0
440
 16777216
370
    -2
100
AcDbBlockReference
  2
_Oblique
 10
79983.00857236
 20
3928.963027228792
 30
0.0
 41
5.0
 42
5.0
 43
5.0
 50
270.0
  0
INSERT
  5
3FA
330
3F4
100
AcDbEntity
  8
OLCU (BEYKENT)
 62
     0
440
 16777216
370
    -2
100
AcDbBlockReference
  2
_Oblique
 10
79983.00857236
 20
3944.963000049074
 30
0.0
 41
5.0
 42
5.0
 43
5.0
 50
90.0
  0
MTEXT
  5
3FB
330
3F4
100
AcDbEntity
  8
OLCU (BEYKENT)
 62
     7
440
 16777216
370
    -3
100
AcDbMText
 10
79976.9569905168
 20
3936.96301363891
 30
0.0
 40
10.0
 41
0.0
 46
0.0
 71
     5
 72
     1
  1
16
  7
DSMOLC-50
 11
0.0000000000000001
 21
1.0
 31
0.0
 73
     1
 44
1.0
  0
POINT
  5
3FC
330
3F4
100
AcDbEntity
  8
DEFPOINTS
 62
     0
440
 16777216
370
    -3
100
AcDbPoint
 10
79965.26238387485
 20
3928.963027228792
 30
0.0
  0
POINT
  5
3FD
330
3F4
100
AcDbEntity
  8
DEFPOINTS
 62
     0
440
 16777216
370
    -3
100
AcDbPoint
 10
79965.26238387487
 20
3944.963000049074
 30
0.0
  0
POINT
  5
3FE
330
3F4
100
AcDbEntity
  8
DEFPOINTS
 62
     0
440
 16777216
370
    -3
100
AcDbPoint
 10
79983.00857236
 20
3944.963000049074
 30
0.0
  0
ENDBLK
  5
3FF
330
3F4
100
AcDbEntity
  8
0
370
    -3
100
AcDbBlockEnd
  0
BLOCK
  5
401
330
400
100
AcDbEntity
  8
0
370
    -3
100
AcDbBlockBegin
  2
*D30
 70
     1
 10
0.0
 20
0.0
 30
0.0
  3
*D30
  1

  0
LINE
  5
402
330
400
100
AcDbEntity
  8
OLCU (BEYKENT)
 62
     0
440
 16777216
370
    -2
100
AcDbLine
 10
80360.94504904053
 20
3884.963176478823
 30
0.0
 11
80384.72101010524
 21
3884.963176478823
 31
0.0
  0
LINE
  5
403
330
400
100
AcDbEntity
  8
OLCU (BEYKENT)
 62
     0
440
 16777216
370
    -2
100
AcDbLine
 10
80360.94504904053
 20
3944.963000049074
 30
0.0
 11
80384.72101010524
 21
3944.963000049074
 31
0.0
  0
LINE
  5
404
330
400
100
AcDbEntity
  8
OLCU (BEYKENT)
 62
     0
440
 16777216
370
    -2
100
AcDbLine
 10
80382.72101010525
 20
3884.963176478823
 30
0.0
 11
80382.72101010525
 21
3944.963000049074
 31
0.0
  0
INSERT
  5
405
330
400
100
AcDbEntity
  8
OLCU (BEYKENT)
 62
     0
440
 16777216
370
    -2
100
AcDbBlockReference
  2
_Oblique
 10
80382.72101010525
 20
3884.963176478823
 30
0.0
 41
5.0
 42
5.0
 43
5.0
 50
270.0
  0
INSERT
  5
406
330
400
100
AcDbEntity
  8
OLCU (BEYKENT)
 62
     0
440
 16777216
370
    -2
100
AcDbBlockReference
  2
_Oblique
 10
80382.72101010525
 20
3944.963000049074
 30
0.0
 41
5.0
 42
5.0
 43
5.0
 50
90.0
  0
MTEXT
  5
407
330
400
100
AcDbEntity
  8
OLCU (BEYKENT)
 62
     7
440
 16777216
370
    -3
100
AcDbMText
 10
80376.61784641885
 20
3914.963088263925
 30
0.0
 40
10.0
 41
0.0
 46
0.0
 71
     5
 72
     1
  1
60
  7
DSMOLC-50
 11
0.0000000000000001
 21
1.0
 31
0.0
 73
     1
 44
1.0
  0
POINT
  5
408
330
400
100
AcDbEntity
  8
DEFPOINTS
 62
     0
440
 16777216
370
    -3
100
AcDbPoint
 10
80358.94504904053
 20
3884.963176478823
 30
0.0
  0
POINT
  5
409
330
400
100
AcDbEntity
  8
DEFPOINTS
 62
     0
440
 16777216
370
    -3
100
AcDbPoint
 10
80358.94504904053
 20
3944.963000049074
 30
0.0
  0
POINT
  5
40A
330
400
100
AcDbEntity
  8
DEFPOINTS
 62
     0
440
 16777216
370
    -3
100
AcDbPoint
 10
80382.72101010525
 20
3944.963000049074
 30
0.0
  0
ENDBLK
  5
40B
330
400
100
AcDbEntity
  8
0
370
    -3
100
AcDbBlockEnd
  0
BLOCK
  5
40D
330
40C
100
AcDbEntity
  8
0
370
    -3
100
AcDbBlockBegin
  2
*D31
 70
     1
 10
0.0
 20
0.0
 30
0.0
  3
*D31
  1

  0
LINE
  5
40E
330
40C
100
AcDbEntity
  8
OLCU (BEYKENT)
 62
     0
440
 16777216
370
    -2
100
AcDbLine
 10
80507.25430747547
 20
3928.963027228792
 30
0.0
 11
80529.22587009685
 21
3928.963027228792
 31
0.0
  0
LINE
  5
40F
330
40C
100
AcDbEntity
  8
OLCU (BEYKENT)
 62
     0
440
 16777216
370
    -2
100
AcDbLine
 10
80507.25430747547
 20
3944.963000049074
 30
0.0
 11
80529.22587009685
 21
3944.963000049074
 31
0.0
  0
LINE
  5
410
330
40C
100
AcDbEntity
  8
OLCU (BEYKENT)
 62
     0
440
 16777216
370
    -2
100
AcDbLine
 10
80527.22587009686
 20
3928.963027228792
 30
0.0
 11
80527.22587009686
 21
3944.963000049074
 31
0.0
  0
INSERT
  5
411
330
40C
100
AcDbEntity
  8
OLCU (BEYKENT)
 62
     0
440
 16777216
370
    -2
100
AcDbBlockReference
  2
_Oblique
 10
80527.22587009686
 20
3928.963027228792
 30
0.0
 41
5.0
 42
5.0
 43
5.0
 50
270.0
  0
INSERT
  5
412
330
40C
100
AcDbEntity
  8
OLCU (BEYKENT)
 62
     0
440
 16777216
370
    -2
100
AcDbBlockReference
  2
_Oblique
 10
80527.22587009686
 20
3944.963000049074
 30
0.0
 41
5.0
 42
5.0
 43
5.0
 50
90.0
  0
MTEXT
  5
413
330
40C
100
AcDbEntity
  8
OLCU (BEYKENT)
 62
     7
440
 16777216
370
    -3
100
AcDbMText
 10
80521.17428825365
 20
3936.96301363891
 30
0.0
 40
10.0
 41
0.0
 46
0.0
 71
     5
 72
     1
  1
16
  7
DSMOLC-50
 11
0.0000000000000001
 21
1.0
 31
0.0
 73
     1
 44
1.0
  0
POINT
  5
414
330
40C
100
AcDbEntity
  8
DEFPOINTS
 62
     0
440
 16777216
370
    -3
100
AcDbPoint
 10
80505.25430747546
 20
3928.963027228792
 30
0.0
  0
POINT
  5
415
330
40C
100
AcDbEntity
  8
DEFPOINTS
 62
     0
440
 16777216
370
    -3
100
AcDbPoint
 10
80505.25430747546
 20
3944.963000049074
 30
0.0
  0
POINT
  5
416
330
40C
100
AcDbEntity
  8
DEFPOINTS
 62
     0
440
 16777216
370
    -3
100
AcDbPoint
 10
80527.22587009686
 20
3944.963000049074
 30
0.0
  0
ENDBLK
  5
417
330
40C
100
AcDbEntity
  8
0
370
    -3
100
AcDbBlockEnd
  0
BLOCK
  5
419
330
418
100
AcDbEntity
  8
0
370
    -3
100
AcDbBlockBegin
  2
*D32
 70
     1
 10
0.0
 20
0.0
 30
0.0
  3
*D32
  1

  0
LINE
  5
41A
330
418
100
AcDbEntity
  8
OLCU (BEYKENT)
 62
     0
440
 16777216
370
    -2
100
AcDbLine
 10
80905.94518493912
 20
3884.963176478823
 30
0.0
 11
80929.72114600389
 21
3884.963176478823
 31
0.0
  0
LINE
  5
41B
330
418
100
AcDbEntity
  8
OLCU (BEYKENT)
 62
     0
440
 16777216
370
    -2
100
AcDbLine
 10
80905.94518493912
 20
3944.963000049074
 30
0.0
 11
80929.72114600389
 21
3944.963000049074
 31
0.0
  0
LINE
  5
41C
330
418
100
AcDbEntity
  8
OLCU (BEYKENT)
 62
     0
440
 16777216
370
    -2
100
AcDbLine
 10
80927.72114600389
 20
3884.963176478823
 30
0.0
 11
80927.72114600389
 21
3944.963000049074
 31
0.0
  0
INSERT
  5
41D
330
418
100
AcDbEntity
  8
OLCU (BEYKENT)
 62
     0
440
 16777216
370
    -2
100
AcDbBlockReference
  2
_Oblique
 10
80927.72114600389
 20
3884.963176478823
 30
0.0
 41
5.0
 42
5.0
 43
5.0
 50
270.0
  0
INSERT
  5
41E
330
418
100
AcDbEntity
  8
OLCU (BEYKENT)
 62
     0
440
 16777216
370
    -2
100
AcDbBlockReference
  2
_Oblique
 10
80927.72114600389
 20
3944.963000049074
 30
0.0
 41
5.0
 42
5.0
 43
5.0
 50
90.0
  0
MTEXT
  5
41F
330
418
100
AcDbEntity
  8
OLCU (BEYKENT)
 62
     7
440
 16777216
370
    -3
100
AcDbMText
 10
80921.61798231749
 20
3914.963088263924
 30
0.0
 40
10.0
 41
0.0
 46
0.0
 71
     5
 72
     1
  1
60
  7
DSMOLC-50
 11
0.0000000000000001
 21
1.0
 31
0.0
 73
     1
 44
1.0
  0
POINT
  5
420
330
418
100
AcDbEntity
  8
DEFPOINTS
 62
     0
440
 16777216
370
    -3
100
AcDbPoint
 10
80903.94518493912
 20
3884.963176478823
 30
0.0
  0
POINT
  5
421
330
418
100
AcDbEntity
  8
DEFPOINTS
 62
     0
440
 16777216
370
    -3
100
AcDbPoint
 10
80903.94518493912
 20
3944.963000049074
 30
0.0
  0
POINT
  5
422
330
418
100
AcDbEntity
  8
DEFPOINTS
 62
     0
440
 16777216
370
    -3
100
AcDbPoint
 10
80927.72114600389
 20
3944.963000049074
 30
0.0
  0
ENDBLK
  5
423
330
418
100
AcDbEntity
  8
0
370
    -3
100
AcDbBlockEnd
  0
BLOCK
  5
425
330
424
100
AcDbEntity
  8
0
370
    -3
100
AcDbBlockBegin
  2
*D33
 70
     1
 10
0.0
 20
0.0
 30
0.0
  3
*D33
  1

  0
LINE
  5
426
330
424
100
AcDbEntity
  8
OLCU (BEYKENT)
 62
     0
440
 16777216
370
    -2
100
AcDbLine
 10
81052.25444337406
 20
3928.963027228792
 30
0.0
 11
81074.2260059955
 21
3928.963027228792
 31
0.0
  0
LINE
  5
427
330
424
100
AcDbEntity
  8
OLCU (BEYKENT)
 62
     0
440
 16777216
370
    -2
100
AcDbLine
 10
81052.25444337406
 20
3944.963000049074
 30
0.0
 11
81074.2260059955
 21
3944.963000049074
 31
0.0
  0
LINE
  5
428
330
424
100
AcDbEntity
  8
OLCU (BEYKENT)
 62
     0
440
 16777216
370
    -2
100
AcDbLine
 10
81072.2260059955
 20
3928.963027228792
 30
0.0
 11
81072.2260059955
 21
3944.963000049074
 31
0.0
  0
INSERT
  5
429
330
424
100
AcDbEntity
  8
OLCU (BEYKENT)
 62
     0
440
 16777216
370
    -2
100
AcDbBlockReference
  2
_Oblique
 10
81072.2260059955
 20
3928.963027228792
 30
0.0
 41
5.0
 42
5.0
 43
5.0
 50
270.0
  0
INSERT
  5
42A
330
424
100
AcDbEntity
  8
OLCU (BEYKENT)
 62
     0
440
 16777216
370
    -2
100
AcDbBlockReference
  2
_Oblique
 10
81072.2260059955
 20
3944.963000049074
 30
0.0
 41
5.0
 42
5.0
 43
5.0
 50
90.0
  0
MTEXT
  5
42B
330
424
100
AcDbEntity
  8
OLCU (BEYKENT)
 62
     7
440
 16777216
370
    -3
100
AcDbMText
 10
81066.17442415229
 20
3936.963013638909
 30
0.0
 40
10.0
 41
0.0
 46
0.0
 71
     5
 72
     1
  1
16
  7
DSMOLC-50
 11
0.0000000000000001
 21
1.0
 31
0.0
 73
     1
 44
1.0
  0
POINT
  5
42C
330
424
100
AcDbEntity
  8
DEFPOINTS
 62
     0
440
 16777216
370
    -3
100
AcDbPoint
 10
81050.25444337405
 20
3928.963027228792
 30
0.0
  0
POINT
  5
42D
330
424
100
AcDbEntity
  8
DEFPOINTS
 62
     0
440
 16777216
370
    -3
100
AcDbPoint
 10
81050.25444337405
 20
3944.963000049074
 30
0.0
  0
POINT
  5
42E
330
424
100
AcDbEntity
  8
DEFPOINTS
 62
     0
440
 16777216
370
    -3
100
AcDbPoint
 10
81072.2260059955
 20
3944.963000049074
 30
0.0
  0
ENDBLK
  5
42F
330
424
100
AcDbEntity
  8
0
370
    -3
100
AcDbBlockEnd
  0
BLOCK
  5
431
330
430
100
AcDbEntity
  8
0
370
    -3
100
AcDbBlockBegin
  2
*D34
 70
     1
 10
0.0
 20
0.0
 30
0.0
  3
*D34
  1

  0
LINE
  5
432
330
430
100
AcDbEntity
  8
OLCU (BEYKENT)
 62
     0
440
 16777216
370
    -2
100
AcDbLine
 10
81430.94528030655
 20
3884.963176478823
 30
0.0
 11
81454.72124137132
 21
3884.963176478823
 31
0.0
  0
LINE
  5
433
330
430
100
AcDbEntity
  8
OLCU (BEYKENT)
 62
     0
440
 16777216
370
    -2
100
AcDbLine
 10
81430.94528030655
 20
3944.963000049074
 30
0.0
 11
81454.72124137132
 21
3944.963000049074
 31
0.0
  0
LINE
  5
434
330
430
100
AcDbEntity
  8
OLCU (BEYKENT)
 62
     0
440
 16777216
370
    -2
100
AcDbLine
 10
81452.72124137132
 20
3884.963176478823
 30
0.0
 11
81452.72124137132
 21
3944.963000049074
 31
0.0
  0
INSERT
  5
435
330
430
100
AcDbEntity
  8
OLCU (BEYKENT)
 62
     0
440
 16777216
370
    -2
100
AcDbBlockReference
  2
_Oblique
 10
81452.72124137132
 20
3884.963176478823
 30
0.0
 41
5.0
 42
5.0
 43
5.0
 50
270.0
  0
INSERT
  5
436
330
430
100
AcDbEntity
  8
OLCU (BEYKENT)
 62
     0
440
 16777216
370
    -2
100
AcDbBlockReference
  2
_Oblique
 10
81452.72124137132
 20
3944.963000049074
 30
0.0
 41
5.0
 42
5.0
 43
5.0
 50
90.0
  0
MTEXT
  5
437
330
430
100
AcDbEntity
  8
OLCU (BEYKENT)
 62
     7
440
 16777216
370
    -3
100
AcDbMText
 10
81446.61807768493
 20
3914.963088263924
 30
0.0
 40
10.0
 41
0.0
 46
0.0
 71
     5
 72
     1
  1
60
  7
DSMOLC-50
 11
0.0000000000000001
 21
1.0
 31
0.0
 73
     1
 44
1.0
  0
POINT
  5
438
330
430
100
AcDbEntity
  8
DEFPOINTS
 62
     0
440
 16777216
370
    -3
100
AcDbPoint
 10
81428.94528030655
 20
3884.963176478823
 30
0.0
  0
POINT
  5
439
330
430
100
AcDbEntity
  8
DEFPOINTS
 62
     0
440
 16777216
370
    -3
100
AcDbPoint
 10
81428.94528030655
 20
3944.963000049074
 30
0.0
  0
POINT
  5
43A
330
430
100
AcDbEntity
  8
DEFPOINTS
 62
     0
440
 16777216
370
    -3
100
AcDbPoint
 10
81452.72124137132
 20
3944.963000049074
 30
0.0
  0
ENDBLK
  5
43B
330
430
100
AcDbEntity
  8
0
370
    -3
100
AcDbBlockEnd
  0
BLOCK
  5
43D
330
43C
100
AcDbEntity
  8
0
370
    -3
100
AcDbBlockBegin
  2
*D35
 70
     1
 10
0.0
 20
0.0
 30
0.0
  3
*D35
  1

  0
LINE
  5
43E
330
43C
100
AcDbEntity
  8
OLCU (BEYKENT)
 62
     0
440
 16777216
370
    -2
100
AcDbLine
 10
81577.25453874149
 20
3928.963027228792
 30
0.0
 11
81599.22610136293
 21
3928.963027228792
 31
0.0
  0
LINE
  5
43F
330
43C
100
AcDbEntity
  8
OLCU (BEYKENT)
 62
     0
440
 16777216
370
    -2
100
AcDbLine
 10
81577.25453874149
 20
3944.963000049074
 30
0.0
 11
81599.22610136293
 21
3944.963000049074
 31
0.0
  0
LINE
  5
440
330
43C
100
AcDbEntity
  8
OLCU (BEYKENT)
 62
     0
440
 16777216
370
    -2
100
AcDbLine
 10
81597.22610136293
 20
3928.963027228792
 30
0.0
 11
81597.22610136293
 21
3944.963000049074
 31
0.0
  0
INSERT
  5
441
330
43C
100
AcDbEntity
  8
OLCU (BEYKENT)
 62
     0
440
 16777216
370
    -2
100
AcDbBlockReference
  2
_Oblique
 10
81597.22610136293
 20
3928.963027228792
 30
0.0
 41
5.0
 42
5.0
 43
5.0
 50
270.0
  0
INSERT
  5
442
330
43C
100
AcDbEntity
  8
OLCU (BEYKENT)
 62
     0
440
 16777216
370
    -2
100
AcDbBlockReference
  2
_Oblique
 10
81597.22610136293
 20
3944.963000049074
 30
0.0
 41
5.0
 42
5.0
 43
5.0
 50
90.0
  0
MTEXT
  5
443
330
43C
100
AcDbEntity
  8
OLCU (BEYKENT)
 62
     7
440
 16777216
370
    -3
100
AcDbMText
 10
81591.17451951972
 20
3936.963013638909
 30
0.0
 40
10.0
 41
0.0
 46
0.0
 71
     5
 72
     1
  1
16
  7
DSMOLC-50
 11
0.0000000000000001
 21
1.0
 31
0.0
 73
     1
 44
1.0
  0
POINT
  5
444
330
43C
100
AcDbEntity
  8
DEFPOINTS
 62
     0
440
 16777216
370
    -3
100
AcDbPoint
 10
81575.25453874148
 20
3928.963027228792
 30
0.0
  0
POINT
  5
445
330
43C
100
AcDbEntity
  8
DEFPOINTS
 62
     0
440
 16777216
370
    -3
100
AcDbPoint
 10
81575.25453874148
 20
3944.963000049074
 30
0.0
  0
POINT
  5
446
330
43C
100
AcDbEntity
  8
DEFPOINTS
 62
     0
440
 16777216
370
    -3
100
AcDbPoint
 10
81597.22610136293
 20
3944.963000049074
 30
0.0
  0
ENDBLK
  5
447
330
43C
100
AcDbEntity
  8
0
370
    -3
100
AcDbBlockEnd
  0
BLOCK
  5
449
330
448
100
AcDbEntity
  8
0
370
    -3
100
AcDbBlockBegin
  2
*D36
 70
     1
 10
0.0
 20
0.0
 30
0.0
  3
*D36
  1

  0
LINE
  5
44A
330
448
100
AcDbEntity
  8
OLCU (BEYKENT)
 62
     0
440
 16777216
370
    -2
100
AcDbLine
 10
82190.94562839767
 20
3884.963176478823
 30
0.0
 11
82214.72158946244
 21
3884.963176478823
 31
0.0
  0
LINE
  5
44B
330
448
100
AcDbEntity
  8
OLCU (BEYKENT)
 62
     0
440
 16777216
370
    -2
100
AcDbLine
 10
82190.94562839767
 20
3944.963000049074
 30
0.0
 11
82214.72158946244
 21
3944.963000049074
 31
0.0
  0
LINE
  5
44C
330
448
100
AcDbEntity
  8
OLCU (BEYKENT)
 62
     0
440
 16777216
370
    -2
100
AcDbLine
 10
82212.72158946245
 20
3884.963176478823
 30
0.0
 11
82212.72158946245
 21
3944.963000049074
 31
0.0
  0
INSERT
  5
44D
330
448
100
AcDbEntity
  8
OLCU (BEYKENT)
 62
     0
440
 16777216
370
    -2
100
AcDbBlockReference
  2
_Oblique
 10
82212.72158946245
 20
3884.963176478823
 30
0.0
 41
5.0
 42
5.0
 43
5.0
 50
270.0
  0
INSERT
  5
44E
330
448
100
AcDbEntity
  8
OLCU (BEYKENT)
 62
     0
440
 16777216
370
    -2
100
AcDbBlockReference
  2
_Oblique
 10
82212.72158946245
 20
3944.963000049074
 30
0.0
 41
5.0
 42
5.0
 43
5.0
 50
90.0
  0
MTEXT
  5
44F
330
448
100
AcDbEntity
  8
OLCU (BEYKENT)
 62
     7
440
 16777216
370
    -3
100
AcDbMText
 10
82206.61842577605
 20
3914.963088263924
 30
0.0
 40
10.0
 41
0.0
 46
0.0
 71
     5
 72
     1
  1
60
  7
DSMOLC-50
 11
0.0000000000000001
 21
1.0
 31
0.0
 73
     1
 44
1.0
  0
POINT
  5
450
330
448
100
AcDbEntity
  8
DEFPOINTS
 62
     0
440
 16777216
370
    -3
100
AcDbPoint
 10
82188.94562839768
 20
3884.963176478823
 30
0.0
  0
POINT
  5
451
330
448
100
AcDbEntity
  8
DEFPOINTS
 62
     0
440
 16777216
370
    -3
100
AcDbPoint
 10
82188.94562839768
 20
3944.963000049074
 30
0.0
  0
POINT
  5
452
330
448
100
AcDbEntity
  8
DEFPOINTS
 62
     0
440
 16777216
370
    -3
100
AcDbPoint
 10
82212.72158946245
 20
3944.963000049074
 30
0.0
  0
ENDBLK
  5
453
330
448
100
AcDbEntity
  8
0
370
    -3
100
AcDbBlockEnd
  0
BLOCK
  5
455
330
454
100
AcDbEntity
  8
0
370
    -3
100
AcDbBlockBegin
  2
*D37
 70
     1
 10
0.0
 20
0.0
 30
0.0
  3
*D37
  1

  0
LINE
  5
456
330
454
100
AcDbEntity
  8
OLCU (BEYKENT)
 62
     0
440
 16777216
370
    -2
100
AcDbLine
 10
82337.25488683262
 20
3928.963027228792
 30
0.0
 11
82359.22644945405
 21
3928.963027228792
 31
0.0
  0
LINE
  5
457
330
454
100
AcDbEntity
  8
OLCU (BEYKENT)
 62
     0
440
 16777216
370
    -2
100
AcDbLine
 10
82337.25488683262
 20
3944.963000049074
 30
0.0
 11
82359.22644945405
 21
3944.963000049074
 31
0.0
  0
LINE
  5
458
330
454
100
AcDbEntity
  8
OLCU (BEYKENT)
 62
     0
440
 16777216
370
    -2
100
AcDbLine
 10
82357.22644945406
 20
3928.963027228792
 30
0.0
 11
82357.22644945406
 21
3944.963000049074
 31
0.0
  0
INSERT
  5
459
330
454
100
AcDbEntity
  8
OLCU (BEYKENT)
 62
     0
440
 16777216
370
    -2
100
AcDbBlockReference
  2
_Oblique
 10
82357.22644945406
 20
3928.963027228792
 30
0.0
 41
5.0
 42
5.0
 43
5.0
 50
270.0
  0
INSERT
  5
45A
330
454
100
AcDbEntity
  8
OLCU (BEYKENT)
 62
     0
440
 16777216
370
    -2
100
AcDbBlockReference
  2
_Oblique
 10
82357.22644945406
 20
3944.963000049074
 30
0.0
 41
5.0
 42
5.0
 43
5.0
 50
90.0
  0
MTEXT
  5
45B
330
454
100
AcDbEntity
  8
OLCU (BEYKENT)
 62
     7
440
 16777216
370
    -3
100
AcDbMText
 10
82351.17486761085
 20
3936.963013638909
 30
0.0
 40
10.0
 41
0.0
 46
0.0
 71
     5
 72
     1
  1
16
  7
DSMOLC-50
 11
0.0000000000000001
 21
1.0
 31
0.0
 73
     1
 44
1.0
  0
POINT
  5
45C
330
454
100
AcDbEntity
  8
DEFPOINTS
 62
     0
440
 16777216
370
    -3
100
AcDbPoint
 10
82335.25488683261
 20
3928.963027228792
 30
0.0
  0
POINT
  5
45D
330
454
100
AcDbEntity
  8
DEFPOINTS
 62
     0
440
 16777216
370
    -3
100
AcDbPoint
 10
82335.25488683261
 20
3944.963000049074
 30
0.0
  0
POINT
  5
45E
330
454
100
AcDbEntity
  8
DEFPOINTS
 62
     0
440
 16777216
370
    -3
100
AcDbPoint
 10
82357.22644945406
 20
3944.963000049074
 30
0.0
  0
ENDBLK
  5
45F
330
454
100
AcDbEntity
  8
0
370
    -3
100
AcDbBlockEnd
  0
BLOCK
  5
461
330
460
100
AcDbEntity
  8
0
370
    -3
100
AcDbBlockBegin
  2
*D38
 70
     1
 10
0.0
 20
0.0
 30
0.0
  3
*D38
  1

  0
LINE
  5
462
330
460
100
AcDbEntity
  8
OLCU (BEYKENT)
 62
     0
440
 16777216
370
    -2
100
AcDbLine
 10
82973.51229500076
 20
3884.963176478823
 30
0.0
 11
82997.28825606553
 21
3884.963176478823
 31
0.0
  0
LINE
  5
463
330
460
100
AcDbEntity
  8
OLCU (BEYKENT)
 62
     0
440
 16777216
370
    -2
100
AcDbLine
 10
82973.51229500076
 20
3944.963000049074
 30
0.0
 11
82997.28825606553
 21
3944.963000049074
 31
0.0
  0
LINE
  5
464
330
460
100
AcDbEntity
  8
OLCU (BEYKENT)
 62
     0
440
 16777216
370
    -2
100
AcDbLine
 10
82995.28825606554
 20
3884.963176478823
 30
0.0
 11
82995.28825606554
 21
3944.963000049074
 31
0.0
  0
INSERT
  5
465
330
460
100
AcDbEntity
  8
OLCU (BEYKENT)
 62
     0
440
 16777216
370
    -2
100
AcDbBlockReference
  2
_Oblique
 10
82995.28825606554
 20
3884.963176478823
 30
0.0
 41
5.0
 42
5.0
 43
5.0
 50
270.0
  0
INSERT
  5
466
330
460
100
AcDbEntity
  8
OLCU (BEYKENT)
 62
     0
440
 16777216
370
    -2
100
AcDbBlockReference
  2
_Oblique
 10
82995.28825606554
 20
3944.963000049074
 30
0.0
 41
5.0
 42
5.0
 43
5.0
 50
90.0
  0
MTEXT
  5
467
330
460
100
AcDbEntity
  8
OLCU (BEYKENT)
 62
     7
440
 16777216
370
    -3
100
AcDbMText
 10
82989.18509237914
 20
3914.963088263924
 30
0.0
 40
10.0
 41
0.0
 46
0.0
 71
     5
 72
     1
  1
60
  7
DSMOLC-50
 11
0.0000000000000001
 21
1.0
 31
0.0
 73
     1
 44
1.0
  0
POINT
  5
468
330
460
100
AcDbEntity
  8
DEFPOINTS
 62
     0
440
 16777216
370
    -3
100
AcDbPoint
 10
82971.51229500077
 20
3884.963176478823
 30
0.0
  0
POINT
  5
469
330
460
100
AcDbEntity
  8
DEFPOINTS
 62
     0
440
 16777216
370
    -3
100
AcDbPoint
 10
82971.51229500077
 20
3944.963000049074
 30
0.0
  0
POINT
  5
46A
330
460
100
AcDbEntity
  8
DEFPOINTS
 62
     0
440
 16777216
370
    -3
100
AcDbPoint
 10
82995.28825606554
 20
3944.963000049074
 30
0.0
  0
ENDBLK
  5
46B
330
460
100
AcDbEntity
  8
0
370
    -3
100
AcDbBlockEnd
  0
BLOCK
  5
46D
330
46C
100
AcDbEntity
  8
0
370
    -3
100
AcDbBlockBegin
  2
*D39
 70
     1
 10
0.0
 20
0.0
 30
0.0
  3
*D39
  1

  0
LINE
  5
46E
330
46C
100
AcDbEntity
  8
OLCU (BEYKENT)
 62
     0
440
 16777216
370
    -2
100
AcDbLine
 10
83119.82155343571
 20
3928.963027228792
 30
0.0
 11
83141.79311605714
 21
3928.963027228792
 31
0.0
  0
LINE
  5
46F
330
46C
100
AcDbEntity
  8
OLCU (BEYKENT)
 62
     0
440
 16777216
370
    -2
100
AcDbLine
 10
83119.82155343571
 20
3944.963000049074
 30
0.0
 11
83141.79311605714
 21
3944.963000049074
 31
0.0
  0
LINE
  5
470
330
46C
100
AcDbEntity
  8
OLCU (BEYKENT)
 62
     0
440
 16777216
370
    -2
100
AcDbLine
 10
83139.79311605715
 20
3928.963027228792
 30
0.0
 11
83139.79311605715
 21
3944.963000049074
 31
0.0
  0
INSERT
  5
471
330
46C
100
AcDbEntity
  8
OLCU (BEYKENT)
 62
     0
440
 16777216
370
    -2
100
AcDbBlockReference
  2
_Oblique
 10
83139.79311605715
 20
3928.963027228792
 30
0.0
 41
5.0
 42
5.0
 43
5.0
 50
270.0
  0
INSERT
  5
472
330
46C
100
AcDbEntity
  8
OLCU (BEYKENT)
 62
     0
440
 16777216
370
    -2
100
AcDbBlockReference
  2
_Oblique
 10
83139.79311605715
 20
3944.963000049074
 30
0.0
 41
5.0
 42
5.0
 43
5.0
 50
90.0
  0
MTEXT
  5
473
330
46C
100
AcDbEntity
  8
OLCU (BEYKENT)
 62
     7
440
 16777216
370
    -3
100
AcDbMText
 10
83133.74153421394
 20
3936.963013638909
 30
0.0
 40
10.0
 41
0.0
 46
0.0
 71
     5
 72
     1
  1
16
  7
DSMOLC-50
 11
0.0000000000000001
 21
1.0
 31
0.0
 73
     1
 44
1.0
  0
POINT
  5
474
330
46C
100
AcDbEntity
  8
DEFPOINTS
 62
     0
440
 16777216
370
    -3
100
AcDbPoint
 10
83117.8215534357
 20
3928.963027228792
 30
0.0
  0
POINT
  5
475
330
46C
100
AcDbEntity
  8
DEFPOINTS
 62
     0
440
 16777216
370
    -3
100
AcDbPoint
 10
83117.8215534357
 20
3944.963000049074
 30
0.0
  0
POINT
  5
476
330
46C
100
AcDbEntity
  8
DEFPOINTS
 62
     0
440
 16777216
370
    -3
100
AcDbPoint
 10
83139.79311605715
 20
3944.963000049074
 30
0.0
  0
ENDBLK
  5
477
330
46C
100
AcDbEntity
  8
0
370
    -3
100
AcDbBlockEnd
  0
BLOCK
  5
479
330
478
100
AcDbEntity
  8
0
370
    -3
100
AcDbBlockBegin
  2
*D40
 70
     1
 10
0.0
 20
0.0
 30
0.0
  3
*D40
  1

  0
LINE
  5
47A
330
478
100
AcDbEntity
  8
OLCU (BEYKENT)
 62
     0
440
 16777216
370
    -2
100
AcDbLine
 10
83746.07789825699
 20
3884.963176478823
 30
0.0
 11
83769.85385932176
 21
3884.963176478823
 31
0.0
  0
LINE
  5
47B
330
478
100
AcDbEntity
  8
OLCU (BEYKENT)
 62
     0
440
 16777216
370
    -2
100
AcDbLine
 10
83746.07789825699
 20
3944.963000049074
 30
0.0
 11
83769.85385932176
 21
3944.963000049074
 31
0.0
  0
LINE
  5
47C
330
478
100
AcDbEntity
  8
OLCU (BEYKENT)
 62
     0
440
 16777216
370
    -2
100
AcDbLine
 10
83767.85385932176
 20
3884.963176478823
 30
0.0
 11
83767.85385932176
 21
3944.963000049074
 31
0.0
  0
INSERT
  5
47D
330
478
100
AcDbEntity
  8
OLCU (BEYKENT)
 62
     0
440
 16777216
370
    -2
100
AcDbBlockReference
  2
_Oblique
 10
83767.85385932176
 20
3884.963176478823
 30
0.0
 41
5.0
 42
5.0
 43
5.0
 50
270.0
  0
INSERT
  5
47E
330
478
100
AcDbEntity
  8
OLCU (BEYKENT)
 62
     0
440
 16777216
370
    -2
100
AcDbBlockReference
  2
_Oblique
 10
83767.85385932176
 20
3944.963000049074
 30
0.0
 41
5.0
 42
5.0
 43
5.0
 50
90.0
  0
MTEXT
  5
47F
330
478
100
AcDbEntity
  8
OLCU (BEYKENT)
 62
     7
440
 16777216
370
    -3
100
AcDbMText
 10
83761.75069563537
 20
3914.963088263924
 30
0.0
 40
10.0
 41
0.0
 46
0.0
 71
     5
 72
     1
  1
60
  7
DSMOLC-50
 11
0.0000000000000001
 21
1.0
 31
0.0
 73
     1
 44
1.0
  0
POINT
  5
480
330
478
100
AcDbEntity
  8
DEFPOINTS
 62
     0
440
 16777216
370
    -3
100
AcDbPoint
 10
83744.07789825699
 20
3884.963176478823
 30
0.0
  0
POINT
  5
481
330
478
100
AcDbEntity
  8
DEFPOINTS
 62
     0
440
 16777216
370
    -3
100
AcDbPoint
 10
83744.07789825699
 20
3944.963000049074
 30
0.0
  0
POINT
  5
482
330
478
100
AcDbEntity
  8
DEFPOINTS
 62
     0
440
 16777216
370
    -3
100
AcDbPoint
 10
83767.85385932176
 20
3944.963000049074
 30
0.0
  0
ENDBLK
  5
483
330
478
100
AcDbEntity
  8
0
370
    -3
100
AcDbBlockEnd
  0
BLOCK
  5
485
330
484
100
AcDbEntity
  8
0
370
    -3
100
AcDbBlockBegin
  2
*D41
 70
     1
 10
0.0
 20
0.0
 30
0.0
  3
*D41
  1

  0
LINE
  5
486
330
484
100
AcDbEntity
  8
OLCU (BEYKENT)
 62
     0
440
 16777216
370
    -2
100
AcDbLine
 10
83892.38715669193
 20
3928.963027228792
 30
0.0
 11
83914.35871931337
 21
3928.963027228792
 31
0.0
  0
LINE
  5
487
330
484
100
AcDbEntity
  8
OLCU (BEYKENT)
 62
     0
440
 16777216
370
    -2
100
AcDbLine
 10
83892.38715669193
 20
3944.963000049074
 30
0.0
 11
83914.35871931337
 21
3944.963000049074
 31
0.0
  0
LINE
  5
488
330
484
100
AcDbEntity
  8
OLCU (BEYKENT)
 62
     0
440
 16777216
370
    -2
100
AcDbLine
 10
83912.35871931337
 20
3928.963027228792
 30
0.0
 11
83912.35871931337
 21
3944.963000049074
 31
0.0
  0
INSERT
  5
489
330
484
100
AcDbEntity
  8
OLCU (BEYKENT)
 62
     0
440
 16777216
370
    -2
100
AcDbBlockReference
  2
_Oblique
 10
83912.35871931337
 20
3928.963027228792
 30
0.0
 41
5.0
 42
5.0
 43
5.0
 50
270.0
  0
INSERT
  5
48A
330
484
100
AcDbEntity
  8
OLCU (BEYKENT)
 62
     0
440
 16777216
370
    -2
100
AcDbBlockReference
  2
_Oblique
 10
83912.35871931337
 20
3944.963000049074
 30
0.0
 41
5.0
 42
5.0
 43
5.0
 50
90.0
  0
MTEXT
  5
48B
330
484
100
AcDbEntity
  8
OLCU (BEYKENT)
 62
     7
440
 16777216
370
    -3
100
AcDbMText
 10
83906.30713747016
 20
3936.963013638909
 30
0.0
 40
10.0
 41
0.0
 46
0.0
 71
     5
 72
     1
  1
16
  7
DSMOLC-50
 11
0.0000000000000001
 21
1.0
 31
0.0
 73
     1
 44
1.0
  0
POINT
  5
48C
330
484
100
AcDbEntity
  8
DEFPOINTS
 62
     0
440
 16777216
370
    -3
100
AcDbPoint
 10
83890.38715669192
 20
3928.963027228792
 30
0.0
  0
POINT
  5
48D
330
484
100
AcDbEntity
  8
DEFPOINTS
 62
     0
440
 16777216
370
    -3
100
AcDbPoint
 10
83890.38715669192
 20
3944.963000049074
 30
0.0
  0
POINT
  5
48E
330
484
100
AcDbEntity
  8
DEFPOINTS
 62
     0
440
 16777216
370
    -3
100
AcDbPoint
 10
83912.35871931337
 20
3944.963000049074
 30
0.0
  0
ENDBLK
  5
48F
330
484
100
AcDbEntity
  8
0
370
    -3
100
AcDbBlockEnd
  0
BLOCK
  5
491
330
490
100
AcDbEntity
  8
0
370
    -3
100
AcDbBlockBegin
  2
*D42
 70
     1
 10
0.0
 20
0.0
 30
0.0
  3
*D42
  1

  0
LINE
  5
492
330
490
100
AcDbEntity
  8
OLCU (BEYKENT)
 62
     0
440
 16777216
370
    -2
100
AcDbLine
 10
84506.07705425522
 20
3884.963176478823
 30
0.0
 11
84529.85301531999
 21
3884.963176478823
 31
0.0
  0
LINE
  5
493
330
490
100
AcDbEntity
  8
OLCU (BEYKENT)
 62
     0
440
 16777216
370
    -2
100
AcDbLine
 10
84506.07705425522
 20
3944.963000049074
 30
0.0
 11
84529.85301531999
 21
3944.963000049074
 31
0.0
  0
LINE
  5
494
330
490
100
AcDbEntity
  8
OLCU (BEYKENT)
 62
     0
440
 16777216
370
    -2
100
AcDbLine
 10
84527.85301531999
 20
3884.963176478823
 30
0.0
 11
84527.85301531999
 21
3944.963000049074
 31
0.0
  0
INSERT
  5
495
330
490
100
AcDbEntity
  8
OLCU (BEYKENT)
 62
     0
440
 16777216
370
    -2
100
AcDbBlockReference
  2
_Oblique
 10
84527.85301531999
 20
3884.963176478823
 30
0.0
 41
5.0
 42
5.0
 43
5.0
 50
270.0
  0
INSERT
  5
496
330
490
100
AcDbEntity
  8
OLCU (BEYKENT)
 62
     0
440
 16777216
370
    -2
100
AcDbBlockReference
  2
_Oblique
 10
84527.85301531999
 20
3944.963000049074
 30
0.0
 41
5.0
 42
5.0
 43
5.0
 50
90.0
  0
MTEXT
  5
497
330
490
100
AcDbEntity
  8
OLCU (BEYKENT)
 62
     7
440
 16777216
370
    -3
100
AcDbMText
 10
84521.7498516336
 20
3914.963088263924
 30
0.0
 40
10.0
 41
0.0
 46
0.0
 71
     5
 72
     1
  1
60
  7
DSMOLC-50
 11
0.0000000000000001
 21
1.0
 31
0.0
 73
     1
 44
1.0
  0
POINT
  5
498
330
490
100
AcDbEntity
  8
DEFPOINTS
 62
     0
440
 16777216
370
    -3
100
AcDbPoint
 10
84504.07705425522
 20
3884.963176478823
 30
0.0
  0
POINT
  5
499
330
490
100
AcDbEntity
  8
DEFPOINTS
 62
     0
440
 16777216
370
    -3
100
AcDbPoint
 10
84504.07705425522
 20
3944.963000049074
 30
0.0
  0
POINT
  5
49A
330
490
100
AcDbEntity
  8
DEFPOINTS
 62
     0
440
 16777216
370
    -3
100
AcDbPoint
 10
84527.85301531999
 20
3944.963000049074
 30
0.0
  0
ENDBLK
  5
49B
330
490
100
AcDbEntity
  8
0
370
    -3
100
AcDbBlockEnd
  0
BLOCK
  5
49D
330
49C
100
AcDbEntity
  8
0
370
    -3
100
AcDbBlockBegin
  2
*D43
 70
     1
 10
0.0
 20
0.0
 30
0.0
  3
*D43
  1

  0
LINE
  5
49E
330
49C
100
AcDbEntity
  8
OLCU (BEYKENT)
 62
     0
440
 16777216
370
    -2
100
AcDbLine
 10
84652.38631269016
 20
3928.963027228792
 30
0.0
 11
84674.3578753116
 21
3928.963027228792
 31
0.0
  0
LINE
  5
49F
330
49C
100
AcDbEntity
  8
OLCU (BEYKENT)
 62
     0
440
 16777216
370
    -2
100
AcDbLine
 10
84652.38631269016
 20
3944.963000049074
 30
0.0
 11
84674.3578753116
 21
3944.963000049074
 31
0.0
  0
LINE
  5
4A0
330
49C
100
AcDbEntity
  8
OLCU (BEYKENT)
 62
     0
440
 16777216
370
    -2
100
AcDbLine
 10
84672.3578753116
 20
3928.963027228792
 30
0.0
 11
84672.3578753116
 21
3944.963000049074
 31
0.0
  0
INSERT
  5
4A1
330
49C
100
AcDbEntity
  8
OLCU (BEYKENT)
 62
     0
440
 16777216
370
    -2
100
AcDbBlockReference
  2
_Oblique
 10
84672.3578753116
 20
3928.963027228792
 30
0.0
 41
5.0
 42
5.0
 43
5.0
 50
270.0
  0
INSERT
  5
4A2
330
49C
100
AcDbEntity
  8
OLCU (BEYKENT)
 62
     0
440
 16777216
370
    -2
100
AcDbBlockReference
  2
_Oblique
 10
84672.3578753116
 20
3944.963000049074
 30
0.0
 41
5.0
 42
5.0
 43
5.0
 50
90.0
  0
MTEXT
  5
4A3
330
49C
100
AcDbEntity
  8
OLCU (BEYKENT)
 62
     7
440
 16777216
370
    -3
100
AcDbMText
 10
84666.30629346839
 20
3936.963013638909
 30
0.0
 40
10.0
 41
0.0
 46
0.0
 71
     5
 72
     1
  1
16
  7
DSMOLC-50
 11
0.0000000000000001
 21
1.0
 31
0.0
 73
     1
 44
1.0
  0
POINT
  5
4A4
330
49C
100
AcDbEntity
  8
DEFPOINTS
 62
     0
440
 16777216
370
    -3
100
AcDbPoint
 10
84650.38631269015
 20
3928.963027228792
 30
0.0
  0
POINT
  5
4A5
330
49C
100
AcDbEntity
  8
DEFPOINTS
 62
     0
440
 16777216
370
    -3
100
AcDbPoint
 10
84650.38631269015
 20
3944.963000049074
 30
0.0
  0
POINT
  5
4A6
330
49C
100
AcDbEntity
  8
DEFPOINTS
 62
     0
440
 16777216
370
    -3
100
AcDbPoint
 10
84672.3578753116
 20
3944.963000049074
 30
0.0
  0
ENDBLK
  5
4A7
330
49C
100
AcDbEntity
  8
0
370
    -3
100
AcDbBlockEnd
  0
BLOCK
  5
4A9
330
4A8
100
AcDbEntity
  8
0
370
    -3
100
AcDbBlockBegin
  2
*D44
 70
     1
 10
0.0
 20
0.0
 30
0.0
  3
*D44
  1

  0
LINE
  5
4AA
330
4A8
100
AcDbEntity
  8
OLCU (BEYKENT)
 62
     0
440
 16777216
370
    -2
100
AcDbLine
 10
85316.07675861618
 20
3884.963176478823
 30
0.0
 11
85339.85271968095
 21
3884.963176478823
 31
0.0
  0
LINE
  5
4AB
330
4A8
100
AcDbEntity
  8
OLCU (BEYKENT)
 62
     0
440
 16777216
370
    -2
100
AcDbLine
 10
85316.07675861618
 20
3944.963000049074
 30
0.0
 11
85339.85271968095
 21
3944.963000049074
 31
0.0
  0
LINE
  5
4AC
330
4A8
100
AcDbEntity
  8
OLCU (BEYKENT)
 62
     0
440
 16777216
370
    -2
100
AcDbLine
 10
85337.85271968095
 20
3884.963176478823
 30
0.0
 11
85337.85271968095
 21
3944.963000049074
 31
0.0
  0
INSERT
  5
4AD
330
4A8
100
AcDbEntity
  8
OLCU (BEYKENT)
 62
     0
440
 16777216
370
    -2
100
AcDbBlockReference
  2
_Oblique
 10
85337.85271968095
 20
3884.963176478823
 30
0.0
 41
5.0
 42
5.0
 43
5.0
 50
270.0
  0
INSERT
  5
4AE
330
4A8
100
AcDbEntity
  8
OLCU (BEYKENT)
 62
     0
440
 16777216
370
    -2
100
AcDbBlockReference
  2
_Oblique
 10
85337.85271968095
 20
3944.963000049074
 30
0.0
 41
5.0
 42
5.0
 43
5.0
 50
90.0
  0
MTEXT
  5
4AF
330
4A8
100
AcDbEntity
  8
OLCU (BEYKENT)
 62
     7
440
 16777216
370
    -3
100
AcDbMText
 10
85331.74955599456
 20
3914.963088263924
 30
0.0
 40
10.0
 41
0.0
 46
0.0
 71
     5
 72
     1
  1
60
  7
DSMOLC-50
 11
0.0000000000000001
 21
1.0
 31
0.0
 73
     1
 44
1.0
  0
POINT
  5
4B0
330
4A8
100
AcDbEntity
  8
DEFPOINTS
 62
     0
440
 16777216
370
    -3
100
AcDbPoint
 10
85314.07675861618
 20
3884.963176478823
 30
0.0
  0
POINT
  5
4B1
330
4A8
100
AcDbEntity
  8
DEFPOINTS
 62
     0
440
 16777216
370
    -3
100
AcDbPoint
 10
85314.07675861618
 20
3944.963000049074
 30
0.0
  0
POINT
  5
4B2
330
4A8
100
AcDbEntity
  8
DEFPOINTS
 62
     0
440
 16777216
370
    -3
100
AcDbPoint
 10
85337.85271968095
 20
3944.963000049074
 30
0.0
  0
ENDBLK
  5
4B3
330
4A8
100
AcDbEntity
  8
0
370
    -3
100
AcDbBlockEnd
  0
BLOCK
  5
4B5
330
4B4
100
AcDbEntity
  8
0
370
    -3
100
AcDbBlockBegin
  2
*D45
 70
     1
 10
0.0
 20
0.0
 30
0.0
  3
*D45
  1

  0
LINE
  5
4B6
330
4B4
100
AcDbEntity
  8
OLCU (BEYKENT)
 62
     0
440
 16777216
370
    -2
100
AcDbLine
 10
79312.84397064942
 20
3506.55976343155
 30
0.0
 11
79312.84397064942
 21
3482.5808584068
 31
0.0
  0
LINE
  5
4B7
330
4B4
100
AcDbEntity
  8
OLCU (BEYKENT)
 62
     0
440
 16777216
370
    -2
100
AcDbLine
 10
79252.84399806756
 20
3506.65975022316
 30
0.0
 11
79252.84399806756
 21
3482.5808584068
 31
0.0
  0
LINE
  5
4B8
330
4B4
100
AcDbEntity
  8
OLCU (BEYKENT)
 62
     0
440
 16777216
370
    -2
100
AcDbLine
 10
79312.84397064942
 20
3484.5808584068
 30
0.0
 11
79252.84399806756
 21
3484.5808584068
 31
0.0
  0
INSERT
  5
4B9
330
4B4
100
AcDbEntity
  8
OLCU (BEYKENT)
 62
     0
440
 16777216
370
    -2
100
AcDbBlockReference
  2
_Oblique
 10
79312.84397064942
 20
3484.5808584068
 30
0.0
 41
5.0
 42
5.0
 43
5.0
  0
INSERT
  5
4BA
330
4B4
100
AcDbEntity
  8
OLCU (BEYKENT)
 62
     0
440
 16777216
370
    -2
100
AcDbBlockReference
  2
_Oblique
 10
79252.84399806756
 20
3484.5808584068
 30
0.0
 41
5.0
 42
5.0
 43
5.0
 50
180.0
  0
MTEXT
  5
4BB
330
4B4
100
AcDbEntity
  8
OLCU (BEYKENT)
 62
     7
440
 16777216
370
    -3
100
AcDbMText
 10
79282.84398435849
 20
3490.684022093182
 30
0.0
 40
10.0
 41
0.0
 46
0.0
 71
     5
 72
     1
  1
60
  7
DSMOLC-50
 73
     1
 44
1.0
  0
POINT
  5
4BC
330
4B4
100
AcDbEntity
  8
DEFPOINTS
 62
     0
440
 16777216
370
    -3
100
AcDbPoint
 10
79312.84397064942
 20
3508.559763431549
 30
0.0
  0
POINT
  5
4BD
330
4B4
100
AcDbEntity
  8
DEFPOINTS
 62
     0
440
 16777216
370
    -3
100
AcDbPoint
 10
79252.84399806756
 20
3508.65975022316
 30
0.0
  0
POINT
  5
4BE
330
4B4
100
AcDbEntity
  8
DEFPOINTS
 62
     0
440
 16777216
370
    -3
100
AcDbPoint
 10
79252.84399806756
 20
3484.5808584068
 30
0.0
  0
ENDBLK
  5
4BF
330
4B4
100
AcDbEntity
  8
0
370
    -3
100
AcDbBlockEnd
  0
BLOCK
  5
4C1
330
4C0
100
AcDbEntity
  8
0
370
    -3
100
AcDbBlockBegin
  2
*D46
 70
     1
 10
0.0
 20
0.0
 30
0.0
  3
*D46
  1

  0
LINE
  5
4C2
330
4C0
100
AcDbEntity
  8
OLCU (BEYKENT)
 62
     0
440
 16777216
370
    -2
100
AcDbLine
 10
79252.84399806756
 20
3341.559950590134
 30
0.0
 11
79252.84399806756
 21
3326.947782587522
 31
0.0
  0
LINE
  5
4C3
330
4C0
100
AcDbEntity
  8
OLCU (BEYKENT)
 62
     0
440
 16777216
370
    -2
100
AcDbLine
 10
79268.84397088784
 20
3341.559950590134
 30
0.0
 11
79268.84397088784
 21
3326.947782587522
 31
0.0
  0
LINE
  5
4C4
330
4C0
100
AcDbEntity
  8
OLCU (BEYKENT)
 62
     0
440
 16777216
370
    -2
100
AcDbLine
 10
79252.84399806756
 20
3328.947782587522
 30
0.0
 11
79268.84397088784
 21
3328.947782587522
 31
0.0
  0
INSERT
  5
4C5
330
4C0
100
AcDbEntity
  8
OLCU (BEYKENT)
 62
     0
440
 16777216
370
    -2
100
AcDbBlockReference
  2
_Oblique
 10
79252.84399806756
 20
3328.947782587522
 30
0.0
 41
5.0
 42
5.0
 43
5.0
 50
180.0
  0
INSERT
  5
4C6
330
4C0
100
AcDbEntity
  8
OLCU (BEYKENT)
 62
     0
440
 16777216
370
    -2
100
AcDbBlockReference
  2
_Oblique
 10
79268.84397088784
 20
3328.947782587522
 30
0.0
 41
5.0
 42
5.0
 43
5.0
  0
MTEXT
  5
4C7
330
4C0
100
AcDbEntity
  8
OLCU (BEYKENT)
 62
     7
440
 16777216
370
    -3
100
AcDbMText
 10
79260.8439844777
 20
3334.999364430713
 30
0.0
 40
10.0
 41
0.0
 46
0.0
 71
     5
 72
     1
  1
16
  7
DSMOLC-50
 73
     1
 44
1.0
  0
POINT
  5
4C8
330
4C0
100
AcDbEntity
  8
DEFPOINTS
 62
     0
440
 16777216
370
    -3
100
AcDbPoint
 10
79252.84399806756
 20
3343.559950590134
 30
0.0
  0
POINT
  5
4C9
330
4C0
100
AcDbEntity
  8
DEFPOINTS
 62
     0
440
 16777216
370
    -3
100
AcDbPoint
 10
79268.84397088784
 20
3343.559950590134
 30
0.0
  0
POINT
  5
4CA
330
4C0
100
AcDbEntity
  8
DEFPOINTS
 62
     0
440
 16777216
370
    -3
100
AcDbPoint
 10
79268.84397088784
 20
3328.947782587522
 30
0.0
  0
ENDBLK
  5
4CB
330
4C0
100
AcDbEntity
  8
0
370
    -3
100
AcDbBlockEnd
  0
BLOCK
  5
4CD
330
4CC
100
AcDbEntity
  8
0
370
    -3
100
AcDbBlockBegin
  2
*D47
 70
     1
 10
0.0
 20
0.0
 30
0.0
  3
*D47
  1

  0
LINE
  5
4CE
330
4CC
100
AcDbEntity
  8
OLCU (BEYKENT)
 62
     0
440
 16777216
370
    -2
100
AcDbLine
 10
79312.84397064942
 20
3146.559927940369
 30
0.0
 11
79312.84397064942
 21
3128.108455883689
 31
0.0
  0
LINE
  5
4CF
330
4CC
100
AcDbEntity
  8
OLCU (BEYKENT)
 62
     0
440
 16777216
370
    -2
100
AcDbLine
 10
79252.84399806757
 20
3146.560175824881
 30
0.0
 11
79252.84399806757
 21
3128.108455883689
 31
0.0
  0
LINE
  5
4D0
330
4CC
100
AcDbEntity
  8
OLCU (BEYKENT)
 62
     0
440
 16777216
370
    -2
100
AcDbLine
 10
79312.84397064942
 20
3130.108455883688
 30
0.0
 11
79252.84399806757
 21
3130.108455883688
 31
0.0
  0
INSERT
  5
4D1
330
4CC
100
AcDbEntity
  8
OLCU (BEYKENT)
 62
     0
440
 16777216
370
    -2
100
AcDbBlockReference
  2
_Oblique
 10
79312.84397064942
 20
3130.108455883688
 30
0.0
 41
5.0
 42
5.0
 43
5.0
  0
INSERT
  5
4D2
330
4CC
100
AcDbEntity
  8
OLCU (BEYKENT)
 62
     0
440
 16777216
370
    -2
100
AcDbBlockReference
  2
_Oblique
 10
79252.84399806757
 20
3130.108455883688
 30
0.0
 41
5.0
 42
5.0
 43
5.0
 50
180.0
  0
MTEXT
  5
4D3
330
4CC
100
AcDbEntity
  8
OLCU (BEYKENT)
 62
     7
440
 16777216
370
    -3
100
AcDbMText
 10
79282.84398435851
 20
3136.211619570071
 30
0.0
 40
10.0
 41
0.0
 46
0.0
 71
     5
 72
     1
  1
60
  7
DSMOLC-50
 73
     1
 44
1.0
  0
POINT
  5
4D4
330
4CC
100
AcDbEntity
  8
DEFPOINTS
 62
     0
440
 16777216
370
    -3
100
AcDbPoint
 10
79312.84397064942
 20
3148.559927940369
 30
0.0
  0
POINT
  5
4D5
330
4CC
100
AcDbEntity
  8
DEFPOINTS
 62
     0
440
 16777216
370
    -3
100
AcDbPoint
 10
79252.84399806757
 20
3148.560175824882
 30
0.0
  0
POINT
  5
4D6
330
4CC
100
AcDbEntity
  8
DEFPOINTS
 62
     0
440
 16777216
370
    -3
100
AcDbPoint
 10
79252.84399806757
 20
3130.108455883688
 30
0.0
  0
ENDBLK
  5
4D7
330
4CC
100
AcDbEntity
  8
0
370
    -3
100
AcDbBlockEnd
  0
BLOCK
  5
4D9
330
4D8
100
AcDbEntity
  8
0
370
    -3
100
AcDbBlockBegin
  2
*D48
 70
     1
 10
0.0
 20
0.0
 30
0.0
  3
*D48
  1

  0
LINE
  5
4DA
330
4D8
100
AcDbEntity
  8
OLCU (BEYKENT)
 62
     0
440
 16777216
370
    -2
100
AcDbLine
 10
79252.84398245113
 20
2960.015698294208
 30
0.0
 11
79252.84398245113
 21
2943.018200390172
 31
0.0
  0
LINE
  5
4DB
330
4D8
100
AcDbEntity
  8
OLCU (BEYKENT)
 62
     0
440
 16777216
370
    -2
100
AcDbLine
 10
79268.84395527141
 20
2960.01569695478
 30
0.0
 11
79268.84395527141
 21
2943.018200390172
 31
0.0
  0
LINE
  5
4DC
330
4D8
100
AcDbEntity
  8
OLCU (BEYKENT)
 62
     0
440
 16777216
370
    -2
100
AcDbLine
 10
79252.84398245113
 20
2945.018200390172
 30
0.0
 11
79268.84395527141
 21
2945.018200390172
 31
0.0
  0
INSERT
  5
4DD
330
4D8
100
AcDbEntity
  8
OLCU (BEYKENT)
 62
     0
440
 16777216
370
    -2
100
AcDbBlockReference
  2
_Oblique
 10
79252.84398245113
 20
2945.018200390172
 30
0.0
 41
5.0
 42
5.0
 43
5.0
 50
180.0
  0
INSERT
  5
4DE
330
4D8
100
AcDbEntity
  8
OLCU (BEYKENT)
 62
     0
440
 16777216
370
    -2
100
AcDbBlockReference
  2
_Oblique
 10
79268.84395527141
 20
2945.018200390172
 30
0.0
 41
5.0
 42
5.0
 43
5.0
  0
MTEXT
  5
4DF
330
4D8
100
AcDbEntity
  8
OLCU (BEYKENT)
 62
     7
440
 16777216
370
    -3
100
AcDbMText
 10
79260.84396886127
 20
2951.069782233363
 30
0.0
 40
10.0
 41
0.0
 46
0.0
 71
     5
 72
     1
  1
16
  7
DSMOLC-50
 73
     1
 44
1.0
  0
POINT
  5
4E0
330
4D8
100
AcDbEntity
  8
DEFPOINTS
 62
     0
440
 16777216
370
    -3
100
AcDbPoint
 10
79252.84398245113
 20
2962.015698294208
 30
0.0
  0
POINT
  5
4E1
330
4D8
100
AcDbEntity
  8
DEFPOINTS
 62
     0
440
 16777216
370
    -3
100
AcDbPoint
 10
79268.84395527141
 20
2962.015696954781
 30
0.0
  0
POINT
  5
4E2
330
4D8
100
AcDbEntity
  8
DEFPOINTS
 62
     0
440
 16777216
370
    -3
100
AcDbPoint
 10
79268.84395527141
 20
2945.018200390172
 30
0.0
  0
ENDBLK
  5
4E3
330
4D8
100
AcDbEntity
  8
0
370
    -3
100
AcDbBlockEnd
  0
BLOCK
  5
4E5
330
4E4
100
AcDbEntity
  8
0
370
    -3
100
AcDbBlockBegin
  2
*D49
 70
     1
 10
0.0
 20
0.0
 30
0.0
  3
*D49
  1

  0
LINE
  5
4E6
330
4E4
100
AcDbEntity
  8
OLCU (BEYKENT)
 62
     0
440
 16777216
370
    -2
100
AcDbLine
 10
79312.84393339652
 20
2705.559696674347
 30
0.0
 11
79312.84393339652
 21
2727.483503613548
 31
0.0
  0
LINE
  5
4E7
330
4E4
100
AcDbEntity
  8
OLCU (BEYKENT)
 62
     0
440
 16777216
370
    -2
100
AcDbLine
 10
79252.84396081467
 20
2705.559834738316
 30
0.0
 11
79252.84396081467
 21
2727.483503613548
 31
0.0
  0
LINE
  5
4E8
330
4E4
100
AcDbEntity
  8
OLCU (BEYKENT)
 62
     0
440
 16777216
370
    -2
100
AcDbLine
 10
79312.84393339652
 20
2725.483503613548
 30
0.0
 11
79252.84396081467
 21
2725.483503613548
 31
0.0
  0
INSERT
  5
4E9
330
4E4
100
AcDbEntity
  8
OLCU (BEYKENT)
 62
     0
440
 16777216
370
    -2
100
AcDbBlockReference
  2
_Oblique
 10
79312.84393339652
 20
2725.483503613548
 30
0.0
 41
5.0
 42
5.0
 43
5.0
  0
INSERT
  5
4EA
330
4E4
100
AcDbEntity
  8
OLCU (BEYKENT)
 62
     0
440
 16777216
370
    -2
100
AcDbBlockReference
  2
_Oblique
 10
79252.84396081467
 20
2725.483503613548
 30
0.0
 41
5.0
 42
5.0
 43
5.0
 50
180.0
  0
MTEXT
  5
4EB
330
4E4
100
AcDbEntity
  8
OLCU (BEYKENT)
 62
     7
440
 16777216
370
    -3
100
AcDbMText
 10
79282.8439471056
 20
2731.586667299931
 30
0.0
 40
10.0
 41
0.0
 46
0.0
 71
     5
 72
     1
  1
60
  7
DSMOLC-50
 73
     1
 44
1.0
  0
POINT
  5
4EC
330
4E4
100
AcDbEntity
  8
DEFPOINTS
 62
     0
440
 16777216
370
    -3
100
AcDbPoint
 10
79312.84393339652
 20
2703.559696674347
 30
0.0
  0
POINT
  5
4ED
330
4E4
100
AcDbEntity
  8
DEFPOINTS
 62
     0
440
 16777216
370
    -3
100
AcDbPoint
 10
79252.84396081467
 20
2703.559834738316
 30
0.0
  0
POINT
  5
4EE
330
4E4
100
AcDbEntity
  8
DEFPOINTS
 62
     0
440
 16777216
370
    -3
100
AcDbPoint
 10
79252.84396081467
 20
2725.483503613548
 30
0.0
  0
ENDBLK
  5
4EF
330
4E4
100
AcDbEntity
  8
0
370
    -3
100
AcDbBlockEnd
  0
BLOCK
  5
4F1
330
4F0
100
AcDbEntity
  8
0
370
    -3
100
AcDbBlockBegin
  2
*D50
 70
     1
 10
0.0
 20
0.0
 30
0.0
  3
*D50
  1

  0
LINE
  5
4F2
330
4F0
100
AcDbEntity
  8
OLCU (BEYKENT)
 62
     0
440
 16777216
370
    -2
100
AcDbLine
 10
79252.84396081465
 20
2644.870201324651
 30
0.0
 11
79252.84396081465
 21
2637.43380497866
 31
0.0
  0
LINE
  5
4F3
330
4F0
100
AcDbEntity
  8
OLCU (BEYKENT)
 62
     0
440
 16777216
370
    -2
100
AcDbLine
 10
79268.84393363494
 20
2644.870201324651
 30
0.0
 11
79268.84393363494
 21
2637.43380497866
 31
0.0
  0
LINE
  5
4F4
330
4F0
100
AcDbEntity
  8
OLCU (BEYKENT)
 62
     0
440
 16777216
370
    -2
100
AcDbLine
 10
79252.84396081465
 20
2639.43380497866
 30
0.0
 11
79268.84393363494
 21
2639.43380497866
 31
0.0
  0
INSERT
  5
4F5
330
4F0
100
AcDbEntity
  8
OLCU (BEYKENT)
 62
     0
440
 16777216
370
    -2
100
AcDbBlockReference
  2
_Oblique
 10
79252.84396081465
 20
2639.43380497866
 30
0.0
 41
5.0
 42
5.0
 43
5.0
 50
180.0
  0
INSERT
  5
4F6
330
4F0
100
AcDbEntity
  8
OLCU (BEYKENT)
 62
     0
440
 16777216
370
    -2
100
AcDbBlockReference
  2
_Oblique
 10
79268.84393363494
 20
2639.43380497866
 30
0.0
 41
5.0
 42
5.0
 43
5.0
  0
MTEXT
  5
4F7
330
4F0
100
AcDbEntity
  8
OLCU (BEYKENT)
 62
     7
440
 16777216
370
    -3
100
AcDbMText
 10
79260.84394722479
 20
2645.485386821852
 30
0.0
 40
10.0
 41
0.0
 46
0.0
 71
     5
 72
     1
  1
16
  7
DSMOLC-50
 73
     1
 44
1.0
  0
POINT
  5
4F8
330
4F0
100
AcDbEntity
  8
DEFPOINTS
 62
     0
440
 16777216
370
    -3
100
AcDbPoint
 10
79252.84396081465
 20
2646.870201324651
 30
0.0
  0
POINT
  5
4F9
330
4F0
100
AcDbEntity
  8
DEFPOINTS
 62
     0
440
 16777216
370
    -3
100
AcDbPoint
 10
79268.84393363494
 20
2646.870201324651
 30
0.0
  0
POINT
  5
4FA
330
4F0
100
AcDbEntity
  8
DEFPOINTS
 62
     0
440
 16777216
370
    -3
100
AcDbPoint
 10
79268.84393363494
 20
2639.43380497866
 30
0.0
  0
ENDBLK
  5
4FB
330
4F0
100
AcDbEntity
  8
0
370
    -3
100
AcDbBlockEnd
  0
BLOCK
  5
4FD
330
4FC
100
AcDbEntity
  8
0
370
    -3
100
AcDbBlockBegin
  2
*D51
 70
     1
 10
0.0
 20
0.0
 30
0.0
  3
*D51
  1

  0
LINE
  5
4FE
330
4FC
100
AcDbEntity
  8
OLCU (BEYKENT)
 62
     0
440
 16777216
370
    -2
100
AcDbLine
 10
79312.84393339652
 20
2575.559731245041
 30
0.0
 11
79312.84393339652
 21
2601.595941984517
 31
0.0
  0
LINE
  5
4FF
330
4FC
100
AcDbEntity
  8
OLCU (BEYKENT)
 62
     0
440
 16777216
370
    -2
100
AcDbLine
 10
79252.84396081465
 20
2575.559731245041
 30
0.0
 11
79252.84396081465
 21
2601.595941984517
 31
0.0
  0
LINE
  5
500
330
4FC
100
AcDbEntity
  8
OLCU (BEYKENT)
 62
     0
440
 16777216
370
    -2
100
AcDbLine
 10
79312.84393339652
 20
2599.595941984517
 30
0.0
 11
79252.84396081465
 21
2599.595941984517
 31
0.0
  0
INSERT
  5
501
330
4FC
100
AcDbEntity
  8
OLCU (BEYKENT)
 62
     0
440
 16777216
370
    -2
100
AcDbBlockReference
  2
_Oblique
 10
79312.84393339652
 20
2599.595941984517
 30
0.0
 41
5.0
 42
5.0
 43
5.0
  0
INSERT
  5
502
330
4FC
100
AcDbEntity
  8
OLCU (BEYKENT)
 62
     0
440
 16777216
370
    -2
100
AcDbBlockReference
  2
_Oblique
 10
79252.84396081465
 20
2599.595941984517
 30
0.0
 41
5.0
 42
5.0
 43
5.0
 50
180.0
  0
MTEXT
  5
503
330
4FC
100
AcDbEntity
  8
OLCU (BEYKENT)
 62
     7
440
 16777216
370
    -3
100
AcDbMText
 10
79282.84394710559
 20
2605.699105670899
 30
0.0
 40
10.0
 41
0.0
 46
0.0
 71
     5
 72
     1
  1
60
  7
DSMOLC-50
 73
     1
 44
1.0
  0
POINT
  5
504
330
4FC
100
AcDbEntity
  8
DEFPOINTS
 62
     0
440
 16777216
370
    -3
100
AcDbPoint
 10
79312.84393339652
 20
2573.559731245041
 30
0.0
  0
POINT
  5
505
330
4FC
100
AcDbEntity
  8
DEFPOINTS
 62
     0
440
 16777216
370
    -3
100
AcDbPoint
 10
79252.84396081465
 20
2573.559731245041
 30
0.0
  0
POINT
  5
506
330
4FC
100
AcDbEntity
  8
DEFPOINTS
 62
     0
440
 16777216
370
    -3
100
AcDbPoint
 10
79252.84396081465
 20
2599.595941984517
 30
0.0
  0
ENDBLK
  5
507
330
4FC
100
AcDbEntity
  8
0
370
    -3
100
AcDbBlockEnd
  0
BLOCK
  5
1460
330
145F
100
AcDbEntity
  8
0
100
AcDbBlockBegin
  2
*D53
 70
     1
 10
0.0
 20
0.0
 30
0.0
  3
*D53
  1

  0
LINE
  5
16B7
330
145F
100
AcDbEntity
  8
AKS OLCU (BEYKENT)
 62
     0
440
 16777216
370
    -2
100
AcDbLine
 10
2830.336945604951
 20
2207.365858364421
 30
0.0
 11
2830.336945604951
 21
2195.365858364421
 31
0.0
  0
LINE
  5
16B8
330
145F
100
AcDbEntity
  8
AKS OLCU (BEYKENT)
 62
     0
440
 16777216
370
    -2
100
AcDbLine
 10
3440.336840700777
 20
2207.365858364421
 30
0.0
 11
3440.336840700777
 21
2195.365858364421
 31
0.0
  0
LINE
  5
16B9
330
145F
100
AcDbEntity
  8
AKS OLCU (BEYKENT)
 62
     0
440
 16777216
370
    -2
100
AcDbLine
 10
2830.336945604951
 20
2197.36585836442
 30
0.0
 11
3440.336840700777
 21
2197.36585836442
 31
0.0
  0
INSERT
  5
16BA
330
145F
100
AcDbEntity
  8
AKS OLCU (BEYKENT)
 62
     0
440
 16777216
370
    -2
100
AcDbBlockReference
  2
_Oblique
 10
2830.336945604951
 20
2197.36585836442
 30
0.0
 41
5.0
 42
5.0
 43
5.0
 50
180.0
  0
INSERT
  5
16BB
330
145F
100
AcDbEntity
  8
AKS OLCU (BEYKENT)
 62
     0
440
 16777216
370
    -2
100
AcDbBlockReference
  2
_Oblique
 10
3440.336840700777
 20
2197.36585836442
 30
0.0
 41
5.0
 42
5.0
 43
5.0
  0
MTEXT
  5
16BC
330
145F
100
AcDbEntity
  8
AKS OLCU (BEYKENT)
 62
     7
440
 16777216
100
AcDbMText
 10
3135.336893152864
 20
2204.999971156718
 30
0.0
 40
13.0
 41
0.0
 46
0.0
 71
     5
 72
     1
  1
610
  7
DSMOLC-50
 73
     1
 44
1.0
  0
POINT
  5
16BD
330
145F
100
AcDbEntity
  8
DEFPOINTS
 62
     0
440
 16777216
100
AcDbPoint
 10
2830.336945604951
 20
2209.365858364421
 30
0.0
  0
POINT
  5
16BE
330
145F
100
AcDbEntity
  8
DEFPOINTS
 62
     0
440
 16777216
100
AcDbPoint
 10
3440.336840700777
 20
2209.365858364421
 30
0.0
  0
POINT
  5
16BF
330
145F
100
AcDbEntity
  8
DEFPOINTS
 62
     0
440
 16777216
100
AcDbPoint
 10
3440.336840700777
 20
2197.36585836442
 30
0.0
  0
ENDBLK
  5
1461
330
145F
100
AcDbEntity
  8
0
100
AcDbBlockEnd
  0
BLOCK
  5
146C
330
146B
100
AcDbEntity
  8
0
100
AcDbBlockBegin
  2
*D54
 70
     1
 10
0.0
 20
0.0
 30
0.0
  3
*D54
  1

  0
LINE
  5
16C0
330
146B
100
AcDbEntity
  8
AKS OLCU (BEYKENT)
 62
     0
440
 16777216
370
    -2
100
AcDbLine
 10
3440.336840700777
 20
2207.365858364421
 30
0.0
 11
3440.336840700777
 21
2195.365858364421
 31
0.0
  0
LINE
  5
16C1
330
146B
100
AcDbEntity
  8
AKS OLCU (BEYKENT)
 62
     0
440
 16777216
370
    -2
100
AcDbLine
 10
3985.336976599367
 20
2207.365858364421
 30
0.0
 11
3985.336976599367
 21
2195.365858364421
 31
0.0
  0
LINE
  5
16C2
330
146B
100
AcDbEntity
  8
AKS OLCU (BEYKENT)
 62
     0
440
 16777216
370
    -2
100
AcDbLine
 10
3440.336840700777
 20
2197.36585836442
 30
0.0
 11
3985.336976599367
 21
2197.36585836442
 31
0.0
  0
INSERT
  5
16C3
330
146B
100
AcDbEntity
  8
AKS OLCU (BEYKENT)
 62
     0
440
 16777216
370
    -2
100
AcDbBlockReference
  2
_Oblique
 10
3440.336840700777
 20
2197.36585836442
 30
0.0
 41
5.0
 42
5.0
 43
5.0
 50
180.0
  0
INSERT
  5
16C4
330
146B
100
AcDbEntity
  8
AKS OLCU (BEYKENT)
 62
     0
440
 16777216
370
    -2
100
AcDbBlockReference
  2
_Oblique
 10
3985.336976599367
 20
2197.36585836442
 30
0.0
 41
5.0
 42
5.0
 43
5.0
  0
MTEXT
  5
16C5
330
146B
100
AcDbEntity
  8
AKS OLCU (BEYKENT)
 62
     7
440
 16777216
100
AcDbMText
 10
3712.836908650072
 20
2204.932914760569
 30
0.0
 40
13.0
 41
0.0
 46
0.0
 71
     5
 72
     1
  1
545
  7
DSMOLC-50
 73
     1
 44
1.0
  0
POINT
  5
16C6
330
146B
100
AcDbEntity
  8
DEFPOINTS
 62
     0
440
 16777216
100
AcDbPoint
 10
3440.336840700777
 20
2209.365858364421
 30
0.0
  0
POINT
  5
16C7
330
146B
100
AcDbEntity
  8
DEFPOINTS
 62
     0
440
 16777216
100
AcDbPoint
 10
3985.336976599367
 20
2209.365858364421
 30
0.0
  0
POINT
  5
16C8
330
146B
100
AcDbEntity
  8
DEFPOINTS
 62
     0
440
 16777216
100
AcDbPoint
 10
3985.336976599367
 20
2197.36585836442
 30
0.0
  0
ENDBLK
  5
146D
330
146B
100
AcDbEntity
  8
0
100
AcDbBlockEnd
  0
BLOCK
  5
1478
330
1477
100
AcDbEntity
  8
0
100
AcDbBlockBegin
  2
*D55
 70
     1
 10
0.0
 20
0.0
 30
0.0
  3
*D55
  1

  0
LINE
  5
16C9
330
1477
100
AcDbEntity
  8
AKS OLCU (BEYKENT)
 62
     0
440
 16777216
370
    -2
100
AcDbLine
 10
3985.336976599367
 20
2207.365858364421
 30
0.0
 11
3985.336976599367
 21
2195.365858364421
 31
0.0
  0
LINE
  5
16CA
330
1477
100
AcDbEntity
  8
AKS OLCU (BEYKENT)
 62
     0
440
 16777216
370
    -2
100
AcDbLine
 10
4510.336773943574
 20
2207.365858364421
 30
0.0
 11
4510.336773943574
 21
2195.365858364421
 31
0.0
  0
LINE
  5
16CB
330
1477
100
AcDbEntity
  8
AKS OLCU (BEYKENT)
 62
     0
440
 16777216
370
    -2
100
AcDbLine
 10
3985.336976599367
 20
2197.36585836442
 30
0.0
 11
4510.336773943574
 21
2197.36585836442
 31
0.0
  0
INSERT
  5
16CC
330
1477
100
AcDbEntity
  8
AKS OLCU (BEYKENT)
 62
     0
440
 16777216
370
    -2
100
AcDbBlockReference
  2
_Oblique
 10
3985.336976599367
 20
2197.36585836442
 30
0.0
 41
5.0
 42
5.0
 43
5.0
 50
180.0
  0
INSERT
  5
16CD
330
1477
100
AcDbEntity
  8
AKS OLCU (BEYKENT)
 62
     0
440
 16777216
370
    -2
100
AcDbBlockReference
  2
_Oblique
 10
4510.336773943574
 20
2197.36585836442
 30
0.0
 41
5.0
 42
5.0
 43
5.0
  0
MTEXT
  5
16CE
330
1477
100
AcDbEntity
  8
AKS OLCU (BEYKENT)
 62
     7
440
 16777216
100
AcDbMText
 10
4247.83687527147
 20
2204.999971156718
 30
0.0
 40
13.0
 41
0.0
 46
0.0
 71
     5
 72
     1
  1
525
  7
DSMOLC-50
 73
     1
 44
1.0
  0
POINT
  5
16CF
330
1477
100
AcDbEntity
  8
DEFPOINTS
 62
     0
440
 16777216
100
AcDbPoint
 10
3985.336976599367
 20
2209.365858364421
 30
0.0
  0
POINT
  5
16D0
330
1477
100
AcDbEntity
  8
DEFPOINTS
 62
     0
440
 16777216
100
AcDbPoint
 10
4510.336773943574
 20
2209.365858364421
 30
0.0
  0
POINT
  5
16D1
330
1477
100
AcDbEntity
  8
DEFPOINTS
 62
     0
440
 16777216
100
AcDbPoint
 10
4510.336773943574
 20
2197.36585836442
 30
0.0
  0
ENDBLK
  5
1479
330
1477
100
AcDbEntity
  8
0
100
AcDbBlockEnd
  0
BLOCK
  5
1484
330
1483
100
AcDbEntity
  8
0
100
AcDbBlockBegin
  2
*D56
 70
     1
 10
0.0
 20
0.0
 30
0.0
  3
*D56
  1

  0
LINE
  5
16D2
330
1483
100
AcDbEntity
  8
AKS OLCU (BEYKENT)
 62
     0
440
 16777216
370
    -2
100
AcDbLine
 10
4510.336773943574
 20
2207.365858364421
 30
0.0
 11
4510.336773943574
 21
2195.365858364421
 31
0.0
  0
LINE
  5
16D3
330
1483
100
AcDbEntity
  8
AKS OLCU (BEYKENT)
 62
     0
440
 16777216
370
    -2
100
AcDbLine
 10
5270.336824011476
 20
2207.365858364421
 30
0.0
 11
5270.336824011476
 21
2195.365858364421
 31
0.0
  0
LINE
  5
16D4
330
1483
100
AcDbEntity
  8
AKS OLCU (BEYKENT)
 62
     0
440
 16777216
370
    -2
100
AcDbLine
 10
4510.336773943574
 20
2197.36585836442
 30
0.0
 11
5270.336824011476
 21
2197.36585836442
 31
0.0
  0
INSERT
  5
16D5
330
1483
100
AcDbEntity
  8
AKS OLCU (BEYKENT)
 62
     0
440
 16777216
370
    -2
100
AcDbBlockReference
  2
_Oblique
 10
4510.336773943574
 20
2197.36585836442
 30
0.0
 41
5.0
 42
5.0
 43
5.0
 50
180.0
  0
INSERT
  5
16D6
330
1483
100
AcDbEntity
  8
AKS OLCU (BEYKENT)
 62
     0
440
 16777216
370
    -2
100
AcDbBlockReference
  2
_Oblique
 10
5270.336824011476
 20
2197.36585836442
 30
0.0
 41
5.0
 42
5.0
 43
5.0
  0
MTEXT
  5
16D7
330
1483
100
AcDbEntity
  8
AKS OLCU (BEYKENT)
 62
     7
440
 16777216
100
AcDbMText
 10
4890.336798977525
 20
2204.999971156718
 30
0.0
 40
13.0
 41
0.0
 46
0.0
 71
     5
 72
     1
  1
760
  7
DSMOLC-50
 73
     1
 44
1.0
  0
POINT
  5
16D8
330
1483
100
AcDbEntity
  8
DEFPOINTS
 62
     0
440
 16777216
100
AcDbPoint
 10
4510.336773943574
 20
2209.365858364421
 30
0.0
  0
POINT
  5
16D9
330
1483
100
AcDbEntity
  8
DEFPOINTS
 62
     0
440
 16777216
100
AcDbPoint
 10
5270.336824011476
 20
2209.365858364421
 30
0.0
  0
POINT
  5
16DA
330
1483
100
AcDbEntity
  8
DEFPOINTS
 62
     0
440
 16777216
100
AcDbPoint
 10
5270.336824011476
 20
2197.36585836442
 30
0.0
  0
ENDBLK
  5
1485
330
1483
100
AcDbEntity
  8
0
100
AcDbBlockEnd
  0
BLOCK
  5
1490
330
148F
100
AcDbEntity
  8
0
100
AcDbBlockBegin
  2
*D57
 70
     1
 10
0.0
 20
0.0
 30
0.0
  3
*D57
  1

  0
LINE
  5
16DB
330
148F
100
AcDbEntity
  8
AKS OLCU (BEYKENT)
 62
     0
440
 16777216
370
    -2
100
AcDbLine
 10
5270.336824011476
 20
2207.365858364421
 30
0.0
 11
5270.336824011476
 21
2195.365858364421
 31
0.0
  0
LINE
  5
16DC
330
148F
100
AcDbEntity
  8
AKS OLCU (BEYKENT)
 62
     0
440
 16777216
370
    -2
100
AcDbLine
 10
6062.836902689607
 20
2207.365858364421
 30
0.0
 11
6062.836902689607
 21
2195.365858364421
 31
0.0
  0
LINE
  5
16DD
330
148F
100
AcDbEntity
  8
AKS OLCU (BEYKENT)
 62
     0
440
 16777216
370
    -2
100
AcDbLine
 10
5270.336824011476
 20
2197.36585836442
 30
0.0
 11
6062.836902689607
 21
2197.36585836442
 31
0.0
  0
INSERT
  5
16DE
330
148F
100
AcDbEntity
  8
AKS OLCU (BEYKENT)
 62
     0
440
 16777216
370
    -2
100
AcDbBlockReference
  2
_Oblique
 10
5270.336824011476
 20
2197.36585836442
 30
0.0
 41
5.0
 42
5.0
 43
5.0
 50
180.0
  0
INSERT
  5
16DF
330
148F
100
AcDbEntity
  8
AKS OLCU (BEYKENT)
 62
     0
440
 16777216
370
    -2
100
AcDbBlockReference
  2
_Oblique
 10
6062.836902689607
 20
2197.36585836442
 30
0.0
 41
5.0
 42
5.0
 43
5.0
  0
MTEXT
  5
16E0
330
148F
100
AcDbEntity
  8
AKS OLCU (BEYKENT)
 62
     7
440
 16777216
100
AcDbMText
 10
5666.586863350541
 20
2204.999971156718
 30
0.0
 40
13.0
 41
0.0
 46
0.0
 71
     5
 72
     1
  1
792.5
  7
DSMOLC-50
 73
     1
 44
1.0
  0
POINT
  5
16E1
330
148F
100
AcDbEntity
  8
DEFPOINTS
 62
     0
440
 16777216
100
AcDbPoint
 10
5270.336824011476
 20
2209.365858364421
 30
0.0
  0
POINT
  5
16E2
330
148F
100
AcDbEntity
  8
DEFPOINTS
 62
     0
440
 16777216
100
AcDbPoint
 10
6062.836902689607
 20
2209.365858364421
 30
0.0
  0
POINT
  5
16E3
330
148F
100
AcDbEntity
  8
DEFPOINTS
 62
     0
440
 16777216
100
AcDbPoint
 10
6062.836902689607
 20
2197.36585836442
 30
0.0
  0
ENDBLK
  5
1491
330
148F
100
AcDbEntity
  8
0
100
AcDbBlockEnd
  0
BLOCK
  5
149C
330
149B
100
AcDbEntity
  8
0
100
AcDbBlockBegin
  2
*D58
 70
     1
 10
0.0
 20
0.0
 30
0.0
  3
*D58
  1

  0
LINE
  5
16E4
330
149B
100
AcDbEntity
  8
AKS OLCU (BEYKENT)
 62
     0
440
 16777216
370
    -2
100
AcDbLine
 10
6062.836902689607
 20
2207.365858364421
 30
0.0
 11
6062.836902689607
 21
2195.365858364421
 31
0.0
  0
LINE
  5
16E5
330
149B
100
AcDbEntity
  8
AKS OLCU (BEYKENT)
 62
     0
440
 16777216
370
    -2
100
AcDbLine
 10
6855.336981367738
 20
2207.365858364421
 30
0.0
 11
6855.336981367738
 21
2195.365858364421
 31
0.0
  0
LINE
  5
16E6
330
149B
100
AcDbEntity
  8
AKS OLCU (BEYKENT)
 62
     0
440
 16777216
370
    -2
100
AcDbLine
 10
6062.836902689607
 20
2197.36585836442
 30
0.0
 11
6855.336981367738
 21
2197.36585836442
 31
0.0
  0
INSERT
  5
16E7
330
149B
100
AcDbEntity
  8
AKS OLCU (BEYKENT)
 62
     0
440
 16777216
370
    -2
100
AcDbBlockReference
  2
_Oblique
 10
6062.836902689607
 20
2197.36585836442
 30
0.0
 41
5.0
 42
5.0
 43
5.0
 50
180.0
  0
INSERT
  5
16E8
330
149B
100
AcDbEntity
  8
AKS OLCU (BEYKENT)
 62
     0
440
 16777216
370
    -2
100
AcDbBlockReference
  2
_Oblique
 10
6855.336981367738
 20
2197.36585836442
 30
0.0
 41
5.0
 42
5.0
 43
5.0
  0
MTEXT
  5
16E9
330
149B
100
AcDbEntity
  8
AKS OLCU (BEYKENT)
 62
     7
440
 16777216
100
AcDbMText
 10
6459.086942028672
 20
2204.999971156718
 30
0.0
 40
13.0
 41
0.0
 46
0.0
 71
     5
 72
     1
  1
792.5
  7
DSMOLC-50
 73
     1
 44
1.0
  0
POINT
  5
16EA
330
149B
100
AcDbEntity
  8
DEFPOINTS
 62
     0
440
 16777216
100
AcDbPoint
 10
6062.836902689607
 20
2209.365858364421
 30
0.0
  0
POINT
  5
16EB
330
149B
100
AcDbEntity
  8
DEFPOINTS
 62
     0
440
 16777216
100
AcDbPoint
 10
6855.336981367738
 20
2209.365858364421
 30
0.0
  0
POINT
  5
16EC
330
149B
100
AcDbEntity
  8
DEFPOINTS
 62
     0
440
 16777216
100
AcDbPoint
 10
6855.336981367738
 20
2197.36585836442
 30
0.0
  0
ENDBLK
  5
149D
330
149B
100
AcDbEntity
  8
0
100
AcDbBlockEnd
  0
BLOCK
  5
14A8
330
14A7
100
AcDbEntity
  8
0
100
AcDbBlockBegin
  2
*D59
 70
     1
 10
0.0
 20
0.0
 30
0.0
  3
*D59
  1

  0
LINE
  5
16ED
330
14A7
100
AcDbEntity
  8
AKS OLCU (BEYKENT)
 62
     0
440
 16777216
370
    -2
100
AcDbLine
 10
6855.336981367738
 20
2207.365858364421
 30
0.0
 11
6855.336981367738
 21
2195.365858364421
 31
0.0
  0
LINE
  5
16EE
330
14A7
100
AcDbEntity
  8
AKS OLCU (BEYKENT)
 62
     0
440
 16777216
370
    -2
100
AcDbLine
 10
7615.335839342744
 20
2207.365858364421
 30
0.0
 11
7615.335839342744
 21
2195.365858364421
 31
0.0
  0
LINE
  5
16EF
330
14A7
100
AcDbEntity
  8
AKS OLCU (BEYKENT)
 62
     0
440
 16777216
370
    -2
100
AcDbLine
 10
6855.336981367738
 20
2197.36585836442
 30
0.0
 11
7615.335839342744
 21
2197.36585836442
 31
0.0
  0
INSERT
  5
16F0
330
14A7
100
AcDbEntity
  8
AKS OLCU (BEYKENT)
 62
     0
440
 16777216
370
    -2
100
AcDbBlockReference
  2
_Oblique
 10
6855.336981367738
 20
2197.36585836442
 30
0.0
 41
5.0
 42
5.0
 43
5.0
 50
180.0
  0
INSERT
  5
16F1
330
14A7
100
AcDbEntity
  8
AKS OLCU (BEYKENT)
 62
     0
440
 16777216
370
    -2
100
AcDbBlockReference
  2
_Oblique
 10
7615.335839342744
 20
2197.36585836442
 30
0.0
 41
5.0
 42
5.0
 43
5.0
  0
MTEXT
  5
16F2
330
14A7
100
AcDbEntity
  8
AKS OLCU (BEYKENT)
 62
     7
440
 16777216
100
AcDbMText
 10
7235.336410355241
 20
2204.999971156718
 30
0.0
 40
13.0
 41
0.0
 46
0.0
 71
     5
 72
     1
  1
760
  7
DSMOLC-50
 73
     1
 44
1.0
  0
POINT
  5
16F3
330
14A7
100
AcDbEntity
  8
DEFPOINTS
 62
     0
440
 16777216
100
AcDbPoint
 10
6855.336981367738
 20
2209.365858364421
 30
0.0
  0
POINT
  5
16F4
330
14A7
100
AcDbEntity
  8
DEFPOINTS
 62
     0
440
 16777216
100
AcDbPoint
 10
7615.335839342744
 20
2209.365858364421
 30
0.0
  0
POINT
  5
16F5
330
14A7
100
AcDbEntity
  8
DEFPOINTS
 62
     0
440
 16777216
100
AcDbPoint
 10
7615.335839342744
 20
2197.36585836442
 30
0.0
  0
ENDBLK
  5
14A9
330
14A7
100
AcDbEntity
  8
0
100
AcDbBlockEnd
  0
BLOCK
  5
14B4
330
14B3
100
AcDbEntity
  8
0
100
AcDbBlockBegin
  2
*D60
 70
     1
 10
0.0
 20
0.0
 30
0.0
  3
*D60
  1

  0
LINE
  5
16F6
330
14B3
100
AcDbEntity
  8
AKS OLCU (BEYKENT)
 62
     0
440
 16777216
370
    -2
100
AcDbLine
 10
7615.335839342744
 20
2207.365858364421
 30
0.0
 11
7615.335839342744
 21
2195.365858364421
 31
0.0
  0
LINE
  5
16F7
330
14B3
100
AcDbEntity
  8
AKS OLCU (BEYKENT)
 62
     0
440
 16777216
370
    -2
100
AcDbLine
 10
8160.336869311006
 20
2207.365858364421
 30
0.0
 11
8160.336869311006
 21
2195.365858364421
 31
0.0
  0
LINE
  5
16F8
330
14B3
100
AcDbEntity
  8
AKS OLCU (BEYKENT)
 62
     0
440
 16777216
370
    -2
100
AcDbLine
 10
7615.335839342744
 20
2197.36585836442
 30
0.0
 11
8160.336869311006
 21
2197.36585836442
 31
0.0
  0
INSERT
  5
16F9
330
14B3
100
AcDbEntity
  8
AKS OLCU (BEYKENT)
 62
     0
440
 16777216
370
    -2
100
AcDbBlockReference
  2
_Oblique
 10
7615.335839342744
 20
2197.36585836442
 30
0.0
 41
5.0
 42
5.0
 43
5.0
 50
180.0
  0
INSERT
  5
16FA
330
14B3
100
AcDbEntity
  8
AKS OLCU (BEYKENT)
 62
     0
440
 16777216
370
    -2
100
AcDbBlockReference
  2
_Oblique
 10
8160.336869311006
 20
2197.36585836442
 30
0.0
 41
5.0
 42
5.0
 43
5.0
  0
MTEXT
  5
16FB
330
14B3
100
AcDbEntity
  8
AKS OLCU (BEYKENT)
 62
     7
440
 16777216
100
AcDbMText
 10
7887.836354326875
 20
2204.932914760569
 30
0.0
 40
13.0
 41
0.0
 46
0.0
 71
     5
 72
     1
  1
545
  7
DSMOLC-50
 73
     1
 44
1.0
  0
POINT
  5
16FC
330
14B3
100
AcDbEntity
  8
DEFPOINTS
 62
     0
440
 16777216
100
AcDbPoint
 10
7615.335839342744
 20
2209.365858364421
 30
0.0
  0
POINT
  5
16FD
330
14B3
100
AcDbEntity
  8
DEFPOINTS
 62
     0
440
 16777216
100
AcDbPoint
 10
8160.336869311006
 20
2209.365858364421
 30
0.0
  0
POINT
  5
16FE
330
14B3
100
AcDbEntity
  8
DEFPOINTS
 62
     0
440
 16777216
100
AcDbPoint
 10
8160.336869311006
 20
2197.36585836442
 30
0.0
  0
ENDBLK
  5
14B5
330
14B3
100
AcDbEntity
  8
0
100
AcDbBlockEnd
  0
BLOCK
  5
14C0
330
14BF
100
AcDbEntity
  8
0
100
AcDbBlockBegin
  2
*D61
 70
     1
 10
0.0
 20
0.0
 30
0.0
  3
*D61
  1

  0
LINE
  5
16FF
330
14BF
100
AcDbEntity
  8
AKS OLCU (BEYKENT)
 62
     0
440
 16777216
370
    -2
100
AcDbLine
 10
8160.336869311006
 20
2207.365858364421
 30
0.0
 11
8160.336869311006
 21
2195.365858364421
 31
0.0
  0
LINE
  5
1700
330
14BF
100
AcDbEntity
  8
AKS OLCU (BEYKENT)
 62
     0
440
 16777216
370
    -2
100
AcDbLine
 10
8425.336139750154
 20
2207.365858364421
 30
0.0
 11
8425.336139750154
 21
2195.365858364421
 31
0.0
  0
LINE
  5
1701
330
14BF
100
AcDbEntity
  8
AKS OLCU (BEYKENT)
 62
     0
440
 16777216
370
    -2
100
AcDbLine
 10
8160.336869311006
 20
2197.36585836442
 30
0.0
 11
8425.336139750154
 21
2197.36585836442
 31
0.0
  0
INSERT
  5
1702
330
14BF
100
AcDbEntity
  8
AKS OLCU (BEYKENT)
 62
     0
440
 16777216
370
    -2
100
AcDbBlockReference
  2
_Oblique
 10
8160.336869311006
 20
2197.36585836442
 30
0.0
 41
5.0
 42
5.0
 43
5.0
 50
180.0
  0
INSERT
  5
1703
330
14BF
100
AcDbEntity
  8
AKS OLCU (BEYKENT)
 62
     0
440
 16777216
370
    -2
100
AcDbBlockReference
  2
_Oblique
 10
8425.336139750154
 20
2197.36585836442
 30
0.0
 41
5.0
 42
5.0
 43
5.0
  0
MTEXT
  5
1704
330
14BF
100
AcDbEntity
  8
AKS OLCU (BEYKENT)
 62
     7
440
 16777216
100
AcDbMText
 10
8292.83650453058
 20
2204.999971156718
 30
0.0
 40
13.0
 41
0.0
 46
0.0
 71
     5
 72
     1
  1
265
  7
DSMOLC-50
 73
     1
 44
1.0
  0
POINT
  5
1705
330
14BF
100
AcDbEntity
  8
DEFPOINTS
 62
     0
440
 16777216
100
AcDbPoint
 10
8160.336869311006
 20
2209.365858364421
 30
0.0
  0
POINT
  5
1706
330
14BF
100
AcDbEntity
  8
DEFPOINTS
 62
     0
440
 16777216
100
AcDbPoint
 10
8425.336139750154
 20
2209.365858364421
 30
0.0
  0
POINT
  5
1707
330
14BF
100
AcDbEntity
  8
DEFPOINTS
 62
     0
440
 16777216
100
AcDbPoint
 10
8425.336139750154
 20
2197.36585836442
 30
0.0
  0
ENDBLK
  5
14C1
330
14BF
100
AcDbEntity
  8
0
100
AcDbBlockEnd
  0
BLOCK
  5
14CC
330
14CB
100
AcDbEntity
  8
0
100
AcDbBlockBegin
  2
*D62
 70
     1
 10
0.0
 20
0.0
 30
0.0
  3
*D62
  1

  0
LINE
  5
1708
330
14CB
100
AcDbEntity
  8
AKS OLCU (BEYKENT)
 62
     0
440
 16777216
370
    -2
100
AcDbLine
 10
2830.336945604951
 20
2211.365858364421
 30
0.0
 11
2830.336945604951
 21
2215.365858364421
 31
0.0
  0
LINE
  5
1709
330
14CB
100
AcDbEntity
  8
AKS OLCU (BEYKENT)
 62
     0
440
 16777216
370
    -2
100
AcDbLine
 10
8425.336139750154
 20
2211.365858364421
 30
0.0
 11
8425.336139750154
 21
2215.365858364421
 31
0.0
  0
LINE
  5
170A
330
14CB
100
AcDbEntity
  8
AKS OLCU (BEYKENT)
 62
     0
440
 16777216
370
    -2
100
AcDbLine
 10
2830.336945604951
 20
2213.36585836442
 30
0.0
 11
8425.336139750154
 21
2213.36585836442
 31
0.0
  0
INSERT
  5
170B
330
14CB
100
AcDbEntity
  8
AKS OLCU (BEYKENT)
 62
     0
440
 16777216
370
    -2
100
AcDbBlockReference
  2
_Oblique
 10
2830.336945604951
 20
2213.36585836442
 30
0.0
 41
5.0
 42
5.0
 43
5.0
 50
180.0
  0
INSERT
  5
170C
330
14CB
100
AcDbEntity
  8
AKS OLCU (BEYKENT)
 62
     0
440
 16777216
370
    -2
100
AcDbBlockReference
  2
_Oblique
 10
8425.336139750154
 20
2213.36585836442
 30
0.0
 41
5.0
 42
5.0
 43
5.0
  0
MTEXT
  5
170D
330
14CB
100
AcDbEntity
  8
AKS OLCU (BEYKENT)
 62
     7
440
 16777216
100
AcDbMText
 10
5627.836542677552
 20
2220.999971156718
 30
0.0
 40
13.0
 41
0.0
 46
0.0
 71
     5
 72
     1
  1
5595
  7
DSMOLC-50
 73
     1
 44
1.0
  0
POINT
  5
170E
330
14CB
100
AcDbEntity
  8
DEFPOINTS
 62
     0
440
 16777216
100
AcDbPoint
 10
2830.336945604951
 20
2209.365858364421
 30
0.0
  0
POINT
  5
170F
330
14CB
100
AcDbEntity
  8
DEFPOINTS
 62
     0
440
 16777216
100
AcDbPoint
 10
8425.336139750154
 20
2209.365858364421
 30
0.0
  0
POINT
  5
1710
330
14CB
100
AcDbEntity
  8
DEFPOINTS
 62
     0
440
 16777216
100
AcDbPoint
 10
8425.336139750154
 20
2213.36585836442
 30
0.0
  0
ENDBLK
  5
14CD
330
14CB
100
AcDbEntity
  8
0
100
AcDbBlockEnd
  0
BLOCK
  5
14D8
330
14D7
100
AcDbEntity
  8
0
100
AcDbBlockBegin
  2
*D63
 70
     1
 10
0.0
 20
0.0
 30
0.0
  3
*D63
  1

  0
LINE
  5
1711
330
14D7
100
AcDbEntity
  8
AKS OLCU (BEYKENT)
 62
     0
440
 16777216
370
    -2
100
AcDbLine
 10
2830.336945604951
 20
854.971935209021
 30
0.0
 11
2830.336945604951
 21
842.9719352090209
 31
0.0
  0
LINE
  5
1712
330
14D7
100
AcDbEntity
  8
AKS OLCU (BEYKENT)
 62
     0
440
 16777216
370
    -2
100
AcDbLine
 10
3440.336840700777
 20
854.971935209021
 30
0.0
 11
3440.336840700777
 21
842.9719352090209
 31
0.0
  0
LINE
  5
1713
330
14D7
100
AcDbEntity
  8
AKS OLCU (BEYKENT)
 62
     0
440
 16777216
370
    -2
100
AcDbLine
 10
2830.336945604951
 20
844.9719352090209
 30
0.0
 11
3440.336840700777
 21
844.9719352090209
 31
0.0
  0
INSERT
  5
1714
330
14D7
100
AcDbEntity
  8
AKS OLCU (BEYKENT)
 62
     0
440
 16777216
370
    -2
100
AcDbBlockReference
  2
_Oblique
 10
2830.336945604951
 20
844.9719352090209
 30
0.0
 41
5.0
 42
5.0
 43
5.0
 50
180.0
  0
INSERT
  5
1715
330
14D7
100
AcDbEntity
  8
AKS OLCU (BEYKENT)
 62
     0
440
 16777216
370
    -2
100
AcDbBlockReference
  2
_Oblique
 10
3440.336840700777
 20
844.9719352090209
 30
0.0
 41
5.0
 42
5.0
 43
5.0
  0
MTEXT
  5
1716
330
14D7
100
AcDbEntity
  8
AKS OLCU (BEYKENT)
 62
     7
440
 16777216
100
AcDbMText
 10
3135.336893152864
 20
852.606048001318
 30
0.0
 40
13.0
 41
0.0
 46
0.0
 71
     5
 72
     1
  1
610
  7
DSMOLC-50
 73
     1
 44
1.0
  0
POINT
  5
1717
330
14D7
100
AcDbEntity
  8
DEFPOINTS
 62
     0
440
 16777216
100
AcDbPoint
 10
2830.336945604951
 20
856.971935209021
 30
0.0
  0
POINT
  5
1718
330
14D7
100
AcDbEntity
  8
DEFPOINTS
 62
     0
440
 16777216
100
AcDbPoint
 10
3440.336840700777
 20
856.971935209021
 30
0.0
  0
POINT
  5
1719
330
14D7
100
AcDbEntity
  8
DEFPOINTS
 62
     0
440
 16777216
100
AcDbPoint
 10
3440.336840700777
 20
844.9719352090209
 30
0.0
  0
ENDBLK
  5
14D9
330
14D7
100
AcDbEntity
  8
0
100
AcDbBlockEnd
  0
BLOCK
  5
14E4
330
14E3
100
AcDbEntity
  8
0
100
AcDbBlockBegin
  2
*D64
 70
     1
 10
0.0
 20
0.0
 30
0.0
  3
*D64
  1

  0
LINE
  5
171A
330
14E3
100
AcDbEntity
  8
AKS OLCU (BEYKENT)
 62
     0
440
 16777216
370
    -2
100
AcDbLine
 10
3440.336840700777
 20
854.971935209021
 30
0.0
 11
3440.336840700777
 21
842.9719352090209
 31
0.0
  0
LINE
  5
171B
330
14E3
100
AcDbEntity
  8
AKS OLCU (BEYKENT)
 62
     0
440
 16777216
370
    -2
100
AcDbLine
 10
3985.336976599367
 20
854.971935209021
 30
0.0
 11
3985.336976599367
 21
842.9719352090209
 31
0.0
  0
LINE
  5
171C
330
14E3
100
AcDbEntity
  8
AKS OLCU (BEYKENT)
 62
     0
440
 16777216
370
    -2
100
AcDbLine
 10
3440.336840700777
 20
844.9719352090209
 30
0.0
 11
3985.336976599367
 21
844.9719352090209
 31
0.0
  0
INSERT
  5
171D
330
14E3
100
AcDbEntity
  8
AKS OLCU (BEYKENT)
 62
     0
440
 16777216
370
    -2
100
AcDbBlockReference
  2
_Oblique
 10
3440.336840700777
 20
844.9719352090209
 30
0.0
 41
5.0
 42
5.0
 43
5.0
 50
180.0
  0
INSERT
  5
171E
330
14E3
100
AcDbEntity
  8
AKS OLCU (BEYKENT)
 62
     0
440
 16777216
370
    -2
100
AcDbBlockReference
  2
_Oblique
 10
3985.336976599367
 20
844.9719352090209
 30
0.0
 41
5.0
 42
5.0
 43
5.0
  0
MTEXT
  5
171F
330
14E3
100
AcDbEntity
  8
AKS OLCU (BEYKENT)
 62
     7
440
 16777216
100
AcDbMText
 10
3712.836908650072
 20
852.5389916051695
 30
0.0
 40
13.0
 41
0.0
 46
0.0
 71
     5
 72
     1
  1
545
  7
DSMOLC-50
 73
     1
 44
1.0
  0
POINT
  5
1720
330
14E3
100
AcDbEntity
  8
DEFPOINTS
 62
     0
440
 16777216
100
AcDbPoint
 10
3440.336840700777
 20
856.971935209021
 30
0.0
  0
POINT
  5
1721
330
14E3
100
AcDbEntity
  8
DEFPOINTS
 62
     0
440
 16777216
100
AcDbPoint
 10
3985.336976599367
 20
856.971935209021
 30
0.0
  0
POINT
  5
1722
330
14E3
100
AcDbEntity
  8
DEFPOINTS
 62
     0
440
 16777216
100
AcDbPoint
 10
3985.336976599367
 20
844.9719352090209
 30
0.0
  0
ENDBLK
  5
14E5
330
14E3
100
AcDbEntity
  8
0
100
AcDbBlockEnd
  0
BLOCK
  5
14F0
330
14EF
100
AcDbEntity
  8
0
100
AcDbBlockBegin
  2
*D65
 70
     1
 10
0.0
 20
0.0
 30
0.0
  3
*D65
  1

  0
LINE
  5
1723
330
14EF
100
AcDbEntity
  8
AKS OLCU (BEYKENT)
 62
     0
440
 16777216
370
    -2
100
AcDbLine
 10
3985.336976599367
 20
854.971935209021
 30
0.0
 11
3985.336976599367
 21
842.9719352090209
 31
0.0
  0
LINE
  5
1724
330
14EF
100
AcDbEntity
  8
AKS OLCU (BEYKENT)
 62
     0
440
 16777216
370
    -2
100
AcDbLine
 10
4510.336773943574
 20
854.971935209021
 30
0.0
 11
4510.336773943574
 21
842.9719352090209
 31
0.0
  0
LINE
  5
1725
330
14EF
100
AcDbEntity
  8
AKS OLCU (BEYKENT)
 62
     0
440
 16777216
370
    -2
100
AcDbLine
 10
3985.336976599367
 20
844.9719352090209
 30
0.0
 11
4510.336773943574
 21
844.9719352090209
 31
0.0
  0
INSERT
  5
1726
330
14EF
100
AcDbEntity
  8
AKS OLCU (BEYKENT)
 62
     0
440
 16777216
370
    -2
100
AcDbBlockReference
  2
_Oblique
 10
3985.336976599367
 20
844.9719352090209
 30
0.0
 41
5.0
 42
5.0
 43
5.0
 50
180.0
  0
INSERT
  5
1727
330
14EF
100
AcDbEntity
  8
AKS OLCU (BEYKENT)
 62
     0
440
 16777216
370
    -2
100
AcDbBlockReference
  2
_Oblique
 10
4510.336773943574
 20
844.9719352090209
 30
0.0
 41
5.0
 42
5.0
 43
5.0
  0
MTEXT
  5
1728
330
14EF
100
AcDbEntity
  8
AKS OLCU (BEYKENT)
 62
     7
440
 16777216
100
AcDbMText
 10
4247.83687527147
 20
852.606048001318
 30
0.0
 40
13.0
 41
0.0
 46
0.0
 71
     5
 72
     1
  1
525
  7
DSMOLC-50
 73
     1
 44
1.0
  0
POINT
  5
1729
330
14EF
100
AcDbEntity
  8
DEFPOINTS
 62
     0
440
 16777216
100
AcDbPoint
 10
3985.336976599367
 20
856.971935209021
 30
0.0
  0
POINT
  5
172A
330
14EF
100
AcDbEntity
  8
DEFPOINTS
 62
     0
440
 16777216
100
AcDbPoint
 10
4510.336773943574
 20
856.971935209021
 30
0.0
  0
POINT
  5
172B
330
14EF
100
AcDbEntity
  8
DEFPOINTS
 62
     0
440
 16777216
100
AcDbPoint
 10
4510.336773943574
 20
844.9719352090209
 30
0.0
  0
ENDBLK
  5
14F1
330
14EF
100
AcDbEntity
  8
0
100
AcDbBlockEnd
  0
BLOCK
  5
14FC
330
14FB
100
AcDbEntity
  8
0
100
AcDbBlockBegin
  2
*D66
 70
     1
 10
0.0
 20
0.0
 30
0.0
  3
*D66
  1

  0
LINE
  5
172C
330
14FB
100
AcDbEntity
  8
AKS OLCU (BEYKENT)
 62
     0
440
 16777216
370
    -2
100
AcDbLine
 10
4510.336773943574
 20
854.971935209021
 30
0.0
 11
4510.336773943574
 21
842.9719352090209
 31
0.0
  0
LINE
  5
172D
330
14FB
100
AcDbEntity
  8
AKS OLCU (BEYKENT)
 62
     0
440
 16777216
370
    -2
100
AcDbLine
 10
5270.336824011476
 20
854.971935209021
 30
0.0
 11
5270.336824011476
 21
842.9719352090209
 31
0.0
  0
LINE
  5
172E
330
14FB
100
AcDbEntity
  8
AKS OLCU (BEYKENT)
 62
     0
440
 16777216
370
    -2
100
AcDbLine
 10
4510.336773943574
 20
844.9719352090209
 30
0.0
 11
5270.336824011476
 21
844.9719352090209
 31
0.0
  0
INSERT
  5
172F
330
14FB
100
AcDbEntity
  8
AKS OLCU (BEYKENT)
 62
     0
440
 16777216
370
    -2
100
AcDbBlockReference
  2
_Oblique
 10
4510.336773943574
 20
844.9719352090209
 30
0.0
 41
5.0
 42
5.0
 43
5.0
 50
180.0
  0
INSERT
  5
1730
330
14FB
100
AcDbEntity
  8
AKS OLCU (BEYKENT)
 62
     0
440
 16777216
370
    -2
100
AcDbBlockReference
  2
_Oblique
 10
5270.336824011476
 20
844.9719352090209
 30
0.0
 41
5.0
 42
5.0
 43
5.0
  0
MTEXT
  5
1731
330
14FB
100
AcDbEntity
  8
AKS OLCU (BEYKENT)
 62
     7
440
 16777216
100
AcDbMText
 10
4890.336798977525
 20
852.606048001318
 30
0.0
 40
13.0
 41
0.0
 46
0.0
 71
     5
 72
     1
  1
760
  7
DSMOLC-50
 73
     1
 44
1.0
  0
POINT
  5
1732
330
14FB
100
AcDbEntity
  8
DEFPOINTS
 62
     0
440
 16777216
100
AcDbPoint
 10
4510.336773943574
 20
856.971935209021
 30
0.0
  0
POINT
  5
1733
330
14FB
100
AcDbEntity
  8
DEFPOINTS
 62
     0
440
 16777216
100
AcDbPoint
 10
5270.336824011476
 20
856.971935209021
 30
0.0
  0
POINT
  5
1734
330
14FB
100
AcDbEntity
  8
DEFPOINTS
 62
     0
440
 16777216
100
AcDbPoint
 10
5270.336824011476
 20
844.9719352090209
 30
0.0
  0
ENDBLK
  5
14FD
330
14FB
100
AcDbEntity
  8
0
100
AcDbBlockEnd
  0
BLOCK
  5
1508
330
1507
100
AcDbEntity
  8
0
100
AcDbBlockBegin
  2
*D67
 70
     1
 10
0.0
 20
0.0
 30
0.0
  3
*D67
  1

  0
LINE
  5
1735
330
1507
100
AcDbEntity
  8
AKS OLCU (BEYKENT)
 62
     0
440
 16777216
370
    -2
100
AcDbLine
 10
5270.336824011476
 20
854.971935209021
 30
0.0
 11
5270.336824011476
 21
842.9719352090209
 31
0.0
  0
LINE
  5
1736
330
1507
100
AcDbEntity
  8
AKS OLCU (BEYKENT)
 62
     0
440
 16777216
370
    -2
100
AcDbLine
 10
6062.836902689607
 20
854.971935209021
 30
0.0
 11
6062.836902689607
 21
842.9719352090209
 31
0.0
  0
LINE
  5
1737
330
1507
100
AcDbEntity
  8
AKS OLCU (BEYKENT)
 62
     0
440
 16777216
370
    -2
100
AcDbLine
 10
5270.336824011476
 20
844.9719352090209
 30
0.0
 11
6062.836902689607
 21
844.9719352090209
 31
0.0
  0
INSERT
  5
1738
330
1507
100
AcDbEntity
  8
AKS OLCU (BEYKENT)
 62
     0
440
 16777216
370
    -2
100
AcDbBlockReference
  2
_Oblique
 10
5270.336824011476
 20
844.9719352090209
 30
0.0
 41
5.0
 42
5.0
 43
5.0
 50
180.0
  0
INSERT
  5
1739
330
1507
100
AcDbEntity
  8
AKS OLCU (BEYKENT)
 62
     0
440
 16777216
370
    -2
100
AcDbBlockReference
  2
_Oblique
 10
6062.836902689607
 20
844.9719352090209
 30
0.0
 41
5.0
 42
5.0
 43
5.0
  0
MTEXT
  5
173A
330
1507
100
AcDbEntity
  8
AKS OLCU (BEYKENT)
 62
     7
440
 16777216
100
AcDbMText
 10
5666.586863350541
 20
852.606048001318
 30
0.0
 40
13.0
 41
0.0
 46
0.0
 71
     5
 72
     1
  1
792.5
  7
DSMOLC-50
 73
     1
 44
1.0
  0
POINT
  5
173B
330
1507
100
AcDbEntity
  8
DEFPOINTS
 62
     0
440
 16777216
100
AcDbPoint
 10
5270.336824011476
 20
856.971935209021
 30
0.0
  0
POINT
  5
173C
330
1507
100
AcDbEntity
  8
DEFPOINTS
 62
     0
440
 16777216
100
AcDbPoint
 10
6062.836902689607
 20
856.971935209021
 30
0.0
  0
POINT
  5
173D
330
1507
100
AcDbEntity
  8
DEFPOINTS
 62
     0
440
 16777216
100
AcDbPoint
 10
6062.836902689607
 20
844.9719352090209
 30
0.0
  0
ENDBLK
  5
1509
330
1507
100
AcDbEntity
  8
0
100
AcDbBlockEnd
  0
BLOCK
  5
1514
330
1513
100
AcDbEntity
  8
0
100
AcDbBlockBegin
  2
*D68
 70
     1
 10
0.0
 20
0.0
 30
0.0
  3
*D68
  1

  0
LINE
  5
173E
330
1513
100
AcDbEntity
  8
AKS OLCU (BEYKENT)
 62
     0
440
 16777216
370
    -2
100
AcDbLine
 10
6062.836902689607
 20
854.971935209021
 30
0.0
 11
6062.836902689607
 21
842.9719352090209
 31
0.0
  0
LINE
  5
173F
330
1513
100
AcDbEntity
  8
AKS OLCU (BEYKENT)
 62
     0
440
 16777216
370
    -2
100
AcDbLine
 10
6855.336981367738
 20
854.971935209021
 30
0.0
 11
6855.336981367738
 21
842.9719352090209
 31
0.0
  0
LINE
  5
1740
330
1513
100
AcDbEntity
  8
AKS OLCU (BEYKENT)
 62
     0
440
 16777216
370
    -2
100
AcDbLine
 10
6062.836902689607
 20
844.9719352090209
 30
0.0
 11
6855.336981367738
 21
844.9719352090209
 31
0.0
  0
INSERT
  5
1741
330
1513
100
AcDbEntity
  8
AKS OLCU (BEYKENT)
 62
     0
440
 16777216
370
    -2
100
AcDbBlockReference
  2
_Oblique
 10
6062.836902689607
 20
844.9719352090209
 30
0.0
 41
5.0
 42
5.0
 43
5.0
 50
180.0
  0
INSERT
  5
1742
330
1513
100
AcDbEntity
  8
AKS OLCU (BEYKENT)
 62
     0
440
 16777216
370
    -2
100
AcDbBlockReference
  2
_Oblique
 10
6855.336981367738
 20
844.9719352090209
 30
0.0
 41
5.0
 42
5.0
 43
5.0
  0
MTEXT
  5
1743
330
1513
100
AcDbEntity
  8
AKS OLCU (BEYKENT)
 62
     7
440
 16777216
100
AcDbMText
 10
6459.086942028672
 20
852.606048001318
 30
0.0
 40
13.0
 41
0.0
 46
0.0
 71
     5
 72
     1
  1
792.5
  7
DSMOLC-50
 73
     1
 44
1.0
  0
POINT
  5
1744
330
1513
100
AcDbEntity
  8
DEFPOINTS
 62
     0
440
 16777216
100
AcDbPoint
 10
6062.836902689607
 20
856.971935209021
 30
0.0
  0
POINT
  5
1745
330
1513
100
AcDbEntity
  8
DEFPOINTS
 62
     0
440
 16777216
100
AcDbPoint
 10
6855.336981367738
 20
856.971935209021
 30
0.0
  0
POINT
  5
1746
330
1513
100
AcDbEntity
  8
DEFPOINTS
 62
     0
440
 16777216
100
AcDbPoint
 10
6855.336981367738
 20
844.9719352090209
 30
0.0
  0
ENDBLK
  5
1515
330
1513
100
AcDbEntity
  8
0
100
AcDbBlockEnd
  0
BLOCK
  5
1520
330
151F
100
AcDbEntity
  8
0
100
AcDbBlockBegin
  2
*D69
 70
     1
 10
0.0
 20
0.0
 30
0.0
  3
*D69
  1

  0
LINE
  5
1747
330
151F
100
AcDbEntity
  8
AKS OLCU (BEYKENT)
 62
     0
440
 16777216
370
    -2
100
AcDbLine
 10
6855.336981367738
 20
854.971935209021
 30
0.0
 11
6855.336981367738
 21
842.9719352090209
 31
0.0
  0
LINE
  5
1748
330
151F
100
AcDbEntity
  8
AKS OLCU (BEYKENT)
 62
     0
440
 16777216
370
    -2
100
AcDbLine
 10
7615.335839342744
 20
854.971935209021
 30
0.0
 11
7615.335839342744
 21
842.9719352090209
 31
0.0
  0
LINE
  5
1749
330
151F
100
AcDbEntity
  8
AKS OLCU (BEYKENT)
 62
     0
440
 16777216
370
    -2
100
AcDbLine
 10
6855.336981367738
 20
844.9719352090209
 30
0.0
 11
7615.335839342744
 21
844.9719352090209
 31
0.0
  0
INSERT
  5
174A
330
151F
100
AcDbEntity
  8
AKS OLCU (BEYKENT)
 62
     0
440
 16777216
370
    -2
100
AcDbBlockReference
  2
_Oblique
 10
6855.336981367738
 20
844.9719352090209
 30
0.0
 41
5.0
 42
5.0
 43
5.0
 50
180.0
  0
INSERT
  5
174B
330
151F
100
AcDbEntity
  8
AKS OLCU (BEYKENT)
 62
     0
440
 16777216
370
    -2
100
AcDbBlockReference
  2
_Oblique
 10
7615.335839342744
 20
844.9719352090209
 30
0.0
 41
5.0
 42
5.0
 43
5.0
  0
MTEXT
  5
174C
330
151F
100
AcDbEntity
  8
AKS OLCU (BEYKENT)
 62
     7
440
 16777216
100
AcDbMText
 10
7235.336410355241
 20
852.606048001318
 30
0.0
 40
13.0
 41
0.0
 46
0.0
 71
     5
 72
     1
  1
760
  7
DSMOLC-50
 73
     1
 44
1.0
  0
POINT
  5
174D
330
151F
100
AcDbEntity
  8
DEFPOINTS
 62
     0
440
 16777216
100
AcDbPoint
 10
6855.336981367738
 20
856.971935209021
 30
0.0
  0
POINT
  5
174E
330
151F
100
AcDbEntity
  8
DEFPOINTS
 62
     0
440
 16777216
100
AcDbPoint
 10
7615.335839342744
 20
856.971935209021
 30
0.0
  0
POINT
  5
174F
330
151F
100
AcDbEntity
  8
DEFPOINTS
 62
     0
440
 16777216
100
AcDbPoint
 10
7615.335839342744
 20
844.9719352090209
 30
0.0
  0
ENDBLK
  5
1521
330
151F
100
AcDbEntity
  8
0
100
AcDbBlockEnd
  0
BLOCK
  5
152C
330
152B
100
AcDbEntity
  8
0
100
AcDbBlockBegin
  2
*D70
 70
     1
 10
0.0
 20
0.0
 30
0.0
  3
*D70
  1

  0
LINE
  5
1750
330
152B
100
AcDbEntity
  8
AKS OLCU (BEYKENT)
 62
     0
440
 16777216
370
    -2
100
AcDbLine
 10
7615.335839342744
 20
854.971935209021
 30
0.0
 11
7615.335839342744
 21
842.9719352090209
 31
0.0
  0
LINE
  5
1751
330
152B
100
AcDbEntity
  8
AKS OLCU (BEYKENT)
 62
     0
440
 16777216
370
    -2
100
AcDbLine
 10
8160.336869311006
 20
854.971935209021
 30
0.0
 11
8160.336869311006
 21
842.9719352090209
 31
0.0
  0
LINE
  5
1752
330
152B
100
AcDbEntity
  8
AKS OLCU (BEYKENT)
 62
     0
440
 16777216
370
    -2
100
AcDbLine
 10
7615.335839342744
 20
844.9719352090209
 30
0.0
 11
8160.336869311006
 21
844.9719352090209
 31
0.0
  0
INSERT
  5
1753
330
152B
100
AcDbEntity
  8
AKS OLCU (BEYKENT)
 62
     0
440
 16777216
370
    -2
100
AcDbBlockReference
  2
_Oblique
 10
7615.335839342744
 20
844.9719352090209
 30
0.0
 41
5.0
 42
5.0
 43
5.0
 50
180.0
  0
INSERT
  5
1754
330
152B
100
AcDbEntity
  8
AKS OLCU (BEYKENT)
 62
     0
440
 16777216
370
    -2
100
AcDbBlockReference
  2
_Oblique
 10
8160.336869311006
 20
844.9719352090209
 30
0.0
 41
5.0
 42
5.0
 43
5.0
  0
MTEXT
  5
1755
330
152B
100
AcDbEntity
  8
AKS OLCU (BEYKENT)
 62
     7
440
 16777216
100
AcDbMText
 10
7887.836354326875
 20
852.5389916051695
 30
0.0
 40
13.0
 41
0.0
 46
0.0
 71
     5
 72
     1
  1
545
  7
DSMOLC-50
 73
     1
 44
1.0
  0
POINT
  5
1756
330
152B
100
AcDbEntity
  8
DEFPOINTS
 62
     0
440
 16777216
100
AcDbPoint
 10
7615.335839342744
 20
856.971935209021
 30
0.0
  0
POINT
  5
1757
330
152B
100
AcDbEntity
  8
DEFPOINTS
 62
     0
440
 16777216
100
AcDbPoint
 10
8160.336869311006
 20
856.971935209021
 30
0.0
  0
POINT
  5
1758
330
152B
100
AcDbEntity
  8
DEFPOINTS
 62
     0
440
 16777216
100
AcDbPoint
 10
8160.336869311006
 20
844.9719352090209
 30
0.0
  0
ENDBLK
  5
152D
330
152B
100
AcDbEntity
  8
0
100
AcDbBlockEnd
  0
BLOCK
  5
1538
330
1537
100
AcDbEntity
  8
0
100
AcDbBlockBegin
  2
*D71
 70
     1
 10
0.0
 20
0.0
 30
0.0
  3
*D71
  1

  0
LINE
  5
1759
330
1537
100
AcDbEntity
  8
AKS OLCU (BEYKENT)
 62
     0
440
 16777216
370
    -2
100
AcDbLine
 10
8160.336869311006
 20
854.971935209021
 30
0.0
 11
8160.336869311006
 21
842.9719352090209
 31
0.0
  0
LINE
  5
175A
330
1537
100
AcDbEntity
  8
AKS OLCU (BEYKENT)
 62
     0
440
 16777216
370
    -2
100
AcDbLine
 10
8425.336139750154
 20
854.971935209021
 30
0.0
 11
8425.336139750154
 21
842.9719352090209
 31
0.0
  0
LINE
  5
175B
330
1537
100
AcDbEntity
  8
AKS OLCU (BEYKENT)
 62
     0
440
 16777216
370
    -2
100
AcDbLine
 10
8160.336869311006
 20
844.9719352090209
 30
0.0
 11
8425.336139750154
 21
844.9719352090209
 31
0.0
  0
INSERT
  5
175C
330
1537
100
AcDbEntity
  8
AKS OLCU (BEYKENT)
 62
     0
440
 16777216
370
    -2
100
AcDbBlockReference
  2
_Oblique
 10
8160.336869311006
 20
844.9719352090209
 30
0.0
 41
5.0
 42
5.0
 43
5.0
 50
180.0
  0
INSERT
  5
175D
330
1537
100
AcDbEntity
  8
AKS OLCU (BEYKENT)
 62
     0
440
 16777216
370
    -2
100
AcDbBlockReference
  2
_Oblique
 10
8425.336139750154
 20
844.9719352090209
 30
0.0
 41
5.0
 42
5.0
 43
5.0
  0
MTEXT
  5
175E
330
1537
100
AcDbEntity
  8
AKS OLCU (BEYKENT)
 62
     7
440
 16777216
100
AcDbMText
 10
8292.83650453058
 20
852.606048001318
 30
0.0
 40
13.0
 41
0.0
 46
0.0
 71
     5
 72
     1
  1
265
  7
DSMOLC-50
 73
     1
 44
1.0
  0
POINT
  5
175F
330
1537
100
AcDbEntity
  8
DEFPOINTS
 62
     0
440
 16777216
100
AcDbPoint
 10
8160.336869311006
 20
856.971935209021
 30
0.0
  0
POINT
  5
1760
330
1537
100
AcDbEntity
  8
DEFPOINTS
 62
     0
440
 16777216
100
AcDbPoint
 10
8425.336139750154
 20
856.971935209021
 30
0.0
  0
POINT
  5
1761
330
1537
100
AcDbEntity
  8
DEFPOINTS
 62
     0
440
 16777216
100
AcDbPoint
 10
8425.336139750154
 20
844.9719352090209
 30
0.0
  0
ENDBLK
  5
1539
330
1537
100
AcDbEntity
  8
0
100
AcDbBlockEnd
  0
BLOCK
  5
1544
330
1543
100
AcDbEntity
  8
0
100
AcDbBlockBegin
  2
*D72
 70
     1
 10
0.0
 20
0.0
 30
0.0
  3
*D72
  1

  0
LINE
  5
1762
330
1543
100
AcDbEntity
  8
AKS OLCU (BEYKENT)
 62
     0
440
 16777216
370
    -2
100
AcDbLine
 10
2830.336945604951
 20
854.971935209021
 30
0.0
 11
2830.336945604951
 21
826.9719352090209
 31
0.0
  0
LINE
  5
1763
330
1543
100
AcDbEntity
  8
AKS OLCU (BEYKENT)
 62
     0
440
 16777216
370
    -2
100
AcDbLine
 10
8425.336139750154
 20
854.971935209021
 30
0.0
 11
8425.336139750154
 21
826.9719352090209
 31
0.0
  0
LINE
  5
1764
330
1543
100
AcDbEntity
  8
AKS OLCU (BEYKENT)
 62
     0
440
 16777216
370
    -2
100
AcDbLine
 10
2830.336945604951
 20
828.9719352090211
 30
0.0
 11
8425.336139750154
 21
828.9719352090211
 31
0.0
  0
INSERT
  5
1765
330
1543
100
AcDbEntity
  8
AKS OLCU (BEYKENT)
 62
     0
440
 16777216
370
    -2
100
AcDbBlockReference
  2
_Oblique
 10
2830.336945604951
 20
828.9719352090211
 30
0.0
 41
5.0
 42
5.0
 43
5.0
 50
180.0
  0
INSERT
  5
1766
330
1543
100
AcDbEntity
  8
AKS OLCU (BEYKENT)
 62
     0
440
 16777216
370
    -2
100
AcDbBlockReference
  2
_Oblique
 10
8425.336139750154
 20
828.9719352090211
 30
0.0
 41
5.0
 42
5.0
 43
5.0
  0
MTEXT
  5
1767
330
1543
100
AcDbEntity
  8
AKS OLCU (BEYKENT)
 62
     7
440
 16777216
100
AcDbMText
 10
5627.836542677552
 20
836.606048001318
 30
0.0
 40
13.0
 41
0.0
 46
0.0
 71
     5
 72
     1
  1
5595
  7
DSMOLC-50
 73
     1
 44
1.0
  0
POINT
  5
1768
330
1543
100
AcDbEntity
  8
DEFPOINTS
 62
     0
440
 16777216
100
AcDbPoint
 10
2830.336945604951
 20
856.971935209021
 30
0.0
  0
POINT
  5
1769
330
1543
100
AcDbEntity
  8
DEFPOINTS
 62
     0
440
 16777216
100
AcDbPoint
 10
8425.336139750154
 20
856.971935209021
 30
0.0
  0
POINT
  5
176A
330
1543
100
AcDbEntity
  8
DEFPOINTS
 62
     0
440
 16777216
100
AcDbPoint
 10
8425.336139750154
 20
828.9719352090211
 30
0.0
  0
ENDBLK
  5
1545
330
1543
100
AcDbEntity
  8
0
100
AcDbBlockEnd
  0
BLOCK
  5
1550
330
154F
100
AcDbEntity
  8
0
100
AcDbBlockBegin
  2
*D73
 70
     1
 10
0.0
 20
0.0
 30
0.0
  3
*D73
  1

  0
LINE
  5
176B
330
154F
100
AcDbEntity
  8
AKS OLCU (BEYKENT)
 62
     0
440
 16777216
370
    -2
100
AcDbLine
 10
8602.329209921867
 20
1190.212176196837
 30
0.0
 11
8614.329209922322
 21
1190.212176196837
 31
0.0
  0
LINE
  5
176C
330
154F
100
AcDbEntity
  8
AKS OLCU (BEYKENT)
 62
     0
440
 16777216
370
    -2
100
AcDbLine
 10
8602.329209921867
 20
1665.212319247985
 30
0.0
 11
8614.329209922322
 21
1665.212319247985
 31
0.0
  0
LINE
  5
176D
330
154F
100
AcDbEntity
  8
AKS OLCU (BEYKENT)
 62
     0
440
 16777216
370
    -2
100
AcDbLine
 10
8612.329209922322
 20
1190.212176196837
 30
0.0
 11
8612.329209922322
 21
1665.212319247985
 31
0.0
  0
INSERT
  5
176E
330
154F
100
AcDbEntity
  8
AKS OLCU (BEYKENT)
 62
     0
440
 16777216
370
    -2
100
AcDbBlockReference
  2
_Oblique
 10
8612.329209922322
 20
1190.212176196837
 30
0.0
 41
5.0
 42
5.0
 43
5.0
 50
270.0
  0
INSERT
  5
176F
330
154F
100
AcDbEntity
  8
AKS OLCU (BEYKENT)
 62
     0
440
 16777216
370
    -2
100
AcDbBlockReference
  2
_Oblique
 10
8612.329209922322
 20
1665.212319247985
 30
0.0
 41
5.0
 42
5.0
 43
5.0
 50
90.0
  0
MTEXT
  5
1770
330
154F
100
AcDbEntity
  8
AKS OLCU (BEYKENT)
 62
     7
440
 16777216
100
AcDbMText
 10
8604.762153526172
 20
1427.712247722409
 30
0.0
 40
13.0
 41
0.0
 46
0.0
 71
     5
 72
     1
  1
475
  7
DSMOLC-50
 11
0.0000000000000001
 21
1.0
 31
0.0
 73
     1
 44
1.0
  0
POINT
  5
1771
330
154F
100
AcDbEntity
  8
DEFPOINTS
 62
     0
440
 16777216
100
AcDbPoint
 10
8600.329209921866
 20
1190.212176196837
 30
0.0
  0
POINT
  5
1772
330
154F
100
AcDbEntity
  8
DEFPOINTS
 62
     0
440
 16777216
100
AcDbPoint
 10
8600.329209921866
 20
1665.212319247985
 30
0.0
  0
POINT
  5
1773
330
154F
100
AcDbEntity
  8
DEFPOINTS
 62
     0
440
 16777216
100
AcDbPoint
 10
8612.329209922322
 20
1665.212319247985
 30
0.0
  0
ENDBLK
  5
1551
330
154F
100
AcDbEntity
  8
0
100
AcDbBlockEnd
  0
BLOCK
  5
155C
330
155B
100
AcDbEntity
  8
0
100
AcDbBlockBegin
  2
*D74
 70
     1
 10
0.0
 20
0.0
 30
0.0
  3
*D74
  1

  0
LINE
  5
1774
330
155B
100
AcDbEntity
  8
AKS OLCU (BEYKENT)
 62
     0
440
 16777216
370
    -2
100
AcDbLine
 10
8602.329209921867
 20
1665.212319247985
 30
0.0
 11
8614.329209922322
 21
1665.212319247985
 31
0.0
  0
LINE
  5
1775
330
155B
100
AcDbEntity
  8
AKS OLCU (BEYKENT)
 62
     0
440
 16777216
370
    -2
100
AcDbLine
 10
8602.329209921867
 20
2025.212154739167
 30
0.0
 11
8614.329209922322
 21
2025.212154739167
 31
0.0
  0
LINE
  5
1776
330
155B
100
AcDbEntity
  8
AKS OLCU (BEYKENT)
 62
     0
440
 16777216
370
    -2
100
AcDbLine
 10
8612.329209922322
 20
1665.212319247985
 30
0.0
 11
8612.329209922322
 21
2025.212154739167
 31
0.0
  0
INSERT
  5
1777
330
155B
100
AcDbEntity
  8
AKS OLCU (BEYKENT)
 62
     0
440
 16777216
370
    -2
100
AcDbBlockReference
  2
_Oblique
 10
8612.329209922322
 20
1665.212319247985
 30
0.0
 41
5.0
 42
5.0
 43
5.0
 50
270.0
  0
INSERT
  5
1778
330
155B
100
AcDbEntity
  8
AKS OLCU (BEYKENT)
 62
     0
440
 16777216
370
    -2
100
AcDbBlockReference
  2
_Oblique
 10
8612.329209922322
 20
2025.212154739167
 30
0.0
 41
5.0
 42
5.0
 43
5.0
 50
90.0
  0
MTEXT
  5
1779
330
155B
100
AcDbEntity
  8
AKS OLCU (BEYKENT)
 62
     7
440
 16777216
100
AcDbMText
 10
8604.695097130024
 20
1845.212236993573
 30
0.0
 40
13.0
 41
0.0
 46
0.0
 71
     5
 72
     1
  1
360
  7
DSMOLC-50
 11
0.0000000000000001
 21
1.0
 31
0.0
 73
     1
 44
1.0
  0
POINT
  5
177A
330
155B
100
AcDbEntity
  8
DEFPOINTS
 62
     0
440
 16777216
100
AcDbPoint
 10
8600.329209921866
 20
1665.212319247985
 30
0.0
  0
POINT
  5
177B
330
155B
100
AcDbEntity
  8
DEFPOINTS
 62
     0
440
 16777216
100
AcDbPoint
 10
8600.329209921866
 20
2025.212154739167
 30
0.0
  0
POINT
  5
177C
330
155B
100
AcDbEntity
  8
DEFPOINTS
 62
     0
440
 16777216
100
AcDbPoint
 10
8612.329209922322
 20
2025.212154739167
 30
0.0
  0
ENDBLK
  5
155D
330
155B
100
AcDbEntity
  8
0
100
AcDbBlockEnd
  0
BLOCK
  5
1568
330
1567
100
AcDbEntity
  8
0
100
AcDbBlockBegin
  2
*D75
 70
     1
 10
0.0
 20
0.0
 30
0.0
  3
*D75
  1

  0
LINE
  5
177D
330
1567
100
AcDbEntity
  8
AKS OLCU (BEYKENT)
 62
     0
440
 16777216
370
    -2
100
AcDbLine
 10
8602.329209921867
 20
1190.212176196837
 30
0.0
 11
8630.32920992232
 21
1190.212176196837
 31
0.0
  0
LINE
  5
177E
330
1567
100
AcDbEntity
  8
AKS OLCU (BEYKENT)
 62
     0
440
 16777216
370
    -2
100
AcDbLine
 10
8602.329209921867
 20
2025.212154739167
 30
0.0
 11
8630.32920992232
 21
2025.212154739167
 31
0.0
  0
LINE
  5
177F
330
1567
100
AcDbEntity
  8
AKS OLCU (BEYKENT)
 62
     0
440
 16777216
370
    -2
100
AcDbLine
 10
8628.329209922322
 20
1190.212176196837
 30
0.0
 11
8628.329209922322
 21
2025.212154739167
 31
0.0
  0
INSERT
  5
1780
330
1567
100
AcDbEntity
  8
AKS OLCU (BEYKENT)
 62
     0
440
 16777216
370
    -2
100
AcDbBlockReference
  2
_Oblique
 10
8628.329209922322
 20
1190.212176196837
 30
0.0
 41
5.0
 42
5.0
 43
5.0
 50
270.0
  0
INSERT
  5
1781
330
1567
100
AcDbEntity
  8
AKS OLCU (BEYKENT)
 62
     0
440
 16777216
370
    -2
100
AcDbBlockReference
  2
_Oblique
 10
8628.329209922322
 20
2025.212154739167
 30
0.0
 41
5.0
 42
5.0
 43
5.0
 50
90.0
  0
MTEXT
  5
1782
330
1567
100
AcDbEntity
  8
AKS OLCU (BEYKENT)
 62
     7
440
 16777216
100
AcDbMText
 10
8620.695097130022
 20
1607.712165467999
 30
0.0
 40
13.0
 41
0.0
 46
0.0
 71
     5
 72
     1
  1
835
  7
DSMOLC-50
 11
0.0000000000000001
 21
1.0
 31
0.0
 73
     1
 44
1.0
  0
POINT
  5
1783
330
1567
100
AcDbEntity
  8
DEFPOINTS
 62
     0
440
 16777216
100
AcDbPoint
 10
8600.329209921866
 20
1190.212176196837
 30
0.0
  0
POINT
  5
1784
330
1567
100
AcDbEntity
  8
DEFPOINTS
 62
     0
440
 16777216
100
AcDbPoint
 10
8600.329209921866
 20
2025.212154739167
 30
0.0
  0
POINT
  5
1785
330
1567
100
AcDbEntity
  8
DEFPOINTS
 62
     0
440
 16777216
100
AcDbPoint
 10
8628.329209922322
 20
2025.212154739167
 30
0.0
  0
ENDBLK
  5
1569
330
1567
100
AcDbEntity
  8
0
100
AcDbBlockEnd
  0
BLOCK
  5
1574
330
1573
100
AcDbEntity
  8
0
100
AcDbBlockBegin
  2
*D76
 70
     1
 10
0.0
 20
0.0
 30
0.0
  3
*D76
  1

  0
LINE
  5
1786
330
1573
100
AcDbEntity
  8
AKS OLCU (BEYKENT)
 62
     0
440
 16777216
370
    -2
100
AcDbLine
 10
2647.497567814307
 20
1190.212176196837
 30
0.0
 11
2659.497567814743
 21
1190.212176196837
 31
0.0
  0
LINE
  5
1787
330
1573
100
AcDbEntity
  8
AKS OLCU (BEYKENT)
 62
     0
440
 16777216
370
    -2
100
AcDbLine
 10
2647.497567814307
 20
1665.212319247985
 30
0.0
 11
2659.497567814743
 21
1665.212319247985
 31
0.0
  0
LINE
  5
1788
330
1573
100
AcDbEntity
  8
AKS OLCU (BEYKENT)
 62
     0
440
 16777216
370
    -2
100
AcDbLine
 10
2657.497567814743
 20
1190.212176196837
 30
0.0
 11
2657.497567814743
 21
1665.212319247985
 31
0.0
  0
INSERT
  5
1789
330
1573
100
AcDbEntity
  8
AKS OLCU (BEYKENT)
 62
     0
440
 16777216
370
    -2
100
AcDbBlockReference
  2
_Oblique
 10
2657.497567814743
 20
1190.212176196837
 30
0.0
 41
5.0
 42
5.0
 43
5.0
 50
270.0
  0
INSERT
  5
178A
330
1573
100
AcDbEntity
  8
AKS OLCU (BEYKENT)
 62
     0
440
 16777216
370
    -2
100
AcDbBlockReference
  2
_Oblique
 10
2657.497567814743
 20
1665.212319247985
 30
0.0
 41
5.0
 42
5.0
 43
5.0
 50
90.0
  0
MTEXT
  5
178B
330
1573
100
AcDbEntity
  8
AKS OLCU (BEYKENT)
 62
     7
440
 16777216
100
AcDbMText
 10
2649.930511418594
 20
1427.71224772241
 30
0.0
 40
13.0
 41
0.0
 46
0.0
 71
     5
 72
     1
  1
475
  7
DSMOLC-50
 11
0.0000000000000001
 21
1.0
 31
0.0
 73
     1
 44
1.0
  0
POINT
  5
178C
330
1573
100
AcDbEntity
  8
DEFPOINTS
 62
     0
440
 16777216
100
AcDbPoint
 10
2645.497567814306
 20
1190.212176196837
 30
0.0
  0
POINT
  5
178D
330
1573
100
AcDbEntity
  8
DEFPOINTS
 62
     0
440
 16777216
100
AcDbPoint
 10
2645.497567814306
 20
1665.212319247985
 30
0.0
  0
POINT
  5
178E
330
1573
100
AcDbEntity
  8
DEFPOINTS
 62
     0
440
 16777216
100
AcDbPoint
 10
2657.497567814743
 20
1665.212319247985
 30
0.0
  0
ENDBLK
  5
1575
330
1573
100
AcDbEntity
  8
0
100
AcDbBlockEnd
  0
BLOCK
  5
1580
330
157F
100
AcDbEntity
  8
0
100
AcDbBlockBegin
  2
*D77
 70
     1
 10
0.0
 20
0.0
 30
0.0
  3
*D77
  1

  0
LINE
  5
178F
330
157F
100
AcDbEntity
  8
AKS OLCU (BEYKENT)
 62
     0
440
 16777216
370
    -2
100
AcDbLine
 10
2647.497567814307
 20
1665.212319247985
 30
0.0
 11
2659.497567814743
 21
1665.212319247985
 31
0.0
  0
LINE
  5
1790
330
157F
100
AcDbEntity
  8
AKS OLCU (BEYKENT)
 62
     0
440
 16777216
370
    -2
100
AcDbLine
 10
2647.497567814307
 20
2025.212154739166
 30
0.0
 11
2659.497567814743
 21
2025.212154739166
 31
0.0
  0
LINE
  5
1791
330
157F
100
AcDbEntity
  8
AKS OLCU (BEYKENT)
 62
     0
440
 16777216
370
    -2
100
AcDbLine
 10
2657.497567814743
 20
1665.212319247985
 30
0.0
 11
2657.497567814743
 21
2025.212154739166
 31
0.0
  0
INSERT
  5
1792
330
157F
100
AcDbEntity
  8
AKS OLCU (BEYKENT)
 62
     0
440
 16777216
370
    -2
100
AcDbBlockReference
  2
_Oblique
 10
2657.497567814743
 20
1665.212319247985
 30
0.0
 41
5.0
 42
5.0
 43
5.0
 50
270.0
  0
INSERT
  5
1793
330
157F
100
AcDbEntity
  8
AKS OLCU (BEYKENT)
 62
     0
440
 16777216
370
    -2
100
AcDbBlockReference
  2
_Oblique
 10
2657.497567814743
 20
2025.212154739166
 30
0.0
 41
5.0
 42
5.0
 43
5.0
 50
90.0
  0
MTEXT
  5
1794
330
157F
100
AcDbEntity
  8
AKS OLCU (BEYKENT)
 62
     7
440
 16777216
100
AcDbMText
 10
2649.863455022446
 20
1845.212236993574
 30
0.0
 40
13.0
 41
0.0
 46
0.0
 71
     5
 72
     1
  1
360
  7
DSMOLC-50
 11
0.0000000000000001
 21
1.0
 31
0.0
 73
     1
 44
1.0
  0
POINT
  5
1795
330
157F
100
AcDbEntity
  8
DEFPOINTS
 62
     0
440
 16777216
100
AcDbPoint
 10
2645.497567814306
 20
1665.212319247985
 30
0.0
  0
POINT
  5
1796
330
157F
100
AcDbEntity
  8
DEFPOINTS
 62
     0
440
 16777216
100
AcDbPoint
 10
2645.497567814306
 20
2025.212154739166
 30
0.0
  0
POINT
  5
1797
330
157F
100
AcDbEntity
  8
DEFPOINTS
 62
     0
440
 16777216
100
AcDbPoint
 10
2657.497567814743
 20
2025.212154739166
 30
0.0
  0
ENDBLK
  5
1581
330
157F
100
AcDbEntity
  8
0
100
AcDbBlockEnd
  0
BLOCK
  5
158C
330
158B
100
AcDbEntity
  8
0
100
AcDbBlockBegin
  2
*D78
 70
     1
 10
0.0
 20
0.0
 30
0.0
  3
*D78
  1

  0
LINE
  5
1798
330
158B
100
AcDbEntity
  8
AKS OLCU (BEYKENT)
 62
     0
440
 16777216
370
    -2
100
AcDbLine
 10
2643.497567814307
 20
1190.212176196837
 30
0.0
 11
2639.497567814743
 21
1190.212176196837
 31
0.0
  0
LINE
  5
1799
330
158B
100
AcDbEntity
  8
AKS OLCU (BEYKENT)
 62
     0
440
 16777216
370
    -2
100
AcDbLine
 10
2643.497567814307
 20
2025.212154739166
 30
0.0
 11
2639.497567814743
 21
2025.212154739166
 31
0.0
  0
LINE
  5
179A
330
158B
100
AcDbEntity
  8
AKS OLCU (BEYKENT)
 62
     0
440
 16777216
370
    -2
100
AcDbLine
 10
2641.497567814743
 20
1190.212176196837
 30
0.0
 11
2641.497567814743
 21
2025.212154739166
 31
0.0
  0
INSERT
  5
179B
330
158B
100
AcDbEntity
  8
AKS OLCU (BEYKENT)
 62
     0
440
 16777216
370
    -2
100
AcDbBlockReference
  2
_Oblique
 10
2641.497567814743
 20
1190.212176196837
 30
0.0
 41
5.0
 42
5.0
 43
5.0
 50
270.0
  0
INSERT
  5
179C
330
158B
100
AcDbEntity
  8
AKS OLCU (BEYKENT)
 62
     0
440
 16777216
370
    -2
100
AcDbBlockReference
  2
_Oblique
 10
2641.497567814743
 20
2025.212154739166
 30
0.0
 41
5.0
 42
5.0
 43
5.0
 50
90.0
  0
MTEXT
  5
179D
330
158B
100
AcDbEntity
  8
AKS OLCU (BEYKENT)
 62
     7
440
 16777216
100
AcDbMText
 10
2633.863455022446
 20
1607.712165468
 30
0.0
 40
13.0
 41
0.0
 46
0.0
 71
     5
 72
     1
  1
835
  7
DSMOLC-50
 11
0.0000000000000001
 21
1.0
 31
0.0
 73
     1
 44
1.0
  0
POINT
  5
179E
330
158B
100
AcDbEntity
  8
DEFPOINTS
 62
     0
440
 16777216
100
AcDbPoint
 10
2645.497567814306
 20
1190.212176196837
 30
0.0
  0
POINT
  5
179F
330
158B
100
AcDbEntity
  8
DEFPOINTS
 62
     0
440
 16777216
100
AcDbPoint
 10
2645.497567814306
 20
2025.212154739166
 30
0.0
  0
POINT
  5
17A0
330
158B
100
AcDbEntity
  8
DEFPOINTS
 62
     0
440
 16777216
100
AcDbPoint
 10
2641.497567814743
 20
2025.212154739166
 30
0.0
  0
ENDBLK
  5
158D
330
158B
100
AcDbEntity
  8
0
100
AcDbBlockEnd
  0
BLOCK
  5
1598
330
1597
100
AcDbEntity
  8
0
100
AcDbBlockBegin
  2
*D79
 70
     1
 10
0.0
 20
0.0
 30
0.0
  3
*D79
  1

  0
LINE
  5
17A1
330
1597
100
AcDbEntity
  8
OLCU (BEYKENT)
 62
     0
440
 16777216
370
    -2
100
AcDbLine
 10
2862.269876670512
 20
2371.615357978088
 30
0.0
 11
2882.133384031619
 21
2371.615357978088
 31
0.0
  0
LINE
  5
17A2
330
1597
100
AcDbEntity
  8
OLCU (BEYKENT)
 62
     0
440
 16777216
370
    -2
100
AcDbLine
 10
2862.269876670512
 20
2431.61518154834
 30
0.0
 11
2882.133384031619
 21
2431.61518154834
 31
0.0
  0
LINE
  5
17A3
330
1597
100
AcDbEntity
  8
OLCU (BEYKENT)
 62
     0
440
 16777216
370
    -2
100
AcDbLine
 10
2880.13338403162
 20
2371.615357978088
 30
0.0
 11
2880.13338403162
 21
2431.61518154834
 31
0.0
  0
INSERT
  5
17A4
330
1597
100
AcDbEntity
  8
OLCU (BEYKENT)
 62
     0
440
 16777216
370
    -2
100
AcDbBlockReference
  2
_Oblique
 10
2880.13338403162
 20
2371.615357978088
 30
0.0
 41
5.0
 42
5.0
 43
5.0
 50
270.0
  0
INSERT
  5
17A5
330
1597
100
AcDbEntity
  8
OLCU (BEYKENT)
 62
     0
440
 16777216
370
    -2
100
AcDbBlockReference
  2
_Oblique
 10
2880.13338403162
 20
2431.61518154834
 30
0.0
 41
5.0
 42
5.0
 43
5.0
 50
90.0
  0
MTEXT
  5
17A6
330
1597
100
AcDbEntity
  8
OLCU (BEYKENT)
 62
     7
440
 16777216
370
    -3
100
AcDbMText
 10
2872.499271239322
 20
2401.615269763213
 30
0.0
 40
13.0
 41
0.0
 46
0.0
 71
     5
 72
     1
  1
60
  7
DSMOLC-50
 11
0.0000000000000001
 21
1.0
 31
0.0
 73
     1
 44
1.0
  0
POINT
  5
17A7
330
1597
100
AcDbEntity
  8
DEFPOINTS
 62
     0
440
 16777216
100
AcDbPoint
 10
2860.269876670512
 20
2371.615357978088
 30
0.0
  0
POINT
  5
17A8
330
1597
100
AcDbEntity
  8
DEFPOINTS
 62
     0
440
 16777216
100
AcDbPoint
 10
2860.269876670512
 20
2431.61518154834
 30
0.0
  0
POINT
  5
17A9
330
1597
100
AcDbEntity
  8
DEFPOINTS
 62
     0
440
 16777216
100
AcDbPoint
 10
2880.13338403162
 20
2431.61518154834
 30
0.0
  0
ENDBLK
  5
1599
330
1597
100
AcDbEntity
  8
0
100
AcDbBlockEnd
  0
BLOCK
  5
15A4
330
15A3
100
AcDbEntity
  8
0
100
AcDbBlockBegin
  2
*D80
 70
     1
 10
0.0
 20
0.0
 30
0.0
  3
*D80
  1

  0
LINE
  5
17AA
330
15A3
100
AcDbEntity
  8
OLCU (BEYKENT)
 62
     0
440
 16777216
370
    -2
100
AcDbLine
 10
3078.587330118082
 20
2415.615208728058
 30
0.0
 11
3096.333518603262
 21
2415.615208728058
 31
0.0
  0
LINE
  5
17AB
330
15A3
100
AcDbEntity
  8
OLCU (BEYKENT)
 62
     0
440
 16777216
370
    -2
100
AcDbLine
 10
3078.587330118097
 20
2431.61518154834
 30
0.0
 11
3096.333518603262
 21
2431.61518154834
 31
0.0
  0
LINE
  5
17AC
330
15A3
100
AcDbEntity
  8
OLCU (BEYKENT)
 62
     0
440
 16777216
370
    -2
100
AcDbLine
 10
3094.333518603262
 20
2415.615208728058
 30
0.0
 11
3094.333518603262
 21
2431.61518154834
 31
0.0
  0
INSERT
  5
17AD
330
15A3
100
AcDbEntity
  8
OLCU (BEYKENT)
 62
     0
440
 16777216
370
    -2
100
AcDbBlockReference
  2
_Oblique
 10
3094.333518603262
 20
2415.615208728058
 30
0.0
 41
5.0
 42
5.0
 43
5.0
 50
270.0
  0
INSERT
  5
17AE
330
15A3
100
AcDbEntity
  8
OLCU (BEYKENT)
 62
     0
440
 16777216
370
    -2
100
AcDbBlockReference
  2
_Oblique
 10
3094.333518603262
 20
2431.61518154834
 30
0.0
 41
5.0
 42
5.0
 43
5.0
 50
90.0
  0
MTEXT
  5
17AF
330
15A3
100
AcDbEntity
  8
OLCU (BEYKENT)
 62
     7
440
 16777216
370
    -3
100
AcDbMText
 10
3086.766462207113
 20
2423.615195138197
 30
0.0
 40
13.0
 41
0.0
 46
0.0
 71
     5
 72
     1
  1
16
  7
DSMOLC-50
 11
0.0000000000000001
 21
1.0
 31
0.0
 73
     1
 44
1.0
  0
POINT
  5
17B0
330
15A3
100
AcDbEntity
  8
DEFPOINTS
 62
     0
440
 16777216
100
AcDbPoint
 10
3076.587330118082
 20
2415.615208728058
 30
0.0
  0
POINT
  5
17B1
330
15A3
100
AcDbEntity
  8
DEFPOINTS
 62
     0
440
 16777216
100
AcDbPoint
 10
3076.587330118096
 20
2431.61518154834
 30
0.0
  0
POINT
  5
17B2
330
15A3
100
AcDbEntity
  8
DEFPOINTS
 62
     0
440
 16777216
100
AcDbPoint
 10
3094.333518603262
 20
2431.61518154834
 30
0.0
  0
ENDBLK
  5
15A5
330
15A3
100
AcDbEntity
  8
0
100
AcDbBlockEnd
  0
BLOCK
  5
15B0
330
15AF
100
AcDbEntity
  8
0
100
AcDbBlockBegin
  2
*D81
 70
     1
 10
0.0
 20
0.0
 30
0.0
  3
*D81
  1

  0
LINE
  5
17B3
330
15AF
100
AcDbEntity
  8
OLCU (BEYKENT)
 62
     0
440
 16777216
370
    -2
100
AcDbLine
 10
3472.269995283756
 20
2371.615357978088
 30
0.0
 11
3496.045956348505
 21
2371.615357978088
 31
0.0
  0
LINE
  5
17B4
330
15AF
100
AcDbEntity
  8
OLCU (BEYKENT)
 62
     0
440
 16777216
370
    -2
100
AcDbLine
 10
3472.269995283756
 20
2431.61518154834
 30
0.0
 11
3496.045956348505
 21
2431.61518154834
 31
0.0
  0
LINE
  5
17B5
330
15AF
100
AcDbEntity
  8
OLCU (BEYKENT)
 62
     0
440
 16777216
370
    -2
100
AcDbLine
 10
3494.045956348504
 20
2371.615357978088
 30
0.0
 11
3494.045956348504
 21
2431.61518154834
 31
0.0
  0
INSERT
  5
17B6
330
15AF
100
AcDbEntity
  8
OLCU (BEYKENT)
 62
     0
440
 16777216
370
    -2
100
AcDbBlockReference
  2
_Oblique
 10
3494.045956348504
 20
2371.615357978088
 30
0.0
 41
5.0
 42
5.0
 43
5.0
 50
270.0
  0
INSERT
  5
17B7
330
15AF
100
AcDbEntity
  8
OLCU (BEYKENT)
 62
     0
440
 16777216
370
    -2
100
AcDbBlockReference
  2
_Oblique
 10
3494.045956348504
 20
2431.61518154834
 30
0.0
 41
5.0
 42
5.0
 43
5.0
 50
90.0
  0
MTEXT
  5
17B8
330
15AF
100
AcDbEntity
  8
OLCU (BEYKENT)
 62
     7
440
 16777216
370
    -3
100
AcDbMText
 10
3486.411843556207
 20
2401.615269763212
 30
0.0
 40
13.0
 41
0.0
 46
0.0
 71
     5
 72
     1
  1
60
  7
DSMOLC-50
 11
0.0000000000000001
 21
1.0
 31
0.0
 73
     1
 44
1.0
  0
POINT
  5
17B9
330
15AF
100
AcDbEntity
  8
DEFPOINTS
 62
     0
440
 16777216
100
AcDbPoint
 10
3470.269995283756
 20
2371.615357978088
 30
0.0
  0
POINT
  5
17BA
330
15AF
100
AcDbEntity
  8
DEFPOINTS
 62
     0
440
 16777216
100
AcDbPoint
 10
3470.269995283756
 20
2431.61518154834
 30
0.0
  0
POINT
  5
17BB
330
15AF
100
AcDbEntity
  8
DEFPOINTS
 62
     0
440
 16777216
100
AcDbPoint
 10
3494.045956348504
 20
2431.61518154834
 30
0.0
  0
ENDBLK
  5
15B1
330
15AF
100
AcDbEntity
  8
0
100
AcDbBlockEnd
  0
BLOCK
  5
15BC
330
15BB
100
AcDbEntity
  8
0
100
AcDbBlockBegin
  2
*D82
 70
     1
 10
0.0
 20
0.0
 30
0.0
  3
*D82
  1

  0
LINE
  5
17BC
330
15BB
100
AcDbEntity
  8
OLCU (BEYKENT)
 62
     0
440
 16777216
370
    -2
100
AcDbLine
 10
3618.579253718692
 20
2415.615208728058
 30
0.0
 11
3640.550816340109
 21
2415.615208728058
 31
0.0
  0
LINE
  5
17BD
330
15BB
100
AcDbEntity
  8
OLCU (BEYKENT)
 62
     0
440
 16777216
370
    -2
100
AcDbLine
 10
3618.579253718692
 20
2431.61518154834
 30
0.0
 11
3640.550816340109
 21
2431.61518154834
 31
0.0
  0
LINE
  5
17BE
330
15BB
100
AcDbEntity
  8
OLCU (BEYKENT)
 62
     0
440
 16777216
370
    -2
100
AcDbLine
 10
3638.550816340109
 20
2415.615208728058
 30
0.0
 11
3638.550816340109
 21
2431.61518154834
 31
0.0
  0
INSERT
  5
17BF
330
15BB
100
AcDbEntity
  8
OLCU (BEYKENT)
 62
     0
440
 16777216
370
    -2
100
AcDbBlockReference
  2
_Oblique
 10
3638.550816340109
 20
2415.615208728058
 30
0.0
 41
5.0
 42
5.0
 43
5.0
 50
270.0
  0
INSERT
  5
17C0
330
15BB
100
AcDbEntity
  8
OLCU (BEYKENT)
 62
     0
440
 16777216
370
    -2
100
AcDbBlockReference
  2
_Oblique
 10
3638.550816340109
 20
2431.61518154834
 30
0.0
 41
5.0
 42
5.0
 43
5.0
 50
90.0
  0
MTEXT
  5
17C1
330
15BB
100
AcDbEntity
  8
OLCU (BEYKENT)
 62
     7
440
 16777216
370
    -3
100
AcDbMText
 10
3630.98375994396
 20
2423.615195138197
 30
0.0
 40
13.0
 41
0.0
 46
0.0
 71
     5
 72
     1
  1
16
  7
DSMOLC-50
 11
0.0000000000000001
 21
1.0
 31
0.0
 73
     1
 44
1.0
  0
POINT
  5
17C2
330
15BB
100
AcDbEntity
  8
DEFPOINTS
 62
     0
440
 16777216
100
AcDbPoint
 10
3616.579253718692
 20
2415.615208728058
 30
0.0
  0
POINT
  5
17C3
330
15BB
100
AcDbEntity
  8
DEFPOINTS
 62
     0
440
 16777216
100
AcDbPoint
 10
3616.579253718692
 20
2431.61518154834
 30
0.0
  0
POINT
  5
17C4
330
15BB
100
AcDbEntity
  8
DEFPOINTS
 62
     0
440
 16777216
100
AcDbPoint
 10
3638.550816340109
 20
2431.61518154834
 30
0.0
  0
ENDBLK
  5
15BD
330
15BB
100
AcDbEntity
  8
0
100
AcDbBlockEnd
  0
BLOCK
  5
15C8
330
15C7
100
AcDbEntity
  8
0
100
AcDbBlockBegin
  2
*D83
 70
     1
 10
0.0
 20
0.0
 30
0.0
  3
*D83
  1

  0
LINE
  5
17C5
330
15C7
100
AcDbEntity
  8
OLCU (BEYKENT)
 62
     0
440
 16777216
370
    -2
100
AcDbLine
 10
4017.270131182345
 20
2371.615357978088
 30
0.0
 11
4041.046092247152
 21
2371.615357978088
 31
0.0
  0
LINE
  5
17C6
330
15C7
100
AcDbEntity
  8
OLCU (BEYKENT)
 62
     0
440
 16777216
370
    -2
100
AcDbLine
 10
4017.270131182345
 20
2431.61518154834
 30
0.0
 11
4041.046092247152
 21
2431.61518154834
 31
0.0
  0
LINE
  5
17C7
330
15C7
100
AcDbEntity
  8
OLCU (BEYKENT)
 62
     0
440
 16777216
370
    -2
100
AcDbLine
 10
4039.046092247153
 20
2371.615357978088
 30
0.0
 11
4039.046092247153
 21
2431.61518154834
 31
0.0
  0
INSERT
  5
17C8
330
15C7
100
AcDbEntity
  8
OLCU (BEYKENT)
 62
     0
440
 16777216
370
    -2
100
AcDbBlockReference
  2
_Oblique
 10
4039.046092247153
 20
2371.615357978088
 30
0.0
 41
5.0
 42
5.0
 43
5.0
 50
270.0
  0
INSERT
  5
17C9
330
15C7
100
AcDbEntity
  8
OLCU (BEYKENT)
 62
     0
440
 16777216
370
    -2
100
AcDbBlockReference
  2
_Oblique
 10
4039.046092247153
 20
2431.61518154834
 30
0.0
 41
5.0
 42
5.0
 43
5.0
 50
90.0
  0
MTEXT
  5
17CA
330
15C7
100
AcDbEntity
  8
OLCU (BEYKENT)
 62
     7
440
 16777216
370
    -3
100
AcDbMText
 10
4031.411979454855
 20
2401.615269763212
 30
0.0
 40
13.0
 41
0.0
 46
0.0
 71
     5
 72
     1
  1
60
  7
DSMOLC-50
 11
0.0000000000000001
 21
1.0
 31
0.0
 73
     1
 44
1.0
  0
POINT
  5
17CB
330
15C7
100
AcDbEntity
  8
DEFPOINTS
 62
     0
440
 16777216
100
AcDbPoint
 10
4015.270131182345
 20
2371.615357978088
 30
0.0
  0
POINT
  5
17CC
330
15C7
100
AcDbEntity
  8
DEFPOINTS
 62
     0
440
 16777216
100
AcDbPoint
 10
4015.270131182345
 20
2431.61518154834
 30
0.0
  0
POINT
  5
17CD
330
15C7
100
AcDbEntity
  8
DEFPOINTS
 62
     0
440
 16777216
100
AcDbPoint
 10
4039.046092247153
 20
2431.61518154834
 30
0.0
  0
ENDBLK
  5
15C9
330
15C7
100
AcDbEntity
  8
0
100
AcDbBlockEnd
  0
BLOCK
  5
15D4
330
15D3
100
AcDbEntity
  8
0
100
AcDbBlockBegin
  2
*D84
 70
     1
 10
0.0
 20
0.0
 30
0.0
  3
*D84
  1

  0
LINE
  5
17CE
330
15D3
100
AcDbEntity
  8
OLCU (BEYKENT)
 62
     0
440
 16777216
370
    -2
100
AcDbLine
 10
4163.579389617281
 20
2415.615208728058
 30
0.0
 11
4185.550952238758
 21
2415.615208728058
 31
0.0
  0
LINE
  5
17CF
330
15D3
100
AcDbEntity
  8
OLCU (BEYKENT)
 62
     0
440
 16777216
370
    -2
100
AcDbLine
 10
4163.579389617281
 20
2431.61518154834
 30
0.0
 11
4185.550952238758
 21
2431.61518154834
 31
0.0
  0
LINE
  5
17D0
330
15D3
100
AcDbEntity
  8
OLCU (BEYKENT)
 62
     0
440
 16777216
370
    -2
100
AcDbLine
 10
4183.550952238757
 20
2415.615208728058
 30
0.0
 11
4183.550952238757
 21
2431.61518154834
 31
0.0
  0
INSERT
  5
17D1
330
15D3
100
AcDbEntity
  8
OLCU (BEYKENT)
 62
     0
440
 16777216
370
    -2
100
AcDbBlockReference
  2
_Oblique
 10
4183.550952238757
 20
2415.615208728058
 30
0.0
 41
5.0
 42
5.0
 43
5.0
 50
270.0
  0
INSERT
  5
17D2
330
15D3
100
AcDbEntity
  8
OLCU (BEYKENT)
 62
     0
440
 16777216
370
    -2
100
AcDbBlockReference
  2
_Oblique
 10
4183.550952238757
 20
2431.61518154834
 30
0.0
 41
5.0
 42
5.0
 43
5.0
 50
90.0
  0
MTEXT
  5
17D3
330
15D3
100
AcDbEntity
  8
OLCU (BEYKENT)
 62
     7
440
 16777216
370
    -3
100
AcDbMText
 10
4175.983895842608
 20
2423.615195138197
 30
0.0
 40
13.0
 41
0.0
 46
0.0
 71
     5
 72
     1
  1
16
  7
DSMOLC-50
 11
0.0000000000000001
 21
1.0
 31
0.0
 73
     1
 44
1.0
  0
POINT
  5
17D4
330
15D3
100
AcDbEntity
  8
DEFPOINTS
 62
     0
440
 16777216
100
AcDbPoint
 10
4161.579389617282
 20
2415.615208728058
 30
0.0
  0
POINT
  5
17D5
330
15D3
100
AcDbEntity
  8
DEFPOINTS
 62
     0
440
 16777216
100
AcDbPoint
 10
4161.579389617282
 20
2431.61518154834
 30
0.0
  0
POINT
  5
17D6
330
15D3
100
AcDbEntity
  8
DEFPOINTS
 62
     0
440
 16777216
100
AcDbPoint
 10
4183.550952238757
 20
2431.61518154834
 30
0.0
  0
ENDBLK
  5
15D5
330
15D3
100
AcDbEntity
  8
0
100
AcDbBlockEnd
  0
BLOCK
  5
15E0
330
15DF
100
AcDbEntity
  8
0
100
AcDbBlockBegin
  2
*D85
 70
     1
 10
0.0
 20
0.0
 30
0.0
  3
*D85
  1

  0
LINE
  5
17D7
330
15DF
100
AcDbEntity
  8
OLCU (BEYKENT)
 62
     0
440
 16777216
370
    -2
100
AcDbLine
 10
4542.270226549777
 20
2371.615357978088
 30
0.0
 11
4566.046187614584
 21
2371.615357978088
 31
0.0
  0
LINE
  5
17D8
330
15DF
100
AcDbEntity
  8
OLCU (BEYKENT)
 62
     0
440
 16777216
370
    -2
100
AcDbLine
 10
4542.270226549777
 20
2431.61518154834
 30
0.0
 11
4566.046187614584
 21
2431.61518154834
 31
0.0
  0
LINE
  5
17D9
330
15DF
100
AcDbEntity
  8
OLCU (BEYKENT)
 62
     0
440
 16777216
370
    -2
100
AcDbLine
 10
4564.046187614585
 20
2371.615357978088
 30
0.0
 11
4564.046187614585
 21
2431.61518154834
 31
0.0
  0
INSERT
  5
17DA
330
15DF
100
AcDbEntity
  8
OLCU (BEYKENT)
 62
     0
440
 16777216
370
    -2
100
AcDbBlockReference
  2
_Oblique
 10
4564.046187614585
 20
2371.615357978088
 30
0.0
 41
5.0
 42
5.0
 43
5.0
 50
270.0
  0
INSERT
  5
17DB
330
15DF
100
AcDbEntity
  8
OLCU (BEYKENT)
 62
     0
440
 16777216
370
    -2
100
AcDbBlockReference
  2
_Oblique
 10
4564.046187614585
 20
2431.61518154834
 30
0.0
 41
5.0
 42
5.0
 43
5.0
 50
90.0
  0
MTEXT
  5
17DC
330
15DF
100
AcDbEntity
  8
OLCU (BEYKENT)
 62
     7
440
 16777216
370
    -3
100
AcDbMText
 10
4556.412074822287
 20
2401.615269763212
 30
0.0
 40
13.0
 41
0.0
 46
0.0
 71
     5
 72
     1
  1
60
  7
DSMOLC-50
 11
0.0000000000000001
 21
1.0
 31
0.0
 73
     1
 44
1.0
  0
POINT
  5
17DD
330
15DF
100
AcDbEntity
  8
DEFPOINTS
 62
     0
440
 16777216
100
AcDbPoint
 10
4540.270226549777
 20
2371.615357978088
 30
0.0
  0
POINT
  5
17DE
330
15DF
100
AcDbEntity
  8
DEFPOINTS
 62
     0
440
 16777216
100
AcDbPoint
 10
4540.270226549777
 20
2431.61518154834
 30
0.0
  0
POINT
  5
17DF
330
15DF
100
AcDbEntity
  8
DEFPOINTS
 62
     0
440
 16777216
100
AcDbPoint
 10
4564.046187614585
 20
2431.61518154834
 30
0.0
  0
ENDBLK
  5
15E1
330
15DF
100
AcDbEntity
  8
0
100
AcDbBlockEnd
  0
BLOCK
  5
15EC
330
15EB
100
AcDbEntity
  8
0
100
AcDbBlockBegin
  2
*D86
 70
     1
 10
0.0
 20
0.0
 30
0.0
  3
*D86
  1

  0
LINE
  5
17E0
330
15EB
100
AcDbEntity
  8
OLCU (BEYKENT)
 62
     0
440
 16777216
370
    -2
100
AcDbLine
 10
4688.579484984713
 20
2415.615208728058
 30
0.0
 11
4710.551047606189
 21
2415.615208728058
 31
0.0
  0
LINE
  5
17E1
330
15EB
100
AcDbEntity
  8
OLCU (BEYKENT)
 62
     0
440
 16777216
370
    -2
100
AcDbLine
 10
4688.579484984713
 20
2431.61518154834
 30
0.0
 11
4710.551047606189
 21
2431.61518154834
 31
0.0
  0
LINE
  5
17E2
330
15EB
100
AcDbEntity
  8
OLCU (BEYKENT)
 62
     0
440
 16777216
370
    -2
100
AcDbLine
 10
4708.551047606189
 20
2415.615208728058
 30
0.0
 11
4708.551047606189
 21
2431.61518154834
 31
0.0
  0
INSERT
  5
17E3
330
15EB
100
AcDbEntity
  8
OLCU (BEYKENT)
 62
     0
440
 16777216
370
    -2
100
AcDbBlockReference
  2
_Oblique
 10
4708.551047606189
 20
2415.615208728058
 30
0.0
 41
5.0
 42
5.0
 43
5.0
 50
270.0
  0
INSERT
  5
17E4
330
15EB
100
AcDbEntity
  8
OLCU (BEYKENT)
 62
     0
440
 16777216
370
    -2
100
AcDbBlockReference
  2
_Oblique
 10
4708.551047606189
 20
2431.61518154834
 30
0.0
 41
5.0
 42
5.0
 43
5.0
 50
90.0
  0
MTEXT
  5
17E5
330
15EB
100
AcDbEntity
  8
OLCU (BEYKENT)
 62
     7
440
 16777216
370
    -3
100
AcDbMText
 10
4700.98399121004
 20
2423.615195138197
 30
0.0
 40
13.0
 41
0.0
 46
0.0
 71
     5
 72
     1
  1
16
  7
DSMOLC-50
 11
0.0000000000000001
 21
1.0
 31
0.0
 73
     1
 44
1.0
  0
POINT
  5
17E6
330
15EB
100
AcDbEntity
  8
DEFPOINTS
 62
     0
440
 16777216
100
AcDbPoint
 10
4686.579484984713
 20
2415.615208728058
 30
0.0
  0
POINT
  5
17E7
330
15EB
100
AcDbEntity
  8
DEFPOINTS
 62
     0
440
 16777216
100
AcDbPoint
 10
4686.579484984713
 20
2431.61518154834
 30
0.0
  0
POINT
  5
17E8
330
15EB
100
AcDbEntity
  8
DEFPOINTS
 62
     0
440
 16777216
100
AcDbPoint
 10
4708.551047606189
 20
2431.61518154834
 30
0.0
  0
ENDBLK
  5
15ED
330
15EB
100
AcDbEntity
  8
0
100
AcDbBlockEnd
  0
BLOCK
  5
15F8
330
15F7
100
AcDbEntity
  8
0
100
AcDbBlockBegin
  2
*D87
 70
     1
 10
0.0
 20
0.0
 30
0.0
  3
*D87
  1

  0
LINE
  5
17E9
330
15F7
100
AcDbEntity
  8
OLCU (BEYKENT)
 62
     0
440
 16777216
370
    -2
100
AcDbLine
 10
5302.270574640903
 20
2371.615357978088
 30
0.0
 11
5326.04653570571
 21
2371.615357978088
 31
0.0
  0
LINE
  5
17EA
330
15F7
100
AcDbEntity
  8
OLCU (BEYKENT)
 62
     0
440
 16777216
370
    -2
100
AcDbLine
 10
5302.270574640903
 20
2431.61518154834
 30
0.0
 11
5326.04653570571
 21
2431.61518154834
 31
0.0
  0
LINE
  5
17EB
330
15F7
100
AcDbEntity
  8
OLCU (BEYKENT)
 62
     0
440
 16777216
370
    -2
100
AcDbLine
 10
5324.04653570571
 20
2371.615357978088
 30
0.0
 11
5324.04653570571
 21
2431.61518154834
 31
0.0
  0
INSERT
  5
17EC
330
15F7
100
AcDbEntity
  8
OLCU (BEYKENT)
 62
     0
440
 16777216
370
    -2
100
AcDbBlockReference
  2
_Oblique
 10
5324.04653570571
 20
2371.615357978088
 30
0.0
 41
5.0
 42
5.0
 43
5.0
 50
270.0
  0
INSERT
  5
17ED
330
15F7
100
AcDbEntity
  8
OLCU (BEYKENT)
 62
     0
440
 16777216
370
    -2
100
AcDbBlockReference
  2
_Oblique
 10
5324.04653570571
 20
2431.61518154834
 30
0.0
 41
5.0
 42
5.0
 43
5.0
 50
90.0
  0
MTEXT
  5
17EE
330
15F7
100
AcDbEntity
  8
OLCU (BEYKENT)
 62
     7
440
 16777216
370
    -3
100
AcDbMText
 10
5316.412422913413
 20
2401.615269763212
 30
0.0
 40
13.0
 41
0.0
 46
0.0
 71
     5
 72
     1
  1
60
  7
DSMOLC-50
 11
0.0000000000000001
 21
1.0
 31
0.0
 73
     1
 44
1.0
  0
POINT
  5
17EF
330
15F7
100
AcDbEntity
  8
DEFPOINTS
 62
     0
440
 16777216
100
AcDbPoint
 10
5300.270574640903
 20
2371.615357978088
 30
0.0
  0
POINT
  5
17F0
330
15F7
100
AcDbEntity
  8
DEFPOINTS
 62
     0
440
 16777216
100
AcDbPoint
 10
5300.270574640903
 20
2431.61518154834
 30
0.0
  0
POINT
  5
17F1
330
15F7
100
AcDbEntity
  8
DEFPOINTS
 62
     0
440
 16777216
100
AcDbPoint
 10
5324.04653570571
 20
2431.61518154834
 30
0.0
  0
ENDBLK
  5
15F9
330
15F7
100
AcDbEntity
  8
0
100
AcDbBlockEnd
  0
BLOCK
  5
1604
330
1603
100
AcDbEntity
  8
0
100
AcDbBlockBegin
  2
*D88
 70
     1
 10
0.0
 20
0.0
 30
0.0
  3
*D88
  1

  0
LINE
  5
17F2
330
1603
100
AcDbEntity
  8
OLCU (BEYKENT)
 62
     0
440
 16777216
370
    -2
100
AcDbLine
 10
5448.579833075839
 20
2415.615208728058
 30
0.0
 11
5470.551395697316
 21
2415.615208728058
 31
0.0
  0
LINE
  5
17F3
330
1603
100
AcDbEntity
  8
OLCU (BEYKENT)
 62
     0
440
 16777216
370
    -2
100
AcDbLine
 10
5448.579833075839
 20
2431.61518154834
 30
0.0
 11
5470.551395697316
 21
2431.61518154834
 31
0.0
  0
LINE
  5
17F4
330
1603
100
AcDbEntity
  8
OLCU (BEYKENT)
 62
     0
440
 16777216
370
    -2
100
AcDbLine
 10
5468.551395697315
 20
2415.615208728058
 30
0.0
 11
5468.551395697315
 21
2431.61518154834
 31
0.0
  0
INSERT
  5
17F5
330
1603
100
AcDbEntity
  8
OLCU (BEYKENT)
 62
     0
440
 16777216
370
    -2
100
AcDbBlockReference
  2
_Oblique
 10
5468.551395697315
 20
2415.615208728058
 30
0.0
 41
5.0
 42
5.0
 43
5.0
 50
270.0
  0
INSERT
  5
17F6
330
1603
100
AcDbEntity
  8
OLCU (BEYKENT)
 62
     0
440
 16777216
370
    -2
100
AcDbBlockReference
  2
_Oblique
 10
5468.551395697315
 20
2431.61518154834
 30
0.0
 41
5.0
 42
5.0
 43
5.0
 50
90.0
  0
MTEXT
  5
17F7
330
1603
100
AcDbEntity
  8
OLCU (BEYKENT)
 62
     7
440
 16777216
370
    -3
100
AcDbMText
 10
5460.984339301167
 20
2423.615195138197
 30
0.0
 40
13.0
 41
0.0
 46
0.0
 71
     5
 72
     1
  1
16
  7
DSMOLC-50
 11
0.0000000000000001
 21
1.0
 31
0.0
 73
     1
 44
1.0
  0
POINT
  5
17F8
330
1603
100
AcDbEntity
  8
DEFPOINTS
 62
     0
440
 16777216
100
AcDbPoint
 10
5446.579833075839
 20
2415.615208728058
 30
0.0
  0
POINT
  5
17F9
330
1603
100
AcDbEntity
  8
DEFPOINTS
 62
     0
440
 16777216
100
AcDbPoint
 10
5446.579833075839
 20
2431.61518154834
 30
0.0
  0
POINT
  5
17FA
330
1603
100
AcDbEntity
  8
DEFPOINTS
 62
     0
440
 16777216
100
AcDbPoint
 10
5468.551395697315
 20
2431.61518154834
 30
0.0
  0
ENDBLK
  5
1605
330
1603
100
AcDbEntity
  8
0
100
AcDbBlockEnd
  0
BLOCK
  5
1610
330
160F
100
AcDbEntity
  8
0
100
AcDbBlockBegin
  2
*D89
 70
     1
 10
0.0
 20
0.0
 30
0.0
  3
*D89
  1

  0
LINE
  5
17FB
330
160F
100
AcDbEntity
  8
OLCU (BEYKENT)
 62
     0
440
 16777216
370
    -2
100
AcDbLine
 10
6084.837241243992
 20
2371.615357978088
 30
0.0
 11
6108.6132023088
 21
2371.615357978088
 31
0.0
  0
LINE
  5
17FC
330
160F
100
AcDbEntity
  8
OLCU (BEYKENT)
 62
     0
440
 16777216
370
    -2
100
AcDbLine
 10
6084.837241243992
 20
2431.61518154834
 30
0.0
 11
6108.6132023088
 21
2431.61518154834
 31
0.0
  0
LINE
  5
17FD
330
160F
100
AcDbEntity
  8
OLCU (BEYKENT)
 62
     0
440
 16777216
370
    -2
100
AcDbLine
 10
6106.6132023088
 20
2371.615357978088
 30
0.0
 11
6106.6132023088
 21
2431.61518154834
 31
0.0
  0
INSERT
  5
17FE
330
160F
100
AcDbEntity
  8
OLCU (BEYKENT)
 62
     0
440
 16777216
370
    -2
100
AcDbBlockReference
  2
_Oblique
 10
6106.6132023088
 20
2371.615357978088
 30
0.0
 41
5.0
 42
5.0
 43
5.0
 50
270.0
  0
INSERT
  5
17FF
330
160F
100
AcDbEntity
  8
OLCU (BEYKENT)
 62
     0
440
 16777216
370
    -2
100
AcDbBlockReference
  2
_Oblique
 10
6106.6132023088
 20
2431.61518154834
 30
0.0
 41
5.0
 42
5.0
 43
5.0
 50
90.0
  0
MTEXT
  5
1800
330
160F
100
AcDbEntity
  8
OLCU (BEYKENT)
 62
     7
440
 16777216
370
    -3
100
AcDbMText
 10
6098.979089516502
 20
2401.615269763212
 30
0.0
 40
13.0
 41
0.0
 46
0.0
 71
     5
 72
     1
  1
60
  7
DSMOLC-50
 11
0.0000000000000001
 21
1.0
 31
0.0
 73
     1
 44
1.0
  0
POINT
  5
1801
330
160F
100
AcDbEntity
  8
DEFPOINTS
 62
     0
440
 16777216
100
AcDbPoint
 10
6082.837241243991
 20
2371.615357978088
 30
0.0
  0
POINT
  5
1802
330
160F
100
AcDbEntity
  8
DEFPOINTS
 62
     0
440
 16777216
100
AcDbPoint
 10
6082.837241243991
 20
2431.61518154834
 30
0.0
  0
POINT
  5
1803
330
160F
100
AcDbEntity
  8
DEFPOINTS
 62
     0
440
 16777216
100
AcDbPoint
 10
6106.6132023088
 20
2431.61518154834
 30
0.0
  0
ENDBLK
  5
1611
330
160F
100
AcDbEntity
  8
0
100
AcDbBlockEnd
  0
BLOCK
  5
161C
330
161B
100
AcDbEntity
  8
0
100
AcDbBlockBegin
  2
*D90
 70
     1
 10
0.0
 20
0.0
 30
0.0
  3
*D90
  1

  0
LINE
  5
1804
330
161B
100
AcDbEntity
  8
OLCU (BEYKENT)
 62
     0
440
 16777216
370
    -2
100
AcDbLine
 10
6231.146499678929
 20
2415.615208728058
 30
0.0
 11
6253.118062300405
 21
2415.615208728058
 31
0.0
  0
LINE
  5
1805
330
161B
100
AcDbEntity
  8
OLCU (BEYKENT)
 62
     0
440
 16777216
370
    -2
100
AcDbLine
 10
6231.146499678929
 20
2431.61518154834
 30
0.0
 11
6253.118062300405
 21
2431.61518154834
 31
0.0
  0
LINE
  5
1806
330
161B
100
AcDbEntity
  8
OLCU (BEYKENT)
 62
     0
440
 16777216
370
    -2
100
AcDbLine
 10
6251.118062300406
 20
2415.615208728058
 30
0.0
 11
6251.118062300406
 21
2431.61518154834
 31
0.0
  0
INSERT
  5
1807
330
161B
100
AcDbEntity
  8
OLCU (BEYKENT)
 62
     0
440
 16777216
370
    -2
100
AcDbBlockReference
  2
_Oblique
 10
6251.118062300406
 20
2415.615208728058
 30
0.0
 41
5.0
 42
5.0
 43
5.0
 50
270.0
  0
INSERT
  5
1808
330
161B
100
AcDbEntity
  8
OLCU (BEYKENT)
 62
     0
440
 16777216
370
    -2
100
AcDbBlockReference
  2
_Oblique
 10
6251.118062300406
 20
2431.61518154834
 30
0.0
 41
5.0
 42
5.0
 43
5.0
 50
90.0
  0
MTEXT
  5
1809
330
161B
100
AcDbEntity
  8
OLCU (BEYKENT)
 62
     7
440
 16777216
370
    -3
100
AcDbMText
 10
6243.551005904256
 20
2423.615195138197
 30
0.0
 40
13.0
 41
0.0
 46
0.0
 71
     5
 72
     1
  1
16
  7
DSMOLC-50
 11
0.0000000000000001
 21
1.0
 31
0.0
 73
     1
 44
1.0
  0
POINT
  5
180A
330
161B
100
AcDbEntity
  8
DEFPOINTS
 62
     0
440
 16777216
100
AcDbPoint
 10
6229.146499678929
 20
2415.615208728058
 30
0.0
  0
POINT
  5
180B
330
161B
100
AcDbEntity
  8
DEFPOINTS
 62
     0
440
 16777216
100
AcDbPoint
 10
6229.146499678929
 20
2431.61518154834
 30
0.0
  0
POINT
  5
180C
330
161B
100
AcDbEntity
  8
DEFPOINTS
 62
     0
440
 16777216
100
AcDbPoint
 10
6251.118062300406
 20
2431.61518154834
 30
0.0
  0
ENDBLK
  5
161D
330
161B
100
AcDbEntity
  8
0
100
AcDbBlockEnd
  0
BLOCK
  5
1628
330
1627
100
AcDbEntity
  8
0
100
AcDbBlockBegin
  2
*D91
 70
     1
 10
0.0
 20
0.0
 30
0.0
  3
*D91
  1

  0
LINE
  5
180D
330
1627
100
AcDbEntity
  8
OLCU (BEYKENT)
 62
     0
440
 16777216
370
    -2
100
AcDbLine
 10
6857.402844500218
 20
2371.615357978088
 30
0.0
 11
6881.178805565027
 21
2371.615357978088
 31
0.0
  0
LINE
  5
180E
330
1627
100
AcDbEntity
  8
OLCU (BEYKENT)
 62
     0
440
 16777216
370
    -2
100
AcDbLine
 10
6857.402844500218
 20
2431.61518154834
 30
0.0
 11
6881.178805565027
 21
2431.61518154834
 31
0.0
  0
LINE
  5
180F
330
1627
100
AcDbEntity
  8
OLCU (BEYKENT)
 62
     0
440
 16777216
370
    -2
100
AcDbLine
 10
6879.178805565027
 20
2371.615357978088
 30
0.0
 11
6879.178805565027
 21
2431.61518154834
 31
0.0
  0
INSERT
  5
1810
330
1627
100
AcDbEntity
  8
OLCU (BEYKENT)
 62
     0
440
 16777216
370
    -2
100
AcDbBlockReference
  2
_Oblique
 10
6879.178805565027
 20
2371.615357978088
 30
0.0
 41
5.0
 42
5.0
 43
5.0
 50
270.0
  0
INSERT
  5
1811
330
1627
100
AcDbEntity
  8
OLCU (BEYKENT)
 62
     0
440
 16777216
370
    -2
100
AcDbBlockReference
  2
_Oblique
 10
6879.178805565027
 20
2431.61518154834
 30
0.0
 41
5.0
 42
5.0
 43
5.0
 50
90.0
  0
MTEXT
  5
1812
330
1627
100
AcDbEntity
  8
OLCU (BEYKENT)
 62
     7
440
 16777216
370
    -3
100
AcDbMText
 10
6871.544692772729
 20
2401.615269763212
 30
0.0
 40
13.0
 41
0.0
 46
0.0
 71
     5
 72
     1
  1
60
  7
DSMOLC-50
 11
0.0000000000000001
 21
1.0
 31
0.0
 73
     1
 44
1.0
  0
POINT
  5
1813
330
1627
100
AcDbEntity
  8
DEFPOINTS
 62
     0
440
 16777216
100
AcDbPoint
 10
6855.402844500218
 20
2371.615357978088
 30
0.0
  0
POINT
  5
1814
330
1627
100
AcDbEntity
  8
DEFPOINTS
 62
     0
440
 16777216
100
AcDbPoint
 10
6855.402844500218
 20
2431.61518154834
 30
0.0
  0
POINT
  5
1815
330
1627
100
AcDbEntity
  8
DEFPOINTS
 62
     0
440
 16777216
100
AcDbPoint
 10
6879.178805565027
 20
2431.61518154834
 30
0.0
  0
ENDBLK
  5
1629
330
1627
100
AcDbEntity
  8
0
100
AcDbBlockEnd
  0
BLOCK
  5
1634
330
1633
100
AcDbEntity
  8
0
100
AcDbBlockBegin
  2
*D92
 70
     1
 10
0.0
 20
0.0
 30
0.0
  3
*D92
  1

  0
LINE
  5
1816
330
1633
100
AcDbEntity
  8
OLCU (BEYKENT)
 62
     0
440
 16777216
370
    -2
100
AcDbLine
 10
7003.712102935155
 20
2415.615208728058
 30
0.0
 11
7025.683665556631
 21
2415.615208728058
 31
0.0
  0
LINE
  5
1817
330
1633
100
AcDbEntity
  8
OLCU (BEYKENT)
 62
     0
440
 16777216
370
    -2
100
AcDbLine
 10
7003.712102935155
 20
2431.61518154834
 30
0.0
 11
7025.683665556631
 21
2431.61518154834
 31
0.0
  0
LINE
  5
1818
330
1633
100
AcDbEntity
  8
OLCU (BEYKENT)
 62
     0
440
 16777216
370
    -2
100
AcDbLine
 10
7023.683665556631
 20
2415.615208728058
 30
0.0
 11
7023.683665556631
 21
2431.61518154834
 31
0.0
  0
INSERT
  5
1819
330
1633
100
AcDbEntity
  8
OLCU (BEYKENT)
 62
     0
440
 16777216
370
    -2
100
AcDbBlockReference
  2
_Oblique
 10
7023.683665556631
 20
2415.615208728058
 30
0.0
 41
5.0
 42
5.0
 43
5.0
 50
270.0
  0
INSERT
  5
181A
330
1633
100
AcDbEntity
  8
OLCU (BEYKENT)
 62
     0
440
 16777216
370
    -2
100
AcDbBlockReference
  2
_Oblique
 10
7023.683665556631
 20
2431.61518154834
 30
0.0
 41
5.0
 42
5.0
 43
5.0
 50
90.0
  0
MTEXT
  5
181B
330
1633
100
AcDbEntity
  8
OLCU (BEYKENT)
 62
     7
440
 16777216
370
    -3
100
AcDbMText
 10
7016.116609160483
 20
2423.615195138197
 30
0.0
 40
13.0
 41
0.0
 46
0.0
 71
     5
 72
     1
  1
16
  7
DSMOLC-50
 11
0.0000000000000001
 21
1.0
 31
0.0
 73
     1
 44
1.0
  0
POINT
  5
181C
330
1633
100
AcDbEntity
  8
DEFPOINTS
 62
     0
440
 16777216
100
AcDbPoint
 10
7001.712102935155
 20
2415.615208728058
 30
0.0
  0
POINT
  5
181D
330
1633
100
AcDbEntity
  8
DEFPOINTS
 62
     0
440
 16777216
100
AcDbPoint
 10
7001.712102935155
 20
2431.61518154834
 30
0.0
  0
POINT
  5
181E
330
1633
100
AcDbEntity
  8
DEFPOINTS
 62
     0
440
 16777216
100
AcDbPoint
 10
7023.683665556631
 20
2431.61518154834
 30
0.0
  0
ENDBLK
  5
1635
330
1633
100
AcDbEntity
  8
0
100
AcDbBlockEnd
  0
BLOCK
  5
1640
330
163F
100
AcDbEntity
  8
0
100
AcDbBlockBegin
  2
*D93
 70
     1
 10
0.0
 20
0.0
 30
0.0
  3
*D93
  1

  0
LINE
  5
181F
330
163F
100
AcDbEntity
  8
OLCU (BEYKENT)
 62
     0
440
 16777216
370
    -2
100
AcDbLine
 10
7617.402000498448
 20
2371.615357978088
 30
0.0
 11
7641.177961563257
 21
2371.615357978088
 31
0.0
  0
LINE
  5
1820
330
163F
100
AcDbEntity
  8
OLCU (BEYKENT)
 62
     0
440
 16777216
370
    -2
100
AcDbLine
 10
7617.402000498448
 20
2431.61518154834
 30
0.0
 11
7641.177961563257
 21
2431.61518154834
 31
0.0
  0
LINE
  5
1821
330
163F
100
AcDbEntity
  8
OLCU (BEYKENT)
 62
     0
440
 16777216
370
    -2
100
AcDbLine
 10
7639.177961563257
 20
2371.615357978088
 30
0.0
 11
7639.177961563257
 21
2431.61518154834
 31
0.0
  0
INSERT
  5
1822
330
163F
100
AcDbEntity
  8
OLCU (BEYKENT)
 62
     0
440
 16777216
370
    -2
100
AcDbBlockReference
  2
_Oblique
 10
7639.177961563257
 20
2371.615357978088
 30
0.0
 41
5.0
 42
5.0
 43
5.0
 50
270.0
  0
INSERT
  5
1823
330
163F
100
AcDbEntity
  8
OLCU (BEYKENT)
 62
     0
440
 16777216
370
    -2
100
AcDbBlockReference
  2
_Oblique
 10
7639.177961563257
 20
2431.61518154834
 30
0.0
 41
5.0
 42
5.0
 43
5.0
 50
90.0
  0
MTEXT
  5
1824
330
163F
100
AcDbEntity
  8
OLCU (BEYKENT)
 62
     7
440
 16777216
370
    -3
100
AcDbMText
 10
7631.543848770959
 20
2401.615269763211
 30
0.0
 40
13.0
 41
0.0
 46
0.0
 71
     5
 72
     1
  1
60
  7
DSMOLC-50
 11
0.0000000000000001
 21
1.0
 31
0.0
 73
     1
 44
1.0
  0
POINT
  5
1825
330
163F
100
AcDbEntity
  8
DEFPOINTS
 62
     0
440
 16777216
100
AcDbPoint
 10
7615.402000498448
 20
2371.615357978088
 30
0.0
  0
POINT
  5
1826
330
163F
100
AcDbEntity
  8
DEFPOINTS
 62
     0
440
 16777216
100
AcDbPoint
 10
7615.402000498448
 20
2431.61518154834
 30
0.0
  0
POINT
  5
1827
330
163F
100
AcDbEntity
  8
DEFPOINTS
 62
     0
440
 16777216
100
AcDbPoint
 10
7639.177961563257
 20
2431.61518154834
 30
0.0
  0
ENDBLK
  5
1641
330
163F
100
AcDbEntity
  8
0
100
AcDbBlockEnd
  0
BLOCK
  5
164C
330
164B
100
AcDbEntity
  8
0
100
AcDbBlockBegin
  2
*D94
 70
     1
 10
0.0
 20
0.0
 30
0.0
  3
*D94
  1

  0
LINE
  5
1828
330
164B
100
AcDbEntity
  8
OLCU (BEYKENT)
 62
     0
440
 16777216
370
    -2
100
AcDbLine
 10
7763.711258933385
 20
2415.615208728058
 30
0.0
 11
7785.682821554861
 21
2415.615208728058
 31
0.0
  0
LINE
  5
1829
330
164B
100
AcDbEntity
  8
OLCU (BEYKENT)
 62
     0
440
 16777216
370
    -2
100
AcDbLine
 10
7763.711258933385
 20
2431.61518154834
 30
0.0
 11
7785.682821554861
 21
2431.61518154834
 31
0.0
  0
LINE
  5
182A
330
164B
100
AcDbEntity
  8
OLCU (BEYKENT)
 62
     0
440
 16777216
370
    -2
100
AcDbLine
 10
7783.682821554861
 20
2415.615208728058
 30
0.0
 11
7783.682821554861
 21
2431.61518154834
 31
0.0
  0
INSERT
  5
182B
330
164B
100
AcDbEntity
  8
OLCU (BEYKENT)
 62
     0
440
 16777216
370
    -2
100
AcDbBlockReference
  2
_Oblique
 10
7783.682821554861
 20
2415.615208728058
 30
0.0
 41
5.0
 42
5.0
 43
5.0
 50
270.0
  0
INSERT
  5
182C
330
164B
100
AcDbEntity
  8
OLCU (BEYKENT)
 62
     0
440
 16777216
370
    -2
100
AcDbBlockReference
  2
_Oblique
 10
7783.682821554861
 20
2431.61518154834
 30
0.0
 41
5.0
 42
5.0
 43
5.0
 50
90.0
  0
MTEXT
  5
182D
330
164B
100
AcDbEntity
  8
OLCU (BEYKENT)
 62
     7
440
 16777216
370
    -3
100
AcDbMText
 10
7776.115765158713
 20
2423.615195138196
 30
0.0
 40
13.0
 41
0.0
 46
0.0
 71
     5
 72
     1
  1
16
  7
DSMOLC-50
 11
0.0000000000000001
 21
1.0
 31
0.0
 73
     1
 44
1.0
  0
POINT
  5
182E
330
164B
100
AcDbEntity
  8
DEFPOINTS
 62
     0
440
 16777216
100
AcDbPoint
 10
7761.711258933384
 20
2415.615208728058
 30
0.0
  0
POINT
  5
182F
330
164B
100
AcDbEntity
  8
DEFPOINTS
 62
     0
440
 16777216
100
AcDbPoint
 10
7761.711258933384
 20
2431.61518154834
 30
0.0
  0
POINT
  5
1830
330
164B
100
AcDbEntity
  8
DEFPOINTS
 62
     0
440
 16777216
100
AcDbPoint
 10
7783.682821554861
 20
2431.61518154834
 30
0.0
  0
ENDBLK
  5
164D
330
164B
100
AcDbEntity
  8
0
100
AcDbBlockEnd
  0
BLOCK
  5
1658
330
1657
100
AcDbEntity
  8
0
100
AcDbBlockBegin
  2
*D95
 70
     1
 10
0.0
 20
0.0
 30
0.0
  3
*D95
  1

  0
LINE
  5
1831
330
1657
100
AcDbEntity
  8
OLCU (BEYKENT)
 62
     0
440
 16777216
370
    -2
100
AcDbLine
 10
8427.401704859411
 20
2371.615357978088
 30
0.0
 11
8451.177665924218
 21
2371.615357978088
 31
0.0
  0
LINE
  5
1832
330
1657
100
AcDbEntity
  8
OLCU (BEYKENT)
 62
     0
440
 16777216
370
    -2
100
AcDbLine
 10
8427.401704859411
 20
2431.61518154834
 30
0.0
 11
8451.177665924218
 21
2431.61518154834
 31
0.0
  0
LINE
  5
1833
330
1657
100
AcDbEntity
  8
OLCU (BEYKENT)
 62
     0
440
 16777216
370
    -2
100
AcDbLine
 10
8449.177665924219
 20
2371.615357978088
 30
0.0
 11
8449.177665924219
 21
2431.61518154834
 31
0.0
  0
INSERT
  5
1834
330
1657
100
AcDbEntity
  8
OLCU (BEYKENT)
 62
     0
440
 16777216
370
    -2
100
AcDbBlockReference
  2
_Oblique
 10
8449.177665924219
 20
2371.615357978088
 30
0.0
 41
5.0
 42
5.0
 43
5.0
 50
270.0
  0
INSERT
  5
1835
330
1657
100
AcDbEntity
  8
OLCU (BEYKENT)
 62
     0
440
 16777216
370
    -2
100
AcDbBlockReference
  2
_Oblique
 10
8449.177665924219
 20
2431.61518154834
 30
0.0
 41
5.0
 42
5.0
 43
5.0
 50
90.0
  0
MTEXT
  5
1836
330
1657
100
AcDbEntity
  8
OLCU (BEYKENT)
 62
     7
440
 16777216
370
    -3
100
AcDbMText
 10
8441.54355313192
 20
2401.615269763211
 30
0.0
 40
13.0
 41
0.0
 46
0.0
 71
     5
 72
     1
  1
60
  7
DSMOLC-50
 11
0.0000000000000001
 21
1.0
 31
0.0
 73
     1
 44
1.0
  0
POINT
  5
1837
330
1657
100
AcDbEntity
  8
DEFPOINTS
 62
     0
440
 16777216
100
AcDbPoint
 10
8425.40170485941
 20
2371.615357978088
 30
0.0
  0
POINT
  5
1838
330
1657
100
AcDbEntity
  8
DEFPOINTS
 62
     0
440
 16777216
100
AcDbPoint
 10
8425.40170485941
 20
2431.61518154834
 30
0.0
  0
POINT
  5
1839
330
1657
100
AcDbEntity
  8
DEFPOINTS
 62
     0
440
 16777216
100
AcDbPoint
 10
8449.177665924219
 20
2431.61518154834
 30
0.0
  0
ENDBLK
  5
1659
330
1657
100
AcDbEntity
  8
0
100
AcDbBlockEnd
  0
BLOCK
  5
1664
330
1663
100
AcDbEntity
  8
0
100
AcDbBlockBegin
  2
*D96
 70
     1
 10
0.0
 20
0.0
 30
0.0
  3
*D96
  1

  0
LINE
  5
183A
330
1663
100
AcDbEntity
  8
OLCU (BEYKENT)
 62
     0
440
 16777216
370
    -2
100
AcDbLine
 10
2424.168916892679
 20
1993.211944930815
 30
0.0
 11
2424.168916892679
 21
1969.233039906066
 31
0.0
  0
LINE
  5
183B
330
1663
100
AcDbEntity
  8
OLCU (BEYKENT)
 62
     0
440
 16777216
370
    -2
100
AcDbLine
 10
2364.168944310815
 20
1993.311931722426
 30
0.0
 11
2364.168944310815
 21
1969.233039906066
 31
0.0
  0
LINE
  5
183C
330
1663
100
AcDbEntity
  8
OLCU (BEYKENT)
 62
     0
440
 16777216
370
    -2
100
AcDbLine
 10
2424.168916892679
 20
1971.233039906066
 30
0.0
 11
2364.168944310815
 21
1971.233039906066
 31
0.0
  0
INSERT
  5
183D
330
1663
100
AcDbEntity
  8
OLCU (BEYKENT)
 62
     0
440
 16777216
370
    -2
100
AcDbBlockReference
  2
_Oblique
 10
2424.168916892679
 20
1971.233039906066
 30
0.0
 41
5.0
 42
5.0
 43
5.0
  0
INSERT
  5
183E
330
1663
100
AcDbEntity
  8
OLCU (BEYKENT)
 62
     0
440
 16777216
370
    -2
100
AcDbBlockReference
  2
_Oblique
 10
2364.168944310815
 20
1971.233039906066
 30
0.0
 41
5.0
 42
5.0
 43
5.0
 50
180.0
  0
MTEXT
  5
183F
330
1663
100
AcDbEntity
  8
OLCU (BEYKENT)
 62
     7
440
 16777216
370
    -3
100
AcDbMText
 10
2394.168930601747
 20
1978.867152698363
 30
0.0
 40
13.0
 41
0.0
 46
0.0
 71
     5
 72
     1
  1
60
  7
DSMOLC-50
 73
     1
 44
1.0
  0
POINT
  5
1840
330
1663
100
AcDbEntity
  8
DEFPOINTS
 62
     0
440
 16777216
100
AcDbPoint
 10
2424.168916892679
 20
1995.211944930815
 30
0.0
  0
POINT
  5
1841
330
1663
100
AcDbEntity
  8
DEFPOINTS
 62
     0
440
 16777216
100
AcDbPoint
 10
2364.168944310815
 20
1995.311931722426
 30
0.0
  0
POINT
  5
1842
330
1663
100
AcDbEntity
  8
DEFPOINTS
 62
     0
440
 16777216
100
AcDbPoint
 10
2364.168944310815
 20
1971.233039906066
 30
0.0
  0
ENDBLK
  5
1665
330
1663
100
AcDbEntity
  8
0
100
AcDbBlockEnd
  0
BLOCK
  5
1670
330
166F
100
AcDbEntity
  8
0
100
AcDbBlockBegin
  2
*D97
 70
     1
 10
0.0
 20
0.0
 30
0.0
  3
*D97
  1

  0
LINE
  5
1843
330
166F
100
AcDbEntity
  8
OLCU (BEYKENT)
 62
     0
440
 16777216
370
    -2
100
AcDbLine
 10
2364.168944310815
 20
1828.2121320894
 30
0.0
 11
2364.168944310815
 21
1813.599964086788
 31
0.0
  0
LINE
  5
1844
330
166F
100
AcDbEntity
  8
OLCU (BEYKENT)
 62
     0
440
 16777216
370
    -2
100
AcDbLine
 10
2380.168917131097
 20
1828.2121320894
 30
0.0
 11
2380.168917131097
 21
1813.599964086788
 31
0.0
  0
LINE
  5
1845
330
166F
100
AcDbEntity
  8
OLCU (BEYKENT)
 62
     0
440
 16777216
370
    -2
100
AcDbLine
 10
2364.168944310815
 20
1815.599964086788
 30
0.0
 11
2380.168917131097
 21
1815.599964086788
 31
0.0
  0
INSERT
  5
1846
330
166F
100
AcDbEntity
  8
OLCU (BEYKENT)
 62
     0
440
 16777216
370
    -2
100
AcDbBlockReference
  2
_Oblique
 10
2364.168944310815
 20
1815.599964086788
 30
0.0
 41
5.0
 42
5.0
 43
5.0
 50
180.0
  0
INSERT
  5
1847
330
166F
100
AcDbEntity
  8
OLCU (BEYKENT)
 62
     0
440
 16777216
370
    -2
100
AcDbBlockReference
  2
_Oblique
 10
2380.168917131097
 20
1815.599964086788
 30
0.0
 41
5.0
 42
5.0
 43
5.0
  0
MTEXT
  5
1848
330
166F
100
AcDbEntity
  8
OLCU (BEYKENT)
 62
     7
440
 16777216
370
    -3
100
AcDbMText
 10
2372.168930720956
 20
1823.167020482937
 30
0.0
 40
13.0
 41
0.0
 46
0.0
 71
     5
 72
     1
  1
16
  7
DSMOLC-50
 73
     1
 44
1.0
  0
POINT
  5
1849
330
166F
100
AcDbEntity
  8
DEFPOINTS
 62
     0
440
 16777216
100
AcDbPoint
 10
2364.168944310815
 20
1830.2121320894
 30
0.0
  0
POINT
  5
184A
330
166F
100
AcDbEntity
  8
DEFPOINTS
 62
     0
440
 16777216
100
AcDbPoint
 10
2380.168917131097
 20
1830.2121320894
 30
0.0
  0
POINT
  5
184B
330
166F
100
AcDbEntity
  8
DEFPOINTS
 62
     0
440
 16777216
100
AcDbPoint
 10
2380.168917131097
 20
1815.599964086788
 30
0.0
  0
ENDBLK
  5
1671
330
166F
100
AcDbEntity
  8
0
100
AcDbBlockEnd
  0
BLOCK
  5
167C
330
167B
100
AcDbEntity
  8
0
100
AcDbBlockBegin
  2
*D98
 70
     1
 10
0.0
 20
0.0
 30
0.0
  3
*D98
  1

  0
LINE
  5
184C
330
167B
100
AcDbEntity
  8
OLCU (BEYKENT)
 62
     0
440
 16777216
370
    -2
100
AcDbLine
 10
2424.168916892679
 20
1633.212109439635
 30
0.0
 11
2424.168916892679
 21
1614.760637382954
 31
0.0
  0
LINE
  5
184D
330
167B
100
AcDbEntity
  8
OLCU (BEYKENT)
 62
     0
440
 16777216
370
    -2
100
AcDbLine
 10
2364.16894431083
 20
1633.212357324147
 30
0.0
 11
2364.16894431083
 21
1614.760637382954
 31
0.0
  0
LINE
  5
184E
330
167B
100
AcDbEntity
  8
OLCU (BEYKENT)
 62
     0
440
 16777216
370
    -2
100
AcDbLine
 10
2424.168916892679
 20
1616.760637382954
 30
0.0
 11
2364.16894431083
 21
1616.760637382954
 31
0.0
  0
INSERT
  5
184F
330
167B
100
AcDbEntity
  8
OLCU (BEYKENT)
 62
     0
440
 16777216
370
    -2
100
AcDbBlockReference
  2
_Oblique
 10
2424.168916892679
 20
1616.760637382954
 30
0.0
 41
5.0
 42
5.0
 43
5.0
  0
INSERT
  5
1850
330
167B
100
AcDbEntity
  8
OLCU (BEYKENT)
 62
     0
440
 16777216
370
    -2
100
AcDbBlockReference
  2
_Oblique
 10
2364.16894431083
 20
1616.760637382954
 30
0.0
 41
5.0
 42
5.0
 43
5.0
 50
180.0
  0
MTEXT
  5
1851
330
167B
100
AcDbEntity
  8
OLCU (BEYKENT)
 62
     7
440
 16777216
370
    -3
100
AcDbMText
 10
2394.168930601754
 20
1624.394750175251
 30
0.0
 40
13.0
 41
0.0
 46
0.0
 71
     5
 72
     1
  1
60
  7
DSMOLC-50
 73
     1
 44
1.0
  0
POINT
  5
1852
330
167B
100
AcDbEntity
  8
DEFPOINTS
 62
     0
440
 16777216
100
AcDbPoint
 10
2424.168916892679
 20
1635.212109439635
 30
0.0
  0
POINT
  5
1853
330
167B
100
AcDbEntity
  8
DEFPOINTS
 62
     0
440
 16777216
100
AcDbPoint
 10
2364.16894431083
 20
1635.212357324147
 30
0.0
  0
POINT
  5
1854
330
167B
100
AcDbEntity
  8
DEFPOINTS
 62
     0
440
 16777216
100
AcDbPoint
 10
2364.16894431083
 20
1616.760637382954
 30
0.0
  0
ENDBLK
  5
167D
330
167B
100
AcDbEntity
  8
0
100
AcDbBlockEnd
  0
BLOCK
  5
1688
330
1687
100
AcDbEntity
  8
0
100
AcDbBlockBegin
  2
*D99
 70
     1
 10
0.0
 20
0.0
 30
0.0
  3
*D99
  1

  0
LINE
  5
1855
330
1687
100
AcDbEntity
  8
OLCU (BEYKENT)
 62
     0
440
 16777216
370
    -2
100
AcDbLine
 10
2364.168928694384
 20
1446.667879793474
 30
0.0
 11
2364.168928694384
 21
1429.670381889438
 31
0.0
  0
LINE
  5
1856
330
1687
100
AcDbEntity
  8
OLCU (BEYKENT)
 62
     0
440
 16777216
370
    -2
100
AcDbLine
 10
2380.168901514666
 20
1446.667878454046
 30
0.0
 11
2380.168901514666
 21
1429.670381889438
 31
0.0
  0
LINE
  5
1857
330
1687
100
AcDbEntity
  8
OLCU (BEYKENT)
 62
     0
440
 16777216
370
    -2
100
AcDbLine
 10
2364.168928694384
 20
1431.670381889438
 30
0.0
 11
2380.168901514666
 21
1431.670381889438
 31
0.0
  0
INSERT
  5
1858
330
1687
100
AcDbEntity
  8
OLCU (BEYKENT)
 62
     0
440
 16777216
370
    -2
100
AcDbBlockReference
  2
_Oblique
 10
2364.168928694384
 20
1431.670381889438
 30
0.0
 41
5.0
 42
5.0
 43
5.0
 50
180.0
  0
INSERT
  5
1859
330
1687
100
AcDbEntity
  8
OLCU (BEYKENT)
 62
     0
440
 16777216
370
    -2
100
AcDbBlockReference
  2
_Oblique
 10
2380.168901514666
 20
1431.670381889438
 30
0.0
 41
5.0
 42
5.0
 43
5.0
  0
MTEXT
  5
185A
330
1687
100
AcDbEntity
  8
OLCU (BEYKENT)
 62
     7
440
 16777216
370
    -3
100
AcDbMText
 10
2372.168915104525
 20
1439.237438285586
 30
0.0
 40
13.0
 41
0.0
 46
0.0
 71
     5
 72
     1
  1
16
  7
DSMOLC-50
 73
     1
 44
1.0
  0
POINT
  5
185B
330
1687
100
AcDbEntity
  8
DEFPOINTS
 62
     0
440
 16777216
100
AcDbPoint
 10
2364.168928694384
 20
1448.667879793474
 30
0.0
  0
POINT
  5
185C
330
1687
100
AcDbEntity
  8
DEFPOINTS
 62
     0
440
 16777216
100
AcDbPoint
 10
2380.168901514666
 20
1448.667878454046
 30
0.0
  0
POINT
  5
185D
330
1687
100
AcDbEntity
  8
DEFPOINTS
 62
     0
440
 16777216
100
AcDbPoint
 10
2380.168901514666
 20
1431.670381889438
 30
0.0
  0
ENDBLK
  5
1689
330
1687
100
AcDbEntity
  8
0
100
AcDbBlockEnd
  0
BLOCK
  5
1694
330
1693
100
AcDbEntity
  8
0
100
AcDbBlockBegin
  2
*D100
 70
     1
 10
0.0
 20
0.0
 30
0.0
  3
*D100
  1

  0
LINE
  5
185E
330
1693
100
AcDbEntity
  8
OLCU (BEYKENT)
 62
     0
440
 16777216
370
    -2
100
AcDbLine
 10
2424.168879639776
 20
1192.211878173613
 30
0.0
 11
2424.168879639776
 21
1214.135685112814
 31
0.0
  0
LINE
  5
185F
330
1693
100
AcDbEntity
  8
OLCU (BEYKENT)
 62
     0
440
 16777216
370
    -2
100
AcDbLine
 10
2364.168907057927
 20
1192.212016237582
 30
0.0
 11
2364.168907057927
 21
1214.135685112814
 31
0.0
  0
LINE
  5
1860
330
1693
100
AcDbEntity
  8
OLCU (BEYKENT)
 62
     0
440
 16777216
370
    -2
100
AcDbLine
 10
2424.168879639776
 20
1212.135685112814
 30
0.0
 11
2364.168907057927
 21
1212.135685112814
 31
0.0
  0
INSERT
  5
1861
330
1693
100
AcDbEntity
  8
OLCU (BEYKENT)
 62
     0
440
 16777216
370
    -2
100
AcDbBlockReference
  2
_Oblique
 10
2424.168879639776
 20
1212.135685112814
 30
0.0
 41
5.0
 42
5.0
 43
5.0
  0
INSERT
  5
1862
330
1693
100
AcDbEntity
  8
OLCU (BEYKENT)
 62
     0
440
 16777216
370
    -2
100
AcDbBlockReference
  2
_Oblique
 10
2364.168907057927
 20
1212.135685112814
 30
0.0
 41
5.0
 42
5.0
 43
5.0
 50
180.0
  0
MTEXT
  5
1863
330
1693
100
AcDbEntity
  8
OLCU (BEYKENT)
 62
     7
440
 16777216
370
    -3
100
AcDbMText
 10
2394.168893348851
 20
1219.769797905111
 30
0.0
 40
13.0
 41
0.0
 46
0.0
 71
     5
 72
     1
  1
60
  7
DSMOLC-50
 73
     1
 44
1.0
  0
POINT
  5
1864
330
1693
100
AcDbEntity
  8
DEFPOINTS
 62
     0
440
 16777216
100
AcDbPoint
 10
2424.168879639776
 20
1190.211878173613
 30
0.0
  0
POINT
  5
1865
330
1693
100
AcDbEntity
  8
DEFPOINTS
 62
     0
440
 16777216
100
AcDbPoint
 10
2364.168907057927
 20
1190.212016237582
 30
0.0
  0
POINT
  5
1866
330
1693
100
AcDbEntity
  8
DEFPOINTS
 62
     0
440
 16777216
100
AcDbPoint
 10
2364.168907057927
 20
1212.135685112814
 30
0.0
  0
ENDBLK
  5
1695
330
1693
100
AcDbEntity
  8
0
100
AcDbBlockEnd
  0
BLOCK
  5
16A0
330
169F
100
AcDbEntity
  8
0
100
AcDbBlockBegin
  2
*D101
 70
     1
 10
0.0
 20
0.0
 30
0.0
  3
*D101
  1

  0
LINE
  5
1867
330
169F
100
AcDbEntity
  8
OLCU (BEYKENT)
 62
     0
440
 16777216
370
    -2
100
AcDbLine
 10
2364.168907057912
 20
1131.522382823917
 30
0.0
 11
2364.168907057912
 21
1124.085986477926
 31
0.0
  0
LINE
  5
1868
330
169F
100
AcDbEntity
  8
OLCU (BEYKENT)
 62
     0
440
 16777216
370
    -2
100
AcDbLine
 10
2380.168879878194
 20
1131.522382823917
 30
0.0
 11
2380.168879878194
 21
1124.085986477926
 31
0.0
  0
LINE
  5
1869
330
169F
100
AcDbEntity
  8
OLCU (BEYKENT)
 62
     0
440
 16777216
370
    -2
100
AcDbLine
 10
2364.168907057912
 20
1126.085986477926
 30
0.0
 11
2380.168879878194
 21
1126.085986477926
 31
0.0
  0
INSERT
  5
186A
330
169F
100
AcDbEntity
  8
OLCU (BEYKENT)
 62
     0
440
 16777216
370
    -2
100
AcDbBlockReference
  2
_Oblique
 10
2364.168907057912
 20
1126.085986477926
 30
0.0
 41
5.0
 42
5.0
 43
5.0
 50
180.0
  0
INSERT
  5
186B
330
169F
100
AcDbEntity
  8
OLCU (BEYKENT)
 62
     0
440
 16777216
370
    -2
100
AcDbBlockReference
  2
_Oblique
 10
2380.168879878194
 20
1126.085986477926
 30
0.0
 41
5.0
 42
5.0
 43
5.0
  0
MTEXT
  5
186C
330
169F
100
AcDbEntity
  8
OLCU (BEYKENT)
 62
     7
440
 16777216
370
    -3
100
AcDbMText
 10
2372.168893468053
 20
1133.653042874074
 30
0.0
 40
13.0
 41
0.0
 46
0.0
 71
     5
 72
     1
  1
16
  7
DSMOLC-50
 73
     1
 44
1.0
  0
POINT
  5
186D
330
169F
100
AcDbEntity
  8
DEFPOINTS
 62
     0
440
 16777216
100
AcDbPoint
 10
2364.168907057912
 20
1133.522382823917
 30
0.0
  0
POINT
  5
186E
330
169F
100
AcDbEntity
  8
DEFPOINTS
 62
     0
440
 16777216
100
AcDbPoint
 10
2380.168879878194
 20
1133.522382823917
 30
0.0
  0
POINT
  5
186F
330
169F
100
AcDbEntity
  8
DEFPOINTS
 62
     0
440
 16777216
100
AcDbPoint
 10
2380.168879878194
 20
1126.085986477926
 30
0.0
  0
ENDBLK
  5
16A1
330
169F
100
AcDbEntity
  8
0
100
AcDbBlockEnd
  0
BLOCK
  5
16AC
330
16AB
100
AcDbEntity
  8
0
100
AcDbBlockBegin
  2
*D102
 70
     1
 10
0.0
 20
0.0
 30
0.0
  3
*D102
  1

  0
LINE
  5
1870
330
16AB
100
AcDbEntity
  8
OLCU (BEYKENT)
 62
     0
440
 16777216
370
    -2
100
AcDbLine
 10
2424.168879639776
 20
1062.211912744307
 30
0.0
 11
2424.168879639776
 21
1088.248123483783
 31
0.0
  0
LINE
  5
1871
330
16AB
100
AcDbEntity
  8
OLCU (BEYKENT)
 62
     0
440
 16777216
370
    -2
100
AcDbLine
 10
2364.168907057912
 20
1062.211912744307
 30
0.0
 11
2364.168907057912
 21
1088.248123483783
 31
0.0
  0
LINE
  5
1872
330
16AB
100
AcDbEntity
  8
OLCU (BEYKENT)
 62
     0
440
 16777216
370
    -2
100
AcDbLine
 10
2424.168879639776
 20
1086.248123483783
 30
0.0
 11
2364.168907057912
 21
1086.248123483783
 31
0.0
  0
INSERT
  5
1873
330
16AB
100
AcDbEntity
  8
OLCU (BEYKENT)
 62
     0
440
 16777216
370
    -2
100
AcDbBlockReference
  2
_Oblique
 10
2424.168879639776
 20
1086.248123483783
 30
0.0
 41
5.0
 42
5.0
 43
5.0
  0
INSERT
  5
1874
330
16AB
100
AcDbEntity
  8
OLCU (BEYKENT)
 62
     0
440
 16777216
370
    -2
100
AcDbBlockReference
  2
_Oblique
 10
2364.168907057912
 20
1086.248123483783
 30
0.0
 41
5.0
 42
5.0
 43
5.0
 50
180.0
  0
MTEXT
  5
1875
330
16AB
100
AcDbEntity
  8
OLCU (BEYKENT)
 62
     7
440
 16777216
370
    -3
100
AcDbMText
 10
2394.168893348844
 20
1093.88223627608
 30
0.0
 40
13.0
 41
0.0
 46
0.0
 71
     5
 72
     1
  1
60
  7
DSMOLC-50
 73
     1
 44
1.0
  0
POINT
  5
1876
330
16AB
100
AcDbEntity
  8
DEFPOINTS
 62
     0
440
 16777216
100
AcDbPoint
 10
2424.168879639776
 20
1060.211912744307
 30
0.0
  0
POINT
  5
1877
330
16AB
100
AcDbEntity
  8
DEFPOINTS
 62
     0
440
 16777216
100
AcDbPoint
 10
2364.168907057912
 20
1060.211912744307
 30
0.0
  0
POINT
  5
1878
330
16AB
100
AcDbEntity
  8
DEFPOINTS
 62
     0
440
 16777216
100
AcDbPoint
 10
2364.168907057912
 20
1086.248123483783
 30
0.0
  0
ENDBLK
  5
16AD
330
16AB
100
AcDbEntity
  8
0
100
AcDbBlockEnd
  0
ENDSEC
  0
SECTION
  2
ENTITIES
  0
LINE
  5
CDB
330
1F
100
AcDbEntity
  8
KIRIS (BEYKENT)
100
AcDbLine
 10
2860.236945104272
 20
2025.212154739165
 30
0.0
 11
3440.236853909166
 21
2025.212154739165
 31
0.0
1001
sta4cad App2
1004
02
1071
      144
1070
    60
1070
     0
1070
     0
  0
LINE
  5
CDC
330
1F
100
AcDbEntity
  8
KIRIS (BEYKENT)
100
AcDbLine
 10
2860.236945104272
 20
1995.211944930815
 30
0.0
 11
3440.236853909166
 21
1995.211944930815
 31
0.0
1001
sta4cad App2
1004
02
1071
      144
1070
    60
1070
     0
1070
     0
  0
LINE
  5
CDD
330
1F
100
AcDbEntity
  8
KIRIS (BEYKENT)
100
AcDbLine
 10
3470.236765694292
 20
2025.212154739165
 30
0.0
 11
3985.236989807756
 21
2025.212154739165
 31
0.0
1001
sta4cad App2
1004
02
1071
      145
1070
    60
1070
     0
1070
     0
  0
LINE
  5
CDE
330
1F
100
AcDbEntity
  8
KIRIS (BEYKENT)
100
AcDbLine
 10
3470.236765694292
 20
1995.211944930815
 30
0.0
 11
3985.236989807756
 21
1995.211944930815
 31
0.0
1001
sta4cad App2
1004
02
1071
      145
1070
    60
1070
     0
1070
     0
  0
LINE
  5
CDF
330
1F
100
AcDbEntity
  8
KIRIS (BEYKENT)
100
AcDbLine
 10
4015.236901592881
 20
2025.212154739165
 30
0.0
 11
4510.236936163575
 21
2025.212154739165
 31
0.0
1001
sta4cad App2
1004
02
1071
      146
1070
    60
1070
     0
1070
     0
  0
LINE
  5
CE0
330
1F
100
AcDbEntity
  8
KIRIS (BEYKENT)
100
AcDbLine
 10
4015.236901592881
 20
1995.211944930815
 30
0.0
 11
4510.236936163575
 21
1995.211944930815
 31
0.0
1001
sta4cad App2
1004
02
1071
      146
1070
    60
1070
     0
1070
     0
  0
LINE
  5
CE1
330
1F
100
AcDbEntity
  8
KIRIS (BEYKENT)
100
AcDbLine
 10
4540.236847948701
 20
2025.212154739165
 30
0.0
 11
5270.236986231477
 21
2025.212154739165
 31
0.0
1001
sta4cad App2
1004
02
1071
      147
1070
    60
1070
     0
1070
     0
  0
LINE
  5
CE2
330
1F
100
AcDbEntity
  8
KIRIS (BEYKENT)
100
AcDbLine
 10
4540.236847948701
 20
1995.211944930815
 30
0.0
 11
5270.236986231477
 21
1995.211944930815
 31
0.0
1001
sta4cad App2
1004
02
1071
      147
1070
    60
1070
     0
1070
     0
  0
LINE
  5
CE3
330
1F
100
AcDbEntity
  8
KIRIS (BEYKENT)
100
AcDbLine
 10
5300.236898016603
 20
2025.212154739165
 30
0.0
 11
6042.836862158448
 21
2025.212154739165
 31
0.0
1001
sta4cad App2
1004
02
1071
      148
1070
    60
1070
     0
1070
     0
  0
LINE
  5
CE4
330
1F
100
AcDbEntity
  8
KIRIS (BEYKENT)
100
AcDbLine
 10
5300.236898016603
 20
1995.211944930815
 30
0.0
 11
6042.836862158448
 21
1995.211944930815
 31
0.0
1001
sta4cad App2
1004
02
1071
      148
1070
    60
1070
     0
1070
     0
  0
LINE
  5
CE5
330
1F
100
AcDbEntity
  8
KIRIS (BEYKENT)
100
AcDbLine
 10
6082.837241243989
 20
2025.212154739165
 30
0.0
 11
6825.436907362611
 21
2025.212154739165
 31
0.0
1001
sta4cad App2
1004
02
1071
      149
1070
    60
1070
     0
1070
     0
  0
LINE
  5
CE6
330
1F
100
AcDbEntity
  8
KIRIS (BEYKENT)
100
AcDbLine
 10
6082.837241243989
 20
1995.211944930815
 30
0.0
 11
6825.436907362611
 21
1995.211944930815
 31
0.0
1001
sta4cad App2
1004
02
1071
      149
1070
    60
1070
     0
1070
     0
  0
LINE
  5
CE7
330
1F
100
AcDbEntity
  8
KIRIS (BEYKENT)
100
AcDbLine
 10
6855.436819147737
 20
2025.212154739165
 30
0.0
 11
7585.435765337617
 21
2025.212154739165
 31
0.0
1001
sta4cad App2
1004
02
1071
      150
1070
    60
1070
     0
1070
     0
  0
LINE
  5
CE8
330
1F
100
AcDbEntity
  8
KIRIS (BEYKENT)
100
AcDbLine
 10
6855.436819147737
 20
1995.211944930815
 30
0.0
 11
7585.435765337617
 21
1995.211944930815
 31
0.0
1001
sta4cad App2
1004
02
1071
      150
1070
    60
1070
     0
1070
     0
  0
LINE
  5
CE9
330
1F
100
AcDbEntity
  8
KIRIS (BEYKENT)
100
AcDbLine
 10
7615.435975145967
 20
2025.212154739165
 30
0.0
 11
8395.436065745027
 21
2025.212154739165
 31
0.0
1001
sta4cad App2
1004
02
1071
      151
1070
    60
1070
     0
1070
     0
  0
LINE
  5
CEA
330
1F
100
AcDbEntity
  8
KIRIS (BEYKENT)
100
AcDbLine
 10
7615.435975145967
 20
1995.211944930815
 30
0.0
 11
8395.436065745027
 21
1995.211944930815
 31
0.0
1001
sta4cad App2
1004
02
1071
      151
1070
    60
1070
     0
1070
     0
  0
LINE
  5
CEB
330
1F
100
AcDbEntity
  8
KIRIS (BEYKENT)
100
AcDbLine
 10
2860.236945104272
 20
1665.21202122476
 30
0.0
 11
3440.236853909166
 21
1665.21202122476
 31
0.0
1001
sta4cad App2
1004
02
1071
      152
1070
    60
1070
     0
1070
     0
  0
LINE
  5
CEC
330
1F
100
AcDbEntity
  8
KIRIS (BEYKENT)
100
AcDbLine
 10
2860.236945104272
 20
1635.212109439635
 30
0.0
 11
3440.236853909166
 21
1635.212109439635
 31
0.0
1001
sta4cad App2
1004
02
1071
      152
1070
    60
1070
     0
1070
     0
  0
LINE
  5
CED
330
1F
100
AcDbEntity
  8
KIRIS (BEYKENT)
100
AcDbLine
 10
3470.236765694292
 20
1665.21202122476
 30
0.0
 11
3985.236989807756
 21
1665.21202122476
 31
0.0
1001
sta4cad App2
1004
02
1071
      153
1070
    60
1070
     0
1070
     0
  0
LINE
  5
CEE
330
1F
100
AcDbEntity
  8
KIRIS (BEYKENT)
100
AcDbLine
 10
3470.236765694292
 20
1635.212109439635
 30
0.0
 11
3689.337032389314
 21
1635.212109439635
 31
0.0
1001
sta4cad App2
1004
02
1071
      153
1070
    60
1070
     0
1070
     0
  0
LINE
  5
CEF
330
1F
100
AcDbEntity
  8
KIRIS (BEYKENT)
100
AcDbLine
 10
3714.337008547456
 20
1635.212109439635
 30
0.0
 11
3985.236989807756
 21
1635.212109439635
 31
0.0
1001
sta4cad App2
1004
02
1071
      154
1070
    60
1070
     0
1070
     0
  0
LINE
  5
CF0
330
1F
100
AcDbEntity
  8
KIRIS (BEYKENT)
100
AcDbLine
 10
4015.236901592881
 20
1665.21202122476
 30
0.0
 11
4510.236936163575
 21
1665.21202122476
 31
0.0
1001
sta4cad App2
1004
02
1071
      155
1070
    60
1070
     0
1070
     0
  0
LINE
  5
CF1
330
1F
100
AcDbEntity
  8
KIRIS (BEYKENT)
100
AcDbLine
 10
4015.236901592881
 20
1635.212109439635
 30
0.0
 11
4214.336978745134
 21
1635.212109439635
 31
0.0
1001
sta4cad App2
1004
02
1071
      155
1070
    60
1070
     0
1070
     0
  0
LINE
  5
CF2
330
1F
100
AcDbEntity
  8
KIRIS (BEYKENT)
100
AcDbLine
 10
4239.336954903276
 20
1635.212109439635
 30
0.0
 11
4510.236936163575
 21
1635.212109439635
 31
0.0
1001
sta4cad App2
1004
02
1071
      156
1070
    60
1070
     0
1070
     0
  0
LINE
  5
CF3
330
1F
100
AcDbEntity
  8
KIRIS (BEYKENT)
100
AcDbLine
 10
4540.236847948701
 20
1665.21202122476
 30
0.0
 11
5270.236986231477
 21
1665.21202122476
 31
0.0
1001
sta4cad App2
1004
02
1071
      157
1070
    60
1070
     0
1070
     0
  0
LINE
  5
CF4
330
1F
100
AcDbEntity
  8
KIRIS (BEYKENT)
100
AcDbLine
 10
4540.236847948701
 20
1635.212109439635
 30
0.0
 11
5002.336855959566
 21
1635.212109439635
 31
0.0
1001
sta4cad App2
1004
02
1071
      157
1070
    60
1070
     0
1070
     0
  0
LINE
  5
CF5
330
1F
100
AcDbEntity
  8
KIRIS (BEYKENT)
100
AcDbLine
 10
5027.337130140931
 20
1635.212109439635
 30
0.0
 11
5270.236986231477
 21
1635.212109439635
 31
0.0
1001
sta4cad App2
1004
02
1071
      158
1070
    60
1070
     0
1070
     0
  0
LINE
  5
CF6
330
1F
100
AcDbEntity
  8
KIRIS (BEYKENT)
100
AcDbLine
 10
5300.236898016603
 20
1665.21202122476
 30
0.0
 11
6042.836862158448
 21
1665.21202122476
 31
0.0
1001
sta4cad App2
1004
02
1071
      159
1070
    60
1070
     0
1070
     0
  0
LINE
  5
CF7
330
1F
100
AcDbEntity
  8
KIRIS (BEYKENT)
100
AcDbLine
 10
5300.236898016603
 20
1635.212109439635
 30
0.0
 11
5543.337025713594
 21
1635.212109439635
 31
0.0
1001
sta4cad App2
1004
02
1071
      159
1070
    60
1070
     0
1070
     0
  0
LINE
  5
CF8
330
1F
100
AcDbEntity
  8
KIRIS (BEYKENT)
100
AcDbLine
 10
5568.337001871736
 20
1635.212109439635
 30
0.0
 11
6042.836862158448
 21
1635.212109439635
 31
0.0
1001
sta4cad App2
1004
02
1071
      160
1070
    60
1070
     0
1070
     0
  0
LINE
  5
CF9
330
1F
100
AcDbEntity
  8
KIRIS (BEYKENT)
100
AcDbLine
 10
6082.837241243989
 20
1665.21202122476
 30
0.0
 11
6825.436907362611
 21
1665.21202122476
 31
0.0
1001
sta4cad App2
1004
02
1071
      161
1070
    60
1070
     0
1070
     0
  0
LINE
  5
CFA
330
1F
100
AcDbEntity
  8
KIRIS (BEYKENT)
100
AcDbLine
 10
6082.837241243989
 20
1635.212109439635
 30
0.0
 11
6557.337101530702
 21
1635.212109439635
 31
0.0
1001
sta4cad App2
1004
02
1071
      161
1070
    60
1070
     0
1070
     0
  0
LINE
  5
CFB
330
1F
100
AcDbEntity
  8
KIRIS (BEYKENT)
100
AcDbLine
 10
6582.337077688844
 20
1635.212109439635
 30
0.0
 11
6825.436907362611
 21
1635.212109439635
 31
0.0
1001
sta4cad App2
1004
02
1071
      162
1070
    60
1070
     0
1070
     0
  0
LINE
  5
CFC
330
1F
100
AcDbEntity
  8
KIRIS (BEYKENT)
100
AcDbLine
 10
6855.436819147737
 20
1665.21202122476
 30
0.0
 11
7585.435765337617
 21
1665.21202122476
 31
0.0
1001
sta4cad App2
1004
02
1071
      163
1070
    60
1070
     0
1070
     0
  0
LINE
  5
CFD
330
1F
100
AcDbEntity
  8
KIRIS (BEYKENT)
100
AcDbLine
 10
6855.436819147737
 20
1635.212109439635
 30
0.0
 11
7098.336973261506
 21
1635.212109439635
 31
0.0
1001
sta4cad App2
1004
02
1071
      163
1070
    60
1070
     0
1070
     0
  0
LINE
  5
CFE
330
1F
100
AcDbEntity
  8
KIRIS (BEYKENT)
100
AcDbLine
 10
7123.336949419648
 20
1635.212109439635
 30
0.0
 11
7585.435765337617
 21
1635.212109439635
 31
0.0
1001
sta4cad App2
1004
02
1071
      164
1070
    60
1070
     0
1070
     0
  0
LINE
  5
CFF
330
1F
100
AcDbEntity
  8
KIRIS (BEYKENT)
100
AcDbLine
 10
7615.435975145967
 20
1665.21202122476
 30
0.0
 11
8275.435822558076
 21
1665.21202122476
 31
0.0
1001
sta4cad App2
1004
02
1071
      165
1070
    60
1070
     0
1070
     0
  0
LINE
  5
D00
330
1F
100
AcDbEntity
  8
KIRIS (BEYKENT)
100
AcDbLine
 10
7615.435975145967
 20
1635.212109439635
 30
0.0
 11
8395.335929941804
 21
1635.212109439635
 31
0.0
1001
sta4cad App2
1004
02
1071
      165
1070
    60
1070
     0
1070
     0
  0
LINE
  5
D01
330
1F
100
AcDbEntity
  8
KIRIS (BEYKENT)
100
AcDbLine
 10
2870.236965369852
 20
1190.211878173613
 30
0.0
 11
3430.336820435198
 21
1190.211878173613
 31
0.0
1001
sta4cad App2
1004
02
1071
      166
1070
    60
1070
     0
1070
     0
  0
LINE
  5
D02
330
1F
100
AcDbEntity
  8
KIRIS (BEYKENT)
100
AcDbLine
 10
2870.236965369852
 20
1160.211966388487
 30
0.0
 11
3430.336820435198
 21
1160.211966388487
 31
0.0
1001
sta4cad App2
1004
02
1071
      166
1070
    60
1070
     0
1070
     0
  0
LINE
  5
D03
330
1F
100
AcDbEntity
  8
KIRIS (BEYKENT)
100
AcDbLine
 10
3470.336901497514
 20
1190.211878173613
 30
0.0
 11
3689.337032389314
 21
1190.211878173613
 31
0.0
1001
sta4cad App2
1004
02
1071
      167
1070
    60
1070
     0
1070
     0
  0
LINE
  5
D04
330
1F
100
AcDbEntity
  8
KIRIS (BEYKENT)
100
AcDbLine
 10
3470.336901497514
 20
1160.211966388487
 30
0.0
 11
3845.336990904482
 21
1160.211966388487
 31
0.0
1001
sta4cad App2
1004
02
1071
      167
1070
    60
1070
     0
1070
     0
  0
LINE
  5
D05
330
1F
100
AcDbEntity
  8
KIRIS (BEYKENT)
100
AcDbLine
 10
3714.337008547456
 20
1190.211878173613
 30
0.0
 11
3845.336990904482
 21
1190.211878173613
 31
0.0
1001
sta4cad App2
1004
02
1071
      168
1070
    60
1070
     0
1070
     0
  0
LINE
  5
D06
330
1F
100
AcDbEntity
  8
KIRIS (BEYKENT)
100
AcDbLine
 10
4025.336908650071
 20
1190.211878173613
 30
0.0
 11
4214.336978745134
 21
1190.211878173613
 31
0.0
1001
sta4cad App2
1004
02
1071
      169
1070
    60
1070
     0
1070
     0
  0
LINE
  5
D07
330
1F
100
AcDbEntity
  8
KIRIS (BEYKENT)
100
AcDbLine
 10
4025.336908650071
 20
1160.211966388487
 30
0.0
 11
4370.336788248689
 21
1160.211966388487
 31
0.0
1001
sta4cad App2
1004
02
1071
      169
1070
    60
1070
     0
1070
     0
  0
LINE
  5
D08
330
1F
100
AcDbEntity
  8
KIRIS (BEYKENT)
100
AcDbLine
 10
4239.336954903276
 20
1190.211878173613
 30
0.0
 11
4370.336788248689
 21
1190.211878173613
 31
0.0
1001
sta4cad App2
1004
02
1071
      170
1070
    60
1070
     0
1070
     0
  0
LINE
  5
D09
330
1F
100
AcDbEntity
  8
KIRIS (BEYKENT)
100
AcDbLine
 10
4550.336855005891
 20
1190.211878173613
 30
0.0
 11
5002.336855959566
 21
1190.211878173613
 31
0.0
1001
sta4cad App2
1004
02
1071
      171
1070
    60
1070
     0
1070
     0
  0
LINE
  5
D0A
330
1F
100
AcDbEntity
  8
KIRIS (BEYKENT)
100
AcDbLine
 10
4550.336855005891
 20
1160.211966388487
 30
0.0
 11
5190.336959910066
 21
1160.211966388487
 31
0.0
1001
sta4cad App2
1004
02
1071
      171
1070
    60
1070
     0
1070
     0
  0
LINE
  5
D0B
330
1F
100
AcDbEntity
  8
KIRIS (BEYKENT)
100
AcDbLine
 10
5027.337130140931
 20
1190.211878173613
 30
0.0
 11
5190.336959910066
 21
1190.211878173613
 31
0.0
1001
sta4cad App2
1004
02
1071
      172
1070
    60
1070
     0
1070
     0
  0
LINE
  5
D0C
330
1F
100
AcDbEntity
  8
KIRIS (BEYKENT)
100
AcDbLine
 10
5370.337026667268
 20
1190.211878173613
 30
0.0
 11
5543.337025713594
 21
1190.211878173613
 31
0.0
1001
sta4cad App2
1004
02
1071
      173
1070
    60
1070
     0
1070
     0
  0
LINE
  5
D0D
330
1F
100
AcDbEntity
  8
KIRIS (BEYKENT)
100
AcDbLine
 10
5370.337026667268
 20
1160.211966388487
 30
0.0
 11
6037.836926531465
 21
1160.211966388487
 31
0.0
1001
sta4cad App2
1004
02
1071
      173
1070
    60
1070
     0
1070
     0
  0
LINE
  5
D0E
330
1F
100
AcDbEntity
  8
KIRIS (BEYKENT)
100
AcDbLine
 10
5568.337001871736
 20
1190.211878173613
 30
0.0
 11
6037.836926531465
 21
1190.211878173613
 31
0.0
1001
sta4cad App2
1004
02
1071
      174
1070
    60
1070
     0
1070
     0
  0
LINE
  5
D0F
330
1F
100
AcDbEntity
  8
KIRIS (BEYKENT)
100
AcDbLine
 10
6087.836878847749
 20
1190.211878173613
 30
0.0
 11
6557.337101530702
 21
1190.211878173613
 31
0.0
1001
sta4cad App2
1004
02
1071
      175
1070
    60
1070
     0
1070
     0
  0
LINE
  5
D10
330
1F
100
AcDbEntity
  8
KIRIS (BEYKENT)
100
AcDbLine
 10
6087.836878847749
 20
1160.211966388487
 30
0.0
 11
6755.33707673517
 21
1160.211966388487
 31
0.0
1001
sta4cad App2
1004
02
1071
      175
1070
    60
1070
     0
1070
     0
  0
LINE
  5
D11
330
1F
100
AcDbEntity
  8
KIRIS (BEYKENT)
100
AcDbLine
 10
6582.337077688844
 20
1190.211878173613
 30
0.0
 11
6755.33707673517
 21
1190.211878173613
 31
0.0
1001
sta4cad App2
1004
02
1071
      176
1070
    60
1070
     0
1070
     0
  0
LINE
  5
D12
330
1F
100
AcDbEntity
  8
KIRIS (BEYKENT)
100
AcDbLine
 10
6935.336845469148
 20
1190.211878173613
 30
0.0
 11
7098.336973261506
 21
1190.211878173613
 31
0.0
1001
sta4cad App2
1004
02
1071
      177
1070
    60
1070
     0
1070
     0
  0
LINE
  5
D13
330
1F
100
AcDbEntity
  8
KIRIS (BEYKENT)
100
AcDbLine
 10
6935.336845469148
 20
1160.211966388487
 30
0.0
 11
7575.335758280427
 21
1160.211966388487
 31
0.0
1001
sta4cad App2
1004
02
1071
      177
1070
    60
1070
     0
1070
     0
  0
LINE
  5
D14
330
1F
100
AcDbEntity
  8
KIRIS (BEYKENT)
100
AcDbLine
 10
7123.336949419648
 20
1190.211878173613
 30
0.0
 11
7575.335758280427
 21
1190.211878173613
 31
0.0
1001
sta4cad App2
1004
02
1071
      178
1070
    60
1070
     0
1070
     0
  0
LINE
  5
D15
330
1F
100
AcDbEntity
  8
KIRIS (BEYKENT)
100
AcDbLine
 10
7755.336421084077
 20
1190.211878173613
 30
0.0
 11
8385.43619449106
 21
1190.211878173613
 31
0.0
1001
sta4cad App2
1004
02
1071
      179
1070
    60
1070
     0
1070
     0
  0
LINE
  5
D16
330
1F
100
AcDbEntity
  8
KIRIS (BEYKENT)
100
AcDbLine
 10
7755.336421084077
 20
1160.211966388487
 30
0.0
 11
8385.43619449106
 21
1160.211966388487
 31
0.0
1001
sta4cad App2
1004
02
1071
      179
1070
    60
1070
     0
1070
     0
  0
LINE
  5
D17
330
1F
100
AcDbEntity
  8
KIRIS (BEYKENT)
100
AcDbLine
 10
2860.336931895883
 20
1060.211912744307
 30
0.0
 11
3440.336840700777
 21
1060.211912744307
 31
0.0
1001
sta4cad App2
1004
02
1071
      180
1070
    60
1070
     0
1070
     0
  0
LINE
  5
D18
330
1F
100
AcDbEntity
  8
KIRIS (BEYKENT)
100
AcDbLine
 10
2830.336945604951
 20
1030.212000959181
 30
0.0
 11
8425.336139750154
 21
1030.212000959181
 31
0.0
1001
sta4cad App2
1004
02
1071
      180
1070
    60
1070
     0
1070
     0
  0
LINE
  5
D19
330
1F
100
AcDbEntity
  8
KIRIS (BEYKENT)
100
AcDbLine
 10
3470.336901497514
 20
1060.211912744307
 30
0.0
 11
3985.336976599367
 21
1060.211912744307
 31
0.0
1001
sta4cad App2
1004
02
1071
      181
1070
    60
1070
     0
1070
     0
  0
LINE
  5
D1A
330
1F
100
AcDbEntity
  8
KIRIS (BEYKENT)
100
AcDbLine
 10
4015.337037396104
 20
1060.211912744307
 30
0.0
 11
4510.336773943574
 21
1060.211912744307
 31
0.0
1001
sta4cad App2
1004
02
1071
      182
1070
    60
1070
     0
1070
     0
  0
LINE
  5
D1B
330
1F
100
AcDbEntity
  8
KIRIS (BEYKENT)
100
AcDbLine
 10
4540.3366857287
 20
1060.211912744307
 30
0.0
 11
5270.336824011476
 21
1060.211912744307
 31
0.0
1001
sta4cad App2
1004
02
1071
      183
1070
    60
1070
     0
1070
     0
  0
LINE
  5
D1C
330
1F
100
AcDbEntity
  8
KIRIS (BEYKENT)
100
AcDbLine
 10
5300.336735796602
 20
1060.211912744307
 30
0.0
 11
6042.836862158448
 21
1060.211912744307
 31
0.0
1001
sta4cad App2
1004
02
1071
      184
1070
    60
1070
     0
1070
     0
  0
LINE
  5
D1D
330
1F
100
AcDbEntity
  8
KIRIS (BEYKENT)
100
AcDbLine
 10
6082.837241243989
 20
1060.211912744307
 30
0.0
 11
6825.337069582612
 21
1060.211912744307
 31
0.0
1001
sta4cad App2
1004
02
1071
      185
1070
    60
1070
     0
1070
     0
  0
LINE
  5
D1E
330
1F
100
AcDbEntity
  8
KIRIS (BEYKENT)
100
AcDbLine
 10
6855.336683344514
 20
1060.211912744307
 30
0.0
 11
7585.336225580842
 21
1060.211912744307
 31
0.0
1001
sta4cad App2
1004
02
1071
      186
1070
    60
1070
     0
1070
     0
  0
LINE
  5
D1F
330
1F
100
AcDbEntity
  8
KIRIS (BEYKENT)
100
AcDbLine
 10
7615.335839342744
 20
1060.211912744307
 30
0.0
 11
8395.335929941804
 21
1060.211912744307
 31
0.0
1001
sta4cad App2
1004
02
1071
      187
1070
    60
1070
     0
1070
     0
  0
LINE
  5
D20
330
1F
100
AcDbEntity
  8
KIRIS (BEYKENT)
100
AcDbLine
 10
2860.336931895883
 20
1160.211966388487
 30
0.0
 11
2860.336931895883
 21
1060.211912744307
 31
0.0
1001
sta4cad App2
1004
02
1071
      188
1070
    60
1070
     0
1070
     0
  0
LINE
  5
D21
330
1F
100
AcDbEntity
  8
KIRIS (BEYKENT)
100
AcDbLine
 10
2830.236958813341
 20
1160.211966388487
 30
0.0
 11
2830.336945604951
 21
1030.212000959181
 31
0.0
1001
sta4cad App2
1004
02
1071
      188
1070
    60
1070
     0
1070
     0
  0
LINE
  5
D22
330
1F
100
AcDbEntity
  8
KIRIS (BEYKENT)
100
AcDbLine
 10
2860.336931895883
 20
1605.312035434508
 30
0.0
 11
2860.336931895883
 21
1200.212047450804
 31
0.0
1001
sta4cad App2
1004
02
1071
      189
1070
    60
1070
     0
1070
     0
  0
LINE
  5
D23
330
1F
100
AcDbEntity
  8
KIRIS (BEYKENT)
100
AcDbLine
 10
2830.236958813341
 20
1605.312035434508
 30
0.0
 11
2830.236958813341
 21
1200.212047450804
 31
0.0
1001
sta4cad App2
1004
02
1071
      189
1070
    60
1070
     0
1070
     0
  0
LINE
  5
D24
330
1F
100
AcDbEntity
  8
KIRIS (BEYKENT)
100
AcDbLine
 10
2860.336931895883
 20
1965.311870925688
 30
0.0
 11
2860.236945104272
 21
1665.312157027983
 31
0.0
1001
sta4cad App2
1004
02
1071
      190
1070
    60
1070
     0
1070
     0
  0
LINE
  5
D25
330
1F
100
AcDbEntity
  8
KIRIS (BEYKENT)
100
AcDbLine
 10
2830.236958813341
 20
1965.311870925688
 30
0.0
 11
2830.236958813341
 21
1665.312157027983
 31
0.0
1001
sta4cad App2
1004
02
1071
      190
1070
    60
1070
     0
1070
     0
  0
LINE
  5
D26
330
1F
100
AcDbEntity
  8
KIRIS (BEYKENT)
100
AcDbLine
 10
3470.336901497514
 20
1160.211966388487
 30
0.0
 11
3470.336901497514
 21
1060.211912744307
 31
0.0
1001
sta4cad App2
1004
02
1071
      191
1070
    60
1070
     0
1070
     0
  0
LINE
  5
D27
330
1F
100
AcDbEntity
  8
KIRIS (BEYKENT)
100
AcDbLine
 10
3440.336840700777
 20
1160.211966388487
 30
0.0
 11
3440.336840700777
 21
1060.211912744307
 31
0.0
1001
sta4cad App2
1004
02
1071
      191
1070
    60
1070
     0
1070
     0
  0
LINE
  5
D28
330
1F
100
AcDbEntity
  8
KIRIS (BEYKENT)
100
AcDbLine
 10
3470.336901497514
 20
1605.312035434508
 30
0.0
 11
3470.336901497514
 21
1200.212047450804
 31
0.0
1001
sta4cad App2
1004
02
1071
      192
1070
    60
1070
     0
1070
     0
  0
LINE
  5
D29
330
1F
100
AcDbEntity
  8
KIRIS (BEYKENT)
100
AcDbLine
 10
3440.236853909166
 20
1605.312035434508
 30
0.0
 11
3440.336840700777
 21
1200.212047450804
 31
0.0
1001
sta4cad App2
1004
02
1071
      192
1070
    60
1070
     0
1070
     0
  0
LINE
  5
D2A
330
1F
100
AcDbEntity
  8
KIRIS (BEYKENT)
100
AcDbLine
 10
3470.336901497514
 20
1965.311870925688
 30
0.0
 11
3470.236765694292
 21
1665.312157027983
 31
0.0
1001
sta4cad App2
1004
02
1071
      193
1070
    60
1070
     0
1070
     0
  0
LINE
  5
D2B
330
1F
100
AcDbEntity
  8
KIRIS (BEYKENT)
100
AcDbLine
 10
3440.236853909166
 20
1965.311870925688
 30
0.0
 11
3440.236853909166
 21
1665.312157027983
 31
0.0
1001
sta4cad App2
1004
02
1071
      193
1070
    60
1070
     0
1070
     0
  0
LINE
  5
D2C
330
1F
100
AcDbEntity
  8
KIRIS (BEYKENT)
100
AcDbLine
 10
4015.337037396104
 20
1160.311804168486
 30
0.0
 11
4015.337037396104
 21
1060.211912744307
 31
0.0
1001
sta4cad App2
1004
02
1071
      194
1070
    60
1070
     0
1070
     0
  0
LINE
  5
D2D
330
1F
100
AcDbEntity
  8
KIRIS (BEYKENT)
100
AcDbLine
 10
3985.336976599367
 20
1160.311804168486
 30
0.0
 11
3985.336976599367
 21
1060.211912744307
 31
0.0
1001
sta4cad App2
1004
02
1071
      194
1070
    60
1070
     0
1070
     0
  0
LINE
  5
D2E
330
1F
100
AcDbEntity
  8
KIRIS (BEYKENT)
100
AcDbLine
 10
4015.337037396104
 20
1605.312035434508
 30
0.0
 11
4015.337037396104
 21
1190.312013976836
 31
0.0
1001
sta4cad App2
1004
02
1071
      195
1070
    60
1070
     0
1070
     0
  0
LINE
  5
D2F
330
1F
100
AcDbEntity
  8
KIRIS (BEYKENT)
100
AcDbLine
 10
3985.236989807756
 20
1605.312035434508
 30
0.0
 11
3985.336976599367
 21
1190.312013976836
 31
0.0
1001
sta4cad App2
1004
02
1071
      195
1070
    60
1070
     0
1070
     0
  0
LINE
  5
D30
330
1F
100
AcDbEntity
  8
KIRIS (BEYKENT)
100
AcDbLine
 10
4015.337037396104
 20
1965.311870925688
 30
0.0
 11
4015.236901592881
 21
1665.312157027983
 31
0.0
1001
sta4cad App2
1004
02
1071
      196
1070
    60
1070
     0
1070
     0
  0
LINE
  5
D31
330
1F
100
AcDbEntity
  8
KIRIS (BEYKENT)
100
AcDbLine
 10
3985.236989807756
 20
1965.311870925688
 30
0.0
 11
3985.236989807756
 21
1665.312157027983
 31
0.0
1001
sta4cad App2
1004
02
1071
      196
1070
    60
1070
     0
1070
     0
  0
LINE
  5
D32
330
1F
100
AcDbEntity
  8
KIRIS (BEYKENT)
100
AcDbLine
 10
4239.336954903276
 20
1635.212109439635
 30
0.0
 11
4239.336954903276
 21
1190.211878173613
 31
0.0
1001
sta4cad App2
1004
02
1071
      197
1070
    60
1070
     0
1070
     0
  0
LINE
  5
D33
330
1F
100
AcDbEntity
  8
KIRIS (BEYKENT)
100
AcDbLine
 10
4214.336978745134
 20
1635.212109439635
 30
0.0
 11
4214.336978745134
 21
1190.211878173613
 31
0.0
1001
sta4cad App2
1004
02
1071
      197
1070
    60
1070
     0
1070
     0
  0
LINE
  5
D34
330
1F
100
AcDbEntity
  8
KIRIS (BEYKENT)
100
AcDbLine
 10
4540.3366857287
 20
1160.311804168486
 30
0.0
 11
4540.3366857287
 21
1060.211912744307
 31
0.0
1001
sta4cad App2
1004
02
1071
      198
1070
    60
1070
     0
1070
     0
  0
LINE
  5
D35
330
1F
100
AcDbEntity
  8
KIRIS (BEYKENT)
100
AcDbLine
 10
4510.336773943574
 20
1160.311804168486
 30
0.0
 11
4510.336773943574
 21
1060.211912744307
 31
0.0
1001
sta4cad App2
1004
02
1071
      198
1070
    60
1070
     0
1070
     0
  0
LINE
  5
D36
330
1F
100
AcDbEntity
  8
KIRIS (BEYKENT)
100
AcDbLine
 10
4540.3366857287
 20
1605.312035434508
 30
0.0
 11
4540.3366857287
 21
1190.312013976836
 31
0.0
1001
sta4cad App2
1004
02
1071
      199
1070
    60
1070
     0
1070
     0
  0
LINE
  5
D37
330
1F
100
AcDbEntity
  8
KIRIS (BEYKENT)
100
AcDbLine
 10
4510.236936163575
 20
1605.312035434508
 30
0.0
 11
4510.336773943574
 21
1190.312013976836
 31
0.0
1001
sta4cad App2
1004
02
1071
      199
1070
    60
1070
     0
1070
     0
  0
LINE
  5
D38
330
1F
100
AcDbEntity
  8
KIRIS (BEYKENT)
100
AcDbLine
 10
4540.3366857287
 20
1965.311870925688
 30
0.0
 11
4540.236847948701
 21
1665.312157027983
 31
0.0
1001
sta4cad App2
1004
02
1071
      200
1070
    60
1070
     0
1070
     0
  0
LINE
  5
D39
330
1F
100
AcDbEntity
  8
KIRIS (BEYKENT)
100
AcDbLine
 10
4510.236936163575
 20
1965.311870925688
 30
0.0
 11
4510.236936163575
 21
1665.312157027983
 31
0.0
1001
sta4cad App2
1004
02
1071
      200
1070
    60
1070
     0
1070
     0
  0
LINE
  5
D3A
330
1F
100
AcDbEntity
  8
KIRIS (BEYKENT)
100
AcDbLine
 10
5027.337130140931
 20
1635.212109439635
 30
0.0
 11
5027.337130140931
 21
1190.211878173613
 31
0.0
1001
sta4cad App2
1004
02
1071
      201
1070
    60
1070
     0
1070
     0
  0
LINE
  5
D3B
330
1F
100
AcDbEntity
  8
KIRIS (BEYKENT)
100
AcDbLine
 10
5002.336855959566
 20
1635.212109439635
 30
0.0
 11
5002.336855959566
 21
1190.211878173613
 31
0.0
1001
sta4cad App2
1004
02
1071
      201
1070
    60
1070
     0
1070
     0
  0
LINE
  5
D3C
330
1F
100
AcDbEntity
  8
KIRIS (BEYKENT)
100
AcDbLine
 10
5300.336735796602
 20
1160.311804168486
 30
0.0
 11
5300.336735796602
 21
1060.211912744307
 31
0.0
1001
sta4cad App2
1004
02
1071
      202
1070
    60
1070
     0
1070
     0
  0
LINE
  5
D3D
330
1F
100
AcDbEntity
  8
KIRIS (BEYKENT)
100
AcDbLine
 10
5270.336824011476
 20
1160.311804168486
 30
0.0
 11
5270.336824011476
 21
1060.211912744307
 31
0.0
1001
sta4cad App2
1004
02
1071
      202
1070
    60
1070
     0
1070
     0
  0
LINE
  5
D3E
330
1F
100
AcDbEntity
  8
KIRIS (BEYKENT)
100
AcDbLine
 10
5300.336735796602
 20
1605.312035434508
 30
0.0
 11
5300.336735796602
 21
1190.312013976836
 31
0.0
1001
sta4cad App2
1004
02
1071
      203
1070
    60
1070
     0
1070
     0
  0
LINE
  5
D3F
330
1F
100
AcDbEntity
  8
KIRIS (BEYKENT)
100
AcDbLine
 10
5270.236986231477
 20
1605.312035434508
 30
0.0
 11
5270.336824011476
 21
1190.312013976836
 31
0.0
1001
sta4cad App2
1004
02
1071
      203
1070
    60
1070
     0
1070
     0
  0
LINE
  5
D40
330
1F
100
AcDbEntity
  8
KIRIS (BEYKENT)
100
AcDbLine
 10
5300.336735796602
 20
1965.311870925688
 30
0.0
 11
5300.236898016603
 21
1665.312157027983
 31
0.0
1001
sta4cad App2
1004
02
1071
      204
1070
    60
1070
     0
1070
     0
  0
LINE
  5
D41
330
1F
100
AcDbEntity
  8
KIRIS (BEYKENT)
100
AcDbLine
 10
5270.236986231477
 20
1965.311870925688
 30
0.0
 11
5270.236986231477
 21
1665.312157027983
 31
0.0
1001
sta4cad App2
1004
02
1071
      204
1070
    60
1070
     0
1070
     0
  0
LINE
  5
D42
330
1F
100
AcDbEntity
  8
KIRIS (BEYKENT)
100
AcDbLine
 10
5568.337001871736
 20
1635.212109439635
 30
0.0
 11
5568.337001871736
 21
1190.211878173613
 31
0.0
1001
sta4cad App2
1004
02
1071
      205
1070
    60
1070
     0
1070
     0
  0
LINE
  5
D43
330
1F
100
AcDbEntity
  8
KIRIS (BEYKENT)
100
AcDbLine
 10
5543.337025713594
 20
1635.212109439635
 30
0.0
 11
5543.337025713594
 21
1190.211878173613
 31
0.0
1001
sta4cad App2
1004
02
1071
      205
1070
    60
1070
     0
1070
     0
  0
LINE
  5
D44
330
1F
100
AcDbEntity
  8
KIRIS (BEYKENT)
100
AcDbLine
 10
6082.837241243989
 20
1160.211966388487
 30
0.0
 11
6082.837241243989
 21
1060.211912744307
 31
0.0
1001
sta4cad App2
1004
02
1071
      206
1070
    60
1070
     0
1070
     0
  0
LINE
  5
D45
330
1F
100
AcDbEntity
  8
KIRIS (BEYKENT)
100
AcDbLine
 10
6042.836862158448
 20
1160.211966388487
 30
0.0
 11
6042.836862158448
 21
1060.211912744307
 31
0.0
1001
sta4cad App2
1004
02
1071
      206
1070
    60
1070
     0
1070
     0
  0
LINE
  5
D46
330
1F
100
AcDbEntity
  8
KIRIS (BEYKENT)
100
AcDbLine
 10
6082.837241243989
 20
1605.312035434508
 30
0.0
 11
6082.837241243989
 21
1200.212047450804
 31
0.0
1001
sta4cad App2
1004
02
1071
      207
1070
    60
1070
     0
1070
     0
  0
LINE
  5
D47
330
1F
100
AcDbEntity
  8
KIRIS (BEYKENT)
100
AcDbLine
 10
6042.836862158448
 20
1605.312035434508
 30
0.0
 11
6042.836862158448
 21
1200.212047450804
 31
0.0
1001
sta4cad App2
1004
02
1071
      207
1070
    60
1070
     0
1070
     0
  0
LINE
  5
D48
330
1F
100
AcDbEntity
  8
KIRIS (BEYKENT)
100
AcDbLine
 10
6082.837241243989
 20
1965.311870925688
 30
0.0
 11
6082.837241243989
 21
1665.312157027983
 31
0.0
1001
sta4cad App2
1004
02
1071
      208
1070
    60
1070
     0
1070
     0
  0
LINE
  5
D49
330
1F
100
AcDbEntity
  8
KIRIS (BEYKENT)
100
AcDbLine
 10
6042.836862158448
 20
1965.311870925688
 30
0.0
 11
6042.836862158448
 21
1665.312157027983
 31
0.0
1001
sta4cad App2
1004
02
1071
      208
1070
    60
1070
     0
1070
     0
  0
LINE
  5
D4A
330
1F
100
AcDbEntity
  8
KIRIS (BEYKENT)
100
AcDbLine
 10
6582.337077688844
 20
1635.212109439635
 30
0.0
 11
6582.337077688844
 21
1190.211878173613
 31
0.0
1001
sta4cad App2
1004
02
1071
      209
1070
    60
1070
     0
1070
     0
  0
LINE
  5
D4B
330
1F
100
AcDbEntity
  8
KIRIS (BEYKENT)
100
AcDbLine
 10
6557.337101530702
 20
1635.212109439635
 30
0.0
 11
6557.337101530702
 21
1190.211878173613
 31
0.0
1001
sta4cad App2
1004
02
1071
      209
1070
    60
1070
     0
1070
     0
  0
LINE
  5
D4C
330
1F
100
AcDbEntity
  8
KIRIS (BEYKENT)
100
AcDbLine
 10
6855.336683344514
 20
1160.311804168486
 30
0.0
 11
6855.336683344514
 21
1060.211912744307
 31
0.0
1001
sta4cad App2
1004
02
1071
      210
1070
    60
1070
     0
1070
     0
  0
LINE
  5
D4D
330
1F
100
AcDbEntity
  8
KIRIS (BEYKENT)
100
AcDbLine
 10
6825.337069582612
 20
1160.311804168486
 30
0.0
 11
6825.337069582612
 21
1060.211912744307
 31
0.0
1001
sta4cad App2
1004
02
1071
      210
1070
    60
1070
     0
1070
     0
  0
LINE
  5
D4E
330
1F
100
AcDbEntity
  8
KIRIS (BEYKENT)
100
AcDbLine
 10
6855.336683344514
 20
1605.312035434508
 30
0.0
 11
6855.336683344514
 21
1190.312013976836
 31
0.0
1001
sta4cad App2
1004
02
1071
      211
1070
    60
1070
     0
1070
     0
  0
LINE
  5
D4F
330
1F
100
AcDbEntity
  8
KIRIS (BEYKENT)
100
AcDbLine
 10
6825.436907362611
 20
1605.312035434508
 30
0.0
 11
6825.337069582612
 21
1190.312013976836
 31
0.0
1001
sta4cad App2
1004
02
1071
      211
1070
    60
1070
     0
1070
     0
  0
LINE
  5
D50
330
1F
100
AcDbEntity
  8
KIRIS (BEYKENT)
100
AcDbLine
 10
6855.336683344514
 20
1965.311870925688
 30
0.0
 11
6855.436819147737
 21
1665.312157027983
 31
0.0
1001
sta4cad App2
1004
02
1071
      212
1070
    60
1070
     0
1070
     0
  0
LINE
  5
D51
330
1F
100
AcDbEntity
  8
KIRIS (BEYKENT)
100
AcDbLine
 10
6825.436907362611
 20
1965.311870925688
 30
0.0
 11
6825.436907362611
 21
1665.312157027983
 31
0.0
1001
sta4cad App2
1004
02
1071
      212
1070
    60
1070
     0
1070
     0
  0
LINE
  5
D52
330
1F
100
AcDbEntity
  8
KIRIS (BEYKENT)
100
AcDbLine
 10
7123.336949419648
 20
1635.212109439635
 30
0.0
 11
7123.336949419648
 21
1190.211878173613
 31
0.0
1001
sta4cad App2
1004
02
1071
      213
1070
    60
1070
     0
1070
     0
  0
LINE
  5
D53
330
1F
100
AcDbEntity
  8
KIRIS (BEYKENT)
100
AcDbLine
 10
7098.336973261506
 20
1635.212109439635
 30
0.0
 11
7098.336973261506
 21
1190.211878173613
 31
0.0
1001
sta4cad App2
1004
02
1071
      213
1070
    60
1070
     0
1070
     0
  0
LINE
  5
D54
330
1F
100
AcDbEntity
  8
KIRIS (BEYKENT)
100
AcDbLine
 10
7615.335839342744
 20
1160.311804168486
 30
0.0
 11
7615.335839342744
 21
1060.211912744307
 31
0.0
1001
sta4cad App2
1004
02
1071
      214
1070
    60
1070
     0
1070
     0
  0
LINE
  5
D55
330
1F
100
AcDbEntity
  8
KIRIS (BEYKENT)
100
AcDbLine
 10
7585.336225580842
 20
1160.311804168486
 30
0.0
 11
7585.336225580842
 21
1060.211912744307
 31
0.0
1001
sta4cad App2
1004
02
1071
      214
1070
    60
1070
     0
1070
     0
  0
LINE
  5
D56
330
1F
100
AcDbEntity
  8
KIRIS (BEYKENT)
100
AcDbLine
 10
7615.335839342744
 20
1605.312035434508
 30
0.0
 11
7615.335839342744
 21
1190.312013976836
 31
0.0
1001
sta4cad App2
1004
02
1071
      215
1070
    60
1070
     0
1070
     0
  0
LINE
  5
D57
330
1F
100
AcDbEntity
  8
KIRIS (BEYKENT)
100
AcDbLine
 10
7585.435765337617
 20
1605.312035434508
 30
0.0
 11
7585.336225580842
 21
1190.312013976836
 31
0.0
1001
sta4cad App2
1004
02
1071
      215
1070
    60
1070
     0
1070
     0
  0
LINE
  5
D58
330
1F
100
AcDbEntity
  8
KIRIS (BEYKENT)
100
AcDbLine
 10
7615.335839342744
 20
1965.311870925688
 30
0.0
 11
7615.435975145967
 21
1665.312157027983
 31
0.0
1001
sta4cad App2
1004
02
1071
      216
1070
    60
1070
     0
1070
     0
  0
LINE
  5
D59
330
1F
100
AcDbEntity
  8
KIRIS (BEYKENT)
100
AcDbLine
 10
7585.435765337617
 20
1965.311870925688
 30
0.0
 11
7585.435765337617
 21
1665.312157027983
 31
0.0
1001
sta4cad App2
1004
02
1071
      216
1070
    60
1070
     0
1070
     0
  0
LINE
  5
D5A
330
1F
100
AcDbEntity
  8
KIRIS (BEYKENT)
100
AcDbLine
 10
8425.336139750154
 20
1160.211966388487
 30
0.0
 11
8425.336139750154
 21
1030.212000959181
 31
0.0
1001
sta4cad App2
1004
02
1071
      217
1070
    60
1070
     0
1070
     0
  0
LINE
  5
D5B
330
1F
100
AcDbEntity
  8
KIRIS (BEYKENT)
100
AcDbLine
 10
8395.335929941804
 20
1160.211966388487
 30
0.0
 11
8395.335929941804
 21
1060.211912744307
 31
0.0
1001
sta4cad App2
1004
02
1071
      217
1070
    60
1070
     0
1070
     0
  0
LINE
  5
D5C
330
1F
100
AcDbEntity
  8
KIRIS (BEYKENT)
100
AcDbLine
 10
8425.336139750154
 20
1640.312180869841
 30
0.0
 11
8425.435679506929
 21
1200.212047450804
 31
0.0
1001
sta4cad App2
1004
02
1071
      218
1070
    60
1070
     0
1070
     0
  0
LINE
  5
D5D
330
1F
100
AcDbEntity
  8
KIRIS (BEYKENT)
100
AcDbLine
 10
8395.335929941804
 20
1635.212109439635
 30
0.0
 11
8395.335929941804
 21
1200.212047450804
 31
0.0
1001
sta4cad App2
1004
02
1071
      218
1070
    60
1070
     0
1070
     0
  0
LINE
  5
D5E
330
1F
100
AcDbEntity
  8
KIRIS (BEYKENT)
100
AcDbLine
 10
8425.336139750154
 20
1965.311870925688
 30
0.0
 11
8425.435679506929
 21
1665.312157027983
 31
0.0
1001
sta4cad App2
1004
02
1071
      219
1070
    60
1070
     0
1070
     0
  0
LINE
  5
D5F
330
1F
100
AcDbEntity
  8
KIRIS (BEYKENT)
100
AcDbLine
 10
8395.436065745027
 20
1965.311870925688
 30
0.0
 11
8395.335929941804
 21
1665.312157027983
 31
0.0
1001
sta4cad App2
1004
02
1071
      219
1070
    60
1070
     0
1070
     0
  0
LINE
  5
D60
330
1F
100
AcDbEntity
  8
KIRIS (BEYKENT)
100
AcDbLine
 10
3714.337008547456
 20
1635.212109439635
 30
0.0
 11
3714.337008547456
 21
1190.211878173613
 31
0.0
1001
sta4cad App2
1004
02
1071
      253
1070
    60
1070
     0
1070
     0
  0
LINE
  5
D61
330
1F
100
AcDbEntity
  8
KIRIS (BEYKENT)
100
AcDbLine
 10
3689.337032389314
 20
1635.212109439635
 30
0.0
 11
3689.337032389314
 21
1190.211878173613
 31
0.0
1001
sta4cad App2
1004
02
1071
      253
1070
    60
1070
     0
1070
     0
  0
HATCH
  5
D62
330
1F
100
AcDbEntity
  8
TARAMA (BEYKENT)
370
    -3
100
AcDbHatch
 10
0.0
 20
0.0
 30
0.0
210
0.0
220
0.0
230
1.0
  2
ANSI33
 70
     0
 71
     0
 91
        1
 92
        7
 72
     0
 73
     1
 93
       36
 10
8425.401704859407
 20
2431.615181548339
 10
2830.236958813341
 20
2431.615181548339
 10
2830.236958813341
 20
2371.615357978087
 10
2860.269876670511
 20
2371.615357978087
 10
2860.269876670511
 20
2415.615208728057
 10
3440.236853909166
 20
2415.615208728057
 10
3440.236853909166
 20
2371.615357978087
 10
3470.269995283754
 20
2371.615357978087
 10
3470.269995283754
 20
2415.615208728057
 10
3985.236840796144
 20
2415.615208728057
 10
3985.236840796144
 20
2371.615357978087
 10
4015.270131182344
 20
2371.615357978087
 10
4015.270131182344
 20
2415.615208728057
 10
4510.236936163575
 20
2415.615208728057
 10
4510.236936163575
 20
2371.615357978087
 10
4540.270226549775
 20
2371.615357978087
 10
4540.270226549775
 20
2415.615208728057
 10
5270.236986231477
 20
2415.615208728057
 10
5270.236986231477
 20
2371.615357978087
 10
5300.270574640901
 20
2371.615357978087
 10
5300.270574640901
 20
2415.615208728057
 10
6042.836862158448
 20
2415.615208728057
 10
6042.836862158448
 20
2371.615357978087
 10
6082.837241243989
 20
2371.615357978087
 10
6082.837241243989
 20
2415.615208728057
 10
6825.436907362611
 20
2415.615208728057
 10
6825.436907362611
 20
2371.615357978087
 10
6855.402844500215
 20
2371.615357978087
 10
6855.402844500215
 20
2415.615208728057
 10
7585.435765337617
 20
2415.615208728057
 10
7585.435765337617
 20
2371.615357978087
 10
7615.402000498445
 20
2371.615357978087
 10
7615.402000498445
 20
2415.615208728057
 10
8395.370500635774
 20
2415.615208728057
 10
8395.370500635774
 20
2371.615357978087
 10
8425.401704859407
 20
2371.615357978087
 97
        0
 75
     1
 76
     1
 52
0.0
 41
1.0
 77
     0
 78
     2
 53
45.0
 43
1846.992629122407
 44
-1359.356455223817
 45
-4.490128060534576
 46
4.490128060534576
 79
     0
 53
45.0
 43
1851.482759122413
 44
-1359.356455223817
 45
-4.490128060534576
 46
4.490128060534576
 79
     2
 49
3.174999999999999
 49
-1.587499999999999
 47
1.965467616176429
 98
        1
 10
8410.370266985566
 20
2376.615317446929
1001
GradientColor1ACI
1070
     5
1001
GradientColor2ACI
1070
     2
1001
ACAD
1010
0.0
1020
0.0
1030
0.0
  0
LINE
  5
D63
330
1F
100
AcDbEntity
  8
DOSEME SINIRI (BEYKENT)
100
AcDbLine
 10
2830.236958813341
 20
2431.615181548339
 30
0.0
 11
8425.401704859407
 21
2431.615181548339
 31
0.0
1001
sta4cad App2
1004
13
1071
       63
1070
     0
1070
     0
1070
     0
  0
LINE
  5
D64
330
1F
100
AcDbEntity
  8
DOSEME SINIRI (BEYKENT)
100
AcDbLine
 10
2830.236958813341
 20
2371.615357978087
 30
0.0
 11
2860.269876670511
 21
2371.615357978087
 31
0.0
1001
sta4cad App2
1004
13
1071
       63
1070
     0
1070
     0
1070
     0
  0
LINE
  5
D65
330
1F
100
AcDbEntity
  8
DOSEME SINIRI (BEYKENT)
100
AcDbLine
 10
2830.236958813341
 20
2431.615181548339
 30
0.0
 11
2830.236958813341
 21
2371.615357978087
 31
0.0
1001
sta4cad App2
1004
13
1071
       63
1070
     0
1070
     0
1070
     0
  0
LINE
  5
D66
330
1F
100
AcDbEntity
  8
DOSEME SINIRI (BEYKENT)
100
AcDbLine
 10
2860.269876670511
 20
2415.615208728057
 30
0.0
 11
2860.269876670511
 21
2371.615357978087
 31
0.0
1001
sta4cad App2
1004
13
1071
       63
1070
     0
1070
     0
1070
     0
  0
LINE
  5
D67
330
1F
100
AcDbEntity
  8
DOSEME SINIRI (BEYKENT)
100
AcDbLine
 10
3440.236853909166
 20
2371.615357978087
 30
0.0
 11
3470.269995283754
 21
2371.615357978087
 31
0.0
1001
sta4cad App2
1004
13
1071
       63
1070
     0
1070
     0
1070
     0
  0
LINE
  5
D68
330
1F
100
AcDbEntity
  8
DOSEME SINIRI (BEYKENT)
100
AcDbLine
 10
3440.236853909166
 20
2415.615208728057
 30
0.0
 11
3440.236853909166
 21
2371.615357978087
 31
0.0
1001
sta4cad App2
1004
13
1071
       63
1070
     0
1070
     0
1070
     0
  0
LINE
  5
D69
330
1F
100
AcDbEntity
  8
DOSEME SINIRI (BEYKENT)
100
AcDbLine
 10
3470.269995283754
 20
2415.615208728057
 30
0.0
 11
3470.269995283754
 21
2371.615357978087
 31
0.0
1001
sta4cad App2
1004
13
1071
       63
1070
     0
1070
     0
1070
     0
  0
LINE
  5
D6A
330
1F
100
AcDbEntity
  8
DOSEME SINIRI (BEYKENT)
100
AcDbLine
 10
3985.236840796144
 20
2371.615357978087
 30
0.0
 11
4015.270131182344
 21
2371.615357978087
 31
0.0
1001
sta4cad App2
1004
13
1071
       63
1070
     0
1070
     0
1070
     0
  0
LINE
  5
D6B
330
1F
100
AcDbEntity
  8
DOSEME SINIRI (BEYKENT)
100
AcDbLine
 10
3985.236840796144
 20
2415.615208728057
 30
0.0
 11
3985.236840796144
 21
2371.615357978087
 31
0.0
1001
sta4cad App2
1004
13
1071
       63
1070
     0
1070
     0
1070
     0
  0
LINE
  5
D6C
330
1F
100
AcDbEntity
  8
DOSEME SINIRI (BEYKENT)
100
AcDbLine
 10
4015.270131182344
 20
2415.615208728057
 30
0.0
 11
4015.270131182344
 21
2371.615357978087
 31
0.0
1001
sta4cad App2
1004
13
1071
       63
1070
     0
1070
     0
1070
     0
  0
LINE
  5
D6D
330
1F
100
AcDbEntity
  8
DOSEME SINIRI (BEYKENT)
100
AcDbLine
 10
4510.236936163575
 20
2371.615357978087
 30
0.0
 11
4540.270226549775
 21
2371.615357978087
 31
0.0
1001
sta4cad App2
1004
13
1071
       63
1070
     0
1070
     0
1070
     0
  0
LINE
  5
D6E
330
1F
100
AcDbEntity
  8
DOSEME SINIRI (BEYKENT)
100
AcDbLine
 10
4510.236936163575
 20
2415.615208728057
 30
0.0
 11
4510.236936163575
 21
2371.615357978087
 31
0.0
1001
sta4cad App2
1004
13
1071
       63
1070
     0
1070
     0
1070
     0
  0
LINE
  5
D6F
330
1F
100
AcDbEntity
  8
DOSEME SINIRI (BEYKENT)
100
AcDbLine
 10
4540.270226549775
 20
2415.615208728057
 30
0.0
 11
4540.270226549775
 21
2371.615357978087
 31
0.0
1001
sta4cad App2
1004
13
1071
       63
1070
     0
1070
     0
1070
     0
  0
LINE
  5
D70
330
1F
100
AcDbEntity
  8
DOSEME SINIRI (BEYKENT)
100
AcDbLine
 10
5270.236986231477
 20
2371.615357978087
 30
0.0
 11
5300.270574640901
 21
2371.615357978087
 31
0.0
1001
sta4cad App2
1004
13
1071
       63
1070
     0
1070
     0
1070
     0
  0
LINE
  5
D71
330
1F
100
AcDbEntity
  8
DOSEME SINIRI (BEYKENT)
100
AcDbLine
 10
5270.236986231477
 20
2415.615208728057
 30
0.0
 11
5270.236986231477
 21
2371.615357978087
 31
0.0
1001
sta4cad App2
1004
13
1071
       63
1070
     0
1070
     0
1070
     0
  0
LINE
  5
D72
330
1F
100
AcDbEntity
  8
DOSEME SINIRI (BEYKENT)
100
AcDbLine
 10
5300.270574640901
 20
2415.615208728057
 30
0.0
 11
5300.270574640901
 21
2371.615357978087
 31
0.0
1001
sta4cad App2
1004
13
1071
       63
1070
     0
1070
     0
1070
     0
  0
LINE
  5
D73
330
1F
100
AcDbEntity
  8
DOSEME SINIRI (BEYKENT)
100
AcDbLine
 10
6042.836862158448
 20
2371.615357978087
 30
0.0
 11
6082.837241243989
 21
2371.615357978087
 31
0.0
1001
sta4cad App2
1004
13
1071
       63
1070
     0
1070
     0
1070
     0
  0
LINE
  5
D74
330
1F
100
AcDbEntity
  8
DOSEME SINIRI (BEYKENT)
100
AcDbLine
 10
6042.836862158448
 20
2415.615208728057
 30
0.0
 11
6042.836862158448
 21
2371.615357978087
 31
0.0
1001
sta4cad App2
1004
13
1071
       63
1070
     0
1070
     0
1070
     0
  0
LINE
  5
D75
330
1F
100
AcDbEntity
  8
DOSEME SINIRI (BEYKENT)
100
AcDbLine
 10
6082.837241243989
 20
2415.615208728057
 30
0.0
 11
6082.837241243989
 21
2371.615357978087
 31
0.0
1001
sta4cad App2
1004
13
1071
       63
1070
     0
1070
     0
1070
     0
  0
LINE
  5
D76
330
1F
100
AcDbEntity
  8
DOSEME SINIRI (BEYKENT)
100
AcDbLine
 10
6825.436907362611
 20
2371.615357978087
 30
0.0
 11
6855.402844500215
 21
2371.615357978087
 31
0.0
1001
sta4cad App2
1004
13
1071
       63
1070
     0
1070
     0
1070
     0
  0
LINE
  5
D77
330
1F
100
AcDbEntity
  8
DOSEME SINIRI (BEYKENT)
100
AcDbLine
 10
6825.436907362611
 20
2415.615208728057
 30
0.0
 11
6825.436907362611
 21
2371.615357978087
 31
0.0
1001
sta4cad App2
1004
13
1071
       63
1070
     0
1070
     0
1070
     0
  0
LINE
  5
D78
330
1F
100
AcDbEntity
  8
DOSEME SINIRI (BEYKENT)
100
AcDbLine
 10
6855.402844500215
 20
2415.615208728057
 30
0.0
 11
6855.402844500215
 21
2371.615357978087
 31
0.0
1001
sta4cad App2
1004
13
1071
       63
1070
     0
1070
     0
1070
     0
  0
LINE
  5
D79
330
1F
100
AcDbEntity
  8
DOSEME SINIRI (BEYKENT)
100
AcDbLine
 10
7585.435765337617
 20
2371.615357978087
 30
0.0
 11
7615.402000498445
 21
2371.615357978087
 31
0.0
1001
sta4cad App2
1004
13
1071
       63
1070
     0
1070
     0
1070
     0
  0
LINE
  5
D7A
330
1F
100
AcDbEntity
  8
DOSEME SINIRI (BEYKENT)
100
AcDbLine
 10
7585.435765337617
 20
2415.615208728057
 30
0.0
 11
7585.435765337617
 21
2371.615357978087
 31
0.0
1001
sta4cad App2
1004
13
1071
       63
1070
     0
1070
     0
1070
     0
  0
LINE
  5
D7B
330
1F
100
AcDbEntity
  8
DOSEME SINIRI (BEYKENT)
100
AcDbLine
 10
7615.402000498445
 20
2415.615208728057
 30
0.0
 11
7615.402000498445
 21
2371.615357978087
 31
0.0
1001
sta4cad App2
1004
13
1071
       63
1070
     0
1070
     0
1070
     0
  0
LINE
  5
D7C
330
1F
100
AcDbEntity
  8
DOSEME SINIRI (BEYKENT)
100
AcDbLine
 10
8395.370500635774
 20
2371.615357978087
 30
0.0
 11
8425.401704859407
 21
2371.615357978087
 31
0.0
1001
sta4cad App2
1004
13
1071
       63
1070
     0
1070
     0
1070
     0
  0
LINE
  5
D7D
330
1F
100
AcDbEntity
  8
DOSEME SINIRI (BEYKENT)
100
AcDbLine
 10
8395.370500635774
 20
2415.615208728057
 30
0.0
 11
8395.370500635774
 21
2371.615357978087
 31
0.0
1001
sta4cad App2
1004
13
1071
       63
1070
     0
1070
     0
1070
     0
  0
LINE
  5
D7E
330
1F
100
AcDbEntity
  8
DOSEME SINIRI (BEYKENT)
100
AcDbLine
 10
8425.401704859407
 20
2431.615181548339
 30
0.0
 11
8425.401704859407
 21
2371.615357978087
 31
0.0
1001
sta4cad App2
1004
13
1071
       63
1070
     0
1070
     0
1070
     0
  0
LINE
  5
D7F
330
1F
100
AcDbEntity
  8
DOSEME SINIRI (BEYKENT)
100
AcDbLine
 10
2860.269876670511
 20
2415.615208728057
 30
0.0
 11
3440.236853909166
 21
2415.615208728057
 31
0.0
1001
sta4cad App2
1004
13
1071
       63
1070
     0
1070
     0
1070
     0
  0
LINE
  5
D80
330
1F
100
AcDbEntity
  8
DOSEME SINIRI (BEYKENT)
100
AcDbLine
 10
3470.269995283754
 20
2415.615208728057
 30
0.0
 11
3985.236840796144
 21
2415.615208728057
 31
0.0
1001
sta4cad App2
1004
13
1071
       63
1070
     0
1070
     0
1070
     0
  0
LINE
  5
D81
330
1F
100
AcDbEntity
  8
DOSEME SINIRI (BEYKENT)
100
AcDbLine
 10
4015.270131182344
 20
2415.615208728057
 30
0.0
 11
4510.236936163575
 21
2415.615208728057
 31
0.0
1001
sta4cad App2
1004
13
1071
       63
1070
     0
1070
     0
1070
     0
  0
LINE
  5
D82
330
1F
100
AcDbEntity
  8
DOSEME SINIRI (BEYKENT)
100
AcDbLine
 10
4540.270226549775
 20
2415.615208728057
 30
0.0
 11
5270.236986231477
 21
2415.615208728057
 31
0.0
1001
sta4cad App2
1004
13
1071
       63
1070
     0
1070
     0
1070
     0
  0
LINE
  5
D83
330
1F
100
AcDbEntity
  8
DOSEME SINIRI (BEYKENT)
100
AcDbLine
 10
5300.270574640901
 20
2415.615208728057
 30
0.0
 11
6042.836862158448
 21
2415.615208728057
 31
0.0
1001
sta4cad App2
1004
13
1071
       63
1070
     0
1070
     0
1070
     0
  0
LINE
  5
D84
330
1F
100
AcDbEntity
  8
DOSEME SINIRI (BEYKENT)
100
AcDbLine
 10
6082.837241243989
 20
2415.615208728057
 30
0.0
 11
6825.436907362611
 21
2415.615208728057
 31
0.0
1001
sta4cad App2
1004
13
1071
       63
1070
     0
1070
     0
1070
     0
  0
LINE
  5
D85
330
1F
100
AcDbEntity
  8
DOSEME SINIRI (BEYKENT)
100
AcDbLine
 10
6855.402844500215
 20
2415.615208728057
 30
0.0
 11
7585.435765337617
 21
2415.615208728057
 31
0.0
1001
sta4cad App2
1004
13
1071
       63
1070
     0
1070
     0
1070
     0
  0
LINE
  5
D86
330
1F
100
AcDbEntity
  8
DOSEME SINIRI (BEYKENT)
100
AcDbLine
 10
7615.402000498445
 20
2415.615208728057
 30
0.0
 11
8395.370500635774
 21
2415.615208728057
 31
0.0
1001
sta4cad App2
1004
13
1071
       63
1070
     0
1070
     0
1070
     0
  0
HATCH
  5
D87
330
1F
100
AcDbEntity
  8
TARAMA (BEYKENT)
370
    -3
100
AcDbHatch
 10
0.0
 20
0.0
 30
0.0
210
0.0
220
0.0
230
1.0
  2
ANSI33
 70
     0
 71
     0
 91
        1
 92
        7
 72
     0
 73
     1
 93
       19
 10
2424.168879639776
 20
1060.211912744307
 10
2380.168879878194
 20
1060.211912744307
 10
2380.168879878194
 20
1160.212264411711
 10
2424.168879639776
 20
1160.212264411711
 10
2424.168879639776
 20
1190.211878173613
 10
2380.168879878194
 20
1190.211878173613
 10
2380.168917131097
 20
1635.212109439635
 10
2424.168916892679
 20
1635.212109439635
 10
2424.168916892679
 20
1665.21202122476
 10
2380.168917131097
 20
1665.21202122476
 10
2380.168917131097
 20
1995.211944930815
 10
2424.168916892679
 20
1995.211944930815
 10
2424.168916892679
 20
2025.212154739165
 10
2364.168944310815
 20
2025.212154739165
 10
2364.168944310815
 20
1965.311870925688
 10
2364.168944310815
 20
1635.212109439635
 10
2364.168907057912
 20
1190.211878173613
 10
2364.168907057912
 20
1030.212000959181
 10
2424.168879639776
 20
1030.212000959181
 97
        0
 75
     1
 76
     1
 52
0.0
 41
1.0
 77
     0
 78
     2
 53
45.0
 43
1846.992629122407
 44
-1409.616365082002
 45
-4.490128060534576
 46
4.490128060534576
 79
     0
 53
45.0
 43
1851.482759122413
 44
-1409.616365082002
 45
-4.490128060534576
 46
4.490128060534576
 79
     2
 49
3.174999999999999
 49
-1.587499999999999
 47
1.965467616176429
 98
        1
 10
2419.168845665128
 20
1045.699780338072
1001
GradientColor1ACI
1070
     5
1001
GradientColor2ACI
1070
     2
1001
ACAD
1010
0.0
1020
0.0
1030
0.0
  0
LINE
  5
D88
330
1F
100
AcDbEntity
  8
DOSEME SINIRI (BEYKENT)
100
AcDbLine
 10
2424.168916892679
 20
2025.212154739165
 30
0.0
 11
2424.168916892679
 21
1995.211944930815
 31
0.0
1001
sta4cad App2
1004
13
1071
       66
1070
     0
1070
     0
1070
     0
  0
LINE
  5
D89
330
1F
100
AcDbEntity
  8
DOSEME SINIRI (BEYKENT)
100
AcDbLine
 10
2364.168944310815
 20
2025.212154739165
 30
0.0
 11
2424.168916892679
 21
2025.212154739165
 31
0.0
1001
sta4cad App2
1004
13
1071
       66
1070
     0
1070
     0
1070
     0
  0
LINE
  5
D8A
330
1F
100
AcDbEntity
  8
DOSEME SINIRI (BEYKENT)
100
AcDbLine
 10
2380.168917131097
 20
1995.211944930815
 30
0.0
 11
2424.168916892679
 21
1995.211944930815
 31
0.0
1001
sta4cad App2
1004
13
1071
       66
1070
     0
1070
     0
1070
     0
  0
LINE
  5
D8B
330
1F
100
AcDbEntity
  8
DOSEME SINIRI (BEYKENT)
100
AcDbLine
 10
2364.168944310815
 20
2025.212154739165
 30
0.0
 11
2364.168944310815
 21
1635.212109439635
 31
0.0
1001
sta4cad App2
1004
13
1071
       66
1070
     0
1070
     0
1070
     0
  0
LINE
  5
D8C
330
1F
100
AcDbEntity
  8
DOSEME SINIRI (BEYKENT)
100
AcDbLine
 10
2424.168916892679
 20
1665.21202122476
 30
0.0
 11
2424.168916892679
 21
1635.212109439635
 31
0.0
1001
sta4cad App2
1004
13
1071
       66
1070
     0
1070
     0
1070
     0
  0
LINE
  5
D8D
330
1F
100
AcDbEntity
  8
DOSEME SINIRI (BEYKENT)
100
AcDbLine
 10
2380.168917131097
 20
1665.21202122476
 30
0.0
 11
2424.168916892679
 21
1665.21202122476
 31
0.0
1001
sta4cad App2
1004
13
1071
       66
1070
     0
1070
     0
1070
     0
  0
LINE
  5
D8E
330
1F
100
AcDbEntity
  8
DOSEME SINIRI (BEYKENT)
100
AcDbLine
 10
2380.168917131097
 20
1635.212109439635
 30
0.0
 11
2424.168916892679
 21
1635.212109439635
 31
0.0
1001
sta4cad App2
1004
13
1071
       66
1070
     0
1070
     0
1070
     0
  0
LINE
  5
D8F
330
1F
100
AcDbEntity
  8
DOSEME SINIRI (BEYKENT)
100
AcDbLine
 10
2424.168879639776
 20
1190.211878173613
 30
0.0
 11
2424.168879639776
 21
1160.212264411711
 31
0.0
1001
sta4cad App2
1004
13
1071
       66
1070
     0
1070
     0
1070
     0
  0
LINE
  5
D90
330
1F
100
AcDbEntity
  8
DOSEME SINIRI (BEYKENT)
100
AcDbLine
 10
2380.168879878194
 20
1190.211878173613
 30
0.0
 11
2424.168879639776
 21
1190.211878173613
 31
0.0
1001
sta4cad App2
1004
13
1071
       66
1070
     0
1070
     0
1070
     0
  0
LINE
  5
D91
330
1F
100
AcDbEntity
  8
DOSEME SINIRI (BEYKENT)
100
AcDbLine
 10
2380.168879878194
 20
1160.212264411711
 30
0.0
 11
2424.168879639776
 21
1160.212264411711
 31
0.0
1001
sta4cad App2
1004
13
1071
       66
1070
     0
1070
     0
1070
     0
  0
LINE
  5
D92
330
1F
100
AcDbEntity
  8
DOSEME SINIRI (BEYKENT)
100
AcDbLine
 10
2364.168907057912
 20
1190.211878173613
 30
0.0
 11
2364.168907057912
 21
1030.212000959181
 31
0.0
1001
sta4cad App2
1004
13
1071
       66
1070
     0
1070
     0
1070
     0
  0
LINE
  5
D93
330
1F
100
AcDbEntity
  8
DOSEME SINIRI (BEYKENT)
100
AcDbLine
 10
2424.168879639776
 20
1060.211912744307
 30
0.0
 11
2424.168879639776
 21
1030.212000959181
 31
0.0
1001
sta4cad App2
1004
13
1071
       66
1070
     0
1070
     0
1070
     0
  0
LINE
  5
D94
330
1F
100
AcDbEntity
  8
DOSEME SINIRI (BEYKENT)
100
AcDbLine
 10
2380.168879878194
 20
1060.211912744307
 30
0.0
 11
2424.168879639776
 21
1060.211912744307
 31
0.0
1001
sta4cad App2
1004
13
1071
       66
1070
     0
1070
     0
1070
     0
  0
LINE
  5
D95
330
1F
100
AcDbEntity
  8
DOSEME SINIRI (BEYKENT)
100
AcDbLine
 10
2364.168907057912
 20
1030.212000959181
 30
0.0
 11
2424.168879639776
 21
1030.212000959181
 31
0.0
1001
sta4cad App2
1004
13
1071
       66
1070
     0
1070
     0
1070
     0
  0
LINE
  5
D96
330
1F
100
AcDbEntity
  8
DOSEME SINIRI (BEYKENT)
100
AcDbLine
 10
2364.168944310815
 20
2025.311992519164
 30
0.0
 11
2364.168944310815
 21
1965.311870925688
 31
0.0
1001
sta4cad App2
1004
13
1071
       66
1070
     0
1070
     0
1070
     0
  0
LINE
  5
D97
330
1F
100
AcDbEntity
  8
DOSEME SINIRI (BEYKENT)
100
AcDbLine
 10
2380.168917131097
 20
1995.211944930815
 30
0.0
 11
2380.168917131097
 21
1665.21202122476
 31
0.0
1001
sta4cad App2
1004
13
1071
       66
1070
     0
1070
     0
1070
     0
  0
LINE
  5
D98
330
1F
100
AcDbEntity
  8
DOSEME SINIRI (BEYKENT)
100
AcDbLine
 10
2364.168944310815
 20
1635.212109439635
 30
0.0
 11
2364.168907057912
 21
1190.211878173613
 31
0.0
1001
sta4cad App2
1004
13
1071
       66
1070
     0
1070
     0
1070
     0
  0
LINE
  5
D99
330
1F
100
AcDbEntity
  8
DOSEME SINIRI (BEYKENT)
100
AcDbLine
 10
2380.168917131097
 20
1635.212109439635
 30
0.0
 11
2380.168879878194
 21
1190.211878173613
 31
0.0
1001
sta4cad App2
1004
13
1071
       66
1070
     0
1070
     0
1070
     0
  0
LINE
  5
D9A
330
1F
100
AcDbEntity
  8
DOSEME SINIRI (BEYKENT)
100
AcDbLine
 10
2380.168879878194
 20
1160.212264411711
 30
0.0
 11
2380.168879878194
 21
1060.211912744307
 31
0.0
1001
sta4cad App2
1004
13
1071
       66
1070
     0
1070
     0
1070
     0
  0
LWPOLYLINE
  5
D9B
330
1F
100
AcDbEntity
  8
KOLON (BEYKENT)
100
AcDbPolyline
 90
        4
 70
     1
 43
0.0
 10
2830.336945604951
 20
2025.212154739165
 10
2860.336931895883
 20
2025.212154739165
 10
2860.336931895883
 20
1965.212033145689
 10
2830.336945604951
 20
1965.212033145689
1001
sta4cad App2
1004
03
1071
       56
1070
  1000
1070
     0
1070
     0
  0
HATCH
  5
D9C
330
1F
100
AcDbEntity
  8
TARAMA (BEYKENT)
100
AcDbHatch
 10
0.0
 20
0.0
 30
0.0
210
0.0
220
0.0
230
1.0
  2
ANSI33
 70
     0
 71
     0
 91
        1
 92
        2
 72
     0
 73
     1
 93
        4
 10
2830.336945604951
 20
2025.212154739165
 10
2860.336931895883
 20
2025.212154739165
 10
2860.336931895883
 20
1965.212033145689
 10
2830.336945604951
 20
1965.212033145689
 97
        1
330
D9B
 75
     0
 76
     0
 52
0.0
 41
1.0
 77
     0
 78
     2
 53
45.0
 43
1846.992629122407
 44
-1409.616365082002
 45
-4.419417382415921
 46
4.419417382415922
 79
     0
 53
45.0
 43
1851.412046497408
 44
-1409.616365082002
 45
-4.419417382415921
 46
4.419417382415922
 79
     2
 49
3.125
 49
-1.5625
 98
        0
  0
LWPOLYLINE
  5
D9D
330
1F
100
AcDbEntity
  8
KOLON (BEYKENT)
100
AcDbPolyline
 90
        4
 70
     1
 43
0.0
 10
3440.336840700777
 20
2025.212154739165
 10
3470.336752485903
 20
2025.212154739165
 10
3470.336752485903
 20
1965.212033145689
 10
3440.336840700777
 20
1965.212033145689
1001
sta4cad App2
1004
03
1071
       57
1070
  1000
1070
     0
1070
     0
  0
HATCH
  5
D9E
330
1F
100
AcDbEntity
  8
TARAMA (BEYKENT)
100
AcDbHatch
 10
0.0
 20
0.0
 30
0.0
210
0.0
220
0.0
230
1.0
  2
ANSI33
 70
     0
 71
     0
 91
        1
 92
        2
 72
     0
 73
     1
 93
        4
 10
3440.336840700777
 20
2025.212154739165
 10
3470.336752485903
 20
2025.212154739165
 10
3470.336752485903
 20
1965.212033145689
 10
3440.336840700777
 20
1965.212033145689
 97
        1
330
D9D
 75
     0
 76
     0
 52
0.0
 41
1.0
 77
     0
 78
     2
 53
45.0
 43
1846.992629122407
 44
-1409.616365082002
 45
-4.419417382415921
 46
4.419417382415922
 79
     0
 53
45.0
 43
1851.412046497408
 44
-1409.616365082002
 45
-4.419417382415921
 46
4.419417382415922
 79
     2
 49
3.125
 49
-1.5625
 98
        0
  0
LWPOLYLINE
  5
D9F
330
1F
100
AcDbEntity
  8
KOLON (BEYKENT)
100
AcDbPolyline
 90
        4
 70
     1
 43
0.0
 10
3985.336976599367
 20
2025.212154739165
 10
4015.336888384492
 20
2025.212154739165
 10
4015.336888384492
 20
1965.212033145689
 10
3985.336976599367
 20
1965.212033145689
1001
sta4cad App2
1004
03
1071
       58
1070
  1000
1070
     0
1070
     0
  0
HATCH
  5
DA0
330
1F
100
AcDbEntity
  8
TARAMA (BEYKENT)
100
AcDbHatch
 10
0.0
 20
0.0
 30
0.0
210
0.0
220
0.0
230
1.0
  2
ANSI33
 70
     0
 71
     0
 91
        1
 92
        2
 72
     0
 73
     1
 93
        4
 10
3985.336976599367
 20
2025.212154739165
 10
4015.336888384492
 20
2025.212154739165
 10
4015.336888384492
 20
1965.212033145689
 10
3985.336976599367
 20
1965.212033145689
 97
        1
330
D9F
 75
     0
 76
     0
 52
0.0
 41
1.0
 77
     0
 78
     2
 53
45.0
 43
1846.992629122407
 44
-1409.616365082002
 45
-4.419417382415921
 46
4.419417382415922
 79
     0
 53
45.0
 43
1851.412046497408
 44
-1409.616365082002
 45
-4.419417382415921
 46
4.419417382415922
 79
     2
 49
3.125
 49
-1.5625
 98
        0
  0
LWPOLYLINE
  5
DA1
330
1F
100
AcDbEntity
  8
KOLON (BEYKENT)
100
AcDbPolyline
 90
        4
 70
     1
 43
0.0
 10
4510.336773943574
 20
2025.212154739165
 10
4540.336983751924
 20
2025.212154739165
 10
4540.336983751924
 20
1965.212033145689
 10
4510.336773943574
 20
1965.212033145689
1001
sta4cad App2
1004
03
1071
       59
1070
  1000
1070
     0
1070
     0
  0
HATCH
  5
DA2
330
1F
100
AcDbEntity
  8
TARAMA (BEYKENT)
100
AcDbHatch
 10
0.0
 20
0.0
 30
0.0
210
0.0
220
0.0
230
1.0
  2
ANSI33
 70
     0
 71
     0
 91
        1
 92
        2
 72
     0
 73
     1
 93
        4
 10
4510.336773943574
 20
2025.212154739165
 10
4540.336983751924
 20
2025.212154739165
 10
4540.336983751924
 20
1965.212033145689
 10
4510.336773943574
 20
1965.212033145689
 97
        1
330
DA1
 75
     0
 76
     0
 52
0.0
 41
1.0
 77
     0
 78
     2
 53
45.0
 43
1846.992629122407
 44
-1409.616365082002
 45
-4.419417382415921
 46
4.419417382415922
 79
     0
 53
45.0
 43
1851.412046497408
 44
-1409.616365082002
 45
-4.419417382415921
 46
4.419417382415922
 79
     2
 49
3.125
 49
-1.5625
 98
        0
  0
LWPOLYLINE
  5
DA3
330
1F
100
AcDbEntity
  8
KOLON (BEYKENT)
100
AcDbPolyline
 90
        4
 70
     1
 43
0.0
 10
5270.3371220347
 20
2025.212154739165
 10
5300.336735796602
 20
2025.212154739165
 10
5300.336735796602
 20
1965.212033145689
 10
5270.3371220347
 20
1965.212033145689
1001
sta4cad App2
1004
03
1071
       60
1070
  1000
1070
     0
1070
     0
  0
HATCH
  5
DA4
330
1F
100
AcDbEntity
  8
TARAMA (BEYKENT)
100
AcDbHatch
 10
0.0
 20
0.0
 30
0.0
210
0.0
220
0.0
230
1.0
  2
ANSI33
 70
     0
 71
     0
 91
        1
 92
        2
 72
     0
 73
     1
 93
        4
 10
5270.3371220347
 20
2025.212154739165
 10
5300.336735796602
 20
2025.212154739165
 10
5300.336735796602
 20
1965.212033145689
 10
5270.3371220347
 20
1965.212033145689
 97
        1
330
DA3
 75
     0
 76
     0
 52
0.0
 41
1.0
 77
     0
 78
     2
 53
45.0
 43
1846.992629122407
 44
-1409.616365082002
 45
-4.419417382415921
 46
4.419417382415922
 79
     0
 53
45.0
 43
1851.412046497408
 44
-1409.616365082002
 45
-4.419417382415921
 46
4.419417382415922
 79
     2
 49
3.125
 49
-1.5625
 98
        0
  0
LWPOLYLINE
  5
DA5
330
1F
100
AcDbEntity
  8
KOLON (BEYKENT)
100
AcDbPolyline
 90
        4
 70
     1
 43
0.0
 10
6042.836862158448
 20
2025.212154739165
 10
6082.837241243989
 20
2025.212154739165
 10
6082.837241243989
 20
1965.212033145689
 10
6042.836862158448
 20
1965.212033145689
1001
sta4cad App2
1004
03
1071
       61
1070
  1000
1070
     0
1070
     0
  0
HATCH
  5
DA6
330
1F
100
AcDbEntity
  8
TARAMA (BEYKENT)
100
AcDbHatch
 10
0.0
 20
0.0
 30
0.0
210
0.0
220
0.0
230
1.0
  2
ANSI33
 70
     0
 71
     0
 91
        1
 92
        2
 72
     0
 73
     1
 93
        4
 10
6042.836862158448
 20
2025.212154739165
 10
6082.837241243989
 20
2025.212154739165
 10
6082.837241243989
 20
1965.212033145689
 10
6042.836862158448
 20
1965.212033145689
 97
        1
330
DA5
 75
     0
 76
     0
 52
0.0
 41
1.0
 77
     0
 78
     2
 53
45.0
 43
1846.992629122407
 44
-1409.616365082002
 45
-4.419417382415921
 46
4.419417382415922
 79
     0
 53
45.0
 43
1851.412046497408
 44
-1409.616365082002
 45
-4.419417382415921
 46
4.419417382415922
 79
     2
 49
3.125
 49
-1.5625
 98
        0
  0
LWPOLYLINE
  5
DA7
330
1F
100
AcDbEntity
  8
KOLON (BEYKENT)
100
AcDbPolyline
 90
        4
 70
     1
 43
0.0
 10
6825.337069582612
 20
2025.212154739165
 10
6855.337279390962
 20
2025.212154739165
 10
6855.337279390962
 20
1965.212033145689
 10
6825.337069582612
 20
1965.212033145689
1001
sta4cad App2
1004
03
1071
       62
1070
  1000
1070
     0
1070
     0
  0
HATCH
  5
DA8
330
1F
100
AcDbEntity
  8
TARAMA (BEYKENT)
100
AcDbHatch
 10
0.0
 20
0.0
 30
0.0
210
0.0
220
0.0
230
1.0
  2
ANSI33
 70
     0
 71
     0
 91
        1
 92
        2
 72
     0
 73
     1
 93
        4
 10
6825.337069582612
 20
2025.212154739165
 10
6855.337279390962
 20
2025.212154739165
 10
6855.337279390962
 20
1965.212033145689
 10
6825.337069582612
 20
1965.212033145689
 97
        1
330
DA7
 75
     0
 76
     0
 52
0.0
 41
1.0
 77
     0
 78
     2
 53
45.0
 43
1846.992629122407
 44
-1409.616365082002
 45
-4.419417382415921
 46
4.419417382415922
 79
     0
 53
45.0
 43
1851.412046497408
 44
-1409.616365082002
 45
-4.419417382415921
 46
4.419417382415922
 79
     2
 49
3.125
 49
-1.5625
 98
        0
  0
LWPOLYLINE
  5
DA9
330
1F
100
AcDbEntity
  8
KOLON (BEYKENT)
100
AcDbPolyline
 90
        4
 70
     1
 43
0.0
 10
7585.336225580842
 20
2025.212154739165
 10
7615.335839342744
 20
2025.212154739165
 10
7615.335839342744
 20
1965.212033145689
 10
7585.336225580842
 20
1965.212033145689
1001
sta4cad App2
1004
03
1071
       63
1070
  1000
1070
     0
1070
     0
  0
HATCH
  5
DAA
330
1F
100
AcDbEntity
  8
TARAMA (BEYKENT)
100
AcDbHatch
 10
0.0
 20
0.0
 30
0.0
210
0.0
220
0.0
230
1.0
  2
ANSI33
 70
     0
 71
     0
 91
        1
 92
        2
 72
     0
 73
     1
 93
        4
 10
7585.336225580842
 20
2025.212154739165
 10
7615.335839342744
 20
2025.212154739165
 10
7615.335839342744
 20
1965.212033145689
 10
7585.336225580842
 20
1965.212033145689
 97
        1
330
DA9
 75
     0
 76
     0
 52
0.0
 41
1.0
 77
     0
 78
     2
 53
45.0
 43
1846.992629122407
 44
-1409.616365082002
 45
-4.419417382415921
 46
4.419417382415922
 79
     0
 53
45.0
 43
1851.412046497408
 44
-1409.616365082002
 45
-4.419417382415921
 46
4.419417382415922
 79
     2
 49
3.125
 49
-1.5625
 98
        0
  0
LWPOLYLINE
  5
DAB
330
1F
100
AcDbEntity
  8
KOLON (BEYKENT)
100
AcDbPolyline
 90
        4
 70
     1
 43
0.0
 10
8395.335929941804
 20
2025.212154739165
 10
8425.336139750154
 20
2025.212154739165
 10
8425.336139750154
 20
1965.212033145689
 10
8395.335929941804
 20
1965.212033145689
1001
sta4cad App2
1004
03
1071
       64
1070
  1000
1070
     0
1070
     0
  0
HATCH
  5
DAC
330
1F
100
AcDbEntity
  8
TARAMA (BEYKENT)
100
AcDbHatch
 10
0.0
 20
0.0
 30
0.0
210
0.0
220
0.0
230
1.0
  2
ANSI33
 70
     0
 71
     0
 91
        1
 92
        2
 72
     0
 73
     1
 93
        4
 10
8395.335929941804
 20
2025.212154739165
 10
8425.336139750154
 20
2025.212154739165
 10
8425.336139750154
 20
1965.212033145689
 10
8395.335929941804
 20
1965.212033145689
 97
        1
330
DAB
 75
     0
 76
     0
 52
0.0
 41
1.0
 77
     0
 78
     2
 53
45.0
 43
1846.992629122407
 44
-1409.616365082002
 45
-4.419417382415921
 46
4.419417382415922
 79
     0
 53
45.0
 43
1851.412046497408
 44
-1409.616365082002
 45
-4.419417382415921
 46
4.419417382415922
 79
     2
 49
3.125
 49
-1.5625
 98
        0
  0
LWPOLYLINE
  5
DAD
330
1F
100
AcDbEntity
  8
KOLON (BEYKENT)
100
AcDbPolyline
 90
        4
 70
     1
 43
0.0
 10
2830.336945604951
 20
1665.21202122476
 10
2860.336931895883
 20
1665.21202122476
 10
2860.336931895883
 20
1605.212197654509
 10
2830.336945604951
 20
1605.212197654509
1001
sta4cad App2
1004
03
1071
       65
1070
  1000
1070
     0
1070
     0
  0
HATCH
  5
DAE
330
1F
100
AcDbEntity
  8
TARAMA (BEYKENT)
100
AcDbHatch
 10
0.0
 20
0.0
 30
0.0
210
0.0
220
0.0
230
1.0
  2
ANSI33
 70
     0
 71
     0
 91
        1
 92
        2
 72
     0
 73
     1
 93
        4
 10
2830.336945604951
 20
1665.21202122476
 10
2860.336931895883
 20
1665.21202122476
 10
2860.336931895883
 20
1605.212197654509
 10
2830.336945604951
 20
1605.212197654509
 97
        1
330
DAD
 75
     0
 76
     0
 52
0.0
 41
1.0
 77
     0
 78
     2
 53
45.0
 43
1846.992629122407
 44
-1409.616365082002
 45
-4.419417382415921
 46
4.419417382415922
 79
     0
 53
45.0
 43
1851.412046497408
 44
-1409.616365082002
 45
-4.419417382415921
 46
4.419417382415922
 79
     2
 49
3.125
 49
-1.5625
 98
        0
  0
LWPOLYLINE
  5
DAF
330
1F
100
AcDbEntity
  8
KOLON (BEYKENT)
100
AcDbPolyline
 90
        4
 70
     1
 43
0.0
 10
3440.336840700777
 20
1665.21202122476
 10
3470.336752485903
 20
1665.21202122476
 10
3470.336752485903
 20
1605.212197654509
 10
3440.336840700777
 20
1605.212197654509
1001
sta4cad App2
1004
03
1071
       66
1070
  1000
1070
     0
1070
     0
  0
HATCH
  5
DB0
330
1F
100
AcDbEntity
  8
TARAMA (BEYKENT)
100
AcDbHatch
 10
0.0
 20
0.0
 30
0.0
210
0.0
220
0.0
230
1.0
  2
ANSI33
 70
     0
 71
     0
 91
        1
 92
        2
 72
     0
 73
     1
 93
        4
 10
3440.336840700777
 20
1665.21202122476
 10
3470.336752485903
 20
1665.21202122476
 10
3470.336752485903
 20
1605.212197654509
 10
3440.336840700777
 20
1605.212197654509
 97
        1
330
DAF
 75
     0
 76
     0
 52
0.0
 41
1.0
 77
     0
 78
     2
 53
45.0
 43
1846.992629122407
 44
-1409.616365082002
 45
-4.419417382415921
 46
4.419417382415922
 79
     0
 53
45.0
 43
1851.412046497408
 44
-1409.616365082002
 45
-4.419417382415921
 46
4.419417382415922
 79
     2
 49
3.125
 49
-1.5625
 98
        0
  0
LWPOLYLINE
  5
DB1
330
1F
100
AcDbEntity
  8
KOLON (BEYKENT)
100
AcDbPolyline
 90
        4
 70
     1
 43
0.0
 10
3985.336976599367
 20
1665.21202122476
 10
4015.336888384492
 20
1665.21202122476
 10
4015.336888384492
 20
1605.212197654509
 10
3985.336976599367
 20
1605.212197654509
1001
sta4cad App2
1004
03
1071
       67
1070
  1000
1070
     0
1070
     0
  0
HATCH
  5
DB2
330
1F
100
AcDbEntity
  8
TARAMA (BEYKENT)
100
AcDbHatch
 10
0.0
 20
0.0
 30
0.0
210
0.0
220
0.0
230
1.0
  2
ANSI33
 70
     0
 71
     0
 91
        1
 92
        2
 72
     0
 73
     1
 93
        4
 10
3985.336976599367
 20
1665.21202122476
 10
4015.336888384492
 20
1665.21202122476
 10
4015.336888384492
 20
1605.212197654509
 10
3985.336976599367
 20
1605.212197654509
 97
        1
330
DB1
 75
     0
 76
     0
 52
0.0
 41
1.0
 77
     0
 78
     2
 53
45.0
 43
1846.992629122407
 44
-1409.616365082002
 45
-4.419417382415921
 46
4.419417382415922
 79
     0
 53
45.0
 43
1851.412046497408
 44
-1409.616365082002
 45
-4.419417382415921
 46
4.419417382415922
 79
     2
 49
3.125
 49
-1.5625
 98
        0
  0
LWPOLYLINE
  5
DB3
330
1F
100
AcDbEntity
  8
KOLON (BEYKENT)
100
AcDbPolyline
 90
        4
 70
     1
 43
0.0
 10
4510.336773943574
 20
1665.21202122476
 10
4540.336983751924
 20
1665.21202122476
 10
4540.336983751924
 20
1605.212197654509
 10
4510.336773943574
 20
1605.212197654509
1001
sta4cad App2
1004
03
1071
       68
1070
  1000
1070
     0
1070
     0
  0
HATCH
  5
DB4
330
1F
100
AcDbEntity
  8
TARAMA (BEYKENT)
100
AcDbHatch
 10
0.0
 20
0.0
 30
0.0
210
0.0
220
0.0
230
1.0
  2
ANSI33
 70
     0
 71
     0
 91
        1
 92
        2
 72
     0
 73
     1
 93
        4
 10
4510.336773943574
 20
1665.21202122476
 10
4540.336983751924
 20
1665.21202122476
 10
4540.336983751924
 20
1605.212197654509
 10
4510.336773943574
 20
1605.212197654509
 97
        1
330
DB3
 75
     0
 76
     0
 52
0.0
 41
1.0
 77
     0
 78
     2
 53
45.0
 43
1846.992629122407
 44
-1409.616365082002
 45
-4.419417382415921
 46
4.419417382415922
 79
     0
 53
45.0
 43
1851.412046497408
 44
-1409.616365082002
 45
-4.419417382415921
 46
4.419417382415922
 79
     2
 49
3.125
 49
-1.5625
 98
        0
  0
LWPOLYLINE
  5
DB5
330
1F
100
AcDbEntity
  8
KOLON (BEYKENT)
100
AcDbPolyline
 90
        4
 70
     1
 43
0.0
 10
5270.3371220347
 20
1665.21202122476
 10
5300.336735796602
 20
1665.21202122476
 10
5300.336735796602
 20
1605.212197654509
 10
5270.3371220347
 20
1605.212197654509
1001
sta4cad App2
1004
03
1071
       69
1070
  1000
1070
     0
1070
     0
  0
HATCH
  5
DB6
330
1F
100
AcDbEntity
  8
TARAMA (BEYKENT)
100
AcDbHatch
 10
0.0
 20
0.0
 30
0.0
210
0.0
220
0.0
230
1.0
  2
ANSI33
 70
     0
 71
     0
 91
        1
 92
        2
 72
     0
 73
     1
 93
        4
 10
5270.3371220347
 20
1665.21202122476
 10
5300.336735796602
 20
1665.21202122476
 10
5300.336735796602
 20
1605.212197654509
 10
5270.3371220347
 20
1605.212197654509
 97
        1
330
DB5
 75
     0
 76
     0
 52
0.0
 41
1.0
 77
     0
 78
     2
 53
45.0
 43
1846.992629122407
 44
-1409.616365082002
 45
-4.419417382415921
 46
4.419417382415922
 79
     0
 53
45.0
 43
1851.412046497408
 44
-1409.616365082002
 45
-4.419417382415921
 46
4.419417382415922
 79
     2
 49
3.125
 49
-1.5625
 98
        0
  0
LWPOLYLINE
  5
DB7
330
1F
100
AcDbEntity
  8
KOLON (BEYKENT)
100
AcDbPolyline
 90
        4
 70
     1
 43
0.0
 10
6042.836862158448
 20
1665.21202122476
 10
6082.837241243989
 20
1665.21202122476
 10
6082.837241243989
 20
1605.212197654509
 10
6042.836862158448
 20
1605.212197654509
1001
sta4cad App2
1004
03
1071
       70
1070
  1000
1070
     0
1070
     0
  0
HATCH
  5
DB8
330
1F
100
AcDbEntity
  8
TARAMA (BEYKENT)
100
AcDbHatch
 10
0.0
 20
0.0
 30
0.0
210
0.0
220
0.0
230
1.0
  2
ANSI33
 70
     0
 71
     0
 91
        1
 92
        2
 72
     0
 73
     1
 93
        4
 10
6042.836862158448
 20
1665.21202122476
 10
6082.837241243989
 20
1665.21202122476
 10
6082.837241243989
 20
1605.212197654509
 10
6042.836862158448
 20
1605.212197654509
 97
        1
330
DB7
 75
     0
 76
     0
 52
0.0
 41
1.0
 77
     0
 78
     2
 53
45.0
 43
1846.992629122407
 44
-1409.616365082002
 45
-4.419417382415921
 46
4.419417382415922
 79
     0
 53
45.0
 43
1851.412046497408
 44
-1409.616365082002
 45
-4.419417382415921
 46
4.419417382415922
 79
     2
 49
3.125
 49
-1.5625
 98
        0
  0
LWPOLYLINE
  5
DB9
330
1F
100
AcDbEntity
  8
KOLON (BEYKENT)
100
AcDbPolyline
 90
        4
 70
     1
 43
0.0
 10
6825.337069582612
 20
1665.21202122476
 10
6855.337279390962
 20
1665.21202122476
 10
6855.337279390962
 20
1605.212197654509
 10
6825.337069582612
 20
1605.212197654509
1001
sta4cad App2
1004
03
1071
       71
1070
  1000
1070
     0
1070
     0
  0
HATCH
  5
DBA
330
1F
100
AcDbEntity
  8
TARAMA (BEYKENT)
100
AcDbHatch
 10
0.0
 20
0.0
 30
0.0
210
0.0
220
0.0
230
1.0
  2
ANSI33
 70
     0
 71
     0
 91
        1
 92
        2
 72
     0
 73
     1
 93
        4
 10
6825.337069582612
 20
1665.21202122476
 10
6855.337279390962
 20
1665.21202122476
 10
6855.337279390962
 20
1605.212197654509
 10
6825.337069582612
 20
1605.212197654509
 97
        1
330
DB9
 75
     0
 76
     0
 52
0.0
 41
1.0
 77
     0
 78
     2
 53
45.0
 43
1846.992629122407
 44
-1409.616365082002
 45
-4.419417382415921
 46
4.419417382415922
 79
     0
 53
45.0
 43
1851.412046497408
 44
-1409.616365082002
 45
-4.419417382415921
 46
4.419417382415922
 79
     2
 49
3.125
 49
-1.5625
 98
        0
  0
LWPOLYLINE
  5
DBB
330
1F
100
AcDbEntity
  8
KOLON (BEYKENT)
100
AcDbPolyline
 90
        4
 70
     1
 43
0.0
 10
7585.336225580842
 20
1665.21202122476
 10
7615.335839342744
 20
1665.21202122476
 10
7615.335839342744
 20
1605.212197654509
 10
7585.336225580842
 20
1605.212197654509
1001
sta4cad App2
1004
03
1071
       72
1070
  1000
1070
     0
1070
     0
  0
HATCH
  5
DBC
330
1F
100
AcDbEntity
  8
TARAMA (BEYKENT)
100
AcDbHatch
 10
0.0
 20
0.0
 30
0.0
210
0.0
220
0.0
230
1.0
  2
ANSI33
 70
     0
 71
     0
 91
        1
 92
        2
 72
     0
 73
     1
 93
        4
 10
7585.336225580842
 20
1665.21202122476
 10
7615.335839342744
 20
1665.21202122476
 10
7615.335839342744
 20
1605.212197654509
 10
7585.336225580842
 20
1605.212197654509
 97
        1
330
DBB
 75
     0
 76
     0
 52
0.0
 41
1.0
 77
     0
 78
     2
 53
45.0
 43
1846.992629122407
 44
-1409.616365082002
 45
-4.419417382415921
 46
4.419417382415922
 79
     0
 53
45.0
 43
1851.412046497408
 44
-1409.616365082002
 45
-4.419417382415921
 46
4.419417382415922
 79
     2
 49
3.125
 49
-1.5625
 98
        0
  0
LWPOLYLINE
  5
DBD
330
1F
100
AcDbEntity
  8
KOLON (BEYKENT)
100
AcDbPolyline
 90
        4
 70
     1
 43
0.0
 10
8275.335686754853
 20
1665.21202122476
 10
8425.336139750154
 20
1665.21202122476
 10
8425.336139750154
 20
1640.212045066618
 10
8275.335686754853
 20
1640.212045066618
1001
sta4cad App2
1004
03
1071
       73
1070
  1000
1070
     0
1070
     0
  0
HATCH
  5
DBE
330
1F
100
AcDbEntity
  8
TARAMA (BEYKENT)
100
AcDbHatch
 10
0.0
 20
0.0
 30
0.0
210
0.0
220
0.0
230
1.0
  2
ANSI33
 70
     0
 71
     0
 91
        1
 92
        2
 72
     0
 73
     1
 93
        4
 10
8275.335686754853
 20
1665.21202122476
 10
8425.336139750154
 20
1665.21202122476
 10
8425.336139750154
 20
1640.212045066618
 10
8275.335686754853
 20
1640.212045066618
 97
        1
330
DBD
 75
     0
 76
     0
 52
0.0
 41
1.0
 77
     0
 78
     2
 53
45.0
 43
1846.992629122407
 44
-1409.616365082002
 45
-4.419417382415921
 46
4.419417382415922
 79
     0
 53
45.0
 43
1851.412046497408
 44
-1409.616365082002
 45
-4.419417382415921
 46
4.419417382415922
 79
     2
 49
3.125
 49
-1.5625
 98
        0
  0
LWPOLYLINE
  5
DBF
330
1F
100
AcDbEntity
  8
KOLON (BEYKENT)
100
AcDbPolyline
 90
        4
 70
     1
 43
0.0
 10
2830.336945604951
 20
1200.212047450804
 10
2870.336952161462
 20
1200.212047450804
 10
2870.336952161462
 20
1160.211966388487
 10
2830.336945604951
 20
1160.211966388487
1001
sta4cad App2
1004
03
1071
       74
1070
  1000
1070
     0
1070
     0
  0
HATCH
  5
DC0
330
1F
100
AcDbEntity
  8
TARAMA (BEYKENT)
100
AcDbHatch
 10
0.0
 20
0.0
 30
0.0
210
0.0
220
0.0
230
1.0
  2
ANSI33
 70
     0
 71
     0
 91
        1
 92
        2
 72
     0
 73
     1
 93
        4
 10
2830.336945604951
 20
1200.212047450804
 10
2870.336952161462
 20
1200.212047450804
 10
2870.336952161462
 20
1160.211966388487
 10
2830.336945604951
 20
1160.211966388487
 97
        1
330
DBF
 75
     0
 76
     0
 52
0.0
 41
1.0
 77
     0
 78
     2
 53
45.0
 43
1846.992629122407
 44
-1409.616365082002
 45
-4.419417382415921
 46
4.419417382415922
 79
     0
 53
45.0
 43
1851.412046497408
 44
-1409.616365082002
 45
-4.419417382415921
 46
4.419417382415922
 79
     2
 49
3.125
 49
-1.5625
 98
        0
  0
LWPOLYLINE
  5
DC1
330
1F
100
AcDbEntity
  8
KOLON (BEYKENT)
100
AcDbPolyline
 90
        4
 70
     1
 43
0.0
 10
3430.336820435198
 20
1200.212047450804
 10
3470.336752485903
 20
1200.212047450804
 10
3470.336752485903
 20
1160.211966388487
 10
3430.336820435198
 20
1160.211966388487
1001
sta4cad App2
1004
03
1071
       75
1070
  1000
1070
     0
1070
     0
  0
HATCH
  5
DC2
330
1F
100
AcDbEntity
  8
TARAMA (BEYKENT)
100
AcDbHatch
 10
0.0
 20
0.0
 30
0.0
210
0.0
220
0.0
230
1.0
  2
ANSI33
 70
     0
 71
     0
 91
        1
 92
        2
 72
     0
 73
     1
 93
        4
 10
3430.336820435198
 20
1200.212047450804
 10
3470.336752485903
 20
1200.212047450804
 10
3470.336752485903
 20
1160.211966388487
 10
3430.336820435198
 20
1160.211966388487
 97
        1
330
DC1
 75
     0
 76
     0
 52
0.0
 41
1.0
 77
     0
 78
     2
 53
45.0
 43
1846.992629122407
 44
-1409.616365082002
 45
-4.419417382415921
 46
4.419417382415922
 79
     0
 53
45.0
 43
1851.412046497408
 44
-1409.616365082002
 45
-4.419417382415921
 46
4.419417382415922
 79
     2
 49
3.125
 49
-1.5625
 98
        0
  0
LWPOLYLINE
  5
DC3
330
1F
100
AcDbEntity
  8
KOLON (BEYKENT)
100
AcDbPolyline
 90
        4
 70
     1
 43
0.0
 10
3845.336990904482
 20
1190.211878173613
 10
4025.336908650071
 20
1190.211878173613
 10
4025.336908650071
 20
1160.211966388487
 10
3845.336990904482
 20
1160.211966388487
1001
sta4cad App2
1004
03
1071
       76
1070
  1000
1070
     0
1070
     0
  0
HATCH
  5
DC4
330
1F
100
AcDbEntity
  8
TARAMA (BEYKENT)
100
AcDbHatch
 10
0.0
 20
0.0
 30
0.0
210
0.0
220
0.0
230
1.0
  2
ANSI33
 70
     0
 71
     0
 91
        1
 92
        2
 72
     0
 73
     1
 93
        4
 10
3845.336990904482
 20
1190.211878173613
 10
4025.336908650071
 20
1190.211878173613
 10
4025.336908650071
 20
1160.211966388487
 10
3845.336990904482
 20
1160.211966388487
 97
        1
330
DC3
 75
     0
 76
     0
 52
0.0
 41
1.0
 77
     0
 78
     2
 53
45.0
 43
1846.992629122407
 44
-1409.616365082002
 45
-4.419417382415921
 46
4.419417382415922
 79
     0
 53
45.0
 43
1851.412046497408
 44
-1409.616365082002
 45
-4.419417382415921
 46
4.419417382415922
 79
     2
 49
3.125
 49
-1.5625
 98
        0
  0
LWPOLYLINE
  5
DC5
330
1F
100
AcDbEntity
  8
KOLON (BEYKENT)
100
AcDbPolyline
 90
        4
 70
     1
 43
0.0
 10
4370.336788248689
 20
1190.211878173613
 10
4550.336855005891
 20
1190.211878173613
 10
4550.336855005891
 20
1160.211966388487
 10
4370.336788248689
 20
1160.211966388487
1001
sta4cad App2
1004
03
1071
       77
1070
  1000
1070
     0
1070
     0
  0
HATCH
  5
DC6
330
1F
100
AcDbEntity
  8
TARAMA (BEYKENT)
100
AcDbHatch
 10
0.0
 20
0.0
 30
0.0
210
0.0
220
0.0
230
1.0
  2
ANSI33
 70
     0
 71
     0
 91
        1
 92
        2
 72
     0
 73
     1
 93
        4
 10
4370.336788248689
 20
1190.211878173613
 10
4550.336855005891
 20
1190.211878173613
 10
4550.336855005891
 20
1160.211966388487
 10
4370.336788248689
 20
1160.211966388487
 97
        1
330
DC5
 75
     0
 76
     0
 52
0.0
 41
1.0
 77
     0
 78
     2
 53
45.0
 43
1846.992629122407
 44
-1409.616365082002
 45
-4.419417382415921
 46
4.419417382415922
 79
     0
 53
45.0
 43
1851.412046497408
 44
-1409.616365082002
 45
-4.419417382415921
 46
4.419417382415922
 79
     2
 49
3.125
 49
-1.5625
 98
        0
  0
LWPOLYLINE
  5
DC7
330
1F
100
AcDbEntity
  8
KOLON (BEYKENT)
100
AcDbPolyline
 90
        4
 70
     1
 43
0.0
 10
5190.336959910066
 20
1190.211878173613
 10
5370.337026667268
 20
1190.211878173613
 10
5370.337026667268
 20
1160.211966388487
 10
5190.336959910066
 20
1160.211966388487
1001
sta4cad App2
1004
03
1071
       78
1070
  1000
1070
     0
1070
     0
  0
HATCH
  5
DC8
330
1F
100
AcDbEntity
  8
TARAMA (BEYKENT)
100
AcDbHatch
 10
0.0
 20
0.0
 30
0.0
210
0.0
220
0.0
230
1.0
  2
ANSI33
 70
     0
 71
     0
 91
        1
 92
        2
 72
     0
 73
     1
 93
        4
 10
5190.336959910066
 20
1190.211878173613
 10
5370.337026667268
 20
1190.211878173613
 10
5370.337026667268
 20
1160.211966388487
 10
5190.336959910066
 20
1160.211966388487
 97
        1
330
DC7
 75
     0
 76
     0
 52
0.0
 41
1.0
 77
     0
 78
     2
 53
45.0
 43
1846.992629122407
 44
-1409.616365082002
 45
-4.419417382415921
 46
4.419417382415922
 79
     0
 53
45.0
 43
1851.412046497408
 44
-1409.616365082002
 45
-4.419417382415921
 46
4.419417382415922
 79
     2
 49
3.125
 49
-1.5625
 98
        0
  0
LWPOLYLINE
  5
DC9
330
1F
100
AcDbEntity
  8
KOLON (BEYKENT)
100
AcDbPolyline
 90
        4
 70
     1
 43
0.0
 10
6037.836926531465
 20
1200.212047450804
 10
6087.836878847749
 20
1200.212047450804
 10
6087.836878847749
 20
1160.211966388487
 10
6037.836926531465
 20
1160.211966388487
1001
sta4cad App2
1004
03
1071
       79
1070
  1000
1070
     0
1070
     0
  0
HATCH
  5
DCA
330
1F
100
AcDbEntity
  8
TARAMA (BEYKENT)
100
AcDbHatch
 10
0.0
 20
0.0
 30
0.0
210
0.0
220
0.0
230
1.0
  2
ANSI33
 70
     0
 71
     0
 91
        1
 92
        2
 72
     0
 73
     1
 93
        4
 10
6037.836926531465
 20
1200.212047450804
 10
6087.836878847749
 20
1200.212047450804
 10
6087.836878847749
 20
1160.211966388487
 10
6037.836926531465
 20
1160.211966388487
 97
        1
330
DC9
 75
     0
 76
     0
 52
0.0
 41
1.0
 77
     0
 78
     2
 53
45.0
 43
1846.992629122407
 44
-1409.616365082002
 45
-4.419417382415921
 46
4.419417382415922
 79
     0
 53
45.0
 43
1851.412046497408
 44
-1409.616365082002
 45
-4.419417382415921
 46
4.419417382415922
 79
     2
 49
3.125
 49
-1.5625
 98
        0
  0
LWPOLYLINE
  5
DCB
330
1F
100
AcDbEntity
  8
KOLON (BEYKENT)
100
AcDbPolyline
 90
        4
 70
     1
 43
0.0
 10
6755.33707673517
 20
1190.211878173613
 10
6935.336845469148
 20
1190.211878173613
 10
6935.336845469148
 20
1160.211966388487
 10
6755.33707673517
 20
1160.211966388487
1001
sta4cad App2
1004
03
1071
       80
1070
  1000
1070
     0
1070
     0
  0
HATCH
  5
DCC
330
1F
100
AcDbEntity
  8
TARAMA (BEYKENT)
100
AcDbHatch
 10
0.0
 20
0.0
 30
0.0
210
0.0
220
0.0
230
1.0
  2
ANSI33
 70
     0
 71
     0
 91
        1
 92
        2
 72
     0
 73
     1
 93
        4
 10
6755.33707673517
 20
1190.211878173613
 10
6935.336845469148
 20
1190.211878173613
 10
6935.336845469148
 20
1160.211966388487
 10
6755.33707673517
 20
1160.211966388487
 97
        1
330
DCB
 75
     0
 76
     0
 52
0.0
 41
1.0
 77
     0
 78
     2
 53
45.0
 43
1846.992629122407
 44
-1409.616365082002
 45
-4.419417382415921
 46
4.419417382415922
 79
     0
 53
45.0
 43
1851.412046497408
 44
-1409.616365082002
 45
-4.419417382415921
 46
4.419417382415922
 79
     2
 49
3.125
 49
-1.5625
 98
        0
  0
LWPOLYLINE
  5
DCD
330
1F
100
AcDbEntity
  8
KOLON (BEYKENT)
100
AcDbPolyline
 90
        4
 70
     1
 43
0.0
 10
7575.335758280427
 20
1190.211878173613
 10
7755.336421084077
 20
1190.211878173613
 10
7755.336421084077
 20
1160.211966388487
 10
7575.335758280427
 20
1160.211966388487
1001
sta4cad App2
1004
03
1071
       81
1070
  1000
1070
     0
1070
     0
  0
HATCH
  5
DCE
330
1F
100
AcDbEntity
  8
TARAMA (BEYKENT)
100
AcDbHatch
 10
0.0
 20
0.0
 30
0.0
210
0.0
220
0.0
230
1.0
  2
ANSI33
 70
     0
 71
     0
 91
        1
 92
        2
 72
     0
 73
     1
 93
        4
 10
7575.335758280427
 20
1190.211878173613
 10
7755.336421084077
 20
1190.211878173613
 10
7755.336421084077
 20
1160.211966388487
 10
7575.335758280427
 20
1160.211966388487
 97
        1
330
DCD
 75
     0
 76
     0
 52
0.0
 41
1.0
 77
     0
 78
     2
 53
45.0
 43
1846.992629122407
 44
-1409.616365082002
 45
-4.419417382415921
 46
4.419417382415922
 79
     0
 53
45.0
 43
1851.412046497408
 44
-1409.616365082002
 45
-4.419417382415921
 46
4.419417382415922
 79
     2
 49
3.125
 49
-1.5625
 98
        0
  0
LWPOLYLINE
  5
DCF
330
1F
100
AcDbEntity
  8
KOLON (BEYKENT)
100
AcDbPolyline
 90
        4
 70
     1
 43
0.0
 10
8385.335462641389
 20
1200.212047450804
 10
8425.336139750154
 20
1200.212047450804
 10
8425.336139750154
 20
1160.211966388487
 10
8385.335462641389
 20
1160.211966388487
1001
sta4cad App2
1004
03
1071
       82
1070
  1000
1070
     0
1070
     0
  0
HATCH
  5
DD0
330
1F
100
AcDbEntity
  8
TARAMA (BEYKENT)
100
AcDbHatch
 10
0.0
 20
0.0
 30
0.0
210
0.0
220
0.0
230
1.0
  2
ANSI33
 70
     0
 71
     0
 91
        1
 92
        2
 72
     0
 73
     1
 93
        4
 10
8385.335462641389
 20
1200.212047450804
 10
8425.336139750154
 20
1200.212047450804
 10
8425.336139750154
 20
1160.211966388487
 10
8385.335462641389
 20
1160.211966388487
 97
        1
330
DCF
 75
     0
 76
     0
 52
0.0
 41
1.0
 77
     0
 78
     2
 53
45.0
 43
1846.992629122407
 44
-1409.616365082002
 45
-4.419417382415921
 46
4.419417382415922
 79
     0
 53
45.0
 43
1851.412046497408
 44
-1409.616365082002
 45
-4.419417382415921
 46
4.419417382415922
 79
     2
 49
3.125
 49
-1.5625
 98
        0
  0
LWPOLYLINE
  5
DD1
330
1F
100
AcDbEntity
  8
DONATI (BEYKENT)
100
AcDbPolyline
 90
        2
 70
     0
 43
0.0
 10
2833.336921882303
 20
1723.693920677695
 10
3467.336850714357
 20
1723.693920677695
1001
sta4cad App2
1004
0A
1071
       69
1070
     0
1070
     0
1070
     0
  0
LWPOLYLINE
  5
DD2
330
1F
100
AcDbEntity
  8
DONATI (BEYKENT)
100
AcDbPolyline
 90
        7
 70
     0
 43
0.0
 10
2833.26524729696
 20
1743.693663185629
 10
2833.253326368005
 20
1758.693768089804
 10
3006.753283095033
 20
1758.693768089804
 10
3017.364101957948
 20
1748.091293877157
 10
3283.138083767564
 20
1748.095764225516
 10
3293.753223967226
 20
1758.693768089804
 10
3603.503214668901
 20
1758.693768089804
1001
sta4cad App2
1004
0A
1071
       70
1070
     0
1070
     0
1070
     0
  0
LWPOLYLINE
  5
DD3
330
1F
100
AcDbEntity
  8
DONATI (BEYKENT)
100
AcDbPolyline
 90
        2
 70
     0
 43
0.0
 10
3291.497887172864
 20
1782.159877354635
 10
3603.47320036015
 20
1782.159877354635
1001
sta4cad App2
1004
0A
1071
       71
1070
     0
1070
     0
1070
     0
  0
LWPOLYLINE
  5
DD4
330
1F
100
AcDbEntity
  8
DONATI (BEYKENT)
100
AcDbPolyline
 90
        2
 70
     0
 43
0.0
 10
3266.268851062876
 20
1638.21201121118
 10
3266.268851062876
 20
2022.211954944395
1001
sta4cad App2
1004
0A
1071
       72
1070
     0
1070
     0
1070
     0
  0
LWPOLYLINE
  5
DD5
330
1F
100
AcDbEntity
  8
DONATI (BEYKENT)
100
AcDbPolyline
 90
        7
 70
     0
 43
0.0
 10
3231.269003650767
 20
1519.944225215316
 10
3231.268854639155
 20
1749.128208511137
 10
3241.871328851801
 20
1759.739325397276
 10
3241.867007515055
 20
1900.51327740457
 10
3231.269003650767
 20
1911.128268592619
 10
3231.269003650767
 20
2022.12850844171
 10
3246.26895954333
 20
2022.140429370665
1001
sta4cad App2
1004
0A
1071
       73
1070
     0
1070
     0
1070
     0
  0
LWPOLYLINE
  5
DD6
330
1F
100
AcDbEntity
  8
DONATI (BEYKENT)
100
AcDbPolyline
 90
        2
 70
     0
 43
0.0
 10
3219.416673876473
 20
1519.872401618362
 10
3219.416524864861
 20
1751.635938102284
1001
sta4cad App2
1004
0A
1071
       74
1070
     0
1070
     0
1070
     0
  0
LWPOLYLINE
  5
DD7
330
1F
100
AcDbEntity
  8
DONATI (BEYKENT)
100
AcDbPolyline
 90
        2
 70
     0
 43
0.0
 10
3443.329142880113
 20
1735.212014072203
 10
4012.329238009126
 20
1735.212014072203
1001
sta4cad App2
1004
0A
1071
       75
1070
     0
1070
     0
1070
     0
  0
LWPOLYLINE
  5
DD8
330
1F
100
AcDbEntity
  8
DONATI (BEYKENT)
100
AcDbPolyline
 90
        6
 70
     0
 43
0.0
 10
3290.74557359186
 20
1770.211861484312
 10
3600.495564293535
 20
1770.211861484312
 10
3611.10638315645
 20
1759.60968529489
 10
3844.380485367448
 20
1759.613857620024
 10
3854.99562556711
 20
1770.211861484312
 10
4143.495666336686
 20
1770.211861484312
1001
sta4cad App2
1004
0A
1071
       76
1070
     0
1070
     0
1070
     0
  0
LWPOLYLINE
  5
DD9
330
1F
100
AcDbEntity
  8
DONATI (BEYKENT)
100
AcDbPolyline
 90
        2
 70
     0
 43
0.0
 10
3853.982758080539
 20
1782.541423835042
 10
4146.923976492555
 20
1782.541423835042
1001
sta4cad App2
1004
0A
1071
       77
1070
     0
1070
     0
1070
     0
  0
LWPOLYLINE
  5
DDA
330
1F
100
AcDbEntity
  8
DONATI (BEYKENT)
100
AcDbPolyline
 90
        2
 70
     0
 43
0.0
 10
3955.485192467469
 20
1638.21201121118
 10
3955.485192467469
 20
2022.211954944395
1001
sta4cad App2
1004
0A
1071
       78
1070
     0
1070
     0
1070
     0
  0
LWPOLYLINE
  5
DDB
330
1F
100
AcDbEntity
  8
DONATI (BEYKENT)
100
AcDbPolyline
 90
        7
 70
     0
 43
0.0
 10
3920.485345055346
 20
1533.203230254912
 10
3920.485196043748
 20
1749.128208511137
 10
3931.087670256395
 20
1759.739325397276
 10
3931.083348919648
 20
1900.51327740457
 10
3920.48534505536
 20
1911.128268592619
 10
3920.48534505536
 20
2022.12850844171
 10
3935.485300947923
 20
2022.140429370665
1001
sta4cad App2
1004
0A
1071
       79
1070
     0
1070
     0
1070
     0
  0
LWPOLYLINE
  5
DDC
330
1F
100
AcDbEntity
  8
DONATI (BEYKENT)
100
AcDbPolyline
 90
        2
 70
     0
 43
0.0
 10
3988.336878370912
 20
1723.762195443348
 10
4537.336783957155
 20
1723.762195443348
1001
sta4cad App2
1004
0A
1071
       81
1070
     0
1070
     0
1070
     0
  0
LWPOLYLINE
  5
DDD
330
1F
100
AcDbEntity
  8
DONATI (BEYKENT)
100
AcDbPolyline
 90
        6
 70
     0
 43
0.0
 10
3852.003174376161
 20
1758.762042855458
 10
4140.503215145738
 20
1758.762042855458
 10
4151.114034008653
 20
1748.159568642811
 10
4374.388115954072
 20
1748.164038991169
 10
4385.003107142122
 20
1758.762042855458
 10
4727.253275465638
 20
1758.762042855458
1001
sta4cad App2
1004
0A
1071
       82
1070
     0
1070
     0
1070
     0
  0
LWPOLYLINE
  5
DDE
330
1F
100
AcDbEntity
  8
DONATI (BEYKENT)
100
AcDbPolyline
 90
        2
 70
     0
 43
0.0
 10
4382.085593141218
 20
1771.989215472341
 10
4727.181451868684
 20
1771.989215472341
1001
sta4cad App2
1004
0A
1071
       83
1070
     0
1070
     0
1070
     0
  0
LWPOLYLINE
  5
DDF
330
1F
100
AcDbEntity
  8
DONATI (BEYKENT)
100
AcDbPolyline
 90
        2
 70
     0
 43
0.0
 10
4489.086765854921
 20
1638.21201121118
 10
4489.086765854921
 20
2022.211954944395
1001
sta4cad App2
1004
0A
1071
       84
1070
     0
1070
     0
1070
     0
  0
LWPOLYLINE
  5
DE0
330
1F
100
AcDbEntity
  8
DONATI (BEYKENT)
100
AcDbPolyline
 90
        7
 70
     0
 43
0.0
 10
4454.086918442841
 20
1533.203230254911
 10
4454.086918442811
 20
1749.128208511137
 10
4464.689094632234
 20
1759.739325397276
 10
4464.6849223071
 20
1900.51327740457
 10
4454.086918442811
 20
1911.128268592619
 10
4454.086918442811
 20
2022.12850844171
 10
4469.086725323762
 20
2022.140429370665
1001
sta4cad App2
1004
0A
1071
       85
1070
     0
1070
     0
1070
     0
  0
LWPOLYLINE
  5
DE1
330
1F
100
AcDbEntity
  8
DONATI (BEYKENT)
100
AcDbPolyline
 90
        2
 70
     0
 43
0.0
 10
4513.329225134523
 20
1735.212014072203
 10
5297.329085421235
 20
1735.212014072203
1001
sta4cad App2
1004
0A
1071
       87
1070
     0
1070
     0
1070
     0
  0
LWPOLYLINE
  5
DE2
330
1F
100
AcDbEntity
  8
DONATI (BEYKENT)
100
AcDbPolyline
 90
        2
 70
     0
 43
0.0
 10
5087.767330065715
 20
1765.21192585733
 10
5485.786816906588
 20
1765.21192585733
1001
sta4cad App2
1004
0A
1071
       88
1070
     0
1070
     0
1070
     0
  0
LWPOLYLINE
  5
DE3
330
1F
100
AcDbEntity
  8
DONATI (BEYKENT)
100
AcDbPolyline
 90
        2
 70
     0
 43
0.0
 10
4881.075107243039
 20
1638.21201121118
 10
4881.075107243039
 20
2022.211954944395
1001
sta4cad App2
1004
0A
1071
       89
1070
     0
1070
     0
1070
     0
  0
LWPOLYLINE
  5
DE4
330
1F
100
AcDbEntity
  8
DONATI (BEYKENT)
100
AcDbPolyline
 90
        7
 70
     0
 43
0.0
 10
4846.07525983093
 20
1520.611737418301
 10
4846.07525983093
 20
1749.128208511137
 10
4856.677436020352
 20
1759.739325397276
 10
4856.673263695218
 20
1900.51327740457
 10
4846.07525983093
 20
1911.128268592619
 10
4846.07525983093
 20
2022.12850844171
 10
4861.07506671188
 20
2022.140429370665
1001
sta4cad App2
1004
0A
1071
       90
1070
     0
1070
     0
1070
     0
  0
LWPOLYLINE
  5
DE5
330
1F
100
AcDbEntity
  8
DONATI (BEYKENT)
100
AcDbPolyline
 90
        2
 70
     0
 43
0.0
 10
4835.643867391987
 20
1520.539913821346
 10
4835.643867391987
 20
1752.446122495421
1001
sta4cad App2
1004
0A
1071
       91
1070
     0
1070
     0
1070
     0
  0
LWPOLYLINE
  5
DE6
330
1F
100
AcDbEntity
  8
DONATI (BEYKENT)
100
AcDbPolyline
 90
        2
 70
     0
 43
0.0
 10
5273.337023806245
 20
1728.390996734138
 10
6079.837339472444
 20
1728.390996734138
1001
sta4cad App2
1004
0A
1071
       92
1070
     0
1070
     0
1070
     0
  0
LWPOLYLINE
  5
DE7
330
1F
100
AcDbEntity
  8
DONATI (BEYKENT)
100
AcDbPolyline
 90
        2
 70
     0
 43
0.0
 10
5856.755908541014
 20
1765.211925857332
 10
6268.186907362597
 20
1765.211925857331
1001
sta4cad App2
1004
0A
1071
       93
1070
     0
1070
     0
1070
     0
  0
LWPOLYLINE
  5
DE8
330
1F
100
AcDbEntity
  8
DONATI (BEYKENT)
100
AcDbPolyline
 90
        2
 70
     0
 43
0.0
 10
5885.951153090118
 20
1638.21201121118
 10
5885.951153090118
 20
2022.211954944395
1001
sta4cad App2
1004
0A
1071
       94
1070
     0
1070
     0
1070
     0
  0
LWPOLYLINE
  5
DE9
330
1F
100
AcDbEntity
  8
DONATI (BEYKENT)
100
AcDbPolyline
 90
        7
 70
     0
 43
0.0
 10
5850.951305678009
 20
1519.232644107258
 10
5850.951305678009
 20
1749.128208511137
 10
5861.553481867431
 20
1759.739325397276
 10
5861.549309542297
 20
1900.51327740457
 10
5850.951305678009
 20
1911.128268592619
 10
5850.951305678009
 20
2022.12850844171
 10
5865.95111255896
 20
2022.140429370665
1001
sta4cad App2
1004
0A
1071
       95
1070
     0
1070
     0
1070
     0
  0
LWPOLYLINE
  5
DEA
330
1F
100
AcDbEntity
  8
DONATI (BEYKENT)
100
AcDbPolyline
 90
        2
 70
     0
 43
0.0
 10
5839.747757172107
 20
1519.160820510303
 10
5839.747757172107
 20
1753.522998517459
1001
sta4cad App2
1004
0A
1071
       96
1070
     0
1070
     0
1070
     0
  0
LWPOLYLINE
  5
DEB
330
1F
100
AcDbEntity
  8
DONATI (BEYKENT)
100
AcDbPolyline
 90
        2
 70
     0
 43
0.0
 10
6045.829015326173
 20
1735.212014072203
 10
6852.329032969148
 20
1735.212014072203
1001
sta4cad App2
1004
0A
1071
       97
1070
     0
1070
     0
1070
     0
  0
LWPOLYLINE
  5
DEC
330
1F
100
AcDbEntity
  8
DONATI (BEYKENT)
100
AcDbPolyline
 90
        2
 70
     0
 43
0.0
 10
6640.087241243989
 20
1765.211925857329
 10
7037.891289966672
 20
1765.211925857331
1001
sta4cad App2
1004
0A
1071
       98
1070
     0
1070
     0
1070
     0
  0
LWPOLYLINE
  5
DED
330
1F
100
AcDbEntity
  8
DONATI (BEYKENT)
100
AcDbPolyline
 90
        2
 70
     0
 43
0.0
 10
6493.94621652587
 20
1638.21201121118
 10
6493.94621652587
 20
2022.211954944395
1001
sta4cad App2
1004
0A
1071
       99
1070
     0
1070
     0
1070
     0
  0
LWPOLYLINE
  5
DEE
330
1F
100
AcDbEntity
  8
DONATI (BEYKENT)
100
AcDbPolyline
 90
        7
 70
     0
 43
0.0
 10
6458.94636911376
 20
1518.733433829176
 10
6458.94636911376
 20
1749.128208511137
 10
6469.548545303183
 20
1759.739325397276
 10
6469.544372978049
 20
1900.51327740457
 10
6458.94636911376
 20
1911.128268592619
 10
6458.94636911376
 20
2022.12850844171
 10
6473.946175994711
 20
2022.140429370665
1001
sta4cad App2
1004
0A
1071
      100
1070
     0
1070
     0
1070
     0
  0
LWPOLYLINE
  5
DEF
330
1F
100
AcDbEntity
  8
DONATI (BEYKENT)
100
AcDbPolyline
 90
        2
 70
     0
 43
0.0
 10
6828.336971354158
 20
1727.211530579362
 10
7612.336533617646
 20
1727.211530579362
1001
sta4cad App2
1004
0A
1071
      102
1070
     0
1070
     0
1070
     0
  0
LWPOLYLINE
  5
DF0
330
1F
100
AcDbEntity
  8
DONATI (BEYKENT)
100
AcDbPolyline
 90
        2
 70
     0
 43
0.0
 10
7436.50501852245
 20
1638.21201121118
 10
7436.50501852245
 20
2022.211954944395
1001
sta4cad App2
1004
0A
1071
      104
1070
     0
1070
     0
1070
     0
  0
LWPOLYLINE
  5
DF1
330
1F
100
AcDbEntity
  8
DONATI (BEYKENT)
100
AcDbPolyline
 90
        7
 70
     0
 43
0.0
 10
7401.505171110341
 20
1519.510726729385
 10
7401.505171110341
 20
1749.128208511137
 10
7412.107645322987
 20
1759.739325397276
 10
7412.103472997853
 20
1900.51327740457
 10
7401.505171110341
 20
1911.128268592619
 10
7401.505171110341
 20
2022.12850844171
 10
7416.505276014516
 20
2022.140429370665
1001
sta4cad App2
1004
0A
1071
      105
1070
     0
1070
     0
1070
     0
  0
LWPOLYLINE
  5
DF2
330
1F
100
AcDbEntity
  8
DONATI (BEYKENT)
100
AcDbPolyline
 90
        2
 70
     0
 43
0.0
 10
7391.986028727387
 20
1519.438903132431
 10
7391.986028727387
 20
1753.212807533192
1001
sta4cad App2
1004
0A
1071
      106
1070
     0
1070
     0
1070
     0
  0
LWPOLYLINE
  5
DF3
330
1F
100
AcDbEntity
  8
DONATI (BEYKENT)
100
AcDbPolyline
 90
        2
 70
     0
 43
0.0
 10
7588.328378748567
 20
1735.212014072203
 10
8422.328489374788
 20
1735.212014072203
1001
sta4cad App2
1004
0A
1071
      107
1070
     0
1070
     0
1070
     0
  0
LWPOLYLINE
  5
DF4
330
1F
100
AcDbEntity
  8
DONATI (BEYKENT)
100
AcDbPolyline
 90
        2
 70
     0
 43
0.0
 10
7402.891289966658
 20
1765.211925857328
 10
7810.385907244356
 20
1765.21192585733
1001
sta4cad App2
1004
0A
1071
      108
1070
     0
1070
     0
1070
     0
  0
LWPOLYLINE
  5
DF5
330
1F
100
AcDbEntity
  8
DONATI (BEYKENT)
100
AcDbPolyline
 90
        3
 70
     0
 43
0.0
 10
8200.385907244356
 20
1765.211925857328
 10
8422.256963801057
 20
1765.211925857329
 10
8422.256963801057
 20
1750.211820953154
1001
sta4cad App2
1004
0A
1071
      109
1070
     0
1070
     0
1070
     0
  0
LWPOLYLINE
  5
DF6
330
1F
100
AcDbEntity
  8
DONATI (BEYKENT)
100
AcDbPolyline
 90
        2
 70
     0
 43
0.0
 10
8151.875997556269
 20
1638.21201121118
 10
8151.875997556269
 20
2022.211954944395
1001
sta4cad App2
1004
0A
1071
      110
1070
     0
1070
     0
1070
     0
  0
LWPOLYLINE
  5
DF7
330
1F
100
AcDbEntity
  8
DONATI (BEYKENT)
100
AcDbPolyline
 90
        7
 70
     0
 43
0.0
 10
8116.876150144159
 20
1518.78569001059
 10
8116.876150144159
 20
1749.128208511137
 10
8127.478624356806
 20
1759.739325397276
 10
8127.474452031671
 20
1900.51327740457
 10
8116.876150144159
 20
1911.128268592619
 10
8116.876150144159
 20
2022.12850844171
 10
8131.876255048334
 20
2022.140429370665
1001
sta4cad App2
1004
0A
1071
      111
1070
     0
1070
     0
1070
     0
  0
LWPOLYLINE
  5
DF8
330
1F
100
AcDbEntity
  8
DONATI (BEYKENT)
100
AcDbPolyline
 90
        2
 70
     0
 43
0.0
 10
8105.289629024289
 20
1518.713866413636
 10
8105.289629024289
 20
1752.235389120752
1001
sta4cad App2
1004
0A
1071
      112
1070
     0
1070
     0
1070
     0
  0
LWPOLYLINE
  5
DF9
330
1F
100
AcDbEntity
  8
DONATI (BEYKENT)
100
AcDbPolyline
 90
        2
 70
     0
 43
0.0
 10
2833.336921882303
 20
1329.741263973984
 10
3467.336850714357
 20
1329.741263973984
1001
sta4cad App2
1004
0A
1071
      113
1070
     0
1070
     0
1070
     0
  0
LWPOLYLINE
  5
DFA
330
1F
100
AcDbEntity
  8
DONATI (BEYKENT)
100
AcDbPolyline
 90
        7
 70
     0
 43
0.0
 10
2833.26524729696
 20
1349.741304505143
 10
2833.253326368005
 20
1364.741111386094
 10
3006.753283095033
 20
1364.741111386094
 10
3017.364101957948
 20
1354.138935196671
 10
3283.138083767564
 20
1354.143405545029
 10
3293.753223967226
 20
1364.741111386094
 10
3529.77742516968
 20
1364.741111386094
1001
sta4cad App2
1004
0A
1071
      114
1070
     0
1070
     0
1070
     0
  0
LWPOLYLINE
  5
DFB
330
1F
100
AcDbEntity
  8
DONATI (BEYKENT)
100
AcDbPolyline
 90
        2
 70
     0
 43
0.0
 10
3290.475152635609
 20
1386.103958193962
 10
3529.306227477046
 20
1386.103958193962
1001
sta4cad App2
1004
0A
1071
      115
1070
     0
1070
     0
1070
     0
  0
LWPOLYLINE
  5
DFC
330
1F
100
AcDbEntity
  8
DONATI (BEYKENT)
100
AcDbPolyline
 90
        2
 70
     0
 43
0.0
 10
3277.119742493157
 20
1163.204119556212
 10
3277.119742493157
 20
1662.204370849394
1001
sta4cad App2
1004
0A
1071
      116
1070
     0
1070
     0
1070
     0
  0
LWPOLYLINE
  5
DFD
330
1F
100
AcDbEntity
  8
DONATI (BEYKENT)
100
AcDbPolyline
 90
        6
 70
     0
 43
0.0
 10
3242.119895081047
 20
1123.120293967986
 10
3242.119746069435
 20
1302.870617263579
 10
3252.722220282082
 20
1313.481436126494
 10
3252.717898945336
 20
1511.755392902159
 10
3242.119895081047
 20
1522.370682113432
 10
3242.119746069435
 20
1750.999145225352
1001
sta4cad App2
1004
0A
1071
      117
1070
     0
1070
     0
1070
     0
  0
LWPOLYLINE
  5
DFE
330
1F
100
AcDbEntity
  8
DONATI (BEYKENT)
100
AcDbPolyline
 90
        3
 70
     0
 43
0.0
 10
3243.876408095148
 20
1033.211902730727
 10
3228.876408095148
 20
1033.211902730727
 10
3228.876259083521
 20
1306.192677835839
1001
sta4cad App2
1004
0A
1071
      118
1070
     0
1070
     0
1070
     0
  0
LWPOLYLINE
  5
DFF
330
1F
100
AcDbEntity
  8
DONATI (BEYKENT)
100
AcDbPolyline
 90
        2
 70
     0
 43
0.0
 10
3443.329142880113
 20
1341.104239527885
 10
3711.329209160478
 20
1341.104239527885
1001
sta4cad App2
1004
0A
1071
      119
1070
     0
1070
     0
1070
     0
  0
LWPOLYLINE
  5
E00
330
1F
100
AcDbEntity
  8
DONATI (BEYKENT)
100
AcDbPolyline
 90
        6
 70
     0
 43
0.0
 10
3290.74557359186
 20
1376.104086939994
 10
3526.495503735216
 20
1376.104086939994
 10
3537.106322598131
 20
1365.501612727348
 10
3622.380452704103
 20
1365.505785052482
 10
3632.995592903764
 20
1376.104086939994
 10
3882.335686754868
 20
1376.104086939994
1001
sta4cad App2
1004
0A
1071
      120
1070
     0
1070
     0
1070
     0
  0
LWPOLYLINE
  5
E01
330
1F
100
AcDbEntity
  8
DONATI (BEYKENT)
100
AcDbPolyline
 90
        2
 70
     0
 43
0.0
 10
3666.217372596217
 20
1163.204119556212
 10
3666.217372596217
 20
1662.204370849394
1001
sta4cad App2
1004
0A
1071
      121
1070
     0
1070
     0
1070
     0
  0
LWPOLYLINE
  5
E02
330
1F
100
AcDbEntity
  8
DONATI (BEYKENT)
100
AcDbPolyline
 90
        6
 70
     0
 43
0.0
 10
3631.217525184108
 20
1123.068583566265
 10
3631.217376172496
 20
1302.870617263579
 10
3641.819850385142
 20
1313.481436126494
 10
3641.815529048396
 20
1511.755392902159
 10
3631.217525184108
 20
1522.370682113432
 10
3631.217376172496
 20
1752.120659702086
1001
sta4cad App2
1004
0A
1071
      122
1070
     0
1070
     0
1070
     0
  0
LWPOLYLINE
  5
E03
330
1F
100
AcDbEntity
  8
DONATI (BEYKENT)
100
AcDbPolyline
 90
        3
 70
     0
 43
0.0
 10
3634.382168515946
 20
1033.048884027266
 10
3619.382212623383
 20
1033.048884027266
 10
3619.382063611771
 20
1305.880920589995
1001
sta4cad App2
1004
0A
1071
      123
1070
     0
1070
     0
1070
     0
  0
LWPOLYLINE
  5
E04
330
1F
100
AcDbEntity
  8
DONATI (BEYKENT)
100
AcDbPolyline
 90
        2
 70
     0
 43
0.0
 10
3988.336878370912
 20
1329.741263973984
 10
4236.33705313173
 20
1329.741263973984
1001
sta4cad App2
1004
0A
1071
      124
1070
     0
1070
     0
1070
     0
  0
LWPOLYLINE
  5
E05
330
1F
100
AcDbEntity
  8
DONATI (BEYKENT)
100
AcDbPolyline
 90
        7
 70
     0
 43
0.0
 10
3988.26520378557
 20
1349.741304505143
 10
3988.253282856615
 20
1364.741111386094
 10
4066.503303599031
 20
1364.741111386094
 10
4077.114122461946
 20
1354.138935196671
 10
4152.388232302339
 20
1354.143405545029
 10
4163.003372502
 20
1364.741111386094
 10
4407.393542862712
 20
1364.741111386094
1001
sta4cad App2
1004
0A
1071
      125
1070
     0
1070
     0
1070
     0
  0
LWPOLYLINE
  5
E06
330
1F
100
AcDbEntity
  8
DONATI (BEYKENT)
100
AcDbPolyline
 90
        3
 70
     0
 43
0.0
 10
3988.31825191942
 20
1374.81456352854
 10
3988.306330990465
 20
1389.814668432714
 10
4069.80444677328
 20
1389.814668432714
1001
sta4cad App2
1004
0A
1071
      126
1070
     0
1070
     0
1070
     0
  0
LWPOLYLINE
  5
E07
330
1F
100
AcDbEntity
  8
DONATI (BEYKENT)
100
AcDbPolyline
 90
        2
 70
     0
 43
0.0
 10
4194.861761993157
 20
1163.204119556212
 10
4194.861761993157
 20
1662.204370849394
1001
sta4cad App2
1004
0A
1071
      127
1070
     0
1070
     0
1070
     0
  0
LWPOLYLINE
  5
E08
330
1F
100
AcDbEntity
  8
DONATI (BEYKENT)
100
AcDbPolyline
 90
        6
 70
     0
 43
0.0
 10
4159.861914581048
 20
1123.120293967986
 10
4159.861765569436
 20
1302.870617263579
 10
4170.464239782083
 20
1313.481436126494
 10
4170.459918445336
 20
1511.755392902159
 10
4159.861914581048
 20
1522.370682113432
 10
4159.861765569436
 20
1752.120659702086
1001
sta4cad App2
1004
0A
1071
      128
1070
     0
1070
     0
1070
     0
  0
LWPOLYLINE
  5
E09
330
1F
100
AcDbEntity
  8
DONATI (BEYKENT)
100
AcDbPolyline
 90
        2
 70
     0
 43
0.0
 10
4513.329225134523
 20
1329.741263973984
 10
5024.329181742341
 20
1329.741263973984
1001
sta4cad App2
1004
0A
1071
      135
1070
     0
1070
     0
1070
     0
  0
LWPOLYLINE
  5
E0A
330
1F
100
AcDbEntity
  8
DONATI (BEYKENT)
100
AcDbPolyline
 90
        8
 70
     0
 43
0.0
 10
4513.257699560792
 20
1349.741006481919
 10
4513.245480608613
 20
1364.741111386094
 10
4656.495409559877
 20
1364.741111386094
 10
4667.106228422792
 20
1354.138637173447
 10
4872.380452704103
 20
1354.142809498582
 10
4882.995443892152
 20
1364.741111386094
 10
5024.245437216432
 20
1364.741111386094
 10
5024.257656168611
 20
1349.741006481919
1001
sta4cad App2
1004
0A
1071
      136
1070
     0
1070
     0
1070
     0
  0
LWPOLYLINE
  5
E0B
330
1F
100
AcDbEntity
  8
DONATI (BEYKENT)
100
AcDbPolyline
 90
        2
 70
     0
 43
0.0
 10
4891.587876211747
 20
1163.204119556212
 10
4891.587876211747
 20
1662.204370849394
1001
sta4cad App2
1004
0A
1071
      137
1070
     0
1070
     0
1070
     0
  0
LWPOLYLINE
  5
E0C
330
1F
100
AcDbEntity
  8
DONATI (BEYKENT)
100
AcDbPolyline
 90
        6
 70
     0
 43
0.0
 10
4856.588028799637
 20
1123.120293967986
 10
4856.588028799637
 20
1302.870617263579
 10
4867.19020498906
 20
1313.481436126494
 10
4867.186032663926
 20
1511.755392902159
 10
4856.588028799637
 20
1522.370682113432
 10
4856.588028799637
 20
1752.120659702086
1001
sta4cad App2
1004
0A
1071
      138
1070
     0
1070
     0
1070
     0
  0
LWPOLYLINE
  5
E0D
330
1F
100
AcDbEntity
  8
DONATI (BEYKENT)
100
AcDbPolyline
 90
        3
 70
     0
 43
0.0
 10
4862.940040345795
 20
1033.211902730727
 10
4847.940040345795
 20
1033.211902730727
 10
4847.94004034578
 20
1310.298846118712
1001
sta4cad App2
1004
0A
1071
      139
1070
     0
1070
     0
1070
     0
  0
LWPOLYLINE
  5
E0E
330
1F
100
AcDbEntity
  8
DONATI (BEYKENT)
100
AcDbPolyline
 90
        2
 70
     0
 43
0.0
 10
5002.337055754335
 20
1547.712192886137
 10
5297.336834025056
 20
1547.712192886137
1001
sta4cad App2
1004
0A
1071
      140
1070
     0
1070
     0
1070
     0
  0
LWPOLYLINE
  5
E0F
330
1F
100
AcDbEntity
  8
DONATI (BEYKENT)
100
AcDbPolyline
 90
        2
 70
     0
 43
0.0
 10
5197.265105795533
 20
1572.710092716537
 10
5367.265301298768
 20
1572.710092716537
1001
sta4cad App2
1004
0A
1071
      141
1070
     0
1070
     0
1070
     0
  0
LWPOLYLINE
  5
E10
330
1F
100
AcDbEntity
  8
DONATI (BEYKENT)
100
AcDbPolyline
 90
        2
 70
     0
 43
0.0
 10
5186.23431449437
 20
1533.204422347807
 10
5186.23431449437
 20
1662.204370849394
1001
sta4cad App2
1004
0A
1071
      142
1070
     0
1070
     0
1070
     0
  0
LWPOLYLINE
  5
E11
330
1F
100
AcDbEntity
  8
DONATI (BEYKENT)
100
AcDbPolyline
 90
        3
 70
     0
 43
0.0
 10
5161.846338030718
 20
1752.191291206145
 10
5161.846338030718
 20
1533.191309325957
 10
5176.846442934893
 20
1533.203230254912
1001
sta4cad App2
1004
0A
1071
      143
1070
     0
1070
     0
1070
     0
  0
LWPOLYLINE
  5
E12
330
1F
100
AcDbEntity
  8
DONATI (BEYKENT)
100
AcDbPolyline
 90
        2
 70
     0
 43
0.0
 10
5273.329275202424
 20
1554.531061164576
 10
5568.329053473146
 20
1554.531061164576
1001
sta4cad App2
1004
0A
1071
      144
1070
     0
1070
     0
1070
     0
  0
LWPOLYLINE
  5
E13
330
1F
100
AcDbEntity
  8
DONATI (BEYKENT)
100
AcDbPolyline
 90
        2
 70
     0
 43
0.0
 10
5546.336927485139
 20
1329.741263973984
 10
6079.837339472444
 20
1329.741263973984
1001
sta4cad App2
1004
0A
1071
      147
1070
     0
1070
     0
1070
     0
  0
LWPOLYLINE
  5
E14
330
1F
100
AcDbEntity
  8
DONATI (BEYKENT)
100
AcDbPolyline
 90
        7
 70
     0
 43
0.0
 10
5546.265401911409
 20
1349.741304505143
 10
5546.25318295923
 20
1364.741111386094
 10
5690.628247809083
 20
1364.741111386094
 10
5701.239066671998
 20
1354.138935196671
 10
5912.763434004457
 20
1354.143405545029
 10
5923.378425192506
 20
1364.741111386094
 10
6204.735599217598
 20
1364.741111386094
1001
sta4cad App2
1004
0A
1071
      148
1070
     0
1070
     0
1070
     0
  0
LWPOLYLINE
  5
E15
330
1F
100
AcDbEntity
  8
DONATI (BEYKENT)
100
AcDbPolyline
 90
        2
 70
     0
 43
0.0
 10
5922.501634180091
 20
1387.425598182926
 10
6205.04961768015
 20
1387.425598182926
1001
sta4cad App2
1004
0A
1071
      149
1070
     0
1070
     0
1070
     0
  0
LWPOLYLINE
  5
E16
330
1F
100
AcDbEntity
  8
DONATI (BEYKENT)
100
AcDbPolyline
 90
        2
 70
     0
 43
0.0
 10
5896.434259991522
 20
1163.204119556212
 10
5896.434259991522
 20
1662.204370849394
1001
sta4cad App2
1004
0A
1071
      150
1070
     0
1070
     0
1070
     0
  0
LWPOLYLINE
  5
E17
330
1F
100
AcDbEntity
  8
DONATI (BEYKENT)
100
AcDbPolyline
 90
        6
 70
     0
 43
0.0
 10
5861.434412579413
 20
1123.120293967986
 10
5861.434412579413
 20
1302.870617263579
 10
5872.036588768835
 20
1313.481436126494
 10
5872.032416443701
 20
1511.755392902159
 10
5861.434412579413
 20
1522.370682113432
 10
5861.434412579413
 20
1752.120659702086
1001
sta4cad App2
1004
0A
1071
      151
1070
     0
1070
     0
1070
     0
  0
LWPOLYLINE
  5
E18
330
1F
100
AcDbEntity
  8
DONATI (BEYKENT)
100
AcDbPolyline
 90
        3
 70
     0
 43
0.0
 10
5864.375110944759
 20
1033.211902730727
 10
5849.375110944759
 20
1033.211902730727
 10
5849.375110944744
 20
1310.298846118712
1001
sta4cad App2
1004
0A
1071
      152
1070
     0
1070
     0
1070
     0
  0
LWPOLYLINE
  5
E19
330
1F
100
AcDbEntity
  8
DONATI (BEYKENT)
100
AcDbPolyline
 90
        2
 70
     0
 43
0.0
 10
6045.829015326173
 20
1340.744141754555
 10
6579.329427313478
 20
1340.744141754555
1001
sta4cad App2
1004
0A
1071
      153
1070
     0
1070
     0
1070
     0
  0
LWPOLYLINE
  5
E1A
330
1F
100
AcDbEntity
  8
DONATI (BEYKENT)
100
AcDbPolyline
 90
        7
 70
     0
 43
0.0
 10
5922.870295595796
 20
1375.743989166665
 10
6202.120738577516
 20
1375.743989166665
 10
6212.731557440431
 20
1365.141514954018
 10
6424.255626749665
 20
1365.145687279152
 10
6434.870617937715
 20
1375.743989166665
 10
6579.245682787568
 20
1375.743989166665
 10
6579.257901739747
 20
1360.74388426249
1001
sta4cad App2
1004
0A
1071
      154
1070
     0
1070
     0
1070
     0
  0
LWPOLYLINE
  5
E1B
330
1F
100
AcDbEntity
  8
DONATI (BEYKENT)
100
AcDbPolyline
 90
        2
 70
     0
 43
0.0
 10
6504.13642398886
 20
1163.204119556212
 10
6504.13642398886
 20
1662.204370849394
1001
sta4cad App2
1004
0A
1071
      155
1070
     0
1070
     0
1070
     0
  0
LWPOLYLINE
  5
E1C
330
1F
100
AcDbEntity
  8
DONATI (BEYKENT)
100
AcDbPolyline
 90
        6
 70
     0
 43
0.0
 10
6469.136576576751
 20
1123.120293967986
 10
6469.136576576751
 20
1302.870617263579
 10
6479.738752766174
 20
1313.481436126494
 10
6479.734580441039
 20
1511.755392902159
 10
6469.136576576751
 20
1522.370682113432
 10
6469.136576576751
 20
1752.120659702086
1001
sta4cad App2
1004
0A
1071
      156
1070
     0
1070
     0
1070
     0
  0
LWPOLYLINE
  5
E1D
330
1F
100
AcDbEntity
  8
DONATI (BEYKENT)
100
AcDbPolyline
 90
        3
 70
     0
 43
0.0
 10
6472.203627753039
 20
1033.211902730726
 10
6457.203627753038
 20
1033.211902730726
 10
6457.203627753083
 20
1306.757955874643
1001
sta4cad App2
1004
0A
1071
      157
1070
     0
1070
     0
1070
     0
  0
LWPOLYLINE
  5
E1E
330
1F
100
AcDbEntity
  8
DONATI (BEYKENT)
100
AcDbPolyline
 90
        2
 70
     0
 43
0.0
 10
6557.337003302247
 20
1547.712192886137
 10
6852.336781572969
 20
1547.712192886137
1001
sta4cad App2
1004
0A
1071
      158
1070
     0
1070
     0
1070
     0
  0
LWPOLYLINE
  5
E1F
330
1F
100
AcDbEntity
  8
DONATI (BEYKENT)
100
AcDbPolyline
 90
        2
 70
     0
 43
0.0
 10
6752.265053343446
 20
1570.239386285953
 10
6922.264950823457
 20
1570.239386285953
1001
sta4cad App2
1004
0A
1071
      159
1070
     0
1070
     0
1070
     0
  0
LWPOLYLINE
  5
E20
330
1F
100
AcDbEntity
  8
DONATI (BEYKENT)
100
AcDbPolyline
 90
        2
 70
     0
 43
0.0
 10
6828.329222750337
 20
1553.486079923582
 10
7123.329299044282
 20
1553.486079923582
1001
sta4cad App2
1004
0A
1071
      162
1070
     0
1070
     0
1070
     0
  0
LWPOLYLINE
  5
E21
330
1F
100
AcDbEntity
  8
DONATI (BEYKENT)
100
AcDbPolyline
 90
        2
 70
     0
 43
0.0
 10
7101.336875033052
 20
1329.741263973984
 10
7612.336533617646
 20
1329.741263973984
1001
sta4cad App2
1004
0A
1071
      165
1070
     0
1070
     0
1070
     0
  0
LWPOLYLINE
  5
E22
330
1F
100
AcDbEntity
  8
DONATI (BEYKENT)
100
AcDbPolyline
 90
        7
 70
     0
 43
0.0
 10
7101.265349459321
 20
1349.741304505143
 10
7101.253428530366
 20
1364.741111386094
 10
7242.503421854646
 20
1364.741111386094
 10
7253.114240717561
 20
1354.138935196671
 10
7458.387868952424
 20
1354.143405545029
 10
7469.002860140474
 20
1364.741111386094
 10
7814.752715181978
 20
1364.741111386094
1001
sta4cad App2
1004
0A
1071
      166
1070
     0
1070
     0
1070
     0
  0
LWPOLYLINE
  5
E23
330
1F
100
AcDbEntity
  8
DONATI (BEYKENT)
100
AcDbPolyline
 90
        2
 70
     0
 43
0.0
 10
7465.99498756848
 20
1387.139541865566
 10
7814.681189608247
 20
1387.139541865566
1001
sta4cad App2
1004
0A
1071
      167
1070
     0
1070
     0
1070
     0
  0
LWPOLYLINE
  5
E24
330
1F
100
AcDbEntity
  8
DONATI (BEYKENT)
100
AcDbPolyline
 90
        2
 70
     0
 43
0.0
 10
7446.865474078816
 20
1163.204119556212
 10
7446.865474078816
 20
1662.204370849394
1001
sta4cad App2
1004
0A
1071
      168
1070
     0
1070
     0
1070
     0
  0
LWPOLYLINE
  5
E25
330
1F
100
AcDbEntity
  8
DONATI (BEYKENT)
100
AcDbPolyline
 90
        6
 70
     0
 43
0.0
 10
7411.865626666706
 20
1123.120293967986
 10
7411.865626666706
 20
1302.870617263579
 10
7422.468100879353
 20
1313.481436126494
 10
7422.463928554218
 20
1511.755392902159
 10
7411.865626666706
 20
1522.370682113432
 10
7411.865626666706
 20
1752.120659702086
1001
sta4cad App2
1004
0A
1071
      169
1070
     0
1070
     0
1070
     0
  0
LWPOLYLINE
  5
E26
330
1F
100
AcDbEntity
  8
DONATI (BEYKENT)
100
AcDbPolyline
 90
        3
 70
     0
 43
0.0
 10
7412.293648136397
 20
1033.211902730727
 10
7397.293648136397
 20
1033.211902730727
 10
7397.293648136325
 20
1310.298846118712
1001
sta4cad App2
1004
0A
1071
      170
1070
     0
1070
     0
1070
     0
  0
LWPOLYLINE
  5
E27
330
1F
100
AcDbEntity
  8
DONATI (BEYKENT)
100
AcDbPolyline
 90
        2
 70
     0
 43
0.0
 10
7588.328378748567
 20
1340.817756048279
 10
8422.328489374788
 20
1340.817756048279
1001
sta4cad App2
1004
0A
1071
      171
1070
     0
1070
     0
1070
     0
  0
LWPOLYLINE
  5
E28
330
1F
100
AcDbEntity
  8
DONATI (BEYKENT)
100
AcDbPolyline
 90
        7
 70
     0
 43
0.0
 10
7465.995209765107
 20
1375.817603460389
 10
7811.744468760164
 20
1375.817603460389
 10
7822.355287623079
 20
1365.215129247742
 10
8188.129919123323
 20
1365.219301572877
 10
8198.744910311372
 20
1375.817603460389
 10
8422.245042872102
 20
1375.817603460389
 10
8422.256963801057
 20
1360.817498556214
1001
sta4cad App2
1004
0A
1071
      172
1070
     0
1070
     0
1070
     0
  0
LWPOLYLINE
  5
E29
330
1F
100
AcDbEntity
  8
DONATI (BEYKENT)
100
AcDbPolyline
 90
        2
 70
     0
 43
0.0
 10
8163.099438557237
 20
1163.204119556212
 10
8163.099438557237
 20
1662.204370849394
1001
sta4cad App2
1004
0A
1071
      173
1070
     0
1070
     0
1070
     0
  0
LWPOLYLINE
  5
E2A
330
1F
100
AcDbEntity
  8
DONATI (BEYKENT)
100
AcDbPolyline
 90
        6
 70
     0
 43
0.0
 10
8128.099591145128
 20
1123.120293967986
 10
8128.099591145128
 20
1302.870617263579
 10
8138.702065357774
 20
1313.481436126494
 10
8138.69789303264
 20
1511.755392902159
 10
8128.099591145128
 20
1522.370682113432
 10
8128.099591145128
 20
1752.120659702086
1001
sta4cad App2
1004
0A
1071
      174
1070
     0
1070
     0
1070
     0
  0
LWPOLYLINE
  5
E2B
330
1F
100
AcDbEntity
  8
DONATI (BEYKENT)
100
AcDbPolyline
 90
        3
 70
     0
 43
0.0
 10
8131.078705648102
 20
1033.211902730726
 10
8116.078705648103
 20
1033.211902730726
 10
8116.078705648146
 20
1310.298846118712
1001
sta4cad App2
1004
0A
1071
      175
1070
     0
1070
     0
1070
     0
  0
LWPOLYLINE
  5
E2C
330
1F
100
AcDbEntity
  8
DONATI (BEYKENT)
100
AcDbPolyline
 90
        2
 70
     0
 43
0.0
 10
2833.336921882303
 20
1076.878712528014
 10
3467.336850714357
 20
1076.878712528014
1001
sta4cad App2
1004
0A
1071
      176
1070
     0
1070
     0
1070
     0
  0
LWPOLYLINE
  5
E2D
330
1F
100
AcDbEntity
  8
DONATI (BEYKENT)
100
AcDbPolyline
 90
        3
 70
     0
 43
0.0
 10
2833.26524729696
 20
1089.076335075551
 10
2833.26524729696
 20
1104.076439979726
 10
3010.344210031526
 20
1104.076439979726
1001
sta4cad App2
1004
0A
1071
      177
1070
     0
1070
     0
1070
     0
  0
LWPOLYLINE
  5
E2E
330
1F
100
AcDbEntity
  8
DONATI (BEYKENT)
100
AcDbPolyline
 90
        2
 70
     0
 43
0.0
 10
3290.397132352835
 20
1104.076439979726
 10
3603.719132687806
 20
1104.076439979726
1001
sta4cad App2
1004
0A
1071
      178
1070
     0
1070
     0
1070
     0
  0
LWPOLYLINE
  5
E2F
330
1F
100
AcDbEntity
  8
DONATI (BEYKENT)
100
AcDbPolyline
 90
        2
 70
     0
 43
0.0
 10
3269.376619696163
 20
1033.211902730727
 10
3269.376619696163
 20
1187.211976402068
1001
sta4cad App2
1004
0A
1071
      179
1070
     0
1070
     0
1070
     0
  0
LWPOLYLINE
  5
E30
330
1F
100
AcDbEntity
  8
DONATI (BEYKENT)
100
AcDbPolyline
 90
        2
 70
     0
 43
0.0
 10
3443.329142880113
 20
1084.352433777887
 10
4012.329238009126
 20
1084.352433777887
1001
sta4cad App2
1004
0A
1071
      180
1070
     0
1070
     0
1070
     0
  0
LWPOLYLINE
  5
E31
330
1F
100
AcDbEntity
  8
DONATI (BEYKENT)
100
AcDbPolyline
 90
        2
 70
     0
 43
0.0
 10
3853.144686691314
 20
1104.076439979726
 10
4145.485951666629
 20
1104.076439979726
1001
sta4cad App2
1004
0A
1071
      181
1070
     0
1070
     0
1070
     0
  0
LWPOLYLINE
  5
E32
330
1F
100
AcDbEntity
  8
DONATI (BEYKENT)
100
AcDbPolyline
 90
        2
 70
     0
 43
0.0
 10
3659.268044380133
 20
1033.211902730727
 10
3659.268044380133
 20
1187.211976402068
1001
sta4cad App2
1004
0A
1071
      182
1070
     0
1070
     0
1070
     0
  0
LWPOLYLINE
  5
E33
330
1F
100
AcDbEntity
  8
DONATI (BEYKENT)
100
AcDbPolyline
 90
        2
 70
     0
 43
0.0
 10
3988.336878370912
 20
1076.878712528014
 10
4537.336783957155
 20
1076.878712528014
1001
sta4cad App2
1004
0A
1071
      184
1070
     0
1070
     0
1070
     0
  0
LWPOLYLINE
  5
E34
330
1F
100
AcDbEntity
  8
DONATI (BEYKENT)
100
AcDbPolyline
 90
        2
 70
     0
 43
0.0
 10
4385.509069727119
 20
1104.076439979726
 10
4727.367448259054
 20
1104.076439979726
1001
sta4cad App2
1004
0A
1071
      185
1070
     0
1070
     0
1070
     0
  0
LWPOLYLINE
  5
E35
330
1F
100
AcDbEntity
  8
DONATI (BEYKENT)
100
AcDbPolyline
 90
        2
 70
     0
 43
0.0
 10
4513.329225134523
 20
1084.352433777887
 10
5297.329085421235
 20
1084.352433777887
1001
sta4cad App2
1004
0A
1071
      188
1070
     0
1070
     0
1070
     0
  0
LWPOLYLINE
  5
E36
330
1F
100
AcDbEntity
  8
DONATI (BEYKENT)
100
AcDbPolyline
 90
        2
 70
     0
 43
0.0
 10
5089.435469659536
 20
1104.076439979726
 10
5484.619839581628
 20
1104.076439979726
1001
sta4cad App2
1004
0A
1071
      189
1070
     0
1070
     0
1070
     0
  0
LWPOLYLINE
  5
E37
330
1F
100
AcDbEntity
  8
DONATI (BEYKENT)
100
AcDbPolyline
 90
        2
 70
     0
 43
0.0
 10
4883.356690156168
 20
1033.211902730727
 10
4883.356690156168
 20
1187.211976402068
1001
sta4cad App2
1004
0A
1071
      190
1070
     0
1070
     0
1070
     0
  0
LWPOLYLINE
  5
E38
330
1F
100
AcDbEntity
  8
DONATI (BEYKENT)
100
AcDbPolyline
 90
        2
 70
     0
 43
0.0
 10
5273.337023806245
 20
1076.878712528014
 10
6079.837339472444
 20
1076.878712528014
1001
sta4cad App2
1004
0A
1071
      191
1070
     0
1070
     0
1070
     0
  0
LWPOLYLINE
  5
E39
330
1F
100
AcDbEntity
  8
DONATI (BEYKENT)
100
AcDbPolyline
 90
        2
 70
     0
 43
0.0
 10
5858.118536070771
 20
1104.076439979726
 10
6266.634403840431
 20
1104.076439979726
1001
sta4cad App2
1004
0A
1071
      192
1070
     0
1070
     0
1070
     0
  0
LWPOLYLINE
  5
E3A
330
1F
100
AcDbEntity
  8
DONATI (BEYKENT)
100
AcDbPolyline
 90
        2
 70
     0
 43
0.0
 10
5890.274801634962
 20
1033.211902730727
 10
5890.274801634962
 20
1187.211976402068
1001
sta4cad App2
1004
0A
1071
      193
1070
     0
1070
     0
1070
     0
  0
LWPOLYLINE
  5
E3B
330
1F
100
AcDbEntity
  8
DONATI (BEYKENT)
100
AcDbPolyline
 90
        2
 70
     0
 43
0.0
 10
6045.829015326173
 20
1084.352433777887
 10
6852.329032969148
 20
1084.352433777887
1001
sta4cad App2
1004
0A
1071
      194
1070
     0
1070
     0
1070
     0
  0
LWPOLYLINE
  5
E3C
330
1F
100
AcDbEntity
  8
DONATI (BEYKENT)
100
AcDbPolyline
 90
        2
 70
     0
 43
0.0
 10
6640.143948803215
 20
1104.076439979726
 10
7037.232970357258
 20
1104.076439979726
1001
sta4cad App2
1004
0A
1071
      195
1070
     0
1070
     0
1070
     0
  0
LWPOLYLINE
  5
E3D
330
1F
100
AcDbEntity
  8
DONATI (BEYKENT)
100
AcDbPolyline
 90
        2
 70
     0
 43
0.0
 10
6497.576200901424
 20
1033.211902730727
 10
6497.576200901424
 20
1187.211976402068
1001
sta4cad App2
1004
0A
1071
      196
1070
     0
1070
     0
1070
     0
  0
LWPOLYLINE
  5
E3E
330
1F
100
AcDbEntity
  8
DONATI (BEYKENT)
100
AcDbPolyline
 90
        2
 70
     0
 43
0.0
 10
6828.336971354158
 20
1076.878712528014
 10
7612.336533617646
 20
1076.878712528014
1001
sta4cad App2
1004
0A
1071
      197
1070
     0
1070
     0
1070
     0
  0
LWPOLYLINE
  5
E3F
330
1F
100
AcDbEntity
  8
DONATI (BEYKENT)
100
AcDbPolyline
 90
        2
 70
     0
 43
0.0
 10
7401.195858491785
 20
1104.076439979726
 10
7809.711938976626
 20
1104.076439979726
1001
sta4cad App2
1004
0A
1071
      198
1070
     0
1070
     0
1070
     0
  0
LWPOLYLINE
  5
E40
330
1F
100
AcDbEntity
  8
DONATI (BEYKENT)
100
AcDbPolyline
 90
        2
 70
     0
 43
0.0
 10
7441.114556255704
 20
1033.211902730727
 10
7441.114556255704
 20
1187.211976402068
1001
sta4cad App2
1004
0A
1071
      199
1070
     0
1070
     0
1070
     0
  0
LWPOLYLINE
  5
E41
330
1F
100
AcDbEntity
  8
DONATI (BEYKENT)
100
AcDbPolyline
 90
        2
 70
     0
 43
0.0
 10
7588.328378748567
 20
1084.352433777887
 10
8422.328489374788
 20
1084.352433777887
1001
sta4cad App2
1004
0A
1071
      200
1070
     0
1070
     0
1070
     0
  0
LWPOLYLINE
  5
E42
330
1F
100
AcDbEntity
  8
DONATI (BEYKENT)
100
AcDbPolyline
 90
        3
 70
     0
 43
0.0
 10
8201.286957894652
 20
1104.076439979726
 10
8422.256963801057
 20
1104.076439979726
 10
8422.256963801057
 20
1089.076633098775
1001
sta4cad App2
1004
0A
1071
      201
1070
     0
1070
     0
1070
     0
  0
LWPOLYLINE
  5
E43
330
1F
100
AcDbEntity
  8
DONATI (BEYKENT)
100
AcDbPolyline
 90
        2
 70
     0
 43
0.0
 10
8156.289624618029
 20
1033.211902730727
 10
8156.289624618029
 20
1187.211976402068
1001
sta4cad App2
1004
0A
1071
      202
1070
     0
1070
     0
1070
     0
  0
LWPOLYLINE
  5
E44
330
1F
100
AcDbEntity
  8
DONATI (BEYKENT)
100
AcDbPolyline
 90
        2
 70
     0
 43
0.0
 10
3692.33693416086
 20
1347.652649321498
 10
3882.33687884775
 20
1347.652649321498
1001
sta4cad App2
1004
0A
1071
      203
1070
     0
1070
     0
1070
     0
  0
LWPOLYLINE
  5
E45
330
1F
100
AcDbEntity
  8
DONATI (BEYKENT)
100
AcDbPolyline
 90
        3
 70
     0
 43
0.0
 10
3623.823779177339
 20
1397.02826850146
 10
3882.323765825899
 20
1397.028566524684
 10
3882.335686754854
 20
1382.028759643733
1001
sta4cad App2
1004
0A
1071
      204
1070
     0
1070
     0
1070
     0
  0
LWPOLYLINE
  5
E46
330
1F
100
AcDbEntity
  8
DONATI (BEYKENT)
100
AcDbPolyline
 90
        2
 70
     0
 43
0.0
 10
3866.878641640444
 20
1293.20423399713
 10
3866.878641640444
 20
1662.204370849394
1001
sta4cad App2
1004
0A
1071
      205
1070
     0
1070
     0
1070
     0
  0
LWPOLYLINE
  5
E47
330
1F
100
AcDbEntity
  8
DONATI (BEYKENT)
100
AcDbPolyline
 90
        3
 70
     0
 43
0.0
 10
3844.202171434383
 20
1752.191291206145
 10
3844.202171434383
 20
1293.191418998503
 10
3859.202127326946
 20
1293.203339927458
1001
sta4cad App2
1004
0A
1071
      206
1070
     0
1070
     0
1070
     0
  0
LWPOLYLINE
  5
E48
330
1F
100
AcDbEntity
  8
DONATI (BEYKENT)
100
AcDbPolyline
 90
        2
 70
     0
 43
0.0
 10
3949.545191015652
 20
1533.204422347807
 10
3949.545191015652
 20
1662.204370849394
1001
sta4cad App2
1004
0A
1071
      207
1070
     0
1070
     0
1070
     0
  0
LWPOLYLINE
  5
E49
330
1F
100
AcDbEntity
  8
DONATI (BEYKENT)
100
AcDbPolyline
 90
        3
 70
     0
 43
0.0
 10
3898.40360219446
 20
1752.200116381027
 10
3898.40360219446
 20
1533.191309325957
 10
3913.403558087022
 20
1533.203230254912
1001
sta4cad App2
1004
0A
1071
      208
1070
     0
1070
     0
1070
     0
  0
TEXT
  5
E4A
330
1F
100
AcDbEntity
  8
KIRIS ISMI (BEYKENT)
100
AcDbText
 10
2885.236921262415
 20
2003.961906783843
 30
0.0
 40
12.5
  1
(30/60)
  7
YAZI (BEYKENT)
100
AcDbText
1001
sta4cad App2
1004
02
1071
      144
1071
        0
1004
00
1071
        0
1071
        0
1070
     0
1070
     0
  0
TEXT
  5
E4B
330
1F
100
AcDbEntity
  8
KIRIS ISMI (BEYKENT)
100
AcDbText
 10
2885.236921262415
 20
2030.212090366148
 30
0.0
 40
12.5
  1
K1-01
  7
YAZI (BEYKENT)
100
AcDbText
1001
sta4cad App2
1004
02
1071
      144
1071
        0
1004
00
1071
        0
1071
        0
1070
     0
1070
     0
  0
TEXT
  5
E4C
330
1F
100
AcDbEntity
  8
KIRIS ISMI (BEYKENT)
100
AcDbText
 10
3495.236890864046
 20
2003.961906783843
 30
0.0
 40
12.5
  1
K1-02  (30/60)
  7
YAZI (BEYKENT)
100
AcDbText
1001
sta4cad App2
1004
02
1071
      145
1071
        0
1004
00
1071
        0
1071
        0
1070
     0
1070
     0
  0
TEXT
  5
E4D
330
1F
100
AcDbEntity
  8
KIRIS ISMI (BEYKENT)
100
AcDbText
 10
4040.237026762635
 20
2003.961906783843
 30
0.0
 40
12.5
  1
K1-03  (30/60)
  7
YAZI (BEYKENT)
100
AcDbText
1001
sta4cad App2
1004
02
1071
      146
1071
        0
1004
00
1071
        0
1071
        0
1070
     0
1070
     0
  0
TEXT
  5
E4E
330
1F
100
AcDbEntity
  8
KIRIS ISMI (BEYKENT)
100
AcDbText
 10
4565.236824106843
 20
2003.961906783843
 30
0.0
 40
12.5
  1
K1-04  (30/60)
  7
YAZI (BEYKENT)
100
AcDbText
1001
sta4cad App2
1004
02
1071
      147
1071
        0
1004
00
1071
        0
1071
        0
1070
     0
1070
     0
  0
TEXT
  5
E4F
330
1F
100
AcDbEntity
  8
KIRIS ISMI (BEYKENT)
100
AcDbText
 10
5325.236874174745
 20
2003.961906783843
 30
0.0
 40
12.5
  1
K1-05  (30/60)
  7
YAZI (BEYKENT)
100
AcDbText
1001
sta4cad App2
1004
02
1071
      148
1071
        0
1004
00
1071
        0
1071
        0
1070
     0
1070
     0
  0
TEXT
  5
E50
330
1F
100
AcDbEntity
  8
KIRIS ISMI (BEYKENT)
100
AcDbText
 10
6107.837515425355
 20
2003.961906783843
 30
0.0
 40
12.5
  1
K1-06  (30/60)
  7
YAZI (BEYKENT)
100
AcDbText
1001
sta4cad App2
1004
02
1071
      149
1071
        0
1004
00
1071
        0
1071
        0
1070
     0
1070
     0
  0
TEXT
  5
E51
330
1F
100
AcDbEntity
  8
KIRIS ISMI (BEYKENT)
100
AcDbText
 10
6880.436795305879
 20
2003.961906783843
 30
0.0
 40
12.5
  1
K1-07  (30/60)
  7
YAZI (BEYKENT)
100
AcDbText
1001
sta4cad App2
1004
02
1071
      150
1071
        0
1004
00
1071
        0
1071
        0
1070
     0
1070
     0
  0
TEXT
  5
E52
330
1F
100
AcDbEntity
  8
KIRIS ISMI (BEYKENT)
100
AcDbText
 10
7640.435951304109
 20
2003.961906783843
 30
0.0
 40
12.5
  1
K1-08  (30/60)
  7
YAZI (BEYKENT)
100
AcDbText
1001
sta4cad App2
1004
02
1071
      151
1071
        0
1004
00
1071
        0
1071
        0
1070
     0
1070
     0
  0
TEXT
  5
E53
330
1F
100
AcDbEntity
  8
KIRIS ISMI (BEYKENT)
100
AcDbText
 10
2885.236921262415
 20
1643.962071292662
 30
0.0
 40
12.5
  1
K1-09  (30/60)
  7
YAZI (BEYKENT)
100
AcDbText
1001
sta4cad App2
1004
02
1071
      152
1071
        0
1004
00
1071
        0
1071
        0
1070
     0
1070
     0
  0
TEXT
  5
E54
330
1F
100
AcDbEntity
  8
KIRIS ISMI (BEYKENT)
100
AcDbText
 10
3495.236890864046
 20
1643.962071292662
 30
0.0
 40
12.5
  1
K1-10  (30/60)
  7
YAZI (BEYKENT)
100
AcDbText
1001
sta4cad App2
1004
02
1071
      153
1071
        0
1004
00
1071
        0
1071
        0
1070
     0
1070
     0
  0
TEXT
  5
E55
330
1F
100
AcDbEntity
  8
KIRIS ISMI (BEYKENT)
100
AcDbText
 10
4040.237026762635
 20
1643.962071292662
 30
0.0
 40
12.5
  1
K1-11  (30/60)
  7
YAZI (BEYKENT)
100
AcDbText
1001
sta4cad App2
1004
02
1071
      155
1071
        0
1004
00
1071
        0
1071
        0
1070
     0
1070
     0
  0
TEXT
  5
E56
330
1F
100
AcDbEntity
  8
KIRIS ISMI (BEYKENT)
100
AcDbText
 10
4565.236824106843
 20
1643.962071292662
 30
0.0
 40
12.5
  1
K1-12  (30/60)
  7
YAZI (BEYKENT)
100
AcDbText
1001
sta4cad App2
1004
02
1071
      157
1071
        0
1004
00
1071
        0
1071
        0
1070
     0
1070
     0
  0
TEXT
  5
E57
330
1F
100
AcDbEntity
  8
KIRIS ISMI (BEYKENT)
100
AcDbText
 10
5325.236874174745
 20
1643.962071292662
 30
0.0
 40
12.5
  1
K1-13  (30/60)
  7
YAZI (BEYKENT)
100
AcDbText
1001
sta4cad App2
1004
02
1071
      159
1071
        0
1004
00
1071
        0
1071
        0
1070
     0
1070
     0
  0
TEXT
  5
E58
330
1F
100
AcDbEntity
  8
KIRIS ISMI (BEYKENT)
100
AcDbText
 10
6107.837515425355
 20
1643.962071292662
 30
0.0
 40
12.5
  1
K1-14  (30/60)
  7
YAZI (BEYKENT)
100
AcDbText
1001
sta4cad App2
1004
02
1071
      161
1071
        0
1004
00
1071
        0
1071
        0
1070
     0
1070
     0
  0
TEXT
  5
E59
330
1F
100
AcDbEntity
  8
KIRIS ISMI (BEYKENT)
100
AcDbText
 10
6880.436795305879
 20
1643.962071292662
 30
0.0
 40
12.5
  1
K1-15  (30/60)
  7
YAZI (BEYKENT)
100
AcDbText
1001
sta4cad App2
1004
02
1071
      163
1071
        0
1004
00
1071
        0
1071
        0
1070
     0
1070
     0
  0
TEXT
  5
E5A
330
1F
100
AcDbEntity
  8
KIRIS ISMI (BEYKENT)
100
AcDbText
 10
7640.435951304109
 20
1643.962071292662
 30
0.0
 40
12.5
  1
K1-16  (30/60)
  7
YAZI (BEYKENT)
100
AcDbText
1001
sta4cad App2
1004
02
1071
      165
1071
        0
1004
00
1071
        0
1071
        0
1070
     0
1070
     0
  0
TEXT
  5
E5B
330
1F
100
AcDbEntity
  8
KIRIS ISMI (BEYKENT)
100
AcDbText
 10
2895.236941527994
 20
1168.962226264739
 30
0.0
 40
12.5
  1
K1-17  (30/60)
  7
YAZI (BEYKENT)
100
AcDbText
1001
sta4cad App2
1004
02
1071
      166
1071
        0
1004
00
1071
        0
1071
        0
1070
     0
1070
     0
  0
TEXT
  5
E5C
330
1F
100
AcDbEntity
  8
KIRIS ISMI (BEYKENT)
100
AcDbText
 10
3495.336877655657
 20
1168.962226264739
 30
0.0
 40
12.5
  1
K1-18  (30/60)
  7
YAZI (BEYKENT)
100
AcDbText
1001
sta4cad App2
1004
02
1071
      167
1071
        0
1004
00
1071
        0
1071
        0
1070
     0
1070
     0
  0
TEXT
  5
E5D
330
1F
100
AcDbEntity
  8
KIRIS ISMI (BEYKENT)
100
AcDbText
 10
4039.929156971873
 20
1168.962226264739
 30
0.0
 40
12.5
  1
K1-19  (30/60)
  7
YAZI (BEYKENT)
100
AcDbText
1001
sta4cad App2
1004
02
1071
      169
1071
        0
1004
00
1071
        0
1071
        0
1070
     0
1070
     0
  0
TEXT
  5
E5E
330
1F
100
AcDbEntity
  8
KIRIS ISMI (BEYKENT)
100
AcDbText
 10
4575.336831164033
 20
1168.962226264739
 30
0.0
 40
12.5
  1
K1-20  (30/60)
  7
YAZI (BEYKENT)
100
AcDbText
1001
sta4cad App2
1004
02
1071
      171
1071
        0
1004
00
1071
        0
1071
        0
1070
     0
1070
     0
  0
TEXT
  5
E5F
330
1F
100
AcDbEntity
  8
KIRIS ISMI (BEYKENT)
100
AcDbText
 10
5395.337300848634
 20
1168.962226264739
 30
0.0
 40
12.5
  1
K1-21  (30/60)
  7
YAZI (BEYKENT)
100
AcDbText
1001
sta4cad App2
1004
02
1071
      173
1071
        0
1004
00
1071
        0
1071
        0
1070
     0
1070
     0
  0
TEXT
  5
E60
330
1F
100
AcDbEntity
  8
KIRIS ISMI (BEYKENT)
100
AcDbText
 10
6112.836855005891
 20
1168.962226264739
 30
0.0
 40
12.5
  1
K1-22  (30/60)
  7
YAZI (BEYKENT)
100
AcDbText
1001
sta4cad App2
1004
02
1071
      175
1071
        0
1004
00
1071
        0
1071
        0
1070
     0
1070
     0
  0
TEXT
  5
E61
330
1F
100
AcDbEntity
  8
KIRIS ISMI (BEYKENT)
100
AcDbText
 10
6960.33682162729
 20
1168.962226264739
 30
0.0
 40
12.5
  1
K1-23  (30/60)
  7
YAZI (BEYKENT)
100
AcDbText
1001
sta4cad App2
1004
02
1071
      177
1071
        0
1004
00
1071
        0
1071
        0
1070
     0
1070
     0
  0
TEXT
  5
E62
330
1F
100
AcDbEntity
  8
KIRIS ISMI (BEYKENT)
100
AcDbText
 10
7780.336993288667
 20
1168.962226264739
 30
0.0
 40
12.5
  1
K1-24  (30/60)
  7
YAZI (BEYKENT)
100
AcDbText
1001
sta4cad App2
1004
02
1071
      179
1071
        0
1004
00
1071
        0
1071
        0
1070
     0
1070
     0
  0
TEXT
  5
E63
330
1F
100
AcDbEntity
  8
KIRIS ISMI (BEYKENT)
100
AcDbText
 10
2885.336908054025
 20
1038.961962812209
 30
0.0
 40
12.5
  1
K1-25  (30/60)
  7
YAZI (BEYKENT)
100
AcDbText
1001
sta4cad App2
1004
02
1071
      180
1071
        0
1004
00
1071
        0
1071
        0
1070
     0
1070
     0
  0
TEXT
  5
E64
330
1F
100
AcDbEntity
  8
KIRIS ISMI (BEYKENT)
100
AcDbText
 10
3495.336877655657
 20
1038.961962812209
 30
0.0
 40
12.5
  1
K1-26  (30/60)
  7
YAZI (BEYKENT)
100
AcDbText
1001
sta4cad App2
1004
02
1071
      181
1071
        0
1004
00
1071
        0
1071
        0
1070
     0
1070
     0
  0
TEXT
  5
E65
330
1F
100
AcDbEntity
  8
KIRIS ISMI (BEYKENT)
100
AcDbText
 10
4040.337013554246
 20
1038.961962812209
 30
0.0
 40
12.5
  1
K1-27  (30/60)
  7
YAZI (BEYKENT)
100
AcDbText
1001
sta4cad App2
1004
02
1071
      182
1071
        0
1004
00
1071
        0
1071
        0
1070
     0
1070
     0
  0
TEXT
  5
E66
330
1F
100
AcDbEntity
  8
KIRIS ISMI (BEYKENT)
100
AcDbText
 10
4565.336661886842
 20
1038.961962812209
 30
0.0
 40
12.5
  1
K1-28  (30/60)
  7
YAZI (BEYKENT)
100
AcDbText
1001
sta4cad App2
1004
02
1071
      183
1071
        0
1004
00
1071
        0
1071
        0
1070
     0
1070
     0
  0
TEXT
  5
E67
330
1F
100
AcDbEntity
  8
KIRIS ISMI (BEYKENT)
100
AcDbText
 10
5325.336711954744
 20
1038.961962812209
 30
0.0
 40
12.5
  1
K1-29  (30/60)
  7
YAZI (BEYKENT)
100
AcDbText
1001
sta4cad App2
1004
02
1071
      184
1071
        0
1004
00
1071
        0
1071
        0
1070
     0
1070
     0
  0
TEXT
  5
E68
330
1F
100
AcDbEntity
  8
KIRIS ISMI (BEYKENT)
100
AcDbText
 10
6107.837515425355
 20
1038.961962812209
 30
0.0
 40
12.5
  1
K1-30  (30/60)
  7
YAZI (BEYKENT)
100
AcDbText
1001
sta4cad App2
1004
02
1071
      185
1071
        0
1004
00
1071
        0
1071
        0
1070
     0
1070
     0
  0
TEXT
  5
E69
330
1F
100
AcDbEntity
  8
KIRIS ISMI (BEYKENT)
100
AcDbText
 10
6880.336659502656
 20
1038.961962812209
 30
0.0
 40
12.5
  1
K1-31  (30/60)
  7
YAZI (BEYKENT)
100
AcDbText
1001
sta4cad App2
1004
02
1071
      186
1071
        0
1004
00
1071
        0
1071
        0
1070
     0
1070
     0
  0
TEXT
  5
E6A
330
1F
100
AcDbEntity
  8
KIRIS ISMI (BEYKENT)
100
AcDbText
 10
7640.335815500886
 20
1038.961962812209
 30
0.0
 40
12.5
  1
K1-32  (30/60)
  7
YAZI (BEYKENT)
100
AcDbText
1001
sta4cad App2
1004
02
1071
      187
1071
        0
1004
00
1071
        0
1071
        0
1070
     0
1070
     0
  0
TEXT
  5
E6B
330
1F
100
AcDbEntity
  8
KIRIS ISMI (BEYKENT)
100
AcDbText
 10
2851.591291379602
 20
1092.457876556181
 30
0.0
 40
12.5
  1
(30/60)
 50
90.0
  7
YAZI (BEYKENT)
100
AcDbText
1001
sta4cad App2
1004
02
1071
      188
1071
        0
1004
00
1071
        0
1071
        0
1070
     0
1070
     0
  0
TEXT
  5
E6C
330
1F
100
AcDbEntity
  8
KIRIS ISMI (BEYKENT)
100
AcDbText
 10
2825.341256808908
 20
1092.456386440062
 30
0.0
 40
12.5
  1
K1-33
 50
90.0
  7
YAZI (BEYKENT)
100
AcDbText
1001
sta4cad App2
1004
02
1071
      188
1071
        0
1004
00
1071
        0
1071
        0
1070
     0
1070
     0
  0
TEXT
  5
E6D
330
1F
100
AcDbEntity
  8
KIRIS ISMI (BEYKENT)
100
AcDbText
 10
2851.594346117647
 20
1489.435539596343
 30
0.0
 40
12.5
  1
K1-34  (30/60)
 50
90.0
  7
YAZI (BEYKENT)
100
AcDbText
1001
sta4cad App2
1004
02
1071
      189
1071
        0
1004
00
1071
        0
1071
        0
1070
     0
1070
     0
  0
TEXT
  5
E6E
330
1F
100
AcDbEntity
  8
KIRIS ISMI (BEYKENT)
100
AcDbText
 10
2851.594346117647
 20
1849.477992408537
 30
0.0
 40
12.5
  1
K1-35  (30/60)
 50
90.0
  7
YAZI (BEYKENT)
100
AcDbText
1001
sta4cad App2
1004
02
1071
      190
1071
        0
1004
00
1071
        0
1071
        0
1070
     0
1070
     0
  0
TEXT
  5
E6F
330
1F
100
AcDbEntity
  8
KIRIS ISMI (BEYKENT)
100
AcDbText
 10
3461.591260981233
 20
1092.457876556181
 30
0.0
 40
12.5
  1
(30/60)
 50
90.0
  7
YAZI (BEYKENT)
100
AcDbText
1001
sta4cad App2
1004
02
1071
      191
1071
        0
1004
00
1071
        0
1071
        0
1070
     0
1070
     0
  0
TEXT
  5
E70
330
1F
100
AcDbEntity
  8
KIRIS ISMI (BEYKENT)
100
AcDbText
 10
3435.341226410539
 20
1092.456386440062
 30
0.0
 40
12.5
  1
K1-36
 50
90.0
  7
YAZI (BEYKENT)
100
AcDbText
1001
sta4cad App2
1004
02
1071
      191
1071
        0
1004
00
1071
        0
1071
        0
1070
     0
1070
     0
  0
TEXT
  5
E71
330
1F
100
AcDbEntity
  8
KIRIS ISMI (BEYKENT)
100
AcDbText
 10
3461.594241213472
 20
1489.435539596343
 30
0.0
 40
12.5
  1
K1-37  (30/60)
 50
90.0
  7
YAZI (BEYKENT)
100
AcDbText
1001
sta4cad App2
1004
02
1071
      192
1071
        0
1004
00
1071
        0
1071
        0
1070
     0
1070
     0
  0
TEXT
  5
E72
330
1F
100
AcDbEntity
  8
KIRIS ISMI (BEYKENT)
100
AcDbText
 10
3461.594241213472
 20
1849.425838344359
 30
0.0
 40
12.5
  1
K1-38  (30/60)
 50
90.0
  7
YAZI (BEYKENT)
100
AcDbText
1001
sta4cad App2
1004
02
1071
      193
1071
        0
1004
00
1071
        0
1071
        0
1070
     0
1070
     0
  0
TEXT
  5
E73
330
1F
100
AcDbEntity
  8
KIRIS ISMI (BEYKENT)
100
AcDbText
 10
4006.591396879823
 20
1092.358038776183
 30
0.0
 40
12.5
  1
(30/60)
 50
90.0
  7
YAZI (BEYKENT)
100
AcDbText
1001
sta4cad App2
1004
02
1071
      194
1071
        0
1004
00
1071
        0
1071
        0
1070
     0
1070
     0
  0
TEXT
  5
E74
330
1F
100
AcDbEntity
  8
KIRIS ISMI (BEYKENT)
100
AcDbText
 10
3980.341362309129
 20
1092.356548660063
 30
0.0
 40
12.5
  1
K1-40
 50
90.0
  7
YAZI (BEYKENT)
100
AcDbText
1001
sta4cad App2
1004
02
1071
      194
1071
        0
1004
00
1071
        0
1071
        0
1070
     0
1070
     0
  0
TEXT
  5
E75
330
1F
100
AcDbEntity
  8
KIRIS ISMI (BEYKENT)
100
AcDbText
 10
4006.594377112062
 20
1489.477858894133
 30
0.0
 40
12.5
  1
K1-41  (30/60)
 50
90.0
  7
YAZI (BEYKENT)
100
AcDbText
1001
sta4cad App2
1004
02
1071
      195
1071
        0
1004
00
1071
        0
1071
        0
1070
     0
1070
     0
  0
TEXT
  5
E76
330
1F
100
AcDbEntity
  8
KIRIS ISMI (BEYKENT)
100
AcDbText
 10
4006.594377112062
 20
1849.430904739165
 30
0.0
 40
12.5
  1
K1-42  (30/60)
 50
90.0
  7
YAZI (BEYKENT)
100
AcDbText
1001
sta4cad App2
1004
02
1071
      196
1071
        0
1004
00
1071
        0
1071
        0
1070
     0
1070
     0
  0
TEXT
  5
E77
330
1F
100
AcDbEntity
  8
KIRIS ISMI (BEYKENT)
100
AcDbText
 10
4233.094411444337
 20
1519.393430106902
 30
0.0
 40
12.5
  1
K1-43  (25/60)
 50
90.0
  7
YAZI (BEYKENT)
100
AcDbText
1001
sta4cad App2
1004
02
1071
      197
1071
        0
1004
00
1071
        0
1071
        0
1070
     0
1070
     0
  0
TEXT
  5
E78
330
1F
100
AcDbEntity
  8
KIRIS ISMI (BEYKENT)
100
AcDbText
 10
4531.590896200807
 20
1092.358038776183
 30
0.0
 40
12.5
  1
(30/60)
 50
90.0
  7
YAZI (BEYKENT)
100
AcDbText
1001
sta4cad App2
1004
02
1071
      198
1071
        0
1004
00
1071
        0
1071
        0
1070
     0
1070
     0
  0
TEXT
  5
E79
330
1F
100
AcDbEntity
  8
KIRIS ISMI (BEYKENT)
100
AcDbText
 10
4505.341010641725
 20
1092.356548660063
 30
0.0
 40
12.5
  1
K1-44
 50
90.0
  7
YAZI (BEYKENT)
100
AcDbText
1001
sta4cad App2
1004
02
1071
      198
1071
        0
1004
00
1071
        0
1071
        0
1070
     0
1070
     0
  0
TEXT
  5
E7A
330
1F
100
AcDbEntity
  8
KIRIS ISMI (BEYKENT)
100
AcDbText
 10
4531.594174456269
 20
1489.50378691461
 30
0.0
 40
12.5
  1
K1-45  (30/60)
 50
90.0
  7
YAZI (BEYKENT)
100
AcDbText
1001
sta4cad App2
1004
02
1071
      199
1071
        0
1004
00
1071
        0
1071
        0
1070
     0
1070
     0
  0
TEXT
  5
E7B
330
1F
100
AcDbEntity
  8
KIRIS ISMI (BEYKENT)
100
AcDbText
 10
4531.594174456269
 20
1849.389181487822
 30
0.0
 40
12.5
  1
K1-46  (30/60)
 50
90.0
  7
YAZI (BEYKENT)
100
AcDbText
1001
sta4cad App2
1004
02
1071
      200
1071
        0
1004
00
1071
        0
1071
        0
1070
     0
1070
     0
  0
TEXT
  5
E7C
330
1F
100
AcDbEntity
  8
KIRIS ISMI (BEYKENT)
100
AcDbText
 10
5021.094437670381
 20
1519.409225337767
 30
0.0
 40
12.5
  1
K1-47  (25/60)
 50
90.0
  7
YAZI (BEYKENT)
100
AcDbText
1001
sta4cad App2
1004
02
1071
      201
1071
        0
1004
00
1071
        0
1071
        0
1070
     0
1070
     0
  0
TEXT
  5
E7D
330
1F
100
AcDbEntity
  8
KIRIS ISMI (BEYKENT)
100
AcDbText
 10
5291.590946268708
 20
1092.358038776183
 30
0.0
 40
12.5
  1
(30/60)
 50
90.0
  7
YAZI (BEYKENT)
100
AcDbText
1001
sta4cad App2
1004
02
1071
      202
1071
        0
1004
00
1071
        0
1071
        0
1070
     0
1070
     0
  0
TEXT
  5
E7E
330
1F
100
AcDbEntity
  8
KIRIS ISMI (BEYKENT)
100
AcDbText
 10
5265.341060709626
 20
1092.356548660063
 30
0.0
 40
12.5
  1
K1-48
 50
90.0
  7
YAZI (BEYKENT)
100
AcDbText
1001
sta4cad App2
1004
02
1071
      202
1071
        0
1004
00
1071
        0
1071
        0
1070
     0
1070
     0
  0
TEXT
  5
E7F
330
1F
100
AcDbEntity
  8
KIRIS ISMI (BEYKENT)
100
AcDbText
 10
5291.594224524171
 20
1489.451632850432
 30
0.0
 40
12.5
  1
K1-49  (30/60)
 50
90.0
  7
YAZI (BEYKENT)
100
AcDbText
1001
sta4cad App2
1004
02
1071
      203
1071
        0
1004
00
1071
        0
1071
        0
1070
     0
1070
     0
  0
TEXT
  5
E80
330
1F
100
AcDbEntity
  8
KIRIS ISMI (BEYKENT)
100
AcDbText
 10
5291.594224524171
 20
1849.493787639403
 30
0.0
 40
12.5
  1
K1-50  (30/60)
 50
90.0
  7
YAZI (BEYKENT)
100
AcDbText
1001
sta4cad App2
1004
02
1071
      204
1071
        0
1004
00
1071
        0
1071
        0
1070
     0
1070
     0
  0
TEXT
  5
E81
330
1F
100
AcDbEntity
  8
KIRIS ISMI (BEYKENT)
100
AcDbText
 10
5562.094309401185
 20
1519.487605445647
 30
0.0
 40
12.5
  1
K1-51  (25/60)
 50
90.0
  7
YAZI (BEYKENT)
100
AcDbText
1001
sta4cad App2
1004
02
1071
      205
1071
        0
1004
00
1071
        0
1071
        0
1070
     0
1070
     0
  0
TEXT
  5
E82
330
1F
100
AcDbEntity
  8
KIRIS ISMI (BEYKENT)
100
AcDbText
 10
6056.591528010041
 20
1092.472777717375
 30
0.0
 40
12.5
  1
K1-52
 50
90.0
  7
YAZI (BEYKENT)
100
AcDbText
1001
sta4cad App2
1004
02
1071
      206
1071
        0
1004
00
1071
        0
1071
        0
1070
     0
1070
     0
  0
TEXT
  5
E83
330
1F
100
AcDbEntity
  8
KIRIS ISMI (BEYKENT)
100
AcDbText
 10
6077.84147794214
 20
1092.473969810271
 30
0.0
 40
12.5
  1
(40/60)
 50
90.0
  7
YAZI (BEYKENT)
100
AcDbText
1001
sta4cad App2
1004
02
1071
      206
1071
        0
1004
00
1071
        0
1071
        0
1070
     0
1070
     0
  0
TEXT
  5
E84
330
1F
100
AcDbEntity
  8
KIRIS ISMI (BEYKENT)
100
AcDbText
 10
6069.094496321351
 20
1489.503488891386
 30
0.0
 40
12.5
  1
K1-53  (40/60)
 50
90.0
  7
YAZI (BEYKENT)
100
AcDbText
1001
sta4cad App2
1004
02
1071
      207
1071
        0
1004
00
1071
        0
1071
        0
1070
     0
1070
     0
  0
TEXT
  5
E85
330
1F
100
AcDbEntity
  8
KIRIS ISMI (BEYKENT)
100
AcDbText
 10
6069.094496321351
 20
1849.519119613432
 30
0.0
 40
12.5
  1
K1-54  (40/60)
 50
90.0
  7
YAZI (BEYKENT)
100
AcDbText
1001
sta4cad App2
1004
02
1071
      208
1071
        0
1004
00
1071
        0
1071
        0
1070
     0
1070
     0
  0
TEXT
  5
E86
330
1F
100
AcDbEntity
  8
KIRIS ISMI (BEYKENT)
100
AcDbText
 10
6576.094385218294
 20
1519.513831489348
 30
0.0
 40
12.5
  1
K1-55  (25/60)
 50
90.0
  7
YAZI (BEYKENT)
100
AcDbText
1001
sta4cad App2
1004
02
1071
      209
1071
        0
1004
00
1071
        0
1071
        0
1070
     0
1070
     0
  0
TEXT
  5
E87
330
1F
100
AcDbEntity
  8
KIRIS ISMI (BEYKENT)
100
AcDbText
 10
6846.590893816621
 20
1092.358038776183
 30
0.0
 40
12.5
  1
(30/60)
 50
90.0
  7
YAZI (BEYKENT)
100
AcDbText
1001
sta4cad App2
1004
02
1071
      210
1071
        0
1004
00
1071
        0
1071
        0
1070
     0
1070
     0
  0
TEXT
  5
E88
330
1F
100
AcDbEntity
  8
KIRIS ISMI (BEYKENT)
100
AcDbText
 10
6820.341008257539
 20
1092.356548660063
 30
0.0
 40
12.5
  1
K1-56
 50
90.0
  7
YAZI (BEYKENT)
100
AcDbText
1001
sta4cad App2
1004
02
1071
      210
1071
        0
1004
00
1071
        0
1071
        0
1070
     0
1070
     0
  0
TEXT
  5
E89
330
1F
100
AcDbEntity
  8
KIRIS ISMI (BEYKENT)
100
AcDbText
 10
6846.594172072084
 20
1489.50378691461
 30
0.0
 40
12.5
  1
K1-57  (30/60)
 50
90.0
  7
YAZI (BEYKENT)
100
AcDbText
1001
sta4cad App2
1004
02
1071
      211
1071
        0
1004
00
1071
        0
1071
        0
1070
     0
1070
     0
  0
TEXT
  5
E8A
330
1F
100
AcDbEntity
  8
KIRIS ISMI (BEYKENT)
100
AcDbText
 10
6846.594172072084
 20
1849.503920429015
 30
0.0
 40
12.5
  1
K1-58  (30/60)
 50
90.0
  7
YAZI (BEYKENT)
100
AcDbText
1001
sta4cad App2
1004
02
1071
      212
1071
        0
1004
00
1071
        0
1071
        0
1070
     0
1070
     0
  0
TEXT
  5
E8B
330
1F
100
AcDbEntity
  8
KIRIS ISMI (BEYKENT)
100
AcDbText
 10
7117.094554972322
 20
1519.461677425169
 30
0.0
 40
12.5
  1
K1-59  (25/60)
 50
90.0
  7
YAZI (BEYKENT)
100
AcDbText
1001
sta4cad App2
1004
02
1071
      213
1071
        0
1004
00
1071
        0
1071
        0
1070
     0
1070
     0
  0
TEXT
  5
E8C
330
1F
100
AcDbEntity
  8
KIRIS ISMI (BEYKENT)
100
AcDbText
 10
7606.590049814851
 20
1092.358038776183
 30
0.0
 40
12.5
  1
(30/60)
 50
90.0
  7
YAZI (BEYKENT)
100
AcDbText
1001
sta4cad App2
1004
02
1071
      214
1071
        0
1004
00
1071
        0
1071
        0
1070
     0
1070
     0
  0
TEXT
  5
E8D
330
1F
100
AcDbEntity
  8
KIRIS ISMI (BEYKENT)
100
AcDbText
 10
7580.340164255769
 20
1092.356548660063
 30
0.0
 40
12.5
  1
K1-60
 50
90.0
  7
YAZI (BEYKENT)
100
AcDbText
1001
sta4cad App2
1004
02
1071
      214
1071
        0
1004
00
1071
        0
1071
        0
1070
     0
1070
     0
  0
TEXT
  5
E8E
330
1F
100
AcDbEntity
  8
KIRIS ISMI (BEYKENT)
100
AcDbText
 10
7606.59303004709
 20
1489.425406806731
 30
0.0
 40
12.5
  1
K1-61  (30/60)
 50
90.0
  7
YAZI (BEYKENT)
100
AcDbText
1001
sta4cad App2
1004
02
1071
      215
1071
        0
1004
00
1071
        0
1071
        0
1070
     0
1070
     0
  0
TEXT
  5
E8F
330
1F
100
AcDbEntity
  8
KIRIS ISMI (BEYKENT)
100
AcDbText
 10
7606.59303004709
 20
1849.388585441374
 30
0.0
 40
12.5
  1
K1-62  (30/60)
 50
90.0
  7
YAZI (BEYKENT)
100
AcDbText
1001
sta4cad App2
1004
02
1071
      216
1071
        0
1004
00
1071
        0
1071
        0
1070
     0
1070
     0
  0
TEXT
  5
E90
330
1F
100
AcDbEntity
  8
KIRIS ISMI (BEYKENT)
100
AcDbText
 10
8416.590350222261
 20
1092.457876556181
 30
0.0
 40
12.5
  1
(30/60)
 50
90.0
  7
YAZI (BEYKENT)
100
AcDbText
1001
sta4cad App2
1004
02
1071
      217
1071
        0
1004
00
1071
        0
1071
        0
1070
     0
1070
     0
  0
TEXT
  5
E91
330
1F
100
AcDbEntity
  8
KIRIS ISMI (BEYKENT)
100
AcDbText
 10
8390.340464663179
 20
1092.456386440062
 30
0.0
 40
12.5
  1
K1-63
 50
90.0
  7
YAZI (BEYKENT)
100
AcDbText
1001
sta4cad App2
1004
02
1071
      217
1071
        0
1004
00
1071
        0
1071
        0
1070
     0
1070
     0
  0
TEXT
  5
E92
330
1F
100
AcDbEntity
  8
KIRIS ISMI (BEYKENT)
100
AcDbText
 10
8416.593330454499
 20
1524.399028175139
 30
0.0
 40
12.5
  1
K1-64  (30/60)
 50
90.0
  7
YAZI (BEYKENT)
100
AcDbText
1001
sta4cad App2
1004
02
1071
      218
1071
        0
1004
00
1071
        0
1071
        0
1070
     0
1070
     0
  0
TEXT
  5
E93
330
1F
100
AcDbEntity
  8
KIRIS ISMI (BEYKENT)
100
AcDbText
 10
8416.593330454499
 20
1849.451468341612
 30
0.0
 40
12.5
  1
K1-65  (30/60)
 50
90.0
  7
YAZI (BEYKENT)
100
AcDbText
1001
sta4cad App2
1004
02
1071
      219
1071
        0
1004
00
1071
        0
1071
        0
1070
     0
1070
     0
  0
TEXT
  5
E94
330
1F
100
AcDbEntity
  8
KIRIS ISMI (BEYKENT)
100
AcDbText
 10
3708.094465088518
 20
1519.393430106902
 30
0.0
 40
12.5
  1
K1-39  (25/60)
 50
90.0
  7
YAZI (BEYKENT)
100
AcDbText
1001
sta4cad App2
1004
02
1071
      253
1071
        0
1004
00
1071
        0
1071
        0
1070
     0
1070
     0
  0
TEXT
  5
E95
330
1F
100
AcDbEntity
  8
KOLON ISMI (BEYKENT)
100
AcDbText
 10
2865.336942028673
 20
1945.211992614531
 30
0.0
 40
12.5
  1
S1-01
  7
YAZI (BEYKENT)
100
AcDbText
1001
sta4cad App2
1004
03
1071
       56
1071
        0
1004
00
1071
        0
1071
        0
1070
     0
1070
     0
  0
TEXT
  5
E96
330
1F
100
AcDbEntity
  8
KOLON ISMI (BEYKENT)
100
AcDbText
 10
2865.336942028673
 20
1927.712068908476
 30
0.0
 40
12.5
  1
(30/60)
  7
YAZI (BEYKENT)
100
AcDbText
1001
sta4cad App2
1004
03
1071
       56
1071
        0
1004
00
1071
        0
1071
        0
1070
     0
1070
     0
  0
TEXT
  5
E97
330
1F
100
AcDbEntity
  8
KOLON ISMI (BEYKENT)
100
AcDbText
 10
3475.336837124498
 20
1945.211992614531
 30
0.0
 40
12.5
  1
S1-02
  7
YAZI (BEYKENT)
100
AcDbText
1001
sta4cad App2
1004
03
1071
       57
1071
        0
1004
00
1071
        0
1071
        0
1070
     0
1070
     0
  0
TEXT
  5
E98
330
1F
100
AcDbEntity
  8
KOLON ISMI (BEYKENT)
100
AcDbText
 10
3475.336837124498
 20
1927.712068908476
 30
0.0
 40
12.5
  1
(30/60)
  7
YAZI (BEYKENT)
100
AcDbText
1001
sta4cad App2
1004
03
1071
       57
1071
        0
1004
00
1071
        0
1071
        0
1070
     0
1070
     0
  0
TEXT
  5
E99
330
1F
100
AcDbEntity
  8
KOLON ISMI (BEYKENT)
100
AcDbText
 10
4020.336973023088
 20
1945.211992614531
 30
0.0
 40
12.5
  1
S1-03
  7
YAZI (BEYKENT)
100
AcDbText
1001
sta4cad App2
1004
03
1071
       58
1071
        0
1004
00
1071
        0
1071
        0
1070
     0
1070
     0
  0
TEXT
  5
E9A
330
1F
100
AcDbEntity
  8
KOLON ISMI (BEYKENT)
100
AcDbText
 10
4020.336973023088
 20
1927.712068908476
 30
0.0
 40
12.5
  1
(30/60)
  7
YAZI (BEYKENT)
100
AcDbText
1001
sta4cad App2
1004
03
1071
       58
1071
        0
1004
00
1071
        0
1071
        0
1070
     0
1070
     0
  0
TEXT
  5
E9B
330
1F
100
AcDbEntity
  8
KOLON ISMI (BEYKENT)
100
AcDbText
 10
4545.336919378907
 20
1945.211992614531
 30
0.0
 40
12.5
  1
S1-04
  7
YAZI (BEYKENT)
100
AcDbText
1001
sta4cad App2
1004
03
1071
       59
1071
        0
1004
00
1071
        0
1071
        0
1070
     0
1070
     0
  0
TEXT
  5
E9C
330
1F
100
AcDbEntity
  8
KOLON ISMI (BEYKENT)
100
AcDbText
 10
4545.336919378907
 20
1927.712068908476
 30
0.0
 40
12.5
  1
(30/60)
  7
YAZI (BEYKENT)
100
AcDbText
1001
sta4cad App2
1004
03
1071
       59
1071
        0
1004
00
1071
        0
1071
        0
1070
     0
1070
     0
  0
TEXT
  5
E9D
330
1F
100
AcDbEntity
  8
KOLON ISMI (BEYKENT)
100
AcDbText
 10
5305.336969446809
 20
1945.211992614531
 30
0.0
 40
12.5
  1
S1-05
  7
YAZI (BEYKENT)
100
AcDbText
1001
sta4cad App2
1004
03
1071
       60
1071
        0
1004
00
1071
        0
1071
        0
1070
     0
1070
     0
  0
TEXT
  5
E9E
330
1F
100
AcDbEntity
  8
KOLON ISMI (BEYKENT)
100
AcDbText
 10
5305.336969446809
 20
1927.712068908476
 30
0.0
 40
12.5
  1
(30/60)
  7
YAZI (BEYKENT)
100
AcDbText
1001
sta4cad App2
1004
03
1071
       60
1071
        0
1004
00
1071
        0
1071
        0
1070
     0
1070
     0
  0
TEXT
  5
E9F
330
1F
100
AcDbEntity
  8
KOLON ISMI (BEYKENT)
100
AcDbText
 10
6087.837176870973
 20
1945.211992614531
 30
0.0
 40
12.5
  1
S1-06
  7
YAZI (BEYKENT)
100
AcDbText
1001
sta4cad App2
1004
03
1071
       61
1071
        0
1004
00
1071
        0
1071
        0
1070
     0
1070
     0
  0
TEXT
  5
EA0
330
1F
100
AcDbEntity
  8
KOLON ISMI (BEYKENT)
100
AcDbText
 10
6087.837176870973
 20
1927.712068908476
 30
0.0
 40
12.5
  1
(40/60)
  7
YAZI (BEYKENT)
100
AcDbText
1001
sta4cad App2
1004
03
1071
       61
1071
        0
1004
00
1071
        0
1071
        0
1070
     0
1070
     0
  0
TEXT
  5
EA1
330
1F
100
AcDbEntity
  8
KOLON ISMI (BEYKENT)
100
AcDbText
 10
6860.343473505647
 20
1945.211992614531
 30
0.0
 40
12.5
  1
S1-07
  7
YAZI (BEYKENT)
100
AcDbText
1001
sta4cad App2
1004
03
1071
       62
1071
        0
1004
00
1071
        0
1071
        0
1070
     0
1070
     0
  0
TEXT
  5
EA2
330
1F
100
AcDbEntity
  8
KOLON ISMI (BEYKENT)
100
AcDbText
 10
6860.343473505647
 20
1927.712068908476
 30
0.0
 40
12.5
  1
(30/60)
  7
YAZI (BEYKENT)
100
AcDbText
1001
sta4cad App2
1004
03
1071
       62
1071
        0
1004
00
1071
        0
1071
        0
1070
     0
1070
     0
  0
TEXT
  5
EA3
330
1F
100
AcDbEntity
  8
KOLON ISMI (BEYKENT)
100
AcDbText
 10
7620.342629503877
 20
1945.211992614531
 30
0.0
 40
12.5
  1
S1-08
  7
YAZI (BEYKENT)
100
AcDbText
1001
sta4cad App2
1004
03
1071
       63
1071
        0
1004
00
1071
        0
1071
        0
1070
     0
1070
     0
  0
TEXT
  5
EA4
330
1F
100
AcDbEntity
  8
KOLON ISMI (BEYKENT)
100
AcDbText
 10
7620.342629503877
 20
1927.712068908476
 30
0.0
 40
12.5
  1
(30/60)
  7
YAZI (BEYKENT)
100
AcDbText
1001
sta4cad App2
1004
03
1071
       63
1071
        0
1004
00
1071
        0
1071
        0
1070
     0
1070
     0
  0
TEXT
  5
EA5
330
1F
100
AcDbEntity
  8
KOLON ISMI (BEYKENT)
100
AcDbText
 10
8430.342333864839
 20
1945.211992614531
 30
0.0
 40
12.5
  1
S1-09
  7
YAZI (BEYKENT)
100
AcDbText
1001
sta4cad App2
1004
03
1071
       64
1071
        0
1004
00
1071
        0
1071
        0
1070
     0
1070
     0
  0
TEXT
  5
EA6
330
1F
100
AcDbEntity
  8
KOLON ISMI (BEYKENT)
100
AcDbText
 10
8430.342333864839
 20
1927.712068908476
 30
0.0
 40
12.5
  1
(30/60)
  7
YAZI (BEYKENT)
100
AcDbText
1001
sta4cad App2
1004
03
1071
       64
1071
        0
1004
00
1071
        0
1071
        0
1070
     0
1070
     0
  0
TEXT
  5
EA7
330
1F
100
AcDbEntity
  8
KOLON ISMI (BEYKENT)
100
AcDbText
 10
2865.336942028673
 20
1585.211859100127
 30
0.0
 40
12.5
  1
S1-10
  7
YAZI (BEYKENT)
100
AcDbText
1001
sta4cad App2
1004
03
1071
       65
1071
        0
1004
00
1071
        0
1071
        0
1070
     0
1070
     0
  0
TEXT
  5
EA8
330
1F
100
AcDbEntity
  8
KOLON ISMI (BEYKENT)
100
AcDbText
 10
2865.336942028673
 20
1567.711935394072
 30
0.0
 40
12.5
  1
(30/60)
  7
YAZI (BEYKENT)
100
AcDbText
1001
sta4cad App2
1004
03
1071
       65
1071
        0
1004
00
1071
        0
1071
        0
1070
     0
1070
     0
  0
TEXT
  5
EA9
330
1F
100
AcDbEntity
  8
KOLON ISMI (BEYKENT)
100
AcDbText
 10
3475.336837124498
 20
1585.211859100127
 30
0.0
 40
12.5
  1
S1-11
  7
YAZI (BEYKENT)
100
AcDbText
1001
sta4cad App2
1004
03
1071
       66
1071
        0
1004
00
1071
        0
1071
        0
1070
     0
1070
     0
  0
TEXT
  5
EAA
330
1F
100
AcDbEntity
  8
KOLON ISMI (BEYKENT)
100
AcDbText
 10
3475.336837124498
 20
1567.711935394072
 30
0.0
 40
12.5
  1
(30/60)
  7
YAZI (BEYKENT)
100
AcDbText
1001
sta4cad App2
1004
03
1071
       66
1071
        0
1004
00
1071
        0
1071
        0
1070
     0
1070
     0
  0
TEXT
  5
EAB
330
1F
100
AcDbEntity
  8
KOLON ISMI (BEYKENT)
100
AcDbText
 10
4020.336973023088
 20
1585.211859100127
 30
0.0
 40
12.5
  1
S1-12
  7
YAZI (BEYKENT)
100
AcDbText
1001
sta4cad App2
1004
03
1071
       67
1071
        0
1004
00
1071
        0
1071
        0
1070
     0
1070
     0
  0
TEXT
  5
EAC
330
1F
100
AcDbEntity
  8
KOLON ISMI (BEYKENT)
100
AcDbText
 10
4020.336973023088
 20
1567.711935394072
 30
0.0
 40
12.5
  1
(30/60)
  7
YAZI (BEYKENT)
100
AcDbText
1001
sta4cad App2
1004
03
1071
       67
1071
        0
1004
00
1071
        0
1071
        0
1070
     0
1070
     0
  0
TEXT
  5
EAD
330
1F
100
AcDbEntity
  8
KOLON ISMI (BEYKENT)
100
AcDbText
 10
4545.336919378907
 20
1585.211859100127
 30
0.0
 40
12.5
  1
S1-13
  7
YAZI (BEYKENT)
100
AcDbText
1001
sta4cad App2
1004
03
1071
       68
1071
        0
1004
00
1071
        0
1071
        0
1070
     0
1070
     0
  0
TEXT
  5
EAE
330
1F
100
AcDbEntity
  8
KOLON ISMI (BEYKENT)
100
AcDbText
 10
4545.336919378907
 20
1567.711935394072
 30
0.0
 40
12.5
  1
(30/60)
  7
YAZI (BEYKENT)
100
AcDbText
1001
sta4cad App2
1004
03
1071
       68
1071
        0
1004
00
1071
        0
1071
        0
1070
     0
1070
     0
  0
TEXT
  5
EAF
330
1F
100
AcDbEntity
  8
KOLON ISMI (BEYKENT)
100
AcDbText
 10
5305.336969446809
 20
1585.211859100127
 30
0.0
 40
12.5
  1
S1-14
  7
YAZI (BEYKENT)
100
AcDbText
1001
sta4cad App2
1004
03
1071
       69
1071
        0
1004
00
1071
        0
1071
        0
1070
     0
1070
     0
  0
TEXT
  5
EB0
330
1F
100
AcDbEntity
  8
KOLON ISMI (BEYKENT)
100
AcDbText
 10
5305.336969446809
 20
1567.711935394072
 30
0.0
 40
12.5
  1
(30/60)
  7
YAZI (BEYKENT)
100
AcDbText
1001
sta4cad App2
1004
03
1071
       69
1071
        0
1004
00
1071
        0
1071
        0
1070
     0
1070
     0
  0
TEXT
  5
EB1
330
1F
100
AcDbEntity
  8
KOLON ISMI (BEYKENT)
100
AcDbText
 10
6087.837176870973
 20
1585.211859100127
 30
0.0
 40
12.5
  1
S1-15
  7
YAZI (BEYKENT)
100
AcDbText
1001
sta4cad App2
1004
03
1071
       70
1071
        0
1004
00
1071
        0
1071
        0
1070
     0
1070
     0
  0
TEXT
  5
EB2
330
1F
100
AcDbEntity
  8
KOLON ISMI (BEYKENT)
100
AcDbText
 10
6087.837176870973
 20
1567.711935394072
 30
0.0
 40
12.5
  1
(40/60)
  7
YAZI (BEYKENT)
100
AcDbText
1001
sta4cad App2
1004
03
1071
       70
1071
        0
1004
00
1071
        0
1071
        0
1070
     0
1070
     0
  0
TEXT
  5
EB3
330
1F
100
AcDbEntity
  8
KOLON ISMI (BEYKENT)
100
AcDbText
 10
6860.336916994722
 20
1585.211859100127
 30
0.0
 40
12.5
  1
S1-16
  7
YAZI (BEYKENT)
100
AcDbText
1001
sta4cad App2
1004
03
1071
       71
1071
        0
1004
00
1071
        0
1071
        0
1070
     0
1070
     0
  0
TEXT
  5
EB4
330
1F
100
AcDbEntity
  8
KOLON ISMI (BEYKENT)
100
AcDbText
 10
6860.336916994722
 20
1567.711935394072
 30
0.0
 40
12.5
  1
(30/60)
  7
YAZI (BEYKENT)
100
AcDbText
1001
sta4cad App2
1004
03
1071
       71
1071
        0
1004
00
1071
        0
1071
        0
1070
     0
1070
     0
  0
TEXT
  5
EB5
330
1F
100
AcDbEntity
  8
KOLON ISMI (BEYKENT)
100
AcDbText
 10
7620.336072992952
 20
1585.211859100127
 30
0.0
 40
12.5
  1
S1-17
  7
YAZI (BEYKENT)
100
AcDbText
1001
sta4cad App2
1004
03
1071
       72
1071
        0
1004
00
1071
        0
1071
        0
1070
     0
1070
     0
  0
TEXT
  5
EB6
330
1F
100
AcDbEntity
  8
KOLON ISMI (BEYKENT)
100
AcDbText
 10
7620.336072992952
 20
1567.711935394072
 30
0.0
 40
12.5
  1
(30/60)
  7
YAZI (BEYKENT)
100
AcDbText
1001
sta4cad App2
1004
03
1071
       72
1071
        0
1004
00
1071
        0
1071
        0
1070
     0
1070
     0
  0
TEXT
  5
EB7
330
1F
100
AcDbEntity
  8
KOLON ISMI (BEYKENT)
100
AcDbText
 10
8430.340545725496
 20
1620.21200453546
 30
0.0
 40
12.5
  1
S1-18
  7
YAZI (BEYKENT)
100
AcDbText
1001
sta4cad App2
1004
03
1071
       73
1071
        0
1004
00
1071
        0
1071
        0
1070
     0
1070
     0
  0
TEXT
  5
EB8
330
1F
100
AcDbEntity
  8
KOLON ISMI (BEYKENT)
100
AcDbText
 10
8430.340545725496
 20
1602.712080829405
 30
0.0
 40
12.5
  1
(150/25)
  7
YAZI (BEYKENT)
100
AcDbText
1001
sta4cad App2
1004
03
1071
       73
1071
        0
1004
00
1071
        0
1071
        0
1070
     0
1070
     0
  0
TEXT
  5
EB9
330
1F
100
AcDbEntity
  8
KOLON ISMI (BEYKENT)
100
AcDbText
 10
2875.336962294252
 20
1218.503350834674
 30
0.0
 40
12.5
  1
S1-19
  7
YAZI (BEYKENT)
100
AcDbText
1001
sta4cad App2
1004
03
1071
       74
1071
        0
1004
00
1071
        0
1071
        0
1070
     0
1070
     0
  0
TEXT
  5
EBA
330
1F
100
AcDbEntity
  8
KOLON ISMI (BEYKENT)
100
AcDbText
 10
2875.336962294252
 20
1201.00342712862
 30
0.0
 40
12.5
  1
(40/40)
  7
YAZI (BEYKENT)
100
AcDbText
1001
sta4cad App2
1004
03
1071
       74
1071
        0
1004
00
1071
        0
1071
        0
1070
     0
1070
     0
  0
TEXT
  5
EBB
330
1F
100
AcDbEntity
  8
KOLON ISMI (BEYKENT)
100
AcDbText
 10
3475.336837124498
 20
1218.503350834674
 30
0.0
 40
12.5
  1
S1-20
  7
YAZI (BEYKENT)
100
AcDbText
1001
sta4cad App2
1004
03
1071
       75
1071
        0
1004
00
1071
        0
1071
        0
1070
     0
1070
     0
  0
TEXT
  5
EBC
330
1F
100
AcDbEntity
  8
KOLON ISMI (BEYKENT)
100
AcDbText
 10
3475.336837124498
 20
1201.00342712862
 30
0.0
 40
12.5
  1
(40/40)
  7
YAZI (BEYKENT)
100
AcDbText
1001
sta4cad App2
1004
03
1071
       75
1071
        0
1004
00
1071
        0
1071
        0
1070
     0
1070
     0
  0
TEXT
  5
EBD
330
1F
100
AcDbEntity
  8
KOLON ISMI (BEYKENT)
100
AcDbText
 10
4030.336993288667
 20
1218.503350834674
 30
0.0
 40
12.5
  1
S1-21
  7
YAZI (BEYKENT)
100
AcDbText
1001
sta4cad App2
1004
03
1071
       76
1071
        0
1004
00
1071
        0
1071
        0
1070
     0
1070
     0
  0
TEXT
  5
EBE
330
1F
100
AcDbEntity
  8
KOLON ISMI (BEYKENT)
100
AcDbText
 10
4030.336993288667
 20
1201.00342712862
 30
0.0
 40
12.5
  1
(180/30)
  7
YAZI (BEYKENT)
100
AcDbText
1001
sta4cad App2
1004
03
1071
       76
1071
        0
1004
00
1071
        0
1071
        0
1070
     0
1070
     0
  0
TEXT
  5
EBF
330
1F
100
AcDbEntity
  8
KOLON ISMI (BEYKENT)
100
AcDbText
 10
4555.336790632875
 20
1218.503350834674
 30
0.0
 40
12.5
  1
S1-22
  7
YAZI (BEYKENT)
100
AcDbText
1001
sta4cad App2
1004
03
1071
       77
1071
        0
1004
00
1071
        0
1071
        0
1070
     0
1070
     0
  0
TEXT
  5
EC0
330
1F
100
AcDbEntity
  8
KOLON ISMI (BEYKENT)
100
AcDbText
 10
4555.336790632875
 20
1201.00342712862
 30
0.0
 40
12.5
  1
(180/30)
  7
YAZI (BEYKENT)
100
AcDbText
1001
sta4cad App2
1004
03
1071
       77
1071
        0
1004
00
1071
        0
1071
        0
1070
     0
1070
     0
  0
TEXT
  5
EC1
330
1F
100
AcDbEntity
  8
KOLON ISMI (BEYKENT)
100
AcDbText
 10
5375.336962294252
 20
1218.503350834674
 30
0.0
 40
12.5
  1
S1-23
  7
YAZI (BEYKENT)
100
AcDbText
1001
sta4cad App2
1004
03
1071
       78
1071
        0
1004
00
1071
        0
1071
        0
1070
     0
1070
     0
  0
TEXT
  5
EC2
330
1F
100
AcDbEntity
  8
KOLON ISMI (BEYKENT)
100
AcDbText
 10
5375.336962294252
 20
1201.00342712862
 30
0.0
 40
12.5
  1
(180/30)
  7
YAZI (BEYKENT)
100
AcDbText
1001
sta4cad App2
1004
03
1071
       78
1071
        0
1004
00
1071
        0
1071
        0
1070
     0
1070
     0
  0
TEXT
  5
EC3
330
1F
100
AcDbEntity
  8
KOLON ISMI (BEYKENT)
100
AcDbText
 10
6092.837112497957
 20
1218.503350834674
 30
0.0
 40
12.5
  1
S1-24
  7
YAZI (BEYKENT)
100
AcDbText
1001
sta4cad App2
1004
03
1071
       79
1071
        0
1004
00
1071
        0
1071
        0
1070
     0
1070
     0
  0
TEXT
  5
EC4
330
1F
100
AcDbEntity
  8
KOLON ISMI (BEYKENT)
100
AcDbText
 10
6092.837112497957
 20
1201.00342712862
 30
0.0
 40
12.5
  1
(50/40)
  7
YAZI (BEYKENT)
100
AcDbText
1001
sta4cad App2
1004
03
1071
       79
1071
        0
1004
00
1071
        0
1071
        0
1070
     0
1070
     0
  0
TEXT
  5
EC5
330
1F
100
AcDbEntity
  8
KOLON ISMI (BEYKENT)
100
AcDbText
 10
6940.337079119355
 20
1218.503350834674
 30
0.0
 40
12.5
  1
S1-25
  7
YAZI (BEYKENT)
100
AcDbText
1001
sta4cad App2
1004
03
1071
       80
1071
        0
1004
00
1071
        0
1071
        0
1070
     0
1070
     0
  0
TEXT
  5
EC6
330
1F
100
AcDbEntity
  8
KOLON ISMI (BEYKENT)
100
AcDbText
 10
6940.337079119355
 20
1201.00342712862
 30
0.0
 40
12.5
  1
(180/30)
  7
YAZI (BEYKENT)
100
AcDbText
1001
sta4cad App2
1004
03
1071
       80
1071
        0
1004
00
1071
        0
1071
        0
1070
     0
1070
     0
  0
TEXT
  5
EC7
330
1F
100
AcDbEntity
  8
KOLON ISMI (BEYKENT)
100
AcDbText
 10
7760.336058687837
 20
1218.503350834674
 30
0.0
 40
12.5
  1
S1-26
  7
YAZI (BEYKENT)
100
AcDbText
1001
sta4cad App2
1004
03
1071
       81
1071
        0
1004
00
1071
        0
1071
        0
1070
     0
1070
     0
  0
TEXT
  5
EC8
330
1F
100
AcDbEntity
  8
KOLON ISMI (BEYKENT)
100
AcDbText
 10
7760.336058687837
 20
1201.00342712862
 30
0.0
 40
12.5
  1
(180/30)
  7
YAZI (BEYKENT)
100
AcDbText
1001
sta4cad App2
1004
03
1071
       81
1071
        0
1004
00
1071
        0
1071
        0
1070
     0
1070
     0
  0
TEXT
  5
EC9
330
1F
100
AcDbEntity
  8
KOLON ISMI (BEYKENT)
100
AcDbText
 10
8430.335777353914
 20
1140.211925857329
 30
0.0
 40
12.5
  1
S1-28
  7
YAZI (BEYKENT)
100
AcDbText
1001
sta4cad App2
1004
03
1071
       82
1071
        0
1004
00
1071
        0
1071
        0
1070
     0
1070
     0
  0
TEXT
  5
ECA
330
1F
100
AcDbEntity
  8
KOLON ISMI (BEYKENT)
100
AcDbText
 10
8430.335777353914
 20
1122.712002151274
 30
0.0
 40
12.5
  1
(40/40)
  7
YAZI (BEYKENT)
100
AcDbText
1001
sta4cad App2
1004
03
1071
       82
1071
        0
1004
00
1071
        0
1071
        0
1070
     0
1070
     0
  0
TEXT
  5
ECB
330
1F
100
AcDbEntity
  8
DOSEME ISMI (BEYKENT)
100
AcDbText
 10
3016.170220923097
 20
1910.212145202422
 30
0.0
 40
12.5
  1
D1-01  d=16cm
  7
YAZI (BEYKENT)
100
AcDbText
1001
sta4cad App2
1004
6F
1071
        1
1071
        0
1004
00
1071
       50
1071
       59
1070
     0
1070
     0
  0
TEXT
  5
ECC
330
1F
100
AcDbEntity
  8
YAZI (BEYKENT)
100
AcDbText
 10
3016.170220923097
 20
1890.212145202422
 30
0.0
 40
10.0
  1
Q=5kN/m²
  7
YAZI (BEYKENT)
100
AcDbText
1001
sta4cad App2
1004
6F
1071
        1
1071
        0
1004
00
1071
        0
1071
        0
1070
     0
1070
     0
  0
TEXT
  5
ECD
330
1F
100
AcDbEntity
  8
KOT YAZI (BEYKENT)
100
AcDbText
 10
3031.40167925735
 20
1873.805271289682
 30
0.0
 40
10.0
  1
+7.18
  7
KOT (BEYKENT)
100
AcDbText
1001
sta4cad App2
1004
70
1071
        1
1071
        0
1004
00
1071
       50
1071
       59
1070
     0
1070
     0
  0
TEXT
  5
ECE
330
1F
100
AcDbEntity
  8
KOT YAZI (BEYKENT)
100
AcDbText
 10
3031.40167925735
 20
1858.805166385507
 30
0.0
 40
10.0
  1
+7.02
  7
KOT (BEYKENT)
100
AcDbText
1001
sta4cad App2
1004
70
1071
        1
1071
        0
1004
00
1071
        0
1071
        0
1070
     0
1070
     0
  0
TEXT
  5
ECF
330
1F
100
AcDbEntity
  8
DOSEME ISMI (BEYKENT)
100
AcDbText
 10
3604.503529619844
 20
1910.212145202422
 30
0.0
 40
12.5
  1
D1-02  d=16cm
  7
YAZI (BEYKENT)
100
AcDbText
1001
sta4cad App2
1004
6F
1071
        2
1071
        0
1004
00
1071
       50
1071
       60
1070
     0
1070
     0
  0
TEXT
  5
ED0
330
1F
100
AcDbEntity
  8
YAZI (BEYKENT)
100
AcDbText
 10
3604.503529619844
 20
1890.212145202422
 30
0.0
 40
10.0
  1
Q=5kN/m²
  7
YAZI (BEYKENT)
100
AcDbText
1001
sta4cad App2
1004
6F
1071
        2
1071
        0
1004
00
1071
        0
1071
        0
1070
     0
1070
     0
  0
TEXT
  5
ED1
330
1F
100
AcDbEntity
  8
KOT YAZI (BEYKENT)
100
AcDbText
 10
3619.735062459902
 20
1873.805271289682
 30
0.0
 40
10.0
  1
+7.18
  7
KOT (BEYKENT)
100
AcDbText
1001
sta4cad App2
1004
70
1071
        2
1071
        0
1004
00
1071
       50
1071
       60
1070
     0
1070
     0
  0
TEXT
  5
ED2
330
1F
100
AcDbEntity
  8
KOT YAZI (BEYKENT)
100
AcDbText
 10
3619.735062459902
 20
1858.805166385507
 30
0.0
 40
10.0
  1
+7.02
  7
KOT (BEYKENT)
100
AcDbText
1001
sta4cad App2
1004
70
1071
        2
1071
        0
1004
00
1071
        0
1071
        0
1070
     0
1070
     0
  0
TEXT
  5
ED3
330
1F
100
AcDbEntity
  8
DOSEME ISMI (BEYKENT)
100
AcDbText
 10
4142.836886000306
 20
1910.212145202422
 30
0.0
 40
12.5
  1
D1-03  d=16cm
  7
YAZI (BEYKENT)
100
AcDbText
1001
sta4cad App2
1004
6F
1071
        3
1071
        0
1004
00
1071
       50
1071
       61
1070
     0
1070
     0
  0
TEXT
  5
ED4
330
1F
100
AcDbEntity
  8
YAZI (BEYKENT)
100
AcDbText
 10
4142.836886000306
 20
1890.212145202422
 30
0.0
 40
10.0
  1
Q=5kN/m²
  7
YAZI (BEYKENT)
100
AcDbText
1001
sta4cad App2
1004
6F
1071
        3
1071
        0
1004
00
1071
        0
1071
        0
1070
     0
1070
     0
  0
TEXT
  5
ED5
330
1F
100
AcDbEntity
  8
KOT YAZI (BEYKENT)
100
AcDbText
 10
4158.068418840365
 20
1873.805271289682
 30
0.0
 40
10.0
  1
+7.18
  7
KOT (BEYKENT)
100
AcDbText
1001
sta4cad App2
1004
70
1071
        3
1071
        0
1004
00
1071
       50
1071
       61
1070
     0
1070
     0
  0
TEXT
  5
ED6
330
1F
100
AcDbEntity
  8
KOT YAZI (BEYKENT)
100
AcDbText
 10
4158.068418840365
 20
1858.805166385507
 30
0.0
 40
10.0
  1
+7.02
  7
KOT (BEYKENT)
100
AcDbText
1001
sta4cad App2
1004
70
1071
        3
1071
        0
1004
00
1071
        0
1071
        0
1070
     0
1070
     0
  0
TEXT
  5
ED7
330
1F
100
AcDbEntity
  8
DOSEME ISMI (BEYKENT)
100
AcDbText
 10
4686.347561489859
 20
1910.212145202422
 30
0.0
 40
12.5
  1
D1-04  d=16cm
  7
YAZI (BEYKENT)
100
AcDbText
1001
sta4cad App2
1004
6F
1071
        4
1071
        0
1004
00
1071
       50
1071
       62
1070
     0
1070
     0
  0
TEXT
  5
ED8
330
1F
100
AcDbEntity
  8
YAZI (BEYKENT)
100
AcDbText
 10
4686.347561489859
 20
1890.212145202422
 30
0.0
 40
10.0
  1
Q=5kN/m²
  7
YAZI (BEYKENT)
100
AcDbText
1001
sta4cad App2
1004
6F
1071
        4
1071
        0
1004
00
1071
        0
1071
        0
1070
     0
1070
     0
  0
TEXT
  5
ED9
330
1F
100
AcDbEntity
  8
KOT YAZI (BEYKENT)
100
AcDbText
 10
4701.578796306693
 20
1873.805271289682
 30
0.0
 40
10.0
  1
+7.18
  7
KOT (BEYKENT)
100
AcDbText
1001
sta4cad App2
1004
70
1071
        4
1071
        0
1004
00
1071
       50
1071
       62
1070
     0
1070
     0
  0
TEXT
  5
EDA
330
1F
100
AcDbEntity
  8
KOT YAZI (BEYKENT)
100
AcDbText
 10
4701.578796306693
 20
1858.805166385507
 30
0.0
 40
10.0
  1
+7.02
  7
KOT (BEYKENT)
100
AcDbText
1001
sta4cad App2
1004
70
1071
        4
1071
        0
1004
00
1071
        0
1071
        0
1070
     0
1070
     0
  0
TEXT
  5
EDB
330
1F
100
AcDbEntity
  8
DOSEME ISMI (BEYKENT)
100
AcDbText
 10
5517.003493857057
 20
1910.212145202422
 30
0.0
 40
12.5
  1
D1-05  d=16cm
  7
YAZI (BEYKENT)
100
AcDbText
1001
sta4cad App2
1004
6F
1071
        5
1071
        0
1004
00
1071
       50
1071
       63
1070
     0
1070
     0
  0
TEXT
  5
EDC
330
1F
100
AcDbEntity
  8
YAZI (BEYKENT)
100
AcDbText
 10
5517.003493857057
 20
1890.212145202422
 30
0.0
 40
10.0
  1
Q=5kN/m²
  7
YAZI (BEYKENT)
100
AcDbText
1001
sta4cad App2
1004
6F
1071
        5
1071
        0
1004
00
1071
        0
1071
        0
1070
     0
1070
     0
  0
TEXT
  5
EDD
330
1F
100
AcDbEntity
  8
KOT YAZI (BEYKENT)
100
AcDbText
 10
5532.235026697115
 20
1873.805271289682
 30
0.0
 40
10.0
  1
+7.18
  7
KOT (BEYKENT)
100
AcDbText
1001
sta4cad App2
1004
70
1071
        5
1071
        0
1004
00
1071
       50
1071
       63
1070
     0
1070
     0
  0
TEXT
  5
EDE
330
1F
100
AcDbEntity
  8
KOT YAZI (BEYKENT)
100
AcDbText
 10
5532.235026697115
 20
1858.805166385507
 30
0.0
 40
10.0
  1
+7.02
  7
KOT (BEYKENT)
100
AcDbText
1001
sta4cad App2
1004
70
1071
        5
1071
        0
1004
00
1071
        0
1071
        0
1070
     0
1070
     0
  0
TEXT
  5
EDF
330
1F
100
AcDbEntity
  8
DOSEME ISMI (BEYKENT)
100
AcDbText
 10
6309.503572535188
 20
1910.212145202422
 30
0.0
 40
12.5
  1
D1-06  d=16cm
  7
YAZI (BEYKENT)
100
AcDbText
1001
sta4cad App2
1004
6F
1071
        6
1071
        0
1004
00
1071
       50
1071
       64
1070
     0
1070
     0
  0
TEXT
  5
EE0
330
1F
100
AcDbEntity
  8
YAZI (BEYKENT)
100
AcDbText
 10
6309.503572535188
 20
1890.212145202422
 30
0.0
 40
10.0
  1
Q=5kN/m²
  7
YAZI (BEYKENT)
100
AcDbText
1001
sta4cad App2
1004
6F
1071
        6
1071
        0
1004
00
1071
        0
1071
        0
1070
     0
1070
     0
  0
TEXT
  5
EE1
330
1F
100
AcDbEntity
  8
KOT YAZI (BEYKENT)
100
AcDbText
 10
6324.735105375246
 20
1873.805271289682
 30
0.0
 40
10.0
  1
+7.18
  7
KOT (BEYKENT)
100
AcDbText
1001
sta4cad App2
1004
70
1071
        6
1071
        0
1004
00
1071
       50
1071
       64
1070
     0
1070
     0
  0
TEXT
  5
EE2
330
1F
100
AcDbEntity
  8
KOT YAZI (BEYKENT)
100
AcDbText
 10
6324.735105375246
 20
1858.805166385507
 30
0.0
 40
10.0
  1
+7.02
  7
KOT (BEYKENT)
100
AcDbText
1001
sta4cad App2
1004
70
1071
        6
1071
        0
1004
00
1071
        0
1071
        0
1070
     0
1070
     0
  0
TEXT
  5
EE3
330
1F
100
AcDbEntity
  8
DOSEME ISMI (BEYKENT)
100
AcDbText
 10
7091.170209002168
 20
1910.212145202422
 30
0.0
 40
12.5
  1
D1-07  d=16cm
  7
YAZI (BEYKENT)
100
AcDbText
1001
sta4cad App2
1004
6F
1071
        7
1071
        0
1004
00
1071
       50
1071
       65
1070
     0
1070
     0
  0
TEXT
  5
EE4
330
1F
100
AcDbEntity
  8
YAZI (BEYKENT)
100
AcDbText
 10
7091.170209002168
 20
1890.212145202422
 30
0.0
 40
10.0
  1
Q=5kN/m²
  7
YAZI (BEYKENT)
100
AcDbText
1001
sta4cad App2
1004
6F
1071
        7
1071
        0
1004
00
1071
        0
1071
        0
1070
     0
1070
     0
  0
TEXT
  5
EE5
330
1F
100
AcDbEntity
  8
KOT YAZI (BEYKENT)
100
AcDbText
 10
7106.401443819002
 20
1873.805271289682
 30
0.0
 40
10.0
  1
+7.18
  7
KOT (BEYKENT)
100
AcDbText
1001
sta4cad App2
1004
70
1071
        7
1071
        0
1004
00
1071
       50
1071
       65
1070
     0
1070
     0
  0
TEXT
  5
EE6
330
1F
100
AcDbEntity
  8
KOT YAZI (BEYKENT)
100
AcDbText
 10
7106.401443819002
 20
1858.805166385507
 30
0.0
 40
10.0
  1
+7.02
  7
KOT (BEYKENT)
100
AcDbText
1001
sta4cad App2
1004
70
1071
        7
1071
        0
1004
00
1071
        0
1071
        0
1070
     0
1070
     0
  0
TEXT
  5
EE7
330
1F
100
AcDbEntity
  8
DOSEME ISMI (BEYKENT)
100
AcDbText
 10
7867.836015772493
 20
1910.212145202422
 30
0.0
 40
12.5
  1
D1-08  d=16cm
  7
YAZI (BEYKENT)
100
AcDbText
1001
sta4cad App2
1004
6F
1071
        8
1071
        0
1004
00
1071
       50
1071
       66
1070
     0
1070
     0
  0
TEXT
  5
EE8
330
1F
100
AcDbEntity
  8
YAZI (BEYKENT)
100
AcDbText
 10
7867.836015772493
 20
1890.212145202422
 30
0.0
 40
10.0
  1
Q=5kN/m²
  7
YAZI (BEYKENT)
100
AcDbText
1001
sta4cad App2
1004
6F
1071
        8
1071
        0
1004
00
1071
        0
1071
        0
1070
     0
1070
     0
  0
TEXT
  5
EE9
330
1F
100
AcDbEntity
  8
KOT YAZI (BEYKENT)
100
AcDbText
 10
7883.067250589327
 20
1873.805271289682
 30
0.0
 40
10.0
  1
+7.18
  7
KOT (BEYKENT)
100
AcDbText
1001
sta4cad App2
1004
70
1071
        8
1071
        0
1004
00
1071
       50
1071
       66
1070
     0
1070
     0
  0
TEXT
  5
EEA
330
1F
100
AcDbEntity
  8
KOT YAZI (BEYKENT)
100
AcDbText
 10
7883.067250589327
 20
1858.805166385507
 30
0.0
 40
10.0
  1
+7.02
  7
KOT (BEYKENT)
100
AcDbText
1001
sta4cad App2
1004
70
1071
        8
1071
        0
1004
00
1071
        0
1071
        0
1070
     0
1070
     0
  0
TEXT
  5
EEB
330
1F
100
AcDbEntity
  8
DOSEME ISMI (BEYKENT)
100
AcDbText
 10
3016.170220923097
 20
1501.878605239653
 30
0.0
 40
12.5
  1
D1-09  d=16cm
  7
YAZI (BEYKENT)
100
AcDbText
1001
sta4cad App2
1004
6F
1071
        9
1071
        0
1004
00
1071
       50
1071
       67
1070
     0
1070
     0
  0
TEXT
  5
EEC
330
1F
100
AcDbEntity
  8
YAZI (BEYKENT)
100
AcDbText
 10
3016.170220923097
 20
1481.878605239653
 30
0.0
 40
10.0
  1
Q=5kN/m²
  7
YAZI (BEYKENT)
100
AcDbText
1001
sta4cad App2
1004
6F
1071
        9
1071
        0
1004
00
1071
        0
1071
        0
1070
     0
1070
     0
  0
TEXT
  5
EED
330
1F
100
AcDbEntity
  8
KOT YAZI (BEYKENT)
100
AcDbText
 10
3031.40167925735
 20
1465.472029350137
 30
0.0
 40
10.0
  1
+7.18
  7
KOT (BEYKENT)
100
AcDbText
1001
sta4cad App2
1004
70
1071
        9
1071
        0
1004
00
1071
       50
1071
       67
1070
     0
1070
     0
  0
TEXT
  5
EEE
330
1F
100
AcDbEntity
  8
KOT YAZI (BEYKENT)
100
AcDbText
 10
3031.40167925735
 20
1450.471924445962
 30
0.0
 40
10.0
  1
+7.02
  7
KOT (BEYKENT)
100
AcDbText
1001
sta4cad App2
1004
70
1071
        9
1071
        0
1004
00
1071
        0
1071
        0
1070
     0
1070
     0
  0
TEXT
  5
EEF
330
1F
100
AcDbEntity
  8
DOSEME ISMI (BEYKENT)
100
AcDbText
 10
3514.170157265337
 20
1511.87847649362
 30
0.0
 40
12.5
  1
D1-10  d=16cm
  7
YAZI (BEYKENT)
100
AcDbText
1001
sta4cad App2
1004
6F
1071
       10
1071
        0
1004
00
1071
       50
1071
       68
1070
     0
1070
     0
  0
TEXT
  5
EF0
330
1F
100
AcDbEntity
  8
YAZI (BEYKENT)
100
AcDbText
 10
3514.170157265337
 20
1491.87847649362
 30
0.0
 40
10.0
  1
Q=5kN/m²
  7
YAZI (BEYKENT)
100
AcDbText
1001
sta4cad App2
1004
6F
1071
       10
1071
        0
1004
00
1071
        0
1071
        0
1070
     0
1070
     0
  0
TEXT
  5
EF1
330
1F
100
AcDbEntity
  8
KOT YAZI (BEYKENT)
100
AcDbText
 10
3529.401690105395
 20
1475.471900604105
 30
0.0
 40
10.0
  1
+7.18
  7
KOT (BEYKENT)
100
AcDbText
1001
sta4cad App2
1004
70
1071
       10
1071
        0
1004
00
1071
       50
1071
       68
1070
     0
1070
     0
  0
TEXT
  5
EF2
330
1F
100
AcDbEntity
  8
KOT YAZI (BEYKENT)
100
AcDbText
 10
3529.401690105395
 20
1460.47179569993
 30
0.0
 40
10.0
  1
+7.02
  7
KOT (BEYKENT)
100
AcDbText
1001
sta4cad App2
1004
70
1071
       10
1071
        0
1004
00
1071
        0
1071
        0
1070
     0
1070
     0
  0
TEXT
  5
EF3
330
1F
100
AcDbEntity
  8
DOSEME ISMI (BEYKENT)
100
AcDbText
 10
4039.136846046033
 20
1508.810167004652
 30
0.0
 40
12.5
  1
D1-13  d=16cm
  7
YAZI (BEYKENT)
100
AcDbText
1001
sta4cad App2
1004
6F
1071
       11
1071
        0
1004
00
1071
       50
1071
       69
1070
     0
1070
     0
  0
TEXT
  5
EF4
330
1F
100
AcDbEntity
  8
YAZI (BEYKENT)
100
AcDbText
 10
4039.136846046033
 20
1488.810167004652
 30
0.0
 40
10.0
  1
Q=5kN/m²
  7
YAZI (BEYKENT)
100
AcDbText
1001
sta4cad App2
1004
6F
1071
       11
1071
        0
1004
00
1071
        0
1071
        0
1070
     0
1070
     0
  0
TEXT
  5
EF5
330
1F
100
AcDbEntity
  8
KOT YAZI (BEYKENT)
100
AcDbText
 10
4054.368229874479
 20
1472.403591115136
 30
0.0
 40
10.0
  1
+7.18
  7
KOT (BEYKENT)
100
AcDbText
1001
sta4cad App2
1004
70
1071
       11
1071
        0
1004
00
1071
       50
1071
       69
1070
     0
1070
     0
  0
TEXT
  5
EF6
330
1F
100
AcDbEntity
  8
KOT YAZI (BEYKENT)
100
AcDbText
 10
4054.368229874479
 20
1457.403486210961
 30
0.0
 40
10.0
  1
+7.02
  7
KOT (BEYKENT)
100
AcDbText
1001
sta4cad App2
1004
70
1071
       11
1071
        0
1004
00
1071
        0
1071
        0
1070
     0
1070
     0
  0
TEXT
  5
EF7
330
1F
100
AcDbEntity
  8
DOSEME ISMI (BEYKENT)
100
AcDbText
 10
4260.238496156595
 20
1508.923077006234
 30
0.0
 40
12.5
  1
D1-14  d=16cm
  7
YAZI (BEYKENT)
100
AcDbText
1001
sta4cad App2
1004
6F
1071
       12
1071
        0
1004
00
1071
       50
1071
       70
1070
     0
1070
     0
  0
TEXT
  5
EF8
330
1F
100
AcDbEntity
  8
YAZI (BEYKENT)
100
AcDbText
 10
4260.238496156595
 20
1488.923077006234
 30
0.0
 40
10.0
  1
Q=5kN/m²
  7
YAZI (BEYKENT)
100
AcDbText
1001
sta4cad App2
1004
6F
1071
       12
1071
        0
1004
00
1071
        0
1071
        0
1070
     0
1070
     0
  0
TEXT
  5
EF9
330
1F
100
AcDbEntity
  8
KOT YAZI (BEYKENT)
100
AcDbText
 10
4275.469730973429
 20
1472.516203093495
 30
0.0
 40
10.0
  1
+7.18
  7
KOT (BEYKENT)
100
AcDbText
1001
sta4cad App2
1004
70
1071
       12
1071
        0
1004
00
1071
       50
1071
       70
1070
     0
1070
     0
  0
TEXT
  5
EFA
330
1F
100
AcDbEntity
  8
KOT YAZI (BEYKENT)
100
AcDbText
 10
4275.469730973429
 20
1457.51609818932
 30
0.0
 40
10.0
  1
+7.02
  7
KOT (BEYKENT)
100
AcDbText
1001
sta4cad App2
1004
70
1071
       12
1071
        0
1004
00
1071
        0
1071
        0
1070
     0
1070
     0
  0
TEXT
  5
EFB
330
1F
100
AcDbEntity
  8
DOSEME ISMI (BEYKENT)
100
AcDbText
 10
4655.836778235109
 20
1501.878605239653
 30
0.0
 40
12.5
  1
D1-16  d=16cm
  7
YAZI (BEYKENT)
100
AcDbText
1001
sta4cad App2
1004
6F
1071
       13
1071
        0
1004
00
1071
       50
1071
       72
1070
     0
1070
     0
  0
TEXT
  5
EFC
330
1F
100
AcDbEntity
  8
YAZI (BEYKENT)
100
AcDbText
 10
4655.836778235109
 20
1481.878605239653
 30
0.0
 40
10.0
  1
Q=5kN/m²
  7
YAZI (BEYKENT)
100
AcDbText
1001
sta4cad App2
1004
6F
1071
       13
1071
        0
1004
00
1071
        0
1071
        0
1070
     0
1070
     0
  0
TEXT
  5
EFD
330
1F
100
AcDbEntity
  8
KOT YAZI (BEYKENT)
100
AcDbText
 10
4671.068311075167
 20
1465.472029350137
 30
0.0
 40
10.0
  1
+7.18
  7
KOT (BEYKENT)
100
AcDbText
1001
sta4cad App2
1004
70
1071
       13
1071
        0
1004
00
1071
       50
1071
       72
1070
     0
1070
     0
  0
TEXT
  5
EFE
330
1F
100
AcDbEntity
  8
KOT YAZI (BEYKENT)
100
AcDbText
 10
4671.068311075167
 20
1450.471924445962
 30
0.0
 40
10.0
  1
+7.02
  7
KOT (BEYKENT)
100
AcDbText
1001
sta4cad App2
1004
70
1071
       13
1071
        0
1004
00
1071
        0
1071
        0
1070
     0
1070
     0
  0
TEXT
  5
EFF
330
1F
100
AcDbEntity
  8
DOSEME ISMI (BEYKENT)
100
AcDbText
 10
5050.389981885044
 20
1609.322029485767
 30
0.0
 40
12.5
  1
D1-17  d=16cm
  7
YAZI (BEYKENT)
100
AcDbText
1001
sta4cad App2
1004
6F
1071
       14
1071
        0
1004
00
1071
       50
1071
       73
1070
     0
1070
     0
  0
TEXT
  5
F00
330
1F
100
AcDbEntity
  8
KOT YAZI (BEYKENT)
100
AcDbText
 10
5065.433893718535
 20
1589.528179477936
 30
0.0
 40
10.0
  1
+7.18
  7
KOT (BEYKENT)
100
AcDbText
1001
sta4cad App2
1004
72
1071
       14
1071
        0
1004
00
1071
       50
1071
       73
1070
     0
1070
     0
  0
TEXT
  5
F01
330
1F
100
AcDbEntity
  8
KOT YAZI (BEYKENT)
100
AcDbText
 10
5065.433893718535
 20
1574.528372596985
 30
0.0
 40
10.0
  1
+7.02
  7
KOT (BEYKENT)
100
AcDbText
1001
sta4cad App2
1004
72
1071
       14
1071
        0
1004
00
1071
        0
1071
        0
1070
     0
1070
     0
  0
TEXT
  5
F02
330
1F
100
AcDbEntity
  8
DOSEME ISMI (BEYKENT)
100
AcDbText
 10
5361.112011028057
 20
1610.812825724125
 30
0.0
 40
12.5
  1
D1-18  d=16cm
  7
YAZI (BEYKENT)
100
AcDbText
1001
sta4cad App2
1004
6F
1071
       15
1071
        0
1004
00
1071
       50
1071
       74
1070
     0
1070
     0
  0
TEXT
  5
F03
330
1F
100
AcDbEntity
  8
KOT YAZI (BEYKENT)
100
AcDbText
 10
5376.156220884772
 20
1591.018975716295
 30
0.0
 40
10.0
  1
+7.18
  7
KOT (BEYKENT)
100
AcDbText
1001
sta4cad App2
1004
72
1071
       15
1071
        0
1004
00
1071
       50
1071
       74
1070
     0
1070
     0
  0
TEXT
  5
F04
330
1F
100
AcDbEntity
  8
KOT YAZI (BEYKENT)
100
AcDbText
 10
5376.156220884772
 20
1576.019168835344
 30
0.0
 40
10.0
  1
+7.02
  7
KOT (BEYKENT)
100
AcDbText
1001
sta4cad App2
1004
72
1071
       15
1071
        0
1004
00
1071
        0
1071
        0
1070
     0
1070
     0
  0
TEXT
  5
F05
330
1F
100
AcDbEntity
  8
DOSEME ISMI (BEYKENT)
100
AcDbText
 10
5629.216079107846
 20
1501.878605239653
 30
0.0
 40
12.5
  1
D1-19  d=16cm
  7
YAZI (BEYKENT)
100
AcDbText
1001
sta4cad App2
1004
6F
1071
       16
1071
        0
1004
00
1071
       50
1071
       75
1070
     0
1070
     0
  0
TEXT
  5
F06
330
1F
100
AcDbEntity
  8
YAZI (BEYKENT)
100
AcDbText
 10
5629.216079107846
 20
1481.878605239653
 30
0.0
 40
10.0
  1
Q=5kN/m²
  7
YAZI (BEYKENT)
100
AcDbText
1001
sta4cad App2
1004
6F
1071
       16
1071
        0
1004
00
1071
        0
1071
        0
1070
     0
1070
     0
  0
TEXT
  5
F07
330
1F
100
AcDbEntity
  8
KOT YAZI (BEYKENT)
100
AcDbText
 10
5644.447611947904
 20
1465.472029350137
 30
0.0
 40
10.0
  1
+7.18
  7
KOT (BEYKENT)
100
AcDbText
1001
sta4cad App2
1004
70
1071
       16
1071
        0
1004
00
1071
       50
1071
       75
1070
     0
1070
     0
  0
TEXT
  5
F08
330
1F
100
AcDbEntity
  8
KOT YAZI (BEYKENT)
100
AcDbText
 10
5644.447611947904
 20
1450.471924445962
 30
0.0
 40
10.0
  1
+7.02
  7
KOT (BEYKENT)
100
AcDbText
1001
sta4cad App2
1004
70
1071
       16
1071
        0
1004
00
1071
        0
1071
        0
1070
     0
1070
     0
  0
TEXT
  5
F09
330
1F
100
AcDbEntity
  8
DOSEME ISMI (BEYKENT)
100
AcDbText
 10
6209.170477938325
 20
1501.878605239653
 30
0.0
 40
12.5
  1
D1-20  d=16cm
  7
YAZI (BEYKENT)
100
AcDbText
1001
sta4cad App2
1004
6F
1071
       17
1071
        0
1004
00
1071
       50
1071
       76
1070
     0
1070
     0
  0
TEXT
  5
F0A
330
1F
100
AcDbEntity
  8
YAZI (BEYKENT)
100
AcDbText
 10
6209.170477938325
 20
1481.878605239653
 30
0.0
 40
10.0
  1
Q=5kN/m²
  7
YAZI (BEYKENT)
100
AcDbText
1001
sta4cad App2
1004
6F
1071
       17
1071
        0
1004
00
1071
        0
1071
        0
1070
     0
1070
     0
  0
TEXT
  5
F0B
330
1F
100
AcDbEntity
  8
KOT YAZI (BEYKENT)
100
AcDbText
 10
6224.40171275516
 20
1465.472029350137
 30
0.0
 40
10.0
  1
+7.18
  7
KOT (BEYKENT)
100
AcDbText
1001
sta4cad App2
1004
70
1071
       17
1071
        0
1004
00
1071
       50
1071
       76
1070
     0
1070
     0
  0
TEXT
  5
F0C
330
1F
100
AcDbEntity
  8
KOT YAZI (BEYKENT)
100
AcDbText
 10
6224.40171275516
 20
1450.471924445962
 30
0.0
 40
10.0
  1
+7.02
  7
KOT (BEYKENT)
100
AcDbText
1001
sta4cad App2
1004
70
1071
       17
1071
        0
1004
00
1071
        0
1071
        0
1070
     0
1070
     0
  0
TEXT
  5
F0D
330
1F
100
AcDbEntity
  8
DOSEME ISMI (BEYKENT)
100
AcDbText
 10
6609.439316397777
 20
1606.462107055449
 30
0.0
 40
12.5
  1
D1-21  d=16cm
  7
YAZI (BEYKENT)
100
AcDbText
1001
sta4cad App2
1004
6F
1071
       18
1071
        0
1004
00
1071
       50
1071
       77
1070
     0
1070
     0
  0
TEXT
  5
F0E
330
1F
100
AcDbEntity
  8
KOT YAZI (BEYKENT)
100
AcDbText
 10
6624.493957067326
 20
1586.668257047618
 30
0.0
 40
10.0
  1
+7.18
  7
KOT (BEYKENT)
100
AcDbText
1001
sta4cad App2
1004
72
1071
       18
1071
        0
1004
00
1071
       50
1071
       77
1070
     0
1070
     0
  0
TEXT
  5
F0F
330
1F
100
AcDbEntity
  8
KOT YAZI (BEYKENT)
100
AcDbText
 10
6624.493957067326
 20
1571.668450166667
 30
0.0
 40
10.0
  1
+7.02
  7
KOT (BEYKENT)
100
AcDbText
1001
sta4cad App2
1004
72
1071
       18
1071
        0
1004
00
1071
        0
1071
        0
1070
     0
1070
     0
  0
TEXT
  5
F10
330
1F
100
AcDbEntity
  8
DOSEME ISMI (BEYKENT)
100
AcDbText
 10
6916.483569515413
 20
1606.462107055449
 30
0.0
 40
12.5
  1
D1-22  d=16cm
  7
YAZI (BEYKENT)
100
AcDbText
1001
sta4cad App2
1004
6F
1071
       19
1071
        0
1004
00
1071
       50
1071
       78
1070
     0
1070
     0
  0
TEXT
  5
F11
330
1F
100
AcDbEntity
  8
KOT YAZI (BEYKENT)
100
AcDbText
 10
6931.574569018278
 20
1586.668257047618
 30
0.0
 40
10.0
  1
+7.18
  7
KOT (BEYKENT)
100
AcDbText
1001
sta4cad App2
1004
72
1071
       19
1071
        0
1004
00
1071
       50
1071
       78
1070
     0
1070
     0
  0
TEXT
  5
F12
330
1F
100
AcDbEntity
  8
KOT YAZI (BEYKENT)
100
AcDbText
 10
6931.574569018278
 20
1571.668450166667
 30
0.0
 40
10.0
  1
+7.02
  7
KOT (BEYKENT)
100
AcDbText
1001
sta4cad App2
1004
72
1071
       19
1071
        0
1004
00
1071
        0
1071
        0
1070
     0
1070
     0
  0
TEXT
  5
F13
330
1F
100
AcDbEntity
  8
DOSEME ISMI (BEYKENT)
100
AcDbText
 10
7183.205263962048
 20
1501.878605239653
 30
0.0
 40
12.5
  1
D1-23  d=16cm
  7
YAZI (BEYKENT)
100
AcDbText
1001
sta4cad App2
1004
6F
1071
       20
1071
        0
1004
00
1071
       50
1071
       79
1070
     0
1070
     0
  0
TEXT
  5
F14
330
1F
100
AcDbEntity
  8
YAZI (BEYKENT)
100
AcDbText
 10
7183.205263962048
 20
1481.878605239653
 30
0.0
 40
10.0
  1
Q=5kN/m²
  7
YAZI (BEYKENT)
100
AcDbText
1001
sta4cad App2
1004
6F
1071
       20
1071
        0
1004
00
1071
        0
1071
        0
1070
     0
1070
     0
  0
TEXT
  5
F15
330
1F
100
AcDbEntity
  8
KOT YAZI (BEYKENT)
100
AcDbText
 10
7198.436498778884
 20
1465.472029350137
 30
0.0
 40
10.0
  1
+7.18
  7
KOT (BEYKENT)
100
AcDbText
1001
sta4cad App2
1004
70
1071
       20
1071
        0
1004
00
1071
       50
1071
       79
1070
     0
1070
     0
  0
TEXT
  5
F16
330
1F
100
AcDbEntity
  8
KOT YAZI (BEYKENT)
100
AcDbText
 10
7198.436498778884
 20
1450.471924445962
 30
0.0
 40
10.0
  1
+7.02
  7
KOT (BEYKENT)
100
AcDbText
1001
sta4cad App2
1004
70
1071
       20
1071
        0
1004
00
1071
        0
1071
        0
1070
     0
1070
     0
  0
TEXT
  5
F17
330
1F
100
AcDbEntity
  8
DOSEME ISMI (BEYKENT)
100
AcDbText
 10
7867.836015772493
 20
1501.878605239653
 30
0.0
 40
12.5
  1
D1-24  d=16cm
  7
YAZI (BEYKENT)
100
AcDbText
1001
sta4cad App2
1004
6F
1071
       21
1071
        0
1004
00
1071
       50
1071
       80
1070
     0
1070
     0
  0
TEXT
  5
F18
330
1F
100
AcDbEntity
  8
YAZI (BEYKENT)
100
AcDbText
 10
7867.836015772493
 20
1481.878605239653
 30
0.0
 40
10.0
  1
Q=5kN/m²
  7
YAZI (BEYKENT)
100
AcDbText
1001
sta4cad App2
1004
6F
1071
       21
1071
        0
1004
00
1071
        0
1071
        0
1070
     0
1070
     0
  0
TEXT
  5
F19
330
1F
100
AcDbEntity
  8
KOT YAZI (BEYKENT)
100
AcDbText
 10
7883.067250589327
 20
1465.472029350137
 30
0.0
 40
10.0
  1
+7.18
  7
KOT (BEYKENT)
100
AcDbText
1001
sta4cad App2
1004
70
1071
       21
1071
        0
1004
00
1071
       50
1071
       80
1070
     0
1070
     0
  0
TEXT
  5
F1A
330
1F
100
AcDbEntity
  8
KOT YAZI (BEYKENT)
100
AcDbText
 10
7883.067250589327
 20
1450.471924445962
 30
0.0
 40
10.0
  1
+7.02
  7
KOT (BEYKENT)
100
AcDbText
1001
sta4cad App2
1004
70
1071
       21
1071
        0
1004
00
1071
        0
1071
        0
1070
     0
1070
     0
  0
TEXT
  5
F1B
330
1F
100
AcDbEntity
  8
DOSEME ISMI (BEYKENT)
100
AcDbText
 10
3055.207327079403
 20
1133.48658893592
 30
0.0
 40
12.5
  1
D1-25  d=16cm
  7
YAZI (BEYKENT)
100
AcDbText
1001
sta4cad App2
1004
6F
1071
       22
1071
        0
1004
00
1071
       50
1071
       81
1070
     0
1070
     0
  0
TEXT
  5
F1C
330
1F
100
AcDbEntity
  8
KOT YAZI (BEYKENT)
100
AcDbText
 10
3070.235667199446
 20
1113.693036951314
 30
0.0
 40
10.0
  1
+7.18
  7
KOT (BEYKENT)
100
AcDbText
1001
sta4cad App2
1004
72
1071
       22
1071
        0
1004
00
1071
       50
1071
       81
1070
     0
1070
     0
  0
TEXT
  5
F1D
330
1F
100
AcDbEntity
  8
KOT YAZI (BEYKENT)
100
AcDbText
 10
3070.235667199446
 20
1098.692932047139
 30
0.0
 40
10.0
  1
+7.02
  7
KOT (BEYKENT)
100
AcDbText
1001
sta4cad App2
1004
72
1071
       22
1071
        0
1004
00
1071
        0
1071
        0
1070
     0
1070
     0
  0
TEXT
  5
F1E
330
1F
100
AcDbEntity
  8
DOSEME ISMI (BEYKENT)
100
AcDbText
 10
3715.140405033333
 20
1138.201455337919
 30
0.0
 40
12.5
  1
D1-26  d=16cm
  7
YAZI (BEYKENT)
100
AcDbText
1001
sta4cad App2
1004
6F
1071
       23
1071
        0
1004
00
1071
       50
1071
       82
1070
     0
1070
     0
  0
TEXT
  5
F1F
330
1F
100
AcDbEntity
  8
KOT YAZI (BEYKENT)
100
AcDbText
 10
3730.273425810763
 20
1118.407903353312
 30
0.0
 40
10.0
  1
+7.18
  7
KOT (BEYKENT)
100
AcDbText
1001
sta4cad App2
1004
72
1071
       23
1071
        0
1004
00
1071
       50
1071
       82
1070
     0
1070
     0
  0
TEXT
  5
F20
330
1F
100
AcDbEntity
  8
KOT YAZI (BEYKENT)
100
AcDbText
 10
3730.273425810763
 20
1103.407798449137
 30
0.0
 40
10.0
  1
+7.02
  7
KOT (BEYKENT)
100
AcDbText
1001
sta4cad App2
1004
72
1071
       23
1071
        0
1004
00
1071
        0
1071
        0
1070
     0
1070
     0
  0
TEXT
  5
F21
330
1F
100
AcDbEntity
  8
DOSEME ISMI (BEYKENT)
100
AcDbText
 10
4242.028279437359
 20
1135.540543020826
 30
0.0
 40
12.5
  1
D1-27  d=16cm
  7
YAZI (BEYKENT)
100
AcDbText
1001
sta4cad App2
1004
6F
1071
       24
1071
        0
1004
00
1071
       50
1071
       83
1070
     0
1070
     0
  0
TEXT
  5
F22
330
1F
100
AcDbEntity
  8
KOT YAZI (BEYKENT)
100
AcDbText
 10
4257.108997138999
 20
1115.746991036219
 30
0.0
 40
10.0
  1
+7.18
  7
KOT (BEYKENT)
100
AcDbText
1001
sta4cad App2
1004
72
1071
       24
1071
        0
1004
00
1071
       50
1071
       83
1070
     0
1070
     0
  0
TEXT
  5
F23
330
1F
100
AcDbEntity
  8
KOT YAZI (BEYKENT)
100
AcDbText
 10
4257.108997138999
 20
1100.746886132044
 30
0.0
 40
10.0
  1
+7.02
  7
KOT (BEYKENT)
100
AcDbText
1001
sta4cad App2
1004
72
1071
       24
1071
        0
1004
00
1071
        0
1071
        0
1070
     0
1070
     0
  0
TEXT
  5
F24
330
1F
100
AcDbEntity
  8
DOSEME ISMI (BEYKENT)
100
AcDbText
 10
4742.432235311684
 20
1134.757799839622
 30
0.0
 40
12.5
  1
D1-28  d=16cm
  7
YAZI (BEYKENT)
100
AcDbText
1001
sta4cad App2
1004
6F
1071
       25
1071
        0
1004
00
1071
       50
1071
       84
1070
     0
1070
     0
  0
TEXT
  5
F25
330
1F
100
AcDbEntity
  8
KOT YAZI (BEYKENT)
100
AcDbText
 10
4757.512804001712
 20
1114.964247855015
 30
0.0
 40
10.0
  1
+7.18
  7
KOT (BEYKENT)
100
AcDbText
1001
sta4cad App2
1004
72
1071
       25
1071
        0
1004
00
1071
       50
1071
       84
1070
     0
1070
     0
  0
TEXT
  5
F26
330
1F
100
AcDbEntity
  8
KOT YAZI (BEYKENT)
100
AcDbText
 10
4757.512804001712
 20
1099.96414295084
 30
0.0
 40
10.0
  1
+7.02
  7
KOT (BEYKENT)
100
AcDbText
1001
sta4cad App2
1004
72
1071
       25
1071
        0
1004
00
1071
        0
1071
        0
1070
     0
1070
     0
  0
TEXT
  5
F27
330
1F
100
AcDbEntity
  8
DOSEME ISMI (BEYKENT)
100
AcDbText
 10
5670.735862682133
 20
1133.904582812545
 30
0.0
 40
12.5
  1
D1-29  d=16cm
  7
YAZI (BEYKENT)
100
AcDbText
1001
sta4cad App2
1004
6F
1071
       26
1071
        0
1004
00
1071
       50
1071
       85
1070
     0
1070
     0
  0
TEXT
  5
F28
330
1F
100
AcDbEntity
  8
KOT YAZI (BEYKENT)
100
AcDbText
 10
5685.816431372161
 20
1114.111030827938
 30
0.0
 40
10.0
  1
+7.18
  7
KOT (BEYKENT)
100
AcDbText
1001
sta4cad App2
1004
72
1071
       26
1071
        0
1004
00
1071
       50
1071
       85
1070
     0
1070
     0
  0
TEXT
  5
F29
330
1F
100
AcDbEntity
  8
KOT YAZI (BEYKENT)
100
AcDbText
 10
5685.816431372161
 20
1099.110925923763
 30
0.0
 40
10.0
  1
+7.02
  7
KOT (BEYKENT)
100
AcDbText
1001
sta4cad App2
1004
72
1071
       26
1071
        0
1004
00
1071
        0
1071
        0
1070
     0
1070
     0
  0
TEXT
  5
F2A
330
1F
100
AcDbEntity
  8
DOSEME ISMI (BEYKENT)
100
AcDbText
 10
6528.083439983686
 20
1130.598782990746
 30
0.0
 40
12.5
  1
D1-30  d=16cm
  7
YAZI (BEYKENT)
100
AcDbText
1001
sta4cad App2
1004
6F
1071
       27
1071
        0
1004
00
1071
       50
1071
       86
1070
     0
1070
     0
  0
TEXT
  5
F2B
330
1F
100
AcDbEntity
  8
KOT YAZI (BEYKENT)
100
AcDbText
 10
6543.169373091743
 20
1110.805231006139
 30
0.0
 40
10.0
  1
+7.18
  7
KOT (BEYKENT)
100
AcDbText
1001
sta4cad App2
1004
72
1071
       27
1071
        0
1004
00
1071
       50
1071
       86
1070
     0
1070
     0
  0
TEXT
  5
F2C
330
1F
100
AcDbEntity
  8
KOT YAZI (BEYKENT)
100
AcDbText
 10
6543.169373091743
 20
1095.805126101964
 30
0.0
 40
10.0
  1
+7.02
  7
KOT (BEYKENT)
100
AcDbText
1001
sta4cad App2
1004
72
1071
       27
1071
        0
1004
00
1071
        0
1071
        0
1070
     0
1070
     0
  0
TEXT
  5
F2D
330
1F
100
AcDbEntity
  8
DOSEME ISMI (BEYKENT)
100
AcDbText
 10
7198.0220690159
 20
1127.157033081537
 30
0.0
 40
12.5
  1
D1-31  d=16cm
  7
YAZI (BEYKENT)
100
AcDbText
1001
sta4cad App2
1004
6F
1071
       28
1071
        0
1004
00
1071
       50
1071
       87
1070
     0
1070
     0
  0
TEXT
  5
F2E
330
1F
100
AcDbEntity
  8
KOT YAZI (BEYKENT)
100
AcDbText
 10
7213.082074103481
 20
1107.36348109693
 30
0.0
 40
10.0
  1
+7.18
  7
KOT (BEYKENT)
100
AcDbText
1001
sta4cad App2
1004
72
1071
       28
1071
        0
1004
00
1071
       50
1071
       87
1070
     0
1070
     0
  0
TEXT
  5
F2F
330
1F
100
AcDbEntity
  8
KOT YAZI (BEYKENT)
100
AcDbText
 10
7213.082074103481
 20
1092.363376192755
 30
0.0
 40
10.0
  1
+7.02
  7
KOT (BEYKENT)
100
AcDbText
1001
sta4cad App2
1004
72
1071
       28
1071
        0
1004
00
1071
        0
1071
        0
1070
     0
1070
     0
  0
TEXT
  5
F30
330
1F
100
AcDbEntity
  8
DOSEME ISMI (BEYKENT)
100
AcDbText
 10
7977.837976351755
 20
1131.357604220763
 30
0.0
 40
12.5
  1
D1-32  d=16cm
  7
YAZI (BEYKENT)
100
AcDbText
1001
sta4cad App2
1004
6F
1071
       29
1071
        0
1004
00
1071
       50
1071
       88
1070
     0
1070
     0
  0
TEXT
  5
F31
330
1F
100
AcDbEntity
  8
KOT YAZI (BEYKENT)
100
AcDbText
 10
7992.934340272649
 20
1111.564052236156
 30
0.0
 40
10.0
  1
+7.18
  7
KOT (BEYKENT)
100
AcDbText
1001
sta4cad App2
1004
72
1071
       29
1071
        0
1004
00
1071
       50
1071
       88
1070
     0
1070
     0
  0
TEXT
  5
F32
330
1F
100
AcDbEntity
  8
KOT YAZI (BEYKENT)
100
AcDbText
 10
7992.934340272649
 20
1096.563947331981
 30
0.0
 40
10.0
  1
+7.02
  7
KOT (BEYKENT)
100
AcDbText
1001
sta4cad App2
1004
72
1071
       29
1071
        0
1004
00
1071
        0
1071
        0
1070
     0
1070
     0
  0
TEXT
  5
F33
330
1F
100
AcDbEntity
  8
DOSEME ISMI (BEYKENT)
100
AcDbText
 10
3738.328514063334
 20
1508.366271018639
 30
0.0
 40
12.5
  1
D1-11  d=16cm
  7
YAZI (BEYKENT)
100
AcDbText
1001
sta4cad App2
1004
6F
1071
       30
1071
        0
1004
00
1071
       50
1071
      107
1070
     0
1070
     0
  0
TEXT
  5
F34
330
1F
100
AcDbEntity
  8
YAZI (BEYKENT)
100
AcDbText
 10
3738.328514063334
 20
1488.366271018639
 30
0.0
 40
10.0
  1
Q=5kN/m²
  7
YAZI (BEYKENT)
100
AcDbText
1001
sta4cad App2
1004
6F
1071
       30
1071
        0
1004
00
1071
        0
1071
        0
1070
     0
1070
     0
  0
TEXT
  5
F35
330
1F
100
AcDbEntity
  8
KOT YAZI (BEYKENT)
100
AcDbText
 10
3753.560046903392
 20
1471.9593971059
 30
0.0
 40
10.0
  1
+7.18
  7
KOT (BEYKENT)
100
AcDbText
1001
sta4cad App2
1004
70
1071
       30
1071
        0
1004
00
1071
       50
1071
      107
1070
     0
1070
     0
  0
TEXT
  5
F36
330
1F
100
AcDbEntity
  8
KOT YAZI (BEYKENT)
100
AcDbText
 10
3753.560046903392
 20
1456.959292201725
 30
0.0
 40
10.0
  1
+7.02
  7
KOT (BEYKENT)
100
AcDbText
1001
sta4cad App2
1004
70
1071
       30
1071
        0
1004
00
1071
        0
1071
        0
1070
     0
1070
     0
  0
TEXT
  5
F37
330
1F
100
AcDbEntity
  8
KIRIS ISMI (BEYKENT)
100
AcDbText
 10
2825.236948680551
 20
2351.615317446929
 30
0.0
 40
15.0
  1
K1-35
  7
YAZI (BEYKENT)
100
AcDbText
1001
sta4cad App2
1004
13
1071
       63
1071
        0
1004
00
1071
        0
1071
        0
1070
     0
1070
     0
  0
TEXT
  5
F38
330
1F
100
AcDbEntity
  8
KOT YAZI (BEYKENT)
100
AcDbText
 10
2905.236985635431
 20
2451.615198237639
 30
0.0
 40
15.0
  1
+7.18
  7
KOT (BEYKENT)
100
AcDbText
1001
sta4cad App2
1004
13
1071
       63
1071
        0
1004
00
1071
        0
1071
        0
1070
     0
1070
     0
  0
TEXT
  5
F39
330
1F
100
AcDbEntity
  8
KIRIS ISMI (BEYKENT)
100
AcDbText
 10
3435.236918282182
 20
2351.615317446929
 30
0.0
 40
15.0
  1
K1-38
  7
YAZI (BEYKENT)
100
AcDbText
1001
sta4cad App2
1004
13
1071
       63
1071
        0
1004
00
1071
        0
1071
        0
1070
     0
1070
     0
  0
TEXT
  5
F3A
330
1F
100
AcDbEntity
  8
KIRIS ISMI (BEYKENT)
100
AcDbText
 10
3980.23690516916
 20
2351.615317446929
 30
0.0
 40
15.0
  1
K1-42
  7
YAZI (BEYKENT)
100
AcDbText
1001
sta4cad App2
1004
13
1071
       63
1071
        0
1004
00
1071
        0
1071
        0
1070
     0
1070
     0
  0
TEXT
  5
F3B
330
1F
100
AcDbEntity
  8
KIRIS ISMI (BEYKENT)
100
AcDbText
 10
4505.237000536592
 20
2351.615317446929
 30
0.0
 40
15.0
  1
K1-46
  7
YAZI (BEYKENT)
100
AcDbText
1001
sta4cad App2
1004
13
1071
       63
1071
        0
1004
00
1071
        0
1071
        0
1070
     0
1070
     0
  0
TEXT
  5
F3C
330
1F
100
AcDbEntity
  8
KIRIS ISMI (BEYKENT)
100
AcDbText
 10
5265.237050604493
 20
2351.615317446929
 30
0.0
 40
15.0
  1
K1-50
  7
YAZI (BEYKENT)
100
AcDbText
1001
sta4cad App2
1004
13
1071
       63
1071
        0
1004
00
1071
        0
1071
        0
1070
     0
1070
     0
  0
TEXT
  5
F3D
330
1F
100
AcDbEntity
  8
KIRIS ISMI (BEYKENT)
100
AcDbText
 10
6037.836926531465
 20
2351.615317446929
 30
0.0
 40
15.0
  1
K1-54
  7
YAZI (BEYKENT)
100
AcDbText
1001
sta4cad App2
1004
13
1071
       63
1071
        0
1004
00
1071
        0
1071
        0
1070
     0
1070
     0
  0
TEXT
  5
F3E
330
1F
100
AcDbEntity
  8
KIRIS ISMI (BEYKENT)
100
AcDbText
 10
6820.436971735627
 20
2351.615317446929
 30
0.0
 40
15.0
  1
K1-58
  7
YAZI (BEYKENT)
100
AcDbText
1001
sta4cad App2
1004
13
1071
       63
1071
        0
1004
00
1071
        0
1071
        0
1070
     0
1070
     0
  0
TEXT
  5
F3F
330
1F
100
AcDbEntity
  8
KIRIS ISMI (BEYKENT)
100
AcDbText
 10
7580.43553168741
 20
2351.615317446929
 30
0.0
 40
15.0
  1
K1-62
  7
YAZI (BEYKENT)
100
AcDbText
1001
sta4cad App2
1004
13
1071
       63
1071
        0
1004
00
1071
        0
1071
        0
1070
     0
1070
     0
  0
TEXT
  5
F40
330
1F
100
AcDbEntity
  8
KIRIS ISMI (BEYKENT)
100
AcDbText
 10
8390.370266985566
 20
2351.615317446929
 30
0.0
 40
15.0
  1
K1-65
  7
YAZI (BEYKENT)
100
AcDbText
1001
sta4cad App2
1004
13
1071
       63
1071
        0
1004
00
1071
        0
1071
        0
1070
     0
1070
     0
  0
TEXT
  5
F41
330
1F
100
AcDbEntity
  8
KESIT ISMI (BEYKENT)
100
AcDbText
 10
5622.471804208307
 20
2334.440042645022
 30
0.0
 40
25.0
  1
%%UA-A kesiti (1/50)
  7
YAZI (BEYKENT)
100
AcDbText
1001
sta4cad App2
1004
13
1071
       63
1071
        0
1004
00
1071
        0
1071
        0
1070
     0
1070
     0
  0
TEXT
  5
F42
330
1F
100
AcDbEntity
  8
KESIT ISMI (BEYKENT)
100
AcDbText
 10
2580.233061846444
 20
1769.012019984984
 30
0.0
 40
20.0
  1
A
  7
YAZI (BEYKENT)
100
AcDbText
1001
sta4cad App2
1004
13
1071
       64
1071
        0
1004
00
1071
        0
1071
        0
1070
     0
1070
     0
  0
TEXT
  5
F43
330
1F
100
AcDbEntity
  8
KESIT ISMI (BEYKENT)
100
AcDbText
 10
8687.065715639747
 20
1769.012019984984
 30
0.0
 40
20.0
  1
A
  7
YAZI (BEYKENT)
100
AcDbText
1001
sta4cad App2
1004
13
1071
       65
1071
        0
1004
00
1071
        0
1071
        0
1070
     0
1070
     0
  0
TEXT
  5
F44
330
1F
100
AcDbEntity
  8
KIRIS ISMI (BEYKENT)
100
AcDbText
 10
2444.168882918031
 20
1990.712688319945
 30
0.0
 40
15.0
  1
K1-04
 50
90.0
  7
YAZI (BEYKENT)
100
AcDbText
1001
sta4cad App2
1004
13
1071
       66
1071
        0
1004
00
1071
        0
1071
        0
1070
     0
1070
     0
  0
TEXT
  5
F45
330
1F
100
AcDbEntity
  8
KOT YAZI (BEYKENT)
100
AcDbText
 10
2344.168927621515
 20
1907.626471870207
 30
0.0
 40
15.0
  1
+7.18
 50
90.0
  7
KOT (BEYKENT)
100
AcDbText
1001
sta4cad App2
1004
13
1071
       66
1071
        0
1004
00
1071
        0
1071
        0
1070
     0
1070
     0
  0
TEXT
  5
F46
330
1F
100
AcDbEntity
  8
KIRIS ISMI (BEYKENT)
100
AcDbText
 10
2444.168882918031
 20
1630.731330268645
 30
0.0
 40
15.0
  1
K1-12
 50
90.0
  7
YAZI (BEYKENT)
100
AcDbText
1001
sta4cad App2
1004
13
1071
       66
1071
        0
1004
00
1071
        0
1071
        0
1070
     0
1070
     0
  0
TEXT
  5
F47
330
1F
100
AcDbEntity
  8
KIRIS ISMI (BEYKENT)
100
AcDbText
 10
2444.168845665128
 20
1155.69989477899
 30
0.0
 40
15.0
  1
K1-20
 50
90.0
  7
YAZI (BEYKENT)
100
AcDbText
1001
sta4cad App2
1004
13
1071
       66
1071
        0
1004
00
1071
        0
1071
        0
1070
     0
1070
     0
  0
TEXT
  5
F48
330
1F
100
AcDbEntity
  8
KIRIS ISMI (BEYKENT)
100
AcDbText
 10
2444.168845665128
 20
1025.699780338072
 30
0.0
 40
15.0
  1
K1-28
 50
90.0
  7
YAZI (BEYKENT)
100
AcDbText
1001
sta4cad App2
1004
13
1071
       66
1071
        0
1004
00
1071
        0
1071
        0
1070
     0
1070
     0
  0
TEXT
  5
F49
330
1F
100
AcDbEntity
  8
KESIT ISMI (BEYKENT)
100
AcDbText
 10
2477.885691203421
 20
1369.665380570986
 30
0.0
 40
25.0
  1
%%UB-B kesiti (1/50)
 50
90.0
  7
YAZI (BEYKENT)
100
AcDbText
1001
sta4cad App2
1004
13
1071
       66
1071
        0
1004
00
1071
        0
1071
        0
1070
     0
1070
     0
  0
TEXT
  5
F4A
330
1F
100
AcDbEntity
  8
KESIT ISMI (BEYKENT)
100
AcDbText
 10
4709.428208422334
 20
774.935913834422
 30
0.0
 40
20.0
  1
B
 50
90.0
  7
YAZI (BEYKENT)
100
AcDbText
1001
sta4cad App2
1004
13
1071
       67
1071
        0
1004
00
1071
        0
1071
        0
1070
     0
1070
     0
  0
TEXT
  5
F4B
330
1F
100
AcDbEntity
  8
KESIT ISMI (BEYKENT)
100
AcDbText
 10
4709.386187147767
 20
2267.710446871839
 30
0.0
 40
20.0
  1
B
 50
90.0
  7
YAZI (BEYKENT)
100
AcDbText
1001
sta4cad App2
1004
13
1071
       68
1071
        0
1004
00
1071
        0
1071
        0
1070
     0
1070
     0
  0
TEXT
  5
F4C
330
1F
100
AcDbEntity
  8
DONATI (BEYKENT)
100
AcDbText
 10
2833.336921882303
 20
1715.211973541045
 30
0.0
 40
0.0004999999873689
  1
& 1-.16- 1- 0- 5.450001
  7
stastyle
100
AcDbText
1001
sta4cad App2
1004
0A
1071
        1
1071
        0
1004
00
1071
        0
1071
        0
1070
     0
1070
     0
  0
TEXT
  5
F4D
330
1F
100
AcDbEntity
  8
DONATI YAZISI (BEYKENT)
100
AcDbText
 10
3061.541798066766
 20
1727.693988388571
 30
0.0
 40
10.0
  1
 12ø8/30  l=635
  7
DONATI YAZISI (BEYKENT)
100
AcDbText
1001
sta4cad App2
1004
0A
1071
       69
1071
        0
1004
02
1071
        0
1071
        1
1070
     0
1070
     0
  0
TEXT
  5
F4E
330
1F
100
AcDbEntity
  8
DONATI YAZISI (BEYKENT)
100
AcDbText
 10
3061.551334809931
 20
1752.516640728506
 30
0.0
 40
10.0
  1
 12ø8/30  l=795
  7
DONATI YAZISI (BEYKENT)
100
AcDbText
1001
sta4cad App2
1004
0A
1071
       70
1071
        0
1004
04
1071
        0
1071
        1
1070
     0
1070
     0
  0
TEXT
  5
F4F
330
1F
100
AcDbEntity
  8
DONATI YAZISI (BEYKENT)
100
AcDbText
 10
3509.71121982655
 20
1786.585224205984
 30
0.0
 40
10.0
  1
 12ø8/30  l=315
  7
DONATI YAZISI (BEYKENT)
100
AcDbText
1001
sta4cad App2
1004
0A
1071
       71
1071
        0
1004
02
1071
        0
1071
        1
1070
     0
1070
     0
  0
TEXT
  5
F50
330
1F
100
AcDbEntity
  8
DONATI (BEYKENT)
100
AcDbText
 10
3390.336888384493
 20
1638.21201121118
 30
0.0
 40
0.0004999999873689
  1
& 1-.16- 1- 5.050001- 0
  7
stastyle
100
AcDbText
1001
sta4cad App2
1004
0A
1071
        2
1071
        0
1004
00
1071
        0
1071
        0
1070
     0
1070
     0
  0
TEXT
  5
F51
330
1F
100
AcDbEntity
  8
DONATI YAZISI (BEYKENT)
100
AcDbText
 10
3262.268932363612
 20
1806.867525928282
 30
0.0
 40
10.0
  1
 24ø8/25  l=385
 50
90.0
  7
DONATI YAZISI (BEYKENT)
100
AcDbText
1001
sta4cad App2
1004
0A
1071
       72
1071
        0
1004
02
1071
        0
1071
        2
1070
     0
1070
     0
  0
TEXT
  5
F52
330
1F
100
AcDbEntity
  8
DONATI YAZISI (BEYKENT)
100
AcDbText
 10
3237.441809675318
 20
1806.877062671446
 30
0.0
 40
10.0
  1
 24ø8/25  l=530
 50
90.0
  7
DONATI YAZISI (BEYKENT)
100
AcDbText
1001
sta4cad App2
1004
0A
1071
       73
1071
        0
1004
04
1071
        0
1071
        2
1070
     0
1070
     0
  0
TEXT
  5
F53
330
1F
100
AcDbEntity
  8
DONATI YAZISI (BEYKENT)
100
AcDbText
 10
3214.991476036736
 20
1525.904689692855
 30
0.0
 40
10.0
  1
 20ø8/30  l=235
 50
90.0
  7
DONATI YAZISI (BEYKENT)
100
AcDbText
1001
sta4cad App2
1004
0A
1071
       74
1071
        0
1004
02
1071
        0
1071
        2
1070
     0
1070
     0
  0
TEXT
  5
F54
330
1F
100
AcDbEntity
  8
DONATI (BEYKENT)
100
AcDbText
 10
3443.329142880113
 20
1735.212014072203
 30
0.0
 40
0.0004999999873689
  1
& 1-.16- 1- 6.099999- 5.25
  7
stastyle
100
AcDbText
1001
sta4cad App2
1004
0A
1071
        3
1071
        0
1004
00
1071
        0
1071
        0
1070
     0
1070
     0
  0
TEXT
  5
F55
330
1F
100
AcDbEntity
  8
DONATI YAZISI (BEYKENT)
100
AcDbText
 10
3648.784118246706
 20
1739.21208178308
 30
0.0
 40
10.0
  1
 9ø8/38  l=570
  7
DONATI YAZISI (BEYKENT)
100
AcDbText
1001
sta4cad App2
1004
0A
1071
       75
1071
        0
1004
02
1071
        0
1071
        3
1070
     0
1070
     0
  0
TEXT
  5
F56
330
1F
100
AcDbEntity
  8
DONATI YAZISI (BEYKENT)
100
AcDbText
 10
3648.79365498987
 20
1764.034734123015
 30
0.0
 40
10.0
  1
 9ø8/38  l=865
  7
DONATI YAZISI (BEYKENT)
100
AcDbText
1001
sta4cad App2
1004
0A
1071
       76
1071
        0
1004
01
1071
        0
1071
        3
1070
     0
1070
     0
  0
TEXT
  5
F57
330
1F
100
AcDbEntity
  8
DONATI YAZISI (BEYKENT)
100
AcDbText
 10
4053.220706534059
 20
1786.96677068639
 30
0.0
 40
10.0
  1
 12ø8/30  l=295
  7
DONATI YAZISI (BEYKENT)
100
AcDbText
1001
sta4cad App2
1004
0A
1071
       77
1071
        0
1004
02
1071
        0
1071
        3
1070
     0
1070
     0
  0
TEXT
  5
F58
330
1F
100
AcDbEntity
  8
DONATI (BEYKENT)
100
AcDbText
 10
3935.337024283083
 20
1638.21201121118
 30
0.0
 40
0.0004999999873689
  1
& 1-.16- 1- 4.75- 0
  7
stastyle
100
AcDbText
1001
sta4cad App2
1004
0A
1071
        4
1071
        0
1004
00
1071
        0
1071
        0
1070
     0
1070
     0
  0
TEXT
  5
F59
330
1F
100
AcDbEntity
  8
DONATI YAZISI (BEYKENT)
100
AcDbText
 10
3951.485273768205
 20
1806.884513252043
 30
0.0
 40
10.0
  1
 18ø8/29  l=385
 50
90.0
  7
DONATI YAZISI (BEYKENT)
100
AcDbText
1001
sta4cad App2
1004
0A
1071
       78
1071
        0
1004
02
1071
        0
1071
        4
1070
     0
1070
     0
  0
TEXT
  5
F5A
330
1F
100
AcDbEntity
  8
DONATI YAZISI (BEYKENT)
100
AcDbText
 10
3926.658151079911
 20
1806.894049995207
 30
0.0
 40
10.0
  1
 18ø8/29  l=515
 50
90.0
  7
DONATI YAZISI (BEYKENT)
100
AcDbText
1001
sta4cad App2
1004
0A
1071
       79
1071
        0
1004
04
1071
        0
1071
        4
1070
     0
1070
     0
  0
TEXT
  5
F5B
330
1F
100
AcDbEntity
  8
DONATI (BEYKENT)
100
AcDbText
 10
3988.336878370912
 20
1715.211973541045
 30
0.0
 40
0.0004999999873689
  1
& 1-.16- 1- 5.450001- 7.6
  7
stastyle
100
AcDbText
1001
sta4cad App2
1004
0A
1071
        5
1071
        0
1004
00
1071
        0
1071
        0
1070
     0
1070
     0
  0
TEXT
  5
F5C
330
1F
100
AcDbEntity
  8
DONATI YAZISI (BEYKENT)
100
AcDbText
 10
4186.79173524347
 20
1727.762263154225
 30
0.0
 40
10.0
  1
 9ø8/38  l=550
  7
DONATI YAZISI (BEYKENT)
100
AcDbText
1001
sta4cad App2
1004
0A
1071
       81
1071
        0
1004
02
1071
        0
1071
        5
1070
     0
1070
     0
  0
TEXT
  5
F5D
330
1F
100
AcDbEntity
  8
DONATI YAZISI (BEYKENT)
100
AcDbText
 10
4186.801271986634
 20
1752.58491549416
 30
0.0
 40
10.0
  1
 9ø8/38  l=885
  7
DONATI YAZISI (BEYKENT)
100
AcDbText
1001
sta4cad App2
1004
0A
1071
       82
1071
        0
1004
01
1071
        0
1071
        5
1070
     0
1070
     0
  0
TEXT
  5
F5E
330
1F
100
AcDbEntity
  8
DONATI YAZISI (BEYKENT)
100
AcDbText
 10
4627.766566824586
 20
1776.41456232369
 30
0.0
 40
10.0
  1
 13ø10/26  l=350
  7
DONATI YAZISI (BEYKENT)
100
AcDbText
1001
sta4cad App2
1004
0A
1071
       83
1071
        0
1004
02
1071
        0
1071
        5
1070
     0
1070
     0
  0
TEXT
  5
F5F
330
1F
100
AcDbEntity
  8
DONATI YAZISI (BEYKENT)
100
AcDbText
 10
4485.086698144044
 20
1806.850836627745
 30
0.0
 40
10.0
  1
 17ø8/30  l=385
 50
90.0
  7
DONATI YAZISI (BEYKENT)
100
AcDbText
1001
sta4cad App2
1004
0A
1071
       84
1071
        0
1004
02
1071
        0
1071
        6
1070
     0
1070
     0
  0
TEXT
  5
F60
330
1F
100
AcDbEntity
  8
DONATI YAZISI (BEYKENT)
100
AcDbText
 10
4460.259873478975
 20
1806.860373370909
 30
0.0
 40
10.0
  1
 17ø8/30  l=515
 50
90.0
  7
DONATI YAZISI (BEYKENT)
100
AcDbText
1001
sta4cad App2
1004
0A
1071
       85
1071
        0
1004
04
1071
        0
1071
        6
1070
     0
1070
     0
  0
TEXT
  5
F61
330
1F
100
AcDbEntity
  8
DONATI (BEYKENT)
100
AcDbText
 10
4513.329225134523
 20
1735.212014072203
 30
0.0
 40
0.0004999999873689
  1
& 1-.16- 1- 5.25- 7.925002
  7
stastyle
100
AcDbText
1001
sta4cad App2
1004
0A
1071
        7
1071
        0
1004
00
1071
        0
1071
        0
1070
     0
1070
     0
  0
TEXT
  5
F62
330
1F
100
AcDbEntity
  8
DONATI YAZISI (BEYKENT)
100
AcDbText
 10
4784.761624884279
 20
1739.637360923552
 30
0.0
 40
10.0
  1
 20ø8/17  l=785
  7
DONATI YAZISI (BEYKENT)
100
AcDbText
1001
sta4cad App2
1004
0A
1071
       87
1071
        0
1004
02
1071
        0
1071
        7
1070
     0
1070
     0
  0
TEXT
  5
F63
330
1F
100
AcDbEntity
  8
DONATI YAZISI (BEYKENT)
100
AcDbText
 10
5313.58893382789
 20
1769.636974685454
 30
0.0
 40
10.0
  1
 14ø12/25  l=400
  7
DONATI YAZISI (BEYKENT)
100
AcDbText
1001
sta4cad App2
1004
0A
1071
       88
1071
        0
1004
02
1071
        0
1071
        7
1070
     0
1070
     0
  0
TEXT
  5
F64
330
1F
100
AcDbEntity
  8
DONATI (BEYKENT)
100
AcDbText
 10
5220.336871695192
 20
1638.21201121118
 30
0.0
 40
0.0004999999873689
  1
& 1-.16- 1- 5.050001- 0
  7
stastyle
100
AcDbText
1001
sta4cad App2
1004
0A
1071
        8
1071
        0
1004
00
1071
        0
1071
        0
1070
     0
1070
     0
  0
TEXT
  5
F65
330
1F
100
AcDbEntity
  8
DONATI YAZISI (BEYKENT)
100
AcDbText
 10
4877.075039532162
 20
1806.80047070291
 30
0.0
 40
10.0
  1
 32ø8/23  l=385
 50
90.0
  7
DONATI YAZISI (BEYKENT)
100
AcDbText
1001
sta4cad App2
1004
0A
1071
       89
1071
        0
1004
02
1071
        0
1071
        8
1070
     0
1070
     0
  0
TEXT
  5
F66
330
1F
100
AcDbEntity
  8
DONATI YAZISI (BEYKENT)
100
AcDbText
 10
4852.248214867093
 20
1806.810007446074
 30
0.0
 40
10.0
  1
 32ø8/23  l=530
 50
90.0
  7
DONATI YAZISI (BEYKENT)
100
AcDbText
1001
sta4cad App2
1004
0A
1071
       90
1071
        0
1004
04
1071
        0
1071
        8
1070
     0
1070
     0
  0
TEXT
  5
F67
330
1F
100
AcDbEntity
  8
DONATI YAZISI (BEYKENT)
100
AcDbText
 10
4831.218520540638
 20
1526.57220189584
 30
0.0
 40
10.0
  1
16ø8/30  l=235
 50
90.0
  7
DONATI YAZISI (BEYKENT)
100
AcDbText
1001
sta4cad App2
1004
0A
1071
       91
1071
        0
1004
02
1071
        0
1071
        8
1070
     0
1070
     0
  0
TEXT
  5
F68
330
1F
100
AcDbEntity
  8
DONATI (BEYKENT)
100
AcDbText
 10
5273.337023806245
 20
1715.211973541045
 30
0.0
 40
0.0004999999873689
  1
& 1-.16- 1- 7.6- 7.924998
  7
stastyle
100
AcDbText
1001
sta4cad App2
1004
0A
1071
        9
1071
        0
1004
00
1071
        0
1071
        0
1070
     0
1070
     0
  0
TEXT
  5
F69
330
1F
100
AcDbEntity
  8
DONATI YAZISI (BEYKENT)
100
AcDbText
 10
5552.644687246949
 20
1732.816045562263
 30
0.0
 40
10.0
  1
 20ø8/17  l=810
  7
DONATI YAZISI (BEYKENT)
100
AcDbText
1001
sta4cad App2
1004
0A
1071
       92
1071
        0
1004
02
1071
        0
1071
        9
1070
     0
1070
     0
  0
TEXT
  5
F6A
330
1F
100
AcDbEntity
  8
DONATI YAZISI (BEYKENT)
100
AcDbText
 10
6114.756753435748
 20
1769.637272708678
 30
0.0
 40
10.0
  1
 13ø12/26  l=415
  7
DONATI YAZISI (BEYKENT)
100
AcDbText
1001
sta4cad App2
1004
0A
1071
       93
1071
        0
1004
02
1071
        0
1071
        9
1070
     0
1070
     0
  0
TEXT
  5
F6B
330
1F
100
AcDbEntity
  8
DONATI (BEYKENT)
100
AcDbText
 10
5992.836909842164
 20
1638.21201121118
 30
0.0
 40
0.0004999999873689
  1
& 1-.16- 1- 5.05- 0
  7
stastyle
100
AcDbText
1001
sta4cad App2
1004
0A
1071
       10
1071
        0
1004
00
1071
        0
1071
        0
1070
     0
1070
     0
  0
TEXT
  5
F6C
330
1F
100
AcDbEntity
  8
DONATI YAZISI (BEYKENT)
100
AcDbText
 10
5881.951085379242
 20
1806.796298377776
 30
0.0
 40
10.0
  1
 33ø8/23  l=385
 50
90.0
  7
DONATI YAZISI (BEYKENT)
100
AcDbText
1001
sta4cad App2
1004
0A
1071
       94
1071
        0
1004
02
1071
        0
1071
       10
1070
     0
1070
     0
  0
TEXT
  5
F6D
330
1F
100
AcDbEntity
  8
DONATI YAZISI (BEYKENT)
100
AcDbText
 10
5857.124260714172
 20
1806.80583512094
 30
0.0
 40
10.0
  1
 33ø8/23  l=530
 50
90.0
  7
DONATI YAZISI (BEYKENT)
100
AcDbText
1001
sta4cad App2
1004
0A
1071
       95
1071
        0
1004
04
1071
        0
1071
       10
1070
     0
1070
     0
  0
TEXT
  5
F6E
330
1F
100
AcDbEntity
  8
DONATI YAZISI (BEYKENT)
100
AcDbText
 10
5835.322410320758
 20
1525.193108584797
 30
0.0
 40
10.0
  1
16ø8/30  l=235
 50
90.0
  7
DONATI YAZISI (BEYKENT)
100
AcDbText
1001
sta4cad App2
1004
0A
1071
       96
1071
        0
1004
02
1071
        0
1071
       10
1070
     0
1070
     0
  0
TEXT
  5
F6F
330
1F
100
AcDbEntity
  8
DONATI (BEYKENT)
100
AcDbText
 10
6045.829015326187
 20
1755.212054603362
 30
0.0
 40
0.0004999999873689
  1
& 1-.16- 1- 7.925002- 7.599992
  7
stastyle
100
AcDbText
1001
sta4cad App2
1004
0A
1071
       11
1071
        0
1004
00
1071
        0
1071
        0
1070
     0
1070
     0
  0
TEXT
  5
F70
330
1F
100
AcDbEntity
  8
DONATI YAZISI (BEYKENT)
100
AcDbText
 10
6325.136380743654
 20
1739.637360923552
 30
0.0
 40
10.0
  1
 20ø8/17  l=810
  7
DONATI YAZISI (BEYKENT)
100
AcDbText
1001
sta4cad App2
1004
0A
1071
       97
1071
        0
1004
02
1071
        0
1071
       11
1070
     0
1070
     0
  0
TEXT
  5
F71
330
1F
100
AcDbEntity
  8
DONATI YAZISI (BEYKENT)
100
AcDbText
 10
6875.765465780289
 20
1769.636974685454
 30
0.0
 40
10.0
  1
 13ø12/26  l=400
  7
DONATI YAZISI (BEYKENT)
100
AcDbText
1001
sta4cad App2
1004
0A
1071
       98
1071
        0
1004
02
1071
        0
1071
       11
1070
     0
1070
     0
  0
TEXT
  5
F72
330
1F
100
AcDbEntity
  8
DONATI (BEYKENT)
100
AcDbText
 10
6775.337117266328
 20
1638.21201121118
 30
0.0
 40
0.0004999999873689
  1
& 1-.16- 1- 5.05- 0
  7
stastyle
100
AcDbText
1001
sta4cad App2
1004
0A
1071
       12
1071
        0
1004
00
1071
        0
1071
        0
1070
     0
1070
     0
  0
TEXT
  5
F73
330
1F
100
AcDbEntity
  8
DONATI YAZISI (BEYKENT)
100
AcDbText
 10
6489.946148814993
 20
1806.796298377776
 30
0.0
 40
10.0
  1
 33ø8/23  l=385
 50
90.0
  7
DONATI YAZISI (BEYKENT)
100
AcDbText
1001
sta4cad App2
1004
0A
1071
       99
1071
        0
1004
02
1071
        0
1071
       12
1070
     0
1070
     0
  0
TEXT
  5
F74
330
1F
100
AcDbEntity
  8
DONATI YAZISI (BEYKENT)
100
AcDbText
 10
6465.119324149924
 20
1806.80583512094
 30
0.0
 40
10.0
  1
 33ø8/23  l=530
 50
90.0
  7
DONATI YAZISI (BEYKENT)
100
AcDbText
1001
sta4cad App2
1004
0A
1071
      100
1071
        0
1004
04
1071
        0
1071
       12
1070
     0
1070
     0
  0
TEXT
  5
F75
330
1F
100
AcDbEntity
  8
DONATI (BEYKENT)
100
AcDbText
 10
6828.336971354158
 20
1715.211973541045
 30
0.0
 40
0.0004999999873689
  1
& 1-.16- 1- 7.924998- 8.099997
  7
stastyle
100
AcDbText
1001
sta4cad App2
1004
0A
1071
       13
1071
        0
1004
00
1071
        0
1071
        0
1070
     0
1070
     0
  0
TEXT
  5
F76
330
1F
100
AcDbEntity
  8
DONATI YAZISI (BEYKENT)
100
AcDbText
 10
7099.769371103914
 20
1731.636579407487
 30
0.0
 40
10.0
  1
 20ø8/17  l=785
  7
DONATI YAZISI (BEYKENT)
100
AcDbText
1001
sta4cad App2
1004
0A
1071
      102
1071
        0
1004
02
1071
        0
1071
       13
1070
     0
1070
     0
  0
TEXT
  5
F77
330
1F
100
AcDbEntity
  8
DONATI (BEYKENT)
100
AcDbText
 10
7535.33567721811
 20
1638.21201121118
 30
0.0
 40
0.0004999999873689
  1
& 1-.16- 1- 5.05- 0
  7
stastyle
100
AcDbText
1001
sta4cad App2
1004
0A
1071
       14
1071
        0
1004
00
1071
        0
1071
        0
1070
     0
1070
     0
  0
TEXT
  5
F78
330
1F
100
AcDbEntity
  8
DONATI YAZISI (BEYKENT)
100
AcDbText
 10
7432.504950811574
 20
1806.842491977477
 30
0.0
 40
10.0
  1
 31ø8/24  l=385
 50
90.0
  7
DONATI YAZISI (BEYKENT)
100
AcDbText
1001
sta4cad App2
1004
0A
1071
      104
1071
        0
1004
02
1071
        0
1071
       14
1070
     0
1070
     0
  0
TEXT
  5
F79
330
1F
100
AcDbEntity
  8
DONATI YAZISI (BEYKENT)
100
AcDbText
 10
7407.67782812328
 20
1806.852028720641
 30
0.0
 40
10.0
  1
 31ø8/24  l=530
 50
90.0
  7
DONATI YAZISI (BEYKENT)
100
AcDbText
1001
sta4cad App2
1004
0A
1071
      105
1071
        0
1004
04
1071
        0
1071
       14
1070
     0
1070
     0
  0
TEXT
  5
F7A
330
1F
100
AcDbEntity
  8
DONATI YAZISI (BEYKENT)
100
AcDbText
 10
7387.560979899262
 20
1525.471191206924
 30
0.0
 40
10.0
  1
 25ø8/30  l=235
 50
90.0
  7
DONATI YAZISI (BEYKENT)
100
AcDbText
1001
sta4cad App2
1004
0A
1071
      106
1071
        0
1004
02
1071
        0
1071
       14
1070
     0
1070
     0
  0
TEXT
  5
F7B
330
1F
100
AcDbEntity
  8
DONATI (BEYKENT)
100
AcDbText
 10
7588.328378748567
 20
1735.212014072203
 30
0.0
 40
0.0004999999873689
  1
& 1-.16- 1- 7.599992- 0
  7
stastyle
100
AcDbText
1001
sta4cad App2
1004
0A
1071
       15
1071
        0
1004
00
1071
        0
1071
        0
1070
     0
1070
     0
  0
TEXT
  5
F7C
330
1F
100
AcDbEntity
  8
DONATI YAZISI (BEYKENT)
100
AcDbText
 10
7877.260702204377
 20
1739.637360923552
 30
0.0
 40
10.0
  1
 31ø8/11  l=835
  7
DONATI YAZISI (BEYKENT)
100
AcDbText
1001
sta4cad App2
1004
0A
1071
      107
1071
        0
1004
02
1071
        0
1071
       15
1070
     0
1070
     0
  0
TEXT
  5
F7D
330
1F
100
AcDbEntity
  8
DONATI YAZISI (BEYKENT)
100
AcDbText
 10
7630.454147019086
 20
1769.636974685454
 30
0.0
 40
10.0
  1
 15ø12/23  l=410
  7
DONATI YAZISI (BEYKENT)
100
AcDbText
1001
sta4cad App2
1004
0A
1071
      108
1071
        0
1004
02
1071
        0
1071
       15
1070
     0
1070
     0
  0
TEXT
  5
F7E
330
1F
100
AcDbEntity
  8
DONATI YAZISI (BEYKENT)
100
AcDbText
 10
8315.789359163911
 20
1769.636974685454
 30
0.0
 40
10.0
  1
 17ø8/20  l=240
  7
DONATI YAZISI (BEYKENT)
100
AcDbText
1001
sta4cad App2
1004
0A
1071
      109
1071
        0
1004
0B
1071
        0
1071
       15
1070
     0
1070
     0
  0
TEXT
  5
F7F
330
1F
100
AcDbEntity
  8
DONATI (BEYKENT)
100
AcDbText
 10
8345.33597762552
 20
1638.21201121118
 30
0.0
 40
0.0004999999873689
  1
& 1-.16- 1- 5.050001- 0
  7
stastyle
100
AcDbText
1001
sta4cad App2
1004
0A
1071
       16
1071
        0
1004
00
1071
        0
1071
        0
1070
     0
1070
     0
  0
TEXT
  5
F80
330
1F
100
AcDbEntity
  8
DONATI YAZISI (BEYKENT)
100
AcDbText
 10
8147.875929845392
 20
1806.808815353178
 30
0.0
 40
10.0
  1
 33ø8/24  l=385
 50
90.0
  7
DONATI YAZISI (BEYKENT)
100
AcDbText
1001
sta4cad App2
1004
0A
1071
      110
1071
        0
1004
02
1071
        0
1071
       16
1070
     0
1070
     0
  0
TEXT
  5
F81
330
1F
100
AcDbEntity
  8
DONATI YAZISI (BEYKENT)
100
AcDbText
 10
8123.048807157099
 20
1806.818352096343
 30
0.0
 40
10.0
  1
 33ø8/24  l=530
 50
90.0
  7
DONATI YAZISI (BEYKENT)
100
AcDbText
1001
sta4cad App2
1004
0A
1071
      111
1071
        0
1004
04
1071
        0
1071
       16
1070
     0
1070
     0
  0
TEXT
  5
F82
330
1F
100
AcDbEntity
  8
DONATI YAZISI (BEYKENT)
100
AcDbText
 10
8100.864580196164
 20
1524.746154488129
 30
0.0
 40
10.0
  1
 38ø8/21  l=235
 50
90.0
  7
DONATI YAZISI (BEYKENT)
100
AcDbText
1001
sta4cad App2
1004
0A
1071
      112
1071
        0
1004
02
1071
        0
1071
       16
1070
     0
1070
     0
  0
TEXT
  5
F83
330
1F
100
AcDbEntity
  8
DONATI (BEYKENT)
100
AcDbText
 10
2833.336921882303
 20
1240.211830489897
 30
0.0
 40
0.0004999999873689
  1
& 1-.16- 1- 0- 2.740001
  7
stastyle
100
AcDbText
1001
sta4cad App2
1004
0A
1071
       17
1071
        0
1004
00
1071
        0
1071
        0
1070
     0
1070
     0
  0
TEXT
  5
F84
330
1F
100
AcDbEntity
  8
DONATI YAZISI (BEYKENT)
100
AcDbText
 10
3061.541798066766
 20
1333.741331684861
 30
0.0
 40
10.0
  1
 16ø10/29  l=635
  7
DONATI YAZISI (BEYKENT)
100
AcDbText
1001
sta4cad App2
1004
0A
1071
      113
1071
        0
1004
02
1071
        0
1071
       17
1070
     0
1070
     0
  0
TEXT
  5
F85
330
1F
100
AcDbEntity
  8
DONATI YAZISI (BEYKENT)
100
AcDbText
 10
3061.551334809931
 20
1358.56428204802
 30
0.0
 40
10.0
  1
 16ø10/29  l=725
  7
DONATI YAZISI (BEYKENT)
100
AcDbText
1001
sta4cad App2
1004
0A
1071
      114
1071
        0
1004
04
1071
        0
1071
       17
1070
     0
1070
     0
  0
TEXT
  5
F86
330
1F
100
AcDbEntity
  8
DONATI YAZISI (BEYKENT)
100
AcDbText
 10
3435.594612868281
 20
1390.529007022087
 30
0.0
 40
10.0
  1
 15ø8/30  l=240
  7
DONATI YAZISI (BEYKENT)
100
AcDbText
1001
sta4cad App2
1004
0A
1071
      115
1071
        0
1004
02
1071
        0
1071
       17
1070
     0
1070
     0
  0
TEXT
  5
F87
330
1F
100
AcDbEntity
  8
DONATI (BEYKENT)
100
AcDbText
 10
3370.336847853334
 20
1163.204119556212
 30
0.0
 40
0.0004999999873689
  1
& 1-.16- 1- 1.3- 3.6
  7
stastyle
100
AcDbText
1001
sta4cad App2
1004
0A
1071
       18
1071
        0
1004
00
1071
        0
1071
        0
1070
     0
1070
     0
  0
TEXT
  5
F88
330
1F
100
AcDbEntity
  8
DONATI YAZISI (BEYKENT)
100
AcDbText
 10
3273.119823793892
 20
1418.005035274291
 30
0.0
 40
10.0
  1
 21ø8/28  l=500
 50
90.0
  7
DONATI YAZISI (BEYKENT)
100
AcDbText
1001
sta4cad App2
1004
0A
1071
      116
1071
        0
1004
02
1071
        0
1071
       18
1070
     0
1070
     0
  0
TEXT
  5
F89
330
1F
100
AcDbEntity
  8
DONATI YAZISI (BEYKENT)
100
AcDbText
 10
3248.292701105599
 20
1418.014572017455
 30
0.0
 40
10.0
  1
 21ø8/28  l=640
 50
90.0
  7
DONATI YAZISI (BEYKENT)
100
AcDbText
1001
sta4cad App2
1004
0A
1071
      117
1071
        0
1004
01
1071
        0
1071
       18
1070
     0
1070
     0
  0
TEXT
  5
F8A
330
1F
100
AcDbEntity
  8
DONATI YAZISI (BEYKENT)
100
AcDbText
 10
3224.451210255396
 20
1083.449893498116
 30
0.0
 40
10.0
  1
 29ø8/20  l=290
 50
90.0
  7
DONATI YAZISI (BEYKENT)
100
AcDbText
1001
sta4cad App2
1004
0A
1071
      118
1071
        0
1004
02
1071
        0
1071
       18
1070
     0
1070
     0
  0
TEXT
  5
F8B
330
1F
100
AcDbEntity
  8
DONATI (BEYKENT)
100
AcDbText
 10
3443.329142880113
 20
1260.21216904428
 30
0.0
 40
0.0004999999873689
  1
& 1-.16- 1- 6.099999- 0
  7
stastyle
100
AcDbText
1001
sta4cad App2
1004
0A
1071
       19
1071
        0
1004
00
1071
        0
1071
        0
1070
     0
1070
     0
  0
TEXT
  5
F8C
330
1F
100
AcDbEntity
  8
DONATI YAZISI (BEYKENT)
100
AcDbText
 10
3545.184093069704
 20
1345.104009215537
 30
0.0
 40
10.0
  1
 12ø8/38  l=270
  7
DONATI YAZISI (BEYKENT)
100
AcDbText
1001
sta4cad App2
1004
0A
1071
      119
1071
        0
1004
02
1071
        0
1071
       19
1070
     0
1070
     0
  0
TEXT
  5
F8D
330
1F
100
AcDbEntity
  8
DONATI YAZISI (BEYKENT)
100
AcDbText
 10
3545.193629812868
 20
1369.926661555473
 30
0.0
 40
10.0
  1
 12ø8/38  l=605
  7
DONATI YAZISI (BEYKENT)
100
AcDbText
1001
sta4cad App2
1004
0A
1071
      120
1071
        0
1004
04
1071
        0
1071
       19
1070
     0
1070
     0
  0
TEXT
  5
F8E
330
1F
100
AcDbEntity
  8
DONATI (BEYKENT)
100
AcDbText
 10
3632.837044548662
 20
1033.204154126906
 30
0.0
 40
0.0004999999873689
  1
& 1-.16- 1- 0- 3.6
  7
stastyle
100
AcDbText
1001
sta4cad App2
1004
0A
1071
       20
1071
        0
1004
00
1071
        0
1071
        0
1070
     0
1070
     0
  0
TEXT
  5
F8F
330
1F
100
AcDbEntity
  8
DONATI YAZISI (BEYKENT)
100
AcDbText
 10
3662.217453896952
 20
1423.611746185088
 30
0.0
 40
10.0
  1
 6ø8/38  l=500
 50
90.0
  7
DONATI YAZISI (BEYKENT)
100
AcDbText
1001
sta4cad App2
1004
0A
1071
      121
1071
        0
1004
02
1071
        0
1071
       20
1070
     0
1070
     0
  0
TEXT
  5
F90
330
1F
100
AcDbEntity
  8
DONATI YAZISI (BEYKENT)
100
AcDbText
 10
3637.390331208659
 20
1423.621282928252
 30
0.0
 40
10.0
  1
 6ø8/38  l=640
 50
90.0
  7
DONATI YAZISI (BEYKENT)
100
AcDbText
1001
sta4cad App2
1004
0A
1071
      122
1071
        0
1004
04
1071
        0
1071
       20
1070
     0
1070
     0
  0
TEXT
  5
F91
330
1F
100
AcDbEntity
  8
DONATI YAZISI (BEYKENT)
100
AcDbText
 10
3614.957014783646
 20
1169.081435554289
 30
0.0
 40
10.0
  1
26ø8/20  l=290
 50
90.0
  7
DONATI YAZISI (BEYKENT)
100
AcDbText
1001
sta4cad App2
1004
0A
1071
      123
1071
        0
1004
0B
1071
        0
1071
       20
1070
     0
1070
     0
  0
TEXT
  5
F92
330
1F
100
AcDbEntity
  8
DONATI (BEYKENT)
100
AcDbText
 10
3988.336878370912
 20
1240.211830489897
 30
0.0
 40
0.0004999999873689
  1
& 1-.16- 1- 0- 0
  7
stastyle
100
AcDbText
1001
sta4cad App2
1004
0A
1071
       21
1071
        0
1004
00
1071
        0
1071
        0
1070
     0
1070
     0
  0
TEXT
  5
F93
330
1F
100
AcDbEntity
  8
DONATI YAZISI (BEYKENT)
100
AcDbText
 10
4083.19185907808
 20
1333.741331684861
 30
0.0
 40
10.0
  1
 12ø8/38  l=250
  7
DONATI YAZISI (BEYKENT)
100
AcDbText
1001
sta4cad App2
1004
0A
1071
      124
1071
        0
1004
02
1071
        0
1071
       21
1070
     0
1070
     0
  0
TEXT
  5
F94
330
1F
100
AcDbEntity
  8
DONATI YAZISI (BEYKENT)
100
AcDbText
 10
4083.201395821244
 20
1358.56428204802
 30
0.0
 40
10.0
  1
 12ø8/38  l=445
  7
DONATI YAZISI (BEYKENT)
100
AcDbText
1001
sta4cad App2
1004
0A
1071
      125
1071
        0
1004
05
1071
        0
1071
       21
1070
     0
1070
     0
  0
TEXT
  5
F95
330
1F
100
AcDbEntity
  8
DONATI (BEYKENT)
100
AcDbText
 10
3988.306330990465
 20
1318.612203948759
 30
0.0
 40
0.0004999999873689
  1
& 8-.16- 1- 0- 0
  7
stastyle
100
AcDbText
1001
sta4cad App2
1004
0A
1071
       22
1071
        0
1004
00
1071
        0
1071
        0
1070
     0
1070
     0
  0
TEXT
  5
F96
330
1F
100
AcDbEntity
  8
DONATI YAZISI (BEYKENT)
100
AcDbText
 10
3994.160754735185
 20
1394.239717260839
 30
0.0
 40
10.0
  1
 23ø10/20  l=100
  7
DONATI YAZISI (BEYKENT)
100
AcDbText
1001
sta4cad App2
1004
0A
1071
      126
1071
        0
1004
0E
1071
        0
1071
       22
1070
     0
1070
     0
  0
TEXT
  5
F97
330
1F
100
AcDbEntity
  8
DONATI (BEYKENT)
100
AcDbText
 10
4161.170231651933
 20
1163.204119556212
 30
0.0
 40
0.0004999999873689
  1
& 1-.16- 1- 1.3- 3.6
  7
stastyle
100
AcDbText
1001
sta4cad App2
1004
0A
1071
       23
1071
        0
1004
00
1071
        0
1071
        0
1070
     0
1070
     0
  0
TEXT
  5
F98
330
1F
100
AcDbEntity
  8
DONATI YAZISI (BEYKENT)
100
AcDbText
 10
4190.861843293893
 20
1423.645422809386
 30
0.0
 40
10.0
  1
 6ø8/38  l=500
 50
90.0
  7
DONATI YAZISI (BEYKENT)
100
AcDbText
1001
sta4cad App2
1004
0A
1071
      127
1071
        0
1004
02
1071
        0
1071
       23
1070
     0
1070
     0
  0
TEXT
  5
F99
330
1F
100
AcDbEntity
  8
DONATI YAZISI (BEYKENT)
100
AcDbText
 10
4166.034720605599
 20
1423.65495955255
 30
0.0
 40
10.0
  1
 6ø8/38  l=640
 50
90.0
  7
DONATI YAZISI (BEYKENT)
100
AcDbText
1001
sta4cad App2
1004
0A
1071
      128
1071
        0
1004
01
1071
        0
1071
       23
1070
     0
1070
     0
  0
TEXT
  5
F9A
330
1F
100
AcDbEntity
  8
DONATI (BEYKENT)
100
AcDbText
 10
4217.329131912858
 20
1380.211816184782
 30
0.0
 40
0.0004999999873689
  1
& 2-.16- 1- 2.54- 4.890002
  7
stastyle
100
AcDbText
1001
sta4cad App2
1004
0A
1071
       24
1071
        0
1004
00
1071
        0
1071
        0
1070
     0
1070
     0
  0
TEXT
  5
F9B
330
1F
100
AcDbEntity
  8
DONATI (BEYKENT)
100
AcDbText
 10
4333.336906981141
 20
1293.20423399713
 30
0.0
 40
0.0004999999873689
  1
& 2-.16- 1- 0- 3.6
  7
stastyle
100
AcDbText
1001
sta4cad App2
1004
0A
1071
       25
1071
        0
1004
00
1071
        0
1071
        0
1070
     0
1070
     0
  0
TEXT
  5
F9C
330
1F
100
AcDbEntity
  8
DONATI (BEYKENT)
100
AcDbText
 10
4299.736874651582
 20
1293.191418998503
 30
0.0
 40
0.0004999999873689
  1
& 4-.16- 1- 0- 3.6
  7
stastyle
100
AcDbText
1001
sta4cad App2
1004
0A
1071
       26
1071
        0
1004
00
1071
        0
1071
        0
1070
     0
1070
     0
  0
TEXT
  5
F9D
330
1F
100
AcDbEntity
  8
DONATI (BEYKENT)
100
AcDbText
 10
4513.329225134523
 20
1260.21216904428
 30
0.0
 40
0.0004999999873689
  1
& 1-.16- 1- 0- 0
  7
stastyle
100
AcDbText
1001
sta4cad App2
1004
0A
1071
       29
1071
        0
1004
00
1071
        0
1071
        0
1070
     0
1070
     0
  0
TEXT
  5
F9E
330
1F
100
AcDbEntity
  8
DONATI YAZISI (BEYKENT)
100
AcDbText
 10
4699.183958124788
 20
1333.741033661637
 30
0.0
 40
10.0
  1
 15ø8/30  l=515
  7
DONATI YAZISI (BEYKENT)
100
AcDbText
1001
sta4cad App2
1004
0A
1071
      135
1071
        0
1004
02
1071
        0
1071
       29
1070
     0
1070
     0
  0
TEXT
  5
F9F
330
1F
100
AcDbEntity
  8
DONATI YAZISI (BEYKENT)
100
AcDbText
 10
4699.193494867952
 20
1358.563686001572
 30
0.0
 40
10.0
  1
 15ø8/30  l=550
  7
DONATI YAZISI (BEYKENT)
100
AcDbText
1001
sta4cad App2
1004
0A
1071
      136
1071
        0
1004
05
1071
        0
1071
       29
1070
     0
1070
     0
  0
TEXT
  5
FA0
330
1F
100
AcDbEntity
  8
DONATI (BEYKENT)
100
AcDbText
 10
4929.337161135347
 20
1163.204119556212
 30
0.0
 40
0.0004999999873689
  1
& 1-.16- 1- 1.3- 3.6
  7
stastyle
100
AcDbText
1001
sta4cad App2
1004
0A
1071
       30
1071
        0
1004
00
1071
        0
1071
        0
1070
     0
1070
     0
  0
TEXT
  5
FA1
330
1F
100
AcDbEntity
  8
DONATI YAZISI (BEYKENT)
100
AcDbText
 10
4887.58780850087
 20
1417.996392600798
 30
0.0
 40
10.0
  1
 14ø8/33  l=500
 50
90.0
  7
DONATI YAZISI (BEYKENT)
100
AcDbText
1001
sta4cad App2
1004
0A
1071
      137
1071
        0
1004
02
1071
        0
1071
       30
1070
     0
1070
     0
  0
TEXT
  5
FA2
330
1F
100
AcDbEntity
  8
DONATI YAZISI (BEYKENT)
100
AcDbText
 10
4862.760983835801
 20
1418.005929343962
 30
0.0
 40
10.0
  1
 14ø8/33  l=640
 50
90.0
  7
DONATI YAZISI (BEYKENT)
100
AcDbText
1001
sta4cad App2
1004
0A
1071
      138
1071
        0
1004
01
1071
        0
1071
       30
1070
     0
1070
     0
  0
TEXT
  5
FA3
330
1F
100
AcDbEntity
  8
DONATI YAZISI (BEYKENT)
100
AcDbText
 10
4843.514693494431
 20
1160.767327920206
 30
0.0
 40
10.0
  1
27ø10/28  l=295
 50
90.0
  7
DONATI YAZISI (BEYKENT)
100
AcDbText
1001
sta4cad App2
1004
0A
1071
      139
1071
        0
1004
02
1071
        0
1071
       30
1070
     0
1070
     0
  0
TEXT
  5
FA4
330
1F
100
AcDbEntity
  8
DONATI (BEYKENT)
100
AcDbText
 10
5002.337055754335
 20
1547.712192886137
 30
0.0
 40
0.0004999999873689
  1
& 1-.16- 1- 4.890002- 3.01
  7
stastyle
100
AcDbText
1001
sta4cad App2
1004
0A
1071
       31
1071
        0
1004
00
1071
        0
1071
        0
1070
     0
1070
     0
  0
TEXT
  5
FA5
330
1F
100
AcDbEntity
  8
DONATI YAZISI (BEYKENT)
100
AcDbText
 10
5061.780726350971
 20
1552.137241714262
 30
0.0
 40
10.0
  1
 6ø8/20  l=295
  7
DONATI YAZISI (BEYKENT)
100
AcDbText
1001
sta4cad App2
1004
0A
1071
      140
1071
        0
1004
02
1071
        0
1071
       31
1070
     0
1070
     0
  0
TEXT
  5
FA6
330
1F
100
AcDbEntity
  8
DONATI YAZISI (BEYKENT)
100
AcDbText
 10
5216.036990707577
 20
1577.135439567886
 30
0.0
 40
10.0
  1
 6ø14/20  l=170
  7
DONATI YAZISI (BEYKENT)
100
AcDbText
1001
sta4cad App2
1004
0A
1071
      141
1071
        0
1004
02
1071
        0
1071
       31
1070
     0
1070
     0
  0
TEXT
  5
FA7
330
1F
100
AcDbEntity
  8
DONATI (BEYKENT)
100
AcDbText
 10
5168.336885523469
 20
1533.204422347807
 30
0.0
 40
0.0004999999873689
  1
& 2-.16- 1- 0- 3.6
  7
stastyle
100
AcDbText
1001
sta4cad App2
1004
0A
1071
       32
1071
        0
1004
00
1071
        0
1071
        0
1070
     0
1070
     0
  0
TEXT
  5
FA8
330
1F
100
AcDbEntity
  8
DONATI YAZISI (BEYKENT)
100
AcDbText
 10
5181.808967643021
 20
1575.386629455351
 30
0.0
 40
10.0
  1
13ø8/20  l=130
 50
90.0
  7
DONATI YAZISI (BEYKENT)
100
AcDbText
1001
sta4cad App2
1004
0A
1071
      142
1071
        0
1004
02
1071
        0
1071
       32
1070
     0
1070
     0
  0
TEXT
  5
FA9
330
1F
100
AcDbEntity
  8
DONATI (BEYKENT)
100
AcDbText
 10
5134.73685319391
 20
1533.191309325957
 30
0.0
 40
0.0004999999873689
  1
& 4-.16- 1- 0- 3.6
  7
stastyle
100
AcDbText
1001
sta4cad App2
1004
0A
1071
       33
1071
        0
1004
00
1071
        0
1071
        0
1070
     0
1070
     0
  0
TEXT
  5
FAA
330
1F
100
AcDbEntity
  8
DONATI YAZISI (BEYKENT)
100
AcDbText
 10
5157.420991179369
 20
1568.023667686247
 30
0.0
 40
10.0
  1
13ø12/20  l=235
 50
90.0
  7
DONATI YAZISI (BEYKENT)
100
AcDbText
1001
sta4cad App2
1004
0A
1071
      143
1071
        0
1004
06
1071
        0
1071
       33
1070
     0
1070
     0
  0
TEXT
  5
FAB
330
1F
100
AcDbEntity
  8
DONATI (BEYKENT)
100
AcDbText
 10
5273.329275202424
 20
1567.711935394072
 30
0.0
 40
0.0004999999873689
  1
& 2-.16- 1- 2.710001- 4.915
  7
stastyle
100
AcDbText
1001
sta4cad App2
1004
0A
1071
       34
1071
        0
1004
00
1071
        0
1071
        0
1070
     0
1070
     0
  0
TEXT
  5
FAC
330
1F
100
AcDbEntity
  8
DONATI YAZISI (BEYKENT)
100
AcDbText
 10
5373.611705851228
 20
1558.956408015925
 30
0.0
 40
10.0
  1
 6ø8/20  l=295
  7
DONATI YAZISI (BEYKENT)
100
AcDbText
1001
sta4cad App2
1004
0A
1071
      144
1071
        0
1004
02
1071
        0
1071
       34
1070
     0
1070
     0
  0
TEXT
  5
FAD
330
1F
100
AcDbEntity
  8
DONATI (BEYKENT)
100
AcDbText
 10
5444.336789202363
 20
1533.204422347807
 30
0.0
 40
0.0004999999873689
  1
& 2-.16- 1- 0- 3.6
  7
stastyle
100
AcDbText
1001
sta4cad App2
1004
0A
1071
       35
1071
        0
1004
00
1071
        0
1071
        0
1070
     0
1070
     0
  0
TEXT
  5
FAE
330
1F
100
AcDbEntity
  8
DONATI (BEYKENT)
100
AcDbText
 10
5410.736756872804
 20
1533.191309325957
 30
0.0
 40
0.0004999999873689
  1
& 4-.16- 1- 0- 3.6
  7
stastyle
100
AcDbText
1001
sta4cad App2
1004
0A
1071
       36
1071
        0
1004
00
1071
        0
1071
        0
1070
     0
1070
     0
  0
TEXT
  5
FAF
330
1F
100
AcDbEntity
  8
DONATI (BEYKENT)
100
AcDbText
 10
5549.336927485139
 20
1240.211830489897
 30
0.0
 40
0.0004999999873689
  1
& 1-.16- 1- 0- 4.915
  7
stastyle
100
AcDbText
1001
sta4cad App2
1004
0A
1071
       37
1071
        0
1004
00
1071
        0
1071
        0
1070
     0
1070
     0
  0
TEXT
  5
FB0
330
1F
100
AcDbEntity
  8
DONATI YAZISI (BEYKENT)
100
AcDbText
 10
5734.567003798158
 20
1333.741331684861
 30
0.0
 40
10.0
  1
 15ø8/30  l=535
  7
DONATI YAZISI (BEYKENT)
100
AcDbText
1001
sta4cad App2
1004
0A
1071
      147
1071
        0
1004
02
1071
        0
1071
       37
1070
     0
1070
     0
  0
TEXT
  5
FB1
330
1F
100
AcDbEntity
  8
DONATI YAZISI (BEYKENT)
100
AcDbText
 10
5734.576540541322
 20
1358.56428204802
 30
0.0
 40
10.0
  1
 15ø8/30  l=685
  7
DONATI YAZISI (BEYKENT)
100
AcDbText
1001
sta4cad App2
1004
0A
1071
      148
1071
        0
1004
04
1071
        0
1071
       37
1070
     0
1070
     0
  0
TEXT
  5
FB2
330
1F
100
AcDbEntity
  8
DONATI YAZISI (BEYKENT)
100
AcDbText
 10
6104.763107847841
 20
1391.850647011051
 30
0.0
 40
10.0
  1
 16ø12/28  l=285
  7
DONATI YAZISI (BEYKENT)
100
AcDbText
1001
sta4cad App2
1004
0A
1071
      149
1071
        0
1004
02
1071
        0
1071
       37
1070
     0
1070
     0
  0
TEXT
  5
FB3
330
1F
100
AcDbEntity
  8
DONATI (BEYKENT)
100
AcDbText
 10
5972.836869311006
 20
1163.204119556212
 30
0.0
 40
0.0004999999873689
  1
& 1-.16- 1- 1.3- 3.6
  7
stastyle
100
AcDbText
1001
sta4cad App2
1004
0A
1071
       38
1071
        0
1004
00
1071
        0
1071
        0
1070
     0
1070
     0
  0
TEXT
  5
FB4
330
1F
100
AcDbEntity
  8
DONATI YAZISI (BEYKENT)
100
AcDbText
 10
5892.434192280646
 20
1418.042884223723
 30
0.0
 40
10.0
  1
 15ø8/32  l=500
 50
90.0
  7
DONATI YAZISI (BEYKENT)
100
AcDbText
1001
sta4cad App2
1004
0A
1071
      150
1071
        0
1004
02
1071
        0
1071
       38
1070
     0
1070
     0
  0
TEXT
  5
FB5
330
1F
100
AcDbEntity
  8
DONATI YAZISI (BEYKENT)
100
AcDbText
 10
5867.607367615576
 20
1418.052420966887
 30
0.0
 40
10.0
  1
 15ø8/32  l=640
 50
90.0
  7
DONATI YAZISI (BEYKENT)
100
AcDbText
1001
sta4cad App2
1004
0A
1071
      151
1071
        0
1004
01
1071
        0
1071
       38
1070
     0
1070
     0
  0
TEXT
  5
FB6
330
1F
100
AcDbEntity
  8
DONATI YAZISI (BEYKENT)
100
AcDbText
 10
5844.949764093395
 20
1152.627466548852
 30
0.0
 40
10.0
  1
26ø10/29  l=295
 50
90.0
  7
DONATI YAZISI (BEYKENT)
100
AcDbText
1001
sta4cad App2
1004
0A
1071
      152
1071
        0
1004
02
1071
        0
1071
       38
1070
     0
1070
     0
  0
TEXT
  5
FB7
330
1F
100
AcDbEntity
  8
DONATI (BEYKENT)
100
AcDbText
 10
6045.829015326173
 20
1260.21216904428
 30
0.0
 40
0.0004999999873689
  1
& 1-.16- 1- 4.915- 0
  7
stastyle
100
AcDbText
1001
sta4cad App2
1004
0A
1071
       39
1071
        0
1004
00
1071
        0
1071
        0
1070
     0
1070
     0
  0
TEXT
  5
FB8
330
1F
100
AcDbEntity
  8
DONATI YAZISI (BEYKENT)
100
AcDbText
 10
6246.059196543367
 20
1344.743911442208
 30
0.0
 40
10.0
  1
 15ø8/30  l=535
  7
DONATI YAZISI (BEYKENT)
100
AcDbText
1001
sta4cad App2
1004
0A
1071
      153
1071
        0
1004
02
1071
        0
1071
       39
1070
     0
1070
     0
  0
TEXT
  5
FB9
330
1F
100
AcDbEntity
  8
DONATI YAZISI (BEYKENT)
100
AcDbText
 10
6246.068733286531
 20
1369.566563782143
 30
0.0
 40
10.0
  1
 15ø8/30  l=685
  7
DONATI YAZISI (BEYKENT)
100
AcDbText
1001
sta4cad App2
1004
0A
1071
      154
1071
        0
1004
04
1071
        0
1071
       39
1070
     0
1070
     0
  0
TEXT
  5
FBA
330
1F
100
AcDbEntity
  8
DONATI (BEYKENT)
100
AcDbText
 10
6484.337108683259
 20
1163.204119556212
 30
0.0
 40
0.0004999999873689
  1
& 1-.16- 1- 1.3- 3.599999
  7
stastyle
100
AcDbText
1001
sta4cad App2
1004
0A
1071
       40
1071
        0
1004
00
1071
        0
1071
        0
1070
     0
1070
     0
  0
TEXT
  5
FBB
330
1F
100
AcDbEntity
  8
DONATI YAZISI (BEYKENT)
100
AcDbText
 10
6500.136356277984
 20
1418.042884223723
 30
0.0
 40
10.0
  1
 15ø8/32  l=500
 50
90.0
  7
DONATI YAZISI (BEYKENT)
100
AcDbText
1001
sta4cad App2
1004
0A
1071
      155
1071
        0
1004
02
1071
        0
1071
       40
1070
     0
1070
     0
  0
TEXT
  5
FBC
330
1F
100
AcDbEntity
  8
DONATI YAZISI (BEYKENT)
100
AcDbText
 10
6475.309531612914
 20
1418.052420966887
 30
0.0
 40
10.0
  1
 15ø8/32  l=640
 50
90.0
  7
DONATI YAZISI (BEYKENT)
100
AcDbText
1001
sta4cad App2
1004
0A
1071
      156
1071
        0
1004
01
1071
        0
1071
       40
1070
     0
1070
     0
  0
TEXT
  5
FBD
330
1F
100
AcDbEntity
  8
DONATI YAZISI (BEYKENT)
100
AcDbText
 10
6452.778280901734
 20
1104.118138768266
 30
0.0
 40
10.0
  1
26ø10/29  l=290
 50
90.0
  7
DONATI YAZISI (BEYKENT)
100
AcDbText
1001
sta4cad App2
1004
0A
1071
      157
1071
        0
1004
02
1071
        0
1071
       40
1070
     0
1070
     0
  0
TEXT
  5
FBE
330
1F
100
AcDbEntity
  8
DONATI (BEYKENT)
100
AcDbText
 10
6557.337003302247
 20
1547.712192886137
 30
0.0
 40
0.0004999999873689
  1
& 1-.16- 1- 4.915- 2.709998
  7
stastyle
100
AcDbText
1001
sta4cad App2
1004
0A
1071
       41
1071
        0
1004
00
1071
        0
1071
        0
1070
     0
1070
     0
  0
TEXT
  5
FBF
330
1F
100
AcDbEntity
  8
DONATI YAZISI (BEYKENT)
100
AcDbText
 10
6620.780569954961
 20
1552.137241714262
 30
0.0
 40
10.0
  1
 6ø8/20  l=295
  7
DONATI YAZISI (BEYKENT)
100
AcDbText
1001
sta4cad App2
1004
0A
1071
      158
1071
        0
1004
02
1071
        0
1071
       41
1070
     0
1070
     0
  0
TEXT
  5
FC0
330
1F
100
AcDbEntity
  8
DONATI YAZISI (BEYKENT)
100
AcDbText
 10
6771.782504926271
 20
1574.664733137302
 30
0.0
 40
10.0
  1
 6ø14/20  l=170
  7
DONATI YAZISI (BEYKENT)
100
AcDbText
1001
sta4cad App2
1004
0A
1071
      159
1071
        0
1004
02
1071
        0
1071
       41
1070
     0
1070
     0
  0
TEXT
  5
FC1
330
1F
100
AcDbEntity
  8
DONATI (BEYKENT)
100
AcDbText
 10
6723.337131094606
 20
1533.204422347807
 30
0.0
 40
0.0004999999873689
  1
& 2-.16- 1- 0- 3.599999
  7
stastyle
100
AcDbText
1001
sta4cad App2
1004
0A
1071
       42
1071
        0
1004
00
1071
        0
1071
        0
1070
     0
1070
     0
  0
TEXT
  5
FC2
330
1F
100
AcDbEntity
  8
DONATI (BEYKENT)
100
AcDbText
 10
6689.737098765046
 20
1533.191309325957
 30
0.0
 40
0.0004999999873689
  1
& 4-.16- 1- 0- 3.599999
  7
stastyle
100
AcDbText
1001
sta4cad App2
1004
0A
1071
       43
1071
        0
1004
00
1071
        0
1071
        0
1070
     0
1070
     0
  0
TEXT
  5
FC3
330
1F
100
AcDbEntity
  8
DONATI (BEYKENT)
100
AcDbText
 10
6828.329222750337
 20
1567.711935394072
 30
0.0
 40
0.0004999999873689
  1
& 2-.16- 1- 3.01- 4.889991
  7
stastyle
100
AcDbText
1001
sta4cad App2
1004
0A
1071
       44
1071
        0
1004
00
1071
        0
1071
        0
1070
     0
1070
     0
  0
TEXT
  5
FC4
330
1F
100
AcDbEntity
  8
DONATI YAZISI (BEYKENT)
100
AcDbText
 10
6928.611653399141
 20
1557.911426774931
 30
0.0
 40
10.0
  1
 6ø8/20  l=295
  7
DONATI YAZISI (BEYKENT)
100
AcDbText
1001
sta4cad App2
1004
0A
1071
      162
1071
        0
1004
02
1071
        0
1071
       44
1070
     0
1070
     0
  0
TEXT
  5
FC5
330
1F
100
AcDbEntity
  8
DONATI (BEYKENT)
100
AcDbText
 10
6999.336736750276
 20
1533.204422347807
 30
0.0
 40
0.0004999999873689
  1
& 2-.16- 1- 0- 3.6
  7
stastyle
100
AcDbText
1001
sta4cad App2
1004
0A
1071
       45
1071
        0
1004
00
1071
        0
1071
        0
1070
     0
1070
     0
  0
TEXT
  5
FC6
330
1F
100
AcDbEntity
  8
DONATI (BEYKENT)
100
AcDbText
 10
6965.73700244394
 20
1533.191309325957
 30
0.0
 40
0.0004999999873689
  1
& 4-.16- 1- 0- 3.6
  7
stastyle
100
AcDbText
1001
sta4cad App2
1004
0A
1071
       46
1071
        0
1004
00
1071
        0
1071
        0
1070
     0
1070
     0
  0
TEXT
  5
FC7
330
1F
100
AcDbEntity
  8
DONATI (BEYKENT)
100
AcDbText
 10
7104.336875033052
 20
1240.211830489897
 30
0.0
 40
0.0004999999873689
  1
& 1-.16- 1- 0- 8.099998
  7
stastyle
100
AcDbText
1001
sta4cad App2
1004
0A
1071
       47
1071
        0
1004
00
1071
        0
1071
        0
1070
     0
1070
     0
  0
TEXT
  5
FC8
330
1F
100
AcDbEntity
  8
DONATI YAZISI (BEYKENT)
100
AcDbText
 10
7285.191672396333
 20
1333.741331684861
 30
0.0
 40
10.0
  1
 15ø8/30  l=515
  7
DONATI YAZISI (BEYKENT)
100
AcDbText
1001
sta4cad App2
1004
0A
1071
      165
1071
        0
1004
02
1071
        0
1071
       47
1070
     0
1070
     0
  0
TEXT
  5
FC9
330
1F
100
AcDbEntity
  8
DONATI YAZISI (BEYKENT)
100
AcDbText
 10
7285.201209139497
 20
1358.56428204802
 30
0.0
 40
10.0
  1
 15ø8/30  l=740
  7
DONATI YAZISI (BEYKENT)
100
AcDbText
1001
sta4cad App2
1004
0A
1071
      166
1071
        0
1004
04
1071
        0
1071
       47
1070
     0
1070
     0
  0
TEXT
  5
FCA
330
1F
100
AcDbEntity
  8
DONATI YAZISI (BEYKENT)
100
AcDbText
 10
7720.92785174814
 20
1391.564590693691
 30
0.0
 40
10.0
  1
 22ø8/21  l=350
  7
DONATI YAZISI (BEYKENT)
100
AcDbText
1001
sta4cad App2
1004
0A
1071
      167
1071
        0
1004
02
1071
        0
1071
       47
1070
     0
1070
     0
  0
TEXT
  5
FCB
330
1F
100
AcDbEntity
  8
DONATI (BEYKENT)
100
AcDbText
 10
7515.335934710176
 20
1163.204119556212
 30
0.0
 40
0.0004999999873689
  1
& 1-.16- 1- 1.3- 3.6
  7
stastyle
100
AcDbText
1001
sta4cad App2
1004
0A
1071
       48
1071
        0
1004
00
1071
        0
1071
        0
1070
     0
1070
     0
  0
TEXT
  5
FCC
330
1F
100
AcDbEntity
  8
DONATI YAZISI (BEYKENT)
100
AcDbText
 10
7442.865406367939
 20
1418.072090499663
 30
0.0
 40
10.0
  1
 15ø8/31  l=500
 50
90.0
  7
DONATI YAZISI (BEYKENT)
100
AcDbText
1001
sta4cad App2
1004
0A
1071
      168
1071
        0
1004
02
1071
        0
1071
       48
1070
     0
1070
     0
  0
TEXT
  5
FCD
330
1F
100
AcDbEntity
  8
DONATI YAZISI (BEYKENT)
100
AcDbText
 10
7418.038283679646
 20
1418.081627242827
 30
0.0
 40
10.0
  1
 15ø8/31  l=640
 50
90.0
  7
DONATI YAZISI (BEYKENT)
100
AcDbText
1001
sta4cad App2
1004
0A
1071
      169
1071
        0
1004
01
1071
        0
1071
       48
1070
     0
1070
     0
  0
TEXT
  5
FCE
330
1F
100
AcDbEntity
  8
DONATI YAZISI (BEYKENT)
100
AcDbText
 10
7392.8685993082
 20
1134.365995759762
 30
0.0
 40
10.0
  1
 16ø10/29  l=295
 50
90.0
  7
DONATI YAZISI (BEYKENT)
100
AcDbText
1001
sta4cad App2
1004
0A
1071
      170
1071
        0
1004
02
1071
        0
1071
       48
1070
     0
1070
     0
  0
TEXT
  5
FCF
330
1F
100
AcDbEntity
  8
DONATI (BEYKENT)
100
AcDbText
 10
7588.328378748567
 20
1260.21216904428
 30
0.0
 40
0.0004999999873689
  1
& 1-.16- 1- 4.889991- 0
  7
stastyle
100
AcDbText
1001
sta4cad App2
1004
0A
1071
       49
1071
        0
1004
00
1071
        0
1071
        0
1070
     0
1070
     0
  0
TEXT
  5
FD0
330
1F
100
AcDbEntity
  8
DONATI YAZISI (BEYKENT)
100
AcDbText
 10
7886.533396792085
 20
1344.817525735932
 30
0.0
 40
10.0
  1
 15ø10/30  l=835
  7
DONATI YAZISI (BEYKENT)
100
AcDbText
1001
sta4cad App2
1004
0A
1071
      171
1071
        0
1004
02
1071
        0
1071
       49
1070
     0
1070
     0
  0
TEXT
  5
FD1
330
1F
100
AcDbEntity
  8
DONATI YAZISI (BEYKENT)
100
AcDbText
 10
7886.542933535249
 20
1369.640178075867
 30
0.0
 40
10.0
  1
 15ø10/30  l=985
  7
DONATI YAZISI (BEYKENT)
100
AcDbText
1001
sta4cad App2
1004
0A
1071
      172
1071
        0
1004
04
1071
        0
1071
       49
1070
     0
1070
     0
  0
TEXT
  5
FD2
330
1F
100
AcDbEntity
  8
DONATI (BEYKENT)
100
AcDbText
 10
8325.336235117585
 20
1163.204119556212
 30
0.0
 40
0.0004999999873689
  1
& 1-.16- 1- 1.3- 3.599999
  7
stastyle
100
AcDbText
1001
sta4cad App2
1004
0A
1071
       50
1071
        0
1004
00
1071
        0
1071
        0
1070
     0
1070
     0
  0
TEXT
  5
FD3
330
1F
100
AcDbEntity
  8
DONATI YAZISI (BEYKENT)
100
AcDbText
 10
8159.099370846361
 20
1417.979703300261
 30
0.0
 40
10.0
  1
 39ø8/20  l=500
 50
90.0
  7
DONATI YAZISI (BEYKENT)
100
AcDbText
1001
sta4cad App2
1004
0A
1071
      173
1071
        0
1004
02
1071
        0
1071
       50
1070
     0
1070
     0
  0
TEXT
  5
FD4
330
1F
100
AcDbEntity
  8
DONATI YAZISI (BEYKENT)
100
AcDbText
 10
8134.272248158067
 20
1417.989240043425
 30
0.0
 40
10.0
  1
 39ø8/20  l=640
 50
90.0
  7
DONATI YAZISI (BEYKENT)
100
AcDbText
1001
sta4cad App2
1004
0A
1071
      174
1071
        0
1004
01
1071
        0
1071
       50
1070
     0
1070
     0
  0
TEXT
  5
FD5
330
1F
100
AcDbEntity
  8
DONATI YAZISI (BEYKENT)
100
AcDbText
 10
8111.653656820021
 20
1130.64897228295
 30
0.0
 40
10.0
  1
 28ø10/28  l=295
 50
90.0
  7
DONATI YAZISI (BEYKENT)
100
AcDbText
1001
sta4cad App2
1004
0A
1071
      175
1071
        0
1004
02
1071
        0
1071
       50
1070
     0
1070
     0
  0
TEXT
  5
FD6
330
1F
100
AcDbEntity
  8
DONATI (BEYKENT)
100
AcDbText
 10
2833.336921882303
 20
1076.878712528014
 30
0.0
 40
0.0004999999873689
  1
& 1-.16- 1- 0- 5.450001
  7
stastyle
100
AcDbText
1001
sta4cad App2
1004
0A
1071
       51
1071
        0
1004
00
1071
        0
1071
        0
1070
     0
1070
     0
  0
TEXT
  5
FD7
330
1F
100
AcDbEntity
  8
DONATI YAZISI (BEYKENT)
100
AcDbText
 10
3052.269326996477
 20
1081.303910367751
 30
0.0
 40
10.0
  1
 6ø8/20  l=635
  7
DONATI YAZISI (BEYKENT)
100
AcDbText
1001
sta4cad App2
1004
0A
1071
      176
1071
        0
1004
02
1071
        0
1071
       51
1070
     0
1070
     0
  0
TEXT
  5
FD8
330
1F
100
AcDbEntity
  8
DONATI YAZISI (BEYKENT)
100
AcDbText
 10
2925.007220534327
 20
1108.501488807851
 30
0.0
 40
10.0
  1
 4ø8/30  l=195
  7
DONATI YAZISI (BEYKENT)
100
AcDbText
1001
sta4cad App2
1004
0A
1071
      177
1071
        0
1004
0B
1071
        0
1071
       51
1070
     0
1070
     0
  0
TEXT
  5
FD9
330
1F
100
AcDbEntity
  8
DONATI YAZISI (BEYKENT)
100
AcDbText
 10
3519.265687216783
 20
1108.501488807851
 30
0.0
 40
10.0
  1
 4ø8/30  l=315
  7
DONATI YAZISI (BEYKENT)
100
AcDbText
1001
sta4cad App2
1004
0A
1071
      178
1071
        0
1004
02
1071
        0
1071
       51
1070
     0
1070
     0
  0
TEXT
  5
FDA
330
1F
100
AcDbEntity
  8
DONATI (BEYKENT)
100
AcDbText
 10
3390.336888384493
 20
1033.211902730727
 30
0.0
 40
0.0004999999873689
  1
& 2-.16- 1- 0- 5.050001
  7
stastyle
100
AcDbText
1001
sta4cad App2
1004
0A
1071
       52
1071
        0
1004
00
1071
        0
1071
        0
1070
     0
1070
     0
  0
TEXT
  5
FDB
330
1F
100
AcDbEntity
  8
DONATI YAZISI (BEYKENT)
100
AcDbText
 10
3264.951421856426
 20
1084.144369714522
 30
0.0
 40
10.0
  1
 31ø8/19  l=155
 50
90.0
  7
DONATI YAZISI (BEYKENT)
100
AcDbText
1001
sta4cad App2
1004
0A
1071
      179
1071
        0
1004
02
1071
        0
1071
       52
1070
     0
1070
     0
  0
TEXT
  5
FDC
330
1F
100
AcDbEntity
  8
DONATI (BEYKENT)
100
AcDbText
 10
3443.329142880113
 20
1096.878753059172
 30
0.0
 40
0.0004999999873689
  1
& 1-.16- 1- 6.099999- 5.249999
  7
stastyle
100
AcDbText
1001
sta4cad App2
1004
0A
1071
       53
1071
        0
1004
00
1071
        0
1071
        0
1070
     0
1070
     0
  0
TEXT
  5
FDD
330
1F
100
AcDbEntity
  8
DONATI YAZISI (BEYKENT)
100
AcDbText
 10
3709.797769992798
 20
1088.777482606012
 30
0.0
 40
10.0
  1
 6ø8/20  l=570
  7
DONATI YAZISI (BEYKENT)
100
AcDbText
1001
sta4cad App2
1004
0A
1071
      180
1071
        0
1004
02
1071
        0
1071
       53
1070
     0
1070
     0
  0
TEXT
  5
FDE
330
1F
100
AcDbEntity
  8
DONATI YAZISI (BEYKENT)
100
AcDbText
 10
4038.167069908533
 20
1108.501786831074
 30
0.0
 40
10.0
  1
 4ø8/30  l=295
  7
DONATI YAZISI (BEYKENT)
100
AcDbText
1001
sta4cad App2
1004
0A
1071
      181
1071
        0
1004
02
1071
        0
1071
       53
1070
     0
1070
     0
  0
TEXT
  5
FDF
330
1F
100
AcDbEntity
  8
DONATI (BEYKENT)
100
AcDbText
 10
3935.337024283083
 20
1033.211902730727
 30
0.0
 40
0.0004999999873689
  1
& 1-.16- 1- 0- 0
  7
stastyle
100
AcDbText
1001
sta4cad App2
1004
0A
1071
       54
1071
        0
1004
00
1071
        0
1071
        0
1070
     0
1070
     0
  0
TEXT
  5
FE0
330
1F
100
AcDbEntity
  8
DONATI YAZISI (BEYKENT)
100
AcDbText
 10
3654.842846540396
 20
1084.144369714522
 30
0.0
 40
10.0
  1
28ø8/19  l=155
 50
90.0
  7
DONATI YAZISI (BEYKENT)
100
AcDbText
1001
sta4cad App2
1004
0A
1071
      182
1071
        0
1004
02
1071
        0
1071
       54
1070
     0
1070
     0
  0
TEXT
  5
FE1
330
1F
100
AcDbEntity
  8
DONATI (BEYKENT)
100
AcDbText
 10
3988.336878370912
 20
1076.878712528014
 30
0.0
 40
0.0004999999873689
  1
& 1-.16- 1- 5.450001- 7.600001
  7
stastyle
100
AcDbText
1001
sta4cad App2
1004
0A
1071
       55
1071
        0
1004
00
1071
        0
1071
        0
1070
     0
1070
     0
  0
TEXT
  5
FE2
330
1F
100
AcDbEntity
  8
DONATI YAZISI (BEYKENT)
100
AcDbText
 10
4226.644056450644
 20
1081.303910367751
 30
0.0
 40
10.0
  1
 6ø8/20  l=550
  7
DONATI YAZISI (BEYKENT)
100
AcDbText
1001
sta4cad App2
1004
0A
1071
      184
1071
        0
1004
02
1071
        0
1071
       55
1070
     0
1070
     0
  0
TEXT
  5
FE3
330
1F
100
AcDbEntity
  8
DONATI YAZISI (BEYKENT)
100
AcDbText
 10
4599.081449966496
 20
1108.501488807851
 30
0.0
 40
10.0
  1
 4ø8/30  l=345
  7
DONATI YAZISI (BEYKENT)
100
AcDbText
1001
sta4cad App2
1004
0A
1071
      185
1071
        0
1004
02
1071
        0
1071
       55
1070
     0
1070
     0
  0
TEXT
  5
FE4
330
1F
100
AcDbEntity
  8
DONATI (BEYKENT)
100
AcDbText
 10
4460.33682162729
 20
1033.211902730727
 30
0.0
 40
0.0004999999873689
  1
& 1-.16- 1- 0- 0
  7
stastyle
100
AcDbText
1001
sta4cad App2
1004
0A
1071
       56
1071
        0
1004
00
1071
        0
1071
        0
1070
     0
1070
     0
  0
TEXT
  5
FE5
330
1F
100
AcDbEntity
  8
DONATI (BEYKENT)
100
AcDbText
 10
4513.329225134523
 20
1096.878753059172
 30
0.0
 40
0.0004999999873689
  1
& 1-.16- 1- 5.249999- 7.925
  7
stastyle
100
AcDbText
1001
sta4cad App2
1004
0A
1071
       57
1071
        0
1004
00
1071
        0
1071
        0
1070
     0
1070
     0
  0
TEXT
  5
FE6
330
1F
100
AcDbEntity
  8
DONATI YAZISI (BEYKENT)
100
AcDbText
 10
4931.27366521973
 20
1088.777482606012
 30
0.0
 40
10.0
  1
 6ø8/20  l=785
  7
DONATI YAZISI (BEYKENT)
100
AcDbText
1001
sta4cad App2
1004
0A
1071
      188
1071
        0
1004
02
1071
        0
1071
       57
1070
     0
1070
     0
  0
TEXT
  5
FE7
330
1F
100
AcDbEntity
  8
DONATI YAZISI (BEYKENT)
100
AcDbText
 10
5357.575872226629
 20
1108.501786831074
 30
0.0
 40
10.0
  1
 4ø8/30  l=400
  7
DONATI YAZISI (BEYKENT)
100
AcDbText
1001
sta4cad App2
1004
0A
1071
      189
1071
        0
1004
02
1071
        0
1071
       57
1070
     0
1070
     0
  0
TEXT
  5
FE8
330
1F
100
AcDbEntity
  8
DONATI (BEYKENT)
100
AcDbText
 10
5220.336871695192
 20
1033.211902730727
 30
0.0
 40
0.0004999999873689
  1
& 2-.16- 1- 0- 0
  7
stastyle
100
AcDbText
1001
sta4cad App2
1004
0A
1071
       58
1071
        0
1004
00
1071
        0
1071
        0
1070
     0
1070
     0
  0
TEXT
  5
FE9
330
1F
100
AcDbEntity
  8
DONATI YAZISI (BEYKENT)
100
AcDbText
 10
4878.931343304819
 20
1084.144369714522
 30
0.0
 40
10.0
  1
39ø8/19  l=155
 50
90.0
  7
DONATI YAZISI (BEYKENT)
100
AcDbText
1001
sta4cad App2
1004
0A
1071
      190
1071
        0
1004
02
1071
        0
1071
       58
1070
     0
1070
     0
  0
TEXT
  5
FEA
330
1F
100
AcDbEntity
  8
DONATI (BEYKENT)
100
AcDbText
 10
5273.337023806245
 20
1076.878712528014
 30
0.0
 40
0.0004999999873689
  1
& 1-.16- 1- 7.600001- 7.925
  7
stastyle
100
AcDbText
1001
sta4cad App2
1004
0A
1071
       59
1071
        0
1004
00
1071
        0
1071
        0
1070
     0
1070
     0
  0
TEXT
  5
FEB
330
1F
100
AcDbEntity
  8
DONATI YAZISI (BEYKENT)
100
AcDbText
 10
5552.644687246949
 20
1081.303910367751
 30
0.0
 40
10.0
  1
 6ø8/20  l=810
  7
DONATI YAZISI (BEYKENT)
100
AcDbText
1001
sta4cad App2
1004
0A
1071
      191
1071
        0
1004
02
1071
        0
1071
       59
1070
     0
1070
     0
  0
TEXT
  5
FEC
330
1F
100
AcDbEntity
  8
DONATI YAZISI (BEYKENT)
100
AcDbText
 10
6144.416279722889
 20
1108.501488807851
 30
0.0
 40
10.0
  1
 4ø8/30  l=410
  7
DONATI YAZISI (BEYKENT)
100
AcDbText
1001
sta4cad App2
1004
0A
1071
      192
1071
        0
1004
02
1071
        0
1071
       59
1070
     0
1070
     0
  0
TEXT
  5
FED
330
1F
100
AcDbEntity
  8
DONATI (BEYKENT)
100
AcDbText
 10
5992.836909842164
 20
1033.211902730727
 30
0.0
 40
0.0004999999873689
  1
& 2-.16- 1- 0- 5.05
  7
stastyle
100
AcDbText
1001
sta4cad App2
1004
0A
1071
       60
1071
        0
1004
00
1071
        0
1071
        0
1070
     0
1070
     0
  0
TEXT
  5
FEE
330
1F
100
AcDbEntity
  8
DONATI YAZISI (BEYKENT)
100
AcDbText
 10
5885.849454783613
 20
1084.144369714522
 30
0.0
 40
10.0
  1
40ø8/19  l=155
 50
90.0
  7
DONATI YAZISI (BEYKENT)
100
AcDbText
1001
sta4cad App2
1004
0A
1071
      193
1071
        0
1004
02
1071
        0
1071
       60
1070
     0
1070
     0
  0
TEXT
  5
FEF
330
1F
100
AcDbEntity
  8
DONATI (BEYKENT)
100
AcDbText
 10
6045.829015326173
 20
1096.878753059172
 30
0.0
 40
0.0004999999873689
  1
& 1-.16- 1- 7.925- 7.599991
  7
stastyle
100
AcDbText
1001
sta4cad App2
1004
0A
1071
       61
1071
        0
1004
00
1071
        0
1071
        0
1070
     0
1070
     0
  0
TEXT
  5
FF0
330
1F
100
AcDbEntity
  8
DONATI YAZISI (BEYKENT)
100
AcDbText
 10
6325.136380743654
 20
1088.777482606012
 30
0.0
 40
10.0
  1
 6ø8/20  l=810
  7
DONATI YAZISI (BEYKENT)
100
AcDbText
1001
sta4cad App2
1004
0A
1071
      194
1071
        0
1004
02
1071
        0
1071
       61
1070
     0
1070
     0
  0
TEXT
  5
FF1
330
1F
100
AcDbEntity
  8
DONATI YAZISI (BEYKENT)
100
AcDbText
 10
6902.147883997077
 20
1108.501786831074
 30
0.0
 40
10.0
  1
 4ø8/30  l=400
  7
DONATI YAZISI (BEYKENT)
100
AcDbText
1001
sta4cad App2
1004
0A
1071
      195
1071
        0
1004
02
1071
        0
1071
       61
1070
     0
1070
     0
  0
TEXT
  5
FF2
330
1F
100
AcDbEntity
  8
DONATI (BEYKENT)
100
AcDbText
 10
6775.337117266328
 20
1033.211902730727
 30
0.0
 40
0.0004999999873689
  1
& 2-.16- 1- 0- 0
  7
stastyle
100
AcDbText
1001
sta4cad App2
1004
0A
1071
       62
1071
        0
1004
00
1071
        0
1071
        0
1070
     0
1070
     0
  0
TEXT
  5
FF3
330
1F
100
AcDbEntity
  8
DONATI YAZISI (BEYKENT)
100
AcDbText
 10
6493.150854050075
 20
1084.144369714522
 30
0.0
 40
10.0
  1
40ø8/19  l=155
 50
90.0
  7
DONATI YAZISI (BEYKENT)
100
AcDbText
1001
sta4cad App2
1004
0A
1071
      196
1071
        0
1004
02
1071
        0
1071
       62
1070
     0
1070
     0
  0
TEXT
  5
FF4
330
1F
100
AcDbEntity
  8
DONATI (BEYKENT)
100
AcDbText
 10
6828.336971354158
 20
1076.878712528014
 30
0.0
 40
0.0004999999873689
  1
& 1-.16- 1- 7.925- 8.099995
  7
stastyle
100
AcDbText
1001
sta4cad App2
1004
0A
1071
       63
1071
        0
1004
00
1071
        0
1071
        0
1070
     0
1070
     0
  0
TEXT
  5
FF5
330
1F
100
AcDbEntity
  8
DONATI YAZISI (BEYKENT)
100
AcDbText
 10
7099.769371103914
 20
1081.303910367751
 30
0.0
 40
10.0
  1
 6ø8/20  l=785
  7
DONATI YAZISI (BEYKENT)
100
AcDbText
1001
sta4cad App2
1004
0A
1071
      197
1071
        0
1004
02
1071
        0
1071
       63
1070
     0
1070
     0
  0
TEXT
  5
FF6
330
1F
100
AcDbEntity
  8
DONATI YAZISI (BEYKENT)
100
AcDbText
 10
7670.413114950945
 20
1108.501488807851
 30
0.0
 40
10.0
  1
 4ø8/30  l=410
  7
DONATI YAZISI (BEYKENT)
100
AcDbText
1001
sta4cad App2
1004
0A
1071
      198
1071
        0
1004
02
1071
        0
1071
       63
1070
     0
1070
     0
  0
TEXT
  5
FF7
330
1F
100
AcDbEntity
  8
DONATI (BEYKENT)
100
AcDbText
 10
7535.33567721811
 20
1033.211902730727
 30
0.0
 40
0.0004999999873689
  1
& 2-.16- 1- 0- 5.05
  7
stastyle
100
AcDbText
1001
sta4cad App2
1004
0A
1071
       64
1071
        0
1004
00
1071
        0
1071
        0
1070
     0
1070
     0
  0
TEXT
  5
FF8
330
1F
100
AcDbEntity
  8
DONATI YAZISI (BEYKENT)
100
AcDbText
 10
7436.689507427579
 20
1084.144369714522
 30
0.0
 40
10.0
  1
 39ø8/19  l=155
 50
90.0
  7
DONATI YAZISI (BEYKENT)
100
AcDbText
1001
sta4cad App2
1004
0A
1071
      199
1071
        0
1004
02
1071
        0
1071
       64
1070
     0
1070
     0
  0
TEXT
  5
FF9
330
1F
100
AcDbEntity
  8
DONATI (BEYKENT)
100
AcDbText
 10
7588.328378748567
 20
1096.878753059172
 30
0.0
 40
0.0004999999873689
  1
& 1-.16- 1- 7.599991- 0
  7
stastyle
100
AcDbText
1001
sta4cad App2
1004
0A
1071
       65
1071
        0
1004
00
1071
        0
1071
        0
1070
     0
1070
     0
  0
TEXT
  5
FFA
330
1F
100
AcDbEntity
  8
DONATI YAZISI (BEYKENT)
100
AcDbText
 10
7877.260702204377
 20
1088.777482606012
 30
0.0
 40
10.0
  1
 6ø8/20  l=835
  7
DONATI YAZISI (BEYKENT)
100
AcDbText
1001
sta4cad App2
1004
0A
1071
      200
1071
        0
1004
02
1071
        0
1071
       65
1070
     0
1070
     0
  0
TEXT
  5
FFB
330
1F
100
AcDbEntity
  8
DONATI YAZISI (BEYKENT)
100
AcDbText
 10
8266.242374006379
 20
1108.501786831074
 30
0.0
 40
10.0
  1
 4ø8/30  l=240
  7
DONATI YAZISI (BEYKENT)
100
AcDbText
1001
sta4cad App2
1004
0A
1071
      201
1071
        0
1004
0B
1071
        0
1071
       65
1070
     0
1070
     0
  0
TEXT
  5
FFC
330
1F
100
AcDbEntity
  8
DONATI (BEYKENT)
100
AcDbText
 10
8345.33597762552
 20
1033.211902730727
 30
0.0
 40
0.0004999999873689
  1
& 2-.16- 1- 0- 5.050001
  7
stastyle
100
AcDbText
1001
sta4cad App2
1004
0A
1071
       66
1071
        0
1004
00
1071
        0
1071
        0
1070
     0
1070
     0
  0
TEXT
  5
FFD
330
1F
100
AcDbEntity
  8
DONATI YAZISI (BEYKENT)
100
AcDbText
 10
8151.864575789904
 20
1084.144369714522
 30
0.0
 40
10.0
  1
 42ø8/19  l=155
 50
90.0
  7
DONATI YAZISI (BEYKENT)
100
AcDbText
1001
sta4cad App2
1004
0A
1071
      202
1071
        0
1004
02
1071
        0
1071
       66
1070
     0
1070
     0
  0
TEXT
  5
FFE
330
1F
100
AcDbEntity
  8
DONATI (BEYKENT)
100
AcDbText
 10
3692.33693416086
 20
1360.212073676848
 30
0.0
 40
0.0004999999873689
  1
& 1-.16- 1- 2.740001- 2.54
  7
stastyle
100
AcDbText
1001
sta4cad App2
1004
0A
1071
       67
1071
        0
1004
00
1071
        0
1071
        0
1070
     0
1070
     0
  0
TEXT
  5
FFF
330
1F
100
AcDbEntity
  8
DONATI YAZISI (BEYKENT)
100
AcDbText
 10
3762.169288944872
 20
1352.077698149623
 30
0.0
 40
10.0
  1
13ø8/20  l=190
  7
DONATI YAZISI (BEYKENT)
100
AcDbText
1001
sta4cad App2
1004
0A
1071
      203
1071
        0
1004
02
1071
        0
1071
       67
1070
     0
1070
     0
  0
TEXT
  5
1000
330
1F
100
AcDbEntity
  8
DONATI (BEYKENT)
100
AcDbText
 10
3692.323821139009
 20
1393.812106006407
 30
0.0
 40
0.0004999999873689
  1
& 4-.16- 1- 2.740001- 0
  7
stastyle
100
AcDbText
1001
sta4cad App2
1004
0A
1071
       68
1071
        0
1004
00
1071
        0
1071
        0
1070
     0
1070
     0
  0
TEXT
  5
1001
330
1F
100
AcDbEntity
  8
DONATI YAZISI (BEYKENT)
100
AcDbText
 10
3730.3180637929
 20
1401.453615352809
 30
0.0
 40
10.0
  1
13ø14/20  l=275
  7
DONATI YAZISI (BEYKENT)
100
AcDbText
1001
sta4cad App2
1004
0A
1071
      204
1071
        0
1004
06
1071
        0
1071
       68
1070
     0
1070
     0
  0
TEXT
  5
1002
330
1F
100
AcDbEntity
  8
DONATI (BEYKENT)
100
AcDbText
 10
3808.336960625322
 20
1293.20423399713
 30
0.0
 40
0.0004999999873689
  1
& 2-.16- 1- 0- 3.6
  7
stastyle
100
AcDbText
1001
sta4cad App2
1004
0A
1071
       69
1071
        0
1004
00
1071
        0
1071
        0
1070
     0
1070
     0
  0
TEXT
  5
1003
330
1F
100
AcDbEntity
  8
DONATI YAZISI (BEYKENT)
100
AcDbText
 10
3862.453443800707
 20
1471.895680778288
 30
0.0
 40
10.0
  1
9ø8/20  l=370
 50
90.0
  7
DONATI YAZISI (BEYKENT)
100
AcDbText
1001
sta4cad App2
1004
0A
1071
      205
1071
        0
1004
02
1071
        0
1071
       69
1070
     0
1070
     0
  0
TEXT
  5
1004
330
1F
100
AcDbEntity
  8
DONATI (BEYKENT)
100
AcDbText
 10
3774.736928295763
 20
1293.191418998503
 30
0.0
 40
0.0004999999873689
  1
& 4-.16- 1- 0- 3.6
  7
stastyle
100
AcDbText
1001
sta4cad App2
1004
0A
1071
       70
1071
        0
1004
00
1071
        0
1071
        0
1070
     0
1070
     0
  0
TEXT
  5
1005
330
1F
100
AcDbEntity
  8
DONATI YAZISI (BEYKENT)
100
AcDbText
 10
3839.776973594646
 20
1449.56686702396
 30
0.0
 40
10.0
  1
9ø8/20  l=475
 50
90.0
  7
DONATI YAZISI (BEYKENT)
100
AcDbText
1001
sta4cad App2
1004
0A
1071
      206
1071
        0
1004
06
1071
        0
1071
       70
1070
     0
1070
     0
  0
TEXT
  5
1006
330
1F
100
AcDbEntity
  8
DONATI (BEYKENT)
100
AcDbText
 10
3932.003634524019
 20
1533.204422347807
 30
0.0
 40
0.0004999999873689
  1
& 2-.16- 1- 0- 0
  7
stastyle
100
AcDbText
1001
sta4cad App2
1004
0A
1071
       71
1071
        0
1004
00
1071
        0
1071
        0
1070
     0
1070
     0
  0
TEXT
  5
1007
330
1F
100
AcDbEntity
  8
DONATI YAZISI (BEYKENT)
100
AcDbText
 10
3945.119993175915
 20
1575.386629455351
 30
0.0
 40
10.0
  1
5ø8/20  l=130
 50
90.0
  7
DONATI YAZISI (BEYKENT)
100
AcDbText
1001
sta4cad App2
1004
0A
1071
      207
1071
        0
1004
02
1071
        0
1071
       71
1070
     0
1070
     0
  0
TEXT
  5
1008
330
1F
100
AcDbEntity
  8
DONATI (BEYKENT)
100
AcDbText
 10
3898.40360219446
 20
1533.191309325957
 30
0.0
 40
0.0004999999873689
  1
& 4-.16- 1- 0- 0
  7
stastyle
100
AcDbText
1001
sta4cad App2
1004
0A
1071
       72
1071
        0
1004
00
1071
        0
1071
        0
1070
     0
1070
     0
  0
TEXT
  5
1009
330
1F
100
AcDbEntity
  8
DONATI YAZISI (BEYKENT)
100
AcDbText
 10
3893.978404354723
 20
1550.023661010527
 30
0.0
 40
10.0
  1
5ø12/20  l=235
 50
90.0
  7
DONATI YAZISI (BEYKENT)
100
AcDbText
1001
sta4cad App2
1004
0A
1071
      208
1071
        0
1004
06
1071
        0
1071
       72
1070
     0
1070
     0
  0
LWPOLYLINE
  5
100A
330
1F
100
AcDbEntity
  8
DOSEME PAFTA (BEYKENT)
370
    -3
100
AcDbPolyline
 90
        4
 70
     1
 43
0.0
 10
3735.688211449855
 20
1504.711525489066
 10
3817.26695973046
 20
1504.711525489066
 42
1.0
 10
3817.26695973046
 20
1524.366271018639
 10
3735.688211449855
 20
1524.366271018639
 42
1.0
  0
LWPOLYLINE
  5
100B
330
1F
100
AcDbEntity
  8
DOSEME PAFTA (BEYKENT)
370
    -3
100
AcDbPolyline
 90
        4
 70
     1
 43
0.0
 10
7975.197673738276
 20
1127.702858691189
 10
8061.341415141297
 20
1127.702858691189
 42
1.0
 10
8061.341415141297
 20
1147.486558828741
 10
7975.197673738276
 20
1147.486558828741
 42
1.0
  0
LWPOLYLINE
  5
100C
330
1F
100
AcDbEntity
  8
DOSEME PAFTA (BEYKENT)
370
    -3
100
AcDbPolyline
 90
        4
 70
     1
 43
0.0
 10
7195.381766402421
 20
1123.502287551963
 10
7279.212921835712
 20
1123.502287551963
 42
1.0
 10
7279.212921835712
 20
1143.285987689515
 10
7195.381766402421
 20
1143.285987689515
 42
1.0
  0
LWPOLYLINE
  5
100D
330
1F
100
AcDbEntity
  8
DOSEME PAFTA (BEYKENT)
370
    -3
100
AcDbPolyline
 90
        4
 70
     1
 43
0.0
 10
6525.443137370206
 20
1126.944037461172
 10
6611.844787989186
 20
1126.944037461172
 42
1.0
 10
6611.844787989186
 20
1146.727737598723
 10
6525.443137370206
 20
1146.727737598723
 42
1.0
  0
LWPOLYLINE
  5
100E
330
1F
100
AcDbEntity
  8
DOSEME PAFTA (BEYKENT)
370
    -3
100
AcDbPolyline
 90
        4
 70
     1
 43
0.0
 10
5668.095560068653
 20
1130.249837282971
 10
5754.050168046651
 20
1130.249837282971
 42
1.0
 10
5754.050168046651
 20
1150.033537420523
 10
5668.095560068653
 20
1150.033537420523
 42
1.0
  0
LWPOLYLINE
  5
100F
330
1F
100
AcDbEntity
  8
DOSEME PAFTA (BEYKENT)
370
    -3
100
AcDbPolyline
 90
        4
 70
     1
 43
0.0
 10
4739.791932698205
 20
1131.103054310049
 10
4826.184986343327
 20
1131.103054310049
 42
1.0
 10
4826.184986343327
 20
1150.8867544476
 10
4739.791932698205
 20
1150.8867544476
 42
1.0
  0
LWPOLYLINE
  5
1010
330
1F
100
AcDbEntity
  8
DOSEME PAFTA (BEYKENT)
370
    -3
100
AcDbPolyline
 90
        4
 70
     1
 43
0.0
 10
4239.38797682388
 20
1131.885797491252
 10
4325.256615063215
 20
1131.885797491252
 42
1.0
 10
4325.256615063215
 20
1151.669497628804
 10
4239.38797682388
 20
1151.669497628804
 42
1.0
  0
LWPOLYLINE
  5
1011
330
1F
100
AcDbEntity
  8
DOSEME PAFTA (BEYKENT)
370
    -3
100
AcDbPolyline
 90
        4
 70
     1
 43
0.0
 10
3712.500102419854
 20
1134.546709808345
 10
3798.454710397852
 20
1134.546709808345
 42
1.0
 10
3798.454710397852
 20
1154.330409945897
 10
3712.500102419854
 20
1154.330409945897
 42
1.0
  0
LWPOLYLINE
  5
1012
330
1F
100
AcDbEntity
  8
DOSEME PAFTA (BEYKENT)
370
    -3
100
AcDbPolyline
 90
        4
 70
     1
 43
0.0
 10
3052.567024465923
 20
1129.831843406347
 10
3138.899899293985
 20
1129.831843406347
 42
1.0
 10
3138.899899293985
 20
1149.615543543898
 10
3052.567024465923
 20
1149.615543543898
 42
1.0
  0
LWPOLYLINE
  5
1013
330
1F
100
AcDbEntity
  8
DOSEME PAFTA (BEYKENT)
370
    -3
100
AcDbPolyline
 90
        4
 70
     1
 43
0.0
 10
7865.195713159014
 20
1498.223859710079
 10
7951.958436680328
 20
1498.223859710079
 42
1.0
 10
7951.958436680328
 20
1518.007559847631
 10
7865.195713159014
 20
1518.007559847631
 42
1.0
  0
LWPOLYLINE
  5
1014
330
1F
100
AcDbEntity
  8
DOSEME PAFTA (BEYKENT)
370
    -3
100
AcDbPolyline
 90
        4
 70
     1
 43
0.0
 10
7180.56496134857
 20
1498.223859710079
 10
7266.708702751592
 20
1498.223859710079
 42
1.0
 10
7266.708702751592
 20
1518.007559847631
 10
7180.56496134857
 20
1518.007559847631
 42
1.0
  0
LWPOLYLINE
  5
1015
330
1F
100
AcDbEntity
  8
DOSEME PAFTA (BEYKENT)
370
    -3
100
AcDbPolyline
 90
        4
 70
     1
 43
0.0
 10
6913.843266901935
 20
1602.807361525875
 10
7000.047187122018
 20
1602.807361525875
 42
1.0
 10
7000.047187122018
 20
1622.591061663427
 10
6913.843266901935
 20
1622.591061663427
 42
1.0
  0
LWPOLYLINE
  5
1016
330
1F
100
AcDbEntity
  8
DOSEME PAFTA (BEYKENT)
370
    -3
100
AcDbPolyline
 90
        4
 70
     1
 43
0.0
 10
6606.799013784296
 20
1602.807361525875
 10
6690.690348034634
 20
1602.807361525875
 42
1.0
 10
6690.690348034634
 20
1622.591061663427
 10
6606.799013784296
 20
1622.591061663427
 42
1.0
  0
LWPOLYLINE
  5
1017
330
1F
100
AcDbEntity
  8
DOSEME PAFTA (BEYKENT)
370
    -3
100
AcDbPolyline
 90
        4
 70
     1
 43
0.0
 10
6206.530175324846
 20
1498.223859710079
 10
6292.992004760886
 20
1498.223859710079
 42
1.0
 10
6292.992004760886
 20
1518.007559847631
 10
6206.530175324846
 20
1518.007559847631
 42
1.0
  0
LWPOLYLINE
  5
1018
330
1F
100
AcDbEntity
  8
DOSEME PAFTA (BEYKENT)
370
    -3
100
AcDbPolyline
 90
        4
 70
     1
 43
0.0
 10
5626.575776494366
 20
1498.223859710079
 10
5710.217798502617
 20
1498.223859710079
 42
1.0
 10
5710.217798502617
 20
1518.007559847631
 10
5626.575776494366
 20
1518.007559847631
 42
1.0
  0
LWPOLYLINE
  5
1019
330
1F
100
AcDbEntity
  8
DOSEME PAFTA (BEYKENT)
370
    -3
100
AcDbPolyline
 90
        4
 70
     1
 43
0.0
 10
5358.471708414578
 20
1607.158080194552
 10
5442.552176089954
 20
1607.158080194552
 42
1.0
 10
5442.552176089954
 20
1626.941780332103
 10
5358.471708414578
 20
1626.941780332103
 42
1.0
  0
LWPOLYLINE
  5
101A
330
1F
100
AcDbEntity
  8
DOSEME PAFTA (BEYKENT)
370
    -3
100
AcDbPolyline
 90
        4
 70
     1
 43
0.0
 10
5047.749679271564
 20
1605.667283956193
 10
5131.305731541168
 20
1605.667283956193
 42
1.0
 10
5131.305731541168
 20
1625.322029485767
 10
5047.749679271564
 20
1625.322029485767
 42
1.0
  0
LWPOLYLINE
  5
101B
330
1F
100
AcDbEntity
  8
DOSEME PAFTA (BEYKENT)
370
    -3
100
AcDbPolyline
 90
        4
 70
     1
 43
0.0
 10
4653.196475621629
 20
1498.223859710079
 10
4736.83849762988
 20
1498.223859710079
 42
1.0
 10
4736.83849762988
 20
1517.878605239653
 10
4653.196475621629
 20
1517.878605239653
 42
1.0
  0
LWPOLYLINE
  5
101C
330
1F
100
AcDbEntity
  8
DOSEME PAFTA (BEYKENT)
370
    -3
100
AcDbPolyline
 90
        4
 70
     1
 43
0.0
 10
4257.598193543116
 20
1505.268331476661
 10
4342.048331094698
 20
1505.268331476661
 42
1.0
 10
4342.048331094698
 20
1524.923077006234
 10
4257.598193543116
 20
1524.923077006234
 42
1.0
  0
LWPOLYLINE
  5
101D
330
1F
100
AcDbEntity
  8
DOSEME PAFTA (BEYKENT)
370
    -3
100
AcDbPolyline
 90
        4
 70
     1
 43
0.0
 10
4036.496543432553
 20
1505.155421475078
 10
4120.327698865843
 20
1505.155421475078
 42
1.0
 10
4120.327698865843
 20
1524.93912161263
 10
4036.496543432553
 20
1524.93912161263
 42
1.0
  0
LWPOLYLINE
  5
101E
330
1F
100
AcDbEntity
  8
DOSEME PAFTA (BEYKENT)
370
    -3
100
AcDbPolyline
 90
        4
 70
     1
 43
0.0
 10
3511.529854651858
 20
1508.223730964047
 10
3595.679098118151
 20
1508.223730964047
 42
1.0
 10
3595.679098118151
 20
1528.007431101598
 10
3511.529854651858
 20
1528.007431101598
 42
1.0
  0
LWPOLYLINE
  5
101F
330
1F
100
AcDbEntity
  8
DOSEME PAFTA (BEYKENT)
370
    -3
100
AcDbPolyline
 90
        4
 70
     1
 43
0.0
 10
3013.529918309618
 20
1498.223859710079
 10
3099.742435503558
 20
1498.223859710079
 42
1.0
 10
3099.742435503558
 20
1518.007559847631
 10
3013.529918309618
 20
1518.007559847631
 42
1.0
  0
LWPOLYLINE
  5
1020
330
1F
100
AcDbEntity
  8
DOSEME PAFTA (BEYKENT)
370
    -3
100
AcDbPolyline
 90
        4
 70
     1
 43
0.0
 10
7865.195713159014
 20
1906.557399672848
 10
7951.846676020079
 20
1906.557399672848
 42
1.0
 10
7951.846676020079
 20
1926.341099810399
 10
7865.195713159014
 20
1926.341099810399
 42
1.0
  0
LWPOLYLINE
  5
1021
330
1F
100
AcDbEntity
  8
DOSEME PAFTA (BEYKENT)
370
    -3
100
AcDbPolyline
 90
        4
 70
     1
 43
0.0
 10
7088.529906388689
 20
1906.557399672848
 10
7174.656453843981
 20
1906.557399672848
 42
1.0
 10
7174.656453843981
 20
1926.341099810399
 10
7088.529906388689
 20
1926.341099810399
 42
1.0
  0
LWPOLYLINE
  5
1022
330
1F
100
AcDbEntity
  8
DOSEME PAFTA (BEYKENT)
370
    -3
100
AcDbPolyline
 90
        4
 70
     1
 43
0.0
 10
6306.863269921709
 20
1906.557399672848
 10
6393.075787115649
 20
1906.557399672848
 42
1.0
 10
6393.075787115649
 20
1926.341099810399
 10
6306.863269921709
 20
1926.341099810399
 42
1.0
  0
LWPOLYLINE
  5
1023
330
1F
100
AcDbEntity
  8
DOSEME PAFTA (BEYKENT)
370
    -3
100
AcDbPolyline
 90
        4
 70
     1
 43
0.0
 10
5514.363191243578
 20
1906.557399672848
 10
5600.953975287597
 20
1906.557399672848
 42
1.0
 10
5600.953975287597
 20
1926.341099810399
 10
5514.363191243578
 20
1926.341099810399
 42
1.0
  0
LWPOLYLINE
  5
1024
330
1F
100
AcDbEntity
  8
DOSEME PAFTA (BEYKENT)
370
    -3
100
AcDbPolyline
 90
        4
 70
     1
 43
0.0
 10
4683.70725887638
 20
1906.557399672848
 10
4770.727891613653
 20
1906.557399672848
 42
1.0
 10
4770.727891613653
 20
1926.341099810399
 10
4683.70725887638
 20
1926.341099810399
 42
1.0
  0
LWPOLYLINE
  5
1025
330
1F
100
AcDbEntity
  8
DOSEME PAFTA (BEYKENT)
370
    -3
100
AcDbPolyline
 90
        4
 70
     1
 43
0.0
 10
4140.196583386827
 20
1906.557399672848
 10
4226.598234005807
 20
1906.557399672848
 42
1.0
 10
4226.598234005807
 20
1926.341099810399
 10
4140.196583386827
 20
1926.341099810399
 42
1.0
  0
LWPOLYLINE
  5
1026
330
1F
100
AcDbEntity
  8
DOSEME PAFTA (BEYKENT)
370
    -3
100
AcDbPolyline
 90
        4
 70
     1
 43
0.0
 10
3601.863227006365
 20
1906.557399672848
 10
3688.325056442405
 20
1906.557399672848
 42
1.0
 10
3688.325056442405
 20
1926.341099810399
 10
3601.863227006365
 20
1926.341099810399
 42
1.0
  0
LWPOLYLINE
  5
1027
330
1F
100
AcDbEntity
  8
DOSEME PAFTA (BEYKENT)
370
    -3
100
AcDbPolyline
 90
        4
 70
     1
 43
0.0
 10
3013.529918309618
 20
1906.557399672848
 10
3097.679161775912
 20
1906.557399672848
 42
1.0
 10
3097.679161775912
 20
1926.341099810399
 10
3013.529918309618
 20
1926.341099810399
 42
1.0
  0
HATCH
  5
1028
330
1F
100
AcDbEntity
  8
KOT CIZGI (BEYKENT)
100
AcDbHatch
 10
0.0
 20
0.0
 30
0.0
210
0.0
220
0.0
230
1.0
  2
SOLID
 70
     1
 71
     0
 91
        1
 92
        7
 72
     1
 73
     1
 93
        3
 10
3743.560026637813
 20
1476.959280345989
 42
0.0
 10
3743.560026637813
 20
1469.459280280796
 42
0.0
 10
3751.060026703006
 20
1469.459280280796
 42
0.4142135623730951
 97
        0
 75
     1
 76
     1
 47
0.1085495934889314
 98
        2
 10
3746.389015231671
 20
1471.83694014035
 10
3740.415657851449
 20
1466.952206734756
450
        0
451
        0
460
0.0
461
0.0
452
        0
462
0.0
453
        2
463
0.0
 63
     5
421
      255
463
1.0
 63
     2
421
 16776960
470
LINEAR
1001
GradientColor1ACI
1070
     5
1001
GradientColor2ACI
1070
     2
1001
ACAD
1010
0.0
1020
0.0
1030
0.0
  0
HATCH
  5
1029
330
1F
100
AcDbEntity
  8
KOT CIZGI (BEYKENT)
100
AcDbHatch
 10
0.0
 20
0.0
 30
0.0
210
0.0
220
0.0
230
1.0
  2
SOLID
 70
     1
 71
     0
 91
        1
 92
        7
 72
     1
 73
     1
 93
        3
 10
3743.560026637813
 20
1469.459280280796
 42
0.0
 10
3736.060026572621
 20
1469.459280280796
 42
0.4142135623730951
 10
3743.560026637813
 20
1461.959280215603
 42
0.0
 97
        0
 75
     1
 76
     1
 47
0.1085495934889314
 98
        2
 10
3746.389015231671
 20
1471.83694014035
 10
3740.415657851449
 20
1466.952206734756
450
        0
451
        0
460
0.0
461
0.0
452
        0
462
0.0
453
        2
463
0.0
 63
     5
421
      255
463
1.0
 63
     2
421
 16776960
470
LINEAR
1001
GradientColor1ACI
1070
     5
1001
GradientColor2ACI
1070
     2
1001
ACAD
1010
0.0
1020
0.0
1030
0.0
  0
LINE
  5
102A
330
1F
100
AcDbEntity
  8
KOT CIZGI (BEYKENT)
100
AcDbLine
 10
3743.560026637813
 20
1479.459449557987
 30
0.0
 11
3743.560026637813
 21
1459.459409026829
 31
0.0
1001
sta4cad App2
1004
70
1071
       13
1070
     0
1070
     0
1070
     0
  0
LINE
  5
102B
330
1F
100
AcDbEntity
  8
KOT CIZGI (BEYKENT)
100
AcDbLine
 10
3733.560006372234
 20
1469.459280280796
 30
0.0
 11
3777.586374579823
 21
1469.459280280796
 31
0.0
1001
sta4cad App2
1004
70
1071
       13
1070
     0
1070
     0
1070
     0
  0
CIRCLE
  5
102C
330
1F
100
AcDbEntity
  8
KOT CIZGI (BEYKENT)
100
AcDbCircle
 10
3743.560026637813
 20
1469.459280280796
 30
0.0
 40
7.50000006519258
1001
sta4cad App2
1004
70
1071
       13
1070
     0
1070
     0
1070
     0
  0
HATCH
  5
102D
330
1F
100
AcDbEntity
  8
KOT CIZGI (BEYKENT)
100
AcDbHatch
 10
0.0
 20
0.0
 30
0.0
210
0.0
220
0.0
230
1.0
  2
SOLID
 70
     1
 71
     0
 91
        1
 92
        7
 72
     1
 73
     1
 93
        3
 10
7982.934320007069
 20
1116.563935476245
 42
0.0
 10
7982.934320007069
 20
1109.063935411052
 42
0.0
 10
7990.434320072262
 20
1109.063935411052
 42
0.4142135623730951
 97
        0
 75
     1
 76
     1
 47
0.1085495934889314
 98
        2
 10
7985.763308600927
 20
1111.441595270607
 10
7979.789951220704
 20
1106.556861865013
450
        0
451
        0
460
0.0
461
0.0
452
        0
462
0.0
453
        2
463
0.0
 63
     5
421
      255
463
1.0
 63
     2
421
 16776960
470
LINEAR
1001
GradientColor1ACI
1070
     5
1001
GradientColor2ACI
1070
     2
1001
ACAD
1010
0.0
1020
0.0
1030
0.0
  0
HATCH
  5
102E
330
1F
100
AcDbEntity
  8
KOT CIZGI (BEYKENT)
100
AcDbHatch
 10
0.0
 20
0.0
 30
0.0
210
0.0
220
0.0
230
1.0
  2
SOLID
 70
     1
 71
     0
 91
        1
 92
        7
 72
     1
 73
     1
 93
        3
 10
7982.934320007069
 20
1109.063935411052
 42
0.0
 10
7975.434319941877
 20
1109.063935411052
 42
0.4142135623730951
 10
7982.934320007069
 20
1101.56393534586
 42
0.0
 97
        0
 75
     1
 76
     1
 47
0.1085495934889314
 98
        2
 10
7985.763308600927
 20
1111.441595270607
 10
7979.789951220704
 20
1106.556861865013
450
        0
451
        0
460
0.0
461
0.0
452
        0
462
0.0
453
        2
463
0.0
 63
     5
421
      255
463
1.0
 63
     2
421
 16776960
470
LINEAR
1001
GradientColor1ACI
1070
     5
1001
GradientColor2ACI
1070
     2
1001
ACAD
1010
0.0
1020
0.0
1030
0.0
  0
LINE
  5
102F
330
1F
100
AcDbEntity
  8
KOT CIZGI (BEYKENT)
100
AcDbLine
 10
7982.934320007069
 20
1119.064104688244
 30
0.0
 11
7982.934320007069
 21
1099.064064157085
 31
0.0
1001
sta4cad App2
1004
70
1071
       13
1070
     0
1070
     0
1070
     0
  0
LINE
  5
1030
330
1F
100
AcDbEntity
  8
KOT CIZGI (BEYKENT)
100
AcDbLine
 10
7972.93429974149
 20
1109.063935411052
 30
0.0
 11
8016.96066794908
 21
1109.063935411052
 31
0.0
1001
sta4cad App2
1004
70
1071
       13
1070
     0
1070
     0
1070
     0
  0
CIRCLE
  5
1031
330
1F
100
AcDbEntity
  8
KOT CIZGI (BEYKENT)
100
AcDbCircle
 10
7982.934320007069
 20
1109.063935411052
 30
0.0
 40
7.50000006519258
1001
sta4cad App2
1004
70
1071
       13
1070
     0
1070
     0
1070
     0
  0
HATCH
  5
1032
330
1F
100
AcDbEntity
  8
KOT CIZGI (BEYKENT)
100
AcDbHatch
 10
0.0
 20
0.0
 30
0.0
210
0.0
220
0.0
230
1.0
  2
SOLID
 70
     1
 71
     0
 91
        1
 92
        7
 72
     1
 73
     1
 93
        3
 10
7203.082053837902
 20
1112.363364337019
 42
0.0
 10
7203.082053837902
 20
1104.863364271826
 42
0.0
 10
7210.582053903094
 20
1104.863364271826
 42
0.4142135623730951
 97
        0
 75
     1
 76
     1
 47
0.1085495934889314
 98
        2
 10
7205.911042431759
 20
1107.24102413138
 10
7199.937685051536
 20
1102.356290725787
450
        0
451
        0
460
0.0
461
0.0
452
        0
462
0.0
453
        2
463
0.0
 63
     5
421
      255
463
1.0
 63
     2
421
 16776960
470
LINEAR
1001
GradientColor1ACI
1070
     5
1001
GradientColor2ACI
1070
     2
1001
ACAD
1010
0.0
1020
0.0
1030
0.0
  0
HATCH
  5
1033
330
1F
100
AcDbEntity
  8
KOT CIZGI (BEYKENT)
100
AcDbHatch
 10
0.0
 20
0.0
 30
0.0
210
0.0
220
0.0
230
1.0
  2
SOLID
 70
     1
 71
     0
 91
        1
 92
        7
 72
     1
 73
     1
 93
        3
 10
7203.082053837902
 20
1104.863364271826
 42
0.0
 10
7195.582053772709
 20
1104.863364271826
 42
0.4142135623730951
 10
7203.082053837902
 20
1097.363364206634
 42
0.0
 97
        0
 75
     1
 76
     1
 47
0.1085495934889314
 98
        2
 10
7205.911042431759
 20
1107.24102413138
 10
7199.937685051536
 20
1102.356290725787
450
        0
451
        0
460
0.0
461
0.0
452
        0
462
0.0
453
        2
463
0.0
 63
     5
421
      255
463
1.0
 63
     2
421
 16776960
470
LINEAR
1001
GradientColor1ACI
1070
     5
1001
GradientColor2ACI
1070
     2
1001
ACAD
1010
0.0
1020
0.0
1030
0.0
  0
LINE
  5
1034
330
1F
100
AcDbEntity
  8
KOT CIZGI (BEYKENT)
100
AcDbLine
 10
7203.082053837902
 20
1114.863533549018
 30
0.0
 11
7203.082053837902
 21
1094.863493017859
 31
0.0
1001
sta4cad App2
1004
70
1071
       13
1070
     0
1070
     0
1070
     0
  0
LINE
  5
1035
330
1F
100
AcDbEntity
  8
KOT CIZGI (BEYKENT)
100
AcDbLine
 10
7193.082033572323
 20
1104.863364271826
 30
0.0
 11
7237.108401779912
 21
1104.863364271826
 31
0.0
1001
sta4cad App2
1004
70
1071
       13
1070
     0
1070
     0
1070
     0
  0
CIRCLE
  5
1036
330
1F
100
AcDbEntity
  8
KOT CIZGI (BEYKENT)
100
AcDbCircle
 10
7203.082053837902
 20
1104.863364271826
 30
0.0
 40
7.50000006519258
1001
sta4cad App2
1004
70
1071
       13
1070
     0
1070
     0
1070
     0
  0
HATCH
  5
1037
330
1F
100
AcDbEntity
  8
KOT CIZGI (BEYKENT)
100
AcDbHatch
 10
0.0
 20
0.0
 30
0.0
210
0.0
220
0.0
230
1.0
  2
SOLID
 70
     1
 71
     0
 91
        1
 92
        7
 72
     1
 73
     1
 93
        3
 10
6533.169352826163
 20
1115.805114246227
 42
0.0
 10
6533.169352826163
 20
1108.305114181035
 42
0.0
 10
6540.669352891356
 20
1108.305114181035
 42
0.4142135623730951
 97
        0
 75
     1
 76
     1
 47
0.1085495934889314
 98
        2
 10
6535.998341420022
 20
1110.682774040589
 10
6530.024984039799
 20
1105.798040634995
450
        0
451
        0
460
0.0
461
0.0
452
        0
462
0.0
453
        2
463
0.0
 63
     5
421
      255
463
1.0
 63
     2
421
 16776960
470
LINEAR
1001
GradientColor1ACI
1070
     5
1001
GradientColor2ACI
1070
     2
1001
ACAD
1010
0.0
1020
0.0
1030
0.0
  0
HATCH
  5
1038
330
1F
100
AcDbEntity
  8
KOT CIZGI (BEYKENT)
100
AcDbHatch
 10
0.0
 20
0.0
 30
0.0
210
0.0
220
0.0
230
1.0
  2
SOLID
 70
     1
 71
     0
 91
        1
 92
        7
 72
     1
 73
     1
 93
        3
 10
6533.169352826163
 20
1108.305114181035
 42
0.0
 10
6525.669352760971
 20
1108.305114181035
 42
0.4142135623730951
 10
6533.169352826163
 20
1100.805114115842
 42
0.0
 97
        0
 75
     1
 76
     1
 47
0.1085495934889314
 98
        2
 10
6535.998341420022
 20
1110.682774040589
 10
6530.024984039799
 20
1105.798040634995
450
        0
451
        0
460
0.0
461
0.0
452
        0
462
0.0
453
        2
463
0.0
 63
     5
421
      255
463
1.0
 63
     2
421
 16776960
470
LINEAR
1001
GradientColor1ACI
1070
     5
1001
GradientColor2ACI
1070
     2
1001
ACAD
1010
0.0
1020
0.0
1030
0.0
  0
LINE
  5
1039
330
1F
100
AcDbEntity
  8
KOT CIZGI (BEYKENT)
100
AcDbLine
 10
6533.169352826163
 20
1118.305283458226
 30
0.0
 11
6533.169352826163
 21
1098.305242927068
 31
0.0
1001
sta4cad App2
1004
70
1071
       13
1070
     0
1070
     0
1070
     0
  0
LINE
  5
103A
330
1F
100
AcDbEntity
  8
KOT CIZGI (BEYKENT)
100
AcDbLine
 10
6523.169332560584
 20
1108.305114181035
 30
0.0
 11
6567.195700768174
 21
1108.305114181035
 31
0.0
1001
sta4cad App2
1004
70
1071
       13
1070
     0
1070
     0
1070
     0
  0
CIRCLE
  5
103B
330
1F
100
AcDbEntity
  8
KOT CIZGI (BEYKENT)
100
AcDbCircle
 10
6533.169352826163
 20
1108.305114181035
 30
0.0
 40
7.50000006519258
1001
sta4cad App2
1004
70
1071
       13
1070
     0
1070
     0
1070
     0
  0
HATCH
  5
103C
330
1F
100
AcDbEntity
  8
KOT CIZGI (BEYKENT)
100
AcDbHatch
 10
0.0
 20
0.0
 30
0.0
210
0.0
220
0.0
230
1.0
  2
SOLID
 70
     1
 71
     0
 91
        1
 92
        7
 72
     1
 73
     1
 93
        3
 10
5675.816411106581
 20
1119.110914068027
 42
0.0
 10
5675.816411106581
 20
1111.610914002834
 42
0.0
 10
5683.316411171774
 20
1111.610914002834
 42
0.4142135623730951
 97
        0
 75
     1
 76
     1
 47
0.1085495934889314
 98
        2
 10
5678.645399700439
 20
1113.988573862388
 10
5672.672042320217
 20
1109.103840456794
450
        0
451
        0
460
0.0
461
0.0
452
        0
462
0.0
453
        2
463
0.0
 63
     5
421
      255
463
1.0
 63
     2
421
 16776960
470
LINEAR
1001
GradientColor1ACI
1070
     5
1001
GradientColor2ACI
1070
     2
1001
ACAD
1010
0.0
1020
0.0
1030
0.0
  0
HATCH
  5
103D
330
1F
100
AcDbEntity
  8
KOT CIZGI (BEYKENT)
100
AcDbHatch
 10
0.0
 20
0.0
 30
0.0
210
0.0
220
0.0
230
1.0
  2
SOLID
 70
     1
 71
     0
 91
        1
 92
        7
 72
     1
 73
     1
 93
        3
 10
5675.816411106581
 20
1111.610914002834
 42
0.0
 10
5668.316411041389
 20
1111.610914002834
 42
0.4142135623730951
 10
5675.816411106581
 20
1104.110913937641
 42
0.0
 97
        0
 75
     1
 76
     1
 47
0.1085495934889314
 98
        2
 10
5678.645399700439
 20
1113.988573862388
 10
5672.672042320217
 20
1109.103840456794
450
        0
451
        0
460
0.0
461
0.0
452
        0
462
0.0
453
        2
463
0.0
 63
     5
421
      255
463
1.0
 63
     2
421
 16776960
470
LINEAR
1001
GradientColor1ACI
1070
     5
1001
GradientColor2ACI
1070
     2
1001
ACAD
1010
0.0
1020
0.0
1030
0.0
  0
LINE
  5
103E
330
1F
100
AcDbEntity
  8
KOT CIZGI (BEYKENT)
100
AcDbLine
 10
5675.816411106581
 20
1121.611083280025
 30
0.0
 11
5675.816411106581
 21
1101.611042748867
 31
0.0
1001
sta4cad App2
1004
70
1071
       13
1070
     0
1070
     0
1070
     0
  0
LINE
  5
103F
330
1F
100
AcDbEntity
  8
KOT CIZGI (BEYKENT)
100
AcDbLine
 10
5665.816390841002
 20
1111.610914002834
 30
0.0
 11
5709.842759048592
 21
1111.610914002834
 31
0.0
1001
sta4cad App2
1004
70
1071
       13
1070
     0
1070
     0
1070
     0
  0
CIRCLE
  5
1040
330
1F
100
AcDbEntity
  8
KOT CIZGI (BEYKENT)
100
AcDbCircle
 10
5675.816411106581
 20
1111.610914002834
 30
0.0
 40
7.50000006519258
1001
sta4cad App2
1004
70
1071
       13
1070
     0
1070
     0
1070
     0
  0
HATCH
  5
1041
330
1F
100
AcDbEntity
  8
KOT CIZGI (BEYKENT)
100
AcDbHatch
 10
0.0
 20
0.0
 30
0.0
210
0.0
220
0.0
230
1.0
  2
SOLID
 70
     1
 71
     0
 91
        1
 92
        7
 72
     1
 73
     1
 93
        3
 10
4747.512783736133
 20
1119.964131095104
 42
0.0
 10
4747.512783736133
 20
1112.464131029911
 42
0.0
 10
4755.012783801325
 20
1112.464131029911
 42
0.4142135623730951
 97
        0
 75
     1
 76
     1
 47
0.1085495934889314
 98
        2
 10
4750.341772329989
 20
1114.841790889466
 10
4744.368414949767
 20
1109.957057483872
450
        0
451
        0
460
0.0
461
0.0
452
        0
462
0.0
453
        2
463
0.0
 63
     5
421
      255
463
1.0
 63
     2
421
 16776960
470
LINEAR
1001
GradientColor1ACI
1070
     5
1001
GradientColor2ACI
1070
     2
1001
ACAD
1010
0.0
1020
0.0
1030
0.0
  0
HATCH
  5
1042
330
1F
100
AcDbEntity
  8
KOT CIZGI (BEYKENT)
100
AcDbHatch
 10
0.0
 20
0.0
 30
0.0
210
0.0
220
0.0
230
1.0
  2
SOLID
 70
     1
 71
     0
 91
        1
 92
        7
 72
     1
 73
     1
 93
        3
 10
4747.512783736133
 20
1112.464131029911
 42
0.0
 10
4740.01278367094
 20
1112.464131029911
 42
0.4142135623730951
 10
4747.512783736133
 20
1104.964130964719
 42
0.0
 97
        0
 75
     1
 76
     1
 47
0.1085495934889314
 98
        2
 10
4750.341772329989
 20
1114.841790889466
 10
4744.368414949767
 20
1109.957057483872
450
        0
451
        0
460
0.0
461
0.0
452
        0
462
0.0
453
        2
463
0.0
 63
     5
421
      255
463
1.0
 63
     2
421
 16776960
470
LINEAR
1001
GradientColor1ACI
1070
     5
1001
GradientColor2ACI
1070
     2
1001
ACAD
1010
0.0
1020
0.0
1030
0.0
  0
LINE
  5
1043
330
1F
100
AcDbEntity
  8
KOT CIZGI (BEYKENT)
100
AcDbLine
 10
4747.512783736133
 20
1122.464300307103
 30
0.0
 11
4747.512783736133
 21
1102.464259775944
 31
0.0
1001
sta4cad App2
1004
70
1071
       13
1070
     0
1070
     0
1070
     0
  0
LINE
  5
1044
330
1F
100
AcDbEntity
  8
KOT CIZGI (BEYKENT)
100
AcDbLine
 10
4737.512763470554
 20
1112.464131029911
 30
0.0
 11
4781.539131678142
 21
1112.464131029911
 31
0.0
1001
sta4cad App2
1004
70
1071
       13
1070
     0
1070
     0
1070
     0
  0
CIRCLE
  5
1045
330
1F
100
AcDbEntity
  8
KOT CIZGI (BEYKENT)
100
AcDbCircle
 10
4747.512783736133
 20
1112.464131029911
 30
0.0
 40
7.50000006519258
1001
sta4cad App2
1004
70
1071
       13
1070
     0
1070
     0
1070
     0
  0
HATCH
  5
1046
330
1F
100
AcDbEntity
  8
KOT CIZGI (BEYKENT)
100
AcDbHatch
 10
0.0
 20
0.0
 30
0.0
210
0.0
220
0.0
230
1.0
  2
SOLID
 70
     1
 71
     0
 91
        1
 92
        7
 72
     1
 73
     1
 93
        3
 10
4247.10897687342
 20
1120.746874276308
 42
0.0
 10
4247.10897687342
 20
1113.246874211115
 42
0.0
 10
4254.608976938612
 20
1113.246874211115
 42
0.4142135623730951
 97
        0
 75
     1
 76
     1
 47
0.1085495934889314
 98
        2
 10
4249.937965467277
 20
1115.624534070669
 10
4243.964608087055
 20
1110.739800665076
450
        0
451
        0
460
0.0
461
0.0
452
        0
462
0.0
453
        2
463
0.0
 63
     5
421
      255
463
1.0
 63
     2
421
 16776960
470
LINEAR
1001
GradientColor1ACI
1070
     5
1001
GradientColor2ACI
1070
     2
1001
ACAD
1010
0.0
1020
0.0
1030
0.0
  0
HATCH
  5
1047
330
1F
100
AcDbEntity
  8
KOT CIZGI (BEYKENT)
100
AcDbHatch
 10
0.0
 20
0.0
 30
0.0
210
0.0
220
0.0
230
1.0
  2
SOLID
 70
     1
 71
     0
 91
        1
 92
        7
 72
     1
 73
     1
 93
        3
 10
4247.10897687342
 20
1113.246874211115
 42
0.0
 10
4239.608976808227
 20
1113.246874211115
 42
0.4142135623730951
 10
4247.10897687342
 20
1105.746874145923
 42
0.0
 97
        0
 75
     1
 76
     1
 47
0.1085495934889314
 98
        2
 10
4249.937965467277
 20
1115.624534070669
 10
4243.964608087055
 20
1110.739800665076
450
        0
451
        0
460
0.0
461
0.0
452
        0
462
0.0
453
        2
463
0.0
 63
     5
421
      255
463
1.0
 63
     2
421
 16776960
470
LINEAR
1001
GradientColor1ACI
1070
     5
1001
GradientColor2ACI
1070
     2
1001
ACAD
1010
0.0
1020
0.0
1030
0.0
  0
LINE
  5
1048
330
1F
100
AcDbEntity
  8
KOT CIZGI (BEYKENT)
100
AcDbLine
 10
4247.10897687342
 20
1123.247043488307
 30
0.0
 11
4247.10897687342
 21
1103.247002957148
 31
0.0
1001
sta4cad App2
1004
70
1071
       13
1070
     0
1070
     0
1070
     0
  0
LINE
  5
1049
330
1F
100
AcDbEntity
  8
KOT CIZGI (BEYKENT)
100
AcDbLine
 10
4237.108956607841
 20
1113.246874211115
 30
0.0
 11
4281.13532481543
 21
1113.246874211115
 31
0.0
1001
sta4cad App2
1004
70
1071
       13
1070
     0
1070
     0
1070
     0
  0
CIRCLE
  5
104A
330
1F
100
AcDbEntity
  8
KOT CIZGI (BEYKENT)
100
AcDbCircle
 10
4247.10897687342
 20
1113.246874211115
 30
0.0
 40
7.50000006519258
1001
sta4cad App2
1004
70
1071
       13
1070
     0
1070
     0
1070
     0
  0
HATCH
  5
104B
330
1F
100
AcDbEntity
  8
KOT CIZGI (BEYKENT)
100
AcDbHatch
 10
0.0
 20
0.0
 30
0.0
210
0.0
220
0.0
230
1.0
  2
SOLID
 70
     1
 71
     0
 91
        1
 92
        7
 72
     1
 73
     1
 93
        3
 10
3720.273405545184
 20
1123.407786593401
 42
0.0
 10
3720.273405545184
 20
1115.907786528208
 42
0.0
 10
3727.773405610377
 20
1115.907786528208
 42
0.4142135623730951
 97
        0
 75
     1
 76
     1
 47
0.1085495934889314
 98
        2
 10
3723.102394139041
 20
1118.285446387762
 10
3717.129036758819
 20
1113.400712982169
450
        0
451
        0
460
0.0
461
0.0
452
        0
462
0.0
453
        2
463
0.0
 63
     5
421
      255
463
1.0
 63
     2
421
 16776960
470
LINEAR
1001
GradientColor1ACI
1070
     5
1001
GradientColor2ACI
1070
     2
1001
ACAD
1010
0.0
1020
0.0
1030
0.0
  0
HATCH
  5
104C
330
1F
100
AcDbEntity
  8
KOT CIZGI (BEYKENT)
100
AcDbHatch
 10
0.0
 20
0.0
 30
0.0
210
0.0
220
0.0
230
1.0
  2
SOLID
 70
     1
 71
     0
 91
        1
 92
        7
 72
     1
 73
     1
 93
        3
 10
3720.273405545184
 20
1115.907786528208
 42
0.0
 10
3712.773405479992
 20
1115.907786528208
 42
0.4142135623730951
 10
3720.273405545184
 20
1108.407786463016
 42
0.0
 97
        0
 75
     1
 76
     1
 47
0.1085495934889314
 98
        2
 10
3723.102394139041
 20
1118.285446387762
 10
3717.129036758819
 20
1113.400712982169
450
        0
451
        0
460
0.0
461
0.0
452
        0
462
0.0
453
        2
463
0.0
 63
     5
421
      255
463
1.0
 63
     2
421
 16776960
470
LINEAR
1001
GradientColor1ACI
1070
     5
1001
GradientColor2ACI
1070
     2
1001
ACAD
1010
0.0
1020
0.0
1030
0.0
  0
LINE
  5
104D
330
1F
100
AcDbEntity
  8
KOT CIZGI (BEYKENT)
100
AcDbLine
 10
3720.273405545184
 20
1125.907955805399
 30
0.0
 11
3720.273405545184
 21
1105.907915274241
 31
0.0
1001
sta4cad App2
1004
70
1071
       13
1070
     0
1070
     0
1070
     0
  0
LINE
  5
104E
330
1F
100
AcDbEntity
  8
KOT CIZGI (BEYKENT)
100
AcDbLine
 10
3710.273385279605
 20
1115.907786528208
 30
0.0
 11
3754.299753487194
 21
1115.907786528208
 31
0.0
1001
sta4cad App2
1004
70
1071
       13
1070
     0
1070
     0
1070
     0
  0
CIRCLE
  5
104F
330
1F
100
AcDbEntity
  8
KOT CIZGI (BEYKENT)
100
AcDbCircle
 10
3720.273405545184
 20
1115.907786528208
 30
0.0
 40
7.50000006519258
1001
sta4cad App2
1004
70
1071
       13
1070
     0
1070
     0
1070
     0
  0
HATCH
  5
1050
330
1F
100
AcDbEntity
  8
KOT CIZGI (BEYKENT)
100
AcDbHatch
 10
0.0
 20
0.0
 30
0.0
210
0.0
220
0.0
230
1.0
  2
SOLID
 70
     1
 71
     0
 91
        1
 92
        7
 72
     1
 73
     1
 93
        3
 10
3060.235646933867
 20
1118.692920191402
 42
0.0
 10
3060.235646933867
 20
1111.19292012621
 42
0.0
 10
3067.735646999059
 20
1111.19292012621
 42
0.4142135623730951
 97
        0
 75
     1
 76
     1
 47
0.1085495934889314
 98
        2
 10
3063.064635527724
 20
1113.570579985764
 10
3057.091278147502
 20
1108.68584658017
450
        0
451
        0
460
0.0
461
0.0
452
        0
462
0.0
453
        2
463
0.0
 63
     5
421
      255
463
1.0
 63
     2
421
 16776960
470
LINEAR
1001
GradientColor1ACI
1070
     5
1001
GradientColor2ACI
1070
     2
1001
ACAD
1010
0.0
1020
0.0
1030
0.0
  0
HATCH
  5
1051
330
1F
100
AcDbEntity
  8
KOT CIZGI (BEYKENT)
100
AcDbHatch
 10
0.0
 20
0.0
 30
0.0
210
0.0
220
0.0
230
1.0
  2
SOLID
 70
     1
 71
     0
 91
        1
 92
        7
 72
     1
 73
     1
 93
        3
 10
3060.235646933867
 20
1111.19292012621
 42
0.0
 10
3052.735646868674
 20
1111.19292012621
 42
0.4142135623730951
 10
3060.235646933867
 20
1103.692920061017
 42
0.0
 97
        0
 75
     1
 76
     1
 47
0.1085495934889314
 98
        2
 10
3063.064635527724
 20
1113.570579985764
 10
3057.091278147502
 20
1108.68584658017
450
        0
451
        0
460
0.0
461
0.0
452
        0
462
0.0
453
        2
463
0.0
 63
     5
421
      255
463
1.0
 63
     2
421
 16776960
470
LINEAR
1001
GradientColor1ACI
1070
     5
1001
GradientColor2ACI
1070
     2
1001
ACAD
1010
0.0
1020
0.0
1030
0.0
  0
LINE
  5
1052
330
1F
100
AcDbEntity
  8
KOT CIZGI (BEYKENT)
100
AcDbLine
 10
3060.235646933867
 20
1121.193089403401
 30
0.0
 11
3060.235646933867
 21
1101.193048872243
 31
0.0
1001
sta4cad App2
1004
70
1071
       13
1070
     0
1070
     0
1070
     0
  0
LINE
  5
1053
330
1F
100
AcDbEntity
  8
KOT CIZGI (BEYKENT)
100
AcDbLine
 10
3050.235626668288
 20
1111.19292012621
 30
0.0
 11
3094.261994875877
 21
1111.19292012621
 31
0.0
1001
sta4cad App2
1004
70
1071
       13
1070
     0
1070
     0
1070
     0
  0
CIRCLE
  5
1054
330
1F
100
AcDbEntity
  8
KOT CIZGI (BEYKENT)
100
AcDbCircle
 10
3060.235646933867
 20
1111.19292012621
 30
0.0
 40
7.50000006519258
1001
sta4cad App2
1004
70
1071
       13
1070
     0
1070
     0
1070
     0
  0
HATCH
  5
1055
330
1F
100
AcDbEntity
  8
KOT CIZGI (BEYKENT)
100
AcDbHatch
 10
0.0
 20
0.0
 30
0.0
210
0.0
220
0.0
230
1.0
  2
SOLID
 70
     1
 71
     0
 91
        1
 92
        7
 72
     1
 73
     1
 93
        3
 10
7873.067230323748
 20
1470.471912590226
 42
0.0
 10
7873.067230323748
 20
1462.971912525033
 42
0.0
 10
7880.56723038894
 20
1462.971912525033
 42
0.4142135623730951
 97
        0
 75
     1
 76
     1
 47
0.1085495934889314
 98
        2
 10
7875.896218917606
 20
1465.349572384587
 10
7869.922861537382
 20
1460.464838978994
450
        0
451
        0
460
0.0
461
0.0
452
        0
462
0.0
453
        2
463
0.0
 63
     5
421
      255
463
1.0
 63
     2
421
 16776960
470
LINEAR
1001
GradientColor1ACI
1070
     5
1001
GradientColor2ACI
1070
     2
1001
ACAD
1010
0.0
1020
0.0
1030
0.0
  0
HATCH
  5
1056
330
1F
100
AcDbEntity
  8
KOT CIZGI (BEYKENT)
100
AcDbHatch
 10
0.0
 20
0.0
 30
0.0
210
0.0
220
0.0
230
1.0
  2
SOLID
 70
     1
 71
     0
 91
        1
 92
        7
 72
     1
 73
     1
 93
        3
 10
7873.067230323748
 20
1462.971912525033
 42
0.0
 10
7865.567230258555
 20
1462.971912525033
 42
0.4142135623730951
 10
7873.067230323748
 20
1455.471912459841
 42
0.0
 97
        0
 75
     1
 76
     1
 47
0.1085495934889314
 98
        2
 10
7875.896218917606
 20
1465.349572384587
 10
7869.922861537382
 20
1460.464838978994
450
        0
451
        0
460
0.0
461
0.0
452
        0
462
0.0
453
        2
463
0.0
 63
     5
421
      255
463
1.0
 63
     2
421
 16776960
470
LINEAR
1001
GradientColor1ACI
1070
     5
1001
GradientColor2ACI
1070
     2
1001
ACAD
1010
0.0
1020
0.0
1030
0.0
  0
LINE
  5
1057
330
1F
100
AcDbEntity
  8
KOT CIZGI (BEYKENT)
100
AcDbLine
 10
7873.067230323748
 20
1472.972081802225
 30
0.0
 11
7873.067230323748
 21
1452.972041271066
 31
0.0
1001
sta4cad App2
1004
70
1071
       13
1070
     0
1070
     0
1070
     0
  0
LINE
  5
1058
330
1F
100
AcDbEntity
  8
KOT CIZGI (BEYKENT)
100
AcDbLine
 10
7863.067210058169
 20
1462.971912525033
 30
0.0
 11
7907.093578265758
 21
1462.971912525033
 31
0.0
1001
sta4cad App2
1004
70
1071
       13
1070
     0
1070
     0
1070
     0
  0
CIRCLE
  5
1059
330
1F
100
AcDbEntity
  8
KOT CIZGI (BEYKENT)
100
AcDbCircle
 10
7873.067230323748
 20
1462.971912525033
 30
0.0
 40
7.50000006519258
1001
sta4cad App2
1004
70
1071
       13
1070
     0
1070
     0
1070
     0
  0
HATCH
  5
105A
330
1F
100
AcDbEntity
  8
KOT CIZGI (BEYKENT)
100
AcDbHatch
 10
0.0
 20
0.0
 30
0.0
210
0.0
220
0.0
230
1.0
  2
SOLID
 70
     1
 71
     0
 91
        1
 92
        7
 72
     1
 73
     1
 93
        3
 10
7188.436478513304
 20
1470.471912590226
 42
0.0
 10
7188.436478513304
 20
1462.971912525033
 42
0.0
 10
7195.936478578497
 20
1462.971912525033
 42
0.4142135623730951
 97
        0
 75
     1
 76
     1
 47
0.1085495934889314
 98
        2
 10
7191.265467107162
 20
1465.349572384587
 10
7185.292109726939
 20
1460.464838978994
450
        0
451
        0
460
0.0
461
0.0
452
        0
462
0.0
453
        2
463
0.0
 63
     5
421
      255
463
1.0
 63
     2
421
 16776960
470
LINEAR
1001
GradientColor1ACI
1070
     5
1001
GradientColor2ACI
1070
     2
1001
ACAD
1010
0.0
1020
0.0
1030
0.0
  0
HATCH
  5
105B
330
1F
100
AcDbEntity
  8
KOT CIZGI (BEYKENT)
100
AcDbHatch
 10
0.0
 20
0.0
 30
0.0
210
0.0
220
0.0
230
1.0
  2
SOLID
 70
     1
 71
     0
 91
        1
 92
        7
 72
     1
 73
     1
 93
        3
 10
7188.436478513304
 20
1462.971912525033
 42
0.0
 10
7180.936478448112
 20
1462.971912525033
 42
0.4142135623730951
 10
7188.436478513304
 20
1455.471912459841
 42
0.0
 97
        0
 75
     1
 76
     1
 47
0.1085495934889314
 98
        2
 10
7191.265467107162
 20
1465.349572384587
 10
7185.292109726939
 20
1460.464838978994
450
        0
451
        0
460
0.0
461
0.0
452
        0
462
0.0
453
        2
463
0.0
 63
     5
421
      255
463
1.0
 63
     2
421
 16776960
470
LINEAR
1001
GradientColor1ACI
1070
     5
1001
GradientColor2ACI
1070
     2
1001
ACAD
1010
0.0
1020
0.0
1030
0.0
  0
LINE
  5
105C
330
1F
100
AcDbEntity
  8
KOT CIZGI (BEYKENT)
100
AcDbLine
 10
7188.436478513304
 20
1472.972081802225
 30
0.0
 11
7188.436478513304
 21
1452.972041271066
 31
0.0
1001
sta4cad App2
1004
70
1071
       13
1070
     0
1070
     0
1070
     0
  0
LINE
  5
105D
330
1F
100
AcDbEntity
  8
KOT CIZGI (BEYKENT)
100
AcDbLine
 10
7178.436458247725
 20
1462.971912525033
 30
0.0
 11
7222.462826455315
 21
1462.971912525033
 31
0.0
1001
sta4cad App2
1004
70
1071
       13
1070
     0
1070
     0
1070
     0
  0
CIRCLE
  5
105E
330
1F
100
AcDbEntity
  8
KOT CIZGI (BEYKENT)
100
AcDbCircle
 10
7188.436478513304
 20
1462.971912525033
 30
0.0
 40
7.50000006519258
1001
sta4cad App2
1004
70
1071
       13
1070
     0
1070
     0
1070
     0
  0
HATCH
  5
105F
330
1F
100
AcDbEntity
  8
KOT CIZGI (BEYKENT)
100
AcDbHatch
 10
0.0
 20
0.0
 30
0.0
210
0.0
220
0.0
230
1.0
  2
SOLID
 70
     1
 71
     0
 91
        1
 92
        7
 72
     1
 73
     1
 93
        3
 10
6921.574548752698
 20
1591.668140287707
 42
0.0
 10
6921.574548752698
 20
1584.168140222514
 42
0.0
 10
6929.074548817891
 20
1584.168140222514
 42
0.4142135623730951
 97
        0
 75
     1
 76
     1
 47
0.1085495934889314
 98
        2
 10
6924.403537346556
 20
1586.545800082068
 10
6918.430179966333
 20
1581.661066676475
450
        0
451
        0
460
0.0
461
0.0
452
        0
462
0.0
453
        2
463
0.0
 63
     5
421
      255
463
1.0
 63
     2
421
 16776960
470
LINEAR
1001
GradientColor1ACI
1070
     5
1001
GradientColor2ACI
1070
     2
1001
ACAD
1010
0.0
1020
0.0
1030
0.0
  0
HATCH
  5
1060
330
1F
100
AcDbEntity
  8
KOT CIZGI (BEYKENT)
100
AcDbHatch
 10
0.0
 20
0.0
 30
0.0
210
0.0
220
0.0
230
1.0
  2
SOLID
 70
     1
 71
     0
 91
        1
 92
        7
 72
     1
 73
     1
 93
        3
 10
6921.574548752698
 20
1584.168140222514
 42
0.0
 10
6914.074548687506
 20
1584.168140222514
 42
0.4142135623730951
 10
6921.574548752698
 20
1576.668140157322
 42
0.0
 97
        0
 75
     1
 76
     1
 47
0.1085495934889314
 98
        2
 10
6924.403537346556
 20
1586.545800082068
 10
6918.430179966333
 20
1581.661066676475
450
        0
451
        0
460
0.0
461
0.0
452
        0
462
0.0
453
        2
463
0.0
 63
     5
421
      255
463
1.0
 63
     2
421
 16776960
470
LINEAR
1001
GradientColor1ACI
1070
     5
1001
GradientColor2ACI
1070
     2
1001
ACAD
1010
0.0
1020
0.0
1030
0.0
  0
LINE
  5
1061
330
1F
100
AcDbEntity
  8
KOT CIZGI (BEYKENT)
100
AcDbLine
 10
6921.574548752698
 20
1594.168309499705
 30
0.0
 11
6921.574548752698
 21
1574.168268968547
 31
0.0
1001
sta4cad App2
1004
70
1071
       13
1070
     0
1070
     0
1070
     0
  0
LINE
  5
1062
330
1F
100
AcDbEntity
  8
KOT CIZGI (BEYKENT)
100
AcDbLine
 10
6911.574528487119
 20
1584.168140222514
 30
0.0
 11
6955.600896694709
 21
1584.168140222514
 31
0.0
1001
sta4cad App2
1004
70
1071
       13
1070
     0
1070
     0
1070
     0
  0
CIRCLE
  5
1063
330
1F
100
AcDbEntity
  8
KOT CIZGI (BEYKENT)
100
AcDbCircle
 10
6921.574548752698
 20
1584.168140222514
 30
0.0
 40
7.50000006519258
1001
sta4cad App2
1004
70
1071
       13
1070
     0
1070
     0
1070
     0
  0
HATCH
  5
1064
330
1F
100
AcDbEntity
  8
KOT CIZGI (BEYKENT)
100
AcDbHatch
 10
0.0
 20
0.0
 30
0.0
210
0.0
220
0.0
230
1.0
  2
SOLID
 70
     1
 71
     0
 91
        1
 92
        7
 72
     1
 73
     1
 93
        3
 10
6614.493936801747
 20
1591.668140287707
 42
0.0
 10
6614.493936801747
 20
1584.168140222514
 42
0.0
 10
6621.99393686694
 20
1584.168140222514
 42
0.4142135623730951
 97
        0
 75
     1
 76
     1
 47
0.1085495934889314
 98
        2
 10
6617.322925395605
 20
1586.545800082068
 10
6611.349568015383
 20
1581.661066676475
450
        0
451
        0
460
0.0
461
0.0
452
        0
462
0.0
453
        2
463
0.0
 63
     5
421
      255
463
1.0
 63
     2
421
 16776960
470
LINEAR
1001
GradientColor1ACI
1070
     5
1001
GradientColor2ACI
1070
     2
1001
ACAD
1010
0.0
1020
0.0
1030
0.0
  0
HATCH
  5
1065
330
1F
100
AcDbEntity
  8
KOT CIZGI (BEYKENT)
100
AcDbHatch
 10
0.0
 20
0.0
 30
0.0
210
0.0
220
0.0
230
1.0
  2
SOLID
 70
     1
 71
     0
 91
        1
 92
        7
 72
     1
 73
     1
 93
        3
 10
6614.493936801747
 20
1584.168140222514
 42
0.0
 10
6606.993936736555
 20
1584.168140222514
 42
0.4142135623730951
 10
6614.493936801747
 20
1576.668140157322
 42
0.0
 97
        0
 75
     1
 76
     1
 47
0.1085495934889314
 98
        2
 10
6617.322925395605
 20
1586.545800082068
 10
6611.349568015383
 20
1581.661066676475
450
        0
451
        0
460
0.0
461
0.0
452
        0
462
0.0
453
        2
463
0.0
 63
     5
421
      255
463
1.0
 63
     2
421
 16776960
470
LINEAR
1001
GradientColor1ACI
1070
     5
1001
GradientColor2ACI
1070
     2
1001
ACAD
1010
0.0
1020
0.0
1030
0.0
  0
LINE
  5
1066
330
1F
100
AcDbEntity
  8
KOT CIZGI (BEYKENT)
100
AcDbLine
 10
6614.493936801747
 20
1594.168309499705
 30
0.0
 11
6614.493936801747
 21
1574.168268968547
 31
0.0
1001
sta4cad App2
1004
70
1071
       13
1070
     0
1070
     0
1070
     0
  0
LINE
  5
1067
330
1F
100
AcDbEntity
  8
KOT CIZGI (BEYKENT)
100
AcDbLine
 10
6604.493916536168
 20
1584.168140222514
 30
0.0
 11
6648.520284743757
 21
1584.168140222514
 31
0.0
1001
sta4cad App2
1004
70
1071
       13
1070
     0
1070
     0
1070
     0
  0
CIRCLE
  5
1068
330
1F
100
AcDbEntity
  8
KOT CIZGI (BEYKENT)
100
AcDbCircle
 10
6614.493936801747
 20
1584.168140222514
 30
0.0
 40
7.50000006519258
1001
sta4cad App2
1004
70
1071
       13
1070
     0
1070
     0
1070
     0
  0
HATCH
  5
1069
330
1F
100
AcDbEntity
  8
KOT CIZGI (BEYKENT)
100
AcDbHatch
 10
0.0
 20
0.0
 30
0.0
210
0.0
220
0.0
230
1.0
  2
SOLID
 70
     1
 71
     0
 91
        1
 92
        7
 72
     1
 73
     1
 93
        3
 10
6214.40169248958
 20
1470.471912590226
 42
0.0
 10
6214.40169248958
 20
1462.971912525033
 42
0.0
 10
6221.901692554773
 20
1462.971912525033
 42
0.4142135623730951
 97
        0
 75
     1
 76
     1
 47
0.1085495934889314
 98
        2
 10
6217.230681083438
 20
1465.349572384587
 10
6211.257323703216
 20
1460.464838978994
450
        0
451
        0
460
0.0
461
0.0
452
        0
462
0.0
453
        2
463
0.0
 63
     5
421
      255
463
1.0
 63
     2
421
 16776960
470
LINEAR
1001
GradientColor1ACI
1070
     5
1001
GradientColor2ACI
1070
     2
1001
ACAD
1010
0.0
1020
0.0
1030
0.0
  0
HATCH
  5
106A
330
1F
100
AcDbEntity
  8
KOT CIZGI (BEYKENT)
100
AcDbHatch
 10
0.0
 20
0.0
 30
0.0
210
0.0
220
0.0
230
1.0
  2
SOLID
 70
     1
 71
     0
 91
        1
 92
        7
 72
     1
 73
     1
 93
        3
 10
6214.40169248958
 20
1462.971912525033
 42
0.0
 10
6206.901692424388
 20
1462.971912525033
 42
0.4142135623730951
 10
6214.40169248958
 20
1455.471912459841
 42
0.0
 97
        0
 75
     1
 76
     1
 47
0.1085495934889314
 98
        2
 10
6217.230681083438
 20
1465.349572384587
 10
6211.257323703216
 20
1460.464838978994
450
        0
451
        0
460
0.0
461
0.0
452
        0
462
0.0
453
        2
463
0.0
 63
     5
421
      255
463
1.0
 63
     2
421
 16776960
470
LINEAR
1001
GradientColor1ACI
1070
     5
1001
GradientColor2ACI
1070
     2
1001
ACAD
1010
0.0
1020
0.0
1030
0.0
  0
LINE
  5
106B
330
1F
100
AcDbEntity
  8
KOT CIZGI (BEYKENT)
100
AcDbLine
 10
6214.40169248958
 20
1472.972081802225
 30
0.0
 11
6214.40169248958
 21
1452.972041271066
 31
0.0
1001
sta4cad App2
1004
70
1071
       13
1070
     0
1070
     0
1070
     0
  0
LINE
  5
106C
330
1F
100
AcDbEntity
  8
KOT CIZGI (BEYKENT)
100
AcDbLine
 10
6204.401672224001
 20
1462.971912525033
 30
0.0
 11
6248.428040431591
 21
1462.971912525033
 31
0.0
1001
sta4cad App2
1004
70
1071
       13
1070
     0
1070
     0
1070
     0
  0
CIRCLE
  5
106D
330
1F
100
AcDbEntity
  8
KOT CIZGI (BEYKENT)
100
AcDbCircle
 10
6214.40169248958
 20
1462.971912525033
 30
0.0
 40
7.50000006519258
1001
sta4cad App2
1004
70
1071
       13
1070
     0
1070
     0
1070
     0
  0
HATCH
  5
106E
330
1F
100
AcDbEntity
  8
KOT CIZGI (BEYKENT)
100
AcDbHatch
 10
0.0
 20
0.0
 30
0.0
210
0.0
220
0.0
230
1.0
  2
SOLID
 70
     1
 71
     0
 91
        1
 92
        7
 72
     1
 73
     1
 93
        3
 10
5634.447591682325
 20
1470.471912590226
 42
0.0
 10
5634.447591682325
 20
1462.971912525033
 42
0.0
 10
5641.947591747517
 20
1462.971912525033
 42
0.4142135623730951
 97
        0
 75
     1
 76
     1
 47
0.1085495934889314
 98
        2
 10
5637.276580276182
 20
1465.349572384587
 10
5631.30322289596
 20
1460.464838978994
450
        0
451
        0
460
0.0
461
0.0
452
        0
462
0.0
453
        2
463
0.0
 63
     5
421
      255
463
1.0
 63
     2
421
 16776960
470
LINEAR
1001
GradientColor1ACI
1070
     5
1001
GradientColor2ACI
1070
     2
1001
ACAD
1010
0.0
1020
0.0
1030
0.0
  0
HATCH
  5
106F
330
1F
100
AcDbEntity
  8
KOT CIZGI (BEYKENT)
100
AcDbHatch
 10
0.0
 20
0.0
 30
0.0
210
0.0
220
0.0
230
1.0
  2
SOLID
 70
     1
 71
     0
 91
        1
 92
        7
 72
     1
 73
     1
 93
        3
 10
5634.447591682325
 20
1462.971912525033
 42
0.0
 10
5626.947591617132
 20
1462.971912525033
 42
0.4142135623730951
 10
5634.447591682325
 20
1455.471912459841
 42
0.0
 97
        0
 75
     1
 76
     1
 47
0.1085495934889314
 98
        2
 10
5637.276580276182
 20
1465.349572384587
 10
5631.30322289596
 20
1460.464838978994
450
        0
451
        0
460
0.0
461
0.0
452
        0
462
0.0
453
        2
463
0.0
 63
     5
421
      255
463
1.0
 63
     2
421
 16776960
470
LINEAR
1001
GradientColor1ACI
1070
     5
1001
GradientColor2ACI
1070
     2
1001
ACAD
1010
0.0
1020
0.0
1030
0.0
  0
LINE
  5
1070
330
1F
100
AcDbEntity
  8
KOT CIZGI (BEYKENT)
100
AcDbLine
 10
5634.447591682325
 20
1472.972081802225
 30
0.0
 11
5634.447591682325
 21
1452.972041271066
 31
0.0
1001
sta4cad App2
1004
70
1071
       13
1070
     0
1070
     0
1070
     0
  0
LINE
  5
1071
330
1F
100
AcDbEntity
  8
KOT CIZGI (BEYKENT)
100
AcDbLine
 10
5624.447571416745
 20
1462.971912525033
 30
0.0
 11
5668.473939624335
 21
1462.971912525033
 31
0.0
1001
sta4cad App2
1004
70
1071
       13
1070
     0
1070
     0
1070
     0
  0
CIRCLE
  5
1072
330
1F
100
AcDbEntity
  8
KOT CIZGI (BEYKENT)
100
AcDbCircle
 10
5634.447591682325
 20
1462.971912525033
 30
0.0
 40
7.50000006519258
1001
sta4cad App2
1004
70
1071
       13
1070
     0
1070
     0
1070
     0
  0
HATCH
  5
1073
330
1F
100
AcDbEntity
  8
KOT CIZGI (BEYKENT)
100
AcDbHatch
 10
0.0
 20
0.0
 30
0.0
210
0.0
220
0.0
230
1.0
  2
SOLID
 70
     1
 71
     0
 91
        1
 92
        7
 72
     1
 73
     1
 93
        3
 10
5366.156200619193
 20
1596.018858956384
 42
0.0
 10
5366.156200619193
 20
1588.518858891191
 42
0.0
 10
5373.656200684385
 20
1588.518858891191
 42
0.4142135623730951
 97
        0
 75
     1
 76
     1
 47
0.1085495934889314
 98
        2
 10
5368.98518921305
 20
1590.896518750745
 10
5363.011831832828
 20
1586.011785345151
450
        0
451
        0
460
0.0
461
0.0
452
        0
462
0.0
453
        2
463
0.0
 63
     5
421
      255
463
1.0
 63
     2
421
 16776960
470
LINEAR
1001
GradientColor1ACI
1070
     5
1001
GradientColor2ACI
1070
     2
1001
ACAD
1010
0.0
1020
0.0
1030
0.0
  0
HATCH
  5
1074
330
1F
100
AcDbEntity
  8
KOT CIZGI (BEYKENT)
100
AcDbHatch
 10
0.0
 20
0.0
 30
0.0
210
0.0
220
0.0
230
1.0
  2
SOLID
 70
     1
 71
     0
 91
        1
 92
        7
 72
     1
 73
     1
 93
        3
 10
5366.156200619193
 20
1588.518858891191
 42
0.0
 10
5358.656200554
 20
1588.518858891191
 42
0.4142135623730951
 10
5366.156200619193
 20
1581.018858825998
 42
0.0
 97
        0
 75
     1
 76
     1
 47
0.1085495934889314
 98
        2
 10
5368.98518921305
 20
1590.896518750745
 10
5363.011831832828
 20
1586.011785345151
450
        0
451
        0
460
0.0
461
0.0
452
        0
462
0.0
453
        2
463
0.0
 63
     5
421
      255
463
1.0
 63
     2
421
 16776960
470
LINEAR
1001
GradientColor1ACI
1070
     5
1001
GradientColor2ACI
1070
     2
1001
ACAD
1010
0.0
1020
0.0
1030
0.0
  0
LINE
  5
1075
330
1F
100
AcDbEntity
  8
KOT CIZGI (BEYKENT)
100
AcDbLine
 10
5366.156200619193
 20
1598.519028168382
 30
0.0
 11
5366.156200619193
 21
1578.518987637224
 31
0.0
1001
sta4cad App2
1004
70
1071
       13
1070
     0
1070
     0
1070
     0
  0
LINE
  5
1076
330
1F
100
AcDbEntity
  8
KOT CIZGI (BEYKENT)
100
AcDbLine
 10
5356.156180353614
 20
1588.518858891191
 30
0.0
 11
5400.182548561202
 21
1588.518858891191
 31
0.0
1001
sta4cad App2
1004
70
1071
       13
1070
     0
1070
     0
1070
     0
  0
CIRCLE
  5
1077
330
1F
100
AcDbEntity
  8
KOT CIZGI (BEYKENT)
100
AcDbCircle
 10
5366.156200619193
 20
1588.518858891191
 30
0.0
 40
7.50000006519258
1001
sta4cad App2
1004
70
1071
       13
1070
     0
1070
     0
1070
     0
  0
HATCH
  5
1078
330
1F
100
AcDbEntity
  8
KOT CIZGI (BEYKENT)
100
AcDbHatch
 10
0.0
 20
0.0
 30
0.0
210
0.0
220
0.0
230
1.0
  2
SOLID
 70
     1
 71
     0
 91
        1
 92
        7
 72
     1
 73
     1
 93
        3
 10
5055.433873452956
 20
1594.528062718025
 42
0.0
 10
5055.433873452956
 20
1587.028062652832
 42
0.0
 10
5062.933873518148
 20
1587.028062652832
 42
0.4142135623730951
 97
        0
 75
     1
 76
     1
 47
0.1085495934889314
 98
        2
 10
5058.262862046813
 20
1589.405722512386
 10
5052.289504666591
 20
1584.520989106793
450
        0
451
        0
460
0.0
461
0.0
452
        0
462
0.0
453
        2
463
0.0
 63
     5
421
      255
463
1.0
 63
     2
421
 16776960
470
LINEAR
1001
GradientColor1ACI
1070
     5
1001
GradientColor2ACI
1070
     2
1001
ACAD
1010
0.0
1020
0.0
1030
0.0
  0
HATCH
  5
1079
330
1F
100
AcDbEntity
  8
KOT CIZGI (BEYKENT)
100
AcDbHatch
 10
0.0
 20
0.0
 30
0.0
210
0.0
220
0.0
230
1.0
  2
SOLID
 70
     1
 71
     0
 91
        1
 92
        7
 72
     1
 73
     1
 93
        3
 10
5055.433873452956
 20
1587.028062652832
 42
0.0
 10
5047.933873387763
 20
1587.028062652832
 42
0.4142135623730951
 10
5055.433873452956
 20
1579.52806258764
 42
0.0
 97
        0
 75
     1
 76
     1
 47
0.1085495934889314
 98
        2
 10
5058.262862046813
 20
1589.405722512386
 10
5052.289504666591
 20
1584.520989106793
450
        0
451
        0
460
0.0
461
0.0
452
        0
462
0.0
453
        2
463
0.0
 63
     5
421
      255
463
1.0
 63
     2
421
 16776960
470
LINEAR
1001
GradientColor1ACI
1070
     5
1001
GradientColor2ACI
1070
     2
1001
ACAD
1010
0.0
1020
0.0
1030
0.0
  0
LINE
  5
107A
330
1F
100
AcDbEntity
  8
KOT CIZGI (BEYKENT)
100
AcDbLine
 10
5055.433873452956
 20
1597.028231930023
 30
0.0
 11
5055.433873452956
 21
1577.028191398865
 31
0.0
1001
sta4cad App2
1004
70
1071
       13
1070
     0
1070
     0
1070
     0
  0
LINE
  5
107B
330
1F
100
AcDbEntity
  8
KOT CIZGI (BEYKENT)
100
AcDbLine
 10
5045.433853187376
 20
1587.028062652832
 30
0.0
 11
5089.460221394966
 21
1587.028062652832
 31
0.0
1001
sta4cad App2
1004
70
1071
       13
1070
     0
1070
     0
1070
     0
  0
CIRCLE
  5
107C
330
1F
100
AcDbEntity
  8
KOT CIZGI (BEYKENT)
100
AcDbCircle
 10
5055.433873452956
 20
1587.028062652832
 30
0.0
 40
7.50000006519258
1001
sta4cad App2
1004
70
1071
       13
1070
     0
1070
     0
1070
     0
  0
HATCH
  5
107D
330
1F
100
AcDbEntity
  8
KOT CIZGI (BEYKENT)
100
AcDbHatch
 10
0.0
 20
0.0
 30
0.0
210
0.0
220
0.0
230
1.0
  2
SOLID
 70
     1
 71
     0
 91
        1
 92
        7
 72
     1
 73
     1
 93
        3
 10
4661.068290809588
 20
1470.471912590226
 42
0.0
 10
4661.068290809588
 20
1462.971912525033
 42
0.0
 10
4668.56829087478
 20
1462.971912525033
 42
0.4142135623730951
 97
        0
 75
     1
 76
     1
 47
0.1085495934889314
 98
        2
 10
4663.897279403445
 20
1465.349572384587
 10
4657.923922023223
 20
1460.464838978994
450
        0
451
        0
460
0.0
461
0.0
452
        0
462
0.0
453
        2
463
0.0
 63
     5
421
      255
463
1.0
 63
     2
421
 16776960
470
LINEAR
1001
GradientColor1ACI
1070
     5
1001
GradientColor2ACI
1070
     2
1001
ACAD
1010
0.0
1020
0.0
1030
0.0
  0
HATCH
  5
107E
330
1F
100
AcDbEntity
  8
KOT CIZGI (BEYKENT)
100
AcDbHatch
 10
0.0
 20
0.0
 30
0.0
210
0.0
220
0.0
230
1.0
  2
SOLID
 70
     1
 71
     0
 91
        1
 92
        7
 72
     1
 73
     1
 93
        3
 10
4661.068290809588
 20
1462.971912525033
 42
0.0
 10
4653.568290744395
 20
1462.971912525033
 42
0.4142135623730951
 10
4661.068290809588
 20
1455.471912459841
 42
0.0
 97
        0
 75
     1
 76
     1
 47
0.1085495934889314
 98
        2
 10
4663.897279403445
 20
1465.349572384587
 10
4657.923922023223
 20
1460.464838978994
450
        0
451
        0
460
0.0
461
0.0
452
        0
462
0.0
453
        2
463
0.0
 63
     5
421
      255
463
1.0
 63
     2
421
 16776960
470
LINEAR
1001
GradientColor1ACI
1070
     5
1001
GradientColor2ACI
1070
     2
1001
ACAD
1010
0.0
1020
0.0
1030
0.0
  0
LINE
  5
107F
330
1F
100
AcDbEntity
  8
KOT CIZGI (BEYKENT)
100
AcDbLine
 10
4661.068290809588
 20
1472.972081802225
 30
0.0
 11
4661.068290809588
 21
1452.972041271066
 31
0.0
1001
sta4cad App2
1004
70
1071
       13
1070
     0
1070
     0
1070
     0
  0
LINE
  5
1080
330
1F
100
AcDbEntity
  8
KOT CIZGI (BEYKENT)
100
AcDbLine
 10
4651.068270544008
 20
1462.971912525033
 30
0.0
 11
4695.094638751597
 21
1462.971912525033
 31
0.0
1001
sta4cad App2
1004
70
1071
       13
1070
     0
1070
     0
1070
     0
  0
CIRCLE
  5
1081
330
1F
100
AcDbEntity
  8
KOT CIZGI (BEYKENT)
100
AcDbCircle
 10
4661.068290809588
 20
1462.971912525033
 30
0.0
 40
7.50000006519258
1001
sta4cad App2
1004
70
1071
       13
1070
     0
1070
     0
1070
     0
  0
HATCH
  5
1082
330
1F
100
AcDbEntity
  8
KOT CIZGI (BEYKENT)
100
AcDbHatch
 10
0.0
 20
0.0
 30
0.0
210
0.0
220
0.0
230
1.0
  2
SOLID
 70
     1
 71
     0
 91
        1
 92
        7
 72
     1
 73
     1
 93
        3
 10
4265.46971070785
 20
1477.516086333583
 42
0.0
 10
4265.46971070785
 20
1470.016086268391
 42
0.0
 10
4272.969710773042
 20
1470.016086268391
 42
0.4142135623730951
 97
        0
 75
     1
 76
     1
 47
0.1085495934889314
 98
        2
 10
4268.298699301707
 20
1472.393746127945
 10
4262.325341921485
 20
1467.509012722351
450
        0
451
        0
460
0.0
461
0.0
452
        0
462
0.0
453
        2
463
0.0
 63
     5
421
      255
463
1.0
 63
     2
421
 16776960
470
LINEAR
1001
GradientColor1ACI
1070
     5
1001
GradientColor2ACI
1070
     2
1001
ACAD
1010
0.0
1020
0.0
1030
0.0
  0
HATCH
  5
1083
330
1F
100
AcDbEntity
  8
KOT CIZGI (BEYKENT)
100
AcDbHatch
 10
0.0
 20
0.0
 30
0.0
210
0.0
220
0.0
230
1.0
  2
SOLID
 70
     1
 71
     0
 91
        1
 92
        7
 72
     1
 73
     1
 93
        3
 10
4265.46971070785
 20
1470.016086268391
 42
0.0
 10
4257.969710642657
 20
1470.016086268391
 42
0.4142135623730951
 10
4265.46971070785
 20
1462.516086203198
 42
0.0
 97
        0
 75
     1
 76
     1
 47
0.1085495934889314
 98
        2
 10
4268.298699301707
 20
1472.393746127945
 10
4262.325341921485
 20
1467.509012722351
450
        0
451
        0
460
0.0
461
0.0
452
        0
462
0.0
453
        2
463
0.0
 63
     5
421
      255
463
1.0
 63
     2
421
 16776960
470
LINEAR
1001
GradientColor1ACI
1070
     5
1001
GradientColor2ACI
1070
     2
1001
ACAD
1010
0.0
1020
0.0
1030
0.0
  0
LINE
  5
1084
330
1F
100
AcDbEntity
  8
KOT CIZGI (BEYKENT)
100
AcDbLine
 10
4265.46971070785
 20
1480.016255545582
 30
0.0
 11
4265.46971070785
 21
1460.016215014424
 31
0.0
1001
sta4cad App2
1004
70
1071
       13
1070
     0
1070
     0
1070
     0
  0
LINE
  5
1085
330
1F
100
AcDbEntity
  8
KOT CIZGI (BEYKENT)
100
AcDbLine
 10
4255.469690442271
 20
1470.016086268391
 30
0.0
 11
4299.49605864986
 21
1470.016086268391
 31
0.0
1001
sta4cad App2
1004
70
1071
       13
1070
     0
1070
     0
1070
     0
  0
CIRCLE
  5
1086
330
1F
100
AcDbEntity
  8
KOT CIZGI (BEYKENT)
100
AcDbCircle
 10
4265.46971070785
 20
1470.016086268391
 30
0.0
 40
7.50000006519258
1001
sta4cad App2
1004
70
1071
       13
1070
     0
1070
     0
1070
     0
  0
HATCH
  5
1087
330
1F
100
AcDbEntity
  8
KOT CIZGI (BEYKENT)
100
AcDbHatch
 10
0.0
 20
0.0
 30
0.0
210
0.0
220
0.0
230
1.0
  2
SOLID
 70
     1
 71
     0
 91
        1
 92
        7
 72
     1
 73
     1
 93
        3
 10
4044.3682096089
 20
1477.403474355225
 42
0.0
 10
4044.3682096089
 20
1469.903474290032
 42
0.0
 10
4051.868209674093
 20
1469.903474290032
 42
0.4142135623730951
 97
        0
 75
     1
 76
     1
 47
0.1085495934889314
 98
        2
 10
4047.197198202757
 20
1472.281134149587
 10
4041.223840822534
 20
1467.396400743993
450
        0
451
        0
460
0.0
461
0.0
452
        0
462
0.0
453
        2
463
0.0
 63
     5
421
      255
463
1.0
 63
     2
421
 16776960
470
LINEAR
1001
GradientColor1ACI
1070
     5
1001
GradientColor2ACI
1070
     2
1001
ACAD
1010
0.0
1020
0.0
1030
0.0
  0
HATCH
  5
1088
330
1F
100
AcDbEntity
  8
KOT CIZGI (BEYKENT)
100
AcDbHatch
 10
0.0
 20
0.0
 30
0.0
210
0.0
220
0.0
230
1.0
  2
SOLID
 70
     1
 71
     0
 91
        1
 92
        7
 72
     1
 73
     1
 93
        3
 10
4044.3682096089
 20
1469.903474290032
 42
0.0
 10
4036.868209543707
 20
1469.903474290032
 42
0.4142135623730951
 10
4044.3682096089
 20
1462.40347422484
 42
0.0
 97
        0
 75
     1
 76
     1
 47
0.1085495934889314
 98
        2
 10
4047.197198202757
 20
1472.281134149587
 10
4041.223840822534
 20
1467.396400743993
450
        0
451
        0
460
0.0
461
0.0
452
        0
462
0.0
453
        2
463
0.0
 63
     5
421
      255
463
1.0
 63
     2
421
 16776960
470
LINEAR
1001
GradientColor1ACI
1070
     5
1001
GradientColor2ACI
1070
     2
1001
ACAD
1010
0.0
1020
0.0
1030
0.0
  0
LINE
  5
1089
330
1F
100
AcDbEntity
  8
KOT CIZGI (BEYKENT)
100
AcDbLine
 10
4044.3682096089
 20
1479.903643567223
 30
0.0
 11
4044.3682096089
 21
1459.903603036065
 31
0.0
1001
sta4cad App2
1004
70
1071
       13
1070
     0
1070
     0
1070
     0
  0
LINE
  5
108A
330
1F
100
AcDbEntity
  8
KOT CIZGI (BEYKENT)
100
AcDbLine
 10
4034.368189343321
 20
1469.903474290032
 30
0.0
 11
4078.39455755091
 21
1469.903474290032
 31
0.0
1001
sta4cad App2
1004
70
1071
       13
1070
     0
1070
     0
1070
     0
  0
CIRCLE
  5
108B
330
1F
100
AcDbEntity
  8
KOT CIZGI (BEYKENT)
100
AcDbCircle
 10
4044.3682096089
 20
1469.903474290032
 30
0.0
 40
7.50000006519258
1001
sta4cad App2
1004
70
1071
       13
1070
     0
1070
     0
1070
     0
  0
HATCH
  5
108C
330
1F
100
AcDbEntity
  8
KOT CIZGI (BEYKENT)
100
AcDbHatch
 10
0.0
 20
0.0
 30
0.0
210
0.0
220
0.0
230
1.0
  2
SOLID
 70
     1
 71
     0
 91
        1
 92
        7
 72
     1
 73
     1
 93
        3
 10
3519.401669839816
 20
1480.471783844193
 42
0.0
 10
3519.401669839816
 20
1472.971783779001
 42
0.0
 10
3526.901669905008
 20
1472.971783779001
 42
0.4142135623730951
 97
        0
 75
     1
 76
     1
 47
0.1085495934889314
 98
        2
 10
3522.230658433673
 20
1475.349443638555
 10
3516.257301053451
 20
1470.464710232961
450
        0
451
        0
460
0.0
461
0.0
452
        0
462
0.0
453
        2
463
0.0
 63
     5
421
      255
463
1.0
 63
     2
421
 16776960
470
LINEAR
1001
GradientColor1ACI
1070
     5
1001
GradientColor2ACI
1070
     2
1001
ACAD
1010
0.0
1020
0.0
1030
0.0
  0
HATCH
  5
108D
330
1F
100
AcDbEntity
  8
KOT CIZGI (BEYKENT)
100
AcDbHatch
 10
0.0
 20
0.0
 30
0.0
210
0.0
220
0.0
230
1.0
  2
SOLID
 70
     1
 71
     0
 91
        1
 92
        7
 72
     1
 73
     1
 93
        3
 10
3519.401669839816
 20
1472.971783779001
 42
0.0
 10
3511.901669774623
 20
1472.971783779001
 42
0.4142135623730951
 10
3519.401669839816
 20
1465.471783713808
 42
0.0
 97
        0
 75
     1
 76
     1
 47
0.1085495934889314
 98
        2
 10
3522.230658433673
 20
1475.349443638555
 10
3516.257301053451
 20
1470.464710232961
450
        0
451
        0
460
0.0
461
0.0
452
        0
462
0.0
453
        2
463
0.0
 63
     5
421
      255
463
1.0
 63
     2
421
 16776960
470
LINEAR
1001
GradientColor1ACI
1070
     5
1001
GradientColor2ACI
1070
     2
1001
ACAD
1010
0.0
1020
0.0
1030
0.0
  0
LINE
  5
108E
330
1F
100
AcDbEntity
  8
KOT CIZGI (BEYKENT)
100
AcDbLine
 10
3519.401669839816
 20
1482.971953056192
 30
0.0
 11
3519.401669839816
 21
1462.971912525033
 31
0.0
1001
sta4cad App2
1004
70
1071
       13
1070
     0
1070
     0
1070
     0
  0
LINE
  5
108F
330
1F
100
AcDbEntity
  8
KOT CIZGI (BEYKENT)
100
AcDbLine
 10
3509.401649574237
 20
1472.971783779001
 30
0.0
 11
3553.428017781826
 21
1472.971783779001
 31
0.0
1001
sta4cad App2
1004
70
1071
       13
1070
     0
1070
     0
1070
     0
  0
CIRCLE
  5
1090
330
1F
100
AcDbEntity
  8
KOT CIZGI (BEYKENT)
100
AcDbCircle
 10
3519.401669839816
 20
1472.971783779001
 30
0.0
 40
7.50000006519258
1001
sta4cad App2
1004
70
1071
       13
1070
     0
1070
     0
1070
     0
  0
HATCH
  5
1091
330
1F
100
AcDbEntity
  8
KOT CIZGI (BEYKENT)
100
AcDbHatch
 10
0.0
 20
0.0
 30
0.0
210
0.0
220
0.0
230
1.0
  2
SOLID
 70
     1
 71
     0
 91
        1
 92
        7
 72
     1
 73
     1
 93
        3
 10
3021.40165899177
 20
1470.471912590226
 42
0.0
 10
3021.40165899177
 20
1462.971912525033
 42
0.0
 10
3028.901659056963
 20
1462.971912525033
 42
0.4142135623730951
 97
        0
 75
     1
 76
     1
 47
0.1085495934889314
 98
        2
 10
3024.230647585628
 20
1465.349572384587
 10
3018.257290205406
 20
1460.464838978994
450
        0
451
        0
460
0.0
461
0.0
452
        0
462
0.0
453
        2
463
0.0
 63
     5
421
      255
463
1.0
 63
     2
421
 16776960
470
LINEAR
1001
GradientColor1ACI
1070
     5
1001
GradientColor2ACI
1070
     2
1001
ACAD
1010
0.0
1020
0.0
1030
0.0
  0
HATCH
  5
1092
330
1F
100
AcDbEntity
  8
KOT CIZGI (BEYKENT)
100
AcDbHatch
 10
0.0
 20
0.0
 30
0.0
210
0.0
220
0.0
230
1.0
  2
SOLID
 70
     1
 71
     0
 91
        1
 92
        7
 72
     1
 73
     1
 93
        3
 10
3021.40165899177
 20
1462.971912525033
 42
0.0
 10
3013.901658926578
 20
1462.971912525033
 42
0.4142135623730951
 10
3021.40165899177
 20
1455.471912459841
 42
0.0
 97
        0
 75
     1
 76
     1
 47
0.1085495934889314
 98
        2
 10
3024.230647585628
 20
1465.349572384587
 10
3018.257290205406
 20
1460.464838978994
450
        0
451
        0
460
0.0
461
0.0
452
        0
462
0.0
453
        2
463
0.0
 63
     5
421
      255
463
1.0
 63
     2
421
 16776960
470
LINEAR
1001
GradientColor1ACI
1070
     5
1001
GradientColor2ACI
1070
     2
1001
ACAD
1010
0.0
1020
0.0
1030
0.0
  0
LINE
  5
1093
330
1F
100
AcDbEntity
  8
KOT CIZGI (BEYKENT)
100
AcDbLine
 10
3021.40165899177
 20
1472.972081802225
 30
0.0
 11
3021.40165899177
 21
1452.972041271066
 31
0.0
1001
sta4cad App2
1004
70
1071
       13
1070
     0
1070
     0
1070
     0
  0
LINE
  5
1094
330
1F
100
AcDbEntity
  8
KOT CIZGI (BEYKENT)
100
AcDbLine
 10
3011.401638726191
 20
1462.971912525033
 30
0.0
 11
3055.428006933781
 21
1462.971912525033
 31
0.0
1001
sta4cad App2
1004
70
1071
       13
1070
     0
1070
     0
1070
     0
  0
CIRCLE
  5
1095
330
1F
100
AcDbEntity
  8
KOT CIZGI (BEYKENT)
100
AcDbCircle
 10
3021.40165899177
 20
1462.971912525033
 30
0.0
 40
7.50000006519258
1001
sta4cad App2
1004
70
1071
       13
1070
     0
1070
     0
1070
     0
  0
HATCH
  5
1096
330
1F
100
AcDbEntity
  8
KOT CIZGI (BEYKENT)
100
AcDbHatch
 10
0.0
 20
0.0
 30
0.0
210
0.0
220
0.0
230
1.0
  2
SOLID
 70
     1
 71
     0
 91
        1
 92
        7
 72
     1
 73
     1
 93
        3
 10
7873.067230323748
 20
1878.805154529771
 42
0.0
 10
7873.067230323748
 20
1871.305154464578
 42
0.0
 10
7880.56723038894
 20
1871.305154464578
 42
0.4142135623730951
 97
        0
 75
     1
 76
     1
 47
0.1085495934889314
 98
        2
 10
7875.896218917606
 20
1873.682814324132
 10
7869.922861537382
 20
1868.798080918539
450
        0
451
        0
460
0.0
461
0.0
452
        0
462
0.0
453
        2
463
0.0
 63
     5
421
      255
463
1.0
 63
     2
421
 16776960
470
LINEAR
1001
GradientColor1ACI
1070
     5
1001
GradientColor2ACI
1070
     2
1001
ACAD
1010
0.0
1020
0.0
1030
0.0
  0
HATCH
  5
1097
330
1F
100
AcDbEntity
  8
KOT CIZGI (BEYKENT)
100
AcDbHatch
 10
0.0
 20
0.0
 30
0.0
210
0.0
220
0.0
230
1.0
  2
SOLID
 70
     1
 71
     0
 91
        1
 92
        7
 72
     1
 73
     1
 93
        3
 10
7873.067230323748
 20
1871.305154464578
 42
0.0
 10
7865.567230258555
 20
1871.305154464578
 42
0.4142135623730951
 10
7873.067230323748
 20
1863.805154399386
 42
0.0
 97
        0
 75
     1
 76
     1
 47
0.1085495934889314
 98
        2
 10
7875.896218917606
 20
1873.682814324132
 10
7869.922861537382
 20
1868.798080918539
450
        0
451
        0
460
0.0
461
0.0
452
        0
462
0.0
453
        2
463
0.0
 63
     5
421
      255
463
1.0
 63
     2
421
 16776960
470
LINEAR
1001
GradientColor1ACI
1070
     5
1001
GradientColor2ACI
1070
     2
1001
ACAD
1010
0.0
1020
0.0
1030
0.0
  0
LINE
  5
1098
330
1F
100
AcDbEntity
  8
KOT CIZGI (BEYKENT)
100
AcDbLine
 10
7873.067230323748
 20
1881.305323741769
 30
0.0
 11
7873.067230323748
 21
1861.305283210611
 31
0.0
1001
sta4cad App2
1004
70
1071
       13
1070
     0
1070
     0
1070
     0
  0
LINE
  5
1099
330
1F
100
AcDbEntity
  8
KOT CIZGI (BEYKENT)
100
AcDbLine
 10
7863.067210058169
 20
1871.305154464578
 30
0.0
 11
7907.093578265758
 21
1871.305154464578
 31
0.0
1001
sta4cad App2
1004
70
1071
       13
1070
     0
1070
     0
1070
     0
  0
CIRCLE
  5
109A
330
1F
100
AcDbEntity
  8
KOT CIZGI (BEYKENT)
100
AcDbCircle
 10
7873.067230323748
 20
1871.305154464578
 30
0.0
 40
7.50000006519258
1001
sta4cad App2
1004
70
1071
       13
1070
     0
1070
     0
1070
     0
  0
HATCH
  5
109B
330
1F
100
AcDbEntity
  8
KOT CIZGI (BEYKENT)
100
AcDbHatch
 10
0.0
 20
0.0
 30
0.0
210
0.0
220
0.0
230
1.0
  2
SOLID
 70
     1
 71
     0
 91
        1
 92
        7
 72
     1
 73
     1
 93
        3
 10
7096.401423553423
 20
1878.805154529771
 42
0.0
 10
7096.401423553423
 20
1871.305154464578
 42
0.0
 10
7103.901423618616
 20
1871.305154464578
 42
0.4142135623730951
 97
        0
 75
     1
 76
     1
 47
0.1085495934889314
 98
        2
 10
7099.230412147282
 20
1873.682814324132
 10
7093.257054767057
 20
1868.798080918539
450
        0
451
        0
460
0.0
461
0.0
452
        0
462
0.0
453
        2
463
0.0
 63
     5
421
      255
463
1.0
 63
     2
421
 16776960
470
LINEAR
1001
GradientColor1ACI
1070
     5
1001
GradientColor2ACI
1070
     2
1001
ACAD
1010
0.0
1020
0.0
1030
0.0
  0
HATCH
  5
109C
330
1F
100
AcDbEntity
  8
KOT CIZGI (BEYKENT)
100
AcDbHatch
 10
0.0
 20
0.0
 30
0.0
210
0.0
220
0.0
230
1.0
  2
SOLID
 70
     1
 71
     0
 91
        1
 92
        7
 72
     1
 73
     1
 93
        3
 10
7096.401423553423
 20
1871.305154464578
 42
0.0
 10
7088.901423488231
 20
1871.305154464578
 42
0.4142135623730951
 10
7096.401423553423
 20
1863.805154399386
 42
0.0
 97
        0
 75
     1
 76
     1
 47
0.1085495934889314
 98
        2
 10
7099.230412147282
 20
1873.682814324132
 10
7093.257054767057
 20
1868.798080918539
450
        0
451
        0
460
0.0
461
0.0
452
        0
462
0.0
453
        2
463
0.0
 63
     5
421
      255
463
1.0
 63
     2
421
 16776960
470
LINEAR
1001
GradientColor1ACI
1070
     5
1001
GradientColor2ACI
1070
     2
1001
ACAD
1010
0.0
1020
0.0
1030
0.0
  0
LINE
  5
109D
330
1F
100
AcDbEntity
  8
KOT CIZGI (BEYKENT)
100
AcDbLine
 10
7096.401423553423
 20
1881.305323741769
 30
0.0
 11
7096.401423553423
 21
1861.305283210611
 31
0.0
1001
sta4cad App2
1004
70
1071
       13
1070
     0
1070
     0
1070
     0
  0
LINE
  5
109E
330
1F
100
AcDbEntity
  8
KOT CIZGI (BEYKENT)
100
AcDbLine
 10
7086.401403287844
 20
1871.305154464578
 30
0.0
 11
7130.427771495433
 21
1871.305154464578
 31
0.0
1001
sta4cad App2
1004
70
1071
       13
1070
     0
1070
     0
1070
     0
  0
CIRCLE
  5
109F
330
1F
100
AcDbEntity
  8
KOT CIZGI (BEYKENT)
100
AcDbCircle
 10
7096.401423553423
 20
1871.305154464578
 30
0.0
 40
7.50000006519258
1001
sta4cad App2
1004
70
1071
       13
1070
     0
1070
     0
1070
     0
  0
HATCH
  5
10A0
330
1F
100
AcDbEntity
  8
KOT CIZGI (BEYKENT)
100
AcDbHatch
 10
0.0
 20
0.0
 30
0.0
210
0.0
220
0.0
230
1.0
  2
SOLID
 70
     1
 71
     0
 91
        1
 92
        7
 72
     1
 73
     1
 93
        3
 10
6314.735085109667
 20
1878.805154529771
 42
0.0
 10
6314.735085109667
 20
1871.305154464578
 42
0.0
 10
6322.23508517486
 20
1871.305154464578
 42
0.4142135623730951
 97
        0
 75
     1
 76
     1
 47
0.1085495934889314
 98
        2
 10
6317.564073703525
 20
1873.682814324132
 10
6311.590716323302
 20
1868.798080918539
450
        0
451
        0
460
0.0
461
0.0
452
        0
462
0.0
453
        2
463
0.0
 63
     5
421
      255
463
1.0
 63
     2
421
 16776960
470
LINEAR
1001
GradientColor1ACI
1070
     5
1001
GradientColor2ACI
1070
     2
1001
ACAD
1010
0.0
1020
0.0
1030
0.0
  0
HATCH
  5
10A1
330
1F
100
AcDbEntity
  8
KOT CIZGI (BEYKENT)
100
AcDbHatch
 10
0.0
 20
0.0
 30
0.0
210
0.0
220
0.0
230
1.0
  2
SOLID
 70
     1
 71
     0
 91
        1
 92
        7
 72
     1
 73
     1
 93
        3
 10
6314.735085109667
 20
1871.305154464578
 42
0.0
 10
6307.235085044474
 20
1871.305154464578
 42
0.4142135623730951
 10
6314.735085109667
 20
1863.805154399386
 42
0.0
 97
        0
 75
     1
 76
     1
 47
0.1085495934889314
 98
        2
 10
6317.564073703525
 20
1873.682814324132
 10
6311.590716323302
 20
1868.798080918539
450
        0
451
        0
460
0.0
461
0.0
452
        0
462
0.0
453
        2
463
0.0
 63
     5
421
      255
463
1.0
 63
     2
421
 16776960
470
LINEAR
1001
GradientColor1ACI
1070
     5
1001
GradientColor2ACI
1070
     2
1001
ACAD
1010
0.0
1020
0.0
1030
0.0
  0
LINE
  5
10A2
330
1F
100
AcDbEntity
  8
KOT CIZGI (BEYKENT)
100
AcDbLine
 10
6314.735085109667
 20
1881.305323741769
 30
0.0
 11
6314.735085109667
 21
1861.305283210611
 31
0.0
1001
sta4cad App2
1004
70
1071
       13
1070
     0
1070
     0
1070
     0
  0
LINE
  5
10A3
330
1F
100
AcDbEntity
  8
KOT CIZGI (BEYKENT)
100
AcDbLine
 10
6304.735064844088
 20
1871.305154464578
 30
0.0
 11
6348.761433051677
 21
1871.305154464578
 31
0.0
1001
sta4cad App2
1004
70
1071
       13
1070
     0
1070
     0
1070
     0
  0
CIRCLE
  5
10A4
330
1F
100
AcDbEntity
  8
KOT CIZGI (BEYKENT)
100
AcDbCircle
 10
6314.735085109667
 20
1871.305154464578
 30
0.0
 40
7.50000006519258
1001
sta4cad App2
1004
70
1071
       13
1070
     0
1070
     0
1070
     0
  0
HATCH
  5
10A5
330
1F
100
AcDbEntity
  8
KOT CIZGI (BEYKENT)
100
AcDbHatch
 10
0.0
 20
0.0
 30
0.0
210
0.0
220
0.0
230
1.0
  2
SOLID
 70
     1
 71
     0
 91
        1
 92
        7
 72
     1
 73
     1
 93
        3
 10
5522.235006431536
 20
1878.805154529771
 42
0.0
 10
5522.235006431536
 20
1871.305154464578
 42
0.0
 10
5529.735006496728
 20
1871.305154464578
 42
0.4142135623730951
 97
        0
 75
     1
 76
     1
 47
0.1085495934889314
 98
        2
 10
5525.063995025393
 20
1873.682814324132
 10
5519.090637645171
 20
1868.798080918539
450
        0
451
        0
460
0.0
461
0.0
452
        0
462
0.0
453
        2
463
0.0
 63
     5
421
      255
463
1.0
 63
     2
421
 16776960
470
LINEAR
1001
GradientColor1ACI
1070
     5
1001
GradientColor2ACI
1070
     2
1001
ACAD
1010
0.0
1020
0.0
1030
0.0
  0
HATCH
  5
10A6
330
1F
100
AcDbEntity
  8
KOT CIZGI (BEYKENT)
100
AcDbHatch
 10
0.0
 20
0.0
 30
0.0
210
0.0
220
0.0
230
1.0
  2
SOLID
 70
     1
 71
     0
 91
        1
 92
        7
 72
     1
 73
     1
 93
        3
 10
5522.235006431536
 20
1871.305154464578
 42
0.0
 10
5514.735006366343
 20
1871.305154464578
 42
0.4142135623730951
 10
5522.235006431536
 20
1863.805154399386
 42
0.0
 97
        0
 75
     1
 76
     1
 47
0.1085495934889314
 98
        2
 10
5525.063995025393
 20
1873.682814324132
 10
5519.090637645171
 20
1868.798080918539
450
        0
451
        0
460
0.0
461
0.0
452
        0
462
0.0
453
        2
463
0.0
 63
     5
421
      255
463
1.0
 63
     2
421
 16776960
470
LINEAR
1001
GradientColor1ACI
1070
     5
1001
GradientColor2ACI
1070
     2
1001
ACAD
1010
0.0
1020
0.0
1030
0.0
  0
LINE
  5
10A7
330
1F
100
AcDbEntity
  8
KOT CIZGI (BEYKENT)
100
AcDbLine
 10
5522.235006431536
 20
1881.305323741769
 30
0.0
 11
5522.235006431536
 21
1861.305283210611
 31
0.0
1001
sta4cad App2
1004
70
1071
       13
1070
     0
1070
     0
1070
     0
  0
LINE
  5
10A8
330
1F
100
AcDbEntity
  8
KOT CIZGI (BEYKENT)
100
AcDbLine
 10
5512.234986165957
 20
1871.305154464578
 30
0.0
 11
5556.261354373546
 21
1871.305154464578
 31
0.0
1001
sta4cad App2
1004
70
1071
       13
1070
     0
1070
     0
1070
     0
  0
CIRCLE
  5
10A9
330
1F
100
AcDbEntity
  8
KOT CIZGI (BEYKENT)
100
AcDbCircle
 10
5522.235006431536
 20
1871.305154464578
 30
0.0
 40
7.50000006519258
1001
sta4cad App2
1004
70
1071
       13
1070
     0
1070
     0
1070
     0
  0
HATCH
  5
10AA
330
1F
100
AcDbEntity
  8
KOT CIZGI (BEYKENT)
100
AcDbHatch
 10
0.0
 20
0.0
 30
0.0
210
0.0
220
0.0
230
1.0
  2
SOLID
 70
     1
 71
     0
 91
        1
 92
        7
 72
     1
 73
     1
 93
        3
 10
4691.578776041114
 20
1878.805154529771
 42
0.0
 10
4691.578776041114
 20
1871.305154464578
 42
0.0
 10
4699.078776106307
 20
1871.305154464578
 42
0.4142135623730951
 97
        0
 75
     1
 76
     1
 47
0.1085495934889314
 98
        2
 10
4694.407764634973
 20
1873.682814324132
 10
4688.434407254749
 20
1868.798080918539
450
        0
451
        0
460
0.0
461
0.0
452
        0
462
0.0
453
        2
463
0.0
 63
     5
421
      255
463
1.0
 63
     2
421
 16776960
470
LINEAR
1001
GradientColor1ACI
1070
     5
1001
GradientColor2ACI
1070
     2
1001
ACAD
1010
0.0
1020
0.0
1030
0.0
  0
HATCH
  5
10AB
330
1F
100
AcDbEntity
  8
KOT CIZGI (BEYKENT)
100
AcDbHatch
 10
0.0
 20
0.0
 30
0.0
210
0.0
220
0.0
230
1.0
  2
SOLID
 70
     1
 71
     0
 91
        1
 92
        7
 72
     1
 73
     1
 93
        3
 10
4691.578776041114
 20
1871.305154464578
 42
0.0
 10
4684.078775975922
 20
1871.305154464578
 42
0.4142135623730951
 10
4691.578776041114
 20
1863.805154399386
 42
0.0
 97
        0
 75
     1
 76
     1
 47
0.1085495934889314
 98
        2
 10
4694.407764634973
 20
1873.682814324132
 10
4688.434407254749
 20
1868.798080918539
450
        0
451
        0
460
0.0
461
0.0
452
        0
462
0.0
453
        2
463
0.0
 63
     5
421
      255
463
1.0
 63
     2
421
 16776960
470
LINEAR
1001
GradientColor1ACI
1070
     5
1001
GradientColor2ACI
1070
     2
1001
ACAD
1010
0.0
1020
0.0
1030
0.0
  0
LINE
  5
10AC
330
1F
100
AcDbEntity
  8
KOT CIZGI (BEYKENT)
100
AcDbLine
 10
4691.578776041114
 20
1881.305323741769
 30
0.0
 11
4691.578776041114
 21
1861.305283210611
 31
0.0
1001
sta4cad App2
1004
70
1071
       13
1070
     0
1070
     0
1070
     0
  0
LINE
  5
10AD
330
1F
100
AcDbEntity
  8
KOT CIZGI (BEYKENT)
100
AcDbLine
 10
4681.578755775535
 20
1871.305154464578
 30
0.0
 11
4725.605123983124
 21
1871.305154464578
 31
0.0
1001
sta4cad App2
1004
70
1071
       13
1070
     0
1070
     0
1070
     0
  0
CIRCLE
  5
10AE
330
1F
100
AcDbEntity
  8
KOT CIZGI (BEYKENT)
100
AcDbCircle
 10
4691.578776041114
 20
1871.305154464578
 30
0.0
 40
7.50000006519258
1001
sta4cad App2
1004
70
1071
       13
1070
     0
1070
     0
1070
     0
  0
HATCH
  5
10AF
330
1F
100
AcDbEntity
  8
KOT CIZGI (BEYKENT)
100
AcDbHatch
 10
0.0
 20
0.0
 30
0.0
210
0.0
220
0.0
230
1.0
  2
SOLID
 70
     1
 71
     0
 91
        1
 92
        7
 72
     1
 73
     1
 93
        3
 10
4148.068398574785
 20
1878.805154529771
 42
0.0
 10
4148.068398574785
 20
1871.305154464578
 42
0.0
 10
4155.568398639978
 20
1871.305154464578
 42
0.4142135623730951
 97
        0
 75
     1
 76
     1
 47
0.1085495934889314
 98
        2
 10
4150.897387168643
 20
1873.682814324132
 10
4144.924029788421
 20
1868.798080918539
450
        0
451
        0
460
0.0
461
0.0
452
        0
462
0.0
453
        2
463
0.0
 63
     5
421
      255
463
1.0
 63
     2
421
 16776960
470
LINEAR
1001
GradientColor1ACI
1070
     5
1001
GradientColor2ACI
1070
     2
1001
ACAD
1010
0.0
1020
0.0
1030
0.0
  0
HATCH
  5
10B0
330
1F
100
AcDbEntity
  8
KOT CIZGI (BEYKENT)
100
AcDbHatch
 10
0.0
 20
0.0
 30
0.0
210
0.0
220
0.0
230
1.0
  2
SOLID
 70
     1
 71
     0
 91
        1
 92
        7
 72
     1
 73
     1
 93
        3
 10
4148.068398574785
 20
1871.305154464578
 42
0.0
 10
4140.568398509593
 20
1871.305154464578
 42
0.4142135623730951
 10
4148.068398574785
 20
1863.805154399386
 42
0.0
 97
        0
 75
     1
 76
     1
 47
0.1085495934889314
 98
        2
 10
4150.897387168643
 20
1873.682814324132
 10
4144.924029788421
 20
1868.798080918539
450
        0
451
        0
460
0.0
461
0.0
452
        0
462
0.0
453
        2
463
0.0
 63
     5
421
      255
463
1.0
 63
     2
421
 16776960
470
LINEAR
1001
GradientColor1ACI
1070
     5
1001
GradientColor2ACI
1070
     2
1001
ACAD
1010
0.0
1020
0.0
1030
0.0
  0
LINE
  5
10B1
330
1F
100
AcDbEntity
  8
KOT CIZGI (BEYKENT)
100
AcDbLine
 10
4148.068398574785
 20
1881.305323741769
 30
0.0
 11
4148.068398574785
 21
1861.305283210611
 31
0.0
1001
sta4cad App2
1004
70
1071
       13
1070
     0
1070
     0
1070
     0
  0
LINE
  5
10B2
330
1F
100
AcDbEntity
  8
KOT CIZGI (BEYKENT)
100
AcDbLine
 10
4138.068378309206
 20
1871.305154464578
 30
0.0
 11
4182.094746516795
 21
1871.305154464578
 31
0.0
1001
sta4cad App2
1004
70
1071
       13
1070
     0
1070
     0
1070
     0
  0
CIRCLE
  5
10B3
330
1F
100
AcDbEntity
  8
KOT CIZGI (BEYKENT)
100
AcDbCircle
 10
4148.068398574785
 20
1871.305154464578
 30
0.0
 40
7.50000006519258
1001
sta4cad App2
1004
70
1071
       13
1070
     0
1070
     0
1070
     0
  0
HATCH
  5
10B4
330
1F
100
AcDbEntity
  8
KOT CIZGI (BEYKENT)
100
AcDbHatch
 10
0.0
 20
0.0
 30
0.0
210
0.0
220
0.0
230
1.0
  2
SOLID
 70
     1
 71
     0
 91
        1
 92
        7
 72
     1
 73
     1
 93
        3
 10
3609.735042194323
 20
1878.805154529771
 42
0.0
 10
3609.735042194323
 20
1871.305154464578
 42
0.0
 10
3617.235042259516
 20
1871.305154464578
 42
0.4142135623730951
 97
        0
 75
     1
 76
     1
 47
0.1085495934889314
 98
        2
 10
3612.56403078818
 20
1873.682814324132
 10
3606.590673407958
 20
1868.798080918539
450
        0
451
        0
460
0.0
461
0.0
452
        0
462
0.0
453
        2
463
0.0
 63
     5
421
      255
463
1.0
 63
     2
421
 16776960
470
LINEAR
1001
GradientColor1ACI
1070
     5
1001
GradientColor2ACI
1070
     2
1001
ACAD
1010
0.0
1020
0.0
1030
0.0
  0
HATCH
  5
10B5
330
1F
100
AcDbEntity
  8
KOT CIZGI (BEYKENT)
100
AcDbHatch
 10
0.0
 20
0.0
 30
0.0
210
0.0
220
0.0
230
1.0
  2
SOLID
 70
     1
 71
     0
 91
        1
 92
        7
 72
     1
 73
     1
 93
        3
 10
3609.735042194323
 20
1871.305154464578
 42
0.0
 10
3602.235042129131
 20
1871.305154464578
 42
0.4142135623730951
 10
3609.735042194323
 20
1863.805154399386
 42
0.0
 97
        0
 75
     1
 76
     1
 47
0.1085495934889314
 98
        2
 10
3612.56403078818
 20
1873.682814324132
 10
3606.590673407958
 20
1868.798080918539
450
        0
451
        0
460
0.0
461
0.0
452
        0
462
0.0
453
        2
463
0.0
 63
     5
421
      255
463
1.0
 63
     2
421
 16776960
470
LINEAR
1001
GradientColor1ACI
1070
     5
1001
GradientColor2ACI
1070
     2
1001
ACAD
1010
0.0
1020
0.0
1030
0.0
  0
LINE
  5
10B6
330
1F
100
AcDbEntity
  8
KOT CIZGI (BEYKENT)
100
AcDbLine
 10
3609.735042194323
 20
1881.305323741769
 30
0.0
 11
3609.735042194323
 21
1861.305283210611
 31
0.0
1001
sta4cad App2
1004
70
1071
       13
1070
     0
1070
     0
1070
     0
  0
LINE
  5
10B7
330
1F
100
AcDbEntity
  8
KOT CIZGI (BEYKENT)
100
AcDbLine
 10
3599.735021928744
 20
1871.305154464578
 30
0.0
 11
3643.761390136333
 21
1871.305154464578
 31
0.0
1001
sta4cad App2
1004
70
1071
       13
1070
     0
1070
     0
1070
     0
  0
CIRCLE
  5
10B8
330
1F
100
AcDbEntity
  8
KOT CIZGI (BEYKENT)
100
AcDbCircle
 10
3609.735042194323
 20
1871.305154464578
 30
0.0
 40
7.50000006519258
1001
sta4cad App2
1004
70
1071
       13
1070
     0
1070
     0
1070
     0
  0
HATCH
  5
10B9
330
1F
100
AcDbEntity
  8
KOT CIZGI (BEYKENT)
100
AcDbHatch
 10
0.0
 20
0.0
 30
0.0
210
0.0
220
0.0
230
1.0
  2
SOLID
 70
     1
 71
     0
 91
        1
 92
        7
 72
     1
 73
     1
 93
        3
 10
3021.40165899177
 20
1878.805154529771
 42
0.0
 10
3021.40165899177
 20
1871.305154464578
 42
0.0
 10
3028.901659056963
 20
1871.305154464578
 42
0.4142135623730951
 97
        0
 75
     1
 76
     1
 47
0.1085495934889314
 98
        2
 10
3024.230647585628
 20
1873.682814324132
 10
3018.257290205406
 20
1868.798080918539
450
        0
451
        0
460
0.0
461
0.0
452
        0
462
0.0
453
        2
463
0.0
 63
     5
421
      255
463
1.0
 63
     2
421
 16776960
470
LINEAR
1001
GradientColor1ACI
1070
     5
1001
GradientColor2ACI
1070
     2
1001
ACAD
1010
0.0
1020
0.0
1030
0.0
  0
HATCH
  5
10BA
330
1F
100
AcDbEntity
  8
KOT CIZGI (BEYKENT)
100
AcDbHatch
 10
0.0
 20
0.0
 30
0.0
210
0.0
220
0.0
230
1.0
  2
SOLID
 70
     1
 71
     0
 91
        1
 92
        7
 72
     1
 73
     1
 93
        3
 10
3021.40165899177
 20
1871.305154464578
 42
0.0
 10
3013.901658926578
 20
1871.305154464578
 42
0.4142135623730951
 10
3021.40165899177
 20
1863.805154399386
 42
0.0
 97
        0
 75
     1
 76
     1
 47
0.1085495934889314
 98
        2
 10
3024.230647585628
 20
1873.682814324132
 10
3018.257290205406
 20
1868.798080918539
450
        0
451
        0
460
0.0
461
0.0
452
        0
462
0.0
453
        2
463
0.0
 63
     5
421
      255
463
1.0
 63
     2
421
 16776960
470
LINEAR
1001
GradientColor1ACI
1070
     5
1001
GradientColor2ACI
1070
     2
1001
ACAD
1010
0.0
1020
0.0
1030
0.0
  0
LINE
  5
10BB
330
1F
100
AcDbEntity
  8
KOT CIZGI (BEYKENT)
100
AcDbLine
 10
3021.40165899177
 20
1881.305323741769
 30
0.0
 11
3021.40165899177
 21
1861.305283210611
 31
0.0
1001
sta4cad App2
1004
70
1071
       13
1070
     0
1070
     0
1070
     0
  0
LINE
  5
10BC
330
1F
100
AcDbEntity
  8
KOT CIZGI (BEYKENT)
100
AcDbLine
 10
3011.401638726191
 20
1871.305154464578
 30
0.0
 11
3055.428006933781
 21
1871.305154464578
 31
0.0
1001
sta4cad App2
1004
70
1071
       13
1070
     0
1070
     0
1070
     0
  0
CIRCLE
  5
10BD
330
1F
100
AcDbEntity
  8
KOT CIZGI (BEYKENT)
100
AcDbCircle
 10
3021.40165899177
 20
1871.305154464578
 30
0.0
 40
7.50000006519258
1001
sta4cad App2
1004
70
1071
       13
1070
     0
1070
     0
1070
     0
  0
HATCH
  5
10BE
330
1F
100
AcDbEntity
  8
KOT CIZGI (BEYKENT)
100
AcDbHatch
 10
0.0
 20
0.0
 30
0.0
210
0.0
220
0.0
230
1.0
  2
SOLID
 70
     1
 71
     1
 91
        1
 92
        7
 72
     0
 73
     1
 93
        3
 10
2349.168927621515
 20
1907.626471870207
 10
2364.168927621514
 20
1922.626471870207
 10
2349.168927621515
 20
1937.626471870207
 97
        3
330
10BF
330
10C1
330
10C0
 75
     0
 76
     1
 47
0.0982513980393817
 98
        1
 10
2352.539586153547
 20
1924.124150548781
450
        0
451
        0
460
0.0
461
0.0
452
        0
462
0.0
453
        2
463
0.0
 63
     5
421
      255
463
1.0
 63
     2
421
 16776960
470
LINEAR
1001
GradientColor1ACI
1070
     5
1001
GradientColor2ACI
1070
     2
1001
ACAD
1010
0.0
1020
0.0
1030
0.0
  0
LINE
  5
10BF
102
{ACAD_REACTORS
330
10BE
102
}
330
1F
100
AcDbEntity
  8
KOT CIZGI (BEYKENT)
100
AcDbLine
 10
2349.168927621515
 20
1907.626471870207
 30
0.0
 11
2349.168927621515
 21
1937.626471870207
 31
0.0
  0
LINE
  5
10C0
102
{ACAD_REACTORS
330
10BE
102
}
330
1F
100
AcDbEntity
  8
KOT CIZGI (BEYKENT)
100
AcDbLine
 10
2364.168927621514
 20
1922.626471870207
 30
0.0
 11
2349.168927621515
 21
1937.626471870207
 31
0.0
  0
LINE
  5
10C1
102
{ACAD_REACTORS
330
10BE
102
}
330
1F
100
AcDbEntity
  8
KOT CIZGI (BEYKENT)
100
AcDbLine
 10
2364.168927621514
 20
1922.626471870207
 30
0.0
 11
2349.168927621515
 21
1907.626471870207
 31
0.0
  0
LINE
  5
10C2
330
1F
100
AcDbEntity
  8
KOT CIZGI (BEYKENT)
100
AcDbLine
 10
2364.168927621514
 20
1902.626471870207
 30
0.0
 11
2364.168927621514
 21
1942.626471870207
 31
0.0
  0
HATCH
  5
10C3
330
1F
100
AcDbEntity
  8
KOT CIZGI (BEYKENT)
100
AcDbHatch
 10
0.0
 20
0.0
 30
0.0
210
0.0
220
0.0
230
1.0
  2
SOLID
 70
     1
 71
     1
 91
        1
 92
        7
 72
     0
 73
     1
 93
        3
 10
2905.236985635431
 20
2446.615198237639
 10
2920.236985635431
 20
2431.615198237639
 10
2935.236985635431
 20
2446.615198237639
 97
        3
330
10C4
330
10C6
330
10C5
 75
     0
 76
     1
 47
0.0982513980393817
 98
        1
 10
2921.734664314001
 20
2443.244539705606
450
        0
451
        0
460
0.0
461
0.0
452
        0
462
0.0
453
        2
463
0.0
 63
     5
421
      255
463
1.0
 63
     2
421
 16776960
470
LINEAR
1001
GradientColor1ACI
1070
     5
1001
GradientColor2ACI
1070
     2
1001
ACAD
1010
0.0
1020
0.0
1030
0.0
  0
LINE
  5
10C4
102
{ACAD_REACTORS
330
10C3
102
}
330
1F
100
AcDbEntity
  8
KOT CIZGI (BEYKENT)
100
AcDbLine
 10
2905.236985635431
 20
2446.615198237639
 30
0.0
 11
2935.236985635431
 21
2446.615198237639
 31
0.0
  0
LINE
  5
10C5
102
{ACAD_REACTORS
330
10C3
102
}
330
1F
100
AcDbEntity
  8
KOT CIZGI (BEYKENT)
100
AcDbLine
 10
2920.236985635431
 20
2431.615198237639
 30
0.0
 11
2935.236985635431
 21
2446.615198237639
 31
0.0
  0
LINE
  5
10C6
102
{ACAD_REACTORS
330
10C3
102
}
330
1F
100
AcDbEntity
  8
KOT CIZGI (BEYKENT)
100
AcDbLine
 10
2920.236985635431
 20
2431.615198237639
 30
0.0
 11
2905.236985635431
 21
2446.615198237639
 31
0.0
  0
LINE
  5
10C7
330
1F
100
AcDbEntity
  8
KOT CIZGI (BEYKENT)
100
AcDbLine
 10
2900.23698563543
 20
2431.615198237639
 30
0.0
 11
2940.236985635431
 21
2431.615198237639
 31
0.0
  0
HATCH
  5
10C8
330
1F
100
AcDbEntity
  8
KESIT (BEYKENT)
370
    -3
100
AcDbHatch
 10
0.0
 20
0.0
 30
0.0
210
0.0
220
0.0
230
1.0
  2
SOLID
 70
     1
 71
     0
 91
        1
 92
        7
 72
     1
 73
     1
 93
        3
 10
4699.514343681246
 20
2294.381464073762
 42
0.0
 10
4688.907741963452
 20
2283.774862356013
 42
-0.198912367379658
 10
4699.514343681246
 20
2288.168260638215
 42
0.0
 97
        0
 75
     1
 76
     1
 47
0.1281903610320636
 98
        3
 10
4697.864224931425
 20
2290.531444614779
 10
4681.96091244103
 20
2273.994931505735
 10
4697.992427369779
 20
2255.791874049279
450
        0
451
        0
460
0.0
461
0.0
452
        0
462
0.0
453
        2
463
0.0
 63
     5
421
      255
463
1.0
 63
     2
421
 16776960
470
LINEAR
1001
GradientColor1ACI
1070
     5
1001
GradientColor2ACI
1070
     2
1001
ACAD
1010
0.0
1020
0.0
1030
0.0
  0
HATCH
  5
10C9
330
1F
100
AcDbEntity
  8
KESIT (BEYKENT)
370
    -3
100
AcDbHatch
 10
0.0
 20
0.0
 30
0.0
210
0.0
220
0.0
230
1.0
  2
SOLID
 70
     1
 71
     0
 91
        1
 92
        7
 72
     1
 73
     1
 93
        3
 10
4699.514343681276
 20
2258.168260638215
 42
-0.1989123673800862
 10
4688.907741963452
 20
2262.561658920417
 42
0.0
 10
4699.514343681276
 20
2251.955057202605
 42
0.0
 97
        0
 75
     1
 76
     1
 47
0.1281903610320636
 98
        3
 10
4697.864224931425
 20
2290.531444614779
 10
4681.96091244103
 20
2273.994931505735
 10
4697.992427369779
 20
2255.791874049279
450
        0
451
        0
460
0.0
461
0.0
452
        0
462
0.0
453
        2
463
0.0
 63
     5
421
      255
463
1.0
 63
     2
421
 16776960
470
LINEAR
1001
GradientColor1ACI
1070
     5
1001
GradientColor2ACI
1070
     2
1001
ACAD
1010
0.0
1020
0.0
1030
0.0
  0
HATCH
  5
10CA
330
1F
100
AcDbEntity
  8
KESIT (BEYKENT)
370
    -3
100
AcDbHatch
 10
0.0
 20
0.0
 30
0.0
210
0.0
220
0.0
230
1.0
  2
SOLID
 70
     1
 71
     0
 91
        1
 92
        7
 72
     1
 73
     1
 93
        4
 10
4688.907741963452
 20
2283.774862356013
 42
0.0
 10
4678.301140245687
 20
2273.168260638202
 42
0.0
 10
4688.907741963452
 20
2262.561658920417
 42
-0.1989123673796552
 10
4684.514343681247
 20
2273.168260638215
 42
-0.198912367379658
 97
        0
 75
     1
 76
     1
 47
0.1281903610320636
 98
        3
 10
4697.864224931425
 20
2290.531444614779
 10
4681.96091244103
 20
2273.994931505735
 10
4697.992427369779
 20
2255.791874049279
450
        0
451
        0
460
0.0
461
0.0
452
        0
462
0.0
453
        2
463
0.0
 63
     5
421
      255
463
1.0
 63
     2
421
 16776960
470
LINEAR
1001
GradientColor1ACI
1070
     5
1001
GradientColor2ACI
1070
     2
1001
ACAD
1010
0.0
1020
0.0
1030
0.0
  0
CIRCLE
  5
10CB
330
1F
100
AcDbEntity
  8
KESIT (BEYKENT)
370
    -3
100
AcDbCircle
 10
4699.514343681246
 20
2273.168260638215
 30
0.0
 40
15.0
  0
LWPOLYLINE
  5
10CC
330
1F
100
AcDbEntity
  8
KESIT (BEYKENT)
370
    -3
100
AcDbPolyline
 90
        5
 70
   128
 43
0.0
 10
4699.514343681246
 20
2288.168260638215
 10
4699.514343681246
 20
2294.381464073762
 10
4678.301140245687
 20
2273.168260638202
 10
4699.514343681276
 20
2251.955057202605
 10
4699.514343681276
 20
2258.168260638215
  0
LWPOLYLINE
  5
10CD
330
1F
100
AcDbEntity
  8
KESIT (BEYKENT)
370
    -3
100
AcDbPolyline
 90
        2
 70
   128
 43
0.0
 10
4704.514343681275
 20
2259.026125014495
 10
4704.514343681291
 20
2246.955057202601
  0
LWPOLYLINE
  5
10CE
330
1F
100
AcDbEntity
  8
KESIT (BEYKENT)
370
    -3
100
AcDbPolyline
 90
        2
 70
   128
 43
0.0
 10
4704.514343681275
 20
2287.310396261936
 10
4704.514343681291
 20
2299.381464073829
  0
HATCH
  5
10CF
330
1F
100
AcDbEntity
  8
KESIT (BEYKENT)
370
    -3
100
AcDbHatch
 10
0.0
 20
0.0
 30
0.0
210
0.0
220
0.0
230
1.0
  2
SOLID
 70
     1
 71
     0
 91
        1
 92
        7
 72
     1
 73
     1
 93
        3
 10
4699.556364955813
 20
801.6069310363459
 42
0.0
 10
4688.949763238019
 20
791.0003293185968
 42
-0.198912367379658
 10
4699.556364955813
 20
795.3937276007986
 42
0.0
 97
        0
 75
     1
 76
     1
 47
0.1281903610320636
 98
        3
 10
4697.906246205992
 20
797.7569115773627
 10
4682.002933715597
 20
781.2203984683187
 10
4698.034448644346
 20
763.0173410118628
450
        0
451
        0
460
0.0
461
0.0
452
        0
462
0.0
453
        2
463
0.0
 63
     5
421
      255
463
1.0
 63
     2
421
 16776960
470
LINEAR
1001
GradientColor1ACI
1070
     5
1001
GradientColor2ACI
1070
     2
1001
ACAD
1010
0.0
1020
0.0
1030
0.0
  0
HATCH
  5
10D0
330
1F
100
AcDbEntity
  8
KESIT (BEYKENT)
370
    -3
100
AcDbHatch
 10
0.0
 20
0.0
 30
0.0
210
0.0
220
0.0
230
1.0
  2
SOLID
 70
     1
 71
     0
 91
        1
 92
        7
 72
     1
 73
     1
 93
        3
 10
4699.556364955842
 20
765.3937276007987
 42
-0.1989123673800862
 10
4688.949763238019
 20
769.7871258830005
 42
0.0
 10
4699.556364955842
 20
759.1805241651886
 42
0.0
 97
        0
 75
     1
 76
     1
 47
0.1281903610320636
 98
        3
 10
4697.906246205992
 20
797.7569115773627
 10
4682.002933715597
 20
781.2203984683187
 10
4698.034448644346
 20
763.0173410118628
450
        0
451
        0
460
0.0
461
0.0
452
        0
462
0.0
453
        2
463
0.0
 63
     5
421
      255
463
1.0
 63
     2
421
 16776960
470
LINEAR
1001
GradientColor1ACI
1070
     5
1001
GradientColor2ACI
1070
     2
1001
ACAD
1010
0.0
1020
0.0
1030
0.0
  0
HATCH
  5
10D1
330
1F
100
AcDbEntity
  8
KESIT (BEYKENT)
370
    -3
100
AcDbHatch
 10
0.0
 20
0.0
 30
0.0
210
0.0
220
0.0
230
1.0
  2
SOLID
 70
     1
 71
     0
 91
        1
 92
        7
 72
     1
 73
     1
 93
        4
 10
4688.949763238019
 20
791.0003293185968
 42
0.0
 10
4678.343161520253
 20
780.393727600785
 42
0.0
 10
4688.949763238019
 20
769.7871258830005
 42
-0.1989123673796552
 10
4684.556364955813
 20
780.3937276007986
 42
-0.198912367379658
 97
        0
 75
     1
 76
     1
 47
0.1281903610320636
 98
        3
 10
4697.906246205992
 20
797.7569115773627
 10
4682.002933715597
 20
781.2203984683187
 10
4698.034448644346
 20
763.0173410118628
450
        0
451
        0
460
0.0
461
0.0
452
        0
462
0.0
453
        2
463
0.0
 63
     5
421
      255
463
1.0
 63
     2
421
 16776960
470
LINEAR
1001
GradientColor1ACI
1070
     5
1001
GradientColor2ACI
1070
     2
1001
ACAD
1010
0.0
1020
0.0
1030
0.0
  0
CIRCLE
  5
10D2
330
1F
100
AcDbEntity
  8
KESIT (BEYKENT)
370
    -3
100
AcDbCircle
 10
4699.556364955813
 20
780.3937276007986
 30
0.0
 40
15.0
  0
LWPOLYLINE
  5
10D3
330
1F
100
AcDbEntity
  8
KESIT (BEYKENT)
370
    -3
100
AcDbPolyline
 90
        5
 70
   128
 43
0.0
 10
4699.556364955813
 20
795.3937276007986
 10
4699.556364955813
 20
801.6069310363459
 10
4678.343161520253
 20
780.393727600785
 10
4699.556364955842
 20
759.1805241651886
 10
4699.556364955842
 20
765.3937276007987
  0
LWPOLYLINE
  5
10D4
330
1F
100
AcDbEntity
  8
KESIT (BEYKENT)
370
    -3
100
AcDbPolyline
 90
        2
 70
   128
 43
0.0
 10
4704.556364955842
 20
766.2515919770781
 10
4704.556364955857
 20
754.1805241651846
  0
LWPOLYLINE
  5
10D5
330
1F
100
AcDbEntity
  8
KESIT (BEYKENT)
370
    -3
100
AcDbPolyline
 90
        2
 70
   128
 43
0.0
 10
4704.556364955842
 20
794.5358632245192
 10
4704.556364955857
 20
806.6069310364127
  0
HATCH
  5
10D6
330
1F
100
AcDbEntity
  8
KESIT (BEYKENT)
370
    -3
100
AcDbHatch
 10
0.0
 20
0.0
 30
0.0
210
0.0
220
0.0
230
1.0
  2
SOLID
 70
     1
 71
     0
 91
        1
 92
        7
 72
     1
 73
     1
 93
        3
 10
8713.73673284167
 20
1778.883863451506
 42
0.0
 10
8703.130131123918
 20
1789.490465169304
 42
-0.198912367379658
 10
8707.523529406124
 20
1778.883863451506
 42
0.0
 97
        0
 75
     1
 76
     1
 47
0.1281903610320636
 98
        3
 10
8709.886713382683
 20
1780.533982201322
 10
8693.350200273647
 20
1796.437294691717
 10
8675.14714281719
 20
1780.405779762968
450
        0
451
        0
460
0.0
461
0.0
452
        0
462
0.0
453
        2
463
0.0
 63
     5
421
      255
463
1.0
 63
     2
421
 16776960
470
LINEAR
1001
GradientColor1ACI
1070
     5
1001
GradientColor2ACI
1070
     2
1001
ACAD
1010
0.0
1020
0.0
1030
0.0
  0
HATCH
  5
10D7
330
1F
100
AcDbEntity
  8
KESIT (BEYKENT)
370
    -3
100
AcDbHatch
 10
0.0
 20
0.0
 30
0.0
210
0.0
220
0.0
230
1.0
  2
SOLID
 70
     1
 71
     0
 91
        1
 92
        7
 72
     1
 73
     1
 93
        3
 10
8677.523529406125
 20
1778.883863451482
 42
-0.1989123673800862
 10
8681.91692768833
 20
1789.490465169304
 42
0.0
 10
8671.310325970507
 20
1778.883863451472
 42
0.0
 97
        0
 75
     1
 76
     1
 47
0.1281903610320636
 98
        3
 10
8709.886713382683
 20
1780.533982201322
 10
8693.350200273647
 20
1796.437294691717
 10
8675.14714281719
 20
1780.405779762968
450
        0
451
        0
460
0.0
461
0.0
452
        0
462
0.0
453
        2
463
0.0
 63
     5
421
      255
463
1.0
 63
     2
421
 16776960
470
LINEAR
1001
GradientColor1ACI
1070
     5
1001
GradientColor2ACI
1070
     2
1001
ACAD
1010
0.0
1020
0.0
1030
0.0
  0
HATCH
  5
10D8
330
1F
100
AcDbEntity
  8
KESIT (BEYKENT)
370
    -3
100
AcDbHatch
 10
0.0
 20
0.0
 30
0.0
210
0.0
220
0.0
230
1.0
  2
SOLID
 70
     1
 71
     0
 91
        1
 92
        7
 72
     1
 73
     1
 93
        4
 10
8703.130131123918
 20
1789.490465169304
 42
0.0
 10
8692.523529406109
 20
1800.097066887067
 42
0.0
 10
8681.91692768833
 20
1789.490465169304
 42
-0.1989123673796552
 10
8692.523529406123
 20
1793.883863451506
 42
-0.198912367379658
 97
        0
 75
     1
 76
     1
 47
0.1281903610320636
 98
        3
 10
8709.886713382683
 20
1780.533982201322
 10
8693.350200273647
 20
1796.437294691717
 10
8675.14714281719
 20
1780.405779762968
450
        0
451
        0
460
0.0
461
0.0
452
        0
462
0.0
453
        2
463
0.0
 63
     5
421
      255
463
1.0
 63
     2
421
 16776960
470
LINEAR
1001
GradientColor1ACI
1070
     5
1001
GradientColor2ACI
1070
     2
1001
ACAD
1010
0.0
1020
0.0
1030
0.0
  0
CIRCLE
  5
10D9
330
1F
100
AcDbEntity
  8
KESIT (BEYKENT)
370
    -3
100
AcDbCircle
 10
8692.523529406123
 20
1778.883863451506
 30
0.0
 40
15.0
  0
LWPOLYLINE
  5
10DA
330
1F
100
AcDbEntity
  8
KESIT (BEYKENT)
370
    -3
100
AcDbPolyline
 90
        5
 70
   128
 43
0.0
 10
8707.523529406124
 20
1778.883863451506
 10
8713.73673284167
 20
1778.883863451506
 10
8692.523529406109
 20
1800.097066887067
 10
8671.310325970507
 20
1778.883863451472
 10
8677.523529406125
 20
1778.883863451482
  0
LWPOLYLINE
  5
10DB
330
1F
100
AcDbEntity
  8
KESIT (BEYKENT)
370
    -3
100
AcDbPolyline
 90
        2
 70
   128
 43
0.0
 10
8678.381393782398
 20
1773.883863451478
 10
8666.310325970504
 20
1773.883863451468
  0
LWPOLYLINE
  5
10DC
330
1F
100
AcDbEntity
  8
KESIT (BEYKENT)
370
    -3
100
AcDbPolyline
 90
        2
 70
   128
 43
0.0
 10
8706.66566502985
 20
1773.883863451478
 10
8718.736732841742
 20
1773.883863451468
  0
HATCH
  5
10DD
330
1F
100
AcDbEntity
  8
KESIT (BEYKENT)
370
    -3
100
AcDbHatch
 10
0.0
 20
0.0
 30
0.0
210
0.0
220
0.0
230
1.0
  2
SOLID
 70
     1
 71
     0
 91
        1
 92
        7
 72
     1
 73
     1
 93
        3
 10
2606.904079048367
 20
1778.883863451506
 42
0.0
 10
2596.297477330616
 20
1789.490465169304
 42
-0.198912367379658
 10
2600.690875612821
 20
1778.883863451506
 42
0.0
 97
        0
 75
     1
 76
     1
 47
0.1281903610320636
 98
        3
 10
2603.05405958938
 20
1780.533982201322
 10
2586.517546480343
 20
1796.437294691717
 10
2568.314489023888
 20
1780.405779762968
450
        0
451
        0
460
0.0
461
0.0
452
        0
462
0.0
453
        2
463
0.0
 63
     5
421
      255
463
1.0
 63
     2
421
 16776960
470
LINEAR
1001
GradientColor1ACI
1070
     5
1001
GradientColor2ACI
1070
     2
1001
ACAD
1010
0.0
1020
0.0
1030
0.0
  0
HATCH
  5
10DE
330
1F
100
AcDbEntity
  8
KESIT (BEYKENT)
370
    -3
100
AcDbHatch
 10
0.0
 20
0.0
 30
0.0
210
0.0
220
0.0
230
1.0
  2
SOLID
 70
     1
 71
     0
 91
        1
 92
        7
 72
     1
 73
     1
 93
        3
 10
2570.690875612822
 20
1778.883863451482
 42
-0.1989123673800862
 10
2575.084273895027
 20
1789.490465169304
 42
0.0
 10
2564.477672177203
 20
1778.883863451472
 42
0.0
 97
        0
 75
     1
 76
     1
 47
0.1281903610320636
 98
        3
 10
2603.05405958938
 20
1780.533982201322
 10
2586.517546480343
 20
1796.437294691717
 10
2568.314489023888
 20
1780.405779762968
450
        0
451
        0
460
0.0
461
0.0
452
        0
462
0.0
453
        2
463
0.0
 63
     5
421
      255
463
1.0
 63
     2
421
 16776960
470
LINEAR
1001
GradientColor1ACI
1070
     5
1001
GradientColor2ACI
1070
     2
1001
ACAD
1010
0.0
1020
0.0
1030
0.0
  0
HATCH
  5
10DF
330
1F
100
AcDbEntity
  8
KESIT (BEYKENT)
370
    -3
100
AcDbHatch
 10
0.0
 20
0.0
 30
0.0
210
0.0
220
0.0
230
1.0
  2
SOLID
 70
     1
 71
     0
 91
        1
 92
        7
 72
     1
 73
     1
 93
        4
 10
2596.297477330616
 20
1789.490465169304
 42
0.0
 10
2585.690875612807
 20
1800.097066887067
 42
0.0
 10
2575.084273895027
 20
1789.490465169304
 42
-0.1989123673796552
 10
2585.690875612821
 20
1793.883863451506
 42
-0.198912367379658
 97
        0
 75
     1
 76
     1
 47
0.1281903610320636
 98
        3
 10
2603.05405958938
 20
1780.533982201322
 10
2586.517546480343
 20
1796.437294691717
 10
2568.314489023888
 20
1780.405779762968
450
        0
451
        0
460
0.0
461
0.0
452
        0
462
0.0
453
        2
463
0.0
 63
     5
421
      255
463
1.0
 63
     2
421
 16776960
470
LINEAR
1001
GradientColor1ACI
1070
     5
1001
GradientColor2ACI
1070
     2
1001
ACAD
1010
0.0
1020
0.0
1030
0.0
  0
CIRCLE
  5
10E0
330
1F
100
AcDbEntity
  8
KESIT (BEYKENT)
370
    -3
100
AcDbCircle
 10
2585.690875612821
 20
1778.883863451506
 30
0.0
 40
15.0
  0
LWPOLYLINE
  5
10E1
330
1F
100
AcDbEntity
  8
KESIT (BEYKENT)
370
    -3
100
AcDbPolyline
 90
        5
 70
   128
 43
0.0
 10
2600.690875612821
 20
1778.883863451506
 10
2606.904079048367
 20
1778.883863451506
 10
2585.690875612807
 20
1800.097066887067
 10
2564.477672177203
 20
1778.883863451472
 10
2570.690875612822
 20
1778.883863451482
  0
LWPOLYLINE
  5
10E2
330
1F
100
AcDbEntity
  8
KESIT (BEYKENT)
370
    -3
100
AcDbPolyline
 90
        2
 70
   128
 43
0.0
 10
2571.548739989096
 20
1773.883863451478
 10
2559.477672177203
 20
1773.883863451468
  0
LWPOLYLINE
  5
10E3
330
1F
100
AcDbEntity
  8
KESIT (BEYKENT)
370
    -3
100
AcDbPolyline
 90
        2
 70
   128
 43
0.0
 10
2599.833011236548
 20
1773.883863451478
 10
2611.90407904844
 20
1773.883863451468
  0
LINE
  5
10E4
330
1F
100
AcDbEntity
  8
AKS CIZGISI (BEYKENT)
100
AcDbLine
 10
2830.336945604951
 20
800.2121368577714
 30
0.0
 11
2830.336945604951
 21
2255.212173812651
 31
0.0
1001
sta4cad App2
1004
10
1071
        3
1070
     0
1070
     0
1070
     0
  0
LINE
  5
10E5
330
1F
100
AcDbEntity
  8
AKS CIZGISI (BEYKENT)
100
AcDbLine
 10
3440.336840700777
 20
800.2121368577714
 30
0.0
 11
3440.336840700777
 21
2255.212173812651
 31
0.0
1001
sta4cad App2
1004
10
1071
        6
1070
     0
1070
     0
1070
     0
  0
LINE
  5
10E6
330
1F
100
AcDbEntity
  8
AKS CIZGISI (BEYKENT)
100
AcDbLine
 10
3985.336976599367
 20
800.2121368577714
 30
0.0
 11
3985.336976599367
 21
2255.212173812651
 31
0.0
1001
sta4cad App2
1004
10
1071
        9
1070
     0
1070
     0
1070
     0
  0
LINE
  5
10E7
330
1F
100
AcDbEntity
  8
AKS CIZGISI (BEYKENT)
100
AcDbLine
 10
4510.336773943574
 20
800.2121368577714
 30
0.0
 11
4510.336773943574
 21
2255.212173812651
 31
0.0
1001
sta4cad App2
1004
10
1071
       12
1070
     0
1070
     0
1070
     0
  0
LINE
  5
10E8
330
1F
100
AcDbEntity
  8
AKS CIZGISI (BEYKENT)
100
AcDbLine
 10
5270.336824011476
 20
800.2121368577714
 30
0.0
 11
5270.336824011476
 21
2255.212173812651
 31
0.0
1001
sta4cad App2
1004
10
1071
       15
1070
     0
1070
     0
1070
     0
  0
LINE
  5
10E9
330
1F
100
AcDbEntity
  8
AKS CIZGISI (BEYKENT)
100
AcDbLine
 10
6062.836902689607
 20
800.2121368577714
 30
0.0
 11
6062.836902689607
 21
2255.212173812651
 31
0.0
1001
sta4cad App2
1004
10
1071
       18
1070
     0
1070
     0
1070
     0
  0
LINE
  5
10EA
330
1F
100
AcDbEntity
  8
AKS CIZGISI (BEYKENT)
100
AcDbLine
 10
6855.336981367738
 20
800.2121368577714
 30
0.0
 11
6855.336981367738
 21
2255.212173812651
 31
0.0
1001
sta4cad App2
1004
10
1071
       21
1070
     0
1070
     0
1070
     0
  0
LINE
  5
10EB
330
1F
100
AcDbEntity
  8
AKS CIZGISI (BEYKENT)
100
AcDbLine
 10
7615.335839342744
 20
800.2121368577714
 30
0.0
 11
7615.335839342744
 21
2255.212173812651
 31
0.0
1001
sta4cad App2
1004
10
1071
       24
1070
     0
1070
     0
1070
     0
  0
LINE
  5
10EC
330
1F
100
AcDbEntity
  8
AKS CIZGISI (BEYKENT)
100
AcDbLine
 10
8160.336869311006
 20
800.2121368577714
 30
0.0
 11
8160.336869311006
 21
2255.212173812651
 31
0.0
1001
sta4cad App2
1004
10
1071
       27
1070
     0
1070
     0
1070
     0
  0
LINE
  5
10ED
330
1F
100
AcDbEntity
  8
AKS CIZGISI (BEYKENT)
100
AcDbLine
 10
8425.336139750154
 20
800.2121368577714
 30
0.0
 11
8425.336139750154
 21
2255.212173812651
 31
0.0
1001
sta4cad App2
1004
10
1071
       30
1070
     0
1070
     0
1070
     0
  0
LINE
  5
10EE
330
1F
100
AcDbEntity
  8
AKS CIZGISI (BEYKENT)
100
AcDbLine
 10
2600.336926531465
 20
2025.212154739165
 30
0.0
 11
8670.335667681367
 21
2025.212154739165
 31
0.0
1001
sta4cad App2
1004
10
1071
       32
1070
     0
1070
     0
1070
     0
  0
LINE
  5
10EF
330
1F
100
AcDbEntity
  8
AKS CIZGISI (BEYKENT)
100
AcDbLine
 10
2600.336926531465
 20
1665.212319247984
 30
0.0
 11
8670.335667681367
 21
1665.212319247984
 31
0.0
1001
sta4cad App2
1004
10
1071
       35
1070
     0
1070
     0
1070
     0
  0
LINE
  5
10F0
330
1F
100
AcDbEntity
  8
AKS CIZGISI (BEYKENT)
100
AcDbLine
 10
2600.336926531465
 20
1190.212176196837
 30
0.0
 11
8670.335667681367
 21
1190.212176196837
 31
0.0
1001
sta4cad App2
1004
10
1071
       38
1070
     0
1070
     0
1070
     0
  0
CIRCLE
  5
10F1
330
1F
100
AcDbEntity
  8
AKS BALONU (BEYKENT)
100
AcDbCircle
 10
2830.336945604951
 20
2275.21221434381
 30
0.0
 40
20.00000094994903
1001
sta4cad App2
1004
10
1071
        2
1070
     0
1070
     0
1070
     0
  0
CIRCLE
  5
10F2
330
1F
100
AcDbEntity
  8
AKS BALONU (BEYKENT)
100
AcDbCircle
 10
2830.336945604951
 20
780.2120963266129
 30
0.0
 40
20.00000094994903
1001
sta4cad App2
1004
10
1071
        3
1070
     0
1070
     0
1070
     0
  0
CIRCLE
  5
10F3
330
1F
100
AcDbEntity
  8
AKS BALONU (BEYKENT)
100
AcDbCircle
 10
3440.336840700777
 20
2275.21221434381
 30
0.0
 40
20.00000094994903
1001
sta4cad App2
1004
10
1071
        5
1070
     0
1070
     0
1070
     0
  0
CIRCLE
  5
10F4
330
1F
100
AcDbEntity
  8
AKS BALONU (BEYKENT)
100
AcDbCircle
 10
3440.336840700777
 20
780.2120963266129
 30
0.0
 40
20.00000094994903
1001
sta4cad App2
1004
10
1071
        6
1070
     0
1070
     0
1070
     0
  0
CIRCLE
  5
10F5
330
1F
100
AcDbEntity
  8
AKS BALONU (BEYKENT)
100
AcDbCircle
 10
3985.336976599367
 20
2275.21221434381
 30
0.0
 40
20.00000094994903
1001
sta4cad App2
1004
10
1071
        8
1070
     0
1070
     0
1070
     0
  0
CIRCLE
  5
10F6
330
1F
100
AcDbEntity
  8
AKS BALONU (BEYKENT)
100
AcDbCircle
 10
3985.336976599367
 20
780.2120963266129
 30
0.0
 40
20.00000094994903
1001
sta4cad App2
1004
10
1071
        9
1070
     0
1070
     0
1070
     0
  0
CIRCLE
  5
10F7
330
1F
100
AcDbEntity
  8
AKS BALONU (BEYKENT)
100
AcDbCircle
 10
4510.336773943574
 20
2275.21221434381
 30
0.0
 40
20.00000094994903
1001
sta4cad App2
1004
10
1071
       11
1070
     0
1070
     0
1070
     0
  0
CIRCLE
  5
10F8
330
1F
100
AcDbEntity
  8
AKS BALONU (BEYKENT)
100
AcDbCircle
 10
4510.336773943574
 20
780.2120963266129
 30
0.0
 40
20.00000094994903
1001
sta4cad App2
1004
10
1071
       12
1070
     0
1070
     0
1070
     0
  0
CIRCLE
  5
10F9
330
1F
100
AcDbEntity
  8
AKS BALONU (BEYKENT)
100
AcDbCircle
 10
5270.336824011476
 20
2275.21221434381
 30
0.0
 40
20.00000094994903
1001
sta4cad App2
1004
10
1071
       14
1070
     0
1070
     0
1070
     0
  0
CIRCLE
  5
10FA
330
1F
100
AcDbEntity
  8
AKS BALONU (BEYKENT)
100
AcDbCircle
 10
5270.336824011476
 20
780.2120963266129
 30
0.0
 40
20.00000094994903
1001
sta4cad App2
1004
10
1071
       15
1070
     0
1070
     0
1070
     0
  0
CIRCLE
  5
10FB
330
1F
100
AcDbEntity
  8
AKS BALONU (BEYKENT)
100
AcDbCircle
 10
6062.836902689607
 20
2275.21221434381
 30
0.0
 40
20.00000094994903
1001
sta4cad App2
1004
10
1071
       17
1070
     0
1070
     0
1070
     0
  0
CIRCLE
  5
10FC
330
1F
100
AcDbEntity
  8
AKS BALONU (BEYKENT)
100
AcDbCircle
 10
6062.836902689607
 20
780.2120963266129
 30
0.0
 40
20.00000094994903
1001
sta4cad App2
1004
10
1071
       18
1070
     0
1070
     0
1070
     0
  0
CIRCLE
  5
10FD
330
1F
100
AcDbEntity
  8
AKS BALONU (BEYKENT)
100
AcDbCircle
 10
6855.336981367738
 20
2275.21221434381
 30
0.0
 40
20.00000094994903
1001
sta4cad App2
1004
10
1071
       20
1070
     0
1070
     0
1070
     0
  0
CIRCLE
  5
10FE
330
1F
100
AcDbEntity
  8
AKS BALONU (BEYKENT)
100
AcDbCircle
 10
6855.336981367738
 20
780.2120963266129
 30
0.0
 40
20.00000094994903
1001
sta4cad App2
1004
10
1071
       21
1070
     0
1070
     0
1070
     0
  0
CIRCLE
  5
10FF
330
1F
100
AcDbEntity
  8
AKS BALONU (BEYKENT)
100
AcDbCircle
 10
7615.335839342744
 20
2275.21221434381
 30
0.0
 40
20.00000094994903
1001
sta4cad App2
1004
10
1071
       23
1070
     0
1070
     0
1070
     0
  0
CIRCLE
  5
1100
330
1F
100
AcDbEntity
  8
AKS BALONU (BEYKENT)
100
AcDbCircle
 10
7615.335839342744
 20
780.2120963266129
 30
0.0
 40
20.00000094994903
1001
sta4cad App2
1004
10
1071
       24
1070
     0
1070
     0
1070
     0
  0
CIRCLE
  5
1101
330
1F
100
AcDbEntity
  8
AKS BALONU (BEYKENT)
100
AcDbCircle
 10
8160.336869311006
 20
2275.21221434381
 30
0.0
 40
20.00000094994903
1001
sta4cad App2
1004
10
1071
       26
1070
     0
1070
     0
1070
     0
  0
CIRCLE
  5
1102
330
1F
100
AcDbEntity
  8
AKS BALONU (BEYKENT)
100
AcDbCircle
 10
8160.336869311006
 20
780.2120963266129
 30
0.0
 40
20.00000094994903
1001
sta4cad App2
1004
10
1071
       27
1070
     0
1070
     0
1070
     0
  0
CIRCLE
  5
1103
330
1F
100
AcDbEntity
  8
AKS BALONU (BEYKENT)
100
AcDbCircle
 10
8425.336139750154
 20
2275.21221434381
 30
0.0
 40
20.00000094994903
1001
sta4cad App2
1004
10
1071
       29
1070
     0
1070
     0
1070
     0
  0
CIRCLE
  5
1104
330
1F
100
AcDbEntity
  8
AKS BALONU (BEYKENT)
100
AcDbCircle
 10
8425.336139750154
 20
780.2120963266129
 30
0.0
 40
20.00000094994903
1001
sta4cad App2
1004
10
1071
       30
1070
     0
1070
     0
1070
     0
  0
CIRCLE
  5
1105
330
1F
100
AcDbEntity
  8
AKS BALONU (BEYKENT)
100
AcDbCircle
 10
2580.336886000307
 20
2025.212154739165
 30
0.0
 40
20.00000094994903
1001
sta4cad App2
1004
10
1071
       32
1070
     0
1070
     0
1070
     0
  0
CIRCLE
  5
1106
330
1F
100
AcDbEntity
  8
AKS BALONU (BEYKENT)
100
AcDbCircle
 10
8690.336006235749
 20
2025.212154739165
 30
0.0
 40
20.00000094994903
1001
sta4cad App2
1004
10
1071
       33
1070
     0
1070
     0
1070
     0
  0
CIRCLE
  5
1107
330
1F
100
AcDbEntity
  8
AKS BALONU (BEYKENT)
100
AcDbCircle
 10
2580.336886000307
 20
1665.212319247984
 30
0.0
 40
20.00000094994903
1001
sta4cad App2
1004
10
1071
       35
1070
     0
1070
     0
1070
     0
  0
CIRCLE
  5
1108
330
1F
100
AcDbEntity
  8
AKS BALONU (BEYKENT)
100
AcDbCircle
 10
8690.336006235749
 20
1665.212319247984
 30
0.0
 40
20.00000094994903
1001
sta4cad App2
1004
10
1071
       36
1070
     0
1070
     0
1070
     0
  0
CIRCLE
  5
1109
330
1F
100
AcDbEntity
  8
AKS BALONU (BEYKENT)
100
AcDbCircle
 10
2580.336886000307
 20
1190.212176196837
 30
0.0
 40
20.00000094994903
1001
sta4cad App2
1004
10
1071
       38
1070
     0
1070
     0
1070
     0
  0
CIRCLE
  5
110A
330
1F
100
AcDbEntity
  8
AKS BALONU (BEYKENT)
100
AcDbCircle
 10
8690.336006235749
 20
1190.212176196837
 30
0.0
 40
20.00000094994903
1001
sta4cad App2
1004
10
1071
       39
1070
     0
1070
     0
1070
     0
  0
TEXT
  5
110B
330
1F
100
AcDbEntity
  8
AKS NO (BEYKENT)
100
AcDbText
 10
2823.239299010904
 20
2264.212177150511
 30
0.0
 40
25.0
  1
1
  7
YAZI (BEYKENT)
100
AcDbText
1001
sta4cad App2
1004
10
1071
        2
1071
        0
1004
00
1071
        0
1071
        0
1070
     0
1070
     0
  0
TEXT
  5
110C
330
1F
100
AcDbEntity
  8
AKS NO (BEYKENT)
100
AcDbText
 10
2823.239299010904
 20
769.2122081449265
 30
0.0
 40
25.0
  1
1
  7
YAZI (BEYKENT)
100
AcDbText
1001
sta4cad App2
1004
10
1071
        3
1071
        0
1004
00
1071
        0
1071
        0
1070
     0
1070
     0
  0
TEXT
  5
110D
330
1F
100
AcDbEntity
  8
AKS NO (BEYKENT)
100
AcDbText
 10
3433.202462744386
 20
2264.212177150511
 30
0.0
 40
25.0
  1
2
  7
YAZI (BEYKENT)
100
AcDbText
1001
sta4cad App2
1004
10
1071
        5
1071
        0
1004
00
1071
        0
1071
        0
1070
     0
1070
     0
  0
TEXT
  5
110E
330
1F
100
AcDbEntity
  8
AKS NO (BEYKENT)
100
AcDbText
 10
3433.202462744386
 20
769.2122081449265
 30
0.0
 40
25.0
  1
2
  7
YAZI (BEYKENT)
100
AcDbText
1001
sta4cad App2
1004
10
1071
        6
1071
        0
1004
00
1071
        0
1071
        0
1070
     0
1070
     0
  0
TEXT
  5
110F
330
1F
100
AcDbEntity
  8
AKS NO (BEYKENT)
100
AcDbText
 10
3978.197383236559
 20
2264.212177150511
 30
0.0
 40
25.0
  1
3
  7
YAZI (BEYKENT)
100
AcDbText
1001
sta4cad App2
1004
10
1071
        8
1071
        0
1004
00
1071
        0
1071
        0
1070
     0
1070
     0
  0
TEXT
  5
1110
330
1F
100
AcDbEntity
  8
AKS NO (BEYKENT)
100
AcDbText
 10
3978.197383236559
 20
769.2122081449265
 30
0.0
 40
25.0
  1
3
  7
YAZI (BEYKENT)
100
AcDbText
1001
sta4cad App2
1004
10
1071
        9
1071
        0
1004
00
1071
        0
1071
        0
1070
     0
1070
     0
  0
TEXT
  5
1111
330
1F
100
AcDbEntity
  8
AKS NO (BEYKENT)
100
AcDbText
 10
4503.213124823243
 20
2264.212177150511
 30
0.0
 40
25.0
  1
4
  7
YAZI (BEYKENT)
100
AcDbText
1001
sta4cad App2
1004
10
1071
       11
1071
        0
1004
00
1071
        0
1071
        0
1070
     0
1070
     0
  0
TEXT
  5
1112
330
1F
100
AcDbEntity
  8
AKS NO (BEYKENT)
100
AcDbText
 10
4503.213124823243
 20
769.2122081449265
 30
0.0
 40
25.0
  1
4
  7
YAZI (BEYKENT)
100
AcDbText
1001
sta4cad App2
1004
10
1071
       12
1071
        0
1004
00
1071
        0
1071
        0
1070
     0
1070
     0
  0
TEXT
  5
1113
330
1F
100
AcDbEntity
  8
AKS NO (BEYKENT)
100
AcDbText
 10
5263.265626978547
 20
2264.212177150511
 30
0.0
 40
25.0
  1
5
  7
YAZI (BEYKENT)
100
AcDbText
1001
sta4cad App2
1004
10
1071
       14
1071
        0
1004
00
1071
        0
1071
        0
1070
     0
1070
     0
  0
TEXT
  5
1114
330
1F
100
AcDbEntity
  8
AKS NO (BEYKENT)
100
AcDbText
 10
5263.265626978547
 20
769.2122081449265
 30
0.0
 40
25.0
  1
5
  7
YAZI (BEYKENT)
100
AcDbText
1001
sta4cad App2
1004
10
1071
       15
1071
        0
1004
00
1071
        0
1071
        0
1070
     0
1070
     0
  0
TEXT
  5
1115
330
1F
100
AcDbEntity
  8
AKS NO (BEYKENT)
100
AcDbText
 10
6055.660801481874
 20
2264.212177150511
 30
0.0
 40
25.0
  1
6
  7
YAZI (BEYKENT)
100
AcDbText
1001
sta4cad App2
1004
10
1071
       17
1071
        0
1004
00
1071
        0
1071
        0
1070
     0
1070
     0
  0
TEXT
  5
1116
330
1F
100
AcDbEntity
  8
AKS NO (BEYKENT)
100
AcDbText
 10
6055.660801481874
 20
769.2122081449265
 30
0.0
 40
25.0
  1
6
  7
YAZI (BEYKENT)
100
AcDbText
1001
sta4cad App2
1004
10
1071
       18
1071
        0
1004
00
1071
        0
1071
        0
1070
     0
1070
     0
  0
TEXT
  5
1117
330
1F
100
AcDbEntity
  8
AKS NO (BEYKENT)
100
AcDbText
 10
6848.213034224183
 20
2264.212177150511
 30
0.0
 40
25.0
  1
7
  7
YAZI (BEYKENT)
100
AcDbText
1001
sta4cad App2
1004
10
1071
       20
1071
        0
1004
00
1071
        0
1071
        0
1070
     0
1070
     0
  0
TEXT
  5
1118
330
1F
100
AcDbEntity
  8
AKS NO (BEYKENT)
100
AcDbText
 10
6848.213034224183
 20
769.2122081449265
 30
0.0
 40
25.0
  1
7
  7
YAZI (BEYKENT)
100
AcDbText
1001
sta4cad App2
1004
10
1071
       21
1071
        0
1004
00
1071
        0
1071
        0
1070
     0
1070
     0
  0
TEXT
  5
1119
330
1F
100
AcDbEntity
  8
AKS NO (BEYKENT)
100
AcDbText
 10
7608.212488245637
 20
2264.212177150511
 30
0.0
 40
25.0
  1
8
  7
YAZI (BEYKENT)
100
AcDbText
1001
sta4cad App2
1004
10
1071
       23
1071
        0
1004
00
1071
        0
1071
        0
1070
     0
1070
     0
  0
TEXT
  5
111A
330
1F
100
AcDbEntity
  8
AKS NO (BEYKENT)
100
AcDbText
 10
7608.212488245637
 20
769.2122081449265
 30
0.0
 40
25.0
  1
8
  7
YAZI (BEYKENT)
100
AcDbText
1001
sta4cad App2
1004
10
1071
       24
1071
        0
1004
00
1071
        0
1071
        0
1070
     0
1070
     0
  0
TEXT
  5
111B
330
1F
100
AcDbEntity
  8
AKS NO (BEYKENT)
100
AcDbText
 10
8153.212922167451
 20
2264.212177150511
 30
0.0
 40
25.0
  1
9
  7
YAZI (BEYKENT)
100
AcDbText
1001
sta4cad App2
1004
10
1071
       26
1071
        0
1004
00
1071
        0
1071
        0
1070
     0
1070
     0
  0
TEXT
  5
111C
330
1F
100
AcDbEntity
  8
AKS NO (BEYKENT)
100
AcDbText
 10
8153.212922167451
 20
769.2122081449265
 30
0.0
 40
25.0
  1
9
  7
YAZI (BEYKENT)
100
AcDbText
1001
sta4cad App2
1004
10
1071
       27
1071
        0
1004
00
1071
        0
1071
        0
1070
     0
1070
     0
  0
TEXT
  5
111D
330
1F
100
AcDbEntity
  8
AKS NO (BEYKENT)
100
AcDbText
 10
8411.114471506746
 20
2264.212177150511
 30
0.0
 40
25.0
  1
10
  7
YAZI (BEYKENT)
100
AcDbText
1001
sta4cad App2
1004
10
1071
       29
1071
        0
1004
00
1071
        0
1071
        0
1070
     0
1070
     0
  0
TEXT
  5
111E
330
1F
100
AcDbEntity
  8
AKS NO (BEYKENT)
100
AcDbText
 10
8411.114471506746
 20
769.2122081449265
 30
0.0
 40
25.0
  1
10
  7
YAZI (BEYKENT)
100
AcDbText
1001
sta4cad App2
1004
10
1071
       30
1071
        0
1004
00
1071
        0
1071
        0
1070
     0
1070
     0
  0
TEXT
  5
111F
330
1F
100
AcDbEntity
  8
AKS NO (BEYKENT)
100
AcDbText
 10
2573.553579401643
 20
2014.212117545866
 30
0.0
 40
25.0
  1
A
  7
YAZI (BEYKENT)
100
AcDbText
1001
sta4cad App2
1004
10
1071
       32
1071
        0
1004
00
1071
        0
1071
        0
1070
     0
1070
     0
  0
TEXT
  5
1120
330
1F
100
AcDbEntity
  8
AKS NO (BEYKENT)
100
AcDbText
 10
8683.552401613862
 20
2014.212117545866
 30
0.0
 40
25.0
  1
A
  7
YAZI (BEYKENT)
100
AcDbText
1001
sta4cad App2
1004
10
1071
       33
1071
        0
1004
00
1071
        0
1071
        0
1070
     0
1070
     0
  0
TEXT
  5
1121
330
1F
100
AcDbEntity
  8
AKS NO (BEYKENT)
100
AcDbText
 10
2572.741689633997
 20
1654.212282054686
 30
0.0
 40
25.0
  1
B
  7
YAZI (BEYKENT)
100
AcDbText
1001
sta4cad App2
1004
10
1071
       35
1071
        0
1004
00
1071
        0
1071
        0
1070
     0
1070
     0
  0
TEXT
  5
1122
330
1F
100
AcDbEntity
  8
AKS NO (BEYKENT)
100
AcDbText
 10
8682.740586352021
 20
1654.212282054686
 30
0.0
 40
25.0
  1
B
  7
YAZI (BEYKENT)
100
AcDbText
1001
sta4cad App2
1004
10
1071
       36
1071
        0
1004
00
1071
        0
1071
        0
1070
     0
1070
     0
  0
TEXT
  5
1123
330
1F
100
AcDbEntity
  8
AKS NO (BEYKENT)
100
AcDbText
 10
2574.009256910951
 20
1179.212139003539
 30
0.0
 40
25.0
  1
C
  7
YAZI (BEYKENT)
100
AcDbText
1001
sta4cad App2
1004
10
1071
       38
1071
        0
1004
00
1071
        0
1071
        0
1070
     0
1070
     0
  0
TEXT
  5
1124
330
1F
100
AcDbEntity
  8
AKS NO (BEYKENT)
100
AcDbText
 10
8684.008377146394
 20
1179.212139003539
 30
0.0
 40
25.0
  1
C
  7
YAZI (BEYKENT)
100
AcDbText
1001
sta4cad App2
1004
10
1071
       39
1071
        0
1004
00
1071
        0
1071
        0
1070
     0
1070
     0
  0
DIMENSION
  5
1125
330
1F
100
AcDbEntity
  8
AKS OLCU (BEYKENT)
100
AcDbDimension
280
     0
  2
*D53
 10
3440.336840700777
 20
2197.36585836442
 30
0.0
 11
3135.336893152864
 21
2204.999971156718
 31
0.0
 70
    32
  1
<>
 71
     5
 42
609.9998950958251
 73
     0
 74
     0
 75
     0
  3
DSMOLC-50
100
AcDbAlignedDimension
 13
2830.336945604951
 23
2209.365858364421
 33
0.0
 14
3440.336840700777
 24
2209.365858364421
 34
0.0
100
AcDbRotatedDimension
  0
DIMENSION
  5
1126
330
1F
100
AcDbEntity
  8
AKS OLCU (BEYKENT)
100
AcDbDimension
280
     0
  2
*D54
 10
3985.336976599367
 20
2197.36585836442
 30
0.0
 11
3712.836908650072
 21
2204.932914760569
 31
0.0
 70
    32
  1
<>
 71
     5
 42
545.00013589859
 73
     0
 74
     0
 75
     0
  3
DSMOLC-50
100
AcDbAlignedDimension
 13
3440.336840700777
 23
2209.365858364421
 33
0.0
 14
3985.336976599367
 24
2209.365858364421
 34
0.0
100
AcDbRotatedDimension
  0
DIMENSION
  5
1127
330
1F
100
AcDbEntity
  8
AKS OLCU (BEYKENT)
100
AcDbDimension
280
     0
  2
*D55
 10
4510.336773943574
 20
2197.36585836442
 30
0.0
 11
4247.83687527147
 21
2204.999971156718
 31
0.0
 70
    32
  1
<>
 71
     5
 42
524.9997973442077
 73
     0
 74
     0
 75
     0
  3
DSMOLC-50
100
AcDbAlignedDimension
 13
3985.336976599367
 23
2209.365858364421
 33
0.0
 14
4510.336773943574
 24
2209.365858364421
 34
0.0
100
AcDbRotatedDimension
  0
DIMENSION
  5
1128
330
1F
100
AcDbEntity
  8
AKS OLCU (BEYKENT)
100
AcDbDimension
280
     0
  2
*D56
 10
5270.336824011476
 20
2197.36585836442
 30
0.0
 11
4890.336798977525
 21
2204.999971156718
 31
0.0
 70
    32
  1
<>
 71
     5
 42
760.0000500679016
 73
     0
 74
     0
 75
     0
  3
DSMOLC-50
100
AcDbAlignedDimension
 13
4510.336773943574
 23
2209.365858364421
 33
0.0
 14
5270.336824011476
 24
2209.365858364421
 34
0.0
100
AcDbRotatedDimension
  0
DIMENSION
  5
1129
330
1F
100
AcDbEntity
  8
AKS OLCU (BEYKENT)
100
AcDbDimension
280
     0
  2
*D57
 10
6062.836902689607
 20
2197.36585836442
 30
0.0
 11
5666.586863350541
 21
2204.999971156718
 31
0.0
 70
    32
  1
<>
 71
     5
 42
792.5000786781311
 73
     0
 74
     0
 75
     0
  3
DSMOLC-50
100
AcDbAlignedDimension
 13
5270.336824011476
 23
2209.365858364421
 33
0.0
 14
6062.836902689607
 24
2209.365858364421
 34
0.0
100
AcDbRotatedDimension
  0
DIMENSION
  5
112A
330
1F
100
AcDbEntity
  8
AKS OLCU (BEYKENT)
100
AcDbDimension
280
     0
  2
*D58
 10
6855.336981367738
 20
2197.36585836442
 30
0.0
 11
6459.086942028672
 21
2204.999971156718
 31
0.0
 70
    32
  1
<>
 71
     5
 42
792.5000786781311
 73
     0
 74
     0
 75
     0
  3
DSMOLC-50
100
AcDbAlignedDimension
 13
6062.836902689607
 23
2209.365858364421
 33
0.0
 14
6855.336981367738
 24
2209.365858364421
 34
0.0
100
AcDbRotatedDimension
  0
DIMENSION
  5
112B
330
1F
100
AcDbEntity
  8
AKS OLCU (BEYKENT)
100
AcDbDimension
280
     0
  2
*D59
 10
7615.335839342744
 20
2197.36585836442
 30
0.0
 11
7235.336410355241
 21
2204.999971156718
 31
0.0
 70
    32
  1
<>
 71
     5
 42
759.9988579750061
 73
     0
 74
     0
 75
     0
  3
DSMOLC-50
100
AcDbAlignedDimension
 13
6855.336981367738
 23
2209.365858364421
 33
0.0
 14
7615.335839342744
 24
2209.365858364421
 34
0.0
100
AcDbRotatedDimension
  0
DIMENSION
  5
112C
330
1F
100
AcDbEntity
  8
AKS OLCU (BEYKENT)
100
AcDbDimension
280
     0
  2
*D60
 10
8160.336869311006
 20
2197.36585836442
 30
0.0
 11
7887.836354326875
 21
2204.932914760569
 31
0.0
 70
    32
  1
<>
 71
     5
 42
545.0010299682617
 73
     0
 74
     0
 75
     0
  3
DSMOLC-50
100
AcDbAlignedDimension
 13
7615.335839342744
 23
2209.365858364421
 33
0.0
 14
8160.336869311006
 24
2209.365858364421
 34
0.0
100
AcDbRotatedDimension
  0
DIMENSION
  5
112D
330
1F
100
AcDbEntity
  8
AKS OLCU (BEYKENT)
100
AcDbDimension
280
     0
  2
*D61
 10
8425.336139750154
 20
2197.36585836442
 30
0.0
 11
8292.83650453058
 21
2204.999971156718
 31
0.0
 70
    32
  1
<>
 71
     5
 42
264.9992704391479
 73
     0
 74
     0
 75
     0
  3
DSMOLC-50
100
AcDbAlignedDimension
 13
8160.336869311006
 23
2209.365858364421
 33
0.0
 14
8425.336139750154
 24
2209.365858364421
 34
0.0
100
AcDbRotatedDimension
  0
DIMENSION
  5
112E
330
1F
100
AcDbEntity
  8
AKS OLCU (BEYKENT)
100
AcDbDimension
280
     0
  2
*D62
 10
8425.336139750154
 20
2213.36585836442
 30
0.0
 11
5627.836542677552
 21
2220.999971156718
 31
0.0
 70
    32
  1
<>
 71
     5
 42
5594.999194145202
 73
     0
 74
     0
 75
     0
  3
DSMOLC-50
100
AcDbAlignedDimension
 13
2830.336945604951
 23
2209.365858364421
 33
0.0
 14
8425.336139750154
 24
2209.365858364421
 34
0.0
100
AcDbRotatedDimension
  0
DIMENSION
  5
112F
330
1F
100
AcDbEntity
  8
AKS OLCU (BEYKENT)
100
AcDbDimension
280
     0
  2
*D63
 10
3440.336840700777
 20
844.9719352090209
 30
0.0
 11
3135.336893152864
 21
852.606048001318
 31
0.0
 70
    32
  1
<>
 71
     5
 42
609.9998950958251
 73
     0
 74
     0
 75
     0
  3
DSMOLC-50
100
AcDbAlignedDimension
 13
2830.336945604951
 23
856.971935209021
 33
0.0
 14
3440.336840700777
 24
856.971935209021
 34
0.0
100
AcDbRotatedDimension
  0
DIMENSION
  5
1130
330
1F
100
AcDbEntity
  8
AKS OLCU (BEYKENT)
100
AcDbDimension
280
     0
  2
*D64
 10
3985.336976599367
 20
844.9719352090209
 30
0.0
 11
3712.836908650072
 21
852.5389916051695
 31
0.0
 70
    32
  1
<>
 71
     5
 42
545.00013589859
 73
     0
 74
     0
 75
     0
  3
DSMOLC-50
100
AcDbAlignedDimension
 13
3440.336840700777
 23
856.971935209021
 33
0.0
 14
3985.336976599367
 24
856.971935209021
 34
0.0
100
AcDbRotatedDimension
  0
DIMENSION
  5
1131
330
1F
100
AcDbEntity
  8
AKS OLCU (BEYKENT)
100
AcDbDimension
280
     0
  2
*D65
 10
4510.336773943574
 20
844.9719352090209
 30
0.0
 11
4247.83687527147
 21
852.606048001318
 31
0.0
 70
    32
  1
<>
 71
     5
 42
524.9997973442077
 73
     0
 74
     0
 75
     0
  3
DSMOLC-50
100
AcDbAlignedDimension
 13
3985.336976599367
 23
856.971935209021
 33
0.0
 14
4510.336773943574
 24
856.971935209021
 34
0.0
100
AcDbRotatedDimension
  0
DIMENSION
  5
1132
330
1F
100
AcDbEntity
  8
AKS OLCU (BEYKENT)
100
AcDbDimension
280
     0
  2
*D66
 10
5270.336824011476
 20
844.9719352090209
 30
0.0
 11
4890.336798977525
 21
852.606048001318
 31
0.0
 70
    32
  1
<>
 71
     5
 42
760.0000500679016
 73
     0
 74
     0
 75
     0
  3
DSMOLC-50
100
AcDbAlignedDimension
 13
4510.336773943574
 23
856.971935209021
 33
0.0
 14
5270.336824011476
 24
856.971935209021
 34
0.0
100
AcDbRotatedDimension
  0
DIMENSION
  5
1133
330
1F
100
AcDbEntity
  8
AKS OLCU (BEYKENT)
100
AcDbDimension
280
     0
  2
*D67
 10
6062.836902689607
 20
844.9719352090209
 30
0.0
 11
5666.586863350541
 21
852.606048001318
 31
0.0
 70
    32
  1
<>
 71
     5
 42
792.5000786781311
 73
     0
 74
     0
 75
     0
  3
DSMOLC-50
100
AcDbAlignedDimension
 13
5270.336824011476
 23
856.971935209021
 33
0.0
 14
6062.836902689607
 24
856.971935209021
 34
0.0
100
AcDbRotatedDimension
  0
DIMENSION
  5
1134
330
1F
100
AcDbEntity
  8
AKS OLCU (BEYKENT)
100
AcDbDimension
280
     0
  2
*D68
 10
6855.336981367738
 20
844.9719352090209
 30
0.0
 11
6459.086942028672
 21
852.606048001318
 31
0.0
 70
    32
  1
<>
 71
     5
 42
792.5000786781311
 73
     0
 74
     0
 75
     0
  3
DSMOLC-50
100
AcDbAlignedDimension
 13
6062.836902689607
 23
856.971935209021
 33
0.0
 14
6855.336981367738
 24
856.971935209021
 34
0.0
100
AcDbRotatedDimension
  0
DIMENSION
  5
1135
330
1F
100
AcDbEntity
  8
AKS OLCU (BEYKENT)
100
AcDbDimension
280
     0
  2
*D69
 10
7615.335839342744
 20
844.9719352090209
 30
0.0
 11
7235.336410355241
 21
852.606048001318
 31
0.0
 70
    32
  1
<>
 71
     5
 42
759.9988579750061
 73
     0
 74
     0
 75
     0
  3
DSMOLC-50
100
AcDbAlignedDimension
 13
6855.336981367738
 23
856.971935209021
 33
0.0
 14
7615.335839342744
 24
856.971935209021
 34
0.0
100
AcDbRotatedDimension
  0
DIMENSION
  5
1136
330
1F
100
AcDbEntity
  8
AKS OLCU (BEYKENT)
100
AcDbDimension
280
     0
  2
*D70
 10
8160.336869311006
 20
844.9719352090209
 30
0.0
 11
7887.836354326875
 21
852.5389916051695
 31
0.0
 70
    32
  1
<>
 71
     5
 42
545.0010299682617
 73
     0
 74
     0
 75
     0
  3
DSMOLC-50
100
AcDbAlignedDimension
 13
7615.335839342744
 23
856.971935209021
 33
0.0
 14
8160.336869311006
 24
856.971935209021
 34
0.0
100
AcDbRotatedDimension
  0
DIMENSION
  5
1137
330
1F
100
AcDbEntity
  8
AKS OLCU (BEYKENT)
100
AcDbDimension
280
     0
  2
*D71
 10
8425.336139750154
 20
844.9719352090209
 30
0.0
 11
8292.83650453058
 21
852.606048001318
 31
0.0
 70
    32
  1
<>
 71
     5
 42
264.9992704391479
 73
     0
 74
     0
 75
     0
  3
DSMOLC-50
100
AcDbAlignedDimension
 13
8160.336869311006
 23
856.971935209021
 33
0.0
 14
8425.336139750154
 24
856.971935209021
 34
0.0
100
AcDbRotatedDimension
  0
DIMENSION
  5
1138
330
1F
100
AcDbEntity
  8
AKS OLCU (BEYKENT)
100
AcDbDimension
280
     0
  2
*D72
 10
8425.336139750154
 20
828.9719352090211
 30
0.0
 11
5627.836542677552
 21
836.606048001318
 31
0.0
 70
    32
  1
<>
 71
     5
 42
5594.999194145202
 73
     0
 74
     0
 75
     0
  3
DSMOLC-50
100
AcDbAlignedDimension
 13
2830.336945604951
 23
856.971935209021
 33
0.0
 14
8425.336139750154
 24
856.971935209021
 34
0.0
100
AcDbRotatedDimension
  0
DIMENSION
  5
1139
330
1F
100
AcDbEntity
  8
AKS OLCU (BEYKENT)
100
AcDbDimension
280
     0
  2
*D73
 10
8612.329209922322
 20
1665.212319247985
 30
0.0
 11
8604.762153526172
 21
1427.712247722409
 31
0.0
 70
    32
  1
<>
 71
     5
 42
475.0001430511477
 73
     0
 74
     0
 75
     0
  3
DSMOLC-50
100
AcDbAlignedDimension
 13
8600.329209921865
 23
1190.212176196837
 33
0.0
 14
8600.329209921865
 24
1665.212319247984
 34
0.0
 50
90.0
100
AcDbRotatedDimension
  0
DIMENSION
  5
113A
330
1F
100
AcDbEntity
  8
AKS OLCU (BEYKENT)
100
AcDbDimension
280
     0
  2
*D74
 10
8612.329209922322
 20
2025.212154739167
 30
0.0
 11
8604.695097130024
 21
1845.212236993573
 31
0.0
 70
    32
  1
<>
 71
     5
 42
359.9998354911809
 73
     0
 74
     0
 75
     0
  3
DSMOLC-50
100
AcDbAlignedDimension
 13
8600.329209921865
 23
1665.212319247984
 33
0.0
 14
8600.329209921865
 24
2025.212154739165
 34
0.0
 50
90.0
100
AcDbRotatedDimension
  0
DIMENSION
  5
113B
330
1F
100
AcDbEntity
  8
AKS OLCU (BEYKENT)
100
AcDbDimension
280
     0
  2
*D75
 10
8628.329209922322
 20
2025.212154739167
 30
0.0
 11
8620.695097130022
 21
1607.712165467999
 31
0.0
 70
    32
  1
<>
 71
     5
 42
834.9999785423285
 73
     0
 74
     0
 75
     0
  3
DSMOLC-50
100
AcDbAlignedDimension
 13
8600.329209921865
 23
1190.212176196837
 33
0.0
 14
8600.329209921865
 24
2025.212154739165
 34
0.0
 50
90.0
100
AcDbRotatedDimension
  0
DIMENSION
  5
113C
330
1F
100
AcDbEntity
  8
AKS OLCU (BEYKENT)
100
AcDbDimension
280
     0
  2
*D76
 10
2657.497567814743
 20
1665.212319247985
 30
0.0
 11
2649.930511418594
 21
1427.71224772241
 31
0.0
 70
    32
  1
<>
 71
     5
 42
475.0001430511477
 73
     0
 74
     0
 75
     0
  3
DSMOLC-50
100
AcDbAlignedDimension
 13
2645.497567814306
 23
1190.212176196837
 33
0.0
 14
2645.497567814306
 24
1665.212319247984
 34
0.0
 50
90.0
100
AcDbRotatedDimension
  0
DIMENSION
  5
113D
330
1F
100
AcDbEntity
  8
AKS OLCU (BEYKENT)
100
AcDbDimension
280
     0
  2
*D77
 10
2657.497567814743
 20
2025.212154739166
 30
0.0
 11
2649.863455022446
 21
1845.212236993574
 31
0.0
 70
    32
  1
<>
 71
     5
 42
359.9998354911804
 73
     0
 74
     0
 75
     0
  3
DSMOLC-50
100
AcDbAlignedDimension
 13
2645.497567814306
 23
1665.212319247984
 33
0.0
 14
2645.497567814306
 24
2025.212154739165
 34
0.0
 50
90.0
100
AcDbRotatedDimension
  0
DIMENSION
  5
113E
330
1F
100
AcDbEntity
  8
AKS OLCU (BEYKENT)
100
AcDbDimension
280
     0
  2
*D78
 10
2641.497567814743
 20
2025.212154739166
 30
0.0
 11
2633.863455022446
 21
1607.712165468
 31
0.0
 70
    32
  1
<>
 71
     5
 42
834.999978542328
 73
     0
 74
     0
 75
     0
  3
DSMOLC-50
100
AcDbAlignedDimension
 13
2645.497567814306
 23
1190.212176196837
 33
0.0
 14
2645.497567814306
 24
2025.212154739165
 34
0.0
 50
90.0
100
AcDbRotatedDimension
  0
LWPOLYLINE
  5
113F
330
1F
100
AcDbEntity
  8
DOSEME SINIRI (BEYKENT)
100
AcDbPolyline
 90
        4
 70
     1
 43
0.0
 10
2830.336945604951
 20
2025.212154739165
 10
8425.336139750154
 20
2025.212154739165
 10
8425.336139750154
 20
1030.212000959181
 10
2830.336945604951
 20
1030.212000959181
  0
LINE
  5
1140
330
1F
100
AcDbEntity
  8
MERDIVEN (BEYKENT)
100
AcDbLine
 10
3742.336947040091
 20
1290.212152394833
 30
0.0
 11
3742.336944133054
 21
1190.212152403232
 31
0.0
  0
LINE
  5
1141
330
1F
100
AcDbEntity
  8
MERDIVEN (BEYKENT)
100
AcDbLine
 10
3770.33694704009
 20
1290.212151580863
 30
0.0
 11
3770.336944133055
 21
1190.212151589262
 31
0.0
  0
LINE
  5
1142
330
1F
100
AcDbEntity
  8
MERDIVEN (BEYKENT)
100
AcDbLine
 10
3798.33694704009
 20
1290.212150766893
 30
0.0
 11
3798.336944133055
 21
1190.212150775292
 31
0.0
  0
LINE
  5
1143
330
1F
100
AcDbEntity
  8
MERDIVEN (BEYKENT)
100
AcDbLine
 10
3826.33694704009
 20
1290.212149952923
 30
0.0
 11
3826.336944133055
 21
1190.212149961322
 31
0.0
  0
LINE
  5
1144
330
1F
100
AcDbEntity
  8
MERDIVEN (BEYKENT)
100
AcDbLine
 10
3854.336947040091
 20
1290.212149138953
 30
0.0
 11
3854.336944133054
 21
1190.212149147352
 31
0.0
  0
LINE
  5
1145
330
1F
100
AcDbEntity
  8
MERDIVEN (BEYKENT)
100
AcDbLine
 10
3882.336947040091
 20
1290.212148324983
 30
0.0
 11
3882.336944133054
 21
1190.212148333381
 31
0.0
  0
LINE
  5
1146
330
1F
100
AcDbEntity
  8
DOSEME SINIRI (BEYKENT)
370
    -3
100
AcDbLine
 10
3885.336947040149
 20
1499.212155119732
 30
0.0
 11
3985.336945474334
 21
1499.212155119732
 31
0.0
  0
LINE
  5
1147
330
1F
100
AcDbEntity
  8
DOSEME SINIRI (BEYKENT)
370
    -3
100
AcDbLine
 10
3885.336947040149
 20
1399.212154731065
 30
0.0
 11
3985.336945474334
 21
1399.212154731065
 31
0.0
  0
LINE
  5
1148
330
1F
100
AcDbEntity
  8
MERDIVEN (BEYKENT)
100
AcDbLine
 10
3885.336947040149
 20
1371.212154731065
 30
0.0
 11
3985.336945474334
 21
1371.212154731065
 31
0.0
  0
LINE
  5
1149
330
1F
100
AcDbEntity
  8
MERDIVEN (BEYKENT)
100
AcDbLine
 10
3885.336947040149
 20
1343.212154731065
 30
0.0
 11
3985.336945474334
 21
1343.212154731065
 31
0.0
  0
LINE
  5
114A
330
1F
100
AcDbEntity
  8
MERDIVEN (BEYKENT)
100
AcDbLine
 10
3885.336947040149
 20
1315.212154731065
 30
0.0
 11
3985.336945474334
 21
1315.212154731065
 31
0.0
  0
LINE
  5
114B
330
1F
100
AcDbEntity
  8
MERDIVEN (BEYKENT)
100
AcDbLine
 10
3882.507224103142
 20
1287.212154731065
 30
0.0
 11
3985.336945474334
 21
1287.212154731065
 31
0.0
  0
LINE
  5
114C
330
1F
100
AcDbEntity
  8
MERDIVEN (BEYKENT)
100
AcDbLine
 10
3885.336947060856
 20
1287.212154731065
 30
0.0
 11
3985.320769964379
 21
1257.578437451247
 31
0.0
  0
LINE
  5
114D
330
1F
100
AcDbEntity
  8
MERDIVEN (BEYKENT)
100
AcDbLine
 10
3885.336947060827
 20
1287.212154731065
 30
0.0
 11
3985.330875858647
 21
1215.633433889838
 31
0.0
  0
LINE
  5
114E
330
1F
100
AcDbEntity
  8
MERDIVEN (BEYKENT)
100
AcDbLine
 10
3885.336947060841
 20
1287.212154731065
 30
0.0
 11
3954.772504331788
 21
1190.212176196837
 31
0.0
  0
LINE
  5
114F
330
1F
100
AcDbEntity
  8
MERDIVEN (BEYKENT)
100
AcDbLine
 10
3882.336946968262
 20
1287.741614923075
 30
0.0
 11
3913.702918654741
 21
1190.212176196836
 31
0.0
  0
LINE
  5
1150
330
1F
100
AcDbEntity
  8
DOSEME SINIRI (BEYKENT)
370
    -3
100
AcDbLine
 10
5084.336947083702
 20
1530.21215473917
 30
0.0
 11
5084.336947083688
 21
1430.212154739172
 31
0.0
  0
LINE
  5
1151
330
1F
100
AcDbEntity
  8
MERDIVEN (BEYKENT)
100
AcDbLine
 10
5112.336947083687
 20
1530.21215473917
 30
0.0
 11
5112.336947083687
 21
1430.212154739172
 31
0.0
  0
LINE
  5
1152
330
1F
100
AcDbEntity
  8
MERDIVEN (BEYKENT)
100
AcDbLine
 10
5140.336947083703
 20
1530.21215473917
 30
0.0
 11
5140.336947083688
 21
1430.212154739172
 31
0.0
  0
LINE
  5
1153
330
1F
100
AcDbEntity
  8
MERDIVEN (BEYKENT)
100
AcDbLine
 10
5168.336947083687
 20
1530.21215473917
 30
0.0
 11
5168.336947083687
 21
1430.212154739172
 31
0.0
  0
LINE
  5
1154
330
1F
100
AcDbEntity
  8
MERDIVEN (BEYKENT)
100
AcDbLine
 10
5055.336947083629
 20
1290.212153216903
 30
0.0
 11
5055.336947083629
 21
1190.21215473917
 31
0.0
  0
LINE
  5
1155
330
1F
100
AcDbEntity
  8
MERDIVEN (BEYKENT)
100
AcDbLine
 10
5083.33694708363
 20
1290.212153216903
 30
0.0
 11
5083.33694708363
 21
1190.21215473917
 31
0.0
  0
LINE
  5
1156
330
1F
100
AcDbEntity
  8
MERDIVEN (BEYKENT)
100
AcDbLine
 10
5111.336947083629
 20
1290.212153216903
 30
0.0
 11
5111.336947083629
 21
1190.21215473917
 31
0.0
  0
LINE
  5
1157
330
1F
100
AcDbEntity
  8
MERDIVEN (BEYKENT)
100
AcDbLine
 10
5139.33694708363
 20
1290.212153216903
 30
0.0
 11
5139.33694708363
 21
1190.21215473917
 31
0.0
  0
LINE
  5
1158
330
1F
100
AcDbEntity
  8
DOSEME SINIRI (BEYKENT)
370
    -3
100
AcDbLine
 10
5167.336947083629
 20
1290.212153216903
 30
0.0
 11
5167.336947083629
 21
1190.21215473917
 31
0.0
  0
LINE
  5
1159
330
1F
100
AcDbEntity
  8
DOSEME SINIRI (BEYKENT)
370
    -3
100
AcDbLine
 10
5170.33694708363
 20
1287.212154739165
 30
0.0
 11
5270.336945604952
 21
1287.212154739165
 31
0.0
  0
LINE
  5
115A
330
1F
100
AcDbEntity
  8
MERDIVEN (BEYKENT)
100
AcDbLine
 10
5170.33694708363
 20
1315.212154739165
 30
0.0
 11
5270.336945604952
 21
1315.212154739165
 31
0.0
  0
LINE
  5
115B
330
1F
100
AcDbEntity
  8
MERDIVEN (BEYKENT)
100
AcDbLine
 10
5170.33694708363
 20
1343.212154739165
 30
0.0
 11
5270.336945604952
 21
1343.212154739165
 31
0.0
  0
LINE
  5
115C
330
1F
100
AcDbEntity
  8
MERDIVEN (BEYKENT)
100
AcDbLine
 10
5170.33694708363
 20
1371.212154739165
 30
0.0
 11
5270.336945604952
 21
1371.212154739165
 31
0.0
  0
LINE
  5
115D
330
1F
100
AcDbEntity
  8
MERDIVEN (BEYKENT)
100
AcDbLine
 10
5170.33694708363
 20
1399.212154739165
 30
0.0
 11
5270.336945604952
 21
1399.212154739165
 31
0.0
  0
LINE
  5
115E
330
1F
100
AcDbEntity
  8
MERDIVEN (BEYKENT)
100
AcDbLine
 10
5170.33694708363
 20
1427.212154739165
 30
0.0
 11
5270.336945604952
 21
1427.212154739165
 31
0.0
  0
LINE
  5
115F
330
1F
100
AcDbEntity
  8
MERDIVEN (BEYKENT)
100
AcDbLine
 10
5170.772168019608
 20
1427.212154739165
 30
0.0
 11
5270.272737631672
 21
1456.702642934525
 31
0.0
  0
LINE
  5
1160
330
1F
100
AcDbEntity
  8
MERDIVEN (BEYKENT)
100
AcDbLine
 10
5171.673029222362
 20
1427.479156594221
 30
0.0
 11
5270.262789918965
 21
1498.052730845691
 31
0.0
  0
LINE
  5
1161
330
1F
100
AcDbEntity
  8
MERDIVEN (BEYKENT)
100
AcDbLine
 10
5172.487163194888
 20
1428.061938659569
 30
0.0
 11
5245.60941833365
 21
1530.21215473917
 31
0.0
  0
LINE
  5
1162
330
1F
100
AcDbEntity
  8
MERDIVEN (BEYKENT)
100
AcDbLine
 10
5170.336947083688
 20
1430.212154739172
 30
0.0
 11
5202.49746404777
 21
1530.21215473917
 31
0.0
  0
LWPOLYLINE
  5
1163
330
1F
100
AcDbEntity
  8
DOSEME SINIRI (BEYKENT)
370
    -3
100
AcDbPolyline
 90
        4
 70
   128
 43
0.0
 10
3714.336947040091
 20
1290.212153208803
 10
3885.336947040149
 20
1290.212153208803
 10
3885.336947040149
 20
1530.21215473917
 10
3985.25507797331
 20
1530.236228215842
  0
LWPOLYLINE
  5
1164
330
1F
100
AcDbEntity
  8
MERDIVEN YAZI (BEYKENT)
370
    -3
100
AcDbPolyline
 90
        3
 70
   128
 43
0.0
 10
3935.296012506729
 20
1522.4472715191
 10
3935.296012506729
 20
1240.212148329182
 10
3714.337008547456
 20
1240.212148329182
  0
LWPOLYLINE
  5
1165
330
1F
100
AcDbEntity
  8
MERDIVEN YAZI (BEYKENT)
370
    -3
100
AcDbPolyline
 90
        3
 70
   129
 43
0.0
 10
3704.337008547457
 20
1240.212148329182
 10
3719.337008547456
 20
1231.551894291331
 10
3719.337008547456
 20
1248.872402367034
  0
LINE
  5
1166
330
1F
100
AcDbEntity
  8
MERDIVEN (BEYKENT)
100
AcDbLine
 10
4267.393542862653
 20
1290.212152394833
 30
0.0
 11
4267.393539955618
 21
1190.212152403232
 31
0.0
  0
LINE
  5
1167
330
1F
100
AcDbEntity
  8
MERDIVEN (BEYKENT)
100
AcDbLine
 10
4295.393542862654
 20
1290.212151580863
 30
0.0
 11
4295.393539955617
 21
1190.212151589262
 31
0.0
  0
LINE
  5
1168
330
1F
100
AcDbEntity
  8
MERDIVEN (BEYKENT)
100
AcDbLine
 10
4323.393542862653
 20
1290.212150766893
 30
0.0
 11
4323.393539955617
 21
1190.212150775292
 31
0.0
  0
LINE
  5
1169
330
1F
100
AcDbEntity
  8
MERDIVEN (BEYKENT)
100
AcDbLine
 10
4351.393542862654
 20
1290.212149952923
 30
0.0
 11
4351.393539955617
 21
1190.212149961322
 31
0.0
  0
LINE
  5
116A
330
1F
100
AcDbEntity
  8
MERDIVEN (BEYKENT)
100
AcDbLine
 10
4379.393542862653
 20
1290.212149138953
 30
0.0
 11
4379.393539955617
 21
1190.212149147352
 31
0.0
  0
LINE
  5
116B
330
1F
100
AcDbEntity
  8
MERDIVEN (BEYKENT)
100
AcDbLine
 10
4407.393542862654
 20
1290.212148324983
 30
0.0
 11
4407.393539955617
 21
1190.212148333381
 31
0.0
  0
LINE
  5
116C
330
1F
100
AcDbEntity
  8
DOSEME SINIRI (BEYKENT)
370
    -3
100
AcDbLine
 10
4410.393542862712
 20
1499.212155119732
 30
0.0
 11
4510.393541296896
 21
1499.212155119732
 31
0.0
  0
LINE
  5
116D
330
1F
100
AcDbEntity
  8
DOSEME SINIRI (BEYKENT)
370
    -3
100
AcDbLine
 10
4410.393542862712
 20
1399.212154731065
 30
0.0
 11
4510.393541296896
 21
1399.212154731065
 31
0.0
  0
LINE
  5
116E
330
1F
100
AcDbEntity
  8
MERDIVEN (BEYKENT)
100
AcDbLine
 10
4410.393542862712
 20
1371.212154731065
 30
0.0
 11
4510.393541296896
 21
1371.212154731065
 31
0.0
  0
LINE
  5
116F
330
1F
100
AcDbEntity
  8
MERDIVEN (BEYKENT)
100
AcDbLine
 10
4410.393542862712
 20
1343.212154731065
 30
0.0
 11
4510.393541296896
 21
1343.212154731065
 31
0.0
  0
LINE
  5
1170
330
1F
100
AcDbEntity
  8
MERDIVEN (BEYKENT)
100
AcDbLine
 10
4410.393542862712
 20
1315.212154731065
 30
0.0
 11
4510.393541296896
 21
1315.212154731065
 31
0.0
  0
LINE
  5
1171
330
1F
100
AcDbEntity
  8
MERDIVEN (BEYKENT)
100
AcDbLine
 10
4407.563819925704
 20
1287.212154731065
 30
0.0
 11
4510.393541296896
 21
1287.212154731065
 31
0.0
  0
LINE
  5
1172
330
1F
100
AcDbEntity
  8
MERDIVEN (BEYKENT)
100
AcDbLine
 10
4410.393542883419
 20
1287.212154731065
 30
0.0
 11
4510.377365786943
 21
1257.578437451247
 31
0.0
  0
LINE
  5
1173
330
1F
100
AcDbEntity
  8
MERDIVEN (BEYKENT)
100
AcDbLine
 10
4410.393542883389
 20
1287.212154731065
 30
0.0
 11
4510.38747168121
 21
1215.633433889838
 31
0.0
  0
LINE
  5
1174
330
1F
100
AcDbEntity
  8
MERDIVEN (BEYKENT)
100
AcDbLine
 10
4410.393542883404
 20
1287.212154731065
 30
0.0
 11
4479.829100154351
 21
1190.212176196837
 31
0.0
  0
LINE
  5
1175
330
1F
100
AcDbEntity
  8
MERDIVEN (BEYKENT)
100
AcDbLine
 10
4407.393542790825
 20
1287.741614923075
 30
0.0
 11
4438.759514477304
 21
1190.212176196836
 31
0.0
  0
LWPOLYLINE
  5
1176
330
1F
100
AcDbEntity
  8
DOSEME SINIRI (BEYKENT)
370
    -3
100
AcDbPolyline
 90
        4
 70
   128
 43
0.0
 10
4239.393542862654
 20
1290.212153208803
 10
4410.393542862712
 20
1290.212153208803
 10
4410.393542862712
 20
1530.21215473917
 10
4510.311673795873
 20
1530.236228215842
  0
LWPOLYLINE
  5
1177
330
1F
100
AcDbEntity
  8
MERDIVEN YAZI (BEYKENT)
370
    -3
100
AcDbPolyline
 90
        3
 70
   128
 43
0.0
 10
4460.352608329293
 20
1522.4472715191
 10
4460.352608329293
 20
1240.212148329182
 10
4239.393604370019
 20
1240.212148329182
  0
LWPOLYLINE
  5
1178
330
1F
100
AcDbEntity
  8
MERDIVEN YAZI (BEYKENT)
370
    -3
100
AcDbPolyline
 90
        3
 70
   129
 43
0.0
 10
4229.393604370019
 20
1240.212148329182
 10
4244.39360437002
 20
1231.551894291331
 10
4244.39360437002
 20
1248.872402367034
  0
LINE
  5
1179
330
1F
100
AcDbEntity
  8
DOSEME SINIRI (BEYKENT)
370
    -3
100
AcDbLine
 10
5027.337130140931
 20
1530.21215473917
 30
0.0
 11
5270.336824011476
 21
1530.21215473917
 31
0.0
  0
LWPOLYLINE
  5
117A
330
1F
100
AcDbEntity
  8
DOSEME SINIRI (BEYKENT)
370
    -3
100
AcDbPolyline
 90
        4
 70
   128
 43
0.0
 10
5084.336947083688
 20
1430.212154739172
 10
5170.33694708363
 20
1430.212154739172
 10
5170.33694708363
 20
1290.212153216904
 10
5027.337130140931
 20
1290.212153216904
  0
LWPOLYLINE
  5
117B
330
1F
100
AcDbEntity
  8
MERDIVEN YAZI (BEYKENT)
370
    -3
100
AcDbPolyline
 90
        4
 70
   128
 43
0.0
 10
5084.336947083702
 20
1480.212154739171
 10
5220.33694634429
 20
1480.212154739171
 10
5220.33694634429
 20
1240.212153978037
 10
5027.337130140931
 20
1240.212153978037
  0
CIRCLE
  5
117C
330
1F
100
AcDbEntity
  8
MERDIVEN YAZI (BEYKENT)
370
    -3
100
AcDbCircle
 10
5084.336947083702
 20
1480.212154739171
 30
0.0
 40
5.0
  0
LWPOLYLINE
  5
117D
330
1F
100
AcDbEntity
  8
MERDIVEN YAZI (BEYKENT)
370
    -3
100
AcDbPolyline
 90
        3
 70
   129
 43
0.0
 10
5017.337130140932
 20
1240.212153978037
 10
5032.337130140931
 20
1231.551899940185
 10
5032.337130140931
 20
1248.872408015889
  0
LINE
  5
117E
330
1F
100
AcDbEntity
  8
DOSEME SINIRI (BEYKENT)
370
    -3
100
AcDbLine
 10
5486.336910747599
 20
1530.21215473917
 30
0.0
 11
5486.336910747613
 21
1430.212154739172
 31
0.0
  0
LINE
  5
117F
330
1F
100
AcDbEntity
  8
MERDIVEN (BEYKENT)
100
AcDbLine
 10
5458.336910747614
 20
1530.21215473917
 30
0.0
 11
5458.336910747614
 21
1430.212154739172
 31
0.0
  0
LINE
  5
1180
330
1F
100
AcDbEntity
  8
MERDIVEN (BEYKENT)
100
AcDbLine
 10
5430.336910747599
 20
1530.21215473917
 30
0.0
 11
5430.336910747613
 21
1430.212154739172
 31
0.0
  0
LINE
  5
1181
330
1F
100
AcDbEntity
  8
MERDIVEN (BEYKENT)
100
AcDbLine
 10
5402.336910747614
 20
1530.21215473917
 30
0.0
 11
5402.336910747614
 21
1430.212154739172
 31
0.0
  0
LINE
  5
1182
330
1F
100
AcDbEntity
  8
MERDIVEN (BEYKENT)
100
AcDbLine
 10
5515.336910747672
 20
1290.212153216903
 30
0.0
 11
5515.336910747672
 21
1190.21215473917
 31
0.0
  0
LINE
  5
1183
330
1F
100
AcDbEntity
  8
MERDIVEN (BEYKENT)
100
AcDbLine
 10
5487.336910747671
 20
1290.212153216903
 30
0.0
 11
5487.336910747671
 21
1190.21215473917
 31
0.0
  0
LINE
  5
1184
330
1F
100
AcDbEntity
  8
MERDIVEN (BEYKENT)
100
AcDbLine
 10
5459.336910747672
 20
1290.212153216903
 30
0.0
 11
5459.336910747672
 21
1190.21215473917
 31
0.0
  0
LINE
  5
1185
330
1F
100
AcDbEntity
  8
MERDIVEN (BEYKENT)
100
AcDbLine
 10
5431.336910747671
 20
1290.212153216903
 30
0.0
 11
5431.336910747671
 21
1190.21215473917
 31
0.0
  0
LINE
  5
1186
330
1F
100
AcDbEntity
  8
DOSEME SINIRI (BEYKENT)
370
    -3
100
AcDbLine
 10
5403.336910747672
 20
1290.212153216903
 30
0.0
 11
5403.336910747672
 21
1190.21215473917
 31
0.0
  0
LINE
  5
1187
330
1F
100
AcDbEntity
  8
DOSEME SINIRI (BEYKENT)
370
    -3
100
AcDbLine
 10
5400.336910747672
 20
1287.212154739165
 30
0.0
 11
5300.336912226351
 21
1287.212154739165
 31
0.0
  0
LINE
  5
1188
330
1F
100
AcDbEntity
  8
MERDIVEN (BEYKENT)
100
AcDbLine
 10
5400.336910747672
 20
1315.212154739165
 30
0.0
 11
5300.336912226351
 21
1315.212154739165
 31
0.0
  0
LINE
  5
1189
330
1F
100
AcDbEntity
  8
MERDIVEN (BEYKENT)
100
AcDbLine
 10
5400.336910747672
 20
1343.212154739165
 30
0.0
 11
5300.336912226351
 21
1343.212154739165
 31
0.0
  0
LINE
  5
118A
330
1F
100
AcDbEntity
  8
MERDIVEN (BEYKENT)
100
AcDbLine
 10
5400.336910747672
 20
1371.212154739165
 30
0.0
 11
5300.336912226351
 21
1371.212154739165
 31
0.0
  0
LINE
  5
118B
330
1F
100
AcDbEntity
  8
MERDIVEN (BEYKENT)
100
AcDbLine
 10
5400.336910747672
 20
1399.212154739165
 30
0.0
 11
5300.336912226351
 21
1399.212154739165
 31
0.0
  0
LINE
  5
118C
330
1F
100
AcDbEntity
  8
MERDIVEN (BEYKENT)
100
AcDbLine
 10
5400.336910747672
 20
1427.212154739165
 30
0.0
 11
5300.336912226351
 21
1427.212154739165
 31
0.0
  0
LINE
  5
118D
330
1F
100
AcDbEntity
  8
MERDIVEN (BEYKENT)
100
AcDbLine
 10
5399.901689811693
 20
1427.212154739165
 30
0.0
 11
5300.401120199629
 21
1456.702642934525
 31
0.0
  0
LINE
  5
118E
330
1F
100
AcDbEntity
  8
MERDIVEN (BEYKENT)
100
AcDbLine
 10
5399.00082860894
 20
1427.479156594221
 30
0.0
 11
5300.411067912337
 21
1498.052730845691
 31
0.0
  0
LINE
  5
118F
330
1F
100
AcDbEntity
  8
MERDIVEN (BEYKENT)
100
AcDbLine
 10
5398.186694636414
 20
1428.061938659569
 30
0.0
 11
5325.064439497651
 21
1530.21215473917
 31
0.0
  0
LINE
  5
1190
330
1F
100
AcDbEntity
  8
MERDIVEN (BEYKENT)
100
AcDbLine
 10
5400.336910747614
 20
1430.212154739172
 30
0.0
 11
5368.176393783532
 21
1530.21215473917
 31
0.0
  0
LINE
  5
1191
330
1F
100
AcDbEntity
  8
DOSEME SINIRI (BEYKENT)
370
    -3
100
AcDbLine
 10
5543.33672769037
 20
1530.21215473917
 30
0.0
 11
5300.337033819825
 21
1530.21215473917
 31
0.0
  0
LWPOLYLINE
  5
1192
330
1F
100
AcDbEntity
  8
DOSEME SINIRI (BEYKENT)
370
    -3
100
AcDbPolyline
 90
        4
 70
   128
 43
0.0
 10
5486.336910747613
 20
1430.212154739172
 10
5400.336910747672
 20
1430.212154739172
 10
5400.336910747672
 20
1290.212153216904
 10
5543.33672769037
 20
1290.212153216904
  0
LWPOLYLINE
  5
1193
330
1F
100
AcDbEntity
  8
MERDIVEN YAZI (BEYKENT)
370
    -3
100
AcDbPolyline
 90
        4
 70
   128
 43
0.0
 10
5486.336910747599
 20
1480.212154739171
 10
5350.336911487011
 20
1480.212154739171
 10
5350.336911487011
 20
1240.212153978037
 10
5543.33672769037
 20
1240.212153978037
  0
CIRCLE
  5
1194
330
1F
100
AcDbEntity
  8
MERDIVEN YAZI (BEYKENT)
370
    -3
100
AcDbCircle
 10
5486.336910747599
 20
1480.212154739171
 30
0.0
 40
5.0
  0
LWPOLYLINE
  5
1195
330
1F
100
AcDbEntity
  8
MERDIVEN YAZI (BEYKENT)
370
    -3
100
AcDbPolyline
 90
        3
 70
   129
 43
0.0
 10
5553.33672769037
 20
1240.212153978037
 10
5538.33672769037
 20
1231.551899940185
 10
5538.33672769037
 20
1248.872408015889
  0
LINE
  5
1196
330
1F
100
AcDbEntity
  8
DOSEME SINIRI (BEYKENT)
370
    -3
100
AcDbLine
 10
6639.337192654839
 20
1530.21215473917
 30
0.0
 11
6639.337192654824
 21
1430.212154739172
 31
0.0
  0
LINE
  5
1197
330
1F
100
AcDbEntity
  8
MERDIVEN (BEYKENT)
100
AcDbLine
 10
6667.337192654824
 20
1530.21215473917
 30
0.0
 11
6667.337192654824
 21
1430.212154739172
 31
0.0
  0
LINE
  5
1198
330
1F
100
AcDbEntity
  8
MERDIVEN (BEYKENT)
100
AcDbLine
 10
6695.337192654839
 20
1530.21215473917
 30
0.0
 11
6695.337192654824
 21
1430.212154739172
 31
0.0
  0
LINE
  5
1199
330
1F
100
AcDbEntity
  8
MERDIVEN (BEYKENT)
100
AcDbLine
 10
6723.337192654824
 20
1530.21215473917
 30
0.0
 11
6723.337192654824
 21
1430.212154739172
 31
0.0
  0
LINE
  5
119A
330
1F
100
AcDbEntity
  8
MERDIVEN (BEYKENT)
100
AcDbLine
 10
6610.337192654767
 20
1290.212153216903
 30
0.0
 11
6610.337192654767
 21
1190.21215473917
 31
0.0
  0
LINE
  5
119B
330
1F
100
AcDbEntity
  8
MERDIVEN (BEYKENT)
100
AcDbLine
 10
6638.337192654766
 20
1290.212153216903
 30
0.0
 11
6638.337192654766
 21
1190.21215473917
 31
0.0
  0
LINE
  5
119C
330
1F
100
AcDbEntity
  8
MERDIVEN (BEYKENT)
100
AcDbLine
 10
6666.337192654767
 20
1290.212153216903
 30
0.0
 11
6666.337192654767
 21
1190.21215473917
 31
0.0
  0
LINE
  5
119D
330
1F
100
AcDbEntity
  8
MERDIVEN (BEYKENT)
100
AcDbLine
 10
6694.337192654765
 20
1290.212153216903
 30
0.0
 11
6694.337192654765
 21
1190.21215473917
 31
0.0
  0
LINE
  5
119E
330
1F
100
AcDbEntity
  8
DOSEME SINIRI (BEYKENT)
370
    -3
100
AcDbLine
 10
6722.337192654766
 20
1290.212153216903
 30
0.0
 11
6722.337192654766
 21
1190.21215473917
 31
0.0
  0
LINE
  5
119F
330
1F
100
AcDbEntity
  8
DOSEME SINIRI (BEYKENT)
370
    -3
100
AcDbLine
 10
6725.337192654766
 20
1287.212154739165
 30
0.0
 11
6825.337191176088
 21
1287.212154739165
 31
0.0
  0
LINE
  5
11A0
330
1F
100
AcDbEntity
  8
MERDIVEN (BEYKENT)
100
AcDbLine
 10
6725.337192654766
 20
1315.212154739165
 30
0.0
 11
6825.337191176088
 21
1315.212154739165
 31
0.0
  0
LINE
  5
11A1
330
1F
100
AcDbEntity
  8
MERDIVEN (BEYKENT)
100
AcDbLine
 10
6725.337192654766
 20
1343.212154739165
 30
0.0
 11
6825.337191176088
 21
1343.212154739165
 31
0.0
  0
LINE
  5
11A2
330
1F
100
AcDbEntity
  8
MERDIVEN (BEYKENT)
100
AcDbLine
 10
6725.337192654766
 20
1371.212154739165
 30
0.0
 11
6825.337191176088
 21
1371.212154739165
 31
0.0
  0
LINE
  5
11A3
330
1F
100
AcDbEntity
  8
MERDIVEN (BEYKENT)
100
AcDbLine
 10
6725.337192654766
 20
1399.212154739165
 30
0.0
 11
6825.337191176088
 21
1399.212154739165
 31
0.0
  0
LINE
  5
11A4
330
1F
100
AcDbEntity
  8
MERDIVEN (BEYKENT)
100
AcDbLine
 10
6725.337192654766
 20
1427.212154739165
 30
0.0
 11
6825.337191176088
 21
1427.212154739165
 31
0.0
  0
LINE
  5
11A5
330
1F
100
AcDbEntity
  8
MERDIVEN (BEYKENT)
100
AcDbLine
 10
6725.772413590745
 20
1427.212154739165
 30
0.0
 11
6825.272983202809
 21
1456.702642934525
 31
0.0
  0
LINE
  5
11A6
330
1F
100
AcDbEntity
  8
MERDIVEN (BEYKENT)
100
AcDbLine
 10
6726.673274793498
 20
1427.479156594221
 30
0.0
 11
6825.263035490102
 21
1498.052730845691
 31
0.0
  0
LINE
  5
11A7
330
1F
100
AcDbEntity
  8
MERDIVEN (BEYKENT)
100
AcDbLine
 10
6727.487408766025
 20
1428.061938659569
 30
0.0
 11
6800.609663904786
 21
1530.21215473917
 31
0.0
  0
LINE
  5
11A8
330
1F
100
AcDbEntity
  8
MERDIVEN (BEYKENT)
100
AcDbLine
 10
6725.337192654824
 20
1430.212154739172
 30
0.0
 11
6757.497709618907
 21
1530.21215473917
 31
0.0
  0
LINE
  5
11A9
330
1F
100
AcDbEntity
  8
DOSEME SINIRI (BEYKENT)
370
    -3
100
AcDbLine
 10
6582.337375712068
 20
1530.21215473917
 30
0.0
 11
6825.337069582612
 21
1530.21215473917
 31
0.0
  0
LWPOLYLINE
  5
11AA
330
1F
100
AcDbEntity
  8
DOSEME SINIRI (BEYKENT)
370
    -3
100
AcDbPolyline
 90
        4
 70
   128
 43
0.0
 10
6639.337192654824
 20
1430.212154739172
 10
6725.337192654766
 20
1430.212154739172
 10
6725.337192654766
 20
1290.212153216904
 10
6582.337375712068
 20
1290.212153216904
  0
LWPOLYLINE
  5
11AB
330
1F
100
AcDbEntity
  8
MERDIVEN YAZI (BEYKENT)
370
    -3
100
AcDbPolyline
 90
        4
 70
   128
 43
0.0
 10
6639.337192654839
 20
1480.212154739171
 10
6775.337191915427
 20
1480.212154739171
 10
6775.337191915427
 20
1240.212153978037
 10
6582.337375712068
 20
1240.212153978037
  0
CIRCLE
  5
11AC
330
1F
100
AcDbEntity
  8
MERDIVEN YAZI (BEYKENT)
370
    -3
100
AcDbCircle
 10
6639.337192654839
 20
1480.212154739171
 30
0.0
 40
5.0
  0
LWPOLYLINE
  5
11AD
330
1F
100
AcDbEntity
  8
MERDIVEN YAZI (BEYKENT)
370
    -3
100
AcDbPolyline
 90
        3
 70
   129
 43
0.0
 10
6572.337375712068
 20
1240.212153978037
 10
6587.337375712067
 20
1231.551899940185
 10
6587.337375712067
 20
1248.872408015889
  0
LINE
  5
11AE
330
1F
100
AcDbEntity
  8
DOSEME SINIRI (BEYKENT)
370
    -3
100
AcDbLine
 10
7041.337156318736
 20
1530.21215473917
 30
0.0
 11
7041.337156318751
 21
1430.212154739172
 31
0.0
  0
LINE
  5
11AF
330
1F
100
AcDbEntity
  8
MERDIVEN (BEYKENT)
100
AcDbLine
 10
7013.337156318751
 20
1530.21215473917
 30
0.0
 11
7013.337156318751
 21
1430.212154739172
 31
0.0
  0
LINE
  5
11B0
330
1F
100
AcDbEntity
  8
MERDIVEN (BEYKENT)
100
AcDbLine
 10
6985.337156318735
 20
1530.21215473917
 30
0.0
 11
6985.337156318751
 21
1430.212154739172
 31
0.0
  0
LINE
  5
11B1
330
1F
100
AcDbEntity
  8
MERDIVEN (BEYKENT)
100
AcDbLine
 10
6957.33715631875
 20
1530.21215473917
 30
0.0
 11
6957.33715631875
 21
1430.212154739172
 31
0.0
  0
LINE
  5
11B2
330
1F
100
AcDbEntity
  8
MERDIVEN (BEYKENT)
100
AcDbLine
 10
7070.337156318808
 20
1290.212153216903
 30
0.0
 11
7070.337156318808
 21
1190.21215473917
 31
0.0
  0
LINE
  5
11B3
330
1F
100
AcDbEntity
  8
MERDIVEN (BEYKENT)
100
AcDbLine
 10
7042.337156318808
 20
1290.212153216903
 30
0.0
 11
7042.337156318808
 21
1190.21215473917
 31
0.0
  0
LINE
  5
11B4
330
1F
100
AcDbEntity
  8
MERDIVEN (BEYKENT)
100
AcDbLine
 10
7014.337156318808
 20
1290.212153216903
 30
0.0
 11
7014.337156318808
 21
1190.21215473917
 31
0.0
  0
LINE
  5
11B5
330
1F
100
AcDbEntity
  8
MERDIVEN (BEYKENT)
100
AcDbLine
 10
6986.337156318808
 20
1290.212153216903
 30
0.0
 11
6986.337156318808
 21
1190.21215473917
 31
0.0
  0
LINE
  5
11B6
330
1F
100
AcDbEntity
  8
DOSEME SINIRI (BEYKENT)
370
    -3
100
AcDbLine
 10
6958.337156318808
 20
1290.212153216903
 30
0.0
 11
6958.337156318808
 21
1190.21215473917
 31
0.0
  0
LINE
  5
11B7
330
1F
100
AcDbEntity
  8
DOSEME SINIRI (BEYKENT)
370
    -3
100
AcDbLine
 10
6955.337156318808
 20
1287.212154739165
 30
0.0
 11
6855.337157797487
 21
1287.212154739165
 31
0.0
  0
LINE
  5
11B8
330
1F
100
AcDbEntity
  8
MERDIVEN (BEYKENT)
100
AcDbLine
 10
6955.337156318808
 20
1315.212154739165
 30
0.0
 11
6855.337157797487
 21
1315.212154739165
 31
0.0
  0
LINE
  5
11B9
330
1F
100
AcDbEntity
  8
MERDIVEN (BEYKENT)
100
AcDbLine
 10
6955.337156318808
 20
1343.212154739165
 30
0.0
 11
6855.337157797487
 21
1343.212154739165
 31
0.0
  0
LINE
  5
11BA
330
1F
100
AcDbEntity
  8
MERDIVEN (BEYKENT)
100
AcDbLine
 10
6955.337156318808
 20
1371.212154739165
 30
0.0
 11
6855.337157797487
 21
1371.212154739165
 31
0.0
  0
LINE
  5
11BB
330
1F
100
AcDbEntity
  8
MERDIVEN (BEYKENT)
100
AcDbLine
 10
6955.337156318808
 20
1399.212154739165
 30
0.0
 11
6855.337157797487
 21
1399.212154739165
 31
0.0
  0
LINE
  5
11BC
330
1F
100
AcDbEntity
  8
MERDIVEN (BEYKENT)
100
AcDbLine
 10
6955.337156318808
 20
1427.212154739165
 30
0.0
 11
6855.337157797487
 21
1427.212154739165
 31
0.0
  0
LINE
  5
11BD
330
1F
100
AcDbEntity
  8
MERDIVEN (BEYKENT)
100
AcDbLine
 10
6954.90193538283
 20
1427.212154739165
 30
0.0
 11
6855.401365770766
 21
1456.702642934525
 31
0.0
  0
LINE
  5
11BE
330
1F
100
AcDbEntity
  8
MERDIVEN (BEYKENT)
100
AcDbLine
 10
6954.001074180076
 20
1427.479156594221
 30
0.0
 11
6855.411313483473
 21
1498.052730845691
 31
0.0
  0
LINE
  5
11BF
330
1F
100
AcDbEntity
  8
MERDIVEN (BEYKENT)
100
AcDbLine
 10
6953.18694020755
 20
1428.061938659569
 30
0.0
 11
6880.064685068788
 21
1530.21215473917
 31
0.0
  0
LINE
  5
11C0
330
1F
100
AcDbEntity
  8
MERDIVEN (BEYKENT)
100
AcDbLine
 10
6955.33715631875
 20
1430.212154739172
 30
0.0
 11
6923.176639354668
 21
1530.21215473917
 31
0.0
  0
LINE
  5
11C1
330
1F
100
AcDbEntity
  8
DOSEME SINIRI (BEYKENT)
370
    -3
100
AcDbLine
 10
7098.336973261506
 20
1530.21215473917
 30
0.0
 11
6855.337279390962
 21
1530.21215473917
 31
0.0
  0
LWPOLYLINE
  5
11C2
330
1F
100
AcDbEntity
  8
DOSEME SINIRI (BEYKENT)
370
    -3
100
AcDbPolyline
 90
        4
 70
   128
 43
0.0
 10
7041.337156318751
 20
1430.212154739172
 10
6955.337156318808
 20
1430.212154739172
 10
6955.337156318808
 20
1290.212153216904
 10
7098.336973261506
 20
1290.212153216904
  0
LWPOLYLINE
  5
11C3
330
1F
100
AcDbEntity
  8
MERDIVEN YAZI (BEYKENT)
370
    -3
100
AcDbPolyline
 90
        4
 70
   128
 43
0.0
 10
7041.337156318736
 20
1480.212154739171
 10
6905.337157058148
 20
1480.212154739171
 10
6905.337157058148
 20
1240.212153978037
 10
7098.336973261506
 20
1240.212153978037
  0
CIRCLE
  5
11C4
330
1F
100
AcDbEntity
  8
MERDIVEN YAZI (BEYKENT)
370
    -3
100
AcDbCircle
 10
7041.337156318736
 20
1480.212154739171
 30
0.0
 40
5.0
  0
LWPOLYLINE
  5
11C5
330
1F
100
AcDbEntity
  8
MERDIVEN YAZI (BEYKENT)
370
    -3
100
AcDbPolyline
 90
        3
 70
   129
 43
0.0
 10
7108.336973261507
 20
1240.212153978037
 10
7093.336973261506
 20
1231.551899940185
 10
7093.336973261506
 20
1248.872408015889
  0
LWPOLYLINE
  5
11C6
330
1F
100
AcDbEntity
  8
DONATI (BEYKENT)
100
AcDbPolyline
 90
        2
 70
     0
 43
0.0
 10
3692.33693416086
 20
1550.124777345998
 10
4012.336969203705
 20
1550.124777345998
1001
sta4cad App2
1004
0A
1071
      203
1070
     0
1070
     0
1070
     0
  0
TEXT
  5
11C7
330
1F
100
AcDbEntity
  8
DONATI YAZISI (BEYKENT)
100
AcDbText
 10
3746.295844816206
 20
1554.549826174123
 30
0.0
 40
10.0
  1
6ø8/20  l=320
  7
DONATI YAZISI (BEYKENT)
100
AcDbText
1001
sta4cad App2
1004
0A
1071
      203
1071
        0
1004
02
1071
        0
1071
       67
1070
     0
1070
     0
  0
LWPOLYLINE
  5
11C8
330
1F
100
AcDbEntity
  8
DONATI (BEYKENT)
100
AcDbPolyline
 90
        2
 70
     0
 43
0.0
 10
4217.336880516679
 20
1338.867630571338
 10
4407.336825203569
 20
1338.867630571338
1001
sta4cad App2
1004
0A
1071
      203
1070
     0
1070
     0
1070
     0
  0
LWPOLYLINE
  5
11C9
330
1F
100
AcDbEntity
  8
DONATI (BEYKENT)
100
AcDbPolyline
 90
        3
 70
     0
 43
0.0
 10
4148.823725533159
 20
1388.2432497513
 10
4407.323712181718
 20
1388.243547774524
 10
4407.335633110673
 20
1373.243740893573
1001
sta4cad App2
1004
0A
1071
      204
1070
     0
1070
     0
1070
     0
  0
TEXT
  5
11CA
330
1F
100
AcDbEntity
  8
DONATI YAZISI (BEYKENT)
100
AcDbText
 10
4287.169235300691
 20
1343.292679399463
 30
0.0
 40
10.0
  1
13ø8/20  l=190
  7
DONATI YAZISI (BEYKENT)
100
AcDbText
1001
sta4cad App2
1004
0A
1071
      203
1071
        0
1004
02
1071
        0
1071
       67
1070
     0
1070
     0
  0
TEXT
  5
11CB
330
1F
100
AcDbEntity
  8
DONATI YAZISI (BEYKENT)
100
AcDbText
 10
4250.366207036972
 20
1392.668596602649
 30
0.0
 40
10.0
  1
13ø14/20  l=275
  7
DONATI YAZISI (BEYKENT)
100
AcDbText
1001
sta4cad App2
1004
0A
1071
      204
1071
        0
1004
06
1071
        0
1071
       68
1070
     0
1070
     0
  0
LWPOLYLINE
  5
11CC
330
1F
100
AcDbEntity
  8
DONATI (BEYKENT)
100
AcDbPolyline
 90
        2
 70
     0
 43
0.0
 10
4391.250526442028
 20
1293.20423399713
 10
4391.250526442028
 20
1662.204370849394
1001
sta4cad App2
1004
0A
1071
      205
1070
     0
1070
     0
1070
     0
  0
LWPOLYLINE
  5
11CD
330
1F
100
AcDbEntity
  8
DONATI (BEYKENT)
100
AcDbPolyline
 90
        3
 70
     0
 43
0.0
 10
4368.574056235967
 20
1752.191291206145
 10
4368.574056235967
 20
1293.191418998503
 10
4383.57401212853
 20
1293.203339927458
1001
sta4cad App2
1004
0A
1071
      206
1070
     0
1070
     0
1070
     0
  0
TEXT
  5
11CE
330
1F
100
AcDbEntity
  8
DONATI YAZISI (BEYKENT)
100
AcDbText
 10
4386.825328602292
 20
1471.895680778288
 30
0.0
 40
10.0
  1
9ø8/20  l=370
 50
90.0
  7
DONATI YAZISI (BEYKENT)
100
AcDbText
1001
sta4cad App2
1004
0A
1071
      205
1071
        0
1004
02
1071
        0
1071
       69
1070
     0
1070
     0
  0
TEXT
  5
11CF
330
1F
100
AcDbEntity
  8
DONATI YAZISI (BEYKENT)
100
AcDbText
 10
4364.14885839623
 20
1449.56686702396
 30
0.0
 40
10.0
  1
9ø8/20  l=475
 50
90.0
  7
DONATI YAZISI (BEYKENT)
100
AcDbText
1001
sta4cad App2
1004
0A
1071
      206
1071
        0
1004
06
1071
        0
1071
       70
1070
     0
1070
     0
  0
LWPOLYLINE
  5
11D0
330
1F
100
AcDbEntity
  8
DONATI (BEYKENT)
100
AcDbPolyline
 90
        2
 70
     0
 43
0.0
 10
4217.336880516679
 20
1550.124777345998
 10
4537.336915559524
 20
1550.124777345998
1001
sta4cad App2
1004
0A
1071
      203
1070
     0
1070
     0
1070
     0
  0
TEXT
  5
11D1
330
1F
100
AcDbEntity
  8
DONATI YAZISI (BEYKENT)
100
AcDbText
 10
4271.295791172025
 20
1554.549826174123
 30
0.0
 40
10.0
  1
6ø8/20  l=320
  7
DONATI YAZISI (BEYKENT)
100
AcDbText
1001
sta4cad App2
1004
0A
1071
      203
1071
        0
1004
02
1071
        0
1071
       67
1070
     0
1070
     0
  0
LWPOLYLINE
  5
11D2
330
1F
100
AcDbEntity
  8
DONATI (BEYKENT)
100
AcDbPolyline
 90
        2
 70
     0
 43
0.0
 10
3618.024800232797
 20
1752.200116381027
 10
3618.024800232797
 20
1519.924308907116
1001
sta4cad App2
1004
0A
1071
      208
1070
     0
1070
     0
1070
     0
  0
TEXT
  5
11D3
330
1F
100
AcDbEntity
  8
DONATI YAZISI (BEYKENT)
100
AcDbText
 10
3613.59960239306
 20
1550.023661010527
 30
0.0
 40
10.0
  1
11ø8/20  l=235
 50
90.0
  7
DONATI YAZISI (BEYKENT)
100
AcDbText
1001
sta4cad App2
1004
0A
1071
      208
1071
        0
1004
06
1071
        0
1071
       72
1070
     0
1070
     0
  0
LWPOLYLINE
  5
11D4
330
1F
100
AcDbEntity
  8
DONATI (BEYKENT)
100
AcDbPolyline
 90
        3
 70
     0
 43
0.0
 10
4163.026557912886
 20
1033.048884027266
 10
4148.026602020324
 20
1033.048884027266
 10
4148.026453008712
 20
1305.880920589995
1001
sta4cad App2
1004
0A
1071
      123
1070
     0
1070
     0
1070
     0
  0
LWPOLYLINE
  5
11D5
330
1F
100
AcDbEntity
  8
DONATI (BEYKENT)
100
AcDbPolyline
 90
        2
 70
     0
 43
0.0
 10
4187.912433777074
 20
1033.211902730727
 10
4187.912433777074
 20
1187.211976402068
1001
sta4cad App2
1004
0A
1071
      182
1070
     0
1070
     0
1070
     0
  0
TEXT
  5
11D6
330
1F
100
AcDbEntity
  8
DONATI YAZISI (BEYKENT)
100
AcDbText
 10
4143.601404180587
 20
1169.081435554289
 30
0.0
 40
10.0
  1
25ø8/20  l=290
 50
90.0
  7
DONATI YAZISI (BEYKENT)
100
AcDbText
1001
sta4cad App2
1004
0A
1071
      123
1071
        0
1004
0B
1071
        0
1071
       20
1070
     0
1070
     0
  0
TEXT
  5
11D7
330
1F
100
AcDbEntity
  8
DONATI YAZISI (BEYKENT)
100
AcDbText
 10
4183.487235937337
 20
1084.144369714522
 30
0.0
 40
10.0
  1
27ø8/19  l=155
 50
90.0
  7
DONATI YAZISI (BEYKENT)
100
AcDbText
1001
sta4cad App2
1004
0A
1071
      182
1071
        0
1004
02
1071
        0
1071
       54
1070
     0
1070
     0
  0
LWPOLYLINE
  5
11D8
330
1F
100
AcDbEntity
  8
DONATI (BEYKENT)
100
AcDbPolyline
 90
        2
 70
     0
 43
0.0
 10
4483.146793660442
 20
1533.204422347807
 10
4483.146793660442
 20
1662.204370849394
1001
sta4cad App2
1004
0A
1071
      207
1070
     0
1070
     0
1070
     0
  0
LWPOLYLINE
  5
11D9
330
1F
100
AcDbEntity
  8
DONATI (BEYKENT)
100
AcDbPolyline
 90
        3
 70
     0
 43
0.0
 10
4432.005204839249
 20
1752.200116381027
 10
4432.005204839249
 20
1533.191309325957
 10
4447.005160731812
 20
1533.203230254912
1001
sta4cad App2
1004
0A
1071
      208
1070
     0
1070
     0
1070
     0
  0
TEXT
  5
11DA
330
1F
100
AcDbEntity
  8
DONATI YAZISI (BEYKENT)
100
AcDbText
 10
4478.721595820705
 20
1575.386629455351
 30
0.0
 40
10.0
  1
5ø8/20  l=130
 50
90.0
  7
DONATI YAZISI (BEYKENT)
100
AcDbText
1001
sta4cad App2
1004
0A
1071
      207
1071
        0
1004
02
1071
        0
1071
       71
1070
     0
1070
     0
  0
TEXT
  5
11DB
330
1F
100
AcDbEntity
  8
DONATI YAZISI (BEYKENT)
100
AcDbText
 10
4427.580006999512
 20
1550.023661010527
 30
0.0
 40
10.0
  1
5ø12/20  l=235
 50
90.0
  7
DONATI YAZISI (BEYKENT)
100
AcDbText
1001
sta4cad App2
1004
0A
1071
      208
1071
        0
1004
06
1071
        0
1071
       72
1070
     0
1070
     0
  0
LWPOLYLINE
  5
11DC
330
1F
100
AcDbEntity
  8
DONATI (BEYKENT)
100
AcDbPolyline
 90
        2
 70
     0
 43
0.0
 10
4146.669189629519
 20
1752.200459250059
 10
4146.669189629519
 20
1519.924651776149
1001
sta4cad App2
1004
0A
1071
      208
1070
     0
1070
     0
1070
     0
  0
TEXT
  5
11DD
330
1F
100
AcDbEntity
  8
DONATI YAZISI (BEYKENT)
100
AcDbText
 10
4142.243991789782
 20
1550.02400387956
 30
0.0
 40
10.0
  1
10ø8/20  l=235
 50
90.0
  7
DONATI YAZISI (BEYKENT)
100
AcDbText
1001
sta4cad App2
1004
0A
1071
      208
1071
        0
1004
06
1071
        0
1071
       72
1070
     0
1070
     0
  0
LWPOLYLINE
  5
11DE
330
1F
100
AcDbEntity
  8
DONATI (BEYKENT)
100
AcDbPolyline
 90
        2
 70
     0
 43
0.0
 10
5500.198289212316
 20
1533.204422347807
 10
5500.198289212316
 20
1662.204370849394
1001
sta4cad App2
1004
0A
1071
      142
1070
     0
1070
     0
1070
     0
  0
LWPOLYLINE
  5
11DF
330
1F
100
AcDbEntity
  8
DONATI (BEYKENT)
100
AcDbPolyline
 90
        3
 70
     0
 43
0.0
 10
5475.810312748665
 20
1752.191291206145
 10
5475.810312748665
 20
1533.191309325957
 10
5490.81041765284
 20
1533.203230254912
1001
sta4cad App2
1004
0A
1071
      143
1070
     0
1070
     0
1070
     0
  0
TEXT
  5
11E0
330
1F
100
AcDbEntity
  8
DONATI YAZISI (BEYKENT)
100
AcDbText
 10
5495.772942360967
 20
1575.386629455351
 30
0.0
 40
10.0
  1
13ø8/20  l=130
 50
90.0
  7
DONATI YAZISI (BEYKENT)
100
AcDbText
1001
sta4cad App2
1004
0A
1071
      142
1071
        0
1004
02
1071
        0
1071
       32
1070
     0
1070
     0
  0
TEXT
  5
11E1
330
1F
100
AcDbEntity
  8
DONATI YAZISI (BEYKENT)
100
AcDbText
 10
5471.384965897316
 20
1568.023667686247
 30
0.0
 40
10.0
  1
13ø12/20  l=235
 50
90.0
  7
DONATI YAZISI (BEYKENT)
100
AcDbText
1001
sta4cad App2
1004
0A
1071
      143
1071
        0
1004
06
1071
        0
1071
       33
1070
     0
1070
     0
  0
LWPOLYLINE
  5
11E2
330
1F
100
AcDbEntity
  8
DONATI (BEYKENT)
100
AcDbPolyline
 90
        2
 70
     0
 43
0.0
 10
6447.974665710771
 20
1519.160820510303
 10
6447.974665710771
 20
1753.522998517459
1001
sta4cad App2
1004
0A
1071
       96
1070
     0
1070
     0
1070
     0
  0
TEXT
  5
11E3
330
1F
100
AcDbEntity
  8
DONATI YAZISI (BEYKENT)
100
AcDbText
 10
6443.549318859422
 20
1525.193108584797
 30
0.0
 40
10.0
  1
16ø8/30  l=235
 50
90.0
  7
DONATI YAZISI (BEYKENT)
100
AcDbText
1001
sta4cad App2
1004
0A
1071
       96
1071
        0
1004
02
1071
        0
1071
       10
1070
     0
1070
     0
  0
LWPOLYLINE
  5
11E4
330
1F
100
AcDbEntity
  8
DONATI (BEYKENT)
100
AcDbPolyline
 90
        2
 70
     0
 43
0.0
 10
6747.634223361162
 20
1533.204422347807
 10
6747.634223361162
 20
1662.204370849394
1001
sta4cad App2
1004
0A
1071
      142
1070
     0
1070
     0
1070
     0
  0
LWPOLYLINE
  5
11E5
330
1F
100
AcDbEntity
  8
DONATI (BEYKENT)
100
AcDbPolyline
 90
        3
 70
     0
 43
0.0
 10
6723.24624689751
 20
1752.191291206145
 10
6723.24624689751
 20
1533.191309325957
 10
6738.246351801684
 20
1533.203230254912
1001
sta4cad App2
1004
0A
1071
      143
1070
     0
1070
     0
1070
     0
  0
TEXT
  5
11E6
330
1F
100
AcDbEntity
  8
DONATI YAZISI (BEYKENT)
100
AcDbText
 10
6743.208876509813
 20
1575.386629455351
 30
0.0
 40
10.0
  1
13ø8/20  l=130
 50
90.0
  7
DONATI YAZISI (BEYKENT)
100
AcDbText
1001
sta4cad App2
1004
0A
1071
      142
1071
        0
1004
02
1071
        0
1071
       32
1070
     0
1070
     0
  0
TEXT
  5
11E7
330
1F
100
AcDbEntity
  8
DONATI YAZISI (BEYKENT)
100
AcDbText
 10
6718.820900046161
 20
1568.023667686247
 30
0.0
 40
10.0
  1
13ø12/20  l=235
 50
90.0
  7
DONATI YAZISI (BEYKENT)
100
AcDbText
1001
sta4cad App2
1004
0A
1071
      143
1071
        0
1004
06
1071
        0
1071
       33
1070
     0
1070
     0
  0
LWPOLYLINE
  5
11E8
330
1F
100
AcDbEntity
  8
DONATI (BEYKENT)
100
AcDbPolyline
 90
        2
 70
     0
 43
0.0
 10
7055.198236760229
 20
1533.204422347807
 10
7055.198236760229
 20
1662.204370849394
1001
sta4cad App2
1004
0A
1071
      142
1070
     0
1070
     0
1070
     0
  0
LWPOLYLINE
  5
11E9
330
1F
100
AcDbEntity
  8
DONATI (BEYKENT)
100
AcDbPolyline
 90
        3
 70
     0
 43
0.0
 10
7030.810260296577
 20
1752.191291206145
 10
7030.810260296577
 20
1533.191309325957
 10
7045.810365200752
 20
1533.203230254912
1001
sta4cad App2
1004
0A
1071
      143
1070
     0
1070
     0
1070
     0
  0
TEXT
  5
11EA
330
1F
100
AcDbEntity
  8
DONATI YAZISI (BEYKENT)
100
AcDbText
 10
7050.772889908881
 20
1575.386629455351
 30
0.0
 40
10.0
  1
13ø8/20  l=130
 50
90.0
  7
DONATI YAZISI (BEYKENT)
100
AcDbText
1001
sta4cad App2
1004
0A
1071
      142
1071
        0
1004
02
1071
        0
1071
       32
1070
     0
1070
     0
  0
TEXT
  5
11EB
330
1F
100
AcDbEntity
  8
DONATI YAZISI (BEYKENT)
100
AcDbText
 10
7026.384913445228
 20
1568.023667686247
 30
0.0
 40
10.0
  1
13ø12/20  l=235
 50
90.0
  7
DONATI YAZISI (BEYKENT)
100
AcDbText
1001
sta4cad App2
1004
0A
1071
      143
1071
        0
1004
06
1071
        0
1071
       33
1070
     0
1070
     0
  0
DIMENSION
  5
11EC
330
1F
100
AcDbEntity
  8
OLCU (BEYKENT)
370
    -3
100
AcDbDimension
280
     0
  2
*D79
 10
2880.13338403162
 20
2431.61518154834
 30
0.0
 11
2872.499271239322
 21
2401.615269763213
 31
0.0
 70
    32
 71
     5
 42
59.99982357025146
 73
     0
 74
     0
 75
     0
  3
DSMOLC-50
100
AcDbAlignedDimension
 13
2860.269876670511
 23
2371.615357978087
 33
0.0
 14
2860.269876670511
 24
2431.615181548339
 34
0.0
 50
90.0
100
AcDbRotatedDimension
  0
DIMENSION
  5
11ED
330
1F
100
AcDbEntity
  8
OLCU (BEYKENT)
370
    -3
100
AcDbDimension
280
     0
  2
*D80
 10
3094.333518603262
 20
2431.61518154834
 30
0.0
 11
3086.766462207113
 21
2423.615195138197
 31
0.0
 70
    32
 71
     5
 42
15.99997282028198
 73
     0
 74
     0
 75
     0
  3
DSMOLC-50
100
AcDbAlignedDimension
 13
3076.58733011808
 23
2415.615208728057
 33
0.0
 14
3076.587330118095
 24
2431.615181548339
 34
0.0
 50
90.0
100
AcDbRotatedDimension
  0
DIMENSION
  5
11EE
330
1F
100
AcDbEntity
  8
OLCU (BEYKENT)
370
    -3
100
AcDbDimension
280
     0
  2
*D81
 10
3494.045956348504
 20
2431.61518154834
 30
0.0
 11
3486.411843556207
 21
2401.615269763212
 31
0.0
 70
    32
 71
     5
 42
59.99982357025146
 73
     0
 74
     0
 75
     0
  3
DSMOLC-50
100
AcDbAlignedDimension
 13
3470.269995283754
 23
2371.615357978087
 33
0.0
 14
3470.269995283754
 24
2431.615181548339
 34
0.0
 50
90.0
100
AcDbRotatedDimension
  0
DIMENSION
  5
11EF
330
1F
100
AcDbEntity
  8
OLCU (BEYKENT)
370
    -3
100
AcDbDimension
280
     0
  2
*D82
 10
3638.550816340109
 20
2431.61518154834
 30
0.0
 11
3630.98375994396
 21
2423.615195138197
 31
0.0
 70
    32
 71
     5
 42
15.99997282028198
 73
     0
 74
     0
 75
     0
  3
DSMOLC-50
100
AcDbAlignedDimension
 13
3616.57925371869
 23
2415.615208728057
 33
0.0
 14
3616.57925371869
 24
2431.615181548339
 34
0.0
 50
90.0
100
AcDbRotatedDimension
  0
DIMENSION
  5
11F0
330
1F
100
AcDbEntity
  8
OLCU (BEYKENT)
370
    -3
100
AcDbDimension
280
     0
  2
*D83
 10
4039.046092247153
 20
2431.61518154834
 30
0.0
 11
4031.411979454855
 21
2401.615269763212
 31
0.0
 70
    32
 71
     5
 42
59.99982357025146
 73
     0
 74
     0
 75
     0
  3
DSMOLC-50
100
AcDbAlignedDimension
 13
4015.270131182344
 23
2371.615357978087
 33
0.0
 14
4015.270131182344
 24
2431.615181548339
 34
0.0
 50
90.0
100
AcDbRotatedDimension
  0
DIMENSION
  5
11F1
330
1F
100
AcDbEntity
  8
OLCU (BEYKENT)
370
    -3
100
AcDbDimension
280
     0
  2
*D84
 10
4183.550952238757
 20
2431.61518154834
 30
0.0
 11
4175.983895842608
 21
2423.615195138197
 31
0.0
 70
    32
 71
     5
 42
15.99997282028198
 73
     0
 74
     0
 75
     0
  3
DSMOLC-50
100
AcDbAlignedDimension
 13
4161.57938961728
 23
2415.615208728057
 33
0.0
 14
4161.57938961728
 24
2431.615181548339
 34
0.0
 50
90.0
100
AcDbRotatedDimension
  0
DIMENSION
  5
11F2
330
1F
100
AcDbEntity
  8
OLCU (BEYKENT)
370
    -3
100
AcDbDimension
280
     0
  2
*D85
 10
4564.046187614585
 20
2431.61518154834
 30
0.0
 11
4556.412074822287
 21
2401.615269763212
 31
0.0
 70
    32
 71
     5
 42
59.99982357025146
 73
     0
 74
     0
 75
     0
  3
DSMOLC-50
100
AcDbAlignedDimension
 13
4540.270226549775
 23
2371.615357978087
 33
0.0
 14
4540.270226549775
 24
2431.615181548339
 34
0.0
 50
90.0
100
AcDbRotatedDimension
  0
DIMENSION
  5
11F3
330
1F
100
AcDbEntity
  8
OLCU (BEYKENT)
370
    -3
100
AcDbDimension
280
     0
  2
*D86
 10
4708.551047606189
 20
2431.61518154834
 30
0.0
 11
4700.98399121004
 21
2423.615195138197
 31
0.0
 70
    32
 71
     5
 42
15.99997282028198
 73
     0
 74
     0
 75
     0
  3
DSMOLC-50
100
AcDbAlignedDimension
 13
4686.579484984711
 23
2415.615208728057
 33
0.0
 14
4686.579484984711
 24
2431.615181548339
 34
0.0
 50
90.0
100
AcDbRotatedDimension
  0
DIMENSION
  5
11F4
330
1F
100
AcDbEntity
  8
OLCU (BEYKENT)
370
    -3
100
AcDbDimension
280
     0
  2
*D87
 10
5324.04653570571
 20
2431.61518154834
 30
0.0
 11
5316.412422913413
 21
2401.615269763212
 31
0.0
 70
    32
 71
     5
 42
59.99982357025146
 73
     0
 74
     0
 75
     0
  3
DSMOLC-50
100
AcDbAlignedDimension
 13
5300.270574640901
 23
2371.615357978087
 33
0.0
 14
5300.270574640901
 24
2431.615181548339
 34
0.0
 50
90.0
100
AcDbRotatedDimension
  0
DIMENSION
  5
11F5
330
1F
100
AcDbEntity
  8
OLCU (BEYKENT)
370
    -3
100
AcDbDimension
280
     0
  2
*D88
 10
5468.551395697315
 20
2431.61518154834
 30
0.0
 11
5460.984339301167
 21
2423.615195138197
 31
0.0
 70
    32
 71
     5
 42
15.99997282028198
 73
     0
 74
     0
 75
     0
  3
DSMOLC-50
100
AcDbAlignedDimension
 13
5446.579833075837
 23
2415.615208728057
 33
0.0
 14
5446.579833075837
 24
2431.615181548339
 34
0.0
 50
90.0
100
AcDbRotatedDimension
  0
DIMENSION
  5
11F6
330
1F
100
AcDbEntity
  8
OLCU (BEYKENT)
370
    -3
100
AcDbDimension
280
     0
  2
*D89
 10
6106.6132023088
 20
2431.61518154834
 30
0.0
 11
6098.979089516502
 21
2401.615269763212
 31
0.0
 70
    32
 71
     5
 42
59.99982357025146
 73
     0
 74
     0
 75
     0
  3
DSMOLC-50
100
AcDbAlignedDimension
 13
6082.837241243989
 23
2371.615357978087
 33
0.0
 14
6082.837241243989
 24
2431.615181548339
 34
0.0
 50
90.0
100
AcDbRotatedDimension
  0
DIMENSION
  5
11F7
330
1F
100
AcDbEntity
  8
OLCU (BEYKENT)
370
    -3
100
AcDbDimension
280
     0
  2
*D90
 10
6251.118062300406
 20
2431.61518154834
 30
0.0
 11
6243.551005904256
 21
2423.615195138197
 31
0.0
 70
    32
 71
     5
 42
15.99997282028198
 73
     0
 74
     0
 75
     0
  3
DSMOLC-50
100
AcDbAlignedDimension
 13
6229.146499678925
 23
2415.615208728057
 33
0.0
 14
6229.146499678925
 24
2431.615181548339
 34
0.0
 50
90.0
100
AcDbRotatedDimension
  0
DIMENSION
  5
11F8
330
1F
100
AcDbEntity
  8
OLCU (BEYKENT)
370
    -3
100
AcDbDimension
280
     0
  2
*D91
 10
6879.178805565027
 20
2431.61518154834
 30
0.0
 11
6871.544692772729
 21
2401.615269763212
 31
0.0
 70
    32
 71
     5
 42
59.99982357025146
 73
     0
 74
     0
 75
     0
  3
DSMOLC-50
100
AcDbAlignedDimension
 13
6855.402844500215
 23
2371.615357978087
 33
0.0
 14
6855.402844500215
 24
2431.615181548339
 34
0.0
 50
90.0
100
AcDbRotatedDimension
  0
DIMENSION
  5
11F9
330
1F
100
AcDbEntity
  8
OLCU (BEYKENT)
370
    -3
100
AcDbDimension
280
     0
  2
*D92
 10
7023.683665556631
 20
2431.61518154834
 30
0.0
 11
7016.116609160483
 21
2423.615195138197
 31
0.0
 70
    32
 71
     5
 42
15.99997282028198
 73
     0
 74
     0
 75
     0
  3
DSMOLC-50
100
AcDbAlignedDimension
 13
7001.712102935151
 23
2415.615208728057
 33
0.0
 14
7001.712102935151
 24
2431.615181548339
 34
0.0
 50
90.0
100
AcDbRotatedDimension
  0
DIMENSION
  5
11FA
330
1F
100
AcDbEntity
  8
OLCU (BEYKENT)
370
    -3
100
AcDbDimension
280
     0
  2
*D93
 10
7639.177961563257
 20
2431.61518154834
 30
0.0
 11
7631.543848770959
 21
2401.615269763211
 31
0.0
 70
    32
 71
     5
 42
59.99982357025146
 73
     0
 74
     0
 75
     0
  3
DSMOLC-50
100
AcDbAlignedDimension
 13
7615.402000498445
 23
2371.615357978087
 33
0.0
 14
7615.402000498445
 24
2431.615181548339
 34
0.0
 50
90.0
100
AcDbRotatedDimension
  0
DIMENSION
  5
11FB
330
1F
100
AcDbEntity
  8
OLCU (BEYKENT)
370
    -3
100
AcDbDimension
280
     0
  2
*D94
 10
7783.682821554861
 20
2431.61518154834
 30
0.0
 11
7776.115765158713
 21
2423.615195138196
 31
0.0
 70
    32
 71
     5
 42
15.99997282028198
 73
     0
 74
     0
 75
     0
  3
DSMOLC-50
100
AcDbAlignedDimension
 13
7761.711258933381
 23
2415.615208728057
 33
0.0
 14
7761.711258933381
 24
2431.615181548339
 34
0.0
 50
90.0
100
AcDbRotatedDimension
  0
DIMENSION
  5
11FC
330
1F
100
AcDbEntity
  8
OLCU (BEYKENT)
370
    -3
100
AcDbDimension
280
     0
  2
*D95
 10
8449.177665924219
 20
2431.61518154834
 30
0.0
 11
8441.54355313192
 21
2401.615269763211
 31
0.0
 70
    32
 71
     5
 42
59.99982357025146
 73
     0
 74
     0
 75
     0
  3
DSMOLC-50
100
AcDbAlignedDimension
 13
8425.401704859407
 23
2371.615357978087
 33
0.0
 14
8425.401704859407
 24
2431.615181548339
 34
0.0
 50
90.0
100
AcDbRotatedDimension
  0
DIMENSION
  5
11FD
330
1F
100
AcDbEntity
  8
OLCU (BEYKENT)
370
    -3
100
AcDbDimension
280
     0
  2
*D96
 10
2364.168944310815
 20
1971.233039906066
 30
0.0
 11
2394.168930601747
 21
1978.867152698363
 31
0.0
 70
    32
 71
     5
 42
59.9999725818634
 73
     0
 74
     0
 75
     0
  3
DSMOLC-50
100
AcDbAlignedDimension
 13
2424.168916892679
 23
1995.211944930815
 33
0.0
 14
2364.168944310815
 24
1995.311931722426
 34
0.0
100
AcDbRotatedDimension
  0
DIMENSION
  5
11FE
330
1F
100
AcDbEntity
  8
OLCU (BEYKENT)
370
    -3
100
AcDbDimension
280
     0
  2
*D97
 10
2380.168917131097
 20
1815.599964086788
 30
0.0
 11
2372.168930720956
 21
1823.167020482937
 31
0.0
 70
    32
 71
     5
 42
15.99997282028198
 73
     0
 74
     0
 75
     0
  3
DSMOLC-50
100
AcDbAlignedDimension
 13
2364.168944310815
 23
1830.2121320894
 33
0.0
 14
2380.168917131097
 24
1830.2121320894
 34
0.0
100
AcDbRotatedDimension
  0
DIMENSION
  5
11FF
330
1F
100
AcDbEntity
  8
OLCU (BEYKENT)
370
    -3
100
AcDbDimension
280
     0
  2
*D98
 10
2364.16894431083
 20
1616.760637382954
 30
0.0
 11
2394.168930601754
 21
1624.394750175251
 31
0.0
 70
    32
 71
     5
 42
59.99997258184885
 73
     0
 74
     0
 75
     0
  3
DSMOLC-50
100
AcDbAlignedDimension
 13
2424.168916892679
 23
1635.212109439635
 33
0.0
 14
2364.16894431083
 24
1635.212357324147
 34
0.0
100
AcDbRotatedDimension
  0
DIMENSION
  5
1200
330
1F
100
AcDbEntity
  8
OLCU (BEYKENT)
370
    -3
100
AcDbDimension
280
     0
  2
*D99
 10
2380.168901514666
 20
1431.670381889438
 30
0.0
 11
2372.168915104525
 21
1439.237438285586
 31
0.0
 70
    32
 71
     5
 42
15.99997282028198
 73
     0
 74
     0
 75
     0
  3
DSMOLC-50
100
AcDbAlignedDimension
 13
2364.168928694384
 23
1448.667879793474
 33
0.0
 14
2380.168901514666
 24
1448.667878454046
 34
0.0
100
AcDbRotatedDimension
  0
DIMENSION
  5
1201
330
1F
100
AcDbEntity
  8
OLCU (BEYKENT)
370
    -3
100
AcDbDimension
280
     0
  2
*D100
 10
2364.168907057927
 20
1212.135685112814
 30
0.0
 11
2394.168893348851
 21
1219.769797905111
 31
0.0
 70
    32
 71
     5
 42
59.99997258184885
 73
     0
 74
     0
 75
     0
  3
DSMOLC-50
100
AcDbAlignedDimension
 13
2424.168879639776
 23
1190.211878173613
 33
0.0
 14
2364.168907057927
 24
1190.212016237582
 34
0.0
100
AcDbRotatedDimension
  0
DIMENSION
  5
1202
330
1F
100
AcDbEntity
  8
OLCU (BEYKENT)
370
    -3
100
AcDbDimension
280
     0
  2
*D101
 10
2380.168879878194
 20
1126.085986477926
 30
0.0
 11
2372.168893468053
 21
1133.653042874074
 31
0.0
 70
    32
 71
     5
 42
15.99997282028198
 73
     0
 74
     0
 75
     0
  3
DSMOLC-50
100
AcDbAlignedDimension
 13
2364.168907057912
 23
1133.522382823917
 33
0.0
 14
2380.168879878194
 24
1133.522382823917
 34
0.0
100
AcDbRotatedDimension
  0
DIMENSION
  5
1203
330
1F
100
AcDbEntity
  8
OLCU (BEYKENT)
370
    -3
100
AcDbDimension
280
     0
  2
*D102
 10
2364.168907057912
 20
1086.248123483783
 30
0.0
 11
2394.168893348844
 21
1093.88223627608
 31
0.0
 70
    32
 71
     5
 42
59.9999725818634
 73
     0
 74
     0
 75
     0
  3
DSMOLC-50
100
AcDbAlignedDimension
 13
2424.168879639776
 23
1060.211912744307
 33
0.0
 14
2364.168907057912
 24
1060.211912744307
 34
0.0
100
AcDbRotatedDimension
  0
HATCH
  5
1204
330
1F
100
AcDbEntity
  8
TARAMA (BEYKENT)
100
AcDbHatch
 10
0.0
 20
0.0
 30
0.0
210
0.0
220
0.0
230
1.0
  2
ANSI31
 70
     0
 71
     0
 91
        1
 92
        1
 93
        4
 72
     1
 10
2830.336722087534
 20
1025.212000959181
 11
8425.335916232736
 21
1025.212000959181
 72
     1
 10
8425.335916232736
 20
1025.212000959181
 11
8425.335916232736
 21
918.8296275344251
 72
     1
 10
8425.335916232736
 20
918.8296275344251
 11
2830.336722087534
 21
918.8296275344251
 72
     1
 10
2830.336722087534
 20
918.8296275344251
 11
2830.336722087534
 21
1025.212000959181
 97
        0
 75
     0
 76
     1
 52
0.0
 41
10.0
 77
     0
 78
     1
 53
45.0
 43
1920.324372601182
 44
-3543.34778393004
 45
-22.45064030267288
 46
22.45064030267288
 79
     0
 98
        1
 10
1920.324372601182
 20
-3543.34778393004
1001
GradientColor1ACI
1070
     5
1001
GradientColor2ACI
1070
     2
1001
ACAD
1010
0.0
1020
0.0
1030
0.0
  0
TEXT
  5
1205
330
1F
100
AcDbEntity
  8
YAZI (BEYKENT)
100
AcDbText
 10
5145.370157067093
 20
950.4224470053845
 30
0.0
 40
30.0
  1
BITISIK NIZAM
  7
YAZI (BEYKENT)
 11
5145.370157067093
 21
965.4224470053845
 31
0.0
100
AcDbText
 73
     2
  0
TEXT
  5
1206
330
1F
100
AcDbEntity
  8
POZ NO (BEYKENT)
100
AcDbText
 10
7050.772889908881
 20
1551.130783513123
 30
0.0
 40
10.0
  1
2
 50
90.0
 41
0.8
  7
YAZI (BEYKENT)
 72
     1
 11
7045.772889908879
 21
1553.386629455351
 31
0.0
100
AcDbText
 73
     2
  0
CIRCLE
  5
1207
330
1F
100
AcDbEntity
  8
POZ BALON (BEYKENT)
100
AcDbCircle
 10
7045.772889908879
 20
1553.386629455351
 30
0.0
 40
7.0
  0
TEXT
  5
1208
330
1F
100
AcDbEntity
  8
POZ NO (BEYKENT)
100
AcDbText
 10
6743.208876509813
 20
1551.130783513123
 30
0.0
 40
10.0
  1
2
 50
90.0
 41
0.8
  7
YAZI (BEYKENT)
 72
     1
 11
6738.208876509813
 21
1553.386629455351
 31
0.0
100
AcDbText
 73
     2
  0
CIRCLE
  5
1209
330
1F
100
AcDbEntity
  8
POZ BALON (BEYKENT)
100
AcDbCircle
 10
6738.208876509813
 20
1553.386629455351
 30
0.0
 40
7.0
  0
TEXT
  5
120A
330
1F
100
AcDbEntity
  8
POZ NO (BEYKENT)
100
AcDbText
 10
5495.772942360967
 20
1551.130783513123
 30
0.0
 40
10.0
  1
2
 50
90.0
 41
0.8
  7
YAZI (BEYKENT)
 72
     1
 11
5490.772942360967
 21
1553.386629455351
 31
0.0
100
AcDbText
 73
     2
  0
CIRCLE
  5
120B
330
1F
100
AcDbEntity
  8
POZ BALON (BEYKENT)
100
AcDbCircle
 10
5490.772942360967
 20
1553.386629455351
 30
0.0
 40
7.0
  0
TEXT
  5
120C
330
1F
100
AcDbEntity
  8
POZ NO (BEYKENT)
100
AcDbText
 10
4478.721595820705
 20
1551.130783513123
 30
0.0
 40
10.0
  1
2
 50
90.0
 41
0.8
  7
YAZI (BEYKENT)
 72
     1
 11
4473.721595820705
 21
1553.386629455351
 31
0.0
100
AcDbText
 73
     2
  0
CIRCLE
  5
120D
330
1F
100
AcDbEntity
  8
POZ BALON (BEYKENT)
100
AcDbCircle
 10
4473.721595820705
 20
1553.386629455351
 30
0.0
 40
7.0
  0
TEXT
  5
120E
330
1F
100
AcDbEntity
  8
POZ NO (BEYKENT)
100
AcDbText
 10
3945.119993175915
 20
1551.130783513123
 30
0.0
 40
10.0
  1
2
 50
90.0
 41
0.8
  7
YAZI (BEYKENT)
 72
     1
 11
3940.119993175914
 21
1553.386629455351
 31
0.0
100
AcDbText
 73
     2
  0
CIRCLE
  5
120F
330
1F
100
AcDbEntity
  8
POZ BALON (BEYKENT)
100
AcDbCircle
 10
3940.119993175914
 20
1553.386629455351
 30
0.0
 40
7.0
  0
TEXT
  5
1210
330
1F
100
AcDbEntity
  8
POZ NO (BEYKENT)
100
AcDbText
 10
5181.808967643021
 20
1551.130783513123
 30
0.0
 40
10.0
  1
2
 50
90.0
 41
0.8
  7
YAZI (BEYKENT)
 72
     1
 11
5176.808967643021
 21
1553.386629455351
 31
0.0
100
AcDbText
 73
     2
  0
CIRCLE
  5
1211
330
1F
100
AcDbEntity
  8
POZ BALON (BEYKENT)
100
AcDbCircle
 10
5176.808967643021
 20
1553.386629455351
 30
0.0
 40
7.0
  0
TEXT
  5
1212
330
1F
100
AcDbEntity
  8
POZ NO (BEYKENT)
100
AcDbText
 10
6443.549318859422
 20
1500.956519864027
 30
0.0
 40
10.0
  1
3
 50
90.0
 41
0.8
  7
YAZI (BEYKENT)
 72
     1
 11
6438.549318859422
 21
1503.193108584797
 31
0.0
100
AcDbText
 73
     2
  0
CIRCLE
  5
1213
330
1F
100
AcDbEntity
  8
POZ BALON (BEYKENT)
100
AcDbCircle
 10
6438.549318859422
 20
1503.193108584797
 30
0.0
 40
7.0
  0
TEXT
  5
1214
330
1F
100
AcDbEntity
  8
POZ NO (BEYKENT)
100
AcDbText
 10
4142.243991789782
 20
1525.78741515879
 30
0.0
 40
10.0
  1
3
 50
90.0
 41
0.8
  7
YAZI (BEYKENT)
 72
     1
 11
4137.243991789783
 21
1528.02400387956
 31
0.0
100
AcDbText
 73
     2
  0
CIRCLE
  5
1215
330
1F
100
AcDbEntity
  8
POZ BALON (BEYKENT)
100
AcDbCircle
 10
4137.243991789783
 20
1528.02400387956
 30
0.0
 40
7.0
  0
TEXT
  5
1216
330
1F
100
AcDbEntity
  8
POZ NO (BEYKENT)
100
AcDbText
 10
3613.59960239306
 20
1525.787072289757
 30
0.0
 40
10.0
  1
3
 50
90.0
 41
0.8
  7
YAZI (BEYKENT)
 72
     1
 11
3608.599602393061
 21
1528.023661010527
 31
0.0
100
AcDbText
 73
     2
  0
CIRCLE
  5
1217
330
1F
100
AcDbEntity
  8
POZ BALON (BEYKENT)
100
AcDbCircle
 10
3608.599602393061
 20
1528.023661010527
 30
0.0
 40
7.0
  0
TEXT
  5
1218
330
1F
100
AcDbEntity
  8
POZ NO (BEYKENT)
100
AcDbText
 10
8100.864580196164
 20
1500.509565767359
 30
0.0
 40
10.0
  1
3
 50
90.0
 41
0.8
  7
YAZI (BEYKENT)
 72
     1
 11
8095.864580196165
 21
1502.746154488129
 31
0.0
100
AcDbText
 73
     2
  0
CIRCLE
  5
1219
330
1F
100
AcDbEntity
  8
POZ BALON (BEYKENT)
100
AcDbCircle
 10
8095.864580196165
 20
1502.746154488129
 30
0.0
 40
7.0
  0
TEXT
  5
121A
330
1F
100
AcDbEntity
  8
POZ NO (BEYKENT)
100
AcDbText
 10
7387.560979899262
 20
1501.234602486154
 30
0.0
 40
10.0
  1
3
 50
90.0
 41
0.8
  7
YAZI (BEYKENT)
 72
     1
 11
7382.560979899263
 21
1503.471191206925
 31
0.0
100
AcDbText
 73
     2
  0
CIRCLE
  5
121B
330
1F
100
AcDbEntity
  8
POZ BALON (BEYKENT)
100
AcDbCircle
 10
7382.560979899263
 20
1503.471191206925
 30
0.0
 40
7.0
  0
TEXT
  5
121C
330
1F
100
AcDbEntity
  8
POZ NO (BEYKENT)
100
AcDbText
 10
5835.322410320758
 20
1500.956519864027
 30
0.0
 40
10.0
  1
3
 50
90.0
 41
0.8
  7
YAZI (BEYKENT)
 72
     1
 11
5830.322410320757
 21
1503.193108584797
 31
0.0
100
AcDbText
 73
     2
  0
CIRCLE
  5
121D
330
1F
100
AcDbEntity
  8
POZ BALON (BEYKENT)
100
AcDbCircle
 10
5830.322410320757
 20
1503.193108584797
 30
0.0
 40
7.0
  0
TEXT
  5
121E
330
1F
100
AcDbEntity
  8
POZ NO (BEYKENT)
100
AcDbText
 10
4831.218520540638
 20
1502.33561317507
 30
0.0
 40
10.0
  1
3
 50
90.0
 41
0.8
  7
YAZI (BEYKENT)
 72
     1
 11
4826.218520540638
 21
1504.57220189584
 31
0.0
100
AcDbText
 73
     2
  0
CIRCLE
  5
121F
330
1F
100
AcDbEntity
  8
POZ BALON (BEYKENT)
100
AcDbCircle
 10
4826.218520540638
 20
1504.57220189584
 30
0.0
 40
7.0
  0
TEXT
  5
1220
330
1F
100
AcDbEntity
  8
POZ NO (BEYKENT)
100
AcDbText
 10
3214.991476036736
 20
1501.668100972085
 30
0.0
 40
10.0
  1
3
 50
90.0
 41
0.8
  7
YAZI (BEYKENT)
 72
     1
 11
3209.991476036736
 21
1503.904689692855
 31
0.0
100
AcDbText
 73
     2
  0
CIRCLE
  5
1221
330
1F
100
AcDbEntity
  8
POZ BALON (BEYKENT)
100
AcDbCircle
 10
3209.991476036736
 20
1503.904689692855
 30
0.0
 40
7.0
  0
TEXT
  5
1222
330
1F
100
AcDbEntity
  8
POZ NO (BEYKENT)
100
AcDbText
 10
4183.487235937337
 20
1059.709706715897
 30
0.0
 40
10.0
  1
4
 50
90.0
 41
0.8
  7
YAZI (BEYKENT)
 72
     1
 11
4178.487235937336
 21
1062.144369714522
 31
0.0
100
AcDbText
 73
     2
  0
CIRCLE
  5
1223
330
1F
100
AcDbEntity
  8
POZ BALON (BEYKENT)
100
AcDbCircle
 10
4178.487235937336
 20
1062.144369714522
 30
0.0
 40
7.0
  0
TEXT
  5
1224
330
1F
100
AcDbEntity
  8
POZ NO (BEYKENT)
100
AcDbText
 10
8151.864575789904
 20
1059.709706715897
 30
0.0
 40
10.0
  1
4
 50
90.0
 41
0.8
  7
YAZI (BEYKENT)
 72
     1
 11
8146.864575789903
 21
1062.144369714522
 31
0.0
100
AcDbText
 73
     2
  0
CIRCLE
  5
1225
330
1F
100
AcDbEntity
  8
POZ BALON (BEYKENT)
100
AcDbCircle
 10
8146.864575789903
 20
1062.144369714522
 30
0.0
 40
7.0
  0
TEXT
  5
1226
330
1F
100
AcDbEntity
  8
POZ NO (BEYKENT)
100
AcDbText
 10
7436.689507427579
 20
1059.709706715897
 30
0.0
 40
10.0
  1
4
 50
90.0
 41
0.8
  7
YAZI (BEYKENT)
 72
     1
 11
7431.689507427577
 21
1062.144369714522
 31
0.0
100
AcDbText
 73
     2
  0
CIRCLE
  5
1227
330
1F
100
AcDbEntity
  8
POZ BALON (BEYKENT)
100
AcDbCircle
 10
7431.689507427577
 20
1062.144369714522
 30
0.0
 40
7.0
  0
TEXT
  5
1228
330
1F
100
AcDbEntity
  8
POZ NO (BEYKENT)
100
AcDbText
 10
6493.150854050075
 20
1059.709706715897
 30
0.0
 40
10.0
  1
4
 50
90.0
 41
0.8
  7
YAZI (BEYKENT)
 72
     1
 11
6488.150854050076
 21
1062.144369714522
 31
0.0
100
AcDbText
 73
     2
  0
CIRCLE
  5
1229
330
1F
100
AcDbEntity
  8
POZ BALON (BEYKENT)
100
AcDbCircle
 10
6488.150854050076
 20
1062.144369714522
 30
0.0
 40
7.0
  0
TEXT
  5
122A
330
1F
100
AcDbEntity
  8
POZ NO (BEYKENT)
100
AcDbText
 10
5885.849454783613
 20
1059.709706715897
 30
0.0
 40
10.0
  1
4
 50
90.0
 41
0.8
  7
YAZI (BEYKENT)
 72
     1
 11
5880.849454783612
 21
1062.144369714522
 31
0.0
100
AcDbText
 73
     2
  0
CIRCLE
  5
122B
330
1F
100
AcDbEntity
  8
POZ BALON (BEYKENT)
100
AcDbCircle
 10
5880.849454783612
 20
1062.144369714522
 30
0.0
 40
7.0
  0
TEXT
  5
122C
330
1F
100
AcDbEntity
  8
POZ NO (BEYKENT)
100
AcDbText
 10
4878.931343304819
 20
1059.709706715897
 30
0.0
 40
10.0
  1
4
 50
90.0
 41
0.8
  7
YAZI (BEYKENT)
 72
     1
 11
4873.931343304819
 21
1062.144369714522
 31
0.0
100
AcDbText
 73
     2
  0
CIRCLE
  5
122D
330
1F
100
AcDbEntity
  8
POZ BALON (BEYKENT)
100
AcDbCircle
 10
4873.931343304819
 20
1062.144369714522
 30
0.0
 40
7.0
  0
TEXT
  5
122E
330
1F
100
AcDbEntity
  8
POZ NO (BEYKENT)
100
AcDbText
 10
3654.842846540396
 20
1059.709706715897
 30
0.0
 40
10.0
  1
4
 50
90.0
 41
0.8
  7
YAZI (BEYKENT)
 72
     1
 11
3649.842846540396
 21
1062.144369714522
 31
0.0
100
AcDbText
 73
     2
  0
CIRCLE
  5
122F
330
1F
100
AcDbEntity
  8
POZ BALON (BEYKENT)
100
AcDbCircle
 10
3649.842846540396
 20
1062.144369714522
 30
0.0
 40
7.0
  0
TEXT
  5
1230
330
1F
100
AcDbEntity
  8
POZ NO (BEYKENT)
100
AcDbText
 10
3264.951421856426
 20
1059.709706715897
 30
0.0
 40
10.0
  1
4
 50
90.0
 41
0.8
  7
YAZI (BEYKENT)
 72
     1
 11
3259.951421856425
 21
1062.144369714522
 31
0.0
100
AcDbText
 73
     2
  0
CIRCLE
  5
1231
330
1F
100
AcDbEntity
  8
POZ BALON (BEYKENT)
100
AcDbCircle
 10
3259.951421856425
 20
1062.144369714522
 30
0.0
 40
7.0
  0
TEXT
  5
1232
330
1F
100
AcDbEntity
  8
POZ NO (BEYKENT)
100
AcDbText
 10
4143.601404180587
 20
1144.784324137508
 30
0.0
 40
10.0
  1
5
 50
90.0
 41
0.8
  7
YAZI (BEYKENT)
 72
     1
 11
4138.601404180586
 21
1147.081435554289
 31
0.0
100
AcDbText
 73
     2
  0
CIRCLE
  5
1233
330
1F
100
AcDbEntity
  8
POZ BALON (BEYKENT)
100
AcDbCircle
 10
4138.601404180586
 20
1147.081435554289
 30
0.0
 40
7.0
  0
TEXT
  5
1234
330
1F
100
AcDbEntity
  8
POZ NO (BEYKENT)
100
AcDbText
 10
3614.957014783646
 20
1144.784324137508
 30
0.0
 40
10.0
  1
5
 50
90.0
 41
0.8
  7
YAZI (BEYKENT)
 72
     1
 11
3609.957014783646
 21
1147.081435554289
 31
0.0
100
AcDbText
 73
     2
  0
CIRCLE
  5
1235
330
1F
100
AcDbEntity
  8
POZ BALON (BEYKENT)
100
AcDbCircle
 10
3609.957014783646
 20
1147.081435554289
 30
0.0
 40
7.0
  0
TEXT
  5
1236
330
1F
100
AcDbEntity
  8
POZ NO (BEYKENT)
100
AcDbText
 10
3224.451210255396
 20
1059.152782081335
 30
0.0
 40
10.0
  1
5
 50
90.0
 41
0.8
  7
YAZI (BEYKENT)
 72
     1
 11
3219.451210255396
 21
1061.449893498116
 31
0.0
100
AcDbText
 73
     2
  0
CIRCLE
  5
1237
330
1F
100
AcDbEntity
  8
POZ BALON (BEYKENT)
100
AcDbCircle
 10
3219.451210255396
 20
1061.449893498116
 30
0.0
 40
7.0
  0
TEXT
  5
1238
330
1F
100
AcDbEntity
  8
POZ NO (BEYKENT)
100
AcDbText
 10
4247.119725147267
 20
1554.549826174123
 30
0.0
 40
10.0
  1
6
 41
0.8
  7
YAZI (BEYKENT)
 72
     1
 11
4249.295791172026
 21
1559.549826174122
 31
0.0
100
AcDbText
 73
     2
  0
CIRCLE
  5
1239
330
1F
100
AcDbEntity
  8
POZ BALON (BEYKENT)
100
AcDbCircle
 10
4249.295791172026
 20
1559.549826174122
 30
0.0
 40
7.0
  0
TEXT
  5
123A
330
1F
100
AcDbEntity
  8
POZ NO (BEYKENT)
100
AcDbText
 10
3722.119778791447
 20
1554.549826174123
 30
0.0
 40
10.0
  1
6
 41
0.8
  7
YAZI (BEYKENT)
 72
     1
 11
3724.295844816206
 21
1559.549826174122
 31
0.0
100
AcDbText
 73
     2
  0
CIRCLE
  5
123B
330
1F
100
AcDbEntity
  8
POZ BALON (BEYKENT)
100
AcDbCircle
 10
3724.295844816206
 20
1559.549826174122
 30
0.0
 40
7.0
  0
TEXT
  5
123C
330
1F
100
AcDbEntity
  8
POZ NO (BEYKENT)
100
AcDbText
 10
4364.14885839623
 20
1425.41831131557
 30
0.0
 40
10.0
  1
7
 50
90.0
 41
0.8
  7
YAZI (BEYKENT)
 72
     1
 11
4359.14885839623
 21
1427.56686702396
 31
0.0
100
AcDbText
 73
     2
  0
CIRCLE
  5
123D
330
1F
100
AcDbEntity
  8
POZ BALON (BEYKENT)
100
AcDbCircle
 10
4359.14885839623
 20
1427.56686702396
 30
0.0
 40
7.0
  0
TEXT
  5
123E
330
1F
100
AcDbEntity
  8
POZ NO (BEYKENT)
100
AcDbText
 10
3839.776973594646
 20
1425.41831131557
 30
0.0
 40
10.0
  1
7
 50
90.0
 41
0.8
  7
YAZI (BEYKENT)
 72
     1
 11
3834.776973594646
 21
1427.56686702396
 31
0.0
100
AcDbText
 73
     2
  0
CIRCLE
  5
123F
330
1F
100
AcDbEntity
  8
POZ BALON (BEYKENT)
100
AcDbCircle
 10
3834.776973594646
 20
1427.56686702396
 30
0.0
 40
7.0
  0
TEXT
  5
1240
330
1F
100
AcDbEntity
  8
POZ NO (BEYKENT)
100
AcDbText
 10
4386.825328602292
 20
1447.579312140049
 30
0.0
 40
10.0
  1
8
 50
90.0
 41
0.8
  7
YAZI (BEYKENT)
 72
     1
 11
4381.825328602292
 21
1449.895680778288
 31
0.0
100
AcDbText
 73
     2
  0
CIRCLE
  5
1241
330
1F
100
AcDbEntity
  8
POZ BALON (BEYKENT)
100
AcDbCircle
 10
4381.825328602292
 20
1449.895680778288
 30
0.0
 40
7.0
  0
TEXT
  5
1242
330
1F
100
AcDbEntity
  8
POZ NO (BEYKENT)
100
AcDbText
 10
3862.453443800707
 20
1447.579312140049
 30
0.0
 40
10.0
  1
8
 50
90.0
 41
0.8
  7
YAZI (BEYKENT)
 72
     1
 11
3857.453443800707
 21
1449.895680778288
 31
0.0
100
AcDbText
 73
     2
  0
CIRCLE
  5
1243
330
1F
100
AcDbEntity
  8
POZ BALON (BEYKENT)
100
AcDbCircle
 10
3857.453443800707
 20
1449.895680778288
 30
0.0
 40
7.0
  0
TEXT
  5
1244
330
1F
100
AcDbEntity
  8
POZ NO (BEYKENT)
100
AcDbText
 10
4262.993169275932
 20
1343.292679399463
 30
0.0
 40
10.0
  1
9
 41
0.8
  7
YAZI (BEYKENT)
 72
     1
 11
4265.169235300692
 21
1348.292679399463
 31
0.0
100
AcDbText
 73
     2
  0
CIRCLE
  5
1245
330
1F
100
AcDbEntity
  8
POZ BALON (BEYKENT)
100
AcDbCircle
 10
4265.169235300692
 20
1348.292679399463
 30
0.0
 40
7.0
  0
TEXT
  5
1246
330
1F
100
AcDbEntity
  8
POZ NO (BEYKENT)
100
AcDbText
 10
3737.993222920112
 20
1352.077698149623
 30
0.0
 40
10.0
  1
9
 41
0.8
  7
YAZI (BEYKENT)
 72
     1
 11
3740.169288944872
 21
1357.077698149623
 31
0.0
100
AcDbText
 73
     2
  0
CIRCLE
  5
1247
330
1F
100
AcDbEntity
  8
POZ BALON (BEYKENT)
100
AcDbCircle
 10
3740.169288944872
 20
1357.077698149623
 30
0.0
 40
7.0
  0
TEXT
  5
1248
330
1F
100
AcDbEntity
  8
POZ NO (BEYKENT)
100
AcDbText
 10
8238.388178683132
 20
1108.501786831074
 30
0.0
 40
10.0
  1
10
 41
0.8
  7
YAZI (BEYKENT)
 72
     1
 11
8242.242374006378
 21
1113.501786831075
 31
0.0
100
AcDbText
 73
     2
  0
ARC
  5
1249
330
1F
100
AcDbEntity
  8
POZ BALON (BEYKENT)
100
AcDbCircle
 10
8242.071750560102
 20
1113.501786831075
 30
0.0
 40
7.0
100
AcDbArc
 50
90.0
 51
270.0
  0
LINE
  5
124A
330
1F
100
AcDbEntity
  8
POZ BALON (BEYKENT)
100
AcDbLine
 10
8242.071750560102
 20
1120.501786831074
 30
0.0
 11
8242.412997452655
 21
1120.501786831074
 31
0.0
  0
LINE
  5
124B
330
1F
100
AcDbEntity
  8
POZ BALON (BEYKENT)
100
AcDbLine
 10
8242.071750560102
 20
1106.501786831074
 30
0.0
 11
8242.412997452655
 21
1106.501786831074
 31
0.0
  0
ARC
  5
124C
330
1F
100
AcDbEntity
  8
POZ BALON (BEYKENT)
100
AcDbCircle
 10
8242.412997452655
 20
1113.501786831075
 30
0.0
 40
7.0
100
AcDbArc
 50
270.0
 51
90.0
  0
TEXT
  5
124D
330
1F
100
AcDbEntity
  8
POZ NO (BEYKENT)
100
AcDbText
 10
3407.740417545035
 20
1390.529007022087
 30
0.0
 40
10.0
  1
10
 41
0.8
  7
YAZI (BEYKENT)
 72
     1
 11
3411.594612868281
 21
1395.529007022086
 31
0.0
100
AcDbText
 73
     2
  0
ARC
  5
124E
330
1F
100
AcDbEntity
  8
POZ BALON (BEYKENT)
100
AcDbCircle
 10
3411.423989422005
 20
1395.529007022086
 30
0.0
 40
7.0
100
AcDbArc
 50
90.0
 51
270.0
  0
LINE
  5
124F
330
1F
100
AcDbEntity
  8
POZ BALON (BEYKENT)
100
AcDbLine
 10
3411.423989422005
 20
1402.529007022087
 30
0.0
 11
3411.765236314558
 21
1402.529007022087
 31
0.0
  0
LINE
  5
1250
330
1F
100
AcDbEntity
  8
POZ BALON (BEYKENT)
100
AcDbLine
 10
3411.423989422005
 20
1388.529007022087
 30
0.0
 11
3411.765236314558
 21
1388.529007022087
 31
0.0
  0
ARC
  5
1251
330
1F
100
AcDbEntity
  8
POZ BALON (BEYKENT)
100
AcDbCircle
 10
3411.765236314558
 20
1395.529007022086
 30
0.0
 40
7.0
100
AcDbArc
 50
270.0
 51
90.0
  0
TEXT
  5
1252
330
1F
100
AcDbEntity
  8
POZ NO (BEYKENT)
100
AcDbText
 10
8287.935163840664
 20
1769.636974685454
 30
0.0
 40
10.0
  1
10
 41
0.8
  7
YAZI (BEYKENT)
 72
     1
 11
8291.789359163912
 21
1774.636974685454
 31
0.0
100
AcDbText
 73
     2
  0
ARC
  5
1253
330
1F
100
AcDbEntity
  8
POZ BALON (BEYKENT)
100
AcDbCircle
 10
8291.618735717635
 20
1774.636974685454
 30
0.0
 40
7.0
100
AcDbArc
 50
90.0
 51
270.0
  0
LINE
  5
1254
330
1F
100
AcDbEntity
  8
POZ BALON (BEYKENT)
100
AcDbLine
 10
8291.618735717635
 20
1781.636974685454
 30
0.0
 11
8291.959982610187
 21
1781.636974685454
 31
0.0
  0
LINE
  5
1255
330
1F
100
AcDbEntity
  8
POZ BALON (BEYKENT)
100
AcDbLine
 10
8291.618735717635
 20
1767.636974685454
 30
0.0
 11
8291.959982610187
 21
1767.636974685454
 31
0.0
  0
ARC
  5
1256
330
1F
100
AcDbEntity
  8
POZ BALON (BEYKENT)
100
AcDbCircle
 10
8291.959982610187
 20
1774.636974685454
 30
0.0
 40
7.0
100
AcDbArc
 50
270.0
 51
90.0
  0
TEXT
  5
1257
330
1F
100
AcDbEntity
  8
POZ NO (BEYKENT)
100
AcDbText
 10
7850.229065340553
 20
1088.777482606012
 30
0.0
 40
10.0
  1
11
 41
0.8
  7
YAZI (BEYKENT)
 72
     1
 11
7853.260702204377
 21
1093.777482606012
 31
0.0
100
AcDbText
 73
     2
  0
ARC
  5
1258
330
1F
100
AcDbEntity
  8
POZ BALON (BEYKENT)
100
AcDbCircle
 10
7853.60350128813
 20
1093.777482606012
 30
0.0
 40
7.0
100
AcDbArc
 50
90.0
 51
270.0
  0
LINE
  5
1259
330
1F
100
AcDbEntity
  8
POZ BALON (BEYKENT)
100
AcDbLine
 10
7853.60350128813
 20
1100.777482606011
 30
0.0
 11
7852.917903120625
 21
1100.777482606011
 31
0.0
  0
LINE
  5
125A
330
1F
100
AcDbEntity
  8
POZ BALON (BEYKENT)
100
AcDbLine
 10
7853.60350128813
 20
1086.777482606011
 30
0.0
 11
7852.917903120625
 21
1086.777482606011
 31
0.0
  0
ARC
  5
125B
330
1F
100
AcDbEntity
  8
POZ BALON (BEYKENT)
100
AcDbCircle
 10
7852.917903120625
 20
1093.777482606012
 30
0.0
 40
7.0
100
AcDbArc
 50
270.0
 51
90.0
  0
TEXT
  5
125C
330
1F
100
AcDbEntity
  8
POZ NO (BEYKENT)
100
AcDbText
 10
7850.229065340553
 20
1739.637360923552
 30
0.0
 40
10.0
  1
11
 41
0.8
  7
YAZI (BEYKENT)
 72
     1
 11
7853.260702204377
 21
1744.637360923552
 31
0.0
100
AcDbText
 73
     2
  0
ARC
  5
125D
330
1F
100
AcDbEntity
  8
POZ BALON (BEYKENT)
100
AcDbCircle
 10
7853.60350128813
 20
1744.637360923552
 30
0.0
 40
7.0
100
AcDbArc
 50
90.0
 51
270.0
  0
LINE
  5
125E
330
1F
100
AcDbEntity
  8
POZ BALON (BEYKENT)
100
AcDbLine
 10
7853.60350128813
 20
1751.637360923552
 30
0.0
 11
7852.917903120625
 21
1751.637360923552
 31
0.0
  0
LINE
  5
125F
330
1F
100
AcDbEntity
  8
POZ BALON (BEYKENT)
100
AcDbLine
 10
7853.60350128813
 20
1737.637360923552
 30
0.0
 11
7852.917903120625
 21
1737.637360923552
 31
0.0
  0
ARC
  5
1260
330
1F
100
AcDbEntity
  8
POZ BALON (BEYKENT)
100
AcDbCircle
 10
7852.917903120625
 20
1744.637360923552
 30
0.0
 40
7.0
100
AcDbArc
 50
270.0
 51
90.0
  0
TEXT
  5
1261
330
1F
100
AcDbEntity
  8
POZ NO (BEYKENT)
100
AcDbText
 10
7642.641450576805
 20
1108.501488807851
 30
0.0
 40
10.0
  1
12
 41
0.8
  7
YAZI (BEYKENT)
 72
     1
 11
7646.413114950945
 21
1113.501488807851
 31
0.0
100
AcDbText
 73
     2
  0
ARC
  5
1262
330
1F
100
AcDbEntity
  8
POZ BALON (BEYKENT)
100
AcDbCircle
 10
7646.300612953677
 20
1113.501488807851
 30
0.0
 40
7.0
100
AcDbArc
 50
90.0
 51
270.0
  0
LINE
  5
1263
330
1F
100
AcDbEntity
  8
POZ BALON (BEYKENT)
100
AcDbLine
 10
7646.300612953677
 20
1120.501488807851
 30
0.0
 11
7646.525616948213
 21
1120.501488807851
 31
0.0
  0
LINE
  5
1264
330
1F
100
AcDbEntity
  8
POZ BALON (BEYKENT)
100
AcDbLine
 10
7646.300612953677
 20
1106.501488807851
 30
0.0
 11
7646.525616948213
 21
1106.501488807851
 31
0.0
  0
ARC
  5
1265
330
1F
100
AcDbEntity
  8
POZ BALON (BEYKENT)
100
AcDbCircle
 10
7646.525616948213
 20
1113.501488807851
 30
0.0
 40
7.0
100
AcDbArc
 50
270.0
 51
90.0
  0
TEXT
  5
1266
330
1F
100
AcDbEntity
  8
POZ NO (BEYKENT)
100
AcDbText
 10
6116.644615348748
 20
1108.501488807851
 30
0.0
 40
10.0
  1
12
 41
0.8
  7
YAZI (BEYKENT)
 72
     1
 11
6120.416279722888
 21
1113.501488807851
 31
0.0
100
AcDbText
 73
     2
  0
ARC
  5
1267
330
1F
100
AcDbEntity
  8
POZ BALON (BEYKENT)
100
AcDbCircle
 10
6120.303777725621
 20
1113.501488807851
 30
0.0
 40
7.0
100
AcDbArc
 50
90.0
 51
270.0
  0
LINE
  5
1268
330
1F
100
AcDbEntity
  8
POZ BALON (BEYKENT)
100
AcDbLine
 10
6120.303777725621
 20
1120.501488807851
 30
0.0
 11
6120.528781720157
 21
1120.501488807851
 31
0.0
  0
LINE
  5
1269
330
1F
100
AcDbEntity
  8
POZ BALON (BEYKENT)
100
AcDbLine
 10
6120.303777725621
 20
1106.501488807851
 30
0.0
 11
6120.528781720157
 21
1106.501488807851
 31
0.0
  0
ARC
  5
126A
330
1F
100
AcDbEntity
  8
POZ BALON (BEYKENT)
100
AcDbCircle
 10
6120.528781720157
 20
1113.501488807851
 30
0.0
 40
7.0
100
AcDbArc
 50
270.0
 51
90.0
  0
TEXT
  5
126B
330
1F
100
AcDbEntity
  8
POZ NO (BEYKENT)
100
AcDbText
 10
7072.016963951232
 20
1081.303910367751
 30
0.0
 40
10.0
  1
13
 41
0.8
  7
YAZI (BEYKENT)
 72
     1
 11
7075.769371103914
 21
1086.30391036775
 31
0.0
100
AcDbText
 73
     2
  0
ARC
  5
126C
330
1F
100
AcDbEntity
  8
POZ BALON (BEYKENT)
100
AcDbCircle
 10
7075.640197945785
 20
1086.30391036775
 30
0.0
 40
7.0
100
AcDbArc
 50
90.0
 51
270.0
  0
LINE
  5
126D
330
1F
100
AcDbEntity
  8
POZ BALON (BEYKENT)
100
AcDbLine
 10
7075.640197945785
 20
1093.30391036775
 30
0.0
 11
7075.898544262043
 21
1093.30391036775
 31
0.0
  0
LINE
  5
126E
330
1F
100
AcDbEntity
  8
POZ BALON (BEYKENT)
100
AcDbLine
 10
7075.640197945785
 20
1079.30391036775
 30
0.0
 11
7075.898544262043
 21
1079.30391036775
 31
0.0
  0
ARC
  5
126F
330
1F
100
AcDbEntity
  8
POZ BALON (BEYKENT)
100
AcDbCircle
 10
7075.898544262043
 20
1086.30391036775
 30
0.0
 40
7.0
100
AcDbArc
 50
270.0
 51
90.0
  0
TEXT
  5
1270
330
1F
100
AcDbEntity
  8
POZ NO (BEYKENT)
100
AcDbText
 10
4903.521258067049
 20
1088.777482606012
 30
0.0
 40
10.0
  1
13
 41
0.8
  7
YAZI (BEYKENT)
 72
     1
 11
4907.27366521973
 21
1093.777482606012
 31
0.0
100
AcDbText
 73
     2
  0
ARC
  5
1271
330
1F
100
AcDbEntity
  8
POZ BALON (BEYKENT)
100
AcDbCircle
 10
4907.144492061601
 20
1093.777482606012
 30
0.0
 40
7.0
100
AcDbArc
 50
90.0
 51
270.0
  0
LINE
  5
1272
330
1F
100
AcDbEntity
  8
POZ BALON (BEYKENT)
100
AcDbLine
 10
4907.144492061601
 20
1100.777482606011
 30
0.0
 11
4907.40283837786
 21
1100.777482606011
 31
0.0
  0
LINE
  5
1273
330
1F
100
AcDbEntity
  8
POZ BALON (BEYKENT)
100
AcDbLine
 10
4907.144492061601
 20
1086.777482606011
 30
0.0
 11
4907.40283837786
 21
1086.777482606011
 31
0.0
  0
ARC
  5
1274
330
1F
100
AcDbEntity
  8
POZ BALON (BEYKENT)
100
AcDbCircle
 10
4907.40283837786
 20
1093.777482606012
 30
0.0
 40
7.0
100
AcDbArc
 50
270.0
 51
90.0
  0
TEXT
  5
1275
330
1F
100
AcDbEntity
  8
POZ NO (BEYKENT)
100
AcDbText
 10
7072.016963951232
 20
1731.636579407487
 30
0.0
 40
10.0
  1
13
 41
0.8
  7
YAZI (BEYKENT)
 72
     1
 11
7075.769371103914
 21
1736.636579407488
 31
0.0
100
AcDbText
 73
     2
  0
ARC
  5
1276
330
1F
100
AcDbEntity
  8
POZ BALON (BEYKENT)
100
AcDbCircle
 10
7075.640197945785
 20
1736.636579407488
 30
0.0
 40
7.0
100
AcDbArc
 50
90.0
 51
270.0
  0
LINE
  5
1277
330
1F
100
AcDbEntity
  8
POZ BALON (BEYKENT)
100
AcDbLine
 10
7075.640197945785
 20
1743.636579407487
 30
0.0
 11
7075.898544262043
 21
1743.636579407487
 31
0.0
  0
LINE
  5
1278
330
1F
100
AcDbEntity
  8
POZ BALON (BEYKENT)
100
AcDbLine
 10
7075.640197945785
 20
1729.636579407487
 30
0.0
 11
7075.898544262043
 21
1729.636579407487
 31
0.0
  0
ARC
  5
1279
330
1F
100
AcDbEntity
  8
POZ BALON (BEYKENT)
100
AcDbCircle
 10
7075.898544262043
 20
1736.636579407488
 30
0.0
 40
7.0
100
AcDbArc
 50
270.0
 51
90.0
  0
TEXT
  5
127A
330
1F
100
AcDbEntity
  8
POZ NO (BEYKENT)
100
AcDbText
 10
4757.009217731596
 20
1739.637360923552
 30
0.0
 40
10.0
  1
13
 41
0.8
  7
YAZI (BEYKENT)
 72
     1
 11
4760.761624884279
 21
1744.637360923552
 31
0.0
100
AcDbText
 73
     2
  0
ARC
  5
127B
330
1F
100
AcDbEntity
  8
POZ BALON (BEYKENT)
100
AcDbCircle
 10
4760.632451726149
 20
1744.637360923552
 30
0.0
 40
7.0
100
AcDbArc
 50
90.0
 51
270.0
  0
LINE
  5
127C
330
1F
100
AcDbEntity
  8
POZ BALON (BEYKENT)
100
AcDbLine
 10
4760.632451726149
 20
1751.637360923552
 30
0.0
 11
4760.890798042408
 21
1751.637360923552
 31
0.0
  0
LINE
  5
127D
330
1F
100
AcDbEntity
  8
POZ BALON (BEYKENT)
100
AcDbLine
 10
4760.632451726149
 20
1737.637360923552
 30
0.0
 11
4760.890798042408
 21
1737.637360923552
 31
0.0
  0
ARC
  5
127E
330
1F
100
AcDbEntity
  8
POZ BALON (BEYKENT)
100
AcDbCircle
 10
4760.890798042408
 20
1744.637360923552
 30
0.0
 40
7.0
100
AcDbArc
 50
270.0
 51
90.0
  0
TEXT
  5
127F
330
1F
100
AcDbEntity
  8
POZ NO (BEYKENT)
100
AcDbText
 10
6874.19740256654
 20
1108.501786831074
 30
0.0
 40
10.0
  1
14
 41
0.8
  7
YAZI (BEYKENT)
 72
     1
 11
6878.147883997077
 21
1113.501786831075
 31
0.0
100
AcDbText
 73
     2
  0
ARC
  5
1280
330
1F
100
AcDbEntity
  8
POZ BALON (BEYKENT)
100
AcDbCircle
 10
6877.923272878263
 20
1113.501786831075
 30
0.0
 40
7.0
100
AcDbArc
 50
90.0
 51
270.0
  0
LINE
  5
1281
330
1F
100
AcDbEntity
  8
POZ BALON (BEYKENT)
100
AcDbLine
 10
6877.923272878263
 20
1120.501786831074
 30
0.0
 11
6878.372495115891
 21
1120.501786831074
 31
0.0
  0
LINE
  5
1282
330
1F
100
AcDbEntity
  8
POZ BALON (BEYKENT)
100
AcDbLine
 10
6877.923272878263
 20
1106.501786831074
 30
0.0
 11
6878.372495115891
 21
1106.501786831074
 31
0.0
  0
ARC
  5
1283
330
1F
100
AcDbEntity
  8
POZ BALON (BEYKENT)
100
AcDbCircle
 10
6878.372495115891
 20
1113.501786831075
 30
0.0
 40
7.0
100
AcDbArc
 50
270.0
 51
90.0
  0
TEXT
  5
1284
330
1F
100
AcDbEntity
  8
POZ NO (BEYKENT)
100
AcDbText
 10
5329.625390796093
 20
1108.501786831074
 30
0.0
 40
10.0
  1
14
 41
0.8
  7
YAZI (BEYKENT)
 72
     1
 11
5333.575872226629
 21
1113.501786831075
 31
0.0
100
AcDbText
 73
     2
  0
ARC
  5
1285
330
1F
100
AcDbEntity
  8
POZ BALON (BEYKENT)
100
AcDbCircle
 10
5333.351261107814
 20
1113.501786831075
 30
0.0
 40
7.0
100
AcDbArc
 50
90.0
 51
270.0
  0
LINE
  5
1286
330
1F
100
AcDbEntity
  8
POZ BALON (BEYKENT)
100
AcDbLine
 10
5333.351261107814
 20
1120.501786831074
 30
0.0
 11
5333.800483345443
 21
1120.501786831074
 31
0.0
  0
LINE
  5
1287
330
1F
100
AcDbEntity
  8
POZ BALON (BEYKENT)
100
AcDbLine
 10
5333.351261107814
 20
1106.501786831074
 30
0.0
 11
5333.800483345443
 21
1106.501786831074
 31
0.0
  0
ARC
  5
1288
330
1F
100
AcDbEntity
  8
POZ BALON (BEYKENT)
100
AcDbCircle
 10
5333.800483345443
 20
1113.501786831075
 30
0.0
 40
7.0
100
AcDbArc
 50
270.0
 51
90.0
  0
TEXT
  5
1289
330
1F
100
AcDbEntity
  8
POZ NO (BEYKENT)
100
AcDbText
 10
6297.32345089496
 20
1088.777482606012
 30
0.0
 40
10.0
  1
15
 41
0.8
  7
YAZI (BEYKENT)
 72
     1
 11
6301.136380743654
 21
1093.777482606012
 31
0.0
100
AcDbText
 73
     2
  0
ARC
  5
128A
330
1F
100
AcDbEntity
  8
POZ BALON (BEYKENT)
100
AcDbCircle
 10
6301.031612770934
 20
1093.777482606012
 30
0.0
 40
7.0
100
AcDbArc
 50
90.0
 51
270.0
  0
LINE
  5
128B
330
1F
100
AcDbEntity
  8
POZ BALON (BEYKENT)
100
AcDbLine
 10
6301.031612770934
 20
1100.777482606011
 30
0.0
 11
6301.241148716374
 21
1100.777482606011
 31
0.0
  0
LINE
  5
128C
330
1F
100
AcDbEntity
  8
POZ BALON (BEYKENT)
100
AcDbLine
 10
6301.031612770934
 20
1086.777482606011
 30
0.0
 11
6301.241148716374
 21
1086.777482606011
 31
0.0
  0
ARC
  5
128D
330
1F
100
AcDbEntity
  8
POZ BALON (BEYKENT)
100
AcDbCircle
 10
6301.241148716374
 20
1093.777482606012
 30
0.0
 40
7.0
100
AcDbArc
 50
270.0
 51
90.0
  0
TEXT
  5
128E
330
1F
100
AcDbEntity
  8
POZ NO (BEYKENT)
100
AcDbText
 10
5524.831757398256
 20
1081.303910367751
 30
0.0
 40
10.0
  1
15
 41
0.8
  7
YAZI (BEYKENT)
 72
     1
 11
5528.644687246949
 21
1086.30391036775
 31
0.0
100
AcDbText
 73
     2
  0
ARC
  5
128F
330
1F
100
AcDbEntity
  8
POZ BALON (BEYKENT)
100
AcDbCircle
 10
5528.53991927423
 20
1086.30391036775
 30
0.0
 40
7.0
100
AcDbArc
 50
90.0
 51
270.0
  0
LINE
  5
1290
330
1F
100
AcDbEntity
  8
POZ BALON (BEYKENT)
100
AcDbLine
 10
5528.53991927423
 20
1093.30391036775
 30
0.0
 11
5528.74945521967
 21
1093.30391036775
 31
0.0
  0
LINE
  5
1291
330
1F
100
AcDbEntity
  8
POZ BALON (BEYKENT)
100
AcDbLine
 10
5528.53991927423
 20
1079.30391036775
 30
0.0
 11
5528.74945521967
 21
1079.30391036775
 31
0.0
  0
ARC
  5
1292
330
1F
100
AcDbEntity
  8
POZ BALON (BEYKENT)
100
AcDbCircle
 10
5528.74945521967
 20
1086.30391036775
 30
0.0
 40
7.0
100
AcDbArc
 50
270.0
 51
90.0
  0
TEXT
  5
1293
330
1F
100
AcDbEntity
  8
POZ NO (BEYKENT)
100
AcDbText
 10
6297.32345089496
 20
1739.637360923552
 30
0.0
 40
10.0
  1
15
 41
0.8
  7
YAZI (BEYKENT)
 72
     1
 11
6301.136380743654
 21
1744.637360923552
 31
0.0
100
AcDbText
 73
     2
  0
ARC
  5
1294
330
1F
100
AcDbEntity
  8
POZ BALON (BEYKENT)
100
AcDbCircle
 10
6301.031612770934
 20
1744.637360923552
 30
0.0
 40
7.0
100
AcDbArc
 50
90.0
 51
270.0
  0
LINE
  5
1295
330
1F
100
AcDbEntity
  8
POZ BALON (BEYKENT)
100
AcDbLine
 10
6301.031612770934
 20
1751.637360923552
 30
0.0
 11
6301.241148716374
 21
1751.637360923552
 31
0.0
  0
LINE
  5
1296
330
1F
100
AcDbEntity
  8
POZ BALON (BEYKENT)
100
AcDbLine
 10
6301.031612770934
 20
1737.637360923552
 30
0.0
 11
6301.241148716374
 21
1737.637360923552
 31
0.0
  0
ARC
  5
1297
330
1F
100
AcDbEntity
  8
POZ BALON (BEYKENT)
100
AcDbCircle
 10
6301.241148716374
 20
1744.637360923552
 30
0.0
 40
7.0
100
AcDbArc
 50
270.0
 51
90.0
  0
TEXT
  5
1298
330
1F
100
AcDbEntity
  8
POZ NO (BEYKENT)
100
AcDbText
 10
5524.831757398256
 20
1732.816045562263
 30
0.0
 40
10.0
  1
15
 41
0.8
  7
YAZI (BEYKENT)
 72
     1
 11
5528.644687246949
 21
1737.816045562263
 31
0.0
100
AcDbText
 73
     2
  0
ARC
  5
1299
330
1F
100
AcDbEntity
  8
POZ BALON (BEYKENT)
100
AcDbCircle
 10
5528.53991927423
 20
1737.816045562263
 30
0.0
 40
7.0
100
AcDbArc
 50
90.0
 51
270.0
  0
LINE
  5
129A
330
1F
100
AcDbEntity
  8
POZ BALON (BEYKENT)
100
AcDbLine
 10
5528.53991927423
 20
1744.816045562263
 30
0.0
 11
5528.74945521967
 21
1744.816045562263
 31
0.0
  0
LINE
  5
129B
330
1F
100
AcDbEntity
  8
POZ BALON (BEYKENT)
100
AcDbLine
 10
5528.53991927423
 20
1730.816045562263
 30
0.0
 11
5528.74945521967
 21
1730.816045562263
 31
0.0
  0
ARC
  5
129C
330
1F
100
AcDbEntity
  8
POZ BALON (BEYKENT)
100
AcDbCircle
 10
5528.74945521967
 20
1737.816045562263
 30
0.0
 40
7.0
100
AcDbArc
 50
270.0
 51
90.0
  0
TEXT
  5
129D
330
1F
100
AcDbEntity
  8
POZ NO (BEYKENT)
100
AcDbText
 10
4571.389565509824
 20
1108.501488807851
 30
0.0
 40
10.0
  1
16
 41
0.8
  7
YAZI (BEYKENT)
 72
     1
 11
4575.081449966496
 21
1113.501488807851
 31
0.0
100
AcDbText
 73
     2
  0
ARC
  5
129E
330
1F
100
AcDbEntity
  8
POZ BALON (BEYKENT)
100
AcDbCircle
 10
4574.998224105871
 20
1113.501488807851
 30
0.0
 40
7.0
100
AcDbArc
 50
90.0
 51
270.0
  0
LINE
  5
129F
330
1F
100
AcDbEntity
  8
POZ BALON (BEYKENT)
100
AcDbLine
 10
4574.998224105871
 20
1120.501488807851
 30
0.0
 11
4575.16467582712
 21
1120.501488807851
 31
0.0
  0
LINE
  5
12A0
330
1F
100
AcDbEntity
  8
POZ BALON (BEYKENT)
100
AcDbLine
 10
4574.998224105871
 20
1106.501488807851
 30
0.0
 11
4575.16467582712
 21
1106.501488807851
 31
0.0
  0
ARC
  5
12A1
330
1F
100
AcDbEntity
  8
POZ BALON (BEYKENT)
100
AcDbCircle
 10
4575.16467582712
 20
1113.501488807851
 30
0.0
 40
7.0
100
AcDbArc
 50
270.0
 51
90.0
  0
TEXT
  5
12A2
330
1F
100
AcDbEntity
  8
POZ NO (BEYKENT)
100
AcDbText
 10
4198.979682310342
 20
1081.303910367751
 30
0.0
 40
10.0
  1
17
 41
0.8
  7
YAZI (BEYKENT)
 72
     1
 11
4202.644056450645
 21
1086.30391036775
 31
0.0
100
AcDbText
 73
     2
  0
ARC
  5
12A3
330
1F
100
AcDbEntity
  8
POZ BALON (BEYKENT)
100
AcDbCircle
 10
4202.634295610503
 20
1086.30391036775
 30
0.0
 40
7.0
100
AcDbArc
 50
90.0
 51
270.0
  0
LINE
  5
12A4
330
1F
100
AcDbEntity
  8
POZ BALON (BEYKENT)
100
AcDbLine
 10
4202.634295610503
 20
1093.30391036775
 30
0.0
 11
4202.653817290785
 21
1093.30391036775
 31
0.0
  0
LINE
  5
12A5
330
1F
100
AcDbEntity
  8
POZ BALON (BEYKENT)
100
AcDbLine
 10
4202.634295610503
 20
1079.30391036775
 30
0.0
 11
4202.653817290785
 21
1079.30391036775
 31
0.0
  0
ARC
  5
12A6
330
1F
100
AcDbEntity
  8
POZ BALON (BEYKENT)
100
AcDbCircle
 10
4202.653817290785
 20
1086.30391036775
 30
0.0
 40
7.0
100
AcDbArc
 50
270.0
 51
90.0
  0
TEXT
  5
12A7
330
1F
100
AcDbEntity
  8
POZ NO (BEYKENT)
100
AcDbText
 10
4671.529120727649
 20
1358.563686001572
 30
0.0
 40
10.0
  1
17
 41
0.8
  7
YAZI (BEYKENT)
 72
     1
 11
4675.193494867952
 21
1363.563686001572
 31
0.0
100
AcDbText
 73
     2
  0
ARC
  5
12A8
330
1F
100
AcDbEntity
  8
POZ BALON (BEYKENT)
100
AcDbCircle
 10
4675.18373402781
 20
1363.563686001572
 30
0.0
 40
7.0
100
AcDbArc
 50
90.0
 51
270.0
  0
LINE
  5
12A9
330
1F
100
AcDbEntity
  8
POZ BALON (BEYKENT)
100
AcDbLine
 10
4675.18373402781
 20
1370.563686001572
 30
0.0
 11
4675.203255708093
 21
1370.563686001572
 31
0.0
  0
LINE
  5
12AA
330
1F
100
AcDbEntity
  8
POZ BALON (BEYKENT)
100
AcDbLine
 10
4675.18373402781
 20
1356.563686001572
 30
0.0
 11
4675.203255708093
 21
1356.563686001572
 31
0.0
  0
ARC
  5
12AB
330
1F
100
AcDbEntity
  8
POZ BALON (BEYKENT)
100
AcDbCircle
 10
4675.203255708093
 20
1363.563686001572
 30
0.0
 40
7.0
100
AcDbArc
 50
270.0
 51
90.0
  0
TEXT
  5
12AC
330
1F
100
AcDbEntity
  8
POZ NO (BEYKENT)
100
AcDbText
 10
4159.127361103168
 20
1727.762263154225
 30
0.0
 40
10.0
  1
17
 41
0.8
  7
YAZI (BEYKENT)
 72
     1
 11
4162.79173524347
 21
1732.762263154225
 31
0.0
100
AcDbText
 73
     2
  0
ARC
  5
12AD
330
1F
100
AcDbEntity
  8
POZ BALON (BEYKENT)
100
AcDbCircle
 10
4162.781974403329
 20
1732.762263154225
 30
0.0
 40
7.0
100
AcDbArc
 50
90.0
 51
270.0
  0
LINE
  5
12AE
330
1F
100
AcDbEntity
  8
POZ BALON (BEYKENT)
100
AcDbLine
 10
4162.781974403329
 20
1739.762263154225
 30
0.0
 11
4162.801496083612
 21
1739.762263154225
 31
0.0
  0
LINE
  5
12AF
330
1F
100
AcDbEntity
  8
POZ BALON (BEYKENT)
100
AcDbLine
 10
4162.781974403329
 20
1725.762263154225
 30
0.0
 11
4162.801496083612
 21
1725.762263154225
 31
0.0
  0
ARC
  5
12B0
330
1F
100
AcDbEntity
  8
POZ BALON (BEYKENT)
100
AcDbCircle
 10
4162.801496083612
 20
1732.762263154225
 30
0.0
 40
7.0
100
AcDbArc
 50
270.0
 51
90.0
  0
TEXT
  5
12B1
330
1F
100
AcDbEntity
  8
POZ NO (BEYKENT)
100
AcDbText
 10
4010.334882838382
 20
1108.501786831074
 30
0.0
 40
10.0
  1
18
 41
0.8
  7
YAZI (BEYKENT)
 72
     1
 11
4014.167069908533
 21
1113.501786831075
 31
0.0
100
AcDbText
 73
     2
  0
ARC
  5
12B2
330
1F
100
AcDbEntity
  8
POZ BALON (BEYKENT)
100
AcDbCircle
 10
4014.001082476108
 20
1113.501786831075
 30
0.0
 40
7.0
100
AcDbArc
 50
90.0
 51
270.0
  0
LINE
  5
12B3
330
1F
100
AcDbEntity
  8
POZ BALON (BEYKENT)
100
AcDbLine
 10
4014.001082476108
 20
1120.501786831074
 30
0.0
 11
4014.333057340958
 21
1120.501786831074
 31
0.0
  0
LINE
  5
12B4
330
1F
100
AcDbEntity
  8
POZ BALON (BEYKENT)
100
AcDbLine
 10
4014.001082476108
 20
1106.501786831074
 30
0.0
 11
4014.333057340958
 21
1106.501786831074
 31
0.0
  0
ARC
  5
12B5
330
1F
100
AcDbEntity
  8
POZ BALON (BEYKENT)
100
AcDbCircle
 10
4014.333057340958
 20
1113.501786831075
 30
0.0
 40
7.0
100
AcDbArc
 50
270.0
 51
90.0
  0
TEXT
  5
12B6
330
1F
100
AcDbEntity
  8
POZ NO (BEYKENT)
100
AcDbText
 10
6900.77946632899
 20
1557.911426774931
 30
0.0
 40
10.0
  1
18
 41
0.8
  7
YAZI (BEYKENT)
 72
     1
 11
6904.611653399141
 21
1562.911426774931
 31
0.0
100
AcDbText
 73
     2
  0
ARC
  5
12B7
330
1F
100
AcDbEntity
  8
POZ BALON (BEYKENT)
100
AcDbCircle
 10
6904.445665966716
 20
1562.911426774931
 30
0.0
 40
7.0
100
AcDbArc
 50
90.0
 51
270.0
  0
LINE
  5
12B8
330
1F
100
AcDbEntity
  8
POZ BALON (BEYKENT)
100
AcDbLine
 10
6904.445665966716
 20
1569.911426774931
 30
0.0
 11
6904.777640831565
 21
1569.911426774931
 31
0.0
  0
LINE
  5
12B9
330
1F
100
AcDbEntity
  8
POZ BALON (BEYKENT)
100
AcDbLine
 10
6904.445665966716
 20
1555.911426774931
 30
0.0
 11
6904.777640831565
 21
1555.911426774931
 31
0.0
  0
ARC
  5
12BA
330
1F
100
AcDbEntity
  8
POZ BALON (BEYKENT)
100
AcDbCircle
 10
6904.777640831565
 20
1562.911426774931
 30
0.0
 40
7.0
100
AcDbArc
 50
270.0
 51
90.0
  0
TEXT
  5
12BB
330
1F
100
AcDbEntity
  8
POZ NO (BEYKENT)
100
AcDbText
 10
6592.948382884809
 20
1552.137241714262
 30
0.0
 40
10.0
  1
18
 41
0.8
  7
YAZI (BEYKENT)
 72
     1
 11
6596.780569954962
 21
1557.137241714262
 31
0.0
100
AcDbText
 73
     2
  0
ARC
  5
12BC
330
1F
100
AcDbEntity
  8
POZ BALON (BEYKENT)
100
AcDbCircle
 10
6596.614582522535
 20
1557.137241714262
 30
0.0
 40
7.0
100
AcDbArc
 50
90.0
 51
270.0
  0
LINE
  5
12BD
330
1F
100
AcDbEntity
  8
POZ BALON (BEYKENT)
100
AcDbLine
 10
6596.614582522535
 20
1564.137241714262
 30
0.0
 11
6596.946557387386
 21
1564.137241714262
 31
0.0
  0
LINE
  5
12BE
330
1F
100
AcDbEntity
  8
POZ BALON (BEYKENT)
100
AcDbLine
 10
6596.614582522535
 20
1550.137241714262
 30
0.0
 11
6596.946557387386
 21
1550.137241714262
 31
0.0
  0
ARC
  5
12BF
330
1F
100
AcDbEntity
  8
POZ BALON (BEYKENT)
100
AcDbCircle
 10
6596.946557387386
 20
1557.137241714262
 30
0.0
 40
7.0
100
AcDbArc
 50
270.0
 51
90.0
  0
TEXT
  5
12C0
330
1F
100
AcDbEntity
  8
POZ NO (BEYKENT)
100
AcDbText
 10
5345.779518781077
 20
1558.956408015925
 30
0.0
 40
10.0
  1
18
 41
0.8
  7
YAZI (BEYKENT)
 72
     1
 11
5349.611705851228
 21
1563.956408015925
 31
0.0
100
AcDbText
 73
     2
  0
ARC
  5
12C1
330
1F
100
AcDbEntity
  8
POZ BALON (BEYKENT)
100
AcDbCircle
 10
5349.445718418803
 20
1563.956408015925
 30
0.0
 40
7.0
100
AcDbArc
 50
90.0
 51
270.0
  0
LINE
  5
12C2
330
1F
100
AcDbEntity
  8
POZ BALON (BEYKENT)
100
AcDbLine
 10
5349.445718418803
 20
1570.956408015925
 30
0.0
 11
5349.777693283653
 21
1570.956408015925
 31
0.0
  0
LINE
  5
12C3
330
1F
100
AcDbEntity
  8
POZ BALON (BEYKENT)
100
AcDbLine
 10
5349.445718418803
 20
1556.956408015925
 30
0.0
 11
5349.777693283653
 21
1556.956408015925
 31
0.0
  0
ARC
  5
12C4
330
1F
100
AcDbEntity
  8
POZ BALON (BEYKENT)
100
AcDbCircle
 10
5349.777693283653
 20
1563.956408015925
 30
0.0
 40
7.0
100
AcDbArc
 50
270.0
 51
90.0
  0
TEXT
  5
12C5
330
1F
100
AcDbEntity
  8
POZ NO (BEYKENT)
100
AcDbText
 10
5033.94853928082
 20
1552.137241714262
 30
0.0
 40
10.0
  1
18
 41
0.8
  7
YAZI (BEYKENT)
 72
     1
 11
5037.780726350971
 21
1557.137241714262
 31
0.0
100
AcDbText
 73
     2
  0
ARC
  5
12C6
330
1F
100
AcDbEntity
  8
POZ BALON (BEYKENT)
100
AcDbCircle
 10
5037.614738918546
 20
1557.137241714262
 30
0.0
 40
7.0
100
AcDbArc
 50
90.0
 51
270.0
  0
LINE
  5
12C7
330
1F
100
AcDbEntity
  8
POZ BALON (BEYKENT)
100
AcDbLine
 10
5037.614738918546
 20
1564.137241714262
 30
0.0
 11
5037.946713783396
 21
1564.137241714262
 31
0.0
  0
LINE
  5
12C8
330
1F
100
AcDbEntity
  8
POZ BALON (BEYKENT)
100
AcDbLine
 10
5037.614738918546
 20
1550.137241714262
 30
0.0
 11
5037.946713783396
 21
1550.137241714262
 31
0.0
  0
ARC
  5
12C9
330
1F
100
AcDbEntity
  8
POZ BALON (BEYKENT)
100
AcDbCircle
 10
5037.946713783396
 20
1557.137241714262
 30
0.0
 40
7.0
100
AcDbArc
 50
270.0
 51
90.0
  0
TEXT
  5
12CA
330
1F
100
AcDbEntity
  8
POZ NO (BEYKENT)
100
AcDbText
 10
4025.388519463908
 20
1786.96677068639
 30
0.0
 40
10.0
  1
18
 41
0.8
  7
YAZI (BEYKENT)
 72
     1
 11
4029.220706534059
 21
1791.966770686391
 31
0.0
100
AcDbText
 73
     2
  0
ARC
  5
12CB
330
1F
100
AcDbEntity
  8
POZ BALON (BEYKENT)
100
AcDbCircle
 10
4029.054719101633
 20
1791.966770686391
 30
0.0
 40
7.0
100
AcDbArc
 50
90.0
 51
270.0
  0
LINE
  5
12CC
330
1F
100
AcDbEntity
  8
POZ BALON (BEYKENT)
100
AcDbLine
 10
4029.054719101633
 20
1798.966770686391
 30
0.0
 11
4029.386693966483
 21
1798.966770686391
 31
0.0
  0
LINE
  5
12CD
330
1F
100
AcDbEntity
  8
POZ BALON (BEYKENT)
100
AcDbLine
 10
4029.054719101633
 20
1784.966770686391
 30
0.0
 11
4029.386693966483
 21
1784.966770686391
 31
0.0
  0
ARC
  5
12CE
330
1F
100
AcDbEntity
  8
POZ BALON (BEYKENT)
100
AcDbCircle
 10
4029.386693966483
 20
1791.966770686391
 30
0.0
 40
7.0
100
AcDbArc
 50
270.0
 51
90.0
  0
TEXT
  5
12CF
330
1F
100
AcDbEntity
  8
POZ NO (BEYKENT)
100
AcDbText
 10
3682.105885536127
 20
1088.777482606012
 30
0.0
 40
10.0
  1
19
 41
0.8
  7
YAZI (BEYKENT)
 72
     1
 11
3685.797769992798
 21
1093.777482606012
 31
0.0
100
AcDbText
 73
     2
  0
ARC
  5
12D0
330
1F
100
AcDbEntity
  8
POZ BALON (BEYKENT)
100
AcDbCircle
 10
3685.714544132173
 20
1093.777482606012
 30
0.0
 40
7.0
100
AcDbArc
 50
90.0
 51
270.0
  0
LINE
  5
12D1
330
1F
100
AcDbEntity
  8
POZ BALON (BEYKENT)
100
AcDbLine
 10
3685.714544132173
 20
1100.777482606011
 30
0.0
 11
3685.880995853422
 21
1100.777482606011
 31
0.0
  0
LINE
  5
12D2
330
1F
100
AcDbEntity
  8
POZ BALON (BEYKENT)
100
AcDbLine
 10
3685.714544132173
 20
1086.777482606011
 30
0.0
 11
3685.880995853422
 21
1086.777482606011
 31
0.0
  0
ARC
  5
12D3
330
1F
100
AcDbEntity
  8
POZ BALON (BEYKENT)
100
AcDbCircle
 10
3685.880995853422
 20
1093.777482606012
 30
0.0
 40
7.0
100
AcDbArc
 50
270.0
 51
90.0
  0
TEXT
  5
12D4
330
1F
100
AcDbEntity
  8
POZ NO (BEYKENT)
100
AcDbText
 10
3621.092233790034
 20
1739.21208178308
 30
0.0
 40
10.0
  1
19
 41
0.8
  7
YAZI (BEYKENT)
 72
     1
 11
3624.784118246706
 21
1744.21208178308
 31
0.0
100
AcDbText
 73
     2
  0
ARC
  5
12D5
330
1F
100
AcDbEntity
  8
POZ BALON (BEYKENT)
100
AcDbCircle
 10
3624.700892386081
 20
1744.21208178308
 30
0.0
 40
7.0
100
AcDbArc
 50
90.0
 51
270.0
  0
LINE
  5
12D6
330
1F
100
AcDbEntity
  8
POZ BALON (BEYKENT)
100
AcDbLine
 10
3624.700892386081
 20
1751.21208178308
 30
0.0
 11
3624.86734410733
 21
1751.21208178308
 31
0.0
  0
LINE
  5
12D7
330
1F
100
AcDbEntity
  8
POZ BALON (BEYKENT)
100
AcDbLine
 10
3624.700892386081
 20
1737.21208178308
 30
0.0
 11
3624.86734410733
 21
1737.21208178308
 31
0.0
  0
ARC
  5
12D8
330
1F
100
AcDbEntity
  8
POZ BALON (BEYKENT)
100
AcDbCircle
 10
3624.86734410733
 20
1744.21208178308
 30
0.0
 40
7.0
100
AcDbArc
 50
270.0
 51
90.0
  0
TEXT
  5
12D9
330
1F
100
AcDbEntity
  8
POZ NO (BEYKENT)
100
AcDbText
 10
3490.671464383221
 20
1108.501488807851
 30
0.0
 40
10.0
  1
20
 41
0.8
  7
YAZI (BEYKENT)
 72
     1
 11
3495.265687216783
 21
1113.501488807851
 31
0.0
100
AcDbText
 73
     2
  0
ARC
  5
12DA
330
1F
100
AcDbEntity
  8
POZ BALON (BEYKENT)
100
AcDbCircle
 10
3494.720124973839
 20
1113.501488807851
 30
0.0
 40
7.0
100
AcDbArc
 50
90.0
 51
270.0
  0
LINE
  5
12DB
330
1F
100
AcDbEntity
  8
POZ BALON (BEYKENT)
100
AcDbLine
 10
3494.720124973839
 20
1120.501488807851
 30
0.0
 11
3495.811249459727
 21
1120.501488807851
 31
0.0
  0
LINE
  5
12DC
330
1F
100
AcDbEntity
  8
POZ BALON (BEYKENT)
100
AcDbLine
 10
3494.720124973839
 20
1106.501488807851
 30
0.0
 11
3495.811249459727
 21
1106.501488807851
 31
0.0
  0
ARC
  5
12DD
330
1F
100
AcDbEntity
  8
POZ BALON (BEYKENT)
100
AcDbCircle
 10
3495.811249459727
 20
1113.501488807851
 30
0.0
 40
7.0
100
AcDbArc
 50
270.0
 51
90.0
  0
TEXT
  5
12DE
330
1F
100
AcDbEntity
  8
POZ NO (BEYKENT)
100
AcDbText
 10
3481.116996992987
 20
1786.585224205984
 30
0.0
 40
10.0
  1
20
 41
0.8
  7
YAZI (BEYKENT)
 72
     1
 11
3485.71121982655
 21
1791.585224205984
 31
0.0
100
AcDbText
 73
     2
  0
ARC
  5
12DF
330
1F
100
AcDbEntity
  8
POZ BALON (BEYKENT)
100
AcDbCircle
 10
3485.165657583606
 20
1791.585224205984
 30
0.0
 40
7.0
100
AcDbArc
 50
90.0
 51
270.0
  0
LINE
  5
12E0
330
1F
100
AcDbEntity
  8
POZ BALON (BEYKENT)
100
AcDbLine
 10
3485.165657583606
 20
1798.585224205984
 30
0.0
 11
3486.256782069494
 21
1798.585224205984
 31
0.0
  0
LINE
  5
12E1
330
1F
100
AcDbEntity
  8
POZ BALON (BEYKENT)
100
AcDbLine
 10
3485.165657583606
 20
1784.585224205984
 30
0.0
 11
3486.256782069494
 21
1784.585224205984
 31
0.0
  0
ARC
  5
12E2
330
1F
100
AcDbEntity
  8
POZ BALON (BEYKENT)
100
AcDbCircle
 10
3486.256782069494
 20
1791.585224205984
 30
0.0
 40
7.0
100
AcDbArc
 50
270.0
 51
90.0
  0
TEXT
  5
12E3
330
1F
100
AcDbEntity
  8
POZ NO (BEYKENT)
100
AcDbText
 10
2897.235556160187
 20
1108.501488807851
 30
0.0
 40
10.0
  1
21
 41
0.8
  7
YAZI (BEYKENT)
 72
     1
 11
2901.007220534328
 21
1113.501488807851
 31
0.0
100
AcDbText
 73
     2
  0
ARC
  5
12E4
330
1F
100
AcDbEntity
  8
POZ BALON (BEYKENT)
100
AcDbCircle
 10
2900.986108373294
 20
1113.501488807851
 30
0.0
 40
7.0
100
AcDbArc
 50
90.0
 51
270.0
  0
LINE
  5
12E5
330
1F
100
AcDbEntity
  8
POZ BALON (BEYKENT)
100
AcDbLine
 10
2900.986108373294
 20
1120.501488807851
 30
0.0
 11
2901.028332695361
 21
1120.501488807851
 31
0.0
  0
LINE
  5
12E6
330
1F
100
AcDbEntity
  8
POZ BALON (BEYKENT)
100
AcDbLine
 10
2900.986108373294
 20
1106.501488807851
 30
0.0
 11
2901.028332695361
 21
1106.501488807851
 31
0.0
  0
ARC
  5
12E7
330
1F
100
AcDbEntity
  8
POZ BALON (BEYKENT)
100
AcDbCircle
 10
2901.028332695361
 20
1113.501488807851
 30
0.0
 40
7.0
100
AcDbArc
 50
270.0
 51
90.0
  0
TEXT
  5
12E8
330
1F
100
AcDbEntity
  8
POZ NO (BEYKENT)
100
AcDbText
 10
3023.75763511202
 20
1081.303910367751
 30
0.0
 40
10.0
  1
22
 41
0.8
  7
YAZI (BEYKENT)
 72
     1
 11
3028.269326996477
 21
1086.30391036775
 31
0.0
100
AcDbText
 73
     2
  0
ARC
  5
12E9
330
1F
100
AcDbEntity
  8
POZ BALON (BEYKENT)
100
AcDbCircle
 10
3027.781198623427
 20
1086.30391036775
 30
0.0
 40
7.0
100
AcDbArc
 50
90.0
 51
270.0
  0
LINE
  5
12EA
330
1F
100
AcDbEntity
  8
POZ BALON (BEYKENT)
100
AcDbLine
 10
3027.781198623427
 20
1093.30391036775
 30
0.0
 11
3028.757455369527
 21
1093.30391036775
 31
0.0
  0
LINE
  5
12EB
330
1F
100
AcDbEntity
  8
POZ BALON (BEYKENT)
100
AcDbLine
 10
3027.781198623427
 20
1079.30391036775
 30
0.0
 11
3028.757455369527
 21
1079.30391036775
 31
0.0
  0
ARC
  5
12EC
330
1F
100
AcDbEntity
  8
POZ BALON (BEYKENT)
100
AcDbCircle
 10
3028.757455369527
 20
1086.30391036775
 30
0.0
 40
7.0
100
AcDbArc
 50
270.0
 51
90.0
  0
TEXT
  5
12ED
330
1F
100
AcDbEntity
  8
POZ NO (BEYKENT)
100
AcDbText
 10
3033.03010618231
 20
1727.693988388571
 30
0.0
 40
10.0
  1
22
 41
0.8
  7
YAZI (BEYKENT)
 72
     1
 11
3037.541798066766
 21
1732.693988388571
 31
0.0
100
AcDbText
 73
     2
  0
ARC
  5
12EE
330
1F
100
AcDbEntity
  8
POZ BALON (BEYKENT)
100
AcDbCircle
 10
3037.053669693716
 20
1732.693988388571
 30
0.0
 40
7.0
100
AcDbArc
 50
90.0
 51
270.0
  0
LINE
  5
12EF
330
1F
100
AcDbEntity
  8
POZ BALON (BEYKENT)
100
AcDbLine
 10
3037.053669693716
 20
1739.693988388571
 30
0.0
 11
3038.029926439817
 21
1739.693988388571
 31
0.0
  0
LINE
  5
12F0
330
1F
100
AcDbEntity
  8
POZ BALON (BEYKENT)
100
AcDbLine
 10
3037.053669693716
 20
1725.693988388571
 30
0.0
 11
3038.029926439817
 21
1725.693988388571
 31
0.0
  0
ARC
  5
12F1
330
1F
100
AcDbEntity
  8
POZ BALON (BEYKENT)
100
AcDbCircle
 10
3038.029926439817
 20
1732.693988388571
 30
0.0
 40
7.0
100
AcDbArc
 50
270.0
 51
90.0
  0
TEXT
  5
12F2
330
1F
100
AcDbEntity
  8
POZ NO (BEYKENT)
100
AcDbText
 10
8134.272248158067
 20
1389.496805380426
 30
0.0
 40
10.0
  1
23
 50
90.0
 41
0.8
  7
YAZI (BEYKENT)
 72
     1
 11
8129.272248158068
 21
1393.989240043425
 31
0.0
100
AcDbText
 73
     2
  0
ARC
  5
12F3
330
1F
100
AcDbEntity
  8
POZ BALON (BEYKENT)
100
AcDbCircle
 10
8129.272248158068
 20
1393.489934933642
 30
0.0
 40
7.0
100
AcDbArc
 50
180.0
 51
0.0
  0
LINE
  5
12F4
330
1F
100
AcDbEntity
  8
POZ BALON (BEYKENT)
100
AcDbLine
 10
8122.272248158067
 20
1393.489934933642
 30
0.0
 11
8122.272248158067
 21
1394.488545153208
 31
0.0
  0
LINE
  5
12F5
330
1F
100
AcDbEntity
  8
POZ BALON (BEYKENT)
100
AcDbLine
 10
8136.272248158068
 20
1393.489934933642
 30
0.0
 11
8136.272248158068
 21
1394.488545153208
 31
0.0
  0
ARC
  5
12F6
330
1F
100
AcDbEntity
  8
POZ BALON (BEYKENT)
100
AcDbCircle
 10
8129.272248158068
 20
1394.488545153208
 30
0.0
 40
7.0
100
AcDbArc
 50
0.0
 51
180.0
  0
TEXT
  5
12F7
330
1F
100
AcDbEntity
  8
POZ NO (BEYKENT)
100
AcDbText
 10
7418.038283679646
 20
1389.589192579828
 30
0.0
 40
10.0
  1
23
 50
90.0
 41
0.8
  7
YAZI (BEYKENT)
 72
     1
 11
7413.038283679646
 21
1394.081627242827
 31
0.0
100
AcDbText
 73
     2
  0
ARC
  5
12F8
330
1F
100
AcDbEntity
  8
POZ BALON (BEYKENT)
100
AcDbCircle
 10
7413.038283679646
 20
1393.582322133044
 30
0.0
 40
7.0
100
AcDbArc
 50
180.0
 51
0.0
  0
LINE
  5
12F9
330
1F
100
AcDbEntity
  8
POZ BALON (BEYKENT)
100
AcDbLine
 10
7406.038283679645
 20
1393.582322133044
 30
0.0
 11
7406.038283679645
 21
1394.580932352609
 31
0.0
  0
LINE
  5
12FA
330
1F
100
AcDbEntity
  8
POZ BALON (BEYKENT)
100
AcDbLine
 10
7420.038283679645
 20
1393.582322133044
 30
0.0
 11
7420.038283679645
 21
1394.580932352609
 31
0.0
  0
ARC
  5
12FB
330
1F
100
AcDbEntity
  8
POZ BALON (BEYKENT)
100
AcDbCircle
 10
7413.038283679646
 20
1394.580932352609
 30
0.0
 40
7.0
100
AcDbArc
 50
0.0
 51
180.0
  0
TEXT
  5
12FC
330
1F
100
AcDbEntity
  8
POZ NO (BEYKENT)
100
AcDbText
 10
6475.309531612914
 20
1389.559986303888
 30
0.0
 40
10.0
  1
23
 50
90.0
 41
0.8
  7
YAZI (BEYKENT)
 72
     1
 11
6470.309531612915
 21
1394.052420966887
 31
0.0
100
AcDbText
 73
     2
  0
ARC
  5
12FD
330
1F
100
AcDbEntity
  8
POZ BALON (BEYKENT)
100
AcDbCircle
 10
6470.309531612915
 20
1393.553115857104
 30
0.0
 40
7.0
100
AcDbArc
 50
180.0
 51
0.0
  0
LINE
  5
12FE
330
1F
100
AcDbEntity
  8
POZ BALON (BEYKENT)
100
AcDbLine
 10
6463.309531612914
 20
1393.553115857104
 30
0.0
 11
6463.309531612914
 21
1394.551726076669
 31
0.0
  0
LINE
  5
12FF
330
1F
100
AcDbEntity
  8
POZ BALON (BEYKENT)
100
AcDbLine
 10
6477.309531612914
 20
1393.553115857104
 30
0.0
 11
6477.309531612914
 21
1394.551726076669
 31
0.0
  0
ARC
  5
1300
330
1F
100
AcDbEntity
  8
POZ BALON (BEYKENT)
100
AcDbCircle
 10
6470.309531612915
 20
1394.551726076669
 30
0.0
 40
7.0
100
AcDbArc
 50
0.0
 51
180.0
  0
TEXT
  5
1301
330
1F
100
AcDbEntity
  8
POZ NO (BEYKENT)
100
AcDbText
 10
5867.607367615576
 20
1389.559986303888
 30
0.0
 40
10.0
  1
23
 50
90.0
 41
0.8
  7
YAZI (BEYKENT)
 72
     1
 11
5862.607367615575
 21
1394.052420966887
 31
0.0
100
AcDbText
 73
     2
  0
ARC
  5
1302
330
1F
100
AcDbEntity
  8
POZ BALON (BEYKENT)
100
AcDbCircle
 10
5862.607367615575
 20
1393.553115857104
 30
0.0
 40
7.0
100
AcDbArc
 50
180.0
 51
0.0
  0
LINE
  5
1303
330
1F
100
AcDbEntity
  8
POZ BALON (BEYKENT)
100
AcDbLine
 10
5855.607367615576
 20
1393.553115857104
 30
0.0
 11
5855.607367615576
 21
1394.551726076669
 31
0.0
  0
LINE
  5
1304
330
1F
100
AcDbEntity
  8
POZ BALON (BEYKENT)
100
AcDbLine
 10
5869.607367615575
 20
1393.553115857104
 30
0.0
 11
5869.607367615575
 21
1394.551726076669
 31
0.0
  0
ARC
  5
1305
330
1F
100
AcDbEntity
  8
POZ BALON (BEYKENT)
100
AcDbCircle
 10
5862.607367615575
 20
1394.551726076669
 30
0.0
 40
7.0
100
AcDbArc
 50
0.0
 51
180.0
  0
TEXT
  5
1306
330
1F
100
AcDbEntity
  8
POZ NO (BEYKENT)
100
AcDbText
 10
4862.760983835801
 20
1389.513494680963
 30
0.0
 40
10.0
  1
23
 50
90.0
 41
0.8
  7
YAZI (BEYKENT)
 72
     1
 11
4857.7609838358
 21
1394.005929343962
 31
0.0
100
AcDbText
 73
     2
  0
ARC
  5
1307
330
1F
100
AcDbEntity
  8
POZ BALON (BEYKENT)
100
AcDbCircle
 10
4857.7609838358
 20
1393.506624234179
 30
0.0
 40
7.0
100
AcDbArc
 50
180.0
 51
0.0
  0
LINE
  5
1308
330
1F
100
AcDbEntity
  8
POZ BALON (BEYKENT)
100
AcDbLine
 10
4850.760983835801
 20
1393.506624234179
 30
0.0
 11
4850.760983835801
 21
1394.505234453745
 31
0.0
  0
LINE
  5
1309
330
1F
100
AcDbEntity
  8
POZ BALON (BEYKENT)
100
AcDbLine
 10
4864.7609838358
 20
1393.506624234179
 30
0.0
 11
4864.7609838358
 21
1394.505234453745
 31
0.0
  0
ARC
  5
130A
330
1F
100
AcDbEntity
  8
POZ BALON (BEYKENT)
100
AcDbCircle
 10
4857.7609838358
 20
1394.505234453745
 30
0.0
 40
7.0
100
AcDbArc
 50
0.0
 51
180.0
  0
TEXT
  5
130B
330
1F
100
AcDbEntity
  8
POZ NO (BEYKENT)
100
AcDbText
 10
4166.034720605599
 20
1395.162524889551
 30
0.0
 40
10.0
  1
23
 50
90.0
 41
0.8
  7
YAZI (BEYKENT)
 72
     1
 11
4161.034720605599
 21
1399.65495955255
 31
0.0
100
AcDbText
 73
     2
  0
ARC
  5
130C
330
1F
100
AcDbEntity
  8
POZ BALON (BEYKENT)
100
AcDbCircle
 10
4161.034720605599
 20
1399.155654442767
 30
0.0
 40
7.0
100
AcDbArc
 50
180.0
 51
0.0
  0
LINE
  5
130D
330
1F
100
AcDbEntity
  8
POZ BALON (BEYKENT)
100
AcDbLine
 10
4154.0347206056
 20
1399.155654442767
 30
0.0
 11
4154.0347206056
 21
1400.154264662332
 31
0.0
  0
LINE
  5
130E
330
1F
100
AcDbEntity
  8
POZ BALON (BEYKENT)
100
AcDbLine
 10
4168.034720605599
 20
1399.155654442767
 30
0.0
 11
4168.034720605599
 21
1400.154264662332
 31
0.0
  0
ARC
  5
130F
330
1F
100
AcDbEntity
  8
POZ BALON (BEYKENT)
100
AcDbCircle
 10
4161.034720605599
 20
1400.154264662332
 30
0.0
 40
7.0
100
AcDbArc
 50
0.0
 51
180.0
  0
TEXT
  5
1310
330
1F
100
AcDbEntity
  8
POZ NO (BEYKENT)
100
AcDbText
 10
3637.390331208659
 20
1395.128848265253
 30
0.0
 40
10.0
  1
23
 50
90.0
 41
0.8
  7
YAZI (BEYKENT)
 72
     1
 11
3632.390331208659
 21
1399.621282928252
 31
0.0
100
AcDbText
 73
     2
  0
ARC
  5
1311
330
1F
100
AcDbEntity
  8
POZ BALON (BEYKENT)
100
AcDbCircle
 10
3632.390331208659
 20
1399.121977818469
 30
0.0
 40
7.0
100
AcDbArc
 50
180.0
 51
0.0
  0
LINE
  5
1312
330
1F
100
AcDbEntity
  8
POZ BALON (BEYKENT)
100
AcDbLine
 10
3625.390331208659
 20
1399.121977818469
 30
0.0
 11
3625.390331208659
 21
1400.120588038034
 31
0.0
  0
LINE
  5
1313
330
1F
100
AcDbEntity
  8
POZ BALON (BEYKENT)
100
AcDbLine
 10
3639.390331208659
 20
1399.121977818469
 30
0.0
 11
3639.390331208659
 21
1400.120588038034
 31
0.0
  0
ARC
  5
1314
330
1F
100
AcDbEntity
  8
POZ BALON (BEYKENT)
100
AcDbCircle
 10
3632.390331208659
 20
1400.120588038034
 30
0.0
 40
7.0
100
AcDbArc
 50
0.0
 51
180.0
  0
TEXT
  5
1315
330
1F
100
AcDbEntity
  8
POZ NO (BEYKENT)
100
AcDbText
 10
3248.292701105599
 20
1389.522137354456
 30
0.0
 40
10.0
  1
23
 50
90.0
 41
0.8
  7
YAZI (BEYKENT)
 72
     1
 11
3243.292701105598
 21
1394.014572017455
 31
0.0
100
AcDbText
 73
     2
  0
ARC
  5
1316
330
1F
100
AcDbEntity
  8
POZ BALON (BEYKENT)
100
AcDbCircle
 10
3243.292701105598
 20
1393.515266907672
 30
0.0
 40
7.0
100
AcDbArc
 50
180.0
 51
0.0
  0
LINE
  5
1317
330
1F
100
AcDbEntity
  8
POZ BALON (BEYKENT)
100
AcDbLine
 10
3236.292701105598
 20
1393.515266907672
 30
0.0
 11
3236.292701105598
 21
1394.513877127237
 31
0.0
  0
LINE
  5
1318
330
1F
100
AcDbEntity
  8
POZ BALON (BEYKENT)
100
AcDbLine
 10
3250.292701105598
 20
1393.515266907672
 30
0.0
 11
3250.292701105598
 21
1394.513877127237
 31
0.0
  0
ARC
  5
1319
330
1F
100
AcDbEntity
  8
POZ BALON (BEYKENT)
100
AcDbCircle
 10
3243.292701105598
 20
1394.513877127237
 30
0.0
 40
7.0
100
AcDbArc
 50
0.0
 51
180.0
  0
TEXT
  5
131A
330
1F
100
AcDbEntity
  8
POZ NO (BEYKENT)
100
AcDbText
 10
8159.099370846361
 20
1389.289194359408
 30
0.0
 40
10.0
  1
24
 50
90.0
 41
0.8
  7
YAZI (BEYKENT)
 72
     1
 11
8154.099370846362
 21
1393.979703300261
 31
0.0
100
AcDbText
 73
     2
  0
ARC
  5
131B
330
1F
100
AcDbEntity
  8
POZ BALON (BEYKENT)
100
AcDbCircle
 10
8154.099370846362
 20
1393.321847949396
 30
0.0
 40
7.0
100
AcDbArc
 50
180.0
 51
0.0
  0
LINE
  5
131C
330
1F
100
AcDbEntity
  8
POZ BALON (BEYKENT)
100
AcDbLine
 10
8147.09937084636
 20
1393.321847949396
 30
0.0
 11
8147.09937084636
 21
1394.637558651126
 31
0.0
  0
LINE
  5
131D
330
1F
100
AcDbEntity
  8
POZ BALON (BEYKENT)
100
AcDbLine
 10
8161.099370846361
 20
1393.321847949396
 30
0.0
 11
8161.099370846361
 21
1394.637558651126
 31
0.0
  0
ARC
  5
131E
330
1F
100
AcDbEntity
  8
POZ BALON (BEYKENT)
100
AcDbCircle
 10
8154.099370846362
 20
1394.637558651126
 30
0.0
 40
7.0
100
AcDbArc
 50
0.0
 51
180.0
  0
TEXT
  5
131F
330
1F
100
AcDbEntity
  8
POZ NO (BEYKENT)
100
AcDbText
 10
7442.865406367939
 20
1389.38158155881
 30
0.0
 40
10.0
  1
24
 50
90.0
 41
0.8
  7
YAZI (BEYKENT)
 72
     1
 11
7437.865406367939
 21
1394.072090499663
 31
0.0
100
AcDbText
 73
     2
  0
ARC
  5
1320
330
1F
100
AcDbEntity
  8
POZ BALON (BEYKENT)
100
AcDbCircle
 10
7437.865406367939
 20
1393.414235148798
 30
0.0
 40
7.0
100
AcDbArc
 50
180.0
 51
0.0
  0
LINE
  5
1321
330
1F
100
AcDbEntity
  8
POZ BALON (BEYKENT)
100
AcDbLine
 10
7430.865406367939
 20
1393.414235148798
 30
0.0
 11
7430.865406367939
 21
1394.729945850528
 31
0.0
  0
LINE
  5
1322
330
1F
100
AcDbEntity
  8
POZ BALON (BEYKENT)
100
AcDbLine
 10
7444.865406367938
 20
1393.414235148798
 30
0.0
 11
7444.865406367938
 21
1394.729945850528
 31
0.0
  0
ARC
  5
1323
330
1F
100
AcDbEntity
  8
POZ BALON (BEYKENT)
100
AcDbCircle
 10
7437.865406367939
 20
1394.729945850528
 30
0.0
 40
7.0
100
AcDbArc
 50
0.0
 51
180.0
  0
TEXT
  5
1324
330
1F
100
AcDbEntity
  8
POZ NO (BEYKENT)
100
AcDbText
 10
6500.136356277984
 20
1389.35237528287
 30
0.0
 40
10.0
  1
24
 50
90.0
 41
0.8
  7
YAZI (BEYKENT)
 72
     1
 11
6495.136356277985
 21
1394.042884223723
 31
0.0
100
AcDbText
 73
     2
  0
ARC
  5
1325
330
1F
100
AcDbEntity
  8
POZ BALON (BEYKENT)
100
AcDbCircle
 10
6495.136356277985
 20
1393.385028872858
 30
0.0
 40
7.0
100
AcDbArc
 50
180.0
 51
0.0
  0
LINE
  5
1326
330
1F
100
AcDbEntity
  8
POZ BALON (BEYKENT)
100
AcDbLine
 10
6488.136356277983
 20
1393.385028872858
 30
0.0
 11
6488.136356277983
 21
1394.700739574588
 31
0.0
  0
LINE
  5
1327
330
1F
100
AcDbEntity
  8
POZ BALON (BEYKENT)
100
AcDbLine
 10
6502.136356277984
 20
1393.385028872858
 30
0.0
 11
6502.136356277984
 21
1394.700739574588
 31
0.0
  0
ARC
  5
1328
330
1F
100
AcDbEntity
  8
POZ BALON (BEYKENT)
100
AcDbCircle
 10
6495.136356277985
 20
1394.700739574588
 30
0.0
 40
7.0
100
AcDbArc
 50
0.0
 51
180.0
  0
TEXT
  5
1329
330
1F
100
AcDbEntity
  8
POZ NO (BEYKENT)
100
AcDbText
 10
5892.434192280646
 20
1389.35237528287
 30
0.0
 40
10.0
  1
24
 50
90.0
 41
0.8
  7
YAZI (BEYKENT)
 72
     1
 11
5887.434192280645
 21
1394.042884223723
 31
0.0
100
AcDbText
 73
     2
  0
ARC
  5
132A
330
1F
100
AcDbEntity
  8
POZ BALON (BEYKENT)
100
AcDbCircle
 10
5887.434192280645
 20
1393.385028872858
 30
0.0
 40
7.0
100
AcDbArc
 50
180.0
 51
0.0
  0
LINE
  5
132B
330
1F
100
AcDbEntity
  8
POZ BALON (BEYKENT)
100
AcDbLine
 10
5880.434192280645
 20
1393.385028872858
 30
0.0
 11
5880.434192280645
 21
1394.700739574588
 31
0.0
  0
LINE
  5
132C
330
1F
100
AcDbEntity
  8
POZ BALON (BEYKENT)
100
AcDbLine
 10
5894.434192280645
 20
1393.385028872858
 30
0.0
 11
5894.434192280645
 21
1394.700739574588
 31
0.0
  0
ARC
  5
132D
330
1F
100
AcDbEntity
  8
POZ BALON (BEYKENT)
100
AcDbCircle
 10
5887.434192280645
 20
1394.700739574588
 30
0.0
 40
7.0
100
AcDbArc
 50
0.0
 51
180.0
  0
TEXT
  5
132E
330
1F
100
AcDbEntity
  8
POZ NO (BEYKENT)
100
AcDbText
 10
4887.58780850087
 20
1389.305883659945
 30
0.0
 40
10.0
  1
24
 50
90.0
 41
0.8
  7
YAZI (BEYKENT)
 72
     1
 11
4882.587808500869
 21
1393.996392600798
 31
0.0
100
AcDbText
 73
     2
  0
ARC
  5
132F
330
1F
100
AcDbEntity
  8
POZ BALON (BEYKENT)
100
AcDbCircle
 10
4882.587808500869
 20
1393.338537249933
 30
0.0
 40
7.0
100
AcDbArc
 50
180.0
 51
0.0
  0
LINE
  5
1330
330
1F
100
AcDbEntity
  8
POZ BALON (BEYKENT)
100
AcDbLine
 10
4875.587808500871
 20
1393.338537249933
 30
0.0
 11
4875.587808500871
 21
1394.654247951663
 31
0.0
  0
LINE
  5
1331
330
1F
100
AcDbEntity
  8
POZ BALON (BEYKENT)
100
AcDbLine
 10
4889.58780850087
 20
1393.338537249933
 30
0.0
 11
4889.58780850087
 21
1394.654247951663
 31
0.0
  0
ARC
  5
1332
330
1F
100
AcDbEntity
  8
POZ BALON (BEYKENT)
100
AcDbCircle
 10
4882.587808500869
 20
1394.654247951663
 30
0.0
 40
7.0
100
AcDbArc
 50
0.0
 51
180.0
  0
TEXT
  5
1333
330
1F
100
AcDbEntity
  8
POZ NO (BEYKENT)
100
AcDbText
 10
4190.861843293893
 20
1394.954913868533
 30
0.0
 40
10.0
  1
24
 50
90.0
 41
0.8
  7
YAZI (BEYKENT)
 72
     1
 11
4185.861843293893
 21
1399.645422809386
 31
0.0
100
AcDbText
 73
     2
  0
ARC
  5
1334
330
1F
100
AcDbEntity
  8
POZ BALON (BEYKENT)
100
AcDbCircle
 10
4185.861843293893
 20
1398.987567458521
 30
0.0
 40
7.0
100
AcDbArc
 50
180.0
 51
0.0
  0
LINE
  5
1335
330
1F
100
AcDbEntity
  8
POZ BALON (BEYKENT)
100
AcDbLine
 10
4178.861843293893
 20
1398.987567458521
 30
0.0
 11
4178.861843293893
 21
1400.30327816025
 31
0.0
  0
LINE
  5
1336
330
1F
100
AcDbEntity
  8
POZ BALON (BEYKENT)
100
AcDbLine
 10
4192.861843293893
 20
1398.987567458521
 30
0.0
 11
4192.861843293893
 21
1400.30327816025
 31
0.0
  0
ARC
  5
1337
330
1F
100
AcDbEntity
  8
POZ BALON (BEYKENT)
100
AcDbCircle
 10
4185.861843293893
 20
1400.30327816025
 30
0.0
 40
7.0
100
AcDbArc
 50
0.0
 51
180.0
  0
TEXT
  5
1338
330
1F
100
AcDbEntity
  8
POZ NO (BEYKENT)
100
AcDbText
 10
3662.217453896952
 20
1394.921237244235
 30
0.0
 40
10.0
  1
24
 50
90.0
 41
0.8
  7
YAZI (BEYKENT)
 72
     1
 11
3657.217453896952
 21
1399.611746185088
 31
0.0
100
AcDbText
 73
     2
  0
ARC
  5
1339
330
1F
100
AcDbEntity
  8
POZ BALON (BEYKENT)
100
AcDbCircle
 10
3657.217453896952
 20
1398.953890834223
 30
0.0
 40
7.0
100
AcDbArc
 50
180.0
 51
0.0
  0
LINE
  5
133A
330
1F
100
AcDbEntity
  8
POZ BALON (BEYKENT)
100
AcDbLine
 10
3650.217453896952
 20
1398.953890834223
 30
0.0
 11
3650.217453896952
 21
1400.269601535952
 31
0.0
  0
LINE
  5
133B
330
1F
100
AcDbEntity
  8
POZ BALON (BEYKENT)
100
AcDbLine
 10
3664.217453896952
 20
1398.953890834223
 30
0.0
 11
3664.217453896952
 21
1400.269601535952
 31
0.0
  0
ARC
  5
133C
330
1F
100
AcDbEntity
  8
POZ BALON (BEYKENT)
100
AcDbCircle
 10
3657.217453896952
 20
1400.269601535952
 30
0.0
 40
7.0
100
AcDbArc
 50
0.0
 51
180.0
  0
TEXT
  5
133D
330
1F
100
AcDbEntity
  8
POZ NO (BEYKENT)
100
AcDbText
 10
3273.119823793892
 20
1389.314526333438
 30
0.0
 40
10.0
  1
24
 50
90.0
 41
0.8
  7
YAZI (BEYKENT)
 72
     1
 11
3268.119823793892
 21
1394.00503527429
 31
0.0
100
AcDbText
 73
     2
  0
ARC
  5
133E
330
1F
100
AcDbEntity
  8
POZ BALON (BEYKENT)
100
AcDbCircle
 10
3268.119823793892
 20
1393.347179923426
 30
0.0
 40
7.0
100
AcDbArc
 50
180.0
 51
0.0
  0
LINE
  5
133F
330
1F
100
AcDbEntity
  8
POZ BALON (BEYKENT)
100
AcDbLine
 10
3261.119823793892
 20
1393.347179923426
 30
0.0
 11
3261.119823793892
 21
1394.662890625155
 31
0.0
  0
LINE
  5
1340
330
1F
100
AcDbEntity
  8
POZ BALON (BEYKENT)
100
AcDbLine
 10
3275.119823793892
 20
1393.347179923426
 30
0.0
 11
3275.119823793892
 21
1394.662890625155
 31
0.0
  0
ARC
  5
1341
330
1F
100
AcDbEntity
  8
POZ BALON (BEYKENT)
100
AcDbCircle
 10
3268.119823793892
 20
1394.662890625155
 30
0.0
 40
7.0
100
AcDbArc
 50
0.0
 51
180.0
  0
TEXT
  5
1342
330
1F
100
AcDbEntity
  8
POZ NO (BEYKENT)
100
AcDbText
 10
7692.374894389131
 20
1391.564590693691
 30
0.0
 40
10.0
  1
25
 41
0.8
  7
YAZI (BEYKENT)
 72
     1
 11
7696.92785174814
 21
1396.564590693691
 31
0.0
100
AcDbText
 73
     2
  0
ARC
  5
1343
330
1F
100
AcDbEntity
  8
POZ BALON (BEYKENT)
100
AcDbCircle
 10
7696.40805186699
 20
1396.564590693691
 30
0.0
 40
7.0
100
AcDbArc
 50
90.0
 51
270.0
  0
LINE
  5
1344
330
1F
100
AcDbEntity
  8
POZ BALON (BEYKENT)
100
AcDbLine
 10
7696.40805186699
 20
1403.564590693691
 30
0.0
 11
7697.447651629289
 21
1403.564590693691
 31
0.0
  0
LINE
  5
1345
330
1F
100
AcDbEntity
  8
POZ BALON (BEYKENT)
100
AcDbLine
 10
7696.40805186699
 20
1389.564590693691
 30
0.0
 11
7697.447651629289
 21
1389.564590693691
 31
0.0
  0
ARC
  5
1346
330
1F
100
AcDbEntity
  8
POZ BALON (BEYKENT)
100
AcDbCircle
 10
7697.447651629289
 20
1396.564590693691
 30
0.0
 40
7.0
100
AcDbArc
 50
270.0
 51
90.0
  0
TEXT
  5
1347
330
1F
100
AcDbEntity
  8
POZ NO (BEYKENT)
100
AcDbText
 10
7256.76929717251
 20
1358.56428204802
 30
0.0
 40
10.0
  1
26
 41
0.8
  7
YAZI (BEYKENT)
 72
     1
 11
7261.201209139497
 21
1363.56428204802
 31
0.0
100
AcDbText
 73
     2
  0
ARC
  5
1348
330
1F
100
AcDbEntity
  8
POZ BALON (BEYKENT)
100
AcDbCircle
 10
7260.70530980051
 20
1363.56428204802
 30
0.0
 40
7.0
100
AcDbArc
 50
90.0
 51
270.0
  0
LINE
  5
1349
330
1F
100
AcDbEntity
  8
POZ BALON (BEYKENT)
100
AcDbLine
 10
7260.70530980051
 20
1370.56428204802
 30
0.0
 11
7261.697108478485
 21
1370.56428204802
 31
0.0
  0
LINE
  5
134A
330
1F
100
AcDbEntity
  8
POZ BALON (BEYKENT)
100
AcDbLine
 10
7260.70530980051
 20
1356.56428204802
 30
0.0
 11
7261.697108478485
 21
1356.56428204802
 31
0.0
  0
ARC
  5
134B
330
1F
100
AcDbEntity
  8
POZ BALON (BEYKENT)
100
AcDbCircle
 10
7261.697108478485
 20
1363.56428204802
 30
0.0
 40
7.0
100
AcDbArc
 50
270.0
 51
90.0
  0
TEXT
  5
134C
330
1F
100
AcDbEntity
  8
POZ NO (BEYKENT)
100
AcDbText
 10
7256.787270745714
 20
1333.741331684861
 30
0.0
 40
10.0
  1
27
 41
0.8
  7
YAZI (BEYKENT)
 72
     1
 11
7261.191672396333
 21
1338.741331684861
 31
0.0
100
AcDbText
 73
     2
  0
ARC
  5
134D
330
1F
100
AcDbEntity
  8
POZ BALON (BEYKENT)
100
AcDbCircle
 10
7260.77032901275
 20
1338.741331684861
 30
0.0
 40
7.0
100
AcDbArc
 50
90.0
 51
270.0
  0
LINE
  5
134E
330
1F
100
AcDbEntity
  8
POZ BALON (BEYKENT)
100
AcDbLine
 10
7260.77032901275
 20
1345.741331684861
 30
0.0
 11
7261.613015779916
 21
1345.741331684861
 31
0.0
  0
LINE
  5
134F
330
1F
100
AcDbEntity
  8
POZ BALON (BEYKENT)
100
AcDbLine
 10
7260.77032901275
 20
1331.741331684861
 30
0.0
 11
7261.613015779916
 21
1331.741331684861
 31
0.0
  0
ARC
  5
1350
330
1F
100
AcDbEntity
  8
POZ BALON (BEYKENT)
100
AcDbCircle
 10
7261.613015779916
 20
1338.741331684861
 30
0.0
 40
7.0
100
AcDbArc
 50
270.0
 51
90.0
  0
TEXT
  5
1351
330
1F
100
AcDbEntity
  8
POZ NO (BEYKENT)
100
AcDbText
 10
4670.779556474169
 20
1333.741033661637
 30
0.0
 40
10.0
  1
27
 41
0.8
  7
YAZI (BEYKENT)
 72
     1
 11
4675.183958124788
 21
1338.741033661637
 31
0.0
100
AcDbText
 73
     2
  0
ARC
  5
1352
330
1F
100
AcDbEntity
  8
POZ BALON (BEYKENT)
100
AcDbCircle
 10
4674.762614741204
 20
1338.741033661637
 30
0.0
 40
7.0
100
AcDbArc
 50
90.0
 51
270.0
  0
LINE
  5
1353
330
1F
100
AcDbEntity
  8
POZ BALON (BEYKENT)
100
AcDbLine
 10
4674.762614741204
 20
1345.741033661637
 30
0.0
 11
4675.605301508371
 21
1345.741033661637
 31
0.0
  0
LINE
  5
1354
330
1F
100
AcDbEntity
  8
POZ BALON (BEYKENT)
100
AcDbLine
 10
4674.762614741204
 20
1331.741033661637
 30
0.0
 11
4675.605301508371
 21
1331.741033661637
 31
0.0
  0
ARC
  5
1355
330
1F
100
AcDbEntity
  8
POZ BALON (BEYKENT)
100
AcDbCircle
 10
4675.605301508371
 20
1338.741033661637
 30
0.0
 40
7.0
100
AcDbArc
 50
270.0
 51
90.0
  0
TEXT
  5
1356
330
1F
100
AcDbEntity
  8
POZ NO (BEYKENT)
100
AcDbText
 10
4460.259873478975
 20
1778.45597172029
 30
0.0
 40
10.0
  1
27
 50
90.0
 41
0.8
  7
YAZI (BEYKENT)
 72
     1
 11
4455.259873478975
 21
1782.860373370909
 31
0.0
100
AcDbText
 73
     2
  0
ARC
  5
1357
330
1F
100
AcDbEntity
  8
POZ BALON (BEYKENT)
100
AcDbCircle
 10
4455.259873478975
 20
1782.439029987332
 30
0.0
 40
7.0
100
AcDbArc
 50
180.0
 51
0.0
  0
LINE
  5
1358
330
1F
100
AcDbEntity
  8
POZ BALON (BEYKENT)
100
AcDbLine
 10
4448.259873478975
 20
1782.439029987332
 30
0.0
 11
4448.259873478975
 21
1783.281716754486
 31
0.0
  0
LINE
  5
1359
330
1F
100
AcDbEntity
  8
POZ BALON (BEYKENT)
100
AcDbLine
 10
4462.259873478975
 20
1782.439029987332
 30
0.0
 11
4462.259873478975
 21
1783.281716754486
 31
0.0
  0
ARC
  5
135A
330
1F
100
AcDbEntity
  8
POZ BALON (BEYKENT)
100
AcDbCircle
 10
4455.259873478975
 20
1783.281716754486
 30
0.0
 40
7.0
100
AcDbArc
 50
0.0
 51
180.0
  0
TEXT
  5
135B
330
1F
100
AcDbEntity
  8
POZ NO (BEYKENT)
100
AcDbText
 10
3926.658151079911
 20
1778.489648344588
 30
0.0
 40
10.0
  1
27
 50
90.0
 41
0.8
  7
YAZI (BEYKENT)
 72
     1
 11
3921.658151079912
 21
1782.894049995207
 31
0.0
100
AcDbText
 73
     2
  0
ARC
  5
135C
330
1F
100
AcDbEntity
  8
POZ BALON (BEYKENT)
100
AcDbCircle
 10
3921.658151079912
 20
1782.47270661163
 30
0.0
 40
7.0
100
AcDbArc
 50
180.0
 51
0.0
  0
LINE
  5
135D
330
1F
100
AcDbEntity
  8
POZ BALON (BEYKENT)
100
AcDbLine
 10
3914.658151079912
 20
1782.47270661163
 30
0.0
 11
3914.658151079912
 21
1783.315393378784
 31
0.0
  0
LINE
  5
135E
330
1F
100
AcDbEntity
  8
POZ BALON (BEYKENT)
100
AcDbLine
 10
3928.658151079912
 20
1782.47270661163
 30
0.0
 11
3928.658151079912
 21
1783.315393378784
 31
0.0
  0
ARC
  5
135F
330
1F
100
AcDbEntity
  8
POZ BALON (BEYKENT)
100
AcDbCircle
 10
3921.658151079912
 20
1783.315393378784
 30
0.0
 40
7.0
100
AcDbArc
 50
0.0
 51
180.0
  0
TEXT
  5
1360
330
1F
100
AcDbEntity
  8
POZ NO (BEYKENT)
100
AcDbText
 10
6217.496518706063
 20
1369.566563782143
 30
0.0
 40
10.0
  1
28
 41
0.8
  7
YAZI (BEYKENT)
 72
     1
 11
6222.068733286531
 21
1374.566563782143
 31
0.0
100
AcDbText
 73
     2
  0
ARC
  5
1361
330
1F
100
AcDbEntity
  8
POZ BALON (BEYKENT)
100
AcDbCircle
 10
6221.528336226355
 20
1374.566563782143
 30
0.0
 40
7.0
100
AcDbArc
 50
90.0
 51
270.0
  0
LINE
  5
1362
330
1F
100
AcDbEntity
  8
POZ BALON (BEYKENT)
100
AcDbLine
 10
6221.528336226355
 20
1381.566563782143
 30
0.0
 11
6222.609130346707
 21
1381.566563782143
 31
0.0
  0
LINE
  5
1363
330
1F
100
AcDbEntity
  8
POZ BALON (BEYKENT)
100
AcDbLine
 10
6221.528336226355
 20
1367.566563782143
 30
0.0
 11
6222.609130346707
 21
1367.566563782143
 31
0.0
  0
ARC
  5
1364
330
1F
100
AcDbEntity
  8
POZ BALON (BEYKENT)
100
AcDbCircle
 10
6222.609130346707
 20
1374.566563782143
 30
0.0
 40
7.0
100
AcDbArc
 50
270.0
 51
90.0
  0
TEXT
  5
1365
330
1F
100
AcDbEntity
  8
POZ NO (BEYKENT)
100
AcDbText
 10
5706.004325960854
 20
1358.56428204802
 30
0.0
 40
10.0
  1
28
 41
0.8
  7
YAZI (BEYKENT)
 72
     1
 11
5710.576540541322
 21
1363.56428204802
 31
0.0
100
AcDbText
 73
     2
  0
ARC
  5
1366
330
1F
100
AcDbEntity
  8
POZ BALON (BEYKENT)
100
AcDbCircle
 10
5710.036143481146
 20
1363.56428204802
 30
0.0
 40
7.0
100
AcDbArc
 50
90.0
 51
270.0
  0
LINE
  5
1367
330
1F
100
AcDbEntity
  8
POZ BALON (BEYKENT)
100
AcDbLine
 10
5710.036143481146
 20
1370.56428204802
 30
0.0
 11
5711.116937601499
 21
1370.56428204802
 31
0.0
  0
LINE
  5
1368
330
1F
100
AcDbEntity
  8
POZ BALON (BEYKENT)
100
AcDbLine
 10
5710.036143481146
 20
1356.56428204802
 30
0.0
 11
5711.116937601499
 21
1356.56428204802
 31
0.0
  0
ARC
  5
1369
330
1F
100
AcDbEntity
  8
POZ BALON (BEYKENT)
100
AcDbCircle
 10
5711.116937601499
 20
1363.56428204802
 30
0.0
 40
7.0
100
AcDbArc
 50
270.0
 51
90.0
  0
TEXT
  5
136A
330
1F
100
AcDbEntity
  8
POZ NO (BEYKENT)
100
AcDbText
 10
6217.62728457638
 20
1344.743911442208
 30
0.0
 40
10.0
  1
29
 41
0.8
  7
YAZI (BEYKENT)
 72
     1
 11
6222.059196543367
 21
1349.743911442208
 31
0.0
100
AcDbText
 73
     2
  0
ARC
  5
136B
330
1F
100
AcDbEntity
  8
POZ BALON (BEYKENT)
100
AcDbCircle
 10
6221.603740887044
 20
1349.743911442208
 30
0.0
 40
7.0
100
AcDbArc
 50
90.0
 51
270.0
  0
LINE
  5
136C
330
1F
100
AcDbEntity
  8
POZ BALON (BEYKENT)
100
AcDbLine
 10
6221.603740887044
 20
1356.743911442208
 30
0.0
 11
6222.514652199691
 21
1356.743911442208
 31
0.0
  0
LINE
  5
136D
330
1F
100
AcDbEntity
  8
POZ BALON (BEYKENT)
100
AcDbLine
 10
6221.603740887044
 20
1342.743911442208
 30
0.0
 11
6222.514652199691
 21
1342.743911442208
 31
0.0
  0
ARC
  5
136E
330
1F
100
AcDbEntity
  8
POZ BALON (BEYKENT)
100
AcDbCircle
 10
6222.514652199691
 20
1349.743911442208
 30
0.0
 40
7.0
100
AcDbArc
 50
270.0
 51
90.0
  0
TEXT
  5
136F
330
1F
100
AcDbEntity
  8
POZ NO (BEYKENT)
100
AcDbText
 10
5706.135091831171
 20
1333.741331684861
 30
0.0
 40
10.0
  1
29
 41
0.8
  7
YAZI (BEYKENT)
 72
     1
 11
5710.567003798158
 21
1338.741331684861
 31
0.0
100
AcDbText
 73
     2
  0
ARC
  5
1370
330
1F
100
AcDbEntity
  8
POZ BALON (BEYKENT)
100
AcDbCircle
 10
5710.111548141835
 20
1338.741331684861
 30
0.0
 40
7.0
100
AcDbArc
 50
90.0
 51
270.0
  0
LINE
  5
1371
330
1F
100
AcDbEntity
  8
POZ BALON (BEYKENT)
100
AcDbLine
 10
5710.111548141835
 20
1345.741331684861
 30
0.0
 11
5711.022459454482
 21
1345.741331684861
 31
0.0
  0
LINE
  5
1372
330
1F
100
AcDbEntity
  8
POZ BALON (BEYKENT)
100
AcDbLine
 10
5710.111548141835
 20
1331.741331684861
 30
0.0
 11
5711.022459454482
 21
1331.741331684861
 31
0.0
  0
ARC
  5
1373
330
1F
100
AcDbEntity
  8
POZ BALON (BEYKENT)
100
AcDbCircle
 10
5711.022459454482
 20
1338.741331684861
 30
0.0
 40
7.0
100
AcDbArc
 50
270.0
 51
90.0
  0
TEXT
  5
1374
330
1F
100
AcDbEntity
  8
POZ NO (BEYKENT)
100
AcDbText
 10
4054.62643020914
 20
1358.56428204802
 30
0.0
 40
10.0
  1
30
 41
0.8
  7
YAZI (BEYKENT)
 72
     1
 11
4059.201395821244
 21
1363.56428204802
 31
0.0
100
AcDbText
 73
     2
  0
ARC
  5
1375
330
1F
100
AcDbEntity
  8
POZ BALON (BEYKENT)
100
AcDbCircle
 10
4058.633378220776
 20
1363.56428204802
 30
0.0
 40
7.0
100
AcDbArc
 50
90.0
 51
270.0
  0
LINE
  5
1376
330
1F
100
AcDbEntity
  8
POZ BALON (BEYKENT)
100
AcDbLine
 10
4058.633378220776
 20
1370.56428204802
 30
0.0
 11
4059.769413421713
 21
1370.56428204802
 31
0.0
  0
LINE
  5
1377
330
1F
100
AcDbEntity
  8
POZ BALON (BEYKENT)
100
AcDbLine
 10
4058.633378220776
 20
1356.56428204802
 30
0.0
 11
4059.769413421713
 21
1356.56428204802
 31
0.0
  0
ARC
  5
1378
330
1F
100
AcDbEntity
  8
POZ BALON (BEYKENT)
100
AcDbCircle
 10
4059.769413421713
 20
1363.56428204802
 30
0.0
 40
7.0
100
AcDbArc
 50
270.0
 51
90.0
  0
TEXT
  5
1379
330
1F
100
AcDbEntity
  8
POZ NO (BEYKENT)
100
AcDbText
 10
4055.439451925398
 20
1333.741331684861
 30
0.0
 40
10.0
  1
31
 41
0.8
  7
YAZI (BEYKENT)
 72
     1
 11
4059.19185907808
 21
1338.741331684861
 31
0.0
100
AcDbText
 73
     2
  0
ARC
  5
137A
330
1F
100
AcDbEntity
  8
POZ BALON (BEYKENT)
100
AcDbCircle
 10
4059.108009369385
 20
1338.741331684861
 30
0.0
 40
7.0
100
AcDbArc
 50
90.0
 51
270.0
  0
LINE
  5
137B
330
1F
100
AcDbEntity
  8
POZ BALON (BEYKENT)
100
AcDbLine
 10
4059.108009369385
 20
1345.741331684861
 30
0.0
 11
4059.275708786776
 21
1345.741331684861
 31
0.0
  0
LINE
  5
137C
330
1F
100
AcDbEntity
  8
POZ BALON (BEYKENT)
100
AcDbLine
 10
4059.108009369385
 20
1331.741331684861
 30
0.0
 11
4059.275708786776
 21
1331.741331684861
 31
0.0
  0
ARC
  5
137D
330
1F
100
AcDbEntity
  8
POZ BALON (BEYKENT)
100
AcDbCircle
 10
4059.275708786776
 20
1338.741331684861
 30
0.0
 40
7.0
100
AcDbArc
 50
270.0
 51
90.0
  0
TEXT
  5
137E
330
1F
100
AcDbEntity
  8
POZ NO (BEYKENT)
100
AcDbText
 10
3516.701195149869
 20
1369.926661555473
 30
0.0
 40
10.0
  1
32
 41
0.8
  7
YAZI (BEYKENT)
 72
     1
 11
3521.193629812868
 21
1374.926661555473
 31
0.0
100
AcDbText
 73
     2
  0
ARC
  5
137F
330
1F
100
AcDbEntity
  8
POZ BALON (BEYKENT)
100
AcDbCircle
 10
3520.642896061978
 20
1374.926661555473
 30
0.0
 40
7.0
100
AcDbArc
 50
90.0
 51
270.0
  0
LINE
  5
1380
330
1F
100
AcDbEntity
  8
POZ BALON (BEYKENT)
100
AcDbLine
 10
3520.642896061978
 20
1381.926661555473
 30
0.0
 11
3521.744363563757
 21
1381.926661555473
 31
0.0
  0
LINE
  5
1381
330
1F
100
AcDbEntity
  8
POZ BALON (BEYKENT)
100
AcDbLine
 10
3520.642896061978
 20
1367.926661555473
 30
0.0
 11
3521.744363563757
 21
1367.926661555473
 31
0.0
  0
ARC
  5
1382
330
1F
100
AcDbEntity
  8
POZ BALON (BEYKENT)
100
AcDbCircle
 10
3521.744363563757
 20
1374.926661555473
 30
0.0
 40
7.0
100
AcDbArc
 50
270.0
 51
90.0
  0
TEXT
  5
1383
330
1F
100
AcDbEntity
  8
POZ NO (BEYKENT)
100
AcDbText
 10
3516.710915628163
 20
1345.104009215537
 30
0.0
 40
10.0
  1
33
 41
0.8
  7
YAZI (BEYKENT)
 72
     1
 11
3521.184093069704
 21
1350.104009215537
 31
0.0
100
AcDbText
 73
     2
  0
ARC
  5
1384
330
1F
100
AcDbEntity
  8
POZ BALON (BEYKENT)
100
AcDbCircle
 10
3520.662580655026
 20
1350.104009215537
 30
0.0
 40
7.0
100
AcDbArc
 50
90.0
 51
270.0
  0
LINE
  5
1385
330
1F
100
AcDbEntity
  8
POZ BALON (BEYKENT)
100
AcDbLine
 10
3520.662580655026
 20
1357.104009215537
 30
0.0
 11
3521.705605484382
 21
1357.104009215537
 31
0.0
  0
LINE
  5
1386
330
1F
100
AcDbEntity
  8
POZ BALON (BEYKENT)
100
AcDbLine
 10
3520.662580655026
 20
1343.104009215537
 30
0.0
 11
3521.705605484382
 21
1343.104009215537
 31
0.0
  0
ARC
  5
1387
330
1F
100
AcDbEntity
  8
POZ BALON (BEYKENT)
100
AcDbCircle
 10
3521.705605484382
 20
1350.104009215537
 30
0.0
 40
7.0
100
AcDbArc
 50
270.0
 51
90.0
  0
TEXT
  5
1388
330
1F
100
AcDbEntity
  8
POZ NO (BEYKENT)
100
AcDbText
 10
8123.048807157099
 20
1778.147100376948
 30
0.0
 40
10.0
  1
34
 50
90.0
 41
0.8
  7
YAZI (BEYKENT)
 72
     1
 11
8118.048807157098
 21
1782.818352096342
 31
0.0
100
AcDbText
 73
     2
  0
ARC
  5
1389
330
1F
100
AcDbEntity
  8
POZ BALON (BEYKENT)
100
AcDbCircle
 10
8118.048807157098
 20
1782.100667995684
 30
0.0
 40
7.0
100
AcDbArc
 50
180.0
 51
0.0
  0
LINE
  5
138A
330
1F
100
AcDbEntity
  8
POZ BALON (BEYKENT)
100
AcDbLine
 10
8111.048807157098
 20
1782.100667995684
 30
0.0
 11
8111.048807157098
 21
1783.536036197
 31
0.0
  0
LINE
  5
138B
330
1F
100
AcDbEntity
  8
POZ BALON (BEYKENT)
100
AcDbLine
 10
8125.048807157098
 20
1782.100667995684
 30
0.0
 11
8125.048807157098
 21
1783.536036197
 31
0.0
  0
ARC
  5
138C
330
1F
100
AcDbEntity
  8
POZ BALON (BEYKENT)
100
AcDbCircle
 10
8118.048807157098
 20
1783.536036197
 30
0.0
 40
7.0
100
AcDbArc
 50
0.0
 51
180.0
  0
TEXT
  5
138D
330
1F
100
AcDbEntity
  8
POZ NO (BEYKENT)
100
AcDbText
 10
7407.67782812328
 20
1778.180777001246
 30
0.0
 40
10.0
  1
34
 50
90.0
 41
0.8
  7
YAZI (BEYKENT)
 72
     1
 11
7402.67782812328
 21
1782.85202872064
 31
0.0
100
AcDbText
 73
     2
  0
ARC
  5
138E
330
1F
100
AcDbEntity
  8
POZ BALON (BEYKENT)
100
AcDbCircle
 10
7402.67782812328
 20
1782.134344619982
 30
0.0
 40
7.0
100
AcDbArc
 50
180.0
 51
0.0
  0
LINE
  5
138F
330
1F
100
AcDbEntity
  8
POZ BALON (BEYKENT)
100
AcDbLine
 10
7395.67782812328
 20
1782.134344619982
 30
0.0
 11
7395.67782812328
 21
1783.569712821299
 31
0.0
  0
LINE
  5
1390
330
1F
100
AcDbEntity
  8
POZ BALON (BEYKENT)
100
AcDbLine
 10
7409.67782812328
 20
1782.134344619982
 30
0.0
 11
7409.67782812328
 21
1783.569712821299
 31
0.0
  0
ARC
  5
1391
330
1F
100
AcDbEntity
  8
POZ BALON (BEYKENT)
100
AcDbCircle
 10
7402.67782812328
 20
1783.569712821299
 30
0.0
 40
7.0
100
AcDbArc
 50
0.0
 51
180.0
  0
TEXT
  5
1392
330
1F
100
AcDbEntity
  8
POZ NO (BEYKENT)
100
AcDbText
 10
6465.119324149924
 20
1778.134583401545
 30
0.0
 40
10.0
  1
34
 50
90.0
 41
0.8
  7
YAZI (BEYKENT)
 72
     1
 11
6460.119324149925
 21
1782.805835120939
 31
0.0
100
AcDbText
 73
     2
  0
ARC
  5
1393
330
1F
100
AcDbEntity
  8
POZ BALON (BEYKENT)
100
AcDbCircle
 10
6460.119324149925
 20
1782.088151020281
 30
0.0
 40
7.0
100
AcDbArc
 50
180.0
 51
0.0
  0
LINE
  5
1394
330
1F
100
AcDbEntity
  8
POZ BALON (BEYKENT)
100
AcDbLine
 10
6453.119324149923
 20
1782.088151020281
 30
0.0
 11
6453.119324149923
 21
1783.523519221598
 31
0.0
  0
LINE
  5
1395
330
1F
100
AcDbEntity
  8
POZ BALON (BEYKENT)
100
AcDbLine
 10
6467.119324149924
 20
1782.088151020281
 30
0.0
 11
6467.119324149924
 21
1783.523519221598
 31
0.0
  0
ARC
  5
1396
330
1F
100
AcDbEntity
  8
POZ BALON (BEYKENT)
100
AcDbCircle
 10
6460.119324149925
 20
1783.523519221598
 30
0.0
 40
7.0
100
AcDbArc
 50
0.0
 51
180.0
  0
TEXT
  5
1397
330
1F
100
AcDbEntity
  8
POZ NO (BEYKENT)
100
AcDbText
 10
5857.124260714172
 20
1778.134583401545
 30
0.0
 40
10.0
  1
34
 50
90.0
 41
0.8
  7
YAZI (BEYKENT)
 72
     1
 11
5852.124260714172
 21
1782.805835120939
 31
0.0
100
AcDbText
 73
     2
  0
ARC
  5
1398
330
1F
100
AcDbEntity
  8
POZ BALON (BEYKENT)
100
AcDbCircle
 10
5852.124260714172
 20
1782.088151020281
 30
0.0
 40
7.0
100
AcDbArc
 50
180.0
 51
0.0
  0
LINE
  5
1399
330
1F
100
AcDbEntity
  8
POZ BALON (BEYKENT)
100
AcDbLine
 10
5845.124260714172
 20
1782.088151020281
 30
0.0
 11
5845.124260714172
 21
1783.523519221598
 31
0.0
  0
LINE
  5
139A
330
1F
100
AcDbEntity
  8
POZ BALON (BEYKENT)
100
AcDbLine
 10
5859.124260714172
 20
1782.088151020281
 30
0.0
 11
5859.124260714172
 21
1783.523519221598
 31
0.0
  0
ARC
  5
139B
330
1F
100
AcDbEntity
  8
POZ BALON (BEYKENT)
100
AcDbCircle
 10
5852.124260714172
 20
1783.523519221598
 30
0.0
 40
7.0
100
AcDbArc
 50
0.0
 51
180.0
  0
TEXT
  5
139C
330
1F
100
AcDbEntity
  8
POZ NO (BEYKENT)
100
AcDbText
 10
4852.248214867093
 20
1778.138755726679
 30
0.0
 40
10.0
  1
34
 50
90.0
 41
0.8
  7
YAZI (BEYKENT)
 72
     1
 11
4847.248214867093
 21
1782.810007446074
 31
0.0
100
AcDbText
 73
     2
  0
ARC
  5
139D
330
1F
100
AcDbEntity
  8
POZ BALON (BEYKENT)
100
AcDbCircle
 10
4847.248214867093
 20
1782.092323345416
 30
0.0
 40
7.0
100
AcDbArc
 50
180.0
 51
0.0
  0
LINE
  5
139E
330
1F
100
AcDbEntity
  8
POZ BALON (BEYKENT)
100
AcDbLine
 10
4840.248214867093
 20
1782.092323345416
 30
0.0
 11
4840.248214867093
 21
1783.527691546732
 31
0.0
  0
LINE
  5
139F
330
1F
100
AcDbEntity
  8
POZ BALON (BEYKENT)
100
AcDbLine
 10
4854.248214867094
 20
1782.092323345416
 30
0.0
 11
4854.248214867094
 21
1783.527691546732
 31
0.0
  0
ARC
  5
13A0
330
1F
100
AcDbEntity
  8
POZ BALON (BEYKENT)
100
AcDbCircle
 10
4847.248214867093
 20
1783.527691546732
 30
0.0
 40
7.0
100
AcDbArc
 50
0.0
 51
180.0
  0
TEXT
  5
13A1
330
1F
100
AcDbEntity
  8
POZ NO (BEYKENT)
100
AcDbText
 10
3237.441809675318
 20
1778.205810952051
 30
0.0
 40
10.0
  1
34
 50
90.0
 41
0.8
  7
YAZI (BEYKENT)
 72
     1
 11
3232.441809675318
 21
1782.877062671446
 31
0.0
100
AcDbText
 73
     2
  0
ARC
  5
13A2
330
1F
100
AcDbEntity
  8
POZ BALON (BEYKENT)
100
AcDbCircle
 10
3232.441809675318
 20
1782.159378570788
 30
0.0
 40
7.0
100
AcDbArc
 50
180.0
 51
0.0
  0
LINE
  5
13A3
330
1F
100
AcDbEntity
  8
POZ BALON (BEYKENT)
100
AcDbLine
 10
3225.441809675318
 20
1782.159378570788
 30
0.0
 11
3225.441809675318
 21
1783.594746772104
 31
0.0
  0
LINE
  5
13A4
330
1F
100
AcDbEntity
  8
POZ BALON (BEYKENT)
100
AcDbLine
 10
3239.441809675318
 20
1782.159378570788
 30
0.0
 11
3239.441809675318
 21
1783.594746772104
 31
0.0
  0
ARC
  5
13A5
330
1F
100
AcDbEntity
  8
POZ BALON (BEYKENT)
100
AcDbCircle
 10
3232.441809675318
 20
1783.594746772104
 30
0.0
 40
7.0
100
AcDbArc
 50
0.0
 51
180.0
  0
TEXT
  5
13A6
330
1F
100
AcDbEntity
  8
POZ NO (BEYKENT)
100
AcDbText
 10
8147.875929845392
 20
1778.275115215627
 30
0.0
 40
10.0
  1
35
 50
90.0
 41
0.8
  7
YAZI (BEYKENT)
 72
     1
 11
8142.875929845391
 21
1782.808815353178
 31
0.0
100
AcDbText
 73
     2
  0
ARC
  5
13A7
330
1F
100
AcDbEntity
  8
POZ BALON (BEYKENT)
100
AcDbCircle
 10
8142.875929845391
 20
1782.266697269131
 30
0.0
 40
7.0
100
AcDbArc
 50
180.0
 51
0.0
  0
LINE
  5
13A8
330
1F
100
AcDbEntity
  8
POZ BALON (BEYKENT)
100
AcDbLine
 10
8135.875929845392
 20
1782.266697269131
 30
0.0
 11
8135.875929845392
 21
1783.350933437225
 31
0.0
  0
LINE
  5
13A9
330
1F
100
AcDbEntity
  8
POZ BALON (BEYKENT)
100
AcDbLine
 10
8149.875929845391
 20
1782.266697269131
 30
0.0
 11
8149.875929845391
 21
1783.350933437225
 31
0.0
  0
ARC
  5
13AA
330
1F
100
AcDbEntity
  8
POZ BALON (BEYKENT)
100
AcDbCircle
 10
8142.875929845391
 20
1783.350933437225
 30
0.0
 40
7.0
100
AcDbArc
 50
0.0
 51
180.0
  0
TEXT
  5
13AB
330
1F
100
AcDbEntity
  8
POZ NO (BEYKENT)
100
AcDbText
 10
7432.504950811574
 20
1778.308791839925
 30
0.0
 40
10.0
  1
35
 50
90.0
 41
0.8
  7
YAZI (BEYKENT)
 72
     1
 11
7427.504950811574
 21
1782.842491977476
 31
0.0
100
AcDbText
 73
     2
  0
ARC
  5
13AC
330
1F
100
AcDbEntity
  8
POZ BALON (BEYKENT)
100
AcDbCircle
 10
7427.504950811574
 20
1782.300373893429
 30
0.0
 40
7.0
100
AcDbArc
 50
180.0
 51
0.0
  0
LINE
  5
13AD
330
1F
100
AcDbEntity
  8
POZ BALON (BEYKENT)
100
AcDbLine
 10
7420.504950811573
 20
1782.300373893429
 30
0.0
 11
7420.504950811573
 21
1783.384610061524
 31
0.0
  0
LINE
  5
13AE
330
1F
100
AcDbEntity
  8
POZ BALON (BEYKENT)
100
AcDbLine
 10
7434.504950811573
 20
1782.300373893429
 30
0.0
 11
7434.504950811573
 21
1783.384610061524
 31
0.0
  0
ARC
  5
13AF
330
1F
100
AcDbEntity
  8
POZ BALON (BEYKENT)
100
AcDbCircle
 10
7427.504950811574
 20
1783.384610061524
 30
0.0
 40
7.0
100
AcDbArc
 50
0.0
 51
180.0
  0
TEXT
  5
13B0
330
1F
100
AcDbEntity
  8
POZ NO (BEYKENT)
100
AcDbText
 10
6489.946148814993
 20
1778.262598240224
 30
0.0
 40
10.0
  1
35
 50
90.0
 41
0.8
  7
YAZI (BEYKENT)
 72
     1
 11
6484.946148814994
 21
1782.796298377775
 31
0.0
100
AcDbText
 73
     2
  0
ARC
  5
13B1
330
1F
100
AcDbEntity
  8
POZ BALON (BEYKENT)
100
AcDbCircle
 10
6484.946148814994
 20
1782.254180293728
 30
0.0
 40
7.0
100
AcDbArc
 50
180.0
 51
0.0
  0
LINE
  5
13B2
330
1F
100
AcDbEntity
  8
POZ BALON (BEYKENT)
100
AcDbLine
 10
6477.946148814993
 20
1782.254180293728
 30
0.0
 11
6477.946148814993
 21
1783.338416461823
 31
0.0
  0
LINE
  5
13B3
330
1F
100
AcDbEntity
  8
POZ BALON (BEYKENT)
100
AcDbLine
 10
6491.946148814993
 20
1782.254180293728
 30
0.0
 11
6491.946148814993
 21
1783.338416461823
 31
0.0
  0
ARC
  5
13B4
330
1F
100
AcDbEntity
  8
POZ BALON (BEYKENT)
100
AcDbCircle
 10
6484.946148814994
 20
1783.338416461823
 30
0.0
 40
7.0
100
AcDbArc
 50
0.0
 51
180.0
  0
TEXT
  5
13B5
330
1F
100
AcDbEntity
  8
POZ NO (BEYKENT)
100
AcDbText
 10
5881.951085379242
 20
1778.262598240224
 30
0.0
 40
10.0
  1
35
 50
90.0
 41
0.8
  7
YAZI (BEYKENT)
 72
     1
 11
5876.951085379242
 21
1782.796298377775
 31
0.0
100
AcDbText
 73
     2
  0
ARC
  5
13B6
330
1F
100
AcDbEntity
  8
POZ BALON (BEYKENT)
100
AcDbCircle
 10
5876.951085379242
 20
1782.254180293728
 30
0.0
 40
7.0
100
AcDbArc
 50
180.0
 51
0.0
  0
LINE
  5
13B7
330
1F
100
AcDbEntity
  8
POZ BALON (BEYKENT)
100
AcDbLine
 10
5869.951085379241
 20
1782.254180293728
 30
0.0
 11
5869.951085379241
 21
1783.338416461823
 31
0.0
  0
LINE
  5
13B8
330
1F
100
AcDbEntity
  8
POZ BALON (BEYKENT)
100
AcDbLine
 10
5883.951085379242
 20
1782.254180293728
 30
0.0
 11
5883.951085379242
 21
1783.338416461823
 31
0.0
  0
ARC
  5
13B9
330
1F
100
AcDbEntity
  8
POZ BALON (BEYKENT)
100
AcDbCircle
 10
5876.951085379242
 20
1783.338416461823
 30
0.0
 40
7.0
100
AcDbArc
 50
0.0
 51
180.0
  0
TEXT
  5
13BA
330
1F
100
AcDbEntity
  8
POZ NO (BEYKENT)
100
AcDbText
 10
4877.075039532162
 20
1778.266770565358
 30
0.0
 40
10.0
  1
35
 50
90.0
 41
0.8
  7
YAZI (BEYKENT)
 72
     1
 11
4872.075039532163
 21
1782.80047070291
 31
0.0
100
AcDbText
 73
     2
  0
ARC
  5
13BB
330
1F
100
AcDbEntity
  8
POZ BALON (BEYKENT)
100
AcDbCircle
 10
4872.075039532163
 20
1782.258352618862
 30
0.0
 40
7.0
100
AcDbArc
 50
180.0
 51
0.0
  0
LINE
  5
13BC
330
1F
100
AcDbEntity
  8
POZ BALON (BEYKENT)
100
AcDbLine
 10
4865.075039532163
 20
1782.258352618862
 30
0.0
 11
4865.075039532163
 21
1783.342588786957
 31
0.0
  0
LINE
  5
13BD
330
1F
100
AcDbEntity
  8
POZ BALON (BEYKENT)
100
AcDbLine
 10
4879.075039532163
 20
1782.258352618862
 30
0.0
 11
4879.075039532163
 21
1783.342588786957
 31
0.0
  0
ARC
  5
13BE
330
1F
100
AcDbEntity
  8
POZ BALON (BEYKENT)
100
AcDbCircle
 10
4872.075039532163
 20
1783.342588786957
 30
0.0
 40
7.0
100
AcDbArc
 50
0.0
 51
180.0
  0
TEXT
  5
13BF
330
1F
100
AcDbEntity
  8
POZ NO (BEYKENT)
100
AcDbText
 10
4485.086698144044
 20
1778.317136490193
 30
0.0
 40
10.0
  1
35
 50
90.0
 41
0.8
  7
YAZI (BEYKENT)
 72
     1
 11
4480.086698144044
 21
1782.850836627745
 31
0.0
100
AcDbText
 73
     2
  0
ARC
  5
13C0
330
1F
100
AcDbEntity
  8
POZ BALON (BEYKENT)
100
AcDbCircle
 10
4480.086698144044
 20
1782.308718543698
 30
0.0
 40
7.0
100
AcDbArc
 50
180.0
 51
0.0
  0
LINE
  5
13C1
330
1F
100
AcDbEntity
  8
POZ BALON (BEYKENT)
100
AcDbLine
 10
4473.086698144045
 20
1782.308718543698
 30
0.0
 11
4473.086698144045
 21
1783.392954711792
 31
0.0
  0
LINE
  5
13C2
330
1F
100
AcDbEntity
  8
POZ BALON (BEYKENT)
100
AcDbLine
 10
4487.086698144045
 20
1782.308718543698
 30
0.0
 11
4487.086698144045
 21
1783.392954711792
 31
0.0
  0
ARC
  5
13C3
330
1F
100
AcDbEntity
  8
POZ BALON (BEYKENT)
100
AcDbCircle
 10
4480.086698144044
 20
1783.392954711792
 30
0.0
 40
7.0
100
AcDbArc
 50
0.0
 51
180.0
  0
TEXT
  5
13C4
330
1F
100
AcDbEntity
  8
POZ NO (BEYKENT)
100
AcDbText
 10
3951.485273768205
 20
1778.350813114492
 30
0.0
 40
10.0
  1
35
 50
90.0
 41
0.8
  7
YAZI (BEYKENT)
 72
     1
 11
3946.485273768205
 21
1782.884513252043
 31
0.0
100
AcDbText
 73
     2
  0
ARC
  5
13C5
330
1F
100
AcDbEntity
  8
POZ BALON (BEYKENT)
100
AcDbCircle
 10
3946.485273768205
 20
1782.342395167996
 30
0.0
 40
7.0
100
AcDbArc
 50
180.0
 51
0.0
  0
LINE
  5
13C6
330
1F
100
AcDbEntity
  8
POZ BALON (BEYKENT)
100
AcDbLine
 10
3939.485273768205
 20
1782.342395167996
 30
0.0
 11
3939.485273768205
 21
1783.42663133609
 31
0.0
  0
LINE
  5
13C7
330
1F
100
AcDbEntity
  8
POZ BALON (BEYKENT)
100
AcDbLine
 10
3953.485273768205
 20
1782.342395167996
 30
0.0
 11
3953.485273768205
 21
1783.42663133609
 31
0.0
  0
ARC
  5
13C8
330
1F
100
AcDbEntity
  8
POZ BALON (BEYKENT)
100
AcDbCircle
 10
3946.485273768205
 20
1783.42663133609
 30
0.0
 40
7.0
100
AcDbArc
 50
0.0
 51
180.0
  0
TEXT
  5
13C9
330
1F
100
AcDbEntity
  8
POZ NO (BEYKENT)
100
AcDbText
 10
3262.268932363612
 20
1778.333825790731
 30
0.0
 40
10.0
  1
35
 50
90.0
 41
0.8
  7
YAZI (BEYKENT)
 72
     1
 11
3257.268932363611
 21
1782.867525928282
 31
0.0
100
AcDbText
 73
     2
  0
ARC
  5
13CA
330
1F
100
AcDbEntity
  8
POZ BALON (BEYKENT)
100
AcDbCircle
 10
3257.268932363611
 20
1782.325407844235
 30
0.0
 40
7.0
100
AcDbArc
 50
180.0
 51
0.0
  0
LINE
  5
13CB
330
1F
100
AcDbEntity
  8
POZ BALON (BEYKENT)
100
AcDbLine
 10
3250.268932363611
 20
1782.325407844235
 30
0.0
 11
3250.268932363611
 21
1783.409644012329
 31
0.0
  0
LINE
  5
13CC
330
1F
100
AcDbEntity
  8
POZ BALON (BEYKENT)
100
AcDbLine
 10
3264.268932363612
 20
1782.325407844235
 30
0.0
 11
3264.268932363612
 21
1783.409644012329
 31
0.0
  0
ARC
  5
13CD
330
1F
100
AcDbEntity
  8
POZ BALON (BEYKENT)
100
AcDbCircle
 10
3257.268932363611
 20
1783.409644012329
 30
0.0
 40
7.0
100
AcDbArc
 50
0.0
 51
180.0
  0
TEXT
  5
13CE
330
1F
100
AcDbEntity
  8
POZ NO (BEYKENT)
100
AcDbText
 10
4158.388617241104
 20
1752.58491549416
 30
0.0
 40
10.0
  1
36
 41
0.8
  7
YAZI (BEYKENT)
 72
     1
 11
4162.801271986634
 21
1757.58491549416
 31
0.0
100
AcDbText
 73
     2
  0
ARC
  5
13CF
330
1F
100
AcDbEntity
  8
POZ BALON (BEYKENT)
100
AcDbCircle
 10
4162.283183927862
 20
1757.58491549416
 30
0.0
 40
7.0
100
AcDbArc
 50
90.0
 51
270.0
  0
LINE
  5
13D0
330
1F
100
AcDbEntity
  8
POZ BALON (BEYKENT)
100
AcDbLine
 10
4162.283183927862
 20
1764.58491549416
 30
0.0
 11
4163.319360045407
 21
1764.58491549416
 31
0.0
  0
LINE
  5
13D1
330
1F
100
AcDbEntity
  8
POZ BALON (BEYKENT)
100
AcDbLine
 10
4162.283183927862
 20
1750.58491549416
 30
0.0
 11
4163.319360045407
 21
1750.58491549416
 31
0.0
  0
ARC
  5
13D2
330
1F
100
AcDbEntity
  8
POZ BALON (BEYKENT)
100
AcDbCircle
 10
4163.319360045407
 20
1757.58491549416
 30
0.0
 40
7.0
100
AcDbArc
 50
270.0
 51
90.0
  0
TEXT
  5
13D3
330
1F
100
AcDbEntity
  8
POZ NO (BEYKENT)
100
AcDbText
 10
3620.408510560709
 20
1764.034734123015
 30
0.0
 40
10.0
  1
37
 41
0.8
  7
YAZI (BEYKENT)
 72
     1
 11
3624.79365498987
 21
1769.034734123015
 31
0.0
100
AcDbText
 73
     2
  0
ARC
  5
13D4
330
1F
100
AcDbEntity
  8
POZ BALON (BEYKENT)
100
AcDbCircle
 10
3624.30965316924
 20
1769.034734123015
 30
0.0
 40
7.0
100
AcDbArc
 50
90.0
 51
270.0
  0
LINE
  5
13D5
330
1F
100
AcDbEntity
  8
POZ BALON (BEYKENT)
100
AcDbLine
 10
3624.30965316924
 20
1776.034734123015
 30
0.0
 11
3625.2776568105
 21
1776.034734123015
 31
0.0
  0
LINE
  5
13D6
330
1F
100
AcDbEntity
  8
POZ BALON (BEYKENT)
100
AcDbLine
 10
3624.30965316924
 20
1762.034734123015
 30
0.0
 11
3625.2776568105
 21
1762.034734123015
 31
0.0
  0
ARC
  5
13D7
330
1F
100
AcDbEntity
  8
POZ BALON (BEYKENT)
100
AcDbCircle
 10
3625.2776568105
 20
1769.034734123015
 30
0.0
 40
7.0
100
AcDbArc
 50
270.0
 51
90.0
  0
TEXT
  5
13D8
330
1F
100
AcDbEntity
  8
POZ NO (BEYKENT)
100
AcDbText
 10
3032.998377450921
 20
1752.516640728506
 30
0.0
 40
10.0
  1
38
 41
0.8
  7
YAZI (BEYKENT)
 72
     1
 11
3037.551334809931
 21
1757.516640728506
 31
0.0
100
AcDbText
 73
     2
  0
ARC
  5
13D9
330
1F
100
AcDbEntity
  8
POZ BALON (BEYKENT)
100
AcDbCircle
 10
3036.988509693354
 20
1757.516640728506
 30
0.0
 40
7.0
100
AcDbArc
 50
90.0
 51
270.0
  0
LINE
  5
13DA
330
1F
100
AcDbEntity
  8
POZ BALON (BEYKENT)
100
AcDbLine
 10
3036.988509693354
 20
1764.516640728506
 30
0.0
 11
3038.114159926507
 21
1764.516640728506
 31
0.0
  0
LINE
  5
13DB
330
1F
100
AcDbEntity
  8
POZ BALON (BEYKENT)
100
AcDbLine
 10
3036.988509693354
 20
1750.516640728506
 30
0.0
 11
3038.114159926507
 21
1750.516640728506
 31
0.0
  0
ARC
  5
13DC
330
1F
100
AcDbEntity
  8
POZ BALON (BEYKENT)
100
AcDbCircle
 10
3038.114159926507
 20
1757.516640728506
 30
0.0
 40
7.0
100
AcDbArc
 50
270.0
 51
90.0
  0
TEXT
  5
13DD
330
1F
100
AcDbEntity
  8
POZ NO (BEYKENT)
100
AcDbText
 10
8111.653656820021
 20
1102.23631753742
 30
0.0
 40
10.0
  1
39
 50
90.0
 41
0.8
  7
YAZI (BEYKENT)
 72
     1
 11
8106.65365682002
 21
1106.64897228295
 31
0.0
100
AcDbText
 73
     2
  0
ARC
  5
13DE
330
1F
100
AcDbEntity
  8
POZ BALON (BEYKENT)
100
AcDbCircle
 10
8106.65365682002
 20
1106.130884224175
 30
0.0
 40
7.0
100
AcDbArc
 50
180.0
 51
0.0
  0
LINE
  5
13DF
330
1F
100
AcDbEntity
  8
POZ BALON (BEYKENT)
100
AcDbLine
 10
8099.653656820022
 20
1106.130884224175
 30
0.0
 11
8099.653656820022
 21
1107.167060341724
 31
0.0
  0
LINE
  5
13E0
330
1F
100
AcDbEntity
  8
POZ BALON (BEYKENT)
100
AcDbLine
 10
8113.653656820021
 20
1106.130884224175
 30
0.0
 11
8113.653656820021
 21
1107.167060341724
 31
0.0
  0
ARC
  5
13E1
330
1F
100
AcDbEntity
  8
POZ BALON (BEYKENT)
100
AcDbCircle
 10
8106.65365682002
 20
1107.167060341724
 30
0.0
 40
7.0
100
AcDbArc
 50
0.0
 51
180.0
  0
TEXT
  5
13E2
330
1F
100
AcDbEntity
  8
POZ NO (BEYKENT)
100
AcDbText
 10
7392.8685993082
 20
1105.953341014233
 30
0.0
 40
10.0
  1
39
 50
90.0
 41
0.8
  7
YAZI (BEYKENT)
 72
     1
 11
7387.8685993082
 21
1110.365995759762
 31
0.0
100
AcDbText
 73
     2
  0
ARC
  5
13E3
330
1F
100
AcDbEntity
  8
POZ BALON (BEYKENT)
100
AcDbCircle
 10
7387.8685993082
 20
1109.847907700988
 30
0.0
 40
7.0
100
AcDbArc
 50
180.0
 51
0.0
  0
LINE
  5
13E4
330
1F
100
AcDbEntity
  8
POZ BALON (BEYKENT)
100
AcDbLine
 10
7380.868599308199
 20
1109.847907700988
 30
0.0
 11
7380.868599308199
 21
1110.884083818537
 31
0.0
  0
LINE
  5
13E5
330
1F
100
AcDbEntity
  8
POZ BALON (BEYKENT)
100
AcDbLine
 10
7394.8685993082
 20
1109.847907700988
 30
0.0
 11
7394.8685993082
 21
1110.884083818537
 31
0.0
  0
ARC
  5
13E6
330
1F
100
AcDbEntity
  8
POZ BALON (BEYKENT)
100
AcDbCircle
 10
7387.8685993082
 20
1110.884083818537
 30
0.0
 40
7.0
100
AcDbArc
 50
0.0
 51
180.0
  0
TEXT
  5
13E7
330
1F
100
AcDbEntity
  8
POZ NO (BEYKENT)
100
AcDbText
 10
5844.949764093395
 20
1124.214811803322
 30
0.0
 40
10.0
  1
39
 50
90.0
 41
0.8
  7
YAZI (BEYKENT)
 72
     1
 11
5839.949764093395
 21
1128.627466548852
 31
0.0
100
AcDbText
 73
     2
  0
ARC
  5
13E8
330
1F
100
AcDbEntity
  8
POZ BALON (BEYKENT)
100
AcDbCircle
 10
5839.949764093395
 20
1128.109378490077
 30
0.0
 40
7.0
100
AcDbArc
 50
180.0
 51
0.0
  0
LINE
  5
13E9
330
1F
100
AcDbEntity
  8
POZ BALON (BEYKENT)
100
AcDbLine
 10
5832.949764093395
 20
1128.109378490077
 30
0.0
 11
5832.949764093395
 21
1129.145554607627
 31
0.0
  0
LINE
  5
13EA
330
1F
100
AcDbEntity
  8
POZ BALON (BEYKENT)
100
AcDbLine
 10
5846.949764093395
 20
1128.109378490077
 30
0.0
 11
5846.949764093395
 21
1129.145554607627
 31
0.0
  0
ARC
  5
13EB
330
1F
100
AcDbEntity
  8
POZ BALON (BEYKENT)
100
AcDbCircle
 10
5839.949764093395
 20
1129.145554607627
 30
0.0
 40
7.0
100
AcDbArc
 50
0.0
 51
180.0
  0
TEXT
  5
13EC
330
1F
100
AcDbEntity
  8
POZ NO (BEYKENT)
100
AcDbText
 10
4843.514693494431
 20
1132.354673174676
 30
0.0
 40
10.0
  1
39
 50
90.0
 41
0.8
  7
YAZI (BEYKENT)
 72
     1
 11
4838.514693494431
 21
1136.767327920206
 31
0.0
100
AcDbText
 73
     2
  0
ARC
  5
13ED
330
1F
100
AcDbEntity
  8
POZ BALON (BEYKENT)
100
AcDbCircle
 10
4838.514693494431
 20
1136.249239861431
 30
0.0
 40
7.0
100
AcDbArc
 50
180.0
 51
0.0
  0
LINE
  5
13EE
330
1F
100
AcDbEntity
  8
POZ BALON (BEYKENT)
100
AcDbLine
 10
4831.514693494431
 20
1136.249239861431
 30
0.0
 11
4831.514693494431
 21
1137.28541597898
 31
0.0
  0
LINE
  5
13EF
330
1F
100
AcDbEntity
  8
POZ BALON (BEYKENT)
100
AcDbLine
 10
4845.514693494432
 20
1136.249239861431
 30
0.0
 11
4845.514693494432
 21
1137.28541597898
 31
0.0
  0
ARC
  5
13F0
330
1F
100
AcDbEntity
  8
POZ BALON (BEYKENT)
100
AcDbCircle
 10
4838.514693494431
 20
1137.28541597898
 30
0.0
 40
7.0
100
AcDbArc
 50
0.0
 51
180.0
  0
TEXT
  5
13F1
330
1F
100
AcDbEntity
  8
POZ NO (BEYKENT)
100
AcDbText
 10
7857.76989364529
 20
1369.640178075867
 30
0.0
 40
10.0
  1
40
 41
0.8
  7
YAZI (BEYKENT)
 72
     1
 11
7862.542933535249
 21
1374.640178075867
 31
0.0
100
AcDbText
 73
     2
  0
ARC
  5
13F2
330
1F
100
AcDbEntity
  8
POZ BALON (BEYKENT)
100
AcDbCircle
 10
7861.88393089773
 20
1374.640178075867
 30
0.0
 40
7.0
100
AcDbArc
 50
90.0
 51
270.0
  0
LINE
  5
13F3
330
1F
100
AcDbEntity
  8
POZ BALON (BEYKENT)
100
AcDbLine
 10
7861.88393089773
 20
1381.640178075867
 30
0.0
 11
7863.201936172768
 21
1381.640178075867
 31
0.0
  0
LINE
  5
13F4
330
1F
100
AcDbEntity
  8
POZ BALON (BEYKENT)
100
AcDbLine
 10
7861.88393089773
 20
1367.640178075867
 30
0.0
 11
7863.201936172768
 21
1367.640178075867
 31
0.0
  0
ARC
  5
13F5
330
1F
100
AcDbEntity
  8
POZ BALON (BEYKENT)
100
AcDbCircle
 10
7863.201936172768
 20
1374.640178075867
 30
0.0
 40
7.0
100
AcDbArc
 50
270.0
 51
90.0
  0
TEXT
  5
13F6
330
1F
100
AcDbEntity
  8
POZ NO (BEYKENT)
100
AcDbText
 10
7858.582915361549
 20
1344.817525735932
 30
0.0
 40
10.0
  1
41
 41
0.8
  7
YAZI (BEYKENT)
 72
     1
 11
7862.533396792085
 21
1349.817525735932
 31
0.0
100
AcDbText
 73
     2
  0
ARC
  5
13F7
330
1F
100
AcDbEntity
  8
POZ BALON (BEYKENT)
100
AcDbCircle
 10
7862.452815541644
 20
1349.817525735932
 30
0.0
 40
7.0
100
AcDbArc
 50
90.0
 51
270.0
  0
LINE
  5
13F8
330
1F
100
AcDbEntity
  8
POZ BALON (BEYKENT)
100
AcDbLine
 10
7862.452815541644
 20
1356.817525735932
 30
0.0
 11
7862.613978042526
 21
1356.817525735932
 31
0.0
  0
LINE
  5
13F9
330
1F
100
AcDbEntity
  8
POZ BALON (BEYKENT)
100
AcDbLine
 10
7862.452815541644
 20
1342.817525735932
 30
0.0
 11
7862.613978042526
 21
1342.817525735932
 31
0.0
  0
ARC
  5
13FA
330
1F
100
AcDbEntity
  8
POZ BALON (BEYKENT)
100
AcDbCircle
 10
7862.613978042526
 20
1349.817525735932
 30
0.0
 40
7.0
100
AcDbArc
 50
270.0
 51
90.0
  0
TEXT
  5
13FB
330
1F
100
AcDbEntity
  8
POZ NO (BEYKENT)
100
AcDbText
 10
6452.778280901734
 20
1075.427629827413
 30
0.0
 40
10.0
  1
42
 50
90.0
 41
0.8
  7
YAZI (BEYKENT)
 72
     1
 11
6447.778280901734
 21
1080.118138768266
 31
0.0
100
AcDbText
 73
     2
  0
ARC
  5
13FC
330
1F
100
AcDbEntity
  8
POZ BALON (BEYKENT)
100
AcDbCircle
 10
6447.778280901734
 20
1079.513696574805
 30
0.0
 40
7.0
100
AcDbArc
 50
180.0
 51
0.0
  0
LINE
  5
13FD
330
1F
100
AcDbEntity
  8
POZ BALON (BEYKENT)
100
AcDbLine
 10
6440.778280901733
 20
1079.513696574805
 30
0.0
 11
6440.778280901733
 21
1080.722580961726
 31
0.0
  0
LINE
  5
13FE
330
1F
100
AcDbEntity
  8
POZ BALON (BEYKENT)
100
AcDbLine
 10
6454.778280901733
 20
1079.513696574805
 30
0.0
 11
6454.778280901733
 21
1080.722580961726
 31
0.0
  0
ARC
  5
13FF
330
1F
100
AcDbEntity
  8
POZ BALON (BEYKENT)
100
AcDbCircle
 10
6447.778280901734
 20
1080.722580961726
 30
0.0
 40
7.0
100
AcDbArc
 50
0.0
 51
180.0
  0
TEXT
  5
1400
330
1F
100
AcDbEntity
  8
POZ NO (BEYKENT)
100
AcDbText
 10
3965.48950301579
 20
1394.239717260839
 30
0.0
 40
10.0
  1
43
 41
0.8
  7
YAZI (BEYKENT)
 72
     1
 11
3970.160754735185
 21
1399.239717260839
 31
0.0
100
AcDbText
 73
     2
  0
ARC
  5
1401
330
1F
100
AcDbEntity
  8
POZ BALON (BEYKENT)
100
AcDbCircle
 10
3969.549224377868
 20
1399.239717260839
 30
0.0
 40
7.0
100
AcDbArc
 50
90.0
 51
270.0
  0
LINE
  5
1402
330
1F
100
AcDbEntity
  8
POZ BALON (BEYKENT)
100
AcDbLine
 10
3969.549224377868
 20
1406.239717260839
 30
0.0
 11
3970.772285092503
 21
1406.239717260839
 31
0.0
  0
LINE
  5
1403
330
1F
100
AcDbEntity
  8
POZ BALON (BEYKENT)
100
AcDbLine
 10
3969.549224377868
 20
1392.239717260839
 30
0.0
 11
3970.772285092503
 21
1392.239717260839
 31
0.0
  0
ARC
  5
1404
330
1F
100
AcDbEntity
  8
POZ BALON (BEYKENT)
100
AcDbCircle
 10
3970.772285092503
 20
1399.239717260839
 30
0.0
 40
7.0
100
AcDbArc
 50
270.0
 51
90.0
  0
TEXT
  5
1405
330
1F
100
AcDbEntity
  8
POZ NO (BEYKENT)
100
AcDbText
 10
3032.682008812682
 20
1358.56428204802
 30
0.0
 40
10.0
  1
44
 41
0.8
  7
YAZI (BEYKENT)
 72
     1
 11
3037.551334809931
 21
1363.56428204802
 31
0.0
100
AcDbText
 73
     2
  0
ARC
  5
1406
330
1F
100
AcDbEntity
  8
POZ BALON (BEYKENT)
100
AcDbCircle
 10
3036.816695720842
 20
1363.56428204802
 30
0.0
 40
7.0
100
AcDbArc
 50
90.0
 51
270.0
  0
LINE
  5
1407
330
1F
100
AcDbEntity
  8
POZ BALON (BEYKENT)
100
AcDbLine
 10
3036.816695720842
 20
1370.56428204802
 30
0.0
 11
3038.285973899019
 21
1370.56428204802
 31
0.0
  0
LINE
  5
1408
330
1F
100
AcDbEntity
  8
POZ BALON (BEYKENT)
100
AcDbLine
 10
3036.816695720842
 20
1356.56428204802
 30
0.0
 11
3038.285973899019
 21
1356.56428204802
 31
0.0
  0
ARC
  5
1409
330
1F
100
AcDbEntity
  8
POZ BALON (BEYKENT)
100
AcDbCircle
 10
3038.285973899019
 20
1363.56428204802
 30
0.0
 40
7.0
100
AcDbArc
 50
270.0
 51
90.0
  0
TEXT
  5
140A
330
1F
100
AcDbEntity
  8
POZ NO (BEYKENT)
100
AcDbText
 10
3032.810023651361
 20
1333.741331684861
 30
0.0
 40
10.0
  1
45
 41
0.8
  7
YAZI (BEYKENT)
 72
     1
 11
3037.541798066766
 21
1338.741331684861
 31
0.0
100
AcDbText
 73
     2
  0
ARC
  5
140B
330
1F
100
AcDbEntity
  8
POZ BALON (BEYKENT)
100
AcDbCircle
 10
3036.948834915991
 20
1338.741331684861
 30
0.0
 40
7.0
100
AcDbArc
 50
90.0
 51
270.0
  0
LINE
  5
140C
330
1F
100
AcDbEntity
  8
POZ BALON (BEYKENT)
100
AcDbLine
 10
3036.948834915991
 20
1345.741331684861
 30
0.0
 11
3038.134761217542
 21
1345.741331684861
 31
0.0
  0
LINE
  5
140D
330
1F
100
AcDbEntity
  8
POZ BALON (BEYKENT)
100
AcDbLine
 10
3036.948834915991
 20
1331.741331684861
 30
0.0
 11
3038.134761217542
 21
1331.741331684861
 31
0.0
  0
ARC
  5
140E
330
1F
100
AcDbEntity
  8
POZ BALON (BEYKENT)
100
AcDbCircle
 10
3038.134761217542
 20
1338.741331684861
 30
0.0
 40
7.0
100
AcDbArc
 50
270.0
 51
90.0
  0
TEXT
  5
140F
330
1F
100
AcDbEntity
  8
POZ NO (BEYKENT)
100
AcDbText
 10
4599.155837801202
 20
1776.41456232369
 30
0.0
 40
10.0
  1
46
 41
0.8
  7
YAZI (BEYKENT)
 72
     1
 11
4603.766566824586
 21
1781.41456232369
 31
0.0
100
AcDbText
 73
     2
  0
ARC
  5
1410
330
1F
100
AcDbEntity
  8
POZ BALON (BEYKENT)
100
AcDbCircle
 10
4603.198286474227
 20
1781.41456232369
 30
0.0
 40
7.0
100
AcDbArc
 50
90.0
 51
270.0
  0
LINE
  5
1411
330
1F
100
AcDbEntity
  8
POZ BALON (BEYKENT)
100
AcDbLine
 10
4603.198286474227
 20
1788.41456232369
 30
0.0
 11
4604.334847174945
 21
1788.41456232369
 31
0.0
  0
LINE
  5
1412
330
1F
100
AcDbEntity
  8
POZ BALON (BEYKENT)
100
AcDbLine
 10
4603.198286474227
 20
1774.41456232369
 30
0.0
 11
4604.334847174945
 21
1774.41456232369
 31
0.0
  0
ARC
  5
1413
330
1F
100
AcDbEntity
  8
POZ BALON (BEYKENT)
100
AcDbCircle
 10
4604.334847174945
 20
1781.41456232369
 30
0.0
 40
7.0
100
AcDbArc
 50
270.0
 51
90.0
  0
TEXT
  5
1414
330
1F
100
AcDbEntity
  8
POZ NO (BEYKENT)
100
AcDbText
 10
7026.384913445228
 20
1539.440448979232
 30
0.0
 40
10.0
  1
47
 50
90.0
 41
0.8
  7
YAZI (BEYKENT)
 72
     1
 11
7021.384913445229
 21
1544.023667686247
 31
0.0
100
AcDbText
 73
     2
  0
ARC
  5
1415
330
1F
100
AcDbEntity
  8
POZ BALON (BEYKENT)
100
AcDbCircle
 10
7021.384913445229
 20
1543.527569378259
 30
0.0
 40
7.0
100
AcDbArc
 50
180.0
 51
0.0
  0
LINE
  5
1416
330
1F
100
AcDbEntity
  8
POZ BALON (BEYKENT)
100
AcDbLine
 10
7014.384913445228
 20
1543.527569378259
 30
0.0
 11
7014.384913445228
 21
1544.519765994236
 31
0.0
  0
LINE
  5
1417
330
1F
100
AcDbEntity
  8
POZ BALON (BEYKENT)
100
AcDbLine
 10
7028.384913445228
 20
1543.527569378259
 30
0.0
 11
7028.384913445228
 21
1544.519765994236
 31
0.0
  0
ARC
  5
1418
330
1F
100
AcDbEntity
  8
POZ BALON (BEYKENT)
100
AcDbCircle
 10
7021.384913445229
 20
1544.519765994236
 30
0.0
 40
7.0
100
AcDbArc
 50
0.0
 51
180.0
  0
TEXT
  5
1419
330
1F
100
AcDbEntity
  8
POZ NO (BEYKENT)
100
AcDbText
 10
6718.820900046161
 20
1539.440448979232
 30
0.0
 40
10.0
  1
47
 50
90.0
 41
0.8
  7
YAZI (BEYKENT)
 72
     1
 11
6713.820900046162
 21
1544.023667686247
 31
0.0
100
AcDbText
 73
     2
  0
ARC
  5
141A
330
1F
100
AcDbEntity
  8
POZ BALON (BEYKENT)
100
AcDbCircle
 10
6713.820900046162
 20
1543.527569378259
 30
0.0
 40
7.0
100
AcDbArc
 50
180.0
 51
0.0
  0
LINE
  5
141B
330
1F
100
AcDbEntity
  8
POZ BALON (BEYKENT)
100
AcDbLine
 10
6706.82090004616
 20
1543.527569378259
 30
0.0
 11
6706.82090004616
 21
1544.519765994236
 31
0.0
  0
LINE
  5
141C
330
1F
100
AcDbEntity
  8
POZ BALON (BEYKENT)
100
AcDbLine
 10
6720.82090004616
 20
1543.527569378259
 30
0.0
 11
6720.82090004616
 21
1544.519765994236
 31
0.0
  0
ARC
  5
141D
330
1F
100
AcDbEntity
  8
POZ BALON (BEYKENT)
100
AcDbCircle
 10
6713.820900046162
 20
1544.519765994236
 30
0.0
 40
7.0
100
AcDbArc
 50
0.0
 51
180.0
  0
TEXT
  5
141E
330
1F
100
AcDbEntity
  8
POZ NO (BEYKENT)
100
AcDbText
 10
5471.384965897316
 20
1539.440448979232
 30
0.0
 40
10.0
  1
47
 50
90.0
 41
0.8
  7
YAZI (BEYKENT)
 72
     1
 11
5466.384965897316
 21
1544.023667686247
 31
0.0
100
AcDbText
 73
     2
  0
ARC
  5
141F
330
1F
100
AcDbEntity
  8
POZ BALON (BEYKENT)
100
AcDbCircle
 10
5466.384965897316
 20
1543.527569378259
 30
0.0
 40
7.0
100
AcDbArc
 50
180.0
 51
0.0
  0
LINE
  5
1420
330
1F
100
AcDbEntity
  8
POZ BALON (BEYKENT)
100
AcDbLine
 10
5459.384965897316
 20
1543.527569378259
 30
0.0
 11
5459.384965897316
 21
1544.519765994236
 31
0.0
  0
LINE
  5
1421
330
1F
100
AcDbEntity
  8
POZ BALON (BEYKENT)
100
AcDbLine
 10
5473.384965897316
 20
1543.527569378259
 30
0.0
 11
5473.384965897316
 21
1544.519765994236
 31
0.0
  0
ARC
  5
1422
330
1F
100
AcDbEntity
  8
POZ BALON (BEYKENT)
100
AcDbCircle
 10
5466.384965897316
 20
1544.519765994236
 30
0.0
 40
7.0
100
AcDbArc
 50
0.0
 51
180.0
  0
TEXT
  5
1423
330
1F
100
AcDbEntity
  8
POZ NO (BEYKENT)
100
AcDbText
 10
4427.580006999512
 20
1521.440442303512
 30
0.0
 40
10.0
  1
47
 50
90.0
 41
0.8
  7
YAZI (BEYKENT)
 72
     1
 11
4422.580006999512
 21
1526.023661010527
 31
0.0
100
AcDbText
 73
     2
  0
ARC
  5
1424
330
1F
100
AcDbEntity
  8
POZ BALON (BEYKENT)
100
AcDbCircle
 10
4422.580006999512
 20
1525.527562702538
 30
0.0
 40
7.0
100
AcDbArc
 50
180.0
 51
0.0
  0
LINE
  5
1425
330
1F
100
AcDbEntity
  8
POZ BALON (BEYKENT)
100
AcDbLine
 10
4415.580006999513
 20
1525.527562702538
 30
0.0
 11
4415.580006999513
 21
1526.519759318516
 31
0.0
  0
LINE
  5
1426
330
1F
100
AcDbEntity
  8
POZ BALON (BEYKENT)
100
AcDbLine
 10
4429.580006999513
 20
1525.527562702538
 30
0.0
 11
4429.580006999513
 21
1526.519759318516
 31
0.0
  0
ARC
  5
1427
330
1F
100
AcDbEntity
  8
POZ BALON (BEYKENT)
100
AcDbCircle
 10
4422.580006999512
 20
1526.519759318516
 30
0.0
 40
7.0
100
AcDbArc
 50
0.0
 51
180.0
  0
TEXT
  5
1428
330
1F
100
AcDbEntity
  8
POZ NO (BEYKENT)
100
AcDbText
 10
3893.978404354723
 20
1521.440442303512
 30
0.0
 40
10.0
  1
47
 50
90.0
 41
0.8
  7
YAZI (BEYKENT)
 72
     1
 11
3888.978404354722
 21
1526.023661010527
 31
0.0
100
AcDbText
 73
     2
  0
ARC
  5
1429
330
1F
100
AcDbEntity
  8
POZ BALON (BEYKENT)
100
AcDbCircle
 10
3888.978404354722
 20
1525.527562702538
 30
0.0
 40
7.0
100
AcDbArc
 50
180.0
 51
0.0
  0
LINE
  5
142A
330
1F
100
AcDbEntity
  8
POZ BALON (BEYKENT)
100
AcDbLine
 10
3881.978404354722
 20
1525.527562702538
 30
0.0
 11
3881.978404354722
 21
1526.519759318516
 31
0.0
  0
LINE
  5
142B
330
1F
100
AcDbEntity
  8
POZ BALON (BEYKENT)
100
AcDbLine
 10
3895.978404354723
 20
1525.527562702538
 30
0.0
 11
3895.978404354723
 21
1526.519759318516
 31
0.0
  0
ARC
  5
142C
330
1F
100
AcDbEntity
  8
POZ BALON (BEYKENT)
100
AcDbCircle
 10
3888.978404354722
 20
1526.519759318516
 30
0.0
 40
7.0
100
AcDbArc
 50
0.0
 51
180.0
  0
TEXT
  5
142D
330
1F
100
AcDbEntity
  8
POZ NO (BEYKENT)
100
AcDbText
 10
5157.420991179369
 20
1539.440448979232
 30
0.0
 40
10.0
  1
47
 50
90.0
 41
0.8
  7
YAZI (BEYKENT)
 72
     1
 11
5152.420991179369
 21
1544.023667686247
 31
0.0
100
AcDbText
 73
     2
  0
ARC
  5
142E
330
1F
100
AcDbEntity
  8
POZ BALON (BEYKENT)
100
AcDbCircle
 10
5152.420991179369
 20
1543.527569378259
 30
0.0
 40
7.0
100
AcDbArc
 50
180.0
 51
0.0
  0
LINE
  5
142F
330
1F
100
AcDbEntity
  8
POZ BALON (BEYKENT)
100
AcDbLine
 10
5145.42099117937
 20
1543.527569378259
 30
0.0
 11
5145.42099117937
 21
1544.519765994236
 31
0.0
  0
LINE
  5
1430
330
1F
100
AcDbEntity
  8
POZ BALON (BEYKENT)
100
AcDbLine
 10
5159.42099117937
 20
1543.527569378259
 30
0.0
 11
5159.42099117937
 21
1544.519765994236
 31
0.0
  0
ARC
  5
1431
330
1F
100
AcDbEntity
  8
POZ BALON (BEYKENT)
100
AcDbCircle
 10
5152.420991179369
 20
1544.519765994236
 30
0.0
 40
7.0
100
AcDbArc
 50
0.0
 51
180.0
  0
TEXT
  5
1432
330
1F
100
AcDbEntity
  8
POZ NO (BEYKENT)
100
AcDbText
 10
6076.012076210977
 20
1391.850647011051
 30
0.0
 40
10.0
  1
48
 41
0.8
  7
YAZI (BEYKENT)
 72
     1
 11
6080.763107847841
 21
1396.850647011051
 31
0.0
100
AcDbText
 73
     2
  0
ARC
  5
1433
330
1F
100
AcDbEntity
  8
POZ BALON (BEYKENT)
100
AcDbCircle
 10
6080.10940412986
 20
1396.850647011051
 30
0.0
 40
7.0
100
AcDbArc
 50
90.0
 51
270.0
  0
LINE
  5
1434
330
1F
100
AcDbEntity
  8
POZ BALON (BEYKENT)
100
AcDbLine
 10
6080.10940412986
 20
1403.850647011051
 30
0.0
 11
6081.416811565821
 21
1403.850647011051
 31
0.0
  0
LINE
  5
1435
330
1F
100
AcDbEntity
  8
POZ BALON (BEYKENT)
100
AcDbLine
 10
6080.10940412986
 20
1389.850647011051
 30
0.0
 11
6081.416811565821
 21
1389.850647011051
 31
0.0
  0
ARC
  5
1436
330
1F
100
AcDbEntity
  8
POZ BALON (BEYKENT)
100
AcDbCircle
 10
6081.416811565821
 20
1396.850647011051
 30
0.0
 40
7.0
100
AcDbArc
 50
270.0
 51
90.0
  0
TEXT
  5
1437
330
1F
100
AcDbEntity
  8
POZ NO (BEYKENT)
100
AcDbText
 10
7601.843417995701
 20
1769.636974685454
 30
0.0
 40
10.0
  1
49
 41
0.8
  7
YAZI (BEYKENT)
 72
     1
 11
7606.454147019086
 21
1774.636974685454
 31
0.0
100
AcDbText
 73
     2
  0
ARC
  5
1438
330
1F
100
AcDbEntity
  8
POZ BALON (BEYKENT)
100
AcDbCircle
 10
7605.883221571345
 20
1774.636974685454
 30
0.0
 40
7.0
100
AcDbArc
 50
90.0
 51
270.0
  0
LINE
  5
1439
330
1F
100
AcDbEntity
  8
POZ BALON (BEYKENT)
100
AcDbLine
 10
7605.883221571345
 20
1781.636974685454
 30
0.0
 11
7607.025072466825
 21
1781.636974685454
 31
0.0
  0
LINE
  5
143A
330
1F
100
AcDbEntity
  8
POZ BALON (BEYKENT)
100
AcDbLine
 10
7605.883221571345
 20
1767.636974685454
 30
0.0
 11
7607.025072466825
 21
1767.636974685454
 31
0.0
  0
ARC
  5
143B
330
1F
100
AcDbEntity
  8
POZ BALON (BEYKENT)
100
AcDbCircle
 10
7607.025072466825
 20
1774.636974685454
 30
0.0
 40
7.0
100
AcDbArc
 50
270.0
 51
90.0
  0
TEXT
  5
143C
330
1F
100
AcDbEntity
  8
POZ NO (BEYKENT)
100
AcDbText
 10
6847.129977472173
 20
1769.636974685454
 30
0.0
 40
10.0
  1
50
 41
0.8
  7
YAZI (BEYKENT)
 72
     1
 11
6851.765465780289
 21
1774.636974685454
 31
0.0
100
AcDbText
 73
     2
  0
ARC
  5
143D
330
1F
100
AcDbEntity
  8
POZ BALON (BEYKENT)
100
AcDbCircle
 10
6851.228508653901
 20
1774.636974685454
 30
0.0
 40
7.0
100
AcDbArc
 50
90.0
 51
270.0
  0
LINE
  5
143E
330
1F
100
AcDbEntity
  8
POZ BALON (BEYKENT)
100
AcDbLine
 10
6851.228508653901
 20
1781.636974685454
 30
0.0
 11
6852.302422906676
 21
1781.636974685454
 31
0.0
  0
LINE
  5
143F
330
1F
100
AcDbEntity
  8
POZ BALON (BEYKENT)
100
AcDbLine
 10
6851.228508653901
 20
1767.636974685454
 30
0.0
 11
6852.302422906676
 21
1767.636974685454
 31
0.0
  0
ARC
  5
1440
330
1F
100
AcDbEntity
  8
POZ BALON (BEYKENT)
100
AcDbCircle
 10
6852.302422906676
 20
1774.636974685454
 30
0.0
 40
7.0
100
AcDbArc
 50
270.0
 51
90.0
  0
TEXT
  5
1441
330
1F
100
AcDbEntity
  8
POZ NO (BEYKENT)
100
AcDbText
 10
5284.953445519775
 20
1769.636974685454
 30
0.0
 40
10.0
  1
50
 41
0.8
  7
YAZI (BEYKENT)
 72
     1
 11
5289.58893382789
 21
1774.636974685454
 31
0.0
100
AcDbText
 73
     2
  0
ARC
  5
1442
330
1F
100
AcDbEntity
  8
POZ BALON (BEYKENT)
100
AcDbCircle
 10
5289.051976701503
 20
1774.636974685454
 30
0.0
 40
7.0
100
AcDbArc
 50
90.0
 51
270.0
  0
LINE
  5
1443
330
1F
100
AcDbEntity
  8
POZ BALON (BEYKENT)
100
AcDbLine
 10
5289.051976701503
 20
1781.636974685454
 30
0.0
 11
5290.125890954278
 21
1781.636974685454
 31
0.0
  0
LINE
  5
1444
330
1F
100
AcDbEntity
  8
POZ BALON (BEYKENT)
100
AcDbLine
 10
5289.051976701503
 20
1767.636974685454
 30
0.0
 11
5290.125890954278
 21
1767.636974685454
 31
0.0
  0
ARC
  5
1445
330
1F
100
AcDbEntity
  8
POZ BALON (BEYKENT)
100
AcDbCircle
 10
5290.125890954278
 20
1774.636974685454
 30
0.0
 40
7.0
100
AcDbArc
 50
270.0
 51
90.0
  0
TEXT
  5
1446
330
1F
100
AcDbEntity
  8
POZ NO (BEYKENT)
100
AcDbText
 10
6086.943823587055
 20
1769.637272708678
 30
0.0
 40
10.0
  1
51
 41
0.8
  7
YAZI (BEYKENT)
 72
     1
 11
6090.756753435748
 21
1774.637272708678
 31
0.0
100
AcDbText
 73
     2
  0
ARC
  5
1447
330
1F
100
AcDbEntity
  8
POZ BALON (BEYKENT)
100
AcDbCircle
 10
6090.743115277768
 20
1774.637272708678
 30
0.0
 40
7.0
100
AcDbArc
 50
90.0
 51
270.0
  0
LINE
  5
1448
330
1F
100
AcDbEntity
  8
POZ BALON (BEYKENT)
100
AcDbLine
 10
6090.743115277768
 20
1781.637272708678
 30
0.0
 11
6090.770391593728
 21
1781.637272708678
 31
0.0
  0
LINE
  5
1449
330
1F
100
AcDbEntity
  8
POZ BALON (BEYKENT)
100
AcDbLine
 10
6090.743115277768
 20
1767.637272708678
 30
0.0
 11
6090.770391593728
 21
1767.637272708678
 31
0.0
  0
ARC
  5
144A
330
1F
100
AcDbEntity
  8
POZ BALON (BEYKENT)
100
AcDbCircle
 10
6090.770391593728
 20
1774.637272708678
 30
0.0
 40
7.0
100
AcDbArc
 50
270.0
 51
90.0
  0
TEXT
  5
144B
330
1F
100
AcDbEntity
  8
POZ NO (BEYKENT)
100
AcDbText
 10
4221.961805386353
 20
1392.668596602649
 30
0.0
 40
10.0
  1
72
 41
0.8
  7
YAZI (BEYKENT)
 72
     1
 11
4226.366207036972
 21
1397.668596602649
 31
0.0
100
AcDbText
 73
     2
  0
ARC
  5
144C
330
1F
100
AcDbEntity
  8
POZ BALON (BEYKENT)
100
AcDbCircle
 10
4225.910751380648
 20
1397.668596602649
 30
0.0
 40
7.0
100
AcDbArc
 50
90.0
 51
270.0
  0
LINE
  5
144D
330
1F
100
AcDbEntity
  8
POZ BALON (BEYKENT)
100
AcDbLine
 10
4225.910751380648
 20
1404.668596602649
 30
0.0
 11
4226.821662693295
 21
1404.668596602649
 31
0.0
  0
LINE
  5
144E
330
1F
100
AcDbEntity
  8
POZ BALON (BEYKENT)
100
AcDbLine
 10
4225.910751380648
 20
1390.668596602649
 30
0.0
 11
4226.821662693295
 21
1390.668596602649
 31
0.0
  0
ARC
  5
144F
330
1F
100
AcDbEntity
  8
POZ BALON (BEYKENT)
100
AcDbCircle
 10
4226.821662693295
 20
1397.668596602649
 30
0.0
 40
7.0
100
AcDbArc
 50
270.0
 51
90.0
  0
TEXT
  5
1450
330
1F
100
AcDbEntity
  8
POZ NO (BEYKENT)
100
AcDbText
 10
3701.913662142281
 20
1401.453615352809
 30
0.0
 40
10.0
  1
72
 41
0.8
  7
YAZI (BEYKENT)
 72
     1
 11
3706.3180637929
 21
1406.453615352809
 31
0.0
100
AcDbText
 73
     2
  0
ARC
  5
1451
330
1F
100
AcDbEntity
  8
POZ BALON (BEYKENT)
100
AcDbCircle
 10
3705.862608136577
 20
1406.453615352809
 30
0.0
 40
7.0
100
AcDbArc
 50
90.0
 51
270.0
  0
LINE
  5
1452
330
1F
100
AcDbEntity
  8
POZ BALON (BEYKENT)
100
AcDbLine
 10
3705.862608136577
 20
1413.453615352809
 30
0.0
 11
3706.773519449224
 21
1413.453615352809
 31
0.0
  0
LINE
  5
1453
330
1F
100
AcDbEntity
  8
POZ BALON (BEYKENT)
100
AcDbLine
 10
3705.862608136577
 20
1399.453615352809
 30
0.0
 11
3706.773519449224
 21
1399.453615352809
 31
0.0
  0
ARC
  5
1454
330
1F
100
AcDbEntity
  8
POZ BALON (BEYKENT)
100
AcDbCircle
 10
3706.773519449224
 20
1406.453615352809
 30
0.0
 40
7.0
100
AcDbArc
 50
270.0
 51
90.0
  0
TEXT
  5
1455
330
1F
100
AcDbEntity
  8
POZ NO (BEYKENT)
100
AcDbText
 10
6743.39736049711
 20
1574.664733137302
 30
0.0
 40
10.0
  1
73
 41
0.8
  7
YAZI (BEYKENT)
 72
     1
 11
6747.782504926272
 21
1579.664733137302
 31
0.0
100
AcDbText
 73
     2
  0
ARC
  5
1456
330
1F
100
AcDbEntity
  8
POZ BALON (BEYKENT)
100
AcDbCircle
 10
6747.315438056623
 20
1579.664733137302
 30
0.0
 40
7.0
100
AcDbArc
 50
90.0
 51
270.0
  0
LINE
  5
1457
330
1F
100
AcDbEntity
  8
POZ BALON (BEYKENT)
100
AcDbLine
 10
6747.315438056623
 20
1586.664733137302
 30
0.0
 11
6748.249571795921
 21
1586.664733137302
 31
0.0
  0
LINE
  5
1458
330
1F
100
AcDbEntity
  8
POZ BALON (BEYKENT)
100
AcDbLine
 10
6747.315438056623
 20
1572.664733137302
 30
0.0
 11
6748.249571795921
 21
1572.664733137302
 31
0.0
  0
ARC
  5
1459
330
1F
100
AcDbEntity
  8
POZ BALON (BEYKENT)
100
AcDbCircle
 10
6748.249571795921
 20
1579.664733137302
 30
0.0
 40
7.0
100
AcDbArc
 50
270.0
 51
90.0
  0
TEXT
  5
145A
330
1F
100
AcDbEntity
  8
POZ NO (BEYKENT)
100
AcDbText
 10
5187.651846278416
 20
1577.135439567886
 30
0.0
 40
10.0
  1
73
 41
0.8
  7
YAZI (BEYKENT)
 72
     1
 11
5192.036990707577
 21
1582.135439567886
 31
0.0
100
AcDbText
 73
     2
  0
ARC
  5
145B
330
1F
100
AcDbEntity
  8
POZ BALON (BEYKENT)
100
AcDbCircle
 10
5191.569923837928
 20
1582.135439567886
 30
0.0
 40
7.0
100
AcDbArc
 50
90.0
 51
270.0
  0
LINE
  5
145C
330
1F
100
AcDbEntity
  8
POZ BALON (BEYKENT)
100
AcDbLine
 10
5191.569923837928
 20
1589.135439567886
 30
0.0
 11
5192.504057577226
 21
1589.135439567886
 31
0.0
  0
LINE
  5
145D
330
1F
100
AcDbEntity
  8
POZ BALON (BEYKENT)
100
AcDbLine
 10
5191.569923837928
 20
1575.135439567886
 30
0.0
 11
5192.504057577226
 21
1575.135439567886
 31
0.0
  0
ARC
  5
145E
330
1F
100
AcDbEntity
  8
POZ BALON (BEYKENT)
100
AcDbCircle
 10
5192.504057577226
 20
1582.135439567886
 30
0.0
 40
7.0
100
AcDbArc
 50
270.0
 51
90.0
  0
ENDSEC
  0
SECTION
  2
OBJECTS
  0
DICTIONARY
  5
C
330
0
100
AcDbDictionary
281
     1
  3
ACAD_CIP_PREVIOUS_PRODUCT_INFO
350
216
  3
ACAD_COLOR
350
6B
  3
ACAD_DETAILVIEWSTYLE
350
21B
  3
ACAD_GROUP
350
D
  3
ACAD_LAYOUT
350
1A
  3
ACAD_MATERIAL
350
6A
  3
ACAD_MLEADERSTYLE
350
12D
  3
ACAD_MLINESTYLE
350
17
  3
ACAD_PLOTSETTINGS
350
19
  3
ACAD_PLOTSTYLENAME
350
E
  3
ACAD_SCALELIST
350
10C
  3
ACAD_SECTIONVIEWSTYLE
350
219
  3
ACAD_TABLESTYLE
350
7E
  3
ACAD_VISUALSTYLE
350
EF
  3
ACDB_RECOMPOSE_DATA
350
187A
  3
ACDBVARIABLEDICTIONARY
350
530
  0
DICTIONARY
  5
1FF
330
2
100
AcDbDictionary
280
     1
281
     1
  3
ACAD_LAYERSTATES
360
200
  0
DICTIONARY
  5
13C
330
10
100
AcDbDictionary
280
     1
281
     1
  0
DICTIONARY
  5
1CE
330
1F
100
AcDbDictionary
280
     1
281
     1
  0
XRECORD
  5
216
102
{ACAD_REACTORS
330
C
102
}
330
C
100
AcDbXrecord
280
     1
300
ACD
300
2023
300

  0
DICTIONARY
  5
6B
102
{ACAD_REACTORS
330
C
102
}
330
C
100
AcDbDictionary
281
     1
  0
DICTIONARY
  5
21B
102
{ACAD_REACTORS
330
C
102
}
330
C
100
AcDbDictionary
281
     1
  3
Metric50
350
21C
  0
DICTIONARY
  5
D
102
{ACAD_REACTORS
330
C
102
}
330
C
100
AcDbDictionary
281
     1
  0
DICTIONARY
  5
1A
102
{ACAD_REACTORS
330
C
102
}
330
C
100
AcDbDictionary
281
     1
  3
Layout1
350
D3
  3
Layout2
350
D7
  3
Model
350
22
  0
DICTIONARY
  5
6A
102
{ACAD_REACTORS
330
C
102
}
330
C
100
AcDbDictionary
281
     1
  3
ByBlock
350
ED
  3
ByLayer
350
EC
  3
Global
350
EE
  0
DICTIONARY
  5
12D
102
{ACAD_REACTORS
330
C
102
}
330
C
100
AcDbDictionary
281
     1
  3
Annotative
350
13B
  3
Standard
350
12E
  0
DICTIONARY
  5
17
102
{ACAD_REACTORS
330
C
102
}
330
C
100
AcDbDictionary
281
     1
  3
Standard
350
18
  0
DICTIONARY
  5
19
102
{ACAD_REACTORS
330
C
102
}
330
C
100
AcDbDictionary
281
     1
  0
ACDBDICTIONARYWDFLT
  5
E
102
{ACAD_REACTORS
330
C
102
}
330
C
100
AcDbDictionary
281
     1
  3
Normal
350
F
100
AcDbDictionaryWithDefault
340
F
  0
DICTIONARY
  5
10C
102
{ACAD_REACTORS
330
C
102
}
330
C
100
AcDbDictionary
281
     1
  3
A0
350
10D
  3
A1
350
1BE
  3
A2
350
1BF
  3
A3
350
1C0
  3
A4
350
1C1
  3
A5
350
1C2
  3
A6
350
1C3
  3
A7
350
1C4
  3
A8
350
1C5
  3
A9
350
1C6
  3
B0
350
1C7
  3
B1
350
1C8
  3
B2
350
1C9
  3
B3
350
1CA
  3
B4
350
1CB
  3
B5
350
1CC
  3
B6
350
1CD
  0
DICTIONARY
  5
219
102
{ACAD_REACTORS
330
C
102
}
330
C
100
AcDbDictionary
281
     1
  3
Metric50
350
21A
  0
DICTIONARY
  5
7E
102
{ACAD_REACTORS
330
C
102
}
330
C
100
AcDbDictionary
281
     1
  3
Standard
350
7F
  0
DICTIONARY
  5
EF
102
{ACAD_REACTORS
330
C
102
}
330
C
100
AcDbDictionary
281
     1
  3
2dWireframe
350
F5
  3
Basic
350
F4
  3
Brighten
350
FB
  3
ColorChange
350
FF
  3
Conceptual
350
F8
  3
Dim
350
FA
  3
EdgeColorOff
350
1E6
  3
Facepattern
350
FE
  3
Flat
350
F0
  3
FlatWithEdges
350
F1
  3
Gouraud
350
F2
  3
GouraudWithEdges
350
F3
  3
Hidden
350
F7
  3
JitterOff
350
1E4
  3
Linepattern
350
FD
  3
OverhangOff
350
1E5
  3
Realistic
350
F9
  3
Shaded
350
1F3
  3
Shaded with edges
350
1F2
  3
Shades of Gray
350
1EF
  3
Sketchy
350
1F0
  3
Thicken
350
FC
  3
Wireframe
350
F6
  3
X-Ray
350
1F1
  0
XRECORD
  5
187A
102
{ACAD_REACTORS
330
C
102
}
330
C
100
AcDbXrecord
280
     1
 90
        1
330
7F
  0
DICTIONARY
  5
530
102
{ACAD_REACTORS
330
C
102
}
330
C
100
AcDbDictionary
281
     2
  3
#REVCLOUDAPPROXARCLEN
350
531
  3
ANNOALLVISIBLE
350
532
  3
CANNOSCALE
350
533
  3
CMLEADERSTYLE
350
534
  3
CTABLESTYLE
350
535
  3
CVIEWDETAILSTYLE
350
536
  3
CVIEWSECTIONSTYLE
350
537
  3
DGNFRAME
350
538
  3
DIMADEC
350
539
  3
DIMASSOC
350
53A
  3
DIMLAYER
350
53B
  3
DWFFRAME
350
53C
  3
EXPORTPAPERSPACE
350
53D
  3
HIDETEXT
350
53E
  3
HPCOLOR
350
53F
  3
HPINHERIT
350
540
  3
HPTRANSPARENCY
350
541
  3
INDEXCTL
350
542
  3
LAYEREVAL
350
543
  3
LAYERNOTIFY
350
544
  3
LIGHTINGUNITS
350
545
  3
MLEADERSCALE
350
547
  3
MSLTSCALE
350
548
  3
OLEFRAME
350
549
  3
PDFFRAME
350
54A
  3
POINTCLOUDCLIPFRAME
350
54B
  3
SOLIDHIST
350
54C
  3
SORTENTS
350
54D
  0
DICTIONARY
  5
200
102
{ACAD_REACTORS
330
1FF
102
}
330
1FF
100
AcDbDictionary
281
     1
  0
ACDBDETAILVIEWSTYLE
  5
21C
102
{ACAD_REACTORS
330
21B
102
}
330
21B
100
AcDbModelDocViewStyle
 70
     0
  3
Metric50
290
     0
300
Metric50
 90
        0
100
AcDbDetailViewStyle
 70
     0
 71
     0
 90
        3
 71
     1
340
11
 62
   256
 40
5.0
340
0
 62
   256
 40
5.0
300

 40
0.0
280
     1
 71
     2
340
16
 90
       25
 62
   256
 71
     3
340
11
 62
   256
 40
5.0
 90
        0
 40
15.0
 90
        1
300
%<\AcVar ViewDetailId>% (%<\AcVar ViewScale \f "%sn">%)
 71
     4
340
16
 90
       25
 62
   256
340
16
 90
       25
 62
   256
280
     0
  0
LAYOUT
  5
D3
102
{ACAD_REACTORS
330
1A
102
}
330
1A
100
AcDbPlotSettings
  1

  2
C:\Documents and Settings\basas\Application Data\Autodesk\AutoCAD 2005\R16.1\enu\plotters\Default Windows System Printer.pc3
  4

  6

 40
0.0
 41
0.0
 42
0.0
 43
0.0
 44
0.0
 45
0.0
 46
0.0
 47
0.0
 48
0.0
 49
0.0
140
0.0
141
0.0
142
1.0
143
1.0
 70
   688
 72
     0
 73
     0
 74
     5
  7

 75
    16
147
1.0
 76
     0
 77
     2
 78
   300
148
0.0
149
0.0
100
AcDbLayout
  1
Layout1
 70
     1
 71
     1
 10
0.0
 20
0.0
 11
12.0
 21
9.0
 12
0.0
 22
0.0
 32
0.0
 14
0.0
 24
0.0
 34
0.0
 15
0.0
 25
0.0
 35
0.0
146
0.0
 13
0.0
 23
0.0
 33
0.0
 16
1.0
 26
0.0
 36
0.0
 17
0.0
 27
1.0
 37
0.0
 76
     0
330
D2
  0
LAYOUT
  5
D7
102
{ACAD_REACTORS
330
1A
102
}
330
1A
100
AcDbPlotSettings
  1

  2
C:\Documents and Settings\basas\Application Data\Autodesk\AutoCAD 2005\R16.1\enu\plotters\Default Windows System Printer.pc3
  4

  6

 40
0.0
 41
0.0
 42
0.0
 43
0.0
 44
0.0
 45
0.0
 46
0.0
 47
0.0
 48
0.0
 49
0.0
140
0.0
141
0.0
142
1.0
143
1.0
 70
   688
 72
     0
 73
     0
 74
     5
  7

 75
    16
147
1.0
 76
     0
 77
     2
 78
   300
148
0.0
149
0.0
100
AcDbLayout
  1
Layout2
 70
     1
 71
     2
 10
0.0
 20
0.0
 11
12.0
 21
9.0
 12
0.0
 22
0.0
 32
0.0
 14
0.0
 24
0.0
 34
0.0
 15
0.0
 25
0.0
 35
0.0
146
0.0
 13
0.0
 23
0.0
 33
0.0
 16
1.0
 26
0.0
 36
0.0
 17
0.0
 27
1.0
 37
0.0
 76
     0
330
D6
  0
LAYOUT
  5
22
102
{ACAD_XDICTIONARY
360
205
102
}
102
{ACAD_REACTORS
330
1A
102
}
330
1A
100
AcDbPlotSettings
  1

  2
none_device
  4
ISO_A4_(210.00_x_297.00_MM)
  6

 40
7.5
 41
20.0
 42
7.5
 43
20.0
 44
210.0
 45
297.0
 46
11.54999923706054
 47
-13.65000009536743
 48
0.0
 49
0.0
140
0.0
141
0.0
142
1.0
143
8.704084754739808
 70
 11952
 72
     1
 73
     0
 74
     0
  7

 75
     0
147
0.1148885871608098
 76
     0
 77
     2
 78
   300
148
0.0
149
0.0
100
AcDbLayout
  1
Model
 70
     1
 71
     0
 10
0.0
 20
0.0
 11
12.0
 21
9.0
 12
0.0
 22
0.0
 32
0.0
 14
0.0
 24
0.0
 34
0.0
 15
0.0
 25
0.0
 35
0.0
146
0.0
 13
0.0
 23
0.0
 33
0.0
 16
1.0
 26
0.0
 36
0.0
 17
0.0
 27
1.0
 37
0.0
 76
     0
330
1F
331
EA
1001
ACAD_PSEXT
1000
None
1000
None
1000
Not applicable
1000
The layout will not be plotted unless a new plotter configuration name is selected.
1070
     0
  0
MATERIAL
  5
ED
102
{ACAD_XDICTIONARY
360
1F9
102
}
102
{ACAD_REACTORS
330
6A
102
}
330
6A
100
AcDbMaterial
  1
ByBlock
 94
       63
  0
MATERIAL
  5
EC
102
{ACAD_XDICTIONARY
360
1F7
102
}
102
{ACAD_REACTORS
330
6A
102
}
330
6A
100
AcDbMaterial
  1
ByLayer
 94
       63
  0
MATERIAL
  5
EE
102
{ACAD_XDICTIONARY
360
173
102
}
102
{ACAD_REACTORS
330
6A
102
}
330
6A
100
AcDbMaterial
  1
Global
 43
0.0007999999797903
 43
0.0
 43
0.0
 43
0.0
 43
0.0
 43
0.0007999999797903
 43
0.0
 43
0.0
 43
0.0
 43
0.0
 43
1.0
 43
0.0
 43
0.0
 43
0.0
 43
0.0
 43
1.0
 49
0.0007999999797903
 49
0.0
 49
0.0
 49
0.0
 49
0.0
 49
0.0007999999797903
 49
0.0
 49
0.0
 49
0.0
 49
0.0
 49
1.0
 49
0.0
 49
0.0
 49
0.0
 49
0.0
 49
1.0
142
0.0007999999797903
142
0.0
142
0.0
142
0.0
142
0.0
142
0.0007999999797903
142
0.0
142
0.0
142
0.0
142
0.0
142
1.0
142
0.0
142
0.0
142
0.0
142
0.0
142
1.0
144
0.0007999999797903
144
0.0
144
0.0
144
0.0
144
0.0
144
0.0007999999797903
144
0.0
144
0.0
144
0.0
144
0.0
144
1.0
144
0.0
144
0.0
144
0.0
144
0.0
144
1.0
 94
       63
1001
ACAD
1070
    -1
1070
     3
1070
     0
1000

1071
        0
1070
     0
  0
MLEADERSTYLE
  5
13B
102
{ACAD_REACTORS
330
12D
102
}
330
12D
100
AcDbMLeaderStyle
179
     2
170
     2
171
     1
172
     0
 90
        2
 40
0.0
 41
0.0
173
     1
 91
-1056964608
340
14
 92
       -2
290
     1
 42
2.0
291
     1
 43
8.0
  3
Standard
 44
4.0
300

342
11
174
     1
178
     1
175
     1
176
     0
 93
-1056964608
 45
4.0
292
     0
297
     0
 46
4.0
 94
-1056964608
 47
1.0
 49
1.0
140
1.0
293
     1
141
0.0
294
     1
177
     0
142
1.0
295
     0
296
     1
143
3.75
271
     0
272
     9
273
     9
298
     0
  0
MLEADERSTYLE
  5
12E
102
{ACAD_REACTORS
330
12D
102
}
330
12D
100
AcDbMLeaderStyle
179
     2
170
     2
171
     1
172
     0
 90
        2
 40
0.0
 41
0.0
173
     1
 91
-1056964608
340
14
 92
       -2
290
     1
 42
2.0
291
     1
 43
8.0
  3
Standard
 44
4.0
300

342
11
174
     1
178
     1
175
     1
176
     0
 93
-1056964608
 45
4.0
292
     0
297
     0
 46
4.0
 94
-1056964608
 47
1.0
 49
1.0
140
1.0
293
     1
141
0.0
294
     1
177
     0
142
1.0
295
     0
296
     0
143
3.75
271
     0
272
     9
273
     9
298
     0
  0
MLINESTYLE
  5
18
102
{ACAD_REACTORS
330
17
102
}
330
17
100
AcDbMlineStyle
  2
STANDARD
 70
     0
  3

 62
   256
 51
90.0
 52
90.0
 71
     2
 49
0.5
 62
   256
  6
BYLAYER
 49
-0.5
 62
   256
  6
BYLAYER
  0
ACDBPLACEHOLDER
  5
F
102
{ACAD_REACTORS
330
E
102
}
330
E
  0
SCALE
  5
10D
102
{ACAD_REACTORS
330
10C
102
}
330
10C
100
AcDbScale
 70
     0
300
1:1
140
1.0
141
1.0
290
     1
  0
SCALE
  5
1BE
102
{ACAD_REACTORS
330
10C
102
}
330
10C
100
AcDbScale
 70
     0
300
1:2
140
1.0
141
2.0
290
     0
  0
SCALE
  5
1BF
102
{ACAD_REACTORS
330
10C
102
}
330
10C
100
AcDbScale
 70
     0
300
1:4
140
1.0
141
4.0
290
     0
  0
SCALE
  5
1C0
102
{ACAD_REACTORS
330
10C
102
}
330
10C
100
AcDbScale
 70
     0
300
1:5
140
1.0
141
5.0
290
     0
  0
SCALE
  5
1C1
102
{ACAD_REACTORS
330
10C
102
}
330
10C
100
AcDbScale
 70
     0
300
1:8
140
1.0
141
8.0
290
     0
  0
SCALE
  5
1C2
102
{ACAD_REACTORS
330
10C
102
}
330
10C
100
AcDbScale
 70
     0
300
1:10
140
1.0
141
10.0
290
     0
  0
SCALE
  5
1C3
102
{ACAD_REACTORS
330
10C
102
}
330
10C
100
AcDbScale
 70
     0
300
1:16
140
1.0
141
16.0
290
     0
  0
SCALE
  5
1C4
102
{ACAD_REACTORS
330
10C
102
}
330
10C
100
AcDbScale
 70
     0
300
1:20
140
1.0
141
20.0
290
     0
  0
SCALE
  5
1C5
102
{ACAD_REACTORS
330
10C
102
}
330
10C
100
AcDbScale
 70
     0
300
1:30
140
1.0
141
30.0
290
     0
  0
SCALE
  5
1C6
102
{ACAD_REACTORS
330
10C
102
}
330
10C
100
AcDbScale
 70
     0
300
1:40
140
1.0
141
40.0
290
     0
  0
SCALE
  5
1C7
102
{ACAD_REACTORS
330
10C
102
}
330
10C
100
AcDbScale
 70
     0
300
1:50
140
1.0
141
50.0
290
     0
  0
SCALE
  5
1C8
102
{ACAD_REACTORS
330
10C
102
}
330
10C
100
AcDbScale
 70
     0
300
1:100
140
1.0
141
100.0
290
     0
  0
SCALE
  5
1C9
102
{ACAD_REACTORS
330
10C
102
}
330
10C
100
AcDbScale
 70
     0
300
2:1
140
2.0
141
1.0
290
     0
  0
SCALE
  5
1CA
102
{ACAD_REACTORS
330
10C
102
}
330
10C
100
AcDbScale
 70
     0
300
4:1
140
4.0
141
1.0
290
     0
  0
SCALE
  5
1CB
102
{ACAD_REACTORS
330
10C
102
}
330
10C
100
AcDbScale
 70
     0
300
8:1
140
8.0
141
1.0
290
     0
  0
SCALE
  5
1CC
102
{ACAD_REACTORS
330
10C
102
}
330
10C
100
AcDbScale
 70
     0
300
10:1
140
10.0
141
1.0
290
     0
  0
SCALE
  5
1CD
102
{ACAD_REACTORS
330
10C
102
}
330
10C
100
AcDbScale
 70
     0
300
100:1
140
100.0
141
1.0
290
     0
  0
ACDBSECTIONVIEWSTYLE
  5
21A
102
{ACAD_REACTORS
330
219
102
}
330
219
100
AcDbModelDocViewStyle
 70
     0
  3
Metric50
290
     0
300
Metric50
 90
        0
100
AcDbSectionViewStyle
 70
     0
 71
     0
 90
      102
 71
     1
340
11
 62
   256
 40
5.0
340
0
340
0
 62
   256
 40
5.0
300
I, O, Q, S, X, Z
 40
10.0
 90
        0
 40
2.5
 90
        0
 71
     2
340
16
 90
       25
 62
   256
340
16
 90
       50
 62
   256
 40
5.0
 40
2.5
 40
5.0
 71
     3
340
11
 62
   256
 40
5.0
 90
        0
 40
15.0
 90
        1
300
%<\AcVar ViewSectionStartId>%-%<\AcVar ViewSectionEndId>% (%<\AcVar ViewScale \f "%sn">%)
 71
     4
 62
   256
 62
   257
300
ANSI31
 40
1.0
 90
        0
290
     0
290
     0
 90
        6
 40
0.0
 40
1.570796326794896
 40
0.2617993877991494
 40
1.308996938995747
 40
-0.2617993877991494
 40
1.832595714594046
  0
TABLESTYLE
  5
7F
102
{ACAD_XDICTIONARY
360
162
102
}
102
{ACAD_REACTORS
330
7E
102
}
330
7E
100
AcDbTableStyle
280
     0
  3
Standard
 70
     0
 71
     0
 40
1.5
 41
1.5
280
     0
281
     0
  7
Standard
140
4.5
170
     2
 62
     0
 63
     7
283
     0
 90
      512
 91
        0
  1

274
    -2
284
     1
 64
     0
275
    -2
285
     1
 65
     0
276
    -2
286
     1
 66
     0
277
    -2
287
     1
 67
     0
278
    -2
288
     1
 68
     0
279
    -2
289
     1
 69
     0
  7
Standard
140
6.0
170
     5
 62
     0
 63
     7
283
     0
 90
      512
 91
        0
  1

274
    -2
284
     1
 64
     0
275
    -2
285
     1
 65
     0
276
    -2
286
     1
 66
     0
277
    -2
287
     1
 67
     0
278
    -2
288
     1
 68
     0
279
    -2
289
     1
 69
     0
  7
Standard
140
4.5
170
     5
 62
     0
 63
     7
283
     0
 90
      512
 91
        0
  1

274
    -2
284
     1
 64
     0
275
    -2
285
     1
 65
     0
276
    -2
286
     1
 66
     0
277
    -2
287
     1
 67
     0
278
    -2
288
     1
 68
     0
279
    -2
289
     1
 69
     0
  0
VISUALSTYLE
  5
F5
102
{ACAD_REACTORS
330
EF
102
}
330
EF
100
AcDbVisualStyle
  2
2dWireframe
 70
     4
177
     3
291
     0
 70
    58
 90
        0
176
     1
 90
        2
176
     1
 90
        1
176
     1
 90
        0
176
     1
 40
0.6
176
     1
 40
30.0
176
     1
 62
     7
420
 16777215
176
     1
 90
        1
176
     1
 90
        4
176
     1
 62
     7
176
     1
 62
   257
176
     1
 90
        1
176
     1
 90
        1
176
     1
 40
1.0
176
     1
 90
        0
176
     1
 62
   257
176
     1
 40
1.0
176
     1
 90
        1
176
     1
 90
        6
176
     1
 90
        2
176
     1
 62
     7
176
     1
 90
        5
176
     1
 90
        0
176
     1
 90
        0
176
     1
290
     0
176
     1
 90
        1
176
     1
 40
0.0
176
     1
 90
        0
176
     1
290
     1
176
     1
290
     1
176
     1
290
     0
176
     1
290
     0
176
     1
290
     0
176
     1
290
     0
176
     1
290
     0
176
     1
290
     0
176
     1
290
     0
176
     1
 90
       50
176
     1
 40
0.0
176
     1
 40
1.0
176
     1
 90
        0
176
     1
 62
    18
420
        0
176
     1
 90
       50
176
     1
 90
        3
176
     1
 62
     5
420
      255
176
     1
290
     0
176
     1
 90
       50
176
     1
 90
       50
176
     1
 90
       50
176
     1
290
     0
176
     1
 90
       50
176
     1
 62
   256
176
     0
 40
1.0
176
     0
 90
        2
176
     1
  1
strokes_ogs.tif
176
     1
290
     0
176
     1
 40
1.0
176
     1
 40
1.0
176
     1
  0
VISUALSTYLE
  5
F4
102
{ACAD_REACTORS
330
EF
102
}
330
EF
100
AcDbVisualStyle
  2
Basic
 70
     7
177
     3
291
     1
 70
    58
 90
        1
176
     1
 90
        0
176
     1
 90
        1
176
     1
 90
        0
176
     1
 40
0.6
176
     1
 40
30.0
176
     1
 62
     7
420
 16777215
176
     1
 90
        0
176
     1
 90
        4
176
     1
 62
     7
176
     1
 62
   257
176
     1
 90
        1
176
     1
 90
        1
176
     1
 40
1.0
176
     1
 90
        8
176
     1
 62
     7
176
     1
 40
1.0
176
     1
 90
        1
176
     1
 90
        6
176
     1
 90
        2
176
     1
 62
     7
176
     1
 90
        5
176
     1
 90
        0
176
     1
 90
        0
176
     1
290
     0
176
     1
 90
        1
176
     1
 40
0.0
176
     1
 90
        0
176
     1
290
     0
176
     1
290
     1
176
     1
290
     1
176
     1
290
     0
176
     1
290
     0
176
     1
290
     0
176
     1
290
     0
176
     1
290
     0
176
     1
290
     0
176
     1
 90
       50
176
     1
 40
0.0
176
     1
 40
1.0
176
     1
 90
        0
176
     1
 62
    18
420
        0
176
     1
 90
       50
176
     1
 90
        3
176
     1
 62
     5
420
      255
176
     1
290
     0
176
     1
 90
       50
176
     1
 90
       50
176
     1
 90
       50
176
     1
290
     0
176
     1
 90
       50
176
     1
 62
   256
176
     0
 40
1.0
176
     0
 90
        2
176
     1
  1
strokes_ogs.tif
176
     1
290
     0
176
     1
 40
1.0
176
     1
 40
1.0
176
     1
  0
VISUALSTYLE
  5
FB
102
{ACAD_REACTORS
330
EF
102
}
330
EF
100
AcDbVisualStyle
  2
Brighten
 70
    12
177
     3
291
     1
 70
    58
 90
        2
176
     1
 90
        2
176
     1
 90
        1
176
     1
 90
        0
176
     1
 40
0.6
176
     1
 40
30.0
176
     1
 62
     7
420
 16777215
176
     1
 90
        1
176
     1
 90
        4
176
     1
 62
     7
176
     1
 62
   257
176
     1
 90
        1
176
     1
 90
        1
176
     1
 40
1.0
176
     1
 90
        8
176
     1
 62
     7
176
     1
 40
1.0
176
     1
 90
        1
176
     1
 90
        6
176
     1
 90
        2
176
     1
 62
     7
176
     1
 90
        5
176
     1
 90
        0
176
     1
 90
        0
176
     1
290
     0
176
     1
 90
        1
176
     1
 40
50.0
176
     1
 90
        0
176
     1
290
     0
176
     1
290
     1
176
     1
290
     1
176
     1
290
     0
176
     1
290
     0
176
     1
290
     0
176
     1
290
     0
176
     1
290
     0
176
     1
290
     0
176
     1
 90
       50
176
     1
 40
0.0
176
     1
 40
1.0
176
     1
 90
        0
176
     1
 62
    18
420
        0
176
     1
 90
       50
176
     1
 90
        3
176
     1
 62
     5
420
      255
176
     1
290
     0
176
     1
 90
       50
176
     1
 90
       50
176
     1
 90
       50
176
     1
290
     0
176
     1
 90
       50
176
     1
 62
   256
176
     0
 40
1.0
176
     0
 90
        2
176
     1
  1
strokes_ogs.tif
176
     1
290
     0
176
     1
 40
1.0
176
     1
 40
1.0
176
     1
  0
VISUALSTYLE
  5
FF
102
{ACAD_REACTORS
330
EF
102
}
330
EF
100
AcDbVisualStyle
  2
ColorChange
 70
    16
177
     3
291
     1
 70
    58
 90
        2
176
     1
 90
        2
176
     1
 90
        3
176
     1
 90
        0
176
     1
 40
0.6
176
     1
 40
30.0
176
     1
 62
     8
420
  8421504
176
     1
 90
        1
176
     1
 90
        4
176
     1
 62
     7
176
     1
 62
   257
176
     1
 90
        1
176
     1
 90
        1
176
     1
 40
1.0
176
     1
 90
        8
176
     1
 62
     8
420
  8421504
176
     1
 40
1.0
176
     1
 90
        1
176
     1
 90
        6
176
     1
 90
        2
176
     1
 62
     7
176
     1
 90
        5
176
     1
 90
        0
176
     1
 90
        0
176
     1
290
     0
176
     1
 90
        1
176
     1
 40
0.0
176
     1
 90
        0
176
     1
290
     0
176
     1
290
     1
176
     1
290
     1
176
     1
290
     0
176
     1
290
     0
176
     1
290
     0
176
     1
290
     0
176
     1
290
     0
176
     1
290
     0
176
     1
 90
       50
176
     1
 40
0.0
176
     1
 40
1.0
176
     1
 90
        0
176
     1
 62
    18
420
        0
176
     1
 90
       50
176
     1
 90
        3
176
     1
 62
     5
420
      255
176
     1
290
     0
176
     1
 90
       50
176
     1
 90
       50
176
     1
 90
       50
176
     1
290
     0
176
     1
 90
       50
176
     1
 62
   256
176
     0
 40
1.0
176
     0
 90
        2
176
     1
  1
strokes_ogs.tif
176
     1
290
     0
176
     1
 40
1.0
176
     1
 40
1.0
176
     1
  0
VISUALSTYLE
  5
F8
102
{ACAD_REACTORS
330
EF
102
}
330
EF
100
AcDbVisualStyle
  2
Conceptual
 70
     9
177
     3
291
     0
 70
    58
 90
        3
176
     1
 90
        2
176
     1
 90
        1
176
     1
 90
        0
176
     1
 40
0.6
176
     1
 40
30.0
176
     1
 62
     7
420
 16777215
176
     1
 90
        2
176
     1
 90
        2
176
     1
 62
     7
176
     1
 62
   257
176
     1
 90
        1
176
     1
 90
        1
176
     1
 40
40.0
176
     1
 90
        8
176
     1
 62
     7
176
     1
 40
1.0
176
     1
 90
        1
176
     1
 90
        6
176
     1
 90
        2
176
     1
 62
     7
176
     1
 90
        3
176
     1
 90
        0
176
     1
 90
        0
176
     1
290
     0
176
     1
 90
        1
176
     1
 40
0.0
176
     1
 90
        0
176
     1
290
     0
176
     1
290
     1
176
     1
290
     1
176
     1
290
     0
176
     1
290
     0
176
     1
290
     0
176
     1
290
     0
176
     1
290
     0
176
     1
290
     0
176
     1
 90
       50
176
     1
 40
0.0
176
     1
 40
1.0
176
     1
 90
        0
176
     1
 62
    18
420
        0
176
     1
 90
       50
176
     1
 90
        3
176
     1
 62
     5
420
      255
176
     1
290
     0
176
     1
 90
       50
176
     1
 90
       50
176
     1
 90
       50
176
     1
290
     0
176
     1
 90
       50
176
     1
 62
   256
176
     0
 40
1.0
176
     0
 90
        2
176
     1
  1
strokes_ogs.tif
176
     1
290
     0
176
     1
 40
1.0
176
     1
 40
1.0
176
     1
  0
VISUALSTYLE
  5
FA
102
{ACAD_REACTORS
330
EF
102
}
330
EF
100
AcDbVisualStyle
  2
Dim
 70
    11
177
     3
291
     1
 70
    58
 90
        2
176
     1
 90
        2
176
     1
 90
        1
176
     1
 90
        0
176
     1
 40
0.6
176
     1
 40
30.0
176
     1
 62
     7
420
 16777215
176
     1
 90
        1
176
     1
 90
        4
176
     1
 62
     7
176
     1
 62
   257
176
     1
 90
        1
176
     1
 90
        1
176
     1
 40
1.0
176
     1
 90
        8
176
     1
 62
     7
176
     1
 40
1.0
176
     1
 90
        1
176
     1
 90
        6
176
     1
 90
        2
176
     1
 62
     7
176
     1
 90
        5
176
     1
 90
        0
176
     1
 90
        0
176
     1
290
     0
176
     1
 90
        1
176
     1
 40
-50.0
176
     1
 90
        0
176
     1
290
     0
176
     1
290
     1
176
     1
290
     1
176
     1
290
     0
176
     1
290
     0
176
     1
290
     0
176
     1
290
     0
176
     1
290
     0
176
     1
290
     0
176
     1
 90
       50
176
     1
 40
0.0
176
     1
 40
1.0
176
     1
 90
        0
176
     1
 62
    18
420
        0
176
     1
 90
       50
176
     1
 90
        3
176
     1
 62
     5
420
      255
176
     1
290
     0
176
     1
 90
       50
176
     1
 90
       50
176
     1
 90
       50
176
     1
290
     0
176
     1
 90
       50
176
     1
 62
   256
176
     0
 40
1.0
176
     0
 90
        2
176
     1
  1
strokes_ogs.tif
176
     1
290
     0
176
     1
 40
1.0
176
     1
 40
1.0
176
     1
  0
VISUALSTYLE
  5
1E6
102
{ACAD_REACTORS
330
EF
102
}
330
EF
100
AcDbVisualStyle
  2
EdgeColorOff
 70
    22
177
     3
291
     1
 70
    58
 90
        2
176
     0
 90
        2
176
     0
 90
        0
176
     0
 90
        0
176
     0
 40
0.6
176
     0
 40
30.0
176
     0
 62
     7
420
 16777215
176
     0
 90
        1
176
     0
 90
        4
176
     0
 62
     7
176
     0
 62
   257
176
     0
 90
        1
176
     0
 90
        1
176
     0
 40
1.0
176
     0
 90
        8
176
     2
 62
     7
176
     0
 40
1.0
176
     0
 90
        1
176
     0
 90
        6
176
     0
 90
        2
176
     0
 62
     7
176
     0
 90
        5
176
     0
 90
        0
176
     0
 90
        0
176
     0
290
     0
176
     0
 90
        1
176
     0
 40
0.0
176
     0
 90
        0
176
     0
290
     0
176
     1
290
     1
176
     1
290
     1
176
     1
290
     0
176
     1
290
     0
176
     1
290
     0
176
     1
290
     0
176
     1
290
     0
176
     1
290
     0
176
     1
 90
       50
176
     1
 40
0.0
176
     1
 40
1.0
176
     1
 90
        0
176
     1
 62
    18
420
        0
176
     1
 90
       50
176
     1
 90
        3
176
     1
 62
     5
420
      255
176
     1
290
     0
176
     1
 90
       50
176
     1
 90
       50
176
     1
 90
       50
176
     1
290
     0
176
     1
 90
       50
176
     1
 62
   256
176
     0
 40
1.0
176
     0
 90
        2
176
     1
  1
strokes_ogs.tif
176
     1
290
     0
176
     1
 40
1.0
176
     1
 40
1.0
176
     1
  0
VISUALSTYLE
  5
FE
102
{ACAD_REACTORS
330
EF
102
}
330
EF
100
AcDbVisualStyle
  2
Facepattern
 70
    15
177
     3
291
     1
 70
    58
 90
        2
176
     1
 90
        2
176
     1
 90
        1
176
     1
 90
        0
176
     1
 40
0.6
176
     1
 40
30.0
176
     1
 62
     7
420
 16777215
176
     1
 90
        1
176
     1
 90
        4
176
     1
 62
     7
176
     1
 62
   257
176
     1
 90
        1
176
     1
 90
        1
176
     1
 40
1.0
176
     1
 90
        8
176
     1
 62
     7
176
     1
 40
1.0
176
     1
 90
        1
176
     1
 90
        6
176
     1
 90
        2
176
     1
 62
     7
176
     1
 90
        5
176
     1
 90
        0
176
     1
 90
        0
176
     1
290
     0
176
     1
 90
        1
176
     1
 40
0.0
176
     1
 90
        0
176
     1
290
     0
176
     1
290
     1
176
     1
290
     1
176
     1
290
     0
176
     1
290
     0
176
     1
290
     0
176
     1
290
     0
176
     1
290
     0
176
     1
290
     0
176
     1
 90
       50
176
     1
 40
0.0
176
     1
 40
1.0
176
     1
 90
        0
176
     1
 62
    18
420
        0
176
     1
 90
       50
176
     1
 90
        3
176
     1
 62
     5
420
      255
176
     1
290
     0
176
     1
 90
       50
176
     1
 90
       50
176
     1
 90
       50
176
     1
290
     0
176
     1
 90
       50
176
     1
 62
   256
176
     0
 40
1.0
176
     0
 90
        2
176
     1
  1
strokes_ogs.tif
176
     1
290
     0
176
     1
 40
1.0
176
     1
 40
1.0
176
     1
  0
VISUALSTYLE
  5
F0
102
{ACAD_REACTORS
330
EF
102
}
330
EF
100
AcDbVisualStyle
  2
Flat
 70
     0
177
     3
291
     1
 70
    58
 90
        2
176
     1
 90
        1
176
     1
 90
        1
176
     1
 90
        2
176
     1
 40
0.6
176
     1
 40
30.0
176
     1
 62
     7
420
 16777215
176
     1
 90
        0
176
     1
 90
        0
176
     1
 62
     7
176
     1
 62
   257
176
     1
 90
        1
176
     1
 90
        1
176
     1
 40
1.0
176
     1
 90
        8
176
     1
 62
     7
176
     1
 40
1.0
176
     1
 90
        1
176
     1
 90
        6
176
     1
 90
        2
176
     1
 62
     7
176
     1
 90
        5
176
     1
 90
        0
176
     1
 90
        0
176
     1
290
     0
176
     1
 90
       13
176
     1
 40
0.0
176
     1
 90
        0
176
     1
290
     0
176
     1
290
     1
176
     1
290
     1
176
     1
290
     0
176
     1
290
     0
176
     1
290
     0
176
     1
290
     0
176
     1
290
     0
176
     1
290
     0
176
     1
 90
       50
176
     1
 40
0.0
176
     1
 40
1.0
176
     1
 90
        0
176
     1
 62
    18
420
        0
176
     1
 90
       50
176
     1
 90
        3
176
     1
 62
     5
420
      255
176
     1
290
     0
176
     1
 90
       50
176
     1
 90
       50
176
     1
 90
       50
176
     1
290
     0
176
     1
 90
       50
176
     1
 62
   256
176
     0
 40
1.0
176
     0
 90
        2
176
     1
  1
strokes_ogs.tif
176
     1
290
     0
176
     1
 40
1.0
176
     1
 40
1.0
176
     1
  0
VISUALSTYLE
  5
F1
102
{ACAD_REACTORS
330
EF
102
}
330
EF
100
AcDbVisualStyle
  2
FlatWithEdges
 70
     1
177
     3
291
     1
 70
    58
 90
        2
176
     1
 90
        1
176
     1
 90
        1
176
     1
 90
        2
176
     1
 40
0.6
176
     1
 40
30.0
176
     1
 62
     7
420
 16777215
176
     1
 90
        1
176
     1
 90
        0
176
     1
 62
     7
176
     1
 62
   257
176
     1
 90
        1
176
     1
 90
        1
176
     1
 40
1.0
176
     1
 90
        0
176
     1
 62
   257
176
     1
 40
1.0
176
     1
 90
        1
176
     1
 90
        6
176
     1
 90
        2
176
     1
 62
     7
176
     1
 90
        5
176
     1
 90
        0
176
     1
 90
        0
176
     1
290
     0
176
     1
 90
       13
176
     1
 40
0.0
176
     1
 90
        0
176
     1
290
     0
176
     1
290
     1
176
     1
290
     1
176
     1
290
     0
176
     1
290
     0
176
     1
290
     0
176
     1
290
     0
176
     1
290
     0
176
     1
290
     0
176
     1
 90
       50
176
     1
 40
0.0
176
     1
 40
1.0
176
     1
 90
        0
176
     1
 62
    18
420
        0
176
     1
 90
       50
176
     1
 90
        3
176
     1
 62
     5
420
      255
176
     1
290
     0
176
     1
 90
       50
176
     1
 90
       50
176
     1
 90
       50
176
     1
290
     0
176
     1
 90
       50
176
     1
 62
   256
176
     0
 40
1.0
176
     0
 90
        2
176
     1
  1
strokes_ogs.tif
176
     1
290
     0
176
     1
 40
1.0
176
     1
 40
1.0
176
     1
  0
VISUALSTYLE
  5
F2
102
{ACAD_REACTORS
330
EF
102
}
330
EF
100
AcDbVisualStyle
  2
Gouraud
 70
     2
177
     3
291
     1
 70
    58
 90
        2
176
     1
 90
        2
176
     1
 90
        1
176
     1
 90
        2
176
     1
 40
0.6
176
     1
 40
30.0
176
     1
 62
     7
420
 16777215
176
     1
 90
        0
176
     1
 90
        0
176
     1
 62
     7
176
     1
 62
   257
176
     1
 90
        1
176
     1
 90
        1
176
     1
 40
1.0
176
     1
 90
        0
176
     1
 62
     7
176
     1
 40
1.0
176
     1
 90
        1
176
     1
 90
        6
176
     1
 90
        2
176
     1
 62
     7
176
     1
 90
        5
176
     1
 90
        0
176
     1
 90
        0
176
     1
290
     0
176
     1
 90
       13
176
     1
 40
0.0
176
     1
 90
        0
176
     1
290
     0
176
     1
290
     1
176
     1
290
     1
176
     1
290
     0
176
     1
290
     0
176
     1
290
     0
176
     1
290
     0
176
     1
290
     0
176
     1
290
     0
176
     1
 90
       50
176
     1
 40
0.0
176
     1
 40
1.0
176
     1
 90
        0
176
     1
 62
    18
420
        0
176
     1
 90
       50
176
     1
 90
        3
176
     1
 62
     5
420
      255
176
     1
290
     0
176
     1
 90
       50
176
     1
 90
       50
176
     1
 90
       50
176
     1
290
     0
176
     1
 90
       50
176
     1
 62
   256
176
     0
 40
1.0
176
     0
 90
        2
176
     1
  1
strokes_ogs.tif
176
     1
290
     0
176
     1
 40
1.0
176
     1
 40
1.0
176
     1
  0
VISUALSTYLE
  5
F3
102
{ACAD_REACTORS
330
EF
102
}
330
EF
100
AcDbVisualStyle
  2
GouraudWithEdges
 70
     3
177
     3
291
     1
 70
    58
 90
        2
176
     1
 90
        2
176
     1
 90
        1
176
     1
 90
        2
176
     1
 40
0.6
176
     1
 40
30.0
176
     1
 62
     7
420
 16777215
176
     1
 90
        1
176
     1
 90
        0
176
     1
 62
     7
176
     1
 62
   257
176
     1
 90
        1
176
     1
 90
        1
176
     1
 40
1.0
176
     1
 90
        0
176
     1
 62
   257
176
     1
 40
1.0
176
     1
 90
        1
176
     1
 90
        6
176
     1
 90
        2
176
     1
 62
     7
176
     1
 90
        5
176
     1
 90
        0
176
     1
 90
        0
176
     1
290
     0
176
     1
 90
       13
176
     1
 40
0.0
176
     1
 90
        0
176
     1
290
     0
176
     1
290
     1
176
     1
290
     1
176
     1
290
     0
176
     1
290
     0
176
     1
290
     0
176
     1
290
     0
176
     1
290
     0
176
     1
290
     0
176
     1
 90
       50
176
     1
 40
0.0
176
     1
 40
1.0
176
     1
 90
        0
176
     1
 62
    18
420
        0
176
     1
 90
       50
176
     1
 90
        3
176
     1
 62
     5
420
      255
176
     1
290
     0
176
     1
 90
       50
176
     1
 90
       50
176
     1
 90
       50
176
     1
290
     0
176
     1
 90
       50
176
     1
 62
   256
176
     0
 40
1.0
176
     0
 90
        2
176
     1
  1
strokes_ogs.tif
176
     1
290
     0
176
     1
 40
1.0
176
     1
 40
1.0
176
     1
  0
VISUALSTYLE
  5
F7
102
{ACAD_REACTORS
330
EF
102
}
330
EF
100
AcDbVisualStyle
  2
Hidden
 70
     6
177
     3
291
     0
 70
    58
 90
        1
176
     1
 90
        2
176
     1
 90
        2
176
     1
 90
        0
176
     1
 40
0.6
176
     1
 40
30.0
176
     1
 62
     7
420
 16777215
176
     1
 90
        2
176
     1
 90
        2
176
     1
 62
     7
176
     1
 62
   257
176
     1
 90
        2
176
     1
 90
        1
176
     1
 40
40.0
176
     1
 90
        0
176
     1
 62
   257
176
     1
 40
1.0
176
     1
 90
        1
176
     1
 90
        6
176
     1
 90
        2
176
     1
 62
     7
176
     1
 90
        3
176
     1
 90
        0
176
     1
 90
        0
176
     1
290
     0
176
     1
 90
        1
176
     1
 40
0.0
176
     1
 90
        0
176
     1
290
     0
176
     1
290
     1
176
     1
290
     1
176
     1
290
     0
176
     1
290
     0
176
     1
290
     0
176
     1
290
     0
176
     1
290
     0
176
     1
290
     0
176
     1
 90
       50
176
     1
 40
0.0
176
     1
 40
1.0
176
     1
 90
        0
176
     1
 62
    18
420
        0
176
     1
 90
       50
176
     1
 90
        3
176
     1
 62
     5
420
      255
176
     1
290
     0
176
     1
 90
       50
176
     1
 90
       50
176
     1
 90
       50
176
     1
290
     0
176
     1
 90
       50
176
     1
 62
   256
176
     0
 40
1.0
176
     0
 90
        2
176
     1
  1
strokes_ogs.tif
176
     1
290
     0
176
     1
 40
1.0
176
     1
 40
1.0
176
     1
  0
VISUALSTYLE
  5
1E4
102
{ACAD_REACTORS
330
EF
102
}
330
EF
100
AcDbVisualStyle
  2
JitterOff
 70
    20
177
     3
291
     1
 70
    58
 90
        2
176
     0
 90
        2
176
     0
 90
        0
176
     0
 90
        0
176
     0
 40
0.6
176
     0
 40
30.0
176
     0
 62
     7
420
 16777215
176
     0
 90
        1
176
     0
 90
        4
176
     0
 62
     7
176
     0
 62
   257
176
     0
 90
        1
176
     0
 90
        1
176
     0
 40
1.0
176
     0
 90
       10
176
     2
 62
     7
176
     0
 40
1.0
176
     0
 90
        1
176
     0
 90
        6
176
     0
 90
        2
176
     0
 62
     7
176
     0
 90
        5
176
     0
 90
        0
176
     0
 90
        0
176
     0
290
     0
176
     0
 90
        1
176
     0
 40
0.0
176
     0
 90
        0
176
     0
290
     0
176
     1
290
     1
176
     1
290
     1
176
     1
290
     0
176
     1
290
     0
176
     1
290
     0
176
     1
290
     0
176
     1
290
     0
176
     1
290
     0
176
     1
 90
       50
176
     1
 40
0.0
176
     1
 40
1.0
176
     1
 90
        0
176
     1
 62
    18
420
        0
176
     1
 90
       50
176
     1
 90
        3
176
     1
 62
     5
420
      255
176
     1
290
     0
176
     1
 90
       50
176
     1
 90
       50
176
     1
 90
       50
176
     1
290
     0
176
     1
 90
       50
176
     1
 62
   256
176
     0
 40
1.0
176
     0
 90
        2
176
     1
  1
strokes_ogs.tif
176
     1
290
     0
176
     1
 40
1.0
176
     1
 40
1.0
176
     1
  0
VISUALSTYLE
  5
FD
102
{ACAD_REACTORS
330
EF
102
}
330
EF
100
AcDbVisualStyle
  2
Linepattern
 70
    14
177
     3
291
     1
 70
    58
 90
        2
176
     1
 90
        2
176
     1
 90
        1
176
     1
 90
        0
176
     1
 40
0.6
176
     1
 40
30.0
176
     1
 62
     7
420
 16777215
176
     1
 90
        1
176
     1
 90
        4
176
     1
 62
     7
176
     1
 62
   257
176
     1
 90
        7
176
     1
 90
        7
176
     1
 40
1.0
176
     1
 90
        8
176
     1
 62
     7
176
     1
 40
1.0
176
     1
 90
        1
176
     1
 90
        6
176
     1
 90
        2
176
     1
 62
     7
176
     1
 90
        5
176
     1
 90
        0
176
     1
 90
        0
176
     1
290
     0
176
     1
 90
        1
176
     1
 40
0.0
176
     1
 90
        0
176
     1
290
     0
176
     1
290
     1
176
     1
290
     1
176
     1
290
     0
176
     1
290
     0
176
     1
290
     0
176
     1
290
     0
176
     1
290
     0
176
     1
290
     0
176
     1
 90
       50
176
     1
 40
0.0
176
     1
 40
1.0
176
     1
 90
        0
176
     1
 62
    18
420
        0
176
     1
 90
       50
176
     1
 90
        3
176
     1
 62
     5
420
      255
176
     1
290
     0
176
     1
 90
       50
176
     1
 90
       50
176
     1
 90
       50
176
     1
290
     0
176
     1
 90
       50
176
     1
 62
   256
176
     0
 40
1.0
176
     0
 90
        2
176
     1
  1
strokes_ogs.tif
176
     1
290
     0
176
     1
 40
1.0
176
     1
 40
1.0
176
     1
  0
VISUALSTYLE
  5
1E5
102
{ACAD_REACTORS
330
EF
102
}
330
EF
100
AcDbVisualStyle
  2
OverhangOff
 70
    21
177
     3
291
     1
 70
    58
 90
        2
176
     0
 90
        2
176
     0
 90
        0
176
     0
 90
        0
176
     0
 40
0.6
176
     0
 40
30.0
176
     0
 62
     7
420
 16777215
176
     0
 90
        1
176
     0
 90
        4
176
     0
 62
     7
176
     0
 62
   257
176
     0
 90
        1
176
     0
 90
        1
176
     0
 40
1.0
176
     0
 90
        9
176
     2
 62
     7
176
     0
 40
1.0
176
     0
 90
        1
176
     0
 90
        6
176
     0
 90
        2
176
     0
 62
     7
176
     0
 90
        5
176
     0
 90
        0
176
     0
 90
        0
176
     0
290
     0
176
     0
 90
        1
176
     0
 40
0.0
176
     0
 90
        0
176
     0
290
     0
176
     1
290
     1
176
     1
290
     1
176
     1
290
     0
176
     1
290
     0
176
     1
290
     0
176
     1
290
     0
176
     1
290
     0
176
     1
290
     0
176
     1
 90
       50
176
     1
 40
0.0
176
     1
 40
1.0
176
     1
 90
        0
176
     1
 62
    18
420
        0
176
     1
 90
       50
176
     1
 90
        3
176
     1
 62
     5
420
      255
176
     1
290
     0
176
     1
 90
       50
176
     1
 90
       50
176
     1
 90
       50
176
     1
290
     0
176
     1
 90
       50
176
     1
 62
   256
176
     0
 40
1.0
176
     0
 90
        2
176
     1
  1
strokes_ogs.tif
176
     1
290
     0
176
     1
 40
1.0
176
     1
 40
1.0
176
     1
  0
VISUALSTYLE
  5
F9
102
{ACAD_REACTORS
330
EF
102
}
330
EF
100
AcDbVisualStyle
  2
Realistic
 70
     8
177
     3
291
     0
 70
    58
 90
        2
176
     1
 90
        3
176
     1
 90
        0
176
     1
 90
        2
176
     1
 40
0.6
176
     1
 40
30.0
176
     1
 62
     7
420
 16777215
176
     1
 90
        0
176
     1
 90
        0
176
     1
 62
     7
176
     1
 62
   257
176
     1
 90
        1
176
     1
 90
        1
176
     1
 40
1.0
176
     1
 90
        8
176
     1
 62
   257
176
     1
 40
1.0
176
     1
 90
        1
176
     1
 90
        6
176
     1
 90
        2
176
     1
 62
     7
176
     1
 90
        3
176
     1
 90
        0
176
     1
 90
        0
176
     1
290
     0
176
     1
 90
       13
176
     1
 40
0.0
176
     1
 90
        0
176
     1
290
     0
176
     1
290
     1
176
     1
290
     1
176
     1
290
     0
176
     1
290
     0
176
     1
290
     0
176
     1
290
     0
176
     1
290
     0
176
     1
290
     0
176
     1
 90
       50
176
     1
 40
0.0
176
     1
 40
1.0
176
     1
 90
        0
176
     1
 62
    18
420
        0
176
     1
 90
       50
176
     1
 90
        3
176
     1
 62
     5
420
      255
176
     1
290
     0
176
     1
 90
       50
176
     1
 90
       50
176
     1
 90
       50
176
     1
290
     0
176
     1
 90
       50
176
     1
 62
   256
176
     0
 40
1.0
176
     0
 90
        2
176
     1
  1
strokes_ogs.tif
176
     1
290
     0
176
     1
 40
1.0
176
     1
 40
1.0
176
     1
  0
VISUALSTYLE
  5
1F3
102
{ACAD_REACTORS
330
EF
102
}
330
EF
100
AcDbVisualStyle
  2
Shaded
 70
    27
177
     3
291
     0
 70
    58
 90
        2
176
     1
 90
        2
176
     1
 90
        1
176
     1
 90
        2
176
     1
 40
0.6
176
     1
 40
30.0
176
     1
 62
     7
420
 16777215
176
     1
 90
        0
176
     1
 90
        4
176
     1
 62
     7
176
     1
 62
   257
176
     1
 90
        1
176
     1
 90
        1
176
     1
 40
1.0
176
     1
 90
        8
176
     1
 62
   257
176
     1
 40
1.0
176
     1
 90
        1
176
     1
 90
        6
176
     1
 90
        2
176
     1
 62
     8
420
  7895160
176
     1
 90
        3
176
     1
 90
        0
176
     1
 90
        0
176
     1
290
     0
176
     1
 90
        5
176
     1
 40
0.0
176
     1
 90
        0
176
     1
290
     0
176
     1
290
     1
176
     1
290
     1
176
     1
290
     0
176
     1
290
     0
176
     1
290
     0
176
     1
290
     0
176
     1
290
     0
176
     1
290
     0
176
     1
 90
       50
176
     1
 40
0.0
176
     1
 40
1.0
176
     1
 90
        0
176
     1
 62
    18
420
        0
176
     1
 90
       50
176
     1
 90
        3
176
     1
 62
     5
420
      255
176
     1
290
     0
176
     1
 90
       50
176
     1
 90
       50
176
     1
 90
       50
176
     1
290
     0
176
     1
 90
       50
176
     1
 62
   256
176
     0
 40
1.0
176
     0
 90
        2
176
     1
  1
strokes_ogs.tif
176
     1
290
     0
176
     1
 40
1.0
176
     1
 40
1.0
176
     1
  0
VISUALSTYLE
  5
1F2
102
{ACAD_REACTORS
330
EF
102
}
330
EF
100
AcDbVisualStyle
  2
Shaded with edges
 70
    26
177
     3
291
     0
 70
    58
 90
        2
176
     1
 90
        2
176
     1
 90
        1
176
     1
 90
        2
176
     1
 40
0.6
176
     1
 40
30.0
176
     1
 62
     7
420
 16777215
176
     1
 90
        1
176
     1
 90
        2
176
     1
 62
     7
176
     1
 62
   257
176
     1
 90
        2
176
     1
 90
        1
176
     1
 40
1.0
176
     1
 90
        8
176
     1
 62
   257
176
     1
 40
1.0
176
     1
 90
        1
176
     1
 90
        6
176
     1
 90
        2
176
     1
 62
     7
176
     1
 90
        3
176
     1
 90
        0
176
     1
 90
        0
176
     1
290
     0
176
     1
 90
        5
176
     1
 40
0.0
176
     1
 90
        0
176
     1
290
     0
176
     1
290
     1
176
     1
290
     1
176
     1
290
     0
176
     1
290
     0
176
     1
290
     0
176
     1
290
     0
176
     1
290
     0
176
     1
290
     0
176
     1
 90
       50
176
     1
 40
0.0
176
     1
 40
1.0
176
     1
 90
        0
176
     1
 62
    18
420
        0
176
     1
 90
       50
176
     1
 90
        3
176
     1
 62
     5
420
      255
176
     1
290
     0
176
     1
 90
       50
176
     1
 90
       50
176
     1
 90
       50
176
     1
290
     0
176
     1
 90
       50
176
     1
 62
   256
176
     0
 40
1.0
176
     0
 90
        2
176
     1
  1
strokes_ogs.tif
176
     1
290
     0
176
     1
 40
1.0
176
     1
 40
1.0
176
     1
  0
VISUALSTYLE
  5
1EF
102
{ACAD_REACTORS
330
EF
102
}
330
EF
100
AcDbVisualStyle
  2
Shades of Gray
 70
    23
177
     3
291
     0
 70
    58
 90
        2
176
     1
 90
        2
176
     1
 90
        3
176
     1
 90
        0
176
     1
 40
0.6
176
     1
 40
30.0
176
     1
 62
     7
420
 16777215
176
     1
 90
        2
176
     1
 90
        2
176
     1
 62
     7
176
     1
 62
     7
176
     1
 90
        1
176
     1
 90
        1
176
     1
 40
40.0
176
     1
 90
        8
176
     1
 62
     7
176
     1
 40
1.0
176
     1
 90
        1
176
     1
 90
        6
176
     1
 90
        2
176
     1
 62
     7
176
     1
 90
        3
176
     1
 90
        0
176
     1
 90
        0
176
     1
290
     0
176
     1
 90
        1
176
     1
 40
0.0
176
     1
 90
        0
176
     1
290
     0
176
     1
290
     1
176
     1
290
     1
176
     1
290
     0
176
     1
290
     0
176
     1
290
     0
176
     1
290
     0
176
     1
290
     0
176
     1
290
     0
176
     1
 90
       50
176
     1
 40
0.0
176
     1
 40
1.0
176
     1
 90
        0
176
     1
 62
    18
420
        0
176
     1
 90
       50
176
     1
 90
        3
176
     1
 62
     5
420
      255
176
     1
290
     0
176
     1
 90
       50
176
     1
 90
       50
176
     1
 90
       50
176
     1
290
     0
176
     1
 90
       50
176
     1
 62
   256
176
     0
 40
1.0
176
     0
 90
        2
176
     1
  1
strokes_ogs.tif
176
     1
290
     0
176
     1
 40
1.0
176
     1
 40
1.0
176
     1
  0
VISUALSTYLE
  5
1F0
102
{ACAD_REACTORS
330
EF
102
}
330
EF
100
AcDbVisualStyle
  2
Sketchy
 70
    24
177
     3
291
     0
 70
    58
 90
        1
176
     1
 90
        2
176
     1
 90
        2
176
     1
 90
        0
176
     1
 40
0.6
176
     1
 40
30.0
176
     1
 62
     7
420
 16777215
176
     1
 90
        2
176
     1
 90
        2
176
     1
 62
     7
176
     1
 62
     7
176
     1
 90
        1
176
     1
 90
        1
176
     1
 40
40.0
176
     1
 90
       11
176
     1
 62
     7
176
     1
 40
1.0
176
     1
 90
        1
176
     1
 90
        6
176
     1
 90
        2
176
     1
 62
     7
176
     1
 90
        6
176
     1
 90
        0
176
     1
 90
        0
176
     1
290
     0
176
     1
 90
        1
176
     1
 40
0.0
176
     1
 90
        0
176
     1
290
     0
176
     1
290
     1
176
     1
290
     1
176
     1
290
     0
176
     1
290
     0
176
     1
290
     0
176
     1
290
     0
176
     1
290
     0
176
     1
290
     0
176
     1
 90
       50
176
     1
 40
0.0
176
     1
 40
1.0
176
     1
 90
        0
176
     1
 62
    18
420
        0
176
     1
 90
       50
176
     1
 90
        3
176
     1
 62
     5
420
      255
176
     1
290
     0
176
     1
 90
       50
176
     1
 90
       50
176
     1
 90
       50
176
     1
290
     0
176
     1
 90
       50
176
     1
 62
   256
176
     0
 40
1.0
176
     0
 90
        2
176
     1
  1
strokes_ogs.tif
176
     1
290
     0
176
     1
 40
1.0
176
     1
 40
1.0
176
     1
  0
VISUALSTYLE
  5
FC
102
{ACAD_REACTORS
330
EF
102
}
330
EF
100
AcDbVisualStyle
  2
Thicken
 70
    13
177
     3
291
     1
 70
    58
 90
        2
176
     1
 90
        2
176
     1
 90
        1
176
     1
 90
        0
176
     1
 40
0.6
176
     1
 40
30.0
176
     1
 62
     7
420
 16777215
176
     1
 90
        1
176
     1
 90
        4
176
     1
 62
     7
176
     1
 62
   257
176
     1
 90
        1
176
     1
 90
        1
176
     1
 40
1.0
176
     1
 90
       12
176
     1
 62
     7
176
     1
 40
1.0
176
     1
 90
        1
176
     1
 90
        6
176
     1
 90
        2
176
     1
 62
     7
176
     1
 90
        5
176
     1
 90
        0
176
     1
 90
        0
176
     1
290
     0
176
     1
 90
        1
176
     1
 40
0.0
176
     1
 90
        0
176
     1
290
     0
176
     1
290
     1
176
     1
290
     1
176
     1
290
     0
176
     1
290
     0
176
     1
290
     0
176
     1
290
     0
176
     1
290
     0
176
     1
290
     0
176
     1
 90
       50
176
     1
 40
0.0
176
     1
 40
1.0
176
     1
 90
        0
176
     1
 62
    18
420
        0
176
     1
 90
       50
176
     1
 90
        3
176
     1
 62
     5
420
      255
176
     1
290
     0
176
     1
 90
       50
176
     1
 90
       50
176
     1
 90
       50
176
     1
290
     0
176
     1
 90
       50
176
     1
 62
   256
176
     0
 40
1.0
176
     0
 90
        2
176
     1
  1
strokes_ogs.tif
176
     1
290
     0
176
     1
 40
1.0
176
     1
 40
1.0
176
     1
  0
VISUALSTYLE
  5
F6
102
{ACAD_REACTORS
330
EF
102
}
330
EF
100
AcDbVisualStyle
  2
Wireframe
 70
     5
177
     3
291
     0
 70
    58
 90
        0
176
     1
 90
        2
176
     1
 90
        0
176
     1
 90
        0
176
     1
 40
0.6
176
     1
 40
30.0
176
     1
 62
     7
420
 16777215
176
     1
 90
        1
176
     1
 90
        4
176
     1
 62
     7
176
     1
 62
   257
176
     1
 90
        1
176
     1
 90
        1
176
     1
 40
1.0
176
     1
 90
        0
176
     1
 62
   257
176
     1
 40
1.0
176
     1
 90
        1
176
     1
 90
        6
176
     1
 90
        2
176
     1
 62
     7
176
     1
 90
        3
176
     1
 90
        0
176
     1
 90
        0
176
     1
290
     0
176
     1
 90
        1
176
     1
 40
0.0
176
     1
 90
        0
176
     1
290
     0
176
     1
290
     1
176
     1
290
     1
176
     1
290
     0
176
     1
290
     0
176
     1
290
     0
176
     1
290
     0
176
     1
290
     0
176
     1
290
     0
176
     1
 90
       50
176
     1
 40
0.0
176
     1
 40
1.0
176
     1
 90
        0
176
     1
 62
    18
420
        0
176
     1
 90
       50
176
     1
 90
        3
176
     1
 62
     5
420
      255
176
     1
290
     0
176
     1
 90
       50
176
     1
 90
       50
176
     1
 90
       50
176
     1
290
     0
176
     1
 90
       50
176
     1
 62
   256
176
     0
 40
1.0
176
     0
 90
        2
176
     1
  1
strokes_ogs.tif
176
     1
290
     0
176
     1
 40
1.0
176
     1
 40
1.0
176
     1
  0
VISUALSTYLE
  5
1F1
102
{ACAD_REACTORS
330
EF
102
}
330
EF
100
AcDbVisualStyle
  2
X-Ray
 70
    25
177
     3
291
     0
 70
    58
 90
        2
176
     1
 90
        2
176
     1
 90
        1
176
     1
 90
        1
176
     1
 40
0.5
176
     1
 40
30.0
176
     1
 62
     7
420
 16777215
176
     1
 90
        1
176
     1
 90
        0
176
     1
 62
     7
176
     1
 62
   257
176
     1
 90
        1
176
     1
 90
        1
176
     1
 40
1.0
176
     1
 90
        8
176
     1
 62
     7
176
     1
 40
1.0
176
     1
 90
        1
176
     1
 90
        6
176
     1
 90
        2
176
     1
 62
     7
176
     1
 90
        3
176
     1
 90
        0
176
     1
 90
        0
176
     1
290
     0
176
     1
 90
       13
176
     1
 40
0.0
176
     1
 90
        0
176
     1
290
     0
176
     1
290
     1
176
     1
290
     1
176
     1
290
     0
176
     1
290
     0
176
     1
290
     0
176
     1
290
     0
176
     1
290
     0
176
     1
290
     0
176
     1
 90
       50
176
     1
 40
0.0
176
     1
 40
1.0
176
     1
 90
        0
176
     1
 62
    18
420
        0
176
     1
 90
       50
176
     1
 90
        3
176
     1
 62
     5
420
      255
176
     1
290
     0
176
     1
 90
       50
176
     1
 90
       50
176
     1
 90
       50
176
     1
290
     0
176
     1
 90
       50
176
     1
 62
   256
176
     0
 40
1.0
176
     0
 90
        2
176
     1
  1
strokes_ogs.tif
176
     1
290
     0
176
     1
 40
1.0
176
     1
 40
1.0
176
     1
  0
DICTIONARYVAR
  5
531
102
{ACAD_REACTORS
330
530
102
}
330
530
100
DictionaryVariables
280
     0
  1
30.000000
  0
DICTIONARYVAR
  5
532
102
{ACAD_REACTORS
330
530
102
}
330
530
100
DictionaryVariables
280
     0
  1
1
  0
DICTIONARYVAR
  5
533
102
{ACAD_REACTORS
330
530
102
}
330
530
100
DictionaryVariables
280
     0
  1
1:1
  0
DICTIONARYVAR
  5
534
102
{ACAD_REACTORS
330
530
102
}
330
530
100
DictionaryVariables
280
     0
  1
STANDARD
  0
DICTIONARYVAR
  5
535
102
{ACAD_REACTORS
330
530
102
}
330
530
100
DictionaryVariables
280
     0
  1
STANDARD
  0
DICTIONARYVAR
  5
536
102
{ACAD_REACTORS
330
530
102
}
330
530
100
DictionaryVariables
280
     0
  1
Metric50
  0
DICTIONARYVAR
  5
537
102
{ACAD_REACTORS
330
530
102
}
330
530
100
DictionaryVariables
280
     0
  1
Metric50
  0
DICTIONARYVAR
  5
538
102
{ACAD_REACTORS
330
530
102
}
330
530
100
DictionaryVariables
280
     0
  1
0
  0
DICTIONARYVAR
  5
539
102
{ACAD_REACTORS
330
530
102
}
330
530
100
DictionaryVariables
280
     0
  1
0
  0
DICTIONARYVAR
  5
53A
102
{ACAD_REACTORS
330
530
102
}
330
530
100
DictionaryVariables
280
     0
  1
2
  0
DICTIONARYVAR
  5
53B
102
{ACAD_REACTORS
330
530
102
}
330
530
100
DictionaryVariables
280
     0
  1
OLCU (BEYKENT)
  0
DICTIONARYVAR
  5
53C
102
{ACAD_REACTORS
330
530
102
}
330
530
100
DictionaryVariables
280
     0
  1
0
  0
DICTIONARYVAR
  5
53D
102
{ACAD_REACTORS
330
530
102
}
330
530
100
DictionaryVariables
280
     0
  1
1
  0
DICTIONARYVAR
  5
53E
102
{ACAD_REACTORS
330
530
102
}
330
530
100
DictionaryVariables
280
     0
  1
1
  0
DICTIONARYVAR
  5
53F
102
{ACAD_REACTORS
330
530
102
}
330
530
100
DictionaryVariables
280
     0
  1
BYLAYER
  0
DICTIONARYVAR
  5
540
102
{ACAD_REACTORS
330
530
102
}
330
530
100
DictionaryVariables
280
     0
  1
0
  0
DICTIONARYVAR
  5
541
102
{ACAD_REACTORS
330
530
102
}
330
530
100
DictionaryVariables
280
     0
  1
ByLayer
  0
DICTIONARYVAR
  5
542
102
{ACAD_REACTORS
330
530
102
}
330
530
100
DictionaryVariables
280
     0
  1
0
  0
DICTIONARYVAR
  5
543
102
{ACAD_REACTORS
330
530
102
}
330
530
100
DictionaryVariables
280
     0
  1
0
  0
DICTIONARYVAR
  5
544
102
{ACAD_REACTORS
330
530
102
}
330
530
100
DictionaryVariables
280
     0
  1
0
  0
DICTIONARYVAR
  5
545
102
{ACAD_REACTORS
330
530
102
}
330
530
100
DictionaryVariables
280
     0
  1
2
  0
DICTIONARYVAR
  5
547
102
{ACAD_REACTORS
330
530
102
}
330
530
100
DictionaryVariables
280
     0
  1
1.000000
  0
DICTIONARYVAR
  5
548
102
{ACAD_REACTORS
330
530
102
}
330
530
100
DictionaryVariables
280
     0
  1
1
  0
DICTIONARYVAR
  5
549
102
{ACAD_REACTORS
330
530
102
}
330
530
100
DictionaryVariables
280
     0
  1
2
  0
DICTIONARYVAR
  5
54A
102
{ACAD_REACTORS
330
530
102
}
330
530
100
DictionaryVariables
280
     0
  1
1
  0
DICTIONARYVAR
  5
54B
102
{ACAD_REACTORS
330
530
102
}
330
530
100
DictionaryVariables
280
     0
  1
0
  0
DICTIONARYVAR
  5
54C
102
{ACAD_REACTORS
330
530
102
}
330
530
100
DictionaryVariables
280
     0
  1
1
  0
DICTIONARYVAR
  5
54D
102
{ACAD_REACTORS
330
530
102
}
330
530
100
DictionaryVariables
280
     0
  1
127
  0
DICTIONARY
  5
205
330
22
100
AcDbDictionary
280
     1
281
     1
  0
DICTIONARY
  5
1F9
330
ED
100
AcDbDictionary
280
     1
281
     1
  3
FBXASSET
360
1FA
  0
DICTIONARY
  5
1F7
330
EC
100
AcDbDictionary
280
     1
281
     1
  3
FBXASSET
360
1F8
  0
DICTIONARY
  5
173
330
EE
100
AcDbDictionary
280
     1
281
     1
  3
BUMPTILE
360
175
  3
DIFFUSETILE
360
174
  3
FBXASSET
360
1FB
  3
OPACITYTILE
360
176
  3
REFLECTIONTILE
360
177
  0
DICTIONARY
  5
162
330
7F
100
AcDbDictionary
280
     1
281
     1
  3
ACAD_ROUNDTRIP_2008_TABLESTYLE_CELLSTYLEMAP
360
1879
  0
XRECORD
  5
1FA
102
{ACAD_REACTORS
330
1F9
102
}
330
1F9
100
AcDbXrecord
280
     1
 70
     1
 90
429727718
  1
D62C5603-E3A1-4AEA-B7FB-FE5D8D0755AF
310
504B03040A0000080000CC70623B3DEE336E79000000790000001B0000006175746F6465736B2D64657369676E2D7061636B6167652E786D6C3C3F786D6C2076657273696F6E3D22312E302220656E636F64696E673D227574662D3822203F3E3C666F726D6174733E3C666F726D61743E687474703A2F2F736368656D612E
310
6175746F6465736B2E636F6D2F64657369676E2D7061636B6167652F323030393C2F666F726D61743E3C2F666F726D6174733E504B0304140006080800CC70623BD486FD9CA0000000F4000000130000005B436F6E74656E745F54797065735D2E786D6C7D8EC10E82300C865F65E91D8A1E8C310C0EEA1BF002731658846E
310
D98AC1B77784ABF1D8FE5FBFBF75BBCE937A534CCEB38643598122B6FEE978D0B0485F9C41B54DDD7D022595594E1A469170414C76A4D9A4D207E29CF43ECE46F218070CC6BECC4078ACAA135ACF422C856C0E68EA1BF5669944DDD7BCDE7B1F8E415D77AECB980613C2E4AC91FC167A2B244592486606FC29C8FD7F045B9A
310
EF7053A7E60B504B0304140006080800CC70623B853B8169EB0000007C01000008000000636F72652E786D6C8D90416EC3201045AF62CDB6C206821CC7C244919D9CA01740401C94182C03558F5F9C3852BBEB6A467FFE9B197D7EFC9E1EC5975982F5AE035262288C535E5B377690E21535501C055FBC8FBF6C503839990E
310
5619041F179FE64D52DE45E362569DD7661365082642A11EB9E920A89B99642953CC8E702F67A9EE7234257977194EC9EAE275C4EABCCF5EAD5940D4AC6F0E35A568B8F43562CD7046CD199FD07E60174276A7BE677B5EADB0E0D14EEFFB6A31321A0D82627C4084204C3F096B71DD52F6819B16635EADF63F509AF53FA164
310
5DDCD1EDDD17164090FCC8732078B56691CB33A85CD7DCC40F504B0304140006080800CC70623B55019EA25F0000007C00000007000000636E782E786D6C4DCB3B0E80201045D1AD90E915ED2CF8AC45050C11660C8261F98AB1B07AC9C97D42D718D865D3E909258CFD00CCE24AC6E326A164D74DC0B4128928FF32603847
310
2BA13128B1252AC747C6BAB984FC68F0B87FE8960A5C09FE86CFB69FBA01504B0304140006080800CC70623BDBABAAF470010000D40300000C0000006662782F636F72652E786D6CC553D16E823014FD95A6AF4B694182CC941A83FA05FB810A9511A125A5257EFE2E82712ECEB8A7F100CD39F7F69E734AF9FADC366850B6
310
AF8DCE7018308C942E4C59EB2AC3DE1D498AD15A706B8CFB56869196ADCAF00863C12B6B7C374385D14E6907A836A59A41D9F7CA615434B0C8705F7CAA5606D23BA8E84F41278B93AC54100640439DE0BDB320004D43C63716C7C399D30917DCFBBA9CD9BA8469F5B156168B24CED3F7248AC8769F27244EB73B92EED8862C
310
B7F13E0C179B3C8F979C8ECD82BBBABDAA2BAC924E9558448CBD9330242CFA08E3154B5651FCC6D215639C8EE5774DBE2B5F6CF2B5768B68963BB5F5588420E442FC700B1139D4CB01F450C1E918227C2E09DF070D8140C84E1E9AAB8F1340832A9CB13130A5F1376A908D57309505ECF2A0DF179C4E9D30F5B239B87E3823
310
7A79C6F31DE1A8A5AEC08474B03C7837EAE4938639B44E5932B833D2C6B6B279CDC613877FA26EE21F4A2A4C63EC7F29A2F301D1F9F7A0E37D145F504B0304140006080800CC70623B9C113CC27E0000009D0000000B0000006662782F636E782E786D6C4DCCDF0A83201C86E15B91DFB94BFB330DD428C8FB886521330DA7
310
6397BF1A1DECE883878F57749FCDA1B7892F1BBC047A23808C7F84D9FA55424E0BE6803A256208E9EF06C84F9B91703228B1C690F78B66B34CD9A5439DF5CF0BFBF65E35BCA1B8D6A5C6F540381E886698B5741C695F9503EBA150A2F8958E3DC3EA0B504B0304140006080800CC70623B7DF2F77C2A010000120200003100
310
00006662782F41393633353835312D344632462D344230382D423046372D3739314545314133324237412F636F72652E786D6C8D51DB8EC22014FC15C2939B0D2DB4B45643319AE817EC0F6041255A68B86CFCFC856D4D76DF7CE190393373060EDB3DC707F856CE6B6B7A480A0C81328395DA5C7B18C3057510EC3873D686
310
3F34088C18550F330C39BB3A1BA7051AAC09CA84841A2BD5020AEF55806078A44B0FFD7053A328440C89E1EFC52486BBB8AA8214A99D789CF9E05200300FC927E4FB4D5B375D43103D5527440FB843077C5AA3F5861C8F645F5787F59E95B390B318B55CE45AA638FAA2957BD7248B390B7A7CC51F9C124149C82B8C378810
310
84AB2F42B7B8DD56F413775B8C5999E9FF4471926F8AA236A1AE96B8B3CC434E5839373893369E1FAF30EA395917409EB7F26AF8801C171837A4A6AC9C89E9F9C9B1A58BA30FD6A5EF5DDDCF894B9AD9B6A59C957943A9FCAE2FD5BC4DFE03504B0304140006080800CC70623BAD7543B64E01000033030000300000006662
310
782F41393633353835312D344632462D344230382D423046372D3739314545314133324237412F636E782E786D6CD593CD6EC32010845F0571AD6CE3D48AD20813A9873E410FBD12D82434182C7EAAE6EDBB2424CD25871E7B41D6EC30B3FA84F9E67BB2E40B4234DE8DB46F1925E094D7C6ED479AD3AE5951B2113C789FEE
310
6C943839C1488B4C05DF079FE72A69D8C96C13AAD6B8631503449F83828872B949AC57D26200B826A308D316B4064D6E46FCDA41C05550DC9E483A00797BFD207EFB092A45DE9514C1BBD22178396BD39D891265658C238DEA00936C654E5E433CB65A26D9F6EDB5EBC14EBF49A45CB856E66048291F6939A9A81BB5C89177
310
38143CA680F4AA299D66A042CEB3354A2684DC9D8D178FE0D9B8B41CAAD720F880EE7EF93C0C18769E099ECC04D5A102C8049A8A05632F4DDF376CF1DE0F6BB65C2F8627B65A33C6BB62177CEBBDAD973006829F89F22E814B54F4BC2BE347F8AA8F681390B50FA73F804400B5F542E796F19FF974E7F78DB802FE05E20750
310
4B0304140006080800CC70623BE75B7789680500003C100000340000006662782F41393633353835312D344632462D344230382D423046372D3739314545314133324237412F6F626A656374732E786D6CAD575B8F9B3818FD2B887D06C22499CB8AA1CA655245D5B455A356FB305264C061D8018C6C3393D95FBFC7600890
310
A4CD5EF210B0B1BFEBF98E3F7B1FF6596ABC522E1296DF9BAE3D320D9A872C4AF2F8DE2CE5CEBA358D0FBEC719939D65A691938CDE9B6ADAF4BD98B3B2D05311DD91329583D9D5FC0F438434A7A611A644887B5384CF34233629258BA878B12322891DEFF6B66BD70BFB62634E8AE781D082709A4B588AF91C528CDA28B73F
310
1C998EEF39EABBEFA97FBD6A7C7E9553F9D3D79FE442923C3C523610337627CB87ABE99D359D4CC6D6E4FACAB5E6ABF9D2726FC6A3C5F56271377BB88362213924694B38DD99FE47C48627A1E7D49F5A8BB5E1A74C0A599ED3B0F21F1E56366B89112D681E218F0915D0D6F17AD41FBA2A369DCF6335D62ABBD39779D5DDD1
310
11D4D8DE3CBB96B2E04FB8202E41051754A1AA8E8F76B4C6DFE810B580B1547F4B84911149794252234D024EF8BBE963A95AE27B3D310A9D5C215C7960FAEE415ED75694C6AFB17BCACA5D99A60A9AA65F217B0BFC53292ACB92BF283FAD0D3621576592CB5BED907C2FA8E9DF794E35E97BEA31BED21FEB401ABB94C44839
310
DCACBF0E1C5DA8DA5B2F4DFFD32AD86F543D9E565E7056502E157C00AD2671CD534549AB752FCA9CDA00677A313F04E51B22FF19E57B300579E3C97EB29F682D92935CEC18CF901B7B54FD8C51F362B56FC72FE0B3C1EAE335EDCCBF5AEC39ADB17DC238973F804BA5E6F6BFE7AF1FB32E523BE9F3BD571418E3631DCA4D48
310
5250CF639223210A9446CA30052EDF057BD35F8329C1ECD84552BF0DC8D18BE7BCE23BFE6BD960AB4A7DE79923A103BEBD80F911CBAA2C60DB19B01CF164A5583B772EE6D3FFA56666CBCDA74DC97724A48F9A58967497E489C4D979006FD7A05E227A1EBDD0F737C623387A9C844D3709995625106D157315F8B8392CD4E0
310
A0B9A720C4BE9829CEF37EA1E13111214D53925356365ADA634861B52519DD27A00AEB808EAF0628E6F435519D446F45CF2C9CF5214F0A15B2F6D06B79DA3EE3CBF7F56780D2F4E7EF73A0F5E5B02A38D07DC852C6B7C1FBB6664213E0C39E3EBA7FF4E1AD23EA2829407C85E586727488B751B2DB9502BC7B228A3FD68B6E
310
A65A22397E690AA8D158D7E404EC8CDA235CC3B7D1898680131CEC2CDF2638C65196279577750F15884AEE19F94199155B92B13297978469D4F8D358DF0AEF7631E28DC8F0D9F437D5D39A83B2231A1D52D543813A824EF8D44BCFF2FA6A31BD1E8DAD87F1CCB526B3879935BF59CDADD5C37479BB1CDD4CA7B3556B516589
310
EF352754B706114D9C885EC9131DE6EFEB43D99AFE2391C2F958179413D7CFEF6B1B6DB1E7600F00DE6E5C67454A339A4BA2E0FBA85ED26F045D454F463DBFCE484C2F90F2E5E3666003662ED8F755951A7D1BECD5B30B550B2785C8E7320B7292A4838DDA71BBC863ED7613CAF659337A3354231D4FF4A182A54904C2898C
310
98B28C4AD0CE056CCF332A80986E571EE9DBC305BB5FEB7E509220A58D25CF042D712A806AC0AD0C657FDEF80D2D9CEAA2EE4D1C76F60BFE74219A06527D6F82DF6412526107381E55E353090704D085B52408A8913C4ED159D79BDA71BB4BC506F4831350EB6F975CD22D69BF7AC49B91A2C0A9DDA3D5CA36AD20FC478E37
310
E61844E2352865EBCB61A275A65283CAAA9DD27703B4102F5AF51EF5F573B75CBB5AD38BC845F7A49F82A0966A49C2E3EA5EA0ECD326CD965F1DB402C6FA8B51A4658C5C5E2EC9E214602E55810345408596591009A82E7E7FFACA19EEA299B14A0081A705CB3296EBC14CDF658DCD336EA6D1136881AAEB87B81AB9EE53D5
310
F5EB8BC8362082DA24122F98680A4E7930C01A0079749CEA14382A0783E5EBA5A10F8C098456A03D6A4AEB6BB881E2513747552A5DB22C7EDAF83BD5528081A365F7FF06504B0304140006080000CC70623B000000000000000000000000350000006662782F41393633353835312D344632462D344230382D423046372D37
310
39314545314133324237412F76657274696365732E62696E504B0304140006080800CC70623BF270F1330600000004000000360000006662782F41393633353835312D344632462D344230382D423046372D3739314545314133324237412F747269616E676C65732E62696E636660600000504B0304140006080000CC7062
310
3B000000000000000000000000370000006662782F41393633353835312D344632462D344230382D423046372D3739314545314133324237412F617474726962757465732E62696E504B0304140006080800CC70623B08DA0BD19000000041010000360000006662782F41393633353835312D344632462D344230382D4230
310
46372D3739314545314133324237412F6469726563746F72792E786D6C858F410AC3201045AF22B36F53E9A60B35CBEEBAE80D244E44489C6234F4F835464A48035D0DF398FF9F8AF63D0E6CC63039F212F8F9020C7D47C6792B21C5FE7403D62A1188E2E60C98D7234A5830286103A55745067B9D86B8A3CF9C7F90C11DE6
310
07FB144396D7B6A82D282E9A152AD114D5EF2CB866EEE831B8EEA07A7BB5A8D7D61A2BAAEB7FD5F70921FF497D00504B0304140006080800CC70623BEDD1DC58FD000000A00100003B0000006662782F41393633353835312D344632462D344230382D423046372D3739314545314133324237412F7265736F75726365732F
310
636F72652E786D6C8D504B6E833010BD0A9A6D65B00922041947112427E8052C33A156828DFCA97AFC9A40A576D7CDCCE87D344F8F9FBFE667F689CE6B6B3A6039850C8DB2A336530731DC4903D95970676DF82583CCC8193B5861107C72362E3BA4AC096842428D1D7107A5F7182053CF7474E0D507CE32973124857FE48B
310
540F3961CEF244279DE03EB81420DB9EAC1384436FA353E879B1B182C7A8C75DA3C7F453DF353A1075D537A7BA6464B8F535A99AE14A9A2BBD90E350DD183B5CFABE3AF262350B1EF4FC9351399401471025A527C218A1E53BAB5A5AB765F5469B96525EACF23FA6B88CFF34456DC2A1DCE36E360F82A5202F42F062ED2BAD
310
579969AFDD8A6F504B010214000A0000080000CC70623B3DEE336E79000000790000001B00000000000000000000000000000000006175746F6465736B2D64657369676E2D7061636B6167652E786D6C504B01021400140006080800CC70623BD486FD9CA0000000F40000001300000000000000000000000000B20000005B
310
436F6E74656E745F54797065735D2E786D6C504B01021400140006080800CC70623B853B8169EB0000007C010000080000000000000000000000000083010000636F72652E786D6C504B01021400140006080800CC70623B55019EA25F0000007C000000070000000000000000000000000094020000636E782E786D6C504B
310
01021400140006080800CC70623BDBABAAF470010000D40300000C00000000000000000000000000180300006662782F636F72652E786D6C504B01021400140006080800CC70623B9C113CC27E0000009D0000000B00000000000000000000000000B20400006662782F636E782E786D6C504B01021400140006080800CC70
310
623B7DF2F77C2A010000120200003100000000000000000000000000590500006662782F41393633353835312D344632462D344230382D423046372D3739314545314133324237412F636F72652E786D6C504B01021400140006080800CC70623BAD7543B64E010000330300003000000000000000000000000000D2060000
310
6662782F41393633353835312D344632462D344230382D423046372D3739314545314133324237412F636E782E786D6C504B01021400140006080800CC70623BE75B7789680500003C10000034000000000000000000000000006E0800006662782F41393633353835312D344632462D344230382D423046372D3739314545
310
314133324237412F6F626A656374732E786D6C504B01021400140006080000CC70623B0000000000000000000000003500000000000000000000000000280E00006662782F41393633353835312D344632462D344230382D423046372D3739314545314133324237412F76657274696365732E62696E504B01021400140006
310
080800CC70623BF270F133060000000400000036000000000000000000000000007B0E00006662782F41393633353835312D344632462D344230382D423046372D3739314545314133324237412F747269616E676C65732E62696E504B01021400140006080000CC70623B0000000000000000000000003700000000000000
310
000000000000D50E00006662782F41393633353835312D344632462D344230382D423046372D3739314545314133324237412F617474726962757465732E62696E504B01021400140006080800CC70623B08DA0BD1900000004101000036000000000000000000000000002A0F00006662782F41393633353835312D344632
310
462D344230382D423046372D3739314545314133324237412F6469726563746F72792E786D6C504B01021400140006080800CC70623BEDD1DC58FD000000A00100003B000000000000000000000000000E1000006662782F41393633353835312D344632462D344230382D423046372D3739314545314133324237412F7265
310
736F75726365732F636F72652E786D6C504B0506000000000E000E0080040000641100000000
  0
XRECORD
  5
1F8
102
{ACAD_REACTORS
330
1F7
102
}
330
1F7
100
AcDbXrecord
280
     1
 70
     1
 90
429727718
  1
30362254-06B7-45E0-A893-8CFA70E3D6BC
310
504B03040A0000080000CC70623B3DEE336E79000000790000001B0000006175746F6465736B2D64657369676E2D7061636B6167652E786D6C3C3F786D6C2076657273696F6E3D22312E302220656E636F64696E673D227574662D3822203F3E3C666F726D6174733E3C666F726D61743E687474703A2F2F736368656D612E
310
6175746F6465736B2E636F6D2F64657369676E2D7061636B6167652F323030393C2F666F726D61743E3C2F666F726D6174733E504B0304140006080800CC70623BD486FD9CA0000000F4000000130000005B436F6E74656E745F54797065735D2E786D6C7D8EC10E82300C865F65E91D8A1E8C310C0EEA1BF002731658846E
310
D98AC1B77784ABF1D8FE5FBFBF75BBCE937A534CCEB38643598122B6FEE978D0B0485F9C41B54DDD7D022595594E1A469170414C76A4D9A4D207E29CF43ECE46F218070CC6BECC4078ACAA135ACF422C856C0E68EA1BF5669944DDD7BCDE7B1F8E415D77AECB980613C2E4AC91FC167A2B244592486606FC29C8FD7F045B9A
310
EF7053A7E60B504B0304140006080800CC70623B1EC5D7A3EB0000007C01000008000000636F72652E786D6C8D90416EC3201045AF82665B6103C6756C6122AB4D4ED00B204C5C94182C03558F5F9C3852BBEB6A467FFE9B197D71FC9E6FE8CBACC17AD7032D0820E3B41FAD9B7A48F1820F808E52ACDEC75F36404ECDA687
310
4D0629A6D5A76597B477D1B89855E747B38B2A041301E95B6E7A08FAD3CCAA50296647B8168BD2573599823EBB0CA76447F43862C7BCCF5EAC59410E4DDD9C7973C2755553CCCFA4C603E3040F1565ED3B1FDE4E432BCA0D9622DAF9795FAF464533826484B498524CD807E51D79ED187F21878E10516EF63F505AC67F42C9
310
BA58B1FDDD071640D2FCC87D2045B96591CB3DA85CB7DCE40F504B0304140006080800CC70623B55019EA25F0000007C00000007000000636E782E786D6C4DCB3B0E80201045D1AD90E915ED2CF8AC45050C11660C8261F98AB1B07AC9C97D42D718D865D3E909258CFD00CCE24AC6E326A164D74DC0B4128928FF32603847
310
2BA13128B1252AC747C6BAB984FC68F0B87FE8960A5C09FE86CFB69FBA01504B0304140006080800CC70623B8C9102E971010000D40300000C0000006662782F636F72652E786D6CC5535B6E833010BC8AE5DF0A6C08340F1947A84D4ED00B38C6A128602363A31CBFCB234A53A551FA553EC09AD9F5CE8C31DB9E9B1AF5CA
310
7695D1198E428A91D2D214952E33ECDD315861B4E5CC1AE3BE9561A445A3323CC098B3D21ADFCE9034DA29ED00D5A6503328BA4E398C640D8B0C77F253352214DE4145770A5B214FA2546114020D759C75CE8200340D19DE981F0F6746269C33EFAB6266AB02A655C74A59CCF365BADC27CB5D902ED22848F6340DF238A141
310
BE88E2F57B92BFEDF23523433367AE6A2EEAA455C2A902F398D2751045018D3FA264435F3771F242571B4A1919CA6F9A7C5B3CD9E42BED16F12C776AEB308F40C848FC700B1139D4891EF410CEC810227CC6846F8386402064270EF5C5C709A05E49676C024C61FC95EA45ED154CA5211D1FF4FB8291A913A68E9B83EBBB33
310
E2A7673CDE118E5AE8124C0807CB8377834E366998436B950D7A7746DAD846D4CFD978E0F04FD455FC5D49D2D4C6FE9722321F10997F0F32DC47FE05504B0304140006080800CC70623BFFEA85907E0000009D0000000B0000006662782F636E782E786D6C4DCCD10A83201886E15B91FFDC95D95A811AB6F23E625948A6C3
310
E9D8E5AF46073BFAE0E1E365ED67B3E8ADC3CB78C7815C7240DA3DFC64DCC221C519D7805AC182F7F1EF06C88D9BE6703008B6049F9E274D7A1E938DBB5AE3D6131B2589BA0D3D965551E0B2EA732C9B9A624AAEB41E3A557677029960D9AFB4EF11165F504B0304140006080800CC70623B4FEEA4082C0100001202000031
310
0000006662782F39464131463745442D413632322D343644302D413938332D3331353338454246344243312F636F72652E786D6C8D515B6EC32010BC0AE2AB55850DD871ED0813254D72825EC00192A2C460F1A872FC42ED48ED5F7E00CDCECCCEB26C731F6FE05B39AFADE921293004CA082BB5B9F43086336A21D870E6AC
310
0D7F68109861543DCC30E4ECE26C9C164858139409093556AA051CBC570102714B8F1E7AF1A5C6A11862480C7F2DA6415C878B2A4891CA89C7990F2E050073937C42DE1DB7E4F87ED8A36D4329AA9B3D46DBAEAD504556557BD81DEBDD0761E52CE42C462D17B996298E3E6BE59E35C962CE821E1FF18553435012728A7187
310
0841987E927A8D9B35ADDF70BBC6989599FE4F1427F9A4286A132ABAC49D651EF234CD5CE04CDA78BA3DC2A8FB645D00B9DF8B57E215725C60BCA2A463E54C4CE327C7A65E1C7DB02E7DEFCBF594B864C5CA6CDBD49C957943E9FA5D5FBAF336F90F504B0304140006080800CC70623BAD7543B64E01000033030000300000
310
006662782F39464131463745442D413632322D343644302D413938332D3331353338454246344243312F636E782E786D6CD593CD6EC32010845F0571AD6CE3D48AD20813A9873E410FBD12D82434182C7EAAE6EDBB2424CD25871E7B41D6EC30B3FA84F9E67BB2E40B4234DE8DB46F1925E094D7C6ED479AD3AE5951B2113C
310
789FEE6C943839C1488B4C05DF079FE72A69D8C96C13AAD6B8631503449F83828872B949AC57D26200B826A308D316B4064D6E46FCDA41C05550DC9E483A00797BFD207EFB092A45DE9514C1BBD22178396BD39D891265658C238DEA00936C654E5E433CB65A26D9F6EDB5EBC14EBF49A45CB856E66048291F6939A9A81BB5
310
C8917738143CA680F4AA299D66A042CEB3354A2684DC9D8D178FE0D9B8B41CAAD720F880EE7EF93C0C18769E099ECC04D5A102C8049A8A05632F4DDF376CF1DE0F6BB65C2F8627B65A33C6BB62177CEBBDAD973006829F89F22E814B54F4BC2BE347F8AA8F681390B50FA73F804400B5F542E796F19FF974E7F78DB802FE05
310
E207504B0304140006080800CC70623B16AB87BA640500003C100000340000006662782F39464131463745442D413632322D343644302D413938332D3331353338454246344243312F6F626A656374732E786D6CAD575B6FA33818FD2B887DE6924B3BED8A326A92B68A663B534DD4D13E548A0C38942D60649B369D5FBFC7
310
600890A493BDE42160637FD7F31D7FF63E6FB3D478A55C242CBF3247B66B1A340F5994E4F19559CA8D75611A9F7D8F33263BCB4C232719BD32D5B4E97B316765A1A722BA21652A07B3B7B33F0D11D29C9A46981221AE4C113ED38CD8A4942CA2E2C58E882476BCD9DA23BB5ED8171B73523C0F841684D35CC252CCE79062D4
310
468DFA43D7747CCF51DF7D4FFDEB5593E3AB9CCA9FBEFE241792E4E19EB28198C968BAB8199F5D5A67D3E9C49A9E8F47D6EC76B6B0469F26EEFC7C3EBFBCBEB98462213924694B38DD98FE1D62C393D073EA4FADC5DAF04326852CCF6958F90F0F2B9BB5C48816348F90C7840A68EB78EDF68723159BCEE7891A6B95DDE9D3
310
BCEAEEE8086A6C6F9E5D4B59F0175C10A7A0820BAA5055C7473B5AE3CFDD452D602CD5DF12616444529E90D448938013FE6EFA58AA96F85E4F8C42275708571E98FE6827AF6B2B4AE3D7D83D64E5A64C53054DD3AF90BD06FEA9149565C94FCA0F6B834DC85599E4F2423B24DF0B6AFA979E534DFA9E7A4CC6FA631D486393
310
921829879BF5D781A373557BCB85E97FB90DB62B558F8795179C15944B051F40AB495CF35451D26A4727654E6D8033BD98EF82F21D91FF8AF2DD9982BCF1643BDD4EB516C9492E368C67C88DED563FC36D5EACF66DFF057C3658BDBFA69DF9578B3DA735B64F18C7F20770A9D45CFCF7FCF563D6456A277DBEF78A02637CA2
310
43B90A490AEAB94F72244481D24819A6C0E59B606BFA4B3025981DBB48EAB701D97BF19C577CC77F2D1B6C55A9EF3C732474C0B727303F625995056C3B02963D9EAC146BE78EC5FCEC7FA999EBC5EACBAAE41B12D27B4D2C0BBA49F244E2ECDC81B76B502F113D8F5EE8FB1BE3111CDD4FC2AA9B844CAB1288B68AB90A7CDC
310
1C166AB0D3DC5310625FCC14E779BFD0709F8890A629C9292B1B2DED31A4B0DA928CEE135085754027E3018A397D4D5427D15BD1330B677DC8934285AC3DF45A9EB68FF8F2B8FC0A509AFEECFD0FF2DE25CC6047F7214B195F07EFEB9A094D800F7BFAE8FED187B78EA8A3A400F115961BCAD1215E47C966530AF0EE8128FE
310
58CEBB996A8964FFA529A046635D9353B0336A8F700DDF46271A024E70B0B37C9DE01847591E54DED53D54202AB947E4076556AC49C6CA5C9E1226B7F1A7B1BE15DEED62C41B91E1B3E9AFAAA735036547343A925075041DF0A9979E893B391F8FCFA6967B3EFB644DCF6E5CEBFAE272625DCC6FAF3FB93793C5F90CE1EF57
310
407342756B10D1C489E8953CD1617E5CEECAD6F4EF8914CE5D5D504E5C3F1F9736DA62CFC11E00BCDDB8CC8A9466349744C1F75EBDA4DF09BA8A9E8C7A7E9991989E20E5DBDD6A6003664ED8F7A04A8DBE0DF6EAD9B9AA858342E47399053949D2C146EDB85DE4B176BB0965FBAC19BD19AA918E27FA50C1D22402E144464C
310
59462568E704B6E71915404CB72B8FF4EDE184DDAF753F284990D2C6926782963815403548A70C657FDEF80D2D9CEAA2AE4C1C76F60BFE74219A06527D6582DF6412526107381E55E353090704D085B52408D0933C4ED159D79BDA71BB4BC506F4831350EB6F979CD22D69BF7AC49B91A2C0A9DDA3D5CA36AD20FC478E37E6
310
1844E2352865EBCB6EA275A652E3836BE04EFB400BF1A2556F515F1FBB35B2AB35BD889C744FFA1004B5544B121E57F70215746DD2F5E2C1412B602CBF19455AC6C8E5E9922C4E01E65215385004546899059180EAFCF7A707CE7017CD8CDB0410789AB32C63B91E5CEBBBACB17AC6CD347A022D5075FD106377347AAABA7E
310
7D11590744509B44E205134DC1290F06580320F78E537D3D73540E06CB970B431F185308AD40BBD794D6D77003C5A36E8EAA54BA64597CD8F83BD552A080A365F7FF06504B0304140006080000CC70623B000000000000000000000000350000006662782F39464131463745442D413632322D343644302D413938332D3331
310
353338454246344243312F76657274696365732E62696E504B0304140006080800CC70623BF270F1330600000004000000360000006662782F39464131463745442D413632322D343644302D413938332D3331353338454246344243312F747269616E676C65732E62696E636660600000504B0304140006080000CC70623B
310
000000000000000000000000370000006662782F39464131463745442D413632322D343644302D413938332D3331353338454246344243312F617474726962757465732E62696E504B0304140006080800CC70623B08DA0BD19000000041010000360000006662782F39464131463745442D413632322D343644302D413938
310
332D3331353338454246344243312F6469726563746F72792E786D6C858F410AC3201045AF22B36F53E9A60B35CBEEBAE80D244E44489C6234F4F835464A48035D0DF398FF9F8AF63D0E6CC63039F212F8F9020C7D47C6792B21C5FE7403D62A1188E2E60C98D7234A5830286103A55745067B9D86B8A3CF9C7F90C11DE607
310
FB144396D7B6A82D282E9A152AD114D5EF2CB866EEE831B8EEA07A7BB5A8D7D61A2BAAEB7FD5F70921FF497D00504B0304140006080800CC70623B0D6EF93BFE000000A00100003B0000006662782F39464131463745442D413632322D343644302D413938332D3331353338454246344243312F7265736F75726365732F63
310
6F72652E786D6C8D50596E833010BD0A9ADFCA60B334011947A8694ED00B586642AC041B79A97AFC9A40A5F6AF3F33A3B7689E1E3F7DCD8FEC139DD7D6F4C0720A191A65476DA61E62B892236427C19DB5E1970C322367EC618541F0C9D9B8EC90B226A009093576C41D94DE63804C3DD2D18357379C652E63480A7FCF17A9
310
EE72C29CE5894E3AC17D702940B63D59270887DE46A7D0F36263058F518FBB468FE9A7BE6A7420864373B8D4873369AA8691FA421B3294352543C5CAF65C0F6FEF43CB8BD52C78D0F34F46E550061C419494B6843142CB0F5677F4B52BEB177AEC28E5C52AFF638ACBF84F53D42654E51E77B379102C05791282176B5F693D
310
CB4C7BED567C03504B010214000A0000080000CC70623B3DEE336E79000000790000001B00000000000000000000000000000000006175746F6465736B2D64657369676E2D7061636B6167652E786D6C504B01021400140006080800CC70623BD486FD9CA0000000F40000001300000000000000000000000000B20000005B
310
436F6E74656E745F54797065735D2E786D6C504B01021400140006080800CC70623B1EC5D7A3EB0000007C010000080000000000000000000000000083010000636F72652E786D6C504B01021400140006080800CC70623B55019EA25F0000007C000000070000000000000000000000000094020000636E782E786D6C504B
310
01021400140006080800CC70623B8C9102E971010000D40300000C00000000000000000000000000180300006662782F636F72652E786D6C504B01021400140006080800CC70623BFFEA85907E0000009D0000000B00000000000000000000000000B30400006662782F636E782E786D6C504B01021400140006080800CC70
310
623B4FEEA4082C0100001202000031000000000000000000000000005A0500006662782F39464131463745442D413632322D343644302D413938332D3331353338454246344243312F636F72652E786D6C504B01021400140006080800CC70623BAD7543B64E010000330300003000000000000000000000000000D5060000
310
6662782F39464131463745442D413632322D343644302D413938332D3331353338454246344243312F636E782E786D6C504B01021400140006080800CC70623B16AB87BA640500003C1000003400000000000000000000000000710800006662782F39464131463745442D413632322D343644302D413938332D3331353338
310
454246344243312F6F626A656374732E786D6C504B01021400140006080000CC70623B0000000000000000000000003500000000000000000000000000270E00006662782F39464131463745442D413632322D343644302D413938332D3331353338454246344243312F76657274696365732E62696E504B01021400140006
310
080800CC70623BF270F133060000000400000036000000000000000000000000007A0E00006662782F39464131463745442D413632322D343644302D413938332D3331353338454246344243312F747269616E676C65732E62696E504B01021400140006080000CC70623B0000000000000000000000003700000000000000
310
000000000000D40E00006662782F39464131463745442D413632322D343644302D413938332D3331353338454246344243312F617474726962757465732E62696E504B01021400140006080800CC70623B08DA0BD190000000410100003600000000000000000000000000290F00006662782F39464131463745442D413632
310
322D343644302D413938332D3331353338454246344243312F6469726563746F72792E786D6C504B01021400140006080800CC70623B0D6EF93BFE000000A00100003B000000000000000000000000000D1000006662782F39464131463745442D413632322D343644302D413938332D3331353338454246344243312F7265
310
736F75726365732F636F72652E786D6C504B0506000000000E000E0080040000641100000000
  0
XRECORD
  5
175
102
{ACAD_REACTORS
330
173
102
}
330
173
100
AcDbXrecord
280
     1
270
     1
271
     1
  0
XRECORD
  5
174
102
{ACAD_REACTORS
330
173
102
}
330
173
100
AcDbXrecord
280
     1
270
     1
271
     1
  0
XRECORD
  5
1FB
102
{ACAD_REACTORS
330
173
102
}
330
173
100
AcDbXrecord
280
     1
 70
     0
 90
1673772943
  1
ECE7A1D2-D628-4531-984C-D00F80459256
310
504B03040A0000080000CC70623B3DEE336E79000000790000001B0000006175746F6465736B2D64657369676E2D7061636B6167652E786D6C3C3F786D6C2076657273696F6E3D22312E302220656E636F64696E673D227574662D3822203F3E3C666F726D6174733E3C666F726D61743E687474703A2F2F736368656D612E
310
6175746F6465736B2E636F6D2F64657369676E2D7061636B6167652F323030393C2F666F726D61743E3C2F666F726D6174733E504B0304140006080800CC70623BD486FD9CA0000000F4000000130000005B436F6E74656E745F54797065735D2E786D6C7D8EC10E82300C865F65E91D8A1E8C310C0EEA1BF002731658846E
310
D98AC1B77784ABF1D8FE5FBFBF75BBCE937A534CCEB38643598122B6FEE978D0B0485F9C41B54DDD7D022595594E1A469170414C76A4D9A4D207E29CF43ECE46F218070CC6BECC4078ACAA135ACF422C856C0E68EA1BF5669944DDD7BCDE7B1F8E415D77AECB980613C2E4AC91FC167A2B244592486606FC29C8FD7F045B9A
310
EF7053A7E60B504B0304140006080800CC70623BD9DDAED0EC0000007C01000008000000636F72652E786D6C8D90416EC3201045AF82665B61836D9CD8C2444DD39CA01740405C94182C03558F5F9C3852BBEB6A467FFE9B197D7EF89E6EE8CB2CC17A37002D0820E394D7D68D03A478C17B4007C117EFE32F1B20272733C0
310
2A83E0E3E2D3BC49CABB685CCCAAF3DA6CA20CC14440EA969B0182FA34932C648AD911AEC52CD5558EA6A0CF2EC329598D1E47ACCEFBECC59A050463A7EA5833865FEBDD0E37353BE3EE8DBDE3F6786A48D375FBF6CC78B9C282473B3DEFABC5C86834888A900E538A49F5419B9EB47DD5BC907D4F082F57FB1F28CDFA9F50
310
B22ED6D5F6EE030B20687EE43E10BC5CB3C8E51E54AE6B6EE207504B0304140006080800CC70623B55019EA25F0000007C00000007000000636E782E786D6C4DCB3B0E80201045D1AD90E915ED2CF8AC45050C11660C8261F98AB1B07AC9C97D42D718D865D3E909258CFD00CCE24AC6E326A164D74DC0B4128928FF326038
310
472BA13128B1252AC747C6BAB984FC68F0B87FE8960A5C09FE86CFB69FBA01504B0304140006080800CC70623BA24EB22D72010000D40300000C0000006662782F636F72652E786D6CC5535B6E833010BC8AE5DF0A6C5E49888CA3A6694ED00B38E05014B091B1518EDFE511A5A9D228FD2A1F60CDEC7A67C6986DCE4D8D7A
310
69BA4AAB0C073EC548AA5C17952A33ECECD15B61B4E1CC686DBF9561A44423333CC098B3D268D7CE50AE9595CA02AA74216750749DB418E5352C32DCE59FB211BE70162ABA93DF8AFC244AE9073ED050C759670D0840D390E18DF9F1706664C23973AE2A66B62A605A75ACA4C13C4976E1364A12EF355A2EBD384AF65EFA96
310
BC7B8BED2EA6719AAE16FB8491A199335B351775B991C2CA02F390D2D40B028F861F41BCA68B7518BFD0D59A524686F29B26D7164F36B94AD9289CE54E6D1DE6010819891F6E21228B3AD1831EC219194284CF98F06DD01008846CC5A1BEF83801D4CBDC6A1303536877A57A513B0953A94FC707FDBE6064EA84A9E3E6E0FA
310
EE8CF0E9198F7784A316AA0413C2C2F2E0ECA0934D1AE6D05A69BCDE9E91D2A611F573361E38FC1375157F5752AE6B6DFE4B11990F88CCBF0719EE23FF02504B0304140006080800CC70623B408A7D3B7C0000009D0000000B0000006662782F636E782E786D6C4DCCD10A83201886E15B91FFDC552A92A0064DBC8F581632
310
D3703A76F9ABD1C18E3E78F878E5F0D9027ABBFCF2292AE86E2D20171F69F6715550CB827B40839639A5F2770314A7CD293819B45C73AAFB45B35BA61ACAA1C1C7E7855C58C15BC331339661262CC762340413D68D77DA5B42298546CBE6573AF60CEB2F504B0304140006080800CC70623B449FB9BD290100001202000031
310
0000006662782F36394639363044362D344446342D343946362D394244322D3234314243333846323333332F636F72652E786D6C8D515B6EC32010BC0AE22B55850D98B871848994463E412FE002495162B07854397EA176A4F62F3F2C9A9D991D587EB84F37F0AD7D30CEF6905418026DA553C65E7A98E219ED203808EE9D
310
8B7F6810D871D23D2C3014FCE25D9A57483A1BB58D19B54EE9151C43D0110279CB971E06F9A5A7B11A53CC8C70ADE6515EC78BAE4895DB992778883E0700CB907242D17643D7E2538BD869608875438BBAE38922CAC8F1BDD90DB4691A5E2F42C153326A951B95E398B3D1FE599322163C9AE9115F7A3D46ADA0A018778810
310
84E907617BDCEE297BC5BB3DC6BC2EF47FA234AB2745C9D8D8D035EE220B50105E2F0DC1954B9FB747187D9F9D8FA0CCDB042D5FA0C015C65B42DF78BD10F3F3B363CB56C7109DCFDFBBB97E662ED92EB62D13BC2E1BCAE5777DB9966D8A1F504B0304140006080800CC70623BAD7543B64E01000033030000300000006662
310
782F36394639363044362D344446342D343946362D394244322D3234314243333846323333332F636E782E786D6CD593CD6EC32010845F0571AD6CE3D48AD20813A9873E410FBD12D82434182C7EAAE6EDBB2424CD25871E7B41D6EC30B3FA84F9E67BB2E40B4234DE8DB46F1925E094D7C6ED479AD3AE5951B2113C789FEE
310
6C943839C1488B4C05DF079FE72A69D8C96C13AAD6B8631503449F83828872B949AC57D26200B826A308D316B4064D6E46FCDA41C05550DC9E483A00797BFD207EFB092A45DE9514C1BBD22178396BD39D891265658C238DEA00936C654E5E433CB65A26D9F6EDB5EBC14EBF49A45CB856E66048291F6939A9A81BB5C89177
310
38143CA680F4AA299D66A042CEB3354A2684DC9D8D178FE0D9B8B41CAAD720F880EE7EF93C0C18769E099ECC04D5A102C8049A8A05632F4DDF376CF1DE0F6BB65C2F8627B65A33C6BB62177CEBBDAD973006829F89F22E814B54F4BC2BE347F8AA8F681390B50FA73F804400B5F542E796F19FF974E7F78DB802FE05E20750
310
4B0304140006080800CC70623B8D05915C650500003B100000340000006662782F36394639363044362D344446342D343946362D394244322D3234314243333846323333332F6F626A656374732E786D6CAD575B6FA33814FE2B887D06429276DA1565D4266D158D3A339A6846FB502932E050B66023DB74D2FDF5FB190C01
310
9276B2973C046C8ECFF53B17071F77456EBD502133CEAE6CDF9DD81665314F32965ED995DA3A17B6F5310C04E7AA47665B8C14F4CAD6DB7618A48257A5D94AE89654B91AEDDEDDFC61C998326A5B714EA4BCB265FC440BE2924AF184CA6737218AB8E976E7FA6E4338649B0A523E8D98964450A6A029F619B8588D52FE7039
310
B1BD30F0F4F730D0FF866AF6369557DB33949F31A9088B0F848DD8CCFCF9F2767A76E99CCDE733677E3EF59D9BBB9BA5E37F984D16E78BC5E5F5ED25044B25C0C96822E8D60EEFE11B91C581D77CEA34368A1F5329E68CD1B8B61F16D63A1B8E092D294B10C78C4A48EB593D192E7DED9BDEE7995E1B91FDEDD3ACEA9FE831
310
6A756F9F7D4D79F4274C90A7A04248AA51D5F8C718DAE06FB2F75AC4796EBE65D22A88A22223B995679120E2D50E41AA49C260C046A35368846B0BECD0DFF3EBEB8AD4F835768F69B9ADF25C43D30E6B646F807FAA64AD59F61715C7A54127C4AACA98BA3006A9D792DAE165E0D59B61A01FB3A9F9D838D2DAE62445C86166
310
F37564E842E7DE6A69879FEEA2DD5AE7E371E1A5E025154AC307D06A03D73EB5978C58FFA4C8E9033066E0F3BD53BEC1F39F91BE7B55103791EDE6BBB991A2046172CB4581D8B893FA674DDA17A77B3B7C413D1B511FD2743BFF8A38F03A658705E3ADF8015C3A3417FF3D7E439FF591DA0B5F18BC20C1B8981957AE6392A3
310
F43C640C01D1A0B4728E2DD4F26DB4B3C3152A252A3B4E913CEC1C72F012782FF88EFF8637AA552DBEF76408E8A8DE9E50F9E1CB3A2DA0DB1B6039A893B56063DC5B3E3FFB5F72E67AB9FEB4AEC496C4F4C1149625DD662C53E89D7BF0F6151A046260D1337DFDC94502430F83B0EE07A130A224BCAD7DAE1D9FB6CD422FF6
310
920702629C4BB9AE79C12F243C6432A6794E18E5552BA56B431AAB5D91317302B2B071E86C3A42B1A02F999E24061403B5D0EB639195DA655DD3EBEAB4FB862DDF579F014AD0E73C22F99E28DA57FB98E75C6CA2D74D53086D600F4786E0FE3144B771A8A7B900F03594DB8A633CBC49B2EDB69228BB479CF863B5E807AAAB
310
23872F6DFEB4129B949CA33823F58830E86D65621E10047D9DB34D862E8EAC3C2ABC2F7B2C40D67CDFE01F5545B92105AF983AC54D93D69E56FB8E797F88913F898A9FEC705D3F9D1B54EC8426FB500D40A03BD0119B06E1B95DDC7EB8F6975367793EBD70E66733DFB9BC982F9CE564727731999F5D4ECFCE3B8D6A4DC2A0
310
6D50FD148437D110834A64C6CDDF57FBACB5C307A2A477DFE4939736CFEF2B175371E0E10CF0DD1D5C15654E0BCA14D1E87DD02FF93782A162C0A3D95F1524A52770F972BF1EE9809D13CE7DD599467F8ECE9ADD85CE85A34CD45355448C64F9E8A031DC2D596ACC6E5DD93D9B82DE2EF5CAF81363A8E47996A0DE24564A79
310
4115AACE09C55E14540231FDA13C319787134EBF34E3A022514E5B4D9E0826E25C02D5805B15ABE1BEF51B26383D445DD9E875EE33FE4C22DA16427D65A3BCA92CA6D28DD01DF5DC53330704308475351050232CCD31583787BA75774AFB06E5070DD0C8EF484E19968C5D83BA5B90B244D31E54D55A372320FE4786B7EA58
310
44E135AA5467CB7EA333A61683CC6A8C3257034C10CF46F40EF9F5BE59BE5BD30C3C72D235E95D10345C1D45445A5F0BB47E46A5EBE5570F9380B5FA629579952296A773720405982B9DE04011506178964401AA8BDF1FBF0A8EAB6861DD6580C0E38217056766716DAEB2D6FA0917D3E4116581EADB879C4E7CFFB11EFACD
310
3D641311495D92C8676CB409A72D18610D803CE8A626049E8EC1887CB5B44CC39883690DDA8399B4B9855B481E7D71D4A9D22F96E5BB73BF5793020C02137BF837504B0304140006080000CC70623B000000000000000000000000350000006662782F36394639363044362D344446342D343946362D394244322D32343142
310
43333846323333332F76657274696365732E62696E504B0304140006080800CC70623BF270F1330600000004000000360000006662782F36394639363044362D344446342D343946362D394244322D3234314243333846323333332F747269616E676C65732E62696E636660600000504B0304140006080000CC70623B0000
310
00000000000000000000370000006662782F36394639363044362D344446342D343946362D394244322D3234314243333846323333332F617474726962757465732E62696E504B0304140006080800CC70623B08DA0BD19000000041010000360000006662782F36394639363044362D344446342D343946362D394244322D
310
3234314243333846323333332F6469726563746F72792E786D6C858F410AC3201045AF22B36F53E9A60B35CBEEBAE80D244E44489C6234F4F835464A48035D0DF398FF9F8AF63D0E6CC63039F212F8F9020C7D47C6792B21C5FE7403D62A1188E2E60C98D7234A5830286103A55745067B9D86B8A3CF9C7F90C11DE607FB14
310
4396D7B6A82D282E9A152AD114D5EF2CB866EEE831B8EEA07A7BB5A8D7D61A2BAAEB7FD5F70921FF497D00504B0304140006080800CC70623BCA768048FE000000A00100003B0000006662782F36394639363044362D344446342D343946362D394244322D3234314243333846323333332F7265736F75726365732F636F72
310
652E786D6C8D50596E833010BD0A9ADFCA60D600328E9AA639412F609909B1126CE4A5EAF16B0295DABFFECC8CDEA2797AECF8353F924FB44E193D409E5248504B332A3D0D10FC95B4901C39B3C6F85F3248B49871801506CE266BC2B243D2688FDA47549B11775038871E12F988C7004EDE7016A9083E2ADC3D5D84BC8B09
310
D33C8D74D471E6BC8D0192EDC93A815B742658898E651BCB59086ADC356A8C3FD555A1055ED7E7E254D615792D0F075295F585746FF53B694EE78A565DD736979A65AB9933AFE69F8CD2A2F038022F28ED489E135A7CE4554F9BBEA85E68DB53CAB255FEC71496F19FA6A0B42F8B3DEE6673C0F318E4497096AD7DC5F52C33
310
EEB55BFE0D504B010214000A0000080000CC70623B3DEE336E79000000790000001B00000000000000000000000000000000006175746F6465736B2D64657369676E2D7061636B6167652E786D6C504B01021400140006080800CC70623BD486FD9CA0000000F40000001300000000000000000000000000B20000005B436F
310
6E74656E745F54797065735D2E786D6C504B01021400140006080800CC70623BD9DDAED0EC0000007C010000080000000000000000000000000083010000636F72652E786D6C504B01021400140006080800CC70623B55019EA25F0000007C000000070000000000000000000000000095020000636E782E786D6C504B0102
310
1400140006080800CC70623BA24EB22D72010000D40300000C00000000000000000000000000190300006662782F636F72652E786D6C504B01021400140006080800CC70623B408A7D3B7C0000009D0000000B00000000000000000000000000B50400006662782F636E782E786D6C504B01021400140006080800CC70623B
310
449FB9BD290100001202000031000000000000000000000000005A0500006662782F36394639363044362D344446342D343946362D394244322D3234314243333846323333332F636F72652E786D6C504B01021400140006080800CC70623BAD7543B64E010000330300003000000000000000000000000000D20600006662
310
782F36394639363044362D344446342D343946362D394244322D3234314243333846323333332F636E782E786D6C504B01021400140006080800CC70623B8D05915C650500003B10000034000000000000000000000000006E0800006662782F36394639363044362D344446342D343946362D394244322D32343142433338
310
46323333332F6F626A656374732E786D6C504B01021400140006080000CC70623B0000000000000000000000003500000000000000000000000000250E00006662782F36394639363044362D344446342D343946362D394244322D3234314243333846323333332F76657274696365732E62696E504B010214001400060808
310
00CC70623BF270F13306000000040000003600000000000000000000000000780E00006662782F36394639363044362D344446342D343946362D394244322D3234314243333846323333332F747269616E676C65732E62696E504B01021400140006080000CC70623B00000000000000000000000037000000000000000000
310
00000000D20E00006662782F36394639363044362D344446342D343946362D394244322D3234314243333846323333332F617474726962757465732E62696E504B01021400140006080800CC70623B08DA0BD190000000410100003600000000000000000000000000270F00006662782F36394639363044362D344446342D
310
343946362D394244322D3234314243333846323333332F6469726563746F72792E786D6C504B01021400140006080800CC70623BCA768048FE000000A00100003B000000000000000000000000000B1000006662782F36394639363044362D344446342D343946362D394244322D3234314243333846323333332F7265736F
310
75726365732F636F72652E786D6C504B0506000000000E000E0080040000621100000000
  0
XRECORD
  5
176
102
{ACAD_REACTORS
330
173
102
}
330
173
100
AcDbXrecord
280
     1
270
     1
271
     1
  0
XRECORD
  5
177
102
{ACAD_REACTORS
330
173
102
}
330
173
100
AcDbXrecord
280
     1
270
     1
271
     1
  0
CELLSTYLEMAP
  5
1879
102
{ACAD_REACTORS
330
162
102
}
330
162
100
AcDbCellStyleMap
 90
        3
300
CELLSTYLE
  1
TABLEFORMAT_BEGIN
 90
        5
170
     1
 91
        0
 92
    32768
 62
   257
 93
        1
300
CONTENTFORMAT
  1
CONTENTFORMAT_BEGIN
 90
        0
 91
        0
 92
      512
 93
        0
300

 40
0.0
140
1.0
 94
        5
 62
     0
340
11
144
6.0
309
CONTENTFORMAT_END
171
     1
301
MARGIN
  1
CELLMARGIN_BEGIN
 40
1.5
 40
1.5
 40
1.5
 40
1.5
 40
4.5
 40
4.5
309
CELLMARGIN_END
 94
        6
 95
        1
302
GRIDFORMAT
  1
GRIDFORMAT_BEGIN
 90
        0
 91
        1
 62
     0
 92
       -2
340
14
 93
        0
 40
1.125
309
GRIDFORMAT_END
 95
        2
302
GRIDFORMAT
  1
GRIDFORMAT_BEGIN
 90
        0
 91
        1
 62
     0
 92
       -2
340
14
 93
        0
 40
1.125
309
GRIDFORMAT_END
 95
        4
302
GRIDFORMAT
  1
GRIDFORMAT_BEGIN
 90
        0
 91
        1
 62
     0
 92
       -2
340
14
 93
        0
 40
1.125
309
GRIDFORMAT_END
 95
        8
302
GRIDFORMAT
  1
GRIDFORMAT_BEGIN
 90
        0
 91
        1
 62
     0
 92
       -2
340
14
 93
        0
 40
1.125
309
GRIDFORMAT_END
 95
       16
302
GRIDFORMAT
  1
GRIDFORMAT_BEGIN
 90
        0
 91
        1
 62
     0
 92
       -2
340
14
 93
        0
 40
1.125
309
GRIDFORMAT_END
 95
       32
302
GRIDFORMAT
  1
GRIDFORMAT_BEGIN
 90
        0
 91
        1
 62
     0
 92
       -2
340
14
 93
        0
 40
1.125
309
GRIDFORMAT_END
309
TABLEFORMAT_END
  1
CELLSTYLE_BEGIN
 90
        1
 91
        1
300
_TITLE
309
CELLSTYLE_END
300
CELLSTYLE
  1
TABLEFORMAT_BEGIN
 90
        5
170
     1
 91
        0
 92
        0
 62
   257
 93
        1
300
CONTENTFORMAT
  1
CONTENTFORMAT_BEGIN
 90
        0
 91
        0
 92
      512
 93
        0
300

 40
0.0
140
1.0
 94
        5
 62
     0
340
11
144
4.5
309
CONTENTFORMAT_END
171
     1
301
MARGIN
  1
CELLMARGIN_BEGIN
 40
1.5
 40
1.5
 40
1.5
 40
1.5
 40
4.5
 40
4.5
309
CELLMARGIN_END
 94
        6
 95
        1
302
GRIDFORMAT
  1
GRIDFORMAT_BEGIN
 90
        0
 91
        1
 62
     0
 92
       -2
340
14
 93
        0
 40
1.125
309
GRIDFORMAT_END
 95
        2
302
GRIDFORMAT
  1
GRIDFORMAT_BEGIN
 90
        0
 91
        1
 62
     0
 92
       -2
340
14
 93
        0
 40
1.125
309
GRIDFORMAT_END
 95
        4
302
GRIDFORMAT
  1
GRIDFORMAT_BEGIN
 90
        0
 91
        1
 62
     0
 92
       -2
340
14
 93
        0
 40
1.125
309
GRIDFORMAT_END
 95
        8
302
GRIDFORMAT
  1
GRIDFORMAT_BEGIN
 90
        0
 91
        1
 62
     0
 92
       -2
340
14
 93
        0
 40
1.125
309
GRIDFORMAT_END
 95
       16
302
GRIDFORMAT
  1
GRIDFORMAT_BEGIN
 90
        0
 91
        1
 62
     0
 92
       -2
340
14
 93
        0
 40
1.125
309
GRIDFORMAT_END
 95
       32
302
GRIDFORMAT
  1
GRIDFORMAT_BEGIN
 90
        0
 91
        1
 62
     0
 92
       -2
340
14
 93
        0
 40
1.125
309
GRIDFORMAT_END
309
TABLEFORMAT_END
  1
CELLSTYLE_BEGIN
 90
        2
 91
        1
300
_HEADER
309
CELLSTYLE_END
300
CELLSTYLE
  1
TABLEFORMAT_BEGIN
 90
        5
170
     1
 91
        0
 92
        0
 62
   257
 93
        1
300
CONTENTFORMAT
  1
CONTENTFORMAT_BEGIN
 90
        0
 91
        0
 92
      512
 93
        0
300

 40
0.0
140
1.0
 94
        2
 62
     0
340
11
144
4.5
309
CONTENTFORMAT_END
171
     1
301
MARGIN
  1
CELLMARGIN_BEGIN
 40
1.5
 40
1.5
 40
1.5
 40
1.5
 40
4.5
 40
4.5
309
CELLMARGIN_END
 94
        6
 95
        1
302
GRIDFORMAT
  1
GRIDFORMAT_BEGIN
 90
        0
 91
        1
 62
     0
 92
       -2
340
14
 93
        0
 40
1.125
309
GRIDFORMAT_END
 95
        2
302
GRIDFORMAT
  1
GRIDFORMAT_BEGIN
 90
        0
 91
        1
 62
     0
 92
       -2
340
14
 93
        0
 40
1.125
309
GRIDFORMAT_END
 95
        4
302
GRIDFORMAT
  1
GRIDFORMAT_BEGIN
 90
        0
 91
        1
 62
     0
 92
       -2
340
14
 93
        0
 40
1.125
309
GRIDFORMAT_END
 95
        8
302
GRIDFORMAT
  1
GRIDFORMAT_BEGIN
 90
        0
 91
        1
 62
     0
 92
       -2
340
14
 93
        0
 40
1.125
309
GRIDFORMAT_END
 95
       16
302
GRIDFORMAT
  1
GRIDFORMAT_BEGIN
 90
        0
 91
        1
 62
     0
 92
       -2
340
14
 93
        0
 40
1.125
309
GRIDFORMAT_END
 95
       32
302
GRIDFORMAT
  1
GRIDFORMAT_BEGIN
 90
        0
 91
        1
 62
     0
 92
       -2
340
14
 93
        0
 40
1.125
309
GRIDFORMAT_END
309
TABLEFORMAT_END
  1
CELLSTYLE_BEGIN
 90
        3
 91
        2
300
_DATA
309
CELLSTYLE_END
  0
ENDSEC
  0
SECTION
  2
ACDSDATA
 70
     2
 71
     8
  0
ACDSSCHEMA
 90
        0
  1
AcDb_Thumbnail_Schema
  2
AcDbDs::ID
280
    10
 91
        8
  2
Thumbnail_Data
280
    15
 91
        0
101
ACDSRECORD
 95
        0
 90
        1
  2
AcDbDs::TreatedAsObjectData
280
     1
291
     1
101
ACDSRECORD
 95
        0
 90
        2
  2
AcDbDs::Legacy
280
     1
291
     1
101
ACDSRECORD
  1
AcDbDs::ID
 90
        3
  2
AcDs:Indexable
280
     1
291
     1
101
ACDSRECORD
  1
AcDbDs::ID
 90
        4
  2
AcDbDs::HandleAttribute
280
     7
282
     1
  0
ACDSSCHEMA
 90
        1
  1
AcDbDs::TreatedAsObjectDataSchema
  2
AcDbDs::TreatedAsObjectData
280
     1
 91
        0
  0
ACDSSCHEMA
 90
        2
  1
AcDbDs::LegacySchema
  2
AcDbDs::Legacy
280
     1
 91
        0
  0
ACDSSCHEMA
 90
        3
  1
AcDbDs::IndexedPropertySchema
  2
AcDs:Indexable
280
     1
 91
        0
  0
ACDSSCHEMA
 90
        4
  1
AcDbDs::HandleAttributeSchema
  2
AcDbDs::HandleAttribute
280
     7
 91
        1
284
     1
  0
ACDSRECORD
 90
        0
  2
AcDbDs::ID
280
    10
320
22
  2
Thumbnail_Data
280
    15
 94
      896
310
89504E470D0A1A0A0000000D49484452000001000000009108030000001BE1960600000300504C5445212830FFFFFF2128300000000000000000000000000000000000000000000000000000330000660000990000CC0000FF0033000033330033660033990033CC0033FF0066000066330066660066990066CC0066FF0099
310
000099330099660099990099CC0099FF00CC0000CC3300CC6600CC9900CCCC00CCFF00FF0000FF3300FF6600FF9900FFCC00FFFF3300003300333300663300993300CC3300FF3333003333333333663333993333CC3333FF3366003366333366663366993366CC3366FF3399003399333399663399993399CC3399FF33CC00
310
33CC3333CC6633CC9933CCCC33CCFF33FF0033FF3333FF6633FF9933FFCC33FFFF6600006600336600666600996600CC6600FF6633006633336633666633996633CC6633FF6666006666336666666666996666CC6666FF6699006699336699666699996699CC6699FF66CC0066CC3366CC6666CC9966CCCC66CCFF66FF0066
310
FF3366FF6666FF9966FFCC66FFFF9900009900339900669900999900CC9900FF9933009933339933669933999933CC9933FF9966009966339966669966999966CC9966FF9999009999339999669999999999CC9999FF99CC0099CC3399CC6699CC9999CCCC99CCFF99FF0099FF3399FF6699FF9999FFCC99FFFFCC0000CC00
310
33CC0066CC0099CC00CCCC00FFCC3300CC3333CC3366CC3399CC33CCCC33FFCC6600CC6633CC6666CC6699CC66CCCC66FFCC9900CC9933CC9966CC9999CC99CCCC99FFCCCC00CCCC33CCCC66CCCC99CCCCCCCCCCFFCCFF00CCFF33CCFF66CCFF99CCFFCCCCFFFFFF0000FF0033FF0066FF0099FF00CCFF00FFFF3300FF3333
310
FF3366FF3399FF33CCFF33FFFF6600FF6633FF6666FF6699FF66CCFF66FFFF9900FF9933FF9966FF9999FF99CCFF99FFFFCC00FFCC33FFCC66FFCC99FFCCCCFFCCFFFFFF00FFFF33FFFF66FFFF99FFFFCCFFFFFF0000000D0D0D1A1A1A2828283535354343435050505D5D5D6B6B6B787878868686939393A1A1A1AEAEAEBB
310
BBBBC9C9C9D6D6D6E4E4E4F1F1F1FFFFFF0000000000000000000000000000000000000000000000000000000000002E4550F10000003B4944415478DAEDC13101000000C2A0F54F6D0B2FA0000000000000000000000000000000000000000000000000000000000000000000000000CE06919100016C9A5B1B0000000049
310
454E44AE426082
  0
ENDSEC
  0
EOF
