  0
SECTION
  2
HEADER
  9
$ACADVER
  1
AC1032
  9
$ACADMAINTVER
 90
      228
  9
$DWGCODEPAGE
  3
ANSI_1254
  9
$LASTSAVEDBY
  1
BEYKENT
  9
$REQUIREDVERSIONS
160
                 0
  9
$INSBASE
 10
0.0
 20
0.0
 30
0.0
  9
$EXTMIN
 10
1827.373580062969
 20
874.5110170268445
 30
-0.0015258207003583
  9
$EXTMAX
 10
4257.594174537654
 20
2585.320884558394
 30
0.0000000349246037
  9
$LIMMIN
 10
0.0
 20
0.0
  9
$LIMMAX
 10
420.0
 20
297.0
  9
$ORTHOMODE
 70
     0
  9
$REGENMODE
 70
     1
  9
$FILLMODE
 70
     1
  9
$QTEXTMODE
 70
     0
  9
$MIRRTEXT
 70
     0
  9
$LTSCALE
 40
1.0
  9
$ATTMODE
 70
     1
  9
$TEXTSIZE
 40
2.5
  9
$TRACEWID
 40
1.0
  9
$TEXTSTYLE
  7
Standard
  9
$CLAYER
  8
0
  9
$CELTYPE
  6
ByLayer
  9
$CECOLOR
 62
   256
  9
$CELTSCALE
 40
1.0
  9
$DISPSILH
 70
     0
  9
$DIMSCALE
 40
1.0
  9
$DIMASZ
 40
2.5
  9
$DIMEXO
 40
0.625
  9
$DIMDLI
 40
3.75
  9
$DIMRND
 40
0.0
  9
$DIMDLE
 40
0.0
  9
$DIMEXE
 40
1.25
  9
$DIMTP
 40
0.0
  9
$DIMTM
 40
0.0
  9
$DIMTXT
 40
2.5
  9
$DIMCEN
 40
2.5
  9
$DIMTSZ
 40
0.0
  9
$DIMTOL
 70
     0
  9
$DIMLIM
 70
     0
  9
$DIMTIH
 70
     0
  9
$DIMTOH
 70
     0
  9
$DIMSE1
 70
     0
  9
$DIMSE2
 70
     0
  9
$DIMTAD
 70
     1
  9
$DIMZIN
 70
     8
  9
$DIMBLK
  1

  9
$DIMASO
 70
     1
  9
$DIMSHO
 70
     1
  9
$DIMPOST
  1

  9
$DIMAPOST
  1

  9
$DIMALT
 70
     0
  9
$DIMALTD
 70
     3
  9
$DIMALTF
 40
0.03937007874016
  9
$DIMLFAC
 40
1.0
  9
$DIMTOFL
 70
     1
  9
$DIMTVP
 40
0.0
  9
$DIMTIX
 70
     0
  9
$DIMSOXD
 70
     0
  9
$DIMSAH
 70
     0
  9
$DIMBLK1
  1

  9
$DIMBLK2
  1

  9
$DIMSTYLE
  2
ISO-25
  9
$DIMCLRD
 70
     0
  9
$DIMCLRE
 70
     0
  9
$DIMCLRT
 70
     0
  9
$DIMTFAC
 40
1.0
  9
$DIMGAP
 40
0.625
  9
$DIMJUST
 70
     0
  9
$DIMSD1
 70
     0
  9
$DIMSD2
 70
     0
  9
$DIMTOLJ
 70
     0
  9
$DIMTZIN
 70
     8
  9
$DIMALTZ
 70
     0
  9
$DIMALTTZ
 70
     0
  9
$DIMUPT
 70
     0
  9
$DIMDEC
 70
     2
  9
$DIMTDEC
 70
     2
  9
$DIMALTU
 70
     2
  9
$DIMALTTD
 70
     3
  9
$DIMTXSTY
  7
Standard
  9
$DIMAUNIT
 70
     0
  9
$DIMADEC
 70
     0
  9
$DIMALTRND
 40
0.0
  9
$DIMAZIN
 70
     0
  9
$DIMDSEP
 70
    44
  9
$DIMATFIT
 70
     3
  9
$DIMFRAC
 70
     0
  9
$DIMLDRBLK
  1

  9
$DIMLUNIT
 70
     2
  9
$DIMLWD
 70
    -2
  9
$DIMLWE
 70
    -2
  9
$DIMTMOVE
 70
     0
  9
$DIMFXL
 40
1.0
  9
$DIMFXLON
 70
     0
  9
$DIMJOGANG
 40
0.7853981633974483
  9
$DIMTFILL
 70
     0
  9
$DIMTFILLCLR
 70
     0
  9
$DIMARCSYM
 70
     0
  9
$DIMLTYPE
  6

  9
$DIMLTEX1
  6

  9
$DIMLTEX2
  6

  9
$DIMTXTDIRECTION
 70
     0
  9
$LUNITS
 70
     2
  9
$LUPREC
 70
     4
  9
$SKETCHINC
 40
1.0
  9
$FILLETRAD
 40
0.0
  9
$AUNITS
 70
     0
  9
$AUPREC
 70
     0
  9
$MENU
  1
.
  9
$ELEVATION
 40
0.0
  9
$PELEVATION
 40
0.0
  9
$THICKNESS
 40
0.0
  9
$LIMCHECK
 70
     0
  9
$CHAMFERA
 40
0.0
  9
$CHAMFERB
 40
0.0
  9
$CHAMFERC
 40
0.0
  9
$CHAMFERD
 40
0.0
  9
$SKPOLY
 70
     0
  9
$TDCREATE
 40
2461128.596400463
  9
$TDUCREATE
 40
2461128.471400463
  9
$TDUPDATE
 40
2461128.846817130
  9
$TDUUPDATE
 40
2461128.721817130
  9
$TDINDWG
 40
0.0013310185
  9
$TDUSRTIMER
 40
0.0013310185
  9
$USRTIMER
 70
     1
  9
$ANGBASE
 50
0.0
  9
$ANGDIR
 70
     0
  9
$PDMODE
 70
     0
  9
$PDSIZE
 40
0.0
  9
$PLINEWID
 40
0.0
  9
$SPLFRAME
 70
     0
  9
$SPLINETYPE
 70
     6
  9
$SPLINESEGS
 70
     8
  9
$HANDSEED
  5
1885
  9
$SURFTAB1
 70
     6
  9
$SURFTAB2
 70
     6
  9
$SURFTYPE
 70
     6
  9
$SURFU
 70
     6
  9
$SURFV
 70
     6
  9
$UCSBASE
  2

  9
$UCSNAME
  2

  9
$UCSORG
 10
0.0
 20
0.0
 30
0.0
  9
$UCSXDIR
 10
1.0
 20
0.0
 30
0.0
  9
$UCSYDIR
 10
0.0
 20
1.0
 30
0.0
  9
$UCSORTHOREF
  2

  9
$UCSORTHOVIEW
 70
     0
  9
$UCSORGTOP
 10
0.0
 20
0.0
 30
0.0
  9
$UCSORGBOTTOM
 10
0.0
 20
0.0
 30
0.0
  9
$UCSORGLEFT
 10
0.0
 20
0.0
 30
0.0
  9
$UCSORGRIGHT
 10
0.0
 20
0.0
 30
0.0
  9
$UCSORGFRONT
 10
0.0
 20
0.0
 30
0.0
  9
$UCSORGBACK
 10
0.0
 20
0.0
 30
0.0
  9
$PUCSBASE
  2

  9
$PUCSNAME
  2

  9
$PUCSORG
 10
0.0
 20
0.0
 30
0.0
  9
$PUCSXDIR
 10
1.0
 20
0.0
 30
0.0
  9
$PUCSYDIR
 10
0.0
 20
1.0
 30
0.0
  9
$PUCSORTHOREF
  2

  9
$PUCSORTHOVIEW
 70
     0
  9
$PUCSORGTOP
 10
0.0
 20
0.0
 30
0.0
  9
$PUCSORGBOTTOM
 10
0.0
 20
0.0
 30
0.0
  9
$PUCSORGLEFT
 10
0.0
 20
0.0
 30
0.0
  9
$PUCSORGRIGHT
 10
0.0
 20
0.0
 30
0.0
  9
$PUCSORGFRONT
 10
0.0
 20
0.0
 30
0.0
  9
$PUCSORGBACK
 10
0.0
 20
0.0
 30
0.0
  9
$USERI1
 70
     0
  9
$USERI2
 70
     0
  9
$USERI3
 70
     0
  9
$USERI4
 70
     0
  9
$USERI5
 70
     0
  9
$USERR1
 40
0.0
  9
$USERR2
 40
0.0
  9
$USERR3
 40
0.0
  9
$USERR4
 40
0.0
  9
$USERR5
 40
0.0
  9
$WORLDVIEW
 70
     1
  9
$SHADEDGE
 70
     3
  9
$SHADEDIF
 70
    70
  9
$TILEMODE
 70
     1
  9
$MAXACTVP
 70
    64
  9
$PINSBASE
 10
0.0
 20
0.0
 30
0.0
  9
$PLIMCHECK
 70
     0
  9
$PEXTMIN
 10
0.0
 20
0.0
 30
0.0
  9
$PEXTMAX
 10
0.0
 20
0.0
 30
0.0
  9
$PLIMMIN
 10
0.0
 20
0.0
  9
$PLIMMAX
 10
12.0
 20
9.0
  9
$UNITMODE
 70
     0
  9
$VISRETAIN
 70
     1
  9
$PLINEGEN
 70
     0
  9
$PSLTSCALE
 70
     1
  9
$TREEDEPTH
 70
  3020
  9
$CMLSTYLE
  2
Standard
  9
$CMLJUST
 70
     0
  9
$CMLSCALE
 40
20.0
  9
$PROXYGRAPHICS
 70
     1
  9
$MEASUREMENT
 70
     1
  9
$CELWEIGHT
370
    -1
  9
$ENDCAPS
280
     0
  9
$JOINSTYLE
280
     0
  9
$LWDISPLAY
290
     0
  9
$INSUNITS
 70
     4
  9
$HYPERLINKBASE
  1

  9
$STYLESHEET
  1

  9
$XEDIT
290
     1
  9
$CEPSNTYPE
380
     0
  9
$PSTYLEMODE
290
     1
  9
$FINGERPRINTGUID
  2
{D261309B-546E-D446-8E8E-F7B140E85BED}
  9
$VERSIONGUID
  2
{4126D713-AF65-8A48-A383-AB742F45D792}
  9
$EXTNAMES
290
     1
  9
$PSVPSCALE
 40
0.0
  9
$OLESTARTUP
290
     0
  9
$SORTENTS
280
   127
  9
$INDEXCTL
280
     0
  9
$HIDETEXT
280
     1
  9
$XCLIPFRAME
280
     2
  9
$HALOGAP
280
     0
  9
$OBSCOLOR
 70
   257
  9
$OBSLTYPE
280
     0
  9
$INTERSECTIONDISPLAY
280
     0
  9
$INTERSECTIONCOLOR
 70
   257
  9
$DIMASSOC
280
     2
  9
$PROJECTNAME
  1

  9
$CAMERADISPLAY
290
     0
  9
$LENSLENGTH
 40
50.0
  9
$CAMERAHEIGHT
 40
0.0
  9
$STEPSPERSEC
 40
2.0
  9
$STEPSIZE
 40
6.0
  9
$3DDWFPREC
 40
2.0
  9
$PSOLWIDTH
 40
5.0
  9
$PSOLHEIGHT
 40
80.0
  9
$LOFTANG1
 40
1.570796326794896
  9
$LOFTANG2
 40
1.570796326794896
  9
$LOFTMAG1
 40
0.0
  9
$LOFTMAG2
 40
0.0
  9
$LOFTPARAM
 70
     7
  9
$LOFTNORMALS
280
     1
  9
$LATITUDE
 40
37.795
  9
$LONGITUDE
 40
-122.394
  9
$NORTHDIRECTION
 40
0.0
  9
$TIMEZONE
 70
 -8000
  9
$LIGHTGLYPHDISPLAY
280
     1
  9
$TILEMODELIGHTSYNCH
280
     1
  9
$CMATERIAL
347
EC
  9
$SOLIDHIST
280
     0
  9
$SHOWHIST
280
     1
  9
$DWFFRAME
280
     2
  9
$DGNFRAME
280
     0
  9
$REALWORLDSCALE
290
     1
  9
$INTERFERECOLOR
 62
     1
  9
$INTERFEREOBJVS
345
F9
  9
$INTERFEREVPVS
346
F6
  9
$CSHADOW
280
     0
  9
$SHADOWPLANELOCATION
 40
0.0
  0
ENDSEC
  0
SECTION
  2
CLASSES
  0
CLASS
  1
ACDBDICTIONARYWDFLT
  2
AcDbDictionaryWithDefault
  3
ObjectDBX Classes
 90
        0
 91
        1
280
     0
281
     0
  0
CLASS
  1
DICTIONARYVAR
  2
AcDbDictionaryVar
  3
ObjectDBX Classes
 90
        0
 91
       29
280
     0
281
     0
  0
CLASS
  1
TABLESTYLE
  2
AcDbTableStyle
  3
ObjectDBX Classes
 90
     4095
 91
        1
280
     0
281
     0
  0
CLASS
  1
MATERIAL
  2
AcDbMaterial
  3
ObjectDBX Classes
 90
     1153
 91
        3
280
     0
281
     0
  0
CLASS
  1
VISUALSTYLE
  2
AcDbVisualStyle
  3
ObjectDBX Classes
 90
     4095
 91
       24
280
     0
281
     0
  0
CLASS
  1
SCALE
  2
AcDbScale
  3
ObjectDBX Classes
 90
     1153
 91
       17
280
     0
281
     0
  0
CLASS
  1
MLEADERSTYLE
  2
AcDbMLeaderStyle
  3
ACDB_MLEADERSTYLE_CLASS
 90
     4095
 91
        2
280
     0
281
     0
  0
CLASS
  1
CELLSTYLEMAP
  2
AcDbCellStyleMap
  3
ObjectDBX Classes
 90
     1152
 91
        2
280
     0
281
     0
  0
CLASS
  1
EXACXREFPANELOBJECT
  2
ExAcXREFPanelObject
  3
EXAC_ESW
 90
     1025
 91
        0
280
     0
281
     0
  0
CLASS
  1
NPOCOLLECTION
  2
AcDbImpNonPersistentObjectsCollection
  3
ObjectDBX Classes
 90
     1153
 91
        0
280
     0
281
     0
  0
CLASS
  1
LAYER_INDEX
  2
AcDbLayerIndex
  3
ObjectDBX Classes
 90
        0
 91
        0
280
     0
281
     0
  0
CLASS
  1
SPATIAL_INDEX
  2
AcDbSpatialIndex
  3
ObjectDBX Classes
 90
        0
 91
        0
280
     0
281
     0
  0
CLASS
  1
IDBUFFER
  2
AcDbIdBuffer
  3
ObjectDBX Classes
 90
        0
 91
        0
280
     0
281
     0
  0
CLASS
  1
ACDBSECTIONVIEWSTYLE
  2
AcDbSectionViewStyle
  3
ObjectDBX Classes
 90
     1025
 91
        1
280
     0
281
     0
  0
CLASS
  1
ACDBDETAILVIEWSTYLE
  2
AcDbDetailViewStyle
  3
ObjectDBX Classes
 90
     1025
 91
        1
280
     0
281
     0
  0
CLASS
  1
SORTENTSTABLE
  2
AcDbSortentsTable
  3
ObjectDBX Classes
 90
        0
 91
        0
280
     0
281
     0
  0
ENDSEC
  0
SECTION
  2
TABLES
  0
TABLE
  2
VPORT
  5
8
330
0
100
AcDbSymbolTable
 70
     1
  0
VPORT
  5
EA
330
8
100
AcDbSymbolTableRecord
100
AcDbViewportTableRecord
  2
*Active
 70
     0
 10
0.0
 20
0.0
 11
1.0
 21
1.0
 12
3042.483877300312
 22
1729.915950792619
 13
0.0
 23
0.0
 14
10.0
 24
10.0
 15
10.0
 25
10.0
 16
0.0
 26
0.0
 36
1.0
 17
0.0
 27
0.0
 37
0.0
 40
1720.756436528826
 41
2.190106692531522
 42
50.0
 43
0.0
 44
0.0
 50
0.0
 51
0.0
 71
     0
 72
  1000
 73
     1
 74
     3
 75
     0
 76
     1
 77
     0
 78
     0
281
     0
 65
     1
110
0.0
120
0.0
130
0.0
111
1.0
121
0.0
131
0.0
112
0.0
122
1.0
132
0.0
 79
     0
146
0.0
348
F5
 60
     3
 61
     5
292
     1
282
     1
141
0.0
142
0.0
 63
   250
421
  3355443
1001
ACAD_NAV_VCDISPLAY
1070
     3
  0
ENDTAB
  0
TABLE
  2
LTYPE
  5
5
330
0
100
AcDbSymbolTable
 70
     2
  0
LTYPE
  5
14
330
5
100
AcDbSymbolTableRecord
100
AcDbLinetypeTableRecord
  2
ByBlock
 70
     0
  3

 72
    65
 73
     0
 40
0.0
  0
LTYPE
  5
15
330
5
100
AcDbSymbolTableRecord
100
AcDbLinetypeTableRecord
  2
ByLayer
 70
     0
  3

 72
    65
 73
     0
 40
0.0
  0
LTYPE
  5
16
330
5
100
AcDbSymbolTableRecord
100
AcDbLinetypeTableRecord
  2
Continuous
 70
     0
  3
Solid line
 72
    65
 73
     0
 40
0.0
  0
LTYPE
  5
73A
330
5
100
AcDbSymbolTableRecord
100
AcDbLinetypeTableRecord
  2
DASHED
 70
     0
  3
Dashed __ __ __ __ __ __ __ __ __ __ __ __ __ _
 72
    65
 73
     2
 40
0.75
 49
0.5
 74
     0
 49
-0.25
 74
     0
  0
ENDTAB
  0
TABLE
  2
LAYER
  5
2
102
{ACAD_XDICTIONARY
360
1FF
102
}
330
0
100
AcDbSymbolTable
 70
    27
  0
LAYER
  5
10
102
{ACAD_XDICTIONARY
360
13C
102
}
330
2
100
AcDbSymbolTableRecord
100
AcDbLayerTableRecord
  2
0
 70
     0
 62
     7
  6
Continuous
370
    -3
390
F
347
EE
348
0
  0
LAYER
  5
73B
330
2
100
AcDbSymbolTableRecord
100
AcDbLayerTableRecord
  2
AKS CIZGISI (BEYKENT)
 70
     0
 62
   252
  6
DASHED
370
    20
390
F
347
EE
348
0
  0
LAYER
  5
73C
330
2
100
AcDbSymbolTableRecord
100
AcDbLayerTableRecord
  2
AKS BALONU (BEYKENT)
 70
     0
 62
     7
  6
Continuous
370
    30
390
F
347
EE
348
0
  0
LAYER
  5
73D
330
2
100
AcDbSymbolTableRecord
100
AcDbLayerTableRecord
  2
AKS YAZISI (BEYKENT)
 70
     0
 62
     3
  6
Continuous
370
    20
390
F
347
EE
348
0
  0
LAYER
  5
73E
330
2
100
AcDbSymbolTableRecord
100
AcDbLayerTableRecord
  2
KIRIS (BEYKENT)
 70
     0
 62
     2
  6
Continuous
370
    30
390
F
347
EE
348
0
  0
LAYER
  5
73F
330
2
100
AcDbSymbolTableRecord
100
AcDbLayerTableRecord
  2
KOLON (BEYKENT)
 70
     0
 62
     3
  6
Continuous
370
    40
390
F
347
EE
348
0
  0
LAYER
  5
740
330
2
100
AcDbSymbolTableRecord
100
AcDbLayerTableRecord
  2
TARAMA (BEYKENT)
 70
     0
 62
     8
  6
Continuous
370
    15
390
F
347
EE
348
0
  0
LAYER
  5
741
330
2
100
AcDbSymbolTableRecord
100
AcDbLayerTableRecord
  2
MERDIVEN (BEYKENT)
 70
     0
 62
     5
  6
Continuous
370
    30
390
F
347
EE
348
0
  0
LAYER
  5
742
330
2
100
AcDbSymbolTableRecord
100
AcDbLayerTableRecord
  2
KAT SINIRI (BEYKENT)
 70
     0
 62
    41
  6
Continuous
370
    25
390
F
347
EE
348
0
  0
LAYER
  5
743
330
2
100
AcDbSymbolTableRecord
100
AcDbLayerTableRecord
  2
KALIP BOSLUK (BEYKENT)
 70
     0
 62
    30
  6
Continuous
370
    25
390
F
347
EE
348
0
  0
LAYER
  5
744
330
2
100
AcDbSymbolTableRecord
100
AcDbLayerTableRecord
  2
OLCU (BEYKENT)
 70
     0
 62
    14
  6
Continuous
370
    20
390
F
347
EE
348
0
  0
LAYER
  5
745
330
2
100
AcDbSymbolTableRecord
100
AcDbLayerTableRecord
  2
AKS OLCU (BEYKENT)
 70
     0
 62
     6
  6
Continuous
370
    18
390
F
347
EE
348
0
  0
LAYER
  5
746
330
2
100
AcDbSymbolTableRecord
100
AcDbLayerTableRecord
  2
KIRIS ISMI (BEYKENT)
 70
     0
 62
    40
  6
Continuous
370
    20
390
F
347
EE
348
0
  0
LAYER
  5
747
330
2
100
AcDbSymbolTableRecord
100
AcDbLayerTableRecord
  2
KOLON ISMI (BEYKENT)
 70
     0
 62
    91
  6
Continuous
370
    20
390
F
347
EE
348
0
  0
LAYER
  5
748
330
2
100
AcDbSymbolTableRecord
100
AcDbLayerTableRecord
  2
DOSEME ISMI (BEYKENT)
 70
     0
 62
     9
  6
Continuous
370
    20
390
F
347
EE
348
0
  0
LAYER
  5
749
330
2
100
AcDbSymbolTableRecord
100
AcDbLayerTableRecord
  2
DOSEME PAFTA (BEYKENT)
 70
     0
 62
     3
  6
Continuous
370
    20
390
F
347
EE
348
0
  0
LAYER
  5
74A
330
2
100
AcDbSymbolTableRecord
100
AcDbLayerTableRecord
  2
YUK YAZISI (BEYKENT)
 70
     0
 62
   140
  6
Continuous
370
    20
390
F
347
EE
348
0
  0
LAYER
  5
74B
330
2
100
AcDbSymbolTableRecord
100
AcDbLayerTableRecord
  2
KOT YAZI (BEYKENT)
 70
     0
 62
     7
  6
Continuous
370
    20
390
F
347
EE
348
0
  0
LAYER
  5
74C
330
2
100
AcDbSymbolTableRecord
100
AcDbLayerTableRecord
  2
KOT CIZGISI (BEYKENT)
 70
     0
 62
     7
  6
Continuous
370
    20
390
F
347
EE
348
0
  0
LAYER
  5
74D
330
2
100
AcDbSymbolTableRecord
100
AcDbLayerTableRecord
  2
KESIT (BEYKENT)
 70
     0
 62
   151
  6
Continuous
370
    60
390
F
347
EE
348
0
  0
LAYER
  5
74E
330
2
100
AcDbSymbolTableRecord
100
AcDbLayerTableRecord
  2
KESIT CIZGISI (BEYKENT)
 70
     0
 62
     3
  6
Continuous
370
    50
390
F
347
EE
348
0
  0
LAYER
  5
74F
330
2
100
AcDbSymbolTableRecord
100
AcDbLayerTableRecord
  2
KESIT ISMI (BEYKENT)
 70
     0
 62
     6
  6
Continuous
370
    20
390
F
347
EE
348
0
  0
LAYER
  5
750
330
2
100
AcDbSymbolTableRecord
100
AcDbLayerTableRecord
  2
Defpoints
 70
     0
 62
     7
  6
Continuous
290
     0
370
    -3
390
F
347
EE
348
0
  0
LAYER
  5
751
330
2
100
AcDbSymbolTableRecord
100
AcDbLayerTableRecord
  2
DONATI YAZISI (BEYKENT)
 70
     0
 62
     3
  6
Continuous
370
    20
390
F
347
EE
348
0
  0
LAYER
  5
752
330
2
100
AcDbSymbolTableRecord
100
AcDbLayerTableRecord
  2
CIZGI (BEYKENT)
 70
     0
 62
     1
  6
Continuous
370
    20
390
F
347
EE
348
0
  0
LAYER
  5
753
330
2
100
AcDbSymbolTableRecord
100
AcDbLayerTableRecord
  2
MERDIVEN YAZI (BEYKENT)
 70
     0
 62
    51
  6
Continuous
370
    20
390
F
347
EE
348
0
  0
LAYER
  5
754
330
2
100
AcDbSymbolTableRecord
100
AcDbLayerTableRecord
  2
DONATI (BEYKENT)
 70
     0
 62
     4
  6
Continuous
370
    40
390
F
347
EE
348
0
  0
ENDTAB
  0
TABLE
  2
STYLE
  5
3
330
0
100
AcDbSymbolTable
 70
     6
  0
STYLE
  5
11
330
3
100
AcDbSymbolTableRecord
100
AcDbTextStyleTableRecord
  2
Standard
 70
     0
 40
0.0
 41
1.0
 50
0.0
 71
     0
 42
2.5
  3
arial.ttf
  4

1001
ACAD
1000
Arial
1071
       34
  0
STYLE
  5
132
330
3
100
AcDbSymbolTableRecord
100
AcDbTextStyleTableRecord
  2
Annotative
 70
     0
 40
0.0
 41
1.0
 50
0.0
 71
     0
 42
2.5
  3
arial.ttf
  4

1001
AcadAnnotative
1000
AnnotativeData
1002
{
1070
     1
1070
     1
1002
}
1001
ACAD
1000
Arial
1071
       34
  0
STYLE
  5
755
330
3
100
AcDbSymbolTableRecord
100
AcDbTextStyleTableRecord
  2
YAZI (BEYKENT)
 70
     0
 40
0.0
 41
1.0
 50
0.0
 71
     0
 42
2.5
  3

  4

1001
ACAD
1000
Bahnschrift Light Condensed
1071
     2564
  0
STYLE
  5
756
330
3
100
AcDbSymbolTableRecord
100
AcDbTextStyleTableRecord
  2
DONATI YAZISI (BEYKENT)
 70
     0
 40
0.0
 41
1.0
 50
0.0
 71
     0
 42
2.5
  3

  4

1001
ACAD
1000
Bahnschrift Light Condensed
1071
     2564
  0
STYLE
  5
757
330
3
100
AcDbSymbolTableRecord
100
AcDbTextStyleTableRecord
  2
DSMOLC-50
 70
     0
 40
10.0
 41
0.75
 50
0.0
 71
     0
 42
2.0
  3
Bahnschrift Light Condensed
  4

  0
STYLE
  5
758
330
3
100
AcDbSymbolTableRecord
100
AcDbTextStyleTableRecord
  2
MRDVNOLC-25
 70
     0
 40
12.0
 41
0.75
 50
0.0
 71
     0
 42
2.0
  3
Bahnschrift Light Condensed
  4

  0
ENDTAB
  0
TABLE
  2
VIEW
  5
6
330
0
100
AcDbSymbolTable
 70
     0
  0
ENDTAB
  0
TABLE
  2
UCS
  5
7
330
0
100
AcDbSymbolTable
 70
     0
  0
ENDTAB
  0
TABLE
  2
APPID
  5
9
330
0
100
AcDbSymbolTable
 70
    12
  0
APPID
  5
12
330
9
100
AcDbSymbolTableRecord
100
AcDbRegAppTableRecord
  2
ACAD
 70
     0
  0
APPID
  5
9E
330
9
100
AcDbSymbolTableRecord
100
AcDbRegAppTableRecord
  2
ACAD_PSEXT
 70
     0
  0
APPID
  5
133
330
9
100
AcDbSymbolTableRecord
100
AcDbRegAppTableRecord
  2
AcadAnnoPO
 70
     0
  0
APPID
  5
134
330
9
100
AcDbSymbolTableRecord
100
AcDbRegAppTableRecord
  2
AcadAnnotative
 70
     0
  0
APPID
  5
135
330
9
100
AcDbSymbolTableRecord
100
AcDbRegAppTableRecord
  2
ACAD_DSTYLE_DIMJAG
 70
     0
  0
APPID
  5
136
330
9
100
AcDbSymbolTableRecord
100
AcDbRegAppTableRecord
  2
ACAD_DSTYLE_DIMTALN
 70
     0
  0
APPID
  5
165
330
9
100
AcDbSymbolTableRecord
100
AcDbRegAppTableRecord
  2
ACAD_MLEADERVER
 70
     0
  0
APPID
  5
217
330
9
100
AcDbSymbolTableRecord
100
AcDbRegAppTableRecord
  2
ACAD_NAV_VCDISPLAY
 70
     0
  0
APPID
  5
75D
330
9
100
AcDbSymbolTableRecord
100
AcDbRegAppTableRecord
  2
GradientColor1ACI
 70
     0
  0
APPID
  5
75E
330
9
100
AcDbSymbolTableRecord
100
AcDbRegAppTableRecord
  2
GradientColor2ACI
 70
     0
  0
APPID
  5
75F
330
9
100
AcDbSymbolTableRecord
100
AcDbRegAppTableRecord
  2
sta4cad App2
 70
     0
1001
sta4cad App2
1040
50.0
  0
APPID
  5
1882
330
9
100
AcDbSymbolTableRecord
100
AcDbRegAppTableRecord
  2
AcLayerTools
 70
     0
  0
ENDTAB
  0
TABLE
  2
DIMSTYLE
  5
A
330
0
100
AcDbSymbolTable
 70
     7
100
AcDbDimStyleTable
 71
     2
340
27
340
137
  0
DIMSTYLE
105
1B0
330
A
100
AcDbSymbolTableRecord
100
AcDbDimStyleTableRecord
  2
Standard
 70
     0
340
11
  0
DIMSTYLE
105
137
330
A
100
AcDbSymbolTableRecord
100
AcDbDimStyleTableRecord
  2
Annotative
 70
     0
 40
0.0
 41
2.5
 42
0.625
 43
3.75
 44
1.25
 73
     0
 74
     0
 77
     1
 78
     8
140
2.5
141
2.5
143
0.03937007874016
147
0.625
171
     3
172
     1
271
     2
272
     2
274
     3
278
    44
283
     0
284
     8
340
11
1001
AcadAnnotative
1000
AnnotativeData
1002
{
1070
     1
1070
     1
1002
}
1001
ACAD_DSTYLE_DIMJAG
1070
   388
1040
1.5
1001
ACAD_DSTYLE_DIMTALN
1070
   392
1070
     0
  0
DIMSTYLE
105
27
330
A
100
AcDbSymbolTableRecord
100
AcDbDimStyleTableRecord
  2
ISO-25
 70
     0
 41
2.5
 42
0.625
 43
3.75
 44
1.25
 73
     0
 74
     0
 77
     1
 78
     8
140
2.5
141
2.5
143
0.03937007874016
147
0.625
171
     3
172
     1
271
     2
272
     2
274
     3
278
    44
283
     0
284
     8
340
11
  0
DIMSTYLE
105
759
330
A
100
AcDbSymbolTableRecord
100
AcDbDimStyleTableRecord
  2
AKS_OLCU
 70
     0
 41
3.0
 42
3.0
 45
0.5
 73
     0
 74
     0
 77
     1
 78
    12
140
12.0
142
3.0
147
2.0
172
     1
174
     1
178
     7
271
     0
340
755
  0
DIMSTYLE
105
75A
330
A
100
AcDbSymbolTableRecord
100
AcDbDimStyleTableRecord
  2
PLAN_OLCU
 70
     0
 41
3.0
 42
3.0
 45
0.5
 73
     0
 74
     0
 77
     1
 78
    12
140
12.0
142
3.0
147
2.0
172
     1
174
     1
178
     7
271
     0
340
755
  0
DIMSTYLE
105
75B
330
A
100
AcDbSymbolTableRecord
100
AcDbDimStyleTableRecord
  2
DSMOLC-50
 70
     0
 41
5.0
 42
2.0
 43
0.0
 44
2.0
 45
0.5
 73
     0
 74
     0
 77
     1
 78
    12
140
10.0
141
0.0
143
1.0
147
2.0
172
     1
174
     1
178
     7
271
     1
279
     2
283
     0
340
757
342
2B2
343
2B2
344
2B2
  0
DIMSTYLE
105
75C
330
A
100
AcDbSymbolTableRecord
100
AcDbDimStyleTableRecord
  2
MRDVNOLC-25
 70
     0
 41
5.0
 42
2.0
 43
0.0
 44
2.0
 45
0.5
 73
     0
 74
     0
 77
     1
 78
    12
140
12.0
141
0.0
143
1.0
144
0.5
147
2.0
172
     1
174
     1
178
     7
271
     1
279
     2
283
     0
340
758
342
2B2
343
2B2
344
2B2
  0
ENDTAB
  0
TABLE
  2
BLOCK_RECORD
  5
1
330
0
100
AcDbSymbolTable
 70
   195
  0
BLOCK_RECORD
  5
1F
102
{ACAD_XDICTIONARY
360
1CE
102
}
330
1
100
AcDbSymbolTableRecord
100
AcDbBlockTableRecord
  2
*Model_Space
340
22
 70
     0
280
     1
281
     0
  0
BLOCK_RECORD
  5
D2
330
1
100
AcDbSymbolTableRecord
100
AcDbBlockTableRecord
  2
*Paper_Space
340
D3
 70
     0
280
     1
281
     0
  0
BLOCK_RECORD
  5
D6
330
1
100
AcDbSymbolTableRecord
100
AcDbBlockTableRecord
  2
*Paper_Space0
340
D7
 70
     0
280
     1
281
     0
  0
BLOCK_RECORD
  5
2AC
330
1
100
AcDbSymbolTableRecord
100
AcDbBlockTableRecord
  2
_Open30
340
0
 70
     0
280
     1
281
     0
  0
BLOCK_RECORD
  5
2B2
330
1
100
AcDbSymbolTableRecord
100
AcDbBlockTableRecord
  2
_Oblique
340
0
 70
     0
280
     1
281
     0
  0
BLOCK_RECORD
  5
2B6
330
1
100
AcDbSymbolTableRecord
100
AcDbBlockTableRecord
  2
*D3
340
0
 70
     0
280
     1
281
     0
  0
BLOCK_RECORD
  5
2C2
330
1
100
AcDbSymbolTableRecord
100
AcDbBlockTableRecord
  2
*D4
340
0
 70
     0
280
     1
281
     0
  0
BLOCK_RECORD
  5
2CE
330
1
100
AcDbSymbolTableRecord
100
AcDbBlockTableRecord
  2
*D5
340
0
 70
     0
280
     1
281
     0
  0
BLOCK_RECORD
  5
2DA
330
1
100
AcDbSymbolTableRecord
100
AcDbBlockTableRecord
  2
*D6
340
0
 70
     0
280
     1
281
     0
  0
BLOCK_RECORD
  5
2E6
330
1
100
AcDbSymbolTableRecord
100
AcDbBlockTableRecord
  2
*D7
340
0
 70
     0
280
     1
281
     0
  0
BLOCK_RECORD
  5
2F2
330
1
100
AcDbSymbolTableRecord
100
AcDbBlockTableRecord
  2
*D8
340
0
 70
     0
280
     1
281
     0
  0
BLOCK_RECORD
  5
2FE
330
1
100
AcDbSymbolTableRecord
100
AcDbBlockTableRecord
  2
*D9
340
0
 70
     0
280
     1
281
     0
  0
BLOCK_RECORD
  5
30A
330
1
100
AcDbSymbolTableRecord
100
AcDbBlockTableRecord
  2
*D10
340
0
 70
     0
280
     1
281
     0
  0
BLOCK_RECORD
  5
316
330
1
100
AcDbSymbolTableRecord
100
AcDbBlockTableRecord
  2
*D11
340
0
 70
     0
280
     1
281
     0
  0
BLOCK_RECORD
  5
322
330
1
100
AcDbSymbolTableRecord
100
AcDbBlockTableRecord
  2
*D12
340
0
 70
     0
280
     1
281
     0
  0
BLOCK_RECORD
  5
32E
330
1
100
AcDbSymbolTableRecord
100
AcDbBlockTableRecord
  2
*D13
340
0
 70
     0
280
     1
281
     0
  0
BLOCK_RECORD
  5
33A
330
1
100
AcDbSymbolTableRecord
100
AcDbBlockTableRecord
  2
*D14
340
0
 70
     0
280
     1
281
     0
  0
BLOCK_RECORD
  5
346
330
1
100
AcDbSymbolTableRecord
100
AcDbBlockTableRecord
  2
*D15
340
0
 70
     0
280
     1
281
     0
  0
BLOCK_RECORD
  5
352
330
1
100
AcDbSymbolTableRecord
100
AcDbBlockTableRecord
  2
*D16
340
0
 70
     0
280
     1
281
     0
  0
BLOCK_RECORD
  5
35E
330
1
100
AcDbSymbolTableRecord
100
AcDbBlockTableRecord
  2
*D17
340
0
 70
     0
280
     1
281
     0
  0
BLOCK_RECORD
  5
36A
330
1
100
AcDbSymbolTableRecord
100
AcDbBlockTableRecord
  2
*D18
340
0
 70
     0
280
     1
281
     0
  0
BLOCK_RECORD
  5
376
330
1
100
AcDbSymbolTableRecord
100
AcDbBlockTableRecord
  2
*D19
340
0
 70
     0
280
     1
281
     0
  0
BLOCK_RECORD
  5
382
330
1
100
AcDbSymbolTableRecord
100
AcDbBlockTableRecord
  2
*D20
340
0
 70
     0
280
     1
281
     0
  0
BLOCK_RECORD
  5
38E
330
1
100
AcDbSymbolTableRecord
100
AcDbBlockTableRecord
  2
*D21
340
0
 70
     0
280
     1
281
     0
  0
BLOCK_RECORD
  5
39A
330
1
100
AcDbSymbolTableRecord
100
AcDbBlockTableRecord
  2
*D22
340
0
 70
     0
280
     1
281
     0
  0
BLOCK_RECORD
  5
3A6
330
1
100
AcDbSymbolTableRecord
100
AcDbBlockTableRecord
  2
*D23
340
0
 70
     0
280
     1
281
     0
  0
BLOCK_RECORD
  5
3B2
330
1
100
AcDbSymbolTableRecord
100
AcDbBlockTableRecord
  2
*D24
340
0
 70
     0
280
     1
281
     0
  0
BLOCK_RECORD
  5
3BE
330
1
100
AcDbSymbolTableRecord
100
AcDbBlockTableRecord
  2
*D25
340
0
 70
     0
280
     1
281
     0
  0
BLOCK_RECORD
  5
3CA
330
1
100
AcDbSymbolTableRecord
100
AcDbBlockTableRecord
  2
*D26
340
0
 70
     0
280
     1
281
     0
  0
BLOCK_RECORD
  5
3D6
330
1
100
AcDbSymbolTableRecord
100
AcDbBlockTableRecord
  2
*D27
340
0
 70
     0
280
     1
281
     0
  0
BLOCK_RECORD
  5
3E2
330
1
100
AcDbSymbolTableRecord
100
AcDbBlockTableRecord
  2
*D28
340
0
 70
     0
280
     1
281
     0
  0
BLOCK_RECORD
  5
3EE
330
1
100
AcDbSymbolTableRecord
100
AcDbBlockTableRecord
  2
*D29
340
0
 70
     0
280
     1
281
     0
  0
BLOCK_RECORD
  5
3FA
330
1
100
AcDbSymbolTableRecord
100
AcDbBlockTableRecord
  2
*D30
340
0
 70
     0
280
     1
281
     0
  0
BLOCK_RECORD
  5
406
330
1
100
AcDbSymbolTableRecord
100
AcDbBlockTableRecord
  2
*D31
340
0
 70
     0
280
     1
281
     0
  0
BLOCK_RECORD
  5
412
330
1
100
AcDbSymbolTableRecord
100
AcDbBlockTableRecord
  2
*D32
340
0
 70
     0
280
     1
281
     0
  0
BLOCK_RECORD
  5
41E
330
1
100
AcDbSymbolTableRecord
100
AcDbBlockTableRecord
  2
*D33
340
0
 70
     0
280
     1
281
     0
  0
BLOCK_RECORD
  5
42A
330
1
100
AcDbSymbolTableRecord
100
AcDbBlockTableRecord
  2
*D34
340
0
 70
     0
280
     1
281
     0
  0
BLOCK_RECORD
  5
436
330
1
100
AcDbSymbolTableRecord
100
AcDbBlockTableRecord
  2
*D35
340
0
 70
     0
280
     1
281
     0
  0
BLOCK_RECORD
  5
442
330
1
100
AcDbSymbolTableRecord
100
AcDbBlockTableRecord
  2
*D36
340
0
 70
     0
280
     1
281
     0
  0
BLOCK_RECORD
  5
44E
330
1
100
AcDbSymbolTableRecord
100
AcDbBlockTableRecord
  2
*D37
340
0
 70
     0
280
     1
281
     0
  0
BLOCK_RECORD
  5
45A
330
1
100
AcDbSymbolTableRecord
100
AcDbBlockTableRecord
  2
*D38
340
0
 70
     0
280
     1
281
     0
  0
BLOCK_RECORD
  5
466
330
1
100
AcDbSymbolTableRecord
100
AcDbBlockTableRecord
  2
*D39
340
0
 70
     0
280
     1
281
     0
  0
BLOCK_RECORD
  5
472
330
1
100
AcDbSymbolTableRecord
100
AcDbBlockTableRecord
  2
*D40
340
0
 70
     0
280
     1
281
     0
  0
BLOCK_RECORD
  5
47E
330
1
100
AcDbSymbolTableRecord
100
AcDbBlockTableRecord
  2
*D41
340
0
 70
     0
280
     1
281
     0
  0
BLOCK_RECORD
  5
48A
330
1
100
AcDbSymbolTableRecord
100
AcDbBlockTableRecord
  2
*D42
340
0
 70
     0
280
     1
281
     0
  0
BLOCK_RECORD
  5
496
330
1
100
AcDbSymbolTableRecord
100
AcDbBlockTableRecord
  2
*D43
340
0
 70
     0
280
     1
281
     0
  0
BLOCK_RECORD
  5
4A2
330
1
100
AcDbSymbolTableRecord
100
AcDbBlockTableRecord
  2
*D44
340
0
 70
     0
280
     1
281
     0
  0
BLOCK_RECORD
  5
4AE
330
1
100
AcDbSymbolTableRecord
100
AcDbBlockTableRecord
  2
*D45
340
0
 70
     0
280
     1
281
     0
  0
BLOCK_RECORD
  5
4BA
330
1
100
AcDbSymbolTableRecord
100
AcDbBlockTableRecord
  2
*D46
340
0
 70
     0
280
     1
281
     0
  0
BLOCK_RECORD
  5
4C6
330
1
100
AcDbSymbolTableRecord
100
AcDbBlockTableRecord
  2
*D47
340
0
 70
     0
280
     1
281
     0
  0
BLOCK_RECORD
  5
4D2
330
1
100
AcDbSymbolTableRecord
100
AcDbBlockTableRecord
  2
*D48
340
0
 70
     0
280
     1
281
     0
  0
BLOCK_RECORD
  5
4DE
330
1
100
AcDbSymbolTableRecord
100
AcDbBlockTableRecord
  2
*D49
340
0
 70
     0
280
     1
281
     0
  0
BLOCK_RECORD
  5
4EA
330
1
100
AcDbSymbolTableRecord
100
AcDbBlockTableRecord
  2
*D50
340
0
 70
     0
280
     1
281
     0
  0
BLOCK_RECORD
  5
4F6
330
1
100
AcDbSymbolTableRecord
100
AcDbBlockTableRecord
  2
*D51
340
0
 70
     0
280
     1
281
     0
  0
BLOCK_RECORD
  5
502
330
1
100
AcDbSymbolTableRecord
100
AcDbBlockTableRecord
  2
*D52
340
0
 70
     0
280
     1
281
     0
  0
BLOCK_RECORD
  5
50E
330
1
100
AcDbSymbolTableRecord
100
AcDbBlockTableRecord
  2
*D53
340
0
 70
     0
280
     1
281
     0
  0
BLOCK_RECORD
  5
51A
330
1
100
AcDbSymbolTableRecord
100
AcDbBlockTableRecord
  2
*D54
340
0
 70
     0
280
     1
281
     0
  0
BLOCK_RECORD
  5
526
330
1
100
AcDbSymbolTableRecord
100
AcDbBlockTableRecord
  2
*D55
340
0
 70
     0
280
     1
281
     0
  0
BLOCK_RECORD
  5
532
330
1
100
AcDbSymbolTableRecord
100
AcDbBlockTableRecord
  2
*D56
340
0
 70
     0
280
     1
281
     0
  0
BLOCK_RECORD
  5
53E
330
1
100
AcDbSymbolTableRecord
100
AcDbBlockTableRecord
  2
*D57
340
0
 70
     0
280
     1
281
     0
  0
BLOCK_RECORD
  5
54A
330
1
100
AcDbSymbolTableRecord
100
AcDbBlockTableRecord
  2
*D58
340
0
 70
     0
280
     1
281
     0
  0
BLOCK_RECORD
  5
556
330
1
100
AcDbSymbolTableRecord
100
AcDbBlockTableRecord
  2
*D59
340
0
 70
     0
280
     1
281
     0
  0
BLOCK_RECORD
  5
562
330
1
100
AcDbSymbolTableRecord
100
AcDbBlockTableRecord
  2
*D60
340
0
 70
     0
280
     1
281
     0
  0
BLOCK_RECORD
  5
56E
330
1
100
AcDbSymbolTableRecord
100
AcDbBlockTableRecord
  2
*D61
340
0
 70
     0
280
     1
281
     0
  0
BLOCK_RECORD
  5
57A
330
1
100
AcDbSymbolTableRecord
100
AcDbBlockTableRecord
  2
*D62
340
0
 70
     0
280
     1
281
     0
  0
BLOCK_RECORD
  5
586
330
1
100
AcDbSymbolTableRecord
100
AcDbBlockTableRecord
  2
*D63
340
0
 70
     0
280
     1
281
     0
  0
BLOCK_RECORD
  5
592
330
1
100
AcDbSymbolTableRecord
100
AcDbBlockTableRecord
  2
*D64
340
0
 70
     0
280
     1
281
     0
  0
BLOCK_RECORD
  5
59E
330
1
100
AcDbSymbolTableRecord
100
AcDbBlockTableRecord
  2
*D65
340
0
 70
     0
280
     1
281
     0
  0
BLOCK_RECORD
  5
5AA
330
1
100
AcDbSymbolTableRecord
100
AcDbBlockTableRecord
  2
*D66
340
0
 70
     0
280
     1
281
     0
  0
BLOCK_RECORD
  5
5B6
330
1
100
AcDbSymbolTableRecord
100
AcDbBlockTableRecord
  2
*D67
340
0
 70
     0
280
     1
281
     0
  0
BLOCK_RECORD
  5
5C2
330
1
100
AcDbSymbolTableRecord
100
AcDbBlockTableRecord
  2
*D68
340
0
 70
     0
280
     1
281
     0
  0
BLOCK_RECORD
  5
5CE
330
1
100
AcDbSymbolTableRecord
100
AcDbBlockTableRecord
  2
*D69
340
0
 70
     0
280
     1
281
     0
  0
BLOCK_RECORD
  5
5DA
330
1
100
AcDbSymbolTableRecord
100
AcDbBlockTableRecord
  2
*D70
340
0
 70
     0
280
     1
281
     0
  0
BLOCK_RECORD
  5
5E6
330
1
100
AcDbSymbolTableRecord
100
AcDbBlockTableRecord
  2
*D71
340
0
 70
     0
280
     1
281
     0
  0
BLOCK_RECORD
  5
5F2
330
1
100
AcDbSymbolTableRecord
100
AcDbBlockTableRecord
  2
*D72
340
0
 70
     0
280
     1
281
     0
  0
BLOCK_RECORD
  5
5FE
330
1
100
AcDbSymbolTableRecord
100
AcDbBlockTableRecord
  2
*D73
340
0
 70
     0
280
     1
281
     0
  0
BLOCK_RECORD
  5
60A
330
1
100
AcDbSymbolTableRecord
100
AcDbBlockTableRecord
  2
*D74
340
0
 70
     0
280
     1
281
     0
  0
BLOCK_RECORD
  5
616
330
1
100
AcDbSymbolTableRecord
100
AcDbBlockTableRecord
  2
*D75
340
0
 70
     0
280
     1
281
     0
  0
BLOCK_RECORD
  5
622
330
1
100
AcDbSymbolTableRecord
100
AcDbBlockTableRecord
  2
*D76
340
0
 70
     0
280
     1
281
     0
  0
BLOCK_RECORD
  5
62E
330
1
100
AcDbSymbolTableRecord
100
AcDbBlockTableRecord
  2
*D77
340
0
 70
     0
280
     1
281
     0
  0
BLOCK_RECORD
  5
63A
330
1
100
AcDbSymbolTableRecord
100
AcDbBlockTableRecord
  2
*D78
340
0
 70
     0
280
     1
281
     0
  0
BLOCK_RECORD
  5
646
330
1
100
AcDbSymbolTableRecord
100
AcDbBlockTableRecord
  2
*D79
340
0
 70
     0
280
     1
281
     0
  0
BLOCK_RECORD
  5
652
330
1
100
AcDbSymbolTableRecord
100
AcDbBlockTableRecord
  2
*D80
340
0
 70
     0
280
     1
281
     0
  0
BLOCK_RECORD
  5
65E
330
1
100
AcDbSymbolTableRecord
100
AcDbBlockTableRecord
  2
*D81
340
0
 70
     0
280
     1
281
     0
  0
BLOCK_RECORD
  5
66A
330
1
100
AcDbSymbolTableRecord
100
AcDbBlockTableRecord
  2
*D82
340
0
 70
     0
280
     1
281
     0
  0
BLOCK_RECORD
  5
678
330
1
100
AcDbSymbolTableRecord
100
AcDbBlockTableRecord
  2
*D83
340
0
 70
     0
280
     1
281
     0
  0
BLOCK_RECORD
  5
684
330
1
100
AcDbSymbolTableRecord
100
AcDbBlockTableRecord
  2
*D84
340
0
 70
     0
280
     1
281
     0
  0
BLOCK_RECORD
  5
690
330
1
100
AcDbSymbolTableRecord
100
AcDbBlockTableRecord
  2
*D85
340
0
 70
     0
280
     1
281
     0
  0
BLOCK_RECORD
  5
69C
330
1
100
AcDbSymbolTableRecord
100
AcDbBlockTableRecord
  2
*D86
340
0
 70
     0
280
     1
281
     0
  0
BLOCK_RECORD
  5
6A8
330
1
100
AcDbSymbolTableRecord
100
AcDbBlockTableRecord
  2
*D87
340
0
 70
     0
280
     1
281
     0
  0
BLOCK_RECORD
  5
6B4
330
1
100
AcDbSymbolTableRecord
100
AcDbBlockTableRecord
  2
*D88
340
0
 70
     0
280
     1
281
     0
  0
BLOCK_RECORD
  5
6C0
330
1
100
AcDbSymbolTableRecord
100
AcDbBlockTableRecord
  2
*D89
340
0
 70
     0
280
     1
281
     0
  0
BLOCK_RECORD
  5
6CC
330
1
100
AcDbSymbolTableRecord
100
AcDbBlockTableRecord
  2
*D90
340
0
 70
     0
280
     1
281
     0
  0
BLOCK_RECORD
  5
6D8
330
1
100
AcDbSymbolTableRecord
100
AcDbBlockTableRecord
  2
*D91
340
0
 70
     0
280
     1
281
     0
  0
BLOCK_RECORD
  5
6E4
330
1
100
AcDbSymbolTableRecord
100
AcDbBlockTableRecord
  2
*D92
340
0
 70
     0
280
     1
281
     0
  0
BLOCK_RECORD
  5
6F0
330
1
100
AcDbSymbolTableRecord
100
AcDbBlockTableRecord
  2
*D93
340
0
 70
     0
280
     1
281
     0
  0
BLOCK_RECORD
  5
6FC
330
1
100
AcDbSymbolTableRecord
100
AcDbBlockTableRecord
  2
*D94
340
0
 70
     0
280
     1
281
     0
  0
BLOCK_RECORD
  5
708
330
1
100
AcDbSymbolTableRecord
100
AcDbBlockTableRecord
  2
*D95
340
0
 70
     0
280
     1
281
     0
  0
BLOCK_RECORD
  5
716
330
1
100
AcDbSymbolTableRecord
100
AcDbBlockTableRecord
  2
*D96
340
0
 70
     0
280
     1
281
     0
  0
BLOCK_RECORD
  5
722
330
1
100
AcDbSymbolTableRecord
100
AcDbBlockTableRecord
  2
*D97
340
0
 70
     0
280
     1
281
     0
  0
BLOCK_RECORD
  5
72E
330
1
100
AcDbSymbolTableRecord
100
AcDbBlockTableRecord
  2
*D98
340
0
 70
     0
280
     1
281
     0
  0
BLOCK_RECORD
  5
108D
330
1
100
AcDbSymbolTableRecord
100
AcDbBlockTableRecord
  2
*D99
340
0
 70
     0
280
     1
281
     0
  0
BLOCK_RECORD
  5
1099
330
1
100
AcDbSymbolTableRecord
100
AcDbBlockTableRecord
  2
*D100
340
0
 70
     0
280
     1
281
     0
  0
BLOCK_RECORD
  5
10A5
330
1
100
AcDbSymbolTableRecord
100
AcDbBlockTableRecord
  2
*D101
340
0
 70
     0
280
     1
281
     0
  0
BLOCK_RECORD
  5
10B1
330
1
100
AcDbSymbolTableRecord
100
AcDbBlockTableRecord
  2
*D102
340
0
 70
     0
280
     1
281
     0
  0
BLOCK_RECORD
  5
10BD
330
1
100
AcDbSymbolTableRecord
100
AcDbBlockTableRecord
  2
*D103
340
0
 70
     0
280
     1
281
     0
  0
BLOCK_RECORD
  5
10C9
330
1
100
AcDbSymbolTableRecord
100
AcDbBlockTableRecord
  2
*D104
340
0
 70
     0
280
     1
281
     0
  0
BLOCK_RECORD
  5
10D5
330
1
100
AcDbSymbolTableRecord
100
AcDbBlockTableRecord
  2
*D105
340
0
 70
     0
280
     1
281
     0
  0
BLOCK_RECORD
  5
10E1
330
1
100
AcDbSymbolTableRecord
100
AcDbBlockTableRecord
  2
*D106
340
0
 70
     0
280
     1
281
     0
  0
BLOCK_RECORD
  5
10ED
330
1
100
AcDbSymbolTableRecord
100
AcDbBlockTableRecord
  2
*D107
340
0
 70
     0
280
     1
281
     0
  0
BLOCK_RECORD
  5
10F9
330
1
100
AcDbSymbolTableRecord
100
AcDbBlockTableRecord
  2
*D108
340
0
 70
     0
280
     1
281
     0
  0
BLOCK_RECORD
  5
1105
330
1
100
AcDbSymbolTableRecord
100
AcDbBlockTableRecord
  2
*D109
340
0
 70
     0
280
     1
281
     0
  0
BLOCK_RECORD
  5
1111
330
1
100
AcDbSymbolTableRecord
100
AcDbBlockTableRecord
  2
*D110
340
0
 70
     0
280
     1
281
     0
  0
BLOCK_RECORD
  5
111D
330
1
100
AcDbSymbolTableRecord
100
AcDbBlockTableRecord
  2
*D111
340
0
 70
     0
280
     1
281
     0
  0
BLOCK_RECORD
  5
1129
330
1
100
AcDbSymbolTableRecord
100
AcDbBlockTableRecord
  2
*D112
340
0
 70
     0
280
     1
281
     0
  0
BLOCK_RECORD
  5
1135
330
1
100
AcDbSymbolTableRecord
100
AcDbBlockTableRecord
  2
*D113
340
0
 70
     0
280
     1
281
     0
  0
BLOCK_RECORD
  5
1141
330
1
100
AcDbSymbolTableRecord
100
AcDbBlockTableRecord
  2
*D114
340
0
 70
     0
280
     1
281
     0
  0
BLOCK_RECORD
  5
114D
330
1
100
AcDbSymbolTableRecord
100
AcDbBlockTableRecord
  2
*D115
340
0
 70
     0
280
     1
281
     0
  0
BLOCK_RECORD
  5
1159
330
1
100
AcDbSymbolTableRecord
100
AcDbBlockTableRecord
  2
*D116
340
0
 70
     0
280
     1
281
     0
  0
BLOCK_RECORD
  5
1165
330
1
100
AcDbSymbolTableRecord
100
AcDbBlockTableRecord
  2
*D117
340
0
 70
     0
280
     1
281
     0
  0
BLOCK_RECORD
  5
1171
330
1
100
AcDbSymbolTableRecord
100
AcDbBlockTableRecord
  2
*D118
340
0
 70
     0
280
     1
281
     0
  0
BLOCK_RECORD
  5
117D
330
1
100
AcDbSymbolTableRecord
100
AcDbBlockTableRecord
  2
*D119
340
0
 70
     0
280
     1
281
     0
  0
BLOCK_RECORD
  5
1189
330
1
100
AcDbSymbolTableRecord
100
AcDbBlockTableRecord
  2
*D120
340
0
 70
     0
280
     1
281
     0
  0
BLOCK_RECORD
  5
1195
330
1
100
AcDbSymbolTableRecord
100
AcDbBlockTableRecord
  2
*D121
340
0
 70
     0
280
     1
281
     0
  0
BLOCK_RECORD
  5
11A1
330
1
100
AcDbSymbolTableRecord
100
AcDbBlockTableRecord
  2
*D122
340
0
 70
     0
280
     1
281
     0
  0
BLOCK_RECORD
  5
11AD
330
1
100
AcDbSymbolTableRecord
100
AcDbBlockTableRecord
  2
*D123
340
0
 70
     0
280
     1
281
     0
  0
BLOCK_RECORD
  5
11B9
330
1
100
AcDbSymbolTableRecord
100
AcDbBlockTableRecord
  2
*D124
340
0
 70
     0
280
     1
281
     0
  0
BLOCK_RECORD
  5
11C5
330
1
100
AcDbSymbolTableRecord
100
AcDbBlockTableRecord
  2
*D125
340
0
 70
     0
280
     1
281
     0
  0
BLOCK_RECORD
  5
11D1
330
1
100
AcDbSymbolTableRecord
100
AcDbBlockTableRecord
  2
*D126
340
0
 70
     0
280
     1
281
     0
  0
BLOCK_RECORD
  5
11DD
330
1
100
AcDbSymbolTableRecord
100
AcDbBlockTableRecord
  2
*D127
340
0
 70
     0
280
     1
281
     0
  0
BLOCK_RECORD
  5
11E9
330
1
100
AcDbSymbolTableRecord
100
AcDbBlockTableRecord
  2
*D128
340
0
 70
     0
280
     1
281
     0
  0
BLOCK_RECORD
  5
11F5
330
1
100
AcDbSymbolTableRecord
100
AcDbBlockTableRecord
  2
*D129
340
0
 70
     0
280
     1
281
     0
  0
BLOCK_RECORD
  5
1201
330
1
100
AcDbSymbolTableRecord
100
AcDbBlockTableRecord
  2
*D130
340
0
 70
     0
280
     1
281
     0
  0
BLOCK_RECORD
  5
120D
330
1
100
AcDbSymbolTableRecord
100
AcDbBlockTableRecord
  2
*D131
340
0
 70
     0
280
     1
281
     0
  0
BLOCK_RECORD
  5
1219
330
1
100
AcDbSymbolTableRecord
100
AcDbBlockTableRecord
  2
*D132
340
0
 70
     0
280
     1
281
     0
  0
BLOCK_RECORD
  5
1225
330
1
100
AcDbSymbolTableRecord
100
AcDbBlockTableRecord
  2
*D133
340
0
 70
     0
280
     1
281
     0
  0
BLOCK_RECORD
  5
1231
330
1
100
AcDbSymbolTableRecord
100
AcDbBlockTableRecord
  2
*D134
340
0
 70
     0
280
     1
281
     0
  0
BLOCK_RECORD
  5
123D
330
1
100
AcDbSymbolTableRecord
100
AcDbBlockTableRecord
  2
*D135
340
0
 70
     0
280
     1
281
     0
  0
BLOCK_RECORD
  5
1249
330
1
100
AcDbSymbolTableRecord
100
AcDbBlockTableRecord
  2
*D136
340
0
 70
     0
280
     1
281
     0
  0
BLOCK_RECORD
  5
1255
330
1
100
AcDbSymbolTableRecord
100
AcDbBlockTableRecord
  2
*D137
340
0
 70
     0
280
     1
281
     0
  0
BLOCK_RECORD
  5
1261
330
1
100
AcDbSymbolTableRecord
100
AcDbBlockTableRecord
  2
*D138
340
0
 70
     0
280
     1
281
     0
  0
BLOCK_RECORD
  5
126D
330
1
100
AcDbSymbolTableRecord
100
AcDbBlockTableRecord
  2
*D139
340
0
 70
     0
280
     1
281
     0
  0
BLOCK_RECORD
  5
1279
330
1
100
AcDbSymbolTableRecord
100
AcDbBlockTableRecord
  2
*D140
340
0
 70
     0
280
     1
281
     0
  0
BLOCK_RECORD
  5
1285
330
1
100
AcDbSymbolTableRecord
100
AcDbBlockTableRecord
  2
*D141
340
0
 70
     0
280
     1
281
     0
  0
BLOCK_RECORD
  5
1291
330
1
100
AcDbSymbolTableRecord
100
AcDbBlockTableRecord
  2
*D142
340
0
 70
     0
280
     1
281
     0
  0
BLOCK_RECORD
  5
129D
330
1
100
AcDbSymbolTableRecord
100
AcDbBlockTableRecord
  2
*D143
340
0
 70
     0
280
     1
281
     0
  0
BLOCK_RECORD
  5
12A9
330
1
100
AcDbSymbolTableRecord
100
AcDbBlockTableRecord
  2
*D144
340
0
 70
     0
280
     1
281
     0
  0
BLOCK_RECORD
  5
12B5
330
1
100
AcDbSymbolTableRecord
100
AcDbBlockTableRecord
  2
*D145
340
0
 70
     0
280
     1
281
     0
  0
BLOCK_RECORD
  5
12C1
330
1
100
AcDbSymbolTableRecord
100
AcDbBlockTableRecord
  2
*D146
340
0
 70
     0
280
     1
281
     0
  0
BLOCK_RECORD
  5
12CD
330
1
100
AcDbSymbolTableRecord
100
AcDbBlockTableRecord
  2
*D147
340
0
 70
     0
280
     1
281
     0
  0
BLOCK_RECORD
  5
12D9
330
1
100
AcDbSymbolTableRecord
100
AcDbBlockTableRecord
  2
*D148
340
0
 70
     0
280
     1
281
     0
  0
BLOCK_RECORD
  5
12E5
330
1
100
AcDbSymbolTableRecord
100
AcDbBlockTableRecord
  2
*D149
340
0
 70
     0
280
     1
281
     0
  0
BLOCK_RECORD
  5
12F1
330
1
100
AcDbSymbolTableRecord
100
AcDbBlockTableRecord
  2
*D150
340
0
 70
     0
280
     1
281
     0
  0
BLOCK_RECORD
  5
12FD
330
1
100
AcDbSymbolTableRecord
100
AcDbBlockTableRecord
  2
*D151
340
0
 70
     0
280
     1
281
     0
  0
BLOCK_RECORD
  5
1309
330
1
100
AcDbSymbolTableRecord
100
AcDbBlockTableRecord
  2
*D152
340
0
 70
     0
280
     1
281
     0
  0
BLOCK_RECORD
  5
1315
330
1
100
AcDbSymbolTableRecord
100
AcDbBlockTableRecord
  2
*D153
340
0
 70
     0
280
     1
281
     0
  0
BLOCK_RECORD
  5
1321
330
1
100
AcDbSymbolTableRecord
100
AcDbBlockTableRecord
  2
*D154
340
0
 70
     0
280
     1
281
     0
  0
BLOCK_RECORD
  5
132D
330
1
100
AcDbSymbolTableRecord
100
AcDbBlockTableRecord
  2
*D155
340
0
 70
     0
280
     1
281
     0
  0
BLOCK_RECORD
  5
1339
330
1
100
AcDbSymbolTableRecord
100
AcDbBlockTableRecord
  2
*D156
340
0
 70
     0
280
     1
281
     0
  0
BLOCK_RECORD
  5
1345
330
1
100
AcDbSymbolTableRecord
100
AcDbBlockTableRecord
  2
*D157
340
0
 70
     0
280
     1
281
     0
  0
BLOCK_RECORD
  5
1351
330
1
100
AcDbSymbolTableRecord
100
AcDbBlockTableRecord
  2
*D158
340
0
 70
     0
280
     1
281
     0
  0
BLOCK_RECORD
  5
135D
330
1
100
AcDbSymbolTableRecord
100
AcDbBlockTableRecord
  2
*D159
340
0
 70
     0
280
     1
281
     0
  0
BLOCK_RECORD
  5
1369
330
1
100
AcDbSymbolTableRecord
100
AcDbBlockTableRecord
  2
*D160
340
0
 70
     0
280
     1
281
     0
  0
BLOCK_RECORD
  5
1375
330
1
100
AcDbSymbolTableRecord
100
AcDbBlockTableRecord
  2
*D161
340
0
 70
     0
280
     1
281
     0
  0
BLOCK_RECORD
  5
1381
330
1
100
AcDbSymbolTableRecord
100
AcDbBlockTableRecord
  2
*D162
340
0
 70
     0
280
     1
281
     0
  0
BLOCK_RECORD
  5
138D
330
1
100
AcDbSymbolTableRecord
100
AcDbBlockTableRecord
  2
*D163
340
0
 70
     0
280
     1
281
     0
  0
BLOCK_RECORD
  5
1399
330
1
100
AcDbSymbolTableRecord
100
AcDbBlockTableRecord
  2
*D164
340
0
 70
     0
280
     1
281
     0
  0
BLOCK_RECORD
  5
13A5
330
1
100
AcDbSymbolTableRecord
100
AcDbBlockTableRecord
  2
*D165
340
0
 70
     0
280
     1
281
     0
  0
BLOCK_RECORD
  5
13B1
330
1
100
AcDbSymbolTableRecord
100
AcDbBlockTableRecord
  2
*D166
340
0
 70
     0
280
     1
281
     0
  0
BLOCK_RECORD
  5
13BD
330
1
100
AcDbSymbolTableRecord
100
AcDbBlockTableRecord
  2
*D167
340
0
 70
     0
280
     1
281
     0
  0
BLOCK_RECORD
  5
13C9
330
1
100
AcDbSymbolTableRecord
100
AcDbBlockTableRecord
  2
*D168
340
0
 70
     0
280
     1
281
     0
  0
BLOCK_RECORD
  5
13D5
330
1
100
AcDbSymbolTableRecord
100
AcDbBlockTableRecord
  2
*D169
340
0
 70
     0
280
     1
281
     0
  0
BLOCK_RECORD
  5
13E1
330
1
100
AcDbSymbolTableRecord
100
AcDbBlockTableRecord
  2
*D170
340
0
 70
     0
280
     1
281
     0
  0
BLOCK_RECORD
  5
13ED
330
1
100
AcDbSymbolTableRecord
100
AcDbBlockTableRecord
  2
*D171
340
0
 70
     0
280
     1
281
     0
  0
BLOCK_RECORD
  5
13F9
330
1
100
AcDbSymbolTableRecord
100
AcDbBlockTableRecord
  2
*D172
340
0
 70
     0
280
     1
281
     0
  0
BLOCK_RECORD
  5
1405
330
1
100
AcDbSymbolTableRecord
100
AcDbBlockTableRecord
  2
*D173
340
0
 70
     0
280
     1
281
     0
  0
BLOCK_RECORD
  5
1411
330
1
100
AcDbSymbolTableRecord
100
AcDbBlockTableRecord
  2
*D174
340
0
 70
     0
280
     1
281
     0
  0
BLOCK_RECORD
  5
141D
330
1
100
AcDbSymbolTableRecord
100
AcDbBlockTableRecord
  2
*D175
340
0
 70
     0
280
     1
281
     0
  0
BLOCK_RECORD
  5
1429
330
1
100
AcDbSymbolTableRecord
100
AcDbBlockTableRecord
  2
*D176
340
0
 70
     0
280
     1
281
     0
  0
BLOCK_RECORD
  5
1435
330
1
100
AcDbSymbolTableRecord
100
AcDbBlockTableRecord
  2
*D177
340
0
 70
     0
280
     1
281
     0
  0
BLOCK_RECORD
  5
1441
330
1
100
AcDbSymbolTableRecord
100
AcDbBlockTableRecord
  2
*D178
340
0
 70
     0
280
     1
281
     0
  0
BLOCK_RECORD
  5
144F
330
1
100
AcDbSymbolTableRecord
100
AcDbBlockTableRecord
  2
*D179
340
0
 70
     0
280
     1
281
     0
  0
BLOCK_RECORD
  5
145B
330
1
100
AcDbSymbolTableRecord
100
AcDbBlockTableRecord
  2
*D180
340
0
 70
     0
280
     1
281
     0
  0
BLOCK_RECORD
  5
1467
330
1
100
AcDbSymbolTableRecord
100
AcDbBlockTableRecord
  2
*D181
340
0
 70
     0
280
     1
281
     0
  0
BLOCK_RECORD
  5
1473
330
1
100
AcDbSymbolTableRecord
100
AcDbBlockTableRecord
  2
*D182
340
0
 70
     0
280
     1
281
     0
  0
BLOCK_RECORD
  5
147F
330
1
100
AcDbSymbolTableRecord
100
AcDbBlockTableRecord
  2
*D183
340
0
 70
     0
280
     1
281
     0
  0
BLOCK_RECORD
  5
148B
330
1
100
AcDbSymbolTableRecord
100
AcDbBlockTableRecord
  2
*D184
340
0
 70
     0
280
     1
281
     0
  0
BLOCK_RECORD
  5
1497
330
1
100
AcDbSymbolTableRecord
100
AcDbBlockTableRecord
  2
*D185
340
0
 70
     0
280
     1
281
     0
  0
BLOCK_RECORD
  5
14A3
330
1
100
AcDbSymbolTableRecord
100
AcDbBlockTableRecord
  2
*D186
340
0
 70
     0
280
     1
281
     0
  0
BLOCK_RECORD
  5
14AF
330
1
100
AcDbSymbolTableRecord
100
AcDbBlockTableRecord
  2
*D187
340
0
 70
     0
280
     1
281
     0
  0
BLOCK_RECORD
  5
14BB
330
1
100
AcDbSymbolTableRecord
100
AcDbBlockTableRecord
  2
*D188
340
0
 70
     0
280
     1
281
     0
  0
BLOCK_RECORD
  5
14C7
330
1
100
AcDbSymbolTableRecord
100
AcDbBlockTableRecord
  2
*D189
340
0
 70
     0
280
     1
281
     0
  0
BLOCK_RECORD
  5
14D3
330
1
100
AcDbSymbolTableRecord
100
AcDbBlockTableRecord
  2
*D190
340
0
 70
     0
280
     1
281
     0
  0
BLOCK_RECORD
  5
14DF
330
1
100
AcDbSymbolTableRecord
100
AcDbBlockTableRecord
  2
*D191
340
0
 70
     0
280
     1
281
     0
  0
BLOCK_RECORD
  5
14ED
330
1
100
AcDbSymbolTableRecord
100
AcDbBlockTableRecord
  2
*D192
340
0
 70
     0
280
     1
281
     0
  0
BLOCK_RECORD
  5
14F9
330
1
100
AcDbSymbolTableRecord
100
AcDbBlockTableRecord
  2
*D193
340
0
 70
     0
280
     1
281
     0
  0
BLOCK_RECORD
  5
1505
330
1
100
AcDbSymbolTableRecord
100
AcDbBlockTableRecord
  2
*D194
340
0
 70
     0
280
     1
281
     0
  0
ENDTAB
  0
ENDSEC
  0
SECTION
  2
BLOCKS
  0
BLOCK
  5
20
330
1F
100
AcDbEntity
  8
0
100
AcDbBlockBegin
  2
*Model_Space
 70
     0
 10
0.0
 20
0.0
 30
0.0
  3
*Model_Space
  1

  0
ENDBLK
  5
21
330
1F
100
AcDbEntity
  8
0
100
AcDbBlockEnd
  0
BLOCK
  5
D4
330
D2
100
AcDbEntity
 67
     1
  8
0
100
AcDbBlockBegin
  2
*Paper_Space
 70
     0
 10
0.0
 20
0.0
 30
0.0
  3
*Paper_Space
  1

  0
ENDBLK
  5
D5
330
D2
100
AcDbEntity
 67
     1
  8
0
100
AcDbBlockEnd
  0
BLOCK
  5
D8
330
D6
100
AcDbEntity
 67
     1
  8
0
100
AcDbBlockBegin
  2
*Paper_Space0
 70
     0
 10
0.0
 20
0.0
 30
0.0
  3
*Paper_Space0
  1

  0
ENDBLK
  5
D9
330
D6
100
AcDbEntity
 67
     1
  8
0
100
AcDbBlockEnd
  0
BLOCK
  5
2AD
330
2AC
100
AcDbEntity
  8
0
100
AcDbBlockBegin
  2
_Open30
 70
     0
 10
0.0
 20
0.0
 30
0.0
  3
_Open30
  1

  0
LINE
  5
2AE
330
2AC
100
AcDbEntity
  8
0
  6
ByBlock
 62
     0
370
    -2
100
AcDbLine
 10
-1.0
 20
0.26794919
 30
0.0
 11
0.0
 21
0.0
 31
0.0
  0
LINE
  5
2AF
330
2AC
100
AcDbEntity
  8
0
  6
ByBlock
 62
     0
370
    -2
100
AcDbLine
 10
0.0
 20
0.0
 30
0.0
 11
-1.0
 21
-0.26794919
 31
0.0
  0
LINE
  5
2B0
330
2AC
100
AcDbEntity
  8
0
  6
ByBlock
 62
     0
370
    -2
100
AcDbLine
 10
0.0
 20
0.0
 30
0.0
 11
-1.0
 21
0.0
 31
0.0
  0
ENDBLK
  5
2B1
330
2AC
100
AcDbEntity
  8
0
100
AcDbBlockEnd
  0
BLOCK
  5
2B3
330
2B2
100
AcDbEntity
  8
0
100
AcDbBlockBegin
  2
_Oblique
 70
     0
 10
0.0
 20
0.0
 30
0.0
  3
_Oblique
  1

  0
LINE
  5
2B4
330
2B2
100
AcDbEntity
  8
0
  6
ByBlock
 62
     0
370
    -2
100
AcDbLine
 10
-0.5
 20
-0.5
 30
0.0
 11
0.5
 21
0.5
 31
0.0
  0
ENDBLK
  5
2B5
330
2B2
100
AcDbEntity
  8
0
100
AcDbBlockEnd
  0
BLOCK
  5
2B7
330
2B6
100
AcDbEntity
  8
0
100
AcDbBlockBegin
  2
*D3
 70
     1
 10
0.0
 20
0.0
 30
0.0
  3
*D3
  1

  0
LINE
  5
2B8
330
2B6
100
AcDbEntity
  8
OLCU (BEYKENT)
 62
     0
440
 16777216
370
    -2
100
AcDbLine
 10
107421.422299438
 20
14453.45471318394
 30
0.0
 11
107438.6022994382
 21
14453.45471318394
 31
0.0
  0
LINE
  5
2B9
330
2B6
100
AcDbEntity
  8
OLCU (BEYKENT)
 62
     0
440
 16777216
370
    -2
100
AcDbLine
 10
107421.422299438
 20
14438.45471318394
 30
0.0
 11
107438.6022994382
 21
14438.45471318394
 31
0.0
  0
LINE
  5
2BA
330
2B6
100
AcDbEntity
  8
OLCU (BEYKENT)
 62
     0
440
 16777216
370
    -2
100
AcDbLine
 10
107438.4222994382
 20
14453.45471318394
 30
0.0
 11
107438.4222994382
 21
14438.45471318394
 31
0.0
  0
LINE
  5
2BB
330
2B6
100
AcDbEntity
  8
OLCU (BEYKENT)
 62
     0
440
 16777216
370
    -2
100
AcDbLine
 10
107441.4222994382
 20
14435.45471318394
 30
0.0
 11
107435.4222994382
 21
14441.45471318394
 31
0.0
  0
LINE
  5
2BC
330
2B6
100
AcDbEntity
  8
OLCU (BEYKENT)
 62
     0
440
 16777216
370
    -2
100
AcDbLine
 10
107441.4222994382
 20
14450.45471318394
 30
0.0
 11
107435.4222994382
 21
14456.45471318394
 31
0.0
  0
MTEXT
  5
2BD
330
2B6
100
AcDbEntity
  8
OLCU (BEYKENT)
 62
     7
440
 16777216
370
    20
100
AcDbMText
 10
107430.3604012264
 20
14445.95471318391
 30
0.0
 40
12.0
 41
0.0
 46
0.0
 71
     5
 72
     1
  1
\A1;15
  7
YAZI (BEYKENT)
 11
0.0000000000000001
 21
1.0
 31
0.0
 73
     1
 44
1.0
  0
POINT
  5
2BE
330
2B6
100
AcDbEntity
  8
Defpoints
 62
     0
440
 16777216
100
AcDbPoint
 10
107418.422299438
 20
14453.45471318394
 30
0.0
  0
POINT
  5
2BF
330
2B6
100
AcDbEntity
  8
Defpoints
 62
     0
440
 16777216
100
AcDbPoint
 10
107418.422299438
 20
14438.45471318394
 30
0.0
  0
POINT
  5
2C0
330
2B6
100
AcDbEntity
  8
Defpoints
 62
     0
440
 16777216
100
AcDbPoint
 10
107438.4222994382
 20
14438.45471318394
 30
0.0
  0
ENDBLK
  5
2C1
330
2B6
100
AcDbEntity
  8
0
100
AcDbBlockEnd
  0
BLOCK
  5
2C3
330
2C2
100
AcDbEntity
  8
0
100
AcDbBlockBegin
  2
*D4
 70
     1
 10
0.0
 20
0.0
 30
0.0
  3
*D4
  1

  0
LINE
  5
2C4
330
2C2
100
AcDbEntity
  8
OLCU (BEYKENT)
 62
     0
440
 16777216
370
    -2
100
AcDbLine
 10
107421.422299438
 20
14438.45471318394
 30
0.0
 11
107438.6022994382
 21
14438.45471318394
 31
0.0
  0
LINE
  5
2C5
330
2C2
100
AcDbEntity
  8
OLCU (BEYKENT)
 62
     0
440
 16777216
370
    -2
100
AcDbLine
 10
107421.422299438
 20
14403.45471318394
 30
0.0
 11
107438.6022994382
 21
14403.45471318394
 31
0.0
  0
LINE
  5
2C6
330
2C2
100
AcDbEntity
  8
OLCU (BEYKENT)
 62
     0
440
 16777216
370
    -2
100
AcDbLine
 10
107438.4222994382
 20
14438.45471318394
 30
0.0
 11
107438.4222994382
 21
14403.45471318394
 31
0.0
  0
LINE
  5
2C7
330
2C2
100
AcDbEntity
  8
OLCU (BEYKENT)
 62
     0
440
 16777216
370
    -2
100
AcDbLine
 10
107441.4222994382
 20
14400.45471318394
 30
0.0
 11
107435.4222994382
 21
14406.45471318394
 31
0.0
  0
LINE
  5
2C8
330
2C2
100
AcDbEntity
  8
OLCU (BEYKENT)
 62
     0
440
 16777216
370
    -2
100
AcDbLine
 10
107441.4222994382
 20
14435.45471318394
 30
0.0
 11
107435.4222994382
 21
14441.45471318394
 31
0.0
  0
MTEXT
  5
2C9
330
2C2
100
AcDbEntity
  8
OLCU (BEYKENT)
 62
     7
440
 16777216
370
    20
100
AcDbMText
 10
107430.2985030145
 20
14420.95471318391
 30
0.0
 40
12.0
 41
0.0
 46
0.0
 71
     5
 72
     1
  1
\A1;35
  7
YAZI (BEYKENT)
 11
0.0000000000000001
 21
1.0
 31
0.0
 73
     1
 44
1.0
  0
POINT
  5
2CA
330
2C2
100
AcDbEntity
  8
Defpoints
 62
     0
440
 16777216
100
AcDbPoint
 10
107418.422299438
 20
14438.45471318394
 30
0.0
  0
POINT
  5
2CB
330
2C2
100
AcDbEntity
  8
Defpoints
 62
     0
440
 16777216
100
AcDbPoint
 10
107418.422299438
 20
14403.45471318394
 30
0.0
  0
POINT
  5
2CC
330
2C2
100
AcDbEntity
  8
Defpoints
 62
     0
440
 16777216
100
AcDbPoint
 10
107438.4222994382
 20
14403.45471318394
 30
0.0
  0
ENDBLK
  5
2CD
330
2C2
100
AcDbEntity
  8
0
100
AcDbBlockEnd
  0
BLOCK
  5
2CF
330
2CE
100
AcDbEntity
  8
0
100
AcDbBlockBegin
  2
*D5
 70
     1
 10
0.0
 20
0.0
 30
0.0
  3
*D5
  1

  0
LINE
  5
2D0
330
2CE
100
AcDbEntity
  8
OLCU (BEYKENT)
 62
     0
440
 16777216
370
    -2
100
AcDbLine
 10
107421.422299438
 20
14453.45471318394
 30
0.0
 11
107458.6022994382
 21
14453.45471318394
 31
0.0
  0
LINE
  5
2D1
330
2CE
100
AcDbEntity
  8
OLCU (BEYKENT)
 62
     0
440
 16777216
370
    -2
100
AcDbLine
 10
107421.422299438
 20
14403.45471318394
 30
0.0
 11
107458.6022994382
 21
14403.45471318394
 31
0.0
  0
LINE
  5
2D2
330
2CE
100
AcDbEntity
  8
OLCU (BEYKENT)
 62
     0
440
 16777216
370
    -2
100
AcDbLine
 10
107458.4222994382
 20
14453.45471318394
 30
0.0
 11
107458.4222994382
 21
14403.45471318394
 31
0.0
  0
LINE
  5
2D3
330
2CE
100
AcDbEntity
  8
OLCU (BEYKENT)
 62
     0
440
 16777216
370
    -2
100
AcDbLine
 10
107461.4222994382
 20
14400.45471318394
 30
0.0
 11
107455.4222994382
 21
14406.45471318394
 31
0.0
  0
LINE
  5
2D4
330
2CE
100
AcDbEntity
  8
OLCU (BEYKENT)
 62
     0
440
 16777216
370
    -2
100
AcDbLine
 10
107461.4222994382
 20
14450.45471318394
 30
0.0
 11
107455.4222994382
 21
14456.45471318394
 31
0.0
  0
MTEXT
  5
2D5
330
2CE
100
AcDbEntity
  8
OLCU (BEYKENT)
 62
     7
440
 16777216
370
    20
100
AcDbMText
 10
107450.2985030145
 20
14428.45471318391
 30
0.0
 40
12.0
 41
0.0
 46
0.0
 71
     5
 72
     1
  1
\A1;50
  7
YAZI (BEYKENT)
 11
0.0000000000000001
 21
1.0
 31
0.0
 73
     1
 44
1.0
  0
POINT
  5
2D6
330
2CE
100
AcDbEntity
  8
Defpoints
 62
     0
440
 16777216
100
AcDbPoint
 10
107418.422299438
 20
14453.45471318394
 30
0.0
  0
POINT
  5
2D7
330
2CE
100
AcDbEntity
  8
Defpoints
 62
     0
440
 16777216
100
AcDbPoint
 10
107418.422299438
 20
14403.45471318394
 30
0.0
  0
POINT
  5
2D8
330
2CE
100
AcDbEntity
  8
Defpoints
 62
     0
440
 16777216
100
AcDbPoint
 10
107458.4222994382
 20
14403.45471318394
 30
0.0
  0
ENDBLK
  5
2D9
330
2CE
100
AcDbEntity
  8
0
100
AcDbBlockEnd
  0
BLOCK
  5
2DB
330
2DA
100
AcDbEntity
  8
0
100
AcDbBlockBegin
  2
*D6
 70
     1
 10
0.0
 20
0.0
 30
0.0
  3
*D6
  1

  0
LINE
  5
2DC
330
2DA
100
AcDbEntity
  8
OLCU (BEYKENT)
 62
     0
440
 16777216
370
    -2
100
AcDbLine
 10
107716.422299438
 20
14453.45471318394
 30
0.0
 11
107733.6022994382
 21
14453.45471318394
 31
0.0
  0
LINE
  5
2DD
330
2DA
100
AcDbEntity
  8
OLCU (BEYKENT)
 62
     0
440
 16777216
370
    -2
100
AcDbLine
 10
107716.422299438
 20
14438.45471318394
 30
0.0
 11
107733.6022994382
 21
14438.45471318394
 31
0.0
  0
LINE
  5
2DE
330
2DA
100
AcDbEntity
  8
OLCU (BEYKENT)
 62
     0
440
 16777216
370
    -2
100
AcDbLine
 10
107733.4222994382
 20
14453.45471318394
 30
0.0
 11
107733.4222994382
 21
14438.45471318394
 31
0.0
  0
LINE
  5
2DF
330
2DA
100
AcDbEntity
  8
OLCU (BEYKENT)
 62
     0
440
 16777216
370
    -2
100
AcDbLine
 10
107736.4222994382
 20
14435.45471318394
 30
0.0
 11
107730.4222994382
 21
14441.45471318394
 31
0.0
  0
LINE
  5
2E0
330
2DA
100
AcDbEntity
  8
OLCU (BEYKENT)
 62
     0
440
 16777216
370
    -2
100
AcDbLine
 10
107736.4222994382
 20
14450.45471318394
 30
0.0
 11
107730.4222994382
 21
14456.45471318394
 31
0.0
  0
MTEXT
  5
2E1
330
2DA
100
AcDbEntity
  8
OLCU (BEYKENT)
 62
     7
440
 16777216
370
    20
100
AcDbMText
 10
107725.3604012263
 20
14445.95471318391
 30
0.0
 40
12.0
 41
0.0
 46
0.0
 71
     5
 72
     1
  1
\A1;15
  7
YAZI (BEYKENT)
 11
0.0000000000000001
 21
1.0
 31
0.0
 73
     1
 44
1.0
  0
POINT
  5
2E2
330
2DA
100
AcDbEntity
  8
Defpoints
 62
     0
440
 16777216
100
AcDbPoint
 10
107713.422299438
 20
14453.45471318394
 30
0.0
  0
POINT
  5
2E3
330
2DA
100
AcDbEntity
  8
Defpoints
 62
     0
440
 16777216
100
AcDbPoint
 10
107713.422299438
 20
14438.45471318394
 30
0.0
  0
POINT
  5
2E4
330
2DA
100
AcDbEntity
  8
Defpoints
 62
     0
440
 16777216
100
AcDbPoint
 10
107733.4222994382
 20
14438.45471318394
 30
0.0
  0
ENDBLK
  5
2E5
330
2DA
100
AcDbEntity
  8
0
100
AcDbBlockEnd
  0
BLOCK
  5
2E7
330
2E6
100
AcDbEntity
  8
0
100
AcDbBlockBegin
  2
*D7
 70
     1
 10
0.0
 20
0.0
 30
0.0
  3
*D7
  1

  0
LINE
  5
2E8
330
2E6
100
AcDbEntity
  8
OLCU (BEYKENT)
 62
     0
440
 16777216
370
    -2
100
AcDbLine
 10
107716.422299438
 20
14438.45471318394
 30
0.0
 11
107733.6022994382
 21
14438.45471318394
 31
0.0
  0
LINE
  5
2E9
330
2E6
100
AcDbEntity
  8
OLCU (BEYKENT)
 62
     0
440
 16777216
370
    -2
100
AcDbLine
 10
107716.422299438
 20
14403.45471318394
 30
0.0
 11
107733.6022994382
 21
14403.45471318394
 31
0.0
  0
LINE
  5
2EA
330
2E6
100
AcDbEntity
  8
OLCU (BEYKENT)
 62
     0
440
 16777216
370
    -2
100
AcDbLine
 10
107733.4222994382
 20
14438.45471318394
 30
0.0
 11
107733.4222994382
 21
14403.45471318394
 31
0.0
  0
LINE
  5
2EB
330
2E6
100
AcDbEntity
  8
OLCU (BEYKENT)
 62
     0
440
 16777216
370
    -2
100
AcDbLine
 10
107736.4222994382
 20
14400.45471318394
 30
0.0
 11
107730.4222994382
 21
14406.45471318394
 31
0.0
  0
LINE
  5
2EC
330
2E6
100
AcDbEntity
  8
OLCU (BEYKENT)
 62
     0
440
 16777216
370
    -2
100
AcDbLine
 10
107736.4222994382
 20
14435.45471318394
 30
0.0
 11
107730.4222994382
 21
14441.45471318394
 31
0.0
  0
MTEXT
  5
2ED
330
2E6
100
AcDbEntity
  8
OLCU (BEYKENT)
 62
     7
440
 16777216
370
    20
100
AcDbMText
 10
107725.2985030145
 20
14420.95471318391
 30
0.0
 40
12.0
 41
0.0
 46
0.0
 71
     5
 72
     1
  1
\A1;35
  7
YAZI (BEYKENT)
 11
0.0000000000000001
 21
1.0
 31
0.0
 73
     1
 44
1.0
  0
POINT
  5
2EE
330
2E6
100
AcDbEntity
  8
Defpoints
 62
     0
440
 16777216
100
AcDbPoint
 10
107713.422299438
 20
14438.45471318394
 30
0.0
  0
POINT
  5
2EF
330
2E6
100
AcDbEntity
  8
Defpoints
 62
     0
440
 16777216
100
AcDbPoint
 10
107713.422299438
 20
14403.45471318394
 30
0.0
  0
POINT
  5
2F0
330
2E6
100
AcDbEntity
  8
Defpoints
 62
     0
440
 16777216
100
AcDbPoint
 10
107733.4222994382
 20
14403.45471318394
 30
0.0
  0
ENDBLK
  5
2F1
330
2E6
100
AcDbEntity
  8
0
100
AcDbBlockEnd
  0
BLOCK
  5
2F3
330
2F2
100
AcDbEntity
  8
0
100
AcDbBlockBegin
  2
*D8
 70
     1
 10
0.0
 20
0.0
 30
0.0
  3
*D8
  1

  0
LINE
  5
2F4
330
2F2
100
AcDbEntity
  8
OLCU (BEYKENT)
 62
     0
440
 16777216
370
    -2
100
AcDbLine
 10
107716.422299438
 20
14453.45471318394
 30
0.0
 11
107753.6022994382
 21
14453.45471318394
 31
0.0
  0
LINE
  5
2F5
330
2F2
100
AcDbEntity
  8
OLCU (BEYKENT)
 62
     0
440
 16777216
370
    -2
100
AcDbLine
 10
107716.422299438
 20
14403.45471318394
 30
0.0
 11
107753.6022994382
 21
14403.45471318394
 31
0.0
  0
LINE
  5
2F6
330
2F2
100
AcDbEntity
  8
OLCU (BEYKENT)
 62
     0
440
 16777216
370
    -2
100
AcDbLine
 10
107753.4222994382
 20
14453.45471318394
 30
0.0
 11
107753.4222994382
 21
14403.45471318394
 31
0.0
  0
LINE
  5
2F7
330
2F2
100
AcDbEntity
  8
OLCU (BEYKENT)
 62
     0
440
 16777216
370
    -2
100
AcDbLine
 10
107756.4222994382
 20
14400.45471318394
 30
0.0
 11
107750.4222994382
 21
14406.45471318394
 31
0.0
  0
LINE
  5
2F8
330
2F2
100
AcDbEntity
  8
OLCU (BEYKENT)
 62
     0
440
 16777216
370
    -2
100
AcDbLine
 10
107756.4222994382
 20
14450.45471318394
 30
0.0
 11
107750.4222994382
 21
14456.45471318394
 31
0.0
  0
MTEXT
  5
2F9
330
2F2
100
AcDbEntity
  8
OLCU (BEYKENT)
 62
     7
440
 16777216
370
    20
100
AcDbMText
 10
107745.2985030145
 20
14428.45471318391
 30
0.0
 40
12.0
 41
0.0
 46
0.0
 71
     5
 72
     1
  1
\A1;50
  7
YAZI (BEYKENT)
 11
0.0000000000000001
 21
1.0
 31
0.0
 73
     1
 44
1.0
  0
POINT
  5
2FA
330
2F2
100
AcDbEntity
  8
Defpoints
 62
     0
440
 16777216
100
AcDbPoint
 10
107713.422299438
 20
14453.45471318394
 30
0.0
  0
POINT
  5
2FB
330
2F2
100
AcDbEntity
  8
Defpoints
 62
     0
440
 16777216
100
AcDbPoint
 10
107713.422299438
 20
14403.45471318394
 30
0.0
  0
POINT
  5
2FC
330
2F2
100
AcDbEntity
  8
Defpoints
 62
     0
440
 16777216
100
AcDbPoint
 10
107753.4222994382
 20
14403.45471318394
 30
0.0
  0
ENDBLK
  5
2FD
330
2F2
100
AcDbEntity
  8
0
100
AcDbBlockEnd
  0
BLOCK
  5
2FF
330
2FE
100
AcDbEntity
  8
0
100
AcDbBlockBegin
  2
*D9
 70
     1
 10
0.0
 20
0.0
 30
0.0
  3
*D9
  1

  0
LINE
  5
300
330
2FE
100
AcDbEntity
  8
OLCU (BEYKENT)
 62
     0
440
 16777216
370
    -2
100
AcDbLine
 10
108236.422299438
 20
14453.45471318394
 30
0.0
 11
108253.6022994382
 21
14453.45471318394
 31
0.0
  0
LINE
  5
301
330
2FE
100
AcDbEntity
  8
OLCU (BEYKENT)
 62
     0
440
 16777216
370
    -2
100
AcDbLine
 10
108236.422299438
 20
14438.45471318394
 30
0.0
 11
108253.6022994382
 21
14438.45471318394
 31
0.0
  0
LINE
  5
302
330
2FE
100
AcDbEntity
  8
OLCU (BEYKENT)
 62
     0
440
 16777216
370
    -2
100
AcDbLine
 10
108253.4222994382
 20
14453.45471318394
 30
0.0
 11
108253.4222994382
 21
14438.45471318394
 31
0.0
  0
LINE
  5
303
330
2FE
100
AcDbEntity
  8
OLCU (BEYKENT)
 62
     0
440
 16777216
370
    -2
100
AcDbLine
 10
108256.4222994382
 20
14435.45471318394
 30
0.0
 11
108250.4222994382
 21
14441.45471318394
 31
0.0
  0
LINE
  5
304
330
2FE
100
AcDbEntity
  8
OLCU (BEYKENT)
 62
     0
440
 16777216
370
    -2
100
AcDbLine
 10
108256.4222994382
 20
14450.45471318394
 30
0.0
 11
108250.4222994382
 21
14456.45471318394
 31
0.0
  0
MTEXT
  5
305
330
2FE
100
AcDbEntity
  8
OLCU (BEYKENT)
 62
     7
440
 16777216
370
    20
100
AcDbMText
 10
108245.3604012264
 20
14445.95471318391
 30
0.0
 40
12.0
 41
0.0
 46
0.0
 71
     5
 72
     1
  1
\A1;15
  7
YAZI (BEYKENT)
 11
0.0000000000000001
 21
1.0
 31
0.0
 73
     1
 44
1.0
  0
POINT
  5
306
330
2FE
100
AcDbEntity
  8
Defpoints
 62
     0
440
 16777216
100
AcDbPoint
 10
108233.422299438
 20
14453.45471318394
 30
0.0
  0
POINT
  5
307
330
2FE
100
AcDbEntity
  8
Defpoints
 62
     0
440
 16777216
100
AcDbPoint
 10
108233.422299438
 20
14438.45471318394
 30
0.0
  0
POINT
  5
308
330
2FE
100
AcDbEntity
  8
Defpoints
 62
     0
440
 16777216
100
AcDbPoint
 10
108253.4222994382
 20
14438.45471318394
 30
0.0
  0
ENDBLK
  5
309
330
2FE
100
AcDbEntity
  8
0
100
AcDbBlockEnd
  0
BLOCK
  5
30B
330
30A
100
AcDbEntity
  8
0
100
AcDbBlockBegin
  2
*D10
 70
     1
 10
0.0
 20
0.0
 30
0.0
  3
*D10
  1

  0
LINE
  5
30C
330
30A
100
AcDbEntity
  8
OLCU (BEYKENT)
 62
     0
440
 16777216
370
    -2
100
AcDbLine
 10
108236.422299438
 20
14438.45471318394
 30
0.0
 11
108253.6022994382
 21
14438.45471318394
 31
0.0
  0
LINE
  5
30D
330
30A
100
AcDbEntity
  8
OLCU (BEYKENT)
 62
     0
440
 16777216
370
    -2
100
AcDbLine
 10
108236.422299438
 20
14403.45471318394
 30
0.0
 11
108253.6022994382
 21
14403.45471318394
 31
0.0
  0
LINE
  5
30E
330
30A
100
AcDbEntity
  8
OLCU (BEYKENT)
 62
     0
440
 16777216
370
    -2
100
AcDbLine
 10
108253.4222994382
 20
14438.45471318394
 30
0.0
 11
108253.4222994382
 21
14403.45471318394
 31
0.0
  0
LINE
  5
30F
330
30A
100
AcDbEntity
  8
OLCU (BEYKENT)
 62
     0
440
 16777216
370
    -2
100
AcDbLine
 10
108256.4222994382
 20
14400.45471318394
 30
0.0
 11
108250.4222994382
 21
14406.45471318394
 31
0.0
  0
LINE
  5
310
330
30A
100
AcDbEntity
  8
OLCU (BEYKENT)
 62
     0
440
 16777216
370
    -2
100
AcDbLine
 10
108256.4222994382
 20
14435.45471318394
 30
0.0
 11
108250.4222994382
 21
14441.45471318394
 31
0.0
  0
MTEXT
  5
311
330
30A
100
AcDbEntity
  8
OLCU (BEYKENT)
 62
     7
440
 16777216
370
    20
100
AcDbMText
 10
108245.2985030145
 20
14420.95471318391
 30
0.0
 40
12.0
 41
0.0
 46
0.0
 71
     5
 72
     1
  1
\A1;35
  7
YAZI (BEYKENT)
 11
0.0000000000000001
 21
1.0
 31
0.0
 73
     1
 44
1.0
  0
POINT
  5
312
330
30A
100
AcDbEntity
  8
Defpoints
 62
     0
440
 16777216
100
AcDbPoint
 10
108233.422299438
 20
14438.45471318394
 30
0.0
  0
POINT
  5
313
330
30A
100
AcDbEntity
  8
Defpoints
 62
     0
440
 16777216
100
AcDbPoint
 10
108233.422299438
 20
14403.45471318394
 30
0.0
  0
POINT
  5
314
330
30A
100
AcDbEntity
  8
Defpoints
 62
     0
440
 16777216
100
AcDbPoint
 10
108253.4222994382
 20
14403.45471318394
 30
0.0
  0
ENDBLK
  5
315
330
30A
100
AcDbEntity
  8
0
100
AcDbBlockEnd
  0
BLOCK
  5
317
330
316
100
AcDbEntity
  8
0
100
AcDbBlockBegin
  2
*D11
 70
     1
 10
0.0
 20
0.0
 30
0.0
  3
*D11
  1

  0
LINE
  5
318
330
316
100
AcDbEntity
  8
OLCU (BEYKENT)
 62
     0
440
 16777216
370
    -2
100
AcDbLine
 10
108236.422299438
 20
14453.45471318394
 30
0.0
 11
108273.6022994382
 21
14453.45471318394
 31
0.0
  0
LINE
  5
319
330
316
100
AcDbEntity
  8
OLCU (BEYKENT)
 62
     0
440
 16777216
370
    -2
100
AcDbLine
 10
108236.422299438
 20
14403.45471318394
 30
0.0
 11
108273.6022994382
 21
14403.45471318394
 31
0.0
  0
LINE
  5
31A
330
316
100
AcDbEntity
  8
OLCU (BEYKENT)
 62
     0
440
 16777216
370
    -2
100
AcDbLine
 10
108273.4222994382
 20
14453.45471318394
 30
0.0
 11
108273.4222994382
 21
14403.45471318394
 31
0.0
  0
LINE
  5
31B
330
316
100
AcDbEntity
  8
OLCU (BEYKENT)
 62
     0
440
 16777216
370
    -2
100
AcDbLine
 10
108276.4222994382
 20
14400.45471318394
 30
0.0
 11
108270.4222994382
 21
14406.45471318394
 31
0.0
  0
LINE
  5
31C
330
316
100
AcDbEntity
  8
OLCU (BEYKENT)
 62
     0
440
 16777216
370
    -2
100
AcDbLine
 10
108276.4222994382
 20
14450.45471318394
 30
0.0
 11
108270.4222994382
 21
14456.45471318394
 31
0.0
  0
MTEXT
  5
31D
330
316
100
AcDbEntity
  8
OLCU (BEYKENT)
 62
     7
440
 16777216
370
    20
100
AcDbMText
 10
108265.2985030145
 20
14428.45471318391
 30
0.0
 40
12.0
 41
0.0
 46
0.0
 71
     5
 72
     1
  1
\A1;50
  7
YAZI (BEYKENT)
 11
0.0000000000000001
 21
1.0
 31
0.0
 73
     1
 44
1.0
  0
POINT
  5
31E
330
316
100
AcDbEntity
  8
Defpoints
 62
     0
440
 16777216
100
AcDbPoint
 10
108233.422299438
 20
14453.45471318394
 30
0.0
  0
POINT
  5
31F
330
316
100
AcDbEntity
  8
Defpoints
 62
     0
440
 16777216
100
AcDbPoint
 10
108233.422299438
 20
14403.45471318394
 30
0.0
  0
POINT
  5
320
330
316
100
AcDbEntity
  8
Defpoints
 62
     0
440
 16777216
100
AcDbPoint
 10
108273.4222994382
 20
14403.45471318394
 30
0.0
  0
ENDBLK
  5
321
330
316
100
AcDbEntity
  8
0
100
AcDbBlockEnd
  0
BLOCK
  5
323
330
322
100
AcDbEntity
  8
0
100
AcDbBlockBegin
  2
*D12
 70
     1
 10
0.0
 20
0.0
 30
0.0
  3
*D12
  1

  0
LINE
  5
324
330
322
100
AcDbEntity
  8
OLCU (BEYKENT)
 62
     0
440
 16777216
370
    -2
100
AcDbLine
 10
108621.422299438
 20
14453.45471318394
 30
0.0
 11
108638.6022994382
 21
14453.45471318394
 31
0.0
  0
LINE
  5
325
330
322
100
AcDbEntity
  8
OLCU (BEYKENT)
 62
     0
440
 16777216
370
    -2
100
AcDbLine
 10
108621.422299438
 20
14438.45471318394
 30
0.0
 11
108638.6022994382
 21
14438.45471318394
 31
0.0
  0
LINE
  5
326
330
322
100
AcDbEntity
  8
OLCU (BEYKENT)
 62
     0
440
 16777216
370
    -2
100
AcDbLine
 10
108638.4222994382
 20
14453.45471318394
 30
0.0
 11
108638.4222994382
 21
14438.45471318394
 31
0.0
  0
LINE
  5
327
330
322
100
AcDbEntity
  8
OLCU (BEYKENT)
 62
     0
440
 16777216
370
    -2
100
AcDbLine
 10
108641.4222994382
 20
14435.45471318394
 30
0.0
 11
108635.4222994382
 21
14441.45471318394
 31
0.0
  0
LINE
  5
328
330
322
100
AcDbEntity
  8
OLCU (BEYKENT)
 62
     0
440
 16777216
370
    -2
100
AcDbLine
 10
108641.4222994382
 20
14450.45471318394
 30
0.0
 11
108635.4222994382
 21
14456.45471318394
 31
0.0
  0
MTEXT
  5
329
330
322
100
AcDbEntity
  8
OLCU (BEYKENT)
 62
     7
440
 16777216
370
    20
100
AcDbMText
 10
108630.3604012264
 20
14445.95471318391
 30
0.0
 40
12.0
 41
0.0
 46
0.0
 71
     5
 72
     1
  1
\A1;15
  7
YAZI (BEYKENT)
 11
0.0000000000000001
 21
1.0
 31
0.0
 73
     1
 44
1.0
  0
POINT
  5
32A
330
322
100
AcDbEntity
  8
Defpoints
 62
     0
440
 16777216
100
AcDbPoint
 10
108618.422299438
 20
14453.45471318394
 30
0.0
  0
POINT
  5
32B
330
322
100
AcDbEntity
  8
Defpoints
 62
     0
440
 16777216
100
AcDbPoint
 10
108618.422299438
 20
14438.45471318394
 30
0.0
  0
POINT
  5
32C
330
322
100
AcDbEntity
  8
Defpoints
 62
     0
440
 16777216
100
AcDbPoint
 10
108638.4222994382
 20
14438.45471318394
 30
0.0
  0
ENDBLK
  5
32D
330
322
100
AcDbEntity
  8
0
100
AcDbBlockEnd
  0
BLOCK
  5
32F
330
32E
100
AcDbEntity
  8
0
100
AcDbBlockBegin
  2
*D13
 70
     1
 10
0.0
 20
0.0
 30
0.0
  3
*D13
  1

  0
LINE
  5
330
330
32E
100
AcDbEntity
  8
OLCU (BEYKENT)
 62
     0
440
 16777216
370
    -2
100
AcDbLine
 10
108621.422299438
 20
14438.45471318394
 30
0.0
 11
108638.6022994382
 21
14438.45471318394
 31
0.0
  0
LINE
  5
331
330
32E
100
AcDbEntity
  8
OLCU (BEYKENT)
 62
     0
440
 16777216
370
    -2
100
AcDbLine
 10
108621.422299438
 20
14403.45471318394
 30
0.0
 11
108638.6022994382
 21
14403.45471318394
 31
0.0
  0
LINE
  5
332
330
32E
100
AcDbEntity
  8
OLCU (BEYKENT)
 62
     0
440
 16777216
370
    -2
100
AcDbLine
 10
108638.4222994382
 20
14438.45471318394
 30
0.0
 11
108638.4222994382
 21
14403.45471318394
 31
0.0
  0
LINE
  5
333
330
32E
100
AcDbEntity
  8
OLCU (BEYKENT)
 62
     0
440
 16777216
370
    -2
100
AcDbLine
 10
108641.4222994382
 20
14400.45471318394
 30
0.0
 11
108635.4222994382
 21
14406.45471318394
 31
0.0
  0
LINE
  5
334
330
32E
100
AcDbEntity
  8
OLCU (BEYKENT)
 62
     0
440
 16777216
370
    -2
100
AcDbLine
 10
108641.4222994382
 20
14435.45471318394
 30
0.0
 11
108635.4222994382
 21
14441.45471318394
 31
0.0
  0
MTEXT
  5
335
330
32E
100
AcDbEntity
  8
OLCU (BEYKENT)
 62
     7
440
 16777216
370
    20
100
AcDbMText
 10
108630.2985030145
 20
14420.95471318391
 30
0.0
 40
12.0
 41
0.0
 46
0.0
 71
     5
 72
     1
  1
\A1;35
  7
YAZI (BEYKENT)
 11
0.0000000000000001
 21
1.0
 31
0.0
 73
     1
 44
1.0
  0
POINT
  5
336
330
32E
100
AcDbEntity
  8
Defpoints
 62
     0
440
 16777216
100
AcDbPoint
 10
108618.422299438
 20
14438.45471318394
 30
0.0
  0
POINT
  5
337
330
32E
100
AcDbEntity
  8
Defpoints
 62
     0
440
 16777216
100
AcDbPoint
 10
108618.422299438
 20
14403.45471318394
 30
0.0
  0
POINT
  5
338
330
32E
100
AcDbEntity
  8
Defpoints
 62
     0
440
 16777216
100
AcDbPoint
 10
108638.4222994382
 20
14403.45471318394
 30
0.0
  0
ENDBLK
  5
339
330
32E
100
AcDbEntity
  8
0
100
AcDbBlockEnd
  0
BLOCK
  5
33B
330
33A
100
AcDbEntity
  8
0
100
AcDbBlockBegin
  2
*D14
 70
     1
 10
0.0
 20
0.0
 30
0.0
  3
*D14
  1

  0
LINE
  5
33C
330
33A
100
AcDbEntity
  8
OLCU (BEYKENT)
 62
     0
440
 16777216
370
    -2
100
AcDbLine
 10
108621.422299438
 20
14453.45471318394
 30
0.0
 11
108658.6022994382
 21
14453.45471318394
 31
0.0
  0
LINE
  5
33D
330
33A
100
AcDbEntity
  8
OLCU (BEYKENT)
 62
     0
440
 16777216
370
    -2
100
AcDbLine
 10
108621.422299438
 20
14403.45471318394
 30
0.0
 11
108658.6022994382
 21
14403.45471318394
 31
0.0
  0
LINE
  5
33E
330
33A
100
AcDbEntity
  8
OLCU (BEYKENT)
 62
     0
440
 16777216
370
    -2
100
AcDbLine
 10
108658.4222994382
 20
14453.45471318394
 30
0.0
 11
108658.4222994382
 21
14403.45471318394
 31
0.0
  0
LINE
  5
33F
330
33A
100
AcDbEntity
  8
OLCU (BEYKENT)
 62
     0
440
 16777216
370
    -2
100
AcDbLine
 10
108661.4222994382
 20
14400.45471318394
 30
0.0
 11
108655.4222994382
 21
14406.45471318394
 31
0.0
  0
LINE
  5
340
330
33A
100
AcDbEntity
  8
OLCU (BEYKENT)
 62
     0
440
 16777216
370
    -2
100
AcDbLine
 10
108661.4222994382
 20
14450.45471318394
 30
0.0
 11
108655.4222994382
 21
14456.45471318394
 31
0.0
  0
MTEXT
  5
341
330
33A
100
AcDbEntity
  8
OLCU (BEYKENT)
 62
     7
440
 16777216
370
    20
100
AcDbMText
 10
108650.2985030145
 20
14428.45471318391
 30
0.0
 40
12.0
 41
0.0
 46
0.0
 71
     5
 72
     1
  1
\A1;50
  7
YAZI (BEYKENT)
 11
0.0000000000000001
 21
1.0
 31
0.0
 73
     1
 44
1.0
  0
POINT
  5
342
330
33A
100
AcDbEntity
  8
Defpoints
 62
     0
440
 16777216
100
AcDbPoint
 10
108618.422299438
 20
14453.45471318394
 30
0.0
  0
POINT
  5
343
330
33A
100
AcDbEntity
  8
Defpoints
 62
     0
440
 16777216
100
AcDbPoint
 10
108618.422299438
 20
14403.45471318394
 30
0.0
  0
POINT
  5
344
330
33A
100
AcDbEntity
  8
Defpoints
 62
     0
440
 16777216
100
AcDbPoint
 10
108658.4222994382
 20
14403.45471318394
 30
0.0
  0
ENDBLK
  5
345
330
33A
100
AcDbEntity
  8
0
100
AcDbBlockEnd
  0
BLOCK
  5
347
330
346
100
AcDbEntity
  8
0
100
AcDbBlockBegin
  2
*D15
 70
     1
 10
0.0
 20
0.0
 30
0.0
  3
*D15
  1

  0
LINE
  5
348
330
346
100
AcDbEntity
  8
OLCU (BEYKENT)
 62
     0
440
 16777216
370
    -2
100
AcDbLine
 10
109016.422299438
 20
14453.45471318394
 30
0.0
 11
109033.6022994382
 21
14453.45471318394
 31
0.0
  0
LINE
  5
349
330
346
100
AcDbEntity
  8
OLCU (BEYKENT)
 62
     0
440
 16777216
370
    -2
100
AcDbLine
 10
109016.422299438
 20
14438.45471318394
 30
0.0
 11
109033.6022994382
 21
14438.45471318394
 31
0.0
  0
LINE
  5
34A
330
346
100
AcDbEntity
  8
OLCU (BEYKENT)
 62
     0
440
 16777216
370
    -2
100
AcDbLine
 10
109033.4222994382
 20
14453.45471318394
 30
0.0
 11
109033.4222994382
 21
14438.45471318394
 31
0.0
  0
LINE
  5
34B
330
346
100
AcDbEntity
  8
OLCU (BEYKENT)
 62
     0
440
 16777216
370
    -2
100
AcDbLine
 10
109036.4222994382
 20
14435.45471318394
 30
0.0
 11
109030.4222994382
 21
14441.45471318394
 31
0.0
  0
LINE
  5
34C
330
346
100
AcDbEntity
  8
OLCU (BEYKENT)
 62
     0
440
 16777216
370
    -2
100
AcDbLine
 10
109036.4222994382
 20
14450.45471318394
 30
0.0
 11
109030.4222994382
 21
14456.45471318394
 31
0.0
  0
MTEXT
  5
34D
330
346
100
AcDbEntity
  8
OLCU (BEYKENT)
 62
     7
440
 16777216
370
    20
100
AcDbMText
 10
109025.3604012264
 20
14445.95471318391
 30
0.0
 40
12.0
 41
0.0
 46
0.0
 71
     5
 72
     1
  1
\A1;15
  7
YAZI (BEYKENT)
 11
0.0000000000000001
 21
1.0
 31
0.0
 73
     1
 44
1.0
  0
POINT
  5
34E
330
346
100
AcDbEntity
  8
Defpoints
 62
     0
440
 16777216
100
AcDbPoint
 10
109013.422299438
 20
14453.45471318394
 30
0.0
  0
POINT
  5
34F
330
346
100
AcDbEntity
  8
Defpoints
 62
     0
440
 16777216
100
AcDbPoint
 10
109013.422299438
 20
14438.45471318394
 30
0.0
  0
POINT
  5
350
330
346
100
AcDbEntity
  8
Defpoints
 62
     0
440
 16777216
100
AcDbPoint
 10
109033.4222994382
 20
14438.45471318394
 30
0.0
  0
ENDBLK
  5
351
330
346
100
AcDbEntity
  8
0
100
AcDbBlockEnd
  0
BLOCK
  5
353
330
352
100
AcDbEntity
  8
0
100
AcDbBlockBegin
  2
*D16
 70
     1
 10
0.0
 20
0.0
 30
0.0
  3
*D16
  1

  0
LINE
  5
354
330
352
100
AcDbEntity
  8
OLCU (BEYKENT)
 62
     0
440
 16777216
370
    -2
100
AcDbLine
 10
109016.422299438
 20
14438.45471318394
 30
0.0
 11
109033.6022994382
 21
14438.45471318394
 31
0.0
  0
LINE
  5
355
330
352
100
AcDbEntity
  8
OLCU (BEYKENT)
 62
     0
440
 16777216
370
    -2
100
AcDbLine
 10
109016.422299438
 20
14403.45471318394
 30
0.0
 11
109033.6022994382
 21
14403.45471318394
 31
0.0
  0
LINE
  5
356
330
352
100
AcDbEntity
  8
OLCU (BEYKENT)
 62
     0
440
 16777216
370
    -2
100
AcDbLine
 10
109033.4222994382
 20
14438.45471318394
 30
0.0
 11
109033.4222994382
 21
14403.45471318394
 31
0.0
  0
LINE
  5
357
330
352
100
AcDbEntity
  8
OLCU (BEYKENT)
 62
     0
440
 16777216
370
    -2
100
AcDbLine
 10
109036.4222994382
 20
14400.45471318394
 30
0.0
 11
109030.4222994382
 21
14406.45471318394
 31
0.0
  0
LINE
  5
358
330
352
100
AcDbEntity
  8
OLCU (BEYKENT)
 62
     0
440
 16777216
370
    -2
100
AcDbLine
 10
109036.4222994382
 20
14435.45471318394
 30
0.0
 11
109030.4222994382
 21
14441.45471318394
 31
0.0
  0
MTEXT
  5
359
330
352
100
AcDbEntity
  8
OLCU (BEYKENT)
 62
     7
440
 16777216
370
    20
100
AcDbMText
 10
109025.2985030145
 20
14420.95471318391
 30
0.0
 40
12.0
 41
0.0
 46
0.0
 71
     5
 72
     1
  1
\A1;35
  7
YAZI (BEYKENT)
 11
0.0000000000000001
 21
1.0
 31
0.0
 73
     1
 44
1.0
  0
POINT
  5
35A
330
352
100
AcDbEntity
  8
Defpoints
 62
     0
440
 16777216
100
AcDbPoint
 10
109013.422299438
 20
14438.45471318394
 30
0.0
  0
POINT
  5
35B
330
352
100
AcDbEntity
  8
Defpoints
 62
     0
440
 16777216
100
AcDbPoint
 10
109013.422299438
 20
14403.45471318394
 30
0.0
  0
POINT
  5
35C
330
352
100
AcDbEntity
  8
Defpoints
 62
     0
440
 16777216
100
AcDbPoint
 10
109033.4222994382
 20
14403.45471318394
 30
0.0
  0
ENDBLK
  5
35D
330
352
100
AcDbEntity
  8
0
100
AcDbBlockEnd
  0
BLOCK
  5
35F
330
35E
100
AcDbEntity
  8
0
100
AcDbBlockBegin
  2
*D17
 70
     1
 10
0.0
 20
0.0
 30
0.0
  3
*D17
  1

  0
LINE
  5
360
330
35E
100
AcDbEntity
  8
OLCU (BEYKENT)
 62
     0
440
 16777216
370
    -2
100
AcDbLine
 10
109016.422299438
 20
14453.45471318394
 30
0.0
 11
109053.6022994382
 21
14453.45471318394
 31
0.0
  0
LINE
  5
361
330
35E
100
AcDbEntity
  8
OLCU (BEYKENT)
 62
     0
440
 16777216
370
    -2
100
AcDbLine
 10
109016.422299438
 20
14403.45471318394
 30
0.0
 11
109053.6022994382
 21
14403.45471318394
 31
0.0
  0
LINE
  5
362
330
35E
100
AcDbEntity
  8
OLCU (BEYKENT)
 62
     0
440
 16777216
370
    -2
100
AcDbLine
 10
109053.4222994382
 20
14453.45471318394
 30
0.0
 11
109053.4222994382
 21
14403.45471318394
 31
0.0
  0
LINE
  5
363
330
35E
100
AcDbEntity
  8
OLCU (BEYKENT)
 62
     0
440
 16777216
370
    -2
100
AcDbLine
 10
109056.4222994382
 20
14400.45471318394
 30
0.0
 11
109050.4222994382
 21
14406.45471318394
 31
0.0
  0
LINE
  5
364
330
35E
100
AcDbEntity
  8
OLCU (BEYKENT)
 62
     0
440
 16777216
370
    -2
100
AcDbLine
 10
109056.4222994382
 20
14450.45471318394
 30
0.0
 11
109050.4222994382
 21
14456.45471318394
 31
0.0
  0
MTEXT
  5
365
330
35E
100
AcDbEntity
  8
OLCU (BEYKENT)
 62
     7
440
 16777216
370
    20
100
AcDbMText
 10
109045.2985030145
 20
14428.45471318391
 30
0.0
 40
12.0
 41
0.0
 46
0.0
 71
     5
 72
     1
  1
\A1;50
  7
YAZI (BEYKENT)
 11
0.0000000000000001
 21
1.0
 31
0.0
 73
     1
 44
1.0
  0
POINT
  5
366
330
35E
100
AcDbEntity
  8
Defpoints
 62
     0
440
 16777216
100
AcDbPoint
 10
109013.422299438
 20
14453.45471318394
 30
0.0
  0
POINT
  5
367
330
35E
100
AcDbEntity
  8
Defpoints
 62
     0
440
 16777216
100
AcDbPoint
 10
109013.422299438
 20
14403.45471318394
 30
0.0
  0
POINT
  5
368
330
35E
100
AcDbEntity
  8
Defpoints
 62
     0
440
 16777216
100
AcDbPoint
 10
109053.4222994382
 20
14403.45471318394
 30
0.0
  0
ENDBLK
  5
369
330
35E
100
AcDbEntity
  8
0
100
AcDbBlockEnd
  0
BLOCK
  5
36B
330
36A
100
AcDbEntity
  8
0
100
AcDbBlockBegin
  2
*D18
 70
     1
 10
0.0
 20
0.0
 30
0.0
  3
*D18
  1

  0
LINE
  5
36C
330
36A
100
AcDbEntity
  8
OLCU (BEYKENT)
 62
     0
440
 16777216
370
    -2
100
AcDbLine
 10
109531.422299438
 20
14453.45471318394
 30
0.0
 11
109548.6022994382
 21
14453.45471318394
 31
0.0
  0
LINE
  5
36D
330
36A
100
AcDbEntity
  8
OLCU (BEYKENT)
 62
     0
440
 16777216
370
    -2
100
AcDbLine
 10
109531.422299438
 20
14438.45471318394
 30
0.0
 11
109548.6022994382
 21
14438.45471318394
 31
0.0
  0
LINE
  5
36E
330
36A
100
AcDbEntity
  8
OLCU (BEYKENT)
 62
     0
440
 16777216
370
    -2
100
AcDbLine
 10
109548.4222994382
 20
14453.45471318394
 30
0.0
 11
109548.4222994382
 21
14438.45471318394
 31
0.0
  0
LINE
  5
36F
330
36A
100
AcDbEntity
  8
OLCU (BEYKENT)
 62
     0
440
 16777216
370
    -2
100
AcDbLine
 10
109551.4222994382
 20
14435.45471318394
 30
0.0
 11
109545.4222994382
 21
14441.45471318394
 31
0.0
  0
LINE
  5
370
330
36A
100
AcDbEntity
  8
OLCU (BEYKENT)
 62
     0
440
 16777216
370
    -2
100
AcDbLine
 10
109551.4222994382
 20
14450.45471318394
 30
0.0
 11
109545.4222994382
 21
14456.45471318394
 31
0.0
  0
MTEXT
  5
371
330
36A
100
AcDbEntity
  8
OLCU (BEYKENT)
 62
     7
440
 16777216
370
    20
100
AcDbMText
 10
109540.3604012264
 20
14445.95471318391
 30
0.0
 40
12.0
 41
0.0
 46
0.0
 71
     5
 72
     1
  1
\A1;15
  7
YAZI (BEYKENT)
 11
0.0000000000000001
 21
1.0
 31
0.0
 73
     1
 44
1.0
  0
POINT
  5
372
330
36A
100
AcDbEntity
  8
Defpoints
 62
     0
440
 16777216
100
AcDbPoint
 10
109528.422299438
 20
14453.45471318394
 30
0.0
  0
POINT
  5
373
330
36A
100
AcDbEntity
  8
Defpoints
 62
     0
440
 16777216
100
AcDbPoint
 10
109528.422299438
 20
14438.45471318394
 30
0.0
  0
POINT
  5
374
330
36A
100
AcDbEntity
  8
Defpoints
 62
     0
440
 16777216
100
AcDbPoint
 10
109548.4222994382
 20
14438.45471318394
 30
0.0
  0
ENDBLK
  5
375
330
36A
100
AcDbEntity
  8
0
100
AcDbBlockEnd
  0
BLOCK
  5
377
330
376
100
AcDbEntity
  8
0
100
AcDbBlockBegin
  2
*D19
 70
     1
 10
0.0
 20
0.0
 30
0.0
  3
*D19
  1

  0
LINE
  5
378
330
376
100
AcDbEntity
  8
OLCU (BEYKENT)
 62
     0
440
 16777216
370
    -2
100
AcDbLine
 10
109531.422299438
 20
14438.45471318394
 30
0.0
 11
109548.6022994382
 21
14438.45471318394
 31
0.0
  0
LINE
  5
379
330
376
100
AcDbEntity
  8
OLCU (BEYKENT)
 62
     0
440
 16777216
370
    -2
100
AcDbLine
 10
109531.422299438
 20
14403.45471318394
 30
0.0
 11
109548.6022994382
 21
14403.45471318394
 31
0.0
  0
LINE
  5
37A
330
376
100
AcDbEntity
  8
OLCU (BEYKENT)
 62
     0
440
 16777216
370
    -2
100
AcDbLine
 10
109548.4222994382
 20
14438.45471318394
 30
0.0
 11
109548.4222994382
 21
14403.45471318394
 31
0.0
  0
LINE
  5
37B
330
376
100
AcDbEntity
  8
OLCU (BEYKENT)
 62
     0
440
 16777216
370
    -2
100
AcDbLine
 10
109551.4222994382
 20
14400.45471318394
 30
0.0
 11
109545.4222994382
 21
14406.45471318394
 31
0.0
  0
LINE
  5
37C
330
376
100
AcDbEntity
  8
OLCU (BEYKENT)
 62
     0
440
 16777216
370
    -2
100
AcDbLine
 10
109551.4222994382
 20
14435.45471318394
 30
0.0
 11
109545.4222994382
 21
14441.45471318394
 31
0.0
  0
MTEXT
  5
37D
330
376
100
AcDbEntity
  8
OLCU (BEYKENT)
 62
     7
440
 16777216
370
    20
100
AcDbMText
 10
109540.2985030145
 20
14420.95471318391
 30
0.0
 40
12.0
 41
0.0
 46
0.0
 71
     5
 72
     1
  1
\A1;35
  7
YAZI (BEYKENT)
 11
0.0000000000000001
 21
1.0
 31
0.0
 73
     1
 44
1.0
  0
POINT
  5
37E
330
376
100
AcDbEntity
  8
Defpoints
 62
     0
440
 16777216
100
AcDbPoint
 10
109528.422299438
 20
14438.45471318394
 30
0.0
  0
POINT
  5
37F
330
376
100
AcDbEntity
  8
Defpoints
 62
     0
440
 16777216
100
AcDbPoint
 10
109528.422299438
 20
14403.45471318394
 30
0.0
  0
POINT
  5
380
330
376
100
AcDbEntity
  8
Defpoints
 62
     0
440
 16777216
100
AcDbPoint
 10
109548.4222994382
 20
14403.45471318394
 30
0.0
  0
ENDBLK
  5
381
330
376
100
AcDbEntity
  8
0
100
AcDbBlockEnd
  0
BLOCK
  5
383
330
382
100
AcDbEntity
  8
0
100
AcDbBlockBegin
  2
*D20
 70
     1
 10
0.0
 20
0.0
 30
0.0
  3
*D20
  1

  0
LINE
  5
384
330
382
100
AcDbEntity
  8
OLCU (BEYKENT)
 62
     0
440
 16777216
370
    -2
100
AcDbLine
 10
109531.422299438
 20
14453.45471318394
 30
0.0
 11
109568.6022994382
 21
14453.45471318394
 31
0.0
  0
LINE
  5
385
330
382
100
AcDbEntity
  8
OLCU (BEYKENT)
 62
     0
440
 16777216
370
    -2
100
AcDbLine
 10
109531.422299438
 20
14403.45471318394
 30
0.0
 11
109568.6022994382
 21
14403.45471318394
 31
0.0
  0
LINE
  5
386
330
382
100
AcDbEntity
  8
OLCU (BEYKENT)
 62
     0
440
 16777216
370
    -2
100
AcDbLine
 10
109568.4222994382
 20
14453.45471318394
 30
0.0
 11
109568.4222994382
 21
14403.45471318394
 31
0.0
  0
LINE
  5
387
330
382
100
AcDbEntity
  8
OLCU (BEYKENT)
 62
     0
440
 16777216
370
    -2
100
AcDbLine
 10
109571.4222994382
 20
14400.45471318394
 30
0.0
 11
109565.4222994382
 21
14406.45471318394
 31
0.0
  0
LINE
  5
388
330
382
100
AcDbEntity
  8
OLCU (BEYKENT)
 62
     0
440
 16777216
370
    -2
100
AcDbLine
 10
109571.4222994382
 20
14450.45471318394
 30
0.0
 11
109565.4222994382
 21
14456.45471318394
 31
0.0
  0
MTEXT
  5
389
330
382
100
AcDbEntity
  8
OLCU (BEYKENT)
 62
     7
440
 16777216
370
    20
100
AcDbMText
 10
109560.2985030145
 20
14428.45471318391
 30
0.0
 40
12.0
 41
0.0
 46
0.0
 71
     5
 72
     1
  1
\A1;50
  7
YAZI (BEYKENT)
 11
0.0000000000000001
 21
1.0
 31
0.0
 73
     1
 44
1.0
  0
POINT
  5
38A
330
382
100
AcDbEntity
  8
Defpoints
 62
     0
440
 16777216
100
AcDbPoint
 10
109528.422299438
 20
14453.45471318394
 30
0.0
  0
POINT
  5
38B
330
382
100
AcDbEntity
  8
Defpoints
 62
     0
440
 16777216
100
AcDbPoint
 10
109528.422299438
 20
14403.45471318394
 30
0.0
  0
POINT
  5
38C
330
382
100
AcDbEntity
  8
Defpoints
 62
     0
440
 16777216
100
AcDbPoint
 10
109568.4222994382
 20
14403.45471318394
 30
0.0
  0
ENDBLK
  5
38D
330
382
100
AcDbEntity
  8
0
100
AcDbBlockEnd
  0
BLOCK
  5
38F
330
38E
100
AcDbEntity
  8
0
100
AcDbBlockBegin
  2
*D21
 70
     1
 10
0.0
 20
0.0
 30
0.0
  3
*D21
  1

  0
LINE
  5
390
330
38E
100
AcDbEntity
  8
OLCU (BEYKENT)
 62
     0
440
 16777216
370
    -2
100
AcDbLine
 10
109795.422299438
 20
14453.45471318394
 30
0.0
 11
109778.2422994382
 21
14453.45471318394
 31
0.0
  0
LINE
  5
391
330
38E
100
AcDbEntity
  8
OLCU (BEYKENT)
 62
     0
440
 16777216
370
    -2
100
AcDbLine
 10
109795.422299438
 20
14438.45471318394
 30
0.0
 11
109778.2422994382
 21
14438.45471318394
 31
0.0
  0
LINE
  5
392
330
38E
100
AcDbEntity
  8
OLCU (BEYKENT)
 62
     0
440
 16777216
370
    -2
100
AcDbLine
 10
109778.4222994382
 20
14453.45471318394
 30
0.0
 11
109778.4222994382
 21
14438.45471318394
 31
0.0
  0
LINE
  5
393
330
38E
100
AcDbEntity
  8
OLCU (BEYKENT)
 62
     0
440
 16777216
370
    -2
100
AcDbLine
 10
109781.4222994382
 20
14435.45471318394
 30
0.0
 11
109775.4222994382
 21
14441.45471318394
 31
0.0
  0
LINE
  5
394
330
38E
100
AcDbEntity
  8
OLCU (BEYKENT)
 62
     0
440
 16777216
370
    -2
100
AcDbLine
 10
109781.4222994382
 20
14450.45471318394
 30
0.0
 11
109775.4222994382
 21
14456.45471318394
 31
0.0
  0
MTEXT
  5
395
330
38E
100
AcDbEntity
  8
OLCU (BEYKENT)
 62
     7
440
 16777216
370
    20
100
AcDbMText
 10
109770.3604012264
 20
14445.95471318391
 30
0.0
 40
12.0
 41
0.0
 46
0.0
 71
     5
 72
     1
  1
\A1;15
  7
YAZI (BEYKENT)
 11
0.0000000000000001
 21
1.0
 31
0.0
 73
     1
 44
1.0
  0
POINT
  5
396
330
38E
100
AcDbEntity
  8
Defpoints
 62
     0
440
 16777216
100
AcDbPoint
 10
109798.422299438
 20
14453.45471318394
 30
0.0
  0
POINT
  5
397
330
38E
100
AcDbEntity
  8
Defpoints
 62
     0
440
 16777216
100
AcDbPoint
 10
109798.422299438
 20
14438.45471318394
 30
0.0
  0
POINT
  5
398
330
38E
100
AcDbEntity
  8
Defpoints
 62
     0
440
 16777216
100
AcDbPoint
 10
109778.4222994382
 20
14438.45471318394
 30
0.0
  0
ENDBLK
  5
399
330
38E
100
AcDbEntity
  8
0
100
AcDbBlockEnd
  0
BLOCK
  5
39B
330
39A
100
AcDbEntity
  8
0
100
AcDbBlockBegin
  2
*D22
 70
     1
 10
0.0
 20
0.0
 30
0.0
  3
*D22
  1

  0
LINE
  5
39C
330
39A
100
AcDbEntity
  8
OLCU (BEYKENT)
 62
     0
440
 16777216
370
    -2
100
AcDbLine
 10
109795.422299438
 20
14438.45471318394
 30
0.0
 11
109778.2422994382
 21
14438.45471318394
 31
0.0
  0
LINE
  5
39D
330
39A
100
AcDbEntity
  8
OLCU (BEYKENT)
 62
     0
440
 16777216
370
    -2
100
AcDbLine
 10
109795.422299438
 20
14403.45471318394
 30
0.0
 11
109778.2422994382
 21
14403.45471318394
 31
0.0
  0
LINE
  5
39E
330
39A
100
AcDbEntity
  8
OLCU (BEYKENT)
 62
     0
440
 16777216
370
    -2
100
AcDbLine
 10
109778.4222994382
 20
14438.45471318394
 30
0.0
 11
109778.4222994382
 21
14403.45471318394
 31
0.0
  0
LINE
  5
39F
330
39A
100
AcDbEntity
  8
OLCU (BEYKENT)
 62
     0
440
 16777216
370
    -2
100
AcDbLine
 10
109781.4222994382
 20
14400.45471318394
 30
0.0
 11
109775.4222994382
 21
14406.45471318394
 31
0.0
  0
LINE
  5
3A0
330
39A
100
AcDbEntity
  8
OLCU (BEYKENT)
 62
     0
440
 16777216
370
    -2
100
AcDbLine
 10
109781.4222994382
 20
14435.45471318394
 30
0.0
 11
109775.4222994382
 21
14441.45471318394
 31
0.0
  0
MTEXT
  5
3A1
330
39A
100
AcDbEntity
  8
OLCU (BEYKENT)
 62
     7
440
 16777216
370
    20
100
AcDbMText
 10
109770.2985030145
 20
14420.95471318391
 30
0.0
 40
12.0
 41
0.0
 46
0.0
 71
     5
 72
     1
  1
\A1;35
  7
YAZI (BEYKENT)
 11
0.0000000000000001
 21
1.0
 31
0.0
 73
     1
 44
1.0
  0
POINT
  5
3A2
330
39A
100
AcDbEntity
  8
Defpoints
 62
     0
440
 16777216
100
AcDbPoint
 10
109798.422299438
 20
14438.45471318394
 30
0.0
  0
POINT
  5
3A3
330
39A
100
AcDbEntity
  8
Defpoints
 62
     0
440
 16777216
100
AcDbPoint
 10
109798.422299438
 20
14403.45471318394
 30
0.0
  0
POINT
  5
3A4
330
39A
100
AcDbEntity
  8
Defpoints
 62
     0
440
 16777216
100
AcDbPoint
 10
109778.4222994382
 20
14403.45471318394
 30
0.0
  0
ENDBLK
  5
3A5
330
39A
100
AcDbEntity
  8
0
100
AcDbBlockEnd
  0
BLOCK
  5
3A7
330
3A6
100
AcDbEntity
  8
0
100
AcDbBlockBegin
  2
*D23
 70
     1
 10
0.0
 20
0.0
 30
0.0
  3
*D23
  1

  0
LINE
  5
3A8
330
3A6
100
AcDbEntity
  8
OLCU (BEYKENT)
 62
     0
440
 16777216
370
    -2
100
AcDbLine
 10
109795.422299438
 20
14453.45471318394
 30
0.0
 11
109758.2422994382
 21
14453.45471318394
 31
0.0
  0
LINE
  5
3A9
330
3A6
100
AcDbEntity
  8
OLCU (BEYKENT)
 62
     0
440
 16777216
370
    -2
100
AcDbLine
 10
109795.422299438
 20
14403.45471318394
 30
0.0
 11
109758.2422994382
 21
14403.45471318394
 31
0.0
  0
LINE
  5
3AA
330
3A6
100
AcDbEntity
  8
OLCU (BEYKENT)
 62
     0
440
 16777216
370
    -2
100
AcDbLine
 10
109758.4222994382
 20
14453.45471318394
 30
0.0
 11
109758.4222994382
 21
14403.45471318394
 31
0.0
  0
LINE
  5
3AB
330
3A6
100
AcDbEntity
  8
OLCU (BEYKENT)
 62
     0
440
 16777216
370
    -2
100
AcDbLine
 10
109761.4222994382
 20
14400.45471318394
 30
0.0
 11
109755.4222994382
 21
14406.45471318394
 31
0.0
  0
LINE
  5
3AC
330
3A6
100
AcDbEntity
  8
OLCU (BEYKENT)
 62
     0
440
 16777216
370
    -2
100
AcDbLine
 10
109761.4222994382
 20
14450.45471318394
 30
0.0
 11
109755.4222994382
 21
14456.45471318394
 31
0.0
  0
MTEXT
  5
3AD
330
3A6
100
AcDbEntity
  8
OLCU (BEYKENT)
 62
     7
440
 16777216
370
    20
100
AcDbMText
 10
109750.2985030145
 20
14428.45471318391
 30
0.0
 40
12.0
 41
0.0
 46
0.0
 71
     5
 72
     1
  1
\A1;50
  7
YAZI (BEYKENT)
 11
0.0000000000000001
 21
1.0
 31
0.0
 73
     1
 44
1.0
  0
POINT
  5
3AE
330
3A6
100
AcDbEntity
  8
Defpoints
 62
     0
440
 16777216
100
AcDbPoint
 10
109798.422299438
 20
14453.45471318394
 30
0.0
  0
POINT
  5
3AF
330
3A6
100
AcDbEntity
  8
Defpoints
 62
     0
440
 16777216
100
AcDbPoint
 10
109798.422299438
 20
14403.45471318394
 30
0.0
  0
POINT
  5
3B0
330
3A6
100
AcDbEntity
  8
Defpoints
 62
     0
440
 16777216
100
AcDbPoint
 10
109758.4222994382
 20
14403.45471318394
 30
0.0
  0
ENDBLK
  5
3B1
330
3A6
100
AcDbEntity
  8
0
100
AcDbBlockEnd
  0
BLOCK
  5
3B3
330
3B2
100
AcDbEntity
  8
0
100
AcDbBlockBegin
  2
*D24
 70
     1
 10
0.0
 20
0.0
 30
0.0
  3
*D24
  1

  0
LINE
  5
3B4
330
3B2
100
AcDbEntity
  8
OLCU (BEYKENT)
 62
     0
440
 16777216
370
    -2
100
AcDbLine
 10
107948.922299438
 20
14438.45471318394
 30
0.0
 11
107966.1022994382
 21
14438.45471318394
 31
0.0
  0
LINE
  5
3B5
330
3B2
100
AcDbEntity
  8
OLCU (BEYKENT)
 62
     0
440
 16777216
370
    -2
100
AcDbLine
 10
107948.922299438
 20
14453.45471318394
 30
0.0
 11
107966.1022994382
 21
14453.45471318394
 31
0.0
  0
LINE
  5
3B6
330
3B2
100
AcDbEntity
  8
OLCU (BEYKENT)
 62
     0
440
 16777216
370
    -2
100
AcDbLine
 10
107965.9222994382
 20
14438.45471318394
 30
0.0
 11
107965.9222994382
 21
14453.45471318394
 31
0.0
  0
LINE
  5
3B7
330
3B2
100
AcDbEntity
  8
OLCU (BEYKENT)
 62
     0
440
 16777216
370
    -2
100
AcDbLine
 10
107968.9222994382
 20
14450.45471318394
 30
0.0
 11
107962.9222994382
 21
14456.45471318394
 31
0.0
  0
LINE
  5
3B8
330
3B2
100
AcDbEntity
  8
OLCU (BEYKENT)
 62
     0
440
 16777216
370
    -2
100
AcDbLine
 10
107968.9222994382
 20
14435.45471318394
 30
0.0
 11
107962.9222994382
 21
14441.45471318394
 31
0.0
  0
MTEXT
  5
3B9
330
3B2
100
AcDbEntity
  8
OLCU (BEYKENT)
 62
     7
440
 16777216
370
    20
100
AcDbMText
 10
107957.8604012264
 20
14445.95471318391
 30
0.0
 40
12.0
 41
0.0
 46
0.0
 71
     5
 72
     1
  1
\A1;15
  7
YAZI (BEYKENT)
 11
0.0000000000000001
 21
1.0
 31
0.0
 73
     1
 44
1.0
  0
POINT
  5
3BA
330
3B2
100
AcDbEntity
  8
Defpoints
 62
     0
440
 16777216
100
AcDbPoint
 10
107945.922299438
 20
14438.45471318394
 30
0.0
  0
POINT
  5
3BB
330
3B2
100
AcDbEntity
  8
Defpoints
 62
     0
440
 16777216
100
AcDbPoint
 10
107945.922299438
 20
14453.45471318394
 30
0.0
  0
POINT
  5
3BC
330
3B2
100
AcDbEntity
  8
Defpoints
 62
     0
440
 16777216
100
AcDbPoint
 10
107965.9222994382
 20
14453.45471318394
 30
0.0
  0
ENDBLK
  5
3BD
330
3B2
100
AcDbEntity
  8
0
100
AcDbBlockEnd
  0
BLOCK
  5
3BF
330
3BE
100
AcDbEntity
  8
0
100
AcDbBlockBegin
  2
*D25
 70
     1
 10
0.0
 20
0.0
 30
0.0
  3
*D25
  1

  0
LINE
  5
3C0
330
3BE
100
AcDbEntity
  8
OLCU (BEYKENT)
 62
     0
440
 16777216
370
    -2
100
AcDbLine
 10
109273.922299438
 20
14438.45471318394
 30
0.0
 11
109291.1022994382
 21
14438.45471318394
 31
0.0
  0
LINE
  5
3C1
330
3BE
100
AcDbEntity
  8
OLCU (BEYKENT)
 62
     0
440
 16777216
370
    -2
100
AcDbLine
 10
109273.922299438
 20
14453.45471318394
 30
0.0
 11
109291.1022994382
 21
14453.45471318394
 31
0.0
  0
LINE
  5
3C2
330
3BE
100
AcDbEntity
  8
OLCU (BEYKENT)
 62
     0
440
 16777216
370
    -2
100
AcDbLine
 10
109290.9222994382
 20
14438.45471318394
 30
0.0
 11
109290.9222994382
 21
14453.45471318394
 31
0.0
  0
LINE
  5
3C3
330
3BE
100
AcDbEntity
  8
OLCU (BEYKENT)
 62
     0
440
 16777216
370
    -2
100
AcDbLine
 10
109293.9222994382
 20
14450.45471318394
 30
0.0
 11
109287.9222994382
 21
14456.45471318394
 31
0.0
  0
LINE
  5
3C4
330
3BE
100
AcDbEntity
  8
OLCU (BEYKENT)
 62
     0
440
 16777216
370
    -2
100
AcDbLine
 10
109293.9222994382
 20
14435.45471318394
 30
0.0
 11
109287.9222994382
 21
14441.45471318394
 31
0.0
  0
MTEXT
  5
3C5
330
3BE
100
AcDbEntity
  8
OLCU (BEYKENT)
 62
     7
440
 16777216
370
    20
100
AcDbMText
 10
109282.8604012264
 20
14445.95471318391
 30
0.0
 40
12.0
 41
0.0
 46
0.0
 71
     5
 72
     1
  1
\A1;15
  7
YAZI (BEYKENT)
 11
0.0000000000000001
 21
1.0
 31
0.0
 73
     1
 44
1.0
  0
POINT
  5
3C6
330
3BE
100
AcDbEntity
  8
Defpoints
 62
     0
440
 16777216
100
AcDbPoint
 10
109270.922299438
 20
14438.45471318394
 30
0.0
  0
POINT
  5
3C7
330
3BE
100
AcDbEntity
  8
Defpoints
 62
     0
440
 16777216
100
AcDbPoint
 10
109270.922299438
 20
14453.45471318394
 30
0.0
  0
POINT
  5
3C8
330
3BE
100
AcDbEntity
  8
Defpoints
 62
     0
440
 16777216
100
AcDbPoint
 10
109290.9222994382
 20
14453.45471318394
 30
0.0
  0
ENDBLK
  5
3C9
330
3BE
100
AcDbEntity
  8
0
100
AcDbBlockEnd
  0
BLOCK
  5
3CB
330
3CA
100
AcDbEntity
  8
0
100
AcDbBlockBegin
  2
*D26
 70
     1
 10
0.0
 20
0.0
 30
0.0
  3
*D26
  1

  0
LINE
  5
3CC
330
3CA
100
AcDbEntity
  8
OLCU (BEYKENT)
 62
     0
440
 16777216
370
    -2
100
AcDbLine
 10
107543.922299438
 20
14438.45471318394
 30
0.0
 11
107561.1022994382
 21
14438.45471318394
 31
0.0
  0
LINE
  5
3CD
330
3CA
100
AcDbEntity
  8
OLCU (BEYKENT)
 62
     0
440
 16777216
370
    -2
100
AcDbLine
 10
107543.922299438
 20
14453.45471318394
 30
0.0
 11
107561.1022994382
 21
14453.45471318394
 31
0.0
  0
LINE
  5
3CE
330
3CA
100
AcDbEntity
  8
OLCU (BEYKENT)
 62
     0
440
 16777216
370
    -2
100
AcDbLine
 10
107560.9222994382
 20
14438.45471318394
 30
0.0
 11
107560.9222994382
 21
14453.45471318394
 31
0.0
  0
LINE
  5
3CF
330
3CA
100
AcDbEntity
  8
OLCU (BEYKENT)
 62
     0
440
 16777216
370
    -2
100
AcDbLine
 10
107563.9222994382
 20
14450.45471318394
 30
0.0
 11
107557.9222994382
 21
14456.45471318394
 31
0.0
  0
LINE
  5
3D0
330
3CA
100
AcDbEntity
  8
OLCU (BEYKENT)
 62
     0
440
 16777216
370
    -2
100
AcDbLine
 10
107563.9222994382
 20
14435.45471318394
 30
0.0
 11
107557.9222994382
 21
14441.45471318394
 31
0.0
  0
MTEXT
  5
3D1
330
3CA
100
AcDbEntity
  8
OLCU (BEYKENT)
 62
     7
440
 16777216
370
    20
100
AcDbMText
 10
107552.8604012264
 20
14445.95471318391
 30
0.0
 40
12.0
 41
0.0
 46
0.0
 71
     5
 72
     1
  1
\A1;15
  7
YAZI (BEYKENT)
 11
0.0000000000000001
 21
1.0
 31
0.0
 73
     1
 44
1.0
  0
POINT
  5
3D2
330
3CA
100
AcDbEntity
  8
Defpoints
 62
     0
440
 16777216
100
AcDbPoint
 10
107540.922299438
 20
14438.45471318394
 30
0.0
  0
POINT
  5
3D3
330
3CA
100
AcDbEntity
  8
Defpoints
 62
     0
440
 16777216
100
AcDbPoint
 10
107540.922299438
 20
14453.45471318394
 30
0.0
  0
POINT
  5
3D4
330
3CA
100
AcDbEntity
  8
Defpoints
 62
     0
440
 16777216
100
AcDbPoint
 10
107560.9222994382
 20
14453.45471318394
 30
0.0
  0
ENDBLK
  5
3D5
330
3CA
100
AcDbEntity
  8
0
100
AcDbBlockEnd
  0
BLOCK
  5
3D7
330
3D6
100
AcDbEntity
  8
0
100
AcDbBlockBegin
  2
*D27
 70
     1
 10
0.0
 20
0.0
 30
0.0
  3
*D27
  1

  0
LINE
  5
3D8
330
3D6
100
AcDbEntity
  8
OLCU (BEYKENT)
 62
     0
440
 16777216
370
    -2
100
AcDbLine
 10
108413.922299438
 20
14438.45471318394
 30
0.0
 11
108431.1022994382
 21
14438.45471318394
 31
0.0
  0
LINE
  5
3D9
330
3D6
100
AcDbEntity
  8
OLCU (BEYKENT)
 62
     0
440
 16777216
370
    -2
100
AcDbLine
 10
108413.922299438
 20
14453.45471318394
 30
0.0
 11
108431.1022994382
 21
14453.45471318394
 31
0.0
  0
LINE
  5
3DA
330
3D6
100
AcDbEntity
  8
OLCU (BEYKENT)
 62
     0
440
 16777216
370
    -2
100
AcDbLine
 10
108430.9222994382
 20
14438.45471318394
 30
0.0
 11
108430.9222994382
 21
14453.45471318394
 31
0.0
  0
LINE
  5
3DB
330
3D6
100
AcDbEntity
  8
OLCU (BEYKENT)
 62
     0
440
 16777216
370
    -2
100
AcDbLine
 10
108433.9222994382
 20
14450.45471318394
 30
0.0
 11
108427.9222994382
 21
14456.45471318394
 31
0.0
  0
LINE
  5
3DC
330
3D6
100
AcDbEntity
  8
OLCU (BEYKENT)
 62
     0
440
 16777216
370
    -2
100
AcDbLine
 10
108433.9222994382
 20
14435.45471318394
 30
0.0
 11
108427.9222994382
 21
14441.45471318394
 31
0.0
  0
MTEXT
  5
3DD
330
3D6
100
AcDbEntity
  8
OLCU (BEYKENT)
 62
     7
440
 16777216
370
    20
100
AcDbMText
 10
108422.8604012264
 20
14445.95471318391
 30
0.0
 40
12.0
 41
0.0
 46
0.0
 71
     5
 72
     1
  1
\A1;15
  7
YAZI (BEYKENT)
 11
0.0000000000000001
 21
1.0
 31
0.0
 73
     1
 44
1.0
  0
POINT
  5
3DE
330
3D6
100
AcDbEntity
  8
Defpoints
 62
     0
440
 16777216
100
AcDbPoint
 10
108410.922299438
 20
14438.45471318394
 30
0.0
  0
POINT
  5
3DF
330
3D6
100
AcDbEntity
  8
Defpoints
 62
     0
440
 16777216
100
AcDbPoint
 10
108410.922299438
 20
14453.45471318394
 30
0.0
  0
POINT
  5
3E0
330
3D6
100
AcDbEntity
  8
Defpoints
 62
     0
440
 16777216
100
AcDbPoint
 10
108430.9222994382
 20
14453.45471318394
 30
0.0
  0
ENDBLK
  5
3E1
330
3D6
100
AcDbEntity
  8
0
100
AcDbBlockEnd
  0
BLOCK
  5
3E3
330
3E2
100
AcDbEntity
  8
0
100
AcDbBlockBegin
  2
*D28
 70
     1
 10
0.0
 20
0.0
 30
0.0
  3
*D28
  1

  0
LINE
  5
3E4
330
3E2
100
AcDbEntity
  8
OLCU (BEYKENT)
 62
     0
440
 16777216
370
    -2
100
AcDbLine
 10
108818.922299438
 20
14438.45471318394
 30
0.0
 11
108836.1022994382
 21
14438.45471318394
 31
0.0
  0
LINE
  5
3E5
330
3E2
100
AcDbEntity
  8
OLCU (BEYKENT)
 62
     0
440
 16777216
370
    -2
100
AcDbLine
 10
108818.922299438
 20
14453.45471318394
 30
0.0
 11
108836.1022994382
 21
14453.45471318394
 31
0.0
  0
LINE
  5
3E6
330
3E2
100
AcDbEntity
  8
OLCU (BEYKENT)
 62
     0
440
 16777216
370
    -2
100
AcDbLine
 10
108835.9222994382
 20
14438.45471318394
 30
0.0
 11
108835.9222994382
 21
14453.45471318394
 31
0.0
  0
LINE
  5
3E7
330
3E2
100
AcDbEntity
  8
OLCU (BEYKENT)
 62
     0
440
 16777216
370
    -2
100
AcDbLine
 10
108838.9222994382
 20
14450.45471318394
 30
0.0
 11
108832.9222994382
 21
14456.45471318394
 31
0.0
  0
LINE
  5
3E8
330
3E2
100
AcDbEntity
  8
OLCU (BEYKENT)
 62
     0
440
 16777216
370
    -2
100
AcDbLine
 10
108838.9222994382
 20
14435.45471318394
 30
0.0
 11
108832.9222994382
 21
14441.45471318394
 31
0.0
  0
MTEXT
  5
3E9
330
3E2
100
AcDbEntity
  8
OLCU (BEYKENT)
 62
     7
440
 16777216
370
    20
100
AcDbMText
 10
108827.8604012264
 20
14445.95471318391
 30
0.0
 40
12.0
 41
0.0
 46
0.0
 71
     5
 72
     1
  1
\A1;15
  7
YAZI (BEYKENT)
 11
0.0000000000000001
 21
1.0
 31
0.0
 73
     1
 44
1.0
  0
POINT
  5
3EA
330
3E2
100
AcDbEntity
  8
Defpoints
 62
     0
440
 16777216
100
AcDbPoint
 10
108815.922299438
 20
14438.45471318394
 30
0.0
  0
POINT
  5
3EB
330
3E2
100
AcDbEntity
  8
Defpoints
 62
     0
440
 16777216
100
AcDbPoint
 10
108815.922299438
 20
14453.45471318394
 30
0.0
  0
POINT
  5
3EC
330
3E2
100
AcDbEntity
  8
Defpoints
 62
     0
440
 16777216
100
AcDbPoint
 10
108835.9222994382
 20
14453.45471318394
 30
0.0
  0
ENDBLK
  5
3ED
330
3E2
100
AcDbEntity
  8
0
100
AcDbBlockEnd
  0
BLOCK
  5
3EF
330
3EE
100
AcDbEntity
  8
0
100
AcDbBlockBegin
  2
*D29
 70
     1
 10
0.0
 20
0.0
 30
0.0
  3
*D29
  1

  0
LINE
  5
3F0
330
3EE
100
AcDbEntity
  8
OLCU (BEYKENT)
 62
     0
440
 16777216
370
    -2
100
AcDbLine
 10
109678.922299438
 20
14438.45471318394
 30
0.0
 11
109696.1022994382
 21
14438.45471318394
 31
0.0
  0
LINE
  5
3F1
330
3EE
100
AcDbEntity
  8
OLCU (BEYKENT)
 62
     0
440
 16777216
370
    -2
100
AcDbLine
 10
109678.922299438
 20
14453.45471318394
 30
0.0
 11
109696.1022994382
 21
14453.45471318394
 31
0.0
  0
LINE
  5
3F2
330
3EE
100
AcDbEntity
  8
OLCU (BEYKENT)
 62
     0
440
 16777216
370
    -2
100
AcDbLine
 10
109695.9222994382
 20
14438.45471318394
 30
0.0
 11
109695.9222994382
 21
14453.45471318394
 31
0.0
  0
LINE
  5
3F3
330
3EE
100
AcDbEntity
  8
OLCU (BEYKENT)
 62
     0
440
 16777216
370
    -2
100
AcDbLine
 10
109698.9222994382
 20
14450.45471318394
 30
0.0
 11
109692.9222994382
 21
14456.45471318394
 31
0.0
  0
LINE
  5
3F4
330
3EE
100
AcDbEntity
  8
OLCU (BEYKENT)
 62
     0
440
 16777216
370
    -2
100
AcDbLine
 10
109698.9222994382
 20
14435.45471318394
 30
0.0
 11
109692.9222994382
 21
14441.45471318394
 31
0.0
  0
MTEXT
  5
3F5
330
3EE
100
AcDbEntity
  8
OLCU (BEYKENT)
 62
     7
440
 16777216
370
    20
100
AcDbMText
 10
109687.8604012264
 20
14445.95471318391
 30
0.0
 40
12.0
 41
0.0
 46
0.0
 71
     5
 72
     1
  1
\A1;15
  7
YAZI (BEYKENT)
 11
0.0000000000000001
 21
1.0
 31
0.0
 73
     1
 44
1.0
  0
POINT
  5
3F6
330
3EE
100
AcDbEntity
  8
Defpoints
 62
     0
440
 16777216
100
AcDbPoint
 10
109675.922299438
 20
14438.45471318394
 30
0.0
  0
POINT
  5
3F7
330
3EE
100
AcDbEntity
  8
Defpoints
 62
     0
440
 16777216
100
AcDbPoint
 10
109675.922299438
 20
14453.45471318394
 30
0.0
  0
POINT
  5
3F8
330
3EE
100
AcDbEntity
  8
Defpoints
 62
     0
440
 16777216
100
AcDbPoint
 10
109695.9222994382
 20
14453.45471318394
 30
0.0
  0
ENDBLK
  5
3F9
330
3EE
100
AcDbEntity
  8
0
100
AcDbBlockEnd
  0
BLOCK
  5
3FB
330
3FA
100
AcDbEntity
  8
0
100
AcDbBlockBegin
  2
*D30
 70
     1
 10
0.0
 20
0.0
 30
0.0
  3
*D30
  1

  0
LINE
  5
3FC
330
3FA
100
AcDbEntity
  8
OLCU (BEYKENT)
 62
     0
440
 16777216
370
    -2
100
AcDbLine
 10
106983.422299438
 20
13945.45471318393
 30
0.0
 11
106983.422299438
 21
13928.27471318393
 31
0.0
  0
LINE
  5
3FD
330
3FA
100
AcDbEntity
  8
OLCU (BEYKENT)
 62
     0
440
 16777216
370
    -2
100
AcDbLine
 10
106998.422299438
 20
13945.45471318393
 30
0.0
 11
106998.422299438
 21
13928.27471318393
 31
0.0
  0
LINE
  5
3FE
330
3FA
100
AcDbEntity
  8
OLCU (BEYKENT)
 62
     0
440
 16777216
370
    -2
100
AcDbLine
 10
106983.422299438
 20
13928.45471318393
 30
0.0
 11
106998.422299438
 21
13928.45471318393
 31
0.0
  0
LINE
  5
3FF
330
3FA
100
AcDbEntity
  8
OLCU (BEYKENT)
 62
     0
440
 16777216
370
    -2
100
AcDbLine
 10
106995.422299438
 20
13925.45471318393
 30
0.0
 11
107001.422299438
 21
13931.45471318393
 31
0.0
  0
LINE
  5
400
330
3FA
100
AcDbEntity
  8
OLCU (BEYKENT)
 62
     0
440
 16777216
370
    -2
100
AcDbLine
 10
106980.422299438
 20
13925.45471318393
 30
0.0
 11
106986.422299438
 21
13931.45471318393
 31
0.0
  0
MTEXT
  5
401
330
3FA
100
AcDbEntity
  8
OLCU (BEYKENT)
 62
     7
440
 16777216
370
    20
100
AcDbMText
 10
106990.922299438
 20
13936.51661139576
 30
0.0
 40
12.0
 41
0.0
 46
0.0
 71
     5
 72
     1
  1
\A1;15
  7
YAZI (BEYKENT)
 73
     1
 44
1.0
  0
POINT
  5
402
330
3FA
100
AcDbEntity
  8
Defpoints
 62
     0
440
 16777216
100
AcDbPoint
 10
106983.422299438
 20
13948.45471318393
 30
0.0
  0
POINT
  5
403
330
3FA
100
AcDbEntity
  8
Defpoints
 62
     0
440
 16777216
100
AcDbPoint
 10
106998.422299438
 20
13948.45471318393
 30
0.0
  0
POINT
  5
404
330
3FA
100
AcDbEntity
  8
Defpoints
 62
     0
440
 16777216
100
AcDbPoint
 10
106998.422299438
 20
13928.45471318393
 30
0.0
  0
ENDBLK
  5
405
330
3FA
100
AcDbEntity
  8
0
100
AcDbBlockEnd
  0
BLOCK
  5
407
330
406
100
AcDbEntity
  8
0
100
AcDbBlockBegin
  2
*D31
 70
     1
 10
0.0
 20
0.0
 30
0.0
  3
*D31
  1

  0
LINE
  5
408
330
406
100
AcDbEntity
  8
OLCU (BEYKENT)
 62
     0
440
 16777216
370
    -2
100
AcDbLine
 10
106998.422299438
 20
13945.45471318393
 30
0.0
 11
106998.422299438
 21
13928.27471318393
 31
0.0
  0
LINE
  5
409
330
406
100
AcDbEntity
  8
OLCU (BEYKENT)
 62
     0
440
 16777216
370
    -2
100
AcDbLine
 10
107033.422299438
 20
13945.45471318393
 30
0.0
 11
107033.422299438
 21
13928.27471318393
 31
0.0
  0
LINE
  5
40A
330
406
100
AcDbEntity
  8
OLCU (BEYKENT)
 62
     0
440
 16777216
370
    -2
100
AcDbLine
 10
106998.422299438
 20
13928.45471318393
 30
0.0
 11
107033.422299438
 21
13928.45471318393
 31
0.0
  0
LINE
  5
40B
330
406
100
AcDbEntity
  8
OLCU (BEYKENT)
 62
     0
440
 16777216
370
    -2
100
AcDbLine
 10
107030.422299438
 20
13925.45471318393
 30
0.0
 11
107036.422299438
 21
13931.45471318393
 31
0.0
  0
LINE
  5
40C
330
406
100
AcDbEntity
  8
OLCU (BEYKENT)
 62
     0
440
 16777216
370
    -2
100
AcDbLine
 10
106995.422299438
 20
13925.45471318393
 30
0.0
 11
107001.422299438
 21
13931.45471318393
 31
0.0
  0
MTEXT
  5
40D
330
406
100
AcDbEntity
  8
OLCU (BEYKENT)
 62
     7
440
 16777216
370
    20
100
AcDbMText
 10
107015.922299438
 20
13936.57850960759
 30
0.0
 40
12.0
 41
0.0
 46
0.0
 71
     5
 72
     1
  1
\A1;35
  7
YAZI (BEYKENT)
 73
     1
 44
1.0
  0
POINT
  5
40E
330
406
100
AcDbEntity
  8
Defpoints
 62
     0
440
 16777216
100
AcDbPoint
 10
106998.422299438
 20
13948.45471318393
 30
0.0
  0
POINT
  5
40F
330
406
100
AcDbEntity
  8
Defpoints
 62
     0
440
 16777216
100
AcDbPoint
 10
107033.422299438
 20
13948.45471318393
 30
0.0
  0
POINT
  5
410
330
406
100
AcDbEntity
  8
Defpoints
 62
     0
440
 16777216
100
AcDbPoint
 10
107033.422299438
 20
13928.45471318393
 30
0.0
  0
ENDBLK
  5
411
330
406
100
AcDbEntity
  8
0
100
AcDbBlockEnd
  0
BLOCK
  5
413
330
412
100
AcDbEntity
  8
0
100
AcDbBlockBegin
  2
*D32
 70
     1
 10
0.0
 20
0.0
 30
0.0
  3
*D32
  1

  0
LINE
  5
414
330
412
100
AcDbEntity
  8
OLCU (BEYKENT)
 62
     0
440
 16777216
370
    -2
100
AcDbLine
 10
106983.422299438
 20
13945.45471318393
 30
0.0
 11
106983.422299438
 21
13908.27471318393
 31
0.0
  0
LINE
  5
415
330
412
100
AcDbEntity
  8
OLCU (BEYKENT)
 62
     0
440
 16777216
370
    -2
100
AcDbLine
 10
107033.422299438
 20
13945.45471318393
 30
0.0
 11
107033.422299438
 21
13908.27471318393
 31
0.0
  0
LINE
  5
416
330
412
100
AcDbEntity
  8
OLCU (BEYKENT)
 62
     0
440
 16777216
370
    -2
100
AcDbLine
 10
106983.422299438
 20
13908.45471318393
 30
0.0
 11
107033.422299438
 21
13908.45471318393
 31
0.0
  0
LINE
  5
417
330
412
100
AcDbEntity
  8
OLCU (BEYKENT)
 62
     0
440
 16777216
370
    -2
100
AcDbLine
 10
107030.422299438
 20
13905.45471318393
 30
0.0
 11
107036.422299438
 21
13911.45471318393
 31
0.0
  0
LINE
  5
418
330
412
100
AcDbEntity
  8
OLCU (BEYKENT)
 62
     0
440
 16777216
370
    -2
100
AcDbLine
 10
106980.422299438
 20
13905.45471318393
 30
0.0
 11
106986.422299438
 21
13911.45471318393
 31
0.0
  0
MTEXT
  5
419
330
412
100
AcDbEntity
  8
OLCU (BEYKENT)
 62
     7
440
 16777216
370
    20
100
AcDbMText
 10
107008.422299438
 20
13916.57850960759
 30
0.0
 40
12.0
 41
0.0
 46
0.0
 71
     5
 72
     1
  1
\A1;50
  7
YAZI (BEYKENT)
 73
     1
 44
1.0
  0
POINT
  5
41A
330
412
100
AcDbEntity
  8
Defpoints
 62
     0
440
 16777216
100
AcDbPoint
 10
106983.422299438
 20
13948.45471318393
 30
0.0
  0
POINT
  5
41B
330
412
100
AcDbEntity
  8
Defpoints
 62
     0
440
 16777216
100
AcDbPoint
 10
107033.422299438
 20
13948.45471318393
 30
0.0
  0
POINT
  5
41C
330
412
100
AcDbEntity
  8
Defpoints
 62
     0
440
 16777216
100
AcDbPoint
 10
107033.422299438
 20
13908.45471318393
 30
0.0
  0
ENDBLK
  5
41D
330
412
100
AcDbEntity
  8
0
100
AcDbBlockEnd
  0
BLOCK
  5
41F
330
41E
100
AcDbEntity
  8
0
100
AcDbBlockBegin
  2
*D33
 70
     1
 10
0.0
 20
0.0
 30
0.0
  3
*D33
  1

  0
LINE
  5
420
330
41E
100
AcDbEntity
  8
OLCU (BEYKENT)
 62
     0
440
 16777216
370
    -2
100
AcDbLine
 10
106983.422299438
 20
13480.45471318393
 30
0.0
 11
106983.422299438
 21
13463.27471318393
 31
0.0
  0
LINE
  5
421
330
41E
100
AcDbEntity
  8
OLCU (BEYKENT)
 62
     0
440
 16777216
370
    -2
100
AcDbLine
 10
106998.422299438
 20
13480.45471318393
 30
0.0
 11
106998.422299438
 21
13463.27471318393
 31
0.0
  0
LINE
  5
422
330
41E
100
AcDbEntity
  8
OLCU (BEYKENT)
 62
     0
440
 16777216
370
    -2
100
AcDbLine
 10
106983.422299438
 20
13463.45471318393
 30
0.0
 11
106998.422299438
 21
13463.45471318393
 31
0.0
  0
LINE
  5
423
330
41E
100
AcDbEntity
  8
OLCU (BEYKENT)
 62
     0
440
 16777216
370
    -2
100
AcDbLine
 10
106995.422299438
 20
13460.45471318393
 30
0.0
 11
107001.422299438
 21
13466.45471318393
 31
0.0
  0
LINE
  5
424
330
41E
100
AcDbEntity
  8
OLCU (BEYKENT)
 62
     0
440
 16777216
370
    -2
100
AcDbLine
 10
106980.422299438
 20
13460.45471318393
 30
0.0
 11
106986.422299438
 21
13466.45471318393
 31
0.0
  0
MTEXT
  5
425
330
41E
100
AcDbEntity
  8
OLCU (BEYKENT)
 62
     7
440
 16777216
370
    20
100
AcDbMText
 10
106990.922299438
 20
13471.51661139576
 30
0.0
 40
12.0
 41
0.0
 46
0.0
 71
     5
 72
     1
  1
\A1;15
  7
YAZI (BEYKENT)
 73
     1
 44
1.0
  0
POINT
  5
426
330
41E
100
AcDbEntity
  8
Defpoints
 62
     0
440
 16777216
100
AcDbPoint
 10
106983.422299438
 20
13483.45471318393
 30
0.0
  0
POINT
  5
427
330
41E
100
AcDbEntity
  8
Defpoints
 62
     0
440
 16777216
100
AcDbPoint
 10
106998.422299438
 20
13483.45471318393
 30
0.0
  0
POINT
  5
428
330
41E
100
AcDbEntity
  8
Defpoints
 62
     0
440
 16777216
100
AcDbPoint
 10
106998.422299438
 20
13463.45471318393
 30
0.0
  0
ENDBLK
  5
429
330
41E
100
AcDbEntity
  8
0
100
AcDbBlockEnd
  0
BLOCK
  5
42B
330
42A
100
AcDbEntity
  8
0
100
AcDbBlockBegin
  2
*D34
 70
     1
 10
0.0
 20
0.0
 30
0.0
  3
*D34
  1

  0
LINE
  5
42C
330
42A
100
AcDbEntity
  8
OLCU (BEYKENT)
 62
     0
440
 16777216
370
    -2
100
AcDbLine
 10
106998.422299438
 20
13480.45471318393
 30
0.0
 11
106998.422299438
 21
13463.27471318393
 31
0.0
  0
LINE
  5
42D
330
42A
100
AcDbEntity
  8
OLCU (BEYKENT)
 62
     0
440
 16777216
370
    -2
100
AcDbLine
 10
107033.422299438
 20
13480.45471318393
 30
0.0
 11
107033.422299438
 21
13463.27471318393
 31
0.0
  0
LINE
  5
42E
330
42A
100
AcDbEntity
  8
OLCU (BEYKENT)
 62
     0
440
 16777216
370
    -2
100
AcDbLine
 10
106998.422299438
 20
13463.45471318393
 30
0.0
 11
107033.422299438
 21
13463.45471318393
 31
0.0
  0
LINE
  5
42F
330
42A
100
AcDbEntity
  8
OLCU (BEYKENT)
 62
     0
440
 16777216
370
    -2
100
AcDbLine
 10
107030.422299438
 20
13460.45471318393
 30
0.0
 11
107036.422299438
 21
13466.45471318393
 31
0.0
  0
LINE
  5
430
330
42A
100
AcDbEntity
  8
OLCU (BEYKENT)
 62
     0
440
 16777216
370
    -2
100
AcDbLine
 10
106995.422299438
 20
13460.45471318393
 30
0.0
 11
107001.422299438
 21
13466.45471318393
 31
0.0
  0
MTEXT
  5
431
330
42A
100
AcDbEntity
  8
OLCU (BEYKENT)
 62
     7
440
 16777216
370
    20
100
AcDbMText
 10
107015.922299438
 20
13471.57850960759
 30
0.0
 40
12.0
 41
0.0
 46
0.0
 71
     5
 72
     1
  1
\A1;35
  7
YAZI (BEYKENT)
 73
     1
 44
1.0
  0
POINT
  5
432
330
42A
100
AcDbEntity
  8
Defpoints
 62
     0
440
 16777216
100
AcDbPoint
 10
106998.422299438
 20
13483.45471318393
 30
0.0
  0
POINT
  5
433
330
42A
100
AcDbEntity
  8
Defpoints
 62
     0
440
 16777216
100
AcDbPoint
 10
107033.422299438
 20
13483.45471318393
 30
0.0
  0
POINT
  5
434
330
42A
100
AcDbEntity
  8
Defpoints
 62
     0
440
 16777216
100
AcDbPoint
 10
107033.422299438
 20
13463.45471318393
 30
0.0
  0
ENDBLK
  5
435
330
42A
100
AcDbEntity
  8
0
100
AcDbBlockEnd
  0
BLOCK
  5
437
330
436
100
AcDbEntity
  8
0
100
AcDbBlockBegin
  2
*D35
 70
     1
 10
0.0
 20
0.0
 30
0.0
  3
*D35
  1

  0
LINE
  5
438
330
436
100
AcDbEntity
  8
OLCU (BEYKENT)
 62
     0
440
 16777216
370
    -2
100
AcDbLine
 10
106983.422299438
 20
13480.45471318393
 30
0.0
 11
106983.422299438
 21
13443.27471318393
 31
0.0
  0
LINE
  5
439
330
436
100
AcDbEntity
  8
OLCU (BEYKENT)
 62
     0
440
 16777216
370
    -2
100
AcDbLine
 10
107033.422299438
 20
13480.45471318393
 30
0.0
 11
107033.422299438
 21
13443.27471318393
 31
0.0
  0
LINE
  5
43A
330
436
100
AcDbEntity
  8
OLCU (BEYKENT)
 62
     0
440
 16777216
370
    -2
100
AcDbLine
 10
106983.422299438
 20
13443.45471318393
 30
0.0
 11
107033.422299438
 21
13443.45471318393
 31
0.0
  0
LINE
  5
43B
330
436
100
AcDbEntity
  8
OLCU (BEYKENT)
 62
     0
440
 16777216
370
    -2
100
AcDbLine
 10
107030.422299438
 20
13440.45471318393
 30
0.0
 11
107036.422299438
 21
13446.45471318393
 31
0.0
  0
LINE
  5
43C
330
436
100
AcDbEntity
  8
OLCU (BEYKENT)
 62
     0
440
 16777216
370
    -2
100
AcDbLine
 10
106980.422299438
 20
13440.45471318393
 30
0.0
 11
106986.422299438
 21
13446.45471318393
 31
0.0
  0
MTEXT
  5
43D
330
436
100
AcDbEntity
  8
OLCU (BEYKENT)
 62
     7
440
 16777216
370
    20
100
AcDbMText
 10
107008.422299438
 20
13451.57850960759
 30
0.0
 40
12.0
 41
0.0
 46
0.0
 71
     5
 72
     1
  1
\A1;50
  7
YAZI (BEYKENT)
 73
     1
 44
1.0
  0
POINT
  5
43E
330
436
100
AcDbEntity
  8
Defpoints
 62
     0
440
 16777216
100
AcDbPoint
 10
106983.422299438
 20
13483.45471318393
 30
0.0
  0
POINT
  5
43F
330
436
100
AcDbEntity
  8
Defpoints
 62
     0
440
 16777216
100
AcDbPoint
 10
107033.422299438
 20
13483.45471318393
 30
0.0
  0
POINT
  5
440
330
436
100
AcDbEntity
  8
Defpoints
 62
     0
440
 16777216
100
AcDbPoint
 10
107033.422299438
 20
13443.45471318393
 30
0.0
  0
ENDBLK
  5
441
330
436
100
AcDbEntity
  8
0
100
AcDbBlockEnd
  0
BLOCK
  5
443
330
442
100
AcDbEntity
  8
0
100
AcDbBlockBegin
  2
*D36
 70
     1
 10
0.0
 20
0.0
 30
0.0
  3
*D36
  1

  0
LINE
  5
444
330
442
100
AcDbEntity
  8
OLCU (BEYKENT)
 62
     0
440
 16777216
370
    -2
100
AcDbLine
 10
106983.422299438
 20
13175.45481318393
 30
0.0
 11
106983.422299438
 21
13158.27481318393
 31
0.0
  0
LINE
  5
445
330
442
100
AcDbEntity
  8
OLCU (BEYKENT)
 62
     0
440
 16777216
370
    -2
100
AcDbLine
 10
106998.422299438
 20
13175.45481318393
 30
0.0
 11
106998.422299438
 21
13158.27481318393
 31
0.0
  0
LINE
  5
446
330
442
100
AcDbEntity
  8
OLCU (BEYKENT)
 62
     0
440
 16777216
370
    -2
100
AcDbLine
 10
106983.422299438
 20
13158.45481318393
 30
0.0
 11
106998.422299438
 21
13158.45481318393
 31
0.0
  0
LINE
  5
447
330
442
100
AcDbEntity
  8
OLCU (BEYKENT)
 62
     0
440
 16777216
370
    -2
100
AcDbLine
 10
106995.422299438
 20
13155.45481318393
 30
0.0
 11
107001.422299438
 21
13161.45481318393
 31
0.0
  0
LINE
  5
448
330
442
100
AcDbEntity
  8
OLCU (BEYKENT)
 62
     0
440
 16777216
370
    -2
100
AcDbLine
 10
106980.422299438
 20
13155.45481318393
 30
0.0
 11
106986.422299438
 21
13161.45481318393
 31
0.0
  0
MTEXT
  5
449
330
442
100
AcDbEntity
  8
OLCU (BEYKENT)
 62
     7
440
 16777216
370
    20
100
AcDbMText
 10
106990.922299438
 20
13166.51671139577
 30
0.0
 40
12.0
 41
0.0
 46
0.0
 71
     5
 72
     1
  1
\A1;15
  7
YAZI (BEYKENT)
 73
     1
 44
1.0
  0
POINT
  5
44A
330
442
100
AcDbEntity
  8
Defpoints
 62
     0
440
 16777216
100
AcDbPoint
 10
106983.422299438
 20
13178.45481318393
 30
0.0
  0
POINT
  5
44B
330
442
100
AcDbEntity
  8
Defpoints
 62
     0
440
 16777216
100
AcDbPoint
 10
106998.422299438
 20
13178.45481318393
 30
0.0
  0
POINT
  5
44C
330
442
100
AcDbEntity
  8
Defpoints
 62
     0
440
 16777216
100
AcDbPoint
 10
106998.422299438
 20
13158.45481318393
 30
0.0
  0
ENDBLK
  5
44D
330
442
100
AcDbEntity
  8
0
100
AcDbBlockEnd
  0
BLOCK
  5
44F
330
44E
100
AcDbEntity
  8
0
100
AcDbBlockBegin
  2
*D37
 70
     1
 10
0.0
 20
0.0
 30
0.0
  3
*D37
  1

  0
LINE
  5
450
330
44E
100
AcDbEntity
  8
OLCU (BEYKENT)
 62
     0
440
 16777216
370
    -2
100
AcDbLine
 10
106998.422299438
 20
13175.45481318393
 30
0.0
 11
106998.422299438
 21
13158.27481318393
 31
0.0
  0
LINE
  5
451
330
44E
100
AcDbEntity
  8
OLCU (BEYKENT)
 62
     0
440
 16777216
370
    -2
100
AcDbLine
 10
107033.422299438
 20
13175.45481318393
 30
0.0
 11
107033.422299438
 21
13158.27481318393
 31
0.0
  0
LINE
  5
452
330
44E
100
AcDbEntity
  8
OLCU (BEYKENT)
 62
     0
440
 16777216
370
    -2
100
AcDbLine
 10
106998.422299438
 20
13158.45481318393
 30
0.0
 11
107033.422299438
 21
13158.45481318393
 31
0.0
  0
LINE
  5
453
330
44E
100
AcDbEntity
  8
OLCU (BEYKENT)
 62
     0
440
 16777216
370
    -2
100
AcDbLine
 10
107030.422299438
 20
13155.45481318393
 30
0.0
 11
107036.422299438
 21
13161.45481318393
 31
0.0
  0
LINE
  5
454
330
44E
100
AcDbEntity
  8
OLCU (BEYKENT)
 62
     0
440
 16777216
370
    -2
100
AcDbLine
 10
106995.422299438
 20
13155.45481318393
 30
0.0
 11
107001.422299438
 21
13161.45481318393
 31
0.0
  0
MTEXT
  5
455
330
44E
100
AcDbEntity
  8
OLCU (BEYKENT)
 62
     7
440
 16777216
370
    20
100
AcDbMText
 10
107015.922299438
 20
13166.57860960759
 30
0.0
 40
12.0
 41
0.0
 46
0.0
 71
     5
 72
     1
  1
\A1;35
  7
YAZI (BEYKENT)
 73
     1
 44
1.0
  0
POINT
  5
456
330
44E
100
AcDbEntity
  8
Defpoints
 62
     0
440
 16777216
100
AcDbPoint
 10
106998.422299438
 20
13178.45481318393
 30
0.0
  0
POINT
  5
457
330
44E
100
AcDbEntity
  8
Defpoints
 62
     0
440
 16777216
100
AcDbPoint
 10
107033.422299438
 20
13178.45481318393
 30
0.0
  0
POINT
  5
458
330
44E
100
AcDbEntity
  8
Defpoints
 62
     0
440
 16777216
100
AcDbPoint
 10
107033.422299438
 20
13158.45481318393
 30
0.0
  0
ENDBLK
  5
459
330
44E
100
AcDbEntity
  8
0
100
AcDbBlockEnd
  0
BLOCK
  5
45B
330
45A
100
AcDbEntity
  8
0
100
AcDbBlockBegin
  2
*D38
 70
     1
 10
0.0
 20
0.0
 30
0.0
  3
*D38
  1

  0
LINE
  5
45C
330
45A
100
AcDbEntity
  8
OLCU (BEYKENT)
 62
     0
440
 16777216
370
    -2
100
AcDbLine
 10
106983.422299438
 20
13175.45481318393
 30
0.0
 11
106983.422299438
 21
13138.27481318393
 31
0.0
  0
LINE
  5
45D
330
45A
100
AcDbEntity
  8
OLCU (BEYKENT)
 62
     0
440
 16777216
370
    -2
100
AcDbLine
 10
107033.422299438
 20
13175.45481318393
 30
0.0
 11
107033.422299438
 21
13138.27481318393
 31
0.0
  0
LINE
  5
45E
330
45A
100
AcDbEntity
  8
OLCU (BEYKENT)
 62
     0
440
 16777216
370
    -2
100
AcDbLine
 10
106983.422299438
 20
13138.45481318393
 30
0.0
 11
107033.422299438
 21
13138.45481318393
 31
0.0
  0
LINE
  5
45F
330
45A
100
AcDbEntity
  8
OLCU (BEYKENT)
 62
     0
440
 16777216
370
    -2
100
AcDbLine
 10
107030.422299438
 20
13135.45481318393
 30
0.0
 11
107036.422299438
 21
13141.45481318393
 31
0.0
  0
LINE
  5
460
330
45A
100
AcDbEntity
  8
OLCU (BEYKENT)
 62
     0
440
 16777216
370
    -2
100
AcDbLine
 10
106980.422299438
 20
13135.45481318393
 30
0.0
 11
106986.422299438
 21
13141.45481318393
 31
0.0
  0
MTEXT
  5
461
330
45A
100
AcDbEntity
  8
OLCU (BEYKENT)
 62
     7
440
 16777216
370
    20
100
AcDbMText
 10
107008.422299438
 20
13146.57860960759
 30
0.0
 40
12.0
 41
0.0
 46
0.0
 71
     5
 72
     1
  1
\A1;50
  7
YAZI (BEYKENT)
 73
     1
 44
1.0
  0
POINT
  5
462
330
45A
100
AcDbEntity
  8
Defpoints
 62
     0
440
 16777216
100
AcDbPoint
 10
106983.422299438
 20
13178.45481318393
 30
0.0
  0
POINT
  5
463
330
45A
100
AcDbEntity
  8
Defpoints
 62
     0
440
 16777216
100
AcDbPoint
 10
107033.422299438
 20
13178.45481318393
 30
0.0
  0
POINT
  5
464
330
45A
100
AcDbEntity
  8
Defpoints
 62
     0
440
 16777216
100
AcDbPoint
 10
107033.422299438
 20
13138.45481318393
 30
0.0
  0
ENDBLK
  5
465
330
45A
100
AcDbEntity
  8
0
100
AcDbBlockEnd
  0
BLOCK
  5
467
330
466
100
AcDbEntity
  8
0
100
AcDbBlockBegin
  2
*D39
 70
     1
 10
0.0
 20
0.0
 30
0.0
  3
*D39
  1

  0
LINE
  5
468
330
466
100
AcDbEntity
  8
OLCU (BEYKENT)
 62
     0
440
 16777216
370
    -2
100
AcDbLine
 10
106983.422299438
 20
12875.45471318393
 30
0.0
 11
106983.422299438
 21
12858.27471318393
 31
0.0
  0
LINE
  5
469
330
466
100
AcDbEntity
  8
OLCU (BEYKENT)
 62
     0
440
 16777216
370
    -2
100
AcDbLine
 10
106998.422299438
 20
12875.45471318393
 30
0.0
 11
106998.422299438
 21
12858.27471318393
 31
0.0
  0
LINE
  5
46A
330
466
100
AcDbEntity
  8
OLCU (BEYKENT)
 62
     0
440
 16777216
370
    -2
100
AcDbLine
 10
106983.422299438
 20
12858.45471318393
 30
0.0
 11
106998.422299438
 21
12858.45471318393
 31
0.0
  0
LINE
  5
46B
330
466
100
AcDbEntity
  8
OLCU (BEYKENT)
 62
     0
440
 16777216
370
    -2
100
AcDbLine
 10
106995.422299438
 20
12855.45471318393
 30
0.0
 11
107001.422299438
 21
12861.45471318393
 31
0.0
  0
LINE
  5
46C
330
466
100
AcDbEntity
  8
OLCU (BEYKENT)
 62
     0
440
 16777216
370
    -2
100
AcDbLine
 10
106980.422299438
 20
12855.45471318393
 30
0.0
 11
106986.422299438
 21
12861.45471318393
 31
0.0
  0
MTEXT
  5
46D
330
466
100
AcDbEntity
  8
OLCU (BEYKENT)
 62
     7
440
 16777216
370
    20
100
AcDbMText
 10
106990.922299438
 20
12866.51661139576
 30
0.0
 40
12.0
 41
0.0
 46
0.0
 71
     5
 72
     1
  1
\A1;15
  7
YAZI (BEYKENT)
 73
     1
 44
1.0
  0
POINT
  5
46E
330
466
100
AcDbEntity
  8
Defpoints
 62
     0
440
 16777216
100
AcDbPoint
 10
106983.422299438
 20
12878.45471318393
 30
0.0
  0
POINT
  5
46F
330
466
100
AcDbEntity
  8
Defpoints
 62
     0
440
 16777216
100
AcDbPoint
 10
106998.422299438
 20
12878.45471318393
 30
0.0
  0
POINT
  5
470
330
466
100
AcDbEntity
  8
Defpoints
 62
     0
440
 16777216
100
AcDbPoint
 10
106998.422299438
 20
12858.45471318393
 30
0.0
  0
ENDBLK
  5
471
330
466
100
AcDbEntity
  8
0
100
AcDbBlockEnd
  0
BLOCK
  5
473
330
472
100
AcDbEntity
  8
0
100
AcDbBlockBegin
  2
*D40
 70
     1
 10
0.0
 20
0.0
 30
0.0
  3
*D40
  1

  0
LINE
  5
474
330
472
100
AcDbEntity
  8
OLCU (BEYKENT)
 62
     0
440
 16777216
370
    -2
100
AcDbLine
 10
106998.422299438
 20
12875.45471318393
 30
0.0
 11
106998.422299438
 21
12858.27471318393
 31
0.0
  0
LINE
  5
475
330
472
100
AcDbEntity
  8
OLCU (BEYKENT)
 62
     0
440
 16777216
370
    -2
100
AcDbLine
 10
107033.422299438
 20
12875.45471318393
 30
0.0
 11
107033.422299438
 21
12858.27471318393
 31
0.0
  0
LINE
  5
476
330
472
100
AcDbEntity
  8
OLCU (BEYKENT)
 62
     0
440
 16777216
370
    -2
100
AcDbLine
 10
106998.422299438
 20
12858.45471318393
 30
0.0
 11
107033.422299438
 21
12858.45471318393
 31
0.0
  0
LINE
  5
477
330
472
100
AcDbEntity
  8
OLCU (BEYKENT)
 62
     0
440
 16777216
370
    -2
100
AcDbLine
 10
107030.422299438
 20
12855.45471318393
 30
0.0
 11
107036.422299438
 21
12861.45471318393
 31
0.0
  0
LINE
  5
478
330
472
100
AcDbEntity
  8
OLCU (BEYKENT)
 62
     0
440
 16777216
370
    -2
100
AcDbLine
 10
106995.422299438
 20
12855.45471318393
 30
0.0
 11
107001.422299438
 21
12861.45471318393
 31
0.0
  0
MTEXT
  5
479
330
472
100
AcDbEntity
  8
OLCU (BEYKENT)
 62
     7
440
 16777216
370
    20
100
AcDbMText
 10
107015.922299438
 20
12866.57850960759
 30
0.0
 40
12.0
 41
0.0
 46
0.0
 71
     5
 72
     1
  1
\A1;35
  7
YAZI (BEYKENT)
 73
     1
 44
1.0
  0
POINT
  5
47A
330
472
100
AcDbEntity
  8
Defpoints
 62
     0
440
 16777216
100
AcDbPoint
 10
106998.422299438
 20
12878.45471318393
 30
0.0
  0
POINT
  5
47B
330
472
100
AcDbEntity
  8
Defpoints
 62
     0
440
 16777216
100
AcDbPoint
 10
107033.422299438
 20
12878.45471318393
 30
0.0
  0
POINT
  5
47C
330
472
100
AcDbEntity
  8
Defpoints
 62
     0
440
 16777216
100
AcDbPoint
 10
107033.422299438
 20
12858.45471318393
 30
0.0
  0
ENDBLK
  5
47D
330
472
100
AcDbEntity
  8
0
100
AcDbBlockEnd
  0
BLOCK
  5
47F
330
47E
100
AcDbEntity
  8
0
100
AcDbBlockBegin
  2
*D41
 70
     1
 10
0.0
 20
0.0
 30
0.0
  3
*D41
  1

  0
LINE
  5
480
330
47E
100
AcDbEntity
  8
OLCU (BEYKENT)
 62
     0
440
 16777216
370
    -2
100
AcDbLine
 10
106983.422299438
 20
12875.45471318393
 30
0.0
 11
106983.422299438
 21
12838.27471318393
 31
0.0
  0
LINE
  5
481
330
47E
100
AcDbEntity
  8
OLCU (BEYKENT)
 62
     0
440
 16777216
370
    -2
100
AcDbLine
 10
107033.422299438
 20
12875.45471318393
 30
0.0
 11
107033.422299438
 21
12838.27471318393
 31
0.0
  0
LINE
  5
482
330
47E
100
AcDbEntity
  8
OLCU (BEYKENT)
 62
     0
440
 16777216
370
    -2
100
AcDbLine
 10
106983.422299438
 20
12838.45471318393
 30
0.0
 11
107033.422299438
 21
12838.45471318393
 31
0.0
  0
LINE
  5
483
330
47E
100
AcDbEntity
  8
OLCU (BEYKENT)
 62
     0
440
 16777216
370
    -2
100
AcDbLine
 10
107030.422299438
 20
12835.45471318393
 30
0.0
 11
107036.422299438
 21
12841.45471318393
 31
0.0
  0
LINE
  5
484
330
47E
100
AcDbEntity
  8
OLCU (BEYKENT)
 62
     0
440
 16777216
370
    -2
100
AcDbLine
 10
106980.422299438
 20
12835.45471318393
 30
0.0
 11
106986.422299438
 21
12841.45471318393
 31
0.0
  0
MTEXT
  5
485
330
47E
100
AcDbEntity
  8
OLCU (BEYKENT)
 62
     7
440
 16777216
370
    20
100
AcDbMText
 10
107008.422299438
 20
12846.57850960759
 30
0.0
 40
12.0
 41
0.0
 46
0.0
 71
     5
 72
     1
  1
\A1;50
  7
YAZI (BEYKENT)
 73
     1
 44
1.0
  0
POINT
  5
486
330
47E
100
AcDbEntity
  8
Defpoints
 62
     0
440
 16777216
100
AcDbPoint
 10
106983.422299438
 20
12878.45471318393
 30
0.0
  0
POINT
  5
487
330
47E
100
AcDbEntity
  8
Defpoints
 62
     0
440
 16777216
100
AcDbPoint
 10
107033.422299438
 20
12878.45471318393
 30
0.0
  0
POINT
  5
488
330
47E
100
AcDbEntity
  8
Defpoints
 62
     0
440
 16777216
100
AcDbPoint
 10
107033.422299438
 20
12838.45471318393
 30
0.0
  0
ENDBLK
  5
489
330
47E
100
AcDbEntity
  8
0
100
AcDbBlockEnd
  0
BLOCK
  5
48B
330
48A
100
AcDbEntity
  8
0
100
AcDbBlockBegin
  2
*D42
 70
     1
 10
0.0
 20
0.0
 30
0.0
  3
*D42
  1

  0
LINE
  5
48C
330
48A
100
AcDbEntity
  8
OLCU (BEYKENT)
 62
     0
440
 16777216
370
    -2
100
AcDbLine
 10
106983.422299438
 20
12436.45471318393
 30
0.0
 11
106983.422299438
 21
12453.63471318393
 31
0.0
  0
LINE
  5
48D
330
48A
100
AcDbEntity
  8
OLCU (BEYKENT)
 62
     0
440
 16777216
370
    -2
100
AcDbLine
 10
106998.422299438
 20
12436.45471318393
 30
0.0
 11
106998.422299438
 21
12453.63471318393
 31
0.0
  0
LINE
  5
48E
330
48A
100
AcDbEntity
  8
OLCU (BEYKENT)
 62
     0
440
 16777216
370
    -2
100
AcDbLine
 10
106983.422299438
 20
12453.45471318393
 30
0.0
 11
106998.422299438
 21
12453.45471318393
 31
0.0
  0
LINE
  5
48F
330
48A
100
AcDbEntity
  8
OLCU (BEYKENT)
 62
     0
440
 16777216
370
    -2
100
AcDbLine
 10
106995.422299438
 20
12450.45471318393
 30
0.0
 11
107001.422299438
 21
12456.45471318393
 31
0.0
  0
LINE
  5
490
330
48A
100
AcDbEntity
  8
OLCU (BEYKENT)
 62
     0
440
 16777216
370
    -2
100
AcDbLine
 10
106980.422299438
 20
12450.45471318393
 30
0.0
 11
106986.422299438
 21
12456.45471318393
 31
0.0
  0
MTEXT
  5
491
330
48A
100
AcDbEntity
  8
OLCU (BEYKENT)
 62
     7
440
 16777216
370
    20
100
AcDbMText
 10
106990.922299438
 20
12461.51661139576
 30
0.0
 40
12.0
 41
0.0
 46
0.0
 71
     5
 72
     1
  1
\A1;15
  7
YAZI (BEYKENT)
 73
     1
 44
1.0
  0
POINT
  5
492
330
48A
100
AcDbEntity
  8
Defpoints
 62
     0
440
 16777216
100
AcDbPoint
 10
106983.422299438
 20
12433.45471318393
 30
0.0
  0
POINT
  5
493
330
48A
100
AcDbEntity
  8
Defpoints
 62
     0
440
 16777216
100
AcDbPoint
 10
106998.422299438
 20
12433.45471318393
 30
0.0
  0
POINT
  5
494
330
48A
100
AcDbEntity
  8
Defpoints
 62
     0
440
 16777216
100
AcDbPoint
 10
106998.422299438
 20
12453.45471318393
 30
0.0
  0
ENDBLK
  5
495
330
48A
100
AcDbEntity
  8
0
100
AcDbBlockEnd
  0
BLOCK
  5
497
330
496
100
AcDbEntity
  8
0
100
AcDbBlockBegin
  2
*D43
 70
     1
 10
0.0
 20
0.0
 30
0.0
  3
*D43
  1

  0
LINE
  5
498
330
496
100
AcDbEntity
  8
OLCU (BEYKENT)
 62
     0
440
 16777216
370
    -2
100
AcDbLine
 10
106998.422299438
 20
12436.45471318393
 30
0.0
 11
106998.422299438
 21
12453.63471318393
 31
0.0
  0
LINE
  5
499
330
496
100
AcDbEntity
  8
OLCU (BEYKENT)
 62
     0
440
 16777216
370
    -2
100
AcDbLine
 10
107033.422299438
 20
12436.45471318393
 30
0.0
 11
107033.422299438
 21
12453.63471318393
 31
0.0
  0
LINE
  5
49A
330
496
100
AcDbEntity
  8
OLCU (BEYKENT)
 62
     0
440
 16777216
370
    -2
100
AcDbLine
 10
106998.422299438
 20
12453.45471318393
 30
0.0
 11
107033.422299438
 21
12453.45471318393
 31
0.0
  0
LINE
  5
49B
330
496
100
AcDbEntity
  8
OLCU (BEYKENT)
 62
     0
440
 16777216
370
    -2
100
AcDbLine
 10
107030.422299438
 20
12450.45471318393
 30
0.0
 11
107036.422299438
 21
12456.45471318393
 31
0.0
  0
LINE
  5
49C
330
496
100
AcDbEntity
  8
OLCU (BEYKENT)
 62
     0
440
 16777216
370
    -2
100
AcDbLine
 10
106995.422299438
 20
12450.45471318393
 30
0.0
 11
107001.422299438
 21
12456.45471318393
 31
0.0
  0
MTEXT
  5
49D
330
496
100
AcDbEntity
  8
OLCU (BEYKENT)
 62
     7
440
 16777216
370
    20
100
AcDbMText
 10
107015.922299438
 20
12461.57850960759
 30
0.0
 40
12.0
 41
0.0
 46
0.0
 71
     5
 72
     1
  1
\A1;35
  7
YAZI (BEYKENT)
 73
     1
 44
1.0
  0
POINT
  5
49E
330
496
100
AcDbEntity
  8
Defpoints
 62
     0
440
 16777216
100
AcDbPoint
 10
106998.422299438
 20
12433.45471318393
 30
0.0
  0
POINT
  5
49F
330
496
100
AcDbEntity
  8
Defpoints
 62
     0
440
 16777216
100
AcDbPoint
 10
107033.422299438
 20
12433.45471318393
 30
0.0
  0
POINT
  5
4A0
330
496
100
AcDbEntity
  8
Defpoints
 62
     0
440
 16777216
100
AcDbPoint
 10
107033.422299438
 20
12453.45471318393
 30
0.0
  0
ENDBLK
  5
4A1
330
496
100
AcDbEntity
  8
0
100
AcDbBlockEnd
  0
BLOCK
  5
4A3
330
4A2
100
AcDbEntity
  8
0
100
AcDbBlockBegin
  2
*D44
 70
     1
 10
0.0
 20
0.0
 30
0.0
  3
*D44
  1

  0
LINE
  5
4A4
330
4A2
100
AcDbEntity
  8
OLCU (BEYKENT)
 62
     0
440
 16777216
370
    -2
100
AcDbLine
 10
106983.422299438
 20
12436.45471318393
 30
0.0
 11
106983.422299438
 21
12473.63471318393
 31
0.0
  0
LINE
  5
4A5
330
4A2
100
AcDbEntity
  8
OLCU (BEYKENT)
 62
     0
440
 16777216
370
    -2
100
AcDbLine
 10
107033.422299438
 20
12436.45471318393
 30
0.0
 11
107033.422299438
 21
12473.63471318393
 31
0.0
  0
LINE
  5
4A6
330
4A2
100
AcDbEntity
  8
OLCU (BEYKENT)
 62
     0
440
 16777216
370
    -2
100
AcDbLine
 10
106983.422299438
 20
12473.45471318393
 30
0.0
 11
107033.422299438
 21
12473.45471318393
 31
0.0
  0
LINE
  5
4A7
330
4A2
100
AcDbEntity
  8
OLCU (BEYKENT)
 62
     0
440
 16777216
370
    -2
100
AcDbLine
 10
107030.422299438
 20
12470.45471318393
 30
0.0
 11
107036.422299438
 21
12476.45471318393
 31
0.0
  0
LINE
  5
4A8
330
4A2
100
AcDbEntity
  8
OLCU (BEYKENT)
 62
     0
440
 16777216
370
    -2
100
AcDbLine
 10
106980.422299438
 20
12470.45471318393
 30
0.0
 11
106986.422299438
 21
12476.45471318393
 31
0.0
  0
MTEXT
  5
4A9
330
4A2
100
AcDbEntity
  8
OLCU (BEYKENT)
 62
     7
440
 16777216
370
    20
100
AcDbMText
 10
107008.422299438
 20
12481.57850960759
 30
0.0
 40
12.0
 41
0.0
 46
0.0
 71
     5
 72
     1
  1
\A1;50
  7
YAZI (BEYKENT)
 73
     1
 44
1.0
  0
POINT
  5
4AA
330
4A2
100
AcDbEntity
  8
Defpoints
 62
     0
440
 16777216
100
AcDbPoint
 10
106983.422299438
 20
12433.45471318393
 30
0.0
  0
POINT
  5
4AB
330
4A2
100
AcDbEntity
  8
Defpoints
 62
     0
440
 16777216
100
AcDbPoint
 10
107033.422299438
 20
12433.45471318393
 30
0.0
  0
POINT
  5
4AC
330
4A2
100
AcDbEntity
  8
Defpoints
 62
     0
440
 16777216
100
AcDbPoint
 10
107033.422299438
 20
12473.45471318393
 30
0.0
  0
ENDBLK
  5
4AD
330
4A2
100
AcDbEntity
  8
0
100
AcDbBlockEnd
  0
BLOCK
  5
4AF
330
4AE
100
AcDbEntity
  8
0
100
AcDbBlockBegin
  2
*D45
 70
     1
 10
0.0
 20
0.0
 30
0.0
  3
*D45
  1

  0
LINE
  5
4B0
330
4AE
100
AcDbEntity
  8
OLCU (BEYKENT)
 62
     0
440
 16777216
370
    -2
100
AcDbLine
 10
106983.422299438
 20
13730.45471318393
 30
0.0
 11
106983.422299438
 21
13713.27471318393
 31
0.0
  0
LINE
  5
4B1
330
4AE
100
AcDbEntity
  8
OLCU (BEYKENT)
 62
     0
440
 16777216
370
    -2
100
AcDbLine
 10
106998.422299438
 20
13730.45471318393
 30
0.0
 11
106998.422299438
 21
13713.27471318393
 31
0.0
  0
LINE
  5
4B2
330
4AE
100
AcDbEntity
  8
OLCU (BEYKENT)
 62
     0
440
 16777216
370
    -2
100
AcDbLine
 10
106983.422299438
 20
13713.45471318393
 30
0.0
 11
106998.422299438
 21
13713.45471318393
 31
0.0
  0
LINE
  5
4B3
330
4AE
100
AcDbEntity
  8
OLCU (BEYKENT)
 62
     0
440
 16777216
370
    -2
100
AcDbLine
 10
106995.422299438
 20
13710.45471318393
 30
0.0
 11
107001.422299438
 21
13716.45471318393
 31
0.0
  0
LINE
  5
4B4
330
4AE
100
AcDbEntity
  8
OLCU (BEYKENT)
 62
     0
440
 16777216
370
    -2
100
AcDbLine
 10
106980.422299438
 20
13710.45471318393
 30
0.0
 11
106986.422299438
 21
13716.45471318393
 31
0.0
  0
MTEXT
  5
4B5
330
4AE
100
AcDbEntity
  8
OLCU (BEYKENT)
 62
     7
440
 16777216
370
    20
100
AcDbMText
 10
106990.922299438
 20
13721.51661139576
 30
0.0
 40
12.0
 41
0.0
 46
0.0
 71
     5
 72
     1
  1
\A1;15
  7
YAZI (BEYKENT)
 73
     1
 44
1.0
  0
POINT
  5
4B6
330
4AE
100
AcDbEntity
  8
Defpoints
 62
     0
440
 16777216
100
AcDbPoint
 10
106983.422299438
 20
13733.45471318393
 30
0.0
  0
POINT
  5
4B7
330
4AE
100
AcDbEntity
  8
Defpoints
 62
     0
440
 16777216
100
AcDbPoint
 10
106998.422299438
 20
13733.45471318393
 30
0.0
  0
POINT
  5
4B8
330
4AE
100
AcDbEntity
  8
Defpoints
 62
     0
440
 16777216
100
AcDbPoint
 10
106998.422299438
 20
13713.45471318393
 30
0.0
  0
ENDBLK
  5
4B9
330
4AE
100
AcDbEntity
  8
0
100
AcDbBlockEnd
  0
BLOCK
  5
4BB
330
4BA
100
AcDbEntity
  8
0
100
AcDbBlockBegin
  2
*D46
 70
     1
 10
0.0
 20
0.0
 30
0.0
  3
*D46
  1

  0
LINE
  5
4BC
330
4BA
100
AcDbEntity
  8
OLCU (BEYKENT)
 62
     0
440
 16777216
370
    -2
100
AcDbLine
 10
106983.422299438
 20
13995.45471318393
 30
0.0
 11
106983.422299438
 21
13978.27471318393
 31
0.0
  0
LINE
  5
4BD
330
4BA
100
AcDbEntity
  8
OLCU (BEYKENT)
 62
     0
440
 16777216
370
    -2
100
AcDbLine
 10
106998.422299438
 20
13995.45471318393
 30
0.0
 11
106998.422299438
 21
13978.27471318393
 31
0.0
  0
LINE
  5
4BE
330
4BA
100
AcDbEntity
  8
OLCU (BEYKENT)
 62
     0
440
 16777216
370
    -2
100
AcDbLine
 10
106983.422299438
 20
13978.45471318393
 30
0.0
 11
106998.422299438
 21
13978.45471318393
 31
0.0
  0
LINE
  5
4BF
330
4BA
100
AcDbEntity
  8
OLCU (BEYKENT)
 62
     0
440
 16777216
370
    -2
100
AcDbLine
 10
106995.422299438
 20
13975.45471318393
 30
0.0
 11
107001.422299438
 21
13981.45471318393
 31
0.0
  0
LINE
  5
4C0
330
4BA
100
AcDbEntity
  8
OLCU (BEYKENT)
 62
     0
440
 16777216
370
    -2
100
AcDbLine
 10
106980.422299438
 20
13975.45471318393
 30
0.0
 11
106986.422299438
 21
13981.45471318393
 31
0.0
  0
MTEXT
  5
4C1
330
4BA
100
AcDbEntity
  8
OLCU (BEYKENT)
 62
     7
440
 16777216
370
    20
100
AcDbMText
 10
106990.922299438
 20
13986.51661139576
 30
0.0
 40
12.0
 41
0.0
 46
0.0
 71
     5
 72
     1
  1
\A1;15
  7
YAZI (BEYKENT)
 73
     1
 44
1.0
  0
POINT
  5
4C2
330
4BA
100
AcDbEntity
  8
Defpoints
 62
     0
440
 16777216
100
AcDbPoint
 10
106983.422299438
 20
13998.45471318393
 30
0.0
  0
POINT
  5
4C3
330
4BA
100
AcDbEntity
  8
Defpoints
 62
     0
440
 16777216
100
AcDbPoint
 10
106998.422299438
 20
13998.45471318393
 30
0.0
  0
POINT
  5
4C4
330
4BA
100
AcDbEntity
  8
Defpoints
 62
     0
440
 16777216
100
AcDbPoint
 10
106998.422299438
 20
13978.45471318393
 30
0.0
  0
ENDBLK
  5
4C5
330
4BA
100
AcDbEntity
  8
0
100
AcDbBlockEnd
  0
BLOCK
  5
4C7
330
4C6
100
AcDbEntity
  8
0
100
AcDbBlockBegin
  2
*D47
 70
     1
 10
0.0
 20
0.0
 30
0.0
  3
*D47
  1

  0
LINE
  5
4C8
330
4C6
100
AcDbEntity
  8
OLCU (BEYKENT)
 62
     0
440
 16777216
370
    -2
100
AcDbLine
 10
106983.422299438
 20
13332.95476318393
 30
0.0
 11
106983.422299438
 21
13315.77476318393
 31
0.0
  0
LINE
  5
4C9
330
4C6
100
AcDbEntity
  8
OLCU (BEYKENT)
 62
     0
440
 16777216
370
    -2
100
AcDbLine
 10
106998.422299438
 20
13332.95476318393
 30
0.0
 11
106998.422299438
 21
13315.77476318393
 31
0.0
  0
LINE
  5
4CA
330
4C6
100
AcDbEntity
  8
OLCU (BEYKENT)
 62
     0
440
 16777216
370
    -2
100
AcDbLine
 10
106983.422299438
 20
13315.95476318393
 30
0.0
 11
106998.422299438
 21
13315.95476318393
 31
0.0
  0
LINE
  5
4CB
330
4C6
100
AcDbEntity
  8
OLCU (BEYKENT)
 62
     0
440
 16777216
370
    -2
100
AcDbLine
 10
106995.422299438
 20
13312.95476318393
 30
0.0
 11
107001.422299438
 21
13318.95476318393
 31
0.0
  0
LINE
  5
4CC
330
4C6
100
AcDbEntity
  8
OLCU (BEYKENT)
 62
     0
440
 16777216
370
    -2
100
AcDbLine
 10
106980.422299438
 20
13312.95476318393
 30
0.0
 11
106986.422299438
 21
13318.95476318393
 31
0.0
  0
MTEXT
  5
4CD
330
4C6
100
AcDbEntity
  8
OLCU (BEYKENT)
 62
     7
440
 16777216
370
    20
100
AcDbMText
 10
106990.922299438
 20
13324.01666139576
 30
0.0
 40
12.0
 41
0.0
 46
0.0
 71
     5
 72
     1
  1
\A1;15
  7
YAZI (BEYKENT)
 73
     1
 44
1.0
  0
POINT
  5
4CE
330
4C6
100
AcDbEntity
  8
Defpoints
 62
     0
440
 16777216
100
AcDbPoint
 10
106983.422299438
 20
13335.95476318393
 30
0.0
  0
POINT
  5
4CF
330
4C6
100
AcDbEntity
  8
Defpoints
 62
     0
440
 16777216
100
AcDbPoint
 10
106998.422299438
 20
13335.95476318393
 30
0.0
  0
POINT
  5
4D0
330
4C6
100
AcDbEntity
  8
Defpoints
 62
     0
440
 16777216
100
AcDbPoint
 10
106998.422299438
 20
13315.95476318393
 30
0.0
  0
ENDBLK
  5
4D1
330
4C6
100
AcDbEntity
  8
0
100
AcDbBlockEnd
  0
BLOCK
  5
4D3
330
4D2
100
AcDbEntity
  8
0
100
AcDbBlockBegin
  2
*D48
 70
     1
 10
0.0
 20
0.0
 30
0.0
  3
*D48
  1

  0
LINE
  5
4D4
330
4D2
100
AcDbEntity
  8
OLCU (BEYKENT)
 62
     0
440
 16777216
370
    -2
100
AcDbLine
 10
106983.422299438
 20
13042.95476318393
 30
0.0
 11
106983.422299438
 21
13025.77476318393
 31
0.0
  0
LINE
  5
4D5
330
4D2
100
AcDbEntity
  8
OLCU (BEYKENT)
 62
     0
440
 16777216
370
    -2
100
AcDbLine
 10
106998.422299438
 20
13042.95476318393
 30
0.0
 11
106998.422299438
 21
13025.77476318393
 31
0.0
  0
LINE
  5
4D6
330
4D2
100
AcDbEntity
  8
OLCU (BEYKENT)
 62
     0
440
 16777216
370
    -2
100
AcDbLine
 10
106983.422299438
 20
13025.95476318393
 30
0.0
 11
106998.422299438
 21
13025.95476318393
 31
0.0
  0
LINE
  5
4D7
330
4D2
100
AcDbEntity
  8
OLCU (BEYKENT)
 62
     0
440
 16777216
370
    -2
100
AcDbLine
 10
106995.422299438
 20
13022.95476318393
 30
0.0
 11
107001.422299438
 21
13028.95476318393
 31
0.0
  0
LINE
  5
4D8
330
4D2
100
AcDbEntity
  8
OLCU (BEYKENT)
 62
     0
440
 16777216
370
    -2
100
AcDbLine
 10
106980.422299438
 20
13022.95476318393
 30
0.0
 11
106986.422299438
 21
13028.95476318393
 31
0.0
  0
MTEXT
  5
4D9
330
4D2
100
AcDbEntity
  8
OLCU (BEYKENT)
 62
     7
440
 16777216
370
    20
100
AcDbMText
 10
106990.922299438
 20
13034.01666139576
 30
0.0
 40
12.0
 41
0.0
 46
0.0
 71
     5
 72
     1
  1
\A1;15
  7
YAZI (BEYKENT)
 73
     1
 44
1.0
  0
POINT
  5
4DA
330
4D2
100
AcDbEntity
  8
Defpoints
 62
     0
440
 16777216
100
AcDbPoint
 10
106983.422299438
 20
13045.95476318393
 30
0.0
  0
POINT
  5
4DB
330
4D2
100
AcDbEntity
  8
Defpoints
 62
     0
440
 16777216
100
AcDbPoint
 10
106998.422299438
 20
13045.95476318393
 30
0.0
  0
POINT
  5
4DC
330
4D2
100
AcDbEntity
  8
Defpoints
 62
     0
440
 16777216
100
AcDbPoint
 10
106998.422299438
 20
13025.95476318393
 30
0.0
  0
ENDBLK
  5
4DD
330
4D2
100
AcDbEntity
  8
0
100
AcDbBlockEnd
  0
BLOCK
  5
4DF
330
4DE
100
AcDbEntity
  8
0
100
AcDbBlockBegin
  2
*D49
 70
     1
 10
0.0
 20
0.0
 30
0.0
  3
*D49
  1

  0
LINE
  5
4E0
330
4DE
100
AcDbEntity
  8
OLCU (BEYKENT)
 62
     0
440
 16777216
370
    -2
100
AcDbLine
 10
106983.422299438
 20
12650.45471318393
 30
0.0
 11
106983.422299438
 21
12633.27471318393
 31
0.0
  0
LINE
  5
4E1
330
4DE
100
AcDbEntity
  8
OLCU (BEYKENT)
 62
     0
440
 16777216
370
    -2
100
AcDbLine
 10
106998.422299438
 20
12650.45471318393
 30
0.0
 11
106998.422299438
 21
12633.27471318393
 31
0.0
  0
LINE
  5
4E2
330
4DE
100
AcDbEntity
  8
OLCU (BEYKENT)
 62
     0
440
 16777216
370
    -2
100
AcDbLine
 10
106983.422299438
 20
12633.45471318393
 30
0.0
 11
106998.422299438
 21
12633.45471318393
 31
0.0
  0
LINE
  5
4E3
330
4DE
100
AcDbEntity
  8
OLCU (BEYKENT)
 62
     0
440
 16777216
370
    -2
100
AcDbLine
 10
106995.422299438
 20
12630.45471318393
 30
0.0
 11
107001.422299438
 21
12636.45471318393
 31
0.0
  0
LINE
  5
4E4
330
4DE
100
AcDbEntity
  8
OLCU (BEYKENT)
 62
     0
440
 16777216
370
    -2
100
AcDbLine
 10
106980.422299438
 20
12630.45471318393
 30
0.0
 11
106986.422299438
 21
12636.45471318393
 31
0.0
  0
MTEXT
  5
4E5
330
4DE
100
AcDbEntity
  8
OLCU (BEYKENT)
 62
     7
440
 16777216
370
    20
100
AcDbMText
 10
106990.922299438
 20
12641.51661139576
 30
0.0
 40
12.0
 41
0.0
 46
0.0
 71
     5
 72
     1
  1
\A1;15
  7
YAZI (BEYKENT)
 73
     1
 44
1.0
  0
POINT
  5
4E6
330
4DE
100
AcDbEntity
  8
Defpoints
 62
     0
440
 16777216
100
AcDbPoint
 10
106983.422299438
 20
12653.45471318393
 30
0.0
  0
POINT
  5
4E7
330
4DE
100
AcDbEntity
  8
Defpoints
 62
     0
440
 16777216
100
AcDbPoint
 10
106998.422299438
 20
12653.45471318393
 30
0.0
  0
POINT
  5
4E8
330
4DE
100
AcDbEntity
  8
Defpoints
 62
     0
440
 16777216
100
AcDbPoint
 10
106998.422299438
 20
12633.45471318393
 30
0.0
  0
ENDBLK
  5
4E9
330
4DE
100
AcDbEntity
  8
0
100
AcDbBlockEnd
  0
BLOCK
  5
4EB
330
4EA
100
AcDbEntity
  8
0
100
AcDbBlockBegin
  2
*D50
 70
     1
 10
0.0
 20
0.0
 30
0.0
  3
*D50
  1

  0
LINE
  5
4EC
330
4EA
100
AcDbEntity
  8
OLCU (BEYKENT)
 62
     0
440
 16777216
370
    -2
100
AcDbLine
 10
106983.422299438
 20
12385.45471318393
 30
0.0
 11
106983.422299438
 21
12368.27471318393
 31
0.0
  0
LINE
  5
4ED
330
4EA
100
AcDbEntity
  8
OLCU (BEYKENT)
 62
     0
440
 16777216
370
    -2
100
AcDbLine
 10
106998.422299438
 20
12385.45471318393
 30
0.0
 11
106998.422299438
 21
12368.27471318393
 31
0.0
  0
LINE
  5
4EE
330
4EA
100
AcDbEntity
  8
OLCU (BEYKENT)
 62
     0
440
 16777216
370
    -2
100
AcDbLine
 10
106983.422299438
 20
12368.45471318393
 30
0.0
 11
106998.422299438
 21
12368.45471318393
 31
0.0
  0
LINE
  5
4EF
330
4EA
100
AcDbEntity
  8
OLCU (BEYKENT)
 62
     0
440
 16777216
370
    -2
100
AcDbLine
 10
106995.422299438
 20
12365.45471318393
 30
0.0
 11
107001.422299438
 21
12371.45471318393
 31
0.0
  0
LINE
  5
4F0
330
4EA
100
AcDbEntity
  8
OLCU (BEYKENT)
 62
     0
440
 16777216
370
    -2
100
AcDbLine
 10
106980.422299438
 20
12365.45471318393
 30
0.0
 11
106986.422299438
 21
12371.45471318393
 31
0.0
  0
MTEXT
  5
4F1
330
4EA
100
AcDbEntity
  8
OLCU (BEYKENT)
 62
     7
440
 16777216
370
    20
100
AcDbMText
 10
106990.922299438
 20
12376.51661139576
 30
0.0
 40
12.0
 41
0.0
 46
0.0
 71
     5
 72
     1
  1
\A1;15
  7
YAZI (BEYKENT)
 73
     1
 44
1.0
  0
POINT
  5
4F2
330
4EA
100
AcDbEntity
  8
Defpoints
 62
     0
440
 16777216
100
AcDbPoint
 10
106983.422299438
 20
12388.45471318393
 30
0.0
  0
POINT
  5
4F3
330
4EA
100
AcDbEntity
  8
Defpoints
 62
     0
440
 16777216
100
AcDbPoint
 10
106998.422299438
 20
12388.45471318393
 30
0.0
  0
POINT
  5
4F4
330
4EA
100
AcDbEntity
  8
Defpoints
 62
     0
440
 16777216
100
AcDbPoint
 10
106998.422299438
 20
12368.45471318393
 30
0.0
  0
ENDBLK
  5
4F5
330
4EA
100
AcDbEntity
  8
0
100
AcDbBlockEnd
  0
BLOCK
  5
4F7
330
4F6
100
AcDbEntity
  8
0
100
AcDbBlockBegin
  2
*D51
 70
     1
 10
0.0
 20
0.0
 30
0.0
  3
*D51
  1

  0
LINE
  5
4F8
330
4F6
100
AcDbEntity
  8
AKS OLCU (BEYKENT)
 62
     0
440
 16777216
370
    -2
100
AcDbLine
 10
107393.4221977689
 20
14181.45471318393
 30
0.0
 11
107393.4221977689
 21
14178.63471318393
 31
0.0
  0
LINE
  5
4F9
330
4F6
100
AcDbEntity
  8
AKS OLCU (BEYKENT)
 62
     0
440
 16777216
370
    -2
100
AcDbLine
 10
109823.4221977689
 20
14181.45471318393
 30
0.0
 11
109823.4221977689
 21
14178.63471318393
 31
0.0
  0
LINE
  5
4FA
330
4F6
100
AcDbEntity
  8
AKS OLCU (BEYKENT)
 62
     0
440
 16777216
370
    -2
100
AcDbLine
 10
107393.4221977689
 20
14178.45471318393
 30
0.0
 11
109823.4221977689
 21
14178.45471318393
 31
0.0
  0
LINE
  5
4FB
330
4F6
100
AcDbEntity
  8
AKS OLCU (BEYKENT)
 62
     0
440
 16777216
370
    -2
100
AcDbLine
 10
109820.4221977689
 20
14175.45471318393
 30
0.0
 11
109826.4221977689
 21
14181.45471318393
 31
0.0
  0
LINE
  5
4FC
330
4F6
100
AcDbEntity
  8
AKS OLCU (BEYKENT)
 62
     0
440
 16777216
370
    -2
100
AcDbLine
 10
107390.4221977689
 20
14175.45471318393
 30
0.0
 11
107396.4221977689
 21
14181.45471318393
 31
0.0
  0
MTEXT
  5
4FD
330
4F6
100
AcDbEntity
  8
AKS OLCU (BEYKENT)
 62
     7
440
 16777216
100
AcDbMText
 10
108608.4221977689
 20
14186.57850960759
 30
0.0
 40
12.0
 41
0.0
 46
0.0
 71
     5
 72
     1
  1
\A1;2430
  7
YAZI (BEYKENT)
 73
     1
 44
1.0
  0
POINT
  5
4FE
330
4F6
100
AcDbEntity
  8
Defpoints
 62
     0
440
 16777216
100
AcDbPoint
 10
107393.4221977689
 20
14178.45471318393
 30
0.0
  0
POINT
  5
4FF
330
4F6
100
AcDbEntity
  8
Defpoints
 62
     0
440
 16777216
100
AcDbPoint
 10
109823.4221977689
 20
14178.45471318393
 30
0.0
  0
POINT
  5
500
330
4F6
100
AcDbEntity
  8
Defpoints
 62
     0
440
 16777216
100
AcDbPoint
 10
109823.4221977689
 20
14178.45471318393
 30
0.0
  0
ENDBLK
  5
501
330
4F6
100
AcDbEntity
  8
0
100
AcDbBlockEnd
  0
BLOCK
  5
503
330
502
100
AcDbEntity
  8
0
100
AcDbBlockBegin
  2
*D52
 70
     1
 10
0.0
 20
0.0
 30
0.0
  3
*D52
  1

  0
LINE
  5
504
330
502
100
AcDbEntity
  8
AKS OLCU (BEYKENT)
 62
     0
440
 16777216
370
    -2
100
AcDbLine
 10
107393.4221977689
 20
14161.45471318393
 30
0.0
 11
107393.4221977689
 21
14158.63471319034
 31
0.0
  0
LINE
  5
505
330
502
100
AcDbEntity
  8
AKS OLCU (BEYKENT)
 62
     0
440
 16777216
370
    -2
100
AcDbLine
 10
107688.4221977753
 20
14161.45471319033
 30
0.0
 11
107688.4221977753
 21
14158.63471319034
 31
0.0
  0
LINE
  5
506
330
502
100
AcDbEntity
  8
AKS OLCU (BEYKENT)
 62
     0
440
 16777216
370
    -2
100
AcDbLine
 10
107393.4221977689
 20
14158.45471319034
 30
0.0
 11
107688.4221977753
 21
14158.45471319034
 31
0.0
  0
LINE
  5
507
330
502
100
AcDbEntity
  8
AKS OLCU (BEYKENT)
 62
     0
440
 16777216
370
    -2
100
AcDbLine
 10
107685.4221977753
 20
14155.45471319034
 30
0.0
 11
107691.4221977753
 21
14161.45471319033
 31
0.0
  0
LINE
  5
508
330
502
100
AcDbEntity
  8
AKS OLCU (BEYKENT)
 62
     0
440
 16777216
370
    -2
100
AcDbLine
 10
107390.4221977689
 20
14155.45471319034
 30
0.0
 11
107396.4221977689
 21
14161.45471319033
 31
0.0
  0
MTEXT
  5
509
330
502
100
AcDbEntity
  8
AKS OLCU (BEYKENT)
 62
     7
440
 16777216
100
AcDbMText
 10
107540.9221977721
 20
14166.578509614
 30
0.0
 40
12.0
 41
0.0
 46
0.0
 71
     5
 72
     1
  1
\A1;295
  7
YAZI (BEYKENT)
 73
     1
 44
1.0
  0
POINT
  5
50A
330
502
100
AcDbEntity
  8
Defpoints
 62
     0
440
 16777216
100
AcDbPoint
 10
107393.4221977689
 20
14158.45471318393
 30
0.0
  0
POINT
  5
50B
330
502
100
AcDbEntity
  8
Defpoints
 62
     0
440
 16777216
100
AcDbPoint
 10
107688.4221977753
 20
14158.45471319034
 30
0.0
  0
POINT
  5
50C
330
502
100
AcDbEntity
  8
Defpoints
 62
     0
440
 16777216
100
AcDbPoint
 10
107688.4221977753
 20
14158.45471319034
 30
0.0
  0
ENDBLK
  5
50D
330
502
100
AcDbEntity
  8
0
100
AcDbBlockEnd
  0
BLOCK
  5
50F
330
50E
100
AcDbEntity
  8
0
100
AcDbBlockBegin
  2
*D53
 70
     1
 10
0.0
 20
0.0
 30
0.0
  3
*D53
  1

  0
LINE
  5
510
330
50E
100
AcDbEntity
  8
AKS OLCU (BEYKENT)
 62
     0
440
 16777216
370
    -2
100
AcDbLine
 10
107688.4221977689
 20
14161.45471318393
 30
0.0
 11
107688.4221977689
 21
14158.63471318393
 31
0.0
  0
LINE
  5
511
330
50E
100
AcDbEntity
  8
AKS OLCU (BEYKENT)
 62
     0
440
 16777216
370
    -2
100
AcDbLine
 10
108048.4222977689
 20
14161.45471318393
 30
0.0
 11
108048.4222977689
 21
14158.63471318393
 31
0.0
  0
LINE
  5
512
330
50E
100
AcDbEntity
  8
AKS OLCU (BEYKENT)
 62
     0
440
 16777216
370
    -2
100
AcDbLine
 10
107688.4221977689
 20
14158.45471318393
 30
0.0
 11
108048.4222977689
 21
14158.45471318393
 31
0.0
  0
LINE
  5
513
330
50E
100
AcDbEntity
  8
AKS OLCU (BEYKENT)
 62
     0
440
 16777216
370
    -2
100
AcDbLine
 10
108045.4222977689
 20
14155.45471318393
 30
0.0
 11
108051.4222977689
 21
14161.45471318393
 31
0.0
  0
LINE
  5
514
330
50E
100
AcDbEntity
  8
AKS OLCU (BEYKENT)
 62
     0
440
 16777216
370
    -2
100
AcDbLine
 10
107685.4221977689
 20
14155.45471318393
 30
0.0
 11
107691.4221977689
 21
14161.45471318393
 31
0.0
  0
MTEXT
  5
515
330
50E
100
AcDbEntity
  8
AKS OLCU (BEYKENT)
 62
     7
440
 16777216
100
AcDbMText
 10
107868.4222477689
 20
14166.57850960759
 30
0.0
 40
12.0
 41
0.0
 46
0.0
 71
     5
 72
     1
  1
\A1;360
  7
YAZI (BEYKENT)
 73
     1
 44
1.0
  0
POINT
  5
516
330
50E
100
AcDbEntity
  8
Defpoints
 62
     0
440
 16777216
100
AcDbPoint
 10
107688.4221977689
 20
14158.45471318393
 30
0.0
  0
POINT
  5
517
330
50E
100
AcDbEntity
  8
Defpoints
 62
     0
440
 16777216
100
AcDbPoint
 10
108048.4222977689
 20
14158.45471318393
 30
0.0
  0
POINT
  5
518
330
50E
100
AcDbEntity
  8
Defpoints
 62
     0
440
 16777216
100
AcDbPoint
 10
108048.4222977689
 20
14158.45471318393
 30
0.0
  0
ENDBLK
  5
519
330
50E
100
AcDbEntity
  8
0
100
AcDbBlockEnd
  0
BLOCK
  5
51B
330
51A
100
AcDbEntity
  8
0
100
AcDbBlockBegin
  2
*D54
 70
     1
 10
0.0
 20
0.0
 30
0.0
  3
*D54
  1

  0
LINE
  5
51C
330
51A
100
AcDbEntity
  8
AKS OLCU (BEYKENT)
 62
     0
440
 16777216
370
    -2
100
AcDbLine
 10
108048.4222977689
 20
14161.45471318393
 30
0.0
 11
108048.4222977689
 21
14158.63471318393
 31
0.0
  0
LINE
  5
51D
330
51A
100
AcDbEntity
  8
AKS OLCU (BEYKENT)
 62
     0
440
 16777216
370
    -2
100
AcDbLine
 10
108203.4221977689
 20
14161.45471318393
 30
0.0
 11
108203.4221977689
 21
14158.63471318393
 31
0.0
  0
LINE
  5
51E
330
51A
100
AcDbEntity
  8
AKS OLCU (BEYKENT)
 62
     0
440
 16777216
370
    -2
100
AcDbLine
 10
108048.4222977689
 20
14158.45471318393
 30
0.0
 11
108203.4221977689
 21
14158.45471318393
 31
0.0
  0
LINE
  5
51F
330
51A
100
AcDbEntity
  8
AKS OLCU (BEYKENT)
 62
     0
440
 16777216
370
    -2
100
AcDbLine
 10
108200.4221977689
 20
14155.45471318393
 30
0.0
 11
108206.4221977689
 21
14161.45471318393
 31
0.0
  0
LINE
  5
520
330
51A
100
AcDbEntity
  8
AKS OLCU (BEYKENT)
 62
     0
440
 16777216
370
    -2
100
AcDbLine
 10
108045.4222977689
 20
14155.45471318393
 30
0.0
 11
108051.4222977689
 21
14161.45471318393
 31
0.0
  0
MTEXT
  5
521
330
51A
100
AcDbEntity
  8
AKS OLCU (BEYKENT)
 62
     7
440
 16777216
100
AcDbMText
 10
108125.9222477689
 20
14166.51661139576
 30
0.0
 40
12.0
 41
0.0
 46
0.0
 71
     5
 72
     1
  1
\A1;155
  7
YAZI (BEYKENT)
 73
     1
 44
1.0
  0
POINT
  5
522
330
51A
100
AcDbEntity
  8
Defpoints
 62
     0
440
 16777216
100
AcDbPoint
 10
108048.4222977689
 20
14158.45471318393
 30
0.0
  0
POINT
  5
523
330
51A
100
AcDbEntity
  8
Defpoints
 62
     0
440
 16777216
100
AcDbPoint
 10
108203.4221977689
 20
14158.45471318393
 30
0.0
  0
POINT
  5
524
330
51A
100
AcDbEntity
  8
Defpoints
 62
     0
440
 16777216
100
AcDbPoint
 10
108203.4221977689
 20
14158.45471318393
 30
0.0
  0
ENDBLK
  5
525
330
51A
100
AcDbEntity
  8
0
100
AcDbBlockEnd
  0
BLOCK
  5
527
330
526
100
AcDbEntity
  8
0
100
AcDbBlockBegin
  2
*D55
 70
     1
 10
0.0
 20
0.0
 30
0.0
  3
*D55
  1

  0
LINE
  5
528
330
526
100
AcDbEntity
  8
AKS OLCU (BEYKENT)
 62
     0
440
 16777216
370
    -2
100
AcDbLine
 10
108203.4221977689
 20
14161.45471318393
 30
0.0
 11
108203.4221977689
 21
14158.63471318393
 31
0.0
  0
LINE
  5
529
330
526
100
AcDbEntity
  8
AKS OLCU (BEYKENT)
 62
     0
440
 16777216
370
    -2
100
AcDbLine
 10
108618.4221977689
 20
14161.45471318393
 30
0.0
 11
108618.4221977689
 21
14158.63471318393
 31
0.0
  0
LINE
  5
52A
330
526
100
AcDbEntity
  8
AKS OLCU (BEYKENT)
 62
     0
440
 16777216
370
    -2
100
AcDbLine
 10
108203.4221977689
 20
14158.45471318393
 30
0.0
 11
108618.4221977689
 21
14158.45471318393
 31
0.0
  0
LINE
  5
52B
330
526
100
AcDbEntity
  8
AKS OLCU (BEYKENT)
 62
     0
440
 16777216
370
    -2
100
AcDbLine
 10
108615.4221977689
 20
14155.45471318393
 30
0.0
 11
108621.4221977689
 21
14161.45471318393
 31
0.0
  0
LINE
  5
52C
330
526
100
AcDbEntity
  8
AKS OLCU (BEYKENT)
 62
     0
440
 16777216
370
    -2
100
AcDbLine
 10
108200.4221977689
 20
14155.45471318393
 30
0.0
 11
108206.4221977689
 21
14161.45471318393
 31
0.0
  0
MTEXT
  5
52D
330
526
100
AcDbEntity
  8
AKS OLCU (BEYKENT)
 62
     7
440
 16777216
100
AcDbMText
 10
108410.9221977689
 20
14166.51661139576
 30
0.0
 40
12.0
 41
0.0
 46
0.0
 71
     5
 72
     1
  1
\A1;415
  7
YAZI (BEYKENT)
 73
     1
 44
1.0
  0
POINT
  5
52E
330
526
100
AcDbEntity
  8
Defpoints
 62
     0
440
 16777216
100
AcDbPoint
 10
108203.4221977689
 20
14158.45471318393
 30
0.0
  0
POINT
  5
52F
330
526
100
AcDbEntity
  8
Defpoints
 62
     0
440
 16777216
100
AcDbPoint
 10
108618.4221977689
 20
14158.45471318393
 30
0.0
  0
POINT
  5
530
330
526
100
AcDbEntity
  8
Defpoints
 62
     0
440
 16777216
100
AcDbPoint
 10
108618.4221977689
 20
14158.45471318393
 30
0.0
  0
ENDBLK
  5
531
330
526
100
AcDbEntity
  8
0
100
AcDbBlockEnd
  0
BLOCK
  5
533
330
532
100
AcDbEntity
  8
0
100
AcDbBlockBegin
  2
*D56
 70
     1
 10
0.0
 20
0.0
 30
0.0
  3
*D56
  1

  0
LINE
  5
534
330
532
100
AcDbEntity
  8
AKS OLCU (BEYKENT)
 62
     0
440
 16777216
370
    -2
100
AcDbLine
 10
108618.4221977689
 20
14161.45471318393
 30
0.0
 11
108618.4221977689
 21
14158.63471318393
 31
0.0
  0
LINE
  5
535
330
532
100
AcDbEntity
  8
AKS OLCU (BEYKENT)
 62
     0
440
 16777216
370
    -2
100
AcDbLine
 10
108868.4221977689
 20
14161.45471318393
 30
0.0
 11
108868.4221977689
 21
14158.63471318393
 31
0.0
  0
LINE
  5
536
330
532
100
AcDbEntity
  8
AKS OLCU (BEYKENT)
 62
     0
440
 16777216
370
    -2
100
AcDbLine
 10
108618.4221977689
 20
14158.45471318393
 30
0.0
 11
108868.4221977689
 21
14158.45471318393
 31
0.0
  0
LINE
  5
537
330
532
100
AcDbEntity
  8
AKS OLCU (BEYKENT)
 62
     0
440
 16777216
370
    -2
100
AcDbLine
 10
108865.4221977689
 20
14155.45471318393
 30
0.0
 11
108871.4221977689
 21
14161.45471318393
 31
0.0
  0
LINE
  5
538
330
532
100
AcDbEntity
  8
AKS OLCU (BEYKENT)
 62
     0
440
 16777216
370
    -2
100
AcDbLine
 10
108615.4221977689
 20
14155.45471318393
 30
0.0
 11
108621.4221977689
 21
14161.45471318393
 31
0.0
  0
MTEXT
  5
539
330
532
100
AcDbEntity
  8
AKS OLCU (BEYKENT)
 62
     7
440
 16777216
100
AcDbMText
 10
108743.4221977689
 20
14166.57850960759
 30
0.0
 40
12.0
 41
0.0
 46
0.0
 71
     5
 72
     1
  1
\A1;250
  7
YAZI (BEYKENT)
 73
     1
 44
1.0
  0
POINT
  5
53A
330
532
100
AcDbEntity
  8
Defpoints
 62
     0
440
 16777216
100
AcDbPoint
 10
108618.4221977689
 20
14158.45471318393
 30
0.0
  0
POINT
  5
53B
330
532
100
AcDbEntity
  8
Defpoints
 62
     0
440
 16777216
100
AcDbPoint
 10
108868.4221977689
 20
14158.45471318393
 30
0.0
  0
POINT
  5
53C
330
532
100
AcDbEntity
  8
Defpoints
 62
     0
440
 16777216
100
AcDbPoint
 10
108868.4221977689
 20
14158.45471318393
 30
0.0
  0
ENDBLK
  5
53D
330
532
100
AcDbEntity
  8
0
100
AcDbBlockEnd
  0
BLOCK
  5
53F
330
53E
100
AcDbEntity
  8
0
100
AcDbBlockBegin
  2
*D57
 70
     1
 10
0.0
 20
0.0
 30
0.0
  3
*D57
  1

  0
LINE
  5
540
330
53E
100
AcDbEntity
  8
AKS OLCU (BEYKENT)
 62
     0
440
 16777216
370
    -2
100
AcDbLine
 10
108868.4221977689
 20
14161.45471318393
 30
0.0
 11
108868.4221977689
 21
14158.63471318393
 31
0.0
  0
LINE
  5
541
330
53E
100
AcDbEntity
  8
AKS OLCU (BEYKENT)
 62
     0
440
 16777216
370
    -2
100
AcDbLine
 10
109013.4221977689
 20
14161.45471318393
 30
0.0
 11
109013.4221977689
 21
14158.63471318393
 31
0.0
  0
LINE
  5
542
330
53E
100
AcDbEntity
  8
AKS OLCU (BEYKENT)
 62
     0
440
 16777216
370
    -2
100
AcDbLine
 10
108868.4221977689
 20
14158.45471318393
 30
0.0
 11
109013.4221977689
 21
14158.45471318393
 31
0.0
  0
LINE
  5
543
330
53E
100
AcDbEntity
  8
AKS OLCU (BEYKENT)
 62
     0
440
 16777216
370
    -2
100
AcDbLine
 10
109010.4221977689
 20
14155.45471318393
 30
0.0
 11
109016.4221977689
 21
14161.45471318393
 31
0.0
  0
LINE
  5
544
330
53E
100
AcDbEntity
  8
AKS OLCU (BEYKENT)
 62
     0
440
 16777216
370
    -2
100
AcDbLine
 10
108865.4221977689
 20
14155.45471318393
 30
0.0
 11
108871.4221977689
 21
14161.45471318393
 31
0.0
  0
MTEXT
  5
545
330
53E
100
AcDbEntity
  8
AKS OLCU (BEYKENT)
 62
     7
440
 16777216
100
AcDbMText
 10
108940.9221977689
 20
14166.51661139576
 30
0.0
 40
12.0
 41
0.0
 46
0.0
 71
     5
 72
     1
  1
\A1;145
  7
YAZI (BEYKENT)
 73
     1
 44
1.0
  0
POINT
  5
546
330
53E
100
AcDbEntity
  8
Defpoints
 62
     0
440
 16777216
100
AcDbPoint
 10
108868.4221977689
 20
14158.45471318393
 30
0.0
  0
POINT
  5
547
330
53E
100
AcDbEntity
  8
Defpoints
 62
     0
440
 16777216
100
AcDbPoint
 10
109013.4221977689
 20
14158.45471318393
 30
0.0
  0
POINT
  5
548
330
53E
100
AcDbEntity
  8
Defpoints
 62
     0
440
 16777216
100
AcDbPoint
 10
109013.4221977689
 20
14158.45471318393
 30
0.0
  0
ENDBLK
  5
549
330
53E
100
AcDbEntity
  8
0
100
AcDbBlockEnd
  0
BLOCK
  5
54B
330
54A
100
AcDbEntity
  8
0
100
AcDbBlockBegin
  2
*D58
 70
     1
 10
0.0
 20
0.0
 30
0.0
  3
*D58
  1

  0
LINE
  5
54C
330
54A
100
AcDbEntity
  8
AKS OLCU (BEYKENT)
 62
     0
440
 16777216
370
    -2
100
AcDbLine
 10
109013.4221977689
 20
14161.45471318393
 30
0.0
 11
109013.4221977689
 21
14158.63471318393
 31
0.0
  0
LINE
  5
54D
330
54A
100
AcDbEntity
  8
AKS OLCU (BEYKENT)
 62
     0
440
 16777216
370
    -2
100
AcDbLine
 10
109118.4221977689
 20
14161.45471318393
 30
0.0
 11
109118.4221977689
 21
14158.63471318393
 31
0.0
  0
LINE
  5
54E
330
54A
100
AcDbEntity
  8
AKS OLCU (BEYKENT)
 62
     0
440
 16777216
370
    -2
100
AcDbLine
 10
109013.4221977689
 20
14158.45471318393
 30
0.0
 11
109118.4221977689
 21
14158.45471318393
 31
0.0
  0
LINE
  5
54F
330
54A
100
AcDbEntity
  8
AKS OLCU (BEYKENT)
 62
     0
440
 16777216
370
    -2
100
AcDbLine
 10
109115.4221977689
 20
14155.45471318393
 30
0.0
 11
109121.4221977689
 21
14161.45471318393
 31
0.0
  0
LINE
  5
550
330
54A
100
AcDbEntity
  8
AKS OLCU (BEYKENT)
 62
     0
440
 16777216
370
    -2
100
AcDbLine
 10
109010.4221977689
 20
14155.45471318393
 30
0.0
 11
109016.4221977689
 21
14161.45471318393
 31
0.0
  0
MTEXT
  5
551
330
54A
100
AcDbEntity
  8
AKS OLCU (BEYKENT)
 62
     7
440
 16777216
100
AcDbMText
 10
109065.9221977689
 20
14166.57850960759
 30
0.0
 40
12.0
 41
0.0
 46
0.0
 71
     5
 72
     1
  1
\A1;105
  7
YAZI (BEYKENT)
 73
     1
 44
1.0
  0
POINT
  5
552
330
54A
100
AcDbEntity
  8
Defpoints
 62
     0
440
 16777216
100
AcDbPoint
 10
109013.4221977689
 20
14158.45471318393
 30
0.0
  0
POINT
  5
553
330
54A
100
AcDbEntity
  8
Defpoints
 62
     0
440
 16777216
100
AcDbPoint
 10
109118.4221977689
 20
14158.45471318393
 30
0.0
  0
POINT
  5
554
330
54A
100
AcDbEntity
  8
Defpoints
 62
     0
440
 16777216
100
AcDbPoint
 10
109118.4221977689
 20
14158.45471318393
 30
0.0
  0
ENDBLK
  5
555
330
54A
100
AcDbEntity
  8
0
100
AcDbBlockEnd
  0
BLOCK
  5
557
330
556
100
AcDbEntity
  8
0
100
AcDbBlockBegin
  2
*D59
 70
     1
 10
0.0
 20
0.0
 30
0.0
  3
*D59
  1

  0
LINE
  5
558
330
556
100
AcDbEntity
  8
AKS OLCU (BEYKENT)
 62
     0
440
 16777216
370
    -2
100
AcDbLine
 10
109118.4221977689
 20
14161.45471318393
 30
0.0
 11
109118.4221977689
 21
14158.63471318393
 31
0.0
  0
LINE
  5
559
330
556
100
AcDbEntity
  8
AKS OLCU (BEYKENT)
 62
     0
440
 16777216
370
    -2
100
AcDbLine
 10
109193.4221977689
 20
14161.45471318393
 30
0.0
 11
109193.4221977689
 21
14158.63471318393
 31
0.0
  0
LINE
  5
55A
330
556
100
AcDbEntity
  8
AKS OLCU (BEYKENT)
 62
     0
440
 16777216
370
    -2
100
AcDbLine
 10
109118.4221977689
 20
14158.45471318393
 30
0.0
 11
109193.4221977689
 21
14158.45471318393
 31
0.0
  0
LINE
  5
55B
330
556
100
AcDbEntity
  8
AKS OLCU (BEYKENT)
 62
     0
440
 16777216
370
    -2
100
AcDbLine
 10
109190.4221977689
 20
14155.45471318393
 30
0.0
 11
109196.4221977689
 21
14161.45471318393
 31
0.0
  0
LINE
  5
55C
330
556
100
AcDbEntity
  8
AKS OLCU (BEYKENT)
 62
     0
440
 16777216
370
    -2
100
AcDbLine
 10
109115.4221977689
 20
14155.45471318393
 30
0.0
 11
109121.4221977689
 21
14161.45471318393
 31
0.0
  0
MTEXT
  5
55D
330
556
100
AcDbEntity
  8
AKS OLCU (BEYKENT)
 62
     7
440
 16777216
100
AcDbMText
 10
109155.9221977689
 20
14166.51661139576
 30
0.0
 40
12.0
 41
0.0
 46
0.0
 71
     5
 72
     1
  1
\A1;75
  7
YAZI (BEYKENT)
 73
     1
 44
1.0
  0
POINT
  5
55E
330
556
100
AcDbEntity
  8
Defpoints
 62
     0
440
 16777216
100
AcDbPoint
 10
109118.4221977689
 20
14158.45471318393
 30
0.0
  0
POINT
  5
55F
330
556
100
AcDbEntity
  8
Defpoints
 62
     0
440
 16777216
100
AcDbPoint
 10
109193.4221977689
 20
14158.45471318393
 30
0.0
  0
POINT
  5
560
330
556
100
AcDbEntity
  8
Defpoints
 62
     0
440
 16777216
100
AcDbPoint
 10
109193.4221977689
 20
14158.45471318393
 30
0.0
  0
ENDBLK
  5
561
330
556
100
AcDbEntity
  8
0
100
AcDbBlockEnd
  0
BLOCK
  5
563
330
562
100
AcDbEntity
  8
0
100
AcDbBlockBegin
  2
*D60
 70
     1
 10
0.0
 20
0.0
 30
0.0
  3
*D60
  1

  0
LINE
  5
564
330
562
100
AcDbEntity
  8
AKS OLCU (BEYKENT)
 62
     0
440
 16777216
370
    -2
100
AcDbLine
 10
109193.4221977689
 20
14161.45471318393
 30
0.0
 11
109193.4221977689
 21
14158.63471318393
 31
0.0
  0
LINE
  5
565
330
562
100
AcDbEntity
  8
AKS OLCU (BEYKENT)
 62
     0
440
 16777216
370
    -2
100
AcDbLine
 10
109528.4221977689
 20
14161.45471318393
 30
0.0
 11
109528.4221977689
 21
14158.63471318393
 31
0.0
  0
LINE
  5
566
330
562
100
AcDbEntity
  8
AKS OLCU (BEYKENT)
 62
     0
440
 16777216
370
    -2
100
AcDbLine
 10
109193.4221977689
 20
14158.45471318393
 30
0.0
 11
109528.4221977689
 21
14158.45471318393
 31
0.0
  0
LINE
  5
567
330
562
100
AcDbEntity
  8
AKS OLCU (BEYKENT)
 62
     0
440
 16777216
370
    -2
100
AcDbLine
 10
109525.4221977689
 20
14155.45471318393
 30
0.0
 11
109531.4221977689
 21
14161.45471318393
 31
0.0
  0
LINE
  5
568
330
562
100
AcDbEntity
  8
AKS OLCU (BEYKENT)
 62
     0
440
 16777216
370
    -2
100
AcDbLine
 10
109190.4221977689
 20
14155.45471318393
 30
0.0
 11
109196.4221977689
 21
14161.45471318393
 31
0.0
  0
MTEXT
  5
569
330
562
100
AcDbEntity
  8
AKS OLCU (BEYKENT)
 62
     7
440
 16777216
100
AcDbMText
 10
109360.9221977689
 20
14166.57850960759
 30
0.0
 40
12.0
 41
0.0
 46
0.0
 71
     5
 72
     1
  1
\A1;335
  7
YAZI (BEYKENT)
 73
     1
 44
1.0
  0
POINT
  5
56A
330
562
100
AcDbEntity
  8
Defpoints
 62
     0
440
 16777216
100
AcDbPoint
 10
109193.4221977689
 20
14158.45471318393
 30
0.0
  0
POINT
  5
56B
330
562
100
AcDbEntity
  8
Defpoints
 62
     0
440
 16777216
100
AcDbPoint
 10
109528.4221977689
 20
14158.45471318393
 30
0.0
  0
POINT
  5
56C
330
562
100
AcDbEntity
  8
Defpoints
 62
     0
440
 16777216
100
AcDbPoint
 10
109528.4221977689
 20
14158.45471318393
 30
0.0
  0
ENDBLK
  5
56D
330
562
100
AcDbEntity
  8
0
100
AcDbBlockEnd
  0
BLOCK
  5
56F
330
56E
100
AcDbEntity
  8
0
100
AcDbBlockBegin
  2
*D61
 70
     1
 10
0.0
 20
0.0
 30
0.0
  3
*D61
  1

  0
LINE
  5
570
330
56E
100
AcDbEntity
  8
AKS OLCU (BEYKENT)
 62
     0
440
 16777216
370
    -2
100
AcDbLine
 10
109528.4221977689
 20
14161.45471318393
 30
0.0
 11
109528.4221977689
 21
14158.63471318393
 31
0.0
  0
LINE
  5
571
330
56E
100
AcDbEntity
  8
AKS OLCU (BEYKENT)
 62
     0
440
 16777216
370
    -2
100
AcDbLine
 10
109823.4221977689
 20
14161.45471318393
 30
0.0
 11
109823.4221977689
 21
14158.63471318393
 31
0.0
  0
LINE
  5
572
330
56E
100
AcDbEntity
  8
AKS OLCU (BEYKENT)
 62
     0
440
 16777216
370
    -2
100
AcDbLine
 10
109528.4221977689
 20
14158.45471318393
 30
0.0
 11
109823.4221977689
 21
14158.45471318393
 31
0.0
  0
LINE
  5
573
330
56E
100
AcDbEntity
  8
AKS OLCU (BEYKENT)
 62
     0
440
 16777216
370
    -2
100
AcDbLine
 10
109820.4221977689
 20
14155.45471318393
 30
0.0
 11
109826.4221977689
 21
14161.45471318393
 31
0.0
  0
LINE
  5
574
330
56E
100
AcDbEntity
  8
AKS OLCU (BEYKENT)
 62
     0
440
 16777216
370
    -2
100
AcDbLine
 10
109525.4221977689
 20
14155.45471318393
 30
0.0
 11
109531.4221977689
 21
14161.45471318393
 31
0.0
  0
MTEXT
  5
575
330
56E
100
AcDbEntity
  8
AKS OLCU (BEYKENT)
 62
     7
440
 16777216
100
AcDbMText
 10
109675.9221977689
 20
14166.57850960759
 30
0.0
 40
12.0
 41
0.0
 46
0.0
 71
     5
 72
     1
  1
\A1;295
  7
YAZI (BEYKENT)
 73
     1
 44
1.0
  0
POINT
  5
576
330
56E
100
AcDbEntity
  8
Defpoints
 62
     0
440
 16777216
100
AcDbPoint
 10
109528.4221977689
 20
14158.45471318393
 30
0.0
  0
POINT
  5
577
330
56E
100
AcDbEntity
  8
Defpoints
 62
     0
440
 16777216
100
AcDbPoint
 10
109823.4221977689
 20
14158.45471318393
 30
0.0
  0
POINT
  5
578
330
56E
100
AcDbEntity
  8
Defpoints
 62
     0
440
 16777216
100
AcDbPoint
 10
109823.4221977689
 20
14158.45471318393
 30
0.0
  0
ENDBLK
  5
579
330
56E
100
AcDbEntity
  8
0
100
AcDbBlockEnd
  0
BLOCK
  5
57B
330
57A
100
AcDbEntity
  8
0
100
AcDbBlockBegin
  2
*D62
 70
     1
 10
0.0
 20
0.0
 30
0.0
  3
*D62
  1

  0
LINE
  5
57C
330
57A
100
AcDbEntity
  8
AKS OLCU (BEYKENT)
 62
     0
440
 16777216
370
    -2
100
AcDbLine
 10
107393.422197769
 20
12211.45471318393
 30
0.0
 11
107393.422197769
 21
12208.63471318393
 31
0.0
  0
LINE
  5
57D
330
57A
100
AcDbEntity
  8
AKS OLCU (BEYKENT)
 62
     0
440
 16777216
370
    -2
100
AcDbLine
 10
109823.422197769
 20
12211.45471318393
 30
0.0
 11
109823.422197769
 21
12208.63471318393
 31
0.0
  0
LINE
  5
57E
330
57A
100
AcDbEntity
  8
AKS OLCU (BEYKENT)
 62
     0
440
 16777216
370
    -2
100
AcDbLine
 10
107393.422197769
 20
12208.45471318393
 30
0.0
 11
109823.422197769
 21
12208.45471318393
 31
0.0
  0
LINE
  5
57F
330
57A
100
AcDbEntity
  8
AKS OLCU (BEYKENT)
 62
     0
440
 16777216
370
    -2
100
AcDbLine
 10
109820.422197769
 20
12205.45471318393
 30
0.0
 11
109826.422197769
 21
12211.45471318393
 31
0.0
  0
LINE
  5
580
330
57A
100
AcDbEntity
  8
AKS OLCU (BEYKENT)
 62
     0
440
 16777216
370
    -2
100
AcDbLine
 10
107390.422197769
 20
12205.45471318393
 30
0.0
 11
107396.422197769
 21
12211.45471318393
 31
0.0
  0
MTEXT
  5
581
330
57A
100
AcDbEntity
  8
AKS OLCU (BEYKENT)
 62
     7
440
 16777216
100
AcDbMText
 10
108608.422197769
 20
12216.57850960759
 30
0.0
 40
12.0
 41
0.0
 46
0.0
 71
     5
 72
     1
  1
\A1;2430
  7
YAZI (BEYKENT)
 73
     1
 44
1.0
  0
POINT
  5
582
330
57A
100
AcDbEntity
  8
Defpoints
 62
     0
440
 16777216
100
AcDbPoint
 10
107393.422197769
 20
12208.45471318393
 30
0.0
  0
POINT
  5
583
330
57A
100
AcDbEntity
  8
Defpoints
 62
     0
440
 16777216
100
AcDbPoint
 10
109823.422197769
 20
12208.45471318393
 30
0.0
  0
POINT
  5
584
330
57A
100
AcDbEntity
  8
Defpoints
 62
     0
440
 16777216
100
AcDbPoint
 10
109823.422197769
 20
12208.45471318393
 30
0.0
  0
ENDBLK
  5
585
330
57A
100
AcDbEntity
  8
0
100
AcDbBlockEnd
  0
BLOCK
  5
587
330
586
100
AcDbEntity
  8
0
100
AcDbBlockBegin
  2
*D63
 70
     1
 10
0.0
 20
0.0
 30
0.0
  3
*D63
  1

  0
LINE
  5
588
330
586
100
AcDbEntity
  8
AKS OLCU (BEYKENT)
 62
     0
440
 16777216
370
    -2
100
AcDbLine
 10
107393.422197769
 20
12231.45471318393
 30
0.0
 11
107393.422197769
 21
12228.63471318393
 31
0.0
  0
LINE
  5
589
330
586
100
AcDbEntity
  8
AKS OLCU (BEYKENT)
 62
     0
440
 16777216
370
    -2
100
AcDbLine
 10
107688.422197769
 20
12231.45471318393
 30
0.0
 11
107688.422197769
 21
12228.63471318393
 31
0.0
  0
LINE
  5
58A
330
586
100
AcDbEntity
  8
AKS OLCU (BEYKENT)
 62
     0
440
 16777216
370
    -2
100
AcDbLine
 10
107393.422197769
 20
12228.45471318393
 30
0.0
 11
107688.422197769
 21
12228.45471318393
 31
0.0
  0
LINE
  5
58B
330
586
100
AcDbEntity
  8
AKS OLCU (BEYKENT)
 62
     0
440
 16777216
370
    -2
100
AcDbLine
 10
107685.422197769
 20
12225.45471318393
 30
0.0
 11
107691.422197769
 21
12231.45471318393
 31
0.0
  0
LINE
  5
58C
330
586
100
AcDbEntity
  8
AKS OLCU (BEYKENT)
 62
     0
440
 16777216
370
    -2
100
AcDbLine
 10
107390.422197769
 20
12225.45471318393
 30
0.0
 11
107396.422197769
 21
12231.45471318393
 31
0.0
  0
MTEXT
  5
58D
330
586
100
AcDbEntity
  8
AKS OLCU (BEYKENT)
 62
     7
440
 16777216
100
AcDbMText
 10
107540.922197769
 20
12236.57850960759
 30
0.0
 40
12.0
 41
0.0
 46
0.0
 71
     5
 72
     1
  1
\A1;295
  7
YAZI (BEYKENT)
 73
     1
 44
1.0
  0
POINT
  5
58E
330
586
100
AcDbEntity
  8
Defpoints
 62
     0
440
 16777216
100
AcDbPoint
 10
107393.422197769
 20
12228.45471318393
 30
0.0
  0
POINT
  5
58F
330
586
100
AcDbEntity
  8
Defpoints
 62
     0
440
 16777216
100
AcDbPoint
 10
107688.422197769
 20
12228.45471318393
 30
0.0
  0
POINT
  5
590
330
586
100
AcDbEntity
  8
Defpoints
 62
     0
440
 16777216
100
AcDbPoint
 10
107688.422197769
 20
12228.45471318393
 30
0.0
  0
ENDBLK
  5
591
330
586
100
AcDbEntity
  8
0
100
AcDbBlockEnd
  0
BLOCK
  5
593
330
592
100
AcDbEntity
  8
0
100
AcDbBlockBegin
  2
*D64
 70
     1
 10
0.0
 20
0.0
 30
0.0
  3
*D64
  1

  0
LINE
  5
594
330
592
100
AcDbEntity
  8
AKS OLCU (BEYKENT)
 62
     0
440
 16777216
370
    -2
100
AcDbLine
 10
107688.422197769
 20
12231.45471318393
 30
0.0
 11
107688.422197769
 21
12228.63471318393
 31
0.0
  0
LINE
  5
595
330
592
100
AcDbEntity
  8
AKS OLCU (BEYKENT)
 62
     0
440
 16777216
370
    -2
100
AcDbLine
 10
108048.422297769
 20
12231.45471318393
 30
0.0
 11
108048.422297769
 21
12228.63471318393
 31
0.0
  0
LINE
  5
596
330
592
100
AcDbEntity
  8
AKS OLCU (BEYKENT)
 62
     0
440
 16777216
370
    -2
100
AcDbLine
 10
107688.422197769
 20
12228.45471318393
 30
0.0
 11
108048.422297769
 21
12228.45471318393
 31
0.0
  0
LINE
  5
597
330
592
100
AcDbEntity
  8
AKS OLCU (BEYKENT)
 62
     0
440
 16777216
370
    -2
100
AcDbLine
 10
108045.422297769
 20
12225.45471318393
 30
0.0
 11
108051.422297769
 21
12231.45471318393
 31
0.0
  0
LINE
  5
598
330
592
100
AcDbEntity
  8
AKS OLCU (BEYKENT)
 62
     0
440
 16777216
370
    -2
100
AcDbLine
 10
107685.422197769
 20
12225.45471318393
 30
0.0
 11
107691.422197769
 21
12231.45471318393
 31
0.0
  0
MTEXT
  5
599
330
592
100
AcDbEntity
  8
AKS OLCU (BEYKENT)
 62
     7
440
 16777216
100
AcDbMText
 10
107868.422247769
 20
12236.57850960759
 30
0.0
 40
12.0
 41
0.0
 46
0.0
 71
     5
 72
     1
  1
\A1;360
  7
YAZI (BEYKENT)
 73
     1
 44
1.0
  0
POINT
  5
59A
330
592
100
AcDbEntity
  8
Defpoints
 62
     0
440
 16777216
100
AcDbPoint
 10
107688.422197769
 20
12228.45471318393
 30
0.0
  0
POINT
  5
59B
330
592
100
AcDbEntity
  8
Defpoints
 62
     0
440
 16777216
100
AcDbPoint
 10
108048.422297769
 20
12228.45471318393
 30
0.0
  0
POINT
  5
59C
330
592
100
AcDbEntity
  8
Defpoints
 62
     0
440
 16777216
100
AcDbPoint
 10
108048.422297769
 20
12228.45471318393
 30
0.0
  0
ENDBLK
  5
59D
330
592
100
AcDbEntity
  8
0
100
AcDbBlockEnd
  0
BLOCK
  5
59F
330
59E
100
AcDbEntity
  8
0
100
AcDbBlockBegin
  2
*D65
 70
     1
 10
0.0
 20
0.0
 30
0.0
  3
*D65
  1

  0
LINE
  5
5A0
330
59E
100
AcDbEntity
  8
AKS OLCU (BEYKENT)
 62
     0
440
 16777216
370
    -2
100
AcDbLine
 10
108048.422297769
 20
12231.45471318393
 30
0.0
 11
108048.422297769
 21
12228.63471318393
 31
0.0
  0
LINE
  5
5A1
330
59E
100
AcDbEntity
  8
AKS OLCU (BEYKENT)
 62
     0
440
 16777216
370
    -2
100
AcDbLine
 10
108203.422197769
 20
12231.45471318393
 30
0.0
 11
108203.422197769
 21
12228.63471318393
 31
0.0
  0
LINE
  5
5A2
330
59E
100
AcDbEntity
  8
AKS OLCU (BEYKENT)
 62
     0
440
 16777216
370
    -2
100
AcDbLine
 10
108048.422297769
 20
12228.45471318393
 30
0.0
 11
108203.422197769
 21
12228.45471318393
 31
0.0
  0
LINE
  5
5A3
330
59E
100
AcDbEntity
  8
AKS OLCU (BEYKENT)
 62
     0
440
 16777216
370
    -2
100
AcDbLine
 10
108200.422197769
 20
12225.45471318393
 30
0.0
 11
108206.422197769
 21
12231.45471318393
 31
0.0
  0
LINE
  5
5A4
330
59E
100
AcDbEntity
  8
AKS OLCU (BEYKENT)
 62
     0
440
 16777216
370
    -2
100
AcDbLine
 10
108045.422297769
 20
12225.45471318393
 30
0.0
 11
108051.422297769
 21
12231.45471318393
 31
0.0
  0
MTEXT
  5
5A5
330
59E
100
AcDbEntity
  8
AKS OLCU (BEYKENT)
 62
     7
440
 16777216
100
AcDbMText
 10
108125.922247769
 20
12236.51661139576
 30
0.0
 40
12.0
 41
0.0
 46
0.0
 71
     5
 72
     1
  1
\A1;155
  7
YAZI (BEYKENT)
 73
     1
 44
1.0
  0
POINT
  5
5A6
330
59E
100
AcDbEntity
  8
Defpoints
 62
     0
440
 16777216
100
AcDbPoint
 10
108048.422297769
 20
12228.45471318393
 30
0.0
  0
POINT
  5
5A7
330
59E
100
AcDbEntity
  8
Defpoints
 62
     0
440
 16777216
100
AcDbPoint
 10
108203.422197769
 20
12228.45471318393
 30
0.0
  0
POINT
  5
5A8
330
59E
100
AcDbEntity
  8
Defpoints
 62
     0
440
 16777216
100
AcDbPoint
 10
108203.422197769
 20
12228.45471318393
 30
0.0
  0
ENDBLK
  5
5A9
330
59E
100
AcDbEntity
  8
0
100
AcDbBlockEnd
  0
BLOCK
  5
5AB
330
5AA
100
AcDbEntity
  8
0
100
AcDbBlockBegin
  2
*D66
 70
     1
 10
0.0
 20
0.0
 30
0.0
  3
*D66
  1

  0
LINE
  5
5AC
330
5AA
100
AcDbEntity
  8
AKS OLCU (BEYKENT)
 62
     0
440
 16777216
370
    -2
100
AcDbLine
 10
108203.422197769
 20
12231.45471318393
 30
0.0
 11
108203.422197769
 21
12228.63471318393
 31
0.0
  0
LINE
  5
5AD
330
5AA
100
AcDbEntity
  8
AKS OLCU (BEYKENT)
 62
     0
440
 16777216
370
    -2
100
AcDbLine
 10
108618.422197769
 20
12231.45471318393
 30
0.0
 11
108618.422197769
 21
12228.63471318393
 31
0.0
  0
LINE
  5
5AE
330
5AA
100
AcDbEntity
  8
AKS OLCU (BEYKENT)
 62
     0
440
 16777216
370
    -2
100
AcDbLine
 10
108203.422197769
 20
12228.45471318393
 30
0.0
 11
108618.422197769
 21
12228.45471318393
 31
0.0
  0
LINE
  5
5AF
330
5AA
100
AcDbEntity
  8
AKS OLCU (BEYKENT)
 62
     0
440
 16777216
370
    -2
100
AcDbLine
 10
108615.422197769
 20
12225.45471318393
 30
0.0
 11
108621.422197769
 21
12231.45471318393
 31
0.0
  0
LINE
  5
5B0
330
5AA
100
AcDbEntity
  8
AKS OLCU (BEYKENT)
 62
     0
440
 16777216
370
    -2
100
AcDbLine
 10
108200.422197769
 20
12225.45471318393
 30
0.0
 11
108206.422197769
 21
12231.45471318393
 31
0.0
  0
MTEXT
  5
5B1
330
5AA
100
AcDbEntity
  8
AKS OLCU (BEYKENT)
 62
     7
440
 16777216
100
AcDbMText
 10
108410.922197769
 20
12236.51661139576
 30
0.0
 40
12.0
 41
0.0
 46
0.0
 71
     5
 72
     1
  1
\A1;415
  7
YAZI (BEYKENT)
 73
     1
 44
1.0
  0
POINT
  5
5B2
330
5AA
100
AcDbEntity
  8
Defpoints
 62
     0
440
 16777216
100
AcDbPoint
 10
108203.422197769
 20
12228.45471318393
 30
0.0
  0
POINT
  5
5B3
330
5AA
100
AcDbEntity
  8
Defpoints
 62
     0
440
 16777216
100
AcDbPoint
 10
108618.422197769
 20
12228.45471318393
 30
0.0
  0
POINT
  5
5B4
330
5AA
100
AcDbEntity
  8
Defpoints
 62
     0
440
 16777216
100
AcDbPoint
 10
108618.422197769
 20
12228.45471318393
 30
0.0
  0
ENDBLK
  5
5B5
330
5AA
100
AcDbEntity
  8
0
100
AcDbBlockEnd
  0
BLOCK
  5
5B7
330
5B6
100
AcDbEntity
  8
0
100
AcDbBlockBegin
  2
*D67
 70
     1
 10
0.0
 20
0.0
 30
0.0
  3
*D67
  1

  0
LINE
  5
5B8
330
5B6
100
AcDbEntity
  8
AKS OLCU (BEYKENT)
 62
     0
440
 16777216
370
    -2
100
AcDbLine
 10
108618.422197769
 20
12231.45471318393
 30
0.0
 11
108618.422197769
 21
12228.63471318393
 31
0.0
  0
LINE
  5
5B9
330
5B6
100
AcDbEntity
  8
AKS OLCU (BEYKENT)
 62
     0
440
 16777216
370
    -2
100
AcDbLine
 10
108868.422197769
 20
12231.45471318393
 30
0.0
 11
108868.422197769
 21
12228.63471318393
 31
0.0
  0
LINE
  5
5BA
330
5B6
100
AcDbEntity
  8
AKS OLCU (BEYKENT)
 62
     0
440
 16777216
370
    -2
100
AcDbLine
 10
108618.422197769
 20
12228.45471318393
 30
0.0
 11
108868.422197769
 21
12228.45471318393
 31
0.0
  0
LINE
  5
5BB
330
5B6
100
AcDbEntity
  8
AKS OLCU (BEYKENT)
 62
     0
440
 16777216
370
    -2
100
AcDbLine
 10
108865.422197769
 20
12225.45471318393
 30
0.0
 11
108871.422197769
 21
12231.45471318393
 31
0.0
  0
LINE
  5
5BC
330
5B6
100
AcDbEntity
  8
AKS OLCU (BEYKENT)
 62
     0
440
 16777216
370
    -2
100
AcDbLine
 10
108615.422197769
 20
12225.45471318393
 30
0.0
 11
108621.422197769
 21
12231.45471318393
 31
0.0
  0
MTEXT
  5
5BD
330
5B6
100
AcDbEntity
  8
AKS OLCU (BEYKENT)
 62
     7
440
 16777216
100
AcDbMText
 10
108743.422197769
 20
12236.57850960759
 30
0.0
 40
12.0
 41
0.0
 46
0.0
 71
     5
 72
     1
  1
\A1;250
  7
YAZI (BEYKENT)
 73
     1
 44
1.0
  0
POINT
  5
5BE
330
5B6
100
AcDbEntity
  8
Defpoints
 62
     0
440
 16777216
100
AcDbPoint
 10
108618.422197769
 20
12228.45471318393
 30
0.0
  0
POINT
  5
5BF
330
5B6
100
AcDbEntity
  8
Defpoints
 62
     0
440
 16777216
100
AcDbPoint
 10
108868.422197769
 20
12228.45471318393
 30
0.0
  0
POINT
  5
5C0
330
5B6
100
AcDbEntity
  8
Defpoints
 62
     0
440
 16777216
100
AcDbPoint
 10
108868.422197769
 20
12228.45471318393
 30
0.0
  0
ENDBLK
  5
5C1
330
5B6
100
AcDbEntity
  8
0
100
AcDbBlockEnd
  0
BLOCK
  5
5C3
330
5C2
100
AcDbEntity
  8
0
100
AcDbBlockBegin
  2
*D68
 70
     1
 10
0.0
 20
0.0
 30
0.0
  3
*D68
  1

  0
LINE
  5
5C4
330
5C2
100
AcDbEntity
  8
AKS OLCU (BEYKENT)
 62
     0
440
 16777216
370
    -2
100
AcDbLine
 10
108868.422197769
 20
12231.45471318393
 30
0.0
 11
108868.422197769
 21
12228.63471318393
 31
0.0
  0
LINE
  5
5C5
330
5C2
100
AcDbEntity
  8
AKS OLCU (BEYKENT)
 62
     0
440
 16777216
370
    -2
100
AcDbLine
 10
109013.422197769
 20
12231.45471318393
 30
0.0
 11
109013.422197769
 21
12228.63471318393
 31
0.0
  0
LINE
  5
5C6
330
5C2
100
AcDbEntity
  8
AKS OLCU (BEYKENT)
 62
     0
440
 16777216
370
    -2
100
AcDbLine
 10
108868.422197769
 20
12228.45471318393
 30
0.0
 11
109013.422197769
 21
12228.45471318393
 31
0.0
  0
LINE
  5
5C7
330
5C2
100
AcDbEntity
  8
AKS OLCU (BEYKENT)
 62
     0
440
 16777216
370
    -2
100
AcDbLine
 10
109010.422197769
 20
12225.45471318393
 30
0.0
 11
109016.422197769
 21
12231.45471318393
 31
0.0
  0
LINE
  5
5C8
330
5C2
100
AcDbEntity
  8
AKS OLCU (BEYKENT)
 62
     0
440
 16777216
370
    -2
100
AcDbLine
 10
108865.422197769
 20
12225.45471318393
 30
0.0
 11
108871.422197769
 21
12231.45471318393
 31
0.0
  0
MTEXT
  5
5C9
330
5C2
100
AcDbEntity
  8
AKS OLCU (BEYKENT)
 62
     7
440
 16777216
100
AcDbMText
 10
108940.922197769
 20
12236.51661139576
 30
0.0
 40
12.0
 41
0.0
 46
0.0
 71
     5
 72
     1
  1
\A1;145
  7
YAZI (BEYKENT)
 73
     1
 44
1.0
  0
POINT
  5
5CA
330
5C2
100
AcDbEntity
  8
Defpoints
 62
     0
440
 16777216
100
AcDbPoint
 10
108868.422197769
 20
12228.45471318393
 30
0.0
  0
POINT
  5
5CB
330
5C2
100
AcDbEntity
  8
Defpoints
 62
     0
440
 16777216
100
AcDbPoint
 10
109013.422197769
 20
12228.45471318393
 30
0.0
  0
POINT
  5
5CC
330
5C2
100
AcDbEntity
  8
Defpoints
 62
     0
440
 16777216
100
AcDbPoint
 10
109013.422197769
 20
12228.45471318393
 30
0.0
  0
ENDBLK
  5
5CD
330
5C2
100
AcDbEntity
  8
0
100
AcDbBlockEnd
  0
BLOCK
  5
5CF
330
5CE
100
AcDbEntity
  8
0
100
AcDbBlockBegin
  2
*D69
 70
     1
 10
0.0
 20
0.0
 30
0.0
  3
*D69
  1

  0
LINE
  5
5D0
330
5CE
100
AcDbEntity
  8
AKS OLCU (BEYKENT)
 62
     0
440
 16777216
370
    -2
100
AcDbLine
 10
109013.422197769
 20
12231.45471318393
 30
0.0
 11
109013.422197769
 21
12228.63471318393
 31
0.0
  0
LINE
  5
5D1
330
5CE
100
AcDbEntity
  8
AKS OLCU (BEYKENT)
 62
     0
440
 16777216
370
    -2
100
AcDbLine
 10
109118.422197769
 20
12231.45471318393
 30
0.0
 11
109118.422197769
 21
12228.63471318393
 31
0.0
  0
LINE
  5
5D2
330
5CE
100
AcDbEntity
  8
AKS OLCU (BEYKENT)
 62
     0
440
 16777216
370
    -2
100
AcDbLine
 10
109013.422197769
 20
12228.45471318393
 30
0.0
 11
109118.422197769
 21
12228.45471318393
 31
0.0
  0
LINE
  5
5D3
330
5CE
100
AcDbEntity
  8
AKS OLCU (BEYKENT)
 62
     0
440
 16777216
370
    -2
100
AcDbLine
 10
109115.422197769
 20
12225.45471318393
 30
0.0
 11
109121.422197769
 21
12231.45471318393
 31
0.0
  0
LINE
  5
5D4
330
5CE
100
AcDbEntity
  8
AKS OLCU (BEYKENT)
 62
     0
440
 16777216
370
    -2
100
AcDbLine
 10
109010.422197769
 20
12225.45471318393
 30
0.0
 11
109016.422197769
 21
12231.45471318393
 31
0.0
  0
MTEXT
  5
5D5
330
5CE
100
AcDbEntity
  8
AKS OLCU (BEYKENT)
 62
     7
440
 16777216
100
AcDbMText
 10
109065.922197769
 20
12236.57850960759
 30
0.0
 40
12.0
 41
0.0
 46
0.0
 71
     5
 72
     1
  1
\A1;105
  7
YAZI (BEYKENT)
 73
     1
 44
1.0
  0
POINT
  5
5D6
330
5CE
100
AcDbEntity
  8
Defpoints
 62
     0
440
 16777216
100
AcDbPoint
 10
109013.422197769
 20
12228.45471318393
 30
0.0
  0
POINT
  5
5D7
330
5CE
100
AcDbEntity
  8
Defpoints
 62
     0
440
 16777216
100
AcDbPoint
 10
109118.422197769
 20
12228.45471318393
 30
0.0
  0
POINT
  5
5D8
330
5CE
100
AcDbEntity
  8
Defpoints
 62
     0
440
 16777216
100
AcDbPoint
 10
109118.422197769
 20
12228.45471318393
 30
0.0
  0
ENDBLK
  5
5D9
330
5CE
100
AcDbEntity
  8
0
100
AcDbBlockEnd
  0
BLOCK
  5
5DB
330
5DA
100
AcDbEntity
  8
0
100
AcDbBlockBegin
  2
*D70
 70
     1
 10
0.0
 20
0.0
 30
0.0
  3
*D70
  1

  0
LINE
  5
5DC
330
5DA
100
AcDbEntity
  8
AKS OLCU (BEYKENT)
 62
     0
440
 16777216
370
    -2
100
AcDbLine
 10
109118.422197769
 20
12231.45471318393
 30
0.0
 11
109118.422197769
 21
12228.63471318393
 31
0.0
  0
LINE
  5
5DD
330
5DA
100
AcDbEntity
  8
AKS OLCU (BEYKENT)
 62
     0
440
 16777216
370
    -2
100
AcDbLine
 10
109193.422197769
 20
12231.45471318393
 30
0.0
 11
109193.422197769
 21
12228.63471318393
 31
0.0
  0
LINE
  5
5DE
330
5DA
100
AcDbEntity
  8
AKS OLCU (BEYKENT)
 62
     0
440
 16777216
370
    -2
100
AcDbLine
 10
109118.422197769
 20
12228.45471318393
 30
0.0
 11
109193.422197769
 21
12228.45471318393
 31
0.0
  0
LINE
  5
5DF
330
5DA
100
AcDbEntity
  8
AKS OLCU (BEYKENT)
 62
     0
440
 16777216
370
    -2
100
AcDbLine
 10
109190.422197769
 20
12225.45471318393
 30
0.0
 11
109196.422197769
 21
12231.45471318393
 31
0.0
  0
LINE
  5
5E0
330
5DA
100
AcDbEntity
  8
AKS OLCU (BEYKENT)
 62
     0
440
 16777216
370
    -2
100
AcDbLine
 10
109115.422197769
 20
12225.45471318393
 30
0.0
 11
109121.422197769
 21
12231.45471318393
 31
0.0
  0
MTEXT
  5
5E1
330
5DA
100
AcDbEntity
  8
AKS OLCU (BEYKENT)
 62
     7
440
 16777216
100
AcDbMText
 10
109155.922197769
 20
12236.51661139576
 30
0.0
 40
12.0
 41
0.0
 46
0.0
 71
     5
 72
     1
  1
\A1;75
  7
YAZI (BEYKENT)
 73
     1
 44
1.0
  0
POINT
  5
5E2
330
5DA
100
AcDbEntity
  8
Defpoints
 62
     0
440
 16777216
100
AcDbPoint
 10
109118.422197769
 20
12228.45471318393
 30
0.0
  0
POINT
  5
5E3
330
5DA
100
AcDbEntity
  8
Defpoints
 62
     0
440
 16777216
100
AcDbPoint
 10
109193.422197769
 20
12228.45471318393
 30
0.0
  0
POINT
  5
5E4
330
5DA
100
AcDbEntity
  8
Defpoints
 62
     0
440
 16777216
100
AcDbPoint
 10
109193.422197769
 20
12228.45471318393
 30
0.0
  0
ENDBLK
  5
5E5
330
5DA
100
AcDbEntity
  8
0
100
AcDbBlockEnd
  0
BLOCK
  5
5E7
330
5E6
100
AcDbEntity
  8
0
100
AcDbBlockBegin
  2
*D71
 70
     1
 10
0.0
 20
0.0
 30
0.0
  3
*D71
  1

  0
LINE
  5
5E8
330
5E6
100
AcDbEntity
  8
AKS OLCU (BEYKENT)
 62
     0
440
 16777216
370
    -2
100
AcDbLine
 10
109193.422197769
 20
12231.45471318393
 30
0.0
 11
109193.422197769
 21
12228.63471318393
 31
0.0
  0
LINE
  5
5E9
330
5E6
100
AcDbEntity
  8
AKS OLCU (BEYKENT)
 62
     0
440
 16777216
370
    -2
100
AcDbLine
 10
109528.422197769
 20
12231.45471318393
 30
0.0
 11
109528.422197769
 21
12228.63471318393
 31
0.0
  0
LINE
  5
5EA
330
5E6
100
AcDbEntity
  8
AKS OLCU (BEYKENT)
 62
     0
440
 16777216
370
    -2
100
AcDbLine
 10
109193.422197769
 20
12228.45471318393
 30
0.0
 11
109528.422197769
 21
12228.45471318393
 31
0.0
  0
LINE
  5
5EB
330
5E6
100
AcDbEntity
  8
AKS OLCU (BEYKENT)
 62
     0
440
 16777216
370
    -2
100
AcDbLine
 10
109525.422197769
 20
12225.45471318393
 30
0.0
 11
109531.422197769
 21
12231.45471318393
 31
0.0
  0
LINE
  5
5EC
330
5E6
100
AcDbEntity
  8
AKS OLCU (BEYKENT)
 62
     0
440
 16777216
370
    -2
100
AcDbLine
 10
109190.422197769
 20
12225.45471318393
 30
0.0
 11
109196.422197769
 21
12231.45471318393
 31
0.0
  0
MTEXT
  5
5ED
330
5E6
100
AcDbEntity
  8
AKS OLCU (BEYKENT)
 62
     7
440
 16777216
100
AcDbMText
 10
109360.922197769
 20
12236.57850960759
 30
0.0
 40
12.0
 41
0.0
 46
0.0
 71
     5
 72
     1
  1
\A1;335
  7
YAZI (BEYKENT)
 73
     1
 44
1.0
  0
POINT
  5
5EE
330
5E6
100
AcDbEntity
  8
Defpoints
 62
     0
440
 16777216
100
AcDbPoint
 10
109193.422197769
 20
12228.45471318393
 30
0.0
  0
POINT
  5
5EF
330
5E6
100
AcDbEntity
  8
Defpoints
 62
     0
440
 16777216
100
AcDbPoint
 10
109528.422197769
 20
12228.45471318393
 30
0.0
  0
POINT
  5
5F0
330
5E6
100
AcDbEntity
  8
Defpoints
 62
     0
440
 16777216
100
AcDbPoint
 10
109528.422197769
 20
12228.45471318393
 30
0.0
  0
ENDBLK
  5
5F1
330
5E6
100
AcDbEntity
  8
0
100
AcDbBlockEnd
  0
BLOCK
  5
5F3
330
5F2
100
AcDbEntity
  8
0
100
AcDbBlockBegin
  2
*D72
 70
     1
 10
0.0
 20
0.0
 30
0.0
  3
*D72
  1

  0
LINE
  5
5F4
330
5F2
100
AcDbEntity
  8
AKS OLCU (BEYKENT)
 62
     0
440
 16777216
370
    -2
100
AcDbLine
 10
109528.422197769
 20
12231.45471318393
 30
0.0
 11
109528.422197769
 21
12228.63471318393
 31
0.0
  0
LINE
  5
5F5
330
5F2
100
AcDbEntity
  8
AKS OLCU (BEYKENT)
 62
     0
440
 16777216
370
    -2
100
AcDbLine
 10
109823.422197769
 20
12231.45471318393
 30
0.0
 11
109823.422197769
 21
12228.63471318393
 31
0.0
  0
LINE
  5
5F6
330
5F2
100
AcDbEntity
  8
AKS OLCU (BEYKENT)
 62
     0
440
 16777216
370
    -2
100
AcDbLine
 10
109528.422197769
 20
12228.45471318393
 30
0.0
 11
109823.422197769
 21
12228.45471318393
 31
0.0
  0
LINE
  5
5F7
330
5F2
100
AcDbEntity
  8
AKS OLCU (BEYKENT)
 62
     0
440
 16777216
370
    -2
100
AcDbLine
 10
109820.422197769
 20
12225.45471318393
 30
0.0
 11
109826.422197769
 21
12231.45471318393
 31
0.0
  0
LINE
  5
5F8
330
5F2
100
AcDbEntity
  8
AKS OLCU (BEYKENT)
 62
     0
440
 16777216
370
    -2
100
AcDbLine
 10
109525.422197769
 20
12225.45471318393
 30
0.0
 11
109531.422197769
 21
12231.45471318393
 31
0.0
  0
MTEXT
  5
5F9
330
5F2
100
AcDbEntity
  8
AKS OLCU (BEYKENT)
 62
     7
440
 16777216
100
AcDbMText
 10
109675.922197769
 20
12236.57850960759
 30
0.0
 40
12.0
 41
0.0
 46
0.0
 71
     5
 72
     1
  1
\A1;295
  7
YAZI (BEYKENT)
 73
     1
 44
1.0
  0
POINT
  5
5FA
330
5F2
100
AcDbEntity
  8
Defpoints
 62
     0
440
 16777216
100
AcDbPoint
 10
109528.422197769
 20
12228.45471318393
 30
0.0
  0
POINT
  5
5FB
330
5F2
100
AcDbEntity
  8
Defpoints
 62
     0
440
 16777216
100
AcDbPoint
 10
109823.422197769
 20
12228.45471318393
 30
0.0
  0
POINT
  5
5FC
330
5F2
100
AcDbEntity
  8
Defpoints
 62
     0
440
 16777216
100
AcDbPoint
 10
109823.422197769
 20
12228.45471318393
 30
0.0
  0
ENDBLK
  5
5FD
330
5F2
100
AcDbEntity
  8
0
100
AcDbBlockEnd
  0
BLOCK
  5
5FF
330
5FE
100
AcDbEntity
  8
0
100
AcDbBlockBegin
  2
*D73
 70
     1
 10
0.0
 20
0.0
 30
0.0
  3
*D73
  1

  0
LINE
  5
600
330
5FE
100
AcDbEntity
  8
AKS OLCU (BEYKENT)
 62
     0
440
 16777216
370
    -2
100
AcDbLine
 10
107231.422197769
 20
12403.45481318394
 30
0.0
 11
107228.6021977696
 21
12403.45481318394
 31
0.0
  0
LINE
  5
601
330
5FE
100
AcDbEntity
  8
AKS OLCU (BEYKENT)
 62
     0
440
 16777216
370
    -2
100
AcDbLine
 10
107231.422197769
 20
13983.45481318394
 30
0.0
 11
107228.6021977696
 21
13983.45481318394
 31
0.0
  0
LINE
  5
602
330
5FE
100
AcDbEntity
  8
AKS OLCU (BEYKENT)
 62
     0
440
 16777216
370
    -2
100
AcDbLine
 10
107228.4221977696
 20
12403.45481318394
 30
0.0
 11
107228.4221977696
 21
13983.45481318394
 31
0.0
  0
LINE
  5
603
330
5FE
100
AcDbEntity
  8
AKS OLCU (BEYKENT)
 62
     0
440
 16777216
370
    -2
100
AcDbLine
 10
107231.4221977696
 20
13980.45481318394
 30
0.0
 11
107225.4221977696
 21
13986.45481318394
 31
0.0
  0
LINE
  5
604
330
5FE
100
AcDbEntity
  8
AKS OLCU (BEYKENT)
 62
     0
440
 16777216
370
    -2
100
AcDbLine
 10
107231.4221977696
 20
12400.45481318394
 30
0.0
 11
107225.4221977696
 21
12406.45481318394
 31
0.0
  0
MTEXT
  5
605
330
5FE
100
AcDbEntity
  8
AKS OLCU (BEYKENT)
 62
     7
440
 16777216
100
AcDbMText
 10
107220.2984013459
 20
13193.45481318391
 30
0.0
 40
12.0
 41
0.0
 46
0.0
 71
     5
 72
     1
  1
\A1;1580
  7
YAZI (BEYKENT)
 11
0.0000000000000001
 21
1.0
 31
0.0
 73
     1
 44
1.0
  0
POINT
  5
606
330
5FE
100
AcDbEntity
  8
Defpoints
 62
     0
440
 16777216
100
AcDbPoint
 10
107228.422197769
 20
12403.45481318394
 30
0.0
  0
POINT
  5
607
330
5FE
100
AcDbEntity
  8
Defpoints
 62
     0
440
 16777216
100
AcDbPoint
 10
107228.422197769
 20
13983.45481318394
 30
0.0
  0
POINT
  5
608
330
5FE
100
AcDbEntity
  8
Defpoints
 62
     0
440
 16777216
100
AcDbPoint
 10
107228.4221977696
 20
13983.45481318394
 30
0.0
  0
ENDBLK
  5
609
330
5FE
100
AcDbEntity
  8
0
100
AcDbBlockEnd
  0
BLOCK
  5
60B
330
60A
100
AcDbEntity
  8
0
100
AcDbBlockBegin
  2
*D74
 70
     1
 10
0.0
 20
0.0
 30
0.0
  3
*D74
  1

  0
LINE
  5
60C
330
60A
100
AcDbEntity
  8
AKS OLCU (BEYKENT)
 62
     0
440
 16777216
370
    -2
100
AcDbLine
 10
107251.422197769
 20
12403.45481318394
 30
0.0
 11
107248.6021977696
 21
12403.45481318394
 31
0.0
  0
LINE
  5
60D
330
60A
100
AcDbEntity
  8
AKS OLCU (BEYKENT)
 62
     0
440
 16777216
370
    -2
100
AcDbLine
 10
107251.422197769
 20
12553.45481318394
 30
0.0
 11
107248.6021977696
 21
12553.45481318394
 31
0.0
  0
LINE
  5
60E
330
60A
100
AcDbEntity
  8
AKS OLCU (BEYKENT)
 62
     0
440
 16777216
370
    -2
100
AcDbLine
 10
107248.4221977696
 20
12403.45481318394
 30
0.0
 11
107248.4221977696
 21
12553.45481318394
 31
0.0
  0
LINE
  5
60F
330
60A
100
AcDbEntity
  8
AKS OLCU (BEYKENT)
 62
     0
440
 16777216
370
    -2
100
AcDbLine
 10
107251.4221977696
 20
12550.45481318394
 30
0.0
 11
107245.4221977696
 21
12556.45481318394
 31
0.0
  0
LINE
  5
610
330
60A
100
AcDbEntity
  8
AKS OLCU (BEYKENT)
 62
     0
440
 16777216
370
    -2
100
AcDbLine
 10
107251.4221977696
 20
12400.45481318394
 30
0.0
 11
107245.4221977696
 21
12406.45481318394
 31
0.0
  0
MTEXT
  5
611
330
60A
100
AcDbEntity
  8
AKS OLCU (BEYKENT)
 62
     7
440
 16777216
100
AcDbMText
 10
107240.2984013459
 20
12478.45481318391
 30
0.0
 40
12.0
 41
0.0
 46
0.0
 71
     5
 72
     1
  1
\A1;150
  7
YAZI (BEYKENT)
 11
0.0000000000000001
 21
1.0
 31
0.0
 73
     1
 44
1.0
  0
POINT
  5
612
330
60A
100
AcDbEntity
  8
Defpoints
 62
     0
440
 16777216
100
AcDbPoint
 10
107248.422197769
 20
12403.45481318394
 30
0.0
  0
POINT
  5
613
330
60A
100
AcDbEntity
  8
Defpoints
 62
     0
440
 16777216
100
AcDbPoint
 10
107248.422197769
 20
12553.45481318394
 30
0.0
  0
POINT
  5
614
330
60A
100
AcDbEntity
  8
Defpoints
 62
     0
440
 16777216
100
AcDbPoint
 10
107248.4221977696
 20
12553.45481318394
 30
0.0
  0
ENDBLK
  5
615
330
60A
100
AcDbEntity
  8
0
100
AcDbBlockEnd
  0
BLOCK
  5
617
330
616
100
AcDbEntity
  8
0
100
AcDbBlockBegin
  2
*D75
 70
     1
 10
0.0
 20
0.0
 30
0.0
  3
*D75
  1

  0
LINE
  5
618
330
616
100
AcDbEntity
  8
AKS OLCU (BEYKENT)
 62
     0
440
 16777216
370
    -2
100
AcDbLine
 10
107251.422197769
 20
12553.45481318394
 30
0.0
 11
107248.6021977696
 21
12553.45481318394
 31
0.0
  0
LINE
  5
619
330
616
100
AcDbEntity
  8
AKS OLCU (BEYKENT)
 62
     0
440
 16777216
370
    -2
100
AcDbLine
 10
107251.422197769
 20
12767.45481318394
 30
0.0
 11
107248.6021977696
 21
12767.45481318394
 31
0.0
  0
LINE
  5
61A
330
616
100
AcDbEntity
  8
AKS OLCU (BEYKENT)
 62
     0
440
 16777216
370
    -2
100
AcDbLine
 10
107248.4221977696
 20
12553.45481318394
 30
0.0
 11
107248.4221977696
 21
12767.45481318394
 31
0.0
  0
LINE
  5
61B
330
616
100
AcDbEntity
  8
AKS OLCU (BEYKENT)
 62
     0
440
 16777216
370
    -2
100
AcDbLine
 10
107251.4221977696
 20
12764.45481318394
 30
0.0
 11
107245.4221977696
 21
12770.45481318394
 31
0.0
  0
LINE
  5
61C
330
616
100
AcDbEntity
  8
AKS OLCU (BEYKENT)
 62
     0
440
 16777216
370
    -2
100
AcDbLine
 10
107251.4221977696
 20
12550.45481318394
 30
0.0
 11
107245.4221977696
 21
12556.45481318394
 31
0.0
  0
MTEXT
  5
61D
330
616
100
AcDbEntity
  8
AKS OLCU (BEYKENT)
 62
     7
440
 16777216
100
AcDbMText
 10
107240.3561730103
 20
12660.45481318391
 30
0.0
 40
12.0
 41
0.0
 46
0.0
 71
     5
 72
     1
  1
\A1;214
  7
YAZI (BEYKENT)
 11
0.0000000000000001
 21
1.0
 31
0.0
 73
     1
 44
1.0
  0
POINT
  5
61E
330
616
100
AcDbEntity
  8
Defpoints
 62
     0
440
 16777216
100
AcDbPoint
 10
107248.422197769
 20
12553.45481318394
 30
0.0
  0
POINT
  5
61F
330
616
100
AcDbEntity
  8
Defpoints
 62
     0
440
 16777216
100
AcDbPoint
 10
107248.422197769
 20
12767.45481318394
 30
0.0
  0
POINT
  5
620
330
616
100
AcDbEntity
  8
Defpoints
 62
     0
440
 16777216
100
AcDbPoint
 10
107248.4221977696
 20
12767.45481318394
 30
0.0
  0
ENDBLK
  5
621
330
616
100
AcDbEntity
  8
0
100
AcDbBlockEnd
  0
BLOCK
  5
623
330
622
100
AcDbEntity
  8
0
100
AcDbBlockBegin
  2
*D76
 70
     1
 10
0.0
 20
0.0
 30
0.0
  3
*D76
  1

  0
LINE
  5
624
330
622
100
AcDbEntity
  8
AKS OLCU (BEYKENT)
 62
     0
440
 16777216
370
    -2
100
AcDbLine
 10
107251.422197769
 20
12767.45481318394
 30
0.0
 11
107248.6021977696
 21
12767.45481318394
 31
0.0
  0
LINE
  5
625
330
622
100
AcDbEntity
  8
AKS OLCU (BEYKENT)
 62
     0
440
 16777216
370
    -2
100
AcDbLine
 10
107251.422197769
 20
12903.45481318394
 30
0.0
 11
107248.6021977696
 21
12903.45481318394
 31
0.0
  0
LINE
  5
626
330
622
100
AcDbEntity
  8
AKS OLCU (BEYKENT)
 62
     0
440
 16777216
370
    -2
100
AcDbLine
 10
107248.4221977696
 20
12767.45481318394
 30
0.0
 11
107248.4221977696
 21
12903.45481318394
 31
0.0
  0
LINE
  5
627
330
622
100
AcDbEntity
  8
AKS OLCU (BEYKENT)
 62
     0
440
 16777216
370
    -2
100
AcDbLine
 10
107251.4221977696
 20
12900.45481318394
 30
0.0
 11
107245.4221977696
 21
12906.45481318394
 31
0.0
  0
LINE
  5
628
330
622
100
AcDbEntity
  8
AKS OLCU (BEYKENT)
 62
     0
440
 16777216
370
    -2
100
AcDbLine
 10
107251.4221977696
 20
12764.45481318394
 30
0.0
 11
107245.4221977696
 21
12770.45481318394
 31
0.0
  0
MTEXT
  5
629
330
622
100
AcDbEntity
  8
AKS OLCU (BEYKENT)
 62
     7
440
 16777216
100
AcDbMText
 10
107240.2984013459
 20
12835.45481318391
 30
0.0
 40
12.0
 41
0.0
 46
0.0
 71
     5
 72
     1
  1
\A1;136
  7
YAZI (BEYKENT)
 11
0.0000000000000001
 21
1.0
 31
0.0
 73
     1
 44
1.0
  0
POINT
  5
62A
330
622
100
AcDbEntity
  8
Defpoints
 62
     0
440
 16777216
100
AcDbPoint
 10
107248.422197769
 20
12767.45481318394
 30
0.0
  0
POINT
  5
62B
330
622
100
AcDbEntity
  8
Defpoints
 62
     0
440
 16777216
100
AcDbPoint
 10
107248.422197769
 20
12903.45481318394
 30
0.0
  0
POINT
  5
62C
330
622
100
AcDbEntity
  8
Defpoints
 62
     0
440
 16777216
100
AcDbPoint
 10
107248.4221977696
 20
12903.45481318394
 30
0.0
  0
ENDBLK
  5
62D
330
622
100
AcDbEntity
  8
0
100
AcDbBlockEnd
  0
BLOCK
  5
62F
330
62E
100
AcDbEntity
  8
0
100
AcDbBlockBegin
  2
*D77
 70
     1
 10
0.0
 20
0.0
 30
0.0
  3
*D77
  1

  0
LINE
  5
630
330
62E
100
AcDbEntity
  8
AKS OLCU (BEYKENT)
 62
     0
440
 16777216
370
    -2
100
AcDbLine
 10
107251.422197769
 20
12903.45481318394
 30
0.0
 11
107248.6021977696
 21
12903.45481318394
 31
0.0
  0
LINE
  5
631
330
62E
100
AcDbEntity
  8
AKS OLCU (BEYKENT)
 62
     0
440
 16777216
370
    -2
100
AcDbLine
 10
107251.422197769
 20
13033.45481318394
 30
0.0
 11
107248.6021977696
 21
13033.45481318394
 31
0.0
  0
LINE
  5
632
330
62E
100
AcDbEntity
  8
AKS OLCU (BEYKENT)
 62
     0
440
 16777216
370
    -2
100
AcDbLine
 10
107248.4221977696
 20
12903.45481318394
 30
0.0
 11
107248.4221977696
 21
13033.45481318394
 31
0.0
  0
LINE
  5
633
330
62E
100
AcDbEntity
  8
AKS OLCU (BEYKENT)
 62
     0
440
 16777216
370
    -2
100
AcDbLine
 10
107251.4221977696
 20
13030.45481318394
 30
0.0
 11
107245.4221977696
 21
13036.45481318394
 31
0.0
  0
LINE
  5
634
330
62E
100
AcDbEntity
  8
AKS OLCU (BEYKENT)
 62
     0
440
 16777216
370
    -2
100
AcDbLine
 10
107251.4221977696
 20
12900.45481318394
 30
0.0
 11
107245.4221977696
 21
12906.45481318394
 31
0.0
  0
MTEXT
  5
635
330
62E
100
AcDbEntity
  8
AKS OLCU (BEYKENT)
 62
     7
440
 16777216
100
AcDbMText
 10
107240.2984013459
 20
12968.45481318391
 30
0.0
 40
12.0
 41
0.0
 46
0.0
 71
     5
 72
     1
  1
\A1;130
  7
YAZI (BEYKENT)
 11
0.0000000000000001
 21
1.0
 31
0.0
 73
     1
 44
1.0
  0
POINT
  5
636
330
62E
100
AcDbEntity
  8
Defpoints
 62
     0
440
 16777216
100
AcDbPoint
 10
107248.422197769
 20
12903.45481318394
 30
0.0
  0
POINT
  5
637
330
62E
100
AcDbEntity
  8
Defpoints
 62
     0
440
 16777216
100
AcDbPoint
 10
107248.422197769
 20
13033.45481318394
 30
0.0
  0
POINT
  5
638
330
62E
100
AcDbEntity
  8
Defpoints
 62
     0
440
 16777216
100
AcDbPoint
 10
107248.4221977696
 20
13033.45481318394
 30
0.0
  0
ENDBLK
  5
639
330
62E
100
AcDbEntity
  8
0
100
AcDbBlockEnd
  0
BLOCK
  5
63B
330
63A
100
AcDbEntity
  8
0
100
AcDbBlockBegin
  2
*D78
 70
     1
 10
0.0
 20
0.0
 30
0.0
  3
*D78
  1

  0
LINE
  5
63C
330
63A
100
AcDbEntity
  8
AKS OLCU (BEYKENT)
 62
     0
440
 16777216
370
    -2
100
AcDbLine
 10
107251.422197769
 20
13033.45481318394
 30
0.0
 11
107248.6021977696
 21
13033.45481318394
 31
0.0
  0
LINE
  5
63D
330
63A
100
AcDbEntity
  8
AKS OLCU (BEYKENT)
 62
     0
440
 16777216
370
    -2
100
AcDbLine
 10
107251.422197769
 20
13118.45481318394
 30
0.0
 11
107248.6021977696
 21
13118.45481318394
 31
0.0
  0
LINE
  5
63E
330
63A
100
AcDbEntity
  8
AKS OLCU (BEYKENT)
 62
     0
440
 16777216
370
    -2
100
AcDbLine
 10
107248.4221977696
 20
13033.45481318394
 30
0.0
 11
107248.4221977696
 21
13118.45481318394
 31
0.0
  0
LINE
  5
63F
330
63A
100
AcDbEntity
  8
AKS OLCU (BEYKENT)
 62
     0
440
 16777216
370
    -2
100
AcDbLine
 10
107251.4221977696
 20
13115.45481318394
 30
0.0
 11
107245.4221977696
 21
13121.45481318394
 31
0.0
  0
LINE
  5
640
330
63A
100
AcDbEntity
  8
AKS OLCU (BEYKENT)
 62
     0
440
 16777216
370
    -2
100
AcDbLine
 10
107251.4221977696
 20
13030.45481318394
 30
0.0
 11
107245.4221977696
 21
13036.45481318394
 31
0.0
  0
MTEXT
  5
641
330
63A
100
AcDbEntity
  8
AKS OLCU (BEYKENT)
 62
     7
440
 16777216
100
AcDbMText
 10
107240.2984013459
 20
13075.95481318391
 30
0.0
 40
12.0
 41
0.0
 46
0.0
 71
     5
 72
     1
  1
\A1;85
  7
YAZI (BEYKENT)
 11
0.0000000000000001
 21
1.0
 31
0.0
 73
     1
 44
1.0
  0
POINT
  5
642
330
63A
100
AcDbEntity
  8
Defpoints
 62
     0
440
 16777216
100
AcDbPoint
 10
107248.422197769
 20
13033.45481318394
 30
0.0
  0
POINT
  5
643
330
63A
100
AcDbEntity
  8
Defpoints
 62
     0
440
 16777216
100
AcDbPoint
 10
107248.422197769
 20
13118.45481318394
 30
0.0
  0
POINT
  5
644
330
63A
100
AcDbEntity
  8
Defpoints
 62
     0
440
 16777216
100
AcDbPoint
 10
107248.4221977696
 20
13118.45481318394
 30
0.0
  0
ENDBLK
  5
645
330
63A
100
AcDbEntity
  8
0
100
AcDbBlockEnd
  0
BLOCK
  5
647
330
646
100
AcDbEntity
  8
0
100
AcDbBlockBegin
  2
*D79
 70
     1
 10
0.0
 20
0.0
 30
0.0
  3
*D79
  1

  0
LINE
  5
648
330
646
100
AcDbEntity
  8
AKS OLCU (BEYKENT)
 62
     0
440
 16777216
370
    -2
100
AcDbLine
 10
107251.422197769
 20
13118.45481318394
 30
0.0
 11
107248.6021977696
 21
13118.45481318394
 31
0.0
  0
LINE
  5
649
330
646
100
AcDbEntity
  8
AKS OLCU (BEYKENT)
 62
     0
440
 16777216
370
    -2
100
AcDbLine
 10
107251.422197769
 20
13188.45491318394
 30
0.0
 11
107248.6021977696
 21
13188.45491318394
 31
0.0
  0
LINE
  5
64A
330
646
100
AcDbEntity
  8
AKS OLCU (BEYKENT)
 62
     0
440
 16777216
370
    -2
100
AcDbLine
 10
107248.4221977696
 20
13118.45481318394
 30
0.0
 11
107248.4221977696
 21
13188.45491318394
 31
0.0
  0
LINE
  5
64B
330
646
100
AcDbEntity
  8
AKS OLCU (BEYKENT)
 62
     0
440
 16777216
370
    -2
100
AcDbLine
 10
107251.4221977696
 20
13185.45491318394
 30
0.0
 11
107245.4221977696
 21
13191.45491318394
 31
0.0
  0
LINE
  5
64C
330
646
100
AcDbEntity
  8
AKS OLCU (BEYKENT)
 62
     0
440
 16777216
370
    -2
100
AcDbLine
 10
107251.4221977696
 20
13115.45481318394
 30
0.0
 11
107245.4221977696
 21
13121.45481318394
 31
0.0
  0
MTEXT
  5
64D
330
646
100
AcDbEntity
  8
AKS OLCU (BEYKENT)
 62
     7
440
 16777216
100
AcDbMText
 10
107240.2984013459
 20
13153.45486318391
 30
0.0
 40
12.0
 41
0.0
 46
0.0
 71
     5
 72
     1
  1
\A1;70
  7
YAZI (BEYKENT)
 11
0.0000000000000001
 21
1.0
 31
0.0
 73
     1
 44
1.0
  0
POINT
  5
64E
330
646
100
AcDbEntity
  8
Defpoints
 62
     0
440
 16777216
100
AcDbPoint
 10
107248.422197769
 20
13118.45481318394
 30
0.0
  0
POINT
  5
64F
330
646
100
AcDbEntity
  8
Defpoints
 62
     0
440
 16777216
100
AcDbPoint
 10
107248.422197769
 20
13188.45491318394
 30
0.0
  0
POINT
  5
650
330
646
100
AcDbEntity
  8
Defpoints
 62
     0
440
 16777216
100
AcDbPoint
 10
107248.4221977696
 20
13188.45491318394
 30
0.0
  0
ENDBLK
  5
651
330
646
100
AcDbEntity
  8
0
100
AcDbBlockEnd
  0
BLOCK
  5
653
330
652
100
AcDbEntity
  8
0
100
AcDbBlockBegin
  2
*D80
 70
     1
 10
0.0
 20
0.0
 30
0.0
  3
*D80
  1

  0
LINE
  5
654
330
652
100
AcDbEntity
  8
AKS OLCU (BEYKENT)
 62
     0
440
 16777216
370
    -2
100
AcDbLine
 10
107251.422197769
 20
13188.45491318394
 30
0.0
 11
107248.6021977696
 21
13188.45491318394
 31
0.0
  0
LINE
  5
655
330
652
100
AcDbEntity
  8
AKS OLCU (BEYKENT)
 62
     0
440
 16777216
370
    -2
100
AcDbLine
 10
107251.422197769
 20
13268.45481318394
 30
0.0
 11
107248.6021977696
 21
13268.45481318394
 31
0.0
  0
LINE
  5
656
330
652
100
AcDbEntity
  8
AKS OLCU (BEYKENT)
 62
     0
440
 16777216
370
    -2
100
AcDbLine
 10
107248.4221977696
 20
13188.45491318394
 30
0.0
 11
107248.4221977696
 21
13268.45481318394
 31
0.0
  0
LINE
  5
657
330
652
100
AcDbEntity
  8
AKS OLCU (BEYKENT)
 62
     0
440
 16777216
370
    -2
100
AcDbLine
 10
107251.4221977696
 20
13265.45481318394
 30
0.0
 11
107245.4221977696
 21
13271.45481318394
 31
0.0
  0
LINE
  5
658
330
652
100
AcDbEntity
  8
AKS OLCU (BEYKENT)
 62
     0
440
 16777216
370
    -2
100
AcDbLine
 10
107251.4221977696
 20
13185.45491318394
 30
0.0
 11
107245.4221977696
 21
13191.45491318394
 31
0.0
  0
MTEXT
  5
659
330
652
100
AcDbEntity
  8
AKS OLCU (BEYKENT)
 62
     7
440
 16777216
100
AcDbMText
 10
107240.2984013459
 20
13228.45486318391
 30
0.0
 40
12.0
 41
0.0
 46
0.0
 71
     5
 72
     1
  1
\A1;80
  7
YAZI (BEYKENT)
 11
0.0000000000000001
 21
1.0
 31
0.0
 73
     1
 44
1.0
  0
POINT
  5
65A
330
652
100
AcDbEntity
  8
Defpoints
 62
     0
440
 16777216
100
AcDbPoint
 10
107248.422197769
 20
13188.45491318394
 30
0.0
  0
POINT
  5
65B
330
652
100
AcDbEntity
  8
Defpoints
 62
     0
440
 16777216
100
AcDbPoint
 10
107248.422197769
 20
13268.45481318394
 30
0.0
  0
POINT
  5
65C
330
652
100
AcDbEntity
  8
Defpoints
 62
     0
440
 16777216
100
AcDbPoint
 10
107248.4221977696
 20
13268.45481318394
 30
0.0
  0
ENDBLK
  5
65D
330
652
100
AcDbEntity
  8
0
100
AcDbBlockEnd
  0
BLOCK
  5
65F
330
65E
100
AcDbEntity
  8
0
100
AcDbBlockBegin
  2
*D81
 70
     1
 10
0.0
 20
0.0
 30
0.0
  3
*D81
  1

  0
LINE
  5
660
330
65E
100
AcDbEntity
  8
AKS OLCU (BEYKENT)
 62
     0
440
 16777216
370
    -2
100
AcDbLine
 10
107251.422197769
 20
13268.45481318394
 30
0.0
 11
107248.6021977696
 21
13268.45481318394
 31
0.0
  0
LINE
  5
661
330
65E
100
AcDbEntity
  8
AKS OLCU (BEYKENT)
 62
     0
440
 16777216
370
    -2
100
AcDbLine
 10
107251.422197769
 20
13353.45481318394
 30
0.0
 11
107248.6021977696
 21
13353.45481318394
 31
0.0
  0
LINE
  5
662
330
65E
100
AcDbEntity
  8
AKS OLCU (BEYKENT)
 62
     0
440
 16777216
370
    -2
100
AcDbLine
 10
107248.4221977696
 20
13268.45481318394
 30
0.0
 11
107248.4221977696
 21
13353.45481318394
 31
0.0
  0
LINE
  5
663
330
65E
100
AcDbEntity
  8
AKS OLCU (BEYKENT)
 62
     0
440
 16777216
370
    -2
100
AcDbLine
 10
107251.4221977696
 20
13350.45481318394
 30
0.0
 11
107245.4221977696
 21
13356.45481318394
 31
0.0
  0
LINE
  5
664
330
65E
100
AcDbEntity
  8
AKS OLCU (BEYKENT)
 62
     0
440
 16777216
370
    -2
100
AcDbLine
 10
107251.4221977696
 20
13265.45481318394
 30
0.0
 11
107245.4221977696
 21
13271.45481318394
 31
0.0
  0
MTEXT
  5
665
330
65E
100
AcDbEntity
  8
AKS OLCU (BEYKENT)
 62
     7
440
 16777216
100
AcDbMText
 10
107240.2984013459
 20
13310.95481318391
 30
0.0
 40
12.0
 41
0.0
 46
0.0
 71
     5
 72
     1
  1
\A1;85
  7
YAZI (BEYKENT)
 11
0.0000000000000001
 21
1.0
 31
0.0
 73
     1
 44
1.0
  0
POINT
  5
666
330
65E
100
AcDbEntity
  8
Defpoints
 62
     0
440
 16777216
100
AcDbPoint
 10
107248.422197769
 20
13268.45481318394
 30
0.0
  0
POINT
  5
667
330
65E
100
AcDbEntity
  8
Defpoints
 62
     0
440
 16777216
100
AcDbPoint
 10
107248.422197769
 20
13353.45481318394
 30
0.0
  0
POINT
  5
668
330
65E
100
AcDbEntity
  8
Defpoints
 62
     0
440
 16777216
100
AcDbPoint
 10
107248.4221977696
 20
13353.45481318394
 30
0.0
  0
ENDBLK
  5
669
330
65E
100
AcDbEntity
  8
0
100
AcDbBlockEnd
  0
BLOCK
  5
66B
330
66A
100
AcDbEntity
  8
0
100
AcDbBlockBegin
  2
*D82
 70
     1
 10
0.0
 20
0.0
 30
0.0
  3
*D82
  1

  0
LINE
  5
66C
330
66A
100
AcDbEntity
  8
AKS OLCU (BEYKENT)
 62
     0
440
 16777216
370
    -2
100
AcDbLine
 10
107251.422197769
 20
13353.45481318394
 30
0.0
 11
107248.6021977696
 21
13353.45481318394
 31
0.0
  0
LINE
  5
66D
330
66A
100
AcDbEntity
  8
AKS OLCU (BEYKENT)
 62
     0
440
 16777216
370
    -2
100
AcDbLine
 10
107251.422197769
 20
13363.45481318394
 30
0.0
 11
107248.6021977696
 21
13363.45481318394
 31
0.0
  0
LINE
  5
66E
330
66A
100
AcDbEntity
  8
AKS OLCU (BEYKENT)
 62
     0
440
 16777216
370
    -2
100
AcDbLine
 10
107248.4221977696
 20
13353.45481318394
 30
0.0
 11
107248.4221977696
 21
13347.45481318394
 31
0.0
  0
LINE
  5
66F
330
66A
100
AcDbEntity
  8
AKS OLCU (BEYKENT)
 62
     0
440
 16777216
370
    -2
100
AcDbLine
 10
107248.4221977696
 20
13363.45481318394
 30
0.0
 11
107248.4221977696
 21
13369.45481318394
 31
0.0
  0
LINE
  5
670
330
66A
100
AcDbEntity
  8
AKS OLCU (BEYKENT)
 62
     0
440
 16777216
370
    -2
100
AcDbLine
 10
107248.4221977696
 20
13353.45481318394
 30
0.0
 11
107248.4221977696
 21
13363.45481318394
 31
0.0
  0
LINE
  5
671
330
66A
100
AcDbEntity
  8
AKS OLCU (BEYKENT)
 62
     0
440
 16777216
370
    -2
100
AcDbLine
 10
107251.4221977696
 20
13360.45481318394
 30
0.0
 11
107245.4221977696
 21
13366.45481318394
 31
0.0
  0
LINE
  5
672
330
66A
100
AcDbEntity
  8
AKS OLCU (BEYKENT)
 62
     0
440
 16777216
370
    -2
100
AcDbLine
 10
107251.4221977696
 20
13350.45481318394
 30
0.0
 11
107245.4221977696
 21
13356.45481318394
 31
0.0
  0
MTEXT
  5
673
330
66A
100
AcDbEntity
  8
AKS OLCU (BEYKENT)
 62
     7
440
 16777216
100
AcDbMText
 10
107240.2984013459
 20
13358.45481318391
 30
0.0
 40
12.0
 41
0.0
 46
0.0
 71
     5
 72
     1
  1
\A1;10
  7
YAZI (BEYKENT)
 11
0.0000000000000001
 21
1.0
 31
0.0
 73
     1
 44
1.0
  0
POINT
  5
674
330
66A
100
AcDbEntity
  8
Defpoints
 62
     0
440
 16777216
100
AcDbPoint
 10
107248.422197769
 20
13353.45481318394
 30
0.0
  0
POINT
  5
675
330
66A
100
AcDbEntity
  8
Defpoints
 62
     0
440
 16777216
100
AcDbPoint
 10
107248.422197769
 20
13363.45481318394
 30
0.0
  0
POINT
  5
676
330
66A
100
AcDbEntity
  8
Defpoints
 62
     0
440
 16777216
100
AcDbPoint
 10
107248.4221977696
 20
13363.45481318394
 30
0.0
  0
ENDBLK
  5
677
330
66A
100
AcDbEntity
  8
0
100
AcDbBlockEnd
  0
BLOCK
  5
679
330
678
100
AcDbEntity
  8
0
100
AcDbBlockBegin
  2
*D83
 70
     1
 10
0.0
 20
0.0
 30
0.0
  3
*D83
  1

  0
LINE
  5
67A
330
678
100
AcDbEntity
  8
AKS OLCU (BEYKENT)
 62
     0
440
 16777216
370
    -2
100
AcDbLine
 10
107251.422197769
 20
13363.45481318394
 30
0.0
 11
107248.6021977696
 21
13363.45481318394
 31
0.0
  0
LINE
  5
67B
330
678
100
AcDbEntity
  8
AKS OLCU (BEYKENT)
 62
     0
440
 16777216
370
    -2
100
AcDbLine
 10
107251.422197769
 20
13483.45481318394
 30
0.0
 11
107248.6021977696
 21
13483.45481318394
 31
0.0
  0
LINE
  5
67C
330
678
100
AcDbEntity
  8
AKS OLCU (BEYKENT)
 62
     0
440
 16777216
370
    -2
100
AcDbLine
 10
107248.4221977696
 20
13363.45481318394
 30
0.0
 11
107248.4221977696
 21
13483.45481318394
 31
0.0
  0
LINE
  5
67D
330
678
100
AcDbEntity
  8
AKS OLCU (BEYKENT)
 62
     0
440
 16777216
370
    -2
100
AcDbLine
 10
107251.4221977696
 20
13480.45481318394
 30
0.0
 11
107245.4221977696
 21
13486.45481318394
 31
0.0
  0
LINE
  5
67E
330
678
100
AcDbEntity
  8
AKS OLCU (BEYKENT)
 62
     0
440
 16777216
370
    -2
100
AcDbLine
 10
107251.4221977696
 20
13360.45481318394
 30
0.0
 11
107245.4221977696
 21
13366.45481318394
 31
0.0
  0
MTEXT
  5
67F
330
678
100
AcDbEntity
  8
AKS OLCU (BEYKENT)
 62
     7
440
 16777216
100
AcDbMText
 10
107240.2984013459
 20
13423.45481318391
 30
0.0
 40
12.0
 41
0.0
 46
0.0
 71
     5
 72
     1
  1
\A1;120
  7
YAZI (BEYKENT)
 11
0.0000000000000001
 21
1.0
 31
0.0
 73
     1
 44
1.0
  0
POINT
  5
680
330
678
100
AcDbEntity
  8
Defpoints
 62
     0
440
 16777216
100
AcDbPoint
 10
107248.422197769
 20
13363.45481318394
 30
0.0
  0
POINT
  5
681
330
678
100
AcDbEntity
  8
Defpoints
 62
     0
440
 16777216
100
AcDbPoint
 10
107248.422197769
 20
13483.45481318394
 30
0.0
  0
POINT
  5
682
330
678
100
AcDbEntity
  8
Defpoints
 62
     0
440
 16777216
100
AcDbPoint
 10
107248.4221977696
 20
13483.45481318394
 30
0.0
  0
ENDBLK
  5
683
330
678
100
AcDbEntity
  8
0
100
AcDbBlockEnd
  0
BLOCK
  5
685
330
684
100
AcDbEntity
  8
0
100
AcDbBlockBegin
  2
*D84
 70
     1
 10
0.0
 20
0.0
 30
0.0
  3
*D84
  1

  0
LINE
  5
686
330
684
100
AcDbEntity
  8
AKS OLCU (BEYKENT)
 62
     0
440
 16777216
370
    -2
100
AcDbLine
 10
107251.422197769
 20
13483.45481318394
 30
0.0
 11
107248.6021977696
 21
13483.45481318394
 31
0.0
  0
LINE
  5
687
330
684
100
AcDbEntity
  8
AKS OLCU (BEYKENT)
 62
     0
440
 16777216
370
    -2
100
AcDbLine
 10
107251.422197769
 20
13833.45481318394
 30
0.0
 11
107248.6021977696
 21
13833.45481318394
 31
0.0
  0
LINE
  5
688
330
684
100
AcDbEntity
  8
AKS OLCU (BEYKENT)
 62
     0
440
 16777216
370
    -2
100
AcDbLine
 10
107248.4221977696
 20
13483.45481318394
 30
0.0
 11
107248.4221977696
 21
13833.45481318394
 31
0.0
  0
LINE
  5
689
330
684
100
AcDbEntity
  8
AKS OLCU (BEYKENT)
 62
     0
440
 16777216
370
    -2
100
AcDbLine
 10
107251.4221977696
 20
13830.45481318394
 30
0.0
 11
107245.4221977696
 21
13836.45481318394
 31
0.0
  0
LINE
  5
68A
330
684
100
AcDbEntity
  8
AKS OLCU (BEYKENT)
 62
     0
440
 16777216
370
    -2
100
AcDbLine
 10
107251.4221977696
 20
13480.45481318394
 30
0.0
 11
107245.4221977696
 21
13486.45481318394
 31
0.0
  0
MTEXT
  5
68B
330
684
100
AcDbEntity
  8
AKS OLCU (BEYKENT)
 62
     7
440
 16777216
100
AcDbMText
 10
107240.2984013459
 20
13658.45481318391
 30
0.0
 40
12.0
 41
0.0
 46
0.0
 71
     5
 72
     1
  1
\A1;350
  7
YAZI (BEYKENT)
 11
0.0000000000000001
 21
1.0
 31
0.0
 73
     1
 44
1.0
  0
POINT
  5
68C
330
684
100
AcDbEntity
  8
Defpoints
 62
     0
440
 16777216
100
AcDbPoint
 10
107248.422197769
 20
13483.45481318394
 30
0.0
  0
POINT
  5
68D
330
684
100
AcDbEntity
  8
Defpoints
 62
     0
440
 16777216
100
AcDbPoint
 10
107248.422197769
 20
13833.45481318394
 30
0.0
  0
POINT
  5
68E
330
684
100
AcDbEntity
  8
Defpoints
 62
     0
440
 16777216
100
AcDbPoint
 10
107248.4221977696
 20
13833.45481318394
 30
0.0
  0
ENDBLK
  5
68F
330
684
100
AcDbEntity
  8
0
100
AcDbBlockEnd
  0
BLOCK
  5
691
330
690
100
AcDbEntity
  8
0
100
AcDbBlockBegin
  2
*D85
 70
     1
 10
0.0
 20
0.0
 30
0.0
  3
*D85
  1

  0
LINE
  5
692
330
690
100
AcDbEntity
  8
AKS OLCU (BEYKENT)
 62
     0
440
 16777216
370
    -2
100
AcDbLine
 10
107251.422197769
 20
13833.45481318394
 30
0.0
 11
107248.6021977696
 21
13833.45481318394
 31
0.0
  0
LINE
  5
693
330
690
100
AcDbEntity
  8
AKS OLCU (BEYKENT)
 62
     0
440
 16777216
370
    -2
100
AcDbLine
 10
107251.422197769
 20
13983.45481318394
 30
0.0
 11
107248.6021977696
 21
13983.45481318394
 31
0.0
  0
LINE
  5
694
330
690
100
AcDbEntity
  8
AKS OLCU (BEYKENT)
 62
     0
440
 16777216
370
    -2
100
AcDbLine
 10
107248.4221977696
 20
13833.45481318394
 30
0.0
 11
107248.4221977696
 21
13983.45481318394
 31
0.0
  0
LINE
  5
695
330
690
100
AcDbEntity
  8
AKS OLCU (BEYKENT)
 62
     0
440
 16777216
370
    -2
100
AcDbLine
 10
107251.4221977696
 20
13980.45481318394
 30
0.0
 11
107245.4221977696
 21
13986.45481318394
 31
0.0
  0
LINE
  5
696
330
690
100
AcDbEntity
  8
AKS OLCU (BEYKENT)
 62
     0
440
 16777216
370
    -2
100
AcDbLine
 10
107251.4221977696
 20
13830.45481318394
 30
0.0
 11
107245.4221977696
 21
13836.45481318394
 31
0.0
  0
MTEXT
  5
697
330
690
100
AcDbEntity
  8
AKS OLCU (BEYKENT)
 62
     7
440
 16777216
100
AcDbMText
 10
107240.2984013459
 20
13908.45481318391
 30
0.0
 40
12.0
 41
0.0
 46
0.0
 71
     5
 72
     1
  1
\A1;150
  7
YAZI (BEYKENT)
 11
0.0000000000000001
 21
1.0
 31
0.0
 73
     1
 44
1.0
  0
POINT
  5
698
330
690
100
AcDbEntity
  8
Defpoints
 62
     0
440
 16777216
100
AcDbPoint
 10
107248.422197769
 20
13833.45481318394
 30
0.0
  0
POINT
  5
699
330
690
100
AcDbEntity
  8
Defpoints
 62
     0
440
 16777216
100
AcDbPoint
 10
107248.422197769
 20
13983.45481318394
 30
0.0
  0
POINT
  5
69A
330
690
100
AcDbEntity
  8
Defpoints
 62
     0
440
 16777216
100
AcDbPoint
 10
107248.4221977696
 20
13983.45481318394
 30
0.0
  0
ENDBLK
  5
69B
330
690
100
AcDbEntity
  8
0
100
AcDbBlockEnd
  0
BLOCK
  5
69D
330
69C
100
AcDbEntity
  8
0
100
AcDbBlockBegin
  2
*D86
 70
     1
 10
0.0
 20
0.0
 30
0.0
  3
*D86
  1

  0
LINE
  5
69E
330
69C
100
AcDbEntity
  8
AKS OLCU (BEYKENT)
 62
     0
440
 16777216
370
    -2
100
AcDbLine
 10
109991.422197769
 20
12403.45481318394
 30
0.0
 11
109988.6021977697
 21
12403.45481318394
 31
0.0
  0
LINE
  5
69F
330
69C
100
AcDbEntity
  8
AKS OLCU (BEYKENT)
 62
     0
440
 16777216
370
    -2
100
AcDbLine
 10
109991.422197769
 20
13983.45481318394
 30
0.0
 11
109988.6021977697
 21
13983.45481318394
 31
0.0
  0
LINE
  5
6A0
330
69C
100
AcDbEntity
  8
AKS OLCU (BEYKENT)
 62
     0
440
 16777216
370
    -2
100
AcDbLine
 10
109988.4221977697
 20
12403.45481318394
 30
0.0
 11
109988.4221977697
 21
13983.45481318394
 31
0.0
  0
LINE
  5
6A1
330
69C
100
AcDbEntity
  8
AKS OLCU (BEYKENT)
 62
     0
440
 16777216
370
    -2
100
AcDbLine
 10
109991.4221977697
 20
13980.45481318394
 30
0.0
 11
109985.4221977697
 21
13986.45481318394
 31
0.0
  0
LINE
  5
6A2
330
69C
100
AcDbEntity
  8
AKS OLCU (BEYKENT)
 62
     0
440
 16777216
370
    -2
100
AcDbLine
 10
109991.4221977697
 20
12400.45481318394
 30
0.0
 11
109985.4221977697
 21
12406.45481318394
 31
0.0
  0
MTEXT
  5
6A3
330
69C
100
AcDbEntity
  8
AKS OLCU (BEYKENT)
 62
     7
440
 16777216
100
AcDbMText
 10
109980.298401346
 20
13193.45481318391
 30
0.0
 40
12.0
 41
0.0
 46
0.0
 71
     5
 72
     1
  1
\A1;1580
  7
YAZI (BEYKENT)
 11
0.0000000000000001
 21
1.0
 31
0.0
 73
     1
 44
1.0
  0
POINT
  5
6A4
330
69C
100
AcDbEntity
  8
Defpoints
 62
     0
440
 16777216
100
AcDbPoint
 10
109988.422197769
 20
12403.45481318394
 30
0.0
  0
POINT
  5
6A5
330
69C
100
AcDbEntity
  8
Defpoints
 62
     0
440
 16777216
100
AcDbPoint
 10
109988.422197769
 20
13983.45481318394
 30
0.0
  0
POINT
  5
6A6
330
69C
100
AcDbEntity
  8
Defpoints
 62
     0
440
 16777216
100
AcDbPoint
 10
109988.4221977697
 20
13983.45481318394
 30
0.0
  0
ENDBLK
  5
6A7
330
69C
100
AcDbEntity
  8
0
100
AcDbBlockEnd
  0
BLOCK
  5
6A9
330
6A8
100
AcDbEntity
  8
0
100
AcDbBlockBegin
  2
*D87
 70
     1
 10
0.0
 20
0.0
 30
0.0
  3
*D87
  1

  0
LINE
  5
6AA
330
6A8
100
AcDbEntity
  8
AKS OLCU (BEYKENT)
 62
     0
440
 16777216
370
    -2
100
AcDbLine
 10
109971.422197769
 20
12403.45481318394
 30
0.0
 11
109968.6021977697
 21
12403.45481318394
 31
0.0
  0
LINE
  5
6AB
330
6A8
100
AcDbEntity
  8
AKS OLCU (BEYKENT)
 62
     0
440
 16777216
370
    -2
100
AcDbLine
 10
109971.422197769
 20
12553.45481318394
 30
0.0
 11
109968.6021977697
 21
12553.45481318394
 31
0.0
  0
LINE
  5
6AC
330
6A8
100
AcDbEntity
  8
AKS OLCU (BEYKENT)
 62
     0
440
 16777216
370
    -2
100
AcDbLine
 10
109968.4221977697
 20
12403.45481318394
 30
0.0
 11
109968.4221977697
 21
12553.45481318394
 31
0.0
  0
LINE
  5
6AD
330
6A8
100
AcDbEntity
  8
AKS OLCU (BEYKENT)
 62
     0
440
 16777216
370
    -2
100
AcDbLine
 10
109971.4221977697
 20
12550.45481318394
 30
0.0
 11
109965.4221977697
 21
12556.45481318394
 31
0.0
  0
LINE
  5
6AE
330
6A8
100
AcDbEntity
  8
AKS OLCU (BEYKENT)
 62
     0
440
 16777216
370
    -2
100
AcDbLine
 10
109971.4221977697
 20
12400.45481318394
 30
0.0
 11
109965.4221977697
 21
12406.45481318394
 31
0.0
  0
MTEXT
  5
6AF
330
6A8
100
AcDbEntity
  8
AKS OLCU (BEYKENT)
 62
     7
440
 16777216
100
AcDbMText
 10
109960.298401346
 20
12478.45481318391
 30
0.0
 40
12.0
 41
0.0
 46
0.0
 71
     5
 72
     1
  1
\A1;150
  7
YAZI (BEYKENT)
 11
0.0000000000000001
 21
1.0
 31
0.0
 73
     1
 44
1.0
  0
POINT
  5
6B0
330
6A8
100
AcDbEntity
  8
Defpoints
 62
     0
440
 16777216
100
AcDbPoint
 10
109968.4221977691
 20
12403.45481318394
 30
0.0
  0
POINT
  5
6B1
330
6A8
100
AcDbEntity
  8
Defpoints
 62
     0
440
 16777216
100
AcDbPoint
 10
109968.4221977691
 20
12553.45481318394
 30
0.0
  0
POINT
  5
6B2
330
6A8
100
AcDbEntity
  8
Defpoints
 62
     0
440
 16777216
100
AcDbPoint
 10
109968.4221977697
 20
12553.45481318394
 30
0.0
  0
ENDBLK
  5
6B3
330
6A8
100
AcDbEntity
  8
0
100
AcDbBlockEnd
  0
BLOCK
  5
6B5
330
6B4
100
AcDbEntity
  8
0
100
AcDbBlockBegin
  2
*D88
 70
     1
 10
0.0
 20
0.0
 30
0.0
  3
*D88
  1

  0
LINE
  5
6B6
330
6B4
100
AcDbEntity
  8
AKS OLCU (BEYKENT)
 62
     0
440
 16777216
370
    -2
100
AcDbLine
 10
109971.422197769
 20
12553.45481318394
 30
0.0
 11
109968.6021977697
 21
12553.45481318394
 31
0.0
  0
LINE
  5
6B7
330
6B4
100
AcDbEntity
  8
AKS OLCU (BEYKENT)
 62
     0
440
 16777216
370
    -2
100
AcDbLine
 10
109971.422197769
 20
12767.45481318394
 30
0.0
 11
109968.6021977697
 21
12767.45481318394
 31
0.0
  0
LINE
  5
6B8
330
6B4
100
AcDbEntity
  8
AKS OLCU (BEYKENT)
 62
     0
440
 16777216
370
    -2
100
AcDbLine
 10
109968.4221977697
 20
12553.45481318394
 30
0.0
 11
109968.4221977697
 21
12767.45481318394
 31
0.0
  0
LINE
  5
6B9
330
6B4
100
AcDbEntity
  8
AKS OLCU (BEYKENT)
 62
     0
440
 16777216
370
    -2
100
AcDbLine
 10
109971.4221977697
 20
12764.45481318394
 30
0.0
 11
109965.4221977697
 21
12770.45481318394
 31
0.0
  0
LINE
  5
6BA
330
6B4
100
AcDbEntity
  8
AKS OLCU (BEYKENT)
 62
     0
440
 16777216
370
    -2
100
AcDbLine
 10
109971.4221977697
 20
12550.45481318394
 30
0.0
 11
109965.4221977697
 21
12556.45481318394
 31
0.0
  0
MTEXT
  5
6BB
330
6B4
100
AcDbEntity
  8
AKS OLCU (BEYKENT)
 62
     7
440
 16777216
100
AcDbMText
 10
109960.3561730104
 20
12660.45481318391
 30
0.0
 40
12.0
 41
0.0
 46
0.0
 71
     5
 72
     1
  1
\A1;214
  7
YAZI (BEYKENT)
 11
0.0000000000000001
 21
1.0
 31
0.0
 73
     1
 44
1.0
  0
POINT
  5
6BC
330
6B4
100
AcDbEntity
  8
Defpoints
 62
     0
440
 16777216
100
AcDbPoint
 10
109968.4221977691
 20
12553.45481318394
 30
0.0
  0
POINT
  5
6BD
330
6B4
100
AcDbEntity
  8
Defpoints
 62
     0
440
 16777216
100
AcDbPoint
 10
109968.4221977691
 20
12767.45481318394
 30
0.0
  0
POINT
  5
6BE
330
6B4
100
AcDbEntity
  8
Defpoints
 62
     0
440
 16777216
100
AcDbPoint
 10
109968.4221977697
 20
12767.45481318394
 30
0.0
  0
ENDBLK
  5
6BF
330
6B4
100
AcDbEntity
  8
0
100
AcDbBlockEnd
  0
BLOCK
  5
6C1
330
6C0
100
AcDbEntity
  8
0
100
AcDbBlockBegin
  2
*D89
 70
     1
 10
0.0
 20
0.0
 30
0.0
  3
*D89
  1

  0
LINE
  5
6C2
330
6C0
100
AcDbEntity
  8
AKS OLCU (BEYKENT)
 62
     0
440
 16777216
370
    -2
100
AcDbLine
 10
109971.422197769
 20
12767.45481318394
 30
0.0
 11
109968.6021977697
 21
12767.45481318394
 31
0.0
  0
LINE
  5
6C3
330
6C0
100
AcDbEntity
  8
AKS OLCU (BEYKENT)
 62
     0
440
 16777216
370
    -2
100
AcDbLine
 10
109971.422197769
 20
12903.45481318394
 30
0.0
 11
109968.6021977697
 21
12903.45481318394
 31
0.0
  0
LINE
  5
6C4
330
6C0
100
AcDbEntity
  8
AKS OLCU (BEYKENT)
 62
     0
440
 16777216
370
    -2
100
AcDbLine
 10
109968.4221977697
 20
12767.45481318394
 30
0.0
 11
109968.4221977697
 21
12903.45481318394
 31
0.0
  0
LINE
  5
6C5
330
6C0
100
AcDbEntity
  8
AKS OLCU (BEYKENT)
 62
     0
440
 16777216
370
    -2
100
AcDbLine
 10
109971.4221977697
 20
12900.45481318394
 30
0.0
 11
109965.4221977697
 21
12906.45481318394
 31
0.0
  0
LINE
  5
6C6
330
6C0
100
AcDbEntity
  8
AKS OLCU (BEYKENT)
 62
     0
440
 16777216
370
    -2
100
AcDbLine
 10
109971.4221977697
 20
12764.45481318394
 30
0.0
 11
109965.4221977697
 21
12770.45481318394
 31
0.0
  0
MTEXT
  5
6C7
330
6C0
100
AcDbEntity
  8
AKS OLCU (BEYKENT)
 62
     7
440
 16777216
100
AcDbMText
 10
109960.298401346
 20
12835.45481318391
 30
0.0
 40
12.0
 41
0.0
 46
0.0
 71
     5
 72
     1
  1
\A1;136
  7
YAZI (BEYKENT)
 11
0.0000000000000001
 21
1.0
 31
0.0
 73
     1
 44
1.0
  0
POINT
  5
6C8
330
6C0
100
AcDbEntity
  8
Defpoints
 62
     0
440
 16777216
100
AcDbPoint
 10
109968.4221977691
 20
12767.45481318394
 30
0.0
  0
POINT
  5
6C9
330
6C0
100
AcDbEntity
  8
Defpoints
 62
     0
440
 16777216
100
AcDbPoint
 10
109968.4221977691
 20
12903.45481318394
 30
0.0
  0
POINT
  5
6CA
330
6C0
100
AcDbEntity
  8
Defpoints
 62
     0
440
 16777216
100
AcDbPoint
 10
109968.4221977697
 20
12903.45481318394
 30
0.0
  0
ENDBLK
  5
6CB
330
6C0
100
AcDbEntity
  8
0
100
AcDbBlockEnd
  0
BLOCK
  5
6CD
330
6CC
100
AcDbEntity
  8
0
100
AcDbBlockBegin
  2
*D90
 70
     1
 10
0.0
 20
0.0
 30
0.0
  3
*D90
  1

  0
LINE
  5
6CE
330
6CC
100
AcDbEntity
  8
AKS OLCU (BEYKENT)
 62
     0
440
 16777216
370
    -2
100
AcDbLine
 10
109971.422197769
 20
12903.45481318394
 30
0.0
 11
109968.6021977697
 21
12903.45481318394
 31
0.0
  0
LINE
  5
6CF
330
6CC
100
AcDbEntity
  8
AKS OLCU (BEYKENT)
 62
     0
440
 16777216
370
    -2
100
AcDbLine
 10
109971.422197769
 20
13033.45481318394
 30
0.0
 11
109968.6021977697
 21
13033.45481318394
 31
0.0
  0
LINE
  5
6D0
330
6CC
100
AcDbEntity
  8
AKS OLCU (BEYKENT)
 62
     0
440
 16777216
370
    -2
100
AcDbLine
 10
109968.4221977697
 20
12903.45481318394
 30
0.0
 11
109968.4221977697
 21
13033.45481318394
 31
0.0
  0
LINE
  5
6D1
330
6CC
100
AcDbEntity
  8
AKS OLCU (BEYKENT)
 62
     0
440
 16777216
370
    -2
100
AcDbLine
 10
109971.4221977697
 20
13030.45481318394
 30
0.0
 11
109965.4221977697
 21
13036.45481318394
 31
0.0
  0
LINE
  5
6D2
330
6CC
100
AcDbEntity
  8
AKS OLCU (BEYKENT)
 62
     0
440
 16777216
370
    -2
100
AcDbLine
 10
109971.4221977697
 20
12900.45481318394
 30
0.0
 11
109965.4221977697
 21
12906.45481318394
 31
0.0
  0
MTEXT
  5
6D3
330
6CC
100
AcDbEntity
  8
AKS OLCU (BEYKENT)
 62
     7
440
 16777216
100
AcDbMText
 10
109960.298401346
 20
12968.45481318391
 30
0.0
 40
12.0
 41
0.0
 46
0.0
 71
     5
 72
     1
  1
\A1;130
  7
YAZI (BEYKENT)
 11
0.0000000000000001
 21
1.0
 31
0.0
 73
     1
 44
1.0
  0
POINT
  5
6D4
330
6CC
100
AcDbEntity
  8
Defpoints
 62
     0
440
 16777216
100
AcDbPoint
 10
109968.4221977691
 20
12903.45481318394
 30
0.0
  0
POINT
  5
6D5
330
6CC
100
AcDbEntity
  8
Defpoints
 62
     0
440
 16777216
100
AcDbPoint
 10
109968.4221977691
 20
13033.45481318394
 30
0.0
  0
POINT
  5
6D6
330
6CC
100
AcDbEntity
  8
Defpoints
 62
     0
440
 16777216
100
AcDbPoint
 10
109968.4221977697
 20
13033.45481318394
 30
0.0
  0
ENDBLK
  5
6D7
330
6CC
100
AcDbEntity
  8
0
100
AcDbBlockEnd
  0
BLOCK
  5
6D9
330
6D8
100
AcDbEntity
  8
0
100
AcDbBlockBegin
  2
*D91
 70
     1
 10
0.0
 20
0.0
 30
0.0
  3
*D91
  1

  0
LINE
  5
6DA
330
6D8
100
AcDbEntity
  8
AKS OLCU (BEYKENT)
 62
     0
440
 16777216
370
    -2
100
AcDbLine
 10
109971.422197769
 20
13033.45481318394
 30
0.0
 11
109968.6021977697
 21
13033.45481318394
 31
0.0
  0
LINE
  5
6DB
330
6D8
100
AcDbEntity
  8
AKS OLCU (BEYKENT)
 62
     0
440
 16777216
370
    -2
100
AcDbLine
 10
109971.422197769
 20
13118.45481318394
 30
0.0
 11
109968.6021977697
 21
13118.45481318394
 31
0.0
  0
LINE
  5
6DC
330
6D8
100
AcDbEntity
  8
AKS OLCU (BEYKENT)
 62
     0
440
 16777216
370
    -2
100
AcDbLine
 10
109968.4221977697
 20
13033.45481318394
 30
0.0
 11
109968.4221977697
 21
13118.45481318394
 31
0.0
  0
LINE
  5
6DD
330
6D8
100
AcDbEntity
  8
AKS OLCU (BEYKENT)
 62
     0
440
 16777216
370
    -2
100
AcDbLine
 10
109971.4221977697
 20
13115.45481318394
 30
0.0
 11
109965.4221977697
 21
13121.45481318394
 31
0.0
  0
LINE
  5
6DE
330
6D8
100
AcDbEntity
  8
AKS OLCU (BEYKENT)
 62
     0
440
 16777216
370
    -2
100
AcDbLine
 10
109971.4221977697
 20
13030.45481318394
 30
0.0
 11
109965.4221977697
 21
13036.45481318394
 31
0.0
  0
MTEXT
  5
6DF
330
6D8
100
AcDbEntity
  8
AKS OLCU (BEYKENT)
 62
     7
440
 16777216
100
AcDbMText
 10
109960.298401346
 20
13075.95481318391
 30
0.0
 40
12.0
 41
0.0
 46
0.0
 71
     5
 72
     1
  1
\A1;85
  7
YAZI (BEYKENT)
 11
0.0000000000000001
 21
1.0
 31
0.0
 73
     1
 44
1.0
  0
POINT
  5
6E0
330
6D8
100
AcDbEntity
  8
Defpoints
 62
     0
440
 16777216
100
AcDbPoint
 10
109968.4221977691
 20
13033.45481318394
 30
0.0
  0
POINT
  5
6E1
330
6D8
100
AcDbEntity
  8
Defpoints
 62
     0
440
 16777216
100
AcDbPoint
 10
109968.4221977691
 20
13118.45481318394
 30
0.0
  0
POINT
  5
6E2
330
6D8
100
AcDbEntity
  8
Defpoints
 62
     0
440
 16777216
100
AcDbPoint
 10
109968.4221977697
 20
13118.45481318394
 30
0.0
  0
ENDBLK
  5
6E3
330
6D8
100
AcDbEntity
  8
0
100
AcDbBlockEnd
  0
BLOCK
  5
6E5
330
6E4
100
AcDbEntity
  8
0
100
AcDbBlockBegin
  2
*D92
 70
     1
 10
0.0
 20
0.0
 30
0.0
  3
*D92
  1

  0
LINE
  5
6E6
330
6E4
100
AcDbEntity
  8
AKS OLCU (BEYKENT)
 62
     0
440
 16777216
370
    -2
100
AcDbLine
 10
109971.422197769
 20
13118.45481318394
 30
0.0
 11
109968.6021977697
 21
13118.45481318394
 31
0.0
  0
LINE
  5
6E7
330
6E4
100
AcDbEntity
  8
AKS OLCU (BEYKENT)
 62
     0
440
 16777216
370
    -2
100
AcDbLine
 10
109971.422197769
 20
13188.45491318394
 30
0.0
 11
109968.6021977697
 21
13188.45491318394
 31
0.0
  0
LINE
  5
6E8
330
6E4
100
AcDbEntity
  8
AKS OLCU (BEYKENT)
 62
     0
440
 16777216
370
    -2
100
AcDbLine
 10
109968.4221977697
 20
13118.45481318394
 30
0.0
 11
109968.4221977697
 21
13188.45491318394
 31
0.0
  0
LINE
  5
6E9
330
6E4
100
AcDbEntity
  8
AKS OLCU (BEYKENT)
 62
     0
440
 16777216
370
    -2
100
AcDbLine
 10
109971.4221977697
 20
13185.45491318394
 30
0.0
 11
109965.4221977697
 21
13191.45491318394
 31
0.0
  0
LINE
  5
6EA
330
6E4
100
AcDbEntity
  8
AKS OLCU (BEYKENT)
 62
     0
440
 16777216
370
    -2
100
AcDbLine
 10
109971.4221977697
 20
13115.45481318394
 30
0.0
 11
109965.4221977697
 21
13121.45481318394
 31
0.0
  0
MTEXT
  5
6EB
330
6E4
100
AcDbEntity
  8
AKS OLCU (BEYKENT)
 62
     7
440
 16777216
100
AcDbMText
 10
109960.298401346
 20
13153.45486318391
 30
0.0
 40
12.0
 41
0.0
 46
0.0
 71
     5
 72
     1
  1
\A1;70
  7
YAZI (BEYKENT)
 11
0.0000000000000001
 21
1.0
 31
0.0
 73
     1
 44
1.0
  0
POINT
  5
6EC
330
6E4
100
AcDbEntity
  8
Defpoints
 62
     0
440
 16777216
100
AcDbPoint
 10
109968.4221977691
 20
13118.45481318394
 30
0.0
  0
POINT
  5
6ED
330
6E4
100
AcDbEntity
  8
Defpoints
 62
     0
440
 16777216
100
AcDbPoint
 10
109968.4221977691
 20
13188.45491318394
 30
0.0
  0
POINT
  5
6EE
330
6E4
100
AcDbEntity
  8
Defpoints
 62
     0
440
 16777216
100
AcDbPoint
 10
109968.4221977697
 20
13188.45491318394
 30
0.0
  0
ENDBLK
  5
6EF
330
6E4
100
AcDbEntity
  8
0
100
AcDbBlockEnd
  0
BLOCK
  5
6F1
330
6F0
100
AcDbEntity
  8
0
100
AcDbBlockBegin
  2
*D93
 70
     1
 10
0.0
 20
0.0
 30
0.0
  3
*D93
  1

  0
LINE
  5
6F2
330
6F0
100
AcDbEntity
  8
AKS OLCU (BEYKENT)
 62
     0
440
 16777216
370
    -2
100
AcDbLine
 10
109971.422197769
 20
13188.45491318394
 30
0.0
 11
109968.6021977697
 21
13188.45491318394
 31
0.0
  0
LINE
  5
6F3
330
6F0
100
AcDbEntity
  8
AKS OLCU (BEYKENT)
 62
     0
440
 16777216
370
    -2
100
AcDbLine
 10
109971.422197769
 20
13268.45481318394
 30
0.0
 11
109968.6021977697
 21
13268.45481318394
 31
0.0
  0
LINE
  5
6F4
330
6F0
100
AcDbEntity
  8
AKS OLCU (BEYKENT)
 62
     0
440
 16777216
370
    -2
100
AcDbLine
 10
109968.4221977697
 20
13188.45491318394
 30
0.0
 11
109968.4221977697
 21
13268.45481318394
 31
0.0
  0
LINE
  5
6F5
330
6F0
100
AcDbEntity
  8
AKS OLCU (BEYKENT)
 62
     0
440
 16777216
370
    -2
100
AcDbLine
 10
109971.4221977697
 20
13265.45481318394
 30
0.0
 11
109965.4221977697
 21
13271.45481318394
 31
0.0
  0
LINE
  5
6F6
330
6F0
100
AcDbEntity
  8
AKS OLCU (BEYKENT)
 62
     0
440
 16777216
370
    -2
100
AcDbLine
 10
109971.4221977697
 20
13185.45491318394
 30
0.0
 11
109965.4221977697
 21
13191.45491318394
 31
0.0
  0
MTEXT
  5
6F7
330
6F0
100
AcDbEntity
  8
AKS OLCU (BEYKENT)
 62
     7
440
 16777216
100
AcDbMText
 10
109960.298401346
 20
13228.45486318391
 30
0.0
 40
12.0
 41
0.0
 46
0.0
 71
     5
 72
     1
  1
\A1;80
  7
YAZI (BEYKENT)
 11
0.0000000000000001
 21
1.0
 31
0.0
 73
     1
 44
1.0
  0
POINT
  5
6F8
330
6F0
100
AcDbEntity
  8
Defpoints
 62
     0
440
 16777216
100
AcDbPoint
 10
109968.4221977691
 20
13188.45491318394
 30
0.0
  0
POINT
  5
6F9
330
6F0
100
AcDbEntity
  8
Defpoints
 62
     0
440
 16777216
100
AcDbPoint
 10
109968.4221977691
 20
13268.45481318394
 30
0.0
  0
POINT
  5
6FA
330
6F0
100
AcDbEntity
  8
Defpoints
 62
     0
440
 16777216
100
AcDbPoint
 10
109968.4221977697
 20
13268.45481318394
 30
0.0
  0
ENDBLK
  5
6FB
330
6F0
100
AcDbEntity
  8
0
100
AcDbBlockEnd
  0
BLOCK
  5
6FD
330
6FC
100
AcDbEntity
  8
0
100
AcDbBlockBegin
  2
*D94
 70
     1
 10
0.0
 20
0.0
 30
0.0
  3
*D94
  1

  0
LINE
  5
6FE
330
6FC
100
AcDbEntity
  8
AKS OLCU (BEYKENT)
 62
     0
440
 16777216
370
    -2
100
AcDbLine
 10
109971.422197769
 20
13268.45481318394
 30
0.0
 11
109968.6021977697
 21
13268.45481318394
 31
0.0
  0
LINE
  5
6FF
330
6FC
100
AcDbEntity
  8
AKS OLCU (BEYKENT)
 62
     0
440
 16777216
370
    -2
100
AcDbLine
 10
109971.422197769
 20
13353.45481318394
 30
0.0
 11
109968.6021977697
 21
13353.45481318394
 31
0.0
  0
LINE
  5
700
330
6FC
100
AcDbEntity
  8
AKS OLCU (BEYKENT)
 62
     0
440
 16777216
370
    -2
100
AcDbLine
 10
109968.4221977697
 20
13268.45481318394
 30
0.0
 11
109968.4221977697
 21
13353.45481318394
 31
0.0
  0
LINE
  5
701
330
6FC
100
AcDbEntity
  8
AKS OLCU (BEYKENT)
 62
     0
440
 16777216
370
    -2
100
AcDbLine
 10
109971.4221977697
 20
13350.45481318394
 30
0.0
 11
109965.4221977697
 21
13356.45481318394
 31
0.0
  0
LINE
  5
702
330
6FC
100
AcDbEntity
  8
AKS OLCU (BEYKENT)
 62
     0
440
 16777216
370
    -2
100
AcDbLine
 10
109971.4221977697
 20
13265.45481318394
 30
0.0
 11
109965.4221977697
 21
13271.45481318394
 31
0.0
  0
MTEXT
  5
703
330
6FC
100
AcDbEntity
  8
AKS OLCU (BEYKENT)
 62
     7
440
 16777216
100
AcDbMText
 10
109960.298401346
 20
13310.95481318391
 30
0.0
 40
12.0
 41
0.0
 46
0.0
 71
     5
 72
     1
  1
\A1;85
  7
YAZI (BEYKENT)
 11
0.0000000000000001
 21
1.0
 31
0.0
 73
     1
 44
1.0
  0
POINT
  5
704
330
6FC
100
AcDbEntity
  8
Defpoints
 62
     0
440
 16777216
100
AcDbPoint
 10
109968.4221977691
 20
13268.45481318394
 30
0.0
  0
POINT
  5
705
330
6FC
100
AcDbEntity
  8
Defpoints
 62
     0
440
 16777216
100
AcDbPoint
 10
109968.4221977691
 20
13353.45481318394
 30
0.0
  0
POINT
  5
706
330
6FC
100
AcDbEntity
  8
Defpoints
 62
     0
440
 16777216
100
AcDbPoint
 10
109968.4221977697
 20
13353.45481318394
 30
0.0
  0
ENDBLK
  5
707
330
6FC
100
AcDbEntity
  8
0
100
AcDbBlockEnd
  0
BLOCK
  5
709
330
708
100
AcDbEntity
  8
0
100
AcDbBlockBegin
  2
*D95
 70
     1
 10
0.0
 20
0.0
 30
0.0
  3
*D95
  1

  0
LINE
  5
70A
330
708
100
AcDbEntity
  8
AKS OLCU (BEYKENT)
 62
     0
440
 16777216
370
    -2
100
AcDbLine
 10
109971.422197769
 20
13353.45481318394
 30
0.0
 11
109968.6021977697
 21
13353.45481318394
 31
0.0
  0
LINE
  5
70B
330
708
100
AcDbEntity
  8
AKS OLCU (BEYKENT)
 62
     0
440
 16777216
370
    -2
100
AcDbLine
 10
109971.422197769
 20
13363.45481318394
 30
0.0
 11
109968.6021977697
 21
13363.45481318394
 31
0.0
  0
LINE
  5
70C
330
708
100
AcDbEntity
  8
AKS OLCU (BEYKENT)
 62
     0
440
 16777216
370
    -2
100
AcDbLine
 10
109968.4221977697
 20
13353.45481318394
 30
0.0
 11
109968.4221977697
 21
13347.45481318394
 31
0.0
  0
LINE
  5
70D
330
708
100
AcDbEntity
  8
AKS OLCU (BEYKENT)
 62
     0
440
 16777216
370
    -2
100
AcDbLine
 10
109968.4221977697
 20
13363.45481318394
 30
0.0
 11
109968.4221977697
 21
13369.45481318394
 31
0.0
  0
LINE
  5
70E
330
708
100
AcDbEntity
  8
AKS OLCU (BEYKENT)
 62
     0
440
 16777216
370
    -2
100
AcDbLine
 10
109968.4221977697
 20
13353.45481318394
 30
0.0
 11
109968.4221977697
 21
13363.45481318394
 31
0.0
  0
LINE
  5
70F
330
708
100
AcDbEntity
  8
AKS OLCU (BEYKENT)
 62
     0
440
 16777216
370
    -2
100
AcDbLine
 10
109971.4221977697
 20
13360.45481318394
 30
0.0
 11
109965.4221977697
 21
13366.45481318394
 31
0.0
  0
LINE
  5
710
330
708
100
AcDbEntity
  8
AKS OLCU (BEYKENT)
 62
     0
440
 16777216
370
    -2
100
AcDbLine
 10
109971.4221977697
 20
13350.45481318394
 30
0.0
 11
109965.4221977697
 21
13356.45481318394
 31
0.0
  0
MTEXT
  5
711
330
708
100
AcDbEntity
  8
AKS OLCU (BEYKENT)
 62
     7
440
 16777216
100
AcDbMText
 10
109960.298401346
 20
13358.45481318391
 30
0.0
 40
12.0
 41
0.0
 46
0.0
 71
     5
 72
     1
  1
\A1;10
  7
YAZI (BEYKENT)
 11
0.0000000000000001
 21
1.0
 31
0.0
 73
     1
 44
1.0
  0
POINT
  5
712
330
708
100
AcDbEntity
  8
Defpoints
 62
     0
440
 16777216
100
AcDbPoint
 10
109968.4221977691
 20
13353.45481318394
 30
0.0
  0
POINT
  5
713
330
708
100
AcDbEntity
  8
Defpoints
 62
     0
440
 16777216
100
AcDbPoint
 10
109968.4221977691
 20
13363.45481318394
 30
0.0
  0
POINT
  5
714
330
708
100
AcDbEntity
  8
Defpoints
 62
     0
440
 16777216
100
AcDbPoint
 10
109968.4221977697
 20
13363.45481318394
 30
0.0
  0
ENDBLK
  5
715
330
708
100
AcDbEntity
  8
0
100
AcDbBlockEnd
  0
BLOCK
  5
717
330
716
100
AcDbEntity
  8
0
100
AcDbBlockBegin
  2
*D96
 70
     1
 10
0.0
 20
0.0
 30
0.0
  3
*D96
  1

  0
LINE
  5
718
330
716
100
AcDbEntity
  8
AKS OLCU (BEYKENT)
 62
     0
440
 16777216
370
    -2
100
AcDbLine
 10
109971.422197769
 20
13363.45481318394
 30
0.0
 11
109968.6021977697
 21
13363.45481318394
 31
0.0
  0
LINE
  5
719
330
716
100
AcDbEntity
  8
AKS OLCU (BEYKENT)
 62
     0
440
 16777216
370
    -2
100
AcDbLine
 10
109971.422197769
 20
13483.45481318394
 30
0.0
 11
109968.6021977697
 21
13483.45481318394
 31
0.0
  0
LINE
  5
71A
330
716
100
AcDbEntity
  8
AKS OLCU (BEYKENT)
 62
     0
440
 16777216
370
    -2
100
AcDbLine
 10
109968.4221977697
 20
13363.45481318394
 30
0.0
 11
109968.4221977697
 21
13483.45481318394
 31
0.0
  0
LINE
  5
71B
330
716
100
AcDbEntity
  8
AKS OLCU (BEYKENT)
 62
     0
440
 16777216
370
    -2
100
AcDbLine
 10
109971.4221977697
 20
13480.45481318394
 30
0.0
 11
109965.4221977697
 21
13486.45481318394
 31
0.0
  0
LINE
  5
71C
330
716
100
AcDbEntity
  8
AKS OLCU (BEYKENT)
 62
     0
440
 16777216
370
    -2
100
AcDbLine
 10
109971.4221977697
 20
13360.45481318394
 30
0.0
 11
109965.4221977697
 21
13366.45481318394
 31
0.0
  0
MTEXT
  5
71D
330
716
100
AcDbEntity
  8
AKS OLCU (BEYKENT)
 62
     7
440
 16777216
100
AcDbMText
 10
109960.298401346
 20
13423.45481318391
 30
0.0
 40
12.0
 41
0.0
 46
0.0
 71
     5
 72
     1
  1
\A1;120
  7
YAZI (BEYKENT)
 11
0.0000000000000001
 21
1.0
 31
0.0
 73
     1
 44
1.0
  0
POINT
  5
71E
330
716
100
AcDbEntity
  8
Defpoints
 62
     0
440
 16777216
100
AcDbPoint
 10
109968.4221977691
 20
13363.45481318394
 30
0.0
  0
POINT
  5
71F
330
716
100
AcDbEntity
  8
Defpoints
 62
     0
440
 16777216
100
AcDbPoint
 10
109968.4221977691
 20
13483.45481318394
 30
0.0
  0
POINT
  5
720
330
716
100
AcDbEntity
  8
Defpoints
 62
     0
440
 16777216
100
AcDbPoint
 10
109968.4221977697
 20
13483.45481318394
 30
0.0
  0
ENDBLK
  5
721
330
716
100
AcDbEntity
  8
0
100
AcDbBlockEnd
  0
BLOCK
  5
723
330
722
100
AcDbEntity
  8
0
100
AcDbBlockBegin
  2
*D97
 70
     1
 10
0.0
 20
0.0
 30
0.0
  3
*D97
  1

  0
LINE
  5
724
330
722
100
AcDbEntity
  8
AKS OLCU (BEYKENT)
 62
     0
440
 16777216
370
    -2
100
AcDbLine
 10
109971.422197769
 20
13483.45481318394
 30
0.0
 11
109968.6021977697
 21
13483.45481318394
 31
0.0
  0
LINE
  5
725
330
722
100
AcDbEntity
  8
AKS OLCU (BEYKENT)
 62
     0
440
 16777216
370
    -2
100
AcDbLine
 10
109971.422197769
 20
13833.45481318394
 30
0.0
 11
109968.6021977697
 21
13833.45481318394
 31
0.0
  0
LINE
  5
726
330
722
100
AcDbEntity
  8
AKS OLCU (BEYKENT)
 62
     0
440
 16777216
370
    -2
100
AcDbLine
 10
109968.4221977697
 20
13483.45481318394
 30
0.0
 11
109968.4221977697
 21
13833.45481318394
 31
0.0
  0
LINE
  5
727
330
722
100
AcDbEntity
  8
AKS OLCU (BEYKENT)
 62
     0
440
 16777216
370
    -2
100
AcDbLine
 10
109971.4221977697
 20
13830.45481318394
 30
0.0
 11
109965.4221977697
 21
13836.45481318394
 31
0.0
  0
LINE
  5
728
330
722
100
AcDbEntity
  8
AKS OLCU (BEYKENT)
 62
     0
440
 16777216
370
    -2
100
AcDbLine
 10
109971.4221977697
 20
13480.45481318394
 30
0.0
 11
109965.4221977697
 21
13486.45481318394
 31
0.0
  0
MTEXT
  5
729
330
722
100
AcDbEntity
  8
AKS OLCU (BEYKENT)
 62
     7
440
 16777216
100
AcDbMText
 10
109960.298401346
 20
13658.45481318391
 30
0.0
 40
12.0
 41
0.0
 46
0.0
 71
     5
 72
     1
  1
\A1;350
  7
YAZI (BEYKENT)
 11
0.0000000000000001
 21
1.0
 31
0.0
 73
     1
 44
1.0
  0
POINT
  5
72A
330
722
100
AcDbEntity
  8
Defpoints
 62
     0
440
 16777216
100
AcDbPoint
 10
109968.4221977691
 20
13483.45481318394
 30
0.0
  0
POINT
  5
72B
330
722
100
AcDbEntity
  8
Defpoints
 62
     0
440
 16777216
100
AcDbPoint
 10
109968.4221977691
 20
13833.45481318394
 30
0.0
  0
POINT
  5
72C
330
722
100
AcDbEntity
  8
Defpoints
 62
     0
440
 16777216
100
AcDbPoint
 10
109968.4221977697
 20
13833.45481318394
 30
0.0
  0
ENDBLK
  5
72D
330
722
100
AcDbEntity
  8
0
100
AcDbBlockEnd
  0
BLOCK
  5
72F
330
72E
100
AcDbEntity
  8
0
100
AcDbBlockBegin
  2
*D98
 70
     1
 10
0.0
 20
0.0
 30
0.0
  3
*D98
  1

  0
LINE
  5
730
330
72E
100
AcDbEntity
  8
AKS OLCU (BEYKENT)
 62
     0
440
 16777216
370
    -2
100
AcDbLine
 10
109971.422197769
 20
13833.45481318394
 30
0.0
 11
109968.6021977697
 21
13833.45481318394
 31
0.0
  0
LINE
  5
731
330
72E
100
AcDbEntity
  8
AKS OLCU (BEYKENT)
 62
     0
440
 16777216
370
    -2
100
AcDbLine
 10
109971.422197769
 20
13983.45481318394
 30
0.0
 11
109968.6021977697
 21
13983.45481318394
 31
0.0
  0
LINE
  5
732
330
72E
100
AcDbEntity
  8
AKS OLCU (BEYKENT)
 62
     0
440
 16777216
370
    -2
100
AcDbLine
 10
109968.4221977697
 20
13833.45481318394
 30
0.0
 11
109968.4221977697
 21
13983.45481318394
 31
0.0
  0
LINE
  5
733
330
72E
100
AcDbEntity
  8
AKS OLCU (BEYKENT)
 62
     0
440
 16777216
370
    -2
100
AcDbLine
 10
109971.4221977697
 20
13980.45481318394
 30
0.0
 11
109965.4221977697
 21
13986.45481318394
 31
0.0
  0
LINE
  5
734
330
72E
100
AcDbEntity
  8
AKS OLCU (BEYKENT)
 62
     0
440
 16777216
370
    -2
100
AcDbLine
 10
109971.4221977697
 20
13830.45481318394
 30
0.0
 11
109965.4221977697
 21
13836.45481318394
 31
0.0
  0
MTEXT
  5
735
330
72E
100
AcDbEntity
  8
AKS OLCU (BEYKENT)
 62
     7
440
 16777216
100
AcDbMText
 10
109960.298401346
 20
13908.45481318391
 30
0.0
 40
12.0
 41
0.0
 46
0.0
 71
     5
 72
     1
  1
\A1;150
  7
YAZI (BEYKENT)
 11
0.0000000000000001
 21
1.0
 31
0.0
 73
     1
 44
1.0
  0
POINT
  5
736
330
72E
100
AcDbEntity
  8
Defpoints
 62
     0
440
 16777216
100
AcDbPoint
 10
109968.4221977691
 20
13833.45481318394
 30
0.0
  0
POINT
  5
737
330
72E
100
AcDbEntity
  8
Defpoints
 62
     0
440
 16777216
100
AcDbPoint
 10
109968.4221977691
 20
13983.45481318394
 30
0.0
  0
POINT
  5
738
330
72E
100
AcDbEntity
  8
Defpoints
 62
     0
440
 16777216
100
AcDbPoint
 10
109968.4221977697
 20
13983.45481318394
 30
0.0
  0
ENDBLK
  5
739
330
72E
100
AcDbEntity
  8
0
100
AcDbBlockEnd
  0
BLOCK
  5
108E
330
108D
100
AcDbEntity
  8
0
100
AcDbBlockBegin
  2
*D99
 70
     1
 10
0.0
 20
0.0
 30
0.0
  3
*D99
  1

  0
LINE
  5
1511
330
108D
100
AcDbEntity
  8
OLCU (BEYKENT)
 62
     0
440
 16777216
370
    -2
100
AcDbLine
 10
1855.519675465765
 20
2984.658560045573
 30
0.0
 11
1872.699675466028
 21
2984.658560045573
 31
0.0
  0
LINE
  5
1512
330
108D
100
AcDbEntity
  8
OLCU (BEYKENT)
 62
     0
440
 16777216
370
    -2
100
AcDbLine
 10
1855.519675465765
 20
2969.658560045573
 30
0.0
 11
1872.699675466028
 21
2969.658560045573
 31
0.0
  0
LINE
  5
1513
330
108D
100
AcDbEntity
  8
OLCU (BEYKENT)
 62
     0
440
 16777216
370
    -2
100
AcDbLine
 10
1872.519675466028
 20
2984.658560045573
 30
0.0
 11
1872.519675466028
 21
2969.658560045573
 31
0.0
  0
LINE
  5
1514
330
108D
100
AcDbEntity
  8
OLCU (BEYKENT)
 62
     0
440
 16777216
370
    -2
100
AcDbLine
 10
1875.519675466027
 20
2966.658560045573
 30
0.0
 11
1869.519675466028
 21
2972.658560045573
 31
0.0
  0
LINE
  5
1515
330
108D
100
AcDbEntity
  8
OLCU (BEYKENT)
 62
     0
440
 16777216
370
    -2
100
AcDbLine
 10
1875.519675466027
 20
2981.658560045574
 30
0.0
 11
1869.519675466028
 21
2987.658560045574
 31
0.0
  0
MTEXT
  5
1516
330
108D
100
AcDbEntity
  8
OLCU (BEYKENT)
 62
     7
440
 16777216
370
    20
100
AcDbMText
 10
1864.457777254198
 20
2977.158560045572
 30
0.0
 40
12.0
 41
0.0
 46
0.0
 71
     5
 72
     1
  1
\A1;15
  7
YAZI (BEYKENT)
 11
0.0000000000000001
 21
1.0
 31
0.0
 73
     1
 44
1.0
  0
POINT
  5
1517
330
108D
100
AcDbEntity
  8
Defpoints
 62
     0
440
 16777216
100
AcDbPoint
 10
1852.519675465765
 20
2984.658560045573
 30
0.0
  0
POINT
  5
1518
330
108D
100
AcDbEntity
  8
Defpoints
 62
     0
440
 16777216
100
AcDbPoint
 10
1852.519675465765
 20
2969.658560045573
 30
0.0
  0
POINT
  5
1519
330
108D
100
AcDbEntity
  8
Defpoints
 62
     0
440
 16777216
100
AcDbPoint
 10
1872.519675466028
 20
2969.658560045573
 30
0.0
  0
ENDBLK
  5
108F
330
108D
100
AcDbEntity
  8
0
100
AcDbBlockEnd
  0
BLOCK
  5
109A
330
1099
100
AcDbEntity
  8
0
100
AcDbBlockBegin
  2
*D100
 70
     1
 10
0.0
 20
0.0
 30
0.0
  3
*D100
  1

  0
LINE
  5
151A
330
1099
100
AcDbEntity
  8
OLCU (BEYKENT)
 62
     0
440
 16777216
370
    -2
100
AcDbLine
 10
1855.519675465765
 20
2969.658560045573
 30
0.0
 11
1872.699675466028
 21
2969.658560045573
 31
0.0
  0
LINE
  5
151B
330
1099
100
AcDbEntity
  8
OLCU (BEYKENT)
 62
     0
440
 16777216
370
    -2
100
AcDbLine
 10
1855.519675465765
 20
2934.658560045573
 30
0.0
 11
1872.699675466028
 21
2934.658560045573
 31
0.0
  0
LINE
  5
151C
330
1099
100
AcDbEntity
  8
OLCU (BEYKENT)
 62
     0
440
 16777216
370
    -2
100
AcDbLine
 10
1872.519675466028
 20
2969.658560045573
 30
0.0
 11
1872.519675466028
 21
2934.658560045573
 31
0.0
  0
LINE
  5
151D
330
1099
100
AcDbEntity
  8
OLCU (BEYKENT)
 62
     0
440
 16777216
370
    -2
100
AcDbLine
 10
1875.519675466027
 20
2931.658560045574
 30
0.0
 11
1869.519675466028
 21
2937.658560045573
 31
0.0
  0
LINE
  5
151E
330
1099
100
AcDbEntity
  8
OLCU (BEYKENT)
 62
     0
440
 16777216
370
    -2
100
AcDbLine
 10
1875.519675466027
 20
2966.658560045573
 30
0.0
 11
1869.519675466028
 21
2972.658560045573
 31
0.0
  0
MTEXT
  5
151F
330
1099
100
AcDbEntity
  8
OLCU (BEYKENT)
 62
     7
440
 16777216
370
    20
100
AcDbMText
 10
1864.395879042369
 20
2952.158560045572
 30
0.0
 40
12.0
 41
0.0
 46
0.0
 71
     5
 72
     1
  1
\A1;35
  7
YAZI (BEYKENT)
 11
0.0000000000000001
 21
1.0
 31
0.0
 73
     1
 44
1.0
  0
POINT
  5
1520
330
1099
100
AcDbEntity
  8
Defpoints
 62
     0
440
 16777216
100
AcDbPoint
 10
1852.519675465765
 20
2969.658560045573
 30
0.0
  0
POINT
  5
1521
330
1099
100
AcDbEntity
  8
Defpoints
 62
     0
440
 16777216
100
AcDbPoint
 10
1852.519675465765
 20
2934.658560045573
 30
0.0
  0
POINT
  5
1522
330
1099
100
AcDbEntity
  8
Defpoints
 62
     0
440
 16777216
100
AcDbPoint
 10
1872.519675466028
 20
2934.658560045573
 30
0.0
  0
ENDBLK
  5
109B
330
1099
100
AcDbEntity
  8
0
100
AcDbBlockEnd
  0
BLOCK
  5
10A6
330
10A5
100
AcDbEntity
  8
0
100
AcDbBlockBegin
  2
*D101
 70
     1
 10
0.0
 20
0.0
 30
0.0
  3
*D101
  1

  0
LINE
  5
1523
330
10A5
100
AcDbEntity
  8
OLCU (BEYKENT)
 62
     0
440
 16777216
370
    -2
100
AcDbLine
 10
1855.519675465765
 20
2984.658560045573
 30
0.0
 11
1892.699675466027
 21
2984.658560045573
 31
0.0
  0
LINE
  5
1524
330
10A5
100
AcDbEntity
  8
OLCU (BEYKENT)
 62
     0
440
 16777216
370
    -2
100
AcDbLine
 10
1855.519675465765
 20
2934.658560045573
 30
0.0
 11
1892.699675466027
 21
2934.658560045573
 31
0.0
  0
LINE
  5
1525
330
10A5
100
AcDbEntity
  8
OLCU (BEYKENT)
 62
     0
440
 16777216
370
    -2
100
AcDbLine
 10
1892.519675466028
 20
2984.658560045573
 30
0.0
 11
1892.519675466028
 21
2934.658560045573
 31
0.0
  0
LINE
  5
1526
330
10A5
100
AcDbEntity
  8
OLCU (BEYKENT)
 62
     0
440
 16777216
370
    -2
100
AcDbLine
 10
1895.519675466027
 20
2931.658560045574
 30
0.0
 11
1889.519675466027
 21
2937.658560045573
 31
0.0
  0
LINE
  5
1527
330
10A5
100
AcDbEntity
  8
OLCU (BEYKENT)
 62
     0
440
 16777216
370
    -2
100
AcDbLine
 10
1895.519675466027
 20
2981.658560045574
 30
0.0
 11
1889.519675466027
 21
2987.658560045574
 31
0.0
  0
MTEXT
  5
1528
330
10A5
100
AcDbEntity
  8
OLCU (BEYKENT)
 62
     7
440
 16777216
370
    20
100
AcDbMText
 10
1884.395879042369
 20
2959.658560045572
 30
0.0
 40
12.0
 41
0.0
 46
0.0
 71
     5
 72
     1
  1
\A1;50
  7
YAZI (BEYKENT)
 11
0.0000000000000001
 21
1.0
 31
0.0
 73
     1
 44
1.0
  0
POINT
  5
1529
330
10A5
100
AcDbEntity
  8
Defpoints
 62
     0
440
 16777216
100
AcDbPoint
 10
1852.519675465765
 20
2984.658560045573
 30
0.0
  0
POINT
  5
152A
330
10A5
100
AcDbEntity
  8
Defpoints
 62
     0
440
 16777216
100
AcDbPoint
 10
1852.519675465765
 20
2934.658560045573
 30
0.0
  0
POINT
  5
152B
330
10A5
100
AcDbEntity
  8
Defpoints
 62
     0
440
 16777216
100
AcDbPoint
 10
1892.519675466028
 20
2934.658560045573
 30
0.0
  0
ENDBLK
  5
10A7
330
10A5
100
AcDbEntity
  8
0
100
AcDbBlockEnd
  0
BLOCK
  5
10B2
330
10B1
100
AcDbEntity
  8
0
100
AcDbBlockBegin
  2
*D102
 70
     1
 10
0.0
 20
0.0
 30
0.0
  3
*D102
  1

  0
LINE
  5
152C
330
10B1
100
AcDbEntity
  8
OLCU (BEYKENT)
 62
     0
440
 16777216
370
    -2
100
AcDbLine
 10
2150.519675465766
 20
2984.658560045573
 30
0.0
 11
2167.699675466028
 21
2984.658560045573
 31
0.0
  0
LINE
  5
152D
330
10B1
100
AcDbEntity
  8
OLCU (BEYKENT)
 62
     0
440
 16777216
370
    -2
100
AcDbLine
 10
2150.519675465766
 20
2969.658560045573
 30
0.0
 11
2167.699675466028
 21
2969.658560045573
 31
0.0
  0
LINE
  5
152E
330
10B1
100
AcDbEntity
  8
OLCU (BEYKENT)
 62
     0
440
 16777216
370
    -2
100
AcDbLine
 10
2167.519675466028
 20
2984.658560045573
 30
0.0
 11
2167.519675466028
 21
2969.658560045573
 31
0.0
  0
LINE
  5
152F
330
10B1
100
AcDbEntity
  8
OLCU (BEYKENT)
 62
     0
440
 16777216
370
    -2
100
AcDbLine
 10
2170.519675466028
 20
2966.658560045573
 30
0.0
 11
2164.519675466028
 21
2972.658560045573
 31
0.0
  0
LINE
  5
1530
330
10B1
100
AcDbEntity
  8
OLCU (BEYKENT)
 62
     0
440
 16777216
370
    -2
100
AcDbLine
 10
2170.519675466028
 20
2981.658560045574
 30
0.0
 11
2164.519675466028
 21
2987.658560045574
 31
0.0
  0
MTEXT
  5
1531
330
10B1
100
AcDbEntity
  8
OLCU (BEYKENT)
 62
     7
440
 16777216
370
    20
100
AcDbMText
 10
2159.457777254198
 20
2977.158560045572
 30
0.0
 40
12.0
 41
0.0
 46
0.0
 71
     5
 72
     1
  1
\A1;15
  7
YAZI (BEYKENT)
 11
0.0000000000000001
 21
1.0
 31
0.0
 73
     1
 44
1.0
  0
POINT
  5
1532
330
10B1
100
AcDbEntity
  8
Defpoints
 62
     0
440
 16777216
100
AcDbPoint
 10
2147.519675465765
 20
2984.658560045573
 30
0.0
  0
POINT
  5
1533
330
10B1
100
AcDbEntity
  8
Defpoints
 62
     0
440
 16777216
100
AcDbPoint
 10
2147.519675465765
 20
2969.658560045573
 30
0.0
  0
POINT
  5
1534
330
10B1
100
AcDbEntity
  8
Defpoints
 62
     0
440
 16777216
100
AcDbPoint
 10
2167.519675466028
 20
2969.658560045573
 30
0.0
  0
ENDBLK
  5
10B3
330
10B1
100
AcDbEntity
  8
0
100
AcDbBlockEnd
  0
BLOCK
  5
10BE
330
10BD
100
AcDbEntity
  8
0
100
AcDbBlockBegin
  2
*D103
 70
     1
 10
0.0
 20
0.0
 30
0.0
  3
*D103
  1

  0
LINE
  5
1535
330
10BD
100
AcDbEntity
  8
OLCU (BEYKENT)
 62
     0
440
 16777216
370
    -2
100
AcDbLine
 10
2150.519675465766
 20
2969.658560045573
 30
0.0
 11
2167.699675466028
 21
2969.658560045573
 31
0.0
  0
LINE
  5
1536
330
10BD
100
AcDbEntity
  8
OLCU (BEYKENT)
 62
     0
440
 16777216
370
    -2
100
AcDbLine
 10
2150.519675465766
 20
2934.658560045573
 30
0.0
 11
2167.699675466028
 21
2934.658560045573
 31
0.0
  0
LINE
  5
1537
330
10BD
100
AcDbEntity
  8
OLCU (BEYKENT)
 62
     0
440
 16777216
370
    -2
100
AcDbLine
 10
2167.519675466028
 20
2969.658560045573
 30
0.0
 11
2167.519675466028
 21
2934.658560045573
 31
0.0
  0
LINE
  5
1538
330
10BD
100
AcDbEntity
  8
OLCU (BEYKENT)
 62
     0
440
 16777216
370
    -2
100
AcDbLine
 10
2170.519675466028
 20
2931.658560045574
 30
0.0
 11
2164.519675466028
 21
2937.658560045573
 31
0.0
  0
LINE
  5
1539
330
10BD
100
AcDbEntity
  8
OLCU (BEYKENT)
 62
     0
440
 16777216
370
    -2
100
AcDbLine
 10
2170.519675466028
 20
2966.658560045573
 30
0.0
 11
2164.519675466028
 21
2972.658560045573
 31
0.0
  0
MTEXT
  5
153A
330
10BD
100
AcDbEntity
  8
OLCU (BEYKENT)
 62
     7
440
 16777216
370
    20
100
AcDbMText
 10
2159.395879042369
 20
2952.158560045572
 30
0.0
 40
12.0
 41
0.0
 46
0.0
 71
     5
 72
     1
  1
\A1;35
  7
YAZI (BEYKENT)
 11
0.0000000000000001
 21
1.0
 31
0.0
 73
     1
 44
1.0
  0
POINT
  5
153B
330
10BD
100
AcDbEntity
  8
Defpoints
 62
     0
440
 16777216
100
AcDbPoint
 10
2147.519675465765
 20
2969.658560045573
 30
0.0
  0
POINT
  5
153C
330
10BD
100
AcDbEntity
  8
Defpoints
 62
     0
440
 16777216
100
AcDbPoint
 10
2147.519675465765
 20
2934.658560045573
 30
0.0
  0
POINT
  5
153D
330
10BD
100
AcDbEntity
  8
Defpoints
 62
     0
440
 16777216
100
AcDbPoint
 10
2167.519675466028
 20
2934.658560045573
 30
0.0
  0
ENDBLK
  5
10BF
330
10BD
100
AcDbEntity
  8
0
100
AcDbBlockEnd
  0
BLOCK
  5
10CA
330
10C9
100
AcDbEntity
  8
0
100
AcDbBlockBegin
  2
*D104
 70
     1
 10
0.0
 20
0.0
 30
0.0
  3
*D104
  1

  0
LINE
  5
153E
330
10C9
100
AcDbEntity
  8
OLCU (BEYKENT)
 62
     0
440
 16777216
370
    -2
100
AcDbLine
 10
2150.519675465766
 20
2984.658560045573
 30
0.0
 11
2187.699675466028
 21
2984.658560045573
 31
0.0
  0
LINE
  5
153F
330
10C9
100
AcDbEntity
  8
OLCU (BEYKENT)
 62
     0
440
 16777216
370
    -2
100
AcDbLine
 10
2150.519675465766
 20
2934.658560045573
 30
0.0
 11
2187.699675466028
 21
2934.658560045573
 31
0.0
  0
LINE
  5
1540
330
10C9
100
AcDbEntity
  8
OLCU (BEYKENT)
 62
     0
440
 16777216
370
    -2
100
AcDbLine
 10
2187.519675466028
 20
2984.658560045573
 30
0.0
 11
2187.519675466028
 21
2934.658560045573
 31
0.0
  0
LINE
  5
1541
330
10C9
100
AcDbEntity
  8
OLCU (BEYKENT)
 62
     0
440
 16777216
370
    -2
100
AcDbLine
 10
2190.519675466028
 20
2931.658560045574
 30
0.0
 11
2184.519675466028
 21
2937.658560045573
 31
0.0
  0
LINE
  5
1542
330
10C9
100
AcDbEntity
  8
OLCU (BEYKENT)
 62
     0
440
 16777216
370
    -2
100
AcDbLine
 10
2190.519675466028
 20
2981.658560045574
 30
0.0
 11
2184.519675466028
 21
2987.658560045574
 31
0.0
  0
MTEXT
  5
1543
330
10C9
100
AcDbEntity
  8
OLCU (BEYKENT)
 62
     7
440
 16777216
370
    20
100
AcDbMText
 10
2179.395879042369
 20
2959.658560045572
 30
0.0
 40
12.0
 41
0.0
 46
0.0
 71
     5
 72
     1
  1
\A1;50
  7
YAZI (BEYKENT)
 11
0.0000000000000001
 21
1.0
 31
0.0
 73
     1
 44
1.0
  0
POINT
  5
1544
330
10C9
100
AcDbEntity
  8
Defpoints
 62
     0
440
 16777216
100
AcDbPoint
 10
2147.519675465765
 20
2984.658560045573
 30
0.0
  0
POINT
  5
1545
330
10C9
100
AcDbEntity
  8
Defpoints
 62
     0
440
 16777216
100
AcDbPoint
 10
2147.519675465765
 20
2934.658560045573
 30
0.0
  0
POINT
  5
1546
330
10C9
100
AcDbEntity
  8
Defpoints
 62
     0
440
 16777216
100
AcDbPoint
 10
2187.519675466028
 20
2934.658560045573
 30
0.0
  0
ENDBLK
  5
10CB
330
10C9
100
AcDbEntity
  8
0
100
AcDbBlockEnd
  0
BLOCK
  5
10D6
330
10D5
100
AcDbEntity
  8
0
100
AcDbBlockBegin
  2
*D105
 70
     1
 10
0.0
 20
0.0
 30
0.0
  3
*D105
  1

  0
LINE
  5
1547
330
10D5
100
AcDbEntity
  8
OLCU (BEYKENT)
 62
     0
440
 16777216
370
    -2
100
AcDbLine
 10
2670.519675465766
 20
2984.658560045573
 30
0.0
 11
2687.699675466028
 21
2984.658560045573
 31
0.0
  0
LINE
  5
1548
330
10D5
100
AcDbEntity
  8
OLCU (BEYKENT)
 62
     0
440
 16777216
370
    -2
100
AcDbLine
 10
2670.519675465766
 20
2969.658560045573
 30
0.0
 11
2687.699675466028
 21
2969.658560045573
 31
0.0
  0
LINE
  5
1549
330
10D5
100
AcDbEntity
  8
OLCU (BEYKENT)
 62
     0
440
 16777216
370
    -2
100
AcDbLine
 10
2687.519675466028
 20
2984.658560045573
 30
0.0
 11
2687.519675466028
 21
2969.658560045573
 31
0.0
  0
LINE
  5
154A
330
10D5
100
AcDbEntity
  8
OLCU (BEYKENT)
 62
     0
440
 16777216
370
    -2
100
AcDbLine
 10
2690.519675466028
 20
2966.658560045573
 30
0.0
 11
2684.519675466028
 21
2972.658560045573
 31
0.0
  0
LINE
  5
154B
330
10D5
100
AcDbEntity
  8
OLCU (BEYKENT)
 62
     0
440
 16777216
370
    -2
100
AcDbLine
 10
2690.519675466028
 20
2981.658560045574
 30
0.0
 11
2684.519675466028
 21
2987.658560045574
 31
0.0
  0
MTEXT
  5
154C
330
10D5
100
AcDbEntity
  8
OLCU (BEYKENT)
 62
     7
440
 16777216
370
    20
100
AcDbMText
 10
2679.457777254198
 20
2977.158560045572
 30
0.0
 40
12.0
 41
0.0
 46
0.0
 71
     5
 72
     1
  1
\A1;15
  7
YAZI (BEYKENT)
 11
0.0000000000000001
 21
1.0
 31
0.0
 73
     1
 44
1.0
  0
POINT
  5
154D
330
10D5
100
AcDbEntity
  8
Defpoints
 62
     0
440
 16777216
100
AcDbPoint
 10
2667.519675465765
 20
2984.658560045573
 30
0.0
  0
POINT
  5
154E
330
10D5
100
AcDbEntity
  8
Defpoints
 62
     0
440
 16777216
100
AcDbPoint
 10
2667.519675465765
 20
2969.658560045573
 30
0.0
  0
POINT
  5
154F
330
10D5
100
AcDbEntity
  8
Defpoints
 62
     0
440
 16777216
100
AcDbPoint
 10
2687.519675466028
 20
2969.658560045573
 30
0.0
  0
ENDBLK
  5
10D7
330
10D5
100
AcDbEntity
  8
0
100
AcDbBlockEnd
  0
BLOCK
  5
10E2
330
10E1
100
AcDbEntity
  8
0
100
AcDbBlockBegin
  2
*D106
 70
     1
 10
0.0
 20
0.0
 30
0.0
  3
*D106
  1

  0
LINE
  5
1550
330
10E1
100
AcDbEntity
  8
OLCU (BEYKENT)
 62
     0
440
 16777216
370
    -2
100
AcDbLine
 10
2670.519675465766
 20
2969.658560045573
 30
0.0
 11
2687.699675466028
 21
2969.658560045573
 31
0.0
  0
LINE
  5
1551
330
10E1
100
AcDbEntity
  8
OLCU (BEYKENT)
 62
     0
440
 16777216
370
    -2
100
AcDbLine
 10
2670.519675465766
 20
2934.658560045573
 30
0.0
 11
2687.699675466028
 21
2934.658560045573
 31
0.0
  0
LINE
  5
1552
330
10E1
100
AcDbEntity
  8
OLCU (BEYKENT)
 62
     0
440
 16777216
370
    -2
100
AcDbLine
 10
2687.519675466028
 20
2969.658560045573
 30
0.0
 11
2687.519675466028
 21
2934.658560045573
 31
0.0
  0
LINE
  5
1553
330
10E1
100
AcDbEntity
  8
OLCU (BEYKENT)
 62
     0
440
 16777216
370
    -2
100
AcDbLine
 10
2690.519675466028
 20
2931.658560045574
 30
0.0
 11
2684.519675466028
 21
2937.658560045573
 31
0.0
  0
LINE
  5
1554
330
10E1
100
AcDbEntity
  8
OLCU (BEYKENT)
 62
     0
440
 16777216
370
    -2
100
AcDbLine
 10
2690.519675466028
 20
2966.658560045573
 30
0.0
 11
2684.519675466028
 21
2972.658560045573
 31
0.0
  0
MTEXT
  5
1555
330
10E1
100
AcDbEntity
  8
OLCU (BEYKENT)
 62
     7
440
 16777216
370
    20
100
AcDbMText
 10
2679.395879042369
 20
2952.158560045572
 30
0.0
 40
12.0
 41
0.0
 46
0.0
 71
     5
 72
     1
  1
\A1;35
  7
YAZI (BEYKENT)
 11
0.0000000000000001
 21
1.0
 31
0.0
 73
     1
 44
1.0
  0
POINT
  5
1556
330
10E1
100
AcDbEntity
  8
Defpoints
 62
     0
440
 16777216
100
AcDbPoint
 10
2667.519675465765
 20
2969.658560045573
 30
0.0
  0
POINT
  5
1557
330
10E1
100
AcDbEntity
  8
Defpoints
 62
     0
440
 16777216
100
AcDbPoint
 10
2667.519675465765
 20
2934.658560045573
 30
0.0
  0
POINT
  5
1558
330
10E1
100
AcDbEntity
  8
Defpoints
 62
     0
440
 16777216
100
AcDbPoint
 10
2687.519675466028
 20
2934.658560045573
 30
0.0
  0
ENDBLK
  5
10E3
330
10E1
100
AcDbEntity
  8
0
100
AcDbBlockEnd
  0
BLOCK
  5
10EE
330
10ED
100
AcDbEntity
  8
0
100
AcDbBlockBegin
  2
*D107
 70
     1
 10
0.0
 20
0.0
 30
0.0
  3
*D107
  1

  0
LINE
  5
1559
330
10ED
100
AcDbEntity
  8
OLCU (BEYKENT)
 62
     0
440
 16777216
370
    -2
100
AcDbLine
 10
2670.519675465766
 20
2984.658560045573
 30
0.0
 11
2707.699675466028
 21
2984.658560045573
 31
0.0
  0
LINE
  5
155A
330
10ED
100
AcDbEntity
  8
OLCU (BEYKENT)
 62
     0
440
 16777216
370
    -2
100
AcDbLine
 10
2670.519675465766
 20
2934.658560045573
 30
0.0
 11
2707.699675466028
 21
2934.658560045573
 31
0.0
  0
LINE
  5
155B
330
10ED
100
AcDbEntity
  8
OLCU (BEYKENT)
 62
     0
440
 16777216
370
    -2
100
AcDbLine
 10
2707.519675466028
 20
2984.658560045573
 30
0.0
 11
2707.519675466028
 21
2934.658560045573
 31
0.0
  0
LINE
  5
155C
330
10ED
100
AcDbEntity
  8
OLCU (BEYKENT)
 62
     0
440
 16777216
370
    -2
100
AcDbLine
 10
2710.519675466029
 20
2931.658560045574
 30
0.0
 11
2704.519675466028
 21
2937.658560045573
 31
0.0
  0
LINE
  5
155D
330
10ED
100
AcDbEntity
  8
OLCU (BEYKENT)
 62
     0
440
 16777216
370
    -2
100
AcDbLine
 10
2710.519675466029
 20
2981.658560045574
 30
0.0
 11
2704.519675466028
 21
2987.658560045574
 31
0.0
  0
MTEXT
  5
155E
330
10ED
100
AcDbEntity
  8
OLCU (BEYKENT)
 62
     7
440
 16777216
370
    20
100
AcDbMText
 10
2699.395879042369
 20
2959.658560045572
 30
0.0
 40
12.0
 41
0.0
 46
0.0
 71
     5
 72
     1
  1
\A1;50
  7
YAZI (BEYKENT)
 11
0.0000000000000001
 21
1.0
 31
0.0
 73
     1
 44
1.0
  0
POINT
  5
155F
330
10ED
100
AcDbEntity
  8
Defpoints
 62
     0
440
 16777216
100
AcDbPoint
 10
2667.519675465765
 20
2984.658560045573
 30
0.0
  0
POINT
  5
1560
330
10ED
100
AcDbEntity
  8
Defpoints
 62
     0
440
 16777216
100
AcDbPoint
 10
2667.519675465765
 20
2934.658560045573
 30
0.0
  0
POINT
  5
1561
330
10ED
100
AcDbEntity
  8
Defpoints
 62
     0
440
 16777216
100
AcDbPoint
 10
2707.519675466028
 20
2934.658560045573
 30
0.0
  0
ENDBLK
  5
10EF
330
10ED
100
AcDbEntity
  8
0
100
AcDbBlockEnd
  0
BLOCK
  5
10FA
330
10F9
100
AcDbEntity
  8
0
100
AcDbBlockBegin
  2
*D108
 70
     1
 10
0.0
 20
0.0
 30
0.0
  3
*D108
  1

  0
LINE
  5
1562
330
10F9
100
AcDbEntity
  8
OLCU (BEYKENT)
 62
     0
440
 16777216
370
    -2
100
AcDbLine
 10
3055.519675465765
 20
2984.658560045573
 30
0.0
 11
3072.699675466029
 21
2984.658560045573
 31
0.0
  0
LINE
  5
1563
330
10F9
100
AcDbEntity
  8
OLCU (BEYKENT)
 62
     0
440
 16777216
370
    -2
100
AcDbLine
 10
3055.519675465765
 20
2969.658560045573
 30
0.0
 11
3072.699675466029
 21
2969.658560045573
 31
0.0
  0
LINE
  5
1564
330
10F9
100
AcDbEntity
  8
OLCU (BEYKENT)
 62
     0
440
 16777216
370
    -2
100
AcDbLine
 10
3072.519675466029
 20
2984.658560045573
 30
0.0
 11
3072.519675466029
 21
2969.658560045573
 31
0.0
  0
LINE
  5
1565
330
10F9
100
AcDbEntity
  8
OLCU (BEYKENT)
 62
     0
440
 16777216
370
    -2
100
AcDbLine
 10
3075.51967546603
 20
2966.658560045573
 30
0.0
 11
3069.519675466029
 21
2972.658560045573
 31
0.0
  0
LINE
  5
1566
330
10F9
100
AcDbEntity
  8
OLCU (BEYKENT)
 62
     0
440
 16777216
370
    -2
100
AcDbLine
 10
3075.51967546603
 20
2981.658560045574
 30
0.0
 11
3069.519675466029
 21
2987.658560045574
 31
0.0
  0
MTEXT
  5
1567
330
10F9
100
AcDbEntity
  8
OLCU (BEYKENT)
 62
     7
440
 16777216
370
    20
100
AcDbMText
 10
3064.4577772542
 20
2977.158560045572
 30
0.0
 40
12.0
 41
0.0
 46
0.0
 71
     5
 72
     1
  1
\A1;15
  7
YAZI (BEYKENT)
 11
0.0000000000000001
 21
1.0
 31
0.0
 73
     1
 44
1.0
  0
POINT
  5
1568
330
10F9
100
AcDbEntity
  8
Defpoints
 62
     0
440
 16777216
100
AcDbPoint
 10
3052.519675465766
 20
2984.658560045573
 30
0.0
  0
POINT
  5
1569
330
10F9
100
AcDbEntity
  8
Defpoints
 62
     0
440
 16777216
100
AcDbPoint
 10
3052.519675465766
 20
2969.658560045573
 30
0.0
  0
POINT
  5
156A
330
10F9
100
AcDbEntity
  8
Defpoints
 62
     0
440
 16777216
100
AcDbPoint
 10
3072.519675466029
 20
2969.658560045573
 30
0.0
  0
ENDBLK
  5
10FB
330
10F9
100
AcDbEntity
  8
0
100
AcDbBlockEnd
  0
BLOCK
  5
1106
330
1105
100
AcDbEntity
  8
0
100
AcDbBlockBegin
  2
*D109
 70
     1
 10
0.0
 20
0.0
 30
0.0
  3
*D109
  1

  0
LINE
  5
156B
330
1105
100
AcDbEntity
  8
OLCU (BEYKENT)
 62
     0
440
 16777216
370
    -2
100
AcDbLine
 10
3055.519675465765
 20
2969.658560045573
 30
0.0
 11
3072.699675466029
 21
2969.658560045573
 31
0.0
  0
LINE
  5
156C
330
1105
100
AcDbEntity
  8
OLCU (BEYKENT)
 62
     0
440
 16777216
370
    -2
100
AcDbLine
 10
3055.519675465765
 20
2934.658560045573
 30
0.0
 11
3072.699675466029
 21
2934.658560045573
 31
0.0
  0
LINE
  5
156D
330
1105
100
AcDbEntity
  8
OLCU (BEYKENT)
 62
     0
440
 16777216
370
    -2
100
AcDbLine
 10
3072.519675466029
 20
2969.658560045573
 30
0.0
 11
3072.519675466029
 21
2934.658560045573
 31
0.0
  0
LINE
  5
156E
330
1105
100
AcDbEntity
  8
OLCU (BEYKENT)
 62
     0
440
 16777216
370
    -2
100
AcDbLine
 10
3075.51967546603
 20
2931.658560045574
 30
0.0
 11
3069.519675466029
 21
2937.658560045573
 31
0.0
  0
LINE
  5
156F
330
1105
100
AcDbEntity
  8
OLCU (BEYKENT)
 62
     0
440
 16777216
370
    -2
100
AcDbLine
 10
3075.51967546603
 20
2966.658560045573
 30
0.0
 11
3069.519675466029
 21
2972.658560045573
 31
0.0
  0
MTEXT
  5
1570
330
1105
100
AcDbEntity
  8
OLCU (BEYKENT)
 62
     7
440
 16777216
370
    20
100
AcDbMText
 10
3064.39587904237
 20
2952.158560045572
 30
0.0
 40
12.0
 41
0.0
 46
0.0
 71
     5
 72
     1
  1
\A1;35
  7
YAZI (BEYKENT)
 11
0.0000000000000001
 21
1.0
 31
0.0
 73
     1
 44
1.0
  0
POINT
  5
1571
330
1105
100
AcDbEntity
  8
Defpoints
 62
     0
440
 16777216
100
AcDbPoint
 10
3052.519675465766
 20
2969.658560045573
 30
0.0
  0
POINT
  5
1572
330
1105
100
AcDbEntity
  8
Defpoints
 62
     0
440
 16777216
100
AcDbPoint
 10
3052.519675465766
 20
2934.658560045573
 30
0.0
  0
POINT
  5
1573
330
1105
100
AcDbEntity
  8
Defpoints
 62
     0
440
 16777216
100
AcDbPoint
 10
3072.519675466029
 20
2934.658560045573
 30
0.0
  0
ENDBLK
  5
1107
330
1105
100
AcDbEntity
  8
0
100
AcDbBlockEnd
  0
BLOCK
  5
1112
330
1111
100
AcDbEntity
  8
0
100
AcDbBlockBegin
  2
*D110
 70
     1
 10
0.0
 20
0.0
 30
0.0
  3
*D110
  1

  0
LINE
  5
1574
330
1111
100
AcDbEntity
  8
OLCU (BEYKENT)
 62
     0
440
 16777216
370
    -2
100
AcDbLine
 10
3055.519675465765
 20
2984.658560045573
 30
0.0
 11
3092.699675466029
 21
2984.658560045573
 31
0.0
  0
LINE
  5
1575
330
1111
100
AcDbEntity
  8
OLCU (BEYKENT)
 62
     0
440
 16777216
370
    -2
100
AcDbLine
 10
3055.519675465765
 20
2934.658560045573
 30
0.0
 11
3092.699675466029
 21
2934.658560045573
 31
0.0
  0
LINE
  5
1576
330
1111
100
AcDbEntity
  8
OLCU (BEYKENT)
 62
     0
440
 16777216
370
    -2
100
AcDbLine
 10
3092.519675466029
 20
2984.658560045573
 30
0.0
 11
3092.519675466029
 21
2934.658560045573
 31
0.0
  0
LINE
  5
1577
330
1111
100
AcDbEntity
  8
OLCU (BEYKENT)
 62
     0
440
 16777216
370
    -2
100
AcDbLine
 10
3095.519675466029
 20
2931.658560045574
 30
0.0
 11
3089.519675466029
 21
2937.658560045573
 31
0.0
  0
LINE
  5
1578
330
1111
100
AcDbEntity
  8
OLCU (BEYKENT)
 62
     0
440
 16777216
370
    -2
100
AcDbLine
 10
3095.519675466029
 20
2981.658560045574
 30
0.0
 11
3089.519675466029
 21
2987.658560045574
 31
0.0
  0
MTEXT
  5
1579
330
1111
100
AcDbEntity
  8
OLCU (BEYKENT)
 62
     7
440
 16777216
370
    20
100
AcDbMText
 10
3084.39587904237
 20
2959.658560045572
 30
0.0
 40
12.0
 41
0.0
 46
0.0
 71
     5
 72
     1
  1
\A1;50
  7
YAZI (BEYKENT)
 11
0.0000000000000001
 21
1.0
 31
0.0
 73
     1
 44
1.0
  0
POINT
  5
157A
330
1111
100
AcDbEntity
  8
Defpoints
 62
     0
440
 16777216
100
AcDbPoint
 10
3052.519675465766
 20
2984.658560045573
 30
0.0
  0
POINT
  5
157B
330
1111
100
AcDbEntity
  8
Defpoints
 62
     0
440
 16777216
100
AcDbPoint
 10
3052.519675465766
 20
2934.658560045573
 30
0.0
  0
POINT
  5
157C
330
1111
100
AcDbEntity
  8
Defpoints
 62
     0
440
 16777216
100
AcDbPoint
 10
3092.519675466029
 20
2934.658560045573
 30
0.0
  0
ENDBLK
  5
1113
330
1111
100
AcDbEntity
  8
0
100
AcDbBlockEnd
  0
BLOCK
  5
111E
330
111D
100
AcDbEntity
  8
0
100
AcDbBlockBegin
  2
*D111
 70
     1
 10
0.0
 20
0.0
 30
0.0
  3
*D111
  1

  0
LINE
  5
157D
330
111D
100
AcDbEntity
  8
OLCU (BEYKENT)
 62
     0
440
 16777216
370
    -2
100
AcDbLine
 10
3450.519675465768
 20
2984.658560045573
 30
0.0
 11
3467.699675466029
 21
2984.658560045573
 31
0.0
  0
LINE
  5
157E
330
111D
100
AcDbEntity
  8
OLCU (BEYKENT)
 62
     0
440
 16777216
370
    -2
100
AcDbLine
 10
3450.519675465768
 20
2969.658560045573
 30
0.0
 11
3467.699675466029
 21
2969.658560045573
 31
0.0
  0
LINE
  5
157F
330
111D
100
AcDbEntity
  8
OLCU (BEYKENT)
 62
     0
440
 16777216
370
    -2
100
AcDbLine
 10
3467.519675466029
 20
2984.658560045573
 30
0.0
 11
3467.519675466029
 21
2969.658560045573
 31
0.0
  0
LINE
  5
1580
330
111D
100
AcDbEntity
  8
OLCU (BEYKENT)
 62
     0
440
 16777216
370
    -2
100
AcDbLine
 10
3470.519675466029
 20
2966.658560045573
 30
0.0
 11
3464.519675466029
 21
2972.658560045573
 31
0.0
  0
LINE
  5
1581
330
111D
100
AcDbEntity
  8
OLCU (BEYKENT)
 62
     0
440
 16777216
370
    -2
100
AcDbLine
 10
3470.519675466029
 20
2981.658560045574
 30
0.0
 11
3464.519675466029
 21
2987.658560045574
 31
0.0
  0
MTEXT
  5
1582
330
111D
100
AcDbEntity
  8
OLCU (BEYKENT)
 62
     7
440
 16777216
370
    20
100
AcDbMText
 10
3459.4577772542
 20
2977.158560045572
 30
0.0
 40
12.0
 41
0.0
 46
0.0
 71
     5
 72
     1
  1
\A1;15
  7
YAZI (BEYKENT)
 11
0.0000000000000001
 21
1.0
 31
0.0
 73
     1
 44
1.0
  0
POINT
  5
1583
330
111D
100
AcDbEntity
  8
Defpoints
 62
     0
440
 16777216
100
AcDbPoint
 10
3447.519675465767
 20
2984.658560045573
 30
0.0
  0
POINT
  5
1584
330
111D
100
AcDbEntity
  8
Defpoints
 62
     0
440
 16777216
100
AcDbPoint
 10
3447.519675465767
 20
2969.658560045573
 30
0.0
  0
POINT
  5
1585
330
111D
100
AcDbEntity
  8
Defpoints
 62
     0
440
 16777216
100
AcDbPoint
 10
3467.519675466029
 20
2969.658560045573
 30
0.0
  0
ENDBLK
  5
111F
330
111D
100
AcDbEntity
  8
0
100
AcDbBlockEnd
  0
BLOCK
  5
112A
330
1129
100
AcDbEntity
  8
0
100
AcDbBlockBegin
  2
*D112
 70
     1
 10
0.0
 20
0.0
 30
0.0
  3
*D112
  1

  0
LINE
  5
1586
330
1129
100
AcDbEntity
  8
OLCU (BEYKENT)
 62
     0
440
 16777216
370
    -2
100
AcDbLine
 10
3450.519675465768
 20
2969.658560045573
 30
0.0
 11
3467.699675466029
 21
2969.658560045573
 31
0.0
  0
LINE
  5
1587
330
1129
100
AcDbEntity
  8
OLCU (BEYKENT)
 62
     0
440
 16777216
370
    -2
100
AcDbLine
 10
3450.519675465768
 20
2934.658560045573
 30
0.0
 11
3467.699675466029
 21
2934.658560045573
 31
0.0
  0
LINE
  5
1588
330
1129
100
AcDbEntity
  8
OLCU (BEYKENT)
 62
     0
440
 16777216
370
    -2
100
AcDbLine
 10
3467.519675466029
 20
2969.658560045573
 30
0.0
 11
3467.519675466029
 21
2934.658560045573
 31
0.0
  0
LINE
  5
1589
330
1129
100
AcDbEntity
  8
OLCU (BEYKENT)
 62
     0
440
 16777216
370
    -2
100
AcDbLine
 10
3470.519675466029
 20
2931.658560045574
 30
0.0
 11
3464.519675466029
 21
2937.658560045573
 31
0.0
  0
LINE
  5
158A
330
1129
100
AcDbEntity
  8
OLCU (BEYKENT)
 62
     0
440
 16777216
370
    -2
100
AcDbLine
 10
3470.519675466029
 20
2966.658560045573
 30
0.0
 11
3464.519675466029
 21
2972.658560045573
 31
0.0
  0
MTEXT
  5
158B
330
1129
100
AcDbEntity
  8
OLCU (BEYKENT)
 62
     7
440
 16777216
370
    20
100
AcDbMText
 10
3459.39587904237
 20
2952.158560045571
 30
0.0
 40
12.0
 41
0.0
 46
0.0
 71
     5
 72
     1
  1
\A1;35
  7
YAZI (BEYKENT)
 11
0.0000000000000001
 21
1.0
 31
0.0
 73
     1
 44
1.0
  0
POINT
  5
158C
330
1129
100
AcDbEntity
  8
Defpoints
 62
     0
440
 16777216
100
AcDbPoint
 10
3447.519675465767
 20
2969.658560045573
 30
0.0
  0
POINT
  5
158D
330
1129
100
AcDbEntity
  8
Defpoints
 62
     0
440
 16777216
100
AcDbPoint
 10
3447.519675465767
 20
2934.658560045573
 30
0.0
  0
POINT
  5
158E
330
1129
100
AcDbEntity
  8
Defpoints
 62
     0
440
 16777216
100
AcDbPoint
 10
3467.519675466029
 20
2934.658560045573
 30
0.0
  0
ENDBLK
  5
112B
330
1129
100
AcDbEntity
  8
0
100
AcDbBlockEnd
  0
BLOCK
  5
1136
330
1135
100
AcDbEntity
  8
0
100
AcDbBlockBegin
  2
*D113
 70
     1
 10
0.0
 20
0.0
 30
0.0
  3
*D113
  1

  0
LINE
  5
158F
330
1135
100
AcDbEntity
  8
OLCU (BEYKENT)
 62
     0
440
 16777216
370
    -2
100
AcDbLine
 10
3450.519675465768
 20
2984.658560045573
 30
0.0
 11
3487.699675466029
 21
2984.658560045573
 31
0.0
  0
LINE
  5
1590
330
1135
100
AcDbEntity
  8
OLCU (BEYKENT)
 62
     0
440
 16777216
370
    -2
100
AcDbLine
 10
3450.519675465768
 20
2934.658560045573
 30
0.0
 11
3487.699675466029
 21
2934.658560045573
 31
0.0
  0
LINE
  5
1591
330
1135
100
AcDbEntity
  8
OLCU (BEYKENT)
 62
     0
440
 16777216
370
    -2
100
AcDbLine
 10
3487.51967546603
 20
2984.658560045573
 30
0.0
 11
3487.51967546603
 21
2934.658560045573
 31
0.0
  0
LINE
  5
1592
330
1135
100
AcDbEntity
  8
OLCU (BEYKENT)
 62
     0
440
 16777216
370
    -2
100
AcDbLine
 10
3490.519675466031
 20
2931.658560045574
 30
0.0
 11
3484.519675466029
 21
2937.658560045573
 31
0.0
  0
LINE
  5
1593
330
1135
100
AcDbEntity
  8
OLCU (BEYKENT)
 62
     0
440
 16777216
370
    -2
100
AcDbLine
 10
3490.519675466031
 20
2981.658560045574
 30
0.0
 11
3484.519675466029
 21
2987.658560045574
 31
0.0
  0
MTEXT
  5
1594
330
1135
100
AcDbEntity
  8
OLCU (BEYKENT)
 62
     7
440
 16777216
370
    20
100
AcDbMText
 10
3479.39587904237
 20
2959.658560045572
 30
0.0
 40
12.0
 41
0.0
 46
0.0
 71
     5
 72
     1
  1
\A1;50
  7
YAZI (BEYKENT)
 11
0.0000000000000001
 21
1.0
 31
0.0
 73
     1
 44
1.0
  0
POINT
  5
1595
330
1135
100
AcDbEntity
  8
Defpoints
 62
     0
440
 16777216
100
AcDbPoint
 10
3447.519675465767
 20
2984.658560045573
 30
0.0
  0
POINT
  5
1596
330
1135
100
AcDbEntity
  8
Defpoints
 62
     0
440
 16777216
100
AcDbPoint
 10
3447.519675465767
 20
2934.658560045573
 30
0.0
  0
POINT
  5
1597
330
1135
100
AcDbEntity
  8
Defpoints
 62
     0
440
 16777216
100
AcDbPoint
 10
3487.51967546603
 20
2934.658560045573
 30
0.0
  0
ENDBLK
  5
1137
330
1135
100
AcDbEntity
  8
0
100
AcDbBlockEnd
  0
BLOCK
  5
1142
330
1141
100
AcDbEntity
  8
0
100
AcDbBlockBegin
  2
*D114
 70
     1
 10
0.0
 20
0.0
 30
0.0
  3
*D114
  1

  0
LINE
  5
1598
330
1141
100
AcDbEntity
  8
OLCU (BEYKENT)
 62
     0
440
 16777216
370
    -2
100
AcDbLine
 10
3965.519675465767
 20
2984.658560045573
 30
0.0
 11
3982.699675466029
 21
2984.658560045573
 31
0.0
  0
LINE
  5
1599
330
1141
100
AcDbEntity
  8
OLCU (BEYKENT)
 62
     0
440
 16777216
370
    -2
100
AcDbLine
 10
3965.519675465767
 20
2969.658560045573
 30
0.0
 11
3982.699675466029
 21
2969.658560045573
 31
0.0
  0
LINE
  5
159A
330
1141
100
AcDbEntity
  8
OLCU (BEYKENT)
 62
     0
440
 16777216
370
    -2
100
AcDbLine
 10
3982.519675466029
 20
2984.658560045573
 30
0.0
 11
3982.519675466029
 21
2969.658560045573
 31
0.0
  0
LINE
  5
159B
330
1141
100
AcDbEntity
  8
OLCU (BEYKENT)
 62
     0
440
 16777216
370
    -2
100
AcDbLine
 10
3985.519675466029
 20
2966.658560045573
 30
0.0
 11
3979.519675466029
 21
2972.658560045573
 31
0.0
  0
LINE
  5
159C
330
1141
100
AcDbEntity
  8
OLCU (BEYKENT)
 62
     0
440
 16777216
370
    -2
100
AcDbLine
 10
3985.519675466029
 20
2981.658560045574
 30
0.0
 11
3979.519675466029
 21
2987.658560045574
 31
0.0
  0
MTEXT
  5
159D
330
1141
100
AcDbEntity
  8
OLCU (BEYKENT)
 62
     7
440
 16777216
370
    20
100
AcDbMText
 10
3974.4577772542
 20
2977.158560045572
 30
0.0
 40
12.0
 41
0.0
 46
0.0
 71
     5
 72
     1
  1
\A1;15
  7
YAZI (BEYKENT)
 11
0.0000000000000001
 21
1.0
 31
0.0
 73
     1
 44
1.0
  0
POINT
  5
159E
330
1141
100
AcDbEntity
  8
Defpoints
 62
     0
440
 16777216
100
AcDbPoint
 10
3962.519675465767
 20
2984.658560045573
 30
0.0
  0
POINT
  5
159F
330
1141
100
AcDbEntity
  8
Defpoints
 62
     0
440
 16777216
100
AcDbPoint
 10
3962.519675465767
 20
2969.658560045573
 30
0.0
  0
POINT
  5
15A0
330
1141
100
AcDbEntity
  8
Defpoints
 62
     0
440
 16777216
100
AcDbPoint
 10
3982.519675466029
 20
2969.658560045573
 30
0.0
  0
ENDBLK
  5
1143
330
1141
100
AcDbEntity
  8
0
100
AcDbBlockEnd
  0
BLOCK
  5
114E
330
114D
100
AcDbEntity
  8
0
100
AcDbBlockBegin
  2
*D115
 70
     1
 10
0.0
 20
0.0
 30
0.0
  3
*D115
  1

  0
LINE
  5
15A1
330
114D
100
AcDbEntity
  8
OLCU (BEYKENT)
 62
     0
440
 16777216
370
    -2
100
AcDbLine
 10
3965.519675465767
 20
2969.658560045573
 30
0.0
 11
3982.699675466029
 21
2969.658560045573
 31
0.0
  0
LINE
  5
15A2
330
114D
100
AcDbEntity
  8
OLCU (BEYKENT)
 62
     0
440
 16777216
370
    -2
100
AcDbLine
 10
3965.519675465767
 20
2934.658560045573
 30
0.0
 11
3982.699675466029
 21
2934.658560045573
 31
0.0
  0
LINE
  5
15A3
330
114D
100
AcDbEntity
  8
OLCU (BEYKENT)
 62
     0
440
 16777216
370
    -2
100
AcDbLine
 10
3982.519675466029
 20
2969.658560045573
 30
0.0
 11
3982.519675466029
 21
2934.658560045573
 31
0.0
  0
LINE
  5
15A4
330
114D
100
AcDbEntity
  8
OLCU (BEYKENT)
 62
     0
440
 16777216
370
    -2
100
AcDbLine
 10
3985.519675466029
 20
2931.658560045574
 30
0.0
 11
3979.519675466029
 21
2937.658560045573
 31
0.0
  0
LINE
  5
15A5
330
114D
100
AcDbEntity
  8
OLCU (BEYKENT)
 62
     0
440
 16777216
370
    -2
100
AcDbLine
 10
3985.519675466029
 20
2966.658560045573
 30
0.0
 11
3979.519675466029
 21
2972.658560045573
 31
0.0
  0
MTEXT
  5
15A6
330
114D
100
AcDbEntity
  8
OLCU (BEYKENT)
 62
     7
440
 16777216
370
    20
100
AcDbMText
 10
3974.395879042371
 20
2952.158560045571
 30
0.0
 40
12.0
 41
0.0
 46
0.0
 71
     5
 72
     1
  1
\A1;35
  7
YAZI (BEYKENT)
 11
0.0000000000000001
 21
1.0
 31
0.0
 73
     1
 44
1.0
  0
POINT
  5
15A7
330
114D
100
AcDbEntity
  8
Defpoints
 62
     0
440
 16777216
100
AcDbPoint
 10
3962.519675465767
 20
2969.658560045573
 30
0.0
  0
POINT
  5
15A8
330
114D
100
AcDbEntity
  8
Defpoints
 62
     0
440
 16777216
100
AcDbPoint
 10
3962.519675465767
 20
2934.658560045573
 30
0.0
  0
POINT
  5
15A9
330
114D
100
AcDbEntity
  8
Defpoints
 62
     0
440
 16777216
100
AcDbPoint
 10
3982.519675466029
 20
2934.658560045573
 30
0.0
  0
ENDBLK
  5
114F
330
114D
100
AcDbEntity
  8
0
100
AcDbBlockEnd
  0
BLOCK
  5
115A
330
1159
100
AcDbEntity
  8
0
100
AcDbBlockBegin
  2
*D116
 70
     1
 10
0.0
 20
0.0
 30
0.0
  3
*D116
  1

  0
LINE
  5
15AA
330
1159
100
AcDbEntity
  8
OLCU (BEYKENT)
 62
     0
440
 16777216
370
    -2
100
AcDbLine
 10
3965.519675465767
 20
2984.658560045573
 30
0.0
 11
4002.699675466027
 21
2984.658560045573
 31
0.0
  0
LINE
  5
15AB
330
1159
100
AcDbEntity
  8
OLCU (BEYKENT)
 62
     0
440
 16777216
370
    -2
100
AcDbLine
 10
3965.519675465767
 20
2934.658560045573
 30
0.0
 11
4002.699675466027
 21
2934.658560045573
 31
0.0
  0
LINE
  5
15AC
330
1159
100
AcDbEntity
  8
OLCU (BEYKENT)
 62
     0
440
 16777216
370
    -2
100
AcDbLine
 10
4002.519675466029
 20
2984.658560045573
 30
0.0
 11
4002.519675466029
 21
2934.658560045573
 31
0.0
  0
LINE
  5
15AD
330
1159
100
AcDbEntity
  8
OLCU (BEYKENT)
 62
     0
440
 16777216
370
    -2
100
AcDbLine
 10
4005.519675466029
 20
2931.658560045574
 30
0.0
 11
3999.519675466029
 21
2937.658560045573
 31
0.0
  0
LINE
  5
15AE
330
1159
100
AcDbEntity
  8
OLCU (BEYKENT)
 62
     0
440
 16777216
370
    -2
100
AcDbLine
 10
4005.519675466029
 20
2981.658560045574
 30
0.0
 11
3999.519675466029
 21
2987.658560045574
 31
0.0
  0
MTEXT
  5
15AF
330
1159
100
AcDbEntity
  8
OLCU (BEYKENT)
 62
     7
440
 16777216
370
    20
100
AcDbMText
 10
3994.395879042371
 20
2959.658560045572
 30
0.0
 40
12.0
 41
0.0
 46
0.0
 71
     5
 72
     1
  1
\A1;50
  7
YAZI (BEYKENT)
 11
0.0000000000000001
 21
1.0
 31
0.0
 73
     1
 44
1.0
  0
POINT
  5
15B0
330
1159
100
AcDbEntity
  8
Defpoints
 62
     0
440
 16777216
100
AcDbPoint
 10
3962.519675465767
 20
2984.658560045573
 30
0.0
  0
POINT
  5
15B1
330
1159
100
AcDbEntity
  8
Defpoints
 62
     0
440
 16777216
100
AcDbPoint
 10
3962.519675465767
 20
2934.658560045573
 30
0.0
  0
POINT
  5
15B2
330
1159
100
AcDbEntity
  8
Defpoints
 62
     0
440
 16777216
100
AcDbPoint
 10
4002.519675466029
 20
2934.658560045573
 30
0.0
  0
ENDBLK
  5
115B
330
1159
100
AcDbEntity
  8
0
100
AcDbBlockEnd
  0
BLOCK
  5
1166
330
1165
100
AcDbEntity
  8
0
100
AcDbBlockBegin
  2
*D117
 70
     1
 10
0.0
 20
0.0
 30
0.0
  3
*D117
  1

  0
LINE
  5
15B3
330
1165
100
AcDbEntity
  8
OLCU (BEYKENT)
 62
     0
440
 16777216
370
    -2
100
AcDbLine
 10
4229.519675465766
 20
2984.658560045573
 30
0.0
 11
4212.339675466028
 21
2984.658560045573
 31
0.0
  0
LINE
  5
15B4
330
1165
100
AcDbEntity
  8
OLCU (BEYKENT)
 62
     0
440
 16777216
370
    -2
100
AcDbLine
 10
4229.519675465766
 20
2969.658560045573
 30
0.0
 11
4212.339675466028
 21
2969.658560045573
 31
0.0
  0
LINE
  5
15B5
330
1165
100
AcDbEntity
  8
OLCU (BEYKENT)
 62
     0
440
 16777216
370
    -2
100
AcDbLine
 10
4212.519675466029
 20
2984.658560045573
 30
0.0
 11
4212.519675466029
 21
2969.658560045573
 31
0.0
  0
LINE
  5
15B6
330
1165
100
AcDbEntity
  8
OLCU (BEYKENT)
 62
     0
440
 16777216
370
    -2
100
AcDbLine
 10
4215.519675466029
 20
2966.658560045573
 30
0.0
 11
4209.519675466029
 21
2972.658560045573
 31
0.0
  0
LINE
  5
15B7
330
1165
100
AcDbEntity
  8
OLCU (BEYKENT)
 62
     0
440
 16777216
370
    -2
100
AcDbLine
 10
4215.519675466029
 20
2981.658560045574
 30
0.0
 11
4209.519675466029
 21
2987.658560045574
 31
0.0
  0
MTEXT
  5
15B8
330
1165
100
AcDbEntity
  8
OLCU (BEYKENT)
 62
     7
440
 16777216
370
    20
100
AcDbMText
 10
4204.4577772542
 20
2977.158560045572
 30
0.0
 40
12.0
 41
0.0
 46
0.0
 71
     5
 72
     1
  1
\A1;15
  7
YAZI (BEYKENT)
 11
0.0000000000000001
 21
1.0
 31
0.0
 73
     1
 44
1.0
  0
POINT
  5
15B9
330
1165
100
AcDbEntity
  8
Defpoints
 62
     0
440
 16777216
100
AcDbPoint
 10
4232.519675465765
 20
2984.658560045573
 30
0.0
  0
POINT
  5
15BA
330
1165
100
AcDbEntity
  8
Defpoints
 62
     0
440
 16777216
100
AcDbPoint
 10
4232.519675465765
 20
2969.658560045573
 30
0.0
  0
POINT
  5
15BB
330
1165
100
AcDbEntity
  8
Defpoints
 62
     0
440
 16777216
100
AcDbPoint
 10
4212.519675466029
 20
2969.658560045573
 30
0.0
  0
ENDBLK
  5
1167
330
1165
100
AcDbEntity
  8
0
100
AcDbBlockEnd
  0
BLOCK
  5
1172
330
1171
100
AcDbEntity
  8
0
100
AcDbBlockBegin
  2
*D118
 70
     1
 10
0.0
 20
0.0
 30
0.0
  3
*D118
  1

  0
LINE
  5
15BC
330
1171
100
AcDbEntity
  8
OLCU (BEYKENT)
 62
     0
440
 16777216
370
    -2
100
AcDbLine
 10
4229.519675465766
 20
2969.658560045573
 30
0.0
 11
4212.339675466028
 21
2969.658560045573
 31
0.0
  0
LINE
  5
15BD
330
1171
100
AcDbEntity
  8
OLCU (BEYKENT)
 62
     0
440
 16777216
370
    -2
100
AcDbLine
 10
4229.519675465766
 20
2934.658560045573
 30
0.0
 11
4212.339675466028
 21
2934.658560045573
 31
0.0
  0
LINE
  5
15BE
330
1171
100
AcDbEntity
  8
OLCU (BEYKENT)
 62
     0
440
 16777216
370
    -2
100
AcDbLine
 10
4212.519675466029
 20
2969.658560045573
 30
0.0
 11
4212.519675466029
 21
2934.658560045573
 31
0.0
  0
LINE
  5
15BF
330
1171
100
AcDbEntity
  8
OLCU (BEYKENT)
 62
     0
440
 16777216
370
    -2
100
AcDbLine
 10
4215.519675466029
 20
2931.658560045574
 30
0.0
 11
4209.519675466029
 21
2937.658560045573
 31
0.0
  0
LINE
  5
15C0
330
1171
100
AcDbEntity
  8
OLCU (BEYKENT)
 62
     0
440
 16777216
370
    -2
100
AcDbLine
 10
4215.519675466029
 20
2966.658560045573
 30
0.0
 11
4209.519675466029
 21
2972.658560045573
 31
0.0
  0
MTEXT
  5
15C1
330
1171
100
AcDbEntity
  8
OLCU (BEYKENT)
 62
     7
440
 16777216
370
    20
100
AcDbMText
 10
4204.39587904237
 20
2952.158560045571
 30
0.0
 40
12.0
 41
0.0
 46
0.0
 71
     5
 72
     1
  1
\A1;35
  7
YAZI (BEYKENT)
 11
0.0000000000000001
 21
1.0
 31
0.0
 73
     1
 44
1.0
  0
POINT
  5
15C2
330
1171
100
AcDbEntity
  8
Defpoints
 62
     0
440
 16777216
100
AcDbPoint
 10
4232.519675465765
 20
2969.658560045573
 30
0.0
  0
POINT
  5
15C3
330
1171
100
AcDbEntity
  8
Defpoints
 62
     0
440
 16777216
100
AcDbPoint
 10
4232.519675465765
 20
2934.658560045573
 30
0.0
  0
POINT
  5
15C4
330
1171
100
AcDbEntity
  8
Defpoints
 62
     0
440
 16777216
100
AcDbPoint
 10
4212.519675466029
 20
2934.658560045573
 30
0.0
  0
ENDBLK
  5
1173
330
1171
100
AcDbEntity
  8
0
100
AcDbBlockEnd
  0
BLOCK
  5
117E
330
117D
100
AcDbEntity
  8
0
100
AcDbBlockBegin
  2
*D119
 70
     1
 10
0.0
 20
0.0
 30
0.0
  3
*D119
  1

  0
LINE
  5
15C5
330
117D
100
AcDbEntity
  8
OLCU (BEYKENT)
 62
     0
440
 16777216
370
    -2
100
AcDbLine
 10
4229.519675465766
 20
2984.658560045573
 30
0.0
 11
4192.339675466029
 21
2984.658560045573
 31
0.0
  0
LINE
  5
15C6
330
117D
100
AcDbEntity
  8
OLCU (BEYKENT)
 62
     0
440
 16777216
370
    -2
100
AcDbLine
 10
4229.519675465766
 20
2934.658560045573
 30
0.0
 11
4192.339675466029
 21
2934.658560045573
 31
0.0
  0
LINE
  5
15C7
330
117D
100
AcDbEntity
  8
OLCU (BEYKENT)
 62
     0
440
 16777216
370
    -2
100
AcDbLine
 10
4192.519675466029
 20
2984.658560045573
 30
0.0
 11
4192.519675466029
 21
2934.658560045573
 31
0.0
  0
LINE
  5
15C8
330
117D
100
AcDbEntity
  8
OLCU (BEYKENT)
 62
     0
440
 16777216
370
    -2
100
AcDbLine
 10
4195.519675466029
 20
2931.658560045574
 30
0.0
 11
4189.519675466029
 21
2937.658560045573
 31
0.0
  0
LINE
  5
15C9
330
117D
100
AcDbEntity
  8
OLCU (BEYKENT)
 62
     0
440
 16777216
370
    -2
100
AcDbLine
 10
4195.519675466029
 20
2981.658560045574
 30
0.0
 11
4189.519675466029
 21
2987.658560045574
 31
0.0
  0
MTEXT
  5
15CA
330
117D
100
AcDbEntity
  8
OLCU (BEYKENT)
 62
     7
440
 16777216
370
    20
100
AcDbMText
 10
4184.39587904237
 20
2959.658560045572
 30
0.0
 40
12.0
 41
0.0
 46
0.0
 71
     5
 72
     1
  1
\A1;50
  7
YAZI (BEYKENT)
 11
0.0000000000000001
 21
1.0
 31
0.0
 73
     1
 44
1.0
  0
POINT
  5
15CB
330
117D
100
AcDbEntity
  8
Defpoints
 62
     0
440
 16777216
100
AcDbPoint
 10
4232.519675465765
 20
2984.658560045573
 30
0.0
  0
POINT
  5
15CC
330
117D
100
AcDbEntity
  8
Defpoints
 62
     0
440
 16777216
100
AcDbPoint
 10
4232.519675465765
 20
2934.658560045573
 30
0.0
  0
POINT
  5
15CD
330
117D
100
AcDbEntity
  8
Defpoints
 62
     0
440
 16777216
100
AcDbPoint
 10
4192.519675466029
 20
2934.658560045573
 30
0.0
  0
ENDBLK
  5
117F
330
117D
100
AcDbEntity
  8
0
100
AcDbBlockEnd
  0
BLOCK
  5
118A
330
1189
100
AcDbEntity
  8
0
100
AcDbBlockBegin
  2
*D120
 70
     1
 10
0.0
 20
0.0
 30
0.0
  3
*D120
  1

  0
LINE
  5
15CE
330
1189
100
AcDbEntity
  8
OLCU (BEYKENT)
 62
     0
440
 16777216
370
    -2
100
AcDbLine
 10
2383.019675465765
 20
2969.658560045573
 30
0.0
 11
2400.199675466029
 21
2969.658560045573
 31
0.0
  0
LINE
  5
15CF
330
1189
100
AcDbEntity
  8
OLCU (BEYKENT)
 62
     0
440
 16777216
370
    -2
100
AcDbLine
 10
2383.019675465765
 20
2984.658560045573
 30
0.0
 11
2400.199675466029
 21
2984.658560045573
 31
0.0
  0
LINE
  5
15D0
330
1189
100
AcDbEntity
  8
OLCU (BEYKENT)
 62
     0
440
 16777216
370
    -2
100
AcDbLine
 10
2400.019675466028
 20
2969.658560045573
 30
0.0
 11
2400.019675466028
 21
2984.658560045573
 31
0.0
  0
LINE
  5
15D1
330
1189
100
AcDbEntity
  8
OLCU (BEYKENT)
 62
     0
440
 16777216
370
    -2
100
AcDbLine
 10
2403.019675466028
 20
2981.658560045574
 30
0.0
 11
2397.019675466028
 21
2987.658560045574
 31
0.0
  0
LINE
  5
15D2
330
1189
100
AcDbEntity
  8
OLCU (BEYKENT)
 62
     0
440
 16777216
370
    -2
100
AcDbLine
 10
2403.019675466028
 20
2966.658560045573
 30
0.0
 11
2397.019675466028
 21
2972.658560045573
 31
0.0
  0
MTEXT
  5
15D3
330
1189
100
AcDbEntity
  8
OLCU (BEYKENT)
 62
     7
440
 16777216
370
    20
100
AcDbMText
 10
2391.957777254198
 20
2977.158560045572
 30
0.0
 40
12.0
 41
0.0
 46
0.0
 71
     5
 72
     1
  1
\A1;15
  7
YAZI (BEYKENT)
 11
0.0000000000000001
 21
1.0
 31
0.0
 73
     1
 44
1.0
  0
POINT
  5
15D4
330
1189
100
AcDbEntity
  8
Defpoints
 62
     0
440
 16777216
100
AcDbPoint
 10
2380.019675465765
 20
2969.658560045573
 30
0.0
  0
POINT
  5
15D5
330
1189
100
AcDbEntity
  8
Defpoints
 62
     0
440
 16777216
100
AcDbPoint
 10
2380.019675465765
 20
2984.658560045573
 30
0.0
  0
POINT
  5
15D6
330
1189
100
AcDbEntity
  8
Defpoints
 62
     0
440
 16777216
100
AcDbPoint
 10
2400.019675466028
 20
2984.658560045573
 30
0.0
  0
ENDBLK
  5
118B
330
1189
100
AcDbEntity
  8
0
100
AcDbBlockEnd
  0
BLOCK
  5
1196
330
1195
100
AcDbEntity
  8
0
100
AcDbBlockBegin
  2
*D121
 70
     1
 10
0.0
 20
0.0
 30
0.0
  3
*D121
  1

  0
LINE
  5
15D7
330
1195
100
AcDbEntity
  8
OLCU (BEYKENT)
 62
     0
440
 16777216
370
    -2
100
AcDbLine
 10
3708.019675465767
 20
2969.658560045573
 30
0.0
 11
3725.199675466029
 21
2969.658560045573
 31
0.0
  0
LINE
  5
15D8
330
1195
100
AcDbEntity
  8
OLCU (BEYKENT)
 62
     0
440
 16777216
370
    -2
100
AcDbLine
 10
3708.019675465767
 20
2984.658560045573
 30
0.0
 11
3725.199675466029
 21
2984.658560045573
 31
0.0
  0
LINE
  5
15D9
330
1195
100
AcDbEntity
  8
OLCU (BEYKENT)
 62
     0
440
 16777216
370
    -2
100
AcDbLine
 10
3725.019675466029
 20
2969.658560045573
 30
0.0
 11
3725.019675466029
 21
2984.658560045573
 31
0.0
  0
LINE
  5
15DA
330
1195
100
AcDbEntity
  8
OLCU (BEYKENT)
 62
     0
440
 16777216
370
    -2
100
AcDbLine
 10
3728.019675466029
 20
2981.658560045574
 30
0.0
 11
3722.019675466029
 21
2987.658560045574
 31
0.0
  0
LINE
  5
15DB
330
1195
100
AcDbEntity
  8
OLCU (BEYKENT)
 62
     0
440
 16777216
370
    -2
100
AcDbLine
 10
3728.019675466029
 20
2966.658560045573
 30
0.0
 11
3722.019675466029
 21
2972.658560045573
 31
0.0
  0
MTEXT
  5
15DC
330
1195
100
AcDbEntity
  8
OLCU (BEYKENT)
 62
     7
440
 16777216
370
    20
100
AcDbMText
 10
3716.957777254199
 20
2977.158560045572
 30
0.0
 40
12.0
 41
0.0
 46
0.0
 71
     5
 72
     1
  1
\A1;15
  7
YAZI (BEYKENT)
 11
0.0000000000000001
 21
1.0
 31
0.0
 73
     1
 44
1.0
  0
POINT
  5
15DD
330
1195
100
AcDbEntity
  8
Defpoints
 62
     0
440
 16777216
100
AcDbPoint
 10
3705.019675465766
 20
2969.658560045573
 30
0.0
  0
POINT
  5
15DE
330
1195
100
AcDbEntity
  8
Defpoints
 62
     0
440
 16777216
100
AcDbPoint
 10
3705.019675465766
 20
2984.658560045573
 30
0.0
  0
POINT
  5
15DF
330
1195
100
AcDbEntity
  8
Defpoints
 62
     0
440
 16777216
100
AcDbPoint
 10
3725.019675466029
 20
2984.658560045573
 30
0.0
  0
ENDBLK
  5
1197
330
1195
100
AcDbEntity
  8
0
100
AcDbBlockEnd
  0
BLOCK
  5
11A2
330
11A1
100
AcDbEntity
  8
0
100
AcDbBlockBegin
  2
*D122
 70
     1
 10
0.0
 20
0.0
 30
0.0
  3
*D122
  1

  0
LINE
  5
15E0
330
11A1
100
AcDbEntity
  8
OLCU (BEYKENT)
 62
     0
440
 16777216
370
    -2
100
AcDbLine
 10
1978.019675465765
 20
2969.658560045573
 30
0.0
 11
1995.199675466028
 21
2969.658560045573
 31
0.0
  0
LINE
  5
15E1
330
11A1
100
AcDbEntity
  8
OLCU (BEYKENT)
 62
     0
440
 16777216
370
    -2
100
AcDbLine
 10
1978.019675465765
 20
2984.658560045573
 30
0.0
 11
1995.199675466028
 21
2984.658560045573
 31
0.0
  0
LINE
  5
15E2
330
11A1
100
AcDbEntity
  8
OLCU (BEYKENT)
 62
     0
440
 16777216
370
    -2
100
AcDbLine
 10
1995.019675466027
 20
2969.658560045573
 30
0.0
 11
1995.019675466027
 21
2984.658560045573
 31
0.0
  0
LINE
  5
15E3
330
11A1
100
AcDbEntity
  8
OLCU (BEYKENT)
 62
     0
440
 16777216
370
    -2
100
AcDbLine
 10
1998.019675466028
 20
2981.658560045574
 30
0.0
 11
1992.019675466028
 21
2987.658560045574
 31
0.0
  0
LINE
  5
15E4
330
11A1
100
AcDbEntity
  8
OLCU (BEYKENT)
 62
     0
440
 16777216
370
    -2
100
AcDbLine
 10
1998.019675466028
 20
2966.658560045573
 30
0.0
 11
1992.019675466028
 21
2972.658560045573
 31
0.0
  0
MTEXT
  5
15E5
330
11A1
100
AcDbEntity
  8
OLCU (BEYKENT)
 62
     7
440
 16777216
370
    20
100
AcDbMText
 10
1986.957777254199
 20
2977.158560045572
 30
0.0
 40
12.0
 41
0.0
 46
0.0
 71
     5
 72
     1
  1
\A1;15
  7
YAZI (BEYKENT)
 11
0.0000000000000001
 21
1.0
 31
0.0
 73
     1
 44
1.0
  0
POINT
  5
15E6
330
11A1
100
AcDbEntity
  8
Defpoints
 62
     0
440
 16777216
100
AcDbPoint
 10
1975.019675465765
 20
2969.658560045573
 30
0.0
  0
POINT
  5
15E7
330
11A1
100
AcDbEntity
  8
Defpoints
 62
     0
440
 16777216
100
AcDbPoint
 10
1975.019675465765
 20
2984.658560045573
 30
0.0
  0
POINT
  5
15E8
330
11A1
100
AcDbEntity
  8
Defpoints
 62
     0
440
 16777216
100
AcDbPoint
 10
1995.019675466027
 20
2984.658560045573
 30
0.0
  0
ENDBLK
  5
11A3
330
11A1
100
AcDbEntity
  8
0
100
AcDbBlockEnd
  0
BLOCK
  5
11AE
330
11AD
100
AcDbEntity
  8
0
100
AcDbBlockBegin
  2
*D123
 70
     1
 10
0.0
 20
0.0
 30
0.0
  3
*D123
  1

  0
LINE
  5
15E9
330
11AD
100
AcDbEntity
  8
OLCU (BEYKENT)
 62
     0
440
 16777216
370
    -2
100
AcDbLine
 10
2848.019675465766
 20
2969.658560045573
 30
0.0
 11
2865.199675466028
 21
2969.658560045573
 31
0.0
  0
LINE
  5
15EA
330
11AD
100
AcDbEntity
  8
OLCU (BEYKENT)
 62
     0
440
 16777216
370
    -2
100
AcDbLine
 10
2848.019675465766
 20
2984.658560045573
 30
0.0
 11
2865.199675466028
 21
2984.658560045573
 31
0.0
  0
LINE
  5
15EB
330
11AD
100
AcDbEntity
  8
OLCU (BEYKENT)
 62
     0
440
 16777216
370
    -2
100
AcDbLine
 10
2865.019675466028
 20
2969.658560045573
 30
0.0
 11
2865.019675466028
 21
2984.658560045573
 31
0.0
  0
LINE
  5
15EC
330
11AD
100
AcDbEntity
  8
OLCU (BEYKENT)
 62
     0
440
 16777216
370
    -2
100
AcDbLine
 10
2868.019675466028
 20
2981.658560045574
 30
0.0
 11
2862.019675466028
 21
2987.658560045574
 31
0.0
  0
LINE
  5
15ED
330
11AD
100
AcDbEntity
  8
OLCU (BEYKENT)
 62
     0
440
 16777216
370
    -2
100
AcDbLine
 10
2868.019675466028
 20
2966.658560045573
 30
0.0
 11
2862.019675466028
 21
2972.658560045573
 31
0.0
  0
MTEXT
  5
15EE
330
11AD
100
AcDbEntity
  8
OLCU (BEYKENT)
 62
     7
440
 16777216
370
    20
100
AcDbMText
 10
2856.957777254198
 20
2977.158560045572
 30
0.0
 40
12.0
 41
0.0
 46
0.0
 71
     5
 72
     1
  1
\A1;15
  7
YAZI (BEYKENT)
 11
0.0000000000000001
 21
1.0
 31
0.0
 73
     1
 44
1.0
  0
POINT
  5
15EF
330
11AD
100
AcDbEntity
  8
Defpoints
 62
     0
440
 16777216
100
AcDbPoint
 10
2845.019675465766
 20
2969.658560045573
 30
0.0
  0
POINT
  5
15F0
330
11AD
100
AcDbEntity
  8
Defpoints
 62
     0
440
 16777216
100
AcDbPoint
 10
2845.019675465766
 20
2984.658560045573
 30
0.0
  0
POINT
  5
15F1
330
11AD
100
AcDbEntity
  8
Defpoints
 62
     0
440
 16777216
100
AcDbPoint
 10
2865.019675466028
 20
2984.658560045573
 30
0.0
  0
ENDBLK
  5
11AF
330
11AD
100
AcDbEntity
  8
0
100
AcDbBlockEnd
  0
BLOCK
  5
11BA
330
11B9
100
AcDbEntity
  8
0
100
AcDbBlockBegin
  2
*D124
 70
     1
 10
0.0
 20
0.0
 30
0.0
  3
*D124
  1

  0
LINE
  5
15F2
330
11B9
100
AcDbEntity
  8
OLCU (BEYKENT)
 62
     0
440
 16777216
370
    -2
100
AcDbLine
 10
3253.019675465767
 20
2969.658560045573
 30
0.0
 11
3270.199675466031
 21
2969.658560045573
 31
0.0
  0
LINE
  5
15F3
330
11B9
100
AcDbEntity
  8
OLCU (BEYKENT)
 62
     0
440
 16777216
370
    -2
100
AcDbLine
 10
3253.019675465767
 20
2984.658560045573
 30
0.0
 11
3270.199675466031
 21
2984.658560045573
 31
0.0
  0
LINE
  5
15F4
330
11B9
100
AcDbEntity
  8
OLCU (BEYKENT)
 62
     0
440
 16777216
370
    -2
100
AcDbLine
 10
3270.019675466029
 20
2969.658560045573
 30
0.0
 11
3270.019675466029
 21
2984.658560045573
 31
0.0
  0
LINE
  5
15F5
330
11B9
100
AcDbEntity
  8
OLCU (BEYKENT)
 62
     0
440
 16777216
370
    -2
100
AcDbLine
 10
3273.019675466029
 20
2981.658560045574
 30
0.0
 11
3267.019675466031
 21
2987.658560045574
 31
0.0
  0
LINE
  5
15F6
330
11B9
100
AcDbEntity
  8
OLCU (BEYKENT)
 62
     0
440
 16777216
370
    -2
100
AcDbLine
 10
3273.019675466029
 20
2966.658560045573
 30
0.0
 11
3267.019675466031
 21
2972.658560045573
 31
0.0
  0
MTEXT
  5
15F7
330
11B9
100
AcDbEntity
  8
OLCU (BEYKENT)
 62
     7
440
 16777216
370
    20
100
AcDbMText
 10
3261.957777254199
 20
2977.158560045572
 30
0.0
 40
12.0
 41
0.0
 46
0.0
 71
     5
 72
     1
  1
\A1;15
  7
YAZI (BEYKENT)
 11
0.0000000000000001
 21
1.0
 31
0.0
 73
     1
 44
1.0
  0
POINT
  5
15F8
330
11B9
100
AcDbEntity
  8
Defpoints
 62
     0
440
 16777216
100
AcDbPoint
 10
3250.019675465767
 20
2969.658560045573
 30
0.0
  0
POINT
  5
15F9
330
11B9
100
AcDbEntity
  8
Defpoints
 62
     0
440
 16777216
100
AcDbPoint
 10
3250.019675465767
 20
2984.658560045573
 30
0.0
  0
POINT
  5
15FA
330
11B9
100
AcDbEntity
  8
Defpoints
 62
     0
440
 16777216
100
AcDbPoint
 10
3270.019675466029
 20
2984.658560045573
 30
0.0
  0
ENDBLK
  5
11BB
330
11B9
100
AcDbEntity
  8
0
100
AcDbBlockEnd
  0
BLOCK
  5
11C6
330
11C5
100
AcDbEntity
  8
0
100
AcDbBlockBegin
  2
*D125
 70
     1
 10
0.0
 20
0.0
 30
0.0
  3
*D125
  1

  0
LINE
  5
15FB
330
11C5
100
AcDbEntity
  8
OLCU (BEYKENT)
 62
     0
440
 16777216
370
    -2
100
AcDbLine
 10
4113.019675465767
 20
2969.658560045573
 30
0.0
 11
4130.199675466029
 21
2969.658560045573
 31
0.0
  0
LINE
  5
15FC
330
11C5
100
AcDbEntity
  8
OLCU (BEYKENT)
 62
     0
440
 16777216
370
    -2
100
AcDbLine
 10
4113.019675465767
 20
2984.658560045573
 30
0.0
 11
4130.199675466029
 21
2984.658560045573
 31
0.0
  0
LINE
  5
15FD
330
11C5
100
AcDbEntity
  8
OLCU (BEYKENT)
 62
     0
440
 16777216
370
    -2
100
AcDbLine
 10
4130.019675466029
 20
2969.658560045573
 30
0.0
 11
4130.019675466029
 21
2984.658560045573
 31
0.0
  0
LINE
  5
15FE
330
11C5
100
AcDbEntity
  8
OLCU (BEYKENT)
 62
     0
440
 16777216
370
    -2
100
AcDbLine
 10
4133.019675466029
 20
2981.658560045574
 30
0.0
 11
4127.019675466029
 21
2987.658560045574
 31
0.0
  0
LINE
  5
15FF
330
11C5
100
AcDbEntity
  8
OLCU (BEYKENT)
 62
     0
440
 16777216
370
    -2
100
AcDbLine
 10
4133.019675466029
 20
2966.658560045573
 30
0.0
 11
4127.019675466029
 21
2972.658560045573
 31
0.0
  0
MTEXT
  5
1600
330
11C5
100
AcDbEntity
  8
OLCU (BEYKENT)
 62
     7
440
 16777216
370
    20
100
AcDbMText
 10
4121.957777254198
 20
2977.158560045572
 30
0.0
 40
12.0
 41
0.0
 46
0.0
 71
     5
 72
     1
  1
\A1;15
  7
YAZI (BEYKENT)
 11
0.0000000000000001
 21
1.0
 31
0.0
 73
     1
 44
1.0
  0
POINT
  5
1601
330
11C5
100
AcDbEntity
  8
Defpoints
 62
     0
440
 16777216
100
AcDbPoint
 10
4110.019675465767
 20
2969.658560045573
 30
0.0
  0
POINT
  5
1602
330
11C5
100
AcDbEntity
  8
Defpoints
 62
     0
440
 16777216
100
AcDbPoint
 10
4110.019675465767
 20
2984.658560045573
 30
0.0
  0
POINT
  5
1603
330
11C5
100
AcDbEntity
  8
Defpoints
 62
     0
440
 16777216
100
AcDbPoint
 10
4130.019675466029
 20
2984.658560045573
 30
0.0
  0
ENDBLK
  5
11C7
330
11C5
100
AcDbEntity
  8
0
100
AcDbBlockEnd
  0
BLOCK
  5
11D2
330
11D1
100
AcDbEntity
  8
0
100
AcDbBlockBegin
  2
*D126
 70
     1
 10
0.0
 20
0.0
 30
0.0
  3
*D126
  1

  0
LINE
  5
1604
330
11D1
100
AcDbEntity
  8
OLCU (BEYKENT)
 62
     0
440
 16777216
370
    -2
100
AcDbLine
 10
1417.519675465764
 20
2476.658560045572
 30
0.0
 11
1417.519675465764
 21
2459.478560045572
 31
0.0
  0
LINE
  5
1605
330
11D1
100
AcDbEntity
  8
OLCU (BEYKENT)
 62
     0
440
 16777216
370
    -2
100
AcDbLine
 10
1432.519675465764
 20
2476.658560045572
 30
0.0
 11
1432.519675465764
 21
2459.478560045572
 31
0.0
  0
LINE
  5
1606
330
11D1
100
AcDbEntity
  8
OLCU (BEYKENT)
 62
     0
440
 16777216
370
    -2
100
AcDbLine
 10
1417.519675465764
 20
2459.658560045572
 30
0.0
 11
1432.519675465764
 21
2459.658560045572
 31
0.0
  0
LINE
  5
1607
330
11D1
100
AcDbEntity
  8
OLCU (BEYKENT)
 62
     0
440
 16777216
370
    -2
100
AcDbLine
 10
1429.519675465764
 20
2456.658560045572
 30
0.0
 11
1435.519675465764
 21
2462.658560045572
 31
0.0
  0
LINE
  5
1608
330
11D1
100
AcDbEntity
  8
OLCU (BEYKENT)
 62
     0
440
 16777216
370
    -2
100
AcDbLine
 10
1414.519675465764
 20
2456.658560045572
 30
0.0
 11
1420.519675465764
 21
2462.658560045572
 31
0.0
  0
MTEXT
  5
1609
330
11D1
100
AcDbEntity
  8
OLCU (BEYKENT)
 62
     7
440
 16777216
370
    20
100
AcDbMText
 10
1425.019675465764
 20
2467.720458257403
 30
0.0
 40
12.0
 41
0.0
 46
0.0
 71
     5
 72
     1
  1
\A1;15
  7
YAZI (BEYKENT)
 73
     1
 44
1.0
  0
POINT
  5
160A
330
11D1
100
AcDbEntity
  8
Defpoints
 62
     0
440
 16777216
100
AcDbPoint
 10
1417.519675465764
 20
2479.658560045572
 30
0.0
  0
POINT
  5
160B
330
11D1
100
AcDbEntity
  8
Defpoints
 62
     0
440
 16777216
100
AcDbPoint
 10
1432.519675465764
 20
2479.658560045572
 30
0.0
  0
POINT
  5
160C
330
11D1
100
AcDbEntity
  8
Defpoints
 62
     0
440
 16777216
100
AcDbPoint
 10
1432.519675465764
 20
2459.658560045572
 30
0.0
  0
ENDBLK
  5
11D3
330
11D1
100
AcDbEntity
  8
0
100
AcDbBlockEnd
  0
BLOCK
  5
11DE
330
11DD
100
AcDbEntity
  8
0
100
AcDbBlockBegin
  2
*D127
 70
     1
 10
0.0
 20
0.0
 30
0.0
  3
*D127
  1

  0
LINE
  5
160D
330
11DD
100
AcDbEntity
  8
OLCU (BEYKENT)
 62
     0
440
 16777216
370
    -2
100
AcDbLine
 10
1432.519675465764
 20
2476.658560045572
 30
0.0
 11
1432.519675465764
 21
2459.478560045572
 31
0.0
  0
LINE
  5
160E
330
11DD
100
AcDbEntity
  8
OLCU (BEYKENT)
 62
     0
440
 16777216
370
    -2
100
AcDbLine
 10
1467.519675465764
 20
2476.658560045572
 30
0.0
 11
1467.519675465764
 21
2459.478560045572
 31
0.0
  0
LINE
  5
160F
330
11DD
100
AcDbEntity
  8
OLCU (BEYKENT)
 62
     0
440
 16777216
370
    -2
100
AcDbLine
 10
1432.519675465764
 20
2459.658560045572
 30
0.0
 11
1467.519675465764
 21
2459.658560045572
 31
0.0
  0
LINE
  5
1610
330
11DD
100
AcDbEntity
  8
OLCU (BEYKENT)
 62
     0
440
 16777216
370
    -2
100
AcDbLine
 10
1464.519675465764
 20
2456.658560045572
 30
0.0
 11
1470.519675465764
 21
2462.658560045572
 31
0.0
  0
LINE
  5
1611
330
11DD
100
AcDbEntity
  8
OLCU (BEYKENT)
 62
     0
440
 16777216
370
    -2
100
AcDbLine
 10
1429.519675465764
 20
2456.658560045572
 30
0.0
 11
1435.519675465764
 21
2462.658560045572
 31
0.0
  0
MTEXT
  5
1612
330
11DD
100
AcDbEntity
  8
OLCU (BEYKENT)
 62
     7
440
 16777216
370
    20
100
AcDbMText
 10
1450.019675465764
 20
2467.782356469231
 30
0.0
 40
12.0
 41
0.0
 46
0.0
 71
     5
 72
     1
  1
\A1;35
  7
YAZI (BEYKENT)
 73
     1
 44
1.0
  0
POINT
  5
1613
330
11DD
100
AcDbEntity
  8
Defpoints
 62
     0
440
 16777216
100
AcDbPoint
 10
1432.519675465764
 20
2479.658560045572
 30
0.0
  0
POINT
  5
1614
330
11DD
100
AcDbEntity
  8
Defpoints
 62
     0
440
 16777216
100
AcDbPoint
 10
1467.519675465764
 20
2479.658560045572
 30
0.0
  0
POINT
  5
1615
330
11DD
100
AcDbEntity
  8
Defpoints
 62
     0
440
 16777216
100
AcDbPoint
 10
1467.519675465764
 20
2459.658560045572
 30
0.0
  0
ENDBLK
  5
11DF
330
11DD
100
AcDbEntity
  8
0
100
AcDbBlockEnd
  0
BLOCK
  5
11EA
330
11E9
100
AcDbEntity
  8
0
100
AcDbBlockBegin
  2
*D128
 70
     1
 10
0.0
 20
0.0
 30
0.0
  3
*D128
  1

  0
LINE
  5
1616
330
11E9
100
AcDbEntity
  8
OLCU (BEYKENT)
 62
     0
440
 16777216
370
    -2
100
AcDbLine
 10
1417.519675465764
 20
2476.658560045572
 30
0.0
 11
1417.519675465764
 21
2439.478560045572
 31
0.0
  0
LINE
  5
1617
330
11E9
100
AcDbEntity
  8
OLCU (BEYKENT)
 62
     0
440
 16777216
370
    -2
100
AcDbLine
 10
1467.519675465764
 20
2476.658560045572
 30
0.0
 11
1467.519675465764
 21
2439.478560045572
 31
0.0
  0
LINE
  5
1618
330
11E9
100
AcDbEntity
  8
OLCU (BEYKENT)
 62
     0
440
 16777216
370
    -2
100
AcDbLine
 10
1417.519675465764
 20
2439.658560045572
 30
0.0
 11
1467.519675465764
 21
2439.658560045572
 31
0.0
  0
LINE
  5
1619
330
11E9
100
AcDbEntity
  8
OLCU (BEYKENT)
 62
     0
440
 16777216
370
    -2
100
AcDbLine
 10
1464.519675465764
 20
2436.658560045572
 30
0.0
 11
1470.519675465764
 21
2442.658560045572
 31
0.0
  0
LINE
  5
161A
330
11E9
100
AcDbEntity
  8
OLCU (BEYKENT)
 62
     0
440
 16777216
370
    -2
100
AcDbLine
 10
1414.519675465764
 20
2436.658560045572
 30
0.0
 11
1420.519675465764
 21
2442.658560045572
 31
0.0
  0
MTEXT
  5
161B
330
11E9
100
AcDbEntity
  8
OLCU (BEYKENT)
 62
     7
440
 16777216
370
    20
100
AcDbMText
 10
1442.519675465764
 20
2447.782356469231
 30
0.0
 40
12.0
 41
0.0
 46
0.0
 71
     5
 72
     1
  1
\A1;50
  7
YAZI (BEYKENT)
 73
     1
 44
1.0
  0
POINT
  5
161C
330
11E9
100
AcDbEntity
  8
Defpoints
 62
     0
440
 16777216
100
AcDbPoint
 10
1417.519675465764
 20
2479.658560045572
 30
0.0
  0
POINT
  5
161D
330
11E9
100
AcDbEntity
  8
Defpoints
 62
     0
440
 16777216
100
AcDbPoint
 10
1467.519675465764
 20
2479.658560045572
 30
0.0
  0
POINT
  5
161E
330
11E9
100
AcDbEntity
  8
Defpoints
 62
     0
440
 16777216
100
AcDbPoint
 10
1467.519675465764
 20
2439.658560045572
 30
0.0
  0
ENDBLK
  5
11EB
330
11E9
100
AcDbEntity
  8
0
100
AcDbBlockEnd
  0
BLOCK
  5
11F6
330
11F5
100
AcDbEntity
  8
0
100
AcDbBlockBegin
  2
*D129
 70
     1
 10
0.0
 20
0.0
 30
0.0
  3
*D129
  1

  0
LINE
  5
161F
330
11F5
100
AcDbEntity
  8
OLCU (BEYKENT)
 62
     0
440
 16777216
370
    -2
100
AcDbLine
 10
1417.519675465764
 20
2011.658560045572
 30
0.0
 11
1417.519675465764
 21
1994.478560045572
 31
0.0
  0
LINE
  5
1620
330
11F5
100
AcDbEntity
  8
OLCU (BEYKENT)
 62
     0
440
 16777216
370
    -2
100
AcDbLine
 10
1432.519675465764
 20
2011.658560045572
 30
0.0
 11
1432.519675465764
 21
1994.478560045572
 31
0.0
  0
LINE
  5
1621
330
11F5
100
AcDbEntity
  8
OLCU (BEYKENT)
 62
     0
440
 16777216
370
    -2
100
AcDbLine
 10
1417.519675465764
 20
1994.658560045572
 30
0.0
 11
1432.519675465764
 21
1994.658560045572
 31
0.0
  0
LINE
  5
1622
330
11F5
100
AcDbEntity
  8
OLCU (BEYKENT)
 62
     0
440
 16777216
370
    -2
100
AcDbLine
 10
1429.519675465764
 20
1991.658560045572
 30
0.0
 11
1435.519675465764
 21
1997.658560045572
 31
0.0
  0
LINE
  5
1623
330
11F5
100
AcDbEntity
  8
OLCU (BEYKENT)
 62
     0
440
 16777216
370
    -2
100
AcDbLine
 10
1414.519675465764
 20
1991.658560045572
 30
0.0
 11
1420.519675465764
 21
1997.658560045572
 31
0.0
  0
MTEXT
  5
1624
330
11F5
100
AcDbEntity
  8
OLCU (BEYKENT)
 62
     7
440
 16777216
370
    20
100
AcDbMText
 10
1425.019675465764
 20
2002.720458257401
 30
0.0
 40
12.0
 41
0.0
 46
0.0
 71
     5
 72
     1
  1
\A1;15
  7
YAZI (BEYKENT)
 73
     1
 44
1.0
  0
POINT
  5
1625
330
11F5
100
AcDbEntity
  8
Defpoints
 62
     0
440
 16777216
100
AcDbPoint
 10
1417.519675465764
 20
2014.658560045572
 30
0.0
  0
POINT
  5
1626
330
11F5
100
AcDbEntity
  8
Defpoints
 62
     0
440
 16777216
100
AcDbPoint
 10
1432.519675465764
 20
2014.658560045572
 30
0.0
  0
POINT
  5
1627
330
11F5
100
AcDbEntity
  8
Defpoints
 62
     0
440
 16777216
100
AcDbPoint
 10
1432.519675465764
 20
1994.658560045572
 30
0.0
  0
ENDBLK
  5
11F7
330
11F5
100
AcDbEntity
  8
0
100
AcDbBlockEnd
  0
BLOCK
  5
1202
330
1201
100
AcDbEntity
  8
0
100
AcDbBlockBegin
  2
*D130
 70
     1
 10
0.0
 20
0.0
 30
0.0
  3
*D130
  1

  0
LINE
  5
1628
330
1201
100
AcDbEntity
  8
OLCU (BEYKENT)
 62
     0
440
 16777216
370
    -2
100
AcDbLine
 10
1432.519675465764
 20
2011.658560045572
 30
0.0
 11
1432.519675465764
 21
1994.478560045572
 31
0.0
  0
LINE
  5
1629
330
1201
100
AcDbEntity
  8
OLCU (BEYKENT)
 62
     0
440
 16777216
370
    -2
100
AcDbLine
 10
1467.519675465764
 20
2011.658560045572
 30
0.0
 11
1467.519675465764
 21
1994.478560045572
 31
0.0
  0
LINE
  5
162A
330
1201
100
AcDbEntity
  8
OLCU (BEYKENT)
 62
     0
440
 16777216
370
    -2
100
AcDbLine
 10
1432.519675465764
 20
1994.658560045572
 30
0.0
 11
1467.519675465764
 21
1994.658560045572
 31
0.0
  0
LINE
  5
162B
330
1201
100
AcDbEntity
  8
OLCU (BEYKENT)
 62
     0
440
 16777216
370
    -2
100
AcDbLine
 10
1464.519675465764
 20
1991.658560045572
 30
0.0
 11
1470.519675465764
 21
1997.658560045572
 31
0.0
  0
LINE
  5
162C
330
1201
100
AcDbEntity
  8
OLCU (BEYKENT)
 62
     0
440
 16777216
370
    -2
100
AcDbLine
 10
1429.519675465764
 20
1991.658560045572
 30
0.0
 11
1435.519675465764
 21
1997.658560045572
 31
0.0
  0
MTEXT
  5
162D
330
1201
100
AcDbEntity
  8
OLCU (BEYKENT)
 62
     7
440
 16777216
370
    20
100
AcDbMText
 10
1450.019675465764
 20
2002.782356469231
 30
0.0
 40
12.0
 41
0.0
 46
0.0
 71
     5
 72
     1
  1
\A1;35
  7
YAZI (BEYKENT)
 73
     1
 44
1.0
  0
POINT
  5
162E
330
1201
100
AcDbEntity
  8
Defpoints
 62
     0
440
 16777216
100
AcDbPoint
 10
1432.519675465764
 20
2014.658560045572
 30
0.0
  0
POINT
  5
162F
330
1201
100
AcDbEntity
  8
Defpoints
 62
     0
440
 16777216
100
AcDbPoint
 10
1467.519675465764
 20
2014.658560045572
 30
0.0
  0
POINT
  5
1630
330
1201
100
AcDbEntity
  8
Defpoints
 62
     0
440
 16777216
100
AcDbPoint
 10
1467.519675465764
 20
1994.658560045572
 30
0.0
  0
ENDBLK
  5
1203
330
1201
100
AcDbEntity
  8
0
100
AcDbBlockEnd
  0
BLOCK
  5
120E
330
120D
100
AcDbEntity
  8
0
100
AcDbBlockBegin
  2
*D131
 70
     1
 10
0.0
 20
0.0
 30
0.0
  3
*D131
  1

  0
LINE
  5
1631
330
120D
100
AcDbEntity
  8
OLCU (BEYKENT)
 62
     0
440
 16777216
370
    -2
100
AcDbLine
 10
1417.519675465764
 20
2011.658560045572
 30
0.0
 11
1417.519675465764
 21
1974.478560045572
 31
0.0
  0
LINE
  5
1632
330
120D
100
AcDbEntity
  8
OLCU (BEYKENT)
 62
     0
440
 16777216
370
    -2
100
AcDbLine
 10
1467.519675465764
 20
2011.658560045572
 30
0.0
 11
1467.519675465764
 21
1974.478560045572
 31
0.0
  0
LINE
  5
1633
330
120D
100
AcDbEntity
  8
OLCU (BEYKENT)
 62
     0
440
 16777216
370
    -2
100
AcDbLine
 10
1417.519675465764
 20
1974.658560045572
 30
0.0
 11
1467.519675465764
 21
1974.658560045572
 31
0.0
  0
LINE
  5
1634
330
120D
100
AcDbEntity
  8
OLCU (BEYKENT)
 62
     0
440
 16777216
370
    -2
100
AcDbLine
 10
1464.519675465764
 20
1971.658560045572
 30
0.0
 11
1470.519675465764
 21
1977.658560045572
 31
0.0
  0
LINE
  5
1635
330
120D
100
AcDbEntity
  8
OLCU (BEYKENT)
 62
     0
440
 16777216
370
    -2
100
AcDbLine
 10
1414.519675465764
 20
1971.658560045572
 30
0.0
 11
1420.519675465764
 21
1977.658560045572
 31
0.0
  0
MTEXT
  5
1636
330
120D
100
AcDbEntity
  8
OLCU (BEYKENT)
 62
     7
440
 16777216
370
    20
100
AcDbMText
 10
1442.519675465764
 20
1982.782356469231
 30
0.0
 40
12.0
 41
0.0
 46
0.0
 71
     5
 72
     1
  1
\A1;50
  7
YAZI (BEYKENT)
 73
     1
 44
1.0
  0
POINT
  5
1637
330
120D
100
AcDbEntity
  8
Defpoints
 62
     0
440
 16777216
100
AcDbPoint
 10
1417.519675465764
 20
2014.658560045572
 30
0.0
  0
POINT
  5
1638
330
120D
100
AcDbEntity
  8
Defpoints
 62
     0
440
 16777216
100
AcDbPoint
 10
1467.519675465764
 20
2014.658560045572
 30
0.0
  0
POINT
  5
1639
330
120D
100
AcDbEntity
  8
Defpoints
 62
     0
440
 16777216
100
AcDbPoint
 10
1467.519675465764
 20
1974.658560045572
 30
0.0
  0
ENDBLK
  5
120F
330
120D
100
AcDbEntity
  8
0
100
AcDbBlockEnd
  0
BLOCK
  5
121A
330
1219
100
AcDbEntity
  8
0
100
AcDbBlockBegin
  2
*D132
 70
     1
 10
0.0
 20
0.0
 30
0.0
  3
*D132
  1

  0
LINE
  5
163A
330
1219
100
AcDbEntity
  8
OLCU (BEYKENT)
 62
     0
440
 16777216
370
    -2
100
AcDbLine
 10
1417.519675465764
 20
1706.658660045573
 30
0.0
 11
1417.519675465764
 21
1689.478660045573
 31
0.0
  0
LINE
  5
163B
330
1219
100
AcDbEntity
  8
OLCU (BEYKENT)
 62
     0
440
 16777216
370
    -2
100
AcDbLine
 10
1432.519675465764
 20
1706.658660045573
 30
0.0
 11
1432.519675465764
 21
1689.478660045573
 31
0.0
  0
LINE
  5
163C
330
1219
100
AcDbEntity
  8
OLCU (BEYKENT)
 62
     0
440
 16777216
370
    -2
100
AcDbLine
 10
1417.519675465764
 20
1689.658660045573
 30
0.0
 11
1432.519675465764
 21
1689.658660045573
 31
0.0
  0
LINE
  5
163D
330
1219
100
AcDbEntity
  8
OLCU (BEYKENT)
 62
     0
440
 16777216
370
    -2
100
AcDbLine
 10
1429.519675465764
 20
1686.658660045573
 30
0.0
 11
1435.519675465764
 21
1692.658660045573
 31
0.0
  0
LINE
  5
163E
330
1219
100
AcDbEntity
  8
OLCU (BEYKENT)
 62
     0
440
 16777216
370
    -2
100
AcDbLine
 10
1414.519675465764
 20
1686.658660045573
 30
0.0
 11
1420.519675465764
 21
1692.658660045573
 31
0.0
  0
MTEXT
  5
163F
330
1219
100
AcDbEntity
  8
OLCU (BEYKENT)
 62
     7
440
 16777216
370
    20
100
AcDbMText
 10
1425.019675465764
 20
1697.720558257402
 30
0.0
 40
12.0
 41
0.0
 46
0.0
 71
     5
 72
     1
  1
\A1;15
  7
YAZI (BEYKENT)
 73
     1
 44
1.0
  0
POINT
  5
1640
330
1219
100
AcDbEntity
  8
Defpoints
 62
     0
440
 16777216
100
AcDbPoint
 10
1417.519675465764
 20
1709.658660045573
 30
0.0
  0
POINT
  5
1641
330
1219
100
AcDbEntity
  8
Defpoints
 62
     0
440
 16777216
100
AcDbPoint
 10
1432.519675465764
 20
1709.658660045573
 30
0.0
  0
POINT
  5
1642
330
1219
100
AcDbEntity
  8
Defpoints
 62
     0
440
 16777216
100
AcDbPoint
 10
1432.519675465764
 20
1689.658660045573
 30
0.0
  0
ENDBLK
  5
121B
330
1219
100
AcDbEntity
  8
0
100
AcDbBlockEnd
  0
BLOCK
  5
1226
330
1225
100
AcDbEntity
  8
0
100
AcDbBlockBegin
  2
*D133
 70
     1
 10
0.0
 20
0.0
 30
0.0
  3
*D133
  1

  0
LINE
  5
1643
330
1225
100
AcDbEntity
  8
OLCU (BEYKENT)
 62
     0
440
 16777216
370
    -2
100
AcDbLine
 10
1432.519675465764
 20
1706.658660045573
 30
0.0
 11
1432.519675465764
 21
1689.478660045573
 31
0.0
  0
LINE
  5
1644
330
1225
100
AcDbEntity
  8
OLCU (BEYKENT)
 62
     0
440
 16777216
370
    -2
100
AcDbLine
 10
1467.519675465764
 20
1706.658660045573
 30
0.0
 11
1467.519675465764
 21
1689.478660045573
 31
0.0
  0
LINE
  5
1645
330
1225
100
AcDbEntity
  8
OLCU (BEYKENT)
 62
     0
440
 16777216
370
    -2
100
AcDbLine
 10
1432.519675465764
 20
1689.658660045573
 30
0.0
 11
1467.519675465764
 21
1689.658660045573
 31
0.0
  0
LINE
  5
1646
330
1225
100
AcDbEntity
  8
OLCU (BEYKENT)
 62
     0
440
 16777216
370
    -2
100
AcDbLine
 10
1464.519675465764
 20
1686.658660045573
 30
0.0
 11
1470.519675465764
 21
1692.658660045573
 31
0.0
  0
LINE
  5
1647
330
1225
100
AcDbEntity
  8
OLCU (BEYKENT)
 62
     0
440
 16777216
370
    -2
100
AcDbLine
 10
1429.519675465764
 20
1686.658660045573
 30
0.0
 11
1435.519675465764
 21
1692.658660045573
 31
0.0
  0
MTEXT
  5
1648
330
1225
100
AcDbEntity
  8
OLCU (BEYKENT)
 62
     7
440
 16777216
370
    20
100
AcDbMText
 10
1450.019675465764
 20
1697.782456469232
 30
0.0
 40
12.0
 41
0.0
 46
0.0
 71
     5
 72
     1
  1
\A1;35
  7
YAZI (BEYKENT)
 73
     1
 44
1.0
  0
POINT
  5
1649
330
1225
100
AcDbEntity
  8
Defpoints
 62
     0
440
 16777216
100
AcDbPoint
 10
1432.519675465764
 20
1709.658660045573
 30
0.0
  0
POINT
  5
164A
330
1225
100
AcDbEntity
  8
Defpoints
 62
     0
440
 16777216
100
AcDbPoint
 10
1467.519675465764
 20
1709.658660045573
 30
0.0
  0
POINT
  5
164B
330
1225
100
AcDbEntity
  8
Defpoints
 62
     0
440
 16777216
100
AcDbPoint
 10
1467.519675465764
 20
1689.658660045573
 30
0.0
  0
ENDBLK
  5
1227
330
1225
100
AcDbEntity
  8
0
100
AcDbBlockEnd
  0
BLOCK
  5
1232
330
1231
100
AcDbEntity
  8
0
100
AcDbBlockBegin
  2
*D134
 70
     1
 10
0.0
 20
0.0
 30
0.0
  3
*D134
  1

  0
LINE
  5
164C
330
1231
100
AcDbEntity
  8
OLCU (BEYKENT)
 62
     0
440
 16777216
370
    -2
100
AcDbLine
 10
1417.519675465764
 20
1706.658660045573
 30
0.0
 11
1417.519675465764
 21
1669.478660045573
 31
0.0
  0
LINE
  5
164D
330
1231
100
AcDbEntity
  8
OLCU (BEYKENT)
 62
     0
440
 16777216
370
    -2
100
AcDbLine
 10
1467.519675465764
 20
1706.658660045573
 30
0.0
 11
1467.519675465764
 21
1669.478660045573
 31
0.0
  0
LINE
  5
164E
330
1231
100
AcDbEntity
  8
OLCU (BEYKENT)
 62
     0
440
 16777216
370
    -2
100
AcDbLine
 10
1417.519675465764
 20
1669.658660045573
 30
0.0
 11
1467.519675465764
 21
1669.658660045573
 31
0.0
  0
LINE
  5
164F
330
1231
100
AcDbEntity
  8
OLCU (BEYKENT)
 62
     0
440
 16777216
370
    -2
100
AcDbLine
 10
1464.519675465764
 20
1666.658660045573
 30
0.0
 11
1470.519675465764
 21
1672.658660045573
 31
0.0
  0
LINE
  5
1650
330
1231
100
AcDbEntity
  8
OLCU (BEYKENT)
 62
     0
440
 16777216
370
    -2
100
AcDbLine
 10
1414.519675465764
 20
1666.658660045573
 30
0.0
 11
1420.519675465764
 21
1672.658660045573
 31
0.0
  0
MTEXT
  5
1651
330
1231
100
AcDbEntity
  8
OLCU (BEYKENT)
 62
     7
440
 16777216
370
    20
100
AcDbMText
 10
1442.519675465764
 20
1677.782456469232
 30
0.0
 40
12.0
 41
0.0
 46
0.0
 71
     5
 72
     1
  1
\A1;50
  7
YAZI (BEYKENT)
 73
     1
 44
1.0
  0
POINT
  5
1652
330
1231
100
AcDbEntity
  8
Defpoints
 62
     0
440
 16777216
100
AcDbPoint
 10
1417.519675465764
 20
1709.658660045573
 30
0.0
  0
POINT
  5
1653
330
1231
100
AcDbEntity
  8
Defpoints
 62
     0
440
 16777216
100
AcDbPoint
 10
1467.519675465764
 20
1709.658660045573
 30
0.0
  0
POINT
  5
1654
330
1231
100
AcDbEntity
  8
Defpoints
 62
     0
440
 16777216
100
AcDbPoint
 10
1467.519675465764
 20
1669.658660045573
 30
0.0
  0
ENDBLK
  5
1233
330
1231
100
AcDbEntity
  8
0
100
AcDbBlockEnd
  0
BLOCK
  5
123E
330
123D
100
AcDbEntity
  8
0
100
AcDbBlockBegin
  2
*D135
 70
     1
 10
0.0
 20
0.0
 30
0.0
  3
*D135
  1

  0
LINE
  5
1655
330
123D
100
AcDbEntity
  8
OLCU (BEYKENT)
 62
     0
440
 16777216
370
    -2
100
AcDbLine
 10
1417.519675465764
 20
1406.658560045572
 30
0.0
 11
1417.519675465764
 21
1389.478560045572
 31
0.0
  0
LINE
  5
1656
330
123D
100
AcDbEntity
  8
OLCU (BEYKENT)
 62
     0
440
 16777216
370
    -2
100
AcDbLine
 10
1432.519675465764
 20
1406.658560045572
 30
0.0
 11
1432.519675465764
 21
1389.478560045572
 31
0.0
  0
LINE
  5
1657
330
123D
100
AcDbEntity
  8
OLCU (BEYKENT)
 62
     0
440
 16777216
370
    -2
100
AcDbLine
 10
1417.519675465764
 20
1389.658560045572
 30
0.0
 11
1432.519675465764
 21
1389.658560045572
 31
0.0
  0
LINE
  5
1658
330
123D
100
AcDbEntity
  8
OLCU (BEYKENT)
 62
     0
440
 16777216
370
    -2
100
AcDbLine
 10
1429.519675465764
 20
1386.658560045572
 30
0.0
 11
1435.519675465764
 21
1392.658560045572
 31
0.0
  0
LINE
  5
1659
330
123D
100
AcDbEntity
  8
OLCU (BEYKENT)
 62
     0
440
 16777216
370
    -2
100
AcDbLine
 10
1414.519675465764
 20
1386.658560045572
 30
0.0
 11
1420.519675465764
 21
1392.658560045572
 31
0.0
  0
MTEXT
  5
165A
330
123D
100
AcDbEntity
  8
OLCU (BEYKENT)
 62
     7
440
 16777216
370
    20
100
AcDbMText
 10
1425.019675465764
 20
1397.720458257401
 30
0.0
 40
12.0
 41
0.0
 46
0.0
 71
     5
 72
     1
  1
\A1;15
  7
YAZI (BEYKENT)
 73
     1
 44
1.0
  0
POINT
  5
165B
330
123D
100
AcDbEntity
  8
Defpoints
 62
     0
440
 16777216
100
AcDbPoint
 10
1417.519675465764
 20
1409.658560045572
 30
0.0
  0
POINT
  5
165C
330
123D
100
AcDbEntity
  8
Defpoints
 62
     0
440
 16777216
100
AcDbPoint
 10
1432.519675465764
 20
1409.658560045572
 30
0.0
  0
POINT
  5
165D
330
123D
100
AcDbEntity
  8
Defpoints
 62
     0
440
 16777216
100
AcDbPoint
 10
1432.519675465764
 20
1389.658560045572
 30
0.0
  0
ENDBLK
  5
123F
330
123D
100
AcDbEntity
  8
0
100
AcDbBlockEnd
  0
BLOCK
  5
124A
330
1249
100
AcDbEntity
  8
0
100
AcDbBlockBegin
  2
*D136
 70
     1
 10
0.0
 20
0.0
 30
0.0
  3
*D136
  1

  0
LINE
  5
165E
330
1249
100
AcDbEntity
  8
OLCU (BEYKENT)
 62
     0
440
 16777216
370
    -2
100
AcDbLine
 10
1432.519675465764
 20
1406.658560045572
 30
0.0
 11
1432.519675465764
 21
1389.478560045572
 31
0.0
  0
LINE
  5
165F
330
1249
100
AcDbEntity
  8
OLCU (BEYKENT)
 62
     0
440
 16777216
370
    -2
100
AcDbLine
 10
1467.519675465764
 20
1406.658560045572
 30
0.0
 11
1467.519675465764
 21
1389.478560045572
 31
0.0
  0
LINE
  5
1660
330
1249
100
AcDbEntity
  8
OLCU (BEYKENT)
 62
     0
440
 16777216
370
    -2
100
AcDbLine
 10
1432.519675465764
 20
1389.658560045572
 30
0.0
 11
1467.519675465764
 21
1389.658560045572
 31
0.0
  0
LINE
  5
1661
330
1249
100
AcDbEntity
  8
OLCU (BEYKENT)
 62
     0
440
 16777216
370
    -2
100
AcDbLine
 10
1464.519675465764
 20
1386.658560045572
 30
0.0
 11
1470.519675465764
 21
1392.658560045572
 31
0.0
  0
LINE
  5
1662
330
1249
100
AcDbEntity
  8
OLCU (BEYKENT)
 62
     0
440
 16777216
370
    -2
100
AcDbLine
 10
1429.519675465764
 20
1386.658560045572
 30
0.0
 11
1435.519675465764
 21
1392.658560045572
 31
0.0
  0
MTEXT
  5
1663
330
1249
100
AcDbEntity
  8
OLCU (BEYKENT)
 62
     7
440
 16777216
370
    20
100
AcDbMText
 10
1450.019675465764
 20
1397.782356469231
 30
0.0
 40
12.0
 41
0.0
 46
0.0
 71
     5
 72
     1
  1
\A1;35
  7
YAZI (BEYKENT)
 73
     1
 44
1.0
  0
POINT
  5
1664
330
1249
100
AcDbEntity
  8
Defpoints
 62
     0
440
 16777216
100
AcDbPoint
 10
1432.519675465764
 20
1409.658560045572
 30
0.0
  0
POINT
  5
1665
330
1249
100
AcDbEntity
  8
Defpoints
 62
     0
440
 16777216
100
AcDbPoint
 10
1467.519675465764
 20
1409.658560045572
 30
0.0
  0
POINT
  5
1666
330
1249
100
AcDbEntity
  8
Defpoints
 62
     0
440
 16777216
100
AcDbPoint
 10
1467.519675465764
 20
1389.658560045572
 30
0.0
  0
ENDBLK
  5
124B
330
1249
100
AcDbEntity
  8
0
100
AcDbBlockEnd
  0
BLOCK
  5
1256
330
1255
100
AcDbEntity
  8
0
100
AcDbBlockBegin
  2
*D137
 70
     1
 10
0.0
 20
0.0
 30
0.0
  3
*D137
  1

  0
LINE
  5
1667
330
1255
100
AcDbEntity
  8
OLCU (BEYKENT)
 62
     0
440
 16777216
370
    -2
100
AcDbLine
 10
1417.519675465764
 20
1406.658560045572
 30
0.0
 11
1417.519675465764
 21
1369.478560045572
 31
0.0
  0
LINE
  5
1668
330
1255
100
AcDbEntity
  8
OLCU (BEYKENT)
 62
     0
440
 16777216
370
    -2
100
AcDbLine
 10
1467.519675465764
 20
1406.658560045572
 30
0.0
 11
1467.519675465764
 21
1369.478560045572
 31
0.0
  0
LINE
  5
1669
330
1255
100
AcDbEntity
  8
OLCU (BEYKENT)
 62
     0
440
 16777216
370
    -2
100
AcDbLine
 10
1417.519675465764
 20
1369.658560045572
 30
0.0
 11
1467.519675465764
 21
1369.658560045572
 31
0.0
  0
LINE
  5
166A
330
1255
100
AcDbEntity
  8
OLCU (BEYKENT)
 62
     0
440
 16777216
370
    -2
100
AcDbLine
 10
1464.519675465764
 20
1366.658560045572
 30
0.0
 11
1470.519675465764
 21
1372.658560045572
 31
0.0
  0
LINE
  5
166B
330
1255
100
AcDbEntity
  8
OLCU (BEYKENT)
 62
     0
440
 16777216
370
    -2
100
AcDbLine
 10
1414.519675465764
 20
1366.658560045572
 30
0.0
 11
1420.519675465764
 21
1372.658560045572
 31
0.0
  0
MTEXT
  5
166C
330
1255
100
AcDbEntity
  8
OLCU (BEYKENT)
 62
     7
440
 16777216
370
    20
100
AcDbMText
 10
1442.519675465764
 20
1377.782356469231
 30
0.0
 40
12.0
 41
0.0
 46
0.0
 71
     5
 72
     1
  1
\A1;50
  7
YAZI (BEYKENT)
 73
     1
 44
1.0
  0
POINT
  5
166D
330
1255
100
AcDbEntity
  8
Defpoints
 62
     0
440
 16777216
100
AcDbPoint
 10
1417.519675465764
 20
1409.658560045572
 30
0.0
  0
POINT
  5
166E
330
1255
100
AcDbEntity
  8
Defpoints
 62
     0
440
 16777216
100
AcDbPoint
 10
1467.519675465764
 20
1409.658560045572
 30
0.0
  0
POINT
  5
166F
330
1255
100
AcDbEntity
  8
Defpoints
 62
     0
440
 16777216
100
AcDbPoint
 10
1467.519675465764
 20
1369.658560045572
 30
0.0
  0
ENDBLK
  5
1257
330
1255
100
AcDbEntity
  8
0
100
AcDbBlockEnd
  0
BLOCK
  5
1262
330
1261
100
AcDbEntity
  8
0
100
AcDbBlockBegin
  2
*D138
 70
     1
 10
0.0
 20
0.0
 30
0.0
  3
*D138
  1

  0
LINE
  5
1670
330
1261
100
AcDbEntity
  8
OLCU (BEYKENT)
 62
     0
440
 16777216
370
    -2
100
AcDbLine
 10
1417.519675465764
 20
967.658560045572
 30
0.0
 11
1417.519675465764
 21
984.8385600455721
 31
0.0
  0
LINE
  5
1671
330
1261
100
AcDbEntity
  8
OLCU (BEYKENT)
 62
     0
440
 16777216
370
    -2
100
AcDbLine
 10
1432.519675465764
 20
967.658560045572
 30
0.0
 11
1432.519675465764
 21
984.8385600455721
 31
0.0
  0
LINE
  5
1672
330
1261
100
AcDbEntity
  8
OLCU (BEYKENT)
 62
     0
440
 16777216
370
    -2
100
AcDbLine
 10
1417.519675465764
 20
984.6585600455719
 30
0.0
 11
1432.519675465764
 21
984.6585600455719
 31
0.0
  0
LINE
  5
1673
330
1261
100
AcDbEntity
  8
OLCU (BEYKENT)
 62
     0
440
 16777216
370
    -2
100
AcDbLine
 10
1429.519675465764
 20
981.6585600455718
 30
0.0
 11
1435.519675465764
 21
987.6585600455721
 31
0.0
  0
LINE
  5
1674
330
1261
100
AcDbEntity
  8
OLCU (BEYKENT)
 62
     0
440
 16777216
370
    -2
100
AcDbLine
 10
1414.519675465764
 20
981.6585600455718
 30
0.0
 11
1420.519675465764
 21
987.6585600455721
 31
0.0
  0
MTEXT
  5
1675
330
1261
100
AcDbEntity
  8
OLCU (BEYKENT)
 62
     7
440
 16777216
370
    20
100
AcDbMText
 10
1425.019675465764
 20
992.7204582574011
 30
0.0
 40
12.0
 41
0.0
 46
0.0
 71
     5
 72
     1
  1
\A1;15
  7
YAZI (BEYKENT)
 73
     1
 44
1.0
  0
POINT
  5
1676
330
1261
100
AcDbEntity
  8
Defpoints
 62
     0
440
 16777216
100
AcDbPoint
 10
1417.519675465764
 20
964.6585600455718
 30
0.0
  0
POINT
  5
1677
330
1261
100
AcDbEntity
  8
Defpoints
 62
     0
440
 16777216
100
AcDbPoint
 10
1432.519675465764
 20
964.6585600455718
 30
0.0
  0
POINT
  5
1678
330
1261
100
AcDbEntity
  8
Defpoints
 62
     0
440
 16777216
100
AcDbPoint
 10
1432.519675465764
 20
984.6585600455719
 30
0.0
  0
ENDBLK
  5
1263
330
1261
100
AcDbEntity
  8
0
100
AcDbBlockEnd
  0
BLOCK
  5
126E
330
126D
100
AcDbEntity
  8
0
100
AcDbBlockBegin
  2
*D139
 70
     1
 10
0.0
 20
0.0
 30
0.0
  3
*D139
  1

  0
LINE
  5
1679
330
126D
100
AcDbEntity
  8
OLCU (BEYKENT)
 62
     0
440
 16777216
370
    -2
100
AcDbLine
 10
1432.519675465764
 20
967.658560045572
 30
0.0
 11
1432.519675465764
 21
984.8385600455721
 31
0.0
  0
LINE
  5
167A
330
126D
100
AcDbEntity
  8
OLCU (BEYKENT)
 62
     0
440
 16777216
370
    -2
100
AcDbLine
 10
1467.519675465764
 20
967.658560045572
 30
0.0
 11
1467.519675465764
 21
984.8385600455721
 31
0.0
  0
LINE
  5
167B
330
126D
100
AcDbEntity
  8
OLCU (BEYKENT)
 62
     0
440
 16777216
370
    -2
100
AcDbLine
 10
1432.519675465764
 20
984.6585600455719
 30
0.0
 11
1467.519675465764
 21
984.6585600455719
 31
0.0
  0
LINE
  5
167C
330
126D
100
AcDbEntity
  8
OLCU (BEYKENT)
 62
     0
440
 16777216
370
    -2
100
AcDbLine
 10
1464.519675465764
 20
981.6585600455718
 30
0.0
 11
1470.519675465764
 21
987.6585600455721
 31
0.0
  0
LINE
  5
167D
330
126D
100
AcDbEntity
  8
OLCU (BEYKENT)
 62
     0
440
 16777216
370
    -2
100
AcDbLine
 10
1429.519675465764
 20
981.6585600455718
 30
0.0
 11
1435.519675465764
 21
987.6585600455721
 31
0.0
  0
MTEXT
  5
167E
330
126D
100
AcDbEntity
  8
OLCU (BEYKENT)
 62
     7
440
 16777216
370
    20
100
AcDbMText
 10
1450.019675465764
 20
992.7823564692307
 30
0.0
 40
12.0
 41
0.0
 46
0.0
 71
     5
 72
     1
  1
\A1;35
  7
YAZI (BEYKENT)
 73
     1
 44
1.0
  0
POINT
  5
167F
330
126D
100
AcDbEntity
  8
Defpoints
 62
     0
440
 16777216
100
AcDbPoint
 10
1432.519675465764
 20
964.6585600455718
 30
0.0
  0
POINT
  5
1680
330
126D
100
AcDbEntity
  8
Defpoints
 62
     0
440
 16777216
100
AcDbPoint
 10
1467.519675465764
 20
964.6585600455718
 30
0.0
  0
POINT
  5
1681
330
126D
100
AcDbEntity
  8
Defpoints
 62
     0
440
 16777216
100
AcDbPoint
 10
1467.519675465764
 20
984.6585600455719
 30
0.0
  0
ENDBLK
  5
126F
330
126D
100
AcDbEntity
  8
0
100
AcDbBlockEnd
  0
BLOCK
  5
127A
330
1279
100
AcDbEntity
  8
0
100
AcDbBlockBegin
  2
*D140
 70
     1
 10
0.0
 20
0.0
 30
0.0
  3
*D140
  1

  0
LINE
  5
1682
330
1279
100
AcDbEntity
  8
OLCU (BEYKENT)
 62
     0
440
 16777216
370
    -2
100
AcDbLine
 10
1417.519675465764
 20
967.658560045572
 30
0.0
 11
1417.519675465764
 21
1004.838560045572
 31
0.0
  0
LINE
  5
1683
330
1279
100
AcDbEntity
  8
OLCU (BEYKENT)
 62
     0
440
 16777216
370
    -2
100
AcDbLine
 10
1467.519675465764
 20
967.658560045572
 30
0.0
 11
1467.519675465764
 21
1004.838560045572
 31
0.0
  0
LINE
  5
1684
330
1279
100
AcDbEntity
  8
OLCU (BEYKENT)
 62
     0
440
 16777216
370
    -2
100
AcDbLine
 10
1417.519675465764
 20
1004.658560045572
 30
0.0
 11
1467.519675465764
 21
1004.658560045572
 31
0.0
  0
LINE
  5
1685
330
1279
100
AcDbEntity
  8
OLCU (BEYKENT)
 62
     0
440
 16777216
370
    -2
100
AcDbLine
 10
1464.519675465764
 20
1001.658560045572
 30
0.0
 11
1470.519675465764
 21
1007.658560045572
 31
0.0
  0
LINE
  5
1686
330
1279
100
AcDbEntity
  8
OLCU (BEYKENT)
 62
     0
440
 16777216
370
    -2
100
AcDbLine
 10
1414.519675465764
 20
1001.658560045572
 30
0.0
 11
1420.519675465764
 21
1007.658560045572
 31
0.0
  0
MTEXT
  5
1687
330
1279
100
AcDbEntity
  8
OLCU (BEYKENT)
 62
     7
440
 16777216
370
    20
100
AcDbMText
 10
1442.519675465764
 20
1012.782356469231
 30
0.0
 40
12.0
 41
0.0
 46
0.0
 71
     5
 72
     1
  1
\A1;50
  7
YAZI (BEYKENT)
 73
     1
 44
1.0
  0
POINT
  5
1688
330
1279
100
AcDbEntity
  8
Defpoints
 62
     0
440
 16777216
100
AcDbPoint
 10
1417.519675465764
 20
964.6585600455718
 30
0.0
  0
POINT
  5
1689
330
1279
100
AcDbEntity
  8
Defpoints
 62
     0
440
 16777216
100
AcDbPoint
 10
1467.519675465764
 20
964.6585600455718
 30
0.0
  0
POINT
  5
168A
330
1279
100
AcDbEntity
  8
Defpoints
 62
     0
440
 16777216
100
AcDbPoint
 10
1467.519675465764
 20
1004.658560045572
 30
0.0
  0
ENDBLK
  5
127B
330
1279
100
AcDbEntity
  8
0
100
AcDbBlockEnd
  0
BLOCK
  5
1286
330
1285
100
AcDbEntity
  8
0
100
AcDbBlockBegin
  2
*D141
 70
     1
 10
0.0
 20
0.0
 30
0.0
  3
*D141
  1

  0
LINE
  5
168B
330
1285
100
AcDbEntity
  8
OLCU (BEYKENT)
 62
     0
440
 16777216
370
    -2
100
AcDbLine
 10
1417.519675465764
 20
2261.658560045572
 30
0.0
 11
1417.519675465764
 21
2244.478560045572
 31
0.0
  0
LINE
  5
168C
330
1285
100
AcDbEntity
  8
OLCU (BEYKENT)
 62
     0
440
 16777216
370
    -2
100
AcDbLine
 10
1432.519675465764
 20
2261.658560045572
 30
0.0
 11
1432.519675465764
 21
2244.478560045572
 31
0.0
  0
LINE
  5
168D
330
1285
100
AcDbEntity
  8
OLCU (BEYKENT)
 62
     0
440
 16777216
370
    -2
100
AcDbLine
 10
1417.519675465764
 20
2244.658560045572
 30
0.0
 11
1432.519675465764
 21
2244.658560045572
 31
0.0
  0
LINE
  5
168E
330
1285
100
AcDbEntity
  8
OLCU (BEYKENT)
 62
     0
440
 16777216
370
    -2
100
AcDbLine
 10
1429.519675465764
 20
2241.658560045572
 30
0.0
 11
1435.519675465764
 21
2247.658560045572
 31
0.0
  0
LINE
  5
168F
330
1285
100
AcDbEntity
  8
OLCU (BEYKENT)
 62
     0
440
 16777216
370
    -2
100
AcDbLine
 10
1414.519675465764
 20
2241.658560045572
 30
0.0
 11
1420.519675465764
 21
2247.658560045572
 31
0.0
  0
MTEXT
  5
1690
330
1285
100
AcDbEntity
  8
OLCU (BEYKENT)
 62
     7
440
 16777216
370
    20
100
AcDbMText
 10
1425.019675465764
 20
2252.720458257401
 30
0.0
 40
12.0
 41
0.0
 46
0.0
 71
     5
 72
     1
  1
\A1;15
  7
YAZI (BEYKENT)
 73
     1
 44
1.0
  0
POINT
  5
1691
330
1285
100
AcDbEntity
  8
Defpoints
 62
     0
440
 16777216
100
AcDbPoint
 10
1417.519675465764
 20
2264.658560045572
 30
0.0
  0
POINT
  5
1692
330
1285
100
AcDbEntity
  8
Defpoints
 62
     0
440
 16777216
100
AcDbPoint
 10
1432.519675465764
 20
2264.658560045572
 30
0.0
  0
POINT
  5
1693
330
1285
100
AcDbEntity
  8
Defpoints
 62
     0
440
 16777216
100
AcDbPoint
 10
1432.519675465764
 20
2244.658560045572
 30
0.0
  0
ENDBLK
  5
1287
330
1285
100
AcDbEntity
  8
0
100
AcDbBlockEnd
  0
BLOCK
  5
1292
330
1291
100
AcDbEntity
  8
0
100
AcDbBlockBegin
  2
*D142
 70
     1
 10
0.0
 20
0.0
 30
0.0
  3
*D142
  1

  0
LINE
  5
1694
330
1291
100
AcDbEntity
  8
OLCU (BEYKENT)
 62
     0
440
 16777216
370
    -2
100
AcDbLine
 10
1417.519675465764
 20
2526.658560045572
 30
0.0
 11
1417.519675465764
 21
2509.478560045572
 31
0.0
  0
LINE
  5
1695
330
1291
100
AcDbEntity
  8
OLCU (BEYKENT)
 62
     0
440
 16777216
370
    -2
100
AcDbLine
 10
1432.519675465764
 20
2526.658560045572
 30
0.0
 11
1432.519675465764
 21
2509.478560045572
 31
0.0
  0
LINE
  5
1696
330
1291
100
AcDbEntity
  8
OLCU (BEYKENT)
 62
     0
440
 16777216
370
    -2
100
AcDbLine
 10
1417.519675465764
 20
2509.658560045572
 30
0.0
 11
1432.519675465764
 21
2509.658560045572
 31
0.0
  0
LINE
  5
1697
330
1291
100
AcDbEntity
  8
OLCU (BEYKENT)
 62
     0
440
 16777216
370
    -2
100
AcDbLine
 10
1429.519675465764
 20
2506.658560045572
 30
0.0
 11
1435.519675465764
 21
2512.658560045572
 31
0.0
  0
LINE
  5
1698
330
1291
100
AcDbEntity
  8
OLCU (BEYKENT)
 62
     0
440
 16777216
370
    -2
100
AcDbLine
 10
1414.519675465764
 20
2506.658560045572
 30
0.0
 11
1420.519675465764
 21
2512.658560045572
 31
0.0
  0
MTEXT
  5
1699
330
1291
100
AcDbEntity
  8
OLCU (BEYKENT)
 62
     7
440
 16777216
370
    20
100
AcDbMText
 10
1425.019675465764
 20
2517.720458257401
 30
0.0
 40
12.0
 41
0.0
 46
0.0
 71
     5
 72
     1
  1
\A1;15
  7
YAZI (BEYKENT)
 73
     1
 44
1.0
  0
POINT
  5
169A
330
1291
100
AcDbEntity
  8
Defpoints
 62
     0
440
 16777216
100
AcDbPoint
 10
1417.519675465764
 20
2529.658560045572
 30
0.0
  0
POINT
  5
169B
330
1291
100
AcDbEntity
  8
Defpoints
 62
     0
440
 16777216
100
AcDbPoint
 10
1432.519675465764
 20
2529.658560045572
 30
0.0
  0
POINT
  5
169C
330
1291
100
AcDbEntity
  8
Defpoints
 62
     0
440
 16777216
100
AcDbPoint
 10
1432.519675465764
 20
2509.658560045572
 30
0.0
  0
ENDBLK
  5
1293
330
1291
100
AcDbEntity
  8
0
100
AcDbBlockEnd
  0
BLOCK
  5
129E
330
129D
100
AcDbEntity
  8
0
100
AcDbBlockBegin
  2
*D143
 70
     1
 10
0.0
 20
0.0
 30
0.0
  3
*D143
  1

  0
LINE
  5
169D
330
129D
100
AcDbEntity
  8
OLCU (BEYKENT)
 62
     0
440
 16777216
370
    -2
100
AcDbLine
 10
1417.519675465764
 20
1864.158610045571
 30
0.0
 11
1417.519675465764
 21
1846.978610045571
 31
0.0
  0
LINE
  5
169E
330
129D
100
AcDbEntity
  8
OLCU (BEYKENT)
 62
     0
440
 16777216
370
    -2
100
AcDbLine
 10
1432.519675465764
 20
1864.158610045571
 30
0.0
 11
1432.519675465764
 21
1846.978610045571
 31
0.0
  0
LINE
  5
169F
330
129D
100
AcDbEntity
  8
OLCU (BEYKENT)
 62
     0
440
 16777216
370
    -2
100
AcDbLine
 10
1417.519675465764
 20
1847.15861004557
 30
0.0
 11
1432.519675465764
 21
1847.15861004557
 31
0.0
  0
LINE
  5
16A0
330
129D
100
AcDbEntity
  8
OLCU (BEYKENT)
 62
     0
440
 16777216
370
    -2
100
AcDbLine
 10
1429.519675465764
 20
1844.15861004557
 30
0.0
 11
1435.519675465764
 21
1850.158610045571
 31
0.0
  0
LINE
  5
16A1
330
129D
100
AcDbEntity
  8
OLCU (BEYKENT)
 62
     0
440
 16777216
370
    -2
100
AcDbLine
 10
1414.519675465764
 20
1844.15861004557
 30
0.0
 11
1420.519675465764
 21
1850.158610045571
 31
0.0
  0
MTEXT
  5
16A2
330
129D
100
AcDbEntity
  8
OLCU (BEYKENT)
 62
     7
440
 16777216
370
    20
100
AcDbMText
 10
1425.019675465764
 20
1855.220508257399
 30
0.0
 40
12.0
 41
0.0
 46
0.0
 71
     5
 72
     1
  1
\A1;15
  7
YAZI (BEYKENT)
 73
     1
 44
1.0
  0
POINT
  5
16A3
330
129D
100
AcDbEntity
  8
Defpoints
 62
     0
440
 16777216
100
AcDbPoint
 10
1417.519675465764
 20
1867.15861004557
 30
0.0
  0
POINT
  5
16A4
330
129D
100
AcDbEntity
  8
Defpoints
 62
     0
440
 16777216
100
AcDbPoint
 10
1432.519675465764
 20
1867.15861004557
 30
0.0
  0
POINT
  5
16A5
330
129D
100
AcDbEntity
  8
Defpoints
 62
     0
440
 16777216
100
AcDbPoint
 10
1432.519675465764
 20
1847.15861004557
 30
0.0
  0
ENDBLK
  5
129F
330
129D
100
AcDbEntity
  8
0
100
AcDbBlockEnd
  0
BLOCK
  5
12AA
330
12A9
100
AcDbEntity
  8
0
100
AcDbBlockBegin
  2
*D144
 70
     1
 10
0.0
 20
0.0
 30
0.0
  3
*D144
  1

  0
LINE
  5
16A6
330
12A9
100
AcDbEntity
  8
OLCU (BEYKENT)
 62
     0
440
 16777216
370
    -2
100
AcDbLine
 10
1417.519675465764
 20
1574.158610045571
 30
0.0
 11
1417.519675465764
 21
1556.97861004557
 31
0.0
  0
LINE
  5
16A7
330
12A9
100
AcDbEntity
  8
OLCU (BEYKENT)
 62
     0
440
 16777216
370
    -2
100
AcDbLine
 10
1432.519675465764
 20
1574.158610045571
 30
0.0
 11
1432.519675465764
 21
1556.97861004557
 31
0.0
  0
LINE
  5
16A8
330
12A9
100
AcDbEntity
  8
OLCU (BEYKENT)
 62
     0
440
 16777216
370
    -2
100
AcDbLine
 10
1417.519675465764
 20
1557.15861004557
 30
0.0
 11
1432.519675465764
 21
1557.15861004557
 31
0.0
  0
LINE
  5
16A9
330
12A9
100
AcDbEntity
  8
OLCU (BEYKENT)
 62
     0
440
 16777216
370
    -2
100
AcDbLine
 10
1429.519675465764
 20
1554.15861004557
 30
0.0
 11
1435.519675465764
 21
1560.158610045571
 31
0.0
  0
LINE
  5
16AA
330
12A9
100
AcDbEntity
  8
OLCU (BEYKENT)
 62
     0
440
 16777216
370
    -2
100
AcDbLine
 10
1414.519675465764
 20
1554.15861004557
 30
0.0
 11
1420.519675465764
 21
1560.158610045571
 31
0.0
  0
MTEXT
  5
16AB
330
12A9
100
AcDbEntity
  8
OLCU (BEYKENT)
 62
     7
440
 16777216
370
    20
100
AcDbMText
 10
1425.019675465764
 20
1565.2205082574
 30
0.0
 40
12.0
 41
0.0
 46
0.0
 71
     5
 72
     1
  1
\A1;15
  7
YAZI (BEYKENT)
 73
     1
 44
1.0
  0
POINT
  5
16AC
330
12A9
100
AcDbEntity
  8
Defpoints
 62
     0
440
 16777216
100
AcDbPoint
 10
1417.519675465764
 20
1577.158610045571
 30
0.0
  0
POINT
  5
16AD
330
12A9
100
AcDbEntity
  8
Defpoints
 62
     0
440
 16777216
100
AcDbPoint
 10
1432.519675465764
 20
1577.158610045571
 30
0.0
  0
POINT
  5
16AE
330
12A9
100
AcDbEntity
  8
Defpoints
 62
     0
440
 16777216
100
AcDbPoint
 10
1432.519675465764
 20
1557.15861004557
 30
0.0
  0
ENDBLK
  5
12AB
330
12A9
100
AcDbEntity
  8
0
100
AcDbBlockEnd
  0
BLOCK
  5
12B6
330
12B5
100
AcDbEntity
  8
0
100
AcDbBlockBegin
  2
*D145
 70
     1
 10
0.0
 20
0.0
 30
0.0
  3
*D145
  1

  0
LINE
  5
16AF
330
12B5
100
AcDbEntity
  8
OLCU (BEYKENT)
 62
     0
440
 16777216
370
    -2
100
AcDbLine
 10
1417.519675465764
 20
1181.658560045572
 30
0.0
 11
1417.519675465764
 21
1164.478560045572
 31
0.0
  0
LINE
  5
16B0
330
12B5
100
AcDbEntity
  8
OLCU (BEYKENT)
 62
     0
440
 16777216
370
    -2
100
AcDbLine
 10
1432.519675465764
 20
1181.658560045572
 30
0.0
 11
1432.519675465764
 21
1164.478560045572
 31
0.0
  0
LINE
  5
16B1
330
12B5
100
AcDbEntity
  8
OLCU (BEYKENT)
 62
     0
440
 16777216
370
    -2
100
AcDbLine
 10
1417.519675465764
 20
1164.658560045572
 30
0.0
 11
1432.519675465764
 21
1164.658560045572
 31
0.0
  0
LINE
  5
16B2
330
12B5
100
AcDbEntity
  8
OLCU (BEYKENT)
 62
     0
440
 16777216
370
    -2
100
AcDbLine
 10
1429.519675465764
 20
1161.658560045572
 30
0.0
 11
1435.519675465764
 21
1167.658560045572
 31
0.0
  0
LINE
  5
16B3
330
12B5
100
AcDbEntity
  8
OLCU (BEYKENT)
 62
     0
440
 16777216
370
    -2
100
AcDbLine
 10
1414.519675465764
 20
1161.658560045572
 30
0.0
 11
1420.519675465764
 21
1167.658560045572
 31
0.0
  0
MTEXT
  5
16B4
330
12B5
100
AcDbEntity
  8
OLCU (BEYKENT)
 62
     7
440
 16777216
370
    20
100
AcDbMText
 10
1425.019675465764
 20
1172.720458257401
 30
0.0
 40
12.0
 41
0.0
 46
0.0
 71
     5
 72
     1
  1
\A1;15
  7
YAZI (BEYKENT)
 73
     1
 44
1.0
  0
POINT
  5
16B5
330
12B5
100
AcDbEntity
  8
Defpoints
 62
     0
440
 16777216
100
AcDbPoint
 10
1417.519675465764
 20
1184.658560045572
 30
0.0
  0
POINT
  5
16B6
330
12B5
100
AcDbEntity
  8
Defpoints
 62
     0
440
 16777216
100
AcDbPoint
 10
1432.519675465764
 20
1184.658560045572
 30
0.0
  0
POINT
  5
16B7
330
12B5
100
AcDbEntity
  8
Defpoints
 62
     0
440
 16777216
100
AcDbPoint
 10
1432.519675465764
 20
1164.658560045572
 30
0.0
  0
ENDBLK
  5
12B7
330
12B5
100
AcDbEntity
  8
0
100
AcDbBlockEnd
  0
BLOCK
  5
12C2
330
12C1
100
AcDbEntity
  8
0
100
AcDbBlockBegin
  2
*D146
 70
     1
 10
0.0
 20
0.0
 30
0.0
  3
*D146
  1

  0
LINE
  5
16B8
330
12C1
100
AcDbEntity
  8
OLCU (BEYKENT)
 62
     0
440
 16777216
370
    -2
100
AcDbLine
 10
1417.519675465764
 20
916.6585600455718
 30
0.0
 11
1417.519675465764
 21
899.4785600455719
 31
0.0
  0
LINE
  5
16B9
330
12C1
100
AcDbEntity
  8
OLCU (BEYKENT)
 62
     0
440
 16777216
370
    -2
100
AcDbLine
 10
1432.519675465764
 20
916.6585600455718
 30
0.0
 11
1432.519675465764
 21
899.4785600455719
 31
0.0
  0
LINE
  5
16BA
330
12C1
100
AcDbEntity
  8
OLCU (BEYKENT)
 62
     0
440
 16777216
370
    -2
100
AcDbLine
 10
1417.519675465764
 20
899.6585600455718
 30
0.0
 11
1432.519675465764
 21
899.6585600455718
 31
0.0
  0
LINE
  5
16BB
330
12C1
100
AcDbEntity
  8
OLCU (BEYKENT)
 62
     0
440
 16777216
370
    -2
100
AcDbLine
 10
1429.519675465764
 20
896.6585600455719
 30
0.0
 11
1435.519675465764
 21
902.6585600455719
 31
0.0
  0
LINE
  5
16BC
330
12C1
100
AcDbEntity
  8
OLCU (BEYKENT)
 62
     0
440
 16777216
370
    -2
100
AcDbLine
 10
1414.519675465764
 20
896.6585600455719
 30
0.0
 11
1420.519675465764
 21
902.6585600455719
 31
0.0
  0
MTEXT
  5
16BD
330
12C1
100
AcDbEntity
  8
OLCU (BEYKENT)
 62
     7
440
 16777216
370
    20
100
AcDbMText
 10
1425.019675465764
 20
907.7204582574012
 30
0.0
 40
12.0
 41
0.0
 46
0.0
 71
     5
 72
     1
  1
\A1;15
  7
YAZI (BEYKENT)
 73
     1
 44
1.0
  0
POINT
  5
16BE
330
12C1
100
AcDbEntity
  8
Defpoints
 62
     0
440
 16777216
100
AcDbPoint
 10
1417.519675465764
 20
919.6585600455719
 30
0.0
  0
POINT
  5
16BF
330
12C1
100
AcDbEntity
  8
Defpoints
 62
     0
440
 16777216
100
AcDbPoint
 10
1432.519675465764
 20
919.6585600455719
 30
0.0
  0
POINT
  5
16C0
330
12C1
100
AcDbEntity
  8
Defpoints
 62
     0
440
 16777216
100
AcDbPoint
 10
1432.519675465764
 20
899.6585600455718
 30
0.0
  0
ENDBLK
  5
12C3
330
12C1
100
AcDbEntity
  8
0
100
AcDbBlockEnd
  0
BLOCK
  5
12CE
330
12CD
100
AcDbEntity
  8
0
100
AcDbBlockBegin
  2
*D147
 70
     1
 10
0.0
 20
0.0
 30
0.0
  3
*D147
  1

  0
LINE
  5
16C1
330
12CD
100
AcDbEntity
  8
AKS OLCU (BEYKENT)
 62
     0
440
 16777216
370
    -2
100
AcDbLine
 10
1827.519573796713
 20
2712.658560045572
 30
0.0
 11
1827.519573796713
 21
2709.838560045572
 31
0.0
  0
LINE
  5
16C2
330
12CD
100
AcDbEntity
  8
AKS OLCU (BEYKENT)
 62
     0
440
 16777216
370
    -2
100
AcDbLine
 10
4257.519573796713
 20
2712.658560045572
 30
0.0
 11
4257.519573796713
 21
2709.838560045572
 31
0.0
  0
LINE
  5
16C3
330
12CD
100
AcDbEntity
  8
AKS OLCU (BEYKENT)
 62
     0
440
 16777216
370
    -2
100
AcDbLine
 10
1827.519573796713
 20
2709.658560045572
 30
0.0
 11
4257.519573796713
 21
2709.658560045572
 31
0.0
  0
LINE
  5
16C4
330
12CD
100
AcDbEntity
  8
AKS OLCU (BEYKENT)
 62
     0
440
 16777216
370
    -2
100
AcDbLine
 10
4254.519573796713
 20
2706.658560045572
 30
0.0
 11
4260.519573796713
 21
2712.658560045572
 31
0.0
  0
LINE
  5
16C5
330
12CD
100
AcDbEntity
  8
AKS OLCU (BEYKENT)
 62
     0
440
 16777216
370
    -2
100
AcDbLine
 10
1824.519573796713
 20
2706.658560045572
 30
0.0
 11
1830.519573796713
 21
2712.658560045572
 31
0.0
  0
MTEXT
  5
16C6
330
12CD
100
AcDbEntity
  8
AKS OLCU (BEYKENT)
 62
     7
440
 16777216
100
AcDbMText
 10
3042.519573796714
 20
2717.782356469231
 30
0.0
 40
12.0
 41
0.0
 46
0.0
 71
     5
 72
     1
  1
\A1;2430
  7
YAZI (BEYKENT)
 73
     1
 44
1.0
  0
POINT
  5
16C7
330
12CD
100
AcDbEntity
  8
Defpoints
 62
     0
440
 16777216
100
AcDbPoint
 10
1827.519573796713
 20
2709.658560045572
 30
0.0
  0
POINT
  5
16C8
330
12CD
100
AcDbEntity
  8
Defpoints
 62
     0
440
 16777216
100
AcDbPoint
 10
4257.519573796713
 20
2709.658560045572
 30
0.0
  0
POINT
  5
16C9
330
12CD
100
AcDbEntity
  8
Defpoints
 62
     0
440
 16777216
100
AcDbPoint
 10
4257.519573796713
 20
2709.658560045572
 30
0.0
  0
ENDBLK
  5
12CF
330
12CD
100
AcDbEntity
  8
0
100
AcDbBlockEnd
  0
BLOCK
  5
12DA
330
12D9
100
AcDbEntity
  8
0
100
AcDbBlockBegin
  2
*D148
 70
     1
 10
0.0
 20
0.0
 30
0.0
  3
*D148
  1

  0
LINE
  5
16CA
330
12D9
100
AcDbEntity
  8
AKS OLCU (BEYKENT)
 62
     0
440
 16777216
370
    -2
100
AcDbLine
 10
1827.519573796713
 20
2692.658560045572
 30
0.0
 11
1827.519573796713
 21
2689.838560051974
 31
0.0
  0
LINE
  5
16CB
330
12D9
100
AcDbEntity
  8
AKS OLCU (BEYKENT)
 62
     0
440
 16777216
370
    -2
100
AcDbLine
 10
2122.519573803116
 20
2692.658560051976
 30
0.0
 11
2122.519573803116
 21
2689.838560051974
 31
0.0
  0
LINE
  5
16CC
330
12D9
100
AcDbEntity
  8
AKS OLCU (BEYKENT)
 62
     0
440
 16777216
370
    -2
100
AcDbLine
 10
1827.519573796713
 20
2689.658560051976
 30
0.0
 11
2122.519573803116
 21
2689.658560051976
 31
0.0
  0
LINE
  5
16CD
330
12D9
100
AcDbEntity
  8
AKS OLCU (BEYKENT)
 62
     0
440
 16777216
370
    -2
100
AcDbLine
 10
2119.519573803116
 20
2686.658560051975
 30
0.0
 11
2125.519573803116
 21
2692.658560051976
 31
0.0
  0
LINE
  5
16CE
330
12D9
100
AcDbEntity
  8
AKS OLCU (BEYKENT)
 62
     0
440
 16777216
370
    -2
100
AcDbLine
 10
1824.519573796713
 20
2686.658560051975
 30
0.0
 11
1830.519573796713
 21
2692.658560051976
 31
0.0
  0
MTEXT
  5
16CF
330
12D9
100
AcDbEntity
  8
AKS OLCU (BEYKENT)
 62
     7
440
 16777216
100
AcDbMText
 10
1975.019573799914
 20
2697.782356475634
 30
0.0
 40
12.0
 41
0.0
 46
0.0
 71
     5
 72
     1
  1
\A1;295
  7
YAZI (BEYKENT)
 73
     1
 44
1.0
  0
POINT
  5
16D0
330
12D9
100
AcDbEntity
  8
Defpoints
 62
     0
440
 16777216
100
AcDbPoint
 10
1827.519573796713
 20
2689.658560045572
 30
0.0
  0
POINT
  5
16D1
330
12D9
100
AcDbEntity
  8
Defpoints
 62
     0
440
 16777216
100
AcDbPoint
 10
2122.519573803116
 20
2689.658560051976
 30
0.0
  0
POINT
  5
16D2
330
12D9
100
AcDbEntity
  8
Defpoints
 62
     0
440
 16777216
100
AcDbPoint
 10
2122.519573803116
 20
2689.658560051976
 30
0.0
  0
ENDBLK
  5
12DB
330
12D9
100
AcDbEntity
  8
0
100
AcDbBlockEnd
  0
BLOCK
  5
12E6
330
12E5
100
AcDbEntity
  8
0
100
AcDbBlockBegin
  2
*D149
 70
     1
 10
0.0
 20
0.0
 30
0.0
  3
*D149
  1

  0
LINE
  5
16D3
330
12E5
100
AcDbEntity
  8
AKS OLCU (BEYKENT)
 62
     0
440
 16777216
370
    -2
100
AcDbLine
 10
2122.519573796713
 20
2692.658560045572
 30
0.0
 11
2122.519573796713
 21
2689.838560045572
 31
0.0
  0
LINE
  5
16D4
330
12E5
100
AcDbEntity
  8
AKS OLCU (BEYKENT)
 62
     0
440
 16777216
370
    -2
100
AcDbLine
 10
2482.519673796718
 20
2692.658560045572
 30
0.0
 11
2482.519673796718
 21
2689.838560045572
 31
0.0
  0
LINE
  5
16D5
330
12E5
100
AcDbEntity
  8
AKS OLCU (BEYKENT)
 62
     0
440
 16777216
370
    -2
100
AcDbLine
 10
2122.519573796713
 20
2689.658560045572
 30
0.0
 11
2482.519673796718
 21
2689.658560045572
 31
0.0
  0
LINE
  5
16D6
330
12E5
100
AcDbEntity
  8
AKS OLCU (BEYKENT)
 62
     0
440
 16777216
370
    -2
100
AcDbLine
 10
2479.519673796718
 20
2686.658560045572
 30
0.0
 11
2485.519673796718
 21
2692.658560045572
 31
0.0
  0
LINE
  5
16D7
330
12E5
100
AcDbEntity
  8
AKS OLCU (BEYKENT)
 62
     0
440
 16777216
370
    -2
100
AcDbLine
 10
2119.519573796713
 20
2686.658560045572
 30
0.0
 11
2125.519573796713
 21
2692.658560045572
 31
0.0
  0
MTEXT
  5
16D8
330
12E5
100
AcDbEntity
  8
AKS OLCU (BEYKENT)
 62
     7
440
 16777216
100
AcDbMText
 10
2302.519623796716
 20
2697.782356469231
 30
0.0
 40
12.0
 41
0.0
 46
0.0
 71
     5
 72
     1
  1
\A1;360
  7
YAZI (BEYKENT)
 73
     1
 44
1.0
  0
POINT
  5
16D9
330
12E5
100
AcDbEntity
  8
Defpoints
 62
     0
440
 16777216
100
AcDbPoint
 10
2122.519573796713
 20
2689.658560045572
 30
0.0
  0
POINT
  5
16DA
330
12E5
100
AcDbEntity
  8
Defpoints
 62
     0
440
 16777216
100
AcDbPoint
 10
2482.519673796718
 20
2689.658560045572
 30
0.0
  0
POINT
  5
16DB
330
12E5
100
AcDbEntity
  8
Defpoints
 62
     0
440
 16777216
100
AcDbPoint
 10
2482.519673796718
 20
2689.658560045572
 30
0.0
  0
ENDBLK
  5
12E7
330
12E5
100
AcDbEntity
  8
0
100
AcDbBlockEnd
  0
BLOCK
  5
12F2
330
12F1
100
AcDbEntity
  8
0
100
AcDbBlockBegin
  2
*D150
 70
     1
 10
0.0
 20
0.0
 30
0.0
  3
*D150
  1

  0
LINE
  5
16DC
330
12F1
100
AcDbEntity
  8
AKS OLCU (BEYKENT)
 62
     0
440
 16777216
370
    -2
100
AcDbLine
 10
2482.519673796718
 20
2692.658560045572
 30
0.0
 11
2482.519673796718
 21
2689.838560045572
 31
0.0
  0
LINE
  5
16DD
330
12F1
100
AcDbEntity
  8
AKS OLCU (BEYKENT)
 62
     0
440
 16777216
370
    -2
100
AcDbLine
 10
2637.519573796713
 20
2692.658560045572
 30
0.0
 11
2637.519573796713
 21
2689.838560045572
 31
0.0
  0
LINE
  5
16DE
330
12F1
100
AcDbEntity
  8
AKS OLCU (BEYKENT)
 62
     0
440
 16777216
370
    -2
100
AcDbLine
 10
2482.519673796718
 20
2689.658560045572
 30
0.0
 11
2637.519573796713
 21
2689.658560045572
 31
0.0
  0
LINE
  5
16DF
330
12F1
100
AcDbEntity
  8
AKS OLCU (BEYKENT)
 62
     0
440
 16777216
370
    -2
100
AcDbLine
 10
2634.519573796714
 20
2686.658560045572
 30
0.0
 11
2640.519573796713
 21
2692.658560045572
 31
0.0
  0
LINE
  5
16E0
330
12F1
100
AcDbEntity
  8
AKS OLCU (BEYKENT)
 62
     0
440
 16777216
370
    -2
100
AcDbLine
 10
2479.519673796718
 20
2686.658560045572
 30
0.0
 11
2485.519673796718
 21
2692.658560045572
 31
0.0
  0
MTEXT
  5
16E1
330
12F1
100
AcDbEntity
  8
AKS OLCU (BEYKENT)
 62
     7
440
 16777216
100
AcDbMText
 10
2560.019623796716
 20
2697.720458257402
 30
0.0
 40
12.0
 41
0.0
 46
0.0
 71
     5
 72
     1
  1
\A1;155
  7
YAZI (BEYKENT)
 73
     1
 44
1.0
  0
POINT
  5
16E2
330
12F1
100
AcDbEntity
  8
Defpoints
 62
     0
440
 16777216
100
AcDbPoint
 10
2482.519673796718
 20
2689.658560045572
 30
0.0
  0
POINT
  5
16E3
330
12F1
100
AcDbEntity
  8
Defpoints
 62
     0
440
 16777216
100
AcDbPoint
 10
2637.519573796713
 20
2689.658560045572
 30
0.0
  0
POINT
  5
16E4
330
12F1
100
AcDbEntity
  8
Defpoints
 62
     0
440
 16777216
100
AcDbPoint
 10
2637.519573796713
 20
2689.658560045572
 30
0.0
  0
ENDBLK
  5
12F3
330
12F1
100
AcDbEntity
  8
0
100
AcDbBlockEnd
  0
BLOCK
  5
12FE
330
12FD
100
AcDbEntity
  8
0
100
AcDbBlockBegin
  2
*D151
 70
     1
 10
0.0
 20
0.0
 30
0.0
  3
*D151
  1

  0
LINE
  5
16E5
330
12FD
100
AcDbEntity
  8
AKS OLCU (BEYKENT)
 62
     0
440
 16777216
370
    -2
100
AcDbLine
 10
2637.519573796713
 20
2692.658560045572
 30
0.0
 11
2637.519573796713
 21
2689.838560045572
 31
0.0
  0
LINE
  5
16E6
330
12FD
100
AcDbEntity
  8
AKS OLCU (BEYKENT)
 62
     0
440
 16777216
370
    -2
100
AcDbLine
 10
3052.519573796713
 20
2692.658560045572
 30
0.0
 11
3052.519573796713
 21
2689.838560045572
 31
0.0
  0
LINE
  5
16E7
330
12FD
100
AcDbEntity
  8
AKS OLCU (BEYKENT)
 62
     0
440
 16777216
370
    -2
100
AcDbLine
 10
2637.519573796713
 20
2689.658560045572
 30
0.0
 11
3052.519573796713
 21
2689.658560045572
 31
0.0
  0
LINE
  5
16E8
330
12FD
100
AcDbEntity
  8
AKS OLCU (BEYKENT)
 62
     0
440
 16777216
370
    -2
100
AcDbLine
 10
3049.519573796713
 20
2686.658560045572
 30
0.0
 11
3055.519573796714
 21
2692.658560045572
 31
0.0
  0
LINE
  5
16E9
330
12FD
100
AcDbEntity
  8
AKS OLCU (BEYKENT)
 62
     0
440
 16777216
370
    -2
100
AcDbLine
 10
2634.519573796714
 20
2686.658560045572
 30
0.0
 11
2640.519573796713
 21
2692.658560045572
 31
0.0
  0
MTEXT
  5
16EA
330
12FD
100
AcDbEntity
  8
AKS OLCU (BEYKENT)
 62
     7
440
 16777216
100
AcDbMText
 10
2845.019573796714
 20
2697.720458257402
 30
0.0
 40
12.0
 41
0.0
 46
0.0
 71
     5
 72
     1
  1
\A1;415
  7
YAZI (BEYKENT)
 73
     1
 44
1.0
  0
POINT
  5
16EB
330
12FD
100
AcDbEntity
  8
Defpoints
 62
     0
440
 16777216
100
AcDbPoint
 10
2637.519573796713
 20
2689.658560045572
 30
0.0
  0
POINT
  5
16EC
330
12FD
100
AcDbEntity
  8
Defpoints
 62
     0
440
 16777216
100
AcDbPoint
 10
3052.519573796713
 20
2689.658560045572
 30
0.0
  0
POINT
  5
16ED
330
12FD
100
AcDbEntity
  8
Defpoints
 62
     0
440
 16777216
100
AcDbPoint
 10
3052.519573796713
 20
2689.658560045572
 30
0.0
  0
ENDBLK
  5
12FF
330
12FD
100
AcDbEntity
  8
0
100
AcDbBlockEnd
  0
BLOCK
  5
130A
330
1309
100
AcDbEntity
  8
0
100
AcDbBlockBegin
  2
*D152
 70
     1
 10
0.0
 20
0.0
 30
0.0
  3
*D152
  1

  0
LINE
  5
16EE
330
1309
100
AcDbEntity
  8
AKS OLCU (BEYKENT)
 62
     0
440
 16777216
370
    -2
100
AcDbLine
 10
3052.519573796713
 20
2692.658560045572
 30
0.0
 11
3052.519573796713
 21
2689.838560045572
 31
0.0
  0
LINE
  5
16EF
330
1309
100
AcDbEntity
  8
AKS OLCU (BEYKENT)
 62
     0
440
 16777216
370
    -2
100
AcDbLine
 10
3302.519573796713
 20
2692.658560045572
 30
0.0
 11
3302.519573796713
 21
2689.838560045572
 31
0.0
  0
LINE
  5
16F0
330
1309
100
AcDbEntity
  8
AKS OLCU (BEYKENT)
 62
     0
440
 16777216
370
    -2
100
AcDbLine
 10
3052.519573796713
 20
2689.658560045572
 30
0.0
 11
3302.519573796713
 21
2689.658560045572
 31
0.0
  0
LINE
  5
16F1
330
1309
100
AcDbEntity
  8
AKS OLCU (BEYKENT)
 62
     0
440
 16777216
370
    -2
100
AcDbLine
 10
3299.519573796714
 20
2686.658560045572
 30
0.0
 11
3305.519573796714
 21
2692.658560045572
 31
0.0
  0
LINE
  5
16F2
330
1309
100
AcDbEntity
  8
AKS OLCU (BEYKENT)
 62
     0
440
 16777216
370
    -2
100
AcDbLine
 10
3049.519573796713
 20
2686.658560045572
 30
0.0
 11
3055.519573796714
 21
2692.658560045572
 31
0.0
  0
MTEXT
  5
16F3
330
1309
100
AcDbEntity
  8
AKS OLCU (BEYKENT)
 62
     7
440
 16777216
100
AcDbMText
 10
3177.519573796713
 20
2697.782356469231
 30
0.0
 40
12.0
 41
0.0
 46
0.0
 71
     5
 72
     1
  1
\A1;250
  7
YAZI (BEYKENT)
 73
     1
 44
1.0
  0
POINT
  5
16F4
330
1309
100
AcDbEntity
  8
Defpoints
 62
     0
440
 16777216
100
AcDbPoint
 10
3052.519573796713
 20
2689.658560045572
 30
0.0
  0
POINT
  5
16F5
330
1309
100
AcDbEntity
  8
Defpoints
 62
     0
440
 16777216
100
AcDbPoint
 10
3302.519573796713
 20
2689.658560045572
 30
0.0
  0
POINT
  5
16F6
330
1309
100
AcDbEntity
  8
Defpoints
 62
     0
440
 16777216
100
AcDbPoint
 10
3302.519573796713
 20
2689.658560045572
 30
0.0
  0
ENDBLK
  5
130B
330
1309
100
AcDbEntity
  8
0
100
AcDbBlockEnd
  0
BLOCK
  5
1316
330
1315
100
AcDbEntity
  8
0
100
AcDbBlockBegin
  2
*D153
 70
     1
 10
0.0
 20
0.0
 30
0.0
  3
*D153
  1

  0
LINE
  5
16F7
330
1315
100
AcDbEntity
  8
AKS OLCU (BEYKENT)
 62
     0
440
 16777216
370
    -2
100
AcDbLine
 10
3302.519573796713
 20
2692.658560045572
 30
0.0
 11
3302.519573796713
 21
2689.838560045572
 31
0.0
  0
LINE
  5
16F8
330
1315
100
AcDbEntity
  8
AKS OLCU (BEYKENT)
 62
     0
440
 16777216
370
    -2
100
AcDbLine
 10
3447.519573796713
 20
2692.658560045572
 30
0.0
 11
3447.519573796713
 21
2689.838560045572
 31
0.0
  0
LINE
  5
16F9
330
1315
100
AcDbEntity
  8
AKS OLCU (BEYKENT)
 62
     0
440
 16777216
370
    -2
100
AcDbLine
 10
3302.519573796713
 20
2689.658560045572
 30
0.0
 11
3447.519573796713
 21
2689.658560045572
 31
0.0
  0
LINE
  5
16FA
330
1315
100
AcDbEntity
  8
AKS OLCU (BEYKENT)
 62
     0
440
 16777216
370
    -2
100
AcDbLine
 10
3444.519573796713
 20
2686.658560045572
 30
0.0
 11
3450.519573796714
 21
2692.658560045572
 31
0.0
  0
LINE
  5
16FB
330
1315
100
AcDbEntity
  8
AKS OLCU (BEYKENT)
 62
     0
440
 16777216
370
    -2
100
AcDbLine
 10
3299.519573796714
 20
2686.658560045572
 30
0.0
 11
3305.519573796714
 21
2692.658560045572
 31
0.0
  0
MTEXT
  5
16FC
330
1315
100
AcDbEntity
  8
AKS OLCU (BEYKENT)
 62
     7
440
 16777216
100
AcDbMText
 10
3375.019573796713
 20
2697.720458257402
 30
0.0
 40
12.0
 41
0.0
 46
0.0
 71
     5
 72
     1
  1
\A1;145
  7
YAZI (BEYKENT)
 73
     1
 44
1.0
  0
POINT
  5
16FD
330
1315
100
AcDbEntity
  8
Defpoints
 62
     0
440
 16777216
100
AcDbPoint
 10
3302.519573796713
 20
2689.658560045572
 30
0.0
  0
POINT
  5
16FE
330
1315
100
AcDbEntity
  8
Defpoints
 62
     0
440
 16777216
100
AcDbPoint
 10
3447.519573796713
 20
2689.658560045572
 30
0.0
  0
POINT
  5
16FF
330
1315
100
AcDbEntity
  8
Defpoints
 62
     0
440
 16777216
100
AcDbPoint
 10
3447.519573796713
 20
2689.658560045572
 30
0.0
  0
ENDBLK
  5
1317
330
1315
100
AcDbEntity
  8
0
100
AcDbBlockEnd
  0
BLOCK
  5
1322
330
1321
100
AcDbEntity
  8
0
100
AcDbBlockBegin
  2
*D154
 70
     1
 10
0.0
 20
0.0
 30
0.0
  3
*D154
  1

  0
LINE
  5
1700
330
1321
100
AcDbEntity
  8
AKS OLCU (BEYKENT)
 62
     0
440
 16777216
370
    -2
100
AcDbLine
 10
3447.519573796713
 20
2692.658560045572
 30
0.0
 11
3447.519573796713
 21
2689.838560045572
 31
0.0
  0
LINE
  5
1701
330
1321
100
AcDbEntity
  8
AKS OLCU (BEYKENT)
 62
     0
440
 16777216
370
    -2
100
AcDbLine
 10
3552.519573796713
 20
2692.658560045572
 30
0.0
 11
3552.519573796713
 21
2689.838560045572
 31
0.0
  0
LINE
  5
1702
330
1321
100
AcDbEntity
  8
AKS OLCU (BEYKENT)
 62
     0
440
 16777216
370
    -2
100
AcDbLine
 10
3447.519573796713
 20
2689.658560045572
 30
0.0
 11
3552.519573796713
 21
2689.658560045572
 31
0.0
  0
LINE
  5
1703
330
1321
100
AcDbEntity
  8
AKS OLCU (BEYKENT)
 62
     0
440
 16777216
370
    -2
100
AcDbLine
 10
3549.519573796714
 20
2686.658560045572
 30
0.0
 11
3555.519573796714
 21
2692.658560045572
 31
0.0
  0
LINE
  5
1704
330
1321
100
AcDbEntity
  8
AKS OLCU (BEYKENT)
 62
     0
440
 16777216
370
    -2
100
AcDbLine
 10
3444.519573796713
 20
2686.658560045572
 30
0.0
 11
3450.519573796714
 21
2692.658560045572
 31
0.0
  0
MTEXT
  5
1705
330
1321
100
AcDbEntity
  8
AKS OLCU (BEYKENT)
 62
     7
440
 16777216
100
AcDbMText
 10
3500.019573796713
 20
2697.782356469231
 30
0.0
 40
12.0
 41
0.0
 46
0.0
 71
     5
 72
     1
  1
\A1;105
  7
YAZI (BEYKENT)
 73
     1
 44
1.0
  0
POINT
  5
1706
330
1321
100
AcDbEntity
  8
Defpoints
 62
     0
440
 16777216
100
AcDbPoint
 10
3447.519573796713
 20
2689.658560045572
 30
0.0
  0
POINT
  5
1707
330
1321
100
AcDbEntity
  8
Defpoints
 62
     0
440
 16777216
100
AcDbPoint
 10
3552.519573796713
 20
2689.658560045572
 30
0.0
  0
POINT
  5
1708
330
1321
100
AcDbEntity
  8
Defpoints
 62
     0
440
 16777216
100
AcDbPoint
 10
3552.519573796713
 20
2689.658560045572
 30
0.0
  0
ENDBLK
  5
1323
330
1321
100
AcDbEntity
  8
0
100
AcDbBlockEnd
  0
BLOCK
  5
132E
330
132D
100
AcDbEntity
  8
0
100
AcDbBlockBegin
  2
*D155
 70
     1
 10
0.0
 20
0.0
 30
0.0
  3
*D155
  1

  0
LINE
  5
1709
330
132D
100
AcDbEntity
  8
AKS OLCU (BEYKENT)
 62
     0
440
 16777216
370
    -2
100
AcDbLine
 10
3552.519573796713
 20
2692.658560045572
 30
0.0
 11
3552.519573796713
 21
2689.838560045572
 31
0.0
  0
LINE
  5
170A
330
132D
100
AcDbEntity
  8
AKS OLCU (BEYKENT)
 62
     0
440
 16777216
370
    -2
100
AcDbLine
 10
3627.519573796713
 20
2692.658560045572
 30
0.0
 11
3627.519573796713
 21
2689.838560045572
 31
0.0
  0
LINE
  5
170B
330
132D
100
AcDbEntity
  8
AKS OLCU (BEYKENT)
 62
     0
440
 16777216
370
    -2
100
AcDbLine
 10
3552.519573796713
 20
2689.658560045572
 30
0.0
 11
3627.519573796713
 21
2689.658560045572
 31
0.0
  0
LINE
  5
170C
330
132D
100
AcDbEntity
  8
AKS OLCU (BEYKENT)
 62
     0
440
 16777216
370
    -2
100
AcDbLine
 10
3624.519573796714
 20
2686.658560045572
 30
0.0
 11
3630.519573796713
 21
2692.658560045572
 31
0.0
  0
LINE
  5
170D
330
132D
100
AcDbEntity
  8
AKS OLCU (BEYKENT)
 62
     0
440
 16777216
370
    -2
100
AcDbLine
 10
3549.519573796714
 20
2686.658560045572
 30
0.0
 11
3555.519573796714
 21
2692.658560045572
 31
0.0
  0
MTEXT
  5
170E
330
132D
100
AcDbEntity
  8
AKS OLCU (BEYKENT)
 62
     7
440
 16777216
100
AcDbMText
 10
3590.019573796713
 20
2697.720458257402
 30
0.0
 40
12.0
 41
0.0
 46
0.0
 71
     5
 72
     1
  1
\A1;75
  7
YAZI (BEYKENT)
 73
     1
 44
1.0
  0
POINT
  5
170F
330
132D
100
AcDbEntity
  8
Defpoints
 62
     0
440
 16777216
100
AcDbPoint
 10
3552.519573796713
 20
2689.658560045572
 30
0.0
  0
POINT
  5
1710
330
132D
100
AcDbEntity
  8
Defpoints
 62
     0
440
 16777216
100
AcDbPoint
 10
3627.519573796713
 20
2689.658560045572
 30
0.0
  0
POINT
  5
1711
330
132D
100
AcDbEntity
  8
Defpoints
 62
     0
440
 16777216
100
AcDbPoint
 10
3627.519573796713
 20
2689.658560045572
 30
0.0
  0
ENDBLK
  5
132F
330
132D
100
AcDbEntity
  8
0
100
AcDbBlockEnd
  0
BLOCK
  5
133A
330
1339
100
AcDbEntity
  8
0
100
AcDbBlockBegin
  2
*D156
 70
     1
 10
0.0
 20
0.0
 30
0.0
  3
*D156
  1

  0
LINE
  5
1712
330
1339
100
AcDbEntity
  8
AKS OLCU (BEYKENT)
 62
     0
440
 16777216
370
    -2
100
AcDbLine
 10
3627.519573796713
 20
2692.658560045572
 30
0.0
 11
3627.519573796713
 21
2689.838560045572
 31
0.0
  0
LINE
  5
1713
330
1339
100
AcDbEntity
  8
AKS OLCU (BEYKENT)
 62
     0
440
 16777216
370
    -2
100
AcDbLine
 10
3962.519573796713
 20
2692.658560045572
 30
0.0
 11
3962.519573796713
 21
2689.838560045572
 31
0.0
  0
LINE
  5
1714
330
1339
100
AcDbEntity
  8
AKS OLCU (BEYKENT)
 62
     0
440
 16777216
370
    -2
100
AcDbLine
 10
3627.519573796713
 20
2689.658560045572
 30
0.0
 11
3962.519573796713
 21
2689.658560045572
 31
0.0
  0
LINE
  5
1715
330
1339
100
AcDbEntity
  8
AKS OLCU (BEYKENT)
 62
     0
440
 16777216
370
    -2
100
AcDbLine
 10
3959.519573796713
 20
2686.658560045572
 30
0.0
 11
3965.519573796714
 21
2692.658560045572
 31
0.0
  0
LINE
  5
1716
330
1339
100
AcDbEntity
  8
AKS OLCU (BEYKENT)
 62
     0
440
 16777216
370
    -2
100
AcDbLine
 10
3624.519573796714
 20
2686.658560045572
 30
0.0
 11
3630.519573796713
 21
2692.658560045572
 31
0.0
  0
MTEXT
  5
1717
330
1339
100
AcDbEntity
  8
AKS OLCU (BEYKENT)
 62
     7
440
 16777216
100
AcDbMText
 10
3795.019573796714
 20
2697.782356469231
 30
0.0
 40
12.0
 41
0.0
 46
0.0
 71
     5
 72
     1
  1
\A1;335
  7
YAZI (BEYKENT)
 73
     1
 44
1.0
  0
POINT
  5
1718
330
1339
100
AcDbEntity
  8
Defpoints
 62
     0
440
 16777216
100
AcDbPoint
 10
3627.519573796713
 20
2689.658560045572
 30
0.0
  0
POINT
  5
1719
330
1339
100
AcDbEntity
  8
Defpoints
 62
     0
440
 16777216
100
AcDbPoint
 10
3962.519573796713
 20
2689.658560045572
 30
0.0
  0
POINT
  5
171A
330
1339
100
AcDbEntity
  8
Defpoints
 62
     0
440
 16777216
100
AcDbPoint
 10
3962.519573796713
 20
2689.658560045572
 30
0.0
  0
ENDBLK
  5
133B
330
1339
100
AcDbEntity
  8
0
100
AcDbBlockEnd
  0
BLOCK
  5
1346
330
1345
100
AcDbEntity
  8
0
100
AcDbBlockBegin
  2
*D157
 70
     1
 10
0.0
 20
0.0
 30
0.0
  3
*D157
  1

  0
LINE
  5
171B
330
1345
100
AcDbEntity
  8
AKS OLCU (BEYKENT)
 62
     0
440
 16777216
370
    -2
100
AcDbLine
 10
3962.519573796713
 20
2692.658560045572
 30
0.0
 11
3962.519573796713
 21
2689.838560045572
 31
0.0
  0
LINE
  5
171C
330
1345
100
AcDbEntity
  8
AKS OLCU (BEYKENT)
 62
     0
440
 16777216
370
    -2
100
AcDbLine
 10
4257.519573796713
 20
2692.658560045572
 30
0.0
 11
4257.519573796713
 21
2689.838560045572
 31
0.0
  0
LINE
  5
171D
330
1345
100
AcDbEntity
  8
AKS OLCU (BEYKENT)
 62
     0
440
 16777216
370
    -2
100
AcDbLine
 10
3962.519573796713
 20
2689.658560045572
 30
0.0
 11
4257.519573796713
 21
2689.658560045572
 31
0.0
  0
LINE
  5
171E
330
1345
100
AcDbEntity
  8
AKS OLCU (BEYKENT)
 62
     0
440
 16777216
370
    -2
100
AcDbLine
 10
4254.519573796713
 20
2686.658560045572
 30
0.0
 11
4260.519573796713
 21
2692.658560045572
 31
0.0
  0
LINE
  5
171F
330
1345
100
AcDbEntity
  8
AKS OLCU (BEYKENT)
 62
     0
440
 16777216
370
    -2
100
AcDbLine
 10
3959.519573796713
 20
2686.658560045572
 30
0.0
 11
3965.519573796714
 21
2692.658560045572
 31
0.0
  0
MTEXT
  5
1720
330
1345
100
AcDbEntity
  8
AKS OLCU (BEYKENT)
 62
     7
440
 16777216
100
AcDbMText
 10
4110.019573796713
 20
2697.782356469231
 30
0.0
 40
12.0
 41
0.0
 46
0.0
 71
     5
 72
     1
  1
\A1;295
  7
YAZI (BEYKENT)
 73
     1
 44
1.0
  0
POINT
  5
1721
330
1345
100
AcDbEntity
  8
Defpoints
 62
     0
440
 16777216
100
AcDbPoint
 10
3962.519573796713
 20
2689.658560045572
 30
0.0
  0
POINT
  5
1722
330
1345
100
AcDbEntity
  8
Defpoints
 62
     0
440
 16777216
100
AcDbPoint
 10
4257.519573796713
 20
2689.658560045572
 30
0.0
  0
POINT
  5
1723
330
1345
100
AcDbEntity
  8
Defpoints
 62
     0
440
 16777216
100
AcDbPoint
 10
4257.519573796713
 20
2689.658560045572
 30
0.0
  0
ENDBLK
  5
1347
330
1345
100
AcDbEntity
  8
0
100
AcDbBlockEnd
  0
BLOCK
  5
1352
330
1351
100
AcDbEntity
  8
0
100
AcDbBlockBegin
  2
*D158
 70
     1
 10
0.0
 20
0.0
 30
0.0
  3
*D158
  1

  0
LINE
  5
1724
330
1351
100
AcDbEntity
  8
AKS OLCU (BEYKENT)
 62
     0
440
 16777216
370
    -2
100
AcDbLine
 10
1827.519573796815
 20
742.6585600455719
 30
0.0
 11
1827.519573796815
 21
739.8385600455717
 31
0.0
  0
LINE
  5
1725
330
1351
100
AcDbEntity
  8
AKS OLCU (BEYKENT)
 62
     0
440
 16777216
370
    -2
100
AcDbLine
 10
4257.519573796815
 20
742.6585600455719
 30
0.0
 11
4257.519573796815
 21
739.8385600455717
 31
0.0
  0
LINE
  5
1726
330
1351
100
AcDbEntity
  8
AKS OLCU (BEYKENT)
 62
     0
440
 16777216
370
    -2
100
AcDbLine
 10
1827.519573796815
 20
739.6585600455718
 30
0.0
 11
4257.519573796815
 21
739.6585600455718
 31
0.0
  0
LINE
  5
1727
330
1351
100
AcDbEntity
  8
AKS OLCU (BEYKENT)
 62
     0
440
 16777216
370
    -2
100
AcDbLine
 10
4254.519573796815
 20
736.6585600455719
 30
0.0
 11
4260.519573796815
 21
742.6585600455719
 31
0.0
  0
LINE
  5
1728
330
1351
100
AcDbEntity
  8
AKS OLCU (BEYKENT)
 62
     0
440
 16777216
370
    -2
100
AcDbLine
 10
1824.519573796815
 20
736.6585600455719
 30
0.0
 11
1830.519573796815
 21
742.6585600455719
 31
0.0
  0
MTEXT
  5
1729
330
1351
100
AcDbEntity
  8
AKS OLCU (BEYKENT)
 62
     7
440
 16777216
100
AcDbMText
 10
3042.519573796815
 20
747.7823564692307
 30
0.0
 40
12.0
 41
0.0
 46
0.0
 71
     5
 72
     1
  1
\A1;2430
  7
YAZI (BEYKENT)
 73
     1
 44
1.0
  0
POINT
  5
172A
330
1351
100
AcDbEntity
  8
Defpoints
 62
     0
440
 16777216
100
AcDbPoint
 10
1827.519573796815
 20
739.6585600455718
 30
0.0
  0
POINT
  5
172B
330
1351
100
AcDbEntity
  8
Defpoints
 62
     0
440
 16777216
100
AcDbPoint
 10
4257.519573796815
 20
739.6585600455718
 30
0.0
  0
POINT
  5
172C
330
1351
100
AcDbEntity
  8
Defpoints
 62
     0
440
 16777216
100
AcDbPoint
 10
4257.519573796815
 20
739.6585600455718
 30
0.0
  0
ENDBLK
  5
1353
330
1351
100
AcDbEntity
  8
0
100
AcDbBlockEnd
  0
BLOCK
  5
135E
330
135D
100
AcDbEntity
  8
0
100
AcDbBlockBegin
  2
*D159
 70
     1
 10
0.0
 20
0.0
 30
0.0
  3
*D159
  1

  0
LINE
  5
172D
330
135D
100
AcDbEntity
  8
AKS OLCU (BEYKENT)
 62
     0
440
 16777216
370
    -2
100
AcDbLine
 10
1827.519573796815
 20
762.6585600455719
 30
0.0
 11
1827.519573796815
 21
759.8385600455717
 31
0.0
  0
LINE
  5
172E
330
135D
100
AcDbEntity
  8
AKS OLCU (BEYKENT)
 62
     0
440
 16777216
370
    -2
100
AcDbLine
 10
2122.519573796814
 20
762.6585600455719
 30
0.0
 11
2122.519573796814
 21
759.8385600455717
 31
0.0
  0
LINE
  5
172F
330
135D
100
AcDbEntity
  8
AKS OLCU (BEYKENT)
 62
     0
440
 16777216
370
    -2
100
AcDbLine
 10
1827.519573796815
 20
759.6585600455719
 30
0.0
 11
2122.519573796814
 21
759.6585600455719
 31
0.0
  0
LINE
  5
1730
330
135D
100
AcDbEntity
  8
AKS OLCU (BEYKENT)
 62
     0
440
 16777216
370
    -2
100
AcDbLine
 10
2119.519573796815
 20
756.6585600455717
 30
0.0
 11
2125.519573796815
 21
762.6585600455719
 31
0.0
  0
LINE
  5
1731
330
135D
100
AcDbEntity
  8
AKS OLCU (BEYKENT)
 62
     0
440
 16777216
370
    -2
100
AcDbLine
 10
1824.519573796815
 20
756.6585600455717
 30
0.0
 11
1830.519573796815
 21
762.6585600455719
 31
0.0
  0
MTEXT
  5
1732
330
135D
100
AcDbEntity
  8
AKS OLCU (BEYKENT)
 62
     7
440
 16777216
100
AcDbMText
 10
1975.019573796815
 20
767.7823564692308
 30
0.0
 40
12.0
 41
0.0
 46
0.0
 71
     5
 72
     1
  1
\A1;295
  7
YAZI (BEYKENT)
 73
     1
 44
1.0
  0
POINT
  5
1733
330
135D
100
AcDbEntity
  8
Defpoints
 62
     0
440
 16777216
100
AcDbPoint
 10
1827.519573796815
 20
759.6585600455719
 30
0.0
  0
POINT
  5
1734
330
135D
100
AcDbEntity
  8
Defpoints
 62
     0
440
 16777216
100
AcDbPoint
 10
2122.519573796814
 20
759.6585600455719
 30
0.0
  0
POINT
  5
1735
330
135D
100
AcDbEntity
  8
Defpoints
 62
     0
440
 16777216
100
AcDbPoint
 10
2122.519573796814
 20
759.6585600455719
 30
0.0
  0
ENDBLK
  5
135F
330
135D
100
AcDbEntity
  8
0
100
AcDbBlockEnd
  0
BLOCK
  5
136A
330
1369
100
AcDbEntity
  8
0
100
AcDbBlockBegin
  2
*D160
 70
     1
 10
0.0
 20
0.0
 30
0.0
  3
*D160
  1

  0
LINE
  5
1736
330
1369
100
AcDbEntity
  8
AKS OLCU (BEYKENT)
 62
     0
440
 16777216
370
    -2
100
AcDbLine
 10
2122.519573796814
 20
762.6585600455719
 30
0.0
 11
2122.519573796814
 21
759.8385600455717
 31
0.0
  0
LINE
  5
1737
330
1369
100
AcDbEntity
  8
AKS OLCU (BEYKENT)
 62
     0
440
 16777216
370
    -2
100
AcDbLine
 10
2482.51967379682
 20
762.6585600455719
 30
0.0
 11
2482.51967379682
 21
759.8385600455717
 31
0.0
  0
LINE
  5
1738
330
1369
100
AcDbEntity
  8
AKS OLCU (BEYKENT)
 62
     0
440
 16777216
370
    -2
100
AcDbLine
 10
2122.519573796814
 20
759.6585600455719
 30
0.0
 11
2482.51967379682
 21
759.6585600455719
 31
0.0
  0
LINE
  5
1739
330
1369
100
AcDbEntity
  8
AKS OLCU (BEYKENT)
 62
     0
440
 16777216
370
    -2
100
AcDbLine
 10
2479.51967379682
 20
756.6585600455717
 30
0.0
 11
2485.51967379682
 21
762.6585600455719
 31
0.0
  0
LINE
  5
173A
330
1369
100
AcDbEntity
  8
AKS OLCU (BEYKENT)
 62
     0
440
 16777216
370
    -2
100
AcDbLine
 10
2119.519573796815
 20
756.6585600455717
 30
0.0
 11
2125.519573796815
 21
762.6585600455719
 31
0.0
  0
MTEXT
  5
173B
330
1369
100
AcDbEntity
  8
AKS OLCU (BEYKENT)
 62
     7
440
 16777216
100
AcDbMText
 10
2302.519623796817
 20
767.7823564692308
 30
0.0
 40
12.0
 41
0.0
 46
0.0
 71
     5
 72
     1
  1
\A1;360
  7
YAZI (BEYKENT)
 73
     1
 44
1.0
  0
POINT
  5
173C
330
1369
100
AcDbEntity
  8
Defpoints
 62
     0
440
 16777216
100
AcDbPoint
 10
2122.519573796814
 20
759.6585600455719
 30
0.0
  0
POINT
  5
173D
330
1369
100
AcDbEntity
  8
Defpoints
 62
     0
440
 16777216
100
AcDbPoint
 10
2482.51967379682
 20
759.6585600455719
 30
0.0
  0
POINT
  5
173E
330
1369
100
AcDbEntity
  8
Defpoints
 62
     0
440
 16777216
100
AcDbPoint
 10
2482.51967379682
 20
759.6585600455719
 30
0.0
  0
ENDBLK
  5
136B
330
1369
100
AcDbEntity
  8
0
100
AcDbBlockEnd
  0
BLOCK
  5
1376
330
1375
100
AcDbEntity
  8
0
100
AcDbBlockBegin
  2
*D161
 70
     1
 10
0.0
 20
0.0
 30
0.0
  3
*D161
  1

  0
LINE
  5
173F
330
1375
100
AcDbEntity
  8
AKS OLCU (BEYKENT)
 62
     0
440
 16777216
370
    -2
100
AcDbLine
 10
2482.51967379682
 20
762.6585600455719
 30
0.0
 11
2482.51967379682
 21
759.8385600455717
 31
0.0
  0
LINE
  5
1740
330
1375
100
AcDbEntity
  8
AKS OLCU (BEYKENT)
 62
     0
440
 16777216
370
    -2
100
AcDbLine
 10
2637.519573796816
 20
762.6585600455719
 30
0.0
 11
2637.519573796816
 21
759.8385600455717
 31
0.0
  0
LINE
  5
1741
330
1375
100
AcDbEntity
  8
AKS OLCU (BEYKENT)
 62
     0
440
 16777216
370
    -2
100
AcDbLine
 10
2482.51967379682
 20
759.6585600455719
 30
0.0
 11
2637.519573796816
 21
759.6585600455719
 31
0.0
  0
LINE
  5
1742
330
1375
100
AcDbEntity
  8
AKS OLCU (BEYKENT)
 62
     0
440
 16777216
370
    -2
100
AcDbLine
 10
2634.519573796815
 20
756.6585600455717
 30
0.0
 11
2640.519573796816
 21
762.6585600455719
 31
0.0
  0
LINE
  5
1743
330
1375
100
AcDbEntity
  8
AKS OLCU (BEYKENT)
 62
     0
440
 16777216
370
    -2
100
AcDbLine
 10
2479.51967379682
 20
756.6585600455717
 30
0.0
 11
2485.51967379682
 21
762.6585600455719
 31
0.0
  0
MTEXT
  5
1744
330
1375
100
AcDbEntity
  8
AKS OLCU (BEYKENT)
 62
     7
440
 16777216
100
AcDbMText
 10
2560.019623796818
 20
767.7204582574012
 30
0.0
 40
12.0
 41
0.0
 46
0.0
 71
     5
 72
     1
  1
\A1;155
  7
YAZI (BEYKENT)
 73
     1
 44
1.0
  0
POINT
  5
1745
330
1375
100
AcDbEntity
  8
Defpoints
 62
     0
440
 16777216
100
AcDbPoint
 10
2482.51967379682
 20
759.6585600455719
 30
0.0
  0
POINT
  5
1746
330
1375
100
AcDbEntity
  8
Defpoints
 62
     0
440
 16777216
100
AcDbPoint
 10
2637.519573796816
 20
759.6585600455719
 30
0.0
  0
POINT
  5
1747
330
1375
100
AcDbEntity
  8
Defpoints
 62
     0
440
 16777216
100
AcDbPoint
 10
2637.519573796816
 20
759.6585600455719
 30
0.0
  0
ENDBLK
  5
1377
330
1375
100
AcDbEntity
  8
0
100
AcDbBlockEnd
  0
BLOCK
  5
1382
330
1381
100
AcDbEntity
  8
0
100
AcDbBlockBegin
  2
*D162
 70
     1
 10
0.0
 20
0.0
 30
0.0
  3
*D162
  1

  0
LINE
  5
1748
330
1381
100
AcDbEntity
  8
AKS OLCU (BEYKENT)
 62
     0
440
 16777216
370
    -2
100
AcDbLine
 10
2637.519573796816
 20
762.6585600455719
 30
0.0
 11
2637.519573796816
 21
759.8385600455717
 31
0.0
  0
LINE
  5
1749
330
1381
100
AcDbEntity
  8
AKS OLCU (BEYKENT)
 62
     0
440
 16777216
370
    -2
100
AcDbLine
 10
3052.519573796815
 20
762.6585600455719
 30
0.0
 11
3052.519573796815
 21
759.8385600455717
 31
0.0
  0
LINE
  5
174A
330
1381
100
AcDbEntity
  8
AKS OLCU (BEYKENT)
 62
     0
440
 16777216
370
    -2
100
AcDbLine
 10
2637.519573796816
 20
759.6585600455719
 30
0.0
 11
3052.519573796815
 21
759.6585600455719
 31
0.0
  0
LINE
  5
174B
330
1381
100
AcDbEntity
  8
AKS OLCU (BEYKENT)
 62
     0
440
 16777216
370
    -2
100
AcDbLine
 10
3049.519573796815
 20
756.6585600455717
 30
0.0
 11
3055.519573796815
 21
762.6585600455719
 31
0.0
  0
LINE
  5
174C
330
1381
100
AcDbEntity
  8
AKS OLCU (BEYKENT)
 62
     0
440
 16777216
370
    -2
100
AcDbLine
 10
2634.519573796815
 20
756.6585600455717
 30
0.0
 11
2640.519573796816
 21
762.6585600455719
 31
0.0
  0
MTEXT
  5
174D
330
1381
100
AcDbEntity
  8
AKS OLCU (BEYKENT)
 62
     7
440
 16777216
100
AcDbMText
 10
2845.019573796815
 20
767.7204582574012
 30
0.0
 40
12.0
 41
0.0
 46
0.0
 71
     5
 72
     1
  1
\A1;415
  7
YAZI (BEYKENT)
 73
     1
 44
1.0
  0
POINT
  5
174E
330
1381
100
AcDbEntity
  8
Defpoints
 62
     0
440
 16777216
100
AcDbPoint
 10
2637.519573796816
 20
759.6585600455719
 30
0.0
  0
POINT
  5
174F
330
1381
100
AcDbEntity
  8
Defpoints
 62
     0
440
 16777216
100
AcDbPoint
 10
3052.519573796815
 20
759.6585600455719
 30
0.0
  0
POINT
  5
1750
330
1381
100
AcDbEntity
  8
Defpoints
 62
     0
440
 16777216
100
AcDbPoint
 10
3052.519573796815
 20
759.6585600455719
 30
0.0
  0
ENDBLK
  5
1383
330
1381
100
AcDbEntity
  8
0
100
AcDbBlockEnd
  0
BLOCK
  5
138E
330
138D
100
AcDbEntity
  8
0
100
AcDbBlockBegin
  2
*D163
 70
     1
 10
0.0
 20
0.0
 30
0.0
  3
*D163
  1

  0
LINE
  5
1751
330
138D
100
AcDbEntity
  8
AKS OLCU (BEYKENT)
 62
     0
440
 16777216
370
    -2
100
AcDbLine
 10
3052.519573796815
 20
762.6585600455719
 30
0.0
 11
3052.519573796815
 21
759.8385600455717
 31
0.0
  0
LINE
  5
1752
330
138D
100
AcDbEntity
  8
AKS OLCU (BEYKENT)
 62
     0
440
 16777216
370
    -2
100
AcDbLine
 10
3302.519573796816
 20
762.6585600455719
 30
0.0
 11
3302.519573796816
 21
759.8385600455717
 31
0.0
  0
LINE
  5
1753
330
138D
100
AcDbEntity
  8
AKS OLCU (BEYKENT)
 62
     0
440
 16777216
370
    -2
100
AcDbLine
 10
3052.519573796815
 20
759.6585600455719
 30
0.0
 11
3302.519573796816
 21
759.6585600455719
 31
0.0
  0
LINE
  5
1754
330
138D
100
AcDbEntity
  8
AKS OLCU (BEYKENT)
 62
     0
440
 16777216
370
    -2
100
AcDbLine
 10
3299.519573796815
 20
756.6585600455717
 30
0.0
 11
3305.519573796816
 21
762.6585600455719
 31
0.0
  0
LINE
  5
1755
330
138D
100
AcDbEntity
  8
AKS OLCU (BEYKENT)
 62
     0
440
 16777216
370
    -2
100
AcDbLine
 10
3049.519573796815
 20
756.6585600455717
 30
0.0
 11
3055.519573796815
 21
762.6585600455719
 31
0.0
  0
MTEXT
  5
1756
330
138D
100
AcDbEntity
  8
AKS OLCU (BEYKENT)
 62
     7
440
 16777216
100
AcDbMText
 10
3177.519573796815
 20
767.7823564692308
 30
0.0
 40
12.0
 41
0.0
 46
0.0
 71
     5
 72
     1
  1
\A1;250
  7
YAZI (BEYKENT)
 73
     1
 44
1.0
  0
POINT
  5
1757
330
138D
100
AcDbEntity
  8
Defpoints
 62
     0
440
 16777216
100
AcDbPoint
 10
3052.519573796815
 20
759.6585600455719
 30
0.0
  0
POINT
  5
1758
330
138D
100
AcDbEntity
  8
Defpoints
 62
     0
440
 16777216
100
AcDbPoint
 10
3302.519573796816
 20
759.6585600455719
 30
0.0
  0
POINT
  5
1759
330
138D
100
AcDbEntity
  8
Defpoints
 62
     0
440
 16777216
100
AcDbPoint
 10
3302.519573796816
 20
759.6585600455719
 30
0.0
  0
ENDBLK
  5
138F
330
138D
100
AcDbEntity
  8
0
100
AcDbBlockEnd
  0
BLOCK
  5
139A
330
1399
100
AcDbEntity
  8
0
100
AcDbBlockBegin
  2
*D164
 70
     1
 10
0.0
 20
0.0
 30
0.0
  3
*D164
  1

  0
LINE
  5
175A
330
1399
100
AcDbEntity
  8
AKS OLCU (BEYKENT)
 62
     0
440
 16777216
370
    -2
100
AcDbLine
 10
3302.519573796816
 20
762.6585600455719
 30
0.0
 11
3302.519573796816
 21
759.8385600455717
 31
0.0
  0
LINE
  5
175B
330
1399
100
AcDbEntity
  8
AKS OLCU (BEYKENT)
 62
     0
440
 16777216
370
    -2
100
AcDbLine
 10
3447.519573796815
 20
762.6585600455719
 30
0.0
 11
3447.519573796815
 21
759.8385600455717
 31
0.0
  0
LINE
  5
175C
330
1399
100
AcDbEntity
  8
AKS OLCU (BEYKENT)
 62
     0
440
 16777216
370
    -2
100
AcDbLine
 10
3302.519573796816
 20
759.6585600455719
 30
0.0
 11
3447.519573796815
 21
759.6585600455719
 31
0.0
  0
LINE
  5
175D
330
1399
100
AcDbEntity
  8
AKS OLCU (BEYKENT)
 62
     0
440
 16777216
370
    -2
100
AcDbLine
 10
3444.519573796816
 20
756.6585600455717
 30
0.0
 11
3450.519573796815
 21
762.6585600455719
 31
0.0
  0
LINE
  5
175E
330
1399
100
AcDbEntity
  8
AKS OLCU (BEYKENT)
 62
     0
440
 16777216
370
    -2
100
AcDbLine
 10
3299.519573796815
 20
756.6585600455717
 30
0.0
 11
3305.519573796816
 21
762.6585600455719
 31
0.0
  0
MTEXT
  5
175F
330
1399
100
AcDbEntity
  8
AKS OLCU (BEYKENT)
 62
     7
440
 16777216
100
AcDbMText
 10
3375.019573796816
 20
767.7204582574012
 30
0.0
 40
12.0
 41
0.0
 46
0.0
 71
     5
 72
     1
  1
\A1;145
  7
YAZI (BEYKENT)
 73
     1
 44
1.0
  0
POINT
  5
1760
330
1399
100
AcDbEntity
  8
Defpoints
 62
     0
440
 16777216
100
AcDbPoint
 10
3302.519573796816
 20
759.6585600455719
 30
0.0
  0
POINT
  5
1761
330
1399
100
AcDbEntity
  8
Defpoints
 62
     0
440
 16777216
100
AcDbPoint
 10
3447.519573796815
 20
759.6585600455719
 30
0.0
  0
POINT
  5
1762
330
1399
100
AcDbEntity
  8
Defpoints
 62
     0
440
 16777216
100
AcDbPoint
 10
3447.519573796815
 20
759.6585600455719
 30
0.0
  0
ENDBLK
  5
139B
330
1399
100
AcDbEntity
  8
0
100
AcDbBlockEnd
  0
BLOCK
  5
13A6
330
13A5
100
AcDbEntity
  8
0
100
AcDbBlockBegin
  2
*D165
 70
     1
 10
0.0
 20
0.0
 30
0.0
  3
*D165
  1

  0
LINE
  5
1763
330
13A5
100
AcDbEntity
  8
AKS OLCU (BEYKENT)
 62
     0
440
 16777216
370
    -2
100
AcDbLine
 10
3447.519573796815
 20
762.6585600455719
 30
0.0
 11
3447.519573796815
 21
759.8385600455717
 31
0.0
  0
LINE
  5
1764
330
13A5
100
AcDbEntity
  8
AKS OLCU (BEYKENT)
 62
     0
440
 16777216
370
    -2
100
AcDbLine
 10
3552.519573796816
 20
762.6585600455719
 30
0.0
 11
3552.519573796816
 21
759.8385600455717
 31
0.0
  0
LINE
  5
1765
330
13A5
100
AcDbEntity
  8
AKS OLCU (BEYKENT)
 62
     0
440
 16777216
370
    -2
100
AcDbLine
 10
3447.519573796815
 20
759.6585600455719
 30
0.0
 11
3552.519573796816
 21
759.6585600455719
 31
0.0
  0
LINE
  5
1766
330
13A5
100
AcDbEntity
  8
AKS OLCU (BEYKENT)
 62
     0
440
 16777216
370
    -2
100
AcDbLine
 10
3549.519573796815
 20
756.6585600455717
 30
0.0
 11
3555.519573796816
 21
762.6585600455719
 31
0.0
  0
LINE
  5
1767
330
13A5
100
AcDbEntity
  8
AKS OLCU (BEYKENT)
 62
     0
440
 16777216
370
    -2
100
AcDbLine
 10
3444.519573796816
 20
756.6585600455717
 30
0.0
 11
3450.519573796815
 21
762.6585600455719
 31
0.0
  0
MTEXT
  5
1768
330
13A5
100
AcDbEntity
  8
AKS OLCU (BEYKENT)
 62
     7
440
 16777216
100
AcDbMText
 10
3500.019573796816
 20
767.7823564692308
 30
0.0
 40
12.0
 41
0.0
 46
0.0
 71
     5
 72
     1
  1
\A1;105
  7
YAZI (BEYKENT)
 73
     1
 44
1.0
  0
POINT
  5
1769
330
13A5
100
AcDbEntity
  8
Defpoints
 62
     0
440
 16777216
100
AcDbPoint
 10
3447.519573796815
 20
759.6585600455719
 30
0.0
  0
POINT
  5
176A
330
13A5
100
AcDbEntity
  8
Defpoints
 62
     0
440
 16777216
100
AcDbPoint
 10
3552.519573796816
 20
759.6585600455719
 30
0.0
  0
POINT
  5
176B
330
13A5
100
AcDbEntity
  8
Defpoints
 62
     0
440
 16777216
100
AcDbPoint
 10
3552.519573796816
 20
759.6585600455719
 30
0.0
  0
ENDBLK
  5
13A7
330
13A5
100
AcDbEntity
  8
0
100
AcDbBlockEnd
  0
BLOCK
  5
13B2
330
13B1
100
AcDbEntity
  8
0
100
AcDbBlockBegin
  2
*D166
 70
     1
 10
0.0
 20
0.0
 30
0.0
  3
*D166
  1

  0
LINE
  5
176C
330
13B1
100
AcDbEntity
  8
AKS OLCU (BEYKENT)
 62
     0
440
 16777216
370
    -2
100
AcDbLine
 10
3552.519573796816
 20
762.6585600455719
 30
0.0
 11
3552.519573796816
 21
759.8385600455717
 31
0.0
  0
LINE
  5
176D
330
13B1
100
AcDbEntity
  8
AKS OLCU (BEYKENT)
 62
     0
440
 16777216
370
    -2
100
AcDbLine
 10
3627.519573796816
 20
762.6585600455719
 30
0.0
 11
3627.519573796816
 21
759.8385600455717
 31
0.0
  0
LINE
  5
176E
330
13B1
100
AcDbEntity
  8
AKS OLCU (BEYKENT)
 62
     0
440
 16777216
370
    -2
100
AcDbLine
 10
3552.519573796816
 20
759.6585600455719
 30
0.0
 11
3627.519573796816
 21
759.6585600455719
 31
0.0
  0
LINE
  5
176F
330
13B1
100
AcDbEntity
  8
AKS OLCU (BEYKENT)
 62
     0
440
 16777216
370
    -2
100
AcDbLine
 10
3624.519573796816
 20
756.6585600455717
 30
0.0
 11
3630.519573796816
 21
762.6585600455719
 31
0.0
  0
LINE
  5
1770
330
13B1
100
AcDbEntity
  8
AKS OLCU (BEYKENT)
 62
     0
440
 16777216
370
    -2
100
AcDbLine
 10
3549.519573796815
 20
756.6585600455717
 30
0.0
 11
3555.519573796816
 21
762.6585600455719
 31
0.0
  0
MTEXT
  5
1771
330
13B1
100
AcDbEntity
  8
AKS OLCU (BEYKENT)
 62
     7
440
 16777216
100
AcDbMText
 10
3590.019573796816
 20
767.7204582574012
 30
0.0
 40
12.0
 41
0.0
 46
0.0
 71
     5
 72
     1
  1
\A1;75
  7
YAZI (BEYKENT)
 73
     1
 44
1.0
  0
POINT
  5
1772
330
13B1
100
AcDbEntity
  8
Defpoints
 62
     0
440
 16777216
100
AcDbPoint
 10
3552.519573796816
 20
759.6585600455719
 30
0.0
  0
POINT
  5
1773
330
13B1
100
AcDbEntity
  8
Defpoints
 62
     0
440
 16777216
100
AcDbPoint
 10
3627.519573796816
 20
759.6585600455719
 30
0.0
  0
POINT
  5
1774
330
13B1
100
AcDbEntity
  8
Defpoints
 62
     0
440
 16777216
100
AcDbPoint
 10
3627.519573796816
 20
759.6585600455719
 30
0.0
  0
ENDBLK
  5
13B3
330
13B1
100
AcDbEntity
  8
0
100
AcDbBlockEnd
  0
BLOCK
  5
13BE
330
13BD
100
AcDbEntity
  8
0
100
AcDbBlockBegin
  2
*D167
 70
     1
 10
0.0
 20
0.0
 30
0.0
  3
*D167
  1

  0
LINE
  5
1775
330
13BD
100
AcDbEntity
  8
AKS OLCU (BEYKENT)
 62
     0
440
 16777216
370
    -2
100
AcDbLine
 10
3627.519573796816
 20
762.6585600455719
 30
0.0
 11
3627.519573796816
 21
759.8385600455717
 31
0.0
  0
LINE
  5
1776
330
13BD
100
AcDbEntity
  8
AKS OLCU (BEYKENT)
 62
     0
440
 16777216
370
    -2
100
AcDbLine
 10
3962.519573796816
 20
762.6585600455719
 30
0.0
 11
3962.519573796816
 21
759.8385600455717
 31
0.0
  0
LINE
  5
1777
330
13BD
100
AcDbEntity
  8
AKS OLCU (BEYKENT)
 62
     0
440
 16777216
370
    -2
100
AcDbLine
 10
3627.519573796816
 20
759.6585600455719
 30
0.0
 11
3962.519573796816
 21
759.6585600455719
 31
0.0
  0
LINE
  5
1778
330
13BD
100
AcDbEntity
  8
AKS OLCU (BEYKENT)
 62
     0
440
 16777216
370
    -2
100
AcDbLine
 10
3959.519573796816
 20
756.6585600455717
 30
0.0
 11
3965.519573796815
 21
762.6585600455719
 31
0.0
  0
LINE
  5
1779
330
13BD
100
AcDbEntity
  8
AKS OLCU (BEYKENT)
 62
     0
440
 16777216
370
    -2
100
AcDbLine
 10
3624.519573796816
 20
756.6585600455717
 30
0.0
 11
3630.519573796816
 21
762.6585600455719
 31
0.0
  0
MTEXT
  5
177A
330
13BD
100
AcDbEntity
  8
AKS OLCU (BEYKENT)
 62
     7
440
 16777216
100
AcDbMText
 10
3795.019573796815
 20
767.7823564692308
 30
0.0
 40
12.0
 41
0.0
 46
0.0
 71
     5
 72
     1
  1
\A1;335
  7
YAZI (BEYKENT)
 73
     1
 44
1.0
  0
POINT
  5
177B
330
13BD
100
AcDbEntity
  8
Defpoints
 62
     0
440
 16777216
100
AcDbPoint
 10
3627.519573796816
 20
759.6585600455719
 30
0.0
  0
POINT
  5
177C
330
13BD
100
AcDbEntity
  8
Defpoints
 62
     0
440
 16777216
100
AcDbPoint
 10
3962.519573796816
 20
759.6585600455719
 30
0.0
  0
POINT
  5
177D
330
13BD
100
AcDbEntity
  8
Defpoints
 62
     0
440
 16777216
100
AcDbPoint
 10
3962.519573796816
 20
759.6585600455719
 30
0.0
  0
ENDBLK
  5
13BF
330
13BD
100
AcDbEntity
  8
0
100
AcDbBlockEnd
  0
BLOCK
  5
13CA
330
13C9
100
AcDbEntity
  8
0
100
AcDbBlockBegin
  2
*D168
 70
     1
 10
0.0
 20
0.0
 30
0.0
  3
*D168
  1

  0
LINE
  5
177E
330
13C9
100
AcDbEntity
  8
AKS OLCU (BEYKENT)
 62
     0
440
 16777216
370
    -2
100
AcDbLine
 10
3962.519573796816
 20
762.6585600455719
 30
0.0
 11
3962.519573796816
 21
759.8385600455717
 31
0.0
  0
LINE
  5
177F
330
13C9
100
AcDbEntity
  8
AKS OLCU (BEYKENT)
 62
     0
440
 16777216
370
    -2
100
AcDbLine
 10
4257.519573796815
 20
762.6585600455719
 30
0.0
 11
4257.519573796815
 21
759.8385600455717
 31
0.0
  0
LINE
  5
1780
330
13C9
100
AcDbEntity
  8
AKS OLCU (BEYKENT)
 62
     0
440
 16777216
370
    -2
100
AcDbLine
 10
3962.519573796816
 20
759.6585600455719
 30
0.0
 11
4257.519573796815
 21
759.6585600455719
 31
0.0
  0
LINE
  5
1781
330
13C9
100
AcDbEntity
  8
AKS OLCU (BEYKENT)
 62
     0
440
 16777216
370
    -2
100
AcDbLine
 10
4254.519573796815
 20
756.6585600455717
 30
0.0
 11
4260.519573796815
 21
762.6585600455719
 31
0.0
  0
LINE
  5
1782
330
13C9
100
AcDbEntity
  8
AKS OLCU (BEYKENT)
 62
     0
440
 16777216
370
    -2
100
AcDbLine
 10
3959.519573796816
 20
756.6585600455717
 30
0.0
 11
3965.519573796815
 21
762.6585600455719
 31
0.0
  0
MTEXT
  5
1783
330
13C9
100
AcDbEntity
  8
AKS OLCU (BEYKENT)
 62
     7
440
 16777216
100
AcDbMText
 10
4110.019573796814
 20
767.7823564692308
 30
0.0
 40
12.0
 41
0.0
 46
0.0
 71
     5
 72
     1
  1
\A1;295
  7
YAZI (BEYKENT)
 73
     1
 44
1.0
  0
POINT
  5
1784
330
13C9
100
AcDbEntity
  8
Defpoints
 62
     0
440
 16777216
100
AcDbPoint
 10
3962.519573796816
 20
759.6585600455719
 30
0.0
  0
POINT
  5
1785
330
13C9
100
AcDbEntity
  8
Defpoints
 62
     0
440
 16777216
100
AcDbPoint
 10
4257.519573796815
 20
759.6585600455719
 30
0.0
  0
POINT
  5
1786
330
13C9
100
AcDbEntity
  8
Defpoints
 62
     0
440
 16777216
100
AcDbPoint
 10
4257.519573796815
 20
759.6585600455719
 30
0.0
  0
ENDBLK
  5
13CB
330
13C9
100
AcDbEntity
  8
0
100
AcDbBlockEnd
  0
BLOCK
  5
13D6
330
13D5
100
AcDbEntity
  8
0
100
AcDbBlockBegin
  2
*D169
 70
     1
 10
0.0
 20
0.0
 30
0.0
  3
*D169
  1

  0
LINE
  5
1787
330
13D5
100
AcDbEntity
  8
AKS OLCU (BEYKENT)
 62
     0
440
 16777216
370
    -2
100
AcDbLine
 10
1665.519573796787
 20
934.6586600455735
 30
0.0
 11
1662.699573797427
 21
934.6586600455735
 31
0.0
  0
LINE
  5
1788
330
13D5
100
AcDbEntity
  8
AKS OLCU (BEYKENT)
 62
     0
440
 16777216
370
    -2
100
AcDbLine
 10
1665.519573796787
 20
2514.658660045574
 30
0.0
 11
1662.699573797427
 21
2514.658660045574
 31
0.0
  0
LINE
  5
1789
330
13D5
100
AcDbEntity
  8
AKS OLCU (BEYKENT)
 62
     0
440
 16777216
370
    -2
100
AcDbLine
 10
1662.519573797427
 20
934.6586600455735
 30
0.0
 11
1662.519573797427
 21
2514.658660045574
 31
0.0
  0
LINE
  5
178A
330
13D5
100
AcDbEntity
  8
AKS OLCU (BEYKENT)
 62
     0
440
 16777216
370
    -2
100
AcDbLine
 10
1665.519573797427
 20
2511.658660045574
 30
0.0
 11
1659.519573797427
 21
2517.658660045574
 31
0.0
  0
LINE
  5
178B
330
13D5
100
AcDbEntity
  8
AKS OLCU (BEYKENT)
 62
     0
440
 16777216
370
    -2
100
AcDbLine
 10
1665.519573797427
 20
931.6586600455734
 30
0.0
 11
1659.519573797427
 21
937.6586600455734
 31
0.0
  0
MTEXT
  5
178C
330
13D5
100
AcDbEntity
  8
AKS OLCU (BEYKENT)
 62
     7
440
 16777216
100
AcDbMText
 10
1654.395777373768
 20
1724.658660045573
 30
0.0
 40
12.0
 41
0.0
 46
0.0
 71
     5
 72
     1
  1
\A1;1580
  7
YAZI (BEYKENT)
 11
0.0000000000000001
 21
1.0
 31
0.0
 73
     1
 44
1.0
  0
POINT
  5
178D
330
13D5
100
AcDbEntity
  8
Defpoints
 62
     0
440
 16777216
100
AcDbPoint
 10
1662.519573796787
 20
934.6586600455735
 30
0.0
  0
POINT
  5
178E
330
13D5
100
AcDbEntity
  8
Defpoints
 62
     0
440
 16777216
100
AcDbPoint
 10
1662.519573796787
 20
2514.658660045574
 30
0.0
  0
POINT
  5
178F
330
13D5
100
AcDbEntity
  8
Defpoints
 62
     0
440
 16777216
100
AcDbPoint
 10
1662.519573797427
 20
2514.658660045574
 30
0.0
  0
ENDBLK
  5
13D7
330
13D5
100
AcDbEntity
  8
0
100
AcDbBlockEnd
  0
BLOCK
  5
13E2
330
13E1
100
AcDbEntity
  8
0
100
AcDbBlockBegin
  2
*D170
 70
     1
 10
0.0
 20
0.0
 30
0.0
  3
*D170
  1

  0
LINE
  5
1790
330
13E1
100
AcDbEntity
  8
AKS OLCU (BEYKENT)
 62
     0
440
 16777216
370
    -2
100
AcDbLine
 10
1685.519573796787
 20
934.6586600455735
 30
0.0
 11
1682.699573797427
 21
934.6586600455735
 31
0.0
  0
LINE
  5
1791
330
13E1
100
AcDbEntity
  8
AKS OLCU (BEYKENT)
 62
     0
440
 16777216
370
    -2
100
AcDbLine
 10
1685.519573796787
 20
1084.658660045573
 30
0.0
 11
1682.699573797427
 21
1084.658660045573
 31
0.0
  0
LINE
  5
1792
330
13E1
100
AcDbEntity
  8
AKS OLCU (BEYKENT)
 62
     0
440
 16777216
370
    -2
100
AcDbLine
 10
1682.519573797427
 20
934.6586600455735
 30
0.0
 11
1682.519573797427
 21
1084.658660045573
 31
0.0
  0
LINE
  5
1793
330
13E1
100
AcDbEntity
  8
AKS OLCU (BEYKENT)
 62
     0
440
 16777216
370
    -2
100
AcDbLine
 10
1685.519573797427
 20
1081.658660045573
 30
0.0
 11
1679.519573797427
 21
1087.658660045573
 31
0.0
  0
LINE
  5
1794
330
13E1
100
AcDbEntity
  8
AKS OLCU (BEYKENT)
 62
     0
440
 16777216
370
    -2
100
AcDbLine
 10
1685.519573797427
 20
931.6586600455734
 30
0.0
 11
1679.519573797427
 21
937.6586600455734
 31
0.0
  0
MTEXT
  5
1795
330
13E1
100
AcDbEntity
  8
AKS OLCU (BEYKENT)
 62
     7
440
 16777216
100
AcDbMText
 10
1674.395777373768
 20
1009.658660045572
 30
0.0
 40
12.0
 41
0.0
 46
0.0
 71
     5
 72
     1
  1
\A1;150
  7
YAZI (BEYKENT)
 11
0.0000000000000001
 21
1.0
 31
0.0
 73
     1
 44
1.0
  0
POINT
  5
1796
330
13E1
100
AcDbEntity
  8
Defpoints
 62
     0
440
 16777216
100
AcDbPoint
 10
1682.519573796787
 20
934.6586600455735
 30
0.0
  0
POINT
  5
1797
330
13E1
100
AcDbEntity
  8
Defpoints
 62
     0
440
 16777216
100
AcDbPoint
 10
1682.519573796787
 20
1084.658660045573
 30
0.0
  0
POINT
  5
1798
330
13E1
100
AcDbEntity
  8
Defpoints
 62
     0
440
 16777216
100
AcDbPoint
 10
1682.519573797427
 20
1084.658660045573
 30
0.0
  0
ENDBLK
  5
13E3
330
13E1
100
AcDbEntity
  8
0
100
AcDbBlockEnd
  0
BLOCK
  5
13EE
330
13ED
100
AcDbEntity
  8
0
100
AcDbBlockBegin
  2
*D171
 70
     1
 10
0.0
 20
0.0
 30
0.0
  3
*D171
  1

  0
LINE
  5
1799
330
13ED
100
AcDbEntity
  8
AKS OLCU (BEYKENT)
 62
     0
440
 16777216
370
    -2
100
AcDbLine
 10
1685.519573796787
 20
1084.658660045573
 30
0.0
 11
1682.699573797427
 21
1084.658660045573
 31
0.0
  0
LINE
  5
179A
330
13ED
100
AcDbEntity
  8
AKS OLCU (BEYKENT)
 62
     0
440
 16777216
370
    -2
100
AcDbLine
 10
1685.519573796787
 20
1298.658660045573
 30
0.0
 11
1682.699573797427
 21
1298.658660045573
 31
0.0
  0
LINE
  5
179B
330
13ED
100
AcDbEntity
  8
AKS OLCU (BEYKENT)
 62
     0
440
 16777216
370
    -2
100
AcDbLine
 10
1682.519573797427
 20
1084.658660045573
 30
0.0
 11
1682.519573797427
 21
1298.658660045573
 31
0.0
  0
LINE
  5
179C
330
13ED
100
AcDbEntity
  8
AKS OLCU (BEYKENT)
 62
     0
440
 16777216
370
    -2
100
AcDbLine
 10
1685.519573797427
 20
1295.658660045573
 30
0.0
 11
1679.519573797427
 21
1301.658660045573
 31
0.0
  0
LINE
  5
179D
330
13ED
100
AcDbEntity
  8
AKS OLCU (BEYKENT)
 62
     0
440
 16777216
370
    -2
100
AcDbLine
 10
1685.519573797427
 20
1081.658660045573
 30
0.0
 11
1679.519573797427
 21
1087.658660045573
 31
0.0
  0
MTEXT
  5
179E
330
13ED
100
AcDbEntity
  8
AKS OLCU (BEYKENT)
 62
     7
440
 16777216
100
AcDbMText
 10
1674.453549038142
 20
1191.658660045573
 30
0.0
 40
12.0
 41
0.0
 46
0.0
 71
     5
 72
     1
  1
\A1;214
  7
YAZI (BEYKENT)
 11
0.0000000000000001
 21
1.0
 31
0.0
 73
     1
 44
1.0
  0
POINT
  5
179F
330
13ED
100
AcDbEntity
  8
Defpoints
 62
     0
440
 16777216
100
AcDbPoint
 10
1682.519573796787
 20
1084.658660045573
 30
0.0
  0
POINT
  5
17A0
330
13ED
100
AcDbEntity
  8
Defpoints
 62
     0
440
 16777216
100
AcDbPoint
 10
1682.519573796787
 20
1298.658660045573
 30
0.0
  0
POINT
  5
17A1
330
13ED
100
AcDbEntity
  8
Defpoints
 62
     0
440
 16777216
100
AcDbPoint
 10
1682.519573797427
 20
1298.658660045573
 30
0.0
  0
ENDBLK
  5
13EF
330
13ED
100
AcDbEntity
  8
0
100
AcDbBlockEnd
  0
BLOCK
  5
13FA
330
13F9
100
AcDbEntity
  8
0
100
AcDbBlockBegin
  2
*D172
 70
     1
 10
0.0
 20
0.0
 30
0.0
  3
*D172
  1

  0
LINE
  5
17A2
330
13F9
100
AcDbEntity
  8
AKS OLCU (BEYKENT)
 62
     0
440
 16777216
370
    -2
100
AcDbLine
 10
1685.519573796787
 20
1298.658660045573
 30
0.0
 11
1682.699573797427
 21
1298.658660045573
 31
0.0
  0
LINE
  5
17A3
330
13F9
100
AcDbEntity
  8
AKS OLCU (BEYKENT)
 62
     0
440
 16777216
370
    -2
100
AcDbLine
 10
1685.519573796787
 20
1434.658660045573
 30
0.0
 11
1682.699573797427
 21
1434.658660045573
 31
0.0
  0
LINE
  5
17A4
330
13F9
100
AcDbEntity
  8
AKS OLCU (BEYKENT)
 62
     0
440
 16777216
370
    -2
100
AcDbLine
 10
1682.519573797427
 20
1298.658660045573
 30
0.0
 11
1682.519573797427
 21
1434.658660045573
 31
0.0
  0
LINE
  5
17A5
330
13F9
100
AcDbEntity
  8
AKS OLCU (BEYKENT)
 62
     0
440
 16777216
370
    -2
100
AcDbLine
 10
1685.519573797427
 20
1431.658660045573
 30
0.0
 11
1679.519573797427
 21
1437.658660045573
 31
0.0
  0
LINE
  5
17A6
330
13F9
100
AcDbEntity
  8
AKS OLCU (BEYKENT)
 62
     0
440
 16777216
370
    -2
100
AcDbLine
 10
1685.519573797427
 20
1295.658660045573
 30
0.0
 11
1679.519573797427
 21
1301.658660045573
 31
0.0
  0
MTEXT
  5
17A7
330
13F9
100
AcDbEntity
  8
AKS OLCU (BEYKENT)
 62
     7
440
 16777216
100
AcDbMText
 10
1674.395777373768
 20
1366.658660045573
 30
0.0
 40
12.0
 41
0.0
 46
0.0
 71
     5
 72
     1
  1
\A1;136
  7
YAZI (BEYKENT)
 11
0.0000000000000001
 21
1.0
 31
0.0
 73
     1
 44
1.0
  0
POINT
  5
17A8
330
13F9
100
AcDbEntity
  8
Defpoints
 62
     0
440
 16777216
100
AcDbPoint
 10
1682.519573796787
 20
1298.658660045573
 30
0.0
  0
POINT
  5
17A9
330
13F9
100
AcDbEntity
  8
Defpoints
 62
     0
440
 16777216
100
AcDbPoint
 10
1682.519573796787
 20
1434.658660045573
 30
0.0
  0
POINT
  5
17AA
330
13F9
100
AcDbEntity
  8
Defpoints
 62
     0
440
 16777216
100
AcDbPoint
 10
1682.519573797427
 20
1434.658660045573
 30
0.0
  0
ENDBLK
  5
13FB
330
13F9
100
AcDbEntity
  8
0
100
AcDbBlockEnd
  0
BLOCK
  5
1406
330
1405
100
AcDbEntity
  8
0
100
AcDbBlockBegin
  2
*D173
 70
     1
 10
0.0
 20
0.0
 30
0.0
  3
*D173
  1

  0
LINE
  5
17AB
330
1405
100
AcDbEntity
  8
AKS OLCU (BEYKENT)
 62
     0
440
 16777216
370
    -2
100
AcDbLine
 10
1685.519573796787
 20
1434.658660045573
 30
0.0
 11
1682.699573797427
 21
1434.658660045573
 31
0.0
  0
LINE
  5
17AC
330
1405
100
AcDbEntity
  8
AKS OLCU (BEYKENT)
 62
     0
440
 16777216
370
    -2
100
AcDbLine
 10
1685.519573796787
 20
1564.658660045574
 30
0.0
 11
1682.699573797427
 21
1564.658660045574
 31
0.0
  0
LINE
  5
17AD
330
1405
100
AcDbEntity
  8
AKS OLCU (BEYKENT)
 62
     0
440
 16777216
370
    -2
100
AcDbLine
 10
1682.519573797427
 20
1434.658660045573
 30
0.0
 11
1682.519573797427
 21
1564.658660045574
 31
0.0
  0
LINE
  5
17AE
330
1405
100
AcDbEntity
  8
AKS OLCU (BEYKENT)
 62
     0
440
 16777216
370
    -2
100
AcDbLine
 10
1685.519573797427
 20
1561.658660045574
 30
0.0
 11
1679.519573797427
 21
1567.658660045574
 31
0.0
  0
LINE
  5
17AF
330
1405
100
AcDbEntity
  8
AKS OLCU (BEYKENT)
 62
     0
440
 16777216
370
    -2
100
AcDbLine
 10
1685.519573797427
 20
1431.658660045573
 30
0.0
 11
1679.519573797427
 21
1437.658660045573
 31
0.0
  0
MTEXT
  5
17B0
330
1405
100
AcDbEntity
  8
AKS OLCU (BEYKENT)
 62
     7
440
 16777216
100
AcDbMText
 10
1674.395777373768
 20
1499.658660045573
 30
0.0
 40
12.0
 41
0.0
 46
0.0
 71
     5
 72
     1
  1
\A1;130
  7
YAZI (BEYKENT)
 11
0.0000000000000001
 21
1.0
 31
0.0
 73
     1
 44
1.0
  0
POINT
  5
17B1
330
1405
100
AcDbEntity
  8
Defpoints
 62
     0
440
 16777216
100
AcDbPoint
 10
1682.519573796787
 20
1434.658660045573
 30
0.0
  0
POINT
  5
17B2
330
1405
100
AcDbEntity
  8
Defpoints
 62
     0
440
 16777216
100
AcDbPoint
 10
1682.519573796787
 20
1564.658660045574
 30
0.0
  0
POINT
  5
17B3
330
1405
100
AcDbEntity
  8
Defpoints
 62
     0
440
 16777216
100
AcDbPoint
 10
1682.519573797427
 20
1564.658660045574
 30
0.0
  0
ENDBLK
  5
1407
330
1405
100
AcDbEntity
  8
0
100
AcDbBlockEnd
  0
BLOCK
  5
1412
330
1411
100
AcDbEntity
  8
0
100
AcDbBlockBegin
  2
*D174
 70
     1
 10
0.0
 20
0.0
 30
0.0
  3
*D174
  1

  0
LINE
  5
17B4
330
1411
100
AcDbEntity
  8
AKS OLCU (BEYKENT)
 62
     0
440
 16777216
370
    -2
100
AcDbLine
 10
1685.519573796787
 20
1564.658660045574
 30
0.0
 11
1682.699573797427
 21
1564.658660045574
 31
0.0
  0
LINE
  5
17B5
330
1411
100
AcDbEntity
  8
AKS OLCU (BEYKENT)
 62
     0
440
 16777216
370
    -2
100
AcDbLine
 10
1685.519573796787
 20
1649.658660045574
 30
0.0
 11
1682.699573797427
 21
1649.658660045574
 31
0.0
  0
LINE
  5
17B6
330
1411
100
AcDbEntity
  8
AKS OLCU (BEYKENT)
 62
     0
440
 16777216
370
    -2
100
AcDbLine
 10
1682.519573797427
 20
1564.658660045574
 30
0.0
 11
1682.519573797427
 21
1649.658660045574
 31
0.0
  0
LINE
  5
17B7
330
1411
100
AcDbEntity
  8
AKS OLCU (BEYKENT)
 62
     0
440
 16777216
370
    -2
100
AcDbLine
 10
1685.519573797427
 20
1646.658660045574
 30
0.0
 11
1679.519573797427
 21
1652.658660045574
 31
0.0
  0
LINE
  5
17B8
330
1411
100
AcDbEntity
  8
AKS OLCU (BEYKENT)
 62
     0
440
 16777216
370
    -2
100
AcDbLine
 10
1685.519573797427
 20
1561.658660045574
 30
0.0
 11
1679.519573797427
 21
1567.658660045574
 31
0.0
  0
MTEXT
  5
17B9
330
1411
100
AcDbEntity
  8
AKS OLCU (BEYKENT)
 62
     7
440
 16777216
100
AcDbMText
 10
1674.395777373768
 20
1607.158660045573
 30
0.0
 40
12.0
 41
0.0
 46
0.0
 71
     5
 72
     1
  1
\A1;85
  7
YAZI (BEYKENT)
 11
0.0000000000000001
 21
1.0
 31
0.0
 73
     1
 44
1.0
  0
POINT
  5
17BA
330
1411
100
AcDbEntity
  8
Defpoints
 62
     0
440
 16777216
100
AcDbPoint
 10
1682.519573796787
 20
1564.658660045574
 30
0.0
  0
POINT
  5
17BB
330
1411
100
AcDbEntity
  8
Defpoints
 62
     0
440
 16777216
100
AcDbPoint
 10
1682.519573796787
 20
1649.658660045574
 30
0.0
  0
POINT
  5
17BC
330
1411
100
AcDbEntity
  8
Defpoints
 62
     0
440
 16777216
100
AcDbPoint
 10
1682.519573797427
 20
1649.658660045574
 30
0.0
  0
ENDBLK
  5
1413
330
1411
100
AcDbEntity
  8
0
100
AcDbBlockEnd
  0
BLOCK
  5
141E
330
141D
100
AcDbEntity
  8
0
100
AcDbBlockBegin
  2
*D175
 70
     1
 10
0.0
 20
0.0
 30
0.0
  3
*D175
  1

  0
LINE
  5
17BD
330
141D
100
AcDbEntity
  8
AKS OLCU (BEYKENT)
 62
     0
440
 16777216
370
    -2
100
AcDbLine
 10
1685.519573796787
 20
1649.658660045574
 30
0.0
 11
1682.699573797427
 21
1649.658660045574
 31
0.0
  0
LINE
  5
17BE
330
141D
100
AcDbEntity
  8
AKS OLCU (BEYKENT)
 62
     0
440
 16777216
370
    -2
100
AcDbLine
 10
1685.519573796787
 20
1719.658760045571
 30
0.0
 11
1682.699573797427
 21
1719.658760045571
 31
0.0
  0
LINE
  5
17BF
330
141D
100
AcDbEntity
  8
AKS OLCU (BEYKENT)
 62
     0
440
 16777216
370
    -2
100
AcDbLine
 10
1682.519573797427
 20
1649.658660045574
 30
0.0
 11
1682.519573797427
 21
1719.658760045571
 31
0.0
  0
LINE
  5
17C0
330
141D
100
AcDbEntity
  8
AKS OLCU (BEYKENT)
 62
     0
440
 16777216
370
    -2
100
AcDbLine
 10
1685.519573797427
 20
1716.658760045571
 30
0.0
 11
1679.519573797427
 21
1722.658760045571
 31
0.0
  0
LINE
  5
17C1
330
141D
100
AcDbEntity
  8
AKS OLCU (BEYKENT)
 62
     0
440
 16777216
370
    -2
100
AcDbLine
 10
1685.519573797427
 20
1646.658660045574
 30
0.0
 11
1679.519573797427
 21
1652.658660045574
 31
0.0
  0
MTEXT
  5
17C2
330
141D
100
AcDbEntity
  8
AKS OLCU (BEYKENT)
 62
     7
440
 16777216
100
AcDbMText
 10
1674.395777373768
 20
1684.658710045572
 30
0.0
 40
12.0
 41
0.0
 46
0.0
 71
     5
 72
     1
  1
\A1;70
  7
YAZI (BEYKENT)
 11
0.0000000000000001
 21
1.0
 31
0.0
 73
     1
 44
1.0
  0
POINT
  5
17C3
330
141D
100
AcDbEntity
  8
Defpoints
 62
     0
440
 16777216
100
AcDbPoint
 10
1682.519573796787
 20
1649.658660045574
 30
0.0
  0
POINT
  5
17C4
330
141D
100
AcDbEntity
  8
Defpoints
 62
     0
440
 16777216
100
AcDbPoint
 10
1682.519573796787
 20
1719.658760045571
 30
0.0
  0
POINT
  5
17C5
330
141D
100
AcDbEntity
  8
Defpoints
 62
     0
440
 16777216
100
AcDbPoint
 10
1682.519573797427
 20
1719.658760045571
 30
0.0
  0
ENDBLK
  5
141F
330
141D
100
AcDbEntity
  8
0
100
AcDbBlockEnd
  0
BLOCK
  5
142A
330
1429
100
AcDbEntity
  8
0
100
AcDbBlockBegin
  2
*D176
 70
     1
 10
0.0
 20
0.0
 30
0.0
  3
*D176
  1

  0
LINE
  5
17C6
330
1429
100
AcDbEntity
  8
AKS OLCU (BEYKENT)
 62
     0
440
 16777216
370
    -2
100
AcDbLine
 10
1685.519573796787
 20
1719.658760045571
 30
0.0
 11
1682.699573797427
 21
1719.658760045571
 31
0.0
  0
LINE
  5
17C7
330
1429
100
AcDbEntity
  8
AKS OLCU (BEYKENT)
 62
     0
440
 16777216
370
    -2
100
AcDbLine
 10
1685.519573796787
 20
1799.658660045574
 30
0.0
 11
1682.699573797427
 21
1799.658660045574
 31
0.0
  0
LINE
  5
17C8
330
1429
100
AcDbEntity
  8
AKS OLCU (BEYKENT)
 62
     0
440
 16777216
370
    -2
100
AcDbLine
 10
1682.519573797427
 20
1719.658760045571
 30
0.0
 11
1682.519573797427
 21
1799.658660045574
 31
0.0
  0
LINE
  5
17C9
330
1429
100
AcDbEntity
  8
AKS OLCU (BEYKENT)
 62
     0
440
 16777216
370
    -2
100
AcDbLine
 10
1685.519573797427
 20
1796.658660045574
 30
0.0
 11
1679.519573797427
 21
1802.658660045574
 31
0.0
  0
LINE
  5
17CA
330
1429
100
AcDbEntity
  8
AKS OLCU (BEYKENT)
 62
     0
440
 16777216
370
    -2
100
AcDbLine
 10
1685.519573797427
 20
1716.658760045571
 30
0.0
 11
1679.519573797427
 21
1722.658760045571
 31
0.0
  0
MTEXT
  5
17CB
330
1429
100
AcDbEntity
  8
AKS OLCU (BEYKENT)
 62
     7
440
 16777216
100
AcDbMText
 10
1674.395777373768
 20
1759.658710045572
 30
0.0
 40
12.0
 41
0.0
 46
0.0
 71
     5
 72
     1
  1
\A1;80
  7
YAZI (BEYKENT)
 11
0.0000000000000001
 21
1.0
 31
0.0
 73
     1
 44
1.0
  0
POINT
  5
17CC
330
1429
100
AcDbEntity
  8
Defpoints
 62
     0
440
 16777216
100
AcDbPoint
 10
1682.519573796787
 20
1719.658760045571
 30
0.0
  0
POINT
  5
17CD
330
1429
100
AcDbEntity
  8
Defpoints
 62
     0
440
 16777216
100
AcDbPoint
 10
1682.519573796787
 20
1799.658660045574
 30
0.0
  0
POINT
  5
17CE
330
1429
100
AcDbEntity
  8
Defpoints
 62
     0
440
 16777216
100
AcDbPoint
 10
1682.519573797427
 20
1799.658660045574
 30
0.0
  0
ENDBLK
  5
142B
330
1429
100
AcDbEntity
  8
0
100
AcDbBlockEnd
  0
BLOCK
  5
1436
330
1435
100
AcDbEntity
  8
0
100
AcDbBlockBegin
  2
*D177
 70
     1
 10
0.0
 20
0.0
 30
0.0
  3
*D177
  1

  0
LINE
  5
17CF
330
1435
100
AcDbEntity
  8
AKS OLCU (BEYKENT)
 62
     0
440
 16777216
370
    -2
100
AcDbLine
 10
1685.519573796787
 20
1799.658660045574
 30
0.0
 11
1682.699573797427
 21
1799.658660045574
 31
0.0
  0
LINE
  5
17D0
330
1435
100
AcDbEntity
  8
AKS OLCU (BEYKENT)
 62
     0
440
 16777216
370
    -2
100
AcDbLine
 10
1685.519573796787
 20
1884.658660045574
 30
0.0
 11
1682.699573797427
 21
1884.658660045574
 31
0.0
  0
LINE
  5
17D1
330
1435
100
AcDbEntity
  8
AKS OLCU (BEYKENT)
 62
     0
440
 16777216
370
    -2
100
AcDbLine
 10
1682.519573797427
 20
1799.658660045574
 30
0.0
 11
1682.519573797427
 21
1884.658660045574
 31
0.0
  0
LINE
  5
17D2
330
1435
100
AcDbEntity
  8
AKS OLCU (BEYKENT)
 62
     0
440
 16777216
370
    -2
100
AcDbLine
 10
1685.519573797427
 20
1881.658660045574
 30
0.0
 11
1679.519573797427
 21
1887.658660045573
 31
0.0
  0
LINE
  5
17D3
330
1435
100
AcDbEntity
  8
AKS OLCU (BEYKENT)
 62
     0
440
 16777216
370
    -2
100
AcDbLine
 10
1685.519573797427
 20
1796.658660045574
 30
0.0
 11
1679.519573797427
 21
1802.658660045574
 31
0.0
  0
MTEXT
  5
17D4
330
1435
100
AcDbEntity
  8
AKS OLCU (BEYKENT)
 62
     7
440
 16777216
100
AcDbMText
 10
1674.395777373768
 20
1842.158660045573
 30
0.0
 40
12.0
 41
0.0
 46
0.0
 71
     5
 72
     1
  1
\A1;85
  7
YAZI (BEYKENT)
 11
0.0000000000000001
 21
1.0
 31
0.0
 73
     1
 44
1.0
  0
POINT
  5
17D5
330
1435
100
AcDbEntity
  8
Defpoints
 62
     0
440
 16777216
100
AcDbPoint
 10
1682.519573796787
 20
1799.658660045574
 30
0.0
  0
POINT
  5
17D6
330
1435
100
AcDbEntity
  8
Defpoints
 62
     0
440
 16777216
100
AcDbPoint
 10
1682.519573796787
 20
1884.658660045574
 30
0.0
  0
POINT
  5
17D7
330
1435
100
AcDbEntity
  8
Defpoints
 62
     0
440
 16777216
100
AcDbPoint
 10
1682.519573797427
 20
1884.658660045574
 30
0.0
  0
ENDBLK
  5
1437
330
1435
100
AcDbEntity
  8
0
100
AcDbBlockEnd
  0
BLOCK
  5
1442
330
1441
100
AcDbEntity
  8
0
100
AcDbBlockBegin
  2
*D178
 70
     1
 10
0.0
 20
0.0
 30
0.0
  3
*D178
  1

  0
LINE
  5
17D8
330
1441
100
AcDbEntity
  8
AKS OLCU (BEYKENT)
 62
     0
440
 16777216
370
    -2
100
AcDbLine
 10
1685.519573796787
 20
1884.658660045574
 30
0.0
 11
1682.699573797427
 21
1884.658660045574
 31
0.0
  0
LINE
  5
17D9
330
1441
100
AcDbEntity
  8
AKS OLCU (BEYKENT)
 62
     0
440
 16777216
370
    -2
100
AcDbLine
 10
1685.519573796787
 20
1894.658660045574
 30
0.0
 11
1682.699573797427
 21
1894.658660045574
 31
0.0
  0
LINE
  5
17DA
330
1441
100
AcDbEntity
  8
AKS OLCU (BEYKENT)
 62
     0
440
 16777216
370
    -2
100
AcDbLine
 10
1682.519573797427
 20
1884.658660045574
 30
0.0
 11
1682.519573797427
 21
1878.658660045574
 31
0.0
  0
LINE
  5
17DB
330
1441
100
AcDbEntity
  8
AKS OLCU (BEYKENT)
 62
     0
440
 16777216
370
    -2
100
AcDbLine
 10
1682.519573797427
 20
1894.658660045574
 30
0.0
 11
1682.519573797427
 21
1900.658660045574
 31
0.0
  0
LINE
  5
17DC
330
1441
100
AcDbEntity
  8
AKS OLCU (BEYKENT)
 62
     0
440
 16777216
370
    -2
100
AcDbLine
 10
1682.519573797427
 20
1884.658660045574
 30
0.0
 11
1682.519573797427
 21
1894.658660045574
 31
0.0
  0
LINE
  5
17DD
330
1441
100
AcDbEntity
  8
AKS OLCU (BEYKENT)
 62
     0
440
 16777216
370
    -2
100
AcDbLine
 10
1685.519573797427
 20
1891.658660045574
 30
0.0
 11
1679.519573797427
 21
1897.658660045574
 31
0.0
  0
LINE
  5
17DE
330
1441
100
AcDbEntity
  8
AKS OLCU (BEYKENT)
 62
     0
440
 16777216
370
    -2
100
AcDbLine
 10
1685.519573797427
 20
1881.658660045574
 30
0.0
 11
1679.519573797427
 21
1887.658660045573
 31
0.0
  0
MTEXT
  5
17DF
330
1441
100
AcDbEntity
  8
AKS OLCU (BEYKENT)
 62
     7
440
 16777216
100
AcDbMText
 10
1674.395777373768
 20
1889.658660045573
 30
0.0
 40
12.0
 41
0.0
 46
0.0
 71
     5
 72
     1
  1
\A1;10
  7
YAZI (BEYKENT)
 11
0.0000000000000001
 21
1.0
 31
0.0
 73
     1
 44
1.0
  0
POINT
  5
17E0
330
1441
100
AcDbEntity
  8
Defpoints
 62
     0
440
 16777216
100
AcDbPoint
 10
1682.519573796787
 20
1884.658660045574
 30
0.0
  0
POINT
  5
17E1
330
1441
100
AcDbEntity
  8
Defpoints
 62
     0
440
 16777216
100
AcDbPoint
 10
1682.519573796787
 20
1894.658660045574
 30
0.0
  0
POINT
  5
17E2
330
1441
100
AcDbEntity
  8
Defpoints
 62
     0
440
 16777216
100
AcDbPoint
 10
1682.519573797427
 20
1894.658660045574
 30
0.0
  0
ENDBLK
  5
1443
330
1441
100
AcDbEntity
  8
0
100
AcDbBlockEnd
  0
BLOCK
  5
1450
330
144F
100
AcDbEntity
  8
0
100
AcDbBlockBegin
  2
*D179
 70
     1
 10
0.0
 20
0.0
 30
0.0
  3
*D179
  1

  0
LINE
  5
17E3
330
144F
100
AcDbEntity
  8
AKS OLCU (BEYKENT)
 62
     0
440
 16777216
370
    -2
100
AcDbLine
 10
1685.519573796787
 20
1894.658660045574
 30
0.0
 11
1682.699573797427
 21
1894.658660045574
 31
0.0
  0
LINE
  5
17E4
330
144F
100
AcDbEntity
  8
AKS OLCU (BEYKENT)
 62
     0
440
 16777216
370
    -2
100
AcDbLine
 10
1685.519573796787
 20
2014.658660045574
 30
0.0
 11
1682.699573797427
 21
2014.658660045574
 31
0.0
  0
LINE
  5
17E5
330
144F
100
AcDbEntity
  8
AKS OLCU (BEYKENT)
 62
     0
440
 16777216
370
    -2
100
AcDbLine
 10
1682.519573797427
 20
1894.658660045574
 30
0.0
 11
1682.519573797427
 21
2014.658660045574
 31
0.0
  0
LINE
  5
17E6
330
144F
100
AcDbEntity
  8
AKS OLCU (BEYKENT)
 62
     0
440
 16777216
370
    -2
100
AcDbLine
 10
1685.519573797427
 20
2011.658660045574
 30
0.0
 11
1679.519573797427
 21
2017.658660045574
 31
0.0
  0
LINE
  5
17E7
330
144F
100
AcDbEntity
  8
AKS OLCU (BEYKENT)
 62
     0
440
 16777216
370
    -2
100
AcDbLine
 10
1685.519573797427
 20
1891.658660045574
 30
0.0
 11
1679.519573797427
 21
1897.658660045574
 31
0.0
  0
MTEXT
  5
17E8
330
144F
100
AcDbEntity
  8
AKS OLCU (BEYKENT)
 62
     7
440
 16777216
100
AcDbMText
 10
1674.395777373768
 20
1954.658660045573
 30
0.0
 40
12.0
 41
0.0
 46
0.0
 71
     5
 72
     1
  1
\A1;120
  7
YAZI (BEYKENT)
 11
0.0000000000000001
 21
1.0
 31
0.0
 73
     1
 44
1.0
  0
POINT
  5
17E9
330
144F
100
AcDbEntity
  8
Defpoints
 62
     0
440
 16777216
100
AcDbPoint
 10
1682.519573796787
 20
1894.658660045574
 30
0.0
  0
POINT
  5
17EA
330
144F
100
AcDbEntity
  8
Defpoints
 62
     0
440
 16777216
100
AcDbPoint
 10
1682.519573796787
 20
2014.658660045574
 30
0.0
  0
POINT
  5
17EB
330
144F
100
AcDbEntity
  8
Defpoints
 62
     0
440
 16777216
100
AcDbPoint
 10
1682.519573797427
 20
2014.658660045574
 30
0.0
  0
ENDBLK
  5
1451
330
144F
100
AcDbEntity
  8
0
100
AcDbBlockEnd
  0
BLOCK
  5
145C
330
145B
100
AcDbEntity
  8
0
100
AcDbBlockBegin
  2
*D180
 70
     1
 10
0.0
 20
0.0
 30
0.0
  3
*D180
  1

  0
LINE
  5
17EC
330
145B
100
AcDbEntity
  8
AKS OLCU (BEYKENT)
 62
     0
440
 16777216
370
    -2
100
AcDbLine
 10
1685.519573796787
 20
2014.658660045574
 30
0.0
 11
1682.699573797427
 21
2014.658660045574
 31
0.0
  0
LINE
  5
17ED
330
145B
100
AcDbEntity
  8
AKS OLCU (BEYKENT)
 62
     0
440
 16777216
370
    -2
100
AcDbLine
 10
1685.519573796787
 20
2364.658660045574
 30
0.0
 11
1682.699573797427
 21
2364.658660045574
 31
0.0
  0
LINE
  5
17EE
330
145B
100
AcDbEntity
  8
AKS OLCU (BEYKENT)
 62
     0
440
 16777216
370
    -2
100
AcDbLine
 10
1682.519573797427
 20
2014.658660045574
 30
0.0
 11
1682.519573797427
 21
2364.658660045574
 31
0.0
  0
LINE
  5
17EF
330
145B
100
AcDbEntity
  8
AKS OLCU (BEYKENT)
 62
     0
440
 16777216
370
    -2
100
AcDbLine
 10
1685.519573797427
 20
2361.658660045574
 30
0.0
 11
1679.519573797427
 21
2367.658660045574
 31
0.0
  0
LINE
  5
17F0
330
145B
100
AcDbEntity
  8
AKS OLCU (BEYKENT)
 62
     0
440
 16777216
370
    -2
100
AcDbLine
 10
1685.519573797427
 20
2011.658660045574
 30
0.0
 11
1679.519573797427
 21
2017.658660045574
 31
0.0
  0
MTEXT
  5
17F1
330
145B
100
AcDbEntity
  8
AKS OLCU (BEYKENT)
 62
     7
440
 16777216
100
AcDbMText
 10
1674.395777373768
 20
2189.658660045573
 30
0.0
 40
12.0
 41
0.0
 46
0.0
 71
     5
 72
     1
  1
\A1;350
  7
YAZI (BEYKENT)
 11
0.0000000000000001
 21
1.0
 31
0.0
 73
     1
 44
1.0
  0
POINT
  5
17F2
330
145B
100
AcDbEntity
  8
Defpoints
 62
     0
440
 16777216
100
AcDbPoint
 10
1682.519573796787
 20
2014.658660045574
 30
0.0
  0
POINT
  5
17F3
330
145B
100
AcDbEntity
  8
Defpoints
 62
     0
440
 16777216
100
AcDbPoint
 10
1682.519573796787
 20
2364.658660045574
 30
0.0
  0
POINT
  5
17F4
330
145B
100
AcDbEntity
  8
Defpoints
 62
     0
440
 16777216
100
AcDbPoint
 10
1682.519573797427
 20
2364.658660045574
 30
0.0
  0
ENDBLK
  5
145D
330
145B
100
AcDbEntity
  8
0
100
AcDbBlockEnd
  0
BLOCK
  5
1468
330
1467
100
AcDbEntity
  8
0
100
AcDbBlockBegin
  2
*D181
 70
     1
 10
0.0
 20
0.0
 30
0.0
  3
*D181
  1

  0
LINE
  5
17F5
330
1467
100
AcDbEntity
  8
AKS OLCU (BEYKENT)
 62
     0
440
 16777216
370
    -2
100
AcDbLine
 10
1685.519573796787
 20
2364.658660045574
 30
0.0
 11
1682.699573797427
 21
2364.658660045574
 31
0.0
  0
LINE
  5
17F6
330
1467
100
AcDbEntity
  8
AKS OLCU (BEYKENT)
 62
     0
440
 16777216
370
    -2
100
AcDbLine
 10
1685.519573796787
 20
2514.658660045574
 30
0.0
 11
1682.699573797427
 21
2514.658660045574
 31
0.0
  0
LINE
  5
17F7
330
1467
100
AcDbEntity
  8
AKS OLCU (BEYKENT)
 62
     0
440
 16777216
370
    -2
100
AcDbLine
 10
1682.519573797427
 20
2364.658660045574
 30
0.0
 11
1682.519573797427
 21
2514.658660045574
 31
0.0
  0
LINE
  5
17F8
330
1467
100
AcDbEntity
  8
AKS OLCU (BEYKENT)
 62
     0
440
 16777216
370
    -2
100
AcDbLine
 10
1685.519573797427
 20
2511.658660045574
 30
0.0
 11
1679.519573797427
 21
2517.658660045574
 31
0.0
  0
LINE
  5
17F9
330
1467
100
AcDbEntity
  8
AKS OLCU (BEYKENT)
 62
     0
440
 16777216
370
    -2
100
AcDbLine
 10
1685.519573797427
 20
2361.658660045574
 30
0.0
 11
1679.519573797427
 21
2367.658660045574
 31
0.0
  0
MTEXT
  5
17FA
330
1467
100
AcDbEntity
  8
AKS OLCU (BEYKENT)
 62
     7
440
 16777216
100
AcDbMText
 10
1674.395777373768
 20
2439.658660045573
 30
0.0
 40
12.0
 41
0.0
 46
0.0
 71
     5
 72
     1
  1
\A1;150
  7
YAZI (BEYKENT)
 11
0.0000000000000001
 21
1.0
 31
0.0
 73
     1
 44
1.0
  0
POINT
  5
17FB
330
1467
100
AcDbEntity
  8
Defpoints
 62
     0
440
 16777216
100
AcDbPoint
 10
1682.519573796787
 20
2364.658660045574
 30
0.0
  0
POINT
  5
17FC
330
1467
100
AcDbEntity
  8
Defpoints
 62
     0
440
 16777216
100
AcDbPoint
 10
1682.519573796787
 20
2514.658660045574
 30
0.0
  0
POINT
  5
17FD
330
1467
100
AcDbEntity
  8
Defpoints
 62
     0
440
 16777216
100
AcDbPoint
 10
1682.519573797427
 20
2514.658660045574
 30
0.0
  0
ENDBLK
  5
1469
330
1467
100
AcDbEntity
  8
0
100
AcDbBlockEnd
  0
BLOCK
  5
1474
330
1473
100
AcDbEntity
  8
0
100
AcDbBlockBegin
  2
*D182
 70
     1
 10
0.0
 20
0.0
 30
0.0
  3
*D182
  1

  0
LINE
  5
17FE
330
1473
100
AcDbEntity
  8
AKS OLCU (BEYKENT)
 62
     0
440
 16777216
370
    -2
100
AcDbLine
 10
4425.519573796788
 20
934.6586600455735
 30
0.0
 11
4422.69957379749
 21
934.6586600455735
 31
0.0
  0
LINE
  5
17FF
330
1473
100
AcDbEntity
  8
AKS OLCU (BEYKENT)
 62
     0
440
 16777216
370
    -2
100
AcDbLine
 10
4425.519573796788
 20
2514.658660045574
 30
0.0
 11
4422.699573797487
 21
2514.658660045574
 31
0.0
  0
LINE
  5
1800
330
1473
100
AcDbEntity
  8
AKS OLCU (BEYKENT)
 62
     0
440
 16777216
370
    -2
100
AcDbLine
 10
4422.519573797488
 20
934.6586600455735
 30
0.0
 11
4422.519573797487
 21
2514.658660045574
 31
0.0
  0
LINE
  5
1801
330
1473
100
AcDbEntity
  8
AKS OLCU (BEYKENT)
 62
     0
440
 16777216
370
    -2
100
AcDbLine
 10
4425.519573797487
 20
2511.658660045574
 30
0.0
 11
4419.519573797487
 21
2517.658660045574
 31
0.0
  0
LINE
  5
1802
330
1473
100
AcDbEntity
  8
AKS OLCU (BEYKENT)
 62
     0
440
 16777216
370
    -2
100
AcDbLine
 10
4425.519573797488
 20
931.6586600455734
 30
0.0
 11
4419.519573797488
 21
937.6586600455734
 31
0.0
  0
MTEXT
  5
1803
330
1473
100
AcDbEntity
  8
AKS OLCU (BEYKENT)
 62
     7
440
 16777216
100
AcDbMText
 10
4414.395777373829
 20
1724.658660045571
 30
0.0
 40
12.0
 41
0.0
 46
0.0
 71
     5
 72
     1
  1
\A1;1580
  7
YAZI (BEYKENT)
 11
0.0000000000000001
 21
1.0
 31
0.0
 73
     1
 44
1.0
  0
POINT
  5
1804
330
1473
100
AcDbEntity
  8
Defpoints
 62
     0
440
 16777216
100
AcDbPoint
 10
4422.519573796788
 20
934.6586600455735
 30
0.0
  0
POINT
  5
1805
330
1473
100
AcDbEntity
  8
Defpoints
 62
     0
440
 16777216
100
AcDbPoint
 10
4422.519573796788
 20
2514.658660045574
 30
0.0
  0
POINT
  5
1806
330
1473
100
AcDbEntity
  8
Defpoints
 62
     0
440
 16777216
100
AcDbPoint
 10
4422.519573797487
 20
2514.658660045574
 30
0.0
  0
ENDBLK
  5
1475
330
1473
100
AcDbEntity
  8
0
100
AcDbBlockEnd
  0
BLOCK
  5
1480
330
147F
100
AcDbEntity
  8
0
100
AcDbBlockBegin
  2
*D183
 70
     1
 10
0.0
 20
0.0
 30
0.0
  3
*D183
  1

  0
LINE
  5
1807
330
147F
100
AcDbEntity
  8
AKS OLCU (BEYKENT)
 62
     0
440
 16777216
370
    -2
100
AcDbLine
 10
4405.519573796786
 20
934.6586600455735
 30
0.0
 11
4402.699573797487
 21
934.6586600455735
 31
0.0
  0
LINE
  5
1808
330
147F
100
AcDbEntity
  8
AKS OLCU (BEYKENT)
 62
     0
440
 16777216
370
    -2
100
AcDbLine
 10
4405.519573796786
 20
1084.658660045573
 30
0.0
 11
4402.699573797487
 21
1084.658660045573
 31
0.0
  0
LINE
  5
1809
330
147F
100
AcDbEntity
  8
AKS OLCU (BEYKENT)
 62
     0
440
 16777216
370
    -2
100
AcDbLine
 10
4402.519573797487
 20
934.6586600455735
 30
0.0
 11
4402.519573797487
 21
1084.658660045573
 31
0.0
  0
LINE
  5
180A
330
147F
100
AcDbEntity
  8
AKS OLCU (BEYKENT)
 62
     0
440
 16777216
370
    -2
100
AcDbLine
 10
4405.519573797487
 20
1081.658660045573
 30
0.0
 11
4399.519573797487
 21
1087.658660045573
 31
0.0
  0
LINE
  5
180B
330
147F
100
AcDbEntity
  8
AKS OLCU (BEYKENT)
 62
     0
440
 16777216
370
    -2
100
AcDbLine
 10
4405.519573797487
 20
931.6586600455734
 30
0.0
 11
4399.519573797487
 21
937.6586600455734
 31
0.0
  0
MTEXT
  5
180C
330
147F
100
AcDbEntity
  8
AKS OLCU (BEYKENT)
 62
     7
440
 16777216
100
AcDbMText
 10
4394.395777373826
 20
1009.658660045572
 30
0.0
 40
12.0
 41
0.0
 46
0.0
 71
     5
 72
     1
  1
\A1;150
  7
YAZI (BEYKENT)
 11
0.0000000000000001
 21
1.0
 31
0.0
 73
     1
 44
1.0
  0
POINT
  5
180D
330
147F
100
AcDbEntity
  8
Defpoints
 62
     0
440
 16777216
100
AcDbPoint
 10
4402.519573796786
 20
934.6586600455735
 30
0.0
  0
POINT
  5
180E
330
147F
100
AcDbEntity
  8
Defpoints
 62
     0
440
 16777216
100
AcDbPoint
 10
4402.519573796786
 20
1084.658660045573
 30
0.0
  0
POINT
  5
180F
330
147F
100
AcDbEntity
  8
Defpoints
 62
     0
440
 16777216
100
AcDbPoint
 10
4402.519573797487
 20
1084.658660045573
 30
0.0
  0
ENDBLK
  5
1481
330
147F
100
AcDbEntity
  8
0
100
AcDbBlockEnd
  0
BLOCK
  5
148C
330
148B
100
AcDbEntity
  8
0
100
AcDbBlockBegin
  2
*D184
 70
     1
 10
0.0
 20
0.0
 30
0.0
  3
*D184
  1

  0
LINE
  5
1810
330
148B
100
AcDbEntity
  8
AKS OLCU (BEYKENT)
 62
     0
440
 16777216
370
    -2
100
AcDbLine
 10
4405.519573796786
 20
1084.658660045573
 30
0.0
 11
4402.699573797487
 21
1084.658660045573
 31
0.0
  0
LINE
  5
1811
330
148B
100
AcDbEntity
  8
AKS OLCU (BEYKENT)
 62
     0
440
 16777216
370
    -2
100
AcDbLine
 10
4405.519573796786
 20
1298.658660045573
 30
0.0
 11
4402.699573797487
 21
1298.658660045573
 31
0.0
  0
LINE
  5
1812
330
148B
100
AcDbEntity
  8
AKS OLCU (BEYKENT)
 62
     0
440
 16777216
370
    -2
100
AcDbLine
 10
4402.519573797487
 20
1084.658660045573
 30
0.0
 11
4402.519573797487
 21
1298.658660045573
 31
0.0
  0
LINE
  5
1813
330
148B
100
AcDbEntity
  8
AKS OLCU (BEYKENT)
 62
     0
440
 16777216
370
    -2
100
AcDbLine
 10
4405.519573797487
 20
1295.658660045573
 30
0.0
 11
4399.519573797487
 21
1301.658660045573
 31
0.0
  0
LINE
  5
1814
330
148B
100
AcDbEntity
  8
AKS OLCU (BEYKENT)
 62
     0
440
 16777216
370
    -2
100
AcDbLine
 10
4405.519573797487
 20
1081.658660045573
 30
0.0
 11
4399.519573797487
 21
1087.658660045573
 31
0.0
  0
MTEXT
  5
1815
330
148B
100
AcDbEntity
  8
AKS OLCU (BEYKENT)
 62
     7
440
 16777216
100
AcDbMText
 10
4394.453549038201
 20
1191.658660045572
 30
0.0
 40
12.0
 41
0.0
 46
0.0
 71
     5
 72
     1
  1
\A1;214
  7
YAZI (BEYKENT)
 11
0.0000000000000001
 21
1.0
 31
0.0
 73
     1
 44
1.0
  0
POINT
  5
1816
330
148B
100
AcDbEntity
  8
Defpoints
 62
     0
440
 16777216
100
AcDbPoint
 10
4402.519573796786
 20
1084.658660045573
 30
0.0
  0
POINT
  5
1817
330
148B
100
AcDbEntity
  8
Defpoints
 62
     0
440
 16777216
100
AcDbPoint
 10
4402.519573796786
 20
1298.658660045573
 30
0.0
  0
POINT
  5
1818
330
148B
100
AcDbEntity
  8
Defpoints
 62
     0
440
 16777216
100
AcDbPoint
 10
4402.519573797487
 20
1298.658660045573
 30
0.0
  0
ENDBLK
  5
148D
330
148B
100
AcDbEntity
  8
0
100
AcDbBlockEnd
  0
BLOCK
  5
1498
330
1497
100
AcDbEntity
  8
0
100
AcDbBlockBegin
  2
*D185
 70
     1
 10
0.0
 20
0.0
 30
0.0
  3
*D185
  1

  0
LINE
  5
1819
330
1497
100
AcDbEntity
  8
AKS OLCU (BEYKENT)
 62
     0
440
 16777216
370
    -2
100
AcDbLine
 10
4405.519573796786
 20
1298.658660045573
 30
0.0
 11
4402.699573797487
 21
1298.658660045573
 31
0.0
  0
LINE
  5
181A
330
1497
100
AcDbEntity
  8
AKS OLCU (BEYKENT)
 62
     0
440
 16777216
370
    -2
100
AcDbLine
 10
4405.519573796786
 20
1434.658660045573
 30
0.0
 11
4402.699573797487
 21
1434.658660045573
 31
0.0
  0
LINE
  5
181B
330
1497
100
AcDbEntity
  8
AKS OLCU (BEYKENT)
 62
     0
440
 16777216
370
    -2
100
AcDbLine
 10
4402.519573797487
 20
1298.658660045573
 30
0.0
 11
4402.519573797487
 21
1434.658660045573
 31
0.0
  0
LINE
  5
181C
330
1497
100
AcDbEntity
  8
AKS OLCU (BEYKENT)
 62
     0
440
 16777216
370
    -2
100
AcDbLine
 10
4405.519573797487
 20
1431.658660045573
 30
0.0
 11
4399.519573797487
 21
1437.658660045573
 31
0.0
  0
LINE
  5
181D
330
1497
100
AcDbEntity
  8
AKS OLCU (BEYKENT)
 62
     0
440
 16777216
370
    -2
100
AcDbLine
 10
4405.519573797487
 20
1295.658660045573
 30
0.0
 11
4399.519573797487
 21
1301.658660045573
 31
0.0
  0
MTEXT
  5
181E
330
1497
100
AcDbEntity
  8
AKS OLCU (BEYKENT)
 62
     7
440
 16777216
100
AcDbMText
 10
4394.395777373826
 20
1366.658660045572
 30
0.0
 40
12.0
 41
0.0
 46
0.0
 71
     5
 72
     1
  1
\A1;136
  7
YAZI (BEYKENT)
 11
0.0000000000000001
 21
1.0
 31
0.0
 73
     1
 44
1.0
  0
POINT
  5
181F
330
1497
100
AcDbEntity
  8
Defpoints
 62
     0
440
 16777216
100
AcDbPoint
 10
4402.519573796786
 20
1298.658660045573
 30
0.0
  0
POINT
  5
1820
330
1497
100
AcDbEntity
  8
Defpoints
 62
     0
440
 16777216
100
AcDbPoint
 10
4402.519573796786
 20
1434.658660045573
 30
0.0
  0
POINT
  5
1821
330
1497
100
AcDbEntity
  8
Defpoints
 62
     0
440
 16777216
100
AcDbPoint
 10
4402.519573797487
 20
1434.658660045573
 30
0.0
  0
ENDBLK
  5
1499
330
1497
100
AcDbEntity
  8
0
100
AcDbBlockEnd
  0
BLOCK
  5
14A4
330
14A3
100
AcDbEntity
  8
0
100
AcDbBlockBegin
  2
*D186
 70
     1
 10
0.0
 20
0.0
 30
0.0
  3
*D186
  1

  0
LINE
  5
1822
330
14A3
100
AcDbEntity
  8
AKS OLCU (BEYKENT)
 62
     0
440
 16777216
370
    -2
100
AcDbLine
 10
4405.519573796786
 20
1434.658660045573
 30
0.0
 11
4402.699573797487
 21
1434.658660045573
 31
0.0
  0
LINE
  5
1823
330
14A3
100
AcDbEntity
  8
AKS OLCU (BEYKENT)
 62
     0
440
 16777216
370
    -2
100
AcDbLine
 10
4405.519573796786
 20
1564.658660045574
 30
0.0
 11
4402.699573797487
 21
1564.658660045574
 31
0.0
  0
LINE
  5
1824
330
14A3
100
AcDbEntity
  8
AKS OLCU (BEYKENT)
 62
     0
440
 16777216
370
    -2
100
AcDbLine
 10
4402.519573797487
 20
1434.658660045573
 30
0.0
 11
4402.519573797487
 21
1564.658660045574
 31
0.0
  0
LINE
  5
1825
330
14A3
100
AcDbEntity
  8
AKS OLCU (BEYKENT)
 62
     0
440
 16777216
370
    -2
100
AcDbLine
 10
4405.519573797487
 20
1561.658660045574
 30
0.0
 11
4399.519573797487
 21
1567.658660045574
 31
0.0
  0
LINE
  5
1826
330
14A3
100
AcDbEntity
  8
AKS OLCU (BEYKENT)
 62
     0
440
 16777216
370
    -2
100
AcDbLine
 10
4405.519573797487
 20
1431.658660045573
 30
0.0
 11
4399.519573797487
 21
1437.658660045573
 31
0.0
  0
MTEXT
  5
1827
330
14A3
100
AcDbEntity
  8
AKS OLCU (BEYKENT)
 62
     7
440
 16777216
100
AcDbMText
 10
4394.395777373826
 20
1499.658660045572
 30
0.0
 40
12.0
 41
0.0
 46
0.0
 71
     5
 72
     1
  1
\A1;130
  7
YAZI (BEYKENT)
 11
0.0000000000000001
 21
1.0
 31
0.0
 73
     1
 44
1.0
  0
POINT
  5
1828
330
14A3
100
AcDbEntity
  8
Defpoints
 62
     0
440
 16777216
100
AcDbPoint
 10
4402.519573796786
 20
1434.658660045573
 30
0.0
  0
POINT
  5
1829
330
14A3
100
AcDbEntity
  8
Defpoints
 62
     0
440
 16777216
100
AcDbPoint
 10
4402.519573796786
 20
1564.658660045574
 30
0.0
  0
POINT
  5
182A
330
14A3
100
AcDbEntity
  8
Defpoints
 62
     0
440
 16777216
100
AcDbPoint
 10
4402.519573797487
 20
1564.658660045574
 30
0.0
  0
ENDBLK
  5
14A5
330
14A3
100
AcDbEntity
  8
0
100
AcDbBlockEnd
  0
BLOCK
  5
14B0
330
14AF
100
AcDbEntity
  8
0
100
AcDbBlockBegin
  2
*D187
 70
     1
 10
0.0
 20
0.0
 30
0.0
  3
*D187
  1

  0
LINE
  5
182B
330
14AF
100
AcDbEntity
  8
AKS OLCU (BEYKENT)
 62
     0
440
 16777216
370
    -2
100
AcDbLine
 10
4405.519573796786
 20
1564.658660045574
 30
0.0
 11
4402.699573797487
 21
1564.658660045574
 31
0.0
  0
LINE
  5
182C
330
14AF
100
AcDbEntity
  8
AKS OLCU (BEYKENT)
 62
     0
440
 16777216
370
    -2
100
AcDbLine
 10
4405.519573796786
 20
1649.658660045574
 30
0.0
 11
4402.699573797487
 21
1649.658660045574
 31
0.0
  0
LINE
  5
182D
330
14AF
100
AcDbEntity
  8
AKS OLCU (BEYKENT)
 62
     0
440
 16777216
370
    -2
100
AcDbLine
 10
4402.519573797487
 20
1564.658660045574
 30
0.0
 11
4402.519573797487
 21
1649.658660045574
 31
0.0
  0
LINE
  5
182E
330
14AF
100
AcDbEntity
  8
AKS OLCU (BEYKENT)
 62
     0
440
 16777216
370
    -2
100
AcDbLine
 10
4405.519573797487
 20
1646.658660045574
 30
0.0
 11
4399.519573797487
 21
1652.658660045574
 31
0.0
  0
LINE
  5
182F
330
14AF
100
AcDbEntity
  8
AKS OLCU (BEYKENT)
 62
     0
440
 16777216
370
    -2
100
AcDbLine
 10
4405.519573797487
 20
1561.658660045574
 30
0.0
 11
4399.519573797487
 21
1567.658660045574
 31
0.0
  0
MTEXT
  5
1830
330
14AF
100
AcDbEntity
  8
AKS OLCU (BEYKENT)
 62
     7
440
 16777216
100
AcDbMText
 10
4394.395777373826
 20
1607.158660045572
 30
0.0
 40
12.0
 41
0.0
 46
0.0
 71
     5
 72
     1
  1
\A1;85
  7
YAZI (BEYKENT)
 11
0.0000000000000001
 21
1.0
 31
0.0
 73
     1
 44
1.0
  0
POINT
  5
1831
330
14AF
100
AcDbEntity
  8
Defpoints
 62
     0
440
 16777216
100
AcDbPoint
 10
4402.519573796786
 20
1564.658660045574
 30
0.0
  0
POINT
  5
1832
330
14AF
100
AcDbEntity
  8
Defpoints
 62
     0
440
 16777216
100
AcDbPoint
 10
4402.519573796786
 20
1649.658660045574
 30
0.0
  0
POINT
  5
1833
330
14AF
100
AcDbEntity
  8
Defpoints
 62
     0
440
 16777216
100
AcDbPoint
 10
4402.519573797487
 20
1649.658660045574
 30
0.0
  0
ENDBLK
  5
14B1
330
14AF
100
AcDbEntity
  8
0
100
AcDbBlockEnd
  0
BLOCK
  5
14BC
330
14BB
100
AcDbEntity
  8
0
100
AcDbBlockBegin
  2
*D188
 70
     1
 10
0.0
 20
0.0
 30
0.0
  3
*D188
  1

  0
LINE
  5
1834
330
14BB
100
AcDbEntity
  8
AKS OLCU (BEYKENT)
 62
     0
440
 16777216
370
    -2
100
AcDbLine
 10
4405.519573796786
 20
1649.658660045574
 30
0.0
 11
4402.699573797487
 21
1649.658660045574
 31
0.0
  0
LINE
  5
1835
330
14BB
100
AcDbEntity
  8
AKS OLCU (BEYKENT)
 62
     0
440
 16777216
370
    -2
100
AcDbLine
 10
4405.519573796786
 20
1719.658760045571
 30
0.0
 11
4402.699573797487
 21
1719.658760045571
 31
0.0
  0
LINE
  5
1836
330
14BB
100
AcDbEntity
  8
AKS OLCU (BEYKENT)
 62
     0
440
 16777216
370
    -2
100
AcDbLine
 10
4402.519573797487
 20
1649.658660045574
 30
0.0
 11
4402.519573797487
 21
1719.658760045571
 31
0.0
  0
LINE
  5
1837
330
14BB
100
AcDbEntity
  8
AKS OLCU (BEYKENT)
 62
     0
440
 16777216
370
    -2
100
AcDbLine
 10
4405.519573797487
 20
1716.658760045571
 30
0.0
 11
4399.519573797487
 21
1722.658760045571
 31
0.0
  0
LINE
  5
1838
330
14BB
100
AcDbEntity
  8
AKS OLCU (BEYKENT)
 62
     0
440
 16777216
370
    -2
100
AcDbLine
 10
4405.519573797487
 20
1646.658660045574
 30
0.0
 11
4399.519573797487
 21
1652.658660045574
 31
0.0
  0
MTEXT
  5
1839
330
14BB
100
AcDbEntity
  8
AKS OLCU (BEYKENT)
 62
     7
440
 16777216
100
AcDbMText
 10
4394.395777373826
 20
1684.658710045571
 30
0.0
 40
12.0
 41
0.0
 46
0.0
 71
     5
 72
     1
  1
\A1;70
  7
YAZI (BEYKENT)
 11
0.0000000000000001
 21
1.0
 31
0.0
 73
     1
 44
1.0
  0
POINT
  5
183A
330
14BB
100
AcDbEntity
  8
Defpoints
 62
     0
440
 16777216
100
AcDbPoint
 10
4402.519573796786
 20
1649.658660045574
 30
0.0
  0
POINT
  5
183B
330
14BB
100
AcDbEntity
  8
Defpoints
 62
     0
440
 16777216
100
AcDbPoint
 10
4402.519573796786
 20
1719.658760045571
 30
0.0
  0
POINT
  5
183C
330
14BB
100
AcDbEntity
  8
Defpoints
 62
     0
440
 16777216
100
AcDbPoint
 10
4402.519573797487
 20
1719.658760045571
 30
0.0
  0
ENDBLK
  5
14BD
330
14BB
100
AcDbEntity
  8
0
100
AcDbBlockEnd
  0
BLOCK
  5
14C8
330
14C7
100
AcDbEntity
  8
0
100
AcDbBlockBegin
  2
*D189
 70
     1
 10
0.0
 20
0.0
 30
0.0
  3
*D189
  1

  0
LINE
  5
183D
330
14C7
100
AcDbEntity
  8
AKS OLCU (BEYKENT)
 62
     0
440
 16777216
370
    -2
100
AcDbLine
 10
4405.519573796786
 20
1719.658760045571
 30
0.0
 11
4402.699573797487
 21
1719.658760045571
 31
0.0
  0
LINE
  5
183E
330
14C7
100
AcDbEntity
  8
AKS OLCU (BEYKENT)
 62
     0
440
 16777216
370
    -2
100
AcDbLine
 10
4405.519573796786
 20
1799.658660045574
 30
0.0
 11
4402.699573797487
 21
1799.658660045574
 31
0.0
  0
LINE
  5
183F
330
14C7
100
AcDbEntity
  8
AKS OLCU (BEYKENT)
 62
     0
440
 16777216
370
    -2
100
AcDbLine
 10
4402.519573797487
 20
1719.658760045571
 30
0.0
 11
4402.519573797487
 21
1799.658660045574
 31
0.0
  0
LINE
  5
1840
330
14C7
100
AcDbEntity
  8
AKS OLCU (BEYKENT)
 62
     0
440
 16777216
370
    -2
100
AcDbLine
 10
4405.519573797487
 20
1796.658660045574
 30
0.0
 11
4399.519573797487
 21
1802.658660045574
 31
0.0
  0
LINE
  5
1841
330
14C7
100
AcDbEntity
  8
AKS OLCU (BEYKENT)
 62
     0
440
 16777216
370
    -2
100
AcDbLine
 10
4405.519573797487
 20
1716.658760045571
 30
0.0
 11
4399.519573797487
 21
1722.658760045571
 31
0.0
  0
MTEXT
  5
1842
330
14C7
100
AcDbEntity
  8
AKS OLCU (BEYKENT)
 62
     7
440
 16777216
100
AcDbMText
 10
4394.395777373826
 20
1759.658710045571
 30
0.0
 40
12.0
 41
0.0
 46
0.0
 71
     5
 72
     1
  1
\A1;80
  7
YAZI (BEYKENT)
 11
0.0000000000000001
 21
1.0
 31
0.0
 73
     1
 44
1.0
  0
POINT
  5
1843
330
14C7
100
AcDbEntity
  8
Defpoints
 62
     0
440
 16777216
100
AcDbPoint
 10
4402.519573796786
 20
1719.658760045571
 30
0.0
  0
POINT
  5
1844
330
14C7
100
AcDbEntity
  8
Defpoints
 62
     0
440
 16777216
100
AcDbPoint
 10
4402.519573796786
 20
1799.658660045574
 30
0.0
  0
POINT
  5
1845
330
14C7
100
AcDbEntity
  8
Defpoints
 62
     0
440
 16777216
100
AcDbPoint
 10
4402.519573797487
 20
1799.658660045574
 30
0.0
  0
ENDBLK
  5
14C9
330
14C7
100
AcDbEntity
  8
0
100
AcDbBlockEnd
  0
BLOCK
  5
14D4
330
14D3
100
AcDbEntity
  8
0
100
AcDbBlockBegin
  2
*D190
 70
     1
 10
0.0
 20
0.0
 30
0.0
  3
*D190
  1

  0
LINE
  5
1846
330
14D3
100
AcDbEntity
  8
AKS OLCU (BEYKENT)
 62
     0
440
 16777216
370
    -2
100
AcDbLine
 10
4405.519573796786
 20
1799.658660045574
 30
0.0
 11
4402.699573797487
 21
1799.658660045574
 31
0.0
  0
LINE
  5
1847
330
14D3
100
AcDbEntity
  8
AKS OLCU (BEYKENT)
 62
     0
440
 16777216
370
    -2
100
AcDbLine
 10
4405.519573796786
 20
1884.658660045574
 30
0.0
 11
4402.699573797487
 21
1884.658660045574
 31
0.0
  0
LINE
  5
1848
330
14D3
100
AcDbEntity
  8
AKS OLCU (BEYKENT)
 62
     0
440
 16777216
370
    -2
100
AcDbLine
 10
4402.519573797487
 20
1799.658660045574
 30
0.0
 11
4402.519573797487
 21
1884.658660045574
 31
0.0
  0
LINE
  5
1849
330
14D3
100
AcDbEntity
  8
AKS OLCU (BEYKENT)
 62
     0
440
 16777216
370
    -2
100
AcDbLine
 10
4405.519573797487
 20
1881.658660045574
 30
0.0
 11
4399.519573797487
 21
1887.658660045573
 31
0.0
  0
LINE
  5
184A
330
14D3
100
AcDbEntity
  8
AKS OLCU (BEYKENT)
 62
     0
440
 16777216
370
    -2
100
AcDbLine
 10
4405.519573797487
 20
1796.658660045574
 30
0.0
 11
4399.519573797487
 21
1802.658660045574
 31
0.0
  0
MTEXT
  5
184B
330
14D3
100
AcDbEntity
  8
AKS OLCU (BEYKENT)
 62
     7
440
 16777216
100
AcDbMText
 10
4394.395777373826
 20
1842.158660045572
 30
0.0
 40
12.0
 41
0.0
 46
0.0
 71
     5
 72
     1
  1
\A1;85
  7
YAZI (BEYKENT)
 11
0.0000000000000001
 21
1.0
 31
0.0
 73
     1
 44
1.0
  0
POINT
  5
184C
330
14D3
100
AcDbEntity
  8
Defpoints
 62
     0
440
 16777216
100
AcDbPoint
 10
4402.519573796786
 20
1799.658660045574
 30
0.0
  0
POINT
  5
184D
330
14D3
100
AcDbEntity
  8
Defpoints
 62
     0
440
 16777216
100
AcDbPoint
 10
4402.519573796786
 20
1884.658660045574
 30
0.0
  0
POINT
  5
184E
330
14D3
100
AcDbEntity
  8
Defpoints
 62
     0
440
 16777216
100
AcDbPoint
 10
4402.519573797487
 20
1884.658660045574
 30
0.0
  0
ENDBLK
  5
14D5
330
14D3
100
AcDbEntity
  8
0
100
AcDbBlockEnd
  0
BLOCK
  5
14E0
330
14DF
100
AcDbEntity
  8
0
100
AcDbBlockBegin
  2
*D191
 70
     1
 10
0.0
 20
0.0
 30
0.0
  3
*D191
  1

  0
LINE
  5
184F
330
14DF
100
AcDbEntity
  8
AKS OLCU (BEYKENT)
 62
     0
440
 16777216
370
    -2
100
AcDbLine
 10
4405.519573796786
 20
1884.658660045574
 30
0.0
 11
4402.699573797487
 21
1884.658660045574
 31
0.0
  0
LINE
  5
1850
330
14DF
100
AcDbEntity
  8
AKS OLCU (BEYKENT)
 62
     0
440
 16777216
370
    -2
100
AcDbLine
 10
4405.519573796786
 20
1894.658660045574
 30
0.0
 11
4402.699573797487
 21
1894.658660045574
 31
0.0
  0
LINE
  5
1851
330
14DF
100
AcDbEntity
  8
AKS OLCU (BEYKENT)
 62
     0
440
 16777216
370
    -2
100
AcDbLine
 10
4402.519573797487
 20
1884.658660045574
 30
0.0
 11
4402.519573797487
 21
1878.658660045574
 31
0.0
  0
LINE
  5
1852
330
14DF
100
AcDbEntity
  8
AKS OLCU (BEYKENT)
 62
     0
440
 16777216
370
    -2
100
AcDbLine
 10
4402.519573797487
 20
1894.658660045574
 30
0.0
 11
4402.519573797487
 21
1900.658660045574
 31
0.0
  0
LINE
  5
1853
330
14DF
100
AcDbEntity
  8
AKS OLCU (BEYKENT)
 62
     0
440
 16777216
370
    -2
100
AcDbLine
 10
4402.519573797487
 20
1884.658660045574
 30
0.0
 11
4402.519573797487
 21
1894.658660045574
 31
0.0
  0
LINE
  5
1854
330
14DF
100
AcDbEntity
  8
AKS OLCU (BEYKENT)
 62
     0
440
 16777216
370
    -2
100
AcDbLine
 10
4405.519573797487
 20
1891.658660045574
 30
0.0
 11
4399.519573797487
 21
1897.658660045574
 31
0.0
  0
LINE
  5
1855
330
14DF
100
AcDbEntity
  8
AKS OLCU (BEYKENT)
 62
     0
440
 16777216
370
    -2
100
AcDbLine
 10
4405.519573797487
 20
1881.658660045574
 30
0.0
 11
4399.519573797487
 21
1887.658660045573
 31
0.0
  0
MTEXT
  5
1856
330
14DF
100
AcDbEntity
  8
AKS OLCU (BEYKENT)
 62
     7
440
 16777216
100
AcDbMText
 10
4394.395777373826
 20
1889.658660045572
 30
0.0
 40
12.0
 41
0.0
 46
0.0
 71
     5
 72
     1
  1
\A1;10
  7
YAZI (BEYKENT)
 11
0.0000000000000001
 21
1.0
 31
0.0
 73
     1
 44
1.0
  0
POINT
  5
1857
330
14DF
100
AcDbEntity
  8
Defpoints
 62
     0
440
 16777216
100
AcDbPoint
 10
4402.519573796786
 20
1884.658660045574
 30
0.0
  0
POINT
  5
1858
330
14DF
100
AcDbEntity
  8
Defpoints
 62
     0
440
 16777216
100
AcDbPoint
 10
4402.519573796786
 20
1894.658660045574
 30
0.0
  0
POINT
  5
1859
330
14DF
100
AcDbEntity
  8
Defpoints
 62
     0
440
 16777216
100
AcDbPoint
 10
4402.519573797487
 20
1894.658660045574
 30
0.0
  0
ENDBLK
  5
14E1
330
14DF
100
AcDbEntity
  8
0
100
AcDbBlockEnd
  0
BLOCK
  5
14EE
330
14ED
100
AcDbEntity
  8
0
100
AcDbBlockBegin
  2
*D192
 70
     1
 10
0.0
 20
0.0
 30
0.0
  3
*D192
  1

  0
LINE
  5
185A
330
14ED
100
AcDbEntity
  8
AKS OLCU (BEYKENT)
 62
     0
440
 16777216
370
    -2
100
AcDbLine
 10
4405.519573796786
 20
1894.658660045574
 30
0.0
 11
4402.699573797487
 21
1894.658660045574
 31
0.0
  0
LINE
  5
185B
330
14ED
100
AcDbEntity
  8
AKS OLCU (BEYKENT)
 62
     0
440
 16777216
370
    -2
100
AcDbLine
 10
4405.519573796786
 20
2014.658660045574
 30
0.0
 11
4402.699573797487
 21
2014.658660045574
 31
0.0
  0
LINE
  5
185C
330
14ED
100
AcDbEntity
  8
AKS OLCU (BEYKENT)
 62
     0
440
 16777216
370
    -2
100
AcDbLine
 10
4402.519573797487
 20
1894.658660045574
 30
0.0
 11
4402.519573797487
 21
2014.658660045574
 31
0.0
  0
LINE
  5
185D
330
14ED
100
AcDbEntity
  8
AKS OLCU (BEYKENT)
 62
     0
440
 16777216
370
    -2
100
AcDbLine
 10
4405.519573797487
 20
2011.658660045574
 30
0.0
 11
4399.519573797487
 21
2017.658660045574
 31
0.0
  0
LINE
  5
185E
330
14ED
100
AcDbEntity
  8
AKS OLCU (BEYKENT)
 62
     0
440
 16777216
370
    -2
100
AcDbLine
 10
4405.519573797487
 20
1891.658660045574
 30
0.0
 11
4399.519573797487
 21
1897.658660045574
 31
0.0
  0
MTEXT
  5
185F
330
14ED
100
AcDbEntity
  8
AKS OLCU (BEYKENT)
 62
     7
440
 16777216
100
AcDbMText
 10
4394.395777373826
 20
1954.658660045572
 30
0.0
 40
12.0
 41
0.0
 46
0.0
 71
     5
 72
     1
  1
\A1;120
  7
YAZI (BEYKENT)
 11
0.0000000000000001
 21
1.0
 31
0.0
 73
     1
 44
1.0
  0
POINT
  5
1860
330
14ED
100
AcDbEntity
  8
Defpoints
 62
     0
440
 16777216
100
AcDbPoint
 10
4402.519573796786
 20
1894.658660045574
 30
0.0
  0
POINT
  5
1861
330
14ED
100
AcDbEntity
  8
Defpoints
 62
     0
440
 16777216
100
AcDbPoint
 10
4402.519573796786
 20
2014.658660045574
 30
0.0
  0
POINT
  5
1862
330
14ED
100
AcDbEntity
  8
Defpoints
 62
     0
440
 16777216
100
AcDbPoint
 10
4402.519573797487
 20
2014.658660045574
 30
0.0
  0
ENDBLK
  5
14EF
330
14ED
100
AcDbEntity
  8
0
100
AcDbBlockEnd
  0
BLOCK
  5
14FA
330
14F9
100
AcDbEntity
  8
0
100
AcDbBlockBegin
  2
*D193
 70
     1
 10
0.0
 20
0.0
 30
0.0
  3
*D193
  1

  0
LINE
  5
1863
330
14F9
100
AcDbEntity
  8
AKS OLCU (BEYKENT)
 62
     0
440
 16777216
370
    -2
100
AcDbLine
 10
4405.519573796786
 20
2014.658660045574
 30
0.0
 11
4402.699573797487
 21
2014.658660045574
 31
0.0
  0
LINE
  5
1864
330
14F9
100
AcDbEntity
  8
AKS OLCU (BEYKENT)
 62
     0
440
 16777216
370
    -2
100
AcDbLine
 10
4405.519573796786
 20
2364.658660045574
 30
0.0
 11
4402.699573797487
 21
2364.658660045574
 31
0.0
  0
LINE
  5
1865
330
14F9
100
AcDbEntity
  8
AKS OLCU (BEYKENT)
 62
     0
440
 16777216
370
    -2
100
AcDbLine
 10
4402.519573797488
 20
2014.658660045574
 30
0.0
 11
4402.519573797487
 21
2364.658660045574
 31
0.0
  0
LINE
  5
1866
330
14F9
100
AcDbEntity
  8
AKS OLCU (BEYKENT)
 62
     0
440
 16777216
370
    -2
100
AcDbLine
 10
4405.519573797487
 20
2361.658660045574
 30
0.0
 11
4399.519573797487
 21
2367.658660045574
 31
0.0
  0
LINE
  5
1867
330
14F9
100
AcDbEntity
  8
AKS OLCU (BEYKENT)
 62
     0
440
 16777216
370
    -2
100
AcDbLine
 10
4405.519573797488
 20
2011.658660045574
 30
0.0
 11
4399.519573797488
 21
2017.658660045574
 31
0.0
  0
MTEXT
  5
1868
330
14F9
100
AcDbEntity
  8
AKS OLCU (BEYKENT)
 62
     7
440
 16777216
100
AcDbMText
 10
4394.395777373828
 20
2189.658660045572
 30
0.0
 40
12.0
 41
0.0
 46
0.0
 71
     5
 72
     1
  1
\A1;350
  7
YAZI (BEYKENT)
 11
0.0000000000000001
 21
1.0
 31
0.0
 73
     1
 44
1.0
  0
POINT
  5
1869
330
14F9
100
AcDbEntity
  8
Defpoints
 62
     0
440
 16777216
100
AcDbPoint
 10
4402.519573796786
 20
2014.658660045574
 30
0.0
  0
POINT
  5
186A
330
14F9
100
AcDbEntity
  8
Defpoints
 62
     0
440
 16777216
100
AcDbPoint
 10
4402.519573796786
 20
2364.658660045574
 30
0.0
  0
POINT
  5
186B
330
14F9
100
AcDbEntity
  8
Defpoints
 62
     0
440
 16777216
100
AcDbPoint
 10
4402.519573797487
 20
2364.658660045574
 30
0.0
  0
ENDBLK
  5
14FB
330
14F9
100
AcDbEntity
  8
0
100
AcDbBlockEnd
  0
BLOCK
  5
1506
330
1505
100
AcDbEntity
  8
0
100
AcDbBlockBegin
  2
*D194
 70
     1
 10
0.0
 20
0.0
 30
0.0
  3
*D194
  1

  0
LINE
  5
186C
330
1505
100
AcDbEntity
  8
AKS OLCU (BEYKENT)
 62
     0
440
 16777216
370
    -2
100
AcDbLine
 10
4405.519573796786
 20
2364.658660045574
 30
0.0
 11
4402.699573797487
 21
2364.658660045574
 31
0.0
  0
LINE
  5
186D
330
1505
100
AcDbEntity
  8
AKS OLCU (BEYKENT)
 62
     0
440
 16777216
370
    -2
100
AcDbLine
 10
4405.519573796786
 20
2514.658660045574
 30
0.0
 11
4402.699573797487
 21
2514.658660045574
 31
0.0
  0
LINE
  5
186E
330
1505
100
AcDbEntity
  8
AKS OLCU (BEYKENT)
 62
     0
440
 16777216
370
    -2
100
AcDbLine
 10
4402.519573797487
 20
2364.658660045574
 30
0.0
 11
4402.519573797487
 21
2514.658660045574
 31
0.0
  0
LINE
  5
186F
330
1505
100
AcDbEntity
  8
AKS OLCU (BEYKENT)
 62
     0
440
 16777216
370
    -2
100
AcDbLine
 10
4405.519573797487
 20
2511.658660045574
 30
0.0
 11
4399.519573797487
 21
2517.658660045574
 31
0.0
  0
LINE
  5
1870
330
1505
100
AcDbEntity
  8
AKS OLCU (BEYKENT)
 62
     0
440
 16777216
370
    -2
100
AcDbLine
 10
4405.519573797487
 20
2361.658660045574
 30
0.0
 11
4399.519573797487
 21
2367.658660045574
 31
0.0
  0
MTEXT
  5
1871
330
1505
100
AcDbEntity
  8
AKS OLCU (BEYKENT)
 62
     7
440
 16777216
100
AcDbMText
 10
4394.395777373828
 20
2439.658660045572
 30
0.0
 40
12.0
 41
0.0
 46
0.0
 71
     5
 72
     1
  1
\A1;150
  7
YAZI (BEYKENT)
 11
0.0000000000000001
 21
1.0
 31
0.0
 73
     1
 44
1.0
  0
POINT
  5
1872
330
1505
100
AcDbEntity
  8
Defpoints
 62
     0
440
 16777216
100
AcDbPoint
 10
4402.519573796786
 20
2364.658660045574
 30
0.0
  0
POINT
  5
1873
330
1505
100
AcDbEntity
  8
Defpoints
 62
     0
440
 16777216
100
AcDbPoint
 10
4402.519573796786
 20
2514.658660045574
 30
0.0
  0
POINT
  5
1874
330
1505
100
AcDbEntity
  8
Defpoints
 62
     0
440
 16777216
100
AcDbPoint
 10
4402.519573797487
 20
2514.658660045574
 30
0.0
  0
ENDBLK
  5
1507
330
1505
100
AcDbEntity
  8
0
100
AcDbBlockEnd
  0
ENDSEC
  0
SECTION
  2
ENTITIES
  0
HATCH
  5
C0A
330
1F
100
AcDbEntity
  8
TARAMA (BEYKENT)
100
AcDbHatch
 10
0.0
 20
0.0
 30
0.0
210
0.0
220
0.0
230
1.0
  2
ANSI33
 70
     0
 71
     1
 91
        1
 92
        1
 93
        4
 72
     1
 10
2122.519675465765
 20
2339.658560045572
 11
2147.519675465765
 21
2339.658560045572
 72
     1
 10
2147.519675465765
 20
2339.658560045572
 11
2147.519675465765
 21
2514.658560045572
 72
     1
 10
2147.519675465765
 20
2514.658560045572
 11
2122.519675465765
 21
2514.658560045572
 72
     1
 10
2122.519675465765
 20
2514.658560045572
 11
2122.519675465765
 21
2339.658560045572
 97
        1
330
1031
 75
     0
 76
     1
 52
0.0
 41
1.0
 77
     0
 78
     2
 53
45.0
 43
-71381.18945755687
 44
-21418.79615313836
 45
-4.490128060534575
 46
4.490128060534575
 79
     0
 53
45.0
 43
-71376.69932755686
 44
-21418.79615313836
 45
-4.490128060534575
 46
4.490128060534575
 79
     2
 49
3.174999999999998
 49
-1.587499999999999
 98
        1
 10
-71381.18945755687
 20
-21418.79615313836
  0
HATCH
  5
C0B
330
1F
100
AcDbEntity
  8
TARAMA (BEYKENT)
100
AcDbHatch
 10
0.0
 20
0.0
 30
0.0
210
0.0
220
0.0
230
1.0
  2
ANSI33
 70
     0
 71
     1
 91
        1
 92
        1
 93
        4
 72
     1
 10
2637.519675465765
 20
2454.658560045572
 11
2667.519675465765
 21
2454.658560045572
 72
     1
 10
2667.519675465765
 20
2454.658560045572
 11
2667.519675465765
 21
2514.658560045572
 72
     1
 10
2667.519675465765
 20
2514.658560045572
 11
2637.519675465765
 21
2514.658560045572
 72
     1
 10
2637.519675465765
 20
2514.658560045572
 11
2637.519675465765
 21
2454.658560045572
 97
        1
330
1034
 75
     0
 76
     1
 52
0.0
 41
1.0
 77
     0
 78
     2
 53
45.0
 43
-71381.18945755687
 44
-21418.79615313836
 45
-4.490128060534575
 46
4.490128060534575
 79
     0
 53
45.0
 43
-71376.69932755686
 44
-21418.79615313836
 45
-4.490128060534575
 46
4.490128060534575
 79
     2
 49
3.174999999999998
 49
-1.587499999999999
 98
        1
 10
-71381.18945755687
 20
-21418.79615313836
  0
HATCH
  5
C0C
330
1F
100
AcDbEntity
  8
TARAMA (BEYKENT)
100
AcDbHatch
 10
0.0
 20
0.0
 30
0.0
210
0.0
220
0.0
230
1.0
  2
ANSI33
 70
     0
 71
     1
 91
        1
 92
        1
 93
        4
 72
     1
 10
3027.519675465765
 20
2339.658560045572
 11
3052.519675465765
 21
2339.658560045572
 72
     1
 10
3052.519675465765
 20
2339.658560045572
 11
3052.519675465765
 21
2514.658560045572
 72
     1
 10
3052.519675465765
 20
2514.658560045572
 11
3027.519675465765
 21
2514.658560045572
 72
     1
 10
3027.519675465765
 20
2514.658560045572
 11
3027.519675465765
 21
2339.658560045572
 97
        1
330
1037
 75
     0
 76
     1
 52
0.0
 41
1.0
 77
     0
 78
     2
 53
45.0
 43
-71381.18945755687
 44
-21418.79615313836
 45
-4.490128060534575
 46
4.490128060534575
 79
     0
 53
45.0
 43
-71376.69932755686
 44
-21418.79615313836
 45
-4.490128060534575
 46
4.490128060534575
 79
     2
 49
3.174999999999998
 49
-1.587499999999999
 98
        1
 10
-71381.18945755687
 20
-21418.79615313836
  0
HATCH
  5
C0D
330
1F
100
AcDbEntity
  8
TARAMA (BEYKENT)
100
AcDbHatch
 10
0.0
 20
0.0
 30
0.0
210
0.0
220
0.0
230
1.0
  2
ANSI33
 70
     0
 71
     1
 91
        1
 92
        1
 93
        4
 72
     1
 10
3417.519675465765
 20
2454.658560045572
 11
3447.519675465765
 21
2454.658560045572
 72
     1
 10
3447.519675465765
 20
2454.658560045572
 11
3447.519675465765
 21
2514.658560045572
 72
     1
 10
3447.519675465765
 20
2514.658560045572
 11
3417.519675465765
 21
2514.658560045572
 72
     1
 10
3417.519675465765
 20
2514.658560045572
 11
3417.519675465765
 21
2454.658560045572
 97
        1
330
103A
 75
     0
 76
     1
 52
0.0
 41
1.0
 77
     0
 78
     2
 53
45.0
 43
-71381.18945755687
 44
-21418.79615313836
 45
-4.490128060534575
 46
4.490128060534575
 79
     0
 53
45.0
 43
-71376.69932755686
 44
-21418.79615313836
 45
-4.490128060534575
 46
4.490128060534575
 79
     2
 49
3.174999999999998
 49
-1.587499999999999
 98
        1
 10
-71381.18945755687
 20
-21418.79615313836
  0
HATCH
  5
C0E
330
1F
100
AcDbEntity
  8
TARAMA (BEYKENT)
100
AcDbHatch
 10
0.0
 20
0.0
 30
0.0
210
0.0
220
0.0
230
1.0
  2
ANSI33
 70
     0
 71
     1
 91
        1
 92
        1
 93
        4
 72
     1
 10
3937.519675465765
 20
2339.658560045572
 11
3962.519675465765
 21
2339.658560045572
 72
     1
 10
3962.519675465765
 20
2339.658560045572
 11
3962.519675465765
 21
2514.658560045572
 72
     1
 10
3962.519675465765
 20
2514.658560045572
 11
3937.519675465765
 21
2514.658560045572
 72
     1
 10
3937.519675465765
 20
2514.658560045572
 11
3937.519675465765
 21
2339.658560045572
 97
        1
330
103D
 75
     0
 76
     1
 52
0.0
 41
1.0
 77
     0
 78
     2
 53
45.0
 43
-71381.18945755687
 44
-21418.79615313836
 45
-4.490128060534575
 46
4.490128060534575
 79
     0
 53
45.0
 43
-71376.69932755686
 44
-21418.79615313836
 45
-4.490128060534575
 46
4.490128060534575
 79
     2
 49
3.174999999999998
 49
-1.587499999999999
 98
        1
 10
-71381.18945755687
 20
-21418.79615313836
  0
HATCH
  5
C0F
330
1F
100
AcDbEntity
  8
TARAMA (BEYKENT)
100
AcDbHatch
 10
0.0
 20
0.0
 30
0.0
210
0.0
220
0.0
230
1.0
  2
ANSI33
 70
     0
 71
     1
 91
        1
 92
        1
 93
        4
 72
     1
 10
1827.519675465764
 20
2304.658560045572
 11
1857.519675465765
 21
2304.658560045572
 72
     1
 10
1857.519675465765
 20
2304.658560045572
 11
1857.519675465765
 21
2364.658560045572
 72
     1
 10
1857.519675465765
 20
2364.658560045572
 11
1827.519675465764
 21
2364.658560045572
 72
     1
 10
1827.519675465764
 20
2364.658560045572
 11
1827.519675465764
 21
2304.658560045572
 97
        1
330
1040
 75
     0
 76
     1
 52
0.0
 41
1.0
 77
     0
 78
     2
 53
45.0
 43
-71381.18945755687
 44
-21418.79615313836
 45
-4.490128060534575
 46
4.490128060534575
 79
     0
 53
45.0
 43
-71376.69932755686
 44
-21418.79615313836
 45
-4.490128060534575
 46
4.490128060534575
 79
     2
 49
3.174999999999998
 49
-1.587499999999999
 98
        1
 10
-71381.18945755687
 20
-21418.79615313836
  0
HATCH
  5
C10
330
1F
100
AcDbEntity
  8
TARAMA (BEYKENT)
100
AcDbHatch
 10
0.0
 20
0.0
 30
0.0
210
0.0
220
0.0
230
1.0
  2
ANSI33
 70
     0
 71
     1
 91
        1
 92
        1
 93
        4
 72
     1
 10
4227.519675465765
 20
2304.658560045572
 11
4257.519675465764
 21
2304.658560045572
 72
     1
 10
4257.519675465764
 20
2304.658560045572
 11
4257.519675465764
 21
2364.658560045572
 72
     1
 10
4257.519675465764
 20
2364.658560045572
 11
4227.519675465765
 21
2364.658560045572
 72
     1
 10
4227.519675465765
 20
2364.658560045572
 11
4227.519675465765
 21
2304.658560045572
 97
        1
330
1043
 75
     0
 76
     1
 52
0.0
 41
1.0
 77
     0
 78
     2
 53
45.0
 43
-71381.18945755687
 44
-21418.79615313836
 45
-4.490128060534575
 46
4.490128060534575
 79
     0
 53
45.0
 43
-71376.69932755686
 44
-21418.79615313836
 45
-4.490128060534575
 46
4.490128060534575
 79
     2
 49
3.174999999999998
 49
-1.587499999999999
 98
        1
 10
-71381.18945755687
 20
-21418.79615313836
  0
HATCH
  5
C11
330
1F
100
AcDbEntity
  8
TARAMA (BEYKENT)
100
AcDbHatch
 10
0.0
 20
0.0
 30
0.0
210
0.0
220
0.0
230
1.0
  2
ANSI33
 70
     0
 71
     1
 91
        1
 92
        1
 93
        4
 72
     1
 10
2122.519675465765
 20
2014.658560045572
 11
2152.519675465764
 21
2014.658560045572
 72
     1
 10
2152.519675465764
 20
2014.658560045572
 11
2152.519675465764
 21
2074.658560045572
 72
     1
 10
2152.519675465764
 20
2074.658560045572
 11
2122.519675465765
 21
2074.658560045572
 72
     1
 10
2122.519675465765
 20
2074.658560045572
 11
2122.519675465765
 21
2014.658560045572
 97
        1
330
1046
 75
     0
 76
     1
 52
0.0
 41
1.0
 77
     0
 78
     2
 53
45.0
 43
-71381.18945755687
 44
-21418.79615313836
 45
-4.490128060534575
 46
4.490128060534575
 79
     0
 53
45.0
 43
-71376.69932755686
 44
-21418.79615313836
 45
-4.490128060534575
 46
4.490128060534575
 79
     2
 49
3.174999999999998
 49
-1.587499999999999
 98
        1
 10
-71381.18945755687
 20
-21418.79615313836
  0
HATCH
  5
C12
330
1F
100
AcDbEntity
  8
TARAMA (BEYKENT)
100
AcDbHatch
 10
0.0
 20
0.0
 30
0.0
210
0.0
220
0.0
230
1.0
  2
ANSI33
 70
     0
 71
     1
 91
        1
 92
        1
 93
        4
 72
     1
 10
2637.519675465765
 20
2014.658560045572
 11
2667.519675465765
 21
2014.658560045572
 72
     1
 10
2667.519675465765
 20
2014.658560045572
 11
2667.519675465765
 21
2074.658560045572
 72
     1
 10
2667.519675465765
 20
2074.658560045572
 11
2637.519675465765
 21
2074.658560045572
 72
     1
 10
2637.519675465765
 20
2074.658560045572
 11
2637.519675465765
 21
2014.658560045572
 97
        1
330
1049
 75
     0
 76
     1
 52
0.0
 41
1.0
 77
     0
 78
     2
 53
45.0
 43
-71381.18945755687
 44
-21418.79615313836
 45
-4.490128060534575
 46
4.490128060534575
 79
     0
 53
45.0
 43
-71376.69932755686
 44
-21418.79615313836
 45
-4.490128060534575
 46
4.490128060534575
 79
     2
 49
3.174999999999998
 49
-1.587499999999999
 98
        1
 10
-71381.18945755687
 20
-21418.79615313836
  0
HATCH
  5
C13
330
1F
100
AcDbEntity
  8
TARAMA (BEYKENT)
100
AcDbHatch
 10
0.0
 20
0.0
 30
0.0
210
0.0
220
0.0
230
1.0
  2
ANSI33
 70
     0
 71
     1
 91
        1
 92
        1
 93
        4
 72
     1
 10
3417.519675465765
 20
2014.658560045572
 11
3447.519675465765
 21
2014.658560045572
 72
     1
 10
3447.519675465765
 20
2014.658560045572
 11
3447.519675465765
 21
2074.658560045572
 72
     1
 10
3447.519675465765
 20
2074.658560045572
 11
3417.519675465765
 21
2074.658560045572
 72
     1
 10
3417.519675465765
 20
2074.658560045572
 11
3417.519675465765
 21
2014.658560045572
 97
        1
330
104C
 75
     0
 76
     1
 52
0.0
 41
1.0
 77
     0
 78
     2
 53
45.0
 43
-71381.18945755687
 44
-21418.79615313836
 45
-4.490128060534575
 46
4.490128060534575
 79
     0
 53
45.0
 43
-71376.69932755686
 44
-21418.79615313836
 45
-4.490128060534575
 46
4.490128060534575
 79
     2
 49
3.174999999999998
 49
-1.587499999999999
 98
        1
 10
-71381.18945755687
 20
-21418.79615313836
  0
HATCH
  5
C14
330
1F
100
AcDbEntity
  8
TARAMA (BEYKENT)
100
AcDbHatch
 10
0.0
 20
0.0
 30
0.0
210
0.0
220
0.0
230
1.0
  2
ANSI33
 70
     0
 71
     1
 91
        1
 92
        1
 93
        4
 72
     1
 10
3932.519675465766
 20
2014.658560045572
 11
3962.519675465765
 21
2014.658560045572
 72
     1
 10
3962.519675465765
 20
2014.658560045572
 11
3962.519675465765
 21
2074.658560045572
 72
     1
 10
3962.519675465765
 20
2074.658560045572
 11
3932.519675465766
 21
2074.658560045572
 72
     1
 10
3932.519675465766
 20
2074.658560045572
 11
3932.519675465766
 21
2014.658560045572
 97
        1
330
104F
 75
     0
 76
     1
 52
0.0
 41
1.0
 77
     0
 78
     2
 53
45.0
 43
-71381.18945755687
 44
-21418.79615313836
 45
-4.490128060534575
 46
4.490128060534575
 79
     0
 53
45.0
 43
-71376.69932755686
 44
-21418.79615313836
 45
-4.490128060534575
 46
4.490128060534575
 79
     2
 49
3.174999999999998
 49
-1.587499999999999
 98
        1
 10
-71381.18945755687
 20
-21418.79615313836
  0
HATCH
  5
C15
330
1F
100
AcDbEntity
  8
TARAMA (BEYKENT)
100
AcDbHatch
 10
0.0
 20
0.0
 30
0.0
210
0.0
220
0.0
230
1.0
  2
ANSI33
 70
     0
 71
     1
 91
        1
 92
        1
 93
        4
 72
     1
 10
1827.519675465764
 20
1884.658560045572
 11
1982.519675465765
 21
1884.658560045572
 72
     1
 10
1982.519675465765
 20
1884.658560045572
 11
1982.519675465765
 21
1909.658560045572
 72
     1
 10
1982.519675465765
 20
1909.658560045572
 11
1827.519675465764
 21
1909.658560045572
 72
     1
 10
1827.519675465764
 20
1909.658560045572
 11
1827.519675465764
 21
1884.658560045572
 97
        1
330
1052
 75
     0
 76
     1
 52
0.0
 41
1.0
 77
     0
 78
     2
 53
45.0
 43
-71381.18945755687
 44
-21418.79615313836
 45
-4.490128060534575
 46
4.490128060534575
 79
     0
 53
45.0
 43
-71376.69932755686
 44
-21418.79615313836
 45
-4.490128060534575
 46
4.490128060534575
 79
     2
 49
3.174999999999998
 49
-1.587499999999999
 98
        1
 10
-71381.18945755687
 20
-21418.79615313836
  0
HATCH
  5
C16
330
1F
100
AcDbEntity
  8
TARAMA (BEYKENT)
100
AcDbHatch
 10
0.0
 20
0.0
 30
0.0
210
0.0
220
0.0
230
1.0
  2
ANSI33
 70
     0
 71
     1
 91
        1
 92
        1
 93
        4
 72
     1
 10
3602.519675465765
 20
1719.658560045572
 11
3627.519675465765
 21
1719.658560045572
 72
     1
 10
3627.519675465765
 20
1719.658560045572
 11
3627.519675465765
 21
1894.658560045572
 72
     1
 10
3627.519675465765
 20
1894.658560045572
 11
3602.519675465765
 21
1894.658560045572
 72
     1
 10
3602.519675465765
 20
1894.658560045572
 11
3602.519675465765
 21
1719.658560045572
 97
        1
330
1055
 75
     0
 76
     1
 52
0.0
 41
1.0
 77
     0
 78
     2
 53
45.0
 43
-71381.18945755687
 44
-21418.79615313836
 45
-4.490128060534575
 46
4.490128060534575
 79
     0
 53
45.0
 43
-71376.69932755686
 44
-21418.79615313836
 45
-4.490128060534575
 46
4.490128060534575
 79
     2
 49
3.174999999999998
 49
-1.587499999999999
 98
        1
 10
-71381.18945755687
 20
-21418.79615313836
  0
HATCH
  5
C17
330
1F
100
AcDbEntity
  8
TARAMA (BEYKENT)
100
AcDbHatch
 10
0.0
 20
0.0
 30
0.0
210
0.0
220
0.0
230
1.0
  2
ANSI33
 70
     0
 71
     1
 91
        1
 92
        1
 93
        4
 72
     1
 10
4107.519675465765
 20
1869.658560045572
 11
4257.519675465764
 21
1869.658560045572
 72
     1
 10
4257.519675465764
 20
1869.658560045572
 11
4257.519675465764
 21
1894.658560045572
 72
     1
 10
4257.519675465764
 20
1894.658560045572
 11
4107.519675465765
 21
1894.658560045572
 72
     1
 10
4107.519675465765
 20
1894.658560045572
 11
4107.519675465765
 21
1869.658560045572
 97
        1
330
1058
 75
     0
 76
     1
 52
0.0
 41
1.0
 77
     0
 78
     2
 53
45.0
 43
-71381.18945755687
 44
-21418.79615313836
 45
-4.490128060534575
 46
4.490128060534575
 79
     0
 53
45.0
 43
-71376.69932755686
 44
-21418.79615313836
 45
-4.490128060534575
 46
4.490128060534575
 79
     2
 49
3.174999999999998
 49
-1.587499999999999
 98
        1
 10
-71381.18945755687
 20
-21418.79615313836
  0
HATCH
  5
C18
330
1F
100
AcDbEntity
  8
TARAMA (BEYKENT)
100
AcDbHatch
 10
0.0
 20
0.0
 30
0.0
210
0.0
220
0.0
230
1.0
  2
ANSI33
 70
     0
 71
     1
 91
        1
 92
        1
 93
        4
 72
     1
 10
2637.519675465765
 20
1799.658560045572
 11
2697.519675465765
 21
1799.658560045572
 72
     1
 10
2697.519675465765
 20
1799.658560045572
 11
2697.519675465765
 21
1829.658560045572
 72
     1
 10
2697.519675465765
 20
1829.658560045572
 11
2637.519675465765
 21
1829.658560045572
 72
     1
 10
2637.519675465765
 20
1829.658560045572
 11
2637.519675465765
 21
1799.658560045572
 97
        1
330
105B
 75
     0
 76
     1
 52
0.0
 41
1.0
 77
     0
 78
     2
 53
45.0
 43
-71381.18945755687
 44
-21418.79615313836
 45
-4.490128060534575
 46
4.490128060534575
 79
     0
 53
45.0
 43
-71376.69932755686
 44
-21418.79615313836
 45
-4.490128060534575
 46
4.490128060534575
 79
     2
 49
3.174999999999998
 49
-1.587499999999999
 98
        1
 10
-71381.18945755687
 20
-21418.79615313836
  0
HATCH
  5
C19
330
1F
100
AcDbEntity
  8
TARAMA (BEYKENT)
100
AcDbHatch
 10
0.0
 20
0.0
 30
0.0
210
0.0
220
0.0
230
1.0
  2
ANSI33
 70
     0
 71
     1
 91
        1
 92
        1
 93
        4
 72
     1
 10
3027.519675465765
 20
1799.658560045572
 11
3052.519675465765
 21
1799.658560045572
 72
     1
 10
3052.519675465765
 20
1799.658560045572
 11
3052.519675465765
 21
1949.658560045572
 72
     1
 10
3052.519675465765
 20
1949.658560045572
 11
3027.519675465765
 21
1949.658560045572
 72
     1
 10
3027.519675465765
 20
1949.658560045572
 11
3027.519675465765
 21
1799.658560045572
 97
        1
330
105E
 75
     0
 76
     1
 52
0.0
 41
1.0
 77
     0
 78
     2
 53
45.0
 43
-71381.18945755687
 44
-21418.79615313836
 45
-4.490128060534575
 46
4.490128060534575
 79
     0
 53
45.0
 43
-71376.69932755686
 44
-21418.79615313836
 45
-4.490128060534575
 46
4.490128060534575
 79
     2
 49
3.174999999999998
 49
-1.587499999999999
 98
        1
 10
-71381.18945755687
 20
-21418.79615313836
  0
HATCH
  5
C1A
330
1F
100
AcDbEntity
  8
TARAMA (BEYKENT)
100
AcDbHatch
 10
0.0
 20
0.0
 30
0.0
210
0.0
220
0.0
230
1.0
  2
ANSI33
 70
     0
 71
     1
 91
        1
 92
        1
 93
        4
 72
     1
 10
3297.519675465764
 20
1799.658560045572
 11
3447.519675465765
 21
1799.658560045572
 72
     1
 10
3447.519675465765
 20
1799.658560045572
 11
3447.519675465765
 21
1824.658560045572
 72
     1
 10
3447.519675465765
 20
1824.658560045572
 11
3297.519675465764
 21
1824.658560045572
 72
     1
 10
3297.519675465764
 20
1824.658560045572
 11
3297.519675465764
 21
1799.658560045572
 97
        1
330
1061
 75
     0
 76
     1
 52
0.0
 41
1.0
 77
     0
 78
     2
 53
45.0
 43
-71381.18945755687
 44
-21418.79615313836
 45
-4.490128060534575
 46
4.490128060534575
 79
     0
 53
45.0
 43
-71376.69932755686
 44
-21418.79615313836
 45
-4.490128060534575
 46
4.490128060534575
 79
     2
 49
3.174999999999998
 49
-1.587499999999999
 98
        1
 10
-71381.18945755687
 20
-21418.79615313836
  0
HATCH
  5
C1B
330
1F
100
AcDbEntity
  8
TARAMA (BEYKENT)
100
AcDbHatch
 10
0.0
 20
0.0
 30
0.0
210
0.0
220
0.0
230
1.0
  2
ANSI33
 70
     0
 71
     1
 91
        1
 92
        1
 93
        4
 72
     1
 10
2457.519775465769
 20
1624.658560045572
 11
2482.51977546577
 21
1624.658560045572
 72
     1
 10
2482.51977546577
 20
1624.658560045572
 11
2482.51977546577
 21
1824.658560045572
 72
     1
 10
2482.51977546577
 20
1824.658560045572
 11
2457.519775465769
 21
1824.658560045572
 72
     1
 10
2457.519775465769
 20
1824.658560045572
 11
2457.519775465769
 21
1624.658560045572
 97
        1
330
1064
 75
     0
 76
     1
 52
0.0
 41
1.0
 77
     0
 78
     2
 53
45.0
 43
-71381.18945755687
 44
-21418.79615313836
 45
-4.490128060534575
 46
4.490128060534575
 79
     0
 53
45.0
 43
-71376.69932755686
 44
-21418.79615313836
 45
-4.490128060534575
 46
4.490128060534575
 79
     2
 49
3.174999999999998
 49
-1.587499999999999
 98
        1
 10
-71381.18945755687
 20
-21418.79615313836
  0
HATCH
  5
C1C
330
1F
100
AcDbEntity
  8
TARAMA (BEYKENT)
100
AcDbHatch
 10
0.0
 20
0.0
 30
0.0
210
0.0
220
0.0
230
1.0
  2
ANSI33
 70
     0
 71
     1
 91
        1
 92
        1
 93
        4
 72
     1
 10
2637.519675465765
 20
1619.658560045572
 11
2697.519675465765
 21
1619.658560045572
 72
     1
 10
2697.519675465765
 20
1619.658560045572
 11
2697.519675465765
 21
1649.658560045572
 72
     1
 10
2697.519675465765
 20
1649.658560045572
 11
2637.519675465765
 21
1649.658560045572
 72
     1
 10
2637.519675465765
 20
1649.658560045572
 11
2637.519675465765
 21
1619.658560045572
 97
        1
330
1067
 75
     0
 76
     1
 52
0.0
 41
1.0
 77
     0
 78
     2
 53
45.0
 43
-71381.18945755687
 44
-21418.79615313836
 45
-4.490128060534575
 46
4.490128060534575
 79
     0
 53
45.0
 43
-71376.69932755686
 44
-21418.79615313836
 45
-4.490128060534575
 46
4.490128060534575
 79
     2
 49
3.174999999999998
 49
-1.587499999999999
 98
        1
 10
-71381.18945755687
 20
-21418.79615313836
  0
HATCH
  5
C1D
330
1F
100
AcDbEntity
  8
TARAMA (BEYKENT)
100
AcDbHatch
 10
0.0
 20
0.0
 30
0.0
210
0.0
220
0.0
230
1.0
  2
ANSI33
 70
     0
 71
     1
 91
        1
 92
        1
 93
        4
 72
     1
 10
3022.519675465765
 20
1589.658560045572
 11
3052.519675465765
 21
1589.658560045572
 72
     1
 10
3052.519675465765
 20
1589.658560045572
 11
3052.519675465765
 21
1649.658560045572
 72
     1
 10
3052.519675465765
 20
1649.658560045572
 11
3022.519675465765
 21
1649.658560045572
 72
     1
 10
3022.519675465765
 20
1649.658560045572
 11
3022.519675465765
 21
1589.658560045572
 97
        1
330
106A
 75
     0
 76
     1
 52
0.0
 41
1.0
 77
     0
 78
     2
 53
45.0
 43
-71381.18945755687
 44
-21418.79615313836
 45
-4.490128060534575
 46
4.490128060534575
 79
     0
 53
45.0
 43
-71376.69932755686
 44
-21418.79615313836
 45
-4.490128060534575
 46
4.490128060534575
 79
     2
 49
3.174999999999998
 49
-1.587499999999999
 98
        1
 10
-71381.18945755687
 20
-21418.79615313836
  0
HATCH
  5
C1E
330
1F
100
AcDbEntity
  8
TARAMA (BEYKENT)
100
AcDbHatch
 10
0.0
 20
0.0
 30
0.0
210
0.0
220
0.0
230
1.0
  2
ANSI33
 70
     0
 71
     1
 91
        1
 92
        1
 93
        4
 72
     1
 10
1827.519675465764
 20
1539.658560045572
 11
1982.519675465765
 21
1539.658560045572
 72
     1
 10
1982.519675465765
 20
1539.658560045572
 11
1982.519675465765
 21
1564.658560045572
 72
     1
 10
1982.519675465765
 20
1564.658560045572
 11
1827.519675465764
 21
1564.658560045572
 72
     1
 10
1827.519675465764
 20
1564.658560045572
 11
1827.519675465764
 21
1539.658560045572
 97
        1
330
106D
 75
     0
 76
     1
 52
0.0
 41
1.0
 77
     0
 78
     2
 53
45.0
 43
-71381.18945755687
 44
-21418.79615313836
 45
-4.490128060534575
 46
4.490128060534575
 79
     0
 53
45.0
 43
-71376.69932755686
 44
-21418.79615313836
 45
-4.490128060534575
 46
4.490128060534575
 79
     2
 49
3.174999999999998
 49
-1.587499999999999
 98
        1
 10
-71381.18945755687
 20
-21418.79615313836
  0
HATCH
  5
C1F
330
1F
100
AcDbEntity
  8
TARAMA (BEYKENT)
100
AcDbHatch
 10
0.0
 20
0.0
 30
0.0
210
0.0
220
0.0
230
1.0
  2
ANSI33
 70
     0
 71
     1
 91
        1
 92
        1
 93
        6
 72
     1
 10
3552.519728871526
 20
1539.658680045572
 11
3627.519725465768
 21
1539.658680045572
 72
     1
 10
3627.519725465768
 20
1539.658680045572
 11
3627.519725465768
 21
1564.658560045572
 72
     1
 10
3627.519725465768
 20
1564.658560045572
 11
3527.519855465767
 21
1564.658560045572
 72
     1
 10
3527.519855465767
 20
1564.658560045572
 11
3527.519855465767
 21
1298.658660045573
 72
     1
 10
3527.519855465767
 20
1298.658660045573
 11
3552.519728871526
 21
1298.658660045573
 72
     1
 10
3552.519728871526
 20
1298.658660045573
 11
3552.519728871526
 21
1539.658680045572
 97
        1
330
1070
 75
     0
 76
     1
 52
0.0
 41
1.0
 77
     0
 78
     2
 53
45.0
 43
-71381.18945755687
 44
-21418.79615313836
 45
-4.490128060534575
 46
4.490128060534575
 79
     0
 53
45.0
 43
-71376.69932755686
 44
-21418.79615313836
 45
-4.490128060534575
 46
4.490128060534575
 79
     2
 49
3.174999999999998
 49
-1.587499999999999
 98
        1
 10
-71381.18945755687
 20
-21418.79615313836
  0
HATCH
  5
C20
330
1F
100
AcDbEntity
  8
TARAMA (BEYKENT)
100
AcDbHatch
 10
0.0
 20
0.0
 30
0.0
210
0.0
220
0.0
230
1.0
  2
ANSI33
 70
     0
 71
     1
 91
        1
 92
        1
 93
        4
 72
     1
 10
2122.519675465765
 20
1374.658560045572
 11
2152.519675465764
 21
1374.658560045572
 72
     1
 10
2152.519675465764
 20
1374.658560045572
 11
2152.519675465764
 21
1434.658560045572
 72
     1
 10
2152.519675465764
 20
1434.658560045572
 11
2122.519675465765
 21
1434.658560045572
 72
     1
 10
2122.519675465765
 20
1434.658560045572
 11
2122.519675465765
 21
1374.658560045572
 97
        1
330
1072
 75
     0
 76
     1
 52
0.0
 41
1.0
 77
     0
 78
     2
 53
45.0
 43
-71381.18945755687
 44
-21418.79615313836
 45
-4.490128060534575
 46
4.490128060534575
 79
     0
 53
45.0
 43
-71376.69932755686
 44
-21418.79615313836
 45
-4.490128060534575
 46
4.490128060534575
 79
     2
 49
3.174999999999998
 49
-1.587499999999999
 98
        1
 10
-71381.18945755687
 20
-21418.79615313836
  0
HATCH
  5
C21
330
1F
100
AcDbEntity
  8
TARAMA (BEYKENT)
100
AcDbHatch
 10
0.0
 20
0.0
 30
0.0
210
0.0
220
0.0
230
1.0
  2
ANSI33
 70
     0
 71
     1
 91
        1
 92
        1
 93
        4
 72
     1
 10
2637.519675465765
 20
1374.658560045572
 11
2667.519675465765
 21
1374.658560045572
 72
     1
 10
2667.519675465765
 20
1374.658560045572
 11
2667.519675465765
 21
1434.658560045572
 72
     1
 10
2667.519675465765
 20
1434.658560045572
 11
2637.519675465765
 21
1434.658560045572
 72
     1
 10
2637.519675465765
 20
1434.658560045572
 11
2637.519675465765
 21
1374.658560045572
 97
        1
330
1075
 75
     0
 76
     1
 52
0.0
 41
1.0
 77
     0
 78
     2
 53
45.0
 43
-71381.18945755687
 44
-21418.79615313836
 45
-4.490128060534575
 46
4.490128060534575
 79
     0
 53
45.0
 43
-71376.69932755686
 44
-21418.79615313836
 45
-4.490128060534575
 46
4.490128060534575
 79
     2
 49
3.174999999999998
 49
-1.587499999999999
 98
        1
 10
-71381.18945755687
 20
-21418.79615313836
  0
HATCH
  5
C22
330
1F
100
AcDbEntity
  8
TARAMA (BEYKENT)
100
AcDbHatch
 10
0.0
 20
0.0
 30
0.0
210
0.0
220
0.0
230
1.0
  2
ANSI33
 70
     0
 71
     1
 91
        1
 92
        1
 93
        4
 72
     1
 10
3022.519675465765
 20
1298.658560045572
 11
3052.519675465765
 21
1298.658560045572
 72
     1
 10
3052.519675465765
 20
1298.658560045572
 11
3052.519675465765
 21
1358.658560045572
 72
     1
 10
3052.519675465765
 20
1358.658560045572
 11
3022.519675465765
 21
1358.658560045572
 72
     1
 10
3022.519675465765
 20
1358.658560045572
 11
3022.519675465765
 21
1298.658560045572
 97
        1
330
1078
 75
     0
 76
     1
 52
0.0
 41
1.0
 77
     0
 78
     2
 53
45.0
 43
-71381.18945755687
 44
-21418.79615313836
 45
-4.490128060534575
 46
4.490128060534575
 79
     0
 53
45.0
 43
-71376.69932755686
 44
-21418.79615313836
 45
-4.490128060534575
 46
4.490128060534575
 79
     2
 49
3.174999999999998
 49
-1.587499999999999
 98
        1
 10
-71381.18945755687
 20
-21418.79615313836
  0
HATCH
  5
C23
330
1F
100
AcDbEntity
  8
TARAMA (BEYKENT)
100
AcDbHatch
 10
0.0
 20
0.0
 30
0.0
210
0.0
220
0.0
230
1.0
  2
ANSI33
 70
     0
 71
     1
 91
        1
 92
        1
 93
        4
 72
     1
 10
3302.519675465764
 20
1298.658560045572
 11
3327.519675465764
 21
1298.658560045572
 72
     1
 10
3327.519675465764
 20
1298.658560045572
 11
3327.519675465764
 21
1564.658560045572
 72
     1
 10
3327.519675465764
 20
1564.658560045572
 11
3302.519675465764
 21
1564.658560045572
 72
     1
 10
3302.519675465764
 20
1564.658560045572
 11
3302.519675465764
 21
1298.658560045572
 97
        1
330
107B
 75
     0
 76
     1
 52
0.0
 41
1.0
 77
     0
 78
     2
 53
45.0
 43
-71381.18945755687
 44
-21418.79615313836
 45
-4.490128060534575
 46
4.490128060534575
 79
     0
 53
45.0
 43
-71376.69932755686
 44
-21418.79615313836
 45
-4.490128060534575
 46
4.490128060534575
 79
     2
 49
3.174999999999998
 49
-1.587499999999999
 98
        1
 10
-71381.18945755687
 20
-21418.79615313836
  0
HATCH
  5
C24
330
1F
100
AcDbEntity
  8
TARAMA (BEYKENT)
100
AcDbHatch
 10
0.0
 20
0.0
 30
0.0
210
0.0
220
0.0
230
1.0
  2
ANSI33
 70
     0
 71
     1
 91
        1
 92
        1
 93
        4
 72
     1
 10
1827.519675465764
 20
1084.658560045572
 11
1857.519675465765
 21
1084.658560045572
 72
     1
 10
1857.519675465765
 20
1084.658560045572
 11
1857.519675465765
 21
1144.658560045572
 72
     1
 10
1857.519675465765
 20
1144.658560045572
 11
1827.519675465764
 21
1144.658560045572
 72
     1
 10
1827.519675465764
 20
1144.658560045572
 11
1827.519675465764
 21
1084.658560045572
 97
        1
330
107E
 75
     0
 76
     1
 52
0.0
 41
1.0
 77
     0
 78
     2
 53
45.0
 43
-71381.18945755687
 44
-21418.79615313836
 45
-4.490128060534575
 46
4.490128060534575
 79
     0
 53
45.0
 43
-71376.69932755686
 44
-21418.79615313836
 45
-4.490128060534575
 46
4.490128060534575
 79
     2
 49
3.174999999999998
 49
-1.587499999999999
 98
        1
 10
-71381.18945755687
 20
-21418.79615313836
  0
HATCH
  5
C25
330
1F
100
AcDbEntity
  8
TARAMA (BEYKENT)
100
AcDbHatch
 10
0.0
 20
0.0
 30
0.0
210
0.0
220
0.0
230
1.0
  2
ANSI33
 70
     0
 71
     1
 91
        1
 92
        1
 93
        4
 72
     1
 10
2637.519675465765
 20
1084.658560045572
 11
2667.519675465765
 21
1084.658560045572
 72
     1
 10
2667.519675465765
 20
1084.658560045572
 11
2667.519675465765
 21
1144.658560045572
 72
     1
 10
2667.519675465765
 20
1144.658560045572
 11
2637.519675465765
 21
1144.658560045572
 72
     1
 10
2637.519675465765
 20
1144.658560045572
 11
2637.519675465765
 21
1084.658560045572
 97
        1
330
1081
 75
     0
 76
     1
 52
0.0
 41
1.0
 77
     0
 78
     2
 53
45.0
 43
-71381.18945755687
 44
-21418.79615313836
 45
-4.490128060534575
 46
4.490128060534575
 79
     0
 53
45.0
 43
-71376.69932755686
 44
-21418.79615313836
 45
-4.490128060534575
 46
4.490128060534575
 79
     2
 49
3.174999999999998
 49
-1.587499999999999
 98
        1
 10
-71381.18945755687
 20
-21418.79615313836
  0
HATCH
  5
C26
330
1F
100
AcDbEntity
  8
TARAMA (BEYKENT)
100
AcDbHatch
 10
0.0
 20
0.0
 30
0.0
210
0.0
220
0.0
230
1.0
  2
ANSI33
 70
     0
 71
     1
 91
        1
 92
        1
 93
        4
 72
     1
 10
3022.519675465765
 20
1084.658560045572
 11
3052.519675465765
 21
1084.658560045572
 72
     1
 10
3052.519675465765
 20
1084.658560045572
 11
3052.519675465765
 21
1144.658560045572
 72
     1
 10
3052.519675465765
 20
1144.658560045572
 11
3022.519675465765
 21
1144.658560045572
 72
     1
 10
3022.519675465765
 20
1144.658560045572
 11
3022.519675465765
 21
1084.658560045572
 97
        1
330
1084
 75
     0
 76
     1
 52
0.0
 41
1.0
 77
     0
 78
     2
 53
45.0
 43
-71381.18945755687
 44
-21418.79615313836
 45
-4.490128060534575
 46
4.490128060534575
 79
     0
 53
45.0
 43
-71376.69932755686
 44
-21418.79615313836
 45
-4.490128060534575
 46
4.490128060534575
 79
     2
 49
3.174999999999998
 49
-1.587499999999999
 98
        1
 10
-71381.18945755687
 20
-21418.79615313836
  0
HATCH
  5
C27
330
1F
100
AcDbEntity
  8
TARAMA (BEYKENT)
100
AcDbHatch
 10
0.0
 20
0.0
 30
0.0
210
0.0
220
0.0
230
1.0
  2
ANSI33
 70
     0
 71
     1
 91
        1
 92
        1
 93
        4
 72
     1
 10
2122.519675465765
 20
934.6585600455719
 11
2147.519675465765
 21
934.6585600455719
 72
     1
 10
2147.519675465765
 20
934.6585600455719
 11
2147.519675465765
 21
1109.658560045572
 72
     1
 10
2147.519675465765
 20
1109.658560045572
 11
2122.519675465765
 21
1109.658560045572
 72
     1
 10
2122.519675465765
 20
1109.658560045572
 11
2122.519675465765
 21
934.6585600455719
 97
        1
330
1087
 75
     0
 76
     1
 52
0.0
 41
1.0
 77
     0
 78
     2
 53
45.0
 43
-71381.18945755687
 44
-21418.79615313836
 45
-4.490128060534575
 46
4.490128060534575
 79
     0
 53
45.0
 43
-71376.69932755686
 44
-21418.79615313836
 45
-4.490128060534575
 46
4.490128060534575
 79
     2
 49
3.174999999999998
 49
-1.587499999999999
 98
        1
 10
-71381.18945755687
 20
-21418.79615313836
  0
HATCH
  5
C28
330
1F
100
AcDbEntity
  8
TARAMA (BEYKENT)
100
AcDbHatch
 10
0.0
 20
0.0
 30
0.0
210
0.0
220
0.0
230
1.0
  2
ANSI33
 70
     0
 71
     1
 91
        1
 92
        1
 93
        4
 72
     1
 10
2637.519675465765
 20
934.6585600455719
 11
2667.519675465765
 21
934.6585600455719
 72
     1
 10
2667.519675465765
 20
934.6585600455719
 11
2667.519675465765
 21
994.6585600455719
 72
     1
 10
2667.519675465765
 20
994.6585600455719
 11
2637.519675465765
 21
994.6585600455719
 72
     1
 10
2637.519675465765
 20
994.6585600455719
 11
2637.519675465765
 21
934.6585600455719
 97
        1
330
108A
 75
     0
 76
     1
 52
0.0
 41
1.0
 77
     0
 78
     2
 53
45.0
 43
-71381.18945755687
 44
-21418.79615313836
 45
-4.490128060534575
 46
4.490128060534575
 79
     0
 53
45.0
 43
-71376.69932755686
 44
-21418.79615313836
 45
-4.490128060534575
 46
4.490128060534575
 79
     2
 49
3.174999999999998
 49
-1.587499999999999
 98
        1
 10
-71381.18945755687
 20
-21418.79615313836
  0
TEXT
  5
C29
330
1F
100
AcDbEntity
  8
KOT YAZI (BEYKENT)
100
AcDbText
 10
3177.519675465765
 20
1312.158430747081
 30
0.0
 40
8.0
  1
+1.80
  7
YAZI (BEYKENT)
 11
3177.519675465765
 21
1309.836560045568
 31
0.0
100
AcDbText
 73
     1
  0
HATCH
  5
C2A
330
1F
100
AcDbEntity
  8
KOT CIZGISI (BEYKENT)
 62
    18
420
        0
100
AcDbHatch
 10
0.0
 20
0.0
 30
0.0
210
0.0
220
0.0
230
1.0
  2
SOLID
 70
     1
 71
     0
 91
        1
 92
        7
 72
     1
 73
     1
 93
        3
 10
3169.715345261922
 20
1317.680169657377
 42
0.0
 10
3169.715345261922
 20
1311.158430470251
 42
0.0
 10
3176.237084449049
 20
1311.158430470251
 42
0.4142135623730951
 97
        0
 75
     1
 76
     1
 47
0.1085495934889314
 98
        2
 10
3172.175335343547
 20
1313.225960782906
 10
3166.981111534637
 20
1308.978366517173
450
        0
451
        0
460
0.0
461
0.0
452
        0
462
0.0
453
        2
463
0.0
 63
     5
421
      255
463
1.0
 63
     2
421
 16776960
470
LINEAR
1001
GradientColor1ACI
1070
     5
1001
GradientColor2ACI
1070
     2
1001
ACAD
1010
0.0
1020
0.0
1030
0.0
  0
HATCH
  5
C2B
330
1F
100
AcDbEntity
  8
KOT CIZGISI (BEYKENT)
 62
    18
420
        0
100
AcDbHatch
 10
0.0
 20
0.0
 30
0.0
210
0.0
220
0.0
230
1.0
  2
SOLID
 70
     1
 71
     0
 91
        1
 92
        7
 72
     1
 73
     1
 93
        3
 10
3169.715345261922
 20
1311.158430470251
 42
0.0
 10
3163.193606074797
 20
1311.158430470251
 42
0.4142135623730951
 10
3169.715345261922
 20
1304.636691283128
 42
0.0
 97
        0
 75
     1
 76
     1
 47
0.1085495934889314
 98
        2
 10
3172.175335343547
 20
1313.225960782906
 10
3166.981111534637
 20
1308.978366517173
450
        0
451
        0
460
0.0
461
0.0
452
        0
462
0.0
453
        2
463
0.0
 63
     5
421
      255
463
1.0
 63
     2
421
 16776960
470
LINEAR
1001
GradientColor1ACI
1070
     5
1001
GradientColor2ACI
1070
     2
1001
ACAD
1010
0.0
1020
0.0
1030
0.0
  0
LINE
  5
C2C
330
1F
100
AcDbEntity
  8
KOT CIZGISI (BEYKENT)
100
AcDbLine
 10
3169.715345261922
 20
1319.854229841722
 30
0.0
 11
3169.715345261922
 21
1302.46289024941
 31
0.0
1001
sta4cad App2
1004
70
1071
       13
1070
     0
1070
     0
1070
     0
  0
LINE
  5
C2D
330
1F
100
AcDbEntity
  8
KOT CIZGISI (BEYKENT)
100
AcDbLine
 10
3161.019675465765
 20
1311.158430470251
 30
0.0
 11
3201.019675465765
 21
1311.158430470251
 31
0.0
1001
sta4cad App2
1004
70
1071
       13
1070
     0
1070
     0
1070
     0
  0
CIRCLE
  5
C2E
330
1F
100
AcDbEntity
  8
KOT CIZGISI (BEYKENT)
100
AcDbCircle
 10
3169.715345261922
 20
1311.158430470251
 30
0.0
 40
6.521739187123983
1001
sta4cad App2
1004
70
1071
       13
1070
     0
1070
     0
1070
     0
  0
TEXT
  5
C2F
330
1F
100
AcDbEntity
  8
KOT YAZI (BEYKENT)
100
AcDbText
 10
3177.519675465765
 20
1302.158430747081
 30
0.0
 40
8.0
  1
+1.30
  7
YAZI (BEYKENT)
 11
3177.519675465765
 21
1299.836560045568
 31
0.0
100
AcDbText
 73
     1
  0
TEXT
  5
C30
330
1F
100
AcDbEntity
  8
DOSEME ISMI (BEYKENT)
100
AcDbText
 10
1928.219675465761
 20
2468.141366097841
 30
0.0
 40
12.0
  1
DZ-01 d=15cm
  7
YAZI (BEYKENT)
 11
1928.219675465761
 21
2464.658560045572
 31
0.0
100
AcDbText
 73
     1
  0
LWPOLYLINE
  5
C31
330
1F
100
AcDbEntity
  8
DOSEME PAFTA (BEYKENT)
100
AcDbPolyline
 90
        4
 70
     1
 43
0.0
 10
1926.219675465776
 20
2482.141360045574
 10
2004.571807515282
 20
2482.141360045574
 42
-1.0
 10
2004.571807515282
 20
2466.141360045574
 10
1926.219675465776
 20
2466.141360045574
 42
-1.0
  0
TEXT
  5
C32
330
1F
100
AcDbEntity
  8
YUK YAZISI (BEYKENT)
100
AcDbText
 10
1928.219675465761
 20
2452.560898422464
 30
0.0
 40
10.0
  1
Q=5.0kN/m²
  7
YAZI (BEYKENT)
 11
1928.219675465761
 21
2449.658560045572
 31
0.0
100
AcDbText
 73
     1
  0
TEXT
  5
C33
330
1F
100
AcDbEntity
  8
KOT YAZI (BEYKENT)
100
AcDbText
 10
1942.545775465767
 20
2440.980430747085
 30
0.0
 40
8.0
  1
+3.30
  7
YAZI (BEYKENT)
 11
1942.545775465767
 21
2438.658560045572
 31
0.0
100
AcDbText
 73
     1
  0
HATCH
  5
C34
330
1F
100
AcDbEntity
  8
KOT CIZGISI (BEYKENT)
 62
    18
420
        0
100
AcDbHatch
 10
0.0
 20
0.0
 30
0.0
210
0.0
220
0.0
230
1.0
  2
SOLID
 70
     1
 71
     0
 91
        1
 92
        7
 72
     1
 73
     1
 93
        3
 10
1934.741445261925
 20
2446.502169657382
 42
0.0
 10
1934.741445261925
 20
2439.98043047026
 42
0.0
 10
1941.263184449051
 20
2439.98043047026
 42
0.4142135623730951
 97
        0
 75
     1
 76
     1
 47
0.1085495934889314
 98
        2
 10
1937.201435343535
 20
2442.047960782915
 10
1932.007211534639
 20
2437.800366517181
450
        0
451
        0
460
0.0
461
0.0
452
        0
462
0.0
453
        2
463
0.0
 63
     5
421
      255
463
1.0
 63
     2
421
 16776960
470
LINEAR
1001
GradientColor1ACI
1070
     5
1001
GradientColor2ACI
1070
     2
1001
ACAD
1010
0.0
1020
0.0
1030
0.0
  0
HATCH
  5
C35
330
1F
100
AcDbEntity
  8
KOT CIZGISI (BEYKENT)
 62
    18
420
        0
100
AcDbHatch
 10
0.0
 20
0.0
 30
0.0
210
0.0
220
0.0
230
1.0
  2
SOLID
 70
     1
 71
     0
 91
        1
 92
        7
 72
     1
 73
     1
 93
        3
 10
1934.741445261925
 20
2439.98043047026
 42
0.0
 10
1928.219706074798
 20
2439.98043047026
 42
0.4142135623730951
 10
1934.741445261925
 20
2433.458691283135
 42
0.0
 97
        0
 75
     1
 76
     1
 47
0.1085495934889314
 98
        2
 10
1937.201435343535
 20
2442.047960782915
 10
1932.007211534639
 20
2437.800366517181
450
        0
451
        0
460
0.0
461
0.0
452
        0
462
0.0
453
        2
463
0.0
 63
     5
421
      255
463
1.0
 63
     2
421
 16776960
470
LINEAR
1001
GradientColor1ACI
1070
     5
1001
GradientColor2ACI
1070
     2
1001
ACAD
1010
0.0
1020
0.0
1030
0.0
  0
LINE
  5
C36
330
1F
100
AcDbEntity
  8
KOT CIZGISI (BEYKENT)
100
AcDbLine
 10
1934.741445261925
 20
2448.67622984173
 30
0.0
 11
1934.741445261925
 21
2431.284890249418
 31
0.0
1001
sta4cad App2
1004
70
1071
       13
1070
     0
1070
     0
1070
     0
  0
LINE
  5
C37
330
1F
100
AcDbEntity
  8
KOT CIZGISI (BEYKENT)
100
AcDbLine
 10
1926.045775465767
 20
2439.98043047026
 30
0.0
 11
1966.045775465767
 21
2439.98043047026
 31
0.0
1001
sta4cad App2
1004
70
1071
       13
1070
     0
1070
     0
1070
     0
  0
CIRCLE
  5
C38
330
1F
100
AcDbEntity
  8
KOT CIZGISI (BEYKENT)
100
AcDbCircle
 10
1934.741445261925
 20
2439.98043047026
 30
0.0
 40
6.521739187123983
1001
sta4cad App2
1004
70
1071
       13
1070
     0
1070
     0
1070
     0
  0
TEXT
  5
C39
330
1F
100
AcDbEntity
  8
KOT YAZI (BEYKENT)
100
AcDbText
 10
1942.545775465767
 20
2430.980430747085
 30
0.0
 40
8.0
  1
+3.15
  7
YAZI (BEYKENT)
 11
1942.545775465767
 21
2428.658560045572
 31
0.0
100
AcDbText
 73
     1
  0
TEXT
  5
C3A
330
1F
100
AcDbEntity
  8
DOSEME ISMI (BEYKENT)
100
AcDbText
 10
2333.219675465762
 20
2293.141366097842
 30
0.0
 40
12.0
  1
DZ-02 d=12cm
  7
YAZI (BEYKENT)
 11
2333.219675465762
 21
2289.658560045572
 31
0.0
100
AcDbText
 73
     1
  0
LWPOLYLINE
  5
C3B
330
1F
100
AcDbEntity
  8
DOSEME PAFTA (BEYKENT)
100
AcDbPolyline
 90
        4
 70
     1
 43
0.0
 10
2331.219675465747
 20
2307.141360045573
 10
2411.668093622573
 20
2307.141360045573
 42
-1.0
 10
2411.668093622573
 20
2291.141360045573
 10
2331.219675465747
 20
2291.141360045573
 42
-1.0
  0
TEXT
  5
C3C
330
1F
100
AcDbEntity
  8
YUK YAZISI (BEYKENT)
100
AcDbText
 10
2333.219675465762
 20
2277.560898422463
 30
0.0
 40
10.0
  1
Q=3.5kN/m²
  7
YAZI (BEYKENT)
 11
2333.219675465762
 21
2274.658560045572
 31
0.0
100
AcDbText
 73
     1
  0
TEXT
  5
C3D
330
1F
100
AcDbEntity
  8
KOT YAZI (BEYKENT)
100
AcDbText
 10
2347.545775465767
 20
2265.980430747085
 30
0.0
 40
8.0
  1
+3.30
  7
YAZI (BEYKENT)
 11
2347.545775465767
 21
2263.658560045572
 31
0.0
100
AcDbText
 73
     1
  0
HATCH
  5
C3E
330
1F
100
AcDbEntity
  8
KOT CIZGISI (BEYKENT)
 62
    18
420
        0
100
AcDbHatch
 10
0.0
 20
0.0
 30
0.0
210
0.0
220
0.0
230
1.0
  2
SOLID
 70
     1
 71
     0
 91
        1
 92
        7
 72
     1
 73
     1
 93
        3
 10
2339.741445261925
 20
2271.502169657381
 42
0.0
 10
2339.741445261925
 20
2264.980430470258
 42
0.0
 10
2346.263184449052
 20
2264.980430470258
 42
0.4142135623730951
 97
        0
 75
     1
 76
     1
 47
0.1085495934889314
 98
        2
 10
2342.201435343535
 20
2267.047960782914
 10
2337.007211534639
 20
2262.800366517177
450
        0
451
        0
460
0.0
461
0.0
452
        0
462
0.0
453
        2
463
0.0
 63
     5
421
      255
463
1.0
 63
     2
421
 16776960
470
LINEAR
1001
GradientColor1ACI
1070
     5
1001
GradientColor2ACI
1070
     2
1001
ACAD
1010
0.0
1020
0.0
1030
0.0
  0
HATCH
  5
C3F
330
1F
100
AcDbEntity
  8
KOT CIZGISI (BEYKENT)
 62
    18
420
        0
100
AcDbHatch
 10
0.0
 20
0.0
 30
0.0
210
0.0
220
0.0
230
1.0
  2
SOLID
 70
     1
 71
     0
 91
        1
 92
        7
 72
     1
 73
     1
 93
        3
 10
2339.741445261925
 20
2264.980430470258
 42
0.0
 10
2333.219706074799
 20
2264.980430470258
 42
0.4142135623730951
 10
2339.741445261925
 20
2258.458691283132
 42
0.0
 97
        0
 75
     1
 76
     1
 47
0.1085495934889314
 98
        2
 10
2342.201435343535
 20
2267.047960782914
 10
2337.007211534639
 20
2262.800366517177
450
        0
451
        0
460
0.0
461
0.0
452
        0
462
0.0
453
        2
463
0.0
 63
     5
421
      255
463
1.0
 63
     2
421
 16776960
470
LINEAR
1001
GradientColor1ACI
1070
     5
1001
GradientColor2ACI
1070
     2
1001
ACAD
1010
0.0
1020
0.0
1030
0.0
  0
LINE
  5
C40
330
1F
100
AcDbEntity
  8
KOT CIZGISI (BEYKENT)
100
AcDbLine
 10
2339.741445261925
 20
2273.676229841726
 30
0.0
 11
2339.741445261925
 21
2256.284890249414
 31
0.0
1001
sta4cad App2
1004
70
1071
       13
1070
     0
1070
     0
1070
     0
  0
LINE
  5
C41
330
1F
100
AcDbEntity
  8
KOT CIZGISI (BEYKENT)
100
AcDbLine
 10
2331.045775465767
 20
2264.980430470258
 30
0.0
 11
2371.045775465768
 21
2264.980430470258
 31
0.0
1001
sta4cad App2
1004
70
1071
       13
1070
     0
1070
     0
1070
     0
  0
CIRCLE
  5
C42
330
1F
100
AcDbEntity
  8
KOT CIZGISI (BEYKENT)
100
AcDbCircle
 10
2339.741445261925
 20
2264.980430470258
 30
0.0
 40
6.521739187123983
1001
sta4cad App2
1004
70
1071
       13
1070
     0
1070
     0
1070
     0
  0
TEXT
  5
C43
330
1F
100
AcDbEntity
  8
KOT YAZI (BEYKENT)
100
AcDbText
 10
2347.545775465767
 20
2255.980430747085
 30
0.0
 40
8.0
  1
+3.18
  7
YAZI (BEYKENT)
 11
2347.545775465767
 21
2253.658560045572
 31
0.0
100
AcDbText
 73
     1
  0
TEXT
  5
C44
330
1F
100
AcDbEntity
  8
DOSEME ISMI (BEYKENT)
100
AcDbText
 10
2815.286537738923
 20
2568.391099329687
 30
0.0
 40
12.0
  1
DZ-03 d=15cm
  7
YAZI (BEYKENT)
 11
2815.286537738923
 21
2564.908293277417
 31
0.0
100
AcDbText
 73
     1
  0
LWPOLYLINE
  5
C45
330
1F
100
AcDbEntity
  8
DOSEME PAFTA (BEYKENT)
100
AcDbPolyline
 90
        4
 70
     1
 43
0.0
 10
2813.286537738923
 20
2582.391093277419
 10
2893.800980655009
 20
2582.391093277419
 42
-1.0
 10
2893.800980655009
 20
2566.391093277419
 10
2813.286537738923
 20
2566.391093277419
 42
-1.0
  0
TEXT
  5
C46
330
1F
100
AcDbEntity
  8
YUK YAZISI (BEYKENT)
100
AcDbText
 10
2815.286537738923
 20
2552.810631654308
 30
0.0
 40
10.0
  1
Q=5.0kN/m²
  7
YAZI (BEYKENT)
 11
2815.286537738923
 21
2549.908293277417
 31
0.0
100
AcDbText
 73
     1
  0
TEXT
  5
C47
330
1F
100
AcDbEntity
  8
KOT YAZI (BEYKENT)
100
AcDbText
 10
2829.612637738928
 20
2541.230163978931
 30
0.0
 40
8.0
  1
+3.30
  7
YAZI (BEYKENT)
 11
2829.612637738928
 21
2538.908293277418
 31
0.0
100
AcDbText
 73
     1
  0
HATCH
  5
C48
330
1F
100
AcDbEntity
  8
KOT CIZGISI (BEYKENT)
 62
    18
420
        0
100
AcDbHatch
 10
0.0
 20
0.0
 30
0.0
210
0.0
220
0.0
230
1.0
  2
SOLID
 70
     1
 71
     0
 91
        1
 92
        7
 72
     1
 73
     1
 93
        3
 10
2821.808307535086
 20
2546.751902889227
 42
0.0
 10
2821.808307535086
 20
2540.2301637021
 42
0.0
 10
2828.330046722213
 20
2540.2301637021
 42
0.4142135623730951
 97
        0
 75
     1
 76
     1
 47
0.1085495934889314
 98
        2
 10
2824.268297616696
 20
2542.297694014759
 10
2819.0740738078
 20
2538.050099749023
450
        0
451
        0
460
0.0
461
0.0
452
        0
462
0.0
453
        2
463
0.0
 63
     5
421
      255
463
1.0
 63
     2
421
 16776960
470
LINEAR
1001
GradientColor1ACI
1070
     5
1001
GradientColor2ACI
1070
     2
1001
ACAD
1010
0.0
1020
0.0
1030
0.0
  0
HATCH
  5
C49
330
1F
100
AcDbEntity
  8
KOT CIZGISI (BEYKENT)
 62
    18
420
        0
100
AcDbHatch
 10
0.0
 20
0.0
 30
0.0
210
0.0
220
0.0
230
1.0
  2
SOLID
 70
     1
 71
     0
 91
        1
 92
        7
 72
     1
 73
     1
 93
        3
 10
2821.808307535086
 20
2540.2301637021
 42
0.0
 10
2815.286568347961
 20
2540.2301637021
 42
0.4142135623730951
 10
2821.808307535086
 20
2533.708424514977
 42
0.0
 97
        0
 75
     1
 76
     1
 47
0.1085495934889314
 98
        2
 10
2824.268297616696
 20
2542.297694014759
 10
2819.0740738078
 20
2538.050099749023
450
        0
451
        0
460
0.0
461
0.0
452
        0
462
0.0
453
        2
463
0.0
 63
     5
421
      255
463
1.0
 63
     2
421
 16776960
470
LINEAR
1001
GradientColor1ACI
1070
     5
1001
GradientColor2ACI
1070
     2
1001
ACAD
1010
0.0
1020
0.0
1030
0.0
  0
LINE
  5
C4A
330
1F
100
AcDbEntity
  8
KOT CIZGISI (BEYKENT)
100
AcDbLine
 10
2821.808307535086
 20
2548.925963073572
 30
0.0
 11
2821.808307535086
 21
2531.53462348126
 31
0.0
1001
sta4cad App2
1004
70
1071
       13
1070
     0
1070
     0
1070
     0
  0
LINE
  5
C4B
330
1F
100
AcDbEntity
  8
KOT CIZGISI (BEYKENT)
100
AcDbLine
 10
2813.112637738928
 20
2540.2301637021
 30
0.0
 11
2853.112637738929
 21
2540.2301637021
 31
0.0
1001
sta4cad App2
1004
70
1071
       13
1070
     0
1070
     0
1070
     0
  0
CIRCLE
  5
C4C
330
1F
100
AcDbEntity
  8
KOT CIZGISI (BEYKENT)
100
AcDbCircle
 10
2821.808307535086
 20
2540.2301637021
 30
0.0
 40
6.521739187123983
1001
sta4cad App2
1004
70
1071
       13
1070
     0
1070
     0
1070
     0
  0
TEXT
  5
C4D
330
1F
100
AcDbEntity
  8
KOT YAZI (BEYKENT)
100
AcDbText
 10
2829.612637738928
 20
2531.230163978931
 30
0.0
 40
8.0
  1
+3.15
  7
YAZI (BEYKENT)
 11
2829.612637738928
 21
2528.908293277417
 31
0.0
100
AcDbText
 73
     1
  0
TEXT
  5
C4E
330
1F
100
AcDbEntity
  8
DOSEME ISMI (BEYKENT)
100
AcDbText
 10
2798.219675465762
 20
2451.815781325464
 30
0.0
 40
12.0
  1
DZ-04 d=12cm
  7
YAZI (BEYKENT)
 11
2798.219675465762
 21
2448.332975273194
 31
0.0
100
AcDbText
 73
     1
  0
LWPOLYLINE
  5
C4F
330
1F
100
AcDbEntity
  8
DOSEME PAFTA (BEYKENT)
100
AcDbPolyline
 90
        4
 70
     1
 43
0.0
 10
2796.219675465762
 20
2465.815775273196
 10
2877.204544791761
 20
2465.815775273196
 42
-1.0
 10
2877.204544791761
 20
2449.815775273196
 10
2796.219675465762
 20
2449.815775273196
 42
-1.0
  0
TEXT
  5
C50
330
1F
100
AcDbEntity
  8
YUK YAZISI (BEYKENT)
100
AcDbText
 10
2798.219675465762
 20
2436.235313650085
 30
0.0
 40
10.0
  1
Q=2.0kN/m²
  7
YAZI (BEYKENT)
 11
2798.219675465762
 21
2433.332975273194
 31
0.0
100
AcDbText
 73
     1
  0
TEXT
  5
C51
330
1F
100
AcDbEntity
  8
KOT YAZI (BEYKENT)
100
AcDbText
 10
2812.545775465768
 20
2424.654845974708
 30
0.0
 40
8.0
  1
+3.30
  7
YAZI (BEYKENT)
 11
2812.545775465768
 21
2422.332975273195
 31
0.0
100
AcDbText
 73
     1
  0
HATCH
  5
C52
330
1F
100
AcDbEntity
  8
KOT CIZGISI (BEYKENT)
 62
    18
420
        0
100
AcDbHatch
 10
0.0
 20
0.0
 30
0.0
210
0.0
220
0.0
230
1.0
  2
SOLID
 70
     1
 71
     0
 91
        1
 92
        7
 72
     1
 73
     1
 93
        3
 10
2804.741445261925
 20
2430.176584885004
 42
0.0
 10
2804.741445261925
 20
2423.654845697881
 42
0.0
 10
2811.263184449052
 20
2423.654845697881
 42
0.4142135623730951
 97
        0
 75
     1
 76
     1
 47
0.1085495934889314
 98
        2
 10
2807.201435343536
 20
2425.722376010536
 10
2802.007211534625
 20
2421.474781744803
450
        0
451
        0
460
0.0
461
0.0
452
        0
462
0.0
453
        2
463
0.0
 63
     5
421
      255
463
1.0
 63
     2
421
 16776960
470
LINEAR
1001
GradientColor1ACI
1070
     5
1001
GradientColor2ACI
1070
     2
1001
ACAD
1010
0.0
1020
0.0
1030
0.0
  0
HATCH
  5
C53
330
1F
100
AcDbEntity
  8
KOT CIZGISI (BEYKENT)
 62
    18
420
        0
100
AcDbHatch
 10
0.0
 20
0.0
 30
0.0
210
0.0
220
0.0
230
1.0
  2
SOLID
 70
     1
 71
     0
 91
        1
 92
        7
 72
     1
 73
     1
 93
        3
 10
2804.741445261925
 20
2423.654845697881
 42
0.0
 10
2798.219706074799
 20
2423.654845697881
 42
0.4142135623730951
 10
2804.741445261925
 20
2417.133106510758
 42
0.0
 97
        0
 75
     1
 76
     1
 47
0.1085495934889314
 98
        2
 10
2807.201435343536
 20
2425.722376010536
 10
2802.007211534625
 20
2421.474781744803
450
        0
451
        0
460
0.0
461
0.0
452
        0
462
0.0
453
        2
463
0.0
 63
     5
421
      255
463
1.0
 63
     2
421
 16776960
470
LINEAR
1001
GradientColor1ACI
1070
     5
1001
GradientColor2ACI
1070
     2
1001
ACAD
1010
0.0
1020
0.0
1030
0.0
  0
LINE
  5
C54
330
1F
100
AcDbEntity
  8
KOT CIZGISI (BEYKENT)
100
AcDbLine
 10
2804.741445261925
 20
2432.350645069352
 30
0.0
 11
2804.741445261925
 21
2414.959305477041
 31
0.0
1001
sta4cad App2
1004
70
1071
       13
1070
     0
1070
     0
1070
     0
  0
LINE
  5
C55
330
1F
100
AcDbEntity
  8
KOT CIZGISI (BEYKENT)
100
AcDbLine
 10
2796.045775465767
 20
2423.654845697881
 30
0.0
 11
2836.045775465768
 21
2423.654845697881
 31
0.0
1001
sta4cad App2
1004
70
1071
       13
1070
     0
1070
     0
1070
     0
  0
CIRCLE
  5
C56
330
1F
100
AcDbEntity
  8
KOT CIZGISI (BEYKENT)
100
AcDbCircle
 10
2804.741445261925
 20
2423.654845697881
 30
0.0
 40
6.521739187123983
1001
sta4cad App2
1004
70
1071
       13
1070
     0
1070
     0
1070
     0
  0
TEXT
  5
C57
330
1F
100
AcDbEntity
  8
KOT YAZI (BEYKENT)
100
AcDbText
 10
2812.545775465768
 20
2414.654845974708
 30
0.0
 40
8.0
  1
+3.18
  7
YAZI (BEYKENT)
 11
2812.545775465768
 21
2412.332975273195
 31
0.0
100
AcDbText
 73
     1
  0
TEXT
  5
C58
330
1F
100
AcDbEntity
  8
DOSEME ISMI (BEYKENT)
100
AcDbText
 10
3203.219675465762
 20
2452.642027499401
 30
0.0
 40
12.0
  1
DZ-05 d=12cm
  7
YAZI (BEYKENT)
 11
3203.219675465762
 21
2449.159221447131
 31
0.0
100
AcDbText
 73
     1
  0
LWPOLYLINE
  5
C59
330
1F
100
AcDbEntity
  8
DOSEME PAFTA (BEYKENT)
100
AcDbPolyline
 90
        4
 70
     1
 43
0.0
 10
3201.219675465762
 20
2466.642021447132
 10
3281.791890046223
 20
2466.642021447132
 42
-1.0
 10
3281.791890046223
 20
2450.642021447132
 10
3201.219675465762
 20
2450.642021447132
 42
-1.0
  0
TEXT
  5
C5A
330
1F
100
AcDbEntity
  8
YUK YAZISI (BEYKENT)
100
AcDbText
 10
3203.219675465762
 20
2437.061559824022
 30
0.0
 40
10.0
  1
Q=2.0kN/m²
  7
YAZI (BEYKENT)
 11
3203.219675465762
 21
2434.15922144713
 31
0.0
100
AcDbText
 73
     1
  0
TEXT
  5
C5B
330
1F
100
AcDbEntity
  8
KOT YAZI (BEYKENT)
100
AcDbText
 10
3217.545775465767
 20
2425.481092148644
 30
0.0
 40
8.0
  1
+3.30
  7
YAZI (BEYKENT)
 11
3217.545775465767
 21
2423.15922144713
 31
0.0
100
AcDbText
 73
     1
  0
HATCH
  5
C5C
330
1F
100
AcDbEntity
  8
KOT CIZGISI (BEYKENT)
 62
    18
420
        0
100
AcDbHatch
 10
0.0
 20
0.0
 30
0.0
210
0.0
220
0.0
230
1.0
  2
SOLID
 70
     1
 71
     0
 91
        1
 92
        7
 72
     1
 73
     1
 93
        3
 10
3209.741445261925
 20
2431.00283105894
 42
0.0
 10
3209.741445261925
 20
2424.481091871817
 42
0.0
 10
3216.263184449052
 20
2424.481091871817
 42
0.4142135623730951
 97
        0
 75
     1
 76
     1
 47
0.1085495934889314
 98
        2
 10
3212.201435343536
 20
2426.548622184472
 10
3207.007211534639
 20
2422.301027918739
450
        0
451
        0
460
0.0
461
0.0
452
        0
462
0.0
453
        2
463
0.0
 63
     5
421
      255
463
1.0
 63
     2
421
 16776960
470
LINEAR
1001
GradientColor1ACI
1070
     5
1001
GradientColor2ACI
1070
     2
1001
ACAD
1010
0.0
1020
0.0
1030
0.0
  0
HATCH
  5
C5D
330
1F
100
AcDbEntity
  8
KOT CIZGISI (BEYKENT)
 62
    18
420
        0
100
AcDbHatch
 10
0.0
 20
0.0
 30
0.0
210
0.0
220
0.0
230
1.0
  2
SOLID
 70
     1
 71
     0
 91
        1
 92
        7
 72
     1
 73
     1
 93
        3
 10
3209.741445261925
 20
2424.481091871817
 42
0.0
 10
3203.219706074798
 20
2424.481091871817
 42
0.4142135623730951
 10
3209.741445261925
 20
2417.959352684694
 42
0.0
 97
        0
 75
     1
 76
     1
 47
0.1085495934889314
 98
        2
 10
3212.201435343536
 20
2426.548622184472
 10
3207.007211534639
 20
2422.301027918739
450
        0
451
        0
460
0.0
461
0.0
452
        0
462
0.0
453
        2
463
0.0
 63
     5
421
      255
463
1.0
 63
     2
421
 16776960
470
LINEAR
1001
GradientColor1ACI
1070
     5
1001
GradientColor2ACI
1070
     2
1001
ACAD
1010
0.0
1020
0.0
1030
0.0
  0
LINE
  5
C5E
330
1F
100
AcDbEntity
  8
KOT CIZGISI (BEYKENT)
100
AcDbLine
 10
3209.741445261925
 20
2433.176891243288
 30
0.0
 11
3209.741445261925
 21
2415.785551650976
 31
0.0
1001
sta4cad App2
1004
70
1071
       13
1070
     0
1070
     0
1070
     0
  0
LINE
  5
C5F
330
1F
100
AcDbEntity
  8
KOT CIZGISI (BEYKENT)
100
AcDbLine
 10
3201.045775465767
 20
2424.481091871817
 30
0.0
 11
3241.045775465767
 21
2424.481091871817
 31
0.0
1001
sta4cad App2
1004
70
1071
       13
1070
     0
1070
     0
1070
     0
  0
CIRCLE
  5
C60
330
1F
100
AcDbEntity
  8
KOT CIZGISI (BEYKENT)
100
AcDbCircle
 10
3209.741445261925
 20
2424.481091871817
 30
0.0
 40
6.521739187123983
1001
sta4cad App2
1004
70
1071
       13
1070
     0
1070
     0
1070
     0
  0
TEXT
  5
C61
330
1F
100
AcDbEntity
  8
KOT YAZI (BEYKENT)
100
AcDbText
 10
3217.545775465767
 20
2415.481092148644
 30
0.0
 40
8.0
  1
+3.18
  7
YAZI (BEYKENT)
 11
3217.545775465767
 21
2413.159221447131
 31
0.0
100
AcDbText
 73
     1
  0
TEXT
  5
C62
330
1F
100
AcDbEntity
  8
DOSEME ISMI (BEYKENT)
100
AcDbText
 10
3658.219675465762
 20
2293.141366097842
 30
0.0
 40
12.0
  1
DZ-06 d=12cm
  7
YAZI (BEYKENT)
 11
3658.219675465762
 21
2289.658560045572
 31
0.0
100
AcDbText
 73
     1
  0
LWPOLYLINE
  5
C63
330
1F
100
AcDbEntity
  8
DOSEME PAFTA (BEYKENT)
100
AcDbPolyline
 90
        4
 70
     1
 43
0.0
 10
3656.219675465747
 20
2307.141360045573
 10
3736.428753870161
 20
2307.141360045573
 42
-1.0
 10
3736.428753870161
 20
2291.141360045573
 10
3656.219675465747
 20
2291.141360045573
 42
-1.0
  0
TEXT
  5
C64
330
1F
100
AcDbEntity
  8
YUK YAZISI (BEYKENT)
100
AcDbText
 10
3658.219675465762
 20
2277.560898422463
 30
0.0
 40
10.0
  1
Q=3.5kN/m²
  7
YAZI (BEYKENT)
 11
3658.219675465762
 21
2274.658560045572
 31
0.0
100
AcDbText
 73
     1
  0
TEXT
  5
C65
330
1F
100
AcDbEntity
  8
KOT YAZI (BEYKENT)
100
AcDbText
 10
3672.545775465767
 20
2265.980430747085
 30
0.0
 40
8.0
  1
+3.30
  7
YAZI (BEYKENT)
 11
3672.545775465767
 21
2263.658560045572
 31
0.0
100
AcDbText
 73
     1
  0
HATCH
  5
C66
330
1F
100
AcDbEntity
  8
KOT CIZGISI (BEYKENT)
 62
    18
420
        0
100
AcDbHatch
 10
0.0
 20
0.0
 30
0.0
210
0.0
220
0.0
230
1.0
  2
SOLID
 70
     1
 71
     0
 91
        1
 92
        7
 72
     1
 73
     1
 93
        3
 10
3664.741445261925
 20
2271.502169657381
 42
0.0
 10
3664.741445261925
 20
2264.980430470258
 42
0.0
 10
3671.263184449053
 20
2264.980430470258
 42
0.4142135623730951
 97
        0
 75
     1
 76
     1
 47
0.1085495934889314
 98
        2
 10
3667.201435343535
 20
2267.047960782914
 10
3662.007211534625
 20
2262.800366517177
450
        0
451
        0
460
0.0
461
0.0
452
        0
462
0.0
453
        2
463
0.0
 63
     5
421
      255
463
1.0
 63
     2
421
 16776960
470
LINEAR
1001
GradientColor1ACI
1070
     5
1001
GradientColor2ACI
1070
     2
1001
ACAD
1010
0.0
1020
0.0
1030
0.0
  0
HATCH
  5
C67
330
1F
100
AcDbEntity
  8
KOT CIZGISI (BEYKENT)
 62
    18
420
        0
100
AcDbHatch
 10
0.0
 20
0.0
 30
0.0
210
0.0
220
0.0
230
1.0
  2
SOLID
 70
     1
 71
     0
 91
        1
 92
        7
 72
     1
 73
     1
 93
        3
 10
3664.741445261925
 20
2264.980430470258
 42
0.0
 10
3658.219706074799
 20
2264.980430470258
 42
0.4142135623730951
 10
3664.741445261925
 20
2258.458691283132
 42
0.0
 97
        0
 75
     1
 76
     1
 47
0.1085495934889314
 98
        2
 10
3667.201435343535
 20
2267.047960782914
 10
3662.007211534625
 20
2262.800366517177
450
        0
451
        0
460
0.0
461
0.0
452
        0
462
0.0
453
        2
463
0.0
 63
     5
421
      255
463
1.0
 63
     2
421
 16776960
470
LINEAR
1001
GradientColor1ACI
1070
     5
1001
GradientColor2ACI
1070
     2
1001
ACAD
1010
0.0
1020
0.0
1030
0.0
  0
LINE
  5
C68
330
1F
100
AcDbEntity
  8
KOT CIZGISI (BEYKENT)
100
AcDbLine
 10
3664.741445261925
 20
2273.676229841726
 30
0.0
 11
3664.741445261925
 21
2256.284890249414
 31
0.0
1001
sta4cad App2
1004
70
1071
       13
1070
     0
1070
     0
1070
     0
  0
LINE
  5
C69
330
1F
100
AcDbEntity
  8
KOT CIZGISI (BEYKENT)
100
AcDbLine
 10
3656.045775465768
 20
2264.980430470258
 30
0.0
 11
3696.045775465768
 21
2264.980430470258
 31
0.0
1001
sta4cad App2
1004
70
1071
       13
1070
     0
1070
     0
1070
     0
  0
CIRCLE
  5
C6A
330
1F
100
AcDbEntity
  8
KOT CIZGISI (BEYKENT)
100
AcDbCircle
 10
3664.741445261925
 20
2264.980430470258
 30
0.0
 40
6.521739187123983
1001
sta4cad App2
1004
70
1071
       13
1070
     0
1070
     0
1070
     0
  0
TEXT
  5
C6B
330
1F
100
AcDbEntity
  8
KOT YAZI (BEYKENT)
100
AcDbText
 10
3672.545775465767
 20
2255.980430747085
 30
0.0
 40
8.0
  1
+3.18
  7
YAZI (BEYKENT)
 11
3672.545775465767
 21
2253.658560045572
 31
0.0
100
AcDbText
 73
     1
  0
TEXT
  5
C6C
330
1F
100
AcDbEntity
  8
DOSEME ISMI (BEYKENT)
100
AcDbText
 10
4032.53298853371
 20
2468.141366097841
 30
0.0
 40
12.0
  1
DZ-07 d=15cm
  7
YAZI (BEYKENT)
 11
4032.53298853371
 21
2464.658560045572
 31
0.0
100
AcDbText
 73
     1
  0
LWPOLYLINE
  5
C6D
330
1F
100
AcDbEntity
  8
DOSEME PAFTA (BEYKENT)
100
AcDbPolyline
 90
        4
 70
     1
 43
0.0
 10
4030.53298853371
 20
2482.141360045574
 10
4110.783332412668
 20
2482.141360045574
 42
-1.0
 10
4110.783332412668
 20
2466.141360045574
 10
4030.53298853371
 20
2466.141360045574
 42
-1.0
  0
TEXT
  5
C6E
330
1F
100
AcDbEntity
  8
YUK YAZISI (BEYKENT)
100
AcDbText
 10
4032.53298853371
 20
2452.560898422464
 30
0.0
 40
10.0
  1
Q=5.0kN/m²
  7
YAZI (BEYKENT)
 11
4032.53298853371
 21
2449.658560045572
 31
0.0
100
AcDbText
 73
     1
  0
TEXT
  5
C6F
330
1F
100
AcDbEntity
  8
KOT YAZI (BEYKENT)
100
AcDbText
 10
4046.859088533715
 20
2440.980430747085
 30
0.0
 40
8.0
  1
+3.30
  7
YAZI (BEYKENT)
 11
4046.859088533715
 21
2438.658560045572
 31
0.0
100
AcDbText
 73
     1
  0
HATCH
  5
C70
330
1F
100
AcDbEntity
  8
KOT CIZGISI (BEYKENT)
 62
    18
420
        0
100
AcDbHatch
 10
0.0
 20
0.0
 30
0.0
210
0.0
220
0.0
230
1.0
  2
SOLID
 70
     1
 71
     0
 91
        1
 92
        7
 72
     1
 73
     1
 93
        3
 10
4039.054758329874
 20
2446.502169657382
 42
0.0
 10
4039.054758329874
 20
2439.98043047026
 42
0.0
 10
4045.576497516999
 20
2439.98043047026
 42
0.4142135623730951
 97
        0
 75
     1
 76
     1
 47
0.1085495934889314
 98
        2
 10
4041.514748411499
 20
2442.047960782915
 10
4036.320524602587
 20
2437.800366517181
450
        0
451
        0
460
0.0
461
0.0
452
        0
462
0.0
453
        2
463
0.0
 63
     5
421
      255
463
1.0
 63
     2
421
 16776960
470
LINEAR
1001
GradientColor1ACI
1070
     5
1001
GradientColor2ACI
1070
     2
1001
ACAD
1010
0.0
1020
0.0
1030
0.0
  0
HATCH
  5
C71
330
1F
100
AcDbEntity
  8
KOT CIZGISI (BEYKENT)
 62
    18
420
        0
100
AcDbHatch
 10
0.0
 20
0.0
 30
0.0
210
0.0
220
0.0
230
1.0
  2
SOLID
 70
     1
 71
     0
 91
        1
 92
        7
 72
     1
 73
     1
 93
        3
 10
4039.054758329874
 20
2439.98043047026
 42
0.0
 10
4032.533019142746
 20
2439.98043047026
 42
0.4142135623730951
 10
4039.054758329874
 20
2433.458691283135
 42
0.0
 97
        0
 75
     1
 76
     1
 47
0.1085495934889314
 98
        2
 10
4041.514748411499
 20
2442.047960782915
 10
4036.320524602587
 20
2437.800366517181
450
        0
451
        0
460
0.0
461
0.0
452
        0
462
0.0
453
        2
463
0.0
 63
     5
421
      255
463
1.0
 63
     2
421
 16776960
470
LINEAR
1001
GradientColor1ACI
1070
     5
1001
GradientColor2ACI
1070
     2
1001
ACAD
1010
0.0
1020
0.0
1030
0.0
  0
LINE
  5
C72
330
1F
100
AcDbEntity
  8
KOT CIZGISI (BEYKENT)
100
AcDbLine
 10
4039.054758329874
 20
2448.67622984173
 30
0.0
 11
4039.054758329874
 21
2431.284890249418
 31
0.0
1001
sta4cad App2
1004
70
1071
       13
1070
     0
1070
     0
1070
     0
  0
LINE
  5
C73
330
1F
100
AcDbEntity
  8
KOT CIZGISI (BEYKENT)
100
AcDbLine
 10
4030.359088533717
 20
2439.98043047026
 30
0.0
 11
4070.359088533716
 21
2439.98043047026
 31
0.0
1001
sta4cad App2
1004
70
1071
       13
1070
     0
1070
     0
1070
     0
  0
CIRCLE
  5
C74
330
1F
100
AcDbEntity
  8
KOT CIZGISI (BEYKENT)
100
AcDbCircle
 10
4039.054758329874
 20
2439.98043047026
 30
0.0
 40
6.521739187123983
1001
sta4cad App2
1004
70
1071
       13
1070
     0
1070
     0
1070
     0
  0
TEXT
  5
C75
330
1F
100
AcDbEntity
  8
KOT YAZI (BEYKENT)
100
AcDbText
 10
4046.859088533715
 20
2430.980430747085
 30
0.0
 40
8.0
  1
+3.15
  7
YAZI (BEYKENT)
 11
4046.859088533715
 21
2428.658560045572
 31
0.0
100
AcDbText
 73
     1
  0
TEXT
  5
C76
330
1F
100
AcDbEntity
  8
DOSEME ISMI (BEYKENT)
100
AcDbText
 10
1928.219675465761
 20
2153.141366097842
 30
0.0
 40
12.0
  1
DZ-08 d=12cm
  7
YAZI (BEYKENT)
 11
1928.219675465761
 21
2149.658560045572
 31
0.0
100
AcDbText
 73
     1
  0
LWPOLYLINE
  5
C77
330
1F
100
AcDbEntity
  8
DOSEME PAFTA (BEYKENT)
100
AcDbPolyline
 90
        4
 70
     1
 43
0.0
 10
1926.219675465761
 20
2167.141360045574
 10
2006.849661710598
 20
2167.141360045574
 42
-1.0
 10
2006.849661710598
 20
2151.141360045574
 10
1926.219675465761
 20
2151.141360045574
 42
-1.0
  0
TEXT
  5
C78
330
1F
100
AcDbEntity
  8
YUK YAZISI (BEYKENT)
100
AcDbText
 10
1928.219675465761
 20
2137.560898422464
 30
0.0
 40
10.0
  1
Q=2.0kN/m²
  7
YAZI (BEYKENT)
 11
1928.219675465761
 21
2134.658560045572
 31
0.0
100
AcDbText
 73
     1
  0
TEXT
  5
C79
330
1F
100
AcDbEntity
  8
KOT YAZI (BEYKENT)
100
AcDbText
 10
1942.545775465767
 20
2125.980430747085
 30
0.0
 40
8.0
  1
+3.30
  7
YAZI (BEYKENT)
 11
1942.545775465767
 21
2123.658560045572
 31
0.0
100
AcDbText
 73
     1
  0
HATCH
  5
C7A
330
1F
100
AcDbEntity
  8
KOT CIZGISI (BEYKENT)
 62
    18
420
        0
100
AcDbHatch
 10
0.0
 20
0.0
 30
0.0
210
0.0
220
0.0
230
1.0
  2
SOLID
 70
     1
 71
     0
 91
        1
 92
        7
 72
     1
 73
     1
 93
        3
 10
1934.741445261925
 20
2131.502169657381
 42
0.0
 10
1934.741445261925
 20
2124.980430470259
 42
0.0
 10
1941.263184449051
 20
2124.980430470259
 42
0.4142135623730951
 97
        0
 75
     1
 76
     1
 47
0.1085495934889314
 98
        2
 10
1937.201435343535
 20
2127.047960782914
 10
1932.007211534639
 20
2122.800366517181
450
        0
451
        0
460
0.0
461
0.0
452
        0
462
0.0
453
        2
463
0.0
 63
     5
421
      255
463
1.0
 63
     2
421
 16776960
470
LINEAR
1001
GradientColor1ACI
1070
     5
1001
GradientColor2ACI
1070
     2
1001
ACAD
1010
0.0
1020
0.0
1030
0.0
  0
HATCH
  5
C7B
330
1F
100
AcDbEntity
  8
KOT CIZGISI (BEYKENT)
 62
    18
420
        0
100
AcDbHatch
 10
0.0
 20
0.0
 30
0.0
210
0.0
220
0.0
230
1.0
  2
SOLID
 70
     1
 71
     0
 91
        1
 92
        7
 72
     1
 73
     1
 93
        3
 10
1934.741445261925
 20
2124.980430470259
 42
0.0
 10
1928.219706074798
 20
2124.980430470259
 42
0.4142135623730951
 10
1934.741445261925
 20
2118.458691283136
 42
0.0
 97
        0
 75
     1
 76
     1
 47
0.1085495934889314
 98
        2
 10
1937.201435343535
 20
2127.047960782914
 10
1932.007211534639
 20
2122.800366517181
450
        0
451
        0
460
0.0
461
0.0
452
        0
462
0.0
453
        2
463
0.0
 63
     5
421
      255
463
1.0
 63
     2
421
 16776960
470
LINEAR
1001
GradientColor1ACI
1070
     5
1001
GradientColor2ACI
1070
     2
1001
ACAD
1010
0.0
1020
0.0
1030
0.0
  0
LINE
  5
C7C
330
1F
100
AcDbEntity
  8
KOT CIZGISI (BEYKENT)
100
AcDbLine
 10
1934.741445261925
 20
2133.67622984173
 30
0.0
 11
1934.741445261925
 21
2116.284890249418
 31
0.0
1001
sta4cad App2
1004
70
1071
       13
1070
     0
1070
     0
1070
     0
  0
LINE
  5
C7D
330
1F
100
AcDbEntity
  8
KOT CIZGISI (BEYKENT)
100
AcDbLine
 10
1926.045775465767
 20
2124.980430470259
 30
0.0
 11
1966.045775465767
 21
2124.980430470259
 31
0.0
1001
sta4cad App2
1004
70
1071
       13
1070
     0
1070
     0
1070
     0
  0
CIRCLE
  5
C7E
330
1F
100
AcDbEntity
  8
KOT CIZGISI (BEYKENT)
100
AcDbCircle
 10
1934.741445261925
 20
2124.980430470259
 30
0.0
 40
6.521739187123983
1001
sta4cad App2
1004
70
1071
       13
1070
     0
1070
     0
1070
     0
  0
TEXT
  5
C7F
330
1F
100
AcDbEntity
  8
KOT YAZI (BEYKENT)
100
AcDbText
 10
1942.545775465767
 20
2115.980430747085
 30
0.0
 40
8.0
  1
+3.18
  7
YAZI (BEYKENT)
 11
1942.545775465767
 21
2113.658560045572
 31
0.0
100
AcDbText
 73
     1
  0
TEXT
  5
C80
330
1F
100
AcDbEntity
  8
DOSEME ISMI (BEYKENT)
100
AcDbText
 10
2798.219675465762
 20
2110.641366097842
 30
0.0
 40
12.0
  1
DZ-09 d=12cm
  7
YAZI (BEYKENT)
 11
2798.219675465762
 21
2107.158560045572
 31
0.0
100
AcDbText
 73
     1
  0
LWPOLYLINE
  5
C81
330
1F
100
AcDbEntity
  8
DOSEME PAFTA (BEYKENT)
100
AcDbPolyline
 90
        4
 70
     1
 43
0.0
 10
2796.219675465747
 20
2124.641360045574
 10
2876.428753870159
 20
2124.641360045574
 42
-1.0
 10
2876.428753870159
 20
2108.641360045574
 10
2796.219675465747
 20
2108.641360045574
 42
-1.0
  0
TEXT
  5
C82
330
1F
100
AcDbEntity
  8
YUK YAZISI (BEYKENT)
100
AcDbText
 10
2798.219675465762
 20
2095.060898422463
 30
0.0
 40
10.0
  1
Q=2.0kN/m²
  7
YAZI (BEYKENT)
 11
2798.219675465762
 21
2092.158560045572
 31
0.0
100
AcDbText
 73
     1
  0
TEXT
  5
C83
330
1F
100
AcDbEntity
  8
KOT YAZI (BEYKENT)
100
AcDbText
 10
2812.545775465768
 20
2083.480430747085
 30
0.0
 40
8.0
  1
+3.30
  7
YAZI (BEYKENT)
 11
2812.545775465768
 21
2081.158560045572
 31
0.0
100
AcDbText
 73
     1
  0
HATCH
  5
C84
330
1F
100
AcDbEntity
  8
KOT CIZGISI (BEYKENT)
 62
    18
420
        0
100
AcDbHatch
 10
0.0
 20
0.0
 30
0.0
210
0.0
220
0.0
230
1.0
  2
SOLID
 70
     1
 71
     0
 91
        1
 92
        7
 72
     1
 73
     1
 93
        3
 10
2804.741445261925
 20
2089.002169657382
 42
0.0
 10
2804.741445261925
 20
2082.480430470255
 42
0.0
 10
2811.263184449052
 20
2082.480430470255
 42
0.4142135623730951
 97
        0
 75
     1
 76
     1
 47
0.1085495934889314
 98
        2
 10
2807.201435343536
 20
2084.54796078291
 10
2802.007211534625
 20
2080.300366517177
450
        0
451
        0
460
0.0
461
0.0
452
        0
462
0.0
453
        2
463
0.0
 63
     5
421
      255
463
1.0
 63
     2
421
 16776960
470
LINEAR
1001
GradientColor1ACI
1070
     5
1001
GradientColor2ACI
1070
     2
1001
ACAD
1010
0.0
1020
0.0
1030
0.0
  0
HATCH
  5
C85
330
1F
100
AcDbEntity
  8
KOT CIZGISI (BEYKENT)
 62
    18
420
        0
100
AcDbHatch
 10
0.0
 20
0.0
 30
0.0
210
0.0
220
0.0
230
1.0
  2
SOLID
 70
     1
 71
     0
 91
        1
 92
        7
 72
     1
 73
     1
 93
        3
 10
2804.741445261925
 20
2082.480430470255
 42
0.0
 10
2798.219706074799
 20
2082.480430470255
 42
0.4142135623730951
 10
2804.741445261925
 20
2075.958691283132
 42
0.0
 97
        0
 75
     1
 76
     1
 47
0.1085495934889314
 98
        2
 10
2807.201435343536
 20
2084.54796078291
 10
2802.007211534625
 20
2080.300366517177
450
        0
451
        0
460
0.0
461
0.0
452
        0
462
0.0
453
        2
463
0.0
 63
     5
421
      255
463
1.0
 63
     2
421
 16776960
470
LINEAR
1001
GradientColor1ACI
1070
     5
1001
GradientColor2ACI
1070
     2
1001
ACAD
1010
0.0
1020
0.0
1030
0.0
  0
LINE
  5
C86
330
1F
100
AcDbEntity
  8
KOT CIZGISI (BEYKENT)
100
AcDbLine
 10
2804.741445261925
 20
2091.176229841726
 30
0.0
 11
2804.741445261925
 21
2073.784890249414
 31
0.0
1001
sta4cad App2
1004
70
1071
       13
1070
     0
1070
     0
1070
     0
  0
LINE
  5
C87
330
1F
100
AcDbEntity
  8
KOT CIZGISI (BEYKENT)
100
AcDbLine
 10
2796.045775465767
 20
2082.480430470255
 30
0.0
 11
2836.045775465768
 21
2082.480430470255
 31
0.0
1001
sta4cad App2
1004
70
1071
       13
1070
     0
1070
     0
1070
     0
  0
CIRCLE
  5
C88
330
1F
100
AcDbEntity
  8
KOT CIZGISI (BEYKENT)
100
AcDbCircle
 10
2804.741445261925
 20
2082.480430470255
 30
0.0
 40
6.521739187123983
1001
sta4cad App2
1004
70
1071
       13
1070
     0
1070
     0
1070
     0
  0
TEXT
  5
C89
330
1F
100
AcDbEntity
  8
KOT YAZI (BEYKENT)
100
AcDbText
 10
2812.545775465768
 20
2073.480430747085
 30
0.0
 40
8.0
  1
+3.18
  7
YAZI (BEYKENT)
 11
2812.545775465768
 21
2071.158560045572
 31
0.0
100
AcDbText
 73
     1
  0
TEXT
  5
C8A
330
1F
100
AcDbEntity
  8
DOSEME ISMI (BEYKENT)
100
AcDbText
 10
3203.219675465762
 20
2110.641366097842
 30
0.0
 40
12.0
  1
DZ-10 d=12cm
  7
YAZI (BEYKENT)
 11
3203.219675465762
 21
2107.158560045572
 31
0.0
100
AcDbText
 73
     1
  0
LWPOLYLINE
  5
C8B
330
1F
100
AcDbEntity
  8
DOSEME PAFTA (BEYKENT)
100
AcDbPolyline
 90
        4
 70
     1
 43
0.0
 10
3201.219675465778
 20
2124.641360045574
 10
3279.448011091619
 20
2124.641360045574
 42
-1.0
 10
3279.448011091619
 20
2108.641360045574
 10
3201.219675465778
 20
2108.641360045574
 42
-1.0
  0
TEXT
  5
C8C
330
1F
100
AcDbEntity
  8
YUK YAZISI (BEYKENT)
100
AcDbText
 10
3203.219675465762
 20
2095.060898422463
 30
0.0
 40
10.0
  1
Q=2.0kN/m²
  7
YAZI (BEYKENT)
 11
3203.219675465762
 21
2092.158560045572
 31
0.0
100
AcDbText
 73
     1
  0
TEXT
  5
C8D
330
1F
100
AcDbEntity
  8
KOT YAZI (BEYKENT)
100
AcDbText
 10
3217.545775465767
 20
2083.480430747085
 30
0.0
 40
8.0
  1
+3.30
  7
YAZI (BEYKENT)
 11
3217.545775465767
 21
2081.158560045572
 31
0.0
100
AcDbText
 73
     1
  0
HATCH
  5
C8E
330
1F
100
AcDbEntity
  8
KOT CIZGISI (BEYKENT)
 62
    18
420
        0
100
AcDbHatch
 10
0.0
 20
0.0
 30
0.0
210
0.0
220
0.0
230
1.0
  2
SOLID
 70
     1
 71
     0
 91
        1
 92
        7
 72
     1
 73
     1
 93
        3
 10
3209.741445261925
 20
2089.002169657382
 42
0.0
 10
3209.741445261925
 20
2082.480430470255
 42
0.0
 10
3216.263184449052
 20
2082.480430470255
 42
0.4142135623730951
 97
        0
 75
     1
 76
     1
 47
0.1085495934889314
 98
        2
 10
3212.201435343536
 20
2084.54796078291
 10
3207.007211534639
 20
2080.300366517177
450
        0
451
        0
460
0.0
461
0.0
452
        0
462
0.0
453
        2
463
0.0
 63
     5
421
      255
463
1.0
 63
     2
421
 16776960
470
LINEAR
1001
GradientColor1ACI
1070
     5
1001
GradientColor2ACI
1070
     2
1001
ACAD
1010
0.0
1020
0.0
1030
0.0
  0
HATCH
  5
C8F
330
1F
100
AcDbEntity
  8
KOT CIZGISI (BEYKENT)
 62
    18
420
        0
100
AcDbHatch
 10
0.0
 20
0.0
 30
0.0
210
0.0
220
0.0
230
1.0
  2
SOLID
 70
     1
 71
     0
 91
        1
 92
        7
 72
     1
 73
     1
 93
        3
 10
3209.741445261925
 20
2082.480430470255
 42
0.0
 10
3203.219706074798
 20
2082.480430470255
 42
0.4142135623730951
 10
3209.741445261925
 20
2075.958691283132
 42
0.0
 97
        0
 75
     1
 76
     1
 47
0.1085495934889314
 98
        2
 10
3212.201435343536
 20
2084.54796078291
 10
3207.007211534639
 20
2080.300366517177
450
        0
451
        0
460
0.0
461
0.0
452
        0
462
0.0
453
        2
463
0.0
 63
     5
421
      255
463
1.0
 63
     2
421
 16776960
470
LINEAR
1001
GradientColor1ACI
1070
     5
1001
GradientColor2ACI
1070
     2
1001
ACAD
1010
0.0
1020
0.0
1030
0.0
  0
LINE
  5
C90
330
1F
100
AcDbEntity
  8
KOT CIZGISI (BEYKENT)
100
AcDbLine
 10
3209.741445261925
 20
2091.176229841726
 30
0.0
 11
3209.741445261925
 21
2073.784890249414
 31
0.0
1001
sta4cad App2
1004
70
1071
       13
1070
     0
1070
     0
1070
     0
  0
LINE
  5
C91
330
1F
100
AcDbEntity
  8
KOT CIZGISI (BEYKENT)
100
AcDbLine
 10
3201.045775465767
 20
2082.480430470255
 30
0.0
 11
3241.045775465767
 21
2082.480430470255
 31
0.0
1001
sta4cad App2
1004
70
1071
       13
1070
     0
1070
     0
1070
     0
  0
CIRCLE
  5
C92
330
1F
100
AcDbEntity
  8
KOT CIZGISI (BEYKENT)
100
AcDbCircle
 10
3209.741445261925
 20
2082.480430470255
 30
0.0
 40
6.521739187123983
1001
sta4cad App2
1004
70
1071
       13
1070
     0
1070
     0
1070
     0
  0
TEXT
  5
C93
330
1F
100
AcDbEntity
  8
KOT YAZI (BEYKENT)
100
AcDbText
 10
3217.545775465767
 20
2073.480430747085
 30
0.0
 40
8.0
  1
+3.18
  7
YAZI (BEYKENT)
 11
3217.545775465767
 21
2071.158560045572
 31
0.0
100
AcDbText
 73
     1
  0
TEXT
  5
C94
330
1F
100
AcDbEntity
  8
DOSEME ISMI (BEYKENT)
100
AcDbText
 10
4063.219675465762
 20
2158.141366097842
 30
0.0
 40
12.0
  1
DZ-11 d=12cm
  7
YAZI (BEYKENT)
 11
4063.219675465762
 21
2154.658560045572
 31
0.0
100
AcDbText
 73
     1
  0
LWPOLYLINE
  5
C95
330
1F
100
AcDbEntity
  8
DOSEME PAFTA (BEYKENT)
100
AcDbPolyline
 90
        4
 70
     1
 43
0.0
 10
4061.219675465761
 20
2172.141360045574
 10
4136.980335713348
 20
2172.141360045574
 42
-1.0
 10
4136.980335713348
 20
2156.141360045574
 10
4061.219675465761
 20
2156.141360045574
 42
-1.0
  0
TEXT
  5
C96
330
1F
100
AcDbEntity
  8
YUK YAZISI (BEYKENT)
100
AcDbText
 10
4063.219675465762
 20
2142.560898422463
 30
0.0
 40
10.0
  1
Q=2.0kN/m²
  7
YAZI (BEYKENT)
 11
4063.219675465762
 21
2139.658560045572
 31
0.0
100
AcDbText
 73
     1
  0
TEXT
  5
C97
330
1F
100
AcDbEntity
  8
KOT YAZI (BEYKENT)
100
AcDbText
 10
4077.545775465767
 20
2130.980430747085
 30
0.0
 40
8.0
  1
+3.30
  7
YAZI (BEYKENT)
 11
4077.545775465767
 21
2128.658560045572
 31
0.0
100
AcDbText
 73
     1
  0
HATCH
  5
C98
330
1F
100
AcDbEntity
  8
KOT CIZGISI (BEYKENT)
 62
    18
420
        0
100
AcDbHatch
 10
0.0
 20
0.0
 30
0.0
210
0.0
220
0.0
230
1.0
  2
SOLID
 70
     1
 71
     0
 91
        1
 92
        7
 72
     1
 73
     1
 93
        3
 10
4069.741445261923
 20
2136.502169657381
 42
0.0
 10
4069.741445261923
 20
2129.980430470258
 42
0.0
 10
4076.263184449051
 20
2129.980430470258
 42
0.4142135623730951
 97
        0
 75
     1
 76
     1
 47
0.1085495934889314
 98
        2
 10
4072.20143534355
 20
2132.047960782914
 10
4067.007211534639
 20
2127.800366517181
450
        0
451
        0
460
0.0
461
0.0
452
        0
462
0.0
453
        2
463
0.0
 63
     5
421
      255
463
1.0
 63
     2
421
 16776960
470
LINEAR
1001
GradientColor1ACI
1070
     5
1001
GradientColor2ACI
1070
     2
1001
ACAD
1010
0.0
1020
0.0
1030
0.0
  0
HATCH
  5
C99
330
1F
100
AcDbEntity
  8
KOT CIZGISI (BEYKENT)
 62
    18
420
        0
100
AcDbHatch
 10
0.0
 20
0.0
 30
0.0
210
0.0
220
0.0
230
1.0
  2
SOLID
 70
     1
 71
     0
 91
        1
 92
        7
 72
     1
 73
     1
 93
        3
 10
4069.741445261923
 20
2129.980430470258
 42
0.0
 10
4063.219706074798
 20
2129.980430470258
 42
0.4142135623730951
 10
4069.741445261923
 20
2123.458691283136
 42
0.0
 97
        0
 75
     1
 76
     1
 47
0.1085495934889314
 98
        2
 10
4072.20143534355
 20
2132.047960782914
 10
4067.007211534639
 20
2127.800366517181
450
        0
451
        0
460
0.0
461
0.0
452
        0
462
0.0
453
        2
463
0.0
 63
     5
421
      255
463
1.0
 63
     2
421
 16776960
470
LINEAR
1001
GradientColor1ACI
1070
     5
1001
GradientColor2ACI
1070
     2
1001
ACAD
1010
0.0
1020
0.0
1030
0.0
  0
LINE
  5
C9A
330
1F
100
AcDbEntity
  8
KOT CIZGISI (BEYKENT)
100
AcDbLine
 10
4069.741445261923
 20
2138.67622984173
 30
0.0
 11
4069.741445261923
 21
2121.284890249418
 31
0.0
1001
sta4cad App2
1004
70
1071
       13
1070
     0
1070
     0
1070
     0
  0
LINE
  5
C9B
330
1F
100
AcDbEntity
  8
KOT CIZGISI (BEYKENT)
100
AcDbLine
 10
4061.045775465767
 20
2129.980430470258
 30
0.0
 11
4101.045775465767
 21
2129.980430470258
 31
0.0
1001
sta4cad App2
1004
70
1071
       13
1070
     0
1070
     0
1070
     0
  0
CIRCLE
  5
C9C
330
1F
100
AcDbEntity
  8
KOT CIZGISI (BEYKENT)
100
AcDbCircle
 10
4069.741445261923
 20
2129.980430470258
 30
0.0
 40
6.521739187123983
1001
sta4cad App2
1004
70
1071
       13
1070
     0
1070
     0
1070
     0
  0
TEXT
  5
C9D
330
1F
100
AcDbEntity
  8
KOT YAZI (BEYKENT)
100
AcDbText
 10
4077.545775465767
 20
2120.980430747085
 30
0.0
 40
8.0
  1
+3.18
  7
YAZI (BEYKENT)
 11
4077.545775465767
 21
2118.658560045572
 31
0.0
100
AcDbText
 73
     1
  0
TEXT
  5
C9E
330
1F
100
AcDbEntity
  8
DOSEME ISMI (BEYKENT)
100
AcDbText
 10
2255.719725465764
 20
1881.38695816224
 30
0.0
 40
12.0
  1
DZ-12 d=12cm
  7
YAZI (BEYKENT)
 11
2255.719725465764
 21
1877.904152109971
 31
0.0
100
AcDbText
 73
     1
  0
LWPOLYLINE
  5
C9F
330
1F
100
AcDbEntity
  8
DOSEME PAFTA (BEYKENT)
100
AcDbPolyline
 90
        4
 70
     1
 43
0.0
 10
2253.719725465764
 20
1895.386952109972
 10
2331.700468244306
 20
1895.386952109972
 42
-1.0
 10
2331.700468244306
 20
1879.386952109972
 10
2253.719725465764
 20
1879.386952109972
 42
-1.0
  0
TEXT
  5
CA0
330
1F
100
AcDbEntity
  8
YUK YAZISI (BEYKENT)
100
AcDbText
 10
2255.719725465764
 20
1865.806490486862
 30
0.0
 40
10.0
  1
Q=3.5kN/m²
  7
YAZI (BEYKENT)
 11
2255.719725465764
 21
1862.904152109971
 31
0.0
100
AcDbText
 73
     1
  0
TEXT
  5
CA1
330
1F
100
AcDbEntity
  8
KOT YAZI (BEYKENT)
100
AcDbText
 10
2270.04582546577
 20
1854.226022811484
 30
0.0
 40
8.0
  1
+3.30
  7
YAZI (BEYKENT)
 11
2270.04582546577
 21
1851.904152109971
 31
0.0
100
AcDbText
 73
     1
  0
HATCH
  5
CA2
330
1F
100
AcDbEntity
  8
KOT CIZGISI (BEYKENT)
 62
    18
420
        0
100
AcDbHatch
 10
0.0
 20
0.0
 30
0.0
210
0.0
220
0.0
230
1.0
  2
SOLID
 70
     1
 71
     0
 91
        1
 92
        7
 72
     1
 73
     1
 93
        3
 10
2262.241495261927
 20
1859.74776172178
 42
0.0
 10
2262.241495261927
 20
1853.226022534657
 42
0.0
 10
2268.763234449054
 20
1853.226022534657
 42
0.4142135623730951
 97
        0
 75
     1
 76
     1
 47
0.1085495934889314
 98
        2
 10
2264.701485343538
 20
1855.293552847313
 10
2259.507261534627
 20
1851.04595858158
450
        0
451
        0
460
0.0
461
0.0
452
        0
462
0.0
453
        2
463
0.0
 63
     5
421
      255
463
1.0
 63
     2
421
 16776960
470
LINEAR
1001
GradientColor1ACI
1070
     5
1001
GradientColor2ACI
1070
     2
1001
ACAD
1010
0.0
1020
0.0
1030
0.0
  0
HATCH
  5
CA3
330
1F
100
AcDbEntity
  8
KOT CIZGISI (BEYKENT)
 62
    18
420
        0
100
AcDbHatch
 10
0.0
 20
0.0
 30
0.0
210
0.0
220
0.0
230
1.0
  2
SOLID
 70
     1
 71
     0
 91
        1
 92
        7
 72
     1
 73
     1
 93
        3
 10
2262.241495261927
 20
1853.226022534657
 42
0.0
 10
2255.719756074801
 20
1853.226022534657
 42
0.4142135623730951
 10
2262.241495261927
 20
1846.704283347531
 42
0.0
 97
        0
 75
     1
 76
     1
 47
0.1085495934889314
 98
        2
 10
2264.701485343538
 20
1855.293552847313
 10
2259.507261534627
 20
1851.04595858158
450
        0
451
        0
460
0.0
461
0.0
452
        0
462
0.0
453
        2
463
0.0
 63
     5
421
      255
463
1.0
 63
     2
421
 16776960
470
LINEAR
1001
GradientColor1ACI
1070
     5
1001
GradientColor2ACI
1070
     2
1001
ACAD
1010
0.0
1020
0.0
1030
0.0
  0
LINE
  5
CA4
330
1F
100
AcDbEntity
  8
KOT CIZGISI (BEYKENT)
100
AcDbLine
 10
2262.241495261927
 20
1861.921821906125
 30
0.0
 11
2262.241495261927
 21
1844.530482313813
 31
0.0
1001
sta4cad App2
1004
70
1071
       13
1070
     0
1070
     0
1070
     0
  0
LINE
  5
CA5
330
1F
100
AcDbEntity
  8
KOT CIZGISI (BEYKENT)
100
AcDbLine
 10
2253.54582546577
 20
1853.226022534657
 30
0.0
 11
2293.54582546577
 21
1853.226022534657
 31
0.0
1001
sta4cad App2
1004
70
1071
       13
1070
     0
1070
     0
1070
     0
  0
CIRCLE
  5
CA6
330
1F
100
AcDbEntity
  8
KOT CIZGISI (BEYKENT)
100
AcDbCircle
 10
2262.241495261927
 20
1853.226022534657
 30
0.0
 40
6.521739187123983
1001
sta4cad App2
1004
70
1071
       13
1070
     0
1070
     0
1070
     0
  0
TEXT
  5
CA7
330
1F
100
AcDbEntity
  8
KOT YAZI (BEYKENT)
100
AcDbText
 10
2270.04582546577
 20
1844.226022811484
 30
0.0
 40
8.0
  1
+3.18
  7
YAZI (BEYKENT)
 11
2270.04582546577
 21
1841.904152109971
 31
0.0
100
AcDbText
 73
     1
  0
TEXT
  5
CA8
330
1F
100
AcDbEntity
  8
DOSEME ISMI (BEYKENT)
100
AcDbText
 10
3748.219675465762
 20
1989.420883431504
 30
0.0
 40
12.0
  1
DZ-15 d=12cm
  7
YAZI (BEYKENT)
 11
3748.219675465762
 21
1985.938077379235
 31
0.0
100
AcDbText
 73
     1
  0
LWPOLYLINE
  5
CA9
330
1F
100
AcDbEntity
  8
DOSEME PAFTA (BEYKENT)
100
AcDbPolyline
 90
        4
 70
     1
 43
0.0
 10
3746.219675465762
 20
2003.420877379237
 10
3824.324214667969
 20
2003.420877379237
 42
-1.0
 10
3824.324214667969
 20
1987.420877379237
 10
3746.219675465762
 20
1987.420877379237
 42
-1.0
  0
TEXT
  5
CAA
330
1F
100
AcDbEntity
  8
YUK YAZISI (BEYKENT)
100
AcDbText
 10
3748.219675465762
 20
1973.840415756126
 30
0.0
 40
10.0
  1
Q=2.0kN/m²
  7
YAZI (BEYKENT)
 11
3748.219675465762
 21
1970.938077379235
 31
0.0
100
AcDbText
 73
     1
  0
TEXT
  5
CAB
330
1F
100
AcDbEntity
  8
KOT YAZI (BEYKENT)
100
AcDbText
 10
3762.545775465767
 20
1962.259948080748
 30
0.0
 40
8.0
  1
+3.30
  7
YAZI (BEYKENT)
 11
3762.545775465767
 21
1959.938077379235
 31
0.0
100
AcDbText
 73
     1
  0
HATCH
  5
CAC
330
1F
100
AcDbEntity
  8
KOT CIZGISI (BEYKENT)
 62
    18
420
        0
100
AcDbHatch
 10
0.0
 20
0.0
 30
0.0
210
0.0
220
0.0
230
1.0
  2
SOLID
 70
     1
 71
     0
 91
        1
 92
        7
 72
     1
 73
     1
 93
        3
 10
3754.741445261925
 20
1967.781686991045
 42
0.0
 10
3754.741445261925
 20
1961.259947803918
 42
0.0
 10
3761.263184449052
 20
1961.259947803918
 42
0.4142135623730951
 97
        0
 75
     1
 76
     1
 47
0.1085495934889314
 98
        2
 10
3757.201435343535
 20
1963.327478116577
 10
3752.007211534639
 20
1959.079883850841
450
        0
451
        0
460
0.0
461
0.0
452
        0
462
0.0
453
        2
463
0.0
 63
     5
421
      255
463
1.0
 63
     2
421
 16776960
470
LINEAR
1001
GradientColor1ACI
1070
     5
1001
GradientColor2ACI
1070
     2
1001
ACAD
1010
0.0
1020
0.0
1030
0.0
  0
HATCH
  5
CAD
330
1F
100
AcDbEntity
  8
KOT CIZGISI (BEYKENT)
 62
    18
420
        0
100
AcDbHatch
 10
0.0
 20
0.0
 30
0.0
210
0.0
220
0.0
230
1.0
  2
SOLID
 70
     1
 71
     0
 91
        1
 92
        7
 72
     1
 73
     1
 93
        3
 10
3754.741445261925
 20
1961.259947803918
 42
0.0
 10
3748.219706074799
 20
1961.259947803918
 42
0.4142135623730951
 10
3754.741445261925
 20
1954.738208616795
 42
0.0
 97
        0
 75
     1
 76
     1
 47
0.1085495934889314
 98
        2
 10
3757.201435343535
 20
1963.327478116577
 10
3752.007211534639
 20
1959.079883850841
450
        0
451
        0
460
0.0
461
0.0
452
        0
462
0.0
453
        2
463
0.0
 63
     5
421
      255
463
1.0
 63
     2
421
 16776960
470
LINEAR
1001
GradientColor1ACI
1070
     5
1001
GradientColor2ACI
1070
     2
1001
ACAD
1010
0.0
1020
0.0
1030
0.0
  0
LINE
  5
CAE
330
1F
100
AcDbEntity
  8
KOT CIZGISI (BEYKENT)
100
AcDbLine
 10
3754.741445261925
 20
1969.95574717539
 30
0.0
 11
3754.741445261925
 21
1952.564407583078
 31
0.0
1001
sta4cad App2
1004
70
1071
       13
1070
     0
1070
     0
1070
     0
  0
LINE
  5
CAF
330
1F
100
AcDbEntity
  8
KOT CIZGISI (BEYKENT)
100
AcDbLine
 10
3746.045775465768
 20
1961.259947803918
 30
0.0
 11
3786.045775465768
 21
1961.259947803918
 31
0.0
1001
sta4cad App2
1004
70
1071
       13
1070
     0
1070
     0
1070
     0
  0
CIRCLE
  5
CB0
330
1F
100
AcDbEntity
  8
KOT CIZGISI (BEYKENT)
100
AcDbCircle
 10
3754.741445261925
 20
1961.259947803918
 30
0.0
 40
6.521739187123983
1001
sta4cad App2
1004
70
1071
       13
1070
     0
1070
     0
1070
     0
  0
TEXT
  5
CB1
330
1F
100
AcDbEntity
  8
KOT YAZI (BEYKENT)
100
AcDbText
 10
3762.545775465767
 20
1952.259948080748
 30
0.0
 40
8.0
  1
+3.18
  7
YAZI (BEYKENT)
 11
3762.545775465767
 21
1949.938077379235
 31
0.0
100
AcDbText
 73
     1
  0
TEXT
  5
CB2
330
1F
100
AcDbEntity
  8
DOSEME ISMI (BEYKENT)
100
AcDbText
 10
2002.174552685681
 20
1861.171682144033
 30
0.0
 40
12.0
  1
DZ-16 d=12cm
  7
YAZI (BEYKENT)
 11
2002.174552685681
 21
1857.688876091764
 31
0.0
100
AcDbText
 73
     1
  0
LWPOLYLINE
  5
CB3
330
1F
100
AcDbEntity
  8
DOSEME PAFTA (BEYKENT)
100
AcDbPolyline
 90
        4
 70
     1
 43
0.0
 10
2000.174552685681
 20
1875.171676091765
 10
2077.915955711809
 20
1875.171676091765
 42
-1.0
 10
2077.915955711809
 20
1859.171676091765
 10
2000.174552685681
 20
1859.171676091765
 42
-1.0
  0
TEXT
  5
CB4
330
1F
100
AcDbEntity
  8
YUK YAZISI (BEYKENT)
100
AcDbText
 10
2002.174552685681
 20
1845.591214468655
 30
0.0
 40
10.0
  1
Q=2.0kN/m²
  7
YAZI (BEYKENT)
 11
2002.174552685681
 21
1842.688876091764
 31
0.0
100
AcDbText
 73
     1
  0
TEXT
  5
CB5
330
1F
100
AcDbEntity
  8
KOT YAZI (BEYKENT)
100
AcDbText
 10
2016.500652685687
 20
1834.010746793276
 30
0.0
 40
8.0
  1
+3.30
  7
YAZI (BEYKENT)
 11
2016.500652685687
 21
1831.688876091763
 31
0.0
100
AcDbText
 73
     1
  0
HATCH
  5
CB6
330
1F
100
AcDbEntity
  8
KOT CIZGISI (BEYKENT)
 62
    18
420
        0
100
AcDbHatch
 10
0.0
 20
0.0
 30
0.0
210
0.0
220
0.0
230
1.0
  2
SOLID
 70
     1
 71
     0
 91
        1
 92
        7
 72
     1
 73
     1
 93
        3
 10
2008.696322481845
 20
1839.532485703573
 42
0.0
 10
2008.696322481845
 20
1833.01074651645
 42
0.0
 10
2015.218061668971
 20
1833.01074651645
 42
0.4142135623730951
 97
        0
 75
     1
 76
     1
 47
0.1085495934889314
 98
        2
 10
2011.156312563455
 20
1835.078276829105
 10
2005.962088754544
 20
1830.830682563373
450
        0
451
        0
460
0.0
461
0.0
452
        0
462
0.0
453
        2
463
0.0
 63
     5
421
      255
463
1.0
 63
     2
421
 16776960
470
LINEAR
1001
GradientColor1ACI
1070
     5
1001
GradientColor2ACI
1070
     2
1001
ACAD
1010
0.0
1020
0.0
1030
0.0
  0
HATCH
  5
CB7
330
1F
100
AcDbEntity
  8
KOT CIZGISI (BEYKENT)
 62
    18
420
        0
100
AcDbHatch
 10
0.0
 20
0.0
 30
0.0
210
0.0
220
0.0
230
1.0
  2
SOLID
 70
     1
 71
     0
 91
        1
 92
        7
 72
     1
 73
     1
 93
        3
 10
2008.696322481845
 20
1833.01074651645
 42
0.0
 10
2002.174583294718
 20
1833.01074651645
 42
0.4142135623730951
 10
2008.696322481845
 20
1826.489007329327
 42
0.0
 97
        0
 75
     1
 76
     1
 47
0.1085495934889314
 98
        2
 10
2011.156312563455
 20
1835.078276829105
 10
2005.962088754544
 20
1830.830682563373
450
        0
451
        0
460
0.0
461
0.0
452
        0
462
0.0
453
        2
463
0.0
 63
     5
421
      255
463
1.0
 63
     2
421
 16776960
470
LINEAR
1001
GradientColor1ACI
1070
     5
1001
GradientColor2ACI
1070
     2
1001
ACAD
1010
0.0
1020
0.0
1030
0.0
  0
LINE
  5
CB8
330
1F
100
AcDbEntity
  8
KOT CIZGISI (BEYKENT)
100
AcDbLine
 10
2008.696322481845
 20
1841.706545887921
 30
0.0
 11
2008.696322481845
 21
1824.315206295609
 31
0.0
1001
sta4cad App2
1004
70
1071
       13
1070
     0
1070
     0
1070
     0
  0
LINE
  5
CB9
330
1F
100
AcDbEntity
  8
KOT CIZGISI (BEYKENT)
100
AcDbLine
 10
2000.000652685687
 20
1833.01074651645
 30
0.0
 11
2040.000652685687
 21
1833.01074651645
 31
0.0
1001
sta4cad App2
1004
70
1071
       13
1070
     0
1070
     0
1070
     0
  0
CIRCLE
  5
CBA
330
1F
100
AcDbEntity
  8
KOT CIZGISI (BEYKENT)
100
AcDbCircle
 10
2008.696322481845
 20
1833.01074651645
 30
0.0
 40
6.521739187123983
1001
sta4cad App2
1004
70
1071
       13
1070
     0
1070
     0
1070
     0
  0
TEXT
  5
CBB
330
1F
100
AcDbEntity
  8
KOT YAZI (BEYKENT)
100
AcDbText
 10
2016.500652685687
 20
1824.010746793277
 30
0.0
 40
8.0
  1
+3.18
  7
YAZI (BEYKENT)
 11
2016.500652685687
 21
1821.688876091764
 31
0.0
100
AcDbText
 73
     1
  0
TEXT
  5
CBC
330
1F
100
AcDbEntity
  8
DOSEME ISMI (BEYKENT)
100
AcDbText
 10
3766.333788017436
 20
1844.008788869259
 30
0.0
 40
12.0
  1
DZ-17 d=12cm
  7
YAZI (BEYKENT)
 11
3766.333788017436
 21
1840.525982816989
 31
0.0
100
AcDbText
 73
     1
  0
LWPOLYLINE
  5
CBD
330
1F
100
AcDbEntity
  8
DOSEME PAFTA (BEYKENT)
100
AcDbPolyline
 90
        4
 70
     1
 43
0.0
 10
3764.333788017449
 20
1858.008782816992
 10
3841.992660094458
 20
1858.008782816992
 42
-1.0
 10
3841.992660094458
 20
1842.008782816992
 10
3764.333788017449
 20
1842.008782816992
 42
-1.0
  0
TEXT
  5
CBE
330
1F
100
AcDbEntity
  8
YUK YAZISI (BEYKENT)
100
AcDbText
 10
3766.333788017436
 20
1828.428321193881
 30
0.0
 40
10.0
  1
Q=3.5kN/m²
  7
YAZI (BEYKENT)
 11
3766.333788017436
 21
1825.52598281699
 31
0.0
100
AcDbText
 73
     1
  0
TEXT
  5
CBF
330
1F
100
AcDbEntity
  8
KOT YAZI (BEYKENT)
100
AcDbText
 10
3780.659888017441
 20
1816.847853518503
 30
0.0
 40
8.0
  1
+3.30
  7
YAZI (BEYKENT)
 11
3780.659888017441
 21
1814.52598281699
 31
0.0
100
AcDbText
 73
     1
  0
HATCH
  5
CC0
330
1F
100
AcDbEntity
  8
KOT CIZGISI (BEYKENT)
 62
    18
420
        0
100
AcDbHatch
 10
0.0
 20
0.0
 30
0.0
210
0.0
220
0.0
230
1.0
  2
SOLID
 70
     1
 71
     0
 91
        1
 92
        7
 72
     1
 73
     1
 93
        3
 10
3772.855557813598
 20
1822.369592428799
 42
0.0
 10
3772.855557813598
 20
1815.847853241676
 42
0.0
 10
3779.377297000725
 20
1815.847853241676
 42
0.4142135623730951
 97
        0
 75
     1
 76
     1
 47
0.1085495934889314
 98
        2
 10
3775.315547895209
 20
1817.915383554332
 10
3770.121324086299
 20
1813.667789288599
450
        0
451
        0
460
0.0
461
0.0
452
        0
462
0.0
453
        2
463
0.0
 63
     5
421
      255
463
1.0
 63
     2
421
 16776960
470
LINEAR
1001
GradientColor1ACI
1070
     5
1001
GradientColor2ACI
1070
     2
1001
ACAD
1010
0.0
1020
0.0
1030
0.0
  0
HATCH
  5
CC1
330
1F
100
AcDbEntity
  8
KOT CIZGISI (BEYKENT)
 62
    18
420
        0
100
AcDbHatch
 10
0.0
 20
0.0
 30
0.0
210
0.0
220
0.0
230
1.0
  2
SOLID
 70
     1
 71
     0
 91
        1
 92
        7
 72
     1
 73
     1
 93
        3
 10
3772.855557813598
 20
1815.847853241676
 42
0.0
 10
3766.333818626473
 20
1815.847853241676
 42
0.4142135623730951
 10
3772.855557813598
 20
1809.326114054553
 42
0.0
 97
        0
 75
     1
 76
     1
 47
0.1085495934889314
 98
        2
 10
3775.315547895209
 20
1817.915383554332
 10
3770.121324086299
 20
1813.667789288599
450
        0
451
        0
460
0.0
461
0.0
452
        0
462
0.0
453
        2
463
0.0
 63
     5
421
      255
463
1.0
 63
     2
421
 16776960
470
LINEAR
1001
GradientColor1ACI
1070
     5
1001
GradientColor2ACI
1070
     2
1001
ACAD
1010
0.0
1020
0.0
1030
0.0
  0
LINE
  5
CC2
330
1F
100
AcDbEntity
  8
KOT CIZGISI (BEYKENT)
100
AcDbLine
 10
3772.855557813598
 20
1824.543652613148
 30
0.0
 11
3772.855557813598
 21
1807.152313020836
 31
0.0
1001
sta4cad App2
1004
70
1071
       13
1070
     0
1070
     0
1070
     0
  0
LINE
  5
CC3
330
1F
100
AcDbEntity
  8
KOT CIZGISI (BEYKENT)
100
AcDbLine
 10
3764.159888017441
 20
1815.847853241676
 30
0.0
 11
3804.159888017441
 21
1815.847853241676
 31
0.0
1001
sta4cad App2
1004
70
1071
       13
1070
     0
1070
     0
1070
     0
  0
CIRCLE
  5
CC4
330
1F
100
AcDbEntity
  8
KOT CIZGISI (BEYKENT)
100
AcDbCircle
 10
3772.855557813598
 20
1815.847853241676
 30
0.0
 40
6.521739187123983
1001
sta4cad App2
1004
70
1071
       13
1070
     0
1070
     0
1070
     0
  0
TEXT
  5
CC5
330
1F
100
AcDbEntity
  8
KOT YAZI (BEYKENT)
100
AcDbText
 10
3780.659888017441
 20
1806.847853518502
 30
0.0
 40
8.0
  1
+3.18
  7
YAZI (BEYKENT)
 11
3780.659888017441
 21
1804.52598281699
 31
0.0
100
AcDbText
 73
     1
  0
TEXT
  5
CC6
330
1F
100
AcDbEntity
  8
DOSEME ISMI (BEYKENT)
100
AcDbText
 10
1993.174461378525
 20
1626.785160292389
 30
0.0
 40
12.0
  1
DZ-18 d=12cm
  7
YAZI (BEYKENT)
 11
1993.174461378525
 21
1623.30235424012
 31
0.0
100
AcDbText
 73
     1
  0
LWPOLYLINE
  5
CC7
330
1F
100
AcDbEntity
  8
DOSEME PAFTA (BEYKENT)
100
AcDbPolyline
 90
        4
 70
     1
 43
0.0
 10
1991.174461378525
 20
1640.785154240121
 10
2069.336772245106
 20
1640.785154240121
 42
-1.0
 10
2069.336772245106
 20
1624.785154240121
 10
1991.174461378525
 20
1624.785154240121
 42
-1.0
  0
TEXT
  5
CC8
330
1F
100
AcDbEntity
  8
YUK YAZISI (BEYKENT)
100
AcDbText
 10
1993.174461378525
 20
1611.204692617011
 30
0.0
 40
10.0
  1
Q=2.0kN/m²
  7
YAZI (BEYKENT)
 11
1993.174461378525
 21
1608.30235424012
 31
0.0
100
AcDbText
 73
     1
  0
TEXT
  5
CC9
330
1F
100
AcDbEntity
  8
KOT YAZI (BEYKENT)
100
AcDbText
 10
2007.500561378531
 20
1599.624224941633
 30
0.0
 40
8.0
  1
+3.30
  7
YAZI (BEYKENT)
 11
2007.500561378531
 21
1597.30235424012
 31
0.0
100
AcDbText
 73
     1
  0
HATCH
  5
CCA
330
1F
100
AcDbEntity
  8
KOT CIZGISI (BEYKENT)
 62
    18
420
        0
100
AcDbHatch
 10
0.0
 20
0.0
 30
0.0
210
0.0
220
0.0
230
1.0
  2
SOLID
 70
     1
 71
     0
 91
        1
 92
        7
 72
     1
 73
     1
 93
        3
 10
1999.696231174688
 20
1605.145963851929
 42
0.0
 10
1999.696231174688
 20
1598.624224664806
 42
0.0
 10
2006.217970361815
 20
1598.624224664806
 42
0.4142135623730951
 97
        0
 75
     1
 76
     1
 47
0.1085495934889314
 98
        2
 10
2002.156221256299
 20
1600.691754977462
 10
1996.961997447388
 20
1596.444160711729
450
        0
451
        0
460
0.0
461
0.0
452
        0
462
0.0
453
        2
463
0.0
 63
     5
421
      255
463
1.0
 63
     2
421
 16776960
470
LINEAR
1001
GradientColor1ACI
1070
     5
1001
GradientColor2ACI
1070
     2
1001
ACAD
1010
0.0
1020
0.0
1030
0.0
  0
HATCH
  5
CCB
330
1F
100
AcDbEntity
  8
KOT CIZGISI (BEYKENT)
 62
    18
420
        0
100
AcDbHatch
 10
0.0
 20
0.0
 30
0.0
210
0.0
220
0.0
230
1.0
  2
SOLID
 70
     1
 71
     0
 91
        1
 92
        7
 72
     1
 73
     1
 93
        3
 10
1999.696231174688
 20
1598.624224664806
 42
0.0
 10
1993.174491987562
 20
1598.624224664806
 42
0.4142135623730951
 10
1999.696231174688
 20
1592.10248547768
 42
0.0
 97
        0
 75
     1
 76
     1
 47
0.1085495934889314
 98
        2
 10
2002.156221256299
 20
1600.691754977462
 10
1996.961997447388
 20
1596.444160711729
450
        0
451
        0
460
0.0
461
0.0
452
        0
462
0.0
453
        2
463
0.0
 63
     5
421
      255
463
1.0
 63
     2
421
 16776960
470
LINEAR
1001
GradientColor1ACI
1070
     5
1001
GradientColor2ACI
1070
     2
1001
ACAD
1010
0.0
1020
0.0
1030
0.0
  0
LINE
  5
CCC
330
1F
100
AcDbEntity
  8
KOT CIZGISI (BEYKENT)
100
AcDbLine
 10
1999.696231174688
 20
1607.320024036277
 30
0.0
 11
1999.696231174688
 21
1589.928684443966
 31
0.0
1001
sta4cad App2
1004
70
1071
       13
1070
     0
1070
     0
1070
     0
  0
LINE
  5
CCD
330
1F
100
AcDbEntity
  8
KOT CIZGISI (BEYKENT)
100
AcDbLine
 10
1991.00056137853
 20
1598.624224664806
 30
0.0
 11
2031.000561378531
 21
1598.624224664806
 31
0.0
1001
sta4cad App2
1004
70
1071
       13
1070
     0
1070
     0
1070
     0
  0
CIRCLE
  5
CCE
330
1F
100
AcDbEntity
  8
KOT CIZGISI (BEYKENT)
100
AcDbCircle
 10
1999.696231174688
 20
1598.624224664806
 30
0.0
 40
6.521739187123983
1001
sta4cad App2
1004
70
1071
       13
1070
     0
1070
     0
1070
     0
  0
TEXT
  5
CCF
330
1F
100
AcDbEntity
  8
KOT YAZI (BEYKENT)
100
AcDbText
 10
2007.500561378531
 20
1589.624224941633
 30
0.0
 40
8.0
  1
+3.18
  7
YAZI (BEYKENT)
 11
2007.500561378531
 21
1587.30235424012
 31
0.0
100
AcDbText
 73
     1
  0
TEXT
  5
CD0
330
1F
100
AcDbEntity
  8
DOSEME ISMI (BEYKENT)
100
AcDbText
 10
2255.719725465764
 20
1605.641416097844
 30
0.0
 40
12.0
  1
DZ-19 d=12cm
  7
YAZI (BEYKENT)
 11
2255.719725465764
 21
1602.158610045574
 31
0.0
100
AcDbText
 73
     1
  0
LWPOLYLINE
  5
CD1
330
1F
100
AcDbEntity
  8
DOSEME PAFTA (BEYKENT)
100
AcDbPolyline
 90
        4
 70
     1
 43
0.0
 10
2253.719725465764
 20
1619.641410045576
 10
2331.461128491892
 20
1619.641410045576
 42
-1.0
 10
2331.461128491892
 20
1603.641410045575
 10
2253.719725465764
 20
1603.641410045575
 42
-1.0
  0
TEXT
  5
CD2
330
1F
100
AcDbEntity
  8
YUK YAZISI (BEYKENT)
100
AcDbText
 10
2255.719725465764
 20
1590.060948422465
 30
0.0
 40
10.0
  1
Q=3.5kN/m²
  7
YAZI (BEYKENT)
 11
2255.719725465764
 21
1587.158610045574
 31
0.0
100
AcDbText
 73
     1
  0
TEXT
  5
CD3
330
1F
100
AcDbEntity
  8
KOT YAZI (BEYKENT)
100
AcDbText
 10
2270.04582546577
 20
1578.480480747087
 30
0.0
 40
8.0
  1
+3.30
  7
YAZI (BEYKENT)
 11
2270.04582546577
 21
1576.158610045574
 31
0.0
100
AcDbText
 73
     1
  0
HATCH
  5
CD4
330
1F
100
AcDbEntity
  8
KOT CIZGISI (BEYKENT)
 62
    18
420
        0
100
AcDbHatch
 10
0.0
 20
0.0
 30
0.0
210
0.0
220
0.0
230
1.0
  2
SOLID
 70
     1
 71
     0
 91
        1
 92
        7
 72
     1
 73
     1
 93
        3
 10
2262.241495261927
 20
1584.002219657383
 42
0.0
 10
2262.241495261927
 20
1577.480480470261
 42
0.0
 10
2268.763234449054
 20
1577.480480470261
 42
0.4142135623730951
 97
        0
 75
     1
 76
     1
 47
0.1085495934889314
 98
        2
 10
2264.701485343538
 20
1579.548010782916
 10
2259.507261534627
 20
1575.300416517183
450
        0
451
        0
460
0.0
461
0.0
452
        0
462
0.0
453
        2
463
0.0
 63
     5
421
      255
463
1.0
 63
     2
421
 16776960
470
LINEAR
1001
GradientColor1ACI
1070
     5
1001
GradientColor2ACI
1070
     2
1001
ACAD
1010
0.0
1020
0.0
1030
0.0
  0
HATCH
  5
CD5
330
1F
100
AcDbEntity
  8
KOT CIZGISI (BEYKENT)
 62
    18
420
        0
100
AcDbHatch
 10
0.0
 20
0.0
 30
0.0
210
0.0
220
0.0
230
1.0
  2
SOLID
 70
     1
 71
     0
 91
        1
 92
        7
 72
     1
 73
     1
 93
        3
 10
2262.241495261927
 20
1577.480480470261
 42
0.0
 10
2255.719756074801
 20
1577.480480470261
 42
0.4142135623730951
 10
2262.241495261927
 20
1570.958741283138
 42
0.0
 97
        0
 75
     1
 76
     1
 47
0.1085495934889314
 98
        2
 10
2264.701485343538
 20
1579.548010782916
 10
2259.507261534627
 20
1575.300416517183
450
        0
451
        0
460
0.0
461
0.0
452
        0
462
0.0
453
        2
463
0.0
 63
     5
421
      255
463
1.0
 63
     2
421
 16776960
470
LINEAR
1001
GradientColor1ACI
1070
     5
1001
GradientColor2ACI
1070
     2
1001
ACAD
1010
0.0
1020
0.0
1030
0.0
  0
LINE
  5
CD6
330
1F
100
AcDbEntity
  8
KOT CIZGISI (BEYKENT)
100
AcDbLine
 10
2262.241495261927
 20
1586.176279841732
 30
0.0
 11
2262.241495261927
 21
1568.78494024942
 31
0.0
1001
sta4cad App2
1004
70
1071
       13
1070
     0
1070
     0
1070
     0
  0
LINE
  5
CD7
330
1F
100
AcDbEntity
  8
KOT CIZGISI (BEYKENT)
100
AcDbLine
 10
2253.54582546577
 20
1577.480480470261
 30
0.0
 11
2293.54582546577
 21
1577.480480470261
 31
0.0
1001
sta4cad App2
1004
70
1071
       13
1070
     0
1070
     0
1070
     0
  0
CIRCLE
  5
CD8
330
1F
100
AcDbEntity
  8
KOT CIZGISI (BEYKENT)
100
AcDbCircle
 10
2262.241495261927
 20
1577.480480470261
 30
0.0
 40
6.521739187123983
1001
sta4cad App2
1004
70
1071
       13
1070
     0
1070
     0
1070
     0
  0
TEXT
  5
CD9
330
1F
100
AcDbEntity
  8
KOT YAZI (BEYKENT)
100
AcDbText
 10
2270.04582546577
 20
1568.480480747087
 30
0.0
 40
8.0
  1
+3.18
  7
YAZI (BEYKENT)
 11
2270.04582546577
 21
1566.158610045574
 31
0.0
100
AcDbText
 73
     1
  0
TEXT
  5
CDA
330
1F
100
AcDbEntity
  8
DOSEME ISMI (BEYKENT)
100
AcDbText
 10
2790.897746265049
 20
1753.141366097841
 30
0.0
 40
12.0
  1
DZ-20 d=12cm
  7
YAZI (BEYKENT)
 11
2790.897746265049
 21
1749.658560045572
 31
0.0
100
AcDbText
 73
     1
  0
LWPOLYLINE
  5
CDB
330
1F
100
AcDbEntity
  8
DOSEME PAFTA (BEYKENT)
100
AcDbPolyline
 90
        4
 70
     1
 43
0.0
 10
2788.897746265035
 20
1767.141360045573
 10
2869.346164421861
 20
1767.141360045573
 42
-1.0
 10
2869.346164421861
 20
1751.141360045573
 10
2788.897746265035
 20
1751.141360045573
 42
-1.0
  0
TEXT
  5
CDC
330
1F
100
AcDbEntity
  8
YUK YAZISI (BEYKENT)
100
AcDbText
 10
2790.897746265049
 20
1737.560898422463
 30
0.0
 40
10.0
  1
Q=3.5kN/m²
  7
YAZI (BEYKENT)
 11
2790.897746265049
 21
1734.658560045572
 31
0.0
100
AcDbText
 73
     1
  0
TEXT
  5
CDD
330
1F
100
AcDbEntity
  8
KOT YAZI (BEYKENT)
100
AcDbText
 10
2805.223846265055
 20
1725.980430747085
 30
0.0
 40
8.0
  1
+3.30
  7
YAZI (BEYKENT)
 11
2805.223846265055
 21
1723.658560045572
 31
0.0
100
AcDbText
 73
     1
  0
HATCH
  5
CDE
330
1F
100
AcDbEntity
  8
KOT CIZGISI (BEYKENT)
 62
    18
420
        0
100
AcDbHatch
 10
0.0
 20
0.0
 30
0.0
210
0.0
220
0.0
230
1.0
  2
SOLID
 70
     1
 71
     0
 91
        1
 92
        7
 72
     1
 73
     1
 93
        3
 10
2797.419516061213
 20
1731.502169657381
 42
0.0
 10
2797.419516061213
 20
1724.980430470254
 42
0.0
 10
2803.941255248339
 20
1724.980430470254
 42
0.4142135623730951
 97
        0
 75
     1
 76
     1
 47
0.1085495934889314
 98
        2
 10
2799.879506142823
 20
1727.047960782914
 10
2794.685282333927
 20
1722.800366517177
450
        0
451
        0
460
0.0
461
0.0
452
        0
462
0.0
453
        2
463
0.0
 63
     5
421
      255
463
1.0
 63
     2
421
 16776960
470
LINEAR
1001
GradientColor1ACI
1070
     5
1001
GradientColor2ACI
1070
     2
1001
ACAD
1010
0.0
1020
0.0
1030
0.0
  0
HATCH
  5
CDF
330
1F
100
AcDbEntity
  8
KOT CIZGISI (BEYKENT)
 62
    18
420
        0
100
AcDbHatch
 10
0.0
 20
0.0
 30
0.0
210
0.0
220
0.0
230
1.0
  2
SOLID
 70
     1
 71
     0
 91
        1
 92
        7
 72
     1
 73
     1
 93
        3
 10
2797.419516061213
 20
1724.980430470254
 42
0.0
 10
2790.897776874087
 20
1724.980430470254
 42
0.4142135623730951
 10
2797.419516061213
 20
1718.458691283132
 42
0.0
 97
        0
 75
     1
 76
     1
 47
0.1085495934889314
 98
        2
 10
2799.879506142823
 20
1727.047960782914
 10
2794.685282333927
 20
1722.800366517177
450
        0
451
        0
460
0.0
461
0.0
452
        0
462
0.0
453
        2
463
0.0
 63
     5
421
      255
463
1.0
 63
     2
421
 16776960
470
LINEAR
1001
GradientColor1ACI
1070
     5
1001
GradientColor2ACI
1070
     2
1001
ACAD
1010
0.0
1020
0.0
1030
0.0
  0
LINE
  5
CE0
330
1F
100
AcDbEntity
  8
KOT CIZGISI (BEYKENT)
100
AcDbLine
 10
2797.419516061213
 20
1733.676229841726
 30
0.0
 11
2797.419516061213
 21
1716.284890249414
 31
0.0
1001
sta4cad App2
1004
70
1071
       13
1070
     0
1070
     0
1070
     0
  0
LINE
  5
CE1
330
1F
100
AcDbEntity
  8
KOT CIZGISI (BEYKENT)
100
AcDbLine
 10
2788.723846265055
 20
1724.980430470254
 30
0.0
 11
2828.723846265055
 21
1724.980430470254
 31
0.0
1001
sta4cad App2
1004
70
1071
       13
1070
     0
1070
     0
1070
     0
  0
CIRCLE
  5
CE2
330
1F
100
AcDbEntity
  8
KOT CIZGISI (BEYKENT)
100
AcDbCircle
 10
2797.419516061213
 20
1724.980430470254
 30
0.0
 40
6.521739187123983
1001
sta4cad App2
1004
70
1071
       13
1070
     0
1070
     0
1070
     0
  0
TEXT
  5
CE3
330
1F
100
AcDbEntity
  8
KOT YAZI (BEYKENT)
100
AcDbText
 10
2805.223846265055
 20
1715.980430747085
 30
0.0
 40
8.0
  1
+3.18
  7
YAZI (BEYKENT)
 11
2805.223846265055
 21
1713.658560045572
 31
0.0
100
AcDbText
 73
     1
  0
TEXT
  5
CE4
330
1F
100
AcDbEntity
  8
DOSEME ISMI (BEYKENT)
100
AcDbText
 10
3143.388227023343
 20
1753.141366097841
 30
0.0
 40
12.0
  1
DZ-21 d=15cm
  7
YAZI (BEYKENT)
 11
3143.388227023343
 21
1749.658560045572
 31
0.0
100
AcDbText
 73
     1
  0
LWPOLYLINE
  5
CE5
330
1F
100
AcDbEntity
  8
DOSEME PAFTA (BEYKENT)
100
AcDbPolyline
 90
        4
 70
     1
 43
0.0
 10
3141.388227023343
 20
1767.141360045573
 10
3219.492766225549
 20
1767.141360045573
 42
-1.0
 10
3219.492766225549
 20
1751.141360045573
 10
3141.388227023343
 20
1751.141360045573
 42
-1.0
  0
TEXT
  5
CE6
330
1F
100
AcDbEntity
  8
YUK YAZISI (BEYKENT)
100
AcDbText
 10
3143.388227023343
 20
1737.560898422463
 30
0.0
 40
10.0
  1
Q=3.5kN/m²
  7
YAZI (BEYKENT)
 11
3143.388227023343
 21
1734.658560045572
 31
0.0
100
AcDbText
 73
     1
  0
TEXT
  5
CE7
330
1F
100
AcDbEntity
  8
KOT YAZI (BEYKENT)
100
AcDbText
 10
3157.714327023348
 20
1725.980430747085
 30
0.0
 40
8.0
  1
+3.30
  7
YAZI (BEYKENT)
 11
3157.714327023348
 21
1723.658560045572
 31
0.0
100
AcDbText
 73
     1
  0
HATCH
  5
CE8
330
1F
100
AcDbEntity
  8
KOT CIZGISI (BEYKENT)
 62
    18
420
        0
100
AcDbHatch
 10
0.0
 20
0.0
 30
0.0
210
0.0
220
0.0
230
1.0
  2
SOLID
 70
     1
 71
     0
 91
        1
 92
        7
 72
     1
 73
     1
 93
        3
 10
3149.909996819507
 20
1731.502169657381
 42
0.0
 10
3149.909996819507
 20
1724.980430470254
 42
0.0
 10
3156.431736006633
 20
1724.980430470254
 42
0.4142135623730951
 97
        0
 75
     1
 76
     1
 47
0.1085495934889314
 98
        2
 10
3152.369986901116
 20
1727.047960782914
 10
3147.175763092206
 20
1722.800366517177
450
        0
451
        0
460
0.0
461
0.0
452
        0
462
0.0
453
        2
463
0.0
 63
     5
421
      255
463
1.0
 63
     2
421
 16776960
470
LINEAR
1001
GradientColor1ACI
1070
     5
1001
GradientColor2ACI
1070
     2
1001
ACAD
1010
0.0
1020
0.0
1030
0.0
  0
HATCH
  5
CE9
330
1F
100
AcDbEntity
  8
KOT CIZGISI (BEYKENT)
 62
    18
420
        0
100
AcDbHatch
 10
0.0
 20
0.0
 30
0.0
210
0.0
220
0.0
230
1.0
  2
SOLID
 70
     1
 71
     0
 91
        1
 92
        7
 72
     1
 73
     1
 93
        3
 10
3149.909996819507
 20
1724.980430470254
 42
0.0
 10
3143.388257632381
 20
1724.980430470254
 42
0.4142135623730951
 10
3149.909996819507
 20
1718.458691283132
 42
0.0
 97
        0
 75
     1
 76
     1
 47
0.1085495934889314
 98
        2
 10
3152.369986901116
 20
1727.047960782914
 10
3147.175763092206
 20
1722.800366517177
450
        0
451
        0
460
0.0
461
0.0
452
        0
462
0.0
453
        2
463
0.0
 63
     5
421
      255
463
1.0
 63
     2
421
 16776960
470
LINEAR
1001
GradientColor1ACI
1070
     5
1001
GradientColor2ACI
1070
     2
1001
ACAD
1010
0.0
1020
0.0
1030
0.0
  0
LINE
  5
CEA
330
1F
100
AcDbEntity
  8
KOT CIZGISI (BEYKENT)
100
AcDbLine
 10
3149.909996819507
 20
1733.676229841726
 30
0.0
 11
3149.909996819507
 21
1716.284890249414
 31
0.0
1001
sta4cad App2
1004
70
1071
       13
1070
     0
1070
     0
1070
     0
  0
LINE
  5
CEB
330
1F
100
AcDbEntity
  8
KOT CIZGISI (BEYKENT)
100
AcDbLine
 10
3141.214327023349
 20
1724.980430470254
 30
0.0
 11
3181.214327023349
 21
1724.980430470254
 31
0.0
1001
sta4cad App2
1004
70
1071
       13
1070
     0
1070
     0
1070
     0
  0
CIRCLE
  5
CEC
330
1F
100
AcDbEntity
  8
KOT CIZGISI (BEYKENT)
100
AcDbCircle
 10
3149.909996819507
 20
1724.980430470254
 30
0.0
 40
6.521739187123983
1001
sta4cad App2
1004
70
1071
       13
1070
     0
1070
     0
1070
     0
  0
TEXT
  5
CED
330
1F
100
AcDbEntity
  8
KOT YAZI (BEYKENT)
100
AcDbText
 10
3157.714327023348
 20
1715.980430747085
 30
0.0
 40
8.0
  1
+3.15
  7
YAZI (BEYKENT)
 11
3157.714327023348
 21
1713.658560045572
 31
0.0
100
AcDbText
 73
     1
  0
TEXT
  5
CEE
330
1F
100
AcDbEntity
  8
DOSEME ISMI (BEYKENT)
100
AcDbText
 10
3366.996335706426
 20
1618.993889402029
 30
0.0
 40
12.0
  1
DZ-22 d=12cm
  7
YAZI (BEYKENT)
 11
3366.996335706426
 21
1615.511083349759
 31
0.0
100
AcDbText
 73
     1
  0
LWPOLYLINE
  5
CEF
330
1F
100
AcDbEntity
  8
DOSEME PAFTA (BEYKENT)
100
AcDbPolyline
 90
        4
 70
     1
 43
0.0
 10
3364.996335706424
 20
1632.993883349761
 10
3445.197161015922
 20
1632.993883349761
 42
-1.0
 10
3445.197161015922
 20
1616.993883349761
 10
3364.996335706424
 20
1616.993883349761
 42
-1.0
  0
TEXT
  5
CF0
330
1F
100
AcDbEntity
  8
YUK YAZISI (BEYKENT)
100
AcDbText
 10
3366.996335706426
 20
1603.41342172665
 30
0.0
 40
10.0
  1
Q=3.5kN/m²
  7
YAZI (BEYKENT)
 11
3366.996335706426
 21
1600.511083349759
 31
0.0
100
AcDbText
 73
     1
  0
TEXT
  5
CF1
330
1F
100
AcDbEntity
  8
KOT YAZI (BEYKENT)
100
AcDbText
 10
3381.32243570643
 20
1591.832954051272
 30
0.0
 40
8.0
  1
+3.30
  7
YAZI (BEYKENT)
 11
3381.32243570643
 21
1589.511083349759
 31
0.0
100
AcDbText
 73
     1
  0
HATCH
  5
CF2
330
1F
100
AcDbEntity
  8
KOT CIZGISI (BEYKENT)
 62
    18
420
        0
100
AcDbHatch
 10
0.0
 20
0.0
 30
0.0
210
0.0
220
0.0
230
1.0
  2
SOLID
 70
     1
 71
     0
 91
        1
 92
        7
 72
     1
 73
     1
 93
        3
 10
3373.518105502588
 20
1597.354692961569
 42
0.0
 10
3373.518105502588
 20
1590.832953774446
 42
0.0
 10
3380.039844689714
 20
1590.832953774446
 42
0.4142135623730951
 97
        0
 75
     1
 76
     1
 47
0.1085495934889314
 98
        2
 10
3375.978095584198
 20
1592.900484087101
 10
3370.783871775288
 20
1588.652889821368
450
        0
451
        0
460
0.0
461
0.0
452
        0
462
0.0
453
        2
463
0.0
 63
     5
421
      255
463
1.0
 63
     2
421
 16776960
470
LINEAR
1001
GradientColor1ACI
1070
     5
1001
GradientColor2ACI
1070
     2
1001
ACAD
1010
0.0
1020
0.0
1030
0.0
  0
HATCH
  5
CF3
330
1F
100
AcDbEntity
  8
KOT CIZGISI (BEYKENT)
 62
    18
420
        0
100
AcDbHatch
 10
0.0
 20
0.0
 30
0.0
210
0.0
220
0.0
230
1.0
  2
SOLID
 70
     1
 71
     0
 91
        1
 92
        7
 72
     1
 73
     1
 93
        3
 10
3373.518105502588
 20
1590.832953774446
 42
0.0
 10
3366.996366315461
 20
1590.832953774446
 42
0.4142135623730951
 10
3373.518105502588
 20
1584.311214587323
 42
0.0
 97
        0
 75
     1
 76
     1
 47
0.1085495934889314
 98
        2
 10
3375.978095584198
 20
1592.900484087101
 10
3370.783871775288
 20
1588.652889821368
450
        0
451
        0
460
0.0
461
0.0
452
        0
462
0.0
453
        2
463
0.0
 63
     5
421
      255
463
1.0
 63
     2
421
 16776960
470
LINEAR
1001
GradientColor1ACI
1070
     5
1001
GradientColor2ACI
1070
     2
1001
ACAD
1010
0.0
1020
0.0
1030
0.0
  0
LINE
  5
CF4
330
1F
100
AcDbEntity
  8
KOT CIZGISI (BEYKENT)
100
AcDbLine
 10
3373.518105502588
 20
1599.528753145917
 30
0.0
 11
3373.518105502588
 21
1582.137413553605
 31
0.0
1001
sta4cad App2
1004
70
1071
       13
1070
     0
1070
     0
1070
     0
  0
LINE
  5
CF5
330
1F
100
AcDbEntity
  8
KOT CIZGISI (BEYKENT)
100
AcDbLine
 10
3364.82243570643
 20
1590.832953774446
 30
0.0
 11
3404.82243570643
 21
1590.832953774446
 31
0.0
1001
sta4cad App2
1004
70
1071
       13
1070
     0
1070
     0
1070
     0
  0
CIRCLE
  5
CF6
330
1F
100
AcDbEntity
  8
KOT CIZGISI (BEYKENT)
100
AcDbCircle
 10
3373.518105502588
 20
1590.832953774446
 30
0.0
 40
6.521739187123983
1001
sta4cad App2
1004
70
1071
       13
1070
     0
1070
     0
1070
     0
  0
TEXT
  5
CF7
330
1F
100
AcDbEntity
  8
KOT YAZI (BEYKENT)
100
AcDbText
 10
3381.32243570643
 20
1581.832954051272
 30
0.0
 40
8.0
  1
+3.18
  7
YAZI (BEYKENT)
 11
3381.32243570643
 21
1579.511083349759
 31
0.0
100
AcDbText
 73
     1
  0
TEXT
  5
CF8
330
1F
100
AcDbEntity
  8
DOSEME ISMI (BEYKENT)
100
AcDbText
 10
3654.368397673926
 20
1623.048465292418
 30
0.0
 40
12.0
  1
DZ-23 d=15cm
  7
YAZI (BEYKENT)
 11
3654.368397673926
 21
1619.565659240149
 31
0.0
100
AcDbText
 73
     1
  0
LWPOLYLINE
  5
CF9
330
1F
100
AcDbEntity
  8
DOSEME PAFTA (BEYKENT)
100
AcDbPolyline
 90
        4
 70
     1
 43
0.0
 10
3652.368397673939
 20
1637.048459240151
 10
3732.635247742698
 20
1637.048459240151
 42
-1.0
 10
3732.635247742698
 20
1621.048459240151
 10
3652.368397673939
 20
1621.048459240151
 42
-1.0
  0
TEXT
  5
CFA
330
1F
100
AcDbEntity
  8
YUK YAZISI (BEYKENT)
100
AcDbText
 10
3654.368397673926
 20
1607.46799761704
 30
0.0
 40
10.0
  1
Q=2.0kN/m²
  7
YAZI (BEYKENT)
 11
3654.368397673926
 21
1604.565659240149
 31
0.0
100
AcDbText
 73
     1
  0
TEXT
  5
CFB
330
1F
100
AcDbEntity
  8
KOT YAZI (BEYKENT)
100
AcDbText
 10
3668.694497673931
 20
1595.887529941662
 30
0.0
 40
8.0
  1
+3.30
  7
YAZI (BEYKENT)
 11
3668.694497673931
 21
1593.565659240149
 31
0.0
100
AcDbText
 73
     1
  0
HATCH
  5
CFC
330
1F
100
AcDbEntity
  8
KOT CIZGISI (BEYKENT)
 62
    18
420
        0
100
AcDbHatch
 10
0.0
 20
0.0
 30
0.0
210
0.0
220
0.0
230
1.0
  2
SOLID
 70
     1
 71
     0
 91
        1
 92
        7
 72
     1
 73
     1
 93
        3
 10
3660.890167470088
 20
1601.409268851958
 42
0.0
 10
3660.890167470088
 20
1594.887529664835
 42
0.0
 10
3667.411906657215
 20
1594.887529664835
 42
0.4142135623730951
 97
        0
 75
     1
 76
     1
 47
0.1085495934889314
 98
        2
 10
3663.3501575517
 20
1596.955059977491
 10
3658.155933742803
 20
1592.707465711758
450
        0
451
        0
460
0.0
461
0.0
452
        0
462
0.0
453
        2
463
0.0
 63
     5
421
      255
463
1.0
 63
     2
421
 16776960
470
LINEAR
1001
GradientColor1ACI
1070
     5
1001
GradientColor2ACI
1070
     2
1001
ACAD
1010
0.0
1020
0.0
1030
0.0
  0
HATCH
  5
CFD
330
1F
100
AcDbEntity
  8
KOT CIZGISI (BEYKENT)
 62
    18
420
        0
100
AcDbHatch
 10
0.0
 20
0.0
 30
0.0
210
0.0
220
0.0
230
1.0
  2
SOLID
 70
     1
 71
     0
 91
        1
 92
        7
 72
     1
 73
     1
 93
        3
 10
3660.890167470088
 20
1594.887529664835
 42
0.0
 10
3654.368428282963
 20
1594.887529664835
 42
0.4142135623730951
 10
3660.890167470088
 20
1588.365790477709
 42
0.0
 97
        0
 75
     1
 76
     1
 47
0.1085495934889314
 98
        2
 10
3663.3501575517
 20
1596.955059977491
 10
3658.155933742803
 20
1592.707465711758
450
        0
451
        0
460
0.0
461
0.0
452
        0
462
0.0
453
        2
463
0.0
 63
     5
421
      255
463
1.0
 63
     2
421
 16776960
470
LINEAR
1001
GradientColor1ACI
1070
     5
1001
GradientColor2ACI
1070
     2
1001
ACAD
1010
0.0
1020
0.0
1030
0.0
  0
LINE
  5
CFE
330
1F
100
AcDbEntity
  8
KOT CIZGISI (BEYKENT)
100
AcDbLine
 10
3660.890167470088
 20
1603.583329036307
 30
0.0
 11
3660.890167470088
 21
1586.191989443995
 31
0.0
1001
sta4cad App2
1004
70
1071
       13
1070
     0
1070
     0
1070
     0
  0
LINE
  5
CFF
330
1F
100
AcDbEntity
  8
KOT CIZGISI (BEYKENT)
100
AcDbLine
 10
3652.194497673932
 20
1594.887529664835
 30
0.0
 11
3692.194497673932
 21
1594.887529664835
 31
0.0
1001
sta4cad App2
1004
70
1071
       13
1070
     0
1070
     0
1070
     0
  0
CIRCLE
  5
D00
330
1F
100
AcDbEntity
  8
KOT CIZGISI (BEYKENT)
100
AcDbCircle
 10
3660.890167470088
 20
1594.887529664835
 30
0.0
 40
6.521739187123983
1001
sta4cad App2
1004
70
1071
       13
1070
     0
1070
     0
1070
     0
  0
TEXT
  5
D01
330
1F
100
AcDbEntity
  8
KOT YAZI (BEYKENT)
100
AcDbText
 10
3668.694497673931
 20
1585.887529941662
 30
0.0
 40
8.0
  1
+3.15
  7
YAZI (BEYKENT)
 11
3668.694497673931
 21
1583.565659240149
 31
0.0
100
AcDbText
 73
     1
  0
TEXT
  5
D02
330
1F
100
AcDbEntity
  8
DOSEME ISMI (BEYKENT)
100
AcDbText
 10
1928.219675465761
 20
1353.141366097841
 30
0.0
 40
12.0
  1
DZ-24 d=12cm
  7
YAZI (BEYKENT)
 11
1928.219675465761
 21
1349.658560045572
 31
0.0
100
AcDbText
 73
     1
  0
LWPOLYLINE
  5
D03
330
1F
100
AcDbEntity
  8
DOSEME PAFTA (BEYKENT)
100
AcDbPolyline
 90
        4
 70
     1
 43
0.0
 10
1926.219675465776
 20
1367.141360045573
 10
2006.956951944447
 20
1367.141360045573
 42
-1.0
 10
2006.956951944447
 20
1351.141360045573
 10
1926.219675465776
 20
1351.141360045573
 42
-1.0
  0
TEXT
  5
D04
330
1F
100
AcDbEntity
  8
YUK YAZISI (BEYKENT)
100
AcDbText
 10
1928.219675465761
 20
1337.560898422463
 30
0.0
 40
10.0
  1
Q=2.0kN/m²
  7
YAZI (BEYKENT)
 11
1928.219675465761
 21
1334.658560045572
 31
0.0
100
AcDbText
 73
     1
  0
TEXT
  5
D05
330
1F
100
AcDbEntity
  8
KOT YAZI (BEYKENT)
100
AcDbText
 10
1942.545775465767
 20
1325.980430747085
 30
0.0
 40
8.0
  1
+3.30
  7
YAZI (BEYKENT)
 11
1942.545775465767
 21
1323.658560045572
 31
0.0
100
AcDbText
 73
     1
  0
HATCH
  5
D06
330
1F
100
AcDbEntity
  8
KOT CIZGISI (BEYKENT)
 62
    18
420
        0
100
AcDbHatch
 10
0.0
 20
0.0
 30
0.0
210
0.0
220
0.0
230
1.0
  2
SOLID
 70
     1
 71
     0
 91
        1
 92
        7
 72
     1
 73
     1
 93
        3
 10
1934.741445261925
 20
1331.502169657381
 42
0.0
 10
1934.741445261925
 20
1324.980430470258
 42
0.0
 10
1941.263184449051
 20
1324.980430470258
 42
0.4142135623730951
 97
        0
 75
     1
 76
     1
 47
0.1085495934889314
 98
        2
 10
1937.201435343535
 20
1327.047960782914
 10
1932.007211534639
 20
1322.800366517181
450
        0
451
        0
460
0.0
461
0.0
452
        0
462
0.0
453
        2
463
0.0
 63
     5
421
      255
463
1.0
 63
     2
421
 16776960
470
LINEAR
1001
GradientColor1ACI
1070
     5
1001
GradientColor2ACI
1070
     2
1001
ACAD
1010
0.0
1020
0.0
1030
0.0
  0
HATCH
  5
D07
330
1F
100
AcDbEntity
  8
KOT CIZGISI (BEYKENT)
 62
    18
420
        0
100
AcDbHatch
 10
0.0
 20
0.0
 30
0.0
210
0.0
220
0.0
230
1.0
  2
SOLID
 70
     1
 71
     0
 91
        1
 92
        7
 72
     1
 73
     1
 93
        3
 10
1934.741445261925
 20
1324.980430470258
 42
0.0
 10
1928.219706074798
 20
1324.980430470258
 42
0.4142135623730951
 10
1934.741445261925
 20
1318.458691283135
 42
0.0
 97
        0
 75
     1
 76
     1
 47
0.1085495934889314
 98
        2
 10
1937.201435343535
 20
1327.047960782914
 10
1932.007211534639
 20
1322.800366517181
450
        0
451
        0
460
0.0
461
0.0
452
        0
462
0.0
453
        2
463
0.0
 63
     5
421
      255
463
1.0
 63
     2
421
 16776960
470
LINEAR
1001
GradientColor1ACI
1070
     5
1001
GradientColor2ACI
1070
     2
1001
ACAD
1010
0.0
1020
0.0
1030
0.0
  0
LINE
  5
D08
330
1F
100
AcDbEntity
  8
KOT CIZGISI (BEYKENT)
100
AcDbLine
 10
1934.741445261925
 20
1333.67622984173
 30
0.0
 11
1934.741445261925
 21
1316.284890249418
 31
0.0
1001
sta4cad App2
1004
70
1071
       13
1070
     0
1070
     0
1070
     0
  0
LINE
  5
D09
330
1F
100
AcDbEntity
  8
KOT CIZGISI (BEYKENT)
100
AcDbLine
 10
1926.045775465767
 20
1324.980430470258
 30
0.0
 11
1966.045775465767
 21
1324.980430470258
 31
0.0
1001
sta4cad App2
1004
70
1071
       13
1070
     0
1070
     0
1070
     0
  0
CIRCLE
  5
D0A
330
1F
100
AcDbEntity
  8
KOT CIZGISI (BEYKENT)
100
AcDbCircle
 10
1934.741445261925
 20
1324.980430470258
 30
0.0
 40
6.521739187123983
1001
sta4cad App2
1004
70
1071
       13
1070
     0
1070
     0
1070
     0
  0
TEXT
  5
D0B
330
1F
100
AcDbEntity
  8
KOT YAZI (BEYKENT)
100
AcDbText
 10
1942.545775465767
 20
1315.980430747085
 30
0.0
 40
8.0
  1
+3.18
  7
YAZI (BEYKENT)
 11
1942.545775465767
 21
1313.658560045572
 31
0.0
100
AcDbText
 73
     1
  0
TEXT
  5
D0C
330
1F
100
AcDbEntity
  8
DOSEME ISMI (BEYKENT)
100
AcDbText
 10
2798.219675465762
 20
1395.641366097841
 30
0.0
 40
12.0
  1
DZ-26 d=12cm
  7
YAZI (BEYKENT)
 11
2798.219675465762
 21
1392.158560045572
 31
0.0
100
AcDbText
 73
     1
  0
LWPOLYLINE
  5
D0D
330
1F
100
AcDbEntity
  8
DOSEME PAFTA (BEYKENT)
100
AcDbPolyline
 90
        4
 70
     1
 43
0.0
 10
2796.219675465762
 20
1409.641360045573
 10
2876.181161022845
 20
1409.641360045573
 42
-1.0
 10
2876.181161022845
 20
1393.641360045573
 10
2796.219675465762
 20
1393.641360045573
 42
-1.0
  0
TEXT
  5
D0E
330
1F
100
AcDbEntity
  8
YUK YAZISI (BEYKENT)
100
AcDbText
 10
2798.219675465762
 20
1380.060898422463
 30
0.0
 40
10.0
  1
Q=2.0kN/m²
  7
YAZI (BEYKENT)
 11
2798.219675465762
 21
1377.158560045572
 31
0.0
100
AcDbText
 73
     1
  0
TEXT
  5
D0F
330
1F
100
AcDbEntity
  8
KOT YAZI (BEYKENT)
100
AcDbText
 10
2812.545775465768
 20
1368.480430747085
 30
0.0
 40
8.0
  1
+3.30
  7
YAZI (BEYKENT)
 11
2812.545775465768
 21
1366.158560045572
 31
0.0
100
AcDbText
 73
     1
  0
HATCH
  5
D10
330
1F
100
AcDbEntity
  8
KOT CIZGISI (BEYKENT)
 62
    18
420
        0
100
AcDbHatch
 10
0.0
 20
0.0
 30
0.0
210
0.0
220
0.0
230
1.0
  2
SOLID
 70
     1
 71
     0
 91
        1
 92
        7
 72
     1
 73
     1
 93
        3
 10
2804.741445261925
 20
1374.002169657381
 42
0.0
 10
2804.741445261925
 20
1367.480430470258
 42
0.0
 10
2811.263184449052
 20
1367.480430470258
 42
0.4142135623730951
 97
        0
 75
     1
 76
     1
 47
0.1085495934889314
 98
        2
 10
2807.201435343536
 20
1369.547960782914
 10
2802.007211534625
 20
1365.300366517181
450
        0
451
        0
460
0.0
461
0.0
452
        0
462
0.0
453
        2
463
0.0
 63
     5
421
      255
463
1.0
 63
     2
421
 16776960
470
LINEAR
1001
GradientColor1ACI
1070
     5
1001
GradientColor2ACI
1070
     2
1001
ACAD
1010
0.0
1020
0.0
1030
0.0
  0
HATCH
  5
D11
330
1F
100
AcDbEntity
  8
KOT CIZGISI (BEYKENT)
 62
    18
420
        0
100
AcDbHatch
 10
0.0
 20
0.0
 30
0.0
210
0.0
220
0.0
230
1.0
  2
SOLID
 70
     1
 71
     0
 91
        1
 92
        7
 72
     1
 73
     1
 93
        3
 10
2804.741445261925
 20
1367.480430470258
 42
0.0
 10
2798.219706074799
 20
1367.480430470258
 42
0.4142135623730951
 10
2804.741445261925
 20
1360.958691283132
 42
0.0
 97
        0
 75
     1
 76
     1
 47
0.1085495934889314
 98
        2
 10
2807.201435343536
 20
1369.547960782914
 10
2802.007211534625
 20
1365.300366517181
450
        0
451
        0
460
0.0
461
0.0
452
        0
462
0.0
453
        2
463
0.0
 63
     5
421
      255
463
1.0
 63
     2
421
 16776960
470
LINEAR
1001
GradientColor1ACI
1070
     5
1001
GradientColor2ACI
1070
     2
1001
ACAD
1010
0.0
1020
0.0
1030
0.0
  0
LINE
  5
D12
330
1F
100
AcDbEntity
  8
KOT CIZGISI (BEYKENT)
100
AcDbLine
 10
2804.741445261925
 20
1376.176229841726
 30
0.0
 11
2804.741445261925
 21
1358.784890249418
 31
0.0
1001
sta4cad App2
1004
70
1071
       13
1070
     0
1070
     0
1070
     0
  0
LINE
  5
D13
330
1F
100
AcDbEntity
  8
KOT CIZGISI (BEYKENT)
100
AcDbLine
 10
2796.045775465767
 20
1367.480430470258
 30
0.0
 11
2836.045775465768
 21
1367.480430470258
 31
0.0
1001
sta4cad App2
1004
70
1071
       13
1070
     0
1070
     0
1070
     0
  0
CIRCLE
  5
D14
330
1F
100
AcDbEntity
  8
KOT CIZGISI (BEYKENT)
100
AcDbCircle
 10
2804.741445261925
 20
1367.480430470258
 30
0.0
 40
6.521739187123983
1001
sta4cad App2
1004
70
1071
       13
1070
     0
1070
     0
1070
     0
  0
TEXT
  5
D15
330
1F
100
AcDbEntity
  8
KOT YAZI (BEYKENT)
100
AcDbText
 10
2812.545775465768
 20
1358.480430747085
 30
0.0
 40
8.0
  1
+3.18
  7
YAZI (BEYKENT)
 11
2812.545775465768
 21
1356.158560045572
 31
0.0
100
AcDbText
 73
     1
  0
TEXT
  5
D16
330
1F
100
AcDbEntity
  8
DOSEME ISMI (BEYKENT)
100
AcDbText
 10
2333.219675465762
 20
1213.141366097842
 30
0.0
 40
12.0
  1
DZ-27 d=12cm
  7
YAZI (BEYKENT)
 11
2333.219675465762
 21
1209.658560045572
 31
0.0
100
AcDbText
 73
     1
  0
LWPOLYLINE
  5
D17
330
1F
100
AcDbEntity
  8
DOSEME PAFTA (BEYKENT)
100
AcDbPolyline
 90
        4
 70
     1
 43
0.0
 10
2331.219675465747
 20
1227.141360045573
 10
2411.098630073742
 20
1227.141360045573
 42
-1.0
 10
2411.098630073742
 20
1211.141360045573
 10
2331.219675465747
 20
1211.141360045573
 42
-1.0
  0
TEXT
  5
D18
330
1F
100
AcDbEntity
  8
YUK YAZISI (BEYKENT)
100
AcDbText
 10
2333.219675465762
 20
1197.560898422463
 30
0.0
 40
10.0
  1
Q=3.5kN/m²
  7
YAZI (BEYKENT)
 11
2333.219675465762
 21
1194.658560045572
 31
0.0
100
AcDbText
 73
     1
  0
TEXT
  5
D19
330
1F
100
AcDbEntity
  8
KOT YAZI (BEYKENT)
100
AcDbText
 10
2347.545775465767
 20
1185.980430747085
 30
0.0
 40
8.0
  1
+3.30
  7
YAZI (BEYKENT)
 11
2347.545775465767
 21
1183.658560045572
 31
0.0
100
AcDbText
 73
     1
  0
HATCH
  5
D1A
330
1F
100
AcDbEntity
  8
KOT CIZGISI (BEYKENT)
 62
    18
420
        0
100
AcDbHatch
 10
0.0
 20
0.0
 30
0.0
210
0.0
220
0.0
230
1.0
  2
SOLID
 70
     1
 71
     0
 91
        1
 92
        7
 72
     1
 73
     1
 93
        3
 10
2339.741445261925
 20
1191.502169657381
 42
0.0
 10
2339.741445261925
 20
1184.980430470255
 42
0.0
 10
2346.263184449052
 20
1184.980430470255
 42
0.4142135623730951
 97
        0
 75
     1
 76
     1
 47
0.1085495934889314
 98
        2
 10
2342.201435343535
 20
1187.047960782914
 10
2337.007211534639
 20
1182.800366517177
450
        0
451
        0
460
0.0
461
0.0
452
        0
462
0.0
453
        2
463
0.0
 63
     5
421
      255
463
1.0
 63
     2
421
 16776960
470
LINEAR
1001
GradientColor1ACI
1070
     5
1001
GradientColor2ACI
1070
     2
1001
ACAD
1010
0.0
1020
0.0
1030
0.0
  0
HATCH
  5
D1B
330
1F
100
AcDbEntity
  8
KOT CIZGISI (BEYKENT)
 62
    18
420
        0
100
AcDbHatch
 10
0.0
 20
0.0
 30
0.0
210
0.0
220
0.0
230
1.0
  2
SOLID
 70
     1
 71
     0
 91
        1
 92
        7
 72
     1
 73
     1
 93
        3
 10
2339.741445261925
 20
1184.980430470255
 42
0.0
 10
2333.219706074799
 20
1184.980430470255
 42
0.4142135623730951
 10
2339.741445261925
 20
1178.458691283132
 42
0.0
 97
        0
 75
     1
 76
     1
 47
0.1085495934889314
 98
        2
 10
2342.201435343535
 20
1187.047960782914
 10
2337.007211534639
 20
1182.800366517177
450
        0
451
        0
460
0.0
461
0.0
452
        0
462
0.0
453
        2
463
0.0
 63
     5
421
      255
463
1.0
 63
     2
421
 16776960
470
LINEAR
1001
GradientColor1ACI
1070
     5
1001
GradientColor2ACI
1070
     2
1001
ACAD
1010
0.0
1020
0.0
1030
0.0
  0
LINE
  5
D1C
330
1F
100
AcDbEntity
  8
KOT CIZGISI (BEYKENT)
100
AcDbLine
 10
2339.741445261925
 20
1193.676229841726
 30
0.0
 11
2339.741445261925
 21
1176.284890249414
 31
0.0
1001
sta4cad App2
1004
70
1071
       13
1070
     0
1070
     0
1070
     0
  0
LINE
  5
D1D
330
1F
100
AcDbEntity
  8
KOT CIZGISI (BEYKENT)
100
AcDbLine
 10
2331.045775465767
 20
1184.980430470255
 30
0.0
 11
2371.045775465768
 21
1184.980430470255
 31
0.0
1001
sta4cad App2
1004
70
1071
       13
1070
     0
1070
     0
1070
     0
  0
CIRCLE
  5
D1E
330
1F
100
AcDbEntity
  8
KOT CIZGISI (BEYKENT)
100
AcDbCircle
 10
2339.741445261925
 20
1184.980430470255
 30
0.0
 40
6.521739187123983
1001
sta4cad App2
1004
70
1071
       13
1070
     0
1070
     0
1070
     0
  0
TEXT
  5
D1F
330
1F
100
AcDbEntity
  8
KOT YAZI (BEYKENT)
100
AcDbText
 10
2347.545775465767
 20
1175.980430747085
 30
0.0
 40
8.0
  1
+3.18
  7
YAZI (BEYKENT)
 11
2347.545775465767
 21
1173.658560045572
 31
0.0
100
AcDbText
 73
     1
  0
TEXT
  5
D20
330
1F
100
AcDbEntity
  8
DOSEME ISMI (BEYKENT)
100
AcDbText
 10
1932.330180095492
 20
1049.517363833654
 30
0.0
 40
12.0
  1
DZ-28 d=15cm
  7
YAZI (BEYKENT)
 11
1932.330180095492
 21
1046.034557781385
 31
0.0
100
AcDbText
 73
     1
  0
LWPOLYLINE
  5
D21
330
1F
100
AcDbEntity
  8
DOSEME PAFTA (BEYKENT)
100
AcDbPolyline
 90
        4
 70
     1
 43
0.0
 10
1930.330180095507
 20
1063.517357781386
 10
2010.836369916678
 20
1063.517357781386
 42
-1.0
 10
2010.836369916678
 20
1047.517357781386
 10
1930.330180095507
 20
1047.517357781386
 42
-1.0
  0
TEXT
  5
D22
330
1F
100
AcDbEntity
  8
YUK YAZISI (BEYKENT)
100
AcDbText
 10
1932.330180095492
 20
1033.936896158276
 30
0.0
 40
10.0
  1
Q=5.0kN/m²
  7
YAZI (BEYKENT)
 11
1932.330180095492
 21
1031.034557781385
 31
0.0
100
AcDbText
 73
     1
  0
TEXT
  5
D23
330
1F
100
AcDbEntity
  8
KOT YAZI (BEYKENT)
100
AcDbText
 10
1946.656280095498
 20
1022.356428482898
 30
0.0
 40
8.0
  1
+3.30
  7
YAZI (BEYKENT)
 11
1946.656280095498
 21
1020.034557781385
 31
0.0
100
AcDbText
 73
     1
  0
HATCH
  5
D24
330
1F
100
AcDbEntity
  8
KOT CIZGISI (BEYKENT)
 62
    18
420
        0
100
AcDbHatch
 10
0.0
 20
0.0
 30
0.0
210
0.0
220
0.0
230
1.0
  2
SOLID
 70
     1
 71
     0
 91
        1
 92
        7
 72
     1
 73
     1
 93
        3
 10
1938.851949891656
 20
1027.878167393194
 42
0.0
 10
1938.851949891656
 20
1021.356428206071
 42
0.0
 10
1945.373689078782
 20
1021.356428206071
 42
0.4142135623730951
 97
        0
 75
     1
 76
     1
 47
0.1085495934889314
 98
        2
 10
1941.311939973266
 20
1023.423958518727
 10
1936.11771616437
 20
1019.176364252994
450
        0
451
        0
460
0.0
461
0.0
452
        0
462
0.0
453
        2
463
0.0
 63
     5
421
      255
463
1.0
 63
     2
421
 16776960
470
LINEAR
1001
GradientColor1ACI
1070
     5
1001
GradientColor2ACI
1070
     2
1001
ACAD
1010
0.0
1020
0.0
1030
0.0
  0
HATCH
  5
D25
330
1F
100
AcDbEntity
  8
KOT CIZGISI (BEYKENT)
 62
    18
420
        0
100
AcDbHatch
 10
0.0
 20
0.0
 30
0.0
210
0.0
220
0.0
230
1.0
  2
SOLID
 70
     1
 71
     0
 91
        1
 92
        7
 72
     1
 73
     1
 93
        3
 10
1938.851949891656
 20
1021.356428206071
 42
0.0
 10
1932.330210704529
 20
1021.356428206071
 42
0.4142135623730951
 10
1938.851949891656
 20
1014.834689018949
 42
0.0
 97
        0
 75
     1
 76
     1
 47
0.1085495934889314
 98
        2
 10
1941.311939973266
 20
1023.423958518727
 10
1936.11771616437
 20
1019.176364252994
450
        0
451
        0
460
0.0
461
0.0
452
        0
462
0.0
453
        2
463
0.0
 63
     5
421
      255
463
1.0
 63
     2
421
 16776960
470
LINEAR
1001
GradientColor1ACI
1070
     5
1001
GradientColor2ACI
1070
     2
1001
ACAD
1010
0.0
1020
0.0
1030
0.0
  0
LINE
  5
D26
330
1F
100
AcDbEntity
  8
KOT CIZGISI (BEYKENT)
100
AcDbLine
 10
1938.851949891656
 20
1030.052227577543
 30
0.0
 11
1938.851949891656
 21
1012.660887985231
 31
0.0
1001
sta4cad App2
1004
70
1071
       13
1070
     0
1070
     0
1070
     0
  0
LINE
  5
D27
330
1F
100
AcDbEntity
  8
KOT CIZGISI (BEYKENT)
100
AcDbLine
 10
1930.156280095498
 20
1021.356428206071
 30
0.0
 11
1970.156280095498
 21
1021.356428206071
 31
0.0
1001
sta4cad App2
1004
70
1071
       13
1070
     0
1070
     0
1070
     0
  0
CIRCLE
  5
D28
330
1F
100
AcDbEntity
  8
KOT CIZGISI (BEYKENT)
100
AcDbCircle
 10
1938.851949891656
 20
1021.356428206071
 30
0.0
 40
6.521739187123983
1001
sta4cad App2
1004
70
1071
       13
1070
     0
1070
     0
1070
     0
  0
TEXT
  5
D29
330
1F
100
AcDbEntity
  8
KOT YAZI (BEYKENT)
100
AcDbText
 10
1946.656280095498
 20
1012.356428482898
 30
0.0
 40
8.0
  1
+3.15
  7
YAZI (BEYKENT)
 11
1946.656280095498
 21
1010.034557781385
 31
0.0
100
AcDbText
 73
     1
  0
TEXT
  5
D2A
330
1F
100
AcDbEntity
  8
DOSEME ISMI (BEYKENT)
100
AcDbText
 10
2799.181333697618
 20
1050.316343071621
 30
0.0
 40
12.0
  1
DZ-29 d=15cm
  7
YAZI (BEYKENT)
 11
2799.181333697618
 21
1046.833537019352
 31
0.0
100
AcDbText
 73
     1
  0
LWPOLYLINE
  5
D2B
330
1F
100
AcDbEntity
  8
DOSEME PAFTA (BEYKENT)
100
AcDbPolyline
 90
        4
 70
     1
 43
0.0
 10
2797.181333697618
 20
1064.316337019353
 10
2877.266615678366
 20
1064.316337019353
 42
-1.0
 10
2877.266615678366
 20
1048.316337019353
 10
2797.181333697618
 20
1048.316337019353
 42
-1.0
  0
TEXT
  5
D2C
330
1F
100
AcDbEntity
  8
YUK YAZISI (BEYKENT)
100
AcDbText
 10
2799.181333697618
 20
1034.735875396243
 30
0.0
 40
10.0
  1
Q=5.0kN/m²
  7
YAZI (BEYKENT)
 11
2799.181333697618
 21
1031.833537019352
 31
0.0
100
AcDbText
 73
     1
  0
TEXT
  5
D2D
330
1F
100
AcDbEntity
  8
KOT YAZI (BEYKENT)
100
AcDbText
 10
2813.507433697623
 20
1023.155407720865
 30
0.0
 40
8.0
  1
+3.30
  7
YAZI (BEYKENT)
 11
2813.507433697623
 21
1020.833537019352
 31
0.0
100
AcDbText
 73
     1
  0
HATCH
  5
D2E
330
1F
100
AcDbEntity
  8
KOT CIZGISI (BEYKENT)
 62
    18
420
        0
100
AcDbHatch
 10
0.0
 20
0.0
 30
0.0
210
0.0
220
0.0
230
1.0
  2
SOLID
 70
     1
 71
     0
 91
        1
 92
        7
 72
     1
 73
     1
 93
        3
 10
2805.703103493782
 20
1028.677146631161
 42
0.0
 10
2805.703103493782
 20
1022.155407444038
 42
0.0
 10
2812.224842680909
 20
1022.155407444038
 42
0.4142135623730951
 97
        0
 75
     1
 76
     1
 47
0.1085495934889314
 98
        2
 10
2808.163093575391
 20
1024.222937756694
 10
2802.968869766481
 20
1019.975343490961
450
        0
451
        0
460
0.0
461
0.0
452
        0
462
0.0
453
        2
463
0.0
 63
     5
421
      255
463
1.0
 63
     2
421
 16776960
470
LINEAR
1001
GradientColor1ACI
1070
     5
1001
GradientColor2ACI
1070
     2
1001
ACAD
1010
0.0
1020
0.0
1030
0.0
  0
HATCH
  5
D2F
330
1F
100
AcDbEntity
  8
KOT CIZGISI (BEYKENT)
 62
    18
420
        0
100
AcDbHatch
 10
0.0
 20
0.0
 30
0.0
210
0.0
220
0.0
230
1.0
  2
SOLID
 70
     1
 71
     0
 91
        1
 92
        7
 72
     1
 73
     1
 93
        3
 10
2805.703103493782
 20
1022.155407444038
 42
0.0
 10
2799.181364306654
 20
1022.155407444038
 42
0.4142135623730951
 10
2805.703103493782
 20
1015.633668256915
 42
0.0
 97
        0
 75
     1
 76
     1
 47
0.1085495934889314
 98
        2
 10
2808.163093575391
 20
1024.222937756694
 10
2802.968869766481
 20
1019.975343490961
450
        0
451
        0
460
0.0
461
0.0
452
        0
462
0.0
453
        2
463
0.0
 63
     5
421
      255
463
1.0
 63
     2
421
 16776960
470
LINEAR
1001
GradientColor1ACI
1070
     5
1001
GradientColor2ACI
1070
     2
1001
ACAD
1010
0.0
1020
0.0
1030
0.0
  0
LINE
  5
D30
330
1F
100
AcDbEntity
  8
KOT CIZGISI (BEYKENT)
100
AcDbLine
 10
2805.703103493782
 20
1030.851206815509
 30
0.0
 11
2805.703103493782
 21
1013.459867223198
 31
0.0
1001
sta4cad App2
1004
70
1071
       13
1070
     0
1070
     0
1070
     0
  0
LINE
  5
D31
330
1F
100
AcDbEntity
  8
KOT CIZGISI (BEYKENT)
100
AcDbLine
 10
2797.007433697623
 20
1022.155407444038
 30
0.0
 11
2837.007433697623
 21
1022.155407444038
 31
0.0
1001
sta4cad App2
1004
70
1071
       13
1070
     0
1070
     0
1070
     0
  0
CIRCLE
  5
D32
330
1F
100
AcDbEntity
  8
KOT CIZGISI (BEYKENT)
100
AcDbCircle
 10
2805.703103493782
 20
1022.155407444038
 30
0.0
 40
6.521739187123983
1001
sta4cad App2
1004
70
1071
       13
1070
     0
1070
     0
1070
     0
  0
TEXT
  5
D33
330
1F
100
AcDbEntity
  8
KOT YAZI (BEYKENT)
100
AcDbText
 10
2813.507433697623
 20
1013.155407720864
 30
0.0
 40
8.0
  1
+3.15
  7
YAZI (BEYKENT)
 11
2813.507433697623
 21
1010.833537019351
 31
0.0
100
AcDbText
 73
     1
  0
TEXT
  5
D34
330
1F
100
AcDbEntity
  8
DOSEME ISMI (BEYKENT)
100
AcDbText
 10
2245.539421434644
 20
914.1325352019903
 30
0.0
 40
12.0
  1
DZ-30 d=15cm
  7
YAZI (BEYKENT)
 11
2245.539421434644
 21
910.6497291497207
 31
0.0
100
AcDbText
 73
     1
  0
LWPOLYLINE
  5
D35
330
1F
100
AcDbEntity
  8
DOSEME PAFTA (BEYKENT)
100
AcDbPolyline
 90
        4
 70
     1
 43
0.0
 10
2243.539421434643
 20
928.1325291497225
 10
2324.05386435073
 20
928.1325291497225
 42
-1.0
 10
2324.05386435073
 20
912.1325291497225
 10
2243.539421434643
 20
912.1325291497225
 42
-1.0
  0
TEXT
  5
D36
330
1F
100
AcDbEntity
  8
YUK YAZISI (BEYKENT)
100
AcDbText
 10
2245.539421434644
 20
898.5520675266121
 30
0.0
 40
10.0
  1
Q=5.0kN/m²
  7
YAZI (BEYKENT)
 11
2245.539421434644
 21
895.6497291497207
 31
0.0
100
AcDbText
 73
     1
  0
TEXT
  5
D37
330
1F
100
AcDbEntity
  8
KOT YAZI (BEYKENT)
100
AcDbText
 10
2259.865521434649
 20
886.9715998512338
 30
0.0
 40
8.0
  1
+3.30
  7
YAZI (BEYKENT)
 11
2259.865521434649
 21
884.6497291497207
 31
0.0
100
AcDbText
 73
     1
  0
HATCH
  5
D38
330
1F
100
AcDbEntity
  8
KOT CIZGISI (BEYKENT)
 62
    18
420
        0
100
AcDbHatch
 10
0.0
 20
0.0
 30
0.0
210
0.0
220
0.0
230
1.0
  2
SOLID
 70
     1
 71
     0
 91
        1
 92
        7
 72
     1
 73
     1
 93
        3
 10
2252.061191230807
 20
892.49333876153
 42
0.0
 10
2252.061191230807
 20
885.9715995744071
 42
0.0
 10
2258.582930417933
 20
885.9715995744071
 42
0.4142135623730951
 97
        0
 75
     1
 76
     1
 47
0.1085495934889314
 98
        2
 10
2254.521181312417
 20
888.0391298870627
 10
2249.326957503507
 20
883.7915356213262
450
        0
451
        0
460
0.0
461
0.0
452
        0
462
0.0
453
        2
463
0.0
 63
     5
421
      255
463
1.0
 63
     2
421
 16776960
470
LINEAR
1001
GradientColor1ACI
1070
     5
1001
GradientColor2ACI
1070
     2
1001
ACAD
1010
0.0
1020
0.0
1030
0.0
  0
HATCH
  5
D39
330
1F
100
AcDbEntity
  8
KOT CIZGISI (BEYKENT)
 62
    18
420
        0
100
AcDbHatch
 10
0.0
 20
0.0
 30
0.0
210
0.0
220
0.0
230
1.0
  2
SOLID
 70
     1
 71
     0
 91
        1
 92
        7
 72
     1
 73
     1
 93
        3
 10
2252.061191230807
 20
885.9715995744071
 42
0.0
 10
2245.539452043681
 20
885.9715995744071
 42
0.4142135623730951
 10
2252.061191230807
 20
879.4498603872808
 42
0.0
 97
        0
 75
     1
 76
     1
 47
0.1085495934889314
 98
        2
 10
2254.521181312417
 20
888.0391298870627
 10
2249.326957503507
 20
883.7915356213262
450
        0
451
        0
460
0.0
461
0.0
452
        0
462
0.0
453
        2
463
0.0
 63
     5
421
      255
463
1.0
 63
     2
421
 16776960
470
LINEAR
1001
GradientColor1ACI
1070
     5
1001
GradientColor2ACI
1070
     2
1001
ACAD
1010
0.0
1020
0.0
1030
0.0
  0
LINE
  5
D3A
330
1F
100
AcDbEntity
  8
KOT CIZGISI (BEYKENT)
100
AcDbLine
 10
2252.061191230807
 20
894.667398945875
 30
0.0
 11
2252.061191230807
 21
877.2760593535631
 31
0.0
1001
sta4cad App2
1004
70
1071
       13
1070
     0
1070
     0
1070
     0
  0
LINE
  5
D3B
330
1F
100
AcDbEntity
  8
KOT CIZGISI (BEYKENT)
100
AcDbLine
 10
2243.365521434649
 20
885.9715995744071
 30
0.0
 11
2283.365521434649
 21
885.9715995744071
 31
0.0
1001
sta4cad App2
1004
70
1071
       13
1070
     0
1070
     0
1070
     0
  0
CIRCLE
  5
D3C
330
1F
100
AcDbEntity
  8
KOT CIZGISI (BEYKENT)
100
AcDbCircle
 10
2252.061191230807
 20
885.9715995744071
 30
0.0
 40
6.521739187123983
1001
sta4cad App2
1004
70
1071
       13
1070
     0
1070
     0
1070
     0
  0
TEXT
  5
D3D
330
1F
100
AcDbEntity
  8
KOT YAZI (BEYKENT)
100
AcDbText
 10
2259.865521434649
 20
876.9715998512337
 30
0.0
 40
8.0
  1
+3.15
  7
YAZI (BEYKENT)
 11
2259.865521434649
 21
874.6497291497208
 31
0.0
100
AcDbText
 73
     1
  0
LWPOLYLINE
  5
DA2
330
1F
100
AcDbEntity
  8
KALIP BOSLUK (BEYKENT)
100
AcDbPolyline
 90
        4
 70
     1
 43
0.0
 10
3327.519675465764
 20
1323.658560045572
 10
3527.519855465767
 20
1323.658560045572
 10
3527.519855465767
 20
1539.658560045572
 10
3327.519675465764
 20
1539.658560045572
  0
LWPOLYLINE
  5
DA3
330
1F
100
AcDbEntity
  8
KALIP BOSLUK (BEYKENT)
100
AcDbPolyline
 90
        4
 70
     1
 43
0.0
 10
2482.519675466507
 20
1799.658560047063
 10
2532.519675481655
 20
1799.658560047063
 10
2532.519675481655
 20
1749.658560044721
 10
2482.519675466507
 20
1749.658560044721
  0
LWPOLYLINE
  5
DA4
330
1F
100
AcDbEntity
  8
KALIP BOSLUK (BEYKENT)
100
AcDbPolyline
 90
        4
 70
     1
 43
0.0
 10
2482.519675466507
 20
1744.658560048461
 10
2532.519675481481
 20
1744.658560048461
 10
2532.519675481481
 20
1719.65856004472
 10
2482.519675466507
 20
1719.65856004472
  0
LWPOLYLINE
  5
DA5
330
1F
100
AcDbEntity
  8
KALIP BOSLUK (BEYKENT)
100
AcDbPolyline
 90
        4
 70
     1
 43
0.0
 10
2482.519675466507
 20
1714.65856004846
 10
2532.519675481073
 20
1714.65856004846
 10
2532.519675481073
 20
1649.658560041941
 10
2482.519675466507
 20
1649.658560041941
  0
LWPOLYLINE
  5
DA6
330
1F
100
AcDbEntity
  8
KALIP BOSLUK (BEYKENT)
100
AcDbPolyline
 90
        4
 70
     1
 43
0.0
 10
2342.519675473564
 20
1764.658560044269
 10
2232.519675473565
 20
1764.658560044269
 10
2232.519675473565
 20
1739.658660045573
 10
2342.519675473564
 20
1739.658660045573
  0
LWPOLYLINE
  5
DA7
330
1F
100
AcDbEntity
  8
KALIP BOSLUK (BEYKENT)
100
AcDbPolyline
 90
        4
 70
     1
 43
0.0
 10
2342.519675473564
 20
1709.658660045573
 10
2232.519675473855
 20
1709.658660045573
 10
2232.519675473855
 20
1684.658560044735
 10
2342.519675473564
 20
1684.658560044735
  0
LWPOLYLINE
  5
DA8
330
1F
100
AcDbEntity
  8
KALIP BOSLUK (BEYKENT)
100
AcDbPolyline
 90
        4
 70
     1
 43
0.0
 10
2402.519675472619
 20
2084.658560046365
 10
2462.519675453919
 20
2084.658560046365
 10
2462.519675453919
 20
2064.658560046365
 10
2402.519675472619
 20
2064.658560046365
  0
LWPOLYLINE
  5
DA9
330
1F
100
AcDbEntity
  8
KALIP BOSLUK (BEYKENT)
100
AcDbPolyline
 90
        4
 70
     1
 43
0.0
 10
2402.519675471003
 20
1384.658560052811
 10
2462.519675453919
 20
1384.658560052811
 10
2462.519675453919
 20
1364.658560052724
 10
2402.519675471003
 20
1364.658560052724
  0
LWPOLYLINE
  5
DAA
330
1F
100
AcDbEntity
  8
KALIP BOSLUK (BEYKENT)
100
AcDbPolyline
 90
        4
 70
     1
 43
0.0
 10
3622.519675490096
 20
2084.658560046365
 10
3682.519675489864
 20
2084.658560046365
 10
3682.519675489864
 20
2064.658560046365
 10
3622.519675490096
 20
2064.658560046365
  0
LWPOLYLINE
  5
DAB
330
1F
100
AcDbEntity
  8
KALIP BOSLUK (BEYKENT)
100
AcDbPolyline
 90
        4
 70
     1
 43
0.0
 10
3737.519675474496
 20
1769.658560044269
 10
3852.519675489164
 20
1769.658560044269
 10
3852.519675489164
 20
1744.658660045573
 10
3737.519675474496
 20
1744.658660045573
  0
LINE
  5
DAC
330
1F
100
AcDbEntity
  8
CIZGI (BEYKENT)
100
AcDbLine
 10
2402.519675472619
 20
2064.658560046365
 30
0.0
 11
2462.519675453919
 21
2084.658560046365
 31
0.0
  0
LINE
  5
DAD
330
1F
100
AcDbEntity
  8
CIZGI (BEYKENT)
100
AcDbLine
 10
2402.519675472619
 20
2084.658560046365
 30
0.0
 11
2462.519675453919
 21
2064.658560046365
 31
0.0
  0
LINE
  5
DAE
330
1F
100
AcDbEntity
  8
CIZGI (BEYKENT)
100
AcDbLine
 10
2232.519675473565
 20
1739.658660045573
 30
0.0
 11
2342.519675473564
 21
1764.658560044269
 31
0.0
  0
LINE
  5
DAF
330
1F
100
AcDbEntity
  8
CIZGI (BEYKENT)
100
AcDbLine
 10
2232.519675473565
 20
1764.658560044269
 30
0.0
 11
2342.519675473564
 21
1739.658660045573
 31
0.0
  0
LINE
  5
DB0
330
1F
100
AcDbEntity
  8
CIZGI (BEYKENT)
100
AcDbLine
 10
2232.519675473855
 20
1684.658560044735
 30
0.0
 11
2342.519675473564
 21
1709.658660045573
 31
0.0
  0
LINE
  5
DB1
330
1F
100
AcDbEntity
  8
CIZGI (BEYKENT)
100
AcDbLine
 10
2232.519675473855
 20
1709.658660045573
 30
0.0
 11
2342.519675473564
 21
1684.658560044735
 31
0.0
  0
LINE
  5
DB2
330
1F
100
AcDbEntity
  8
CIZGI (BEYKENT)
100
AcDbLine
 10
2482.51977546577
 20
1649.658560045572
 30
0.0
 11
2532.519675481073
 21
1714.65856004846
 31
0.0
  0
LINE
  5
DB3
330
1F
100
AcDbEntity
  8
CIZGI (BEYKENT)
100
AcDbLine
 10
2482.519675466507
 20
1714.65856004846
 30
0.0
 11
2532.519675481073
 21
1649.658560045572
 31
0.0
  0
LINE
  5
DB4
330
1F
100
AcDbEntity
  8
CIZGI (BEYKENT)
100
AcDbLine
 10
2532.519675481481
 20
1719.65856004472
 30
0.0
 11
2482.519675466507
 21
1744.658560048461
 31
0.0
  0
LINE
  5
DB5
330
1F
100
AcDbEntity
  8
CIZGI (BEYKENT)
100
AcDbLine
 10
2482.51977546577
 20
1719.65856004472
 30
0.0
 11
2532.519675481481
 21
1744.658560048461
 31
0.0
  0
LINE
  5
DB6
330
1F
100
AcDbEntity
  8
CIZGI (BEYKENT)
100
AcDbLine
 10
2532.519675481655
 20
1749.658560044721
 30
0.0
 11
2482.519675466507
 21
1799.658560047063
 31
0.0
  0
LINE
  5
DB7
330
1F
100
AcDbEntity
  8
CIZGI (BEYKENT)
100
AcDbLine
 10
2532.519675481655
 20
1799.658560045572
 30
0.0
 11
2482.519675466507
 21
1749.658560044721
 31
0.0
  0
LINE
  5
DB8
330
1F
100
AcDbEntity
  8
CIZGI (BEYKENT)
100
AcDbLine
 10
2402.519675471003
 20
1364.658560052724
 30
0.0
 11
2462.519675453919
 21
1384.658560052811
 31
0.0
  0
LINE
  5
DB9
330
1F
100
AcDbEntity
  8
CIZGI (BEYKENT)
100
AcDbLine
 10
2402.519675471003
 20
1384.658560052811
 30
0.0
 11
2462.519675453919
 21
1364.658560052724
 31
0.0
  0
LINE
  5
DBA
330
1F
100
AcDbEntity
  8
CIZGI (BEYKENT)
100
AcDbLine
 10
3622.519675490096
 20
2064.658560046365
 30
0.0
 11
3682.519675489864
 21
2084.658560046365
 31
0.0
  0
LINE
  5
DBB
330
1F
100
AcDbEntity
  8
CIZGI (BEYKENT)
100
AcDbLine
 10
3622.519675490096
 20
2084.658560046365
 30
0.0
 11
3682.519675489864
 21
2064.658560046365
 31
0.0
  0
LINE
  5
DBC
330
1F
100
AcDbEntity
  8
CIZGI (BEYKENT)
100
AcDbLine
 10
3737.519675474496
 20
1744.658660045573
 30
0.0
 11
3852.519675489164
 21
1769.658560044269
 31
0.0
  0
LINE
  5
DBD
330
1F
100
AcDbEntity
  8
CIZGI (BEYKENT)
100
AcDbLine
 10
3737.519675474496
 20
1769.658560044269
 30
0.0
 11
3852.519675489164
 21
1744.658660045573
 31
0.0
  0
LINE
  5
DBE
330
1F
100
AcDbEntity
  8
CIZGI (BEYKENT)
100
AcDbLine
 10
3327.519675465764
 20
1323.658560045572
 30
0.0
 11
3527.519855465767
 21
1539.658560045572
 31
0.0
  0
LINE
  5
DBF
330
1F
100
AcDbEntity
  8
CIZGI (BEYKENT)
100
AcDbLine
 10
3327.519675465764
 20
1539.658560045572
 30
0.0
 11
3527.519855465767
 21
1323.658560045572
 31
0.0
  0
LWPOLYLINE
  5
DC0
330
1F
100
AcDbEntity
  8
DONATI (BEYKENT)
100
AcDbPolyline
 90
        2
 70
     0
 43
0.0
 10
3325.5196754591
 20
2526.590938413515
 10
2125.5196754591
 20
2526.590938413515
  0
TEXT
  5
DC1
330
1F
100
AcDbEntity
  8
DONATI YAZISI (BEYKENT)
100
AcDbText
 10
2692.971532405455
 20
2531.590938413515
 30
0.0
 40
10.0
  1
2ø8/20 L=1200
  7
DONATI YAZISI (BEYKENT)
 72
     1
 11
2725.5196754591
 21
2536.590938413516
 31
0.0
100
AcDbText
 73
     2
  0
LWPOLYLINE
  5
DC2
330
1F
100
AcDbEntity
  8
DONATI (BEYKENT)
100
AcDbPolyline
 90
        2
 70
     0
 43
0.0
 10
3959.519675483125
 20
2521.590938413516
 10
3272.5196754591
 20
2521.590938413516
  0
TEXT
  5
DC3
330
1F
100
AcDbEntity
  8
DONATI YAZISI (BEYKENT)
100
AcDbText
 10
3585.668918937421
 20
2526.590938413515
 30
0.0
 40
10.0
  1
2ø8/20 L=690
  7
DONATI YAZISI (BEYKENT)
 72
     1
 11
3616.019675471121
 21
2531.590938413515
 31
0.0
100
AcDbText
 73
     2
  0
LWPOLYLINE
  5
DC4
330
1F
100
AcDbEntity
  8
DONATI (BEYKENT)
100
AcDbPolyline
 90
        2
 70
     0
 43
0.0
 10
2144.519675465764
 20
2383.64269237588
 10
1830.519675470173
 20
2383.642692375884
  0
TEXT
  5
DC5
330
1F
100
AcDbEntity
  8
DONATI YAZISI (BEYKENT)
100
AcDbText
 10
1957.894503528499
 20
2388.64269237588
 30
0.0
 40
10.0
  1
8ø8/20 L=315
  7
DONATI YAZISI (BEYKENT)
 72
     1
 11
1987.519675467976
 21
2393.64269237588
 31
0.0
100
AcDbText
 73
     2
  0
LWPOLYLINE
  5
DC6
330
1F
100
AcDbEntity
  8
DONATI (BEYKENT)
100
AcDbPolyline
 90
        2
 70
     0
 43
0.0
 10
3049.519675465765
 20
2383.64269237588
 10
2640.519675465764
 20
2383.64269237588
  0
TEXT
  5
DC7
330
1F
100
AcDbEntity
  8
DONATI YAZISI (BEYKENT)
100
AcDbText
 10
2816.257639702353
 20
2388.64269237588
 30
0.0
 40
10.0
  1
7ø8/18 L=410
  7
DONATI YAZISI (BEYKENT)
 72
     1
 11
2845.019675465765
 21
2393.64269237588
 31
0.0
100
AcDbText
 73
     2
  0
LWPOLYLINE
  5
DC8
330
1F
100
AcDbEntity
  8
DONATI (BEYKENT)
100
AcDbPolyline
 90
        2
 70
     0
 43
0.0
 10
3444.519675465765
 20
2373.64269237588
 10
3030.519675465765
 20
2373.64269237588
  0
TEXT
  5
DC9
330
1F
100
AcDbEntity
  8
DONATI YAZISI (BEYKENT)
100
AcDbText
 10
3208.809221545544
 20
2378.64269237588
 30
0.0
 40
10.0
  1
7ø8/18 L=415
  7
DONATI YAZISI (BEYKENT)
 72
     1
 11
3237.519675465764
 21
2383.64269237588
 31
0.0
100
AcDbText
 73
     2
  0
LWPOLYLINE
  5
DCA
330
1F
100
AcDbEntity
  8
DONATI (BEYKENT)
100
AcDbPolyline
 90
        2
 70
     0
 43
0.0
 10
4254.519675449946
 20
2383.642692375884
 10
3940.519675465765
 20
2383.64269237588
  0
TEXT
  5
DCB
330
1F
100
AcDbEntity
  8
DONATI YAZISI (BEYKENT)
100
AcDbText
 10
4067.89450351837
 20
2388.642692375884
 30
0.0
 40
10.0
  1
8ø8/20 L=315
  7
DONATI YAZISI (BEYKENT)
 72
     1
 11
4097.519675457848
 21
2393.642692375884
 31
0.0
100
AcDbText
 73
     2
  0
LWPOLYLINE
  5
DCC
330
1F
100
AcDbEntity
  8
DONATI (BEYKENT)
100
AcDbPolyline
 90
        2
 70
     0
 43
0.0
 10
2664.519675465765
 20
2094.658560045572
 10
2125.519675465765
 20
2094.658560045572
  0
TEXT
  5
DCD
330
1F
100
AcDbEntity
  8
DONATI YAZISI (BEYKENT)
100
AcDbText
 10
2362.55062457168
 20
2099.658560045572
 30
0.0
 40
10.0
  1
13ø8/36 L=540
  7
DONATI YAZISI (BEYKENT)
 72
     1
 11
2395.019675465765
 21
2104.658560045572
 31
0.0
100
AcDbText
 73
     2
  0
LWPOLYLINE
  5
DCE
330
1F
100
AcDbEntity
  8
DONATI (BEYKENT)
100
AcDbPolyline
 90
       10
 70
     0
 43
0.0
 10
2053.519675465764
 20
2125.658560045572
 10
2244.277034778641
 20
2125.658560045572
 42
-0.198912367379658
 10
2246.398355122203
 20
2124.77988038913
 10
2250.640995809327
 20
2120.537239702014
 42
0.198912367379658
 10
2252.762316152888
 20
2119.658560045572
 10
2532.277034778641
 20
2119.658560045572
 42
0.198912367379658
 10
2534.398355122203
 20
2120.537239702014
 10
2538.640995809327
 20
2124.77988038913
 42
-0.198912367379658
 10
2540.762316152888
 20
2125.658560045572
 10
2759.019675465765
 20
2125.658560045572
  0
TEXT
  5
DCF
330
1F
100
AcDbEntity
  8
DONATI YAZISI (BEYKENT)
100
AcDbText
 10
2363.884874915559
 20
2124.658560045572
 30
0.0
 40
10.0
  1
13ø8/36 L=710
  7
DONATI YAZISI (BEYKENT)
 72
     1
 11
2395.019675465765
 21
2129.658560045572
 31
0.0
100
AcDbText
 73
     2
  0
LWPOLYLINE
  5
DD0
330
1F
100
AcDbEntity
  8
DONATI (BEYKENT)
100
AcDbPolyline
 90
        2
 70
     0
 43
0.0
 10
3959.519675465764
 20
2094.297356445022
 10
3420.519675465765
 20
2094.297356445022
  0
TEXT
  5
DD1
330
1F
100
AcDbEntity
  8
DONATI YAZISI (BEYKENT)
100
AcDbText
 10
3657.55062457168
 20
2099.297356445021
 30
0.0
 40
10.0
  1
13ø8/36 L=540
  7
DONATI YAZISI (BEYKENT)
 72
     1
 11
3690.019675465765
 21
2104.297356445021
 31
0.0
100
AcDbText
 73
     2
  0
LWPOLYLINE
  5
DD2
330
1F
100
AcDbEntity
  8
DONATI (BEYKENT)
100
AcDbPolyline
 90
       10
 70
     0
 43
0.0
 10
3325.269675465765
 20
2125.297356445021
 10
3544.277034778656
 20
2125.297356445021
 42
-0.198912367379658
 10
3546.398355122217
 20
2124.418676788579
 10
3550.640995809341
 20
2120.176036101463
 42
0.198912367379658
 10
3552.762316152903
 20
2119.297356445021
 10
3832.277034778641
 20
2119.297356445021
 42
0.198912367379658
 10
3834.398355122203
 20
2120.176036101463
 10
3838.640995809327
 20
2124.418676788579
 42
-0.198912367379658
 10
3840.762316152888
 20
2125.297356445021
 10
4031.019675465763
 20
2125.297356445021
  0
TEXT
  5
DD3
330
1F
100
AcDbEntity
  8
DONATI YAZISI (BEYKENT)
100
AcDbText
 10
3659.913072989837
 20
2124.297356445022
 30
0.0
 40
10.0
  1
13ø8/36 L=711
  7
DONATI YAZISI (BEYKENT)
 72
     1
 11
3690.019675465765
 21
2129.297356445022
 31
0.0
100
AcDbText
 73
     2
  0
LWPOLYLINE
  5
DD4
330
1F
100
AcDbEntity
  8
DONATI (BEYKENT)
100
AcDbPolyline
 90
        2
 70
     0
 43
0.0
 10
2144.51967546575
 20
1929.330868148215
 10
1830.519675466157
 20
1929.330868148211
  0
TEXT
  5
DD5
330
1F
100
AcDbEntity
  8
DONATI YAZISI (BEYKENT)
100
AcDbText
 10
1944.380356249484
 20
1934.330868148215
 30
0.0
 40
10.0
  1
12ø8/36 L=315
  7
DONATI YAZISI (BEYKENT)
 72
     1
 11
1975.597687748797
 21
1939.330868148215
 31
0.0
100
AcDbText
 73
     2
  0
LWPOLYLINE
  5
DD6
330
1F
100
AcDbEntity
  8
DONATI (BEYKENT)
100
AcDbPolyline
 90
       12
 70
     0
 43
0.0
 10
1830.519675466157
 20
1929.330868147818
 10
1830.519675466157
 20
1957.330868148211
 42
-0.414213562373053
 10
1833.519675466157
 20
1960.330868148211
 10
1905.277034778641
 20
1960.330868148222
 42
-0.1989123673796952
 10
1907.398355122203
 20
1959.45218849178
 10
1911.640995809326
 20
1955.209547804664
 42
0.1989123673796454
 10
1913.762316152888
 20
1954.330868148222
 10
2061.277034778641
 20
1954.330868148215
 42
0.1989123673796705
 10
2063.398355122203
 20
1955.209547804656
 10
2067.640995809326
 20
1959.452188491773
 42
-0.198912367379658
 10
2069.762316152888
 20
1960.330868148215
 10
2270.019675465765
 20
1960.330868148215
  0
TEXT
  5
DD7
330
1F
100
AcDbEntity
  8
DONATI YAZISI (BEYKENT)
100
AcDbText
 10
1943.341841806569
 20
1959.330868148215
 30
0.0
 40
10.0
  1
12ø8/36 L=475
  7
DONATI YAZISI (BEYKENT)
 72
     1
 11
1975.597687748797
 21
1964.330868148215
 31
0.0
100
AcDbText
 73
     2
  0
LWPOLYLINE
  5
DD8
330
1F
100
AcDbEntity
  8
DONATI (BEYKENT)
100
AcDbPolyline
 90
        2
 70
     0
 43
0.0
 10
2664.519675465765
 20
1919.330868148215
 10
2125.519675465765
 20
1919.330868148215
  0
TEXT
  5
DD9
330
1F
100
AcDbEntity
  8
DONATI YAZISI (BEYKENT)
100
AcDbText
 10
2364.521050981583
 20
1924.330868148215
 30
0.0
 40
10.0
  1
6ø8/36 L=540
  7
DONATI YAZISI (BEYKENT)
 72
     1
 11
2395.019675465765
 21
1929.330868148215
 31
0.0
100
AcDbText
 73
     2
  0
LWPOLYLINE
  5
DDA
330
1F
100
AcDbEntity
  8
DONATI (BEYKENT)
100
AcDbPolyline
 90
       10
 70
     0
 43
0.0
 10
2053.019675465765
 20
1950.330868148215
 10
2244.277034778626
 20
1950.330868148215
 42
-0.198912367379658
 10
2246.398355122188
 20
1949.452188491773
 10
2250.640995809312
 20
1945.209547804657
 42
0.198912367379658
 10
2252.762316152874
 20
1944.330868148215
 10
2532.277034778656
 20
1944.330868148215
 42
0.198912367379658
 10
2534.398355122217
 20
1945.209547804657
 10
2538.640995809342
 20
1949.452188491773
 42
-0.198912367379658
 10
2540.762316152903
 20
1950.330868148215
 10
2759.519675465765
 20
1950.330868148215
  0
TEXT
  5
DDB
330
1F
100
AcDbEntity
  8
DONATI YAZISI (BEYKENT)
100
AcDbText
 10
2365.906883168654
 20
1949.330868148215
 30
0.0
 40
10.0
  1
6ø8/36 L=715
  7
DONATI YAZISI (BEYKENT)
 72
     1
 11
2395.019675465765
 21
1954.330868148215
 31
0.0
100
AcDbText
 73
     2
  0
LWPOLYLINE
  5
DDC
330
1F
100
AcDbEntity
  8
DONATI (BEYKENT)
100
AcDbPolyline
 90
        2
 70
     0
 43
0.0
 10
2270.019675465765
 20
1970.330868148215
 10
2055.019675465764
 20
1970.330868148215
  0
TEXT
  5
DDD
330
1F
100
AcDbEntity
  8
DONATI YAZISI (BEYKENT)
100
AcDbText
 10
2131.02380201322
 20
1975.330868148215
 30
0.0
 40
10.0
  1
15ø8/30 L=215
  7
DONATI YAZISI (BEYKENT)
 72
     1
 11
2162.519675465765
 21
1980.330868148215
 31
0.0
100
AcDbText
 73
     2
  0
LWPOLYLINE
  5
DDE
330
1F
100
AcDbEntity
  8
DONATI (BEYKENT)
100
AcDbPolyline
 90
        2
 70
     0
 43
0.0
 10
3049.519675465765
 20
1929.330868148211
 10
2640.519675465779
 20
1929.330868148215
  0
TEXT
  5
DDF
330
1F
100
AcDbEntity
  8
DONATI YAZISI (BEYKENT)
100
AcDbText
 10
2813.451587432753
 20
1934.330868148211
 30
0.0
 40
10.0
  1
15ø8/36 L=410
  7
DONATI YAZISI (BEYKENT)
 72
     1
 11
2845.019675465765
 21
1939.330868148211
 31
0.0
100
AcDbText
 73
     2
  0
LWPOLYLINE
  5
DE0
330
1F
100
AcDbEntity
  8
DONATI (BEYKENT)
100
AcDbPolyline
 90
       10
 70
     0
 43
0.0
 10
2514.019675465764
 20
1960.330868148215
 10
2738.277034778641
 20
1960.330868148215
 42
-0.198912367379658
 10
2740.398355122203
 20
1959.452188491773
 10
2744.640995809326
 20
1955.209547804656
 42
0.1989123673796533
 10
2746.762316152888
 20
1954.330868148215
 10
2948.277034778641
 20
1954.330868148211
 42
0.1989123673796625
 10
2950.398355122203
 20
1955.209547804653
 10
2954.640995809326
 20
1959.452188491769
 42
-0.198912367379658
 10
2956.762316152888
 20
1960.330868148211
 10
3144.769675465765
 20
1960.330868148211
  0
TEXT
  5
DE1
330
1F
100
AcDbEntity
  8
DONATI YAZISI (BEYKENT)
100
AcDbText
 10
2813.07675937223
 20
1959.330868148211
 30
0.0
 40
10.0
  1
15ø8/36 L=636
  7
DONATI YAZISI (BEYKENT)
 72
     1
 11
2845.019675465765
 21
1964.330868148211
 31
0.0
100
AcDbText
 73
     2
  0
LWPOLYLINE
  5
DE2
330
1F
100
AcDbEntity
  8
DONATI (BEYKENT)
100
AcDbPolyline
 90
        2
 70
     0
 43
0.0
 10
2758.519675465765
 20
1970.330868148215
 10
2514.019675465764
 20
1970.330868148215
  0
TEXT
  5
DE3
330
1F
100
AcDbEntity
  8
DONATI YAZISI (BEYKENT)
100
AcDbText
 10
2691.078878208638
 20
1975.330868148215
 30
0.0
 40
10.0
  1
18ø8/30 L=245
  7
DONATI YAZISI (BEYKENT)
 72
     1
 11
2723.747378896396
 21
1980.330868148215
 31
0.0
100
AcDbText
 73
     2
  0
LWPOLYLINE
  5
DE4
330
1F
100
AcDbEntity
  8
DONATI (BEYKENT)
100
AcDbPolyline
 90
        2
 70
     0
 43
0.0
 10
3444.519675465765
 20
1919.330868148215
 10
3030.519675465765
 20
1919.330868148211
  0
TEXT
  5
DE5
330
1F
100
AcDbEntity
  8
DONATI YAZISI (BEYKENT)
100
AcDbText
 10
3206.003169275943
 20
1924.330868148215
 30
0.0
 40
10.0
  1
15ø8/36 L=415
  7
DONATI YAZISI (BEYKENT)
 72
     1
 11
3237.519675465764
 21
1929.330868148215
 31
0.0
100
AcDbText
 73
     2
  0
LWPOLYLINE
  5
DE6
330
1F
100
AcDbEntity
  8
DONATI (BEYKENT)
100
AcDbPolyline
 90
       10
 70
     0
 43
0.0
 10
2935.519675465764
 20
1950.330868148211
 10
3124.277034778641
 20
1950.330868148211
 42
-0.198912367379658
 10
3126.398355122203
 20
1949.452188491769
 10
3130.640995809327
 20
1945.209547804653
 42
0.1989123673796625
 10
3132.762316152888
 20
1944.330868148211
 10
3337.277034778656
 20
1944.330868148215
 42
0.1989123673796534
 10
3339.398355122217
 20
1945.209547804657
 10
3343.640995809341
 20
1949.452188491773
 42
-0.198912367379658
 10
3345.762316152903
 20
1950.330868148215
 10
3572.019675465764
 20
1950.330868148215
  0
TEXT
  5
DE7
330
1F
100
AcDbEntity
  8
DONATI YAZISI (BEYKENT)
100
AcDbText
 10
3205.126277941693
 20
1949.330868148215
 30
0.0
 40
10.0
  1
15ø8/36 L=640
  7
DONATI YAZISI (BEYKENT)
 72
     1
 11
3237.519675465764
 21
1954.330868148215
 31
0.0
100
AcDbText
 73
     2
  0
LWPOLYLINE
  5
DE8
330
1F
100
AcDbEntity
  8
DONATI (BEYKENT)
100
AcDbPolyline
 90
        2
 70
     0
 43
0.0
 10
3145.769675465765
 20
1970.330868148211
 10
2935.519675465764
 20
1970.330868148211
  0
TEXT
  5
DE9
330
1F
100
AcDbEntity
  8
DONATI YAZISI (BEYKENT)
100
AcDbText
 10
3009.073148643207
 20
1975.330868148211
 30
0.0
 40
10.0
  1
18ø8/30 L=210
  7
DONATI YAZISI (BEYKENT)
 72
     1
 11
3040.644675465765
 21
1980.330868148211
 31
0.0
100
AcDbText
 73
     2
  0
LWPOLYLINE
  5
DEA
330
1F
100
AcDbEntity
  8
DONATI (BEYKENT)
100
AcDbPolyline
 90
        2
 70
     0
 43
0.0
 10
3959.51967546575
 20
1929.330868148215
 10
3420.519675465778
 20
1929.330868148215
  0
TEXT
  5
DEB
330
1F
100
AcDbEntity
  8
DONATI YAZISI (BEYKENT)
100
AcDbText
 10
3659.328478767003
 20
1934.330868148215
 30
0.0
 40
10.0
  1
7ø8/20 L=540
  7
DONATI YAZISI (BEYKENT)
 72
     1
 11
3690.019675465765
 21
1939.330868148215
 31
0.0
100
AcDbText
 73
     2
  0
LWPOLYLINE
  5
DEC
330
1F
100
AcDbEntity
  8
DONATI (BEYKENT)
100
AcDbPolyline
 90
        2
 70
     0
 43
0.0
 10
3570.519675465765
 20
1965.330868148215
 10
3325.769675465779
 20
1965.330868148215
  0
TEXT
  5
DED
330
1F
100
AcDbEntity
  8
DONATI YAZISI (BEYKENT)
100
AcDbText
 10
3415.476174778007
 20
1970.330868148215
 30
0.0
 40
10.0
  1
18ø8/30 L=245
  7
DONATI YAZISI (BEYKENT)
 72
     1
 11
3448.144675465766
 21
1975.330868148215
 31
0.0
100
AcDbText
 73
     2
  0
LWPOLYLINE
  5
DEE
330
1F
100
AcDbEntity
  8
DONATI (BEYKENT)
100
AcDbPolyline
 90
        2
 70
     0
 43
0.0
 10
4254.519675383386
 20
1919.330868148211
 10
3940.519675465765
 20
1919.330868148215
  0
TEXT
  5
DEF
330
1F
100
AcDbEntity
  8
DONATI YAZISI (BEYKENT)
100
AcDbText
 10
4046.589218602957
 20
1924.330868148211
 30
0.0
 40
10.0
  1
13ø8/36 L=315
  7
DONATI YAZISI (BEYKENT)
 72
     1
 11
4077.782478575446
 21
1929.330868148211
 31
0.0
100
AcDbText
 73
     2
  0
LWPOLYLINE
  5
DF0
330
1F
100
AcDbEntity
  8
DONATI (BEYKENT)
100
AcDbPolyline
 90
       12
 70
     0
 43
0.0
 10
3814.019675465765
 20
1950.330868148215
 10
4015.277034778626
 20
1950.330868148215
 42
-0.198912367379658
 10
4017.398355122188
 20
1949.452188491773
 10
4021.640995809312
 20
1945.209547804657
 42
0.1989123673796705
 10
4023.762316152874
 20
1944.330868148215
 10
4171.277034778641
 20
1944.330868148222
 42
0.1989123673796454
 10
4173.398355122201
 20
1945.209547804664
 10
4177.640995809325
 20
1949.45218849178
 42
-0.1989123673796953
 10
4179.762316152888
 20
1950.330868148222
 10
4251.519675383386
 20
1950.330868148211
 42
-0.4142135623730531
 10
4254.519675383386
 20
1947.330868148211
 10
4254.519675383386
 20
1919.330868065833
  0
TEXT
  5
DF1
330
1F
100
AcDbEntity
  8
DONATI YAZISI (BEYKENT)
100
AcDbText
 10
4045.289356154539
 20
1949.330868148211
 30
0.0
 40
10.0
  1
13ø8/36 L=480
  7
DONATI YAZISI (BEYKENT)
 72
     1
 11
4077.782478575446
 21
1954.330868148211
 31
0.0
100
AcDbText
 73
     2
  0
LWPOLYLINE
  5
DF2
330
1F
100
AcDbEntity
  8
DONATI (BEYKENT)
100
AcDbPolyline
 90
        2
 70
     0
 43
0.0
 10
4030.01967546575
 20
1965.330868148215
 10
3815.019675465765
 20
1965.330868148215
  0
TEXT
  5
DF3
330
1F
100
AcDbEntity
  8
DONATI YAZISI (BEYKENT)
100
AcDbText
 10
3956.683820796166
 20
1970.330868148215
 30
0.0
 40
10.0
  1
15ø8/30 L=215
  7
DONATI YAZISI (BEYKENT)
 72
     1
 11
3988.179694248711
 21
1975.330868148215
 31
0.0
100
AcDbText
 73
     2
  0
LWPOLYLINE
  5
DF4
330
1F
100
AcDbEntity
  8
DONATI (BEYKENT)
100
AcDbPolyline
 90
        2
 70
     0
 43
0.0
 10
2144.519675465764
 20
1764.865300425924
 10
1955.519675471251
 20
1764.865300425928
  0
TEXT
  5
DF5
330
1F
100
AcDbEntity
  8
DONATI YAZISI (BEYKENT)
100
AcDbText
 10
1992.165620353043
 20
1769.865300425924
 30
0.0
 40
10.0
  1
9ø8/18 L=190
  7
DONATI YAZISI (BEYKENT)
 72
     1
 11
2020.638797794584
 21
1774.865300425924
 31
0.0
100
AcDbText
 73
     2
  0
LWPOLYLINE
  5
DF6
330
1F
100
AcDbEntity
  8
DONATI (BEYKENT)
100
AcDbPolyline
 90
        4
 70
     0
 43
0.0
 10
1955.519675471251
 20
1768.865300420441
 10
1955.519675471251
 20
1791.865300425927
 42
-0.4142135623731284
 10
1958.51967547125
 20
1794.865300425928
 10
2226.019700465766
 20
1794.865300425924
  0
TEXT
  5
DF7
330
1F
100
AcDbEntity
  8
DONATI YAZISI (BEYKENT)
100
AcDbText
 10
2137.989619538035
 20
1799.865300425924
 30
0.0
 40
10.0
  1
5ø8/30 L=300
  7
DONATI YAZISI (BEYKENT)
 72
     1
 11
2168.646428341336
 21
1804.865300425924
 31
0.0
100
AcDbText
 73
     2
  0
LWPOLYLINE
  5
DF8
330
1F
100
AcDbEntity
  8
DONATI (BEYKENT)
100
AcDbPolyline
 90
        2
 70
     0
 43
0.0
 10
2479.519675466507
 20
1774.865300425928
 10
2125.51967546575
 20
1774.865300425924
  0
TEXT
  5
DF9
330
1F
100
AcDbEntity
  8
DONATI YAZISI (BEYKENT)
100
AcDbText
 10
2271.941958822388
 20
1779.865300425924
 30
0.0
 40
10.0
  1
5ø8/20 L=355
  7
DONATI YAZISI (BEYKENT)
 72
     1
 11
2302.519675466129
 21
1784.865300425924
 31
0.0
100
AcDbText
 73
     2
  0
LWPOLYLINE
  5
DFA
330
1F
100
AcDbEntity
  8
DONATI (BEYKENT)
100
AcDbPolyline
 90
        4
 70
     0
 43
0.0
 10
2380.019750465768
 20
1794.865300425928
 10
2476.519675466507
 20
1794.865300425928
 42
-0.4142135623730951
 10
2479.519675466507
 20
1791.865300425927
 10
2479.519675466507
 20
1763.865200426665
  0
TEXT
  5
DFB
330
1F
100
AcDbEntity
  8
DONATI YAZISI (BEYKENT)
100
AcDbText
 10
2400.216755607127
 20
1799.865300425927
 30
0.0
 40
10.0
  1
3ø8/30 L=130
  7
DONATI YAZISI (BEYKENT)
 72
     1
 11
2429.769712966137
 21
1804.865300425927
 31
0.0
100
AcDbText
 73
     2
  0
LWPOLYLINE
  5
DFC
330
1F
100
AcDbEntity
  8
DONATI (BEYKENT)
100
AcDbPolyline
 90
        2
 70
     0
 43
0.0
 10
4129.519675489033
 20
1778.665847178766
 10
3605.519675465764
 20
1778.665847178766
  0
TEXT
  5
DFD
330
1F
100
AcDbEntity
  8
DONATI YAZISI (BEYKENT)
100
AcDbText
 10
3790.381047568239
 20
1783.665847178766
 30
0.0
 40
10.0
  1
7ø8/18 L=525
  7
DONATI YAZISI (BEYKENT)
 72
     1
 11
3819.844596399051
 21
1788.665847178766
 31
0.0
100
AcDbText
 73
     2
  0
LWPOLYLINE
  5
DFE
330
1F
100
AcDbEntity
  8
DONATI (BEYKENT)
100
AcDbPolyline
 90
        4
 70
     0
 43
0.0
 10
3985.51967546575
 20
1803.665847178769
 10
4126.519675489033
 20
1803.665847178766
 42
-0.4142135623730878
 10
4129.519675489033
 20
1800.665847178766
 10
4129.519675489033
 20
1772.665847202049
  0
TEXT
  5
DFF
330
1F
100
AcDbEntity
  8
DONATI YAZISI (BEYKENT)
100
AcDbText
 10
4028.052687857033
 20
1808.66584717877
 30
0.0
 40
10.0
  1
5ø8/30 L=175
  7
DONATI YAZISI (BEYKENT)
 72
     1
 11
4057.51967547739
 21
1813.66584717877
 31
0.0
100
AcDbText
 73
     2
  0
LWPOLYLINE
  5
E00
330
1F
100
AcDbEntity
  8
DONATI (BEYKENT)
100
AcDbPolyline
 90
        2
 70
     0
 43
0.0
 10
3624.519675465765
 20
1839.926298124933
 10
3420.519675465765
 20
1839.926298124933
  0
TEXT
  5
E01
330
1F
100
AcDbEntity
  8
DONATI YAZISI (BEYKENT)
100
AcDbText
 10
3489.919950568929
 20
1844.926298124933
 30
0.0
 40
10.0
  1
10ø8/20 L=205
  7
DONATI YAZISI (BEYKENT)
 72
     1
 11
3522.519675465765
 21
1849.926298124932
 31
0.0
100
AcDbText
 73
     2
  0
LWPOLYLINE
  5
E02
330
1F
100
AcDbEntity
  8
DONATI (BEYKENT)
100
AcDbPolyline
 90
        2
 70
     0
 43
0.0
 10
3748.019675465765
 20
1803.665847178766
 10
3563.269675465765
 20
1803.665847178766
  0
TEXT
  5
E03
330
1F
100
AcDbEntity
  8
DONATI YAZISI (BEYKENT)
100
AcDbText
 10
3626.153616318585
 20
1808.665847178766
 30
0.0
 40
10.0
  1
7ø8/30 L=185
  7
DONATI YAZISI (BEYKENT)
 72
     1
 11
3655.644675465765
 21
1813.665847178766
 31
0.0
100
AcDbText
 73
     2
  0
LWPOLYLINE
  5
E04
330
1F
100
AcDbEntity
  8
DONATI (BEYKENT)
100
AcDbPolyline
 90
        2
 70
     0
 43
0.0
 10
2144.519675465764
 20
1653.792510473445
 10
1955.51967547173
 20
1653.792510473445
  0
TEXT
  5
E05
330
1F
100
AcDbEntity
  8
DONATI YAZISI (BEYKENT)
100
AcDbText
 10
1993.226526863391
 20
1657.524072524425
 30
0.0
 40
10.0
  1
9ø8/18 L=190
  7
DONATI YAZISI (BEYKENT)
 72
     1
 11
2021.699704304932
 21
1662.524072524425
 31
0.0
100
AcDbText
 73
     2
  0
LWPOLYLINE
  5
E06
330
1F
100
AcDbEntity
  8
DONATI (BEYKENT)
100
AcDbPolyline
 90
        4
 70
     0
 43
0.0
 10
1955.51967547173
 20
1652.792510467478
 10
1955.51967547173
 20
1675.792510473445
 42
-0.4142135623730951
 10
1958.519675471731
 20
1678.792510473445
 10
2226.019700465766
 20
1678.792510473445
  0
TEXT
  5
E07
330
1F
100
AcDbEntity
  8
DONATI YAZISI (BEYKENT)
100
AcDbText
 10
2136.75121781379
 20
1683.792510473445
 30
0.0
 40
10.0
  1
5ø8/30 L=300
  7
DONATI YAZISI (BEYKENT)
 72
     1
 11
2167.408026617092
 21
1688.792510473445
 31
0.0
100
AcDbText
 73
     2
  0
LWPOLYLINE
  5
E08
330
1F
100
AcDbEntity
  8
DONATI (BEYKENT)
100
AcDbPolyline
 90
        2
 70
     0
 43
0.0
 10
2479.519675466507
 20
1663.792510473441
 10
2125.519675465765
 20
1663.792510473445
  0
TEXT
  5
E09
330
1F
100
AcDbEntity
  8
DONATI YAZISI (BEYKENT)
100
AcDbText
 10
2271.941958822401
 20
1668.792510473445
 30
0.0
 40
10.0
  1
5ø8/20 L=355
  7
DONATI YAZISI (BEYKENT)
 72
     1
 11
2302.519675466143
 21
1673.792510473445
 31
0.0
100
AcDbText
 73
     2
  0
LWPOLYLINE
  5
E0A
330
1F
100
AcDbEntity
  8
DONATI (BEYKENT)
100
AcDbPolyline
 90
        4
 70
     0
 43
0.0
 10
2380.019750465783
 20
1678.792510473445
 10
2476.519675466507
 20
1678.792510473441
 42
-0.4142135623730844
 10
2479.519675466507
 20
1675.79251047344
 10
2479.519675466507
 20
1647.792410474164
  0
TEXT
  5
E0B
330
1F
100
AcDbEntity
  8
DONATI YAZISI (BEYKENT)
100
AcDbText
 10
2400.216755607127
 20
1683.792510473441
 30
0.0
 40
10.0
  1
3ø8/30 L=130
  7
DONATI YAZISI (BEYKENT)
 72
     1
 11
2429.769712966137
 21
1688.792510473441
 31
0.0
100
AcDbText
 73
     2
  0
LINE
  5
E0C
330
1F
100
AcDbEntity
  8
MERDIVEN (BEYKENT)
100
AcDbLine
 10
3172.519621988902
 20
1622.658560052091
 30
0.0
 11
3052.519622043501
 21
1622.658560059658
 31
0.0
  0
LINE
  5
E0D
330
1F
100
AcDbEntity
  8
MERDIVEN (BEYKENT)
100
AcDbLine
 10
3172.519621987185
 20
1595.658560051945
 30
0.0
 11
3052.519622041784
 21
1595.658560059512
 31
0.0
  0
LINE
  5
E0E
330
1F
100
AcDbEntity
  8
MERDIVEN (BEYKENT)
100
AcDbLine
 10
3172.519621985497
 20
1568.6585600518
 30
0.0
 11
3052.519622040096
 21
1568.658560059367
 31
0.0
  0
LINE
  5
E0F
330
1F
100
AcDbEntity
  8
MERDIVEN (BEYKENT)
100
AcDbLine
 10
3172.51962198378
 20
1541.658560051654
 30
0.0
 11
3052.519622038379
 21
1541.658560059221
 31
0.0
  0
LINE
  5
E10
330
1F
100
AcDbEntity
  8
MERDIVEN (BEYKENT)
100
AcDbLine
 10
3172.519621982092
 20
1514.658560051509
 30
0.0
 11
3052.519622036691
 21
1514.658560059076
 31
0.0
  0
LINE
  5
E11
330
1F
100
AcDbEntity
  8
MERDIVEN (BEYKENT)
100
AcDbLine
 10
3172.519621980375
 20
1487.658560051363
 30
0.0
 11
3052.519622034973
 21
1487.65856005893
 31
0.0
  0
LINE
  5
E12
330
1F
100
AcDbEntity
  8
MERDIVEN (BEYKENT)
100
AcDbLine
 10
3172.519621978687
 20
1460.658560051218
 30
0.0
 11
3052.519622033285
 21
1460.658560058785
 31
0.0
  0
LINE
  5
E13
330
1F
100
AcDbEntity
  8
MERDIVEN (BEYKENT)
100
AcDbLine
 10
3182.51962199922
 20
1460.658560059018
 30
0.0
 11
3302.519622023434
 21
1460.65856005797
 31
0.0
  0
LINE
  5
E14
330
1F
100
AcDbEntity
  8
MERDIVEN (BEYKENT)
100
AcDbLine
 10
3182.519621999452
 20
1487.658560059163
 30
0.0
 11
3302.519622023667
 21
1487.658560058116
 31
0.0
  0
LINE
  5
E15
330
1F
100
AcDbEntity
  8
MERDIVEN (BEYKENT)
100
AcDbLine
 10
3182.519621999685
 20
1514.658560059309
 30
0.0
 11
3302.519622023901
 21
1514.658560058261
 31
0.0
  0
LINE
  5
E16
330
1F
100
AcDbEntity
  8
MERDIVEN (BEYKENT)
100
AcDbLine
 10
3182.519621999933
 20
1541.658560059454
 30
0.0
 11
3302.519622024147
 21
1541.658560058406
 31
0.0
  0
LINE
  5
E17
330
1F
100
AcDbEntity
  8
MERDIVEN (BEYKENT)
100
AcDbLine
 10
3182.519622000166
 20
1568.6585600596
 30
0.0
 11
3302.51962202438
 21
1568.658560058552
 31
0.0
  0
LINE
  5
E18
330
1F
100
AcDbEntity
  8
MERDIVEN (BEYKENT)
100
AcDbLine
 10
3182.519622000398
 20
1595.658560059745
 30
0.0
 11
3302.519622024612
 21
1595.658560058698
 31
0.0
  0
LINE
  5
E19
330
1F
100
AcDbEntity
  8
MERDIVEN (BEYKENT)
100
AcDbLine
 10
3182.519622000631
 20
1622.658560059891
 30
0.0
 11
3302.519622024846
 21
1622.658560058843
 31
0.0
  0
LWPOLYLINE
  5
E1A
330
1F
100
AcDbEntity
  8
MERDIVEN YAZI (BEYKENT)
100
AcDbPolyline
 90
        4
 70
     0
 43
0.0
 10
3112.51962201789
 20
1649.65856005602
 10
3112.51962201108
 20
1378.658560055594
 10
3242.519622011079
 20
1378.658560055594
 10
3242.519622013451
 20
1649.658560059509
  0
CIRCLE
  5
E1B
330
1F
100
AcDbEntity
  8
MERDIVEN YAZI (BEYKENT)
100
AcDbCircle
 10
3112.51962201789
 20
1649.658560062776
 30
0.0
 40
5.0
  0
LWPOLYLINE
  5
E1C
330
1F
100
AcDbEntity
  8
MERDIVEN YAZI (BEYKENT)
100
AcDbPolyline
 90
        3
 70
     1
 43
0.0
 10
3242.519622012971
 20
1659.658560059513
 10
3233.859367975134
 20
1644.658560059513
 10
3251.179876050809
 20
1644.658560059513
  0
LWPOLYLINE
  5
E1D
330
1F
100
AcDbEntity
  8
DONATI (BEYKENT)
100
AcDbPolyline
 90
        2
 70
     0
 43
0.0
 10
3049.519675465765
 20
1673.915445604946
 10
2535.519675481073
 20
1673.915445604943
  0
TEXT
  5
E1E
330
1F
100
AcDbEntity
  8
DONATI YAZISI (BEYKENT)
100
AcDbText
 10
2762.818850163928
 20
1678.915445604943
 30
0.0
 40
10.0
  1
8ø8/20 L=515
  7
DONATI YAZISI (BEYKENT)
 72
     1
 11
2792.51967547342
 21
1683.915445604943
 31
0.0
100
AcDbText
 73
     2
  0
LWPOLYLINE
  5
E1F
330
1F
100
AcDbEntity
  8
DONATI (BEYKENT)
100
AcDbPolyline
 90
        2
 70
     0
 43
0.0
 10
3324.519675465765
 20
1663.915445604943
 10
3030.519675465765
 20
1663.915445604946
  0
TEXT
  5
E20
330
1F
100
AcDbEntity
  8
DONATI YAZISI (BEYKENT)
100
AcDbText
 10
3145.122839152147
 20
1668.915445604943
 30
0.0
 40
10.0
  1
8ø10/20 L=295
  7
DONATI YAZISI (BEYKENT)
 72
     1
 11
3177.519675465765
 21
1673.915445604943
 31
0.0
100
AcDbText
 73
     2
  0
LWPOLYLINE
  5
E21
330
1F
100
AcDbEntity
  8
DONATI (BEYKENT)
100
AcDbPolyline
 90
        2
 70
     0
 43
0.0
 10
3117.019675465765
 20
1689.915445604946
 10
2902.019675469592
 20
1689.915445604946
  0
TEXT
  5
E22
330
1F
100
AcDbEntity
  8
DONATI YAZISI (BEYKENT)
100
AcDbText
 10
3054.539392311365
 20
1694.915445604946
 30
0.0
 40
10.0
  1
5ø8/30 L=215
  7
DONATI YAZISI (BEYKENT)
 72
     1
 11
3084.14049272402
 21
1699.915445604946
 31
0.0
100
AcDbText
 73
     2
  0
LWPOLYLINE
  5
E23
330
1F
100
AcDbEntity
  8
DONATI (BEYKENT)
100
AcDbPolyline
 90
        2
 70
     0
 43
0.0
 10
3624.519675465765
 20
1653.915445604942
 10
3305.51967546578
 20
1653.915445604942
  0
TEXT
  5
E24
330
1F
100
AcDbEntity
  8
DONATI YAZISI (BEYKENT)
100
AcDbText
 10
3434.854613567554
 20
1658.915445604943
 30
0.0
 40
10.0
  1
7ø8/36 L=320
  7
DONATI YAZISI (BEYKENT)
 72
     1
 11
3465.019675465765
 21
1663.915445604943
 31
0.0
100
AcDbText
 73
     2
  0
LWPOLYLINE
  5
E25
330
1F
100
AcDbEntity
  8
DONATI (BEYKENT)
100
AcDbPolyline
 90
       10
 70
     0
 43
0.0
 10
3239.01967546578
 20
1684.915445604942
 10
3381.277034778641
 20
1684.915445604942
 42
-0.198912367379658
 10
3383.398355122203
 20
1684.036765948501
 10
3387.640995809326
 20
1679.794125261384
 42
0.198912367379658
 10
3389.762316152888
 20
1678.915445604943
 10
3540.277034778641
 20
1678.915445604943
 42
0.198912367379658
 10
3542.398355122203
 20
1679.794125261384
 10
3546.640995809327
 20
1684.036765948501
 42
-0.198912367379658
 10
3548.762316152888
 20
1684.915445604942
 10
3680.769675458809
 20
1684.915445604942
  0
TEXT
  5
E26
330
1F
100
AcDbEntity
  8
DONATI YAZISI (BEYKENT)
100
AcDbText
 10
3434.435081242932
 20
1683.915445604943
 30
0.0
 40
10.0
  1
7ø8/36 L=445
  7
DONATI YAZISI (BEYKENT)
 72
     1
 11
3465.019675465765
 21
1688.915445604943
 31
0.0
100
AcDbText
 73
     2
  0
LWPOLYLINE
  5
E27
330
1F
100
AcDbEntity
  8
DONATI (BEYKENT)
100
AcDbPolyline
 90
        2
 70
     0
 43
0.0
 10
3834.519675437956
 20
1663.915445604943
 10
3605.519675465764
 20
1663.915445604943
  0
TEXT
  5
E28
330
1F
100
AcDbEntity
  8
DONATI YAZISI (BEYKENT)
100
AcDbText
 10
3704.849751958251
 20
1668.915445604943
 30
0.0
 40
10.0
  1
13ø8/15 L=230
  7
DONATI YAZISI (BEYKENT)
 72
     1
 11
3736.269972040782
 21
1673.915445604943
 31
0.0
100
AcDbText
 73
     2
  0
LWPOLYLINE
  5
E29
330
1F
100
AcDbEntity
  8
DONATI (BEYKENT)
100
AcDbPolyline
 90
        4
 70
     0
 43
0.0
 10
3530.769675465765
 20
1693.915445604943
 10
3831.519675437956
 20
1693.915445604943
 42
-0.4142135623730951
 10
3834.519675437956
 20
1690.915445604943
 10
3834.519675437956
 20
1687.915445604942
  0
TEXT
  5
E2A
330
1F
100
AcDbEntity
  8
DONATI YAZISI (BEYKENT)
100
AcDbText
 10
3703.732145355774
 20
1698.915445604943
 30
0.0
 40
10.0
  1
13ø14/15 L=310
  7
DONATI YAZISI (BEYKENT)
 72
     1
 11
3736.269972040782
 21
1703.915445604943
 31
0.0
100
AcDbText
 73
     2
  0
LWPOLYLINE
  5
E2B
330
1F
100
AcDbEntity
  8
DONATI (BEYKENT)
100
AcDbPolyline
 90
        2
 70
     0
 43
0.0
 10
2664.519675465765
 20
1453.492323845202
 10
2125.519675465765
 20
1453.492323845202
  0
TEXT
  5
E2C
330
1F
100
AcDbEntity
  8
DONATI YAZISI (BEYKENT)
100
AcDbText
 10
2295.642745879176
 20
1458.492323845202
 30
0.0
 40
10.0
  1
6ø8/36 L=540
  7
DONATI YAZISI (BEYKENT)
 72
     1
 11
2326.141370363357
 21
1463.492323845202
 31
0.0
100
AcDbText
 73
     2
  0
LWPOLYLINE
  5
E2D
330
1F
100
AcDbEntity
  8
DONATI (BEYKENT)
100
AcDbPolyline
 90
       10
 70
     0
 43
0.0
 10
2053.519675465764
 20
1484.492323845202
 10
2244.277034778641
 20
1484.492323845202
 42
-0.198912367379658
 10
2246.398355122203
 20
1483.61364418876
 10
2250.640995809327
 20
1479.371003501644
 42
0.198912367379658
 10
2252.762316152888
 20
1478.492323845202
 10
2532.277034778656
 20
1478.492323845202
 42
0.198912367379658
 10
2534.398355122217
 20
1479.371003501644
 10
2538.640995809342
 20
1483.61364418876
 42
-0.198912367379658
 10
2540.762316152903
 20
1484.492323845202
 10
2759.019675465765
 20
1484.492323845202
  0
TEXT
  5
E2E
330
1F
100
AcDbEntity
  8
DONATI YAZISI (BEYKENT)
100
AcDbText
 10
2298.005194297332
 20
1483.492323845202
 30
0.0
 40
10.0
  1
6ø8/36 L=711
  7
DONATI YAZISI (BEYKENT)
 72
     1
 11
2326.141370363357
 21
1488.492323845202
 31
0.0
100
AcDbText
 73
     2
  0
LWPOLYLINE
  5
E2F
330
1F
100
AcDbEntity
  8
DONATI (BEYKENT)
100
AcDbPolyline
 90
        2
 70
     0
 43
0.0
 10
2144.519675465764
 20
1174.612596918395
 10
1830.519675461428
 20
1174.612596918391
  0
TEXT
  5
E30
330
1F
100
AcDbEntity
  8
DONATI YAZISI (BEYKENT)
100
AcDbText
 10
1956.302343964283
 20
1179.612596918391
 30
0.0
 40
10.0
  1
12ø8/36 L=315
  7
DONATI YAZISI (BEYKENT)
 72
     1
 11
1987.519675463596
 21
1184.612596918391
 31
0.0
100
AcDbText
 73
     2
  0
LWPOLYLINE
  5
E31
330
1F
100
AcDbEntity
  8
DONATI (BEYKENT)
100
AcDbPolyline
 90
       12
 70
     0
 43
0.0
 10
1830.519675461428
 20
1174.612596922727
 10
1830.519675461428
 20
1202.612596918391
 42
-0.4142135623730951
 10
1833.519675461428
 20
1205.612596918391
 10
1905.277034778641
 20
1205.612596918391
 42
-0.198912367379658
 10
1907.398355122203
 20
1204.733917261949
 10
1911.640995809326
 20
1200.491276574833
 42
0.1989123673796644
 10
1913.762316152888
 20
1199.612596918391
 10
2061.277034778641
 20
1199.612596918395
 42
0.1989123673796517
 10
2063.398355122203
 20
1200.491276574837
 10
2067.640995809326
 20
1204.733917261953
 42
-0.198912367379658
 10
2069.762316152888
 20
1205.612596918395
 10
2270.019675465765
 20
1205.612596918395
  0
TEXT
  5
E32
330
1F
100
AcDbEntity
  8
DONATI YAZISI (BEYKENT)
100
AcDbText
 10
1955.263829521367
 20
1204.612596918391
 30
0.0
 40
10.0
  1
12ø8/36 L=475
  7
DONATI YAZISI (BEYKENT)
 72
     1
 11
1987.519675463596
 21
1209.612596918391
 31
0.0
100
AcDbText
 73
     2
  0
LWPOLYLINE
  5
E33
330
1F
100
AcDbEntity
  8
DONATI (BEYKENT)
100
AcDbPolyline
 90
        2
 70
     0
 43
0.0
 10
2270.019675465765
 20
1230.612596918395
 10
2055.019675465764
 20
1230.612596918395
  0
TEXT
  5
E34
330
1F
100
AcDbEntity
  8
DONATI YAZISI (BEYKENT)
100
AcDbText
 10
2131.02380201322
 20
1235.612596918395
 30
0.0
 40
10.0
  1
15ø8/30 L=215
  7
DONATI YAZISI (BEYKENT)
 72
     1
 11
2162.519675465765
 21
1240.612596918395
 31
0.0
100
AcDbText
 73
     2
  0
LWPOLYLINE
  5
E35
330
1F
100
AcDbEntity
  8
DONATI (BEYKENT)
100
AcDbPolyline
 90
        2
 70
     0
 43
0.0
 10
3049.519675424481
 20
1174.612596918395
 10
2640.519675465764
 20
1174.612596918395
  0
TEXT
  5
E36
330
1F
100
AcDbEntity
  8
DONATI YAZISI (BEYKENT)
100
AcDbText
 10
2813.403444358473
 20
1179.612596918395
 30
0.0
 40
10.0
  1
19ø8/28 L=410
  7
DONATI YAZISI (BEYKENT)
 72
     1
 11
2845.01967544513
 21
1184.612596918395
 31
0.0
100
AcDbText
 73
     2
  0
LWPOLYLINE
  5
E37
330
1F
100
AcDbEntity
  8
DONATI (BEYKENT)
100
AcDbPolyline
 90
       12
 70
     0
 43
0.0
 10
2514.019675465764
 20
1205.612596918395
 10
2738.277034778626
 20
1205.612596918395
 42
-0.198912367379658
 10
2740.398355122188
 20
1204.733917261953
 10
2744.640995809313
 20
1200.491276574837
 42
0.1989123673796395
 10
2746.762316152874
 20
1199.612596918395
 10
2948.277034778641
 20
1199.61259691838
 42
0.1989123673796765
 10
2950.398355122203
 20
1200.491276574822
 10
2954.640995809326
 20
1204.733917261938
 42
-0.1989123673796176
 10
2956.762316152888
 20
1205.61259691838
 10
3046.519675424481
 20
1205.612596918395
 42
-0.4142135623731403
 10
3049.519675424481
 20
1202.612596918395
 10
3049.519675424481
 20
1174.612596877111
  0
TEXT
  5
E38
330
1F
100
AcDbEntity
  8
DONATI YAZISI (BEYKENT)
100
AcDbText
 10
2812.784462240178
 20
1204.612596918395
 30
0.0
 40
10.0
  1
19ø8/28 L=570
  7
DONATI YAZISI (BEYKENT)
 72
     1
 11
2845.01967544513
 21
1209.612596918395
 31
0.0
100
AcDbText
 73
     2
  0
LWPOLYLINE
  5
E39
330
1F
100
AcDbEntity
  8
DONATI (BEYKENT)
100
AcDbPolyline
 90
        2
 70
     0
 43
0.0
 10
2759.01967546575
 20
1230.612596918395
 10
2513.519675465765
 20
1230.612596918395
  0
TEXT
  5
E3A
330
1F
100
AcDbEntity
  8
DONATI YAZISI (BEYKENT)
100
AcDbText
 10
2660.758021107694
 20
1235.612596918395
 30
0.0
 40
10.0
  1
18ø8/30 L=245
  7
DONATI YAZISI (BEYKENT)
 72
     1
 11
2693.426521795451
 21
1240.612596918395
 31
0.0
100
AcDbText
 73
     2
  0
LWPOLYLINE
  5
E3B
330
1F
100
AcDbEntity
  8
DONATI (BEYKENT)
100
AcDbPolyline
 90
        2
 70
     0
 43
0.0
 10
2144.519675465764
 20
983.3211177136972
 10
1830.519675459318
 20
983.3211177136972
  0
TEXT
  5
E3C
330
1F
100
AcDbEntity
  8
DONATI YAZISI (BEYKENT)
100
AcDbText
 10
1957.894503523056
 20
988.3211177136971
 30
0.0
 40
10.0
  1
8ø8/20 L=315
  7
DONATI YAZISI (BEYKENT)
 72
     1
 11
1987.519675462534
 21
993.3211177136971
 31
0.0
100
AcDbText
 73
     2
  0
LWPOLYLINE
  5
E3D
330
1F
100
AcDbEntity
  8
DONATI (BEYKENT)
100
AcDbPolyline
 90
        2
 70
     0
 43
0.0
 10
2664.519675465765
 20
973.3211177136972
 10
2125.519675465765
 20
973.3211177136972
  0
TEXT
  5
E3E
330
1F
100
AcDbEntity
  8
DONATI YAZISI (BEYKENT)
100
AcDbText
 10
2362.55062457168
 20
978.3211177136971
 30
0.0
 40
10.0
  1
13ø8/36 L=540
  7
DONATI YAZISI (BEYKENT)
 72
     1
 11
2395.019675465765
 21
983.3211177136972
 31
0.0
100
AcDbText
 73
     2
  0
LWPOLYLINE
  5
E3F
330
1F
100
AcDbEntity
  8
DONATI (BEYKENT)
100
AcDbPolyline
 90
       10
 70
     0
 43
0.0
 10
2048.519675464149
 20
1004.321117713697
 10
2244.277034778641
 20
1004.321117713697
 42
-0.198912367379658
 10
2246.398355122203
 20
1003.442438057255
 10
2250.640995809327
 20
999.1997973701392
 42
0.198912367379658
 10
2252.762316152888
 20
998.3211177136972
 10
2532.277034778641
 20
998.3211177136972
 42
0.198912367379658
 10
2534.398355122203
 20
999.1997973701392
 10
2538.640995809327
 20
1003.442438057255
 42
-0.198912367379658
 10
2540.762316152888
 20
1004.321117713697
 10
2764.019675455084
 20
1004.321117713697
  0
TEXT
  5
E40
330
1F
100
AcDbEntity
  8
DONATI YAZISI (BEYKENT)
100
AcDbText
 10
2363.988038601941
 20
1003.321117713697
 30
0.0
 40
10.0
  1
13ø8/36 L=721
  7
DONATI YAZISI (BEYKENT)
 72
     1
 11
2395.019675465765
 21
1008.321117713697
 31
0.0
100
AcDbText
 73
     2
  0
LWPOLYLINE
  5
E41
330
1F
100
AcDbEntity
  8
DONATI (BEYKENT)
100
AcDbPolyline
 90
        2
 70
     0
 43
0.0
 10
2272.019675465765
 20
1023.321117713697
 10
2047.019675464149
 20
1023.321117713697
  0
TEXT
  5
E42
330
1F
100
AcDbEntity
  8
DONATI YAZISI (BEYKENT)
100
AcDbText
 10
2194.087539403081
 20
1028.321117713697
 30
0.0
 40
10.0
  1
5ø8/30 L=225
  7
DONATI YAZISI (BEYKENT)
 72
     1
 11
2224.613674203631
 21
1033.321117713697
 31
0.0
100
AcDbText
 73
     2
  0
LWPOLYLINE
  5
E43
330
1F
100
AcDbEntity
  8
DONATI (BEYKENT)
100
AcDbPolyline
 90
        2
 70
     0
 43
0.0
 10
3049.519675423011
 20
983.3211177136972
 10
2640.519675465764
 20
983.3211177136972
  0
TEXT
  5
E44
330
1F
100
AcDbEntity
  8
DONATI YAZISI (BEYKENT)
100
AcDbText
 10
2815.095328814402
 20
988.3211177136971
 30
0.0
 40
10.0
  1
8ø8/20 L=410
  7
DONATI YAZISI (BEYKENT)
 72
     1
 11
2845.019675444388
 21
993.3211177136971
 31
0.0
100
AcDbText
 73
     2
  0
LWPOLYLINE
  5
E45
330
1F
100
AcDbEntity
  8
DONATI (BEYKENT)
100
AcDbPolyline
 90
        2
 70
     0
 43
0.0
 10
2764.519675455085
 20
1023.321117713697
 10
2514.019675465764
 20
1023.321117713697
  0
TEXT
  5
E46
330
1F
100
AcDbEntity
  8
DONATI YAZISI (BEYKENT)
100
AcDbText
 10
2693.031221838787
 20
1028.321117713697
 30
0.0
 40
10.0
  1
5ø8/30 L=250
  7
DONATI YAZISI (BEYKENT)
 72
     1
 11
2723.660520325719
 21
1033.321117713697
 31
0.0
100
AcDbText
 73
     2
  0
LWPOLYLINE
  5
E47
330
1F
100
AcDbEntity
  8
DONATI (BEYKENT)
100
AcDbPolyline
 90
        2
 70
     0
 43
0.0
 10
2664.519675465765
 20
909.7592215003597
 10
2125.519675465765
 20
909.7592215003597
  0
TEXT
  5
E48
330
1F
100
AcDbEntity
  8
DONATI YAZISI (BEYKENT)
100
AcDbText
 10
2364.194365974706
 20
914.7592215003596
 30
0.0
 40
10.0
  1
2ø8/20 L=540
  7
DONATI YAZISI (BEYKENT)
 72
     1
 11
2395.019675465765
 21
919.7592215003597
 31
0.0
100
AcDbText
 73
     2
  0
LWPOLYLINE
  5
E49
330
1F
100
AcDbEntity
  8
DONATI (BEYKENT)
100
AcDbPolyline
 90
        2
 70
     0
 43
0.0
 10
2097.916595266912
 20
1106.658560045575
 10
2097.916595266912
 20
937.6585605604804
  0
TEXT
  5
E4A
330
1F
100
AcDbEntity
  8
DONATI YAZISI (BEYKENT)
100
AcDbText
 10
2092.916595266912
 20
990.7211462727666
 30
0.0
 40
10.0
  1
15ø8/20 L=170
 50
90.0
  7
DONATI YAZISI (BEYKENT)
 72
     1
 11
2087.916595266912
 21
1022.158560303028
 31
0.0
100
AcDbText
 73
     2
  0
LWPOLYLINE
  5
E4B
330
1F
100
AcDbEntity
  8
DONATI (BEYKENT)
100
AcDbPolyline
 90
        4
 70
     0
 43
0.0
 10
2068.916595266912
 20
937.6585605604804
 10
2065.916595266912
 20
937.6585605604804
 42
-0.4142135623730951
 10
2062.916595266912
 20
940.6585605604803
 10
2062.916595266912
 20
1217.158560045575
  0
TEXT
  5
E4C
330
1F
100
AcDbEntity
  8
DONATI YAZISI (BEYKENT)
100
AcDbText
 10
2057.916595266912
 20
987.59528657538
 30
0.0
 40
10.0
  1
15ø14/20 L=285
 50
90.0
  7
DONATI YAZISI (BEYKENT)
 72
     1
 11
2052.916595266912
 21
1022.158560303028
 31
0.0
100
AcDbText
 73
     2
  0
LWPOLYLINE
  5
E4D
330
1F
100
AcDbEntity
  8
DONATI (BEYKENT)
100
AcDbPolyline
 90
        2
 70
     0
 43
0.0
 10
2107.916595266897
 20
1561.658560045568
 10
2107.916595266912
 20
1087.658560045575
  0
TEXT
  5
E4E
330
1F
100
AcDbEntity
  8
DONATI YAZISI (BEYKENT)
100
AcDbText
 10
2102.916595266912
 20
1294.22183377322
 30
0.0
 40
10.0
  1
8ø8/36 L=475
 50
90.0
  7
DONATI YAZISI (BEYKENT)
 72
     1
 11
2097.916595266912
 21
1324.658560045572
 31
0.0
100
AcDbText
 73
     2
  0
LWPOLYLINE
  5
E4F
330
1F
100
AcDbEntity
  8
DONATI (BEYKENT)
100
AcDbPolyline
 90
       10
 70
     0
 43
0.0
 10
2076.916595266912
 20
1045.908560174302
 10
2076.916595266912
 20
1194.415919358455
 42
-0.198912367379658
 10
2077.79527492335
 20
1196.537239702017
 10
2082.037915610474
 20
1200.779880389134
 42
0.1989123673796733
 10
2082.916595266912
 20
1202.901200732695
 10
2082.916595266897
 20
1446.415919358452
 42
0.1989123673796425
 10
2082.037915610459
 20
1448.537239702013
 10
2077.795274923335
 20
1452.77988038913
 42
-0.198912367379658
 10
2076.916595266897
 20
1454.901200732692
 10
2076.916595266897
 20
1602.408585045569
  0
TEXT
  5
E50
330
1F
100
AcDbEntity
  8
DONATI YAZISI (BEYKENT)
100
AcDbText
 10
2077.916595266912
 20
1294.359385355063
 30
0.0
 40
10.0
  1
8ø8/36 L=565
 50
90.0
  7
DONATI YAZISI (BEYKENT)
 72
     1
 11
2072.916595266912
 21
1324.658560045572
 31
0.0
100
AcDbText
 73
     2
  0
LWPOLYLINE
  5
E51
330
1F
100
AcDbEntity
  8
DONATI (BEYKENT)
100
AcDbPolyline
 90
        2
 70
     0
 43
0.0
 10
2097.916595266898
 20
1736.658660045573
 10
2097.916595266898
 20
1542.658560045572
  0
TEXT
  5
E52
330
1F
100
AcDbEntity
  8
DONATI YAZISI (BEYKENT)
100
AcDbText
 10
2092.916595266897
 20
1611.061636180374
 30
0.0
 40
10.0
  1
8ø8/18 L=195
 50
90.0
  7
DONATI YAZISI (BEYKENT)
 72
     1
 11
2087.916595266897
 21
1639.658610045574
 31
0.0
100
AcDbText
 73
     2
  0
LWPOLYLINE
  5
E53
330
1F
100
AcDbEntity
  8
DONATI (BEYKENT)
100
AcDbPolyline
 90
        2
 70
     0
 43
0.0
 10
2057.916595266897
 20
1601.408585045569
 10
2057.916595266897
 20
1431.658560045572
  0
TEXT
  5
E54
330
1F
100
AcDbEntity
  8
DONATI YAZISI (BEYKENT)
100
AcDbText
 10
2052.916595266897
 20
1453.580866372316
 30
0.0
 40
10.0
  1
5ø8/30 L=170
 50
90.0
  7
DONATI YAZISI (BEYKENT)
 72
     1
 11
2047.916595266897
 21
1483.099435835865
 31
0.0
100
AcDbText
 73
     2
  0
LWPOLYLINE
  5
E55
330
1F
100
AcDbEntity
  8
DONATI (BEYKENT)
100
AcDbPolyline
 90
        2
 70
     0
 43
0.0
 10
2087.916595266897
 20
1906.658560045572
 10
2087.916595266897
 20
1712.658660045573
  0
TEXT
  5
E56
330
1F
100
AcDbEntity
  8
DONATI YAZISI (BEYKENT)
100
AcDbText
 10
2082.916595266897
 20
1784.595199019987
 30
0.0
 40
10.0
  1
8ø8/18 L=195
 50
90.0
  7
DONATI YAZISI (BEYKENT)
 72
     1
 11
2077.916595266897
 21
1813.192172885187
 31
0.0
100
AcDbText
 73
     2
  0
LWPOLYLINE
  5
E57
330
1F
100
AcDbEntity
  8
DONATI (BEYKENT)
100
AcDbPolyline
 90
        2
 70
     0
 43
0.0
 10
2097.916595266912
 20
2361.658560045572
 10
2097.916595266898
 20
1887.658560045572
  0
TEXT
  5
E58
330
1F
100
AcDbEntity
  8
DONATI YAZISI (BEYKENT)
100
AcDbText
 10
2092.916595266897
 20
2094.22183377322
 30
0.0
 40
10.0
  1
8ø8/36 L=475
 50
90.0
  7
DONATI YAZISI (BEYKENT)
 72
     1
 11
2087.916595266897
 21
2124.658560045572
 31
0.0
100
AcDbText
 73
     2
  0
LWPOLYLINE
  5
E59
330
1F
100
AcDbEntity
  8
DONATI (BEYKENT)
100
AcDbPolyline
 90
       10
 70
     0
 43
0.0
 10
2066.916595266897
 20
1846.908585045573
 10
2066.916595266897
 20
1994.415919358452
 42
-0.198912367379658
 10
2067.795274923335
 20
1996.537239702013
 10
2072.037915610459
 20
2000.77988038913
 42
0.1989123673796425
 10
2072.916595266898
 20
2002.901200732692
 10
2072.916595266912
 20
2246.415919358453
 42
0.1989123673796733
 10
2072.037915610474
 20
2248.537239702014
 10
2067.79527492335
 20
2252.77988038913
 42
-0.198912367379658
 10
2066.916595266912
 20
2254.901200732692
 10
2066.916595266912
 20
2403.408560173651
  0
TEXT
  5
E5A
330
1F
100
AcDbEntity
  8
DONATI YAZISI (BEYKENT)
100
AcDbText
 10
2067.916595266897
 20
2094.359385355063
 30
0.0
 40
10.0
  1
8ø8/36 L=565
 50
90.0
  7
DONATI YAZISI (BEYKENT)
 72
     1
 11
2062.916595266897
 21
2124.658560045572
 31
0.0
100
AcDbText
 73
     2
  0
LWPOLYLINE
  5
E5B
330
1F
100
AcDbEntity
  8
DONATI (BEYKENT)
100
AcDbPolyline
 90
        2
 70
     0
 43
0.0
 10
2051.916595266897
 20
2017.658560045572
 10
2051.916595266897
 20
1847.908585045573
  0
TEXT
  5
E5C
330
1F
100
AcDbEntity
  8
DONATI YAZISI (BEYKENT)
100
AcDbText
 10
2046.916595266897
 20
1938.90881012193
 30
0.0
 40
10.0
  1
9ø8/30 L=170
 50
90.0
  7
DONATI YAZISI (BEYKENT)
 72
     1
 11
2041.916595266897
 21
1968.276072845451
 31
0.0
100
AcDbText
 73
     2
  0
LWPOLYLINE
  5
E5D
330
1F
100
AcDbEntity
  8
DONATI (BEYKENT)
100
AcDbPolyline
 90
        2
 70
     0
 43
0.0
 10
2087.916595266897
 20
2511.65856055789
 10
2087.916595266912
 20
2342.658560045572
  0
TEXT
  5
E5E
330
1F
100
AcDbEntity
  8
DONATI YAZISI (BEYKENT)
100
AcDbText
 10
2082.916595266912
 20
2427.441759108616
 30
0.0
 40
10.0
  1
15ø8/20 L=170
 50
90.0
  7
DONATI YAZISI (BEYKENT)
 72
     1
 11
2077.916595266912
 21
2458.879173138877
 31
0.0
100
AcDbText
 73
     2
  0
LWPOLYLINE
  5
E5F
330
1F
100
AcDbEntity
  8
DONATI (BEYKENT)
100
AcDbPolyline
 90
        4
 70
     0
 43
0.0
 10
2057.916595266912
 20
2228.158560045572
 10
2057.916595266897
 20
2508.65856055789
 42
-0.4142135623731102
 10
2060.916595266897
 20
2511.65856055789
 10
2063.916595266897
 20
2511.65856055789
  0
TEXT
  5
E60
330
1F
100
AcDbEntity
  8
DONATI YAZISI (BEYKENT)
100
AcDbText
 10
2052.916595266912
 20
2424.439695834888
 30
0.0
 40
10.0
  1
15ø14/20 L=290
 50
90.0
  7
DONATI YAZISI (BEYKENT)
 72
     1
 11
2047.916595266912
 21
2458.879173138877
 31
0.0
100
AcDbText
 73
     2
  0
LWPOLYLINE
  5
E61
330
1F
100
AcDbEntity
  8
DONATI (BEYKENT)
100
AcDbPolyline
 90
        2
 70
     0
 43
0.0
 10
2412.728008799093
 20
1736.658660045573
 10
2412.728008799093
 20
1412.658560045572
  0
TEXT
  5
E62
330
1F
100
AcDbEntity
  8
DONATI YAZISI (BEYKENT)
100
AcDbText
 10
2407.728008799093
 20
1542.413080471984
 30
0.0
 40
10.0
  1
10ø8/36 L=325
 50
90.0
  7
DONATI YAZISI (BEYKENT)
 72
     1
 11
2402.728008799093
 21
1574.658610045574
 31
0.0
100
AcDbText
 73
     2
  0
LWPOLYLINE
  5
E63
330
1F
100
AcDbEntity
  8
DONATI (BEYKENT)
100
AcDbPolyline
 90
       10
 70
     0
 43
0.0
 10
2381.728008799093
 20
1297.908560045572
 10
2381.728008799093
 20
1488.415939358451
 42
-0.198912367379658
 10
2382.606688455531
 20
1490.537259702013
 10
2386.849329142655
 20
1494.779900389129
 42
0.198912367379658
 10
2387.728008799093
 20
1496.901220732691
 10
2387.728008799093
 20
1647.41599935845
 42
0.198912367379658
 10
2386.849329142655
 20
1649.537319702012
 10
2382.606688455531
 20
1653.779960389128
 42
-0.198912367379658
 10
2381.728008799093
 20
1655.90128073269
 10
2381.728008799093
 20
1808.908635045575
  0
TEXT
  5
E64
330
1F
100
AcDbEntity
  8
DONATI YAZISI (BEYKENT)
100
AcDbText
 10
2382.728008799093
 20
1543.262461489866
 30
0.0
 40
10.0
  1
10ø8/36 L=515
 50
90.0
  7
DONATI YAZISI (BEYKENT)
 72
     1
 11
2377.728008799093
 21
1574.658610045574
 31
0.0
100
AcDbText
 73
     2
  0
LWPOLYLINE
  5
E65
330
1F
100
AcDbEntity
  8
DONATI (BEYKENT)
100
AcDbPolyline
 90
        2
 70
     0
 43
0.0
 10
2356.728008799093
 20
1503.408585045573
 10
2356.728008799093
 20
1298.408560045572
  0
TEXT
  5
E66
330
1F
100
AcDbEntity
  8
DONATI YAZISI (BEYKENT)
100
AcDbText
 10
2351.728008799093
 20
1369.361117249836
 30
0.0
 40
10.0
  1
11ø8/30 L=205
 50
90.0
  7
DONATI YAZISI (BEYKENT)
 72
     1
 11
2346.728008799093
 21
1400.908572545572
 31
0.0
100
AcDbText
 73
     2
  0
LWPOLYLINE
  5
E67
330
1F
100
AcDbEntity
  8
DONATI (BEYKENT)
100
AcDbPolyline
 90
        2
 70
     0
 43
0.0
 10
2422.728008799093
 20
2036.658560045572
 10
2422.728008799093
 20
1712.658660045569
  0
TEXT
  5
E68
330
1F
100
AcDbEntity
  8
DONATI YAZISI (BEYKENT)
100
AcDbText
 10
2417.728008799093
 20
1842.413080471981
 30
0.0
 40
10.0
  1
10ø8/36 L=325
 50
90.0
  7
DONATI YAZISI (BEYKENT)
 72
     1
 11
2412.728008799093
 21
1874.658610045571
 31
0.0
100
AcDbText
 73
     2
  0
LWPOLYLINE
  5
E69
330
1F
100
AcDbEntity
  8
DONATI (BEYKENT)
100
AcDbPolyline
 90
       10
 70
     0
 43
0.0
 10
2391.728008799093
 20
1639.908635045568
 10
2391.728008799093
 20
1793.415999358454
 42
-0.198912367379658
 10
2392.606688455531
 20
1795.537319702015
 10
2396.849329142655
 20
1799.779960389131
 42
0.198912367379658
 10
2397.728008799093
 20
1801.901280732693
 10
2397.728008799093
 20
1952.415939358455
 42
0.198912367379658
 10
2396.849329142655
 20
1954.537259702017
 10
2392.606688455531
 20
1958.779900389133
 42
-0.198912367379658
 10
2391.728008799093
 20
1960.901220732695
 10
2391.728008799093
 20
2150.658560045572
  0
TEXT
  5
E6A
330
1F
100
AcDbEntity
  8
DONATI YAZISI (BEYKENT)
100
AcDbText
 10
2392.728008799093
 20
1843.262461489863
 30
0.0
 40
10.0
  1
10ø8/36 L=515
 50
90.0
  7
DONATI YAZISI (BEYKENT)
 72
     1
 11
2387.728008799093
 21
1874.658610045571
 31
0.0
100
AcDbText
 73
     2
  0
LWPOLYLINE
  5
E6B
330
1F
100
AcDbEntity
  8
DONATI (BEYKENT)
100
AcDbPolyline
 90
        2
 70
     0
 43
0.0
 10
2371.728008799093
 20
2150.158560045572
 10
2371.728008799093
 20
1945.408585045573
  0
TEXT
  5
E6C
330
1F
100
AcDbEntity
  8
DONATI YAZISI (BEYKENT)
100
AcDbText
 10
2366.728008799093
 20
2016.236117249837
 30
0.0
 40
10.0
  1
11ø8/30 L=205
 50
90.0
  7
DONATI YAZISI (BEYKENT)
 72
     1
 11
2361.728008799093
 21
2047.783572545573
 31
0.0
100
AcDbText
 73
     2
  0
LWPOLYLINE
  5
E6D
330
1F
100
AcDbEntity
  8
DONATI (BEYKENT)
100
AcDbPolyline
 90
        6
 70
     0
 43
0.0
 10
2582.685951462945
 20
961.6585600455719
 10
2582.685951462945
 20
910.6585600031712
 42
-0.4142135623730951
 10
2579.685951462945
 20
907.6585600031712
 10
2579.685951462945
 20
907.6585600031712
 42
-0.4142135623730951
 10
2576.685951462945
 20
910.6585600031712
 10
2576.685951462945
 20
1077.908560045572
  0
TEXT
  5
E6E
330
1F
100
AcDbEntity
  8
DONATI YAZISI (BEYKENT)
100
AcDbText
 10
2571.685951462945
 20
941.1431164353176
 30
0.0
 40
10.0
  1
28ø8/20 L=218
 50
90.0
  7
DONATI YAZISI (BEYKENT)
 72
     1
 11
2566.685951462945
 21
973.6362388562255
 31
0.0
100
AcDbText
 73
     2
  0
LWPOLYLINE
  5
E6F
330
1F
100
AcDbEntity
  8
DONATI (BEYKENT)
100
AcDbPolyline
 90
        2
 70
     0
 43
0.0
 10
2621.685951462931
 20
1431.658560045575
 10
2621.685951462945
 20
937.6585600455682
  0
TEXT
  5
E70
330
1F
100
AcDbEntity
  8
DONATI YAZISI (BEYKENT)
100
AcDbText
 10
2616.685951462945
 20
1152.144804887388
 30
0.0
 40
10.0
  1
14ø8/36 L=495
 50
90.0
  7
DONATI YAZISI (BEYKENT)
 72
     1
 11
2611.685951462945
 21
1184.658560045572
 31
0.0
100
AcDbText
 73
     2
  0
LWPOLYLINE
  5
E71
330
1F
100
AcDbEntity
  8
DONATI (BEYKENT)
100
AcDbPolyline
 90
       10
 70
     0
 43
0.0
 10
2590.685951462945
 20
926.9085600349708
 10
2590.685951462945
 20
1052.415919358452
 42
-0.198912367379658
 10
2591.564631119383
 20
1054.537239702014
 10
2595.807271806507
 20
1058.77988038913
 42
0.1989123673796728
 10
2596.685951462945
 20
1060.901200732692
 10
2596.685951462931
 20
1313.415919358452
 42
0.1989123673796431
 10
2595.807271806493
 20
1315.537239702013
 10
2591.564631119369
 20
1319.77988038913
 42
-0.198912367379658
 10
2590.68595146293
 20
1321.901200732692
 10
2590.68595146293
 20
1482.658560045575
  0
TEXT
  5
E72
330
1F
100
AcDbEntity
  8
DONATI YAZISI (BEYKENT)
100
AcDbText
 10
2591.685951462945
 20
1152.2651625215
 30
0.0
 40
10.0
  1
14ø8/36 L=560
 50
90.0
  7
DONATI YAZISI (BEYKENT)
 72
     1
 11
2586.685951462945
 21
1184.658560045572
 31
0.0
100
AcDbText
 73
     2
  0
LWPOLYLINE
  5
E73
330
1F
100
AcDbEntity
  8
DONATI (BEYKENT)
100
AcDbPolyline
 90
        2
 70
     0
 43
0.0
 10
2611.685951462945
 20
1646.658560045568
 10
2611.685951462931
 20
1412.658560045572
  0
TEXT
  5
E74
330
1F
100
AcDbEntity
  8
DONATI YAZISI (BEYKENT)
100
AcDbText
 10
2606.685951462946
 20
1500.236276689313
 30
0.0
 40
10.0
  1
9ø8/18 L=235
 50
90.0
  7
DONATI YAZISI (BEYKENT)
 72
     1
 11
2601.685951462946
 21
1529.658560045572
 31
0.0
100
AcDbText
 73
     2
  0
LWPOLYLINE
  5
E75
330
1F
100
AcDbEntity
  8
DONATI (BEYKENT)
100
AcDbPolyline
 90
        2
 70
     0
 43
0.0
 10
2571.685951462931
 20
1482.658560045575
 10
2571.685951462931
 20
1297.908560045572
  0
TEXT
  5
E76
330
1F
100
AcDbEntity
  8
DONATI YAZISI (BEYKENT)
100
AcDbText
 10
2566.68595146293
 20
1360.758113002931
 30
0.0
 40
10.0
  1
6ø8/30 L=185
 50
90.0
  7
DONATI YAZISI (BEYKENT)
 72
     1
 11
2561.68595146293
 21
1390.283560045572
 31
0.0
100
AcDbText
 73
     2
  0
LWPOLYLINE
  5
E77
330
1F
100
AcDbEntity
  8
DONATI (BEYKENT)
100
AcDbPolyline
 90
        2
 70
     0
 43
0.0
 10
2591.685951462945
 20
1687.158560045572
 10
2591.685951462945
 20
1577.158560045575
  0
TEXT
  5
E78
330
1F
100
AcDbEntity
  8
DONATI YAZISI (BEYKENT)
100
AcDbText
 10
2586.685951462945
 20
1603.472177652174
 30
0.0
 40
10.0
  1
7ø8/24 L=110
 50
90.0
  7
DONATI YAZISI (BEYKENT)
 72
     1
 11
2581.685951462945
 21
1632.158560045572
 31
0.0
100
AcDbText
 73
     2
  0
LWPOLYLINE
  5
E79
330
1F
100
AcDbEntity
  8
DONATI (BEYKENT)
100
AcDbPolyline
 90
        2
 70
     0
 43
0.0
 10
2611.685951462931
 20
2036.658560045572
 10
2611.685951462945
 20
1802.658560045568
  0
TEXT
  5
E7A
330
1F
100
AcDbEntity
  8
DONATI YAZISI (BEYKENT)
100
AcDbText
 10
2606.685951462946
 20
1890.236276689313
 30
0.0
 40
10.0
  1
9ø8/18 L=235
 50
90.0
  7
DONATI YAZISI (BEYKENT)
 72
     1
 11
2601.685951462946
 21
1919.658560045572
 31
0.0
100
AcDbText
 73
     2
  0
LWPOLYLINE
  5
E7B
330
1F
100
AcDbEntity
  8
DONATI (BEYKENT)
100
AcDbPolyline
 90
        2
 70
     0
 43
0.0
 10
2591.685951462945
 20
1872.158560045568
 10
2591.685951462945
 20
1762.158560045564
  0
TEXT
  5
E7C
330
1F
100
AcDbEntity
  8
DONATI YAZISI (BEYKENT)
100
AcDbText
 10
2586.685951462945
 20
1788.472177652166
 30
0.0
 40
10.0
  1
7ø8/24 L=110
 50
90.0
  7
DONATI YAZISI (BEYKENT)
 72
     1
 11
2581.685951462945
 21
1817.158560045564
 31
0.0
100
AcDbText
 73
     2
  0
LWPOLYLINE
  5
E7D
330
1F
100
AcDbEntity
  8
DONATI (BEYKENT)
100
AcDbPolyline
 90
        2
 70
     0
 43
0.0
 10
2621.685951462945
 20
2511.658560045572
 10
2621.685951462931
 20
2017.658560045572
  0
TEXT
  5
E7E
330
1F
100
AcDbEntity
  8
DONATI YAZISI (BEYKENT)
100
AcDbText
 10
2616.685951462945
 20
2232.144804887388
 30
0.0
 40
10.0
  1
14ø8/36 L=495
 50
90.0
  7
DONATI YAZISI (BEYKENT)
 72
     1
 11
2611.685951462945
 21
2264.658560045572
 31
0.0
100
AcDbText
 73
     2
  0
LWPOLYLINE
  5
E7F
330
1F
100
AcDbEntity
  8
DONATI (BEYKENT)
100
AcDbPolyline
 90
       10
 70
     0
 43
0.0
 10
2590.68595146293
 20
1966.658560045572
 10
2590.68595146293
 20
2126.415919358453
 42
-0.198912367379658
 10
2591.564631119369
 20
2128.537239702014
 10
2595.807271806493
 20
2132.77988038913
 42
0.198912367379643
 10
2596.685951462931
 20
2134.901200732692
 10
2596.685951462945
 20
2384.415919358449
 42
0.1989123673796731
 10
2595.807271806507
 20
2386.53723970201
 10
2591.564631119383
 20
2390.779880389127
 42
-0.198912367379658
 10
2590.685951462945
 20
2392.901200732688
 10
2590.685951462945
 20
2522.408560058014
  0
TEXT
  5
E80
330
1F
100
AcDbEntity
  8
DONATI YAZISI (BEYKENT)
100
AcDbText
 10
2591.685951462945
 20
2232.2651625215
 30
0.0
 40
10.0
  1
14ø8/36 L=560
 50
90.0
  7
DONATI YAZISI (BEYKENT)
 72
     1
 11
2586.685951462945
 21
2264.658560045572
 31
0.0
100
AcDbText
 73
     2
  0
LWPOLYLINE
  5
E81
330
1F
100
AcDbEntity
  8
DONATI (BEYKENT)
100
AcDbPolyline
 90
        2
 70
     0
 43
0.0
 10
2575.685951462916
 20
2150.658560045572
 10
2575.685951462931
 20
1966.158560045572
  0
TEXT
  5
E82
330
1F
100
AcDbEntity
  8
DONATI YAZISI (BEYKENT)
100
AcDbText
 10
2570.68595146293
 20
2028.883113002931
 30
0.0
 40
10.0
  1
6ø8/30 L=185
 50
90.0
  7
DONATI YAZISI (BEYKENT)
 72
     1
 11
2565.68595146293
 21
2058.408560045572
 31
0.0
100
AcDbText
 73
     2
  0
LWPOLYLINE
  5
E83
330
1F
100
AcDbEntity
  8
DONATI (BEYKENT)
100
AcDbPolyline
 90
        6
 70
     0
 43
0.0
 10
2576.685951462945
 20
2366.658560045568
 10
2576.685951462945
 20
2538.658560095343
 42
-0.4142135623730951
 10
2579.685951462945
 20
2541.658560095343
 10
2579.685951462945
 20
2541.658560095343
 42
-0.4142135623730951
 10
2582.685951462945
 20
2538.658560095343
 10
2582.685951462945
 20
2482.658560045568
  0
TEXT
  5
E84
330
1F
100
AcDbEntity
  8
DONATI YAZISI (BEYKENT)
100
AcDbText
 10
2571.685951462945
 20
2403.748148984119
 30
0.0
 40
10.0
  1
26ø8/20 L=228
 50
90.0
  7
DONATI YAZISI (BEYKENT)
 72
     1
 11
2566.685951462945
 21
2436.990927526072
 31
0.0
100
AcDbText
 73
     2
  0
LWPOLYLINE
  5
E85
330
1F
100
AcDbEntity
  8
DONATI (BEYKENT)
100
AcDbPolyline
 90
        2
 70
     0
 43
0.0
 10
3000.669084801162
 20
1646.658560045572
 10
3000.669084801177
 20
1087.658560045572
  0
TEXT
  5
E86
330
1F
100
AcDbEntity
  8
DONATI YAZISI (BEYKENT)
100
AcDbText
 10
2995.669084801177
 20
1334.885520155613
 30
0.0
 40
10.0
  1
10ø8/36 L=560
 50
90.0
  7
DONATI YAZISI (BEYKENT)
 72
     1
 11
2990.669084801177
 21
1367.158560045572
 31
0.0
100
AcDbText
 73
     2
  0
LWPOLYLINE
  5
E87
330
1F
100
AcDbEntity
  8
DONATI (BEYKENT)
100
AcDbPolyline
 90
       10
 70
     0
 43
0.0
 10
2969.669084801177
 20
1046.908560170423
 10
2969.669084801191
 20
1211.415919358452
 42
-0.1989123673796351
 10
2970.547764457629
 20
1213.537239702014
 10
2974.790405144753
 20
1217.77988038913
 42
0.1989123673796834
 10
2975.669084801192
 20
1219.901200732692
 10
2975.669084801162
 20
1514.415919358452
 42
0.1989123673796325
 10
2974.790405144724
 20
1516.537239702014
 10
2970.547764457601
 20
1520.77988038913
 42
-0.198912367379658
 10
2969.669084801163
 20
1522.901200732692
 10
2969.669084801163
 20
1687.658560045572
  0
TEXT
  5
E88
330
1F
100
AcDbEntity
  8
DONATI YAZISI (BEYKENT)
100
AcDbText
 10
2970.669084801177
 20
1334.7651625215
 30
0.0
 40
10.0
  1
10ø8/36 L=645
 50
90.0
  7
DONATI YAZISI (BEYKENT)
 72
     1
 11
2965.669084801177
 21
1367.158560045572
 31
0.0
100
AcDbText
 73
     2
  0
LWPOLYLINE
  5
E89
330
1F
100
AcDbEntity
  8
DONATI (BEYKENT)
100
AcDbPolyline
 90
        2
 70
     0
 43
0.0
 10
2990.669084801162
 20
1821.658560045572
 10
2990.669084801162
 20
1627.658560045572
  0
TEXT
  5
E8A
330
1F
100
AcDbEntity
  8
DONATI YAZISI (BEYKENT)
100
AcDbText
 10
2985.669084801163
 20
1693.241778752587
 30
0.0
 40
10.0
  1
28ø8/18 L=195
 50
90.0
  7
DONATI YAZISI (BEYKENT)
 72
     1
 11
2980.669084801162
 21
1724.658560045572
 31
0.0
100
AcDbText
 73
     2
  0
LWPOLYLINE
  5
E8B
330
1F
100
AcDbEntity
  8
DONATI (BEYKENT)
100
AcDbPolyline
 90
        2
 70
     0
 43
0.0
 10
2955.669084801162
 20
1689.158560045572
 10
2955.669084801162
 20
1493.908560045572
  0
TEXT
  5
E8C
330
1F
100
AcDbEntity
  8
DONATI YAZISI (BEYKENT)
100
AcDbText
 10
2950.669084801162
 20
1560.213064859877
 30
0.0
 40
10.0
  1
13ø8/30 L=195
 50
90.0
  7
DONATI YAZISI (BEYKENT)
 72
     1
 11
2945.669084801162
 21
1591.533560045572
 31
0.0
100
AcDbText
 73
     2
  0
LWPOLYLINE
  5
E8D
330
1F
100
AcDbEntity
  8
DONATI (BEYKENT)
100
AcDbPolyline
 90
        2
 70
     0
 43
0.0
 10
3000.669084801162
 20
2361.658560045572
 10
3000.669084801162
 20
1802.658560045571
  0
TEXT
  5
E8E
330
1F
100
AcDbEntity
  8
DONATI YAZISI (BEYKENT)
100
AcDbText
 10
2995.669084801162
 20
2049.885520155613
 30
0.0
 40
10.0
  1
10ø8/36 L=560
 50
90.0
  7
DONATI YAZISI (BEYKENT)
 72
     1
 11
2990.669084801162
 21
2082.158560045572
 31
0.0
100
AcDbText
 73
     2
  0
LWPOLYLINE
  5
E8F
330
1F
100
AcDbEntity
  8
DONATI (BEYKENT)
100
AcDbPolyline
 90
       10
 70
     0
 43
0.0
 10
2969.669084801163
 20
1760.158560045572
 10
2969.669084801163
 20
1926.415919358452
 42
-0.198912367379658
 10
2970.547764457601
 20
1928.537239702014
 10
2974.790405144724
 20
1932.77988038913
 42
0.198912367379658
 10
2975.669084801162
 20
1934.901200732692
 10
2975.669084801162
 20
2229.415919358452
 42
0.198912367379658
 10
2974.790405144724
 20
2231.537239702014
 10
2970.547764457601
 20
2235.77988038913
 42
-0.198912367379658
 10
2969.669084801163
 20
2237.901200732692
 10
2969.669084801163
 20
2395.408560045572
  0
TEXT
  5
E90
330
1F
100
AcDbEntity
  8
DONATI YAZISI (BEYKENT)
100
AcDbText
 10
2970.669084801162
 20
2049.713580678309
 30
0.0
 40
10.0
  1
10ø8/36 L=640
 50
90.0
  7
DONATI YAZISI (BEYKENT)
 72
     1
 11
2965.669084801162
 21
2082.158560045572
 31
0.0
100
AcDbText
 73
     2
  0
LWPOLYLINE
  5
E91
330
1F
100
AcDbEntity
  8
DONATI (BEYKENT)
100
AcDbPolyline
 90
        2
 70
     0
 43
0.0
 10
2955.669084801177
 20
1955.408560045549
 10
2955.669084801177
 20
1760.15856004555
  0
TEXT
  5
E92
330
1F
100
AcDbEntity
  8
DONATI YAZISI (BEYKENT)
100
AcDbText
 10
2950.669084801177
 20
1826.463064859855
 30
0.0
 40
10.0
  1
13ø8/30 L=195
 50
90.0
  7
DONATI YAZISI (BEYKENT)
 72
     1
 11
2945.669084801177
 21
1857.78356004555
 31
0.0
100
AcDbText
 73
     2
  0
LWPOLYLINE
  5
E93
330
1F
100
AcDbEntity
  8
DONATI (BEYKENT)
100
AcDbPolyline
 90
        2
 70
     0
 43
0.0
 10
2990.669084801162
 20
2511.658560045572
 10
2990.669084801162
 20
2342.658560045572
  0
TEXT
  5
E94
330
1F
100
AcDbEntity
  8
DONATI YAZISI (BEYKENT)
100
AcDbText
 10
2985.669084801163
 20
2395.697074488488
 30
0.0
 40
10.0
  1
20ø8/18 L=170
 50
90.0
  7
DONATI YAZISI (BEYKENT)
 72
     1
 11
2980.669084801162
 21
2427.158560045572
 31
0.0
100
AcDbText
 73
     2
  0
LWPOLYLINE
  5
E95
330
1F
100
AcDbEntity
  8
DONATI (BEYKENT)
100
AcDbPolyline
 90
        6
 70
     0
 43
0.0
 10
2955.669084801162
 20
2208.908560045572
 10
2955.669084801162
 20
2538.65856009252
 42
-0.4142135623730951
 10
2958.669084801162
 20
2541.65856009252
 10
2958.669084801162
 20
2541.65856009252
 42
-0.4142135623730951
 10
2961.669084801162
 20
2538.65856009252
 10
2961.669084801162
 20
2482.658560045572
  0
TEXT
  5
E96
330
1F
100
AcDbEntity
  8
DONATI YAZISI (BEYKENT)
100
AcDbText
 10
2950.669084801162
 20
2440.390089693871
 30
0.0
 40
10.0
  1
41ø8/20 L=386
 50
90.0
  7
DONATI YAZISI (BEYKENT)
 72
     1
 11
2945.669084801162
 21
2472.907283641601
 31
0.0
100
AcDbText
 73
     2
  0
LWPOLYLINE
  5
E97
330
1F
100
AcDbEntity
  8
DONATI (BEYKENT)
100
AcDbPolyline
 90
        2
 70
     0
 43
0.0
 10
2990.669084801191
 20
1106.658560045564
 10
2990.669084801191
 20
937.6585605463979
  0
TEXT
  5
E98
330
1F
100
AcDbEntity
  8
DONATI YAZISI (BEYKENT)
100
AcDbText
 10
2985.669084801192
 20
989.744530034633
 30
0.0
 40
10.0
  1
20ø8/20 L=170
 50
90.0
  7
DONATI YAZISI (BEYKENT)
 72
     1
 11
2980.669084801192
 21
1022.158560295981
 31
0.0
100
AcDbText
 73
     2
  0
LWPOLYLINE
  5
E99
330
1F
100
AcDbEntity
  8
DONATI (BEYKENT)
100
AcDbPolyline
 90
        4
 70
     0
 43
0.0
 10
2966.669084801191
 20
937.6585605463979
 10
2963.669084801191
 20
937.6585605463979
 42
-0.4142135623730951
 10
2960.669084801191
 20
940.658560546398
 10
2960.669084801191
 20
1241.408560045564
  0
TEXT
  5
E9A
330
1F
100
AcDbEntity
  8
DONATI YAZISI (BEYKENT)
100
AcDbText
 10
2955.669084801191
 20
987.591847778787
 30
0.0
 40
10.0
  1
20ø14/20 L=310
 50
90.0
  7
DONATI YAZISI (BEYKENT)
 72
     1
 11
2950.669084801191
 21
1022.158560295981
 31
0.0
100
AcDbText
 73
     2
  0
LWPOLYLINE
  5
E9B
330
1F
100
AcDbEntity
  8
DONATI (BEYKENT)
100
AcDbPolyline
 90
        2
 70
     0
 43
0.0
 10
3399.743701775848
 20
2361.658560045572
 10
3399.743701775848
 20
1802.658560045571
  0
TEXT
  5
E9C
330
1F
100
AcDbEntity
  8
DONATI YAZISI (BEYKENT)
100
AcDbText
 10
3394.743701775848
 20
2050.913718229891
 30
0.0
 40
10.0
  1
11ø8/36 L=560
 50
90.0
  7
DONATI YAZISI (BEYKENT)
 72
     1
 11
3389.743701775848
 21
2082.158560045572
 31
0.0
100
AcDbText
 73
     2
  0
LWPOLYLINE
  5
E9D
330
1F
100
AcDbEntity
  8
DONATI (BEYKENT)
100
AcDbPolyline
 90
       10
 70
     0
 43
0.0
 10
3368.743701775848
 20
1739.408560045572
 10
3368.743701775848
 20
1926.415919358456
 42
-0.198912367379658
 10
3369.622381432286
 20
1928.537239702017
 10
3373.865022119409
 20
1932.779880389134
 42
0.198912367379658
 10
3374.743701775848
 20
1934.901200732695
 10
3374.743701775848
 20
2229.415919358455
 42
0.198912367379658
 10
3373.865022119409
 20
2231.537239702017
 10
3369.622381432286
 20
2235.779880389134
 42
-0.198912367379658
 10
3368.743701775848
 20
2237.901200732696
 10
3368.743701775848
 20
2394.908560045572
  0
TEXT
  5
E9E
330
1F
100
AcDbEntity
  8
DONATI YAZISI (BEYKENT)
100
AcDbText
 10
3369.743701775848
 20
2052.093223044197
 30
0.0
 40
10.0
  1
11ø8/36 L=661
 50
90.0
  7
DONATI YAZISI (BEYKENT)
 72
     1
 11
3364.743701775848
 21
2082.158560045572
 31
0.0
100
AcDbText
 73
     2
  0
LWPOLYLINE
  5
E9F
330
1F
100
AcDbEntity
  8
DONATI (BEYKENT)
100
AcDbPolyline
 90
        2
 70
     0
 43
0.0
 10
3389.743701775848
 20
2511.658560045576
 10
3389.743701775848
 20
2342.658560045576
  0
TEXT
  5
EA0
330
1F
100
AcDbEntity
  8
DONATI YAZISI (BEYKENT)
100
AcDbText
 10
3384.743701775848
 20
2396.72527256277
 30
0.0
 40
10.0
  1
21ø8/18 L=170
 50
90.0
  7
DONATI YAZISI (BEYKENT)
 72
     1
 11
3379.743701775848
 21
2427.158560045576
 31
0.0
100
AcDbText
 73
     2
  0
LWPOLYLINE
  5
EA1
330
1F
100
AcDbEntity
  8
DONATI (BEYKENT)
100
AcDbPolyline
 90
        2
 70
     0
 43
0.0
 10
3576.199037123353
 20
1821.658560045572
 10
3576.199037123368
 20
1542.658560067327
  0
TEXT
  5
EA2
330
1F
100
AcDbEntity
  8
DONATI YAZISI (BEYKENT)
100
AcDbText
 10
3571.199037123368
 20
1651.68400709909
 30
0.0
 40
10.0
  1
8ø8/36 L=280
 50
90.0
  7
DONATI YAZISI (BEYKENT)
 72
     1
 11
3566.199037123368
 21
1682.158560056449
 31
0.0
100
AcDbText
 73
     2
  0
LWPOLYLINE
  5
EA3
330
1F
100
AcDbEntity
  8
DONATI (BEYKENT)
100
AcDbPolyline
 90
       12
 70
     0
 43
0.0
 10
3576.199037145123
 20
1542.658560067345
 10
3548.199037123368
 20
1542.658560067327
 42
-0.4142135623730817
 10
3545.199037123368
 20
1545.658560067327
 10
3545.199037123325
 20
1610.415919358448
 42
-0.1989123673797436
 10
3546.077716779763
 20
1612.53723970201
 10
3550.320357466886
 20
1616.779880389134
 42
0.1989123673795207
 10
3551.199037123325
 20
1618.901200732692
 10
3551.199037123353
 20
1745.415919358447
 42
0.1989123673797165
 10
3550.320357466915
 20
1747.53723970201
 10
3546.077716779791
 20
1751.779880389126
 42
-0.198912367379658
 10
3545.199037123353
 20
1753.901200732688
 10
3545.199037123353
 20
1872.158560045572
  0
TEXT
  5
EA4
330
1F
100
AcDbEntity
  8
DONATI YAZISI (BEYKENT)
100
AcDbText
 10
3546.199037123368
 20
1651.935038735954
 30
0.0
 40
10.0
  1
8ø8/36 L=365
 50
90.0
  7
DONATI YAZISI (BEYKENT)
 72
     1
 11
3541.199037123368
 21
1682.158560056449
 31
0.0
100
AcDbText
 73
     2
  0
LWPOLYLINE
  5
EA5
330
1F
100
AcDbEntity
  8
DONATI (BEYKENT)
100
AcDbPolyline
 90
        2
 70
     0
 43
0.0
 10
3586.199037123368
 20
2036.658560045572
 10
3586.199037123353
 20
1802.658560045568
  0
TEXT
  5
EA6
330
1F
100
AcDbEntity
  8
DONATI YAZISI (BEYKENT)
100
AcDbText
 10
3581.199037123368
 20
1890.236276689313
 30
0.0
 40
10.0
  1
9ø8/18 L=235
 50
90.0
  7
DONATI YAZISI (BEYKENT)
 72
     1
 11
3576.199037123368
 21
1919.658560045572
 31
0.0
100
AcDbText
 73
     2
  0
LWPOLYLINE
  5
EA7
330
1F
100
AcDbEntity
  8
DONATI (BEYKENT)
100
AcDbPolyline
 90
        2
 70
     0
 43
0.0
 10
3520.199037123383
 20
2150.658560045572
 10
3520.199037123368
 20
1966.158560045572
  0
TEXT
  5
EA8
330
1F
100
AcDbEntity
  8
DONATI YAZISI (BEYKENT)
100
AcDbText
 10
3515.199037123384
 20
2069.866594054797
 30
0.0
 40
10.0
  1
6ø8/30 L=185
 50
90.0
  7
DONATI YAZISI (BEYKENT)
 72
     1
 11
3510.199037123383
 21
2099.392041097438
 31
0.0
100
AcDbText
 73
     2
  0
LWPOLYLINE
  5
EA9
330
1F
100
AcDbEntity
  8
DONATI (BEYKENT)
100
AcDbPolyline
 90
        2
 70
     0
 43
0.0
 10
3796.428595430929
 20
1741.658660045576
 10
3796.428595430929
 20
1532.658560067825
  0
TEXT
  5
EAA
330
1F
100
AcDbEntity
  8
DONATI YAZISI (BEYKENT)
100
AcDbText
 10
3791.428595430929
 20
1582.986037967258
 30
0.0
 40
10.0
  1
11ø8/20 L=210
 50
90.0
  7
DONATI YAZISI (BEYKENT)
 72
     1
 11
3786.428595430929
 21
1613.58094855873
 31
0.0
100
AcDbText
 73
     2
  0
LWPOLYLINE
  5
EAB
330
1F
100
AcDbEntity
  8
DONATI (BEYKENT)
100
AcDbPolyline
 90
        6
 70
     0
 43
0.0
 10
3777.428595430929
 20
1532.658560067825
 10
3774.428595430929
 20
1532.658560067825
 42
-0.4142135623730951
 10
3771.428595430929
 20
1535.658560067825
 10
3771.428595430929
 20
1738.658660045577
 42
-0.4142135623730951
 10
3774.428595430929
 20
1741.658660045576
 10
3834.228595430932
 20
1741.658660045576
  0
TEXT
  5
EAC
330
1F
100
AcDbEntity
  8
DONATI YAZISI (BEYKENT)
100
AcDbText
 10
3766.428595430929
 20
1580.179985697657
 30
0.0
 40
10.0
  1
11ø14/20 L=278
 50
90.0
  7
DONATI YAZISI (BEYKENT)
 72
     1
 11
3761.428595430929
 21
1613.58094855873
 31
0.0
100
AcDbText
 73
     2
  0
LWPOLYLINE
  5
EAD
330
1F
100
AcDbEntity
  8
DONATI (BEYKENT)
100
AcDbPolyline
 90
        2
 70
     0
 43
0.0
 10
3903.927352561148
 20
1891.658560045572
 10
3903.927352561133
 20
1722.658560043185
  0
TEXT
  5
EAE
330
1F
100
AcDbEntity
  8
DONATI YAZISI (BEYKENT)
100
AcDbText
 10
3898.927352561134
 20
1775.934350965973
 30
0.0
 40
10.0
  1
27ø8/18 L=170
 50
90.0
  7
DONATI YAZISI (BEYKENT)
 72
     1
 11
3893.927352561134
 21
1807.158560044378
 31
0.0
100
AcDbText
 73
     2
  0
LWPOLYLINE
  5
EAF
330
1F
100
AcDbEntity
  8
DONATI (BEYKENT)
100
AcDbPolyline
 90
        4
 70
     0
 43
0.0
 10
3909.927252558744
 20
1722.658560043189
 10
3881.927352561134
 20
1722.658560043189
 42
-0.4142135623732524
 10
3878.927352561134
 20
1725.658560043189
 10
3878.927352561163
 20
1776.908635045575
  0
TEXT
  5
EB0
330
1F
100
AcDbEntity
  8
DONATI YAZISI (BEYKENT)
100
AcDbText
 10
3873.92735256115
 20
1720.258150501743
 30
0.0
 40
10.0
  1
16ø8/30 L=85
 50
90.0
  7
DONATI YAZISI (BEYKENT)
 72
     1
 11
3868.927352561149
 21
1749.783597544384
 31
0.0
100
AcDbText
 73
     2
  0
LWPOLYLINE
  5
EB1
330
1F
100
AcDbEntity
  8
DONATI (BEYKENT)
100
AcDbPolyline
 90
        2
 70
     0
 43
0.0
 10
3913.927352561148
 20
2036.658560045572
 10
3913.927352561148
 20
1872.658560045572
  0
TEXT
  5
EB2
330
1F
100
AcDbEntity
  8
DONATI YAZISI (BEYKENT)
100
AcDbText
 10
3908.927352561148
 20
1924.342191407333
 30
0.0
 40
10.0
  1
19ø8/18 L=165
 50
90.0
  7
DONATI YAZISI (BEYKENT)
 72
     1
 11
3903.927352561148
 21
1954.658560045572
 31
0.0
100
AcDbText
 73
     2
  0
LWPOLYLINE
  5
EB3
330
1F
100
AcDbEntity
  8
DONATI (BEYKENT)
100
AcDbPolyline
 90
        2
 70
     0
 43
0.0
 10
3878.927352561163
 20
1926.658560045546
 10
3878.927352561163
 20
1836.408585045548
  0
TEXT
  5
EB4
330
1F
100
AcDbEntity
  8
DONATI YAZISI (BEYKENT)
100
AcDbText
 10
3873.927352561163
 20
1852.032197029728
 30
0.0
 40
10.0
  1
12ø8/30 L=90
 50
90.0
  7
DONATI YAZISI (BEYKENT)
 72
     1
 11
3868.927352561163
 21
1881.533572545547
 31
0.0
100
AcDbText
 73
     2
  0
LWPOLYLINE
  5
EB5
330
1F
100
AcDbEntity
  8
DONATI (BEYKENT)
100
AcDbPolyline
 90
        2
 70
     0
 43
0.0
 10
3903.927352561148
 20
2511.658560045572
 10
3903.927352561148
 20
2017.658560045572
  0
TEXT
  5
EB6
330
1F
100
AcDbEntity
  8
DONATI YAZISI (BEYKENT)
100
AcDbText
 10
3898.927352561148
 20
2232.144804887388
 30
0.0
 40
10.0
  1
14ø8/36 L=495
 50
90.0
  7
DONATI YAZISI (BEYKENT)
 72
     1
 11
3893.927352561148
 21
2264.658560045572
 31
0.0
100
AcDbText
 73
     2
  0
LWPOLYLINE
  5
EB7
330
1F
100
AcDbEntity
  8
DONATI (BEYKENT)
100
AcDbPolyline
 90
       10
 70
     0
 43
0.0
 10
3872.927352561148
 20
1982.658560045572
 10
3872.927352561148
 20
2126.415919358453
 42
-0.198912367379658
 10
3873.806032217586
 20
2128.537239702014
 10
3878.048672904711
 20
2132.77988038913
 42
0.198912367379658
 10
3878.927352561148
 20
2134.901200732692
 10
3878.927352561148
 20
2384.415919358453
 42
0.198912367379658
 10
3878.048672904711
 20
2386.537239702014
 10
3873.806032217586
 20
2390.77988038913
 42
-0.198912367379658
 10
3872.927352561148
 20
2392.901200732692
 10
3872.927352561148
 20
2523.908560055649
  0
TEXT
  5
EB8
330
1F
100
AcDbEntity
  8
DONATI YAZISI (BEYKENT)
100
AcDbText
 10
3873.92735256115
 20
2231.99349814736
 30
0.0
 40
10.0
  1
14ø8/36 L=545
 50
90.0
  7
DONATI YAZISI (BEYKENT)
 72
     1
 11
3868.927352561149
 21
2264.658560045572
 31
0.0
100
AcDbText
 73
     2
  0
LWPOLYLINE
  5
EB9
330
1F
100
AcDbEntity
  8
DONATI (BEYKENT)
100
AcDbPolyline
 90
        2
 70
     0
 43
0.0
 10
3857.927352561148
 20
2149.658560045572
 10
3857.927352561148
 20
1984.658560045572
  0
TEXT
  5
EBA
330
1F
100
AcDbEntity
  8
DONATI YAZISI (BEYKENT)
100
AcDbText
 10
3852.927352561148
 20
2035.813993333055
 30
0.0
 40
10.0
  1
12ø8/30 L=165
 50
90.0
  7
DONATI YAZISI (BEYKENT)
 72
     1
 11
3847.927352561148
 21
2067.158560045572
 31
0.0
100
AcDbText
 73
     2
  0
LWPOLYLINE
  5
EBB
330
1F
100
AcDbEntity
  8
DONATI (BEYKENT)
100
AcDbPolyline
 90
        6
 70
     0
 43
0.0
 10
3858.927352561148
 20
2366.658560045572
 10
3858.927352561133
 20
2538.658560085888
 42
-0.4142135623731196
 10
3861.927352561134
 20
2541.658560085888
 10
3861.927352561134
 20
2541.658560085888
 42
-0.4142135623730228
 10
3864.927352561134
 20
2538.658560085888
 10
3864.927352561148
 20
2482.658560045572
  0
TEXT
  5
EBC
330
1F
100
AcDbEntity
  8
DONATI YAZISI (BEYKENT)
100
AcDbText
 10
3853.927352561148
 20
2406.088812378719
 30
0.0
 40
10.0
  1
26ø8/20 L=228
 50
90.0
  7
DONATI YAZISI (BEYKENT)
 72
     1
 11
3848.927352561148
 21
2439.331590920672
 31
0.0
100
AcDbText
 73
     2
  0
LWPOLYLINE
  5
EBD
330
1F
100
AcDbEntity
  8
DONATI (BEYKENT)
100
AcDbPolyline
 90
        2
 70
     0
 43
0.0
 10
4204.885392647409
 20
2361.658560045572
 10
4204.885392647409
 20
1872.658560054783
  0
TEXT
  5
EBE
330
1F
100
AcDbEntity
  8
DONATI YAZISI (BEYKENT)
100
AcDbText
 10
4199.885392647409
 20
2086.635864039174
 30
0.0
 40
10.0
  1
8ø8/36 L=490
 50
90.0
  7
DONATI YAZISI (BEYKENT)
 72
     1
 11
4194.885392647409
 21
2117.158560050178
 31
0.0
100
AcDbText
 73
     2
  0
LWPOLYLINE
  5
EBF
330
1F
100
AcDbEntity
  8
DONATI (BEYKENT)
100
AcDbPolyline
 90
       12
 70
     0
 43
0.0
 10
4204.88539265662
 20
1872.658560054783
 10
4176.885392647409
 20
1872.658560054783
 42
-0.4142135623730951
 10
4173.885392647409
 20
1875.658560054783
 10
4173.885392647409
 20
1982.415919358452
 42
-0.198912367379658
 10
4174.764072303847
 20
1984.537239702014
 10
4179.006712990971
 20
1988.77988038913
 42
0.198912367379658
 10
4179.885392647409
 20
1990.901200732692
 10
4179.885392647409
 20
2243.415919358449
 42
0.198912367379658
 10
4179.006712990971
 20
2245.53723970201
 10
4174.764072303847
 20
2249.779880389127
 42
-0.198912367379658
 10
4173.885392647409
 20
2251.901200732688
 10
4173.885392647409
 20
2402.908560146537
  0
TEXT
  5
EC0
330
1F
100
AcDbEntity
  8
DONATI YAZISI (BEYKENT)
100
AcDbText
 10
4174.88539264741
 20
2086.859385359669
 30
0.0
 40
10.0
  1
8ø8/36 L=565
 50
90.0
  7
DONATI YAZISI (BEYKENT)
 72
     1
 11
4169.885392647409
 21
2117.158560050178
 31
0.0
100
AcDbText
 73
     2
  0
LWPOLYLINE
  5
EC1
330
1F
100
AcDbEntity
  8
DONATI (BEYKENT)
100
AcDbPolyline
 90
        4
 70
     0
 43
0.0
 10
4179.885392656621
 20
1872.658560054783
 10
4151.885392647409
 20
1872.658560054783
 42
-0.4142135623730951
 10
4148.885392647409
 20
1875.658560054783
 10
4148.885392647409
 20
2006.908560045572
  0
TEXT
  5
EC2
330
1F
100
AcDbEntity
  8
DONATI YAZISI (BEYKENT)
100
AcDbText
 10
4143.885392647407
 20
1910.433491274386
 30
0.0
 40
10.0
  1
9ø8/30 L=165
 50
90.0
  7
DONATI YAZISI (BEYKENT)
 72
     1
 11
4138.885392647408
 21
1939.783560050177
 31
0.0
100
AcDbText
 73
     2
  0
LWPOLYLINE
  5
EC3
330
1F
100
AcDbEntity
  8
DONATI (BEYKENT)
100
AcDbPolyline
 90
        2
 70
     0
 43
0.0
 10
4194.885392647409
 20
2511.658560449428
 10
4194.885392647409
 20
2342.658560045569
  0
TEXT
  5
EC4
330
1F
100
AcDbEntity
  8
DONATI YAZISI (BEYKENT)
100
AcDbText
 10
4189.88539264741
 20
2395.721146217237
 30
0.0
 40
10.0
  1
15ø8/20 L=170
 50
90.0
  7
DONATI YAZISI (BEYKENT)
 72
     1
 11
4184.885392647409
 21
2427.158560247498
 31
0.0
100
AcDbText
 73
     2
  0
LWPOLYLINE
  5
EC5
330
1F
100
AcDbEntity
  8
DONATI (BEYKENT)
100
AcDbPolyline
 90
        4
 70
     0
 43
0.0
 10
4164.885392647409
 20
2227.408560045569
 10
4164.885392647409
 20
2508.658560449428
 42
-0.4142135623730951
 10
4167.885392647409
 20
2511.658560449428
 10
4170.885392647408
 20
2511.658560449428
  0
TEXT
  5
EC6
330
1F
100
AcDbEntity
  8
DONATI YAZISI (BEYKENT)
100
AcDbText
 10
4159.885392647409
 20
2392.719082943509
 30
0.0
 40
10.0
  1
15ø14/20 L=290
 50
90.0
  7
DONATI YAZISI (BEYKENT)
 72
     1
 11
4154.885392647409
 21
2427.158560247498
 31
0.0
100
AcDbText
 73
     2
  0
LWPOLYLINE
  5
EC7
330
1F
100
AcDbEntity
  8
DONATI (BEYKENT)
100
AcDbPolyline
 90
        2
 70
     0
 43
0.0
 10
2270.019675465765
 20
2403.64269237588
 10
2055.019675465764
 20
2403.64269237588
  0
TEXT
  5
EC8
330
1F
100
AcDbEntity
  8
DONATI YAZISI (BEYKENT)
100
AcDbText
 10
2182.365557692835
 20
2408.64269237588
 30
0.0
 40
10.0
  1
5ø8/30 L=215
  7
DONATI YAZISI (BEYKENT)
 72
     1
 11
2211.96665810549
 21
2413.64269237588
 31
0.0
100
AcDbText
 73
     2
  0
LWPOLYLINE
  5
EC9
330
1F
100
AcDbEntity
  8
DONATI (BEYKENT)
100
AcDbPolyline
 90
        2
 70
     0
 43
0.0
 10
3145.769675465765
 20
2403.64269237588
 10
2935.519675465764
 20
2403.64269237588
  0
TEXT
  5
ECA
330
1F
100
AcDbEntity
  8
DONATI YAZISI (BEYKENT)
100
AcDbText
 10
3082.532185100554
 20
2408.64269237588
 30
0.0
 40
10.0
  1
4ø8/30 L=210
  7
DONATI YAZISI (BEYKENT)
 72
     1
 11
3112.356806833703
 21
2413.64269237588
 31
0.0
100
AcDbText
 73
     2
  0
LWPOLYLINE
  5
ECB
330
1F
100
AcDbEntity
  8
DONATI (BEYKENT)
100
AcDbPolyline
 90
        2
 70
     0
 43
0.0
 10
3570.519675465765
 20
2403.64269237588
 10
3325.769675465779
 20
2403.64269237588
  0
TEXT
  5
ECC
330
1F
100
AcDbEntity
  8
DONATI YAZISI (BEYKENT)
100
AcDbText
 10
3417.223079867416
 20
2408.64269237588
 30
0.0
 40
10.0
  1
4ø8/30 L=245
  7
DONATI YAZISI (BEYKENT)
 72
     1
 11
3448.144675465766
 21
2413.64269237588
 31
0.0
100
AcDbText
 73
     2
  0
LWPOLYLINE
  5
ECD
330
1F
100
AcDbEntity
  8
DONATI (BEYKENT)
100
AcDbPolyline
 90
        2
 70
     0
 43
0.0
 10
4030.01967546575
 20
2403.64269237588
 10
3815.019675465765
 20
2403.64269237588
  0
TEXT
  5
ECE
330
1F
100
AcDbEntity
  8
DONATI YAZISI (BEYKENT)
100
AcDbText
 10
3965.923305157522
 20
2408.64269237588
 30
0.0
 40
10.0
  1
5ø8/30 L=215
  7
DONATI YAZISI (BEYKENT)
 72
     1
 11
3995.524405570176
 21
2413.64269237588
 31
0.0
100
AcDbText
 73
     2
  0
LWPOLYLINE
  5
ECF
330
1F
100
AcDbEntity
  8
DONATI (BEYKENT)
100
AcDbPolyline
 90
        2
 70
     0
 43
0.0
 10
3333.743701775848
 20
1955.408560045572
 10
3333.743701775848
 20
1760.158560045572
  0
TEXT
  5
ED0
330
1F
100
AcDbEntity
  8
DONATI YAZISI (BEYKENT)
100
AcDbText
 10
3328.743701775847
 20
1826.463064859877
 30
0.0
 40
10.0
  1
13ø8/30 L=195
 50
90.0
  7
DONATI YAZISI (BEYKENT)
 72
     1
 11
3323.743701775847
 21
1857.783560045572
 31
0.0
100
AcDbText
 73
     2
  0
LWPOLYLINE
  5
ED1
330
1F
100
AcDbEntity
  8
DONATI (BEYKENT)
100
AcDbPolyline
 90
        2
 70
     0
 43
0.0
 10
2509.519675465765
 20
2403.64269237588
 10
2754.26967546575
 20
2403.64269237588
  0
TEXT
  5
ED2
330
1F
100
AcDbEntity
  8
DONATI YAZISI (BEYKENT)
100
AcDbText
 10
2601.110631449266
 20
2408.64269237588
 30
0.0
 40
10.0
  1
4ø8/30 L=245
  7
DONATI YAZISI (BEYKENT)
 72
     1
 11
2632.032227047615
 21
2413.64269237588
 31
0.0
100
AcDbText
 73
     2
  0
LINE
  5
F7B
330
1F
100
AcDbEntity
  8
KAT SINIRI (BEYKENT)
100
AcDbLine
 10
3172.51962199059
 20
1649.658560052236
 30
0.0
 11
3052.51962204519
 21
1649.658560059804
 31
0.0
  0
LINE
  5
F7C
330
1F
100
AcDbEntity
  8
KAT SINIRI (BEYKENT)
100
AcDbLine
 10
3172.51962197697
 20
1433.658560051072
 30
0.0
 11
3052.51962203157
 21
1433.658560058639
 31
0.0
  0
LWPOLYLINE
  5
F7D
330
1F
100
AcDbEntity
  8
KAT SINIRI (BEYKENT)
100
AcDbPolyline
 90
        4
 70
     1
 43
0.0
 10
3172.51962199059
 20
1649.658560052236
 10
3182.519622023188
 20
1649.658560052236
 10
3182.519622023188
 20
1433.658560058756
 10
3172.51962199059
 20
1433.658560058756
  0
LINE
  5
F7E
330
1F
100
AcDbEntity
  8
KAT SINIRI (BEYKENT)
100
AcDbLine
 10
3182.519621998972
 20
1433.658560058872
 30
0.0
 11
3302.519622023186
 21
1433.658560057824
 31
0.0
  0
LINE
  5
F7F
330
1F
100
AcDbEntity
  8
KAT SINIRI (BEYKENT)
100
AcDbLine
 10
3182.519622000864
 20
1649.658560060036
 30
0.0
 11
3302.519622025079
 21
1649.658560058989
 31
0.0
  0
LWPOLYLINE
  5
F80
330
1F
100
AcDbEntity
  8
KAT SINIRI (BEYKENT)
100
AcDbPolyline
 90
       27
 70
     1
 43
0.0
 10
2122.519675459944
 20
2544.658560098825
 10
3417.519675492469
 20
2544.658560089424
 10
3962.519675490737
 20
2544.658560085466
 10
3962.519675478104
 20
2514.658560722971
 10
4257.519675469139
 20
2514.658560390023
 10
4257.51967537464
 20
1869.658560044735
 10
4132.519675489688
 20
1869.6585600686
 10
4132.519675488611
 20
1719.658560044167
 10
3837.519675437825
 20
1719.658560042901
 10
3837.519675438407
 20
1529.658560067916
 10
3627.519725465768
 20
1529.658560067443
 10
3627.519725465768
 20
1539.658560067443
 10
3552.519675439106
 20
1539.658560067276
 10
3552.519675439891
 20
1298.658560049392
 10
3052.519675425427
 20
1298.658560058443
 10
3052.519675422634
 20
934.6585605436548
 10
2667.519675469141
 20
934.6585605519347
 10
2667.51967546821
 20
904.6585600042226
 10
2122.519675460278
 20
904.6585599954987
 10
2122.5196754583
 20
934.6585605602076
 10
1827.519675458779
 20
934.658560563489
 10
1827.519675465764
 20
1564.658560049064
 10
1952.519675472109
 20
1564.658560048053
 10
1952.519675470814
 20
1884.658560043782
 10
1827.519675465764
 20
1884.658560045572
 10
1827.519675471338
 20
2514.658560557894
 10
2122.519675458532
 20
2514.658560557894
  0
LINE
  5
F81
330
1F
100
AcDbEntity
  8
KIRIS (BEYKENT)
100
AcDbLine
 10
2637.519675465765
 20
2479.658560045572
 30
0.0
 11
2147.519675465765
 21
2479.658560045572
 31
0.0
  0
LINE
  5
F82
330
1F
100
AcDbEntity
  8
KIRIS (BEYKENT)
100
AcDbLine
 10
2147.519675465765
 20
2514.658560045572
 30
0.0
 11
2637.519675465765
 21
2514.658560045572
 31
0.0
  0
LINE
  5
F83
330
1F
100
AcDbEntity
  8
KIRIS (BEYKENT)
100
AcDbLine
 10
3027.519675465765
 20
2479.658560045572
 30
0.0
 11
2667.519675465765
 21
2479.658560045572
 31
0.0
  0
LINE
  5
F84
330
1F
100
AcDbEntity
  8
KIRIS (BEYKENT)
100
AcDbLine
 10
2667.519675465765
 20
2514.658560045572
 30
0.0
 11
3027.519675465765
 21
2514.658560045572
 31
0.0
  0
LINE
  5
F85
330
1F
100
AcDbEntity
  8
KIRIS (BEYKENT)
100
AcDbLine
 10
3417.519675465765
 20
2479.658560045572
 30
0.0
 11
3052.519675465765
 21
2479.658560045572
 31
0.0
  0
LINE
  5
F86
330
1F
100
AcDbEntity
  8
KIRIS (BEYKENT)
100
AcDbLine
 10
3052.519675465765
 20
2514.658560045572
 30
0.0
 11
3417.519675465765
 21
2514.658560045572
 31
0.0
  0
LINE
  5
F87
330
1F
100
AcDbEntity
  8
KIRIS (BEYKENT)
100
AcDbLine
 10
3937.519675465765
 20
2479.658560045572
 30
0.0
 11
3447.519675465765
 21
2479.658560045572
 31
0.0
  0
LINE
  5
F88
330
1F
100
AcDbEntity
  8
KIRIS (BEYKENT)
100
AcDbLine
 10
3447.519675465765
 20
2514.658560045572
 30
0.0
 11
3937.519675465765
 21
2514.658560045572
 31
0.0
  0
LINE
  5
F89
330
1F
100
AcDbEntity
  8
KIRIS (BEYKENT)
100
AcDbLine
 10
2122.519675465765
 20
2339.658560045572
 30
0.0
 11
1857.519675465765
 21
2339.658560045572
 31
0.0
  0
LINE
  5
F8A
330
1F
100
AcDbEntity
  8
KIRIS (BEYKENT)
100
AcDbLine
 10
1857.519675465765
 20
2364.658560045572
 30
0.0
 11
2122.519675465765
 21
2364.658560045572
 31
0.0
  0
LINE
  5
F8B
330
1F
100
AcDbEntity
  8
KIRIS (BEYKENT)
100
AcDbLine
 10
2667.519675465765
 20
2454.658560045572
 30
0.0
 11
2667.519675465765
 21
2364.658560045572
 31
0.0
  0
LINE
  5
F8C
330
1F
100
AcDbEntity
  8
KIRIS (BEYKENT)
100
AcDbLine
 10
2667.519675465765
 20
2364.658560045572
 30
0.0
 11
3027.519675465765
 21
2364.658560045572
 31
0.0
  0
LINE
  5
F8D
330
1F
100
AcDbEntity
  8
KIRIS (BEYKENT)
100
AcDbLine
 10
3027.519675465765
 20
2339.658560045572
 30
0.0
 11
2667.519675465765
 21
2339.658560045572
 31
0.0
  0
LINE
  5
F8E
330
1F
100
AcDbEntity
  8
KIRIS (BEYKENT)
100
AcDbLine
 10
2667.519675465765
 20
2339.658560045572
 30
0.0
 11
2667.519675465765
 21
2074.658560045572
 31
0.0
  0
LINE
  5
F8F
330
1F
100
AcDbEntity
  8
KIRIS (BEYKENT)
100
AcDbLine
 10
2637.519675465765
 20
2074.658560045572
 30
0.0
 11
2637.519675465765
 21
2454.658560045572
 31
0.0
  0
LINE
  5
F90
330
1F
100
AcDbEntity
  8
KIRIS (BEYKENT)
100
AcDbLine
 10
3417.519675465765
 20
2364.658560045572
 30
0.0
 11
3417.519675465765
 21
2454.658560045572
 31
0.0
  0
LINE
  5
F91
330
1F
100
AcDbEntity
  8
KIRIS (BEYKENT)
100
AcDbLine
 10
3447.519675465765
 20
2454.658560045572
 30
0.0
 11
3447.519675465765
 21
2074.658560045572
 31
0.0
  0
LINE
  5
F92
330
1F
100
AcDbEntity
  8
KIRIS (BEYKENT)
100
AcDbLine
 10
3417.519675465765
 20
2074.658560045572
 30
0.0
 11
3417.519675465765
 21
2339.658560045572
 31
0.0
  0
LINE
  5
F93
330
1F
100
AcDbEntity
  8
KIRIS (BEYKENT)
100
AcDbLine
 10
3417.519675465765
 20
2339.658560045572
 30
0.0
 11
3052.519675465765
 21
2339.658560045572
 31
0.0
  0
LINE
  5
F94
330
1F
100
AcDbEntity
  8
KIRIS (BEYKENT)
100
AcDbLine
 10
3052.519675465765
 20
2364.658560045572
 30
0.0
 11
3417.519675465765
 21
2364.658560045572
 31
0.0
  0
LINE
  5
F95
330
1F
100
AcDbEntity
  8
KIRIS (BEYKENT)
100
AcDbLine
 10
4227.519675465765
 20
2339.658560045572
 30
0.0
 11
3962.519675465765
 21
2339.658560045572
 31
0.0
  0
LINE
  5
F96
330
1F
100
AcDbEntity
  8
KIRIS (BEYKENT)
100
AcDbLine
 10
3962.519675465765
 20
2364.658560045572
 30
0.0
 11
4227.519675465765
 21
2364.658560045572
 31
0.0
  0
LINE
  5
F97
330
1F
100
AcDbEntity
  8
KIRIS (BEYKENT)
100
AcDbLine
 10
2637.519675465765
 20
2014.658560045572
 30
0.0
 11
2152.519675465764
 21
2014.658560045572
 31
0.0
  0
LINE
  5
F98
330
1F
100
AcDbEntity
  8
KIRIS (BEYKENT)
100
AcDbLine
 10
2152.519675465764
 20
2039.658560045572
 30
0.0
 11
2637.519675465765
 21
2039.658560045572
 31
0.0
  0
LINE
  5
F99
330
1F
100
AcDbEntity
  8
KIRIS (BEYKENT)
100
AcDbLine
 10
3932.519675465766
 20
2014.658560045572
 30
0.0
 11
3447.519675465765
 21
2014.658560045572
 31
0.0
  0
LINE
  5
F9A
330
1F
100
AcDbEntity
  8
KIRIS (BEYKENT)
100
AcDbLine
 10
3447.519675465765
 20
2039.658560045572
 30
0.0
 11
3932.519675465766
 21
2039.658560045572
 31
0.0
  0
LINE
  5
F9B
330
1F
100
AcDbEntity
  8
KIRIS (BEYKENT)
100
AcDbLine
 10
2122.519675465765
 20
1539.658560045572
 30
0.0
 11
1982.519675465765
 21
1539.658560045572
 31
0.0
  0
LINE
  5
F9C
330
1F
100
AcDbEntity
  8
KIRIS (BEYKENT)
100
AcDbLine
 10
1952.519675465764
 20
1564.658560045572
 30
0.0
 11
1952.519675465764
 21
1884.658560045572
 31
0.0
  0
LINE
  5
F9D
330
1F
100
AcDbEntity
  8
KIRIS (BEYKENT)
100
AcDbLine
 10
1982.519675465765
 20
1909.658560045572
 30
0.0
 11
2122.519675465765
 21
1909.658560045572
 31
0.0
  0
LINE
  5
F9E
330
1F
100
AcDbEntity
  8
KIRIS (BEYKENT)
100
AcDbLine
 10
2122.519675465765
 20
1909.658560045572
 30
0.0
 11
2122.519675465765
 21
2014.658560045572
 31
0.0
  0
LINE
  5
F9F
330
1F
100
AcDbEntity
  8
KIRIS (BEYKENT)
100
AcDbLine
 10
2147.519675465765
 20
2014.658560045572
 30
0.0
 11
2147.519675465765
 21
1739.658660045573
 31
0.0
  0
LINE
  5
FA0
330
1F
100
AcDbEntity
  8
KIRIS (BEYKENT)
100
AcDbLine
 10
2147.519675465765
 20
1739.658660045573
 30
0.0
 11
2457.519775465769
 21
1739.658660045573
 31
0.0
  0
LINE
  5
FA1
330
1F
100
AcDbEntity
  8
KIRIS (BEYKENT)
100
AcDbLine
 10
2457.519775465769
 20
1709.658660045573
 30
0.0
 11
2147.519675465765
 21
1709.658660045573
 31
0.0
  0
LINE
  5
FA2
330
1F
100
AcDbEntity
  8
KIRIS (BEYKENT)
100
AcDbLine
 10
2147.519675465765
 20
1709.658660045573
 30
0.0
 11
2147.519675465765
 21
1434.658560045572
 31
0.0
  0
LINE
  5
FA3
330
1F
100
AcDbEntity
  8
KIRIS (BEYKENT)
100
AcDbLine
 10
2122.519675465765
 20
1434.658560045572
 30
0.0
 11
2122.519675465765
 21
1539.658560045572
 31
0.0
  0
LINE
  5
FA4
330
1F
100
AcDbEntity
  8
KIRIS (BEYKENT)
100
AcDbLine
 10
1982.519675465765
 20
1564.658560045572
 30
0.0
 11
2122.519675465765
 21
1564.658560045572
 31
0.0
  0
LINE
  5
FA5
330
1F
100
AcDbEntity
  8
KIRIS (BEYKENT)
100
AcDbLine
 10
2122.519675465765
 20
1564.658560045572
 30
0.0
 11
2122.519675465765
 21
1709.658660045573
 31
0.0
  0
LINE
  5
FA6
330
1F
100
AcDbEntity
  8
KIRIS (BEYKENT)
100
AcDbLine
 10
2122.519675465765
 20
1709.658660045573
 30
0.0
 11
1982.519675465765
 21
1709.658660045573
 31
0.0
  0
LINE
  5
FA7
330
1F
100
AcDbEntity
  8
KIRIS (BEYKENT)
100
AcDbLine
 10
1982.519675465765
 20
1709.658660045573
 30
0.0
 11
1982.519675465765
 21
1564.658560045572
 31
0.0
  0
LINE
  5
FA8
330
1F
100
AcDbEntity
  8
KIRIS (BEYKENT)
100
AcDbLine
 10
1982.519675465765
 20
1884.658560045572
 30
0.0
 11
1982.519675465765
 21
1739.658660045573
 31
0.0
  0
LINE
  5
FA9
330
1F
100
AcDbEntity
  8
KIRIS (BEYKENT)
100
AcDbLine
 10
1982.519675465765
 20
1739.658660045573
 30
0.0
 11
2122.519675465765
 21
1739.658660045573
 31
0.0
  0
LINE
  5
FAA
330
1F
100
AcDbEntity
  8
KIRIS (BEYKENT)
100
AcDbLine
 10
2122.519675465765
 20
1739.658660045573
 30
0.0
 11
2122.519675465765
 21
1884.658560045572
 31
0.0
  0
LINE
  5
FAB
330
1F
100
AcDbEntity
  8
KIRIS (BEYKENT)
100
AcDbLine
 10
2122.519675465765
 20
1884.658560045572
 30
0.0
 11
1982.519675465765
 21
1884.658560045572
 31
0.0
  0
LINE
  5
FAC
330
1F
100
AcDbEntity
  8
KIRIS (BEYKENT)
100
AcDbLine
 10
3962.519675465765
 20
1894.658560045572
 30
0.0
 11
4107.519675465765
 21
1894.658560045572
 31
0.0
  0
LINE
  5
FAD
330
1F
100
AcDbEntity
  8
KIRIS (BEYKENT)
100
AcDbLine
 10
4107.519675465765
 20
1869.658560045572
 30
0.0
 11
3627.519675465765
 21
1869.658560045572
 31
0.0
  0
LINE
  5
FAE
330
1F
100
AcDbEntity
  8
KIRIS (BEYKENT)
100
AcDbLine
 10
3627.519675465765
 20
1894.658560045572
 30
0.0
 11
3937.519675465765
 21
1894.658560045572
 31
0.0
  0
LINE
  5
FAF
330
1F
100
AcDbEntity
  8
KIRIS (BEYKENT)
100
AcDbLine
 10
3937.519675465765
 20
1894.658560045572
 30
0.0
 11
3937.519675465765
 21
2014.658560045572
 31
0.0
  0
LINE
  5
FB0
330
1F
100
AcDbEntity
  8
KIRIS (BEYKENT)
100
AcDbLine
 10
3962.519675465765
 20
2014.658560045572
 30
0.0
 11
3962.519675465765
 21
1894.658560045572
 31
0.0
  0
LINE
  5
FB1
330
1F
100
AcDbEntity
  8
KIRIS (BEYKENT)
100
AcDbLine
 10
2637.519675465765
 20
1799.658560045572
 30
0.0
 11
2482.51977546577
 21
1799.658560045572
 31
0.0
  0
LINE
  5
FB2
330
1F
100
AcDbEntity
  8
KIRIS (BEYKENT)
100
AcDbLine
 10
2482.51977546577
 20
1824.658560045572
 30
0.0
 11
2637.519675465765
 21
1824.658560045572
 31
0.0
  0
LINE
  5
FB3
330
1F
100
AcDbEntity
  8
KIRIS (BEYKENT)
100
AcDbLine
 10
3027.519675465765
 20
1799.658560045572
 30
0.0
 11
2697.519675465765
 21
1799.658560045572
 31
0.0
  0
LINE
  5
FB4
330
1F
100
AcDbEntity
  8
KIRIS (BEYKENT)
100
AcDbLine
 10
2697.519675465765
 20
1824.658560045572
 30
0.0
 11
3027.519675465765
 21
1824.658560045572
 31
0.0
  0
LINE
  5
FB5
330
1F
100
AcDbEntity
  8
KIRIS (BEYKENT)
100
AcDbLine
 10
3297.519675465764
 20
1799.658560045572
 30
0.0
 11
3052.519675465765
 21
1799.658560045572
 31
0.0
  0
LINE
  5
FB6
330
1F
100
AcDbEntity
  8
KIRIS (BEYKENT)
100
AcDbLine
 10
3052.519675465765
 20
1824.658560045572
 30
0.0
 11
3297.519675465764
 21
1824.658560045572
 31
0.0
  0
LINE
  5
FB7
330
1F
100
AcDbEntity
  8
KIRIS (BEYKENT)
100
AcDbLine
 10
3602.519675465765
 20
1799.658560045572
 30
0.0
 11
3447.519675465765
 21
1799.658560045572
 31
0.0
  0
LINE
  5
FB8
330
1F
100
AcDbEntity
  8
KIRIS (BEYKENT)
100
AcDbLine
 10
3447.519675465765
 20
1824.658560045572
 30
0.0
 11
3602.519675465765
 21
1824.658560045572
 31
0.0
  0
LINE
  5
FB9
330
1F
100
AcDbEntity
  8
KIRIS (BEYKENT)
100
AcDbLine
 10
4132.519675465764
 20
1719.658660045573
 30
0.0
 11
3627.519675465765
 21
1719.658660045573
 31
0.0
  0
LINE
  5
FBA
330
1F
100
AcDbEntity
  8
KIRIS (BEYKENT)
100
AcDbLine
 10
3627.519675465765
 20
1744.658660045573
 30
0.0
 11
4107.519675465765
 21
1744.658660045573
 31
0.0
  0
LINE
  5
FBB
330
1F
100
AcDbEntity
  8
KIRIS (BEYKENT)
100
AcDbLine
 10
4107.519675465765
 20
1744.658660045573
 30
0.0
 11
4107.519675465765
 21
1869.658560045572
 31
0.0
  0
LINE
  5
FBC
330
1F
100
AcDbEntity
  8
KIRIS (BEYKENT)
100
AcDbLine
 10
4132.519675465764
 20
1869.658560045572
 30
0.0
 11
4132.519675465764
 21
1719.658660045573
 31
0.0
  0
LINE
  5
FBD
330
1F
100
AcDbEntity
  8
KIRIS (BEYKENT)
100
AcDbLine
 10
2637.519675465765
 20
1624.658560045572
 30
0.0
 11
2482.51977546577
 21
1624.658560045572
 31
0.0
  0
LINE
  5
FBE
330
1F
100
AcDbEntity
  8
KIRIS (BEYKENT)
100
AcDbLine
 10
2482.51977546577
 20
1649.658560045572
 30
0.0
 11
2637.519675465765
 21
1649.658560045572
 31
0.0
  0
LINE
  5
FBF
330
1F
100
AcDbEntity
  8
KIRIS (BEYKENT)
100
AcDbLine
 10
3022.519675465765
 20
1624.658560045572
 30
0.0
 11
2697.519675465765
 21
1624.658560045572
 31
0.0
  0
LINE
  5
FC0
330
1F
100
AcDbEntity
  8
KIRIS (BEYKENT)
100
AcDbLine
 10
2697.519675465765
 20
1649.658560045572
 30
0.0
 11
3022.519675465765
 21
1649.658560045572
 31
0.0
  0
LINE
  5
FC1
330
1F
100
AcDbEntity
  8
KIRIS (BEYKENT)
100
AcDbLine
 10
3527.519855465767
 20
1539.658560045572
 30
0.0
 11
3327.519675465764
 21
1539.658560045572
 31
0.0
  0
LINE
  5
FC2
330
1F
100
AcDbEntity
  8
KIRIS (BEYKENT)
100
AcDbLine
 10
3327.519675465764
 20
1564.658560045572
 30
0.0
 11
3527.519855465767
 21
1564.658560045572
 31
0.0
  0
LINE
  5
FC3
330
1F
100
AcDbEntity
  8
KIRIS (BEYKENT)
100
AcDbLine
 10
2637.519675465765
 20
1409.658560045572
 30
0.0
 11
2152.519675465764
 21
1409.658560045572
 31
0.0
  0
LINE
  5
FC4
330
1F
100
AcDbEntity
  8
KIRIS (BEYKENT)
100
AcDbLine
 10
2152.519675465764
 20
1434.658560045572
 30
0.0
 11
2637.519675465765
 21
1434.658560045572
 31
0.0
  0
LINE
  5
FC5
330
1F
100
AcDbEntity
  8
KIRIS (BEYKENT)
100
AcDbLine
 10
3302.519675465764
 20
1298.658560045572
 30
0.0
 11
3052.519675465765
 21
1298.658560045572
 31
0.0
  0
LINE
  5
FC6
330
1F
100
AcDbEntity
  8
KIRIS (BEYKENT)
100
AcDbLine
 10
3052.519675465765
 20
1323.658560045572
 30
0.0
 11
3302.519675465764
 21
1323.658560045572
 31
0.0
  0
LINE
  5
FC7
330
1F
100
AcDbEntity
  8
KIRIS (BEYKENT)
100
AcDbLine
 10
3527.519855465767
 20
1298.658660045573
 30
0.0
 11
3327.519675465764
 21
1298.658560045572
 31
0.0
  0
LINE
  5
FC8
330
1F
100
AcDbEntity
  8
KIRIS (BEYKENT)
100
AcDbLine
 10
3327.519675465764
 20
1323.658560045572
 30
0.0
 11
3527.519855465767
 21
1323.658560045572
 31
0.0
  0
LINE
  5
FC9
330
1F
100
AcDbEntity
  8
KIRIS (BEYKENT)
100
AcDbLine
 10
2122.519675465765
 20
1084.658560045572
 30
0.0
 11
1857.519675465765
 21
1084.658560045572
 31
0.0
  0
LINE
  5
FCA
330
1F
100
AcDbEntity
  8
KIRIS (BEYKENT)
100
AcDbLine
 10
1857.519675465765
 20
1109.658560045572
 30
0.0
 11
2122.519675465765
 21
1109.658560045572
 31
0.0
  0
LINE
  5
FCB
330
1F
100
AcDbEntity
  8
KIRIS (BEYKENT)
100
AcDbLine
 10
3022.519675465765
 20
1084.658560045572
 30
0.0
 11
2667.519675465765
 21
1084.658560045572
 31
0.0
  0
LINE
  5
FCC
330
1F
100
AcDbEntity
  8
KIRIS (BEYKENT)
100
AcDbLine
 10
2667.519675465765
 20
1109.658560045572
 30
0.0
 11
3022.519675465765
 21
1109.658560045572
 31
0.0
  0
LINE
  5
FCD
330
1F
100
AcDbEntity
  8
KIRIS (BEYKENT)
100
AcDbLine
 10
2637.519675465765
 20
934.6585600455719
 30
0.0
 11
2147.519675465765
 21
934.6585600455719
 31
0.0
  0
LINE
  5
FCE
330
1F
100
AcDbEntity
  8
KIRIS (BEYKENT)
100
AcDbLine
 10
2147.519675465765
 20
964.6585600455718
 30
0.0
 11
2637.519675465765
 21
964.6585600455718
 31
0.0
  0
LINE
  5
FCF
330
1F
100
AcDbEntity
  8
KIRIS (BEYKENT)
100
AcDbLine
 10
1852.519675465764
 20
1539.658560045572
 30
0.0
 11
1852.519675465764
 21
1144.658560045572
 31
0.0
  0
LINE
  5
FD0
330
1F
100
AcDbEntity
  8
KIRIS (BEYKENT)
100
AcDbLine
 10
1827.519675465764
 20
1144.658560045572
 30
0.0
 11
1827.519675465764
 21
1539.658560045572
 31
0.0
  0
LINE
  5
FD1
330
1F
100
AcDbEntity
  8
KIRIS (BEYKENT)
100
AcDbLine
 10
1852.519675465764
 20
2304.658560045572
 30
0.0
 11
1852.519675465764
 21
1909.658560045572
 31
0.0
  0
LINE
  5
FD2
330
1F
100
AcDbEntity
  8
KIRIS (BEYKENT)
100
AcDbLine
 10
1827.519675465764
 20
1909.658560045572
 30
0.0
 11
1827.519675465764
 21
2304.658560045572
 31
0.0
  0
LINE
  5
FD3
330
1F
100
AcDbEntity
  8
KIRIS (BEYKENT)
100
AcDbLine
 10
2147.519675465765
 20
1374.658560045572
 30
0.0
 11
2147.519675465765
 21
1109.658560045572
 31
0.0
  0
LINE
  5
FD4
330
1F
100
AcDbEntity
  8
KIRIS (BEYKENT)
100
AcDbLine
 10
2122.519675465765
 20
1109.658560045572
 30
0.0
 11
2122.519675465765
 21
1374.658560045572
 31
0.0
  0
LINE
  5
FD5
330
1F
100
AcDbEntity
  8
KIRIS (BEYKENT)
100
AcDbLine
 10
2147.519675465765
 20
2339.658560045572
 30
0.0
 11
2147.519675465765
 21
2074.658560045572
 31
0.0
  0
LINE
  5
FD6
330
1F
100
AcDbEntity
  8
KIRIS (BEYKENT)
100
AcDbLine
 10
2122.519675465765
 20
2074.658560045572
 30
0.0
 11
2122.519675465765
 21
2339.658560045572
 31
0.0
  0
LINE
  5
FD7
330
1F
100
AcDbEntity
  8
KIRIS (BEYKENT)
100
AcDbLine
 10
2667.519675465765
 20
1084.658560045572
 30
0.0
 11
2667.519675465765
 21
994.6585600455719
 31
0.0
  0
LINE
  5
FD8
330
1F
100
AcDbEntity
  8
KIRIS (BEYKENT)
100
AcDbLine
 10
2637.519675465765
 20
994.6585600455719
 30
0.0
 11
2637.519675465765
 21
1084.658560045572
 31
0.0
  0
LINE
  5
FD9
330
1F
100
AcDbEntity
  8
KIRIS (BEYKENT)
100
AcDbLine
 10
2667.519675465765
 20
1374.658560045572
 30
0.0
 11
2667.519675465765
 21
1144.658560045572
 31
0.0
  0
LINE
  5
FDA
330
1F
100
AcDbEntity
  8
KIRIS (BEYKENT)
100
AcDbLine
 10
2637.519675465765
 20
1144.658560045572
 30
0.0
 11
2637.519675465765
 21
1374.658560045572
 31
0.0
  0
LINE
  5
FDB
330
1F
100
AcDbEntity
  8
KIRIS (BEYKENT)
100
AcDbLine
 10
2667.519675465765
 20
1619.658560045572
 30
0.0
 11
2667.519675465765
 21
1434.658560045572
 31
0.0
  0
LINE
  5
FDC
330
1F
100
AcDbEntity
  8
KIRIS (BEYKENT)
100
AcDbLine
 10
2637.519675465765
 20
1434.658560045572
 30
0.0
 11
2637.519675465765
 21
1619.658560045572
 31
0.0
  0
LINE
  5
FDD
330
1F
100
AcDbEntity
  8
KIRIS (BEYKENT)
100
AcDbLine
 10
2667.519675465765
 20
2014.658560045572
 30
0.0
 11
2667.519675465765
 21
1829.658560045572
 31
0.0
  0
LINE
  5
FDE
330
1F
100
AcDbEntity
  8
KIRIS (BEYKENT)
100
AcDbLine
 10
2637.519675465765
 20
1829.658560045572
 30
0.0
 11
2637.519675465765
 21
2014.658560045572
 31
0.0
  0
LINE
  5
FDF
330
1F
100
AcDbEntity
  8
KIRIS (BEYKENT)
100
AcDbLine
 10
3052.519675465765
 20
1298.658560045572
 30
0.0
 11
3052.519675465765
 21
1144.658560045572
 31
0.0
  0
LINE
  5
FE0
330
1F
100
AcDbEntity
  8
KIRIS (BEYKENT)
100
AcDbLine
 10
3027.519675465765
 20
1144.658560045572
 30
0.0
 11
3027.519675465765
 21
1298.658560045572
 31
0.0
  0
LINE
  5
FE1
330
1F
100
AcDbEntity
  8
KIRIS (BEYKENT)
100
AcDbLine
 10
3052.519675465765
 20
1589.658560045572
 30
0.0
 11
3052.519675465765
 21
1358.658560045572
 31
0.0
  0
LINE
  5
FE2
330
1F
100
AcDbEntity
  8
KIRIS (BEYKENT)
100
AcDbLine
 10
3027.519675465765
 20
1358.658560045572
 30
0.0
 11
3027.519675465765
 21
1589.658560045572
 31
0.0
  0
LINE
  5
FE3
330
1F
100
AcDbEntity
  8
KIRIS (BEYKENT)
100
AcDbLine
 10
3052.519675465765
 20
1799.658560045572
 30
0.0
 11
3052.519675465765
 21
1649.658560045572
 31
0.0
  0
LINE
  5
FE4
330
1F
100
AcDbEntity
  8
KIRIS (BEYKENT)
100
AcDbLine
 10
3027.519675465765
 20
1649.658560045572
 30
0.0
 11
3027.519675465765
 21
1799.658560045572
 31
0.0
  0
LINE
  5
FE5
330
1F
100
AcDbEntity
  8
KIRIS (BEYKENT)
100
AcDbLine
 10
3052.519675465765
 20
2339.658560045572
 30
0.0
 11
3052.519675465765
 21
1949.658560045572
 31
0.0
  0
LINE
  5
FE6
330
1F
100
AcDbEntity
  8
KIRIS (BEYKENT)
100
AcDbLine
 10
3027.519675465765
 20
1949.658560045572
 30
0.0
 11
3027.519675465765
 21
2339.658560045572
 31
0.0
  0
LINE
  5
FE7
330
1F
100
AcDbEntity
  8
KIRIS (BEYKENT)
100
AcDbLine
 10
3327.519675465764
 20
1799.658560045572
 30
0.0
 11
3327.519675465764
 21
1564.658560045572
 31
0.0
  0
LINE
  5
FE8
330
1F
100
AcDbEntity
  8
KIRIS (BEYKENT)
100
AcDbLine
 10
3302.519675465764
 20
1564.658560045572
 30
0.0
 11
3302.519675465764
 21
1799.658560045572
 31
0.0
  0
LINE
  5
FE9
330
1F
100
AcDbEntity
  8
KIRIS (BEYKENT)
100
AcDbLine
 10
3447.519675465765
 20
2014.658560045572
 30
0.0
 11
3447.519675465765
 21
1824.658560045572
 31
0.0
  0
LINE
  5
FEA
330
1F
100
AcDbEntity
  8
KIRIS (BEYKENT)
100
AcDbLine
 10
3417.519675465765
 20
1824.658560045572
 30
0.0
 11
3417.519675465765
 21
2014.658560045572
 31
0.0
  0
LINE
  5
FEB
330
1F
100
AcDbEntity
  8
KIRIS (BEYKENT)
100
AcDbLine
 10
3627.519675465765
 20
1719.658560045572
 30
0.0
 11
3627.519675465765
 21
1564.658560045572
 31
0.0
  0
LINE
  5
FEC
330
1F
100
AcDbEntity
  8
KIRIS (BEYKENT)
100
AcDbLine
 10
3602.519675465765
 20
1564.658560045572
 30
0.0
 11
3602.519675465765
 21
1719.658560045572
 31
0.0
  0
LINE
  5
FED
330
1F
100
AcDbEntity
  8
KIRIS (BEYKENT)
100
AcDbLine
 10
3962.519675465765
 20
2339.658560045572
 30
0.0
 11
3962.519675465765
 21
2074.658560045572
 31
0.0
  0
LINE
  5
FEE
330
1F
100
AcDbEntity
  8
KIRIS (BEYKENT)
100
AcDbLine
 10
3937.519675465765
 20
2074.658560045572
 30
0.0
 11
3937.519675465765
 21
2339.658560045572
 31
0.0
  0
LINE
  5
FEF
330
1F
100
AcDbEntity
  8
KIRIS (BEYKENT)
100
AcDbLine
 10
4257.519675465764
 20
2304.658560045572
 30
0.0
 11
4257.519675465764
 21
1894.658560045572
 31
0.0
  0
LINE
  5
FF0
330
1F
100
AcDbEntity
  8
KIRIS (BEYKENT)
100
AcDbLine
 10
4232.519675465765
 20
1894.658560045572
 30
0.0
 11
4232.519675465765
 21
2304.658560045572
 31
0.0
  0
LWPOLYLINE
  5
1031
102
{ACAD_REACTORS
330
C0A
102
}
330
1F
100
AcDbEntity
  8
KOLON (BEYKENT)
100
AcDbPolyline
 90
        4
 70
     1
 43
0.0
 10
2122.519675465765
 20
2339.658560045572
 10
2147.519675465765
 20
2339.658560045572
 10
2147.519675465765
 20
2514.658560045572
 10
2122.519675465765
 20
2514.658560045572
  0
LWPOLYLINE
  5
1034
102
{ACAD_REACTORS
330
C0B
102
}
330
1F
100
AcDbEntity
  8
KOLON (BEYKENT)
100
AcDbPolyline
 90
        4
 70
     1
 43
0.0
 10
2637.519675465765
 20
2454.658560045572
 10
2667.519675465765
 20
2454.658560045572
 10
2667.519675465765
 20
2514.658560045572
 10
2637.519675465765
 20
2514.658560045572
  0
LWPOLYLINE
  5
1037
102
{ACAD_REACTORS
330
C0C
102
}
330
1F
100
AcDbEntity
  8
KOLON (BEYKENT)
100
AcDbPolyline
 90
        4
 70
     1
 43
0.0
 10
3027.519675465765
 20
2339.658560045572
 10
3052.519675465765
 20
2339.658560045572
 10
3052.519675465765
 20
2514.658560045572
 10
3027.519675465765
 20
2514.658560045572
  0
LWPOLYLINE
  5
103A
102
{ACAD_REACTORS
330
C0D
102
}
330
1F
100
AcDbEntity
  8
KOLON (BEYKENT)
100
AcDbPolyline
 90
        4
 70
     1
 43
0.0
 10
3417.519675465765
 20
2454.658560045572
 10
3447.519675465765
 20
2454.658560045572
 10
3447.519675465765
 20
2514.658560045572
 10
3417.519675465765
 20
2514.658560045572
  0
LWPOLYLINE
  5
103D
102
{ACAD_REACTORS
330
C0E
102
}
330
1F
100
AcDbEntity
  8
KOLON (BEYKENT)
100
AcDbPolyline
 90
        4
 70
     1
 43
0.0
 10
3937.519675465765
 20
2339.658560045572
 10
3962.519675465765
 20
2339.658560045572
 10
3962.519675465765
 20
2514.658560045572
 10
3937.519675465765
 20
2514.658560045572
  0
LWPOLYLINE
  5
1040
102
{ACAD_REACTORS
330
C0F
102
}
330
1F
100
AcDbEntity
  8
KOLON (BEYKENT)
100
AcDbPolyline
 90
        4
 70
     1
 43
0.0
 10
1827.519675465764
 20
2304.658560045572
 10
1857.519675465765
 20
2304.658560045572
 10
1857.519675465765
 20
2364.658560045572
 10
1827.519675465764
 20
2364.658560045572
  0
LWPOLYLINE
  5
1043
102
{ACAD_REACTORS
330
C10
102
}
330
1F
100
AcDbEntity
  8
KOLON (BEYKENT)
100
AcDbPolyline
 90
        4
 70
     1
 43
0.0
 10
4227.519675465765
 20
2304.658560045572
 10
4257.519675465764
 20
2304.658560045572
 10
4257.519675465764
 20
2364.658560045572
 10
4227.519675465765
 20
2364.658560045572
  0
LWPOLYLINE
  5
1046
102
{ACAD_REACTORS
330
C11
102
}
330
1F
100
AcDbEntity
  8
KOLON (BEYKENT)
100
AcDbPolyline
 90
        4
 70
     1
 43
0.0
 10
2122.519675465765
 20
2014.658560045572
 10
2152.519675465764
 20
2014.658560045572
 10
2152.519675465764
 20
2074.658560045572
 10
2122.519675465765
 20
2074.658560045572
  0
LWPOLYLINE
  5
1049
102
{ACAD_REACTORS
330
C12
102
}
330
1F
100
AcDbEntity
  8
KOLON (BEYKENT)
100
AcDbPolyline
 90
        4
 70
     1
 43
0.0
 10
2637.519675465765
 20
2014.658560045572
 10
2667.519675465765
 20
2014.658560045572
 10
2667.519675465765
 20
2074.658560045572
 10
2637.519675465765
 20
2074.658560045572
  0
LWPOLYLINE
  5
104C
102
{ACAD_REACTORS
330
C13
102
}
330
1F
100
AcDbEntity
  8
KOLON (BEYKENT)
100
AcDbPolyline
 90
        4
 70
     1
 43
0.0
 10
3417.519675465765
 20
2014.658560045572
 10
3447.519675465765
 20
2014.658560045572
 10
3447.519675465765
 20
2074.658560045572
 10
3417.519675465765
 20
2074.658560045572
  0
LWPOLYLINE
  5
104F
102
{ACAD_REACTORS
330
C14
102
}
330
1F
100
AcDbEntity
  8
KOLON (BEYKENT)
100
AcDbPolyline
 90
        4
 70
     1
 43
0.0
 10
3932.519675465766
 20
2014.658560045572
 10
3962.519675465765
 20
2014.658560045572
 10
3962.519675465765
 20
2074.658560045572
 10
3932.519675465766
 20
2074.658560045572
  0
LWPOLYLINE
  5
1052
102
{ACAD_REACTORS
330
C15
102
}
330
1F
100
AcDbEntity
  8
KOLON (BEYKENT)
100
AcDbPolyline
 90
        4
 70
     1
 43
0.0
 10
1827.519675465764
 20
1884.658560045572
 10
1982.519675465765
 20
1884.658560045572
 10
1982.519675465765
 20
1909.658560045572
 10
1827.519675465764
 20
1909.658560045572
  0
LWPOLYLINE
  5
1055
102
{ACAD_REACTORS
330
C16
102
}
330
1F
100
AcDbEntity
  8
KOLON (BEYKENT)
100
AcDbPolyline
 90
        4
 70
     1
 43
0.0
 10
3602.519675465765
 20
1719.658560045572
 10
3627.519675465765
 20
1719.658560045572
 10
3627.519675465765
 20
1894.658560045572
 10
3602.519675465765
 20
1894.658560045572
  0
LWPOLYLINE
  5
1058
102
{ACAD_REACTORS
330
C17
102
}
330
1F
100
AcDbEntity
  8
KOLON (BEYKENT)
100
AcDbPolyline
 90
        4
 70
     1
 43
0.0
 10
4107.519675465765
 20
1869.658560045572
 10
4257.519675465764
 20
1869.658560045572
 10
4257.519675465764
 20
1894.658560045572
 10
4107.519675465765
 20
1894.658560045572
  0
LWPOLYLINE
  5
105B
102
{ACAD_REACTORS
330
C18
102
}
330
1F
100
AcDbEntity
  8
KOLON (BEYKENT)
100
AcDbPolyline
 90
        4
 70
     1
 43
0.0
 10
2637.519675465765
 20
1799.658560045572
 10
2697.519675465765
 20
1799.658560045572
 10
2697.519675465765
 20
1829.658560045572
 10
2637.519675465765
 20
1829.658560045572
  0
LWPOLYLINE
  5
105E
102
{ACAD_REACTORS
330
C19
102
}
330
1F
100
AcDbEntity
  8
KOLON (BEYKENT)
100
AcDbPolyline
 90
        4
 70
     1
 43
0.0
 10
3027.519675465765
 20
1799.658560045572
 10
3052.519675465765
 20
1799.658560045572
 10
3052.519675465765
 20
1949.658560045572
 10
3027.519675465765
 20
1949.658560045572
  0
LWPOLYLINE
  5
1061
102
{ACAD_REACTORS
330
C1A
102
}
330
1F
100
AcDbEntity
  8
KOLON (BEYKENT)
100
AcDbPolyline
 90
        4
 70
     1
 43
0.0
 10
3297.519675465764
 20
1799.658560045572
 10
3447.519675465765
 20
1799.658560045572
 10
3447.519675465765
 20
1824.658560045572
 10
3297.519675465764
 20
1824.658560045572
  0
LWPOLYLINE
  5
1064
102
{ACAD_REACTORS
330
C1B
102
}
330
1F
100
AcDbEntity
  8
KOLON (BEYKENT)
100
AcDbPolyline
 90
        4
 70
     1
 43
0.0
 10
2457.519775465769
 20
1624.658560045572
 10
2482.51977546577
 20
1624.658560045572
 10
2482.51977546577
 20
1824.658560045572
 10
2457.519775465769
 20
1824.658560045572
  0
LWPOLYLINE
  5
1067
102
{ACAD_REACTORS
330
C1C
102
}
330
1F
100
AcDbEntity
  8
KOLON (BEYKENT)
100
AcDbPolyline
 90
        4
 70
     1
 43
0.0
 10
2637.519675465765
 20
1619.658560045572
 10
2697.519675465765
 20
1619.658560045572
 10
2697.519675465765
 20
1649.658560045572
 10
2637.519675465765
 20
1649.658560045572
  0
LWPOLYLINE
  5
106A
102
{ACAD_REACTORS
330
C1D
102
}
330
1F
100
AcDbEntity
  8
KOLON (BEYKENT)
100
AcDbPolyline
 90
        4
 70
     1
 43
0.0
 10
3022.519675465765
 20
1589.658560045572
 10
3052.519675465765
 20
1589.658560045572
 10
3052.519675465765
 20
1649.658560045572
 10
3022.519675465765
 20
1649.658560045572
  0
LWPOLYLINE
  5
106D
102
{ACAD_REACTORS
330
C1E
102
}
330
1F
100
AcDbEntity
  8
KOLON (BEYKENT)
100
AcDbPolyline
 90
        4
 70
     1
 43
0.0
 10
1827.519675465764
 20
1539.658560045572
 10
1982.519675465765
 20
1539.658560045572
 10
1982.519675465765
 20
1564.658560045572
 10
1827.519675465764
 20
1564.658560045572
  0
LWPOLYLINE
  5
1070
102
{ACAD_REACTORS
330
C1F
102
}
330
1F
100
AcDbEntity
  8
KOLON (BEYKENT)
100
AcDbPolyline
 90
        6
 70
     1
 43
0.0
 10
3552.519728871526
 20
1539.658680045572
 10
3627.519725465768
 20
1539.658680045572
 10
3627.519725465768
 20
1564.658560045572
 10
3527.519855465767
 20
1564.658560045572
 10
3527.519855465767
 20
1298.658660045573
 10
3552.519728871526
 20
1298.658660045573
  0
LWPOLYLINE
  5
1072
102
{ACAD_REACTORS
330
C20
102
}
330
1F
100
AcDbEntity
  8
KOLON (BEYKENT)
100
AcDbPolyline
 90
        4
 70
     1
 43
0.0
 10
2122.519675465765
 20
1374.658560045572
 10
2152.519675465764
 20
1374.658560045572
 10
2152.519675465764
 20
1434.658560045572
 10
2122.519675465765
 20
1434.658560045572
  0
LWPOLYLINE
  5
1075
102
{ACAD_REACTORS
330
C21
102
}
330
1F
100
AcDbEntity
  8
KOLON (BEYKENT)
100
AcDbPolyline
 90
        4
 70
     1
 43
0.0
 10
2637.519675465765
 20
1374.658560045572
 10
2667.519675465765
 20
1374.658560045572
 10
2667.519675465765
 20
1434.658560045572
 10
2637.519675465765
 20
1434.658560045572
  0
LWPOLYLINE
  5
1078
102
{ACAD_REACTORS
330
C22
102
}
330
1F
100
AcDbEntity
  8
KOLON (BEYKENT)
100
AcDbPolyline
 90
        4
 70
     1
 43
0.0
 10
3022.519675465765
 20
1298.658560045572
 10
3052.519675465765
 20
1298.658560045572
 10
3052.519675465765
 20
1358.658560045572
 10
3022.519675465765
 20
1358.658560045572
  0
LWPOLYLINE
  5
107B
102
{ACAD_REACTORS
330
C23
102
}
330
1F
100
AcDbEntity
  8
KOLON (BEYKENT)
100
AcDbPolyline
 90
        4
 70
     1
 43
0.0
 10
3302.519675465764
 20
1298.658560045572
 10
3327.519675465764
 20
1298.658560045572
 10
3327.519675465764
 20
1564.658560045572
 10
3302.519675465764
 20
1564.658560045572
  0
LWPOLYLINE
  5
107E
102
{ACAD_REACTORS
330
C24
102
}
330
1F
100
AcDbEntity
  8
KOLON (BEYKENT)
100
AcDbPolyline
 90
        4
 70
     1
 43
0.0
 10
1827.519675465764
 20
1084.658560045572
 10
1857.519675465765
 20
1084.658560045572
 10
1857.519675465765
 20
1144.658560045572
 10
1827.519675465764
 20
1144.658560045572
  0
LWPOLYLINE
  5
1081
102
{ACAD_REACTORS
330
C25
102
}
330
1F
100
AcDbEntity
  8
KOLON (BEYKENT)
100
AcDbPolyline
 90
        4
 70
     1
 43
0.0
 10
2637.519675465765
 20
1084.658560045572
 10
2667.519675465765
 20
1084.658560045572
 10
2667.519675465765
 20
1144.658560045572
 10
2637.519675465765
 20
1144.658560045572
  0
LWPOLYLINE
  5
1084
102
{ACAD_REACTORS
330
C26
102
}
330
1F
100
AcDbEntity
  8
KOLON (BEYKENT)
100
AcDbPolyline
 90
        4
 70
     1
 43
0.0
 10
3022.519675465765
 20
1084.658560045572
 10
3052.519675465765
 20
1084.658560045572
 10
3052.519675465765
 20
1144.658560045572
 10
3022.519675465765
 20
1144.658560045572
  0
LWPOLYLINE
  5
1087
102
{ACAD_REACTORS
330
C27
102
}
330
1F
100
AcDbEntity
  8
KOLON (BEYKENT)
100
AcDbPolyline
 90
        4
 70
     1
 43
0.0
 10
2122.519675465765
 20
934.6585600455719
 10
2147.519675465765
 20
934.6585600455719
 10
2147.519675465765
 20
1109.658560045572
 10
2122.519675465765
 20
1109.658560045572
  0
LWPOLYLINE
  5
108A
102
{ACAD_REACTORS
330
C28
102
}
330
1F
100
AcDbEntity
  8
KOLON (BEYKENT)
100
AcDbPolyline
 90
        4
 70
     1
 43
0.0
 10
2637.519675465765
 20
934.6585600455719
 10
2667.519675465765
 20
934.6585600455719
 10
2667.519675465765
 20
994.6585600455719
 10
2637.519675465765
 20
994.6585600455719
  0
ENDSEC
  0
SECTION
  2
OBJECTS
  0
DICTIONARY
  5
C
330
0
100
AcDbDictionary
281
     1
  3
ACAD_CIP_PREVIOUS_PRODUCT_INFO
350
216
  3
ACAD_COLOR
350
6B
  3
ACAD_DETAILVIEWSTYLE
350
21B
  3
ACAD_GROUP
350
D
  3
ACAD_LAYOUT
350
1A
  3
ACAD_MATERIAL
350
6A
  3
ACAD_MLEADERSTYLE
350
12D
  3
ACAD_MLINESTYLE
350
17
  3
ACAD_PLOTSETTINGS
350
19
  3
ACAD_PLOTSTYLENAME
350
E
  3
ACAD_SCALELIST
350
10C
  3
ACAD_SECTIONVIEWSTYLE
350
219
  3
ACAD_TABLESTYLE
350
7E
  3
ACAD_VISUALSTYLE
350
EF
  3
ACDB_RECOMPOSE_DATA
350
1884
  3
ACDBVARIABLEDICTIONARY
350
760
  0
DICTIONARY
  5
1FF
330
2
100
AcDbDictionary
280
     1
281
     1
  3
ACAD_LAYERSTATES
360
200
  0
DICTIONARY
  5
13C
330
10
100
AcDbDictionary
280
     1
281
     1
  0
DICTIONARY
  5
1CE
330
1F
100
AcDbDictionary
280
     1
281
     1
  0
XRECORD
  5
216
102
{ACAD_REACTORS
330
C
102
}
330
C
100
AcDbXrecord
280
     1
300
ACD
300
2023
300

  0
DICTIONARY
  5
6B
102
{ACAD_REACTORS
330
C
102
}
330
C
100
AcDbDictionary
281
     1
  0
DICTIONARY
  5
21B
102
{ACAD_REACTORS
330
C
102
}
330
C
100
AcDbDictionary
281
     1
  3
Metric50
350
21C
  0
DICTIONARY
  5
D
102
{ACAD_REACTORS
330
C
102
}
330
C
100
AcDbDictionary
281
     1
  0
DICTIONARY
  5
1A
102
{ACAD_REACTORS
330
C
102
}
330
C
100
AcDbDictionary
281
     1
  3
Layout1
350
D3
  3
Layout2
350
D7
  3
Model
350
22
  0
DICTIONARY
  5
6A
102
{ACAD_REACTORS
330
C
102
}
330
C
100
AcDbDictionary
281
     1
  3
ByBlock
350
ED
  3
ByLayer
350
EC
  3
Global
350
EE
  0
DICTIONARY
  5
12D
102
{ACAD_REACTORS
330
C
102
}
330
C
100
AcDbDictionary
281
     1
  3
Annotative
350
13B
  3
Standard
350
12E
  0
DICTIONARY
  5
17
102
{ACAD_REACTORS
330
C
102
}
330
C
100
AcDbDictionary
281
     1
  3
Standard
350
18
  0
DICTIONARY
  5
19
102
{ACAD_REACTORS
330
C
102
}
330
C
100
AcDbDictionary
281
     1
  0
ACDBDICTIONARYWDFLT
  5
E
102
{ACAD_REACTORS
330
C
102
}
330
C
100
AcDbDictionary
281
     1
  3
Normal
350
F
100
AcDbDictionaryWithDefault
340
F
  0
DICTIONARY
  5
10C
102
{ACAD_REACTORS
330
C
102
}
330
C
100
AcDbDictionary
281
     1
  3
A0
350
10D
  3
A1
350
1BE
  3
A2
350
1BF
  3
A3
350
1C0
  3
A4
350
1C1
  3
A5
350
1C2
  3
A6
350
1C3
  3
A7
350
1C4
  3
A8
350
1C5
  3
A9
350
1C6
  3
B0
350
1C7
  3
B1
350
1C8
  3
B2
350
1C9
  3
B3
350
1CA
  3
B4
350
1CB
  3
B5
350
1CC
  3
B6
350
1CD
  0
DICTIONARY
  5
219
102
{ACAD_REACTORS
330
C
102
}
330
C
100
AcDbDictionary
281
     1
  3
Metric50
350
21A
  0
DICTIONARY
  5
7E
102
{ACAD_REACTORS
330
C
102
}
330
C
100
AcDbDictionary
281
     1
  3
Standard
350
7F
  0
DICTIONARY
  5
EF
102
{ACAD_REACTORS
330
C
102
}
330
C
100
AcDbDictionary
281
     1
  3
2dWireframe
350
F5
  3
Basic
350
F4
  3
Brighten
350
FB
  3
ColorChange
350
FF
  3
Conceptual
350
F8
  3
Dim
350
FA
  3
EdgeColorOff
350
1E6
  3
Facepattern
350
FE
  3
Flat
350
F0
  3
FlatWithEdges
350
F1
  3
Gouraud
350
F2
  3
GouraudWithEdges
350
F3
  3
Hidden
350
F7
  3
JitterOff
350
1E4
  3
Linepattern
350
FD
  3
OverhangOff
350
1E5
  3
Realistic
350
F9
  3
Shaded
350
1F3
  3
Shaded with edges
350
1F2
  3
Shades of Gray
350
1EF
  3
Sketchy
350
1F0
  3
Thicken
350
FC
  3
Wireframe
350
F6
  3
X-Ray
350
1F1
  0
XRECORD
  5
1884
102
{ACAD_REACTORS
330
C
102
}
330
C
100
AcDbXrecord
280
     1
 90
        1
330
7F
  0
DICTIONARY
  5
760
102
{ACAD_REACTORS
330
C
102
}
330
C
100
AcDbDictionary
281
     2
  3
#COMPAREDIFFTOTAL
350
761
  3
#REVCLOUDAPPROXARCLEN
350
762
  3
ANNOALLVISIBLE
350
763
  3
CANNOSCALE
350
764
  3
CMLEADERSTYLE
350
765
  3
CTABLESTYLE
350
766
  3
CVIEWDETAILSTYLE
350
767
  3
CVIEWSECTIONSTYLE
350
768
  3
DIMADEC
350
769
  3
DIMASSOC
350
76A
  3
DIMLAYER
350
76B
  3
EXPORTPAPERSPACE
350
76C
  3
FIELDEVAL
350
76D
  3
HIDETEXT
350
76E
  3
HPCOLOR
350
76F
  3
HPINHERIT
350
770
  3
HPLAYER
350
771
  3
HPTRANSPARENCY
350
772
  3
INDEXCTL
350
773
  3
LAYEREVAL
350
774
  3
LAYERNOTIFY
350
775
  3
LIGHTINGUNITS
350
776
  3
MLEADERSCALE
350
778
  3
MSLTSCALE
350
779
  3
OLEFRAME
350
77A
  3
PDFFRAME
350
77B
  3
SOLIDHIST
350
77C
  3
SORTENTS
350
77D
  0
DICTIONARY
  5
200
102
{ACAD_REACTORS
330
1FF
102
}
330
1FF
100
AcDbDictionary
281
     1
  0
ACDBDETAILVIEWSTYLE
  5
21C
102
{ACAD_REACTORS
330
21B
102
}
330
21B
100
AcDbModelDocViewStyle
 70
     0
  3
Metric50
290
     0
300
Metric50
 90
        0
100
AcDbDetailViewStyle
 70
     0
 71
     0
 90
        3
 71
     1
340
11
 62
   256
 40
5.0
340
0
 62
   256
 40
5.0
300

 40
0.0
280
     1
 71
     2
340
16
 90
       25
 62
   256
 71
     3
340
11
 62
   256
 40
5.0
 90
        0
 40
15.0
 90
        1
300
%<\AcVar ViewDetailId>% (%<\AcVar ViewScale \f "%sn">%)
 71
     4
340
16
 90
       25
 62
   256
340
16
 90
       25
 62
   256
280
     0
  0
LAYOUT
  5
D3
102
{ACAD_REACTORS
330
1A
102
}
330
1A
100
AcDbPlotSettings
  1

  2
C:\Documents and Settings\basas\Application Data\Autodesk\AutoCAD 2005\R16.1\enu\plotters\Default Windows System Printer.pc3
  4

  6

 40
0.0
 41
0.0
 42
0.0
 43
0.0
 44
0.0
 45
0.0
 46
0.0
 47
0.0
 48
0.0
 49
0.0
140
0.0
141
0.0
142
1.0
143
1.0
 70
   688
 72
     0
 73
     0
 74
     5
  7

 75
    16
147
1.0
 76
     0
 77
     2
 78
   300
148
0.0
149
0.0
100
AcDbLayout
  1
Layout1
 70
     1
 71
     1
 10
0.0
 20
0.0
 11
12.0
 21
9.0
 12
0.0
 22
0.0
 32
0.0
 14
0.0
 24
0.0
 34
0.0
 15
0.0
 25
0.0
 35
0.0
146
0.0
 13
0.0
 23
0.0
 33
0.0
 16
1.0
 26
0.0
 36
0.0
 17
0.0
 27
1.0
 37
0.0
 76
     0
330
D2
  0
LAYOUT
  5
D7
102
{ACAD_REACTORS
330
1A
102
}
330
1A
100
AcDbPlotSettings
  1

  2
C:\Documents and Settings\basas\Application Data\Autodesk\AutoCAD 2005\R16.1\enu\plotters\Default Windows System Printer.pc3
  4

  6

 40
0.0
 41
0.0
 42
0.0
 43
0.0
 44
0.0
 45
0.0
 46
0.0
 47
0.0
 48
0.0
 49
0.0
140
0.0
141
0.0
142
1.0
143
1.0
 70
   688
 72
     0
 73
     0
 74
     5
  7

 75
    16
147
1.0
 76
     0
 77
     2
 78
   300
148
0.0
149
0.0
100
AcDbLayout
  1
Layout2
 70
     1
 71
     2
 10
0.0
 20
0.0
 11
12.0
 21
9.0
 12
0.0
 22
0.0
 32
0.0
 14
0.0
 24
0.0
 34
0.0
 15
0.0
 25
0.0
 35
0.0
146
0.0
 13
0.0
 23
0.0
 33
0.0
 16
1.0
 26
0.0
 36
0.0
 17
0.0
 27
1.0
 37
0.0
 76
     0
330
D6
  0
LAYOUT
  5
22
102
{ACAD_XDICTIONARY
360
205
102
}
102
{ACAD_REACTORS
330
1A
102
}
330
1A
100
AcDbPlotSettings
  1

  2
none_device
  4
ISO_A4_(210.00_x_297.00_MM)
  6

 40
7.5
 41
20.0
 42
7.5
 43
20.0
 44
210.0
 45
297.0
 46
11.54999923706054
 47
-13.65000009536743
 48
0.0
 49
0.0
140
0.0
141
0.0
142
1.0
143
8.704084754739808
 70
 11952
 72
     1
 73
     0
 74
     0
  7

 75
     0
147
0.1148885871608098
 76
     0
 77
     2
 78
   300
148
0.0
149
0.0
100
AcDbLayout
  1
Model
 70
     1
 71
     0
 10
0.0
 20
0.0
 11
12.0
 21
9.0
 12
0.0
 22
0.0
 32
0.0
 14
0.0
 24
0.0
 34
0.0
 15
0.0
 25
0.0
 35
0.0
146
0.0
 13
0.0
 23
0.0
 33
0.0
 16
1.0
 26
0.0
 36
0.0
 17
0.0
 27
1.0
 37
0.0
 76
     0
330
1F
331
EA
1001
ACAD_PSEXT
1000
None
1000
None
1000
Not applicable
1000
The layout will not be plotted unless a new plotter configuration name is selected.
1070
     0
  0
MATERIAL
  5
ED
102
{ACAD_XDICTIONARY
360
1F9
102
}
102
{ACAD_REACTORS
330
6A
102
}
330
6A
100
AcDbMaterial
  1
ByBlock
 94
       63
  0
MATERIAL
  5
EC
102
{ACAD_XDICTIONARY
360
1F7
102
}
102
{ACAD_REACTORS
330
6A
102
}
330
6A
100
AcDbMaterial
  1
ByLayer
 94
       63
  0
MATERIAL
  5
EE
102
{ACAD_XDICTIONARY
360
173
102
}
102
{ACAD_REACTORS
330
6A
102
}
330
6A
100
AcDbMaterial
  1
Global
 43
0.0007999999797903
 43
0.0
 43
0.0
 43
0.0
 43
0.0
 43
0.0007999999797903
 43
0.0
 43
0.0
 43
0.0
 43
0.0
 43
1.0
 43
0.0
 43
0.0
 43
0.0
 43
0.0
 43
1.0
 49
0.0007999999797903
 49
0.0
 49
0.0
 49
0.0
 49
0.0
 49
0.0007999999797903
 49
0.0
 49
0.0
 49
0.0
 49
0.0
 49
1.0
 49
0.0
 49
0.0
 49
0.0
 49
0.0
 49
1.0
142
0.0007999999797903
142
0.0
142
0.0
142
0.0
142
0.0
142
0.0007999999797903
142
0.0
142
0.0
142
0.0
142
0.0
142
1.0
142
0.0
142
0.0
142
0.0
142
0.0
142
1.0
144
0.0007999999797903
144
0.0
144
0.0
144
0.0
144
0.0
144
0.0007999999797903
144
0.0
144
0.0
144
0.0
144
0.0
144
1.0
144
0.0
144
0.0
144
0.0
144
0.0
144
1.0
 94
       63
1001
ACAD
1070
    -1
1070
     3
1070
     0
1000

1071
        0
1070
     0
  0
MLEADERSTYLE
  5
13B
102
{ACAD_REACTORS
330
12D
102
}
330
12D
100
AcDbMLeaderStyle
179
     2
170
     2
171
     1
172
     0
 90
        2
 40
0.0
 41
0.0
173
     1
 91
-1056964608
340
14
 92
       -2
290
     1
 42
2.0
291
     1
 43
8.0
  3
Standard
 44
4.0
300

342
11
174
     1
178
     1
175
     1
176
     0
 93
-1056964608
 45
4.0
292
     0
297
     0
 46
4.0
 94
-1056964608
 47
1.0
 49
1.0
140
1.0
293
     1
141
0.0
294
     1
177
     0
142
1.0
295
     0
296
     1
143
3.75
271
     0
272
     9
273
     9
298
     0
  0
MLEADERSTYLE
  5
12E
102
{ACAD_REACTORS
330
12D
102
}
330
12D
100
AcDbMLeaderStyle
179
     2
170
     2
171
     1
172
     0
 90
        2
 40
0.0
 41
0.0
173
     1
 91
-1056964608
340
14
 92
       -2
290
     1
 42
2.0
291
     1
 43
8.0
  3
Standard
 44
4.0
300

342
11
174
     1
178
     1
175
     1
176
     0
 93
-1056964608
 45
4.0
292
     0
297
     0
 46
4.0
 94
-1056964608
 47
1.0
 49
1.0
140
1.0
293
     1
141
0.0
294
     1
177
     0
142
1.0
295
     0
296
     0
143
3.75
271
     0
272
     9
273
     9
298
     0
  0
MLINESTYLE
  5
18
102
{ACAD_REACTORS
330
17
102
}
330
17
100
AcDbMlineStyle
  2
STANDARD
 70
     0
  3

 62
   256
 51
90.0
 52
90.0
 71
     2
 49
0.5
 62
   256
  6
BYLAYER
 49
-0.5
 62
   256
  6
BYLAYER
  0
ACDBPLACEHOLDER
  5
F
102
{ACAD_REACTORS
330
E
102
}
330
E
  0
SCALE
  5
10D
102
{ACAD_REACTORS
330
10C
102
}
330
10C
100
AcDbScale
 70
     0
300
1:1
140
1.0
141
1.0
290
     1
  0
SCALE
  5
1BE
102
{ACAD_REACTORS
330
10C
102
}
330
10C
100
AcDbScale
 70
     0
300
1:2
140
1.0
141
2.0
290
     0
  0
SCALE
  5
1BF
102
{ACAD_REACTORS
330
10C
102
}
330
10C
100
AcDbScale
 70
     0
300
1:4
140
1.0
141
4.0
290
     0
  0
SCALE
  5
1C0
102
{ACAD_REACTORS
330
10C
102
}
330
10C
100
AcDbScale
 70
     0
300
1:5
140
1.0
141
5.0
290
     0
  0
SCALE
  5
1C1
102
{ACAD_REACTORS
330
10C
102
}
330
10C
100
AcDbScale
 70
     0
300
1:8
140
1.0
141
8.0
290
     0
  0
SCALE
  5
1C2
102
{ACAD_REACTORS
330
10C
102
}
330
10C
100
AcDbScale
 70
     0
300
1:10
140
1.0
141
10.0
290
     0
  0
SCALE
  5
1C3
102
{ACAD_REACTORS
330
10C
102
}
330
10C
100
AcDbScale
 70
     0
300
1:16
140
1.0
141
16.0
290
     0
  0
SCALE
  5
1C4
102
{ACAD_REACTORS
330
10C
102
}
330
10C
100
AcDbScale
 70
     0
300
1:20
140
1.0
141
20.0
290
     0
  0
SCALE
  5
1C5
102
{ACAD_REACTORS
330
10C
102
}
330
10C
100
AcDbScale
 70
     0
300
1:30
140
1.0
141
30.0
290
     0
  0
SCALE
  5
1C6
102
{ACAD_REACTORS
330
10C
102
}
330
10C
100
AcDbScale
 70
     0
300
1:40
140
1.0
141
40.0
290
     0
  0
SCALE
  5
1C7
102
{ACAD_REACTORS
330
10C
102
}
330
10C
100
AcDbScale
 70
     0
300
1:50
140
1.0
141
50.0
290
     0
  0
SCALE
  5
1C8
102
{ACAD_REACTORS
330
10C
102
}
330
10C
100
AcDbScale
 70
     0
300
1:100
140
1.0
141
100.0
290
     0
  0
SCALE
  5
1C9
102
{ACAD_REACTORS
330
10C
102
}
330
10C
100
AcDbScale
 70
     0
300
2:1
140
2.0
141
1.0
290
     0
  0
SCALE
  5
1CA
102
{ACAD_REACTORS
330
10C
102
}
330
10C
100
AcDbScale
 70
     0
300
4:1
140
4.0
141
1.0
290
     0
  0
SCALE
  5
1CB
102
{ACAD_REACTORS
330
10C
102
}
330
10C
100
AcDbScale
 70
     0
300
8:1
140
8.0
141
1.0
290
     0
  0
SCALE
  5
1CC
102
{ACAD_REACTORS
330
10C
102
}
330
10C
100
AcDbScale
 70
     0
300
10:1
140
10.0
141
1.0
290
     0
  0
SCALE
  5
1CD
102
{ACAD_REACTORS
330
10C
102
}
330
10C
100
AcDbScale
 70
     0
300
100:1
140
100.0
141
1.0
290
     0
  0
ACDBSECTIONVIEWSTYLE
  5
21A
102
{ACAD_REACTORS
330
219
102
}
330
219
100
AcDbModelDocViewStyle
 70
     0
  3
Metric50
290
     0
300
Metric50
 90
        0
100
AcDbSectionViewStyle
 70
     0
 71
     0
 90
      102
 71
     1
340
11
 62
   256
 40
5.0
340
0
340
0
 62
   256
 40
5.0
300
I, O, Q, S, X, Z
 40
10.0
 90
        0
 40
2.5
 90
        0
 71
     2
340
16
 90
       25
 62
   256
340
16
 90
       50
 62
   256
 40
5.0
 40
2.5
 40
5.0
 71
     3
340
11
 62
   256
 40
5.0
 90
        0
 40
15.0
 90
        1
300
%<\AcVar ViewSectionStartId>%-%<\AcVar ViewSectionEndId>% (%<\AcVar ViewScale \f "%sn">%)
 71
     4
 62
   256
 62
   257
300
ANSI31
 40
1.0
 90
        0
290
     0
290
     0
 90
        6
 40
0.0
 40
1.570796326794896
 40
0.2617993877991494
 40
1.308996938995747
 40
-0.2617993877991494
 40
1.832595714594045
  0
TABLESTYLE
  5
7F
102
{ACAD_XDICTIONARY
360
162
102
}
102
{ACAD_REACTORS
330
7E
102
}
330
7E
100
AcDbTableStyle
280
     0
  3
Standard
 70
     0
 71
     0
 40
1.5
 41
1.5
280
     0
281
     0
  7
Standard
140
4.5
170
     2
 62
     0
 63
     7
283
     0
 90
      512
 91
        0
  1

274
    -2
284
     1
 64
     0
275
    -2
285
     1
 65
     0
276
    -2
286
     1
 66
     0
277
    -2
287
     1
 67
     0
278
    -2
288
     1
 68
     0
279
    -2
289
     1
 69
     0
  7
Standard
140
6.0
170
     5
 62
     0
 63
     7
283
     0
 90
      512
 91
        0
  1

274
    -2
284
     1
 64
     0
275
    -2
285
     1
 65
     0
276
    -2
286
     1
 66
     0
277
    -2
287
     1
 67
     0
278
    -2
288
     1
 68
     0
279
    -2
289
     1
 69
     0
  7
Standard
140
4.5
170
     5
 62
     0
 63
     7
283
     0
 90
      512
 91
        0
  1

274
    -2
284
     1
 64
     0
275
    -2
285
     1
 65
     0
276
    -2
286
     1
 66
     0
277
    -2
287
     1
 67
     0
278
    -2
288
     1
 68
     0
279
    -2
289
     1
 69
     0
  0
VISUALSTYLE
  5
F5
102
{ACAD_REACTORS
330
EF
102
}
330
EF
100
AcDbVisualStyle
  2
2dWireframe
 70
     4
177
     3
291
     0
 70
    58
 90
        0
176
     1
 90
        2
176
     1
 90
        1
176
     1
 90
        0
176
     1
 40
0.6
176
     1
 40
30.0
176
     1
 62
     7
420
 16777215
176
     1
 90
        1
176
     1
 90
        4
176
     1
 62
     7
176
     1
 62
   257
176
     1
 90
        1
176
     1
 90
        1
176
     1
 40
1.0
176
     1
 90
        0
176
     1
 62
   257
176
     1
 40
1.0
176
     1
 90
        1
176
     1
 90
        6
176
     1
 90
        2
176
     1
 62
     7
176
     1
 90
        5
176
     1
 90
        0
176
     1
 90
        0
176
     1
290
     0
176
     1
 90
        1
176
     1
 40
0.0
176
     1
 90
        0
176
     1
290
     1
176
     1
290
     1
176
     1
290
     0
176
     1
290
     0
176
     1
290
     0
176
     1
290
     0
176
     1
290
     0
176
     1
290
     0
176
     1
290
     0
176
     1
 90
       50
176
     1
 40
0.0
176
     1
 40
1.0
176
     1
 90
        0
176
     1
 62
    18
176
     1
 90
       50
176
     1
 90
        3
176
     1
 62
     5
420
      255
176
     1
290
     0
176
     1
 90
       50
176
     1
 90
       50
176
     1
 90
       50
176
     1
290
     0
176
     1
 90
       50
176
     1
 62
   256
176
     0
 40
1.0
176
     0
 90
        2
176
     1
  1
strokes_ogs.tif
176
     1
290
     0
176
     1
 40
1.0
176
     1
 40
1.0
176
     1
  0
VISUALSTYLE
  5
F4
102
{ACAD_REACTORS
330
EF
102
}
330
EF
100
AcDbVisualStyle
  2
Basic
 70
     7
177
     3
291
     1
 70
    58
 90
        1
176
     1
 90
        0
176
     1
 90
        1
176
     1
 90
        0
176
     1
 40
0.6
176
     1
 40
30.0
176
     1
 62
     7
420
 16777215
176
     1
 90
        0
176
     1
 90
        4
176
     1
 62
     7
176
     1
 62
   257
176
     1
 90
        1
176
     1
 90
        1
176
     1
 40
1.0
176
     1
 90
        8
176
     1
 62
     7
176
     1
 40
1.0
176
     1
 90
        1
176
     1
 90
        6
176
     1
 90
        2
176
     1
 62
     7
176
     1
 90
        5
176
     1
 90
        0
176
     1
 90
        0
176
     1
290
     0
176
     1
 90
        1
176
     1
 40
0.0
176
     1
 90
        0
176
     1
290
     0
176
     1
290
     1
176
     1
290
     1
176
     1
290
     0
176
     1
290
     0
176
     1
290
     0
176
     1
290
     0
176
     1
290
     0
176
     1
290
     0
176
     1
 90
       50
176
     1
 40
0.0
176
     1
 40
1.0
176
     1
 90
        0
176
     1
 62
    18
176
     1
 90
       50
176
     1
 90
        3
176
     1
 62
     5
420
      255
176
     1
290
     0
176
     1
 90
       50
176
     1
 90
       50
176
     1
 90
       50
176
     1
290
     0
176
     1
 90
       50
176
     1
 62
   256
176
     0
 40
1.0
176
     0
 90
        2
176
     1
  1
strokes_ogs.tif
176
     1
290
     0
176
     1
 40
1.0
176
     1
 40
1.0
176
     1
  0
VISUALSTYLE
  5
FB
102
{ACAD_REACTORS
330
EF
102
}
330
EF
100
AcDbVisualStyle
  2
Brighten
 70
    12
177
     3
291
     1
 70
    58
 90
        2
176
     1
 90
        2
176
     1
 90
        1
176
     1
 90
        0
176
     1
 40
0.6
176
     1
 40
30.0
176
     1
 62
     7
420
 16777215
176
     1
 90
        1
176
     1
 90
        4
176
     1
 62
     7
176
     1
 62
   257
176
     1
 90
        1
176
     1
 90
        1
176
     1
 40
1.0
176
     1
 90
        8
176
     1
 62
     7
176
     1
 40
1.0
176
     1
 90
        1
176
     1
 90
        6
176
     1
 90
        2
176
     1
 62
     7
176
     1
 90
        5
176
     1
 90
        0
176
     1
 90
        0
176
     1
290
     0
176
     1
 90
        1
176
     1
 40
50.0
176
     1
 90
        0
176
     1
290
     0
176
     1
290
     1
176
     1
290
     1
176
     1
290
     0
176
     1
290
     0
176
     1
290
     0
176
     1
290
     0
176
     1
290
     0
176
     1
290
     0
176
     1
 90
       50
176
     1
 40
0.0
176
     1
 40
1.0
176
     1
 90
        0
176
     1
 62
    18
176
     1
 90
       50
176
     1
 90
        3
176
     1
 62
     5
420
      255
176
     1
290
     0
176
     1
 90
       50
176
     1
 90
       50
176
     1
 90
       50
176
     1
290
     0
176
     1
 90
       50
176
     1
 62
   256
176
     0
 40
1.0
176
     0
 90
        2
176
     1
  1
strokes_ogs.tif
176
     1
290
     0
176
     1
 40
1.0
176
     1
 40
1.0
176
     1
  0
VISUALSTYLE
  5
FF
102
{ACAD_REACTORS
330
EF
102
}
330
EF
100
AcDbVisualStyle
  2
ColorChange
 70
    16
177
     3
291
     1
 70
    58
 90
        2
176
     1
 90
        2
176
     1
 90
        3
176
     1
 90
        0
176
     1
 40
0.6
176
     1
 40
30.0
176
     1
 62
     8
420
  8421504
176
     1
 90
        1
176
     1
 90
        4
176
     1
 62
     7
176
     1
 62
   257
176
     1
 90
        1
176
     1
 90
        1
176
     1
 40
1.0
176
     1
 90
        8
176
     1
 62
     8
420
  8421504
176
     1
 40
1.0
176
     1
 90
        1
176
     1
 90
        6
176
     1
 90
        2
176
     1
 62
     7
176
     1
 90
        5
176
     1
 90
        0
176
     1
 90
        0
176
     1
290
     0
176
     1
 90
        1
176
     1
 40
0.0
176
     1
 90
        0
176
     1
290
     0
176
     1
290
     1
176
     1
290
     1
176
     1
290
     0
176
     1
290
     0
176
     1
290
     0
176
     1
290
     0
176
     1
290
     0
176
     1
290
     0
176
     1
 90
       50
176
     1
 40
0.0
176
     1
 40
1.0
176
     1
 90
        0
176
     1
 62
    18
176
     1
 90
       50
176
     1
 90
        3
176
     1
 62
     5
420
      255
176
     1
290
     0
176
     1
 90
       50
176
     1
 90
       50
176
     1
 90
       50
176
     1
290
     0
176
     1
 90
       50
176
     1
 62
   256
176
     0
 40
1.0
176
     0
 90
        2
176
     1
  1
strokes_ogs.tif
176
     1
290
     0
176
     1
 40
1.0
176
     1
 40
1.0
176
     1
  0
VISUALSTYLE
  5
F8
102
{ACAD_REACTORS
330
EF
102
}
330
EF
100
AcDbVisualStyle
  2
Conceptual
 70
     9
177
     3
291
     0
 70
    58
 90
        3
176
     1
 90
        2
176
     1
 90
        1
176
     1
 90
        0
176
     1
 40
0.6
176
     1
 40
30.0
176
     1
 62
     7
420
 16777215
176
     1
 90
        2
176
     1
 90
        2
176
     1
 62
     7
176
     1
 62
   257
176
     1
 90
        1
176
     1
 90
        1
176
     1
 40
40.0
176
     1
 90
        8
176
     1
 62
     7
176
     1
 40
1.0
176
     1
 90
        1
176
     1
 90
        6
176
     1
 90
        2
176
     1
 62
     7
176
     1
 90
        3
176
     1
 90
        0
176
     1
 90
        0
176
     1
290
     0
176
     1
 90
        1
176
     1
 40
0.0
176
     1
 90
        0
176
     1
290
     0
176
     1
290
     1
176
     1
290
     1
176
     1
290
     0
176
     1
290
     0
176
     1
290
     0
176
     1
290
     0
176
     1
290
     0
176
     1
290
     0
176
     1
 90
       50
176
     1
 40
0.0
176
     1
 40
1.0
176
     1
 90
        0
176
     1
 62
    18
176
     1
 90
       50
176
     1
 90
        3
176
     1
 62
     5
420
      255
176
     1
290
     0
176
     1
 90
       50
176
     1
 90
       50
176
     1
 90
       50
176
     1
290
     0
176
     1
 90
       50
176
     1
 62
   256
176
     0
 40
1.0
176
     0
 90
        2
176
     1
  1
strokes_ogs.tif
176
     1
290
     0
176
     1
 40
1.0
176
     1
 40
1.0
176
     1
  0
VISUALSTYLE
  5
FA
102
{ACAD_REACTORS
330
EF
102
}
330
EF
100
AcDbVisualStyle
  2
Dim
 70
    11
177
     3
291
     1
 70
    58
 90
        2
176
     1
 90
        2
176
     1
 90
        1
176
     1
 90
        0
176
     1
 40
0.6
176
     1
 40
30.0
176
     1
 62
     7
420
 16777215
176
     1
 90
        1
176
     1
 90
        4
176
     1
 62
     7
176
     1
 62
   257
176
     1
 90
        1
176
     1
 90
        1
176
     1
 40
1.0
176
     1
 90
        8
176
     1
 62
     7
176
     1
 40
1.0
176
     1
 90
        1
176
     1
 90
        6
176
     1
 90
        2
176
     1
 62
     7
176
     1
 90
        5
176
     1
 90
        0
176
     1
 90
        0
176
     1
290
     0
176
     1
 90
        1
176
     1
 40
-50.0
176
     1
 90
        0
176
     1
290
     0
176
     1
290
     1
176
     1
290
     1
176
     1
290
     0
176
     1
290
     0
176
     1
290
     0
176
     1
290
     0
176
     1
290
     0
176
     1
290
     0
176
     1
 90
       50
176
     1
 40
0.0
176
     1
 40
1.0
176
     1
 90
        0
176
     1
 62
    18
176
     1
 90
       50
176
     1
 90
        3
176
     1
 62
     5
420
      255
176
     1
290
     0
176
     1
 90
       50
176
     1
 90
       50
176
     1
 90
       50
176
     1
290
     0
176
     1
 90
       50
176
     1
 62
   256
176
     0
 40
1.0
176
     0
 90
        2
176
     1
  1
strokes_ogs.tif
176
     1
290
     0
176
     1
 40
1.0
176
     1
 40
1.0
176
     1
  0
VISUALSTYLE
  5
1E6
102
{ACAD_REACTORS
330
EF
102
}
330
EF
100
AcDbVisualStyle
  2
EdgeColorOff
 70
    22
177
     3
291
     1
 70
    58
 90
        2
176
     0
 90
        2
176
     0
 90
        0
176
     0
 90
        0
176
     0
 40
0.6
176
     0
 40
30.0
176
     0
 62
     7
420
 16777215
176
     0
 90
        1
176
     0
 90
        4
176
     0
 62
     7
176
     0
 62
   257
176
     0
 90
        1
176
     0
 90
        1
176
     0
 40
1.0
176
     0
 90
        8
176
     2
 62
     7
176
     0
 40
1.0
176
     0
 90
        1
176
     0
 90
        6
176
     0
 90
        2
176
     0
 62
     7
176
     0
 90
        5
176
     0
 90
        0
176
     0
 90
        0
176
     0
290
     0
176
     0
 90
        1
176
     0
 40
0.0
176
     0
 90
        0
176
     0
290
     0
176
     1
290
     1
176
     1
290
     1
176
     1
290
     0
176
     1
290
     0
176
     1
290
     0
176
     1
290
     0
176
     1
290
     0
176
     1
290
     0
176
     1
 90
       50
176
     1
 40
0.0
176
     1
 40
1.0
176
     1
 90
        0
176
     1
 62
    18
176
     1
 90
       50
176
     1
 90
        3
176
     1
 62
     5
420
      255
176
     1
290
     0
176
     1
 90
       50
176
     1
 90
       50
176
     1
 90
       50
176
     1
290
     0
176
     1
 90
       50
176
     1
 62
   256
176
     0
 40
1.0
176
     0
 90
        2
176
     1
  1
strokes_ogs.tif
176
     1
290
     0
176
     1
 40
1.0
176
     1
 40
1.0
176
     1
  0
VISUALSTYLE
  5
FE
102
{ACAD_REACTORS
330
EF
102
}
330
EF
100
AcDbVisualStyle
  2
Facepattern
 70
    15
177
     3
291
     1
 70
    58
 90
        2
176
     1
 90
        2
176
     1
 90
        1
176
     1
 90
        0
176
     1
 40
0.6
176
     1
 40
30.0
176
     1
 62
     7
420
 16777215
176
     1
 90
        1
176
     1
 90
        4
176
     1
 62
     7
176
     1
 62
   257
176
     1
 90
        1
176
     1
 90
        1
176
     1
 40
1.0
176
     1
 90
        8
176
     1
 62
     7
176
     1
 40
1.0
176
     1
 90
        1
176
     1
 90
        6
176
     1
 90
        2
176
     1
 62
     7
176
     1
 90
        5
176
     1
 90
        0
176
     1
 90
        0
176
     1
290
     0
176
     1
 90
        1
176
     1
 40
0.0
176
     1
 90
        0
176
     1
290
     0
176
     1
290
     1
176
     1
290
     1
176
     1
290
     0
176
     1
290
     0
176
     1
290
     0
176
     1
290
     0
176
     1
290
     0
176
     1
290
     0
176
     1
 90
       50
176
     1
 40
0.0
176
     1
 40
1.0
176
     1
 90
        0
176
     1
 62
    18
176
     1
 90
       50
176
     1
 90
        3
176
     1
 62
     5
420
      255
176
     1
290
     0
176
     1
 90
       50
176
     1
 90
       50
176
     1
 90
       50
176
     1
290
     0
176
     1
 90
       50
176
     1
 62
   256
176
     0
 40
1.0
176
     0
 90
        2
176
     1
  1
strokes_ogs.tif
176
     1
290
     0
176
     1
 40
1.0
176
     1
 40
1.0
176
     1
  0
VISUALSTYLE
  5
F0
102
{ACAD_REACTORS
330
EF
102
}
330
EF
100
AcDbVisualStyle
  2
Flat
 70
     0
177
     3
291
     1
 70
    58
 90
        2
176
     1
 90
        1
176
     1
 90
        1
176
     1
 90
        2
176
     1
 40
0.6
176
     1
 40
30.0
176
     1
 62
     7
420
 16777215
176
     1
 90
        0
176
     1
 90
        0
176
     1
 62
     7
176
     1
 62
   257
176
     1
 90
        1
176
     1
 90
        1
176
     1
 40
1.0
176
     1
 90
        8
176
     1
 62
     7
176
     1
 40
1.0
176
     1
 90
        1
176
     1
 90
        6
176
     1
 90
        2
176
     1
 62
     7
176
     1
 90
        5
176
     1
 90
        0
176
     1
 90
        0
176
     1
290
     0
176
     1
 90
       13
176
     1
 40
0.0
176
     1
 90
        0
176
     1
290
     0
176
     1
290
     1
176
     1
290
     1
176
     1
290
     0
176
     1
290
     0
176
     1
290
     0
176
     1
290
     0
176
     1
290
     0
176
     1
290
     0
176
     1
 90
       50
176
     1
 40
0.0
176
     1
 40
1.0
176
     1
 90
        0
176
     1
 62
    18
176
     1
 90
       50
176
     1
 90
        3
176
     1
 62
     5
420
      255
176
     1
290
     0
176
     1
 90
       50
176
     1
 90
       50
176
     1
 90
       50
176
     1
290
     0
176
     1
 90
       50
176
     1
 62
   256
176
     0
 40
1.0
176
     0
 90
        2
176
     1
  1
strokes_ogs.tif
176
     1
290
     0
176
     1
 40
1.0
176
     1
 40
1.0
176
     1
  0
VISUALSTYLE
  5
F1
102
{ACAD_REACTORS
330
EF
102
}
330
EF
100
AcDbVisualStyle
  2
FlatWithEdges
 70
     1
177
     3
291
     1
 70
    58
 90
        2
176
     1
 90
        1
176
     1
 90
        1
176
     1
 90
        2
176
     1
 40
0.6
176
     1
 40
30.0
176
     1
 62
     7
420
 16777215
176
     1
 90
        1
176
     1
 90
        0
176
     1
 62
     7
176
     1
 62
   257
176
     1
 90
        1
176
     1
 90
        1
176
     1
 40
1.0
176
     1
 90
        0
176
     1
 62
   257
176
     1
 40
1.0
176
     1
 90
        1
176
     1
 90
        6
176
     1
 90
        2
176
     1
 62
     7
176
     1
 90
        5
176
     1
 90
        0
176
     1
 90
        0
176
     1
290
     0
176
     1
 90
       13
176
     1
 40
0.0
176
     1
 90
        0
176
     1
290
     0
176
     1
290
     1
176
     1
290
     1
176
     1
290
     0
176
     1
290
     0
176
     1
290
     0
176
     1
290
     0
176
     1
290
     0
176
     1
290
     0
176
     1
 90
       50
176
     1
 40
0.0
176
     1
 40
1.0
176
     1
 90
        0
176
     1
 62
    18
176
     1
 90
       50
176
     1
 90
        3
176
     1
 62
     5
420
      255
176
     1
290
     0
176
     1
 90
       50
176
     1
 90
       50
176
     1
 90
       50
176
     1
290
     0
176
     1
 90
       50
176
     1
 62
   256
176
     0
 40
1.0
176
     0
 90
        2
176
     1
  1
strokes_ogs.tif
176
     1
290
     0
176
     1
 40
1.0
176
     1
 40
1.0
176
     1
  0
VISUALSTYLE
  5
F2
102
{ACAD_REACTORS
330
EF
102
}
330
EF
100
AcDbVisualStyle
  2
Gouraud
 70
     2
177
     3
291
     1
 70
    58
 90
        2
176
     1
 90
        2
176
     1
 90
        1
176
     1
 90
        2
176
     1
 40
0.6
176
     1
 40
30.0
176
     1
 62
     7
420
 16777215
176
     1
 90
        0
176
     1
 90
        0
176
     1
 62
     7
176
     1
 62
   257
176
     1
 90
        1
176
     1
 90
        1
176
     1
 40
1.0
176
     1
 90
        0
176
     1
 62
     7
176
     1
 40
1.0
176
     1
 90
        1
176
     1
 90
        6
176
     1
 90
        2
176
     1
 62
     7
176
     1
 90
        5
176
     1
 90
        0
176
     1
 90
        0
176
     1
290
     0
176
     1
 90
       13
176
     1
 40
0.0
176
     1
 90
        0
176
     1
290
     0
176
     1
290
     1
176
     1
290
     1
176
     1
290
     0
176
     1
290
     0
176
     1
290
     0
176
     1
290
     0
176
     1
290
     0
176
     1
290
     0
176
     1
 90
       50
176
     1
 40
0.0
176
     1
 40
1.0
176
     1
 90
        0
176
     1
 62
    18
176
     1
 90
       50
176
     1
 90
        3
176
     1
 62
     5
420
      255
176
     1
290
     0
176
     1
 90
       50
176
     1
 90
       50
176
     1
 90
       50
176
     1
290
     0
176
     1
 90
       50
176
     1
 62
   256
176
     0
 40
1.0
176
     0
 90
        2
176
     1
  1
strokes_ogs.tif
176
     1
290
     0
176
     1
 40
1.0
176
     1
 40
1.0
176
     1
  0
VISUALSTYLE
  5
F3
102
{ACAD_REACTORS
330
EF
102
}
330
EF
100
AcDbVisualStyle
  2
GouraudWithEdges
 70
     3
177
     3
291
     1
 70
    58
 90
        2
176
     1
 90
        2
176
     1
 90
        1
176
     1
 90
        2
176
     1
 40
0.6
176
     1
 40
30.0
176
     1
 62
     7
420
 16777215
176
     1
 90
        1
176
     1
 90
        0
176
     1
 62
     7
176
     1
 62
   257
176
     1
 90
        1
176
     1
 90
        1
176
     1
 40
1.0
176
     1
 90
        0
176
     1
 62
   257
176
     1
 40
1.0
176
     1
 90
        1
176
     1
 90
        6
176
     1
 90
        2
176
     1
 62
     7
176
     1
 90
        5
176
     1
 90
        0
176
     1
 90
        0
176
     1
290
     0
176
     1
 90
       13
176
     1
 40
0.0
176
     1
 90
        0
176
     1
290
     0
176
     1
290
     1
176
     1
290
     1
176
     1
290
     0
176
     1
290
     0
176
     1
290
     0
176
     1
290
     0
176
     1
290
     0
176
     1
290
     0
176
     1
 90
       50
176
     1
 40
0.0
176
     1
 40
1.0
176
     1
 90
        0
176
     1
 62
    18
176
     1
 90
       50
176
     1
 90
        3
176
     1
 62
     5
420
      255
176
     1
290
     0
176
     1
 90
       50
176
     1
 90
       50
176
     1
 90
       50
176
     1
290
     0
176
     1
 90
       50
176
     1
 62
   256
176
     0
 40
1.0
176
     0
 90
        2
176
     1
  1
strokes_ogs.tif
176
     1
290
     0
176
     1
 40
1.0
176
     1
 40
1.0
176
     1
  0
VISUALSTYLE
  5
F7
102
{ACAD_REACTORS
330
EF
102
}
330
EF
100
AcDbVisualStyle
  2
Hidden
 70
     6
177
     3
291
     0
 70
    58
 90
        1
176
     1
 90
        2
176
     1
 90
        2
176
     1
 90
        0
176
     1
 40
0.6
176
     1
 40
30.0
176
     1
 62
     7
420
 16777215
176
     1
 90
        2
176
     1
 90
        2
176
     1
 62
     7
176
     1
 62
   257
176
     1
 90
        2
176
     1
 90
        1
176
     1
 40
40.0
176
     1
 90
        0
176
     1
 62
   257
176
     1
 40
1.0
176
     1
 90
        1
176
     1
 90
        6
176
     1
 90
        2
176
     1
 62
     7
176
     1
 90
        3
176
     1
 90
        0
176
     1
 90
        0
176
     1
290
     0
176
     1
 90
        1
176
     1
 40
0.0
176
     1
 90
        0
176
     1
290
     0
176
     1
290
     1
176
     1
290
     1
176
     1
290
     0
176
     1
290
     0
176
     1
290
     0
176
     1
290
     0
176
     1
290
     0
176
     1
290
     0
176
     1
 90
       50
176
     1
 40
0.0
176
     1
 40
1.0
176
     1
 90
        0
176
     1
 62
    18
176
     1
 90
       50
176
     1
 90
        3
176
     1
 62
     5
420
      255
176
     1
290
     0
176
     1
 90
       50
176
     1
 90
       50
176
     1
 90
       50
176
     1
290
     0
176
     1
 90
       50
176
     1
 62
   256
176
     0
 40
1.0
176
     0
 90
        2
176
     1
  1
strokes_ogs.tif
176
     1
290
     0
176
     1
 40
1.0
176
     1
 40
1.0
176
     1
  0
VISUALSTYLE
  5
1E4
102
{ACAD_REACTORS
330
EF
102
}
330
EF
100
AcDbVisualStyle
  2
JitterOff
 70
    20
177
     3
291
     1
 70
    58
 90
        2
176
     0
 90
        2
176
     0
 90
        0
176
     0
 90
        0
176
     0
 40
0.6
176
     0
 40
30.0
176
     0
 62
     7
420
 16777215
176
     0
 90
        1
176
     0
 90
        4
176
     0
 62
     7
176
     0
 62
   257
176
     0
 90
        1
176
     0
 90
        1
176
     0
 40
1.0
176
     0
 90
       10
176
     2
 62
     7
176
     0
 40
1.0
176
     0
 90
        1
176
     0
 90
        6
176
     0
 90
        2
176
     0
 62
     7
176
     0
 90
        5
176
     0
 90
        0
176
     0
 90
        0
176
     0
290
     0
176
     0
 90
        1
176
     0
 40
0.0
176
     0
 90
        0
176
     0
290
     0
176
     1
290
     1
176
     1
290
     1
176
     1
290
     0
176
     1
290
     0
176
     1
290
     0
176
     1
290
     0
176
     1
290
     0
176
     1
290
     0
176
     1
 90
       50
176
     1
 40
0.0
176
     1
 40
1.0
176
     1
 90
        0
176
     1
 62
    18
176
     1
 90
       50
176
     1
 90
        3
176
     1
 62
     5
420
      255
176
     1
290
     0
176
     1
 90
       50
176
     1
 90
       50
176
     1
 90
       50
176
     1
290
     0
176
     1
 90
       50
176
     1
 62
   256
176
     0
 40
1.0
176
     0
 90
        2
176
     1
  1
strokes_ogs.tif
176
     1
290
     0
176
     1
 40
1.0
176
     1
 40
1.0
176
     1
  0
VISUALSTYLE
  5
FD
102
{ACAD_REACTORS
330
EF
102
}
330
EF
100
AcDbVisualStyle
  2
Linepattern
 70
    14
177
     3
291
     1
 70
    58
 90
        2
176
     1
 90
        2
176
     1
 90
        1
176
     1
 90
        0
176
     1
 40
0.6
176
     1
 40
30.0
176
     1
 62
     7
420
 16777215
176
     1
 90
        1
176
     1
 90
        4
176
     1
 62
     7
176
     1
 62
   257
176
     1
 90
        7
176
     1
 90
        7
176
     1
 40
1.0
176
     1
 90
        8
176
     1
 62
     7
176
     1
 40
1.0
176
     1
 90
        1
176
     1
 90
        6
176
     1
 90
        2
176
     1
 62
     7
176
     1
 90
        5
176
     1
 90
        0
176
     1
 90
        0
176
     1
290
     0
176
     1
 90
        1
176
     1
 40
0.0
176
     1
 90
        0
176
     1
290
     0
176
     1
290
     1
176
     1
290
     1
176
     1
290
     0
176
     1
290
     0
176
     1
290
     0
176
     1
290
     0
176
     1
290
     0
176
     1
290
     0
176
     1
 90
       50
176
     1
 40
0.0
176
     1
 40
1.0
176
     1
 90
        0
176
     1
 62
    18
176
     1
 90
       50
176
     1
 90
        3
176
     1
 62
     5
420
      255
176
     1
290
     0
176
     1
 90
       50
176
     1
 90
       50
176
     1
 90
       50
176
     1
290
     0
176
     1
 90
       50
176
     1
 62
   256
176
     0
 40
1.0
176
     0
 90
        2
176
     1
  1
strokes_ogs.tif
176
     1
290
     0
176
     1
 40
1.0
176
     1
 40
1.0
176
     1
  0
VISUALSTYLE
  5
1E5
102
{ACAD_REACTORS
330
EF
102
}
330
EF
100
AcDbVisualStyle
  2
OverhangOff
 70
    21
177
     3
291
     1
 70
    58
 90
        2
176
     0
 90
        2
176
     0
 90
        0
176
     0
 90
        0
176
     0
 40
0.6
176
     0
 40
30.0
176
     0
 62
     7
420
 16777215
176
     0
 90
        1
176
     0
 90
        4
176
     0
 62
     7
176
     0
 62
   257
176
     0
 90
        1
176
     0
 90
        1
176
     0
 40
1.0
176
     0
 90
        9
176
     2
 62
     7
176
     0
 40
1.0
176
     0
 90
        1
176
     0
 90
        6
176
     0
 90
        2
176
     0
 62
     7
176
     0
 90
        5
176
     0
 90
        0
176
     0
 90
        0
176
     0
290
     0
176
     0
 90
        1
176
     0
 40
0.0
176
     0
 90
        0
176
     0
290
     0
176
     1
290
     1
176
     1
290
     1
176
     1
290
     0
176
     1
290
     0
176
     1
290
     0
176
     1
290
     0
176
     1
290
     0
176
     1
290
     0
176
     1
 90
       50
176
     1
 40
0.0
176
     1
 40
1.0
176
     1
 90
        0
176
     1
 62
    18
176
     1
 90
       50
176
     1
 90
        3
176
     1
 62
     5
420
      255
176
     1
290
     0
176
     1
 90
       50
176
     1
 90
       50
176
     1
 90
       50
176
     1
290
     0
176
     1
 90
       50
176
     1
 62
   256
176
     0
 40
1.0
176
     0
 90
        2
176
     1
  1
strokes_ogs.tif
176
     1
290
     0
176
     1
 40
1.0
176
     1
 40
1.0
176
     1
  0
VISUALSTYLE
  5
F9
102
{ACAD_REACTORS
330
EF
102
}
330
EF
100
AcDbVisualStyle
  2
Realistic
 70
     8
177
     3
291
     0
 70
    58
 90
        2
176
     1
 90
        3
176
     1
 90
        0
176
     1
 90
        2
176
     1
 40
0.6
176
     1
 40
30.0
176
     1
 62
     7
420
 16777215
176
     1
 90
        0
176
     1
 90
        0
176
     1
 62
     7
176
     1
 62
   257
176
     1
 90
        1
176
     1
 90
        1
176
     1
 40
1.0
176
     1
 90
        8
176
     1
 62
   257
176
     1
 40
1.0
176
     1
 90
        1
176
     1
 90
        6
176
     1
 90
        2
176
     1
 62
     7
176
     1
 90
        3
176
     1
 90
        0
176
     1
 90
        0
176
     1
290
     0
176
     1
 90
       13
176
     1
 40
0.0
176
     1
 90
        0
176
     1
290
     0
176
     1
290
     1
176
     1
290
     1
176
     1
290
     0
176
     1
290
     0
176
     1
290
     0
176
     1
290
     0
176
     1
290
     0
176
     1
290
     0
176
     1
 90
       50
176
     1
 40
0.0
176
     1
 40
1.0
176
     1
 90
        0
176
     1
 62
    18
176
     1
 90
       50
176
     1
 90
        3
176
     1
 62
     5
420
      255
176
     1
290
     0
176
     1
 90
       50
176
     1
 90
       50
176
     1
 90
       50
176
     1
290
     0
176
     1
 90
       50
176
     1
 62
   256
176
     0
 40
1.0
176
     0
 90
        2
176
     1
  1
strokes_ogs.tif
176
     1
290
     0
176
     1
 40
1.0
176
     1
 40
1.0
176
     1
  0
VISUALSTYLE
  5
1F3
102
{ACAD_REACTORS
330
EF
102
}
330
EF
100
AcDbVisualStyle
  2
Shaded
 70
    27
177
     3
291
     0
 70
    58
 90
        2
176
     1
 90
        2
176
     1
 90
        1
176
     1
 90
        2
176
     1
 40
0.6
176
     1
 40
30.0
176
     1
 62
     7
420
 16777215
176
     1
 90
        0
176
     1
 90
        4
176
     1
 62
     7
176
     1
 62
   257
176
     1
 90
        1
176
     1
 90
        1
176
     1
 40
1.0
176
     1
 90
        8
176
     1
 62
   257
176
     1
 40
1.0
176
     1
 90
        1
176
     1
 90
        6
176
     1
 90
        2
176
     1
 62
     8
420
  7895160
176
     1
 90
        3
176
     1
 90
        0
176
     1
 90
        0
176
     1
290
     0
176
     1
 90
        5
176
     1
 40
0.0
176
     1
 90
        0
176
     1
290
     0
176
     1
290
     1
176
     1
290
     1
176
     1
290
     0
176
     1
290
     0
176
     1
290
     0
176
     1
290
     0
176
     1
290
     0
176
     1
290
     0
176
     1
 90
       50
176
     1
 40
0.0
176
     1
 40
1.0
176
     1
 90
        0
176
     1
 62
    18
176
     1
 90
       50
176
     1
 90
        3
176
     1
 62
     5
420
      255
176
     1
290
     0
176
     1
 90
       50
176
     1
 90
       50
176
     1
 90
       50
176
     1
290
     0
176
     1
 90
       50
176
     1
 62
   256
176
     0
 40
1.0
176
     0
 90
        2
176
     1
  1
strokes_ogs.tif
176
     1
290
     0
176
     1
 40
1.0
176
     1
 40
1.0
176
     1
  0
VISUALSTYLE
  5
1F2
102
{ACAD_REACTORS
330
EF
102
}
330
EF
100
AcDbVisualStyle
  2
Shaded with edges
 70
    26
177
     3
291
     0
 70
    58
 90
        2
176
     1
 90
        2
176
     1
 90
        1
176
     1
 90
        2
176
     1
 40
0.6
176
     1
 40
30.0
176
     1
 62
     7
420
 16777215
176
     1
 90
        1
176
     1
 90
        2
176
     1
 62
     7
176
     1
 62
   257
176
     1
 90
        2
176
     1
 90
        1
176
     1
 40
1.0
176
     1
 90
        8
176
     1
 62
   257
176
     1
 40
1.0
176
     1
 90
        1
176
     1
 90
        6
176
     1
 90
        2
176
     1
 62
     7
176
     1
 90
        3
176
     1
 90
        0
176
     1
 90
        0
176
     1
290
     0
176
     1
 90
        5
176
     1
 40
0.0
176
     1
 90
        0
176
     1
290
     0
176
     1
290
     1
176
     1
290
     1
176
     1
290
     0
176
     1
290
     0
176
     1
290
     0
176
     1
290
     0
176
     1
290
     0
176
     1
290
     0
176
     1
 90
       50
176
     1
 40
0.0
176
     1
 40
1.0
176
     1
 90
        0
176
     1
 62
    18
176
     1
 90
       50
176
     1
 90
        3
176
     1
 62
     5
420
      255
176
     1
290
     0
176
     1
 90
       50
176
     1
 90
       50
176
     1
 90
       50
176
     1
290
     0
176
     1
 90
       50
176
     1
 62
   256
176
     0
 40
1.0
176
     0
 90
        2
176
     1
  1
strokes_ogs.tif
176
     1
290
     0
176
     1
 40
1.0
176
     1
 40
1.0
176
     1
  0
VISUALSTYLE
  5
1EF
102
{ACAD_REACTORS
330
EF
102
}
330
EF
100
AcDbVisualStyle
  2
Shades of Gray
 70
    23
177
     3
291
     0
 70
    58
 90
        2
176
     1
 90
        2
176
     1
 90
        3
176
     1
 90
        0
176
     1
 40
0.6
176
     1
 40
30.0
176
     1
 62
     7
420
 16777215
176
     1
 90
        2
176
     1
 90
        2
176
     1
 62
     7
176
     1
 62
     7
176
     1
 90
        1
176
     1
 90
        1
176
     1
 40
40.0
176
     1
 90
        8
176
     1
 62
     7
176
     1
 40
1.0
176
     1
 90
        1
176
     1
 90
        6
176
     1
 90
        2
176
     1
 62
     7
176
     1
 90
        3
176
     1
 90
        0
176
     1
 90
        0
176
     1
290
     0
176
     1
 90
        1
176
     1
 40
0.0
176
     1
 90
        0
176
     1
290
     0
176
     1
290
     1
176
     1
290
     1
176
     1
290
     0
176
     1
290
     0
176
     1
290
     0
176
     1
290
     0
176
     1
290
     0
176
     1
290
     0
176
     1
 90
       50
176
     1
 40
0.0
176
     1
 40
1.0
176
     1
 90
        0
176
     1
 62
    18
176
     1
 90
       50
176
     1
 90
        3
176
     1
 62
     5
420
      255
176
     1
290
     0
176
     1
 90
       50
176
     1
 90
       50
176
     1
 90
       50
176
     1
290
     0
176
     1
 90
       50
176
     1
 62
   256
176
     0
 40
1.0
176
     0
 90
        2
176
     1
  1
strokes_ogs.tif
176
     1
290
     0
176
     1
 40
1.0
176
     1
 40
1.0
176
     1
  0
VISUALSTYLE
  5
1F0
102
{ACAD_REACTORS
330
EF
102
}
330
EF
100
AcDbVisualStyle
  2
Sketchy
 70
    24
177
     3
291
     0
 70
    58
 90
        1
176
     1
 90
        2
176
     1
 90
        2
176
     1
 90
        0
176
     1
 40
0.6
176
     1
 40
30.0
176
     1
 62
     7
420
 16777215
176
     1
 90
        2
176
     1
 90
        2
176
     1
 62
     7
176
     1
 62
     7
176
     1
 90
        1
176
     1
 90
        1
176
     1
 40
40.0
176
     1
 90
       11
176
     1
 62
     7
176
     1
 40
1.0
176
     1
 90
        1
176
     1
 90
        6
176
     1
 90
        2
176
     1
 62
     7
176
     1
 90
        6
176
     1
 90
        0
176
     1
 90
        0
176
     1
290
     0
176
     1
 90
        1
176
     1
 40
0.0
176
     1
 90
        0
176
     1
290
     0
176
     1
290
     1
176
     1
290
     1
176
     1
290
     0
176
     1
290
     0
176
     1
290
     0
176
     1
290
     0
176
     1
290
     0
176
     1
290
     0
176
     1
 90
       50
176
     1
 40
0.0
176
     1
 40
1.0
176
     1
 90
        0
176
     1
 62
    18
176
     1
 90
       50
176
     1
 90
        3
176
     1
 62
     5
420
      255
176
     1
290
     0
176
     1
 90
       50
176
     1
 90
       50
176
     1
 90
       50
176
     1
290
     0
176
     1
 90
       50
176
     1
 62
   256
176
     0
 40
1.0
176
     0
 90
        2
176
     1
  1
strokes_ogs.tif
176
     1
290
     0
176
     1
 40
1.0
176
     1
 40
1.0
176
     1
  0
VISUALSTYLE
  5
FC
102
{ACAD_REACTORS
330
EF
102
}
330
EF
100
AcDbVisualStyle
  2
Thicken
 70
    13
177
     3
291
     1
 70
    58
 90
        2
176
     1
 90
        2
176
     1
 90
        1
176
     1
 90
        0
176
     1
 40
0.6
176
     1
 40
30.0
176
     1
 62
     7
420
 16777215
176
     1
 90
        1
176
     1
 90
        4
176
     1
 62
     7
176
     1
 62
   257
176
     1
 90
        1
176
     1
 90
        1
176
     1
 40
1.0
176
     1
 90
       12
176
     1
 62
     7
176
     1
 40
1.0
176
     1
 90
        1
176
     1
 90
        6
176
     1
 90
        2
176
     1
 62
     7
176
     1
 90
        5
176
     1
 90
        0
176
     1
 90
        0
176
     1
290
     0
176
     1
 90
        1
176
     1
 40
0.0
176
     1
 90
        0
176
     1
290
     0
176
     1
290
     1
176
     1
290
     1
176
     1
290
     0
176
     1
290
     0
176
     1
290
     0
176
     1
290
     0
176
     1
290
     0
176
     1
290
     0
176
     1
 90
       50
176
     1
 40
0.0
176
     1
 40
1.0
176
     1
 90
        0
176
     1
 62
    18
176
     1
 90
       50
176
     1
 90
        3
176
     1
 62
     5
420
      255
176
     1
290
     0
176
     1
 90
       50
176
     1
 90
       50
176
     1
 90
       50
176
     1
290
     0
176
     1
 90
       50
176
     1
 62
   256
176
     0
 40
1.0
176
     0
 90
        2
176
     1
  1
strokes_ogs.tif
176
     1
290
     0
176
     1
 40
1.0
176
     1
 40
1.0
176
     1
  0
VISUALSTYLE
  5
F6
102
{ACAD_REACTORS
330
EF
102
}
330
EF
100
AcDbVisualStyle
  2
Wireframe
 70
     5
177
     3
291
     0
 70
    58
 90
        0
176
     1
 90
        2
176
     1
 90
        0
176
     1
 90
        0
176
     1
 40
0.6
176
     1
 40
30.0
176
     1
 62
     7
420
 16777215
176
     1
 90
        1
176
     1
 90
        4
176
     1
 62
     7
176
     1
 62
   257
176
     1
 90
        1
176
     1
 90
        1
176
     1
 40
1.0
176
     1
 90
        0
176
     1
 62
   257
176
     1
 40
1.0
176
     1
 90
        1
176
     1
 90
        6
176
     1
 90
        2
176
     1
 62
     7
176
     1
 90
        3
176
     1
 90
        0
176
     1
 90
        0
176
     1
290
     0
176
     1
 90
        1
176
     1
 40
0.0
176
     1
 90
        0
176
     1
290
     0
176
     1
290
     1
176
     1
290
     1
176
     1
290
     0
176
     1
290
     0
176
     1
290
     0
176
     1
290
     0
176
     1
290
     0
176
     1
290
     0
176
     1
 90
       50
176
     1
 40
0.0
176
     1
 40
1.0
176
     1
 90
        0
176
     1
 62
    18
176
     1
 90
       50
176
     1
 90
        3
176
     1
 62
     5
420
      255
176
     1
290
     0
176
     1
 90
       50
176
     1
 90
       50
176
     1
 90
       50
176
     1
290
     0
176
     1
 90
       50
176
     1
 62
   256
176
     0
 40
1.0
176
     0
 90
        2
176
     1
  1
strokes_ogs.tif
176
     1
290
     0
176
     1
 40
1.0
176
     1
 40
1.0
176
     1
  0
VISUALSTYLE
  5
1F1
102
{ACAD_REACTORS
330
EF
102
}
330
EF
100
AcDbVisualStyle
  2
X-Ray
 70
    25
177
     3
291
     0
 70
    58
 90
        2
176
     1
 90
        2
176
     1
 90
        1
176
     1
 90
        1
176
     1
 40
0.5
176
     1
 40
30.0
176
     1
 62
     7
420
 16777215
176
     1
 90
        1
176
     1
 90
        0
176
     1
 62
     7
176
     1
 62
   257
176
     1
 90
        1
176
     1
 90
        1
176
     1
 40
1.0
176
     1
 90
        8
176
     1
 62
     7
176
     1
 40
1.0
176
     1
 90
        1
176
     1
 90
        6
176
     1
 90
        2
176
     1
 62
     7
176
     1
 90
        3
176
     1
 90
        0
176
     1
 90
        0
176
     1
290
     0
176
     1
 90
       13
176
     1
 40
0.0
176
     1
 90
        0
176
     1
290
     0
176
     1
290
     1
176
     1
290
     1
176
     1
290
     0
176
     1
290
     0
176
     1
290
     0
176
     1
290
     0
176
     1
290
     0
176
     1
290
     0
176
     1
 90
       50
176
     1
 40
0.0
176
     1
 40
1.0
176
     1
 90
        0
176
     1
 62
    18
176
     1
 90
       50
176
     1
 90
        3
176
     1
 62
     5
420
      255
176
     1
290
     0
176
     1
 90
       50
176
     1
 90
       50
176
     1
 90
       50
176
     1
290
     0
176
     1
 90
       50
176
     1
 62
   256
176
     0
 40
1.0
176
     0
 90
        2
176
     1
  1
strokes_ogs.tif
176
     1
290
     0
176
     1
 40
1.0
176
     1
 40
1.0
176
     1
  0
DICTIONARYVAR
  5
761
102
{ACAD_REACTORS
330
760
102
}
330
760
100
DictionaryVariables
280
     0
  1
16
  0
DICTIONARYVAR
  5
762
102
{ACAD_REACTORS
330
760
102
}
330
760
100
DictionaryVariables
280
     0
  1
100.000000
  0
DICTIONARYVAR
  5
763
102
{ACAD_REACTORS
330
760
102
}
330
760
100
DictionaryVariables
280
     0
  1
1
  0
DICTIONARYVAR
  5
764
102
{ACAD_REACTORS
330
760
102
}
330
760
100
DictionaryVariables
280
     0
  1
1:1
  0
DICTIONARYVAR
  5
765
102
{ACAD_REACTORS
330
760
102
}
330
760
100
DictionaryVariables
280
     0
  1
STANDARD
  0
DICTIONARYVAR
  5
766
102
{ACAD_REACTORS
330
760
102
}
330
760
100
DictionaryVariables
280
     0
  1
STANDARD
  0
DICTIONARYVAR
  5
767
102
{ACAD_REACTORS
330
760
102
}
330
760
100
DictionaryVariables
280
     0
  1
Metric50
  0
DICTIONARYVAR
  5
768
102
{ACAD_REACTORS
330
760
102
}
330
760
100
DictionaryVariables
280
     0
  1
Metric50
  0
DICTIONARYVAR
  5
769
102
{ACAD_REACTORS
330
760
102
}
330
760
100
DictionaryVariables
280
     0
  1
0
  0
DICTIONARYVAR
  5
76A
102
{ACAD_REACTORS
330
760
102
}
330
760
100
DictionaryVariables
280
     0
  1
2
  0
DICTIONARYVAR
  5
76B
102
{ACAD_REACTORS
330
760
102
}
330
760
100
DictionaryVariables
280
     0
  1
OLCU (BEYKENT)
  0
DICTIONARYVAR
  5
76C
102
{ACAD_REACTORS
330
760
102
}
330
760
100
DictionaryVariables
280
     0
  1
1
  0
DICTIONARYVAR
  5
76D
102
{ACAD_REACTORS
330
760
102
}
330
760
100
DictionaryVariables
280
     0
  1
31
  0
DICTIONARYVAR
  5
76E
102
{ACAD_REACTORS
330
760
102
}
330
760
100
DictionaryVariables
280
     0
  1
1
  0
DICTIONARYVAR
  5
76F
102
{ACAD_REACTORS
330
760
102
}
330
760
100
DictionaryVariables
280
     0
  1
BYLAYER
  0
DICTIONARYVAR
  5
770
102
{ACAD_REACTORS
330
760
102
}
330
760
100
DictionaryVariables
280
     0
  1
0
  0
DICTIONARYVAR
  5
771
102
{ACAD_REACTORS
330
760
102
}
330
760
100
DictionaryVariables
280
     0
  1
TARAMA (BEYKENT)
  0
DICTIONARYVAR
  5
772
102
{ACAD_REACTORS
330
760
102
}
330
760
100
DictionaryVariables
280
     0
  1
ByLayer
  0
DICTIONARYVAR
  5
773
102
{ACAD_REACTORS
330
760
102
}
330
760
100
DictionaryVariables
280
     0
  1
0
  0
DICTIONARYVAR
  5
774
102
{ACAD_REACTORS
330
760
102
}
330
760
100
DictionaryVariables
280
     0
  1
0
  0
DICTIONARYVAR
  5
775
102
{ACAD_REACTORS
330
760
102
}
330
760
100
DictionaryVariables
280
     0
  1
0
  0
DICTIONARYVAR
  5
776
102
{ACAD_REACTORS
330
760
102
}
330
760
100
DictionaryVariables
280
     0
  1
2
  0
DICTIONARYVAR
  5
778
102
{ACAD_REACTORS
330
760
102
}
330
760
100
DictionaryVariables
280
     0
  1
1.000000
  0
DICTIONARYVAR
  5
779
102
{ACAD_REACTORS
330
760
102
}
330
760
100
DictionaryVariables
280
     0
  1
1
  0
DICTIONARYVAR
  5
77A
102
{ACAD_REACTORS
330
760
102
}
330
760
100
DictionaryVariables
280
     0
  1
2
  0
DICTIONARYVAR
  5
77B
102
{ACAD_REACTORS
330
760
102
}
330
760
100
DictionaryVariables
280
     0
  1
1
  0
DICTIONARYVAR
  5
77C
102
{ACAD_REACTORS
330
760
102
}
330
760
100
DictionaryVariables
280
     0
  1
0
  0
DICTIONARYVAR
  5
77D
102
{ACAD_REACTORS
330
760
102
}
330
760
100
DictionaryVariables
280
     0
  1
127
  0
DICTIONARY
  5
205
330
22
100
AcDbDictionary
280
     1
281
     1
  0
DICTIONARY
  5
1F9
330
ED
100
AcDbDictionary
280
     1
281
     1
  3
FBXASSET
360
1FA
  0
DICTIONARY
  5
1F7
330
EC
100
AcDbDictionary
280
     1
281
     1
  3
FBXASSET
360
1F8
  0
DICTIONARY
  5
173
330
EE
100
AcDbDictionary
280
     1
281
     1
  3
BUMPTILE
360
175
  3
DIFFUSETILE
360
174
  3
FBXASSET
360
1FB
  3
OPACITYTILE
360
176
  3
REFLECTIONTILE
360
177
  0
DICTIONARY
  5
162
330
7F
100
AcDbDictionary
280
     1
281
     1
  3
ACAD_ROUNDTRIP_2008_TABLESTYLE_CELLSTYLEMAP
360
1883
  0
XRECORD
  5
1FA
102
{ACAD_REACTORS
330
1F9
102
}
330
1F9
100
AcDbXrecord
280
     1
 70
     1
 90
429727718
  1
D62C5603-E3A1-4AEA-B7FB-FE5D8D0755AF
310
504B03040A0000080000CC70623B3DEE336E79000000790000001B0000006175746F6465736B2D64657369676E2D7061636B6167652E786D6C3C3F786D6C2076657273696F6E3D22312E302220656E636F64696E673D227574662D3822203F3E3C666F726D6174733E3C666F726D61743E687474703A2F2F736368656D612E
310
6175746F6465736B2E636F6D2F64657369676E2D7061636B6167652F323030393C2F666F726D61743E3C2F666F726D6174733E504B0304140006080800CC70623BD486FD9CA0000000F4000000130000005B436F6E74656E745F54797065735D2E786D6C7D8EC10E82300C865F65E91D8A1E8C310C0EEA1BF002731658846E
310
D98AC1B77784ABF1D8FE5FBFBF75BBCE937A534CCEB38643598122B6FEE978D0B0485F9C41B54DDD7D022595594E1A469170414C76A4D9A4D207E29CF43ECE46F218070CC6BECC4078ACAA135ACF422C856C0E68EA1BF5669944DDD7BCDE7B1F8E415D77AECB980613C2E4AC91FC167A2B244592486606FC29C8FD7F045B9A
310
EF7053A7E60B504B0304140006080800CC70623B853B8169EB0000007C01000008000000636F72652E786D6C8D90416EC3201045AF62CDB6C206821CC7C244919D9CA01740401C94182C03558F5F9C3852BBEB6A467FFE9B197D7EFC9E1EC5975982F5AE035262288C535E5B377690E21535501C055FBC8FBF6C503839990E
310
5619041F179FE64D52DE45E362569DD7661365082642A11EB9E920A89B99642953CC8E702F67A9EE7234257977194EC9EAE275C4EABCCF5EAD5940D4AC6F0E35A568B8F43562CD7046CD199FD07E60174276A7BE677B5EADB0E0D14EEFFB6A31321A0D82627C4084204C3F096B71DD52F6819B16635EADF63F509AF53FA164
310
5DDCD1EDDD17164090FCC8732078B56691CB33A85CD7DCC40F504B0304140006080800CC70623B55019EA25F0000007C00000007000000636E782E786D6C4DCB3B0E80201045D1AD90E915ED2CF8AC45050C11660C8261F98AB1B07AC9C97D42D718D865D3E909258CFD00CCE24AC6E326A164D74DC0B4128928FF32603847
310
2BA13128B1252AC747C6BAB984FC68F0B87FE8960A5C09FE86CFB69FBA01504B0304140006080800CC70623BDBABAAF470010000D40300000C0000006662782F636F72652E786D6CC553D16E823014FD95A6AF4B694182CC941A83FA05FB810A9511A125A5257EFE2E82712ECEB8A7F100CD39F7F69E734AF9FADC366850B6
310
AF8DCE7018308C942E4C59EB2AC3DE1D498AD15A706B8CFB56869196ADCAF00863C12B6B7C374385D14E6907A836A59A41D9F7CA615434B0C8705F7CAA5606D23BA8E84F41278B93AC54100640439DE0BDB320004D43C63716C7C399D30917DCFBBA9CD9BA8469F5B156168B24CED3F7248AC8769F27244EB73B92EED8862C
310
B7F13E0C179B3C8F979C8ECD82BBBABDAA2BAC924E9558448CBD9330242CFA08E3154B5651FCC6D215639C8EE5774DBE2B5F6CF2B5768B68963BB5F5588420E442FC700B1139D4CB01F450C1E918227C2E09DF070D8140C84E1E9AAB8F1340832A9CB13130A5F1376A908D57309505ECF2A0DF179C4E9D30F5B239B87E3823
310
7A79C6F31DE1A8A5AEC08474B03C7837EAE4938639B44E5932B833D2C6B6B279CDC613877FA26EE21F4A2A4C63EC7F29A2F301D1F9F7A0E37D145F504B0304140006080800CC70623B9C113CC27E0000009D0000000B0000006662782F636E782E786D6C4DCCDF0A83201C86E15B91DFB94BFB330DD428C8FB886521330DA7
310
6397BF1A1DECE883878F57749FCDA1B7892F1BBC047A23808C7F84D9FA55424E0BE6803A256208E9EF06C84F9B91703228B1C690F78B66B34CD9A5439DF5CF0BFBF65E35BCA1B8D6A5C6F540381E886698B5741C695F9503EBA150A2F8958E3DC3EA0B504B0304140006080800CC70623B7DF2F77C2A010000120200003100
310
00006662782F41393633353835312D344632462D344230382D423046372D3739314545314133324237412F636F72652E786D6C8D51DB8EC22014FC15C2939B0D2DB4B45643319AE817EC0F6041255A68B86CFCFC856D4D76DF7CE190393373060EDB3DC707F856CE6B6B7A480A0C81328395DA5C7B18C3057510EC3873D686
310
3F34088C18550F330C39BB3A1BA7051AAC09CA84841A2BD5020AEF55806078A44B0FFD7053A328440C89E1EFC52486BBB8AA8214A99D789CF9E05200300FC927E4FB4D5B375D43103D5527440FB843077C5AA3F5861C8F645F5787F59E95B390B318B55CE45AA638FAA2957BD7248B390B7A7CC51F9C124149C82B8C378810
310
84AB2F42B7B8DD56F413775B8C5999E9FF4471926F8AA236A1AE96B8B3CC434E5839373893369E1FAF30EA395917409EB7F26AF8801C171837A4A6AC9C89E9F9C9B1A58BA30FD6A5EF5DDDCF894B9AD9B6A59C957943A9FCAE2FD5BC4DFE03504B0304140006080800CC70623BAD7543B64E01000033030000300000006662
310
782F41393633353835312D344632462D344230382D423046372D3739314545314133324237412F636E782E786D6CD593CD6EC32010845F0571AD6CE3D48AD20813A9873E410FBD12D82434182C7EAAE6EDBB2424CD25871E7B41D6EC30B3FA84F9E67BB2E40B4234DE8DB46F1925E094D7C6ED479AD3AE5951B2113C789FEE
310
6C943839C1488B4C05DF079FE72A69D8C96C13AAD6B8631503449F83828872B949AC57D26200B826A308D316B4064D6E46FCDA41C05550DC9E483A00797BFD207EFB092A45DE9514C1BBD22178396BD39D891265658C238DEA00936C654E5E433CB65A26D9F6EDB5EBC14EBF49A45CB856E66048291F6939A9A81BB5C89177
310
38143CA680F4AA299D66A042CEB3354A2684DC9D8D178FE0D9B8B41CAAD720F880EE7EF93C0C18769E099ECC04D5A102C8049A8A05632F4DDF376CF1DE0F6BB65C2F8627B65A33C6BB62177CEBBDAD973006829F89F22E814B54F4BC2BE347F8AA8F681390B50FA73F804400B5F542E796F19FF974E7F78DB802FE05E20750
310
4B0304140006080800CC70623BE75B7789680500003C100000340000006662782F41393633353835312D344632462D344230382D423046372D3739314545314133324237412F6F626A656374732E786D6CAD575B8F9B3818FD2B887D06C22499CB8AA1CA655245D5B455A356FB305264C061D8018C6C3393D95FBFC7600890
310
A4CD5EF210B0B1BFEBF98E3F7B1FF6596ABC522E1296DF9BAE3D320D9A872C4AF2F8DE2CE5CEBA358D0FBEC719939D65A691938CDE9B6ADAF4BD98B3B2D05311DD91329583D9D5FC0F438434A7A611A644887B5384CF34233629258BA878B12322891DEFF6B66BD70BFB62634E8AE781D082709A4B588AF91C528CDA28B73F
310
1C998EEF39EABBEFA97FBD6A7C7E9553F9D3D79FE442923C3C523610337627CB87ABE99D359D4CC6D6E4FACAB5E6ABF9D2726FC6A3C5F56271377BB88362213924694B38DD99FE47C48627A1E7D49F5A8BB5E1A74C0A599ED3B0F21F1E56366B89112D681E218F0915D0D6F17AD41FBA2A369DCF6335D62ABBD39779D5DDD1
310
11D4D8DE3CBB96B2E04FB8202E41051754A1AA8E8F76B4C6DFE810B580B1547F4B84911149794252234D024EF8BBE963A95AE27B3D310A9D5C215C7960FAEE415ED75694C6AFB17BCACA5D99A60A9AA65F217B0BFC53292ACB92BF283FAD0D3621576592CB5BED907C2FA8E9DF794E35E97BEA31BED21FEB401ABB94C44839
310
DCACBF0E1C5DA8DA5B2F4DFFD32AD86F543D9E565E7056502E157C00AD2671CD534549AB752FCA9CDA00677A313F04E51B22FF19E57B300579E3C97EB29F682D92935CEC18CF901B7B54FD8C51F362B56FC72FE0B3C1EAE335EDCCBF5AEC39ADB17DC238973F804BA5E6F6BFE7AF1FB32E523BE9F3BD571418E3631DCA4D48
310
5250CF639223210A9446CA30052EDF057BD35F8329C1ECD84552BF0DC8D18BE7BCE23BFE6BD960AB4A7DE79923A103BEBD80F911CBAA2C60DB19B01CF164A5583B772EE6D3FFA56666CBCDA74DC97724A48F9A58967497E489C4D979006FD7A05E227A1EBDD0F737C623387A9C844D3709995625106D157315F8B8392CD4E0
310
A0B9A720C4BE9829CEF37EA1E13111214D53925356365ADA634861B52519DD27A00AEB808EAF0628E6F435519D446F45CF2C9CF5214F0A15B2F6D06B79DA3EE3CBF7F56780D2F4E7EF73A0F5E5B02A38D07DC852C6B7C1FBB6664213E0C39E3EBA7FF4E1AD23EA2829407C85E586727488B751B2DB9502BC7B228A3FD68B6E
310
A65A22397E690AA8D158D7E404EC8CDA235CC3B7D1898680131CEC2CDF2638C65196279577750F15884AEE19F94199155B92B13297978469D4F8D358DF0AEF7631E28DC8F0D9F437D5D39A83B2231A1D52D543813A824EF8D44BCFF2FA6A31BD1E8DAD87F1CCB526B3879935BF59CDADD5C37479BB1CDD4CA7B3556B516589
310
EF352754B706114D9C885EC9131DE6EFEB43D99AFE2391C2F958179413D7CFEF6B1B6DB1E7600F00DE6E5C67454A339A4BA2E0FBA85ED26F045D454F463DBFCE484C2F90F2E5E3666003662ED8F755951A7D1BECD5B30B550B2785C8E7320B7292A4838DDA71BBC863ED7613CAF659337A3354231D4FF4A182A54904C2898C
310
98B28C4AD0CE056CCF332A80986E571EE9DBC305BB5FEB7E509220A58D25CF042D712A806AC0AD0C657FDEF80D2D9CEAA2EE4D1C76F60BFE74219A06527D6F82DF6412526107381E55E353090704D085B52408A8913C4ED159D79BDA71BB4BC506F4831350EB6F975CD22D69BF7AC49B91A2C0A9DDA3D5CA36AD20FC478E37
310
E61844E2352865EBCB61A275A65283CAAA9DD27703B4102F5AF51EF5F573B75CBB5AD38BC845F7A49F82A0966A49C2E3EA5EA0ECD326CD965F1DB402C6FA8B51A4658C5C5E2EC9E214602E55810345408596591009A82E7E7FFACA19EEA299B14A0081A705CB3296EBC14CDF658DCD336EA6D1136881AAEB87B81AB9EE53D5
310
F5EB8BC8362082DA24122F98680A4E7930C01A0079749CEA14382A0783E5EBA5A10F8C098456A03D6A4AEB6BB881E2513747552A5DB22C7EDAF83BD5528081A365F7FF06504B0304140006080000CC70623B000000000000000000000000350000006662782F41393633353835312D344632462D344230382D423046372D37
310
39314545314133324237412F76657274696365732E62696E504B0304140006080800CC70623BF270F1330600000004000000360000006662782F41393633353835312D344632462D344230382D423046372D3739314545314133324237412F747269616E676C65732E62696E636660600000504B0304140006080000CC7062
310
3B000000000000000000000000370000006662782F41393633353835312D344632462D344230382D423046372D3739314545314133324237412F617474726962757465732E62696E504B0304140006080800CC70623B08DA0BD19000000041010000360000006662782F41393633353835312D344632462D344230382D4230
310
46372D3739314545314133324237412F6469726563746F72792E786D6C858F410AC3201045AF22B36F53E9A60B35CBEEBAE80D244E44489C6234F4F835464A48035D0DF398FF9F8AF63D0E6CC63039F212F8F9020C7D47C6792B21C5FE7403D62A1188E2E60C98D7234A5830286103A55745067B9D86B8A3CF9C7F90C11DE6
310
07FB144396D7B6A82D282E9A152AD114D5EF2CB866EEE831B8EEA07A7BB5A8D7D61A2BAAEB7FD5F70921FF497D00504B0304140006080800CC70623BEDD1DC58FD000000A00100003B0000006662782F41393633353835312D344632462D344230382D423046372D3739314545314133324237412F7265736F75726365732F
310
636F72652E786D6C8D504B6E833010BD0A9A6D65B00922041947112427E8052C33A156828DFCA97AFC9A40A576D7CDCCE87D344F8F9FBFE667F689CE6B6B3A6039850C8DB2A336530731DC4903D95970676DF82583CCC8193B5861107C72362E3BA4AC096842428D1D7107A5F7182053CF7474E0D507CE32973124857FE48B
310
540F3961CEF244279DE03EB81420DB9EAC1384436FA353E879B1B182C7A8C75DA3C7F453DF353A1075D537A7BA6464B8F535A99AE14A9A2BBD90E350DD183B5CFABE3AF262350B1EF4FC9351399401471025A527C218A1E53BAB5A5AB765F5469B96525EACF23FA6B88CFF34456DC2A1DCE36E360F82A5202F42F062ED2BAD
310
579969AFDD8A6F504B010214000A0000080000CC70623B3DEE336E79000000790000001B00000000000000000000000000000000006175746F6465736B2D64657369676E2D7061636B6167652E786D6C504B01021400140006080800CC70623BD486FD9CA0000000F40000001300000000000000000000000000B20000005B
310
436F6E74656E745F54797065735D2E786D6C504B01021400140006080800CC70623B853B8169EB0000007C010000080000000000000000000000000083010000636F72652E786D6C504B01021400140006080800CC70623B55019EA25F0000007C000000070000000000000000000000000094020000636E782E786D6C504B
310
01021400140006080800CC70623BDBABAAF470010000D40300000C00000000000000000000000000180300006662782F636F72652E786D6C504B01021400140006080800CC70623B9C113CC27E0000009D0000000B00000000000000000000000000B20400006662782F636E782E786D6C504B01021400140006080800CC70
310
623B7DF2F77C2A010000120200003100000000000000000000000000590500006662782F41393633353835312D344632462D344230382D423046372D3739314545314133324237412F636F72652E786D6C504B01021400140006080800CC70623BAD7543B64E010000330300003000000000000000000000000000D2060000
310
6662782F41393633353835312D344632462D344230382D423046372D3739314545314133324237412F636E782E786D6C504B01021400140006080800CC70623BE75B7789680500003C10000034000000000000000000000000006E0800006662782F41393633353835312D344632462D344230382D423046372D3739314545
310
314133324237412F6F626A656374732E786D6C504B01021400140006080000CC70623B0000000000000000000000003500000000000000000000000000280E00006662782F41393633353835312D344632462D344230382D423046372D3739314545314133324237412F76657274696365732E62696E504B01021400140006
310
080800CC70623BF270F133060000000400000036000000000000000000000000007B0E00006662782F41393633353835312D344632462D344230382D423046372D3739314545314133324237412F747269616E676C65732E62696E504B01021400140006080000CC70623B0000000000000000000000003700000000000000
310
000000000000D50E00006662782F41393633353835312D344632462D344230382D423046372D3739314545314133324237412F617474726962757465732E62696E504B01021400140006080800CC70623B08DA0BD1900000004101000036000000000000000000000000002A0F00006662782F41393633353835312D344632
310
462D344230382D423046372D3739314545314133324237412F6469726563746F72792E786D6C504B01021400140006080800CC70623BEDD1DC58FD000000A00100003B000000000000000000000000000E1000006662782F41393633353835312D344632462D344230382D423046372D3739314545314133324237412F7265
310
736F75726365732F636F72652E786D6C504B0506000000000E000E0080040000641100000000
  0
XRECORD
  5
1F8
102
{ACAD_REACTORS
330
1F7
102
}
330
1F7
100
AcDbXrecord
280
     1
 70
     1
 90
429727718
  1
30362254-06B7-45E0-A893-8CFA70E3D6BC
310
504B03040A0000080000CC70623B3DEE336E79000000790000001B0000006175746F6465736B2D64657369676E2D7061636B6167652E786D6C3C3F786D6C2076657273696F6E3D22312E302220656E636F64696E673D227574662D3822203F3E3C666F726D6174733E3C666F726D61743E687474703A2F2F736368656D612E
310
6175746F6465736B2E636F6D2F64657369676E2D7061636B6167652F323030393C2F666F726D61743E3C2F666F726D6174733E504B0304140006080800CC70623BD486FD9CA0000000F4000000130000005B436F6E74656E745F54797065735D2E786D6C7D8EC10E82300C865F65E91D8A1E8C310C0EEA1BF002731658846E
310
D98AC1B77784ABF1D8FE5FBFBF75BBCE937A534CCEB38643598122B6FEE978D0B0485F9C41B54DDD7D022595594E1A469170414C76A4D9A4D207E29CF43ECE46F218070CC6BECC4078ACAA135ACF422C856C0E68EA1BF5669944DDD7BCDE7B1F8E415D77AECB980613C2E4AC91FC167A2B244592486606FC29C8FD7F045B9A
310
EF7053A7E60B504B0304140006080800CC70623B1EC5D7A3EB0000007C01000008000000636F72652E786D6C8D90416EC3201045AF82665B6103C6756C6122AB4D4ED00B204C5C94182C03558F5F9C3852BBEB6A467FFE9B197D71FC9E6FE8CBACC17AD7032D0820E3B41FAD9B7A48F1820F808E52ACDEC75F36404ECDA687
310
4D0629A6D5A76597B477D1B89855E747B38B2A041301E95B6E7A08FAD3CCAA50296647B8168BD2573599823EBB0CA76447F43862C7BCCF5EAC59410E4DDD9C7973C2755553CCCFA4C603E3040F1565ED3B1FDE4E432BCA0D9622DAF9795FAF464533826484B498524CD807E51D79ED187F21878E10516EF63F505AC67F42C9
310
BA58B1FDDD071640D2FCC87D2045B96591CB3DA85CB7DCE40F504B0304140006080800CC70623B55019EA25F0000007C00000007000000636E782E786D6C4DCB3B0E80201045D1AD90E915ED2CF8AC45050C11660C8261F98AB1B07AC9C97D42D718D865D3E909258CFD00CCE24AC6E326A164D74DC0B4128928FF32603847
310
2BA13128B1252AC747C6BAB984FC68F0B87FE8960A5C09FE86CFB69FBA01504B0304140006080800CC70623B8C9102E971010000D40300000C0000006662782F636F72652E786D6CC5535B6E833010BC8AE5DF0A6C08340F1947A84D4ED00B38C6A128602363A31CBFCB234A53A551FA553EC09AD9F5CE8C31DB9E9B1AF5CA
310
7695D1198E428A91D2D214952E33ECDD315861B4E5CC1AE3BE9561A445A3323CC098B3D21ADFCE9034DA29ED00D5A6503328BA4E398C640D8B0C77F253352214DE4145770A5B214FA2546114020D759C75CE8200340D19DE981F0F6746269C33EFAB6266AB02A655C74A59CCF365BADC27CB5D902ED22848F6340DF238A141
310
BE88E2F57B92BFEDF23523433367AE6A2EEAA455C2A902F398D2751045018D3FA264435F3771F242571B4A1919CA6F9A7C5B3CD9E42BED16F12C776AEB308F40C848FC700B1139D4891EF410CEC810227CC6846F8386402064270EF5C5C709A05E49676C024C61FC95EA45ED154CA5211D1FF4FB8291A913A68E9B83EBBB33
310
E2A7673CDE118E5AE8124C0807CB8377834E366998436B950D7A7746DAD846D4CFD978E0F04FD455FC5D49D2D4C6FE9722321F10997F0F32DC47FE05504B0304140006080800CC70623BFFEA85907E0000009D0000000B0000006662782F636E782E786D6C4DCCD10A83201886E15B91FFDC95D95A811AB6F23E625948A6C3
310
E9D8E5AF46073BFAE0E1E365ED67B3E8ADC3CB78C7815C7240DA3DFC64DCC221C519D7805AC182F7F1EF06C88D9BE6703008B6049F9E274D7A1E938DBB5AE3D6131B2589BA0D3D965551E0B2EA732C9B9A624AAEB41E3A557677029960D9AFB4EF11165F504B0304140006080800CC70623B4FEEA4082C0100001202000031
310
0000006662782F39464131463745442D413632322D343644302D413938332D3331353338454246344243312F636F72652E786D6C8D515B6EC32010BC0AE2AB55850DD871ED0813254D72825EC00192A2C460F1A872FC42ED48ED5F7E00CDCECCCEB26C731F6FE05B39AFADE921293004CA082BB5B9F43086336A21D870E6AC
310
0D7F68109861543DCC30E4ECE26C9C164858139409093556AA051CBC570102714B8F1E7AF1A5C6A11862480C7F2DA6415C878B2A4891CA89C7990F2E050073937C42DE1DB7E4F87ED8A36D4329AA9B3D46DBAEAD504556557BD81DEBDD0761E52CE42C462D17B996298E3E6BE59E35C962CE821E1FF18553435012728A7187
310
0841987E927A8D9B35ADDF70BBC6989599FE4F1427F9A4286A132ABAC49D651EF234CD5CE04CDA78BA3DC2A8FB645D00B9DF8B57E215725C60BCA2A463E54C4CE327C7A65E1C7DB02E7DEFCBF594B864C5CA6CDBD49C957943E9FA5D5FBAF336F90F504B0304140006080800CC70623BAD7543B64E01000033030000300000
310
006662782F39464131463745442D413632322D343644302D413938332D3331353338454246344243312F636E782E786D6CD593CD6EC32010845F0571AD6CE3D48AD20813A9873E410FBD12D82434182C7EAAE6EDBB2424CD25871E7B41D6EC30B3FA84F9E67BB2E40B4234DE8DB46F1925E094D7C6ED479AD3AE5951B2113C
310
789FEE6C943839C1488B4C05DF079FE72A69D8C96C13AAD6B8631503449F83828872B949AC57D26200B826A308D316B4064D6E46FCDA41C05550DC9E483A00797BFD207EFB092A45DE9514C1BBD22178396BD39D891265658C238DEA00936C654E5E433CB65A26D9F6EDB5EBC14EBF49A45CB856E66048291F6939A9A81BB5
310
C8917738143CA680F4AA299D66A042CEB3354A2684DC9D8D178FE0D9B8B41CAAD720F880EE7EF93C0C18769E099ECC04D5A102C8049A8A05632F4DDF376CF1DE0F6BB65C2F8627B65A33C6BB62177CEBBDAD973006829F89F22E814B54F4BC2BE347F8AA8F681390B50FA73F804400B5F542E796F19FF974E7F78DB802FE05
310
E207504B0304140006080800CC70623B16AB87BA640500003C100000340000006662782F39464131463745442D413632322D343644302D413938332D3331353338454246344243312F6F626A656374732E786D6CAD575B6FA33818FD2B887DE6924B3BED8A326A92B68A663B534DD4D13E548A0C38942D60649B369D5FBFC7
310
600890A493BDE42160637FD7F31D7FF63E6FB3D478A55C242CBF3247B66B1A340F5994E4F19559CA8D75611A9F7D8F33263BCB4C232719BD32D5B4E97B316765A1A722BA21652A07B3B7B33F0D11D29C9A46981221AE4C113ED38CD8A4942CA2E2C58E882476BCD9DA23BB5ED8171B73523C0F841684D35CC252CCE79062D4
310
468DFA43D7747CCF51DF7D4FFDEB5593E3AB9CCA9FBEFE241792E4E19EB28198C968BAB8199F5D5A67D3E9C49A9E8F47D6EC76B6B0469F26EEFC7C3EBFBCBEB98462213924694B38DD98FE1D62C393D073EA4FADC5DAF04326852CCF6958F90F0F2B9BB5C48816348F90C7840A68EB78EDF68723159BCEE7891A6B95DDE9D3
310
BCEAEEE8086A6C6F9E5D4B59F0175C10A7A0820BAA5055C7473B5AE3CFDD452D602CD5DF12616444529E90D448938013FE6EFA58AA96F85E4F8C42275708571E98FE6827AF6B2B4AE3D7D83D64E5A64C53054DD3AF90BD06FEA9149565C94FCA0F6B834DC85599E4F2423B24DF0B6AFA979E534DFA9E7A4CC6FA631D486393
310
921829879BF5D781A373557BCB85E97FB90DB62B558F8795179C15944B051F40AB495CF35451D26A4727654E6D8033BD98EF82F21D91FF8AF2DD9982BCF1643BDD4EB516C9492E368C67C88DED563FC36D5EACF66DFF057C3658BDBFA69DF9578B3DA735B64F18C7F20770A9D45CFCF7FCF563D6456A277DBEF78A02637CA2
310
43B90A490AEAB94F72244481D24819A6C0E59B606BFA4B3025981DBB48EAB701D97BF19C577CC77F2D1B6C55A9EF3C732474C0B727303F625995056C3B02963D9EAC146BE78EC5FCEC7FA999EBC5EACBAAE41B12D27B4D2C0BBA49F244E2ECDC81B76B502F113D8F5EE8FB1BE3111CDD4FC2AA9B844CAB1288B68AB90A7CDC
310
1C166AB0D3DC5310625FCC14E779BFD0709F8890A629C9292B1B2DED31A4B0DA928CEE135085754027E3018A397D4D5427D15BD1330B677DC8934285AC3DF45A9EB68FF8F2B8FC0A509AFEECFD0FF2DE25CC6047F7214B195F07EFEB9A094D800F7BFAE8FED187B78EA8A3A400F115961BCAD1215E47C966530AF0EE8128FE
310
58CEBB996A8964FFA529A046635D9353B0336A8F700DDF46271A024E70B0B37C9DE01847591E54DED53D54202AB947E4076556AC49C6CA5C9E1226B7F1A7B1BE15DEED62C41B91E1B3E9AFAAA735036547343A925075041DF0A9979E893B391F8FCFA6967B3EFB644DCF6E5CEBFAE272625DCC6FAF3FB93793C5F90CE1EF57
310
407342756B10D1C489E8953CD1617E5CEECAD6F4EF8914CE5D5D504E5C3F1F9736DA62CFC11E00BCDDB8CC8A9466349744C1F75EBDA4DF09BA8A9E8C7A7E9991989E20E5DBDD6A6003664ED8F7A04A8DBE0DF6EAD9B9AA858342E47399053949D2C146EDB85DE4B176BB0965FBAC19BD19AA918E27FA50C1D22402E144464C
310
59462568E704B6E71915404CB72B8FF4EDE184DDAF753F284990D2C6926782963815403548A70C657FDEF80D2D9CEAA2AE4C1C76F60BFE74219A06527D6582DF6412526107381E55E353090704D085B52408D0933C4ED159D79BDA71BB4BC506F4831350EB6F979CD22D69BF7AC49B91A2C0A9DDA3D5CA36AD20FC478E37E6
310
1844E2352865EBCB6EA275A652E3836BE04EFB400BF1A2556F515F1FBB35B2AB35BD889C744FFA1004B5544B121E57F70215746DD2F5E2C1412B602CBF19455AC6C8E5E9922C4E01E65215385004546899059180EAFCF7A707CE7017CD8CDB0410789AB32C63B91E5CEBBBACB17AC6CD347A022D5075FD106377347AAABA7E
310
7D11590744509B44E205134DC1290F06580320F78E537D3D73540E06CB970B431F185308AD40BBD794D6D77003C5A36E8EAA54BA64597CD8F83BD552A080A365F7FF06504B0304140006080000CC70623B000000000000000000000000350000006662782F39464131463745442D413632322D343644302D413938332D3331
310
353338454246344243312F76657274696365732E62696E504B0304140006080800CC70623BF270F1330600000004000000360000006662782F39464131463745442D413632322D343644302D413938332D3331353338454246344243312F747269616E676C65732E62696E636660600000504B0304140006080000CC70623B
310
000000000000000000000000370000006662782F39464131463745442D413632322D343644302D413938332D3331353338454246344243312F617474726962757465732E62696E504B0304140006080800CC70623B08DA0BD19000000041010000360000006662782F39464131463745442D413632322D343644302D413938
310
332D3331353338454246344243312F6469726563746F72792E786D6C858F410AC3201045AF22B36F53E9A60B35CBEEBAE80D244E44489C6234F4F835464A48035D0DF398FF9F8AF63D0E6CC63039F212F8F9020C7D47C6792B21C5FE7403D62A1188E2E60C98D7234A5830286103A55745067B9D86B8A3CF9C7F90C11DE607
310
FB144396D7B6A82D282E9A152AD114D5EF2CB866EEE831B8EEA07A7BB5A8D7D61A2BAAEB7FD5F70921FF497D00504B0304140006080800CC70623B0D6EF93BFE000000A00100003B0000006662782F39464131463745442D413632322D343644302D413938332D3331353338454246344243312F7265736F75726365732F63
310
6F72652E786D6C8D50596E833010BD0A9ADFCA60B334011947A8694ED00B586642AC041B79A97AFC9A40A5F6AF3F33A3B7689E1E3F7DCD8FEC139DD7D6F4C0720A191A65476DA61E62B892236427C19DB5E1970C322367EC618541F0C9D9B8EC90B226A009093576C41D94DE63804C3DD2D18357379C652E63480A7FCF17A9
310
EE72C29CE5894E3AC17D702940B63D59270887DE46A7D0F36263058F518FBB468FE9A7BE6A7420864373B8D4873369AA8691FA421B3294352543C5CAF65C0F6FEF43CB8BD52C78D0F34F46E550061C419494B6843142CB0F5677F4B52BEB177AEC28E5C52AFF638ACBF84F53D42654E51E77B379102C05791282176B5F693D
310
CB4C7BED567C03504B010214000A0000080000CC70623B3DEE336E79000000790000001B00000000000000000000000000000000006175746F6465736B2D64657369676E2D7061636B6167652E786D6C504B01021400140006080800CC70623BD486FD9CA0000000F40000001300000000000000000000000000B20000005B
310
436F6E74656E745F54797065735D2E786D6C504B01021400140006080800CC70623B1EC5D7A3EB0000007C010000080000000000000000000000000083010000636F72652E786D6C504B01021400140006080800CC70623B55019EA25F0000007C000000070000000000000000000000000094020000636E782E786D6C504B
310
01021400140006080800CC70623B8C9102E971010000D40300000C00000000000000000000000000180300006662782F636F72652E786D6C504B01021400140006080800CC70623BFFEA85907E0000009D0000000B00000000000000000000000000B30400006662782F636E782E786D6C504B01021400140006080800CC70
310
623B4FEEA4082C0100001202000031000000000000000000000000005A0500006662782F39464131463745442D413632322D343644302D413938332D3331353338454246344243312F636F72652E786D6C504B01021400140006080800CC70623BAD7543B64E010000330300003000000000000000000000000000D5060000
310
6662782F39464131463745442D413632322D343644302D413938332D3331353338454246344243312F636E782E786D6C504B01021400140006080800CC70623B16AB87BA640500003C1000003400000000000000000000000000710800006662782F39464131463745442D413632322D343644302D413938332D3331353338
310
454246344243312F6F626A656374732E786D6C504B01021400140006080000CC70623B0000000000000000000000003500000000000000000000000000270E00006662782F39464131463745442D413632322D343644302D413938332D3331353338454246344243312F76657274696365732E62696E504B01021400140006
310
080800CC70623BF270F133060000000400000036000000000000000000000000007A0E00006662782F39464131463745442D413632322D343644302D413938332D3331353338454246344243312F747269616E676C65732E62696E504B01021400140006080000CC70623B0000000000000000000000003700000000000000
310
000000000000D40E00006662782F39464131463745442D413632322D343644302D413938332D3331353338454246344243312F617474726962757465732E62696E504B01021400140006080800CC70623B08DA0BD190000000410100003600000000000000000000000000290F00006662782F39464131463745442D413632
310
322D343644302D413938332D3331353338454246344243312F6469726563746F72792E786D6C504B01021400140006080800CC70623B0D6EF93BFE000000A00100003B000000000000000000000000000D1000006662782F39464131463745442D413632322D343644302D413938332D3331353338454246344243312F7265
310
736F75726365732F636F72652E786D6C504B0506000000000E000E0080040000641100000000
  0
XRECORD
  5
175
102
{ACAD_REACTORS
330
173
102
}
330
173
100
AcDbXrecord
280
     1
270
     1
271
     1
  0
XRECORD
  5
174
102
{ACAD_REACTORS
330
173
102
}
330
173
100
AcDbXrecord
280
     1
270
     1
271
     1
  0
XRECORD
  5
1FB
102
{ACAD_REACTORS
330
173
102
}
330
173
100
AcDbXrecord
280
     1
 70
     0
 90
1673772943
  1
ECE7A1D2-D628-4531-984C-D00F80459256
310
504B03040A0000080000CC70623B3DEE336E79000000790000001B0000006175746F6465736B2D64657369676E2D7061636B6167652E786D6C3C3F786D6C2076657273696F6E3D22312E302220656E636F64696E673D227574662D3822203F3E3C666F726D6174733E3C666F726D61743E687474703A2F2F736368656D612E
310
6175746F6465736B2E636F6D2F64657369676E2D7061636B6167652F323030393C2F666F726D61743E3C2F666F726D6174733E504B0304140006080800CC70623BD486FD9CA0000000F4000000130000005B436F6E74656E745F54797065735D2E786D6C7D8EC10E82300C865F65E91D8A1E8C310C0EEA1BF002731658846E
310
D98AC1B77784ABF1D8FE5FBFBF75BBCE937A534CCEB38643598122B6FEE978D0B0485F9C41B54DDD7D022595594E1A469170414C76A4D9A4D207E29CF43ECE46F218070CC6BECC4078ACAA135ACF422C856C0E68EA1BF5669944DDD7BCDE7B1F8E415D77AECB980613C2E4AC91FC167A2B244592486606FC29C8FD7F045B9A
310
EF7053A7E60B504B0304140006080800CC70623BD9DDAED0EC0000007C01000008000000636F72652E786D6C8D90416EC3201045AF82665B61836D9CD8C2444DD39CA01740405C94182C03558F5F9C3852BBEB6A467FFE9B197D7EF89E6EE8CB2CC17A37002D0820E394D7D68D03A478C17B4007C117EFE32F1B20272733C0
310
2A83E0E3E2D3BC49CABB685CCCAAF3DA6CA20CC14440EA969B0182FA34932C648AD911AEC52CD5558EA6A0CF2EC329598D1E47ACCEFBECC59A050463A7EA5833865FEBDD0E37353BE3EE8DBDE3F6786A48D375FBF6CC78B9C282473B3DEFABC5C86834888A900E538A49F5419B9EB47DD5BC907D4F082F57FB1F28CDFA9F50
310
B22ED6D5F6EE030B20687EE43E10BC5CB3C8E51E54AE6B6EE207504B0304140006080800CC70623B55019EA25F0000007C00000007000000636E782E786D6C4DCB3B0E80201045D1AD90E915ED2CF8AC45050C11660C8261F98AB1B07AC9C97D42D718D865D3E909258CFD00CCE24AC6E326A164D74DC0B4128928FF326038
310
472BA13128B1252AC747C6BAB984FC68F0B87FE8960A5C09FE86CFB69FBA01504B0304140006080800CC70623BA24EB22D72010000D40300000C0000006662782F636F72652E786D6CC5535B6E833010BC8AE5DF0A6C5E49888CA3A6694ED00B38E05014B091B1518EDFE511A5A9D228FD2A1F60CDEC7A67C6986DCE4D8D7A
310
69BA4AAB0C073EC548AA5C17952A33ECECD15B61B4E1CC686DBF9561A44423333CC098B3D268D7CE50AE9595CA02AA74216750749DB418E5352C32DCE59FB211BE70162ABA93DF8AFC244AE9073ED050C759670D0840D390E18DF9F1706664C23973AE2A66B62A605A75ACA4C13C4976E1364A12EF355A2EBD384AF65EFA96
310
BC7B8BED2EA6719AAE16FB8491A199335B351775B991C2CA02F390D2D40B028F861F41BCA68B7518BFD0D59A524686F29B26D7164F36B94AD9289CE54E6D1DE6010819891F6E21228B3AD1831EC219194284CF98F06DD01008846CC5A1BEF83801D4CBDC6A1303536877A57A513B0953A94FC707FDBE6064EA84A9E3E6E0FA
310
EE8CF0E9198F7784A316AA0413C2C2F2E0ECA0934D1AE6D05A69BCDE9E91D2A611F573361E38FC1375157F5752AE6B6DFE4B11990F88CCBF0719EE23FF02504B0304140006080800CC70623B408A7D3B7C0000009D0000000B0000006662782F636E782E786D6C4DCCD10A83201886E15B91FFDC552A92A0064DBC8F581632
310
D3703A76F9ABD1C18E3E78F878E5F0D9027ABBFCF2292AE86E2D20171F69F6715550CB827B40839639A5F2770314A7CD293819B45C73AAFB45B35BA61ACAA1C1C7E7855C58C15BC331339661262CC762340413D68D77DA5B42298546CBE6573AF60CEB2F504B0304140006080800CC70623B449FB9BD290100001202000031
310
0000006662782F36394639363044362D344446342D343946362D394244322D3234314243333846323333332F636F72652E786D6C8D515B6EC32010BC0AE22B55850D98B871848994463E412FE002495162B07854397EA176A4F62F3F2C9A9D991D587EB84F37F0AD7D30CEF6905418026DA553C65E7A98E219ED203808EE9D
310
8B7F6810D871D23D2C3014FCE25D9A57483A1BB58D19B54EE9151C43D0110279CB971E06F9A5A7B11A53CC8C70ADE6515EC78BAE4895DB992778883E0700CB907242D17643D7E2538BD869608875438BBAE38922CAC8F1BDD90DB4691A5E2F42C153326A951B95E398B3D1FE599322163C9AE9115F7A3D46ADA0A018778810
310
84E907617BDCEE297BC5BB3DC6BC2EF47FA234AB2745C9D8D8D035EE220B50105E2F0DC1954B9FB747187D9F9D8FA0CCDB042D5FA0C015C65B42DF78BD10F3F3B363CB56C7109DCFDFBBB97E662ED92EB62D13BC2E1BCAE5777DB9966D8A1F504B0304140006080800CC70623BAD7543B64E01000033030000300000006662
310
782F36394639363044362D344446342D343946362D394244322D3234314243333846323333332F636E782E786D6CD593CD6EC32010845F0571AD6CE3D48AD20813A9873E410FBD12D82434182C7EAAE6EDBB2424CD25871E7B41D6EC30B3FA84F9E67BB2E40B4234DE8DB46F1925E094D7C6ED479AD3AE5951B2113C789FEE
310
6C943839C1488B4C05DF079FE72A69D8C96C13AAD6B8631503449F83828872B949AC57D26200B826A308D316B4064D6E46FCDA41C05550DC9E483A00797BFD207EFB092A45DE9514C1BBD22178396BD39D891265658C238DEA00936C654E5E433CB65A26D9F6EDB5EBC14EBF49A45CB856E66048291F6939A9A81BB5C89177
310
38143CA680F4AA299D66A042CEB3354A2684DC9D8D178FE0D9B8B41CAAD720F880EE7EF93C0C18769E099ECC04D5A102C8049A8A05632F4DDF376CF1DE0F6BB65C2F8627B65A33C6BB62177CEBBDAD973006829F89F22E814B54F4BC2BE347F8AA8F681390B50FA73F804400B5F542E796F19FF974E7F78DB802FE05E20750
310
4B0304140006080800CC70623B8D05915C650500003B100000340000006662782F36394639363044362D344446342D343946362D394244322D3234314243333846323333332F6F626A656374732E786D6CAD575B6FA33814FE2B887D06429276DA1565D4266D158D3A339A6846FB502932E050B66023DB74D2FDF5FB190C01
310
9276B2973C046C8ECFF53B17071F77456EBD502133CEAE6CDF9DD81665314F32965ED995DA3A17B6F5310C04E7AA47665B8C14F4CAD6DB7618A48257A5D94AE89654B91AEDDEDDFC61C998326A5B714EA4BCB265FC440BE2924AF184CA6737218AB8E976E7FA6E4338649B0A523E8D98964450A6A029F619B8588D52FE7039
310
B1BD30F0F4F730D0FF866AF6369557DB33949F31A9088B0F848DD8CCFCF9F2767A76E99CCDE733677E3EF59D9BBB9BA5E37F984D16E78BC5E5F5ED25044B25C0C96822E8D60EEFE11B91C581D77CEA34368A1F5329E68CD1B8B61F16D63A1B8E092D294B10C78C4A48EB593D192E7DED9BDEE7995E1B91FDEDD3ACEA9FE831
310
6A756F9F7D4D79F4274C90A7A04248AA51D5F8C718DAE06FB2F75AC4796EBE65D22A88A22223B995679120E2D50E41AA49C260C046A35368846B0BECD0DFF3EBEB8AD4F835768F69B9ADF25C43D30E6B646F807FAA64AD59F61715C7A54127C4AACA98BA3006A9D792DAE165E0D59B61A01FB3A9F9D838D2DAE62445C86166
310
F37564E842E7DE6A69879FEEA2DD5AE7E371E1A5E025154AC307D06A03D73EB5978C58FFA4C8E9033066E0F3BD53BEC1F39F91BE7B55103791EDE6BBB991A2046172CB4581D8B893FA674DDA17A77B3B7C413D1B511FD2743BFF8A38F03A658705E3ADF8015C3A3417FF3D7E439FF591DA0B5F18BC20C1B8981957AE6392A3
310
F43C640C01D1A0B4728E2DD4F26DB4B3C3152A252A3B4E913CEC1C72F012782FF88EFF8637AA552DBEF76408E8A8DE9E50F9E1CB3A2DA0DB1B6039A893B56063DC5B3E3FFB5F72E67AB9FEB4AEC496C4F4C1149625DD662C53E89D7BF0F6151A046260D1337DFDC94502430F83B0EE07A130A224BCAD7DAE1D9FB6CD422FF6
310
920702629C4BB9AE79C12F243C6432A6794E18E5552BA56B431AAB5D91317302B2B071E86C3A42B1A02F999E24061403B5D0EB639195DA655DD3EBEAB4FB862DDF579F014AD0E73C22F99E28DA57FB98E75C6CA2D74D53086D600F4786E0FE3144B771A8A7B900F03594DB8A633CBC49B2EDB69228BB479CF863B5E807AAAB
310
23872F6DFEB4129B949CA33823F58830E86D65621E10047D9DB34D862E8EAC3C2ABC2F7B2C40D67CDFE01F5545B92105AF983AC54D93D69E56FB8E797F88913F898A9FEC705D3F9D1B54EC8426FB500D40A03BD0119B06E1B95DDC7EB8F6975367793EBD70E66733DFB9BC982F9CE564727731999F5D4ECFCE3B8D6A4DC2A0
310
6D50FD148437D110834A64C6CDDF57FBACB5C307A2A477DFE4939736CFEF2B175371E0E10CF0DD1D5C15654E0BCA14D1E87DD02FF93782A162C0A3D95F1524A52770F972BF1EE9809D13CE7DD599467F8ECE9ADD85CE85A34CD45355448C64F9E8A031DC2D596ACC6E5DD93D9B82DE2EF5CAF81363A8E47996A0DE24564A79
310
4115AACE09C55E14540231FDA13C319787134EBF34E3A022514E5B4D9E0826E25C02D5805B15ABE1BEF51B26383D445DD9E875EE33FE4C22DA16427D65A3BCA92CA6D28DD01DF5DC53330704308475351050232CCD31583787BA75774AFB06E5070DD0C8EF484E19968C5D83BA5B90B244D31E54D55A372320FE4786B7EA58
310
44E135AA5467CB7EA333A61683CC6A8C3257034C10CF46F40EF9F5BE59BE5BD30C3C72D235E95D10345C1D45445A5F0BB47E46A5EBE5570F9380B5FA629579952296A773720405982B9DE04011506178964401AA8BDF1FBF0A8EAB6861DD6580C0E38217056766716DAEB2D6FA0917D3E4116581EADB879C4E7CFFB11EFACD
310
3D641311495D92C8676CB409A72D18610D803CE8A626049E8EC1887CB5B44CC39883690DDA8399B4B9855B481E7D71D4A9D22F96E5BB73BF5793020C02137BF837504B0304140006080000CC70623B000000000000000000000000350000006662782F36394639363044362D344446342D343946362D394244322D32343142
310
43333846323333332F76657274696365732E62696E504B0304140006080800CC70623BF270F1330600000004000000360000006662782F36394639363044362D344446342D343946362D394244322D3234314243333846323333332F747269616E676C65732E62696E636660600000504B0304140006080000CC70623B0000
310
00000000000000000000370000006662782F36394639363044362D344446342D343946362D394244322D3234314243333846323333332F617474726962757465732E62696E504B0304140006080800CC70623B08DA0BD19000000041010000360000006662782F36394639363044362D344446342D343946362D394244322D
310
3234314243333846323333332F6469726563746F72792E786D6C858F410AC3201045AF22B36F53E9A60B35CBEEBAE80D244E44489C6234F4F835464A48035D0DF398FF9F8AF63D0E6CC63039F212F8F9020C7D47C6792B21C5FE7403D62A1188E2E60C98D7234A5830286103A55745067B9D86B8A3CF9C7F90C11DE607FB14
310
4396D7B6A82D282E9A152AD114D5EF2CB866EEE831B8EEA07A7BB5A8D7D61A2BAAEB7FD5F70921FF497D00504B0304140006080800CC70623BCA768048FE000000A00100003B0000006662782F36394639363044362D344446342D343946362D394244322D3234314243333846323333332F7265736F75726365732F636F72
310
652E786D6C8D50596E833010BD0A9ADFCA60D600328E9AA639412F609909B1126CE4A5EAF16B0295DABFFECC8CDEA2797AECF8353F924FB44E193D409E5248504B332A3D0D10FC95B4901C39B3C6F85F3248B49871801506CE266BC2B243D2688FDA47549B11775038871E12F988C7004EDE7016A9083E2ADC3D5D84BC8B09
310
D33C8D74D471E6BC8D0192EDC93A815B742658898E651BCB59086ADC356A8C3FD555A1055ED7E7E254D615792D0F075295F585746FF53B694EE78A565DD736979A65AB9933AFE69F8CD2A2F038022F28ED489E135A7CE4554F9BBEA85E68DB53CAB255FEC71496F19FA6A0B42F8B3DEE6673C0F318E4497096AD7DC5F52C33
310
EEB55BFE0D504B010214000A0000080000CC70623B3DEE336E79000000790000001B00000000000000000000000000000000006175746F6465736B2D64657369676E2D7061636B6167652E786D6C504B01021400140006080800CC70623BD486FD9CA0000000F40000001300000000000000000000000000B20000005B436F
310
6E74656E745F54797065735D2E786D6C504B01021400140006080800CC70623BD9DDAED0EC0000007C010000080000000000000000000000000083010000636F72652E786D6C504B01021400140006080800CC70623B55019EA25F0000007C000000070000000000000000000000000095020000636E782E786D6C504B0102
310
1400140006080800CC70623BA24EB22D72010000D40300000C00000000000000000000000000190300006662782F636F72652E786D6C504B01021400140006080800CC70623B408A7D3B7C0000009D0000000B00000000000000000000000000B50400006662782F636E782E786D6C504B01021400140006080800CC70623B
310
449FB9BD290100001202000031000000000000000000000000005A0500006662782F36394639363044362D344446342D343946362D394244322D3234314243333846323333332F636F72652E786D6C504B01021400140006080800CC70623BAD7543B64E010000330300003000000000000000000000000000D20600006662
310
782F36394639363044362D344446342D343946362D394244322D3234314243333846323333332F636E782E786D6C504B01021400140006080800CC70623B8D05915C650500003B10000034000000000000000000000000006E0800006662782F36394639363044362D344446342D343946362D394244322D32343142433338
310
46323333332F6F626A656374732E786D6C504B01021400140006080000CC70623B0000000000000000000000003500000000000000000000000000250E00006662782F36394639363044362D344446342D343946362D394244322D3234314243333846323333332F76657274696365732E62696E504B010214001400060808
310
00CC70623BF270F13306000000040000003600000000000000000000000000780E00006662782F36394639363044362D344446342D343946362D394244322D3234314243333846323333332F747269616E676C65732E62696E504B01021400140006080000CC70623B00000000000000000000000037000000000000000000
310
00000000D20E00006662782F36394639363044362D344446342D343946362D394244322D3234314243333846323333332F617474726962757465732E62696E504B01021400140006080800CC70623B08DA0BD190000000410100003600000000000000000000000000270F00006662782F36394639363044362D344446342D
310
343946362D394244322D3234314243333846323333332F6469726563746F72792E786D6C504B01021400140006080800CC70623BCA768048FE000000A00100003B000000000000000000000000000B1000006662782F36394639363044362D344446342D343946362D394244322D3234314243333846323333332F7265736F
310
75726365732F636F72652E786D6C504B0506000000000E000E0080040000621100000000
  0
XRECORD
  5
176
102
{ACAD_REACTORS
330
173
102
}
330
173
100
AcDbXrecord
280
     1
270
     1
271
     1
  0
XRECORD
  5
177
102
{ACAD_REACTORS
330
173
102
}
330
173
100
AcDbXrecord
280
     1
270
     1
271
     1
  0
CELLSTYLEMAP
  5
1883
102
{ACAD_REACTORS
330
162
102
}
330
162
100
AcDbCellStyleMap
 90
        3
300
CELLSTYLE
  1
TABLEFORMAT_BEGIN
 90
        5
170
     1
 91
        0
 92
    32768
 62
   257
 93
        1
300
CONTENTFORMAT
  1
CONTENTFORMAT_BEGIN
 90
        0
 91
        0
 92
      512
 93
        0
300

 40
0.0
140
1.0
 94
        5
 62
     0
340
11
144
6.0
309
CONTENTFORMAT_END
171
     1
301
MARGIN
  1
CELLMARGIN_BEGIN
 40
1.5
 40
1.5
 40
1.5
 40
1.5
 40
0.18
 40
0.18
309
CELLMARGIN_END
 94
        6
 95
        1
302
GRIDFORMAT
  1
GRIDFORMAT_BEGIN
 90
        0
 91
        1
 62
     0
 92
       -2
340
14
 93
        0
 40
1.125
309
GRIDFORMAT_END
 95
        2
302
GRIDFORMAT
  1
GRIDFORMAT_BEGIN
 90
        0
 91
        1
 62
     0
 92
       -2
340
14
 93
        0
 40
1.125
309
GRIDFORMAT_END
 95
        4
302
GRIDFORMAT
  1
GRIDFORMAT_BEGIN
 90
        0
 91
        1
 62
     0
 92
       -2
340
14
 93
        0
 40
1.125
309
GRIDFORMAT_END
 95
        8
302
GRIDFORMAT
  1
GRIDFORMAT_BEGIN
 90
        0
 91
        1
 62
     0
 92
       -2
340
14
 93
        0
 40
1.125
309
GRIDFORMAT_END
 95
       16
302
GRIDFORMAT
  1
GRIDFORMAT_BEGIN
 90
        0
 91
        1
 62
     0
 92
       -2
340
14
 93
        0
 40
1.125
309
GRIDFORMAT_END
 95
       32
302
GRIDFORMAT
  1
GRIDFORMAT_BEGIN
 90
        0
 91
        1
 62
     0
 92
       -2
340
14
 93
        0
 40
1.125
309
GRIDFORMAT_END
309
TABLEFORMAT_END
  1
CELLSTYLE_BEGIN
 90
        1
 91
        1
300
_TITLE
309
CELLSTYLE_END
300
CELLSTYLE
  1
TABLEFORMAT_BEGIN
 90
        5
170
     1
 91
        0
 92
        0
 62
   257
 93
        1
300
CONTENTFORMAT
  1
CONTENTFORMAT_BEGIN
 90
        0
 91
        0
 92
      512
 93
        0
300

 40
0.0
140
1.0
 94
        5
 62
     0
340
11
144
4.5
309
CONTENTFORMAT_END
171
     1
301
MARGIN
  1
CELLMARGIN_BEGIN
 40
1.5
 40
1.5
 40
1.5
 40
1.5
 40
0.18
 40
0.18
309
CELLMARGIN_END
 94
        6
 95
        1
302
GRIDFORMAT
  1
GRIDFORMAT_BEGIN
 90
        0
 91
        1
 62
     0
 92
       -2
340
14
 93
        0
 40
1.125
309
GRIDFORMAT_END
 95
        2
302
GRIDFORMAT
  1
GRIDFORMAT_BEGIN
 90
        0
 91
        1
 62
     0
 92
       -2
340
14
 93
        0
 40
1.125
309
GRIDFORMAT_END
 95
        4
302
GRIDFORMAT
  1
GRIDFORMAT_BEGIN
 90
        0
 91
        1
 62
     0
 92
       -2
340
14
 93
        0
 40
1.125
309
GRIDFORMAT_END
 95
        8
302
GRIDFORMAT
  1
GRIDFORMAT_BEGIN
 90
        0
 91
        1
 62
     0
 92
       -2
340
14
 93
        0
 40
1.125
309
GRIDFORMAT_END
 95
       16
302
GRIDFORMAT
  1
GRIDFORMAT_BEGIN
 90
        0
 91
        1
 62
     0
 92
       -2
340
14
 93
        0
 40
1.125
309
GRIDFORMAT_END
 95
       32
302
GRIDFORMAT
  1
GRIDFORMAT_BEGIN
 90
        0
 91
        1
 62
     0
 92
       -2
340
14
 93
        0
 40
1.125
309
GRIDFORMAT_END
309
TABLEFORMAT_END
  1
CELLSTYLE_BEGIN
 90
        2
 91
        1
300
_HEADER
309
CELLSTYLE_END
300
CELLSTYLE
  1
TABLEFORMAT_BEGIN
 90
        5
170
     1
 91
        0
 92
        0
 62
   257
 93
        1
300
CONTENTFORMAT
  1
CONTENTFORMAT_BEGIN
 90
        0
 91
        0
 92
      512
 93
        0
300

 40
0.0
140
1.0
 94
        2
 62
     0
340
11
144
4.5
309
CONTENTFORMAT_END
171
     1
301
MARGIN
  1
CELLMARGIN_BEGIN
 40
1.5
 40
1.5
 40
1.5
 40
1.5
 40
0.18
 40
0.18
309
CELLMARGIN_END
 94
        6
 95
        1
302
GRIDFORMAT
  1
GRIDFORMAT_BEGIN
 90
        0
 91
        1
 62
     0
 92
       -2
340
14
 93
        0
 40
1.125
309
GRIDFORMAT_END
 95
        2
302
GRIDFORMAT
  1
GRIDFORMAT_BEGIN
 90
        0
 91
        1
 62
     0
 92
       -2
340
14
 93
        0
 40
1.125
309
GRIDFORMAT_END
 95
        4
302
GRIDFORMAT
  1
GRIDFORMAT_BEGIN
 90
        0
 91
        1
 62
     0
 92
       -2
340
14
 93
        0
 40
1.125
309
GRIDFORMAT_END
 95
        8
302
GRIDFORMAT
  1
GRIDFORMAT_BEGIN
 90
        0
 91
        1
 62
     0
 92
       -2
340
14
 93
        0
 40
1.125
309
GRIDFORMAT_END
 95
       16
302
GRIDFORMAT
  1
GRIDFORMAT_BEGIN
 90
        0
 91
        1
 62
     0
 92
       -2
340
14
 93
        0
 40
1.125
309
GRIDFORMAT_END
 95
       32
302
GRIDFORMAT
  1
GRIDFORMAT_BEGIN
 90
        0
 91
        1
 62
     0
 92
       -2
340
14
 93
        0
 40
1.125
309
GRIDFORMAT_END
309
TABLEFORMAT_END
  1
CELLSTYLE_BEGIN
 90
        3
 91
        2
300
_DATA
309
CELLSTYLE_END
  0
ENDSEC
  0
SECTION
  2
ACDSDATA
 70
     2
 71
     8
  0
ACDSSCHEMA
 90
        0
  1
AcDb_Thumbnail_Schema
  2
AcDbDs::ID
280
    10
 91
        8
  2
Thumbnail_Data
280
    15
 91
        0
101
ACDSRECORD
 95
        0
 90
        1
  2
AcDbDs::TreatedAsObjectData
280
     1
291
     1
101
ACDSRECORD
 95
        0
 90
        2
  2
AcDbDs::Legacy
280
     1
291
     1
101
ACDSRECORD
  1
AcDbDs::ID
 90
        3
  2
AcDs:Indexable
280
     1
291
     1
101
ACDSRECORD
  1
AcDbDs::ID
 90
        4
  2
AcDbDs::HandleAttribute
280
     7
282
     1
  0
ACDSSCHEMA
 90
        1
  1
AcDbDs::TreatedAsObjectDataSchema
  2
AcDbDs::TreatedAsObjectData
280
     1
 91
        0
  0
ACDSSCHEMA
 90
        2
  1
AcDbDs::LegacySchema
  2
AcDbDs::Legacy
280
     1
 91
        0
  0
ACDSSCHEMA
 90
        3
  1
AcDbDs::IndexedPropertySchema
  2
AcDs:Indexable
280
     1
 91
        0
  0
ACDSSCHEMA
 90
        4
  1
AcDbDs::HandleAttributeSchema
  2
AcDbDs::HandleAttribute
280
     7
 91
        1
284
     1
  0
ACDSRECORD
 90
        0
  2
AcDbDs::ID
280
    10
320
22
  2
Thumbnail_Data
280
    15
 94
      896
310
89504E470D0A1A0A0000000D49484452000001000000009108030000001BE1960600000300504C5445212830FFFFFF2128300000000000000000000000000000000000000000000000000000330000660000990000CC0000FF0033000033330033660033990033CC0033FF0066000066330066660066990066CC0066FF0099
310
000099330099660099990099CC0099FF00CC0000CC3300CC6600CC9900CCCC00CCFF00FF0000FF3300FF6600FF9900FFCC00FFFF3300003300333300663300993300CC3300FF3333003333333333663333993333CC3333FF3366003366333366663366993366CC3366FF3399003399333399663399993399CC3399FF33CC00
310
33CC3333CC6633CC9933CCCC33CCFF33FF0033FF3333FF6633FF9933FFCC33FFFF6600006600336600666600996600CC6600FF6633006633336633666633996633CC6633FF6666006666336666666666996666CC6666FF6699006699336699666699996699CC6699FF66CC0066CC3366CC6666CC9966CCCC66CCFF66FF0066
310
FF3366FF6666FF9966FFCC66FFFF9900009900339900669900999900CC9900FF9933009933339933669933999933CC9933FF9966009966339966669966999966CC9966FF9999009999339999669999999999CC9999FF99CC0099CC3399CC6699CC9999CCCC99CCFF99FF0099FF3399FF6699FF9999FFCC99FFFFCC0000CC00
310
33CC0066CC0099CC00CCCC00FFCC3300CC3333CC3366CC3399CC33CCCC33FFCC6600CC6633CC6666CC6699CC66CCCC66FFCC9900CC9933CC9966CC9999CC99CCCC99FFCCCC00CCCC33CCCC66CCCC99CCCCCCCCCCFFCCFF00CCFF33CCFF66CCFF99CCFFCCCCFFFFFF0000FF0033FF0066FF0099FF00CCFF00FFFF3300FF3333
310
FF3366FF3399FF33CCFF33FFFF6600FF6633FF6666FF6699FF66CCFF66FFFF9900FF9933FF9966FF9999FF99CCFF99FFFFCC00FFCC33FFCC66FFCC99FFCCCCFFCCFFFFFF00FFFF33FFFF66FFFF99FFFFCCFFFFFF0000000D0D0D1A1A1A2828283535354343435050505D5D5D6B6B6B787878868686939393A1A1A1AEAEAEBB
310
BBBBC9C9C9D6D6D6E4E4E4F1F1F1FFFFFF0000000000000000000000000000000000000000000000000000000000002E4550F10000003B4944415478DAEDC13101000000C2A0F54F6D0B2FA0000000000000000000000000000000000000000000000000000000000000000000000000CE06919100016C9A5B1B0000000049
310
454E44AE426082
  0
ENDSEC
  0
EOF
