  0
SECTION
  2
HEADER
  9
$ACADVER
  1
AC1032
  9
$ACADMAINTVER
 90
      228
  9
$DWGCODEPAGE
  3
ANSI_1254
  9
$LASTSAVEDBY
  1
BEYKENT
  9
$REQUIREDVERSIONS
160
                 0
  9
$INSBASE
 10
0.0
 20
0.0
 30
0.0
  9
$EXTMIN
 10
1290.21477563189
 20
420.7896890445335
 30
0.0
  9
$EXTMAX
 10
4469.119763371411
 20
2817.979049700525
 30
0.0
  9
$LIMMIN
 10
0.0
 20
0.0
  9
$LIMMAX
 10
420.0
 20
297.0
  9
$ORTHOMODE
 70
     0
  9
$REGENMODE
 70
     1
  9
$FILLMODE
 70
     1
  9
$QTEXTMODE
 70
     0
  9
$MIRRTEXT
 70
     0
  9
$LTSCALE
 40
1.0
  9
$ATTMODE
 70
     1
  9
$TEXTSIZE
 40
2.5
  9
$TRACEWID
 40
1.0
  9
$TEXTSTYLE
  7
Standard
  9
$CLAYER
  8
0
  9
$CELTYPE
  6
ByLayer
  9
$CECOLOR
 62
   256
  9
$CELTSCALE
 40
1.0
  9
$DISPSILH
 70
     0
  9
$DIMSCALE
 40
1.0
  9
$DIMASZ
 40
2.5
  9
$DIMEXO
 40
0.625
  9
$DIMDLI
 40
3.75
  9
$DIMRND
 40
0.0
  9
$DIMDLE
 40
0.0
  9
$DIMEXE
 40
1.25
  9
$DIMTP
 40
0.0
  9
$DIMTM
 40
0.0
  9
$DIMTXT
 40
2.5
  9
$DIMCEN
 40
2.5
  9
$DIMTSZ
 40
0.0
  9
$DIMTOL
 70
     0
  9
$DIMLIM
 70
     0
  9
$DIMTIH
 70
     0
  9
$DIMTOH
 70
     0
  9
$DIMSE1
 70
     0
  9
$DIMSE2
 70
     0
  9
$DIMTAD
 70
     1
  9
$DIMZIN
 70
     8
  9
$DIMBLK
  1

  9
$DIMASO
 70
     1
  9
$DIMSHO
 70
     1
  9
$DIMPOST
  1

  9
$DIMAPOST
  1

  9
$DIMALT
 70
     0
  9
$DIMALTD
 70
     3
  9
$DIMALTF
 40
0.03937007874016
  9
$DIMLFAC
 40
1.0
  9
$DIMTOFL
 70
     1
  9
$DIMTVP
 40
0.0
  9
$DIMTIX
 70
     0
  9
$DIMSOXD
 70
     0
  9
$DIMSAH
 70
     0
  9
$DIMBLK1
  1

  9
$DIMBLK2
  1

  9
$DIMSTYLE
  2
ISO-25
  9
$DIMCLRD
 70
     0
  9
$DIMCLRE
 70
     0
  9
$DIMCLRT
 70
     0
  9
$DIMTFAC
 40
1.0
  9
$DIMGAP
 40
0.625
  9
$DIMJUST
 70
     0
  9
$DIMSD1
 70
     0
  9
$DIMSD2
 70
     0
  9
$DIMTOLJ
 70
     0
  9
$DIMTZIN
 70
     8
  9
$DIMALTZ
 70
     0
  9
$DIMALTTZ
 70
     0
  9
$DIMUPT
 70
     0
  9
$DIMDEC
 70
     2
  9
$DIMTDEC
 70
     2
  9
$DIMALTU
 70
     2
  9
$DIMALTTD
 70
     3
  9
$DIMTXSTY
  7
Standard
  9
$DIMAUNIT
 70
     0
  9
$DIMADEC
 70
     0
  9
$DIMALTRND
 40
0.0
  9
$DIMAZIN
 70
     0
  9
$DIMDSEP
 70
    44
  9
$DIMATFIT
 70
     3
  9
$DIMFRAC
 70
     0
  9
$DIMLDRBLK
  1

  9
$DIMLUNIT
 70
     2
  9
$DIMLWD
 70
    -2
  9
$DIMLWE
 70
    -2
  9
$DIMTMOVE
 70
     0
  9
$DIMFXL
 40
1.0
  9
$DIMFXLON
 70
     0
  9
$DIMJOGANG
 40
0.7853981633974483
  9
$DIMTFILL
 70
     0
  9
$DIMTFILLCLR
 70
     0
  9
$DIMARCSYM
 70
     0
  9
$DIMLTYPE
  6

  9
$DIMLTEX1
  6

  9
$DIMLTEX2
  6

  9
$DIMTXTDIRECTION
 70
     0
  9
$LUNITS
 70
     2
  9
$LUPREC
 70
     4
  9
$SKETCHINC
 40
1.0
  9
$FILLETRAD
 40
0.0
  9
$AUNITS
 70
     0
  9
$AUPREC
 70
     0
  9
$MENU
  1
.
  9
$ELEVATION
 40
0.0
  9
$PELEVATION
 40
0.0
  9
$THICKNESS
 40
0.0
  9
$LIMCHECK
 70
     0
  9
$CHAMFERA
 40
0.0
  9
$CHAMFERB
 40
0.0
  9
$CHAMFERC
 40
0.0
  9
$CHAMFERD
 40
0.0
  9
$SKPOLY
 70
     0
  9
$TDCREATE
 40
2461128.597905092
  9
$TDUCREATE
 40
2461128.472905092
  9
$TDUPDATE
 40
2461128.598090278
  9
$TDUUPDATE
 40
2461128.473090278
  9
$TDINDWG
 40
0.0001851852
  9
$TDUSRTIMER
 40
0.0001851852
  9
$USRTIMER
 70
     1
  9
$ANGBASE
 50
0.0
  9
$ANGDIR
 70
     0
  9
$PDMODE
 70
     0
  9
$PDSIZE
 40
0.0
  9
$PLINEWID
 40
0.0
  9
$SPLFRAME
 70
     0
  9
$SPLINETYPE
 70
     6
  9
$SPLINESEGS
 70
     8
  9
$HANDSEED
  5
1895
  9
$SURFTAB1
 70
     6
  9
$SURFTAB2
 70
     6
  9
$SURFTYPE
 70
     6
  9
$SURFU
 70
     6
  9
$SURFV
 70
     6
  9
$UCSBASE
  2

  9
$UCSNAME
  2

  9
$UCSORG
 10
0.0
 20
0.0
 30
0.0
  9
$UCSXDIR
 10
1.0
 20
0.0
 30
0.0
  9
$UCSYDIR
 10
0.0
 20
1.0
 30
0.0
  9
$UCSORTHOREF
  2

  9
$UCSORTHOVIEW
 70
     0
  9
$UCSORGTOP
 10
0.0
 20
0.0
 30
0.0
  9
$UCSORGBOTTOM
 10
0.0
 20
0.0
 30
0.0
  9
$UCSORGLEFT
 10
0.0
 20
0.0
 30
0.0
  9
$UCSORGRIGHT
 10
0.0
 20
0.0
 30
0.0
  9
$UCSORGFRONT
 10
0.0
 20
0.0
 30
0.0
  9
$UCSORGBACK
 10
0.0
 20
0.0
 30
0.0
  9
$PUCSBASE
  2

  9
$PUCSNAME
  2

  9
$PUCSORG
 10
0.0
 20
0.0
 30
0.0
  9
$PUCSXDIR
 10
1.0
 20
0.0
 30
0.0
  9
$PUCSYDIR
 10
0.0
 20
1.0
 30
0.0
  9
$PUCSORTHOREF
  2

  9
$PUCSORTHOVIEW
 70
     0
  9
$PUCSORGTOP
 10
0.0
 20
0.0
 30
0.0
  9
$PUCSORGBOTTOM
 10
0.0
 20
0.0
 30
0.0
  9
$PUCSORGLEFT
 10
0.0
 20
0.0
 30
0.0
  9
$PUCSORGRIGHT
 10
0.0
 20
0.0
 30
0.0
  9
$PUCSORGFRONT
 10
0.0
 20
0.0
 30
0.0
  9
$PUCSORGBACK
 10
0.0
 20
0.0
 30
0.0
  9
$USERI1
 70
     0
  9
$USERI2
 70
     0
  9
$USERI3
 70
     0
  9
$USERI4
 70
     0
  9
$USERI5
 70
     0
  9
$USERR1
 40
0.0
  9
$USERR2
 40
0.0
  9
$USERR3
 40
0.0
  9
$USERR4
 40
0.0
  9
$USERR5
 40
0.0
  9
$WORLDVIEW
 70
     1
  9
$SHADEDGE
 70
     3
  9
$SHADEDIF
 70
    70
  9
$TILEMODE
 70
     1
  9
$MAXACTVP
 70
    64
  9
$PINSBASE
 10
0.0
 20
0.0
 30
0.0
  9
$PLIMCHECK
 70
     0
  9
$PEXTMIN
 10
0.0
 20
0.0
 30
0.0
  9
$PEXTMAX
 10
0.0
 20
0.0
 30
0.0
  9
$PLIMMIN
 10
0.0
 20
0.0
  9
$PLIMMAX
 10
12.0
 20
9.0
  9
$UNITMODE
 70
     0
  9
$VISRETAIN
 70
     1
  9
$PLINEGEN
 70
     0
  9
$PSLTSCALE
 70
     1
  9
$TREEDEPTH
 70
  3020
  9
$CMLSTYLE
  2
Standard
  9
$CMLJUST
 70
     0
  9
$CMLSCALE
 40
20.0
  9
$PROXYGRAPHICS
 70
     1
  9
$MEASUREMENT
 70
     1
  9
$CELWEIGHT
370
    -1
  9
$ENDCAPS
280
     0
  9
$JOINSTYLE
280
     0
  9
$LWDISPLAY
290
     0
  9
$INSUNITS
 70
     4
  9
$HYPERLINKBASE
  1

  9
$STYLESHEET
  1

  9
$XEDIT
290
     1
  9
$CEPSNTYPE
380
     0
  9
$PSTYLEMODE
290
     1
  9
$FINGERPRINTGUID
  2
{92A4E5BE-D472-264C-AC4D-0170DD71F5B5}
  9
$VERSIONGUID
  2
{10B0CD41-E890-2C4B-BA7D-33F610DD3D24}
  9
$EXTNAMES
290
     1
  9
$PSVPSCALE
 40
0.0
  9
$OLESTARTUP
290
     0
  9
$SORTENTS
280
   127
  9
$INDEXCTL
280
     0
  9
$HIDETEXT
280
     1
  9
$XCLIPFRAME
280
     2
  9
$HALOGAP
280
     0
  9
$OBSCOLOR
 70
   257
  9
$OBSLTYPE
280
     0
  9
$INTERSECTIONDISPLAY
280
     0
  9
$INTERSECTIONCOLOR
 70
   257
  9
$DIMASSOC
280
     2
  9
$PROJECTNAME
  1

  9
$CAMERADISPLAY
290
     0
  9
$LENSLENGTH
 40
50.0
  9
$CAMERAHEIGHT
 40
0.0
  9
$STEPSPERSEC
 40
2.0
  9
$STEPSIZE
 40
6.0
  9
$3DDWFPREC
 40
2.0
  9
$PSOLWIDTH
 40
5.0
  9
$PSOLHEIGHT
 40
80.0
  9
$LOFTANG1
 40
1.570796326794896
  9
$LOFTANG2
 40
1.570796326794896
  9
$LOFTMAG1
 40
0.0
  9
$LOFTMAG2
 40
0.0
  9
$LOFTPARAM
 70
     7
  9
$LOFTNORMALS
280
     1
  9
$LATITUDE
 40
37.795
  9
$LONGITUDE
 40
-122.394
  9
$NORTHDIRECTION
 40
0.0
  9
$TIMEZONE
 70
 -8000
  9
$LIGHTGLYPHDISPLAY
280
     1
  9
$TILEMODELIGHTSYNCH
280
     1
  9
$CMATERIAL
347
EC
  9
$SOLIDHIST
280
     0
  9
$SHOWHIST
280
     1
  9
$DWFFRAME
280
     2
  9
$DGNFRAME
280
     0
  9
$REALWORLDSCALE
290
     1
  9
$INTERFERECOLOR
 62
     1
  9
$INTERFEREOBJVS
345
F9
  9
$INTERFEREVPVS
346
F6
  9
$CSHADOW
280
     0
  9
$SHADOWPLANELOCATION
 40
0.0
  0
ENDSEC
  0
SECTION
  2
CLASSES
  0
CLASS
  1
ACDBDICTIONARYWDFLT
  2
AcDbDictionaryWithDefault
  3
ObjectDBX Classes
 90
        0
 91
        1
280
     0
281
     0
  0
CLASS
  1
DICTIONARYVAR
  2
AcDbDictionaryVar
  3
ObjectDBX Classes
 90
        0
 91
       41
280
     0
281
     0
  0
CLASS
  1
TABLESTYLE
  2
AcDbTableStyle
  3
ObjectDBX Classes
 90
     4095
 91
        1
280
     0
281
     0
  0
CLASS
  1
MATERIAL
  2
AcDbMaterial
  3
ObjectDBX Classes
 90
     1153
 91
        3
280
     0
281
     0
  0
CLASS
  1
VISUALSTYLE
  2
AcDbVisualStyle
  3
ObjectDBX Classes
 90
     4095
 91
       24
280
     0
281
     0
  0
CLASS
  1
SCALE
  2
AcDbScale
  3
ObjectDBX Classes
 90
     1153
 91
       17
280
     0
281
     0
  0
CLASS
  1
MLEADERSTYLE
  2
AcDbMLeaderStyle
  3
ACDB_MLEADERSTYLE_CLASS
 90
     4095
 91
        2
280
     0
281
     0
  0
CLASS
  1
CELLSTYLEMAP
  2
AcDbCellStyleMap
  3
ObjectDBX Classes
 90
     1152
 91
        1
280
     0
281
     0
  0
CLASS
  1
EXACXREFPANELOBJECT
  2
ExAcXREFPanelObject
  3
EXAC_ESW
 90
     1025
 91
        0
280
     0
281
     0
  0
CLASS
  1
NPOCOLLECTION
  2
AcDbImpNonPersistentObjectsCollection
  3
ObjectDBX Classes
 90
     1153
 91
        0
280
     0
281
     0
  0
CLASS
  1
LAYER_INDEX
  2
AcDbLayerIndex
  3
ObjectDBX Classes
 90
        0
 91
        0
280
     0
281
     0
  0
CLASS
  1
SPATIAL_INDEX
  2
AcDbSpatialIndex
  3
ObjectDBX Classes
 90
        0
 91
        0
280
     0
281
     0
  0
CLASS
  1
IDBUFFER
  2
AcDbIdBuffer
  3
ObjectDBX Classes
 90
        0
 91
        0
280
     0
281
     0
  0
CLASS
  1
ACDBSECTIONVIEWSTYLE
  2
AcDbSectionViewStyle
  3
ObjectDBX Classes
 90
     1025
 91
        1
280
     0
281
     0
  0
CLASS
  1
ACDBDETAILVIEWSTYLE
  2
AcDbDetailViewStyle
  3
ObjectDBX Classes
 90
     1025
 91
        1
280
     0
281
     0
  0
CLASS
  1
SORTENTSTABLE
  2
AcDbSortentsTable
  3
ObjectDBX Classes
 90
        0
 91
        1
280
     0
281
     0
  0
ENDSEC
  0
SECTION
  2
TABLES
  0
TABLE
  2
VPORT
  5
8
330
0
100
AcDbSymbolTable
 70
     1
  0
VPORT
  5
EA
330
8
100
AcDbSymbolTableRecord
100
AcDbViewportTableRecord
  2
*Active
 70
     0
 10
0.0
 20
0.0
 11
1.0
 21
1.0
 12
3119.313117369399
 22
1440.684066268786
 13
0.0
 23
0.0
 14
10.0
 24
10.0
 15
10.0
 25
10.0
 16
0.0
 26
0.0
 36
1.0
 17
0.0
 27
0.0
 37
0.0
 40
2653.730076586097
 41
2.134215500945179
 42
50.0
 43
0.0
 44
0.0
 50
0.0
 51
0.0
 71
     0
 72
  1000
 73
     1
 74
     3
 75
     0
 76
     1
 77
     0
 78
     0
281
     0
 65
     1
110
0.0
120
0.0
130
0.0
111
1.0
121
0.0
131
0.0
112
0.0
122
1.0
132
0.0
 79
     0
146
0.0
348
F5
 60
     3
 61
     5
292
     1
282
     1
141
0.0
142
0.0
 63
   250
421
  3355443
1001
ACAD_NAV_VCDISPLAY
1070
     3
  0
ENDTAB
  0
TABLE
  2
LTYPE
  5
5
330
0
100
AcDbSymbolTable
 70
     2
  0
LTYPE
  5
14
330
5
100
AcDbSymbolTableRecord
100
AcDbLinetypeTableRecord
  2
ByBlock
 70
     0
  3

 72
    65
 73
     0
 40
0.0
  0
LTYPE
  5
15
330
5
100
AcDbSymbolTableRecord
100
AcDbLinetypeTableRecord
  2
ByLayer
 70
     0
  3

 72
    65
 73
     0
 40
0.0
  0
LTYPE
  5
16
330
5
100
AcDbSymbolTableRecord
100
AcDbLinetypeTableRecord
  2
Continuous
 70
     0
  3
Solid line
 72
    65
 73
     0
 40
0.0
  0
LTYPE
  5
73A
330
5
100
AcDbSymbolTableRecord
100
AcDbLinetypeTableRecord
  2
DASHED
 70
     0
  3
Dashed __ __ __ __ __ __ __ __ __ __ __ __ __ _
 72
    65
 73
     2
 40
0.75
 49
0.5
 74
     0
 49
-0.25
 74
     0
  0
ENDTAB
  0
TABLE
  2
LAYER
  5
2
102
{ACAD_XDICTIONARY
360
1FF
102
}
330
0
100
AcDbSymbolTable
 70
    27
  0
LAYER
  5
10
102
{ACAD_XDICTIONARY
360
13C
102
}
330
2
100
AcDbSymbolTableRecord
100
AcDbLayerTableRecord
  2
0
 70
     0
 62
     7
  6
Continuous
370
    -3
390
F
347
EE
348
0
  0
LAYER
  5
73B
330
2
100
AcDbSymbolTableRecord
100
AcDbLayerTableRecord
  2
AKS CIZGISI (BEYKENT)
 70
     0
 62
   252
  6
DASHED
370
    20
390
F
347
EE
348
0
  0
LAYER
  5
73C
330
2
100
AcDbSymbolTableRecord
100
AcDbLayerTableRecord
  2
AKS BALONU (BEYKENT)
 70
     0
 62
     7
  6
Continuous
370
    30
390
F
347
EE
348
0
  0
LAYER
  5
73D
330
2
100
AcDbSymbolTableRecord
100
AcDbLayerTableRecord
  2
AKS YAZISI (BEYKENT)
 70
     0
 62
     3
  6
Continuous
370
    20
390
F
347
EE
348
0
  0
LAYER
  5
73E
330
2
100
AcDbSymbolTableRecord
100
AcDbLayerTableRecord
  2
KIRIS (BEYKENT)
 70
     0
 62
     2
  6
Continuous
370
    30
390
F
347
EE
348
0
  0
LAYER
  5
73F
330
2
100
AcDbSymbolTableRecord
100
AcDbLayerTableRecord
  2
KOLON (BEYKENT)
 70
     0
 62
     3
  6
Continuous
370
    40
390
F
347
EE
348
0
  0
LAYER
  5
740
330
2
100
AcDbSymbolTableRecord
100
AcDbLayerTableRecord
  2
TARAMA (BEYKENT)
 70
     0
 62
     8
  6
Continuous
370
    15
390
F
347
EE
348
0
  0
LAYER
  5
741
330
2
100
AcDbSymbolTableRecord
100
AcDbLayerTableRecord
  2
MERDIVEN (BEYKENT)
 70
     0
 62
     5
  6
Continuous
370
    30
390
F
347
EE
348
0
  0
LAYER
  5
742
330
2
100
AcDbSymbolTableRecord
100
AcDbLayerTableRecord
  2
KAT SINIRI (BEYKENT)
 70
     0
 62
    41
  6
Continuous
370
    25
390
F
347
EE
348
0
  0
LAYER
  5
743
330
2
100
AcDbSymbolTableRecord
100
AcDbLayerTableRecord
  2
KALIP BOSLUK (BEYKENT)
 70
     0
 62
    30
  6
Continuous
370
    25
390
F
347
EE
348
0
  0
LAYER
  5
744
330
2
100
AcDbSymbolTableRecord
100
AcDbLayerTableRecord
  2
OLCU (BEYKENT)
 70
     0
 62
    14
  6
Continuous
370
    20
390
F
347
EE
348
0
  0
LAYER
  5
745
330
2
100
AcDbSymbolTableRecord
100
AcDbLayerTableRecord
  2
AKS OLCU (BEYKENT)
 70
     0
 62
     6
  6
Continuous
370
    18
390
F
347
EE
348
0
  0
LAYER
  5
746
330
2
100
AcDbSymbolTableRecord
100
AcDbLayerTableRecord
  2
KIRIS ISMI (BEYKENT)
 70
     0
 62
    40
  6
Continuous
370
    20
390
F
347
EE
348
0
  0
LAYER
  5
747
330
2
100
AcDbSymbolTableRecord
100
AcDbLayerTableRecord
  2
KOLON ISMI (BEYKENT)
 70
     0
 62
    91
  6
Continuous
370
    20
390
F
347
EE
348
0
  0
LAYER
  5
748
330
2
100
AcDbSymbolTableRecord
100
AcDbLayerTableRecord
  2
DOSEME ISMI (BEYKENT)
 70
     0
 62
     9
  6
Continuous
370
    20
390
F
347
EE
348
0
  0
LAYER
  5
749
330
2
100
AcDbSymbolTableRecord
100
AcDbLayerTableRecord
  2
DOSEME PAFTA (BEYKENT)
 70
     0
 62
     3
  6
Continuous
370
    20
390
F
347
EE
348
0
  0
LAYER
  5
74A
330
2
100
AcDbSymbolTableRecord
100
AcDbLayerTableRecord
  2
YUK YAZISI (BEYKENT)
 70
     0
 62
   140
  6
Continuous
370
    20
390
F
347
EE
348
0
  0
LAYER
  5
74B
330
2
100
AcDbSymbolTableRecord
100
AcDbLayerTableRecord
  2
KOT YAZI (BEYKENT)
 70
     0
 62
     7
  6
Continuous
370
    20
390
F
347
EE
348
0
  0
LAYER
  5
74C
330
2
100
AcDbSymbolTableRecord
100
AcDbLayerTableRecord
  2
KOT CIZGISI (BEYKENT)
 70
     0
 62
     7
  6
Continuous
370
    20
390
F
347
EE
348
0
  0
LAYER
  5
74D
330
2
100
AcDbSymbolTableRecord
100
AcDbLayerTableRecord
  2
KESIT (BEYKENT)
 70
     0
 62
   151
  6
Continuous
370
    60
390
F
347
EE
348
0
  0
LAYER
  5
74E
330
2
100
AcDbSymbolTableRecord
100
AcDbLayerTableRecord
  2
KESIT CIZGISI (BEYKENT)
 70
     0
 62
     3
  6
Continuous
370
    50
390
F
347
EE
348
0
  0
LAYER
  5
74F
330
2
100
AcDbSymbolTableRecord
100
AcDbLayerTableRecord
  2
KESIT ISMI (BEYKENT)
 70
     0
 62
     6
  6
Continuous
370
    20
390
F
347
EE
348
0
  0
LAYER
  5
750
330
2
100
AcDbSymbolTableRecord
100
AcDbLayerTableRecord
  2
Defpoints
 70
     0
 62
     7
  6
Continuous
290
     0
370
    -3
390
F
347
EE
348
0
  0
LAYER
  5
751
330
2
100
AcDbSymbolTableRecord
100
AcDbLayerTableRecord
  2
DONATI YAZISI (BEYKENT)
 70
     0
 62
     3
  6
Continuous
370
    20
390
F
347
EE
348
0
  0
LAYER
  5
752
330
2
100
AcDbSymbolTableRecord
100
AcDbLayerTableRecord
  2
CIZGI (BEYKENT)
 70
     0
 62
     1
  6
Continuous
370
    20
390
F
347
EE
348
0
  0
LAYER
  5
753
330
2
100
AcDbSymbolTableRecord
100
AcDbLayerTableRecord
  2
MERDIVEN YAZI (BEYKENT)
 70
     0
 62
    51
  6
Continuous
370
    20
390
F
347
EE
348
0
  0
LAYER
  5
754
330
2
100
AcDbSymbolTableRecord
100
AcDbLayerTableRecord
  2
DONATI (BEYKENT)
 70
     0
 62
     4
  6
Continuous
370
    40
390
F
347
EE
348
0
  0
ENDTAB
  0
TABLE
  2
STYLE
  5
3
330
0
100
AcDbSymbolTable
 70
     6
  0
STYLE
  5
11
330
3
100
AcDbSymbolTableRecord
100
AcDbTextStyleTableRecord
  2
Standard
 70
     0
 40
0.0
 41
1.0
 50
0.0
 71
     0
 42
2.5
  3
arial.ttf
  4

1001
ACAD
1000
Arial
1071
       34
  0
STYLE
  5
132
330
3
100
AcDbSymbolTableRecord
100
AcDbTextStyleTableRecord
  2
Annotative
 70
     0
 40
0.0
 41
1.0
 50
0.0
 71
     0
 42
2.5
  3
arial.ttf
  4

1001
AcadAnnotative
1000
AnnotativeData
1002
{
1070
     1
1070
     1
1002
}
1001
ACAD
1000
Arial
1071
       34
  0
STYLE
  5
755
330
3
100
AcDbSymbolTableRecord
100
AcDbTextStyleTableRecord
  2
YAZI (BEYKENT)
 70
     0
 40
0.0
 41
1.0
 50
0.0
 71
     0
 42
2.5
  3

  4

1001
ACAD
1000
Bahnschrift Light Condensed
1071
     2564
  0
STYLE
  5
756
330
3
100
AcDbSymbolTableRecord
100
AcDbTextStyleTableRecord
  2
DONATI YAZISI (BEYKENT)
 70
     0
 40
0.0
 41
1.0
 50
0.0
 71
     0
 42
2.5
  3

  4

1001
ACAD
1000
Bahnschrift Light Condensed
1071
     2564
  0
STYLE
  5
757
330
3
100
AcDbSymbolTableRecord
100
AcDbTextStyleTableRecord
  2
DSMOLC-50
 70
     0
 40
10.0
 41
0.75
 50
0.0
 71
     0
 42
2.0
  3
Bahnschrift Light Condensed
  4

  0
STYLE
  5
758
330
3
100
AcDbSymbolTableRecord
100
AcDbTextStyleTableRecord
  2
MRDVNOLC-25
 70
     0
 40
12.0
 41
0.75
 50
0.0
 71
     0
 42
2.0
  3
Bahnschrift Light Condensed
  4

  0
ENDTAB
  0
TABLE
  2
VIEW
  5
6
330
0
100
AcDbSymbolTable
 70
     0
  0
ENDTAB
  0
TABLE
  2
UCS
  5
7
330
0
100
AcDbSymbolTable
 70
     0
  0
ENDTAB
  0
TABLE
  2
APPID
  5
9
330
0
100
AcDbSymbolTable
 70
    11
  0
APPID
  5
12
330
9
100
AcDbSymbolTableRecord
100
AcDbRegAppTableRecord
  2
ACAD
 70
     0
  0
APPID
  5
9E
330
9
100
AcDbSymbolTableRecord
100
AcDbRegAppTableRecord
  2
ACAD_PSEXT
 70
     0
  0
APPID
  5
133
330
9
100
AcDbSymbolTableRecord
100
AcDbRegAppTableRecord
  2
AcadAnnoPO
 70
     0
  0
APPID
  5
134
330
9
100
AcDbSymbolTableRecord
100
AcDbRegAppTableRecord
  2
AcadAnnotative
 70
     0
  0
APPID
  5
135
330
9
100
AcDbSymbolTableRecord
100
AcDbRegAppTableRecord
  2
ACAD_DSTYLE_DIMJAG
 70
     0
  0
APPID
  5
136
330
9
100
AcDbSymbolTableRecord
100
AcDbRegAppTableRecord
  2
ACAD_DSTYLE_DIMTALN
 70
     0
  0
APPID
  5
165
330
9
100
AcDbSymbolTableRecord
100
AcDbRegAppTableRecord
  2
ACAD_MLEADERVER
 70
     0
  0
APPID
  5
217
330
9
100
AcDbSymbolTableRecord
100
AcDbRegAppTableRecord
  2
ACAD_NAV_VCDISPLAY
 70
     0
  0
APPID
  5
75D
330
9
100
AcDbSymbolTableRecord
100
AcDbRegAppTableRecord
  2
GradientColor1ACI
 70
     0
  0
APPID
  5
75E
330
9
100
AcDbSymbolTableRecord
100
AcDbRegAppTableRecord
  2
GradientColor2ACI
 70
     0
  0
APPID
  5
75F
330
9
100
AcDbSymbolTableRecord
100
AcDbRegAppTableRecord
  2
sta4cad App2
 70
     0
1001
sta4cad App2
1040
50.0
  0
ENDTAB
  0
TABLE
  2
DIMSTYLE
  5
A
330
0
100
AcDbSymbolTable
 70
     7
100
AcDbDimStyleTable
 71
     2
340
27
340
137
  0
DIMSTYLE
105
1B0
330
A
100
AcDbSymbolTableRecord
100
AcDbDimStyleTableRecord
  2
Standard
 70
     0
340
11
  0
DIMSTYLE
105
137
330
A
100
AcDbSymbolTableRecord
100
AcDbDimStyleTableRecord
  2
Annotative
 70
     0
 40
0.0
 41
2.5
 42
0.625
 43
3.75
 44
1.25
 73
     0
 74
     0
 77
     1
 78
     8
140
2.5
141
2.5
143
0.03937007874016
147
0.625
171
     3
172
     1
271
     2
272
     2
274
     3
278
    44
283
     0
284
     8
340
11
1001
AcadAnnotative
1000
AnnotativeData
1002
{
1070
     1
1070
     1
1002
}
1001
ACAD_DSTYLE_DIMJAG
1070
   388
1040
1.5
1001
ACAD_DSTYLE_DIMTALN
1070
   392
1070
     0
  0
DIMSTYLE
105
27
330
A
100
AcDbSymbolTableRecord
100
AcDbDimStyleTableRecord
  2
ISO-25
 70
     0
 41
2.5
 42
0.625
 43
3.75
 44
1.25
 73
     0
 74
     0
 77
     1
 78
     8
140
2.5
141
2.5
143
0.03937007874016
147
0.625
171
     3
172
     1
271
     2
272
     2
274
     3
278
    44
283
     0
284
     8
340
11
  0
DIMSTYLE
105
759
102
{ACAD_REACTORS
330
ACD
330
ACE
330
ACF
330
AD0
330
AD1
330
AD2
330
AD3
330
AD4
330
AD5
330
AD6
330
AD7
330
AD8
330
AD9
330
ADA
330
ADB
330
ADC
330
ADD
330
ADE
330
ADF
330
AE0
330
AE1
330
AE2
330
AE3
330
AE4
330
AE5
330
AE6
330
AE7
330
AE8
330
AE9
330
AEA
330
AEB
330
AEC
330
AED
330
AEE
330
AEF
330
AF0
330
AF1
330
AF2
330
AF3
330
AF4
330
AF5
330
AF6
330
AF7
330
AF8
330
AF9
330
AFA
330
AFB
330
AFC
330
F67
330
F68
330
F69
330
F6A
330
F6B
330
F6C
330
F6D
330
F6E
330
F6F
330
F70
330
F71
330
F72
330
F73
330
F74
330
F75
330
F76
330
F77
330
F78
330
F79
330
F7A
330
F7B
330
F7C
330
F7D
330
F7E
330
F7F
330
F80
330
F81
330
F82
330
F83
330
F84
330
F85
330
F86
330
F87
330
F88
330
F89
330
F8A
330
F8B
330
F8C
330
F8D
330
F8E
330
F8F
330
F90
330
F91
330
F92
330
F93
330
F94
330
F95
330
F96
102
}
330
A
100
AcDbSymbolTableRecord
100
AcDbDimStyleTableRecord
  2
AKS_OLCU
 70
     0
 41
3.0
 42
3.0
 45
0.5
 73
     0
 74
     0
 77
     1
 78
    12
140
12.0
142
3.0
147
2.0
172
     1
174
     1
178
     7
271
     0
340
755
  0
DIMSTYLE
105
75A
102
{ACAD_REACTORS
330
8E1
330
8E2
330
8E3
330
8E4
330
8E5
330
8E6
330
8E7
330
8E8
330
8E9
330
8EA
330
8EB
330
8EC
330
8ED
330
8EE
330
8EF
330
8F0
330
8F1
330
8F2
330
8F3
330
8F4
330
8F5
330
8F6
330
8F7
330
8F8
330
8F9
330
8FA
330
8FB
330
908
330
909
330
90A
330
90B
330
90C
330
90D
330
90E
330
90F
330
910
330
911
330
912
330
913
330
914
330
915
330
916
330
917
330
918
330
919
330
91A
330
91B
330
91C
330
D7B
330
D7C
330
D7D
330
D7E
330
D7F
330
D80
330
D81
330
D82
330
D83
330
D84
330
D85
330
D86
330
D87
330
D88
330
D89
330
D8A
330
D8B
330
D8C
330
D8D
330
D8E
330
D8F
330
D90
330
D91
330
D92
330
D93
330
D94
330
D95
330
DA2
330
DA3
330
DA4
330
DA5
330
DA6
330
DA7
330
DA8
330
DA9
330
DAA
330
DAB
330
DAC
330
DAD
330
DAE
330
DAF
330
DB0
330
DB1
330
DB2
330
DB3
330
DB4
330
DB5
330
DB6
102
}
330
A
100
AcDbSymbolTableRecord
100
AcDbDimStyleTableRecord
  2
PLAN_OLCU
 70
     0
 41
3.0
 42
3.0
 45
0.5
 73
     0
 74
     0
 77
     1
 78
    12
140
12.0
142
3.0
147
2.0
172
     1
174
     1
178
     7
271
     0
340
755
  0
DIMSTYLE
105
75B
330
A
100
AcDbSymbolTableRecord
100
AcDbDimStyleTableRecord
  2
DSMOLC-50
 70
     0
 41
5.0
 42
2.0
 43
0.0
 44
2.0
 45
0.5
 73
     0
 74
     0
 77
     1
 78
    12
140
10.0
141
0.0
143
1.0
147
2.0
172
     1
174
     1
178
     7
271
     1
279
     2
283
     0
340
757
342
2B2
343
2B2
344
2B2
  0
DIMSTYLE
105
75C
330
A
100
AcDbSymbolTableRecord
100
AcDbDimStyleTableRecord
  2
MRDVNOLC-25
 70
     0
 41
5.0
 42
2.0
 43
0.0
 44
2.0
 45
0.5
 73
     0
 74
     0
 77
     1
 78
    12
140
12.0
141
0.0
143
1.0
144
0.5
147
2.0
172
     1
174
     1
178
     7
271
     1
279
     2
283
     0
340
758
342
2B2
343
2B2
344
2B2
  0
ENDTAB
  0
TABLE
  2
BLOCK_RECORD
  5
1
330
0
100
AcDbSymbolTable
 70
   196
  0
BLOCK_RECORD
  5
1F
102
{ACAD_XDICTIONARY
360
1CE
102
}
330
1
100
AcDbSymbolTableRecord
100
AcDbBlockTableRecord
  2
*Model_Space
340
22
 70
     0
280
     1
281
     0
  0
BLOCK_RECORD
  5
D2
330
1
100
AcDbSymbolTableRecord
100
AcDbBlockTableRecord
  2
*Paper_Space
340
D3
 70
     0
280
     1
281
     0
  0
BLOCK_RECORD
  5
D6
330
1
100
AcDbSymbolTableRecord
100
AcDbBlockTableRecord
  2
*Paper_Space0
340
D7
 70
     0
280
     1
281
     0
  0
BLOCK_RECORD
  5
2AC
330
1
100
AcDbSymbolTableRecord
100
AcDbBlockTableRecord
  2
_Open30
340
0
 70
     0
280
     1
281
     0
  0
BLOCK_RECORD
  5
2B2
330
1
100
AcDbSymbolTableRecord
100
AcDbBlockTableRecord
  2
_Oblique
340
0
 70
     0
280
     1
281
     0
  0
BLOCK_RECORD
  5
2B6
330
1
100
AcDbSymbolTableRecord
100
AcDbBlockTableRecord
  2
*D3
340
0
 70
     0
280
     1
281
     0
  0
BLOCK_RECORD
  5
2C2
330
1
100
AcDbSymbolTableRecord
100
AcDbBlockTableRecord
  2
*D4
340
0
 70
     0
280
     1
281
     0
  0
BLOCK_RECORD
  5
2CE
330
1
100
AcDbSymbolTableRecord
100
AcDbBlockTableRecord
  2
*D5
340
0
 70
     0
280
     1
281
     0
  0
BLOCK_RECORD
  5
2DA
330
1
100
AcDbSymbolTableRecord
100
AcDbBlockTableRecord
  2
*D6
340
0
 70
     0
280
     1
281
     0
  0
BLOCK_RECORD
  5
2E6
330
1
100
AcDbSymbolTableRecord
100
AcDbBlockTableRecord
  2
*D7
340
0
 70
     0
280
     1
281
     0
  0
BLOCK_RECORD
  5
2F2
330
1
100
AcDbSymbolTableRecord
100
AcDbBlockTableRecord
  2
*D8
340
0
 70
     0
280
     1
281
     0
  0
BLOCK_RECORD
  5
2FE
330
1
100
AcDbSymbolTableRecord
100
AcDbBlockTableRecord
  2
*D9
340
0
 70
     0
280
     1
281
     0
  0
BLOCK_RECORD
  5
30A
330
1
100
AcDbSymbolTableRecord
100
AcDbBlockTableRecord
  2
*D10
340
0
 70
     0
280
     1
281
     0
  0
BLOCK_RECORD
  5
316
330
1
100
AcDbSymbolTableRecord
100
AcDbBlockTableRecord
  2
*D11
340
0
 70
     0
280
     1
281
     0
  0
BLOCK_RECORD
  5
322
330
1
100
AcDbSymbolTableRecord
100
AcDbBlockTableRecord
  2
*D12
340
0
 70
     0
280
     1
281
     0
  0
BLOCK_RECORD
  5
32E
330
1
100
AcDbSymbolTableRecord
100
AcDbBlockTableRecord
  2
*D13
340
0
 70
     0
280
     1
281
     0
  0
BLOCK_RECORD
  5
33A
330
1
100
AcDbSymbolTableRecord
100
AcDbBlockTableRecord
  2
*D14
340
0
 70
     0
280
     1
281
     0
  0
BLOCK_RECORD
  5
346
330
1
100
AcDbSymbolTableRecord
100
AcDbBlockTableRecord
  2
*D15
340
0
 70
     0
280
     1
281
     0
  0
BLOCK_RECORD
  5
352
330
1
100
AcDbSymbolTableRecord
100
AcDbBlockTableRecord
  2
*D16
340
0
 70
     0
280
     1
281
     0
  0
BLOCK_RECORD
  5
35E
330
1
100
AcDbSymbolTableRecord
100
AcDbBlockTableRecord
  2
*D17
340
0
 70
     0
280
     1
281
     0
  0
BLOCK_RECORD
  5
36A
330
1
100
AcDbSymbolTableRecord
100
AcDbBlockTableRecord
  2
*D18
340
0
 70
     0
280
     1
281
     0
  0
BLOCK_RECORD
  5
376
330
1
100
AcDbSymbolTableRecord
100
AcDbBlockTableRecord
  2
*D19
340
0
 70
     0
280
     1
281
     0
  0
BLOCK_RECORD
  5
382
330
1
100
AcDbSymbolTableRecord
100
AcDbBlockTableRecord
  2
*D20
340
0
 70
     0
280
     1
281
     0
  0
BLOCK_RECORD
  5
38E
330
1
100
AcDbSymbolTableRecord
100
AcDbBlockTableRecord
  2
*D21
340
0
 70
     0
280
     1
281
     0
  0
BLOCK_RECORD
  5
39A
330
1
100
AcDbSymbolTableRecord
100
AcDbBlockTableRecord
  2
*D22
340
0
 70
     0
280
     1
281
     0
  0
BLOCK_RECORD
  5
3A6
330
1
100
AcDbSymbolTableRecord
100
AcDbBlockTableRecord
  2
*D23
340
0
 70
     0
280
     1
281
     0
  0
BLOCK_RECORD
  5
3B2
330
1
100
AcDbSymbolTableRecord
100
AcDbBlockTableRecord
  2
*D24
340
0
 70
     0
280
     1
281
     0
  0
BLOCK_RECORD
  5
3BE
330
1
100
AcDbSymbolTableRecord
100
AcDbBlockTableRecord
  2
*D25
340
0
 70
     0
280
     1
281
     0
  0
BLOCK_RECORD
  5
3CA
330
1
100
AcDbSymbolTableRecord
100
AcDbBlockTableRecord
  2
*D26
340
0
 70
     0
280
     1
281
     0
  0
BLOCK_RECORD
  5
3D6
330
1
100
AcDbSymbolTableRecord
100
AcDbBlockTableRecord
  2
*D27
340
0
 70
     0
280
     1
281
     0
  0
BLOCK_RECORD
  5
3E2
330
1
100
AcDbSymbolTableRecord
100
AcDbBlockTableRecord
  2
*D28
340
0
 70
     0
280
     1
281
     0
  0
BLOCK_RECORD
  5
3EE
330
1
100
AcDbSymbolTableRecord
100
AcDbBlockTableRecord
  2
*D29
340
0
 70
     0
280
     1
281
     0
  0
BLOCK_RECORD
  5
3FA
330
1
100
AcDbSymbolTableRecord
100
AcDbBlockTableRecord
  2
*D30
340
0
 70
     0
280
     1
281
     0
  0
BLOCK_RECORD
  5
406
330
1
100
AcDbSymbolTableRecord
100
AcDbBlockTableRecord
  2
*D31
340
0
 70
     0
280
     1
281
     0
  0
BLOCK_RECORD
  5
412
330
1
100
AcDbSymbolTableRecord
100
AcDbBlockTableRecord
  2
*D32
340
0
 70
     0
280
     1
281
     0
  0
BLOCK_RECORD
  5
41E
330
1
100
AcDbSymbolTableRecord
100
AcDbBlockTableRecord
  2
*D33
340
0
 70
     0
280
     1
281
     0
  0
BLOCK_RECORD
  5
42A
330
1
100
AcDbSymbolTableRecord
100
AcDbBlockTableRecord
  2
*D34
340
0
 70
     0
280
     1
281
     0
  0
BLOCK_RECORD
  5
436
330
1
100
AcDbSymbolTableRecord
100
AcDbBlockTableRecord
  2
*D35
340
0
 70
     0
280
     1
281
     0
  0
BLOCK_RECORD
  5
442
330
1
100
AcDbSymbolTableRecord
100
AcDbBlockTableRecord
  2
*D36
340
0
 70
     0
280
     1
281
     0
  0
BLOCK_RECORD
  5
44E
330
1
100
AcDbSymbolTableRecord
100
AcDbBlockTableRecord
  2
*D37
340
0
 70
     0
280
     1
281
     0
  0
BLOCK_RECORD
  5
45A
330
1
100
AcDbSymbolTableRecord
100
AcDbBlockTableRecord
  2
*D38
340
0
 70
     0
280
     1
281
     0
  0
BLOCK_RECORD
  5
466
330
1
100
AcDbSymbolTableRecord
100
AcDbBlockTableRecord
  2
*D39
340
0
 70
     0
280
     1
281
     0
  0
BLOCK_RECORD
  5
472
330
1
100
AcDbSymbolTableRecord
100
AcDbBlockTableRecord
  2
*D40
340
0
 70
     0
280
     1
281
     0
  0
BLOCK_RECORD
  5
47E
330
1
100
AcDbSymbolTableRecord
100
AcDbBlockTableRecord
  2
*D41
340
0
 70
     0
280
     1
281
     0
  0
BLOCK_RECORD
  5
48A
330
1
100
AcDbSymbolTableRecord
100
AcDbBlockTableRecord
  2
*D42
340
0
 70
     0
280
     1
281
     0
  0
BLOCK_RECORD
  5
496
330
1
100
AcDbSymbolTableRecord
100
AcDbBlockTableRecord
  2
*D43
340
0
 70
     0
280
     1
281
     0
  0
BLOCK_RECORD
  5
4A2
330
1
100
AcDbSymbolTableRecord
100
AcDbBlockTableRecord
  2
*D44
340
0
 70
     0
280
     1
281
     0
  0
BLOCK_RECORD
  5
4AE
330
1
100
AcDbSymbolTableRecord
100
AcDbBlockTableRecord
  2
*D45
340
0
 70
     0
280
     1
281
     0
  0
BLOCK_RECORD
  5
4BA
330
1
100
AcDbSymbolTableRecord
100
AcDbBlockTableRecord
  2
*D46
340
0
 70
     0
280
     1
281
     0
  0
BLOCK_RECORD
  5
4C6
330
1
100
AcDbSymbolTableRecord
100
AcDbBlockTableRecord
  2
*D47
340
0
 70
     0
280
     1
281
     0
  0
BLOCK_RECORD
  5
4D2
330
1
100
AcDbSymbolTableRecord
100
AcDbBlockTableRecord
  2
*D48
340
0
 70
     0
280
     1
281
     0
  0
BLOCK_RECORD
  5
4DE
330
1
100
AcDbSymbolTableRecord
100
AcDbBlockTableRecord
  2
*D49
340
0
 70
     0
280
     1
281
     0
  0
BLOCK_RECORD
  5
4EA
330
1
100
AcDbSymbolTableRecord
100
AcDbBlockTableRecord
  2
*D50
340
0
 70
     0
280
     1
281
     0
  0
BLOCK_RECORD
  5
4F6
330
1
100
AcDbSymbolTableRecord
100
AcDbBlockTableRecord
  2
*D51
340
0
 70
     0
280
     1
281
     0
  0
BLOCK_RECORD
  5
502
330
1
100
AcDbSymbolTableRecord
100
AcDbBlockTableRecord
  2
*D52
340
0
 70
     0
280
     1
281
     0
  0
BLOCK_RECORD
  5
50E
330
1
100
AcDbSymbolTableRecord
100
AcDbBlockTableRecord
  2
*D53
340
0
 70
     0
280
     1
281
     0
  0
BLOCK_RECORD
  5
51A
330
1
100
AcDbSymbolTableRecord
100
AcDbBlockTableRecord
  2
*D54
340
0
 70
     0
280
     1
281
     0
  0
BLOCK_RECORD
  5
526
330
1
100
AcDbSymbolTableRecord
100
AcDbBlockTableRecord
  2
*D55
340
0
 70
     0
280
     1
281
     0
  0
BLOCK_RECORD
  5
532
330
1
100
AcDbSymbolTableRecord
100
AcDbBlockTableRecord
  2
*D56
340
0
 70
     0
280
     1
281
     0
  0
BLOCK_RECORD
  5
53E
330
1
100
AcDbSymbolTableRecord
100
AcDbBlockTableRecord
  2
*D57
340
0
 70
     0
280
     1
281
     0
  0
BLOCK_RECORD
  5
54A
330
1
100
AcDbSymbolTableRecord
100
AcDbBlockTableRecord
  2
*D58
340
0
 70
     0
280
     1
281
     0
  0
BLOCK_RECORD
  5
556
330
1
100
AcDbSymbolTableRecord
100
AcDbBlockTableRecord
  2
*D59
340
0
 70
     0
280
     1
281
     0
  0
BLOCK_RECORD
  5
562
330
1
100
AcDbSymbolTableRecord
100
AcDbBlockTableRecord
  2
*D60
340
0
 70
     0
280
     1
281
     0
  0
BLOCK_RECORD
  5
56E
330
1
100
AcDbSymbolTableRecord
100
AcDbBlockTableRecord
  2
*D61
340
0
 70
     0
280
     1
281
     0
  0
BLOCK_RECORD
  5
57A
330
1
100
AcDbSymbolTableRecord
100
AcDbBlockTableRecord
  2
*D62
340
0
 70
     0
280
     1
281
     0
  0
BLOCK_RECORD
  5
586
330
1
100
AcDbSymbolTableRecord
100
AcDbBlockTableRecord
  2
*D63
340
0
 70
     0
280
     1
281
     0
  0
BLOCK_RECORD
  5
592
330
1
100
AcDbSymbolTableRecord
100
AcDbBlockTableRecord
  2
*D64
340
0
 70
     0
280
     1
281
     0
  0
BLOCK_RECORD
  5
59E
330
1
100
AcDbSymbolTableRecord
100
AcDbBlockTableRecord
  2
*D65
340
0
 70
     0
280
     1
281
     0
  0
BLOCK_RECORD
  5
5AA
330
1
100
AcDbSymbolTableRecord
100
AcDbBlockTableRecord
  2
*D66
340
0
 70
     0
280
     1
281
     0
  0
BLOCK_RECORD
  5
5B6
330
1
100
AcDbSymbolTableRecord
100
AcDbBlockTableRecord
  2
*D67
340
0
 70
     0
280
     1
281
     0
  0
BLOCK_RECORD
  5
5C2
330
1
100
AcDbSymbolTableRecord
100
AcDbBlockTableRecord
  2
*D68
340
0
 70
     0
280
     1
281
     0
  0
BLOCK_RECORD
  5
5CE
330
1
100
AcDbSymbolTableRecord
100
AcDbBlockTableRecord
  2
*D69
340
0
 70
     0
280
     1
281
     0
  0
BLOCK_RECORD
  5
5DA
330
1
100
AcDbSymbolTableRecord
100
AcDbBlockTableRecord
  2
*D70
340
0
 70
     0
280
     1
281
     0
  0
BLOCK_RECORD
  5
5E6
330
1
100
AcDbSymbolTableRecord
100
AcDbBlockTableRecord
  2
*D71
340
0
 70
     0
280
     1
281
     0
  0
BLOCK_RECORD
  5
5F2
330
1
100
AcDbSymbolTableRecord
100
AcDbBlockTableRecord
  2
*D72
340
0
 70
     0
280
     1
281
     0
  0
BLOCK_RECORD
  5
5FE
330
1
100
AcDbSymbolTableRecord
100
AcDbBlockTableRecord
  2
*D73
340
0
 70
     0
280
     1
281
     0
  0
BLOCK_RECORD
  5
60A
330
1
100
AcDbSymbolTableRecord
100
AcDbBlockTableRecord
  2
*D74
340
0
 70
     0
280
     1
281
     0
  0
BLOCK_RECORD
  5
616
330
1
100
AcDbSymbolTableRecord
100
AcDbBlockTableRecord
  2
*D75
340
0
 70
     0
280
     1
281
     0
  0
BLOCK_RECORD
  5
622
330
1
100
AcDbSymbolTableRecord
100
AcDbBlockTableRecord
  2
*D76
340
0
 70
     0
280
     1
281
     0
  0
BLOCK_RECORD
  5
62E
330
1
100
AcDbSymbolTableRecord
100
AcDbBlockTableRecord
  2
*D77
340
0
 70
     0
280
     1
281
     0
  0
BLOCK_RECORD
  5
63A
330
1
100
AcDbSymbolTableRecord
100
AcDbBlockTableRecord
  2
*D78
340
0
 70
     0
280
     1
281
     0
  0
BLOCK_RECORD
  5
646
330
1
100
AcDbSymbolTableRecord
100
AcDbBlockTableRecord
  2
*D79
340
0
 70
     0
280
     1
281
     0
  0
BLOCK_RECORD
  5
652
330
1
100
AcDbSymbolTableRecord
100
AcDbBlockTableRecord
  2
*D80
340
0
 70
     0
280
     1
281
     0
  0
BLOCK_RECORD
  5
65E
330
1
100
AcDbSymbolTableRecord
100
AcDbBlockTableRecord
  2
*D81
340
0
 70
     0
280
     1
281
     0
  0
BLOCK_RECORD
  5
66A
330
1
100
AcDbSymbolTableRecord
100
AcDbBlockTableRecord
  2
*D82
340
0
 70
     0
280
     1
281
     0
  0
BLOCK_RECORD
  5
678
330
1
100
AcDbSymbolTableRecord
100
AcDbBlockTableRecord
  2
*D83
340
0
 70
     0
280
     1
281
     0
  0
BLOCK_RECORD
  5
684
330
1
100
AcDbSymbolTableRecord
100
AcDbBlockTableRecord
  2
*D84
340
0
 70
     0
280
     1
281
     0
  0
BLOCK_RECORD
  5
690
330
1
100
AcDbSymbolTableRecord
100
AcDbBlockTableRecord
  2
*D85
340
0
 70
     0
280
     1
281
     0
  0
BLOCK_RECORD
  5
69C
330
1
100
AcDbSymbolTableRecord
100
AcDbBlockTableRecord
  2
*D86
340
0
 70
     0
280
     1
281
     0
  0
BLOCK_RECORD
  5
6A8
330
1
100
AcDbSymbolTableRecord
100
AcDbBlockTableRecord
  2
*D87
340
0
 70
     0
280
     1
281
     0
  0
BLOCK_RECORD
  5
6B4
330
1
100
AcDbSymbolTableRecord
100
AcDbBlockTableRecord
  2
*D88
340
0
 70
     0
280
     1
281
     0
  0
BLOCK_RECORD
  5
6C0
330
1
100
AcDbSymbolTableRecord
100
AcDbBlockTableRecord
  2
*D89
340
0
 70
     0
280
     1
281
     0
  0
BLOCK_RECORD
  5
6CC
330
1
100
AcDbSymbolTableRecord
100
AcDbBlockTableRecord
  2
*D90
340
0
 70
     0
280
     1
281
     0
  0
BLOCK_RECORD
  5
6D8
330
1
100
AcDbSymbolTableRecord
100
AcDbBlockTableRecord
  2
*D91
340
0
 70
     0
280
     1
281
     0
  0
BLOCK_RECORD
  5
6E4
330
1
100
AcDbSymbolTableRecord
100
AcDbBlockTableRecord
  2
*D92
340
0
 70
     0
280
     1
281
     0
  0
BLOCK_RECORD
  5
6F0
330
1
100
AcDbSymbolTableRecord
100
AcDbBlockTableRecord
  2
*D93
340
0
 70
     0
280
     1
281
     0
  0
BLOCK_RECORD
  5
6FC
330
1
100
AcDbSymbolTableRecord
100
AcDbBlockTableRecord
  2
*D94
340
0
 70
     0
280
     1
281
     0
  0
BLOCK_RECORD
  5
708
330
1
100
AcDbSymbolTableRecord
100
AcDbBlockTableRecord
  2
*D95
340
0
 70
     0
280
     1
281
     0
  0
BLOCK_RECORD
  5
716
330
1
100
AcDbSymbolTableRecord
100
AcDbBlockTableRecord
  2
*D96
340
0
 70
     0
280
     1
281
     0
  0
BLOCK_RECORD
  5
722
330
1
100
AcDbSymbolTableRecord
100
AcDbBlockTableRecord
  2
*D97
340
0
 70
     0
280
     1
281
     0
  0
BLOCK_RECORD
  5
72E
330
1
100
AcDbSymbolTableRecord
100
AcDbBlockTableRecord
  2
*D98
340
0
 70
     0
280
     1
281
     0
  0
BLOCK_RECORD
  5
10AB
330
1
100
AcDbSymbolTableRecord
100
AcDbBlockTableRecord
  2
*D100
340
0
 70
     0
280
     1
281
     0
  0
BLOCK_RECORD
  5
10B7
330
1
100
AcDbSymbolTableRecord
100
AcDbBlockTableRecord
  2
*D101
340
0
 70
     0
280
     1
281
     0
  0
BLOCK_RECORD
  5
10C3
330
1
100
AcDbSymbolTableRecord
100
AcDbBlockTableRecord
  2
*D102
340
0
 70
     0
280
     1
281
     0
  0
BLOCK_RECORD
  5
10CF
330
1
100
AcDbSymbolTableRecord
100
AcDbBlockTableRecord
  2
*D103
340
0
 70
     0
280
     1
281
     0
  0
BLOCK_RECORD
  5
10DB
330
1
100
AcDbSymbolTableRecord
100
AcDbBlockTableRecord
  2
*D104
340
0
 70
     0
280
     1
281
     0
  0
BLOCK_RECORD
  5
10E7
330
1
100
AcDbSymbolTableRecord
100
AcDbBlockTableRecord
  2
*D105
340
0
 70
     0
280
     1
281
     0
  0
BLOCK_RECORD
  5
10F3
330
1
100
AcDbSymbolTableRecord
100
AcDbBlockTableRecord
  2
*D106
340
0
 70
     0
280
     1
281
     0
  0
BLOCK_RECORD
  5
10FF
330
1
100
AcDbSymbolTableRecord
100
AcDbBlockTableRecord
  2
*D107
340
0
 70
     0
280
     1
281
     0
  0
BLOCK_RECORD
  5
110B
330
1
100
AcDbSymbolTableRecord
100
AcDbBlockTableRecord
  2
*D108
340
0
 70
     0
280
     1
281
     0
  0
BLOCK_RECORD
  5
1117
330
1
100
AcDbSymbolTableRecord
100
AcDbBlockTableRecord
  2
*D109
340
0
 70
     0
280
     1
281
     0
  0
BLOCK_RECORD
  5
1123
330
1
100
AcDbSymbolTableRecord
100
AcDbBlockTableRecord
  2
*D110
340
0
 70
     0
280
     1
281
     0
  0
BLOCK_RECORD
  5
112F
330
1
100
AcDbSymbolTableRecord
100
AcDbBlockTableRecord
  2
*D111
340
0
 70
     0
280
     1
281
     0
  0
BLOCK_RECORD
  5
113B
330
1
100
AcDbSymbolTableRecord
100
AcDbBlockTableRecord
  2
*D112
340
0
 70
     0
280
     1
281
     0
  0
BLOCK_RECORD
  5
1147
330
1
100
AcDbSymbolTableRecord
100
AcDbBlockTableRecord
  2
*D113
340
0
 70
     0
280
     1
281
     0
  0
BLOCK_RECORD
  5
1153
330
1
100
AcDbSymbolTableRecord
100
AcDbBlockTableRecord
  2
*D114
340
0
 70
     0
280
     1
281
     0
  0
BLOCK_RECORD
  5
115F
330
1
100
AcDbSymbolTableRecord
100
AcDbBlockTableRecord
  2
*D115
340
0
 70
     0
280
     1
281
     0
  0
BLOCK_RECORD
  5
116B
330
1
100
AcDbSymbolTableRecord
100
AcDbBlockTableRecord
  2
*D116
340
0
 70
     0
280
     1
281
     0
  0
BLOCK_RECORD
  5
1177
330
1
100
AcDbSymbolTableRecord
100
AcDbBlockTableRecord
  2
*D117
340
0
 70
     0
280
     1
281
     0
  0
BLOCK_RECORD
  5
1183
330
1
100
AcDbSymbolTableRecord
100
AcDbBlockTableRecord
  2
*D118
340
0
 70
     0
280
     1
281
     0
  0
BLOCK_RECORD
  5
118F
330
1
100
AcDbSymbolTableRecord
100
AcDbBlockTableRecord
  2
*D119
340
0
 70
     0
280
     1
281
     0
  0
BLOCK_RECORD
  5
119B
330
1
100
AcDbSymbolTableRecord
100
AcDbBlockTableRecord
  2
*D120
340
0
 70
     0
280
     1
281
     0
  0
BLOCK_RECORD
  5
11A7
330
1
100
AcDbSymbolTableRecord
100
AcDbBlockTableRecord
  2
*D121
340
0
 70
     0
280
     1
281
     0
  0
BLOCK_RECORD
  5
11B3
330
1
100
AcDbSymbolTableRecord
100
AcDbBlockTableRecord
  2
*D122
340
0
 70
     0
280
     1
281
     0
  0
BLOCK_RECORD
  5
11BF
330
1
100
AcDbSymbolTableRecord
100
AcDbBlockTableRecord
  2
*D123
340
0
 70
     0
280
     1
281
     0
  0
BLOCK_RECORD
  5
11CB
330
1
100
AcDbSymbolTableRecord
100
AcDbBlockTableRecord
  2
*D124
340
0
 70
     0
280
     1
281
     0
  0
BLOCK_RECORD
  5
11D7
330
1
100
AcDbSymbolTableRecord
100
AcDbBlockTableRecord
  2
*D125
340
0
 70
     0
280
     1
281
     0
  0
BLOCK_RECORD
  5
11E3
330
1
100
AcDbSymbolTableRecord
100
AcDbBlockTableRecord
  2
*D126
340
0
 70
     0
280
     1
281
     0
  0
BLOCK_RECORD
  5
11EF
330
1
100
AcDbSymbolTableRecord
100
AcDbBlockTableRecord
  2
*D127
340
0
 70
     0
280
     1
281
     0
  0
BLOCK_RECORD
  5
11FB
330
1
100
AcDbSymbolTableRecord
100
AcDbBlockTableRecord
  2
*D128
340
0
 70
     0
280
     1
281
     0
  0
BLOCK_RECORD
  5
1207
330
1
100
AcDbSymbolTableRecord
100
AcDbBlockTableRecord
  2
*D129
340
0
 70
     0
280
     1
281
     0
  0
BLOCK_RECORD
  5
1213
330
1
100
AcDbSymbolTableRecord
100
AcDbBlockTableRecord
  2
*D130
340
0
 70
     0
280
     1
281
     0
  0
BLOCK_RECORD
  5
121F
330
1
100
AcDbSymbolTableRecord
100
AcDbBlockTableRecord
  2
*D131
340
0
 70
     0
280
     1
281
     0
  0
BLOCK_RECORD
  5
122B
330
1
100
AcDbSymbolTableRecord
100
AcDbBlockTableRecord
  2
*D132
340
0
 70
     0
280
     1
281
     0
  0
BLOCK_RECORD
  5
1237
330
1
100
AcDbSymbolTableRecord
100
AcDbBlockTableRecord
  2
*D133
340
0
 70
     0
280
     1
281
     0
  0
BLOCK_RECORD
  5
1243
330
1
100
AcDbSymbolTableRecord
100
AcDbBlockTableRecord
  2
*D134
340
0
 70
     0
280
     1
281
     0
  0
BLOCK_RECORD
  5
124F
330
1
100
AcDbSymbolTableRecord
100
AcDbBlockTableRecord
  2
*D135
340
0
 70
     0
280
     1
281
     0
  0
BLOCK_RECORD
  5
125B
330
1
100
AcDbSymbolTableRecord
100
AcDbBlockTableRecord
  2
*D136
340
0
 70
     0
280
     1
281
     0
  0
BLOCK_RECORD
  5
1267
330
1
100
AcDbSymbolTableRecord
100
AcDbBlockTableRecord
  2
*D137
340
0
 70
     0
280
     1
281
     0
  0
BLOCK_RECORD
  5
1273
330
1
100
AcDbSymbolTableRecord
100
AcDbBlockTableRecord
  2
*D138
340
0
 70
     0
280
     1
281
     0
  0
BLOCK_RECORD
  5
127F
330
1
100
AcDbSymbolTableRecord
100
AcDbBlockTableRecord
  2
*D139
340
0
 70
     0
280
     1
281
     0
  0
BLOCK_RECORD
  5
128B
330
1
100
AcDbSymbolTableRecord
100
AcDbBlockTableRecord
  2
*D140
340
0
 70
     0
280
     1
281
     0
  0
BLOCK_RECORD
  5
1297
330
1
100
AcDbSymbolTableRecord
100
AcDbBlockTableRecord
  2
*D141
340
0
 70
     0
280
     1
281
     0
  0
BLOCK_RECORD
  5
12A3
330
1
100
AcDbSymbolTableRecord
100
AcDbBlockTableRecord
  2
*D142
340
0
 70
     0
280
     1
281
     0
  0
BLOCK_RECORD
  5
12AF
330
1
100
AcDbSymbolTableRecord
100
AcDbBlockTableRecord
  2
*D143
340
0
 70
     0
280
     1
281
     0
  0
BLOCK_RECORD
  5
12BB
330
1
100
AcDbSymbolTableRecord
100
AcDbBlockTableRecord
  2
*D144
340
0
 70
     0
280
     1
281
     0
  0
BLOCK_RECORD
  5
12C7
330
1
100
AcDbSymbolTableRecord
100
AcDbBlockTableRecord
  2
*D145
340
0
 70
     0
280
     1
281
     0
  0
BLOCK_RECORD
  5
12D3
330
1
100
AcDbSymbolTableRecord
100
AcDbBlockTableRecord
  2
*D146
340
0
 70
     0
280
     1
281
     0
  0
BLOCK_RECORD
  5
12DF
330
1
100
AcDbSymbolTableRecord
100
AcDbBlockTableRecord
  2
*D147
340
0
 70
     0
280
     1
281
     0
  0
BLOCK_RECORD
  5
12EB
330
1
100
AcDbSymbolTableRecord
100
AcDbBlockTableRecord
  2
*D148
340
0
 70
     0
280
     1
281
     0
  0
BLOCK_RECORD
  5
12F7
330
1
100
AcDbSymbolTableRecord
100
AcDbBlockTableRecord
  2
*D149
340
0
 70
     0
280
     1
281
     0
  0
BLOCK_RECORD
  5
1303
330
1
100
AcDbSymbolTableRecord
100
AcDbBlockTableRecord
  2
*D150
340
0
 70
     0
280
     1
281
     0
  0
BLOCK_RECORD
  5
130F
330
1
100
AcDbSymbolTableRecord
100
AcDbBlockTableRecord
  2
*D151
340
0
 70
     0
280
     1
281
     0
  0
BLOCK_RECORD
  5
131B
330
1
100
AcDbSymbolTableRecord
100
AcDbBlockTableRecord
  2
*D152
340
0
 70
     0
280
     1
281
     0
  0
BLOCK_RECORD
  5
1327
330
1
100
AcDbSymbolTableRecord
100
AcDbBlockTableRecord
  2
*D153
340
0
 70
     0
280
     1
281
     0
  0
BLOCK_RECORD
  5
1333
330
1
100
AcDbSymbolTableRecord
100
AcDbBlockTableRecord
  2
*D154
340
0
 70
     0
280
     1
281
     0
  0
BLOCK_RECORD
  5
133F
330
1
100
AcDbSymbolTableRecord
100
AcDbBlockTableRecord
  2
*D155
340
0
 70
     0
280
     1
281
     0
  0
BLOCK_RECORD
  5
134B
330
1
100
AcDbSymbolTableRecord
100
AcDbBlockTableRecord
  2
*D156
340
0
 70
     0
280
     1
281
     0
  0
BLOCK_RECORD
  5
1357
330
1
100
AcDbSymbolTableRecord
100
AcDbBlockTableRecord
  2
*D157
340
0
 70
     0
280
     1
281
     0
  0
BLOCK_RECORD
  5
1363
330
1
100
AcDbSymbolTableRecord
100
AcDbBlockTableRecord
  2
*D158
340
0
 70
     0
280
     1
281
     0
  0
BLOCK_RECORD
  5
136F
330
1
100
AcDbSymbolTableRecord
100
AcDbBlockTableRecord
  2
*D159
340
0
 70
     0
280
     1
281
     0
  0
BLOCK_RECORD
  5
137B
330
1
100
AcDbSymbolTableRecord
100
AcDbBlockTableRecord
  2
*D160
340
0
 70
     0
280
     1
281
     0
  0
BLOCK_RECORD
  5
1387
330
1
100
AcDbSymbolTableRecord
100
AcDbBlockTableRecord
  2
*D161
340
0
 70
     0
280
     1
281
     0
  0
BLOCK_RECORD
  5
1393
330
1
100
AcDbSymbolTableRecord
100
AcDbBlockTableRecord
  2
*D162
340
0
 70
     0
280
     1
281
     0
  0
BLOCK_RECORD
  5
139F
330
1
100
AcDbSymbolTableRecord
100
AcDbBlockTableRecord
  2
*D163
340
0
 70
     0
280
     1
281
     0
  0
BLOCK_RECORD
  5
13AB
330
1
100
AcDbSymbolTableRecord
100
AcDbBlockTableRecord
  2
*D164
340
0
 70
     0
280
     1
281
     0
  0
BLOCK_RECORD
  5
13B7
330
1
100
AcDbSymbolTableRecord
100
AcDbBlockTableRecord
  2
*D165
340
0
 70
     0
280
     1
281
     0
  0
BLOCK_RECORD
  5
13C3
330
1
100
AcDbSymbolTableRecord
100
AcDbBlockTableRecord
  2
*D166
340
0
 70
     0
280
     1
281
     0
  0
BLOCK_RECORD
  5
13CF
330
1
100
AcDbSymbolTableRecord
100
AcDbBlockTableRecord
  2
*D167
340
0
 70
     0
280
     1
281
     0
  0
BLOCK_RECORD
  5
13DB
330
1
100
AcDbSymbolTableRecord
100
AcDbBlockTableRecord
  2
*D168
340
0
 70
     0
280
     1
281
     0
  0
BLOCK_RECORD
  5
13E7
330
1
100
AcDbSymbolTableRecord
100
AcDbBlockTableRecord
  2
*D169
340
0
 70
     0
280
     1
281
     0
  0
BLOCK_RECORD
  5
13F3
330
1
100
AcDbSymbolTableRecord
100
AcDbBlockTableRecord
  2
*D170
340
0
 70
     0
280
     1
281
     0
  0
BLOCK_RECORD
  5
13FF
330
1
100
AcDbSymbolTableRecord
100
AcDbBlockTableRecord
  2
*D171
340
0
 70
     0
280
     1
281
     0
  0
BLOCK_RECORD
  5
140B
330
1
100
AcDbSymbolTableRecord
100
AcDbBlockTableRecord
  2
*D172
340
0
 70
     0
280
     1
281
     0
  0
BLOCK_RECORD
  5
1417
330
1
100
AcDbSymbolTableRecord
100
AcDbBlockTableRecord
  2
*D173
340
0
 70
     0
280
     1
281
     0
  0
BLOCK_RECORD
  5
1423
330
1
100
AcDbSymbolTableRecord
100
AcDbBlockTableRecord
  2
*D174
340
0
 70
     0
280
     1
281
     0
  0
BLOCK_RECORD
  5
142F
330
1
100
AcDbSymbolTableRecord
100
AcDbBlockTableRecord
  2
*D175
340
0
 70
     0
280
     1
281
     0
  0
BLOCK_RECORD
  5
143B
330
1
100
AcDbSymbolTableRecord
100
AcDbBlockTableRecord
  2
*D176
340
0
 70
     0
280
     1
281
     0
  0
BLOCK_RECORD
  5
1447
330
1
100
AcDbSymbolTableRecord
100
AcDbBlockTableRecord
  2
*D177
340
0
 70
     0
280
     1
281
     0
  0
BLOCK_RECORD
  5
1453
330
1
100
AcDbSymbolTableRecord
100
AcDbBlockTableRecord
  2
*D178
340
0
 70
     0
280
     1
281
     0
  0
BLOCK_RECORD
  5
145F
330
1
100
AcDbSymbolTableRecord
100
AcDbBlockTableRecord
  2
*D179
340
0
 70
     0
280
     1
281
     0
  0
BLOCK_RECORD
  5
146D
330
1
100
AcDbSymbolTableRecord
100
AcDbBlockTableRecord
  2
*D180
340
0
 70
     0
280
     1
281
     0
  0
BLOCK_RECORD
  5
1479
330
1
100
AcDbSymbolTableRecord
100
AcDbBlockTableRecord
  2
*D181
340
0
 70
     0
280
     1
281
     0
  0
BLOCK_RECORD
  5
1485
330
1
100
AcDbSymbolTableRecord
100
AcDbBlockTableRecord
  2
*D182
340
0
 70
     0
280
     1
281
     0
  0
BLOCK_RECORD
  5
1491
330
1
100
AcDbSymbolTableRecord
100
AcDbBlockTableRecord
  2
*D183
340
0
 70
     0
280
     1
281
     0
  0
BLOCK_RECORD
  5
149D
330
1
100
AcDbSymbolTableRecord
100
AcDbBlockTableRecord
  2
*D184
340
0
 70
     0
280
     1
281
     0
  0
BLOCK_RECORD
  5
14A9
330
1
100
AcDbSymbolTableRecord
100
AcDbBlockTableRecord
  2
*D185
340
0
 70
     0
280
     1
281
     0
  0
BLOCK_RECORD
  5
14B5
330
1
100
AcDbSymbolTableRecord
100
AcDbBlockTableRecord
  2
*D186
340
0
 70
     0
280
     1
281
     0
  0
BLOCK_RECORD
  5
14C1
330
1
100
AcDbSymbolTableRecord
100
AcDbBlockTableRecord
  2
*D187
340
0
 70
     0
280
     1
281
     0
  0
BLOCK_RECORD
  5
14CD
330
1
100
AcDbSymbolTableRecord
100
AcDbBlockTableRecord
  2
*D188
340
0
 70
     0
280
     1
281
     0
  0
BLOCK_RECORD
  5
14D9
330
1
100
AcDbSymbolTableRecord
100
AcDbBlockTableRecord
  2
*D189
340
0
 70
     0
280
     1
281
     0
  0
BLOCK_RECORD
  5
14E5
330
1
100
AcDbSymbolTableRecord
100
AcDbBlockTableRecord
  2
*D190
340
0
 70
     0
280
     1
281
     0
  0
BLOCK_RECORD
  5
14F1
330
1
100
AcDbSymbolTableRecord
100
AcDbBlockTableRecord
  2
*D191
340
0
 70
     0
280
     1
281
     0
  0
BLOCK_RECORD
  5
14FD
330
1
100
AcDbSymbolTableRecord
100
AcDbBlockTableRecord
  2
*D192
340
0
 70
     0
280
     1
281
     0
  0
BLOCK_RECORD
  5
150B
330
1
100
AcDbSymbolTableRecord
100
AcDbBlockTableRecord
  2
*D193
340
0
 70
     0
280
     1
281
     0
  0
BLOCK_RECORD
  5
1517
330
1
100
AcDbSymbolTableRecord
100
AcDbBlockTableRecord
  2
*D194
340
0
 70
     0
280
     1
281
     0
  0
BLOCK_RECORD
  5
1523
330
1
100
AcDbSymbolTableRecord
100
AcDbBlockTableRecord
  2
*D195
340
0
 70
     0
280
     1
281
     0
  0
ENDTAB
  0
ENDSEC
  0
SECTION
  2
BLOCKS
  0
BLOCK
  5
20
330
1F
100
AcDbEntity
  8
0
100
AcDbBlockBegin
  2
*Model_Space
 70
     0
 10
0.0
 20
0.0
 30
0.0
  3
*Model_Space
  1

  0
ENDBLK
  5
21
330
1F
100
AcDbEntity
  8
0
100
AcDbBlockEnd
  0
BLOCK
  5
D4
330
D2
100
AcDbEntity
 67
     1
  8
0
100
AcDbBlockBegin
  2
*Paper_Space
 70
     0
 10
0.0
 20
0.0
 30
0.0
  3
*Paper_Space
  1

  0
ENDBLK
  5
D5
330
D2
100
AcDbEntity
 67
     1
  8
0
100
AcDbBlockEnd
  0
BLOCK
  5
D8
330
D6
100
AcDbEntity
 67
     1
  8
0
100
AcDbBlockBegin
  2
*Paper_Space0
 70
     0
 10
0.0
 20
0.0
 30
0.0
  3
*Paper_Space0
  1

  0
ENDBLK
  5
D9
330
D6
100
AcDbEntity
 67
     1
  8
0
100
AcDbBlockEnd
  0
BLOCK
  5
2AD
330
2AC
100
AcDbEntity
  8
0
100
AcDbBlockBegin
  2
_Open30
 70
     0
 10
0.0
 20
0.0
 30
0.0
  3
_Open30
  1

  0
LINE
  5
2AE
330
2AC
100
AcDbEntity
  8
0
  6
ByBlock
 62
     0
370
    -2
100
AcDbLine
 10
-1.0
 20
0.26794919
 30
0.0
 11
0.0
 21
0.0
 31
0.0
  0
LINE
  5
2AF
330
2AC
100
AcDbEntity
  8
0
  6
ByBlock
 62
     0
370
    -2
100
AcDbLine
 10
0.0
 20
0.0
 30
0.0
 11
-1.0
 21
-0.26794919
 31
0.0
  0
LINE
  5
2B0
330
2AC
100
AcDbEntity
  8
0
  6
ByBlock
 62
     0
370
    -2
100
AcDbLine
 10
0.0
 20
0.0
 30
0.0
 11
-1.0
 21
0.0
 31
0.0
  0
ENDBLK
  5
2B1
330
2AC
100
AcDbEntity
  8
0
100
AcDbBlockEnd
  0
BLOCK
  5
2B3
330
2B2
100
AcDbEntity
  8
0
100
AcDbBlockBegin
  2
_Oblique
 70
     0
 10
0.0
 20
0.0
 30
0.0
  3
_Oblique
  1

  0
LINE
  5
2B4
330
2B2
100
AcDbEntity
  8
0
  6
ByBlock
 62
     0
370
    -2
100
AcDbLine
 10
-0.5
 20
-0.5
 30
0.0
 11
0.5
 21
0.5
 31
0.0
  0
ENDBLK
  5
2B5
330
2B2
100
AcDbEntity
  8
0
100
AcDbBlockEnd
  0
BLOCK
  5
2B7
330
2B6
100
AcDbEntity
  8
0
100
AcDbBlockBegin
  2
*D3
 70
     1
 10
0.0
 20
0.0
 30
0.0
  3
*D3
  1

  0
LINE
  5
2B8
330
2B6
100
AcDbEntity
  8
OLCU (BEYKENT)
 62
     0
440
 16777216
370
    -2
100
AcDbLine
 10
122421.422299438
 20
14473.45471318394
 30
0.0
 11
122438.6022994382
 21
14473.45471318394
 31
0.0
  0
LINE
  5
2B9
330
2B6
100
AcDbEntity
  8
OLCU (BEYKENT)
 62
     0
440
 16777216
370
    -2
100
AcDbLine
 10
122421.422299438
 20
14458.45471318394
 30
0.0
 11
122438.6022994382
 21
14458.45471318394
 31
0.0
  0
LINE
  5
2BA
330
2B6
100
AcDbEntity
  8
OLCU (BEYKENT)
 62
     0
440
 16777216
370
    -2
100
AcDbLine
 10
122438.4222994382
 20
14473.45471318394
 30
0.0
 11
122438.4222994382
 21
14458.45471318394
 31
0.0
  0
LINE
  5
2BB
330
2B6
100
AcDbEntity
  8
OLCU (BEYKENT)
 62
     0
440
 16777216
370
    -2
100
AcDbLine
 10
122441.4222994382
 20
14455.45471318394
 30
0.0
 11
122435.4222994382
 21
14461.45471318394
 31
0.0
  0
LINE
  5
2BC
330
2B6
100
AcDbEntity
  8
OLCU (BEYKENT)
 62
     0
440
 16777216
370
    -2
100
AcDbLine
 10
122441.4222994382
 20
14470.45471318394
 30
0.0
 11
122435.4222994382
 21
14476.45471318394
 31
0.0
  0
MTEXT
  5
2BD
330
2B6
100
AcDbEntity
  8
OLCU (BEYKENT)
 62
     7
440
 16777216
370
    20
100
AcDbMText
 10
122430.3604012264
 20
14465.9547131839
 30
0.0
 40
12.0
 41
0.0
 46
0.0
 71
     5
 72
     1
  1
\A1;15
  7
YAZI (BEYKENT)
 11
0.0000000000000001
 21
1.0
 31
0.0
 73
     1
 44
1.0
  0
POINT
  5
2BE
330
2B6
100
AcDbEntity
  8
Defpoints
 62
     0
440
 16777216
100
AcDbPoint
 10
122418.422299438
 20
14473.45471318394
 30
0.0
  0
POINT
  5
2BF
330
2B6
100
AcDbEntity
  8
Defpoints
 62
     0
440
 16777216
100
AcDbPoint
 10
122418.422299438
 20
14458.45471318394
 30
0.0
  0
POINT
  5
2C0
330
2B6
100
AcDbEntity
  8
Defpoints
 62
     0
440
 16777216
100
AcDbPoint
 10
122438.4222994382
 20
14458.45471318394
 30
0.0
  0
ENDBLK
  5
2C1
330
2B6
100
AcDbEntity
  8
0
100
AcDbBlockEnd
  0
BLOCK
  5
2C3
330
2C2
100
AcDbEntity
  8
0
100
AcDbBlockBegin
  2
*D4
 70
     1
 10
0.0
 20
0.0
 30
0.0
  3
*D4
  1

  0
LINE
  5
2C4
330
2C2
100
AcDbEntity
  8
OLCU (BEYKENT)
 62
     0
440
 16777216
370
    -2
100
AcDbLine
 10
122421.422299438
 20
14458.45471318394
 30
0.0
 11
122438.6022994382
 21
14458.45471318394
 31
0.0
  0
LINE
  5
2C5
330
2C2
100
AcDbEntity
  8
OLCU (BEYKENT)
 62
     0
440
 16777216
370
    -2
100
AcDbLine
 10
122421.422299438
 20
14423.45471318394
 30
0.0
 11
122438.6022994382
 21
14423.45471318394
 31
0.0
  0
LINE
  5
2C6
330
2C2
100
AcDbEntity
  8
OLCU (BEYKENT)
 62
     0
440
 16777216
370
    -2
100
AcDbLine
 10
122438.4222994382
 20
14458.45471318394
 30
0.0
 11
122438.4222994382
 21
14423.45471318394
 31
0.0
  0
LINE
  5
2C7
330
2C2
100
AcDbEntity
  8
OLCU (BEYKENT)
 62
     0
440
 16777216
370
    -2
100
AcDbLine
 10
122441.4222994382
 20
14420.45471318394
 30
0.0
 11
122435.4222994382
 21
14426.45471318394
 31
0.0
  0
LINE
  5
2C8
330
2C2
100
AcDbEntity
  8
OLCU (BEYKENT)
 62
     0
440
 16777216
370
    -2
100
AcDbLine
 10
122441.4222994382
 20
14455.45471318394
 30
0.0
 11
122435.4222994382
 21
14461.45471318394
 31
0.0
  0
MTEXT
  5
2C9
330
2C2
100
AcDbEntity
  8
OLCU (BEYKENT)
 62
     7
440
 16777216
370
    20
100
AcDbMText
 10
122430.2985030145
 20
14440.9547131839
 30
0.0
 40
12.0
 41
0.0
 46
0.0
 71
     5
 72
     1
  1
\A1;35
  7
YAZI (BEYKENT)
 11
0.0000000000000001
 21
1.0
 31
0.0
 73
     1
 44
1.0
  0
POINT
  5
2CA
330
2C2
100
AcDbEntity
  8
Defpoints
 62
     0
440
 16777216
100
AcDbPoint
 10
122418.422299438
 20
14458.45471318394
 30
0.0
  0
POINT
  5
2CB
330
2C2
100
AcDbEntity
  8
Defpoints
 62
     0
440
 16777216
100
AcDbPoint
 10
122418.422299438
 20
14423.45471318394
 30
0.0
  0
POINT
  5
2CC
330
2C2
100
AcDbEntity
  8
Defpoints
 62
     0
440
 16777216
100
AcDbPoint
 10
122438.4222994382
 20
14423.45471318394
 30
0.0
  0
ENDBLK
  5
2CD
330
2C2
100
AcDbEntity
  8
0
100
AcDbBlockEnd
  0
BLOCK
  5
2CF
330
2CE
100
AcDbEntity
  8
0
100
AcDbBlockBegin
  2
*D5
 70
     1
 10
0.0
 20
0.0
 30
0.0
  3
*D5
  1

  0
LINE
  5
2D0
330
2CE
100
AcDbEntity
  8
OLCU (BEYKENT)
 62
     0
440
 16777216
370
    -2
100
AcDbLine
 10
122421.422299438
 20
14473.45471318394
 30
0.0
 11
122458.6022994382
 21
14473.45471318394
 31
0.0
  0
LINE
  5
2D1
330
2CE
100
AcDbEntity
  8
OLCU (BEYKENT)
 62
     0
440
 16777216
370
    -2
100
AcDbLine
 10
122421.422299438
 20
14423.45471318394
 30
0.0
 11
122458.6022994382
 21
14423.45471318394
 31
0.0
  0
LINE
  5
2D2
330
2CE
100
AcDbEntity
  8
OLCU (BEYKENT)
 62
     0
440
 16777216
370
    -2
100
AcDbLine
 10
122458.4222994382
 20
14473.45471318394
 30
0.0
 11
122458.4222994382
 21
14423.45471318394
 31
0.0
  0
LINE
  5
2D3
330
2CE
100
AcDbEntity
  8
OLCU (BEYKENT)
 62
     0
440
 16777216
370
    -2
100
AcDbLine
 10
122461.4222994382
 20
14420.45471318394
 30
0.0
 11
122455.4222994382
 21
14426.45471318394
 31
0.0
  0
LINE
  5
2D4
330
2CE
100
AcDbEntity
  8
OLCU (BEYKENT)
 62
     0
440
 16777216
370
    -2
100
AcDbLine
 10
122461.4222994382
 20
14470.45471318394
 30
0.0
 11
122455.4222994382
 21
14476.45471318394
 31
0.0
  0
MTEXT
  5
2D5
330
2CE
100
AcDbEntity
  8
OLCU (BEYKENT)
 62
     7
440
 16777216
370
    20
100
AcDbMText
 10
122450.2985030145
 20
14448.4547131839
 30
0.0
 40
12.0
 41
0.0
 46
0.0
 71
     5
 72
     1
  1
\A1;50
  7
YAZI (BEYKENT)
 11
0.0000000000000001
 21
1.0
 31
0.0
 73
     1
 44
1.0
  0
POINT
  5
2D6
330
2CE
100
AcDbEntity
  8
Defpoints
 62
     0
440
 16777216
100
AcDbPoint
 10
122418.422299438
 20
14473.45471318394
 30
0.0
  0
POINT
  5
2D7
330
2CE
100
AcDbEntity
  8
Defpoints
 62
     0
440
 16777216
100
AcDbPoint
 10
122418.422299438
 20
14423.45471318394
 30
0.0
  0
POINT
  5
2D8
330
2CE
100
AcDbEntity
  8
Defpoints
 62
     0
440
 16777216
100
AcDbPoint
 10
122458.4222994382
 20
14423.45471318394
 30
0.0
  0
ENDBLK
  5
2D9
330
2CE
100
AcDbEntity
  8
0
100
AcDbBlockEnd
  0
BLOCK
  5
2DB
330
2DA
100
AcDbEntity
  8
0
100
AcDbBlockBegin
  2
*D6
 70
     1
 10
0.0
 20
0.0
 30
0.0
  3
*D6
  1

  0
LINE
  5
2DC
330
2DA
100
AcDbEntity
  8
OLCU (BEYKENT)
 62
     0
440
 16777216
370
    -2
100
AcDbLine
 10
122716.422299438
 20
14473.45471318394
 30
0.0
 11
122733.6022994382
 21
14473.45471318394
 31
0.0
  0
LINE
  5
2DD
330
2DA
100
AcDbEntity
  8
OLCU (BEYKENT)
 62
     0
440
 16777216
370
    -2
100
AcDbLine
 10
122716.422299438
 20
14458.45471318394
 30
0.0
 11
122733.6022994382
 21
14458.45471318394
 31
0.0
  0
LINE
  5
2DE
330
2DA
100
AcDbEntity
  8
OLCU (BEYKENT)
 62
     0
440
 16777216
370
    -2
100
AcDbLine
 10
122733.4222994382
 20
14473.45471318394
 30
0.0
 11
122733.4222994382
 21
14458.45471318394
 31
0.0
  0
LINE
  5
2DF
330
2DA
100
AcDbEntity
  8
OLCU (BEYKENT)
 62
     0
440
 16777216
370
    -2
100
AcDbLine
 10
122736.4222994382
 20
14455.45471318394
 30
0.0
 11
122730.4222994382
 21
14461.45471318394
 31
0.0
  0
LINE
  5
2E0
330
2DA
100
AcDbEntity
  8
OLCU (BEYKENT)
 62
     0
440
 16777216
370
    -2
100
AcDbLine
 10
122736.4222994382
 20
14470.45471318394
 30
0.0
 11
122730.4222994382
 21
14476.45471318394
 31
0.0
  0
MTEXT
  5
2E1
330
2DA
100
AcDbEntity
  8
OLCU (BEYKENT)
 62
     7
440
 16777216
370
    20
100
AcDbMText
 10
122725.3604012264
 20
14465.9547131839
 30
0.0
 40
12.0
 41
0.0
 46
0.0
 71
     5
 72
     1
  1
\A1;15
  7
YAZI (BEYKENT)
 11
0.0000000000000001
 21
1.0
 31
0.0
 73
     1
 44
1.0
  0
POINT
  5
2E2
330
2DA
100
AcDbEntity
  8
Defpoints
 62
     0
440
 16777216
100
AcDbPoint
 10
122713.422299438
 20
14473.45471318394
 30
0.0
  0
POINT
  5
2E3
330
2DA
100
AcDbEntity
  8
Defpoints
 62
     0
440
 16777216
100
AcDbPoint
 10
122713.422299438
 20
14458.45471318394
 30
0.0
  0
POINT
  5
2E4
330
2DA
100
AcDbEntity
  8
Defpoints
 62
     0
440
 16777216
100
AcDbPoint
 10
122733.4222994382
 20
14458.45471318394
 30
0.0
  0
ENDBLK
  5
2E5
330
2DA
100
AcDbEntity
  8
0
100
AcDbBlockEnd
  0
BLOCK
  5
2E7
330
2E6
100
AcDbEntity
  8
0
100
AcDbBlockBegin
  2
*D7
 70
     1
 10
0.0
 20
0.0
 30
0.0
  3
*D7
  1

  0
LINE
  5
2E8
330
2E6
100
AcDbEntity
  8
OLCU (BEYKENT)
 62
     0
440
 16777216
370
    -2
100
AcDbLine
 10
122716.422299438
 20
14458.45471318394
 30
0.0
 11
122733.6022994382
 21
14458.45471318394
 31
0.0
  0
LINE
  5
2E9
330
2E6
100
AcDbEntity
  8
OLCU (BEYKENT)
 62
     0
440
 16777216
370
    -2
100
AcDbLine
 10
122716.422299438
 20
14423.45471318394
 30
0.0
 11
122733.6022994382
 21
14423.45471318394
 31
0.0
  0
LINE
  5
2EA
330
2E6
100
AcDbEntity
  8
OLCU (BEYKENT)
 62
     0
440
 16777216
370
    -2
100
AcDbLine
 10
122733.4222994382
 20
14458.45471318394
 30
0.0
 11
122733.4222994382
 21
14423.45471318394
 31
0.0
  0
LINE
  5
2EB
330
2E6
100
AcDbEntity
  8
OLCU (BEYKENT)
 62
     0
440
 16777216
370
    -2
100
AcDbLine
 10
122736.4222994382
 20
14420.45471318394
 30
0.0
 11
122730.4222994382
 21
14426.45471318394
 31
0.0
  0
LINE
  5
2EC
330
2E6
100
AcDbEntity
  8
OLCU (BEYKENT)
 62
     0
440
 16777216
370
    -2
100
AcDbLine
 10
122736.4222994382
 20
14455.45471318394
 30
0.0
 11
122730.4222994382
 21
14461.45471318394
 31
0.0
  0
MTEXT
  5
2ED
330
2E6
100
AcDbEntity
  8
OLCU (BEYKENT)
 62
     7
440
 16777216
370
    20
100
AcDbMText
 10
122725.2985030145
 20
14440.9547131839
 30
0.0
 40
12.0
 41
0.0
 46
0.0
 71
     5
 72
     1
  1
\A1;35
  7
YAZI (BEYKENT)
 11
0.0000000000000001
 21
1.0
 31
0.0
 73
     1
 44
1.0
  0
POINT
  5
2EE
330
2E6
100
AcDbEntity
  8
Defpoints
 62
     0
440
 16777216
100
AcDbPoint
 10
122713.422299438
 20
14458.45471318394
 30
0.0
  0
POINT
  5
2EF
330
2E6
100
AcDbEntity
  8
Defpoints
 62
     0
440
 16777216
100
AcDbPoint
 10
122713.422299438
 20
14423.45471318394
 30
0.0
  0
POINT
  5
2F0
330
2E6
100
AcDbEntity
  8
Defpoints
 62
     0
440
 16777216
100
AcDbPoint
 10
122733.4222994382
 20
14423.45471318394
 30
0.0
  0
ENDBLK
  5
2F1
330
2E6
100
AcDbEntity
  8
0
100
AcDbBlockEnd
  0
BLOCK
  5
2F3
330
2F2
100
AcDbEntity
  8
0
100
AcDbBlockBegin
  2
*D8
 70
     1
 10
0.0
 20
0.0
 30
0.0
  3
*D8
  1

  0
LINE
  5
2F4
330
2F2
100
AcDbEntity
  8
OLCU (BEYKENT)
 62
     0
440
 16777216
370
    -2
100
AcDbLine
 10
122716.422299438
 20
14473.45471318394
 30
0.0
 11
122753.6022994382
 21
14473.45471318394
 31
0.0
  0
LINE
  5
2F5
330
2F2
100
AcDbEntity
  8
OLCU (BEYKENT)
 62
     0
440
 16777216
370
    -2
100
AcDbLine
 10
122716.422299438
 20
14423.45471318394
 30
0.0
 11
122753.6022994382
 21
14423.45471318394
 31
0.0
  0
LINE
  5
2F6
330
2F2
100
AcDbEntity
  8
OLCU (BEYKENT)
 62
     0
440
 16777216
370
    -2
100
AcDbLine
 10
122753.4222994382
 20
14473.45471318394
 30
0.0
 11
122753.4222994382
 21
14423.45471318394
 31
0.0
  0
LINE
  5
2F7
330
2F2
100
AcDbEntity
  8
OLCU (BEYKENT)
 62
     0
440
 16777216
370
    -2
100
AcDbLine
 10
122756.4222994382
 20
14420.45471318394
 30
0.0
 11
122750.4222994382
 21
14426.45471318394
 31
0.0
  0
LINE
  5
2F8
330
2F2
100
AcDbEntity
  8
OLCU (BEYKENT)
 62
     0
440
 16777216
370
    -2
100
AcDbLine
 10
122756.4222994382
 20
14470.45471318394
 30
0.0
 11
122750.4222994382
 21
14476.45471318394
 31
0.0
  0
MTEXT
  5
2F9
330
2F2
100
AcDbEntity
  8
OLCU (BEYKENT)
 62
     7
440
 16777216
370
    20
100
AcDbMText
 10
122745.2985030145
 20
14448.4547131839
 30
0.0
 40
12.0
 41
0.0
 46
0.0
 71
     5
 72
     1
  1
\A1;50
  7
YAZI (BEYKENT)
 11
0.0000000000000001
 21
1.0
 31
0.0
 73
     1
 44
1.0
  0
POINT
  5
2FA
330
2F2
100
AcDbEntity
  8
Defpoints
 62
     0
440
 16777216
100
AcDbPoint
 10
122713.422299438
 20
14473.45471318394
 30
0.0
  0
POINT
  5
2FB
330
2F2
100
AcDbEntity
  8
Defpoints
 62
     0
440
 16777216
100
AcDbPoint
 10
122713.422299438
 20
14423.45471318394
 30
0.0
  0
POINT
  5
2FC
330
2F2
100
AcDbEntity
  8
Defpoints
 62
     0
440
 16777216
100
AcDbPoint
 10
122753.4222994382
 20
14423.45471318394
 30
0.0
  0
ENDBLK
  5
2FD
330
2F2
100
AcDbEntity
  8
0
100
AcDbBlockEnd
  0
BLOCK
  5
2FF
330
2FE
100
AcDbEntity
  8
0
100
AcDbBlockBegin
  2
*D9
 70
     1
 10
0.0
 20
0.0
 30
0.0
  3
*D9
  1

  0
LINE
  5
300
330
2FE
100
AcDbEntity
  8
OLCU (BEYKENT)
 62
     0
440
 16777216
370
    -2
100
AcDbLine
 10
123236.422299438
 20
14473.45471318394
 30
0.0
 11
123253.6022994382
 21
14473.45471318394
 31
0.0
  0
LINE
  5
301
330
2FE
100
AcDbEntity
  8
OLCU (BEYKENT)
 62
     0
440
 16777216
370
    -2
100
AcDbLine
 10
123236.422299438
 20
14458.45471318394
 30
0.0
 11
123253.6022994382
 21
14458.45471318394
 31
0.0
  0
LINE
  5
302
330
2FE
100
AcDbEntity
  8
OLCU (BEYKENT)
 62
     0
440
 16777216
370
    -2
100
AcDbLine
 10
123253.4222994382
 20
14473.45471318394
 30
0.0
 11
123253.4222994382
 21
14458.45471318394
 31
0.0
  0
LINE
  5
303
330
2FE
100
AcDbEntity
  8
OLCU (BEYKENT)
 62
     0
440
 16777216
370
    -2
100
AcDbLine
 10
123256.4222994382
 20
14455.45471318394
 30
0.0
 11
123250.4222994382
 21
14461.45471318394
 31
0.0
  0
LINE
  5
304
330
2FE
100
AcDbEntity
  8
OLCU (BEYKENT)
 62
     0
440
 16777216
370
    -2
100
AcDbLine
 10
123256.4222994382
 20
14470.45471318394
 30
0.0
 11
123250.4222994382
 21
14476.45471318394
 31
0.0
  0
MTEXT
  5
305
330
2FE
100
AcDbEntity
  8
OLCU (BEYKENT)
 62
     7
440
 16777216
370
    20
100
AcDbMText
 10
123245.3604012264
 20
14465.9547131839
 30
0.0
 40
12.0
 41
0.0
 46
0.0
 71
     5
 72
     1
  1
\A1;15
  7
YAZI (BEYKENT)
 11
0.0000000000000001
 21
1.0
 31
0.0
 73
     1
 44
1.0
  0
POINT
  5
306
330
2FE
100
AcDbEntity
  8
Defpoints
 62
     0
440
 16777216
100
AcDbPoint
 10
123233.422299438
 20
14473.45471318394
 30
0.0
  0
POINT
  5
307
330
2FE
100
AcDbEntity
  8
Defpoints
 62
     0
440
 16777216
100
AcDbPoint
 10
123233.422299438
 20
14458.45471318394
 30
0.0
  0
POINT
  5
308
330
2FE
100
AcDbEntity
  8
Defpoints
 62
     0
440
 16777216
100
AcDbPoint
 10
123253.4222994382
 20
14458.45471318394
 30
0.0
  0
ENDBLK
  5
309
330
2FE
100
AcDbEntity
  8
0
100
AcDbBlockEnd
  0
BLOCK
  5
30B
330
30A
100
AcDbEntity
  8
0
100
AcDbBlockBegin
  2
*D10
 70
     1
 10
0.0
 20
0.0
 30
0.0
  3
*D10
  1

  0
LINE
  5
30C
330
30A
100
AcDbEntity
  8
OLCU (BEYKENT)
 62
     0
440
 16777216
370
    -2
100
AcDbLine
 10
123236.422299438
 20
14458.45471318394
 30
0.0
 11
123253.6022994382
 21
14458.45471318394
 31
0.0
  0
LINE
  5
30D
330
30A
100
AcDbEntity
  8
OLCU (BEYKENT)
 62
     0
440
 16777216
370
    -2
100
AcDbLine
 10
123236.422299438
 20
14423.45471318394
 30
0.0
 11
123253.6022994382
 21
14423.45471318394
 31
0.0
  0
LINE
  5
30E
330
30A
100
AcDbEntity
  8
OLCU (BEYKENT)
 62
     0
440
 16777216
370
    -2
100
AcDbLine
 10
123253.4222994382
 20
14458.45471318394
 30
0.0
 11
123253.4222994382
 21
14423.45471318394
 31
0.0
  0
LINE
  5
30F
330
30A
100
AcDbEntity
  8
OLCU (BEYKENT)
 62
     0
440
 16777216
370
    -2
100
AcDbLine
 10
123256.4222994382
 20
14420.45471318394
 30
0.0
 11
123250.4222994382
 21
14426.45471318394
 31
0.0
  0
LINE
  5
310
330
30A
100
AcDbEntity
  8
OLCU (BEYKENT)
 62
     0
440
 16777216
370
    -2
100
AcDbLine
 10
123256.4222994382
 20
14455.45471318394
 30
0.0
 11
123250.4222994382
 21
14461.45471318394
 31
0.0
  0
MTEXT
  5
311
330
30A
100
AcDbEntity
  8
OLCU (BEYKENT)
 62
     7
440
 16777216
370
    20
100
AcDbMText
 10
123245.2985030145
 20
14440.9547131839
 30
0.0
 40
12.0
 41
0.0
 46
0.0
 71
     5
 72
     1
  1
\A1;35
  7
YAZI (BEYKENT)
 11
0.0000000000000001
 21
1.0
 31
0.0
 73
     1
 44
1.0
  0
POINT
  5
312
330
30A
100
AcDbEntity
  8
Defpoints
 62
     0
440
 16777216
100
AcDbPoint
 10
123233.422299438
 20
14458.45471318394
 30
0.0
  0
POINT
  5
313
330
30A
100
AcDbEntity
  8
Defpoints
 62
     0
440
 16777216
100
AcDbPoint
 10
123233.422299438
 20
14423.45471318394
 30
0.0
  0
POINT
  5
314
330
30A
100
AcDbEntity
  8
Defpoints
 62
     0
440
 16777216
100
AcDbPoint
 10
123253.4222994382
 20
14423.45471318394
 30
0.0
  0
ENDBLK
  5
315
330
30A
100
AcDbEntity
  8
0
100
AcDbBlockEnd
  0
BLOCK
  5
317
330
316
100
AcDbEntity
  8
0
100
AcDbBlockBegin
  2
*D11
 70
     1
 10
0.0
 20
0.0
 30
0.0
  3
*D11
  1

  0
LINE
  5
318
330
316
100
AcDbEntity
  8
OLCU (BEYKENT)
 62
     0
440
 16777216
370
    -2
100
AcDbLine
 10
123236.422299438
 20
14473.45471318394
 30
0.0
 11
123273.6022994382
 21
14473.45471318394
 31
0.0
  0
LINE
  5
319
330
316
100
AcDbEntity
  8
OLCU (BEYKENT)
 62
     0
440
 16777216
370
    -2
100
AcDbLine
 10
123236.422299438
 20
14423.45471318394
 30
0.0
 11
123273.6022994382
 21
14423.45471318394
 31
0.0
  0
LINE
  5
31A
330
316
100
AcDbEntity
  8
OLCU (BEYKENT)
 62
     0
440
 16777216
370
    -2
100
AcDbLine
 10
123273.4222994382
 20
14473.45471318394
 30
0.0
 11
123273.4222994382
 21
14423.45471318394
 31
0.0
  0
LINE
  5
31B
330
316
100
AcDbEntity
  8
OLCU (BEYKENT)
 62
     0
440
 16777216
370
    -2
100
AcDbLine
 10
123276.4222994382
 20
14420.45471318394
 30
0.0
 11
123270.4222994382
 21
14426.45471318394
 31
0.0
  0
LINE
  5
31C
330
316
100
AcDbEntity
  8
OLCU (BEYKENT)
 62
     0
440
 16777216
370
    -2
100
AcDbLine
 10
123276.4222994382
 20
14470.45471318394
 30
0.0
 11
123270.4222994382
 21
14476.45471318394
 31
0.0
  0
MTEXT
  5
31D
330
316
100
AcDbEntity
  8
OLCU (BEYKENT)
 62
     7
440
 16777216
370
    20
100
AcDbMText
 10
123265.2985030145
 20
14448.4547131839
 30
0.0
 40
12.0
 41
0.0
 46
0.0
 71
     5
 72
     1
  1
\A1;50
  7
YAZI (BEYKENT)
 11
0.0000000000000001
 21
1.0
 31
0.0
 73
     1
 44
1.0
  0
POINT
  5
31E
330
316
100
AcDbEntity
  8
Defpoints
 62
     0
440
 16777216
100
AcDbPoint
 10
123233.422299438
 20
14473.45471318394
 30
0.0
  0
POINT
  5
31F
330
316
100
AcDbEntity
  8
Defpoints
 62
     0
440
 16777216
100
AcDbPoint
 10
123233.422299438
 20
14423.45471318394
 30
0.0
  0
POINT
  5
320
330
316
100
AcDbEntity
  8
Defpoints
 62
     0
440
 16777216
100
AcDbPoint
 10
123273.4222994382
 20
14423.45471318394
 30
0.0
  0
ENDBLK
  5
321
330
316
100
AcDbEntity
  8
0
100
AcDbBlockEnd
  0
BLOCK
  5
323
330
322
100
AcDbEntity
  8
0
100
AcDbBlockBegin
  2
*D12
 70
     1
 10
0.0
 20
0.0
 30
0.0
  3
*D12
  1

  0
LINE
  5
324
330
322
100
AcDbEntity
  8
OLCU (BEYKENT)
 62
     0
440
 16777216
370
    -2
100
AcDbLine
 10
123621.422299438
 20
14473.45471318394
 30
0.0
 11
123638.6022994382
 21
14473.45471318394
 31
0.0
  0
LINE
  5
325
330
322
100
AcDbEntity
  8
OLCU (BEYKENT)
 62
     0
440
 16777216
370
    -2
100
AcDbLine
 10
123621.422299438
 20
14458.45471318394
 30
0.0
 11
123638.6022994382
 21
14458.45471318394
 31
0.0
  0
LINE
  5
326
330
322
100
AcDbEntity
  8
OLCU (BEYKENT)
 62
     0
440
 16777216
370
    -2
100
AcDbLine
 10
123638.4222994382
 20
14473.45471318394
 30
0.0
 11
123638.4222994382
 21
14458.45471318394
 31
0.0
  0
LINE
  5
327
330
322
100
AcDbEntity
  8
OLCU (BEYKENT)
 62
     0
440
 16777216
370
    -2
100
AcDbLine
 10
123641.4222994382
 20
14455.45471318394
 30
0.0
 11
123635.4222994382
 21
14461.45471318394
 31
0.0
  0
LINE
  5
328
330
322
100
AcDbEntity
  8
OLCU (BEYKENT)
 62
     0
440
 16777216
370
    -2
100
AcDbLine
 10
123641.4222994382
 20
14470.45471318394
 30
0.0
 11
123635.4222994382
 21
14476.45471318394
 31
0.0
  0
MTEXT
  5
329
330
322
100
AcDbEntity
  8
OLCU (BEYKENT)
 62
     7
440
 16777216
370
    20
100
AcDbMText
 10
123630.3604012264
 20
14465.9547131839
 30
0.0
 40
12.0
 41
0.0
 46
0.0
 71
     5
 72
     1
  1
\A1;15
  7
YAZI (BEYKENT)
 11
0.0000000000000001
 21
1.0
 31
0.0
 73
     1
 44
1.0
  0
POINT
  5
32A
330
322
100
AcDbEntity
  8
Defpoints
 62
     0
440
 16777216
100
AcDbPoint
 10
123618.422299438
 20
14473.45471318394
 30
0.0
  0
POINT
  5
32B
330
322
100
AcDbEntity
  8
Defpoints
 62
     0
440
 16777216
100
AcDbPoint
 10
123618.422299438
 20
14458.45471318394
 30
0.0
  0
POINT
  5
32C
330
322
100
AcDbEntity
  8
Defpoints
 62
     0
440
 16777216
100
AcDbPoint
 10
123638.4222994382
 20
14458.45471318394
 30
0.0
  0
ENDBLK
  5
32D
330
322
100
AcDbEntity
  8
0
100
AcDbBlockEnd
  0
BLOCK
  5
32F
330
32E
100
AcDbEntity
  8
0
100
AcDbBlockBegin
  2
*D13
 70
     1
 10
0.0
 20
0.0
 30
0.0
  3
*D13
  1

  0
LINE
  5
330
330
32E
100
AcDbEntity
  8
OLCU (BEYKENT)
 62
     0
440
 16777216
370
    -2
100
AcDbLine
 10
123621.422299438
 20
14458.45471318394
 30
0.0
 11
123638.6022994382
 21
14458.45471318394
 31
0.0
  0
LINE
  5
331
330
32E
100
AcDbEntity
  8
OLCU (BEYKENT)
 62
     0
440
 16777216
370
    -2
100
AcDbLine
 10
123621.422299438
 20
14423.45471318394
 30
0.0
 11
123638.6022994382
 21
14423.45471318394
 31
0.0
  0
LINE
  5
332
330
32E
100
AcDbEntity
  8
OLCU (BEYKENT)
 62
     0
440
 16777216
370
    -2
100
AcDbLine
 10
123638.4222994382
 20
14458.45471318394
 30
0.0
 11
123638.4222994382
 21
14423.45471318394
 31
0.0
  0
LINE
  5
333
330
32E
100
AcDbEntity
  8
OLCU (BEYKENT)
 62
     0
440
 16777216
370
    -2
100
AcDbLine
 10
123641.4222994382
 20
14420.45471318394
 30
0.0
 11
123635.4222994382
 21
14426.45471318394
 31
0.0
  0
LINE
  5
334
330
32E
100
AcDbEntity
  8
OLCU (BEYKENT)
 62
     0
440
 16777216
370
    -2
100
AcDbLine
 10
123641.4222994382
 20
14455.45471318394
 30
0.0
 11
123635.4222994382
 21
14461.45471318394
 31
0.0
  0
MTEXT
  5
335
330
32E
100
AcDbEntity
  8
OLCU (BEYKENT)
 62
     7
440
 16777216
370
    20
100
AcDbMText
 10
123630.2985030145
 20
14440.9547131839
 30
0.0
 40
12.0
 41
0.0
 46
0.0
 71
     5
 72
     1
  1
\A1;35
  7
YAZI (BEYKENT)
 11
0.0000000000000001
 21
1.0
 31
0.0
 73
     1
 44
1.0
  0
POINT
  5
336
330
32E
100
AcDbEntity
  8
Defpoints
 62
     0
440
 16777216
100
AcDbPoint
 10
123618.422299438
 20
14458.45471318394
 30
0.0
  0
POINT
  5
337
330
32E
100
AcDbEntity
  8
Defpoints
 62
     0
440
 16777216
100
AcDbPoint
 10
123618.422299438
 20
14423.45471318394
 30
0.0
  0
POINT
  5
338
330
32E
100
AcDbEntity
  8
Defpoints
 62
     0
440
 16777216
100
AcDbPoint
 10
123638.4222994382
 20
14423.45471318394
 30
0.0
  0
ENDBLK
  5
339
330
32E
100
AcDbEntity
  8
0
100
AcDbBlockEnd
  0
BLOCK
  5
33B
330
33A
100
AcDbEntity
  8
0
100
AcDbBlockBegin
  2
*D14
 70
     1
 10
0.0
 20
0.0
 30
0.0
  3
*D14
  1

  0
LINE
  5
33C
330
33A
100
AcDbEntity
  8
OLCU (BEYKENT)
 62
     0
440
 16777216
370
    -2
100
AcDbLine
 10
123621.422299438
 20
14473.45471318394
 30
0.0
 11
123658.6022994382
 21
14473.45471318394
 31
0.0
  0
LINE
  5
33D
330
33A
100
AcDbEntity
  8
OLCU (BEYKENT)
 62
     0
440
 16777216
370
    -2
100
AcDbLine
 10
123621.422299438
 20
14423.45471318394
 30
0.0
 11
123658.6022994382
 21
14423.45471318394
 31
0.0
  0
LINE
  5
33E
330
33A
100
AcDbEntity
  8
OLCU (BEYKENT)
 62
     0
440
 16777216
370
    -2
100
AcDbLine
 10
123658.4222994382
 20
14473.45471318394
 30
0.0
 11
123658.4222994382
 21
14423.45471318394
 31
0.0
  0
LINE
  5
33F
330
33A
100
AcDbEntity
  8
OLCU (BEYKENT)
 62
     0
440
 16777216
370
    -2
100
AcDbLine
 10
123661.4222994382
 20
14420.45471318394
 30
0.0
 11
123655.4222994382
 21
14426.45471318394
 31
0.0
  0
LINE
  5
340
330
33A
100
AcDbEntity
  8
OLCU (BEYKENT)
 62
     0
440
 16777216
370
    -2
100
AcDbLine
 10
123661.4222994382
 20
14470.45471318394
 30
0.0
 11
123655.4222994382
 21
14476.45471318394
 31
0.0
  0
MTEXT
  5
341
330
33A
100
AcDbEntity
  8
OLCU (BEYKENT)
 62
     7
440
 16777216
370
    20
100
AcDbMText
 10
123650.2985030145
 20
14448.4547131839
 30
0.0
 40
12.0
 41
0.0
 46
0.0
 71
     5
 72
     1
  1
\A1;50
  7
YAZI (BEYKENT)
 11
0.0000000000000001
 21
1.0
 31
0.0
 73
     1
 44
1.0
  0
POINT
  5
342
330
33A
100
AcDbEntity
  8
Defpoints
 62
     0
440
 16777216
100
AcDbPoint
 10
123618.422299438
 20
14473.45471318394
 30
0.0
  0
POINT
  5
343
330
33A
100
AcDbEntity
  8
Defpoints
 62
     0
440
 16777216
100
AcDbPoint
 10
123618.422299438
 20
14423.45471318394
 30
0.0
  0
POINT
  5
344
330
33A
100
AcDbEntity
  8
Defpoints
 62
     0
440
 16777216
100
AcDbPoint
 10
123658.4222994382
 20
14423.45471318394
 30
0.0
  0
ENDBLK
  5
345
330
33A
100
AcDbEntity
  8
0
100
AcDbBlockEnd
  0
BLOCK
  5
347
330
346
100
AcDbEntity
  8
0
100
AcDbBlockBegin
  2
*D15
 70
     1
 10
0.0
 20
0.0
 30
0.0
  3
*D15
  1

  0
LINE
  5
348
330
346
100
AcDbEntity
  8
OLCU (BEYKENT)
 62
     0
440
 16777216
370
    -2
100
AcDbLine
 10
124016.422299438
 20
14473.45471318394
 30
0.0
 11
124033.6022994382
 21
14473.45471318394
 31
0.0
  0
LINE
  5
349
330
346
100
AcDbEntity
  8
OLCU (BEYKENT)
 62
     0
440
 16777216
370
    -2
100
AcDbLine
 10
124016.422299438
 20
14458.45471318394
 30
0.0
 11
124033.6022994382
 21
14458.45471318394
 31
0.0
  0
LINE
  5
34A
330
346
100
AcDbEntity
  8
OLCU (BEYKENT)
 62
     0
440
 16777216
370
    -2
100
AcDbLine
 10
124033.4222994382
 20
14473.45471318394
 30
0.0
 11
124033.4222994382
 21
14458.45471318394
 31
0.0
  0
LINE
  5
34B
330
346
100
AcDbEntity
  8
OLCU (BEYKENT)
 62
     0
440
 16777216
370
    -2
100
AcDbLine
 10
124036.4222994382
 20
14455.45471318394
 30
0.0
 11
124030.4222994382
 21
14461.45471318394
 31
0.0
  0
LINE
  5
34C
330
346
100
AcDbEntity
  8
OLCU (BEYKENT)
 62
     0
440
 16777216
370
    -2
100
AcDbLine
 10
124036.4222994382
 20
14470.45471318394
 30
0.0
 11
124030.4222994382
 21
14476.45471318394
 31
0.0
  0
MTEXT
  5
34D
330
346
100
AcDbEntity
  8
OLCU (BEYKENT)
 62
     7
440
 16777216
370
    20
100
AcDbMText
 10
124025.3604012264
 20
14465.9547131839
 30
0.0
 40
12.0
 41
0.0
 46
0.0
 71
     5
 72
     1
  1
\A1;15
  7
YAZI (BEYKENT)
 11
0.0000000000000001
 21
1.0
 31
0.0
 73
     1
 44
1.0
  0
POINT
  5
34E
330
346
100
AcDbEntity
  8
Defpoints
 62
     0
440
 16777216
100
AcDbPoint
 10
124013.422299438
 20
14473.45471318394
 30
0.0
  0
POINT
  5
34F
330
346
100
AcDbEntity
  8
Defpoints
 62
     0
440
 16777216
100
AcDbPoint
 10
124013.422299438
 20
14458.45471318394
 30
0.0
  0
POINT
  5
350
330
346
100
AcDbEntity
  8
Defpoints
 62
     0
440
 16777216
100
AcDbPoint
 10
124033.4222994382
 20
14458.45471318394
 30
0.0
  0
ENDBLK
  5
351
330
346
100
AcDbEntity
  8
0
100
AcDbBlockEnd
  0
BLOCK
  5
353
330
352
100
AcDbEntity
  8
0
100
AcDbBlockBegin
  2
*D16
 70
     1
 10
0.0
 20
0.0
 30
0.0
  3
*D16
  1

  0
LINE
  5
354
330
352
100
AcDbEntity
  8
OLCU (BEYKENT)
 62
     0
440
 16777216
370
    -2
100
AcDbLine
 10
124016.422299438
 20
14458.45471318394
 30
0.0
 11
124033.6022994382
 21
14458.45471318394
 31
0.0
  0
LINE
  5
355
330
352
100
AcDbEntity
  8
OLCU (BEYKENT)
 62
     0
440
 16777216
370
    -2
100
AcDbLine
 10
124016.422299438
 20
14423.45471318394
 30
0.0
 11
124033.6022994382
 21
14423.45471318394
 31
0.0
  0
LINE
  5
356
330
352
100
AcDbEntity
  8
OLCU (BEYKENT)
 62
     0
440
 16777216
370
    -2
100
AcDbLine
 10
124033.4222994382
 20
14458.45471318394
 30
0.0
 11
124033.4222994382
 21
14423.45471318394
 31
0.0
  0
LINE
  5
357
330
352
100
AcDbEntity
  8
OLCU (BEYKENT)
 62
     0
440
 16777216
370
    -2
100
AcDbLine
 10
124036.4222994382
 20
14420.45471318394
 30
0.0
 11
124030.4222994382
 21
14426.45471318394
 31
0.0
  0
LINE
  5
358
330
352
100
AcDbEntity
  8
OLCU (BEYKENT)
 62
     0
440
 16777216
370
    -2
100
AcDbLine
 10
124036.4222994382
 20
14455.45471318394
 30
0.0
 11
124030.4222994382
 21
14461.45471318394
 31
0.0
  0
MTEXT
  5
359
330
352
100
AcDbEntity
  8
OLCU (BEYKENT)
 62
     7
440
 16777216
370
    20
100
AcDbMText
 10
124025.2985030145
 20
14440.9547131839
 30
0.0
 40
12.0
 41
0.0
 46
0.0
 71
     5
 72
     1
  1
\A1;35
  7
YAZI (BEYKENT)
 11
0.0000000000000001
 21
1.0
 31
0.0
 73
     1
 44
1.0
  0
POINT
  5
35A
330
352
100
AcDbEntity
  8
Defpoints
 62
     0
440
 16777216
100
AcDbPoint
 10
124013.422299438
 20
14458.45471318394
 30
0.0
  0
POINT
  5
35B
330
352
100
AcDbEntity
  8
Defpoints
 62
     0
440
 16777216
100
AcDbPoint
 10
124013.422299438
 20
14423.45471318394
 30
0.0
  0
POINT
  5
35C
330
352
100
AcDbEntity
  8
Defpoints
 62
     0
440
 16777216
100
AcDbPoint
 10
124033.4222994382
 20
14423.45471318394
 30
0.0
  0
ENDBLK
  5
35D
330
352
100
AcDbEntity
  8
0
100
AcDbBlockEnd
  0
BLOCK
  5
35F
330
35E
100
AcDbEntity
  8
0
100
AcDbBlockBegin
  2
*D17
 70
     1
 10
0.0
 20
0.0
 30
0.0
  3
*D17
  1

  0
LINE
  5
360
330
35E
100
AcDbEntity
  8
OLCU (BEYKENT)
 62
     0
440
 16777216
370
    -2
100
AcDbLine
 10
124016.422299438
 20
14473.45471318394
 30
0.0
 11
124053.6022994382
 21
14473.45471318394
 31
0.0
  0
LINE
  5
361
330
35E
100
AcDbEntity
  8
OLCU (BEYKENT)
 62
     0
440
 16777216
370
    -2
100
AcDbLine
 10
124016.422299438
 20
14423.45471318394
 30
0.0
 11
124053.6022994382
 21
14423.45471318394
 31
0.0
  0
LINE
  5
362
330
35E
100
AcDbEntity
  8
OLCU (BEYKENT)
 62
     0
440
 16777216
370
    -2
100
AcDbLine
 10
124053.4222994382
 20
14473.45471318394
 30
0.0
 11
124053.4222994382
 21
14423.45471318394
 31
0.0
  0
LINE
  5
363
330
35E
100
AcDbEntity
  8
OLCU (BEYKENT)
 62
     0
440
 16777216
370
    -2
100
AcDbLine
 10
124056.4222994382
 20
14420.45471318394
 30
0.0
 11
124050.4222994382
 21
14426.45471318394
 31
0.0
  0
LINE
  5
364
330
35E
100
AcDbEntity
  8
OLCU (BEYKENT)
 62
     0
440
 16777216
370
    -2
100
AcDbLine
 10
124056.4222994382
 20
14470.45471318394
 30
0.0
 11
124050.4222994382
 21
14476.45471318394
 31
0.0
  0
MTEXT
  5
365
330
35E
100
AcDbEntity
  8
OLCU (BEYKENT)
 62
     7
440
 16777216
370
    20
100
AcDbMText
 10
124045.2985030146
 20
14448.4547131839
 30
0.0
 40
12.0
 41
0.0
 46
0.0
 71
     5
 72
     1
  1
\A1;50
  7
YAZI (BEYKENT)
 11
0.0000000000000001
 21
1.0
 31
0.0
 73
     1
 44
1.0
  0
POINT
  5
366
330
35E
100
AcDbEntity
  8
Defpoints
 62
     0
440
 16777216
100
AcDbPoint
 10
124013.422299438
 20
14473.45471318394
 30
0.0
  0
POINT
  5
367
330
35E
100
AcDbEntity
  8
Defpoints
 62
     0
440
 16777216
100
AcDbPoint
 10
124013.422299438
 20
14423.45471318394
 30
0.0
  0
POINT
  5
368
330
35E
100
AcDbEntity
  8
Defpoints
 62
     0
440
 16777216
100
AcDbPoint
 10
124053.4222994382
 20
14423.45471318394
 30
0.0
  0
ENDBLK
  5
369
330
35E
100
AcDbEntity
  8
0
100
AcDbBlockEnd
  0
BLOCK
  5
36B
330
36A
100
AcDbEntity
  8
0
100
AcDbBlockBegin
  2
*D18
 70
     1
 10
0.0
 20
0.0
 30
0.0
  3
*D18
  1

  0
LINE
  5
36C
330
36A
100
AcDbEntity
  8
OLCU (BEYKENT)
 62
     0
440
 16777216
370
    -2
100
AcDbLine
 10
124531.422299438
 20
14473.45471318394
 30
0.0
 11
124548.6022994382
 21
14473.45471318394
 31
0.0
  0
LINE
  5
36D
330
36A
100
AcDbEntity
  8
OLCU (BEYKENT)
 62
     0
440
 16777216
370
    -2
100
AcDbLine
 10
124531.422299438
 20
14458.45471318394
 30
0.0
 11
124548.6022994382
 21
14458.45471318394
 31
0.0
  0
LINE
  5
36E
330
36A
100
AcDbEntity
  8
OLCU (BEYKENT)
 62
     0
440
 16777216
370
    -2
100
AcDbLine
 10
124548.4222994382
 20
14473.45471318394
 30
0.0
 11
124548.4222994382
 21
14458.45471318394
 31
0.0
  0
LINE
  5
36F
330
36A
100
AcDbEntity
  8
OLCU (BEYKENT)
 62
     0
440
 16777216
370
    -2
100
AcDbLine
 10
124551.4222994382
 20
14455.45471318394
 30
0.0
 11
124545.4222994382
 21
14461.45471318394
 31
0.0
  0
LINE
  5
370
330
36A
100
AcDbEntity
  8
OLCU (BEYKENT)
 62
     0
440
 16777216
370
    -2
100
AcDbLine
 10
124551.4222994382
 20
14470.45471318394
 30
0.0
 11
124545.4222994382
 21
14476.45471318394
 31
0.0
  0
MTEXT
  5
371
330
36A
100
AcDbEntity
  8
OLCU (BEYKENT)
 62
     7
440
 16777216
370
    20
100
AcDbMText
 10
124540.3604012264
 20
14465.9547131839
 30
0.0
 40
12.0
 41
0.0
 46
0.0
 71
     5
 72
     1
  1
\A1;15
  7
YAZI (BEYKENT)
 11
0.0000000000000001
 21
1.0
 31
0.0
 73
     1
 44
1.0
  0
POINT
  5
372
330
36A
100
AcDbEntity
  8
Defpoints
 62
     0
440
 16777216
100
AcDbPoint
 10
124528.422299438
 20
14473.45471318394
 30
0.0
  0
POINT
  5
373
330
36A
100
AcDbEntity
  8
Defpoints
 62
     0
440
 16777216
100
AcDbPoint
 10
124528.422299438
 20
14458.45471318394
 30
0.0
  0
POINT
  5
374
330
36A
100
AcDbEntity
  8
Defpoints
 62
     0
440
 16777216
100
AcDbPoint
 10
124548.4222994382
 20
14458.45471318394
 30
0.0
  0
ENDBLK
  5
375
330
36A
100
AcDbEntity
  8
0
100
AcDbBlockEnd
  0
BLOCK
  5
377
330
376
100
AcDbEntity
  8
0
100
AcDbBlockBegin
  2
*D19
 70
     1
 10
0.0
 20
0.0
 30
0.0
  3
*D19
  1

  0
LINE
  5
378
330
376
100
AcDbEntity
  8
OLCU (BEYKENT)
 62
     0
440
 16777216
370
    -2
100
AcDbLine
 10
124531.422299438
 20
14458.45471318394
 30
0.0
 11
124548.6022994382
 21
14458.45471318394
 31
0.0
  0
LINE
  5
379
330
376
100
AcDbEntity
  8
OLCU (BEYKENT)
 62
     0
440
 16777216
370
    -2
100
AcDbLine
 10
124531.422299438
 20
14423.45471318394
 30
0.0
 11
124548.6022994382
 21
14423.45471318394
 31
0.0
  0
LINE
  5
37A
330
376
100
AcDbEntity
  8
OLCU (BEYKENT)
 62
     0
440
 16777216
370
    -2
100
AcDbLine
 10
124548.4222994382
 20
14458.45471318394
 30
0.0
 11
124548.4222994382
 21
14423.45471318394
 31
0.0
  0
LINE
  5
37B
330
376
100
AcDbEntity
  8
OLCU (BEYKENT)
 62
     0
440
 16777216
370
    -2
100
AcDbLine
 10
124551.4222994382
 20
14420.45471318394
 30
0.0
 11
124545.4222994382
 21
14426.45471318394
 31
0.0
  0
LINE
  5
37C
330
376
100
AcDbEntity
  8
OLCU (BEYKENT)
 62
     0
440
 16777216
370
    -2
100
AcDbLine
 10
124551.4222994382
 20
14455.45471318394
 30
0.0
 11
124545.4222994382
 21
14461.45471318394
 31
0.0
  0
MTEXT
  5
37D
330
376
100
AcDbEntity
  8
OLCU (BEYKENT)
 62
     7
440
 16777216
370
    20
100
AcDbMText
 10
124540.2985030146
 20
14440.9547131839
 30
0.0
 40
12.0
 41
0.0
 46
0.0
 71
     5
 72
     1
  1
\A1;35
  7
YAZI (BEYKENT)
 11
0.0000000000000001
 21
1.0
 31
0.0
 73
     1
 44
1.0
  0
POINT
  5
37E
330
376
100
AcDbEntity
  8
Defpoints
 62
     0
440
 16777216
100
AcDbPoint
 10
124528.422299438
 20
14458.45471318394
 30
0.0
  0
POINT
  5
37F
330
376
100
AcDbEntity
  8
Defpoints
 62
     0
440
 16777216
100
AcDbPoint
 10
124528.422299438
 20
14423.45471318394
 30
0.0
  0
POINT
  5
380
330
376
100
AcDbEntity
  8
Defpoints
 62
     0
440
 16777216
100
AcDbPoint
 10
124548.4222994382
 20
14423.45471318394
 30
0.0
  0
ENDBLK
  5
381
330
376
100
AcDbEntity
  8
0
100
AcDbBlockEnd
  0
BLOCK
  5
383
330
382
100
AcDbEntity
  8
0
100
AcDbBlockBegin
  2
*D20
 70
     1
 10
0.0
 20
0.0
 30
0.0
  3
*D20
  1

  0
LINE
  5
384
330
382
100
AcDbEntity
  8
OLCU (BEYKENT)
 62
     0
440
 16777216
370
    -2
100
AcDbLine
 10
124531.422299438
 20
14473.45471318394
 30
0.0
 11
124568.6022994382
 21
14473.45471318394
 31
0.0
  0
LINE
  5
385
330
382
100
AcDbEntity
  8
OLCU (BEYKENT)
 62
     0
440
 16777216
370
    -2
100
AcDbLine
 10
124531.422299438
 20
14423.45471318394
 30
0.0
 11
124568.6022994382
 21
14423.45471318394
 31
0.0
  0
LINE
  5
386
330
382
100
AcDbEntity
  8
OLCU (BEYKENT)
 62
     0
440
 16777216
370
    -2
100
AcDbLine
 10
124568.4222994382
 20
14473.45471318394
 30
0.0
 11
124568.4222994382
 21
14423.45471318394
 31
0.0
  0
LINE
  5
387
330
382
100
AcDbEntity
  8
OLCU (BEYKENT)
 62
     0
440
 16777216
370
    -2
100
AcDbLine
 10
124571.4222994382
 20
14420.45471318394
 30
0.0
 11
124565.4222994382
 21
14426.45471318394
 31
0.0
  0
LINE
  5
388
330
382
100
AcDbEntity
  8
OLCU (BEYKENT)
 62
     0
440
 16777216
370
    -2
100
AcDbLine
 10
124571.4222994382
 20
14470.45471318394
 30
0.0
 11
124565.4222994382
 21
14476.45471318394
 31
0.0
  0
MTEXT
  5
389
330
382
100
AcDbEntity
  8
OLCU (BEYKENT)
 62
     7
440
 16777216
370
    20
100
AcDbMText
 10
124560.2985030145
 20
14448.4547131839
 30
0.0
 40
12.0
 41
0.0
 46
0.0
 71
     5
 72
     1
  1
\A1;50
  7
YAZI (BEYKENT)
 11
0.0000000000000001
 21
1.0
 31
0.0
 73
     1
 44
1.0
  0
POINT
  5
38A
330
382
100
AcDbEntity
  8
Defpoints
 62
     0
440
 16777216
100
AcDbPoint
 10
124528.422299438
 20
14473.45471318394
 30
0.0
  0
POINT
  5
38B
330
382
100
AcDbEntity
  8
Defpoints
 62
     0
440
 16777216
100
AcDbPoint
 10
124528.422299438
 20
14423.45471318394
 30
0.0
  0
POINT
  5
38C
330
382
100
AcDbEntity
  8
Defpoints
 62
     0
440
 16777216
100
AcDbPoint
 10
124568.4222994382
 20
14423.45471318394
 30
0.0
  0
ENDBLK
  5
38D
330
382
100
AcDbEntity
  8
0
100
AcDbBlockEnd
  0
BLOCK
  5
38F
330
38E
100
AcDbEntity
  8
0
100
AcDbBlockBegin
  2
*D21
 70
     1
 10
0.0
 20
0.0
 30
0.0
  3
*D21
  1

  0
LINE
  5
390
330
38E
100
AcDbEntity
  8
OLCU (BEYKENT)
 62
     0
440
 16777216
370
    -2
100
AcDbLine
 10
124795.422299438
 20
14473.45471318394
 30
0.0
 11
124778.2422994382
 21
14473.45471318394
 31
0.0
  0
LINE
  5
391
330
38E
100
AcDbEntity
  8
OLCU (BEYKENT)
 62
     0
440
 16777216
370
    -2
100
AcDbLine
 10
124795.422299438
 20
14458.45471318394
 30
0.0
 11
124778.2422994382
 21
14458.45471318394
 31
0.0
  0
LINE
  5
392
330
38E
100
AcDbEntity
  8
OLCU (BEYKENT)
 62
     0
440
 16777216
370
    -2
100
AcDbLine
 10
124778.4222994382
 20
14473.45471318394
 30
0.0
 11
124778.4222994382
 21
14458.45471318394
 31
0.0
  0
LINE
  5
393
330
38E
100
AcDbEntity
  8
OLCU (BEYKENT)
 62
     0
440
 16777216
370
    -2
100
AcDbLine
 10
124781.4222994382
 20
14455.45471318394
 30
0.0
 11
124775.4222994382
 21
14461.45471318394
 31
0.0
  0
LINE
  5
394
330
38E
100
AcDbEntity
  8
OLCU (BEYKENT)
 62
     0
440
 16777216
370
    -2
100
AcDbLine
 10
124781.4222994382
 20
14470.45471318394
 30
0.0
 11
124775.4222994382
 21
14476.45471318394
 31
0.0
  0
MTEXT
  5
395
330
38E
100
AcDbEntity
  8
OLCU (BEYKENT)
 62
     7
440
 16777216
370
    20
100
AcDbMText
 10
124770.3604012264
 20
14465.9547131839
 30
0.0
 40
12.0
 41
0.0
 46
0.0
 71
     5
 72
     1
  1
\A1;15
  7
YAZI (BEYKENT)
 11
0.0000000000000001
 21
1.0
 31
0.0
 73
     1
 44
1.0
  0
POINT
  5
396
330
38E
100
AcDbEntity
  8
Defpoints
 62
     0
440
 16777216
100
AcDbPoint
 10
124798.422299438
 20
14473.45471318394
 30
0.0
  0
POINT
  5
397
330
38E
100
AcDbEntity
  8
Defpoints
 62
     0
440
 16777216
100
AcDbPoint
 10
124798.422299438
 20
14458.45471318394
 30
0.0
  0
POINT
  5
398
330
38E
100
AcDbEntity
  8
Defpoints
 62
     0
440
 16777216
100
AcDbPoint
 10
124778.4222994382
 20
14458.45471318394
 30
0.0
  0
ENDBLK
  5
399
330
38E
100
AcDbEntity
  8
0
100
AcDbBlockEnd
  0
BLOCK
  5
39B
330
39A
100
AcDbEntity
  8
0
100
AcDbBlockBegin
  2
*D22
 70
     1
 10
0.0
 20
0.0
 30
0.0
  3
*D22
  1

  0
LINE
  5
39C
330
39A
100
AcDbEntity
  8
OLCU (BEYKENT)
 62
     0
440
 16777216
370
    -2
100
AcDbLine
 10
124795.422299438
 20
14458.45471318394
 30
0.0
 11
124778.2422994382
 21
14458.45471318394
 31
0.0
  0
LINE
  5
39D
330
39A
100
AcDbEntity
  8
OLCU (BEYKENT)
 62
     0
440
 16777216
370
    -2
100
AcDbLine
 10
124795.422299438
 20
14423.45471318394
 30
0.0
 11
124778.2422994382
 21
14423.45471318394
 31
0.0
  0
LINE
  5
39E
330
39A
100
AcDbEntity
  8
OLCU (BEYKENT)
 62
     0
440
 16777216
370
    -2
100
AcDbLine
 10
124778.4222994382
 20
14458.45471318394
 30
0.0
 11
124778.4222994382
 21
14423.45471318394
 31
0.0
  0
LINE
  5
39F
330
39A
100
AcDbEntity
  8
OLCU (BEYKENT)
 62
     0
440
 16777216
370
    -2
100
AcDbLine
 10
124781.4222994382
 20
14420.45471318394
 30
0.0
 11
124775.4222994382
 21
14426.45471318394
 31
0.0
  0
LINE
  5
3A0
330
39A
100
AcDbEntity
  8
OLCU (BEYKENT)
 62
     0
440
 16777216
370
    -2
100
AcDbLine
 10
124781.4222994382
 20
14455.45471318394
 30
0.0
 11
124775.4222994382
 21
14461.45471318394
 31
0.0
  0
MTEXT
  5
3A1
330
39A
100
AcDbEntity
  8
OLCU (BEYKENT)
 62
     7
440
 16777216
370
    20
100
AcDbMText
 10
124770.2985030145
 20
14440.9547131839
 30
0.0
 40
12.0
 41
0.0
 46
0.0
 71
     5
 72
     1
  1
\A1;35
  7
YAZI (BEYKENT)
 11
0.0000000000000001
 21
1.0
 31
0.0
 73
     1
 44
1.0
  0
POINT
  5
3A2
330
39A
100
AcDbEntity
  8
Defpoints
 62
     0
440
 16777216
100
AcDbPoint
 10
124798.422299438
 20
14458.45471318394
 30
0.0
  0
POINT
  5
3A3
330
39A
100
AcDbEntity
  8
Defpoints
 62
     0
440
 16777216
100
AcDbPoint
 10
124798.422299438
 20
14423.45471318394
 30
0.0
  0
POINT
  5
3A4
330
39A
100
AcDbEntity
  8
Defpoints
 62
     0
440
 16777216
100
AcDbPoint
 10
124778.4222994382
 20
14423.45471318394
 30
0.0
  0
ENDBLK
  5
3A5
330
39A
100
AcDbEntity
  8
0
100
AcDbBlockEnd
  0
BLOCK
  5
3A7
330
3A6
100
AcDbEntity
  8
0
100
AcDbBlockBegin
  2
*D23
 70
     1
 10
0.0
 20
0.0
 30
0.0
  3
*D23
  1

  0
LINE
  5
3A8
330
3A6
100
AcDbEntity
  8
OLCU (BEYKENT)
 62
     0
440
 16777216
370
    -2
100
AcDbLine
 10
124795.422299438
 20
14473.45471318394
 30
0.0
 11
124758.2422994382
 21
14473.45471318394
 31
0.0
  0
LINE
  5
3A9
330
3A6
100
AcDbEntity
  8
OLCU (BEYKENT)
 62
     0
440
 16777216
370
    -2
100
AcDbLine
 10
124795.422299438
 20
14423.45471318394
 30
0.0
 11
124758.2422994382
 21
14423.45471318394
 31
0.0
  0
LINE
  5
3AA
330
3A6
100
AcDbEntity
  8
OLCU (BEYKENT)
 62
     0
440
 16777216
370
    -2
100
AcDbLine
 10
124758.4222994382
 20
14473.45471318394
 30
0.0
 11
124758.4222994382
 21
14423.45471318394
 31
0.0
  0
LINE
  5
3AB
330
3A6
100
AcDbEntity
  8
OLCU (BEYKENT)
 62
     0
440
 16777216
370
    -2
100
AcDbLine
 10
124761.4222994382
 20
14420.45471318394
 30
0.0
 11
124755.4222994382
 21
14426.45471318394
 31
0.0
  0
LINE
  5
3AC
330
3A6
100
AcDbEntity
  8
OLCU (BEYKENT)
 62
     0
440
 16777216
370
    -2
100
AcDbLine
 10
124761.4222994382
 20
14470.45471318394
 30
0.0
 11
124755.4222994382
 21
14476.45471318394
 31
0.0
  0
MTEXT
  5
3AD
330
3A6
100
AcDbEntity
  8
OLCU (BEYKENT)
 62
     7
440
 16777216
370
    20
100
AcDbMText
 10
124750.2985030145
 20
14448.4547131839
 30
0.0
 40
12.0
 41
0.0
 46
0.0
 71
     5
 72
     1
  1
\A1;50
  7
YAZI (BEYKENT)
 11
0.0000000000000001
 21
1.0
 31
0.0
 73
     1
 44
1.0
  0
POINT
  5
3AE
330
3A6
100
AcDbEntity
  8
Defpoints
 62
     0
440
 16777216
100
AcDbPoint
 10
124798.422299438
 20
14473.45471318394
 30
0.0
  0
POINT
  5
3AF
330
3A6
100
AcDbEntity
  8
Defpoints
 62
     0
440
 16777216
100
AcDbPoint
 10
124798.422299438
 20
14423.45471318394
 30
0.0
  0
POINT
  5
3B0
330
3A6
100
AcDbEntity
  8
Defpoints
 62
     0
440
 16777216
100
AcDbPoint
 10
124758.4222994382
 20
14423.45471318394
 30
0.0
  0
ENDBLK
  5
3B1
330
3A6
100
AcDbEntity
  8
0
100
AcDbBlockEnd
  0
BLOCK
  5
3B3
330
3B2
100
AcDbEntity
  8
0
100
AcDbBlockBegin
  2
*D24
 70
     1
 10
0.0
 20
0.0
 30
0.0
  3
*D24
  1

  0
LINE
  5
3B4
330
3B2
100
AcDbEntity
  8
OLCU (BEYKENT)
 62
     0
440
 16777216
370
    -2
100
AcDbLine
 10
122948.922299438
 20
14458.45471318394
 30
0.0
 11
122966.1022994382
 21
14458.45471318394
 31
0.0
  0
LINE
  5
3B5
330
3B2
100
AcDbEntity
  8
OLCU (BEYKENT)
 62
     0
440
 16777216
370
    -2
100
AcDbLine
 10
122948.922299438
 20
14473.45471318394
 30
0.0
 11
122966.1022994382
 21
14473.45471318394
 31
0.0
  0
LINE
  5
3B6
330
3B2
100
AcDbEntity
  8
OLCU (BEYKENT)
 62
     0
440
 16777216
370
    -2
100
AcDbLine
 10
122965.9222994382
 20
14458.45471318394
 30
0.0
 11
122965.9222994382
 21
14473.45471318394
 31
0.0
  0
LINE
  5
3B7
330
3B2
100
AcDbEntity
  8
OLCU (BEYKENT)
 62
     0
440
 16777216
370
    -2
100
AcDbLine
 10
122968.9222994382
 20
14470.45471318394
 30
0.0
 11
122962.9222994382
 21
14476.45471318394
 31
0.0
  0
LINE
  5
3B8
330
3B2
100
AcDbEntity
  8
OLCU (BEYKENT)
 62
     0
440
 16777216
370
    -2
100
AcDbLine
 10
122968.9222994382
 20
14455.45471318394
 30
0.0
 11
122962.9222994382
 21
14461.45471318394
 31
0.0
  0
MTEXT
  5
3B9
330
3B2
100
AcDbEntity
  8
OLCU (BEYKENT)
 62
     7
440
 16777216
370
    20
100
AcDbMText
 10
122957.8604012264
 20
14465.9547131839
 30
0.0
 40
12.0
 41
0.0
 46
0.0
 71
     5
 72
     1
  1
\A1;15
  7
YAZI (BEYKENT)
 11
0.0000000000000001
 21
1.0
 31
0.0
 73
     1
 44
1.0
  0
POINT
  5
3BA
330
3B2
100
AcDbEntity
  8
Defpoints
 62
     0
440
 16777216
100
AcDbPoint
 10
122945.922299438
 20
14458.45471318394
 30
0.0
  0
POINT
  5
3BB
330
3B2
100
AcDbEntity
  8
Defpoints
 62
     0
440
 16777216
100
AcDbPoint
 10
122945.922299438
 20
14473.45471318394
 30
0.0
  0
POINT
  5
3BC
330
3B2
100
AcDbEntity
  8
Defpoints
 62
     0
440
 16777216
100
AcDbPoint
 10
122965.9222994382
 20
14473.45471318394
 30
0.0
  0
ENDBLK
  5
3BD
330
3B2
100
AcDbEntity
  8
0
100
AcDbBlockEnd
  0
BLOCK
  5
3BF
330
3BE
100
AcDbEntity
  8
0
100
AcDbBlockBegin
  2
*D25
 70
     1
 10
0.0
 20
0.0
 30
0.0
  3
*D25
  1

  0
LINE
  5
3C0
330
3BE
100
AcDbEntity
  8
OLCU (BEYKENT)
 62
     0
440
 16777216
370
    -2
100
AcDbLine
 10
124273.922299438
 20
14458.45471318394
 30
0.0
 11
124291.1022994382
 21
14458.45471318394
 31
0.0
  0
LINE
  5
3C1
330
3BE
100
AcDbEntity
  8
OLCU (BEYKENT)
 62
     0
440
 16777216
370
    -2
100
AcDbLine
 10
124273.922299438
 20
14473.45471318394
 30
0.0
 11
124291.1022994382
 21
14473.45471318394
 31
0.0
  0
LINE
  5
3C2
330
3BE
100
AcDbEntity
  8
OLCU (BEYKENT)
 62
     0
440
 16777216
370
    -2
100
AcDbLine
 10
124290.9222994382
 20
14458.45471318394
 30
0.0
 11
124290.9222994382
 21
14473.45471318394
 31
0.0
  0
LINE
  5
3C3
330
3BE
100
AcDbEntity
  8
OLCU (BEYKENT)
 62
     0
440
 16777216
370
    -2
100
AcDbLine
 10
124293.9222994382
 20
14470.45471318394
 30
0.0
 11
124287.9222994382
 21
14476.45471318394
 31
0.0
  0
LINE
  5
3C4
330
3BE
100
AcDbEntity
  8
OLCU (BEYKENT)
 62
     0
440
 16777216
370
    -2
100
AcDbLine
 10
124293.9222994382
 20
14455.45471318394
 30
0.0
 11
124287.9222994382
 21
14461.45471318394
 31
0.0
  0
MTEXT
  5
3C5
330
3BE
100
AcDbEntity
  8
OLCU (BEYKENT)
 62
     7
440
 16777216
370
    20
100
AcDbMText
 10
124282.8604012264
 20
14465.9547131839
 30
0.0
 40
12.0
 41
0.0
 46
0.0
 71
     5
 72
     1
  1
\A1;15
  7
YAZI (BEYKENT)
 11
0.0000000000000001
 21
1.0
 31
0.0
 73
     1
 44
1.0
  0
POINT
  5
3C6
330
3BE
100
AcDbEntity
  8
Defpoints
 62
     0
440
 16777216
100
AcDbPoint
 10
124270.922299438
 20
14458.45471318394
 30
0.0
  0
POINT
  5
3C7
330
3BE
100
AcDbEntity
  8
Defpoints
 62
     0
440
 16777216
100
AcDbPoint
 10
124270.922299438
 20
14473.45471318394
 30
0.0
  0
POINT
  5
3C8
330
3BE
100
AcDbEntity
  8
Defpoints
 62
     0
440
 16777216
100
AcDbPoint
 10
124290.9222994382
 20
14473.45471318394
 30
0.0
  0
ENDBLK
  5
3C9
330
3BE
100
AcDbEntity
  8
0
100
AcDbBlockEnd
  0
BLOCK
  5
3CB
330
3CA
100
AcDbEntity
  8
0
100
AcDbBlockBegin
  2
*D26
 70
     1
 10
0.0
 20
0.0
 30
0.0
  3
*D26
  1

  0
LINE
  5
3CC
330
3CA
100
AcDbEntity
  8
OLCU (BEYKENT)
 62
     0
440
 16777216
370
    -2
100
AcDbLine
 10
122543.922299438
 20
14458.45471318394
 30
0.0
 11
122561.1022994382
 21
14458.45471318394
 31
0.0
  0
LINE
  5
3CD
330
3CA
100
AcDbEntity
  8
OLCU (BEYKENT)
 62
     0
440
 16777216
370
    -2
100
AcDbLine
 10
122543.922299438
 20
14473.45471318394
 30
0.0
 11
122561.1022994382
 21
14473.45471318394
 31
0.0
  0
LINE
  5
3CE
330
3CA
100
AcDbEntity
  8
OLCU (BEYKENT)
 62
     0
440
 16777216
370
    -2
100
AcDbLine
 10
122560.9222994382
 20
14458.45471318394
 30
0.0
 11
122560.9222994382
 21
14473.45471318394
 31
0.0
  0
LINE
  5
3CF
330
3CA
100
AcDbEntity
  8
OLCU (BEYKENT)
 62
     0
440
 16777216
370
    -2
100
AcDbLine
 10
122563.9222994382
 20
14470.45471318394
 30
0.0
 11
122557.9222994382
 21
14476.45471318394
 31
0.0
  0
LINE
  5
3D0
330
3CA
100
AcDbEntity
  8
OLCU (BEYKENT)
 62
     0
440
 16777216
370
    -2
100
AcDbLine
 10
122563.9222994382
 20
14455.45471318394
 30
0.0
 11
122557.9222994382
 21
14461.45471318394
 31
0.0
  0
MTEXT
  5
3D1
330
3CA
100
AcDbEntity
  8
OLCU (BEYKENT)
 62
     7
440
 16777216
370
    20
100
AcDbMText
 10
122552.8604012264
 20
14465.9547131839
 30
0.0
 40
12.0
 41
0.0
 46
0.0
 71
     5
 72
     1
  1
\A1;15
  7
YAZI (BEYKENT)
 11
0.0000000000000001
 21
1.0
 31
0.0
 73
     1
 44
1.0
  0
POINT
  5
3D2
330
3CA
100
AcDbEntity
  8
Defpoints
 62
     0
440
 16777216
100
AcDbPoint
 10
122540.922299438
 20
14458.45471318394
 30
0.0
  0
POINT
  5
3D3
330
3CA
100
AcDbEntity
  8
Defpoints
 62
     0
440
 16777216
100
AcDbPoint
 10
122540.922299438
 20
14473.45471318394
 30
0.0
  0
POINT
  5
3D4
330
3CA
100
AcDbEntity
  8
Defpoints
 62
     0
440
 16777216
100
AcDbPoint
 10
122560.9222994382
 20
14473.45471318394
 30
0.0
  0
ENDBLK
  5
3D5
330
3CA
100
AcDbEntity
  8
0
100
AcDbBlockEnd
  0
BLOCK
  5
3D7
330
3D6
100
AcDbEntity
  8
0
100
AcDbBlockBegin
  2
*D27
 70
     1
 10
0.0
 20
0.0
 30
0.0
  3
*D27
  1

  0
LINE
  5
3D8
330
3D6
100
AcDbEntity
  8
OLCU (BEYKENT)
 62
     0
440
 16777216
370
    -2
100
AcDbLine
 10
123413.922299438
 20
14458.45471318394
 30
0.0
 11
123431.1022994382
 21
14458.45471318394
 31
0.0
  0
LINE
  5
3D9
330
3D6
100
AcDbEntity
  8
OLCU (BEYKENT)
 62
     0
440
 16777216
370
    -2
100
AcDbLine
 10
123413.922299438
 20
14473.45471318394
 30
0.0
 11
123431.1022994382
 21
14473.45471318394
 31
0.0
  0
LINE
  5
3DA
330
3D6
100
AcDbEntity
  8
OLCU (BEYKENT)
 62
     0
440
 16777216
370
    -2
100
AcDbLine
 10
123430.9222994382
 20
14458.45471318394
 30
0.0
 11
123430.9222994382
 21
14473.45471318394
 31
0.0
  0
LINE
  5
3DB
330
3D6
100
AcDbEntity
  8
OLCU (BEYKENT)
 62
     0
440
 16777216
370
    -2
100
AcDbLine
 10
123433.9222994382
 20
14470.45471318394
 30
0.0
 11
123427.9222994382
 21
14476.45471318394
 31
0.0
  0
LINE
  5
3DC
330
3D6
100
AcDbEntity
  8
OLCU (BEYKENT)
 62
     0
440
 16777216
370
    -2
100
AcDbLine
 10
123433.9222994382
 20
14455.45471318394
 30
0.0
 11
123427.9222994382
 21
14461.45471318394
 31
0.0
  0
MTEXT
  5
3DD
330
3D6
100
AcDbEntity
  8
OLCU (BEYKENT)
 62
     7
440
 16777216
370
    20
100
AcDbMText
 10
123422.8604012264
 20
14465.9547131839
 30
0.0
 40
12.0
 41
0.0
 46
0.0
 71
     5
 72
     1
  1
\A1;15
  7
YAZI (BEYKENT)
 11
0.0000000000000001
 21
1.0
 31
0.0
 73
     1
 44
1.0
  0
POINT
  5
3DE
330
3D6
100
AcDbEntity
  8
Defpoints
 62
     0
440
 16777216
100
AcDbPoint
 10
123410.922299438
 20
14458.45471318394
 30
0.0
  0
POINT
  5
3DF
330
3D6
100
AcDbEntity
  8
Defpoints
 62
     0
440
 16777216
100
AcDbPoint
 10
123410.922299438
 20
14473.45471318394
 30
0.0
  0
POINT
  5
3E0
330
3D6
100
AcDbEntity
  8
Defpoints
 62
     0
440
 16777216
100
AcDbPoint
 10
123430.9222994382
 20
14473.45471318394
 30
0.0
  0
ENDBLK
  5
3E1
330
3D6
100
AcDbEntity
  8
0
100
AcDbBlockEnd
  0
BLOCK
  5
3E3
330
3E2
100
AcDbEntity
  8
0
100
AcDbBlockBegin
  2
*D28
 70
     1
 10
0.0
 20
0.0
 30
0.0
  3
*D28
  1

  0
LINE
  5
3E4
330
3E2
100
AcDbEntity
  8
OLCU (BEYKENT)
 62
     0
440
 16777216
370
    -2
100
AcDbLine
 10
123818.922299438
 20
14458.45471318394
 30
0.0
 11
123836.1022994382
 21
14458.45471318394
 31
0.0
  0
LINE
  5
3E5
330
3E2
100
AcDbEntity
  8
OLCU (BEYKENT)
 62
     0
440
 16777216
370
    -2
100
AcDbLine
 10
123818.922299438
 20
14473.45471318394
 30
0.0
 11
123836.1022994382
 21
14473.45471318394
 31
0.0
  0
LINE
  5
3E6
330
3E2
100
AcDbEntity
  8
OLCU (BEYKENT)
 62
     0
440
 16777216
370
    -2
100
AcDbLine
 10
123835.9222994382
 20
14458.45471318394
 30
0.0
 11
123835.9222994382
 21
14473.45471318394
 31
0.0
  0
LINE
  5
3E7
330
3E2
100
AcDbEntity
  8
OLCU (BEYKENT)
 62
     0
440
 16777216
370
    -2
100
AcDbLine
 10
123838.9222994382
 20
14470.45471318394
 30
0.0
 11
123832.9222994382
 21
14476.45471318394
 31
0.0
  0
LINE
  5
3E8
330
3E2
100
AcDbEntity
  8
OLCU (BEYKENT)
 62
     0
440
 16777216
370
    -2
100
AcDbLine
 10
123838.9222994382
 20
14455.45471318394
 30
0.0
 11
123832.9222994382
 21
14461.45471318394
 31
0.0
  0
MTEXT
  5
3E9
330
3E2
100
AcDbEntity
  8
OLCU (BEYKENT)
 62
     7
440
 16777216
370
    20
100
AcDbMText
 10
123827.8604012264
 20
14465.9547131839
 30
0.0
 40
12.0
 41
0.0
 46
0.0
 71
     5
 72
     1
  1
\A1;15
  7
YAZI (BEYKENT)
 11
0.0000000000000001
 21
1.0
 31
0.0
 73
     1
 44
1.0
  0
POINT
  5
3EA
330
3E2
100
AcDbEntity
  8
Defpoints
 62
     0
440
 16777216
100
AcDbPoint
 10
123815.922299438
 20
14458.45471318394
 30
0.0
  0
POINT
  5
3EB
330
3E2
100
AcDbEntity
  8
Defpoints
 62
     0
440
 16777216
100
AcDbPoint
 10
123815.922299438
 20
14473.45471318394
 30
0.0
  0
POINT
  5
3EC
330
3E2
100
AcDbEntity
  8
Defpoints
 62
     0
440
 16777216
100
AcDbPoint
 10
123835.9222994382
 20
14473.45471318394
 30
0.0
  0
ENDBLK
  5
3ED
330
3E2
100
AcDbEntity
  8
0
100
AcDbBlockEnd
  0
BLOCK
  5
3EF
330
3EE
100
AcDbEntity
  8
0
100
AcDbBlockBegin
  2
*D29
 70
     1
 10
0.0
 20
0.0
 30
0.0
  3
*D29
  1

  0
LINE
  5
3F0
330
3EE
100
AcDbEntity
  8
OLCU (BEYKENT)
 62
     0
440
 16777216
370
    -2
100
AcDbLine
 10
124678.922299438
 20
14458.45471318394
 30
0.0
 11
124696.1022994382
 21
14458.45471318394
 31
0.0
  0
LINE
  5
3F1
330
3EE
100
AcDbEntity
  8
OLCU (BEYKENT)
 62
     0
440
 16777216
370
    -2
100
AcDbLine
 10
124678.922299438
 20
14473.45471318394
 30
0.0
 11
124696.1022994382
 21
14473.45471318394
 31
0.0
  0
LINE
  5
3F2
330
3EE
100
AcDbEntity
  8
OLCU (BEYKENT)
 62
     0
440
 16777216
370
    -2
100
AcDbLine
 10
124695.9222994382
 20
14458.45471318394
 30
0.0
 11
124695.9222994382
 21
14473.45471318394
 31
0.0
  0
LINE
  5
3F3
330
3EE
100
AcDbEntity
  8
OLCU (BEYKENT)
 62
     0
440
 16777216
370
    -2
100
AcDbLine
 10
124698.9222994382
 20
14470.45471318394
 30
0.0
 11
124692.9222994382
 21
14476.45471318394
 31
0.0
  0
LINE
  5
3F4
330
3EE
100
AcDbEntity
  8
OLCU (BEYKENT)
 62
     0
440
 16777216
370
    -2
100
AcDbLine
 10
124698.9222994382
 20
14455.45471318394
 30
0.0
 11
124692.9222994382
 21
14461.45471318394
 31
0.0
  0
MTEXT
  5
3F5
330
3EE
100
AcDbEntity
  8
OLCU (BEYKENT)
 62
     7
440
 16777216
370
    20
100
AcDbMText
 10
124687.8604012264
 20
14465.9547131839
 30
0.0
 40
12.0
 41
0.0
 46
0.0
 71
     5
 72
     1
  1
\A1;15
  7
YAZI (BEYKENT)
 11
0.0000000000000001
 21
1.0
 31
0.0
 73
     1
 44
1.0
  0
POINT
  5
3F6
330
3EE
100
AcDbEntity
  8
Defpoints
 62
     0
440
 16777216
100
AcDbPoint
 10
124675.922299438
 20
14458.45471318394
 30
0.0
  0
POINT
  5
3F7
330
3EE
100
AcDbEntity
  8
Defpoints
 62
     0
440
 16777216
100
AcDbPoint
 10
124675.922299438
 20
14473.45471318394
 30
0.0
  0
POINT
  5
3F8
330
3EE
100
AcDbEntity
  8
Defpoints
 62
     0
440
 16777216
100
AcDbPoint
 10
124695.9222994382
 20
14473.45471318394
 30
0.0
  0
ENDBLK
  5
3F9
330
3EE
100
AcDbEntity
  8
0
100
AcDbBlockEnd
  0
BLOCK
  5
3FB
330
3FA
100
AcDbEntity
  8
0
100
AcDbBlockBegin
  2
*D30
 70
     1
 10
0.0
 20
0.0
 30
0.0
  3
*D30
  1

  0
LINE
  5
3FC
330
3FA
100
AcDbEntity
  8
OLCU (BEYKENT)
 62
     0
440
 16777216
370
    -2
100
AcDbLine
 10
121953.422299438
 20
13945.45471318393
 30
0.0
 11
121953.422299438
 21
13928.27471318393
 31
0.0
  0
LINE
  5
3FD
330
3FA
100
AcDbEntity
  8
OLCU (BEYKENT)
 62
     0
440
 16777216
370
    -2
100
AcDbLine
 10
121968.422299438
 20
13945.45471318393
 30
0.0
 11
121968.422299438
 21
13928.27471318393
 31
0.0
  0
LINE
  5
3FE
330
3FA
100
AcDbEntity
  8
OLCU (BEYKENT)
 62
     0
440
 16777216
370
    -2
100
AcDbLine
 10
121953.422299438
 20
13928.45471318393
 30
0.0
 11
121968.422299438
 21
13928.45471318393
 31
0.0
  0
LINE
  5
3FF
330
3FA
100
AcDbEntity
  8
OLCU (BEYKENT)
 62
     0
440
 16777216
370
    -2
100
AcDbLine
 10
121965.422299438
 20
13925.45471318393
 30
0.0
 11
121971.422299438
 21
13931.45471318393
 31
0.0
  0
LINE
  5
400
330
3FA
100
AcDbEntity
  8
OLCU (BEYKENT)
 62
     0
440
 16777216
370
    -2
100
AcDbLine
 10
121950.422299438
 20
13925.45471318393
 30
0.0
 11
121956.422299438
 21
13931.45471318393
 31
0.0
  0
MTEXT
  5
401
330
3FA
100
AcDbEntity
  8
OLCU (BEYKENT)
 62
     7
440
 16777216
370
    20
100
AcDbMText
 10
121960.922299438
 20
13936.51661139576
 30
0.0
 40
12.0
 41
0.0
 46
0.0
 71
     5
 72
     1
  1
\A1;15
  7
YAZI (BEYKENT)
 73
     1
 44
1.0
  0
POINT
  5
402
330
3FA
100
AcDbEntity
  8
Defpoints
 62
     0
440
 16777216
100
AcDbPoint
 10
121953.422299438
 20
13948.45471318393
 30
0.0
  0
POINT
  5
403
330
3FA
100
AcDbEntity
  8
Defpoints
 62
     0
440
 16777216
100
AcDbPoint
 10
121968.422299438
 20
13948.45471318393
 30
0.0
  0
POINT
  5
404
330
3FA
100
AcDbEntity
  8
Defpoints
 62
     0
440
 16777216
100
AcDbPoint
 10
121968.422299438
 20
13928.45471318393
 30
0.0
  0
ENDBLK
  5
405
330
3FA
100
AcDbEntity
  8
0
100
AcDbBlockEnd
  0
BLOCK
  5
407
330
406
100
AcDbEntity
  8
0
100
AcDbBlockBegin
  2
*D31
 70
     1
 10
0.0
 20
0.0
 30
0.0
  3
*D31
  1

  0
LINE
  5
408
330
406
100
AcDbEntity
  8
OLCU (BEYKENT)
 62
     0
440
 16777216
370
    -2
100
AcDbLine
 10
121968.422299438
 20
13945.45471318393
 30
0.0
 11
121968.422299438
 21
13928.27471318393
 31
0.0
  0
LINE
  5
409
330
406
100
AcDbEntity
  8
OLCU (BEYKENT)
 62
     0
440
 16777216
370
    -2
100
AcDbLine
 10
122003.422299438
 20
13945.45471318393
 30
0.0
 11
122003.422299438
 21
13928.27471318393
 31
0.0
  0
LINE
  5
40A
330
406
100
AcDbEntity
  8
OLCU (BEYKENT)
 62
     0
440
 16777216
370
    -2
100
AcDbLine
 10
121968.422299438
 20
13928.45471318393
 30
0.0
 11
122003.422299438
 21
13928.45471318393
 31
0.0
  0
LINE
  5
40B
330
406
100
AcDbEntity
  8
OLCU (BEYKENT)
 62
     0
440
 16777216
370
    -2
100
AcDbLine
 10
122000.422299438
 20
13925.45471318393
 30
0.0
 11
122006.422299438
 21
13931.45471318393
 31
0.0
  0
LINE
  5
40C
330
406
100
AcDbEntity
  8
OLCU (BEYKENT)
 62
     0
440
 16777216
370
    -2
100
AcDbLine
 10
121965.422299438
 20
13925.45471318393
 30
0.0
 11
121971.422299438
 21
13931.45471318393
 31
0.0
  0
MTEXT
  5
40D
330
406
100
AcDbEntity
  8
OLCU (BEYKENT)
 62
     7
440
 16777216
370
    20
100
AcDbMText
 10
121985.922299438
 20
13936.57850960759
 30
0.0
 40
12.0
 41
0.0
 46
0.0
 71
     5
 72
     1
  1
\A1;35
  7
YAZI (BEYKENT)
 73
     1
 44
1.0
  0
POINT
  5
40E
330
406
100
AcDbEntity
  8
Defpoints
 62
     0
440
 16777216
100
AcDbPoint
 10
121968.422299438
 20
13948.45471318393
 30
0.0
  0
POINT
  5
40F
330
406
100
AcDbEntity
  8
Defpoints
 62
     0
440
 16777216
100
AcDbPoint
 10
122003.422299438
 20
13948.45471318393
 30
0.0
  0
POINT
  5
410
330
406
100
AcDbEntity
  8
Defpoints
 62
     0
440
 16777216
100
AcDbPoint
 10
122003.422299438
 20
13928.45471318393
 30
0.0
  0
ENDBLK
  5
411
330
406
100
AcDbEntity
  8
0
100
AcDbBlockEnd
  0
BLOCK
  5
413
330
412
100
AcDbEntity
  8
0
100
AcDbBlockBegin
  2
*D32
 70
     1
 10
0.0
 20
0.0
 30
0.0
  3
*D32
  1

  0
LINE
  5
414
330
412
100
AcDbEntity
  8
OLCU (BEYKENT)
 62
     0
440
 16777216
370
    -2
100
AcDbLine
 10
121953.422299438
 20
13945.45471318393
 30
0.0
 11
121953.422299438
 21
13908.27471318393
 31
0.0
  0
LINE
  5
415
330
412
100
AcDbEntity
  8
OLCU (BEYKENT)
 62
     0
440
 16777216
370
    -2
100
AcDbLine
 10
122003.422299438
 20
13945.45471318393
 30
0.0
 11
122003.422299438
 21
13908.27471318393
 31
0.0
  0
LINE
  5
416
330
412
100
AcDbEntity
  8
OLCU (BEYKENT)
 62
     0
440
 16777216
370
    -2
100
AcDbLine
 10
121953.422299438
 20
13908.45471318393
 30
0.0
 11
122003.422299438
 21
13908.45471318393
 31
0.0
  0
LINE
  5
417
330
412
100
AcDbEntity
  8
OLCU (BEYKENT)
 62
     0
440
 16777216
370
    -2
100
AcDbLine
 10
122000.422299438
 20
13905.45471318393
 30
0.0
 11
122006.422299438
 21
13911.45471318393
 31
0.0
  0
LINE
  5
418
330
412
100
AcDbEntity
  8
OLCU (BEYKENT)
 62
     0
440
 16777216
370
    -2
100
AcDbLine
 10
121950.422299438
 20
13905.45471318393
 30
0.0
 11
121956.422299438
 21
13911.45471318393
 31
0.0
  0
MTEXT
  5
419
330
412
100
AcDbEntity
  8
OLCU (BEYKENT)
 62
     7
440
 16777216
370
    20
100
AcDbMText
 10
121978.422299438
 20
13916.57850960759
 30
0.0
 40
12.0
 41
0.0
 46
0.0
 71
     5
 72
     1
  1
\A1;50
  7
YAZI (BEYKENT)
 73
     1
 44
1.0
  0
POINT
  5
41A
330
412
100
AcDbEntity
  8
Defpoints
 62
     0
440
 16777216
100
AcDbPoint
 10
121953.422299438
 20
13948.45471318393
 30
0.0
  0
POINT
  5
41B
330
412
100
AcDbEntity
  8
Defpoints
 62
     0
440
 16777216
100
AcDbPoint
 10
122003.422299438
 20
13948.45471318393
 30
0.0
  0
POINT
  5
41C
330
412
100
AcDbEntity
  8
Defpoints
 62
     0
440
 16777216
100
AcDbPoint
 10
122003.422299438
 20
13908.45471318393
 30
0.0
  0
ENDBLK
  5
41D
330
412
100
AcDbEntity
  8
0
100
AcDbBlockEnd
  0
BLOCK
  5
41F
330
41E
100
AcDbEntity
  8
0
100
AcDbBlockBegin
  2
*D33
 70
     1
 10
0.0
 20
0.0
 30
0.0
  3
*D33
  1

  0
LINE
  5
420
330
41E
100
AcDbEntity
  8
OLCU (BEYKENT)
 62
     0
440
 16777216
370
    -2
100
AcDbLine
 10
121953.422299438
 20
13480.45471318393
 30
0.0
 11
121953.422299438
 21
13463.27471318393
 31
0.0
  0
LINE
  5
421
330
41E
100
AcDbEntity
  8
OLCU (BEYKENT)
 62
     0
440
 16777216
370
    -2
100
AcDbLine
 10
121968.422299438
 20
13480.45471318393
 30
0.0
 11
121968.422299438
 21
13463.27471318393
 31
0.0
  0
LINE
  5
422
330
41E
100
AcDbEntity
  8
OLCU (BEYKENT)
 62
     0
440
 16777216
370
    -2
100
AcDbLine
 10
121953.422299438
 20
13463.45471318393
 30
0.0
 11
121968.422299438
 21
13463.45471318393
 31
0.0
  0
LINE
  5
423
330
41E
100
AcDbEntity
  8
OLCU (BEYKENT)
 62
     0
440
 16777216
370
    -2
100
AcDbLine
 10
121965.422299438
 20
13460.45471318393
 30
0.0
 11
121971.422299438
 21
13466.45471318393
 31
0.0
  0
LINE
  5
424
330
41E
100
AcDbEntity
  8
OLCU (BEYKENT)
 62
     0
440
 16777216
370
    -2
100
AcDbLine
 10
121950.422299438
 20
13460.45471318393
 30
0.0
 11
121956.422299438
 21
13466.45471318393
 31
0.0
  0
MTEXT
  5
425
330
41E
100
AcDbEntity
  8
OLCU (BEYKENT)
 62
     7
440
 16777216
370
    20
100
AcDbMText
 10
121960.922299438
 20
13471.51661139576
 30
0.0
 40
12.0
 41
0.0
 46
0.0
 71
     5
 72
     1
  1
\A1;15
  7
YAZI (BEYKENT)
 73
     1
 44
1.0
  0
POINT
  5
426
330
41E
100
AcDbEntity
  8
Defpoints
 62
     0
440
 16777216
100
AcDbPoint
 10
121953.422299438
 20
13483.45471318393
 30
0.0
  0
POINT
  5
427
330
41E
100
AcDbEntity
  8
Defpoints
 62
     0
440
 16777216
100
AcDbPoint
 10
121968.422299438
 20
13483.45471318393
 30
0.0
  0
POINT
  5
428
330
41E
100
AcDbEntity
  8
Defpoints
 62
     0
440
 16777216
100
AcDbPoint
 10
121968.422299438
 20
13463.45471318393
 30
0.0
  0
ENDBLK
  5
429
330
41E
100
AcDbEntity
  8
0
100
AcDbBlockEnd
  0
BLOCK
  5
42B
330
42A
100
AcDbEntity
  8
0
100
AcDbBlockBegin
  2
*D34
 70
     1
 10
0.0
 20
0.0
 30
0.0
  3
*D34
  1

  0
LINE
  5
42C
330
42A
100
AcDbEntity
  8
OLCU (BEYKENT)
 62
     0
440
 16777216
370
    -2
100
AcDbLine
 10
121968.422299438
 20
13480.45471318393
 30
0.0
 11
121968.422299438
 21
13463.27471318393
 31
0.0
  0
LINE
  5
42D
330
42A
100
AcDbEntity
  8
OLCU (BEYKENT)
 62
     0
440
 16777216
370
    -2
100
AcDbLine
 10
122003.422299438
 20
13480.45471318393
 30
0.0
 11
122003.422299438
 21
13463.27471318393
 31
0.0
  0
LINE
  5
42E
330
42A
100
AcDbEntity
  8
OLCU (BEYKENT)
 62
     0
440
 16777216
370
    -2
100
AcDbLine
 10
121968.422299438
 20
13463.45471318393
 30
0.0
 11
122003.422299438
 21
13463.45471318393
 31
0.0
  0
LINE
  5
42F
330
42A
100
AcDbEntity
  8
OLCU (BEYKENT)
 62
     0
440
 16777216
370
    -2
100
AcDbLine
 10
122000.422299438
 20
13460.45471318393
 30
0.0
 11
122006.422299438
 21
13466.45471318393
 31
0.0
  0
LINE
  5
430
330
42A
100
AcDbEntity
  8
OLCU (BEYKENT)
 62
     0
440
 16777216
370
    -2
100
AcDbLine
 10
121965.422299438
 20
13460.45471318393
 30
0.0
 11
121971.422299438
 21
13466.45471318393
 31
0.0
  0
MTEXT
  5
431
330
42A
100
AcDbEntity
  8
OLCU (BEYKENT)
 62
     7
440
 16777216
370
    20
100
AcDbMText
 10
121985.922299438
 20
13471.57850960759
 30
0.0
 40
12.0
 41
0.0
 46
0.0
 71
     5
 72
     1
  1
\A1;35
  7
YAZI (BEYKENT)
 73
     1
 44
1.0
  0
POINT
  5
432
330
42A
100
AcDbEntity
  8
Defpoints
 62
     0
440
 16777216
100
AcDbPoint
 10
121968.422299438
 20
13483.45471318393
 30
0.0
  0
POINT
  5
433
330
42A
100
AcDbEntity
  8
Defpoints
 62
     0
440
 16777216
100
AcDbPoint
 10
122003.422299438
 20
13483.45471318393
 30
0.0
  0
POINT
  5
434
330
42A
100
AcDbEntity
  8
Defpoints
 62
     0
440
 16777216
100
AcDbPoint
 10
122003.422299438
 20
13463.45471318393
 30
0.0
  0
ENDBLK
  5
435
330
42A
100
AcDbEntity
  8
0
100
AcDbBlockEnd
  0
BLOCK
  5
437
330
436
100
AcDbEntity
  8
0
100
AcDbBlockBegin
  2
*D35
 70
     1
 10
0.0
 20
0.0
 30
0.0
  3
*D35
  1

  0
LINE
  5
438
330
436
100
AcDbEntity
  8
OLCU (BEYKENT)
 62
     0
440
 16777216
370
    -2
100
AcDbLine
 10
121953.422299438
 20
13480.45471318393
 30
0.0
 11
121953.422299438
 21
13443.27471318393
 31
0.0
  0
LINE
  5
439
330
436
100
AcDbEntity
  8
OLCU (BEYKENT)
 62
     0
440
 16777216
370
    -2
100
AcDbLine
 10
122003.422299438
 20
13480.45471318393
 30
0.0
 11
122003.422299438
 21
13443.27471318393
 31
0.0
  0
LINE
  5
43A
330
436
100
AcDbEntity
  8
OLCU (BEYKENT)
 62
     0
440
 16777216
370
    -2
100
AcDbLine
 10
121953.422299438
 20
13443.45471318393
 30
0.0
 11
122003.422299438
 21
13443.45471318393
 31
0.0
  0
LINE
  5
43B
330
436
100
AcDbEntity
  8
OLCU (BEYKENT)
 62
     0
440
 16777216
370
    -2
100
AcDbLine
 10
122000.422299438
 20
13440.45471318393
 30
0.0
 11
122006.422299438
 21
13446.45471318393
 31
0.0
  0
LINE
  5
43C
330
436
100
AcDbEntity
  8
OLCU (BEYKENT)
 62
     0
440
 16777216
370
    -2
100
AcDbLine
 10
121950.422299438
 20
13440.45471318393
 30
0.0
 11
121956.422299438
 21
13446.45471318393
 31
0.0
  0
MTEXT
  5
43D
330
436
100
AcDbEntity
  8
OLCU (BEYKENT)
 62
     7
440
 16777216
370
    20
100
AcDbMText
 10
121978.422299438
 20
13451.57850960759
 30
0.0
 40
12.0
 41
0.0
 46
0.0
 71
     5
 72
     1
  1
\A1;50
  7
YAZI (BEYKENT)
 73
     1
 44
1.0
  0
POINT
  5
43E
330
436
100
AcDbEntity
  8
Defpoints
 62
     0
440
 16777216
100
AcDbPoint
 10
121953.422299438
 20
13483.45471318393
 30
0.0
  0
POINT
  5
43F
330
436
100
AcDbEntity
  8
Defpoints
 62
     0
440
 16777216
100
AcDbPoint
 10
122003.422299438
 20
13483.45471318393
 30
0.0
  0
POINT
  5
440
330
436
100
AcDbEntity
  8
Defpoints
 62
     0
440
 16777216
100
AcDbPoint
 10
122003.422299438
 20
13443.45471318393
 30
0.0
  0
ENDBLK
  5
441
330
436
100
AcDbEntity
  8
0
100
AcDbBlockEnd
  0
BLOCK
  5
443
330
442
100
AcDbEntity
  8
0
100
AcDbBlockBegin
  2
*D36
 70
     1
 10
0.0
 20
0.0
 30
0.0
  3
*D36
  1

  0
LINE
  5
444
330
442
100
AcDbEntity
  8
OLCU (BEYKENT)
 62
     0
440
 16777216
370
    -2
100
AcDbLine
 10
121953.422299438
 20
13175.45481318393
 30
0.0
 11
121953.422299438
 21
13158.27481318393
 31
0.0
  0
LINE
  5
445
330
442
100
AcDbEntity
  8
OLCU (BEYKENT)
 62
     0
440
 16777216
370
    -2
100
AcDbLine
 10
121968.422299438
 20
13175.45481318393
 30
0.0
 11
121968.422299438
 21
13158.27481318393
 31
0.0
  0
LINE
  5
446
330
442
100
AcDbEntity
  8
OLCU (BEYKENT)
 62
     0
440
 16777216
370
    -2
100
AcDbLine
 10
121953.422299438
 20
13158.45481318393
 30
0.0
 11
121968.422299438
 21
13158.45481318393
 31
0.0
  0
LINE
  5
447
330
442
100
AcDbEntity
  8
OLCU (BEYKENT)
 62
     0
440
 16777216
370
    -2
100
AcDbLine
 10
121965.422299438
 20
13155.45481318393
 30
0.0
 11
121971.422299438
 21
13161.45481318393
 31
0.0
  0
LINE
  5
448
330
442
100
AcDbEntity
  8
OLCU (BEYKENT)
 62
     0
440
 16777216
370
    -2
100
AcDbLine
 10
121950.422299438
 20
13155.45481318393
 30
0.0
 11
121956.422299438
 21
13161.45481318393
 31
0.0
  0
MTEXT
  5
449
330
442
100
AcDbEntity
  8
OLCU (BEYKENT)
 62
     7
440
 16777216
370
    20
100
AcDbMText
 10
121960.922299438
 20
13166.51671139577
 30
0.0
 40
12.0
 41
0.0
 46
0.0
 71
     5
 72
     1
  1
\A1;15
  7
YAZI (BEYKENT)
 73
     1
 44
1.0
  0
POINT
  5
44A
330
442
100
AcDbEntity
  8
Defpoints
 62
     0
440
 16777216
100
AcDbPoint
 10
121953.422299438
 20
13178.45481318393
 30
0.0
  0
POINT
  5
44B
330
442
100
AcDbEntity
  8
Defpoints
 62
     0
440
 16777216
100
AcDbPoint
 10
121968.422299438
 20
13178.45481318393
 30
0.0
  0
POINT
  5
44C
330
442
100
AcDbEntity
  8
Defpoints
 62
     0
440
 16777216
100
AcDbPoint
 10
121968.422299438
 20
13158.45481318393
 30
0.0
  0
ENDBLK
  5
44D
330
442
100
AcDbEntity
  8
0
100
AcDbBlockEnd
  0
BLOCK
  5
44F
330
44E
100
AcDbEntity
  8
0
100
AcDbBlockBegin
  2
*D37
 70
     1
 10
0.0
 20
0.0
 30
0.0
  3
*D37
  1

  0
LINE
  5
450
330
44E
100
AcDbEntity
  8
OLCU (BEYKENT)
 62
     0
440
 16777216
370
    -2
100
AcDbLine
 10
121968.422299438
 20
13175.45481318393
 30
0.0
 11
121968.422299438
 21
13158.27481318393
 31
0.0
  0
LINE
  5
451
330
44E
100
AcDbEntity
  8
OLCU (BEYKENT)
 62
     0
440
 16777216
370
    -2
100
AcDbLine
 10
122003.422299438
 20
13175.45481318393
 30
0.0
 11
122003.422299438
 21
13158.27481318393
 31
0.0
  0
LINE
  5
452
330
44E
100
AcDbEntity
  8
OLCU (BEYKENT)
 62
     0
440
 16777216
370
    -2
100
AcDbLine
 10
121968.422299438
 20
13158.45481318393
 30
0.0
 11
122003.422299438
 21
13158.45481318393
 31
0.0
  0
LINE
  5
453
330
44E
100
AcDbEntity
  8
OLCU (BEYKENT)
 62
     0
440
 16777216
370
    -2
100
AcDbLine
 10
122000.422299438
 20
13155.45481318393
 30
0.0
 11
122006.422299438
 21
13161.45481318393
 31
0.0
  0
LINE
  5
454
330
44E
100
AcDbEntity
  8
OLCU (BEYKENT)
 62
     0
440
 16777216
370
    -2
100
AcDbLine
 10
121965.422299438
 20
13155.45481318393
 30
0.0
 11
121971.422299438
 21
13161.45481318393
 31
0.0
  0
MTEXT
  5
455
330
44E
100
AcDbEntity
  8
OLCU (BEYKENT)
 62
     7
440
 16777216
370
    20
100
AcDbMText
 10
121985.922299438
 20
13166.57860960759
 30
0.0
 40
12.0
 41
0.0
 46
0.0
 71
     5
 72
     1
  1
\A1;35
  7
YAZI (BEYKENT)
 73
     1
 44
1.0
  0
POINT
  5
456
330
44E
100
AcDbEntity
  8
Defpoints
 62
     0
440
 16777216
100
AcDbPoint
 10
121968.422299438
 20
13178.45481318393
 30
0.0
  0
POINT
  5
457
330
44E
100
AcDbEntity
  8
Defpoints
 62
     0
440
 16777216
100
AcDbPoint
 10
122003.422299438
 20
13178.45481318393
 30
0.0
  0
POINT
  5
458
330
44E
100
AcDbEntity
  8
Defpoints
 62
     0
440
 16777216
100
AcDbPoint
 10
122003.422299438
 20
13158.45481318393
 30
0.0
  0
ENDBLK
  5
459
330
44E
100
AcDbEntity
  8
0
100
AcDbBlockEnd
  0
BLOCK
  5
45B
330
45A
100
AcDbEntity
  8
0
100
AcDbBlockBegin
  2
*D38
 70
     1
 10
0.0
 20
0.0
 30
0.0
  3
*D38
  1

  0
LINE
  5
45C
330
45A
100
AcDbEntity
  8
OLCU (BEYKENT)
 62
     0
440
 16777216
370
    -2
100
AcDbLine
 10
121953.422299438
 20
13175.45481318393
 30
0.0
 11
121953.422299438
 21
13138.27481318393
 31
0.0
  0
LINE
  5
45D
330
45A
100
AcDbEntity
  8
OLCU (BEYKENT)
 62
     0
440
 16777216
370
    -2
100
AcDbLine
 10
122003.422299438
 20
13175.45481318393
 30
0.0
 11
122003.422299438
 21
13138.27481318393
 31
0.0
  0
LINE
  5
45E
330
45A
100
AcDbEntity
  8
OLCU (BEYKENT)
 62
     0
440
 16777216
370
    -2
100
AcDbLine
 10
121953.422299438
 20
13138.45481318393
 30
0.0
 11
122003.422299438
 21
13138.45481318393
 31
0.0
  0
LINE
  5
45F
330
45A
100
AcDbEntity
  8
OLCU (BEYKENT)
 62
     0
440
 16777216
370
    -2
100
AcDbLine
 10
122000.422299438
 20
13135.45481318393
 30
0.0
 11
122006.422299438
 21
13141.45481318393
 31
0.0
  0
LINE
  5
460
330
45A
100
AcDbEntity
  8
OLCU (BEYKENT)
 62
     0
440
 16777216
370
    -2
100
AcDbLine
 10
121950.422299438
 20
13135.45481318393
 30
0.0
 11
121956.422299438
 21
13141.45481318393
 31
0.0
  0
MTEXT
  5
461
330
45A
100
AcDbEntity
  8
OLCU (BEYKENT)
 62
     7
440
 16777216
370
    20
100
AcDbMText
 10
121978.422299438
 20
13146.57860960759
 30
0.0
 40
12.0
 41
0.0
 46
0.0
 71
     5
 72
     1
  1
\A1;50
  7
YAZI (BEYKENT)
 73
     1
 44
1.0
  0
POINT
  5
462
330
45A
100
AcDbEntity
  8
Defpoints
 62
     0
440
 16777216
100
AcDbPoint
 10
121953.422299438
 20
13178.45481318393
 30
0.0
  0
POINT
  5
463
330
45A
100
AcDbEntity
  8
Defpoints
 62
     0
440
 16777216
100
AcDbPoint
 10
122003.422299438
 20
13178.45481318393
 30
0.0
  0
POINT
  5
464
330
45A
100
AcDbEntity
  8
Defpoints
 62
     0
440
 16777216
100
AcDbPoint
 10
122003.422299438
 20
13138.45481318393
 30
0.0
  0
ENDBLK
  5
465
330
45A
100
AcDbEntity
  8
0
100
AcDbBlockEnd
  0
BLOCK
  5
467
330
466
100
AcDbEntity
  8
0
100
AcDbBlockBegin
  2
*D39
 70
     1
 10
0.0
 20
0.0
 30
0.0
  3
*D39
  1

  0
LINE
  5
468
330
466
100
AcDbEntity
  8
OLCU (BEYKENT)
 62
     0
440
 16777216
370
    -2
100
AcDbLine
 10
121953.422299438
 20
12875.45471318393
 30
0.0
 11
121953.422299438
 21
12858.27471318393
 31
0.0
  0
LINE
  5
469
330
466
100
AcDbEntity
  8
OLCU (BEYKENT)
 62
     0
440
 16777216
370
    -2
100
AcDbLine
 10
121968.422299438
 20
12875.45471318393
 30
0.0
 11
121968.422299438
 21
12858.27471318393
 31
0.0
  0
LINE
  5
46A
330
466
100
AcDbEntity
  8
OLCU (BEYKENT)
 62
     0
440
 16777216
370
    -2
100
AcDbLine
 10
121953.422299438
 20
12858.45471318393
 30
0.0
 11
121968.422299438
 21
12858.45471318393
 31
0.0
  0
LINE
  5
46B
330
466
100
AcDbEntity
  8
OLCU (BEYKENT)
 62
     0
440
 16777216
370
    -2
100
AcDbLine
 10
121965.422299438
 20
12855.45471318393
 30
0.0
 11
121971.422299438
 21
12861.45471318393
 31
0.0
  0
LINE
  5
46C
330
466
100
AcDbEntity
  8
OLCU (BEYKENT)
 62
     0
440
 16777216
370
    -2
100
AcDbLine
 10
121950.422299438
 20
12855.45471318393
 30
0.0
 11
121956.422299438
 21
12861.45471318393
 31
0.0
  0
MTEXT
  5
46D
330
466
100
AcDbEntity
  8
OLCU (BEYKENT)
 62
     7
440
 16777216
370
    20
100
AcDbMText
 10
121960.922299438
 20
12866.51661139576
 30
0.0
 40
12.0
 41
0.0
 46
0.0
 71
     5
 72
     1
  1
\A1;15
  7
YAZI (BEYKENT)
 73
     1
 44
1.0
  0
POINT
  5
46E
330
466
100
AcDbEntity
  8
Defpoints
 62
     0
440
 16777216
100
AcDbPoint
 10
121953.422299438
 20
12878.45471318393
 30
0.0
  0
POINT
  5
46F
330
466
100
AcDbEntity
  8
Defpoints
 62
     0
440
 16777216
100
AcDbPoint
 10
121968.422299438
 20
12878.45471318393
 30
0.0
  0
POINT
  5
470
330
466
100
AcDbEntity
  8
Defpoints
 62
     0
440
 16777216
100
AcDbPoint
 10
121968.422299438
 20
12858.45471318393
 30
0.0
  0
ENDBLK
  5
471
330
466
100
AcDbEntity
  8
0
100
AcDbBlockEnd
  0
BLOCK
  5
473
330
472
100
AcDbEntity
  8
0
100
AcDbBlockBegin
  2
*D40
 70
     1
 10
0.0
 20
0.0
 30
0.0
  3
*D40
  1

  0
LINE
  5
474
330
472
100
AcDbEntity
  8
OLCU (BEYKENT)
 62
     0
440
 16777216
370
    -2
100
AcDbLine
 10
121968.422299438
 20
12875.45471318393
 30
0.0
 11
121968.422299438
 21
12858.27471318393
 31
0.0
  0
LINE
  5
475
330
472
100
AcDbEntity
  8
OLCU (BEYKENT)
 62
     0
440
 16777216
370
    -2
100
AcDbLine
 10
122003.422299438
 20
12875.45471318393
 30
0.0
 11
122003.422299438
 21
12858.27471318393
 31
0.0
  0
LINE
  5
476
330
472
100
AcDbEntity
  8
OLCU (BEYKENT)
 62
     0
440
 16777216
370
    -2
100
AcDbLine
 10
121968.422299438
 20
12858.45471318393
 30
0.0
 11
122003.422299438
 21
12858.45471318393
 31
0.0
  0
LINE
  5
477
330
472
100
AcDbEntity
  8
OLCU (BEYKENT)
 62
     0
440
 16777216
370
    -2
100
AcDbLine
 10
122000.422299438
 20
12855.45471318393
 30
0.0
 11
122006.422299438
 21
12861.45471318393
 31
0.0
  0
LINE
  5
478
330
472
100
AcDbEntity
  8
OLCU (BEYKENT)
 62
     0
440
 16777216
370
    -2
100
AcDbLine
 10
121965.422299438
 20
12855.45471318393
 30
0.0
 11
121971.422299438
 21
12861.45471318393
 31
0.0
  0
MTEXT
  5
479
330
472
100
AcDbEntity
  8
OLCU (BEYKENT)
 62
     7
440
 16777216
370
    20
100
AcDbMText
 10
121985.922299438
 20
12866.57850960759
 30
0.0
 40
12.0
 41
0.0
 46
0.0
 71
     5
 72
     1
  1
\A1;35
  7
YAZI (BEYKENT)
 73
     1
 44
1.0
  0
POINT
  5
47A
330
472
100
AcDbEntity
  8
Defpoints
 62
     0
440
 16777216
100
AcDbPoint
 10
121968.422299438
 20
12878.45471318393
 30
0.0
  0
POINT
  5
47B
330
472
100
AcDbEntity
  8
Defpoints
 62
     0
440
 16777216
100
AcDbPoint
 10
122003.422299438
 20
12878.45471318393
 30
0.0
  0
POINT
  5
47C
330
472
100
AcDbEntity
  8
Defpoints
 62
     0
440
 16777216
100
AcDbPoint
 10
122003.422299438
 20
12858.45471318393
 30
0.0
  0
ENDBLK
  5
47D
330
472
100
AcDbEntity
  8
0
100
AcDbBlockEnd
  0
BLOCK
  5
47F
330
47E
100
AcDbEntity
  8
0
100
AcDbBlockBegin
  2
*D41
 70
     1
 10
0.0
 20
0.0
 30
0.0
  3
*D41
  1

  0
LINE
  5
480
330
47E
100
AcDbEntity
  8
OLCU (BEYKENT)
 62
     0
440
 16777216
370
    -2
100
AcDbLine
 10
121953.422299438
 20
12875.45471318393
 30
0.0
 11
121953.422299438
 21
12838.27471318393
 31
0.0
  0
LINE
  5
481
330
47E
100
AcDbEntity
  8
OLCU (BEYKENT)
 62
     0
440
 16777216
370
    -2
100
AcDbLine
 10
122003.422299438
 20
12875.45471318393
 30
0.0
 11
122003.422299438
 21
12838.27471318393
 31
0.0
  0
LINE
  5
482
330
47E
100
AcDbEntity
  8
OLCU (BEYKENT)
 62
     0
440
 16777216
370
    -2
100
AcDbLine
 10
121953.422299438
 20
12838.45471318393
 30
0.0
 11
122003.422299438
 21
12838.45471318393
 31
0.0
  0
LINE
  5
483
330
47E
100
AcDbEntity
  8
OLCU (BEYKENT)
 62
     0
440
 16777216
370
    -2
100
AcDbLine
 10
122000.422299438
 20
12835.45471318393
 30
0.0
 11
122006.422299438
 21
12841.45471318393
 31
0.0
  0
LINE
  5
484
330
47E
100
AcDbEntity
  8
OLCU (BEYKENT)
 62
     0
440
 16777216
370
    -2
100
AcDbLine
 10
121950.422299438
 20
12835.45471318393
 30
0.0
 11
121956.422299438
 21
12841.45471318393
 31
0.0
  0
MTEXT
  5
485
330
47E
100
AcDbEntity
  8
OLCU (BEYKENT)
 62
     7
440
 16777216
370
    20
100
AcDbMText
 10
121978.422299438
 20
12846.57850960759
 30
0.0
 40
12.0
 41
0.0
 46
0.0
 71
     5
 72
     1
  1
\A1;50
  7
YAZI (BEYKENT)
 73
     1
 44
1.0
  0
POINT
  5
486
330
47E
100
AcDbEntity
  8
Defpoints
 62
     0
440
 16777216
100
AcDbPoint
 10
121953.422299438
 20
12878.45471318393
 30
0.0
  0
POINT
  5
487
330
47E
100
AcDbEntity
  8
Defpoints
 62
     0
440
 16777216
100
AcDbPoint
 10
122003.422299438
 20
12878.45471318393
 30
0.0
  0
POINT
  5
488
330
47E
100
AcDbEntity
  8
Defpoints
 62
     0
440
 16777216
100
AcDbPoint
 10
122003.422299438
 20
12838.45471318393
 30
0.0
  0
ENDBLK
  5
489
330
47E
100
AcDbEntity
  8
0
100
AcDbBlockEnd
  0
BLOCK
  5
48B
330
48A
100
AcDbEntity
  8
0
100
AcDbBlockBegin
  2
*D42
 70
     1
 10
0.0
 20
0.0
 30
0.0
  3
*D42
  1

  0
LINE
  5
48C
330
48A
100
AcDbEntity
  8
OLCU (BEYKENT)
 62
     0
440
 16777216
370
    -2
100
AcDbLine
 10
121953.422299438
 20
12436.45471318393
 30
0.0
 11
121953.422299438
 21
12453.63471318393
 31
0.0
  0
LINE
  5
48D
330
48A
100
AcDbEntity
  8
OLCU (BEYKENT)
 62
     0
440
 16777216
370
    -2
100
AcDbLine
 10
121968.422299438
 20
12436.45471318393
 30
0.0
 11
121968.422299438
 21
12453.63471318393
 31
0.0
  0
LINE
  5
48E
330
48A
100
AcDbEntity
  8
OLCU (BEYKENT)
 62
     0
440
 16777216
370
    -2
100
AcDbLine
 10
121953.422299438
 20
12453.45471318393
 30
0.0
 11
121968.422299438
 21
12453.45471318393
 31
0.0
  0
LINE
  5
48F
330
48A
100
AcDbEntity
  8
OLCU (BEYKENT)
 62
     0
440
 16777216
370
    -2
100
AcDbLine
 10
121965.422299438
 20
12450.45471318393
 30
0.0
 11
121971.422299438
 21
12456.45471318393
 31
0.0
  0
LINE
  5
490
330
48A
100
AcDbEntity
  8
OLCU (BEYKENT)
 62
     0
440
 16777216
370
    -2
100
AcDbLine
 10
121950.422299438
 20
12450.45471318393
 30
0.0
 11
121956.422299438
 21
12456.45471318393
 31
0.0
  0
MTEXT
  5
491
330
48A
100
AcDbEntity
  8
OLCU (BEYKENT)
 62
     7
440
 16777216
370
    20
100
AcDbMText
 10
121960.922299438
 20
12461.51661139576
 30
0.0
 40
12.0
 41
0.0
 46
0.0
 71
     5
 72
     1
  1
\A1;15
  7
YAZI (BEYKENT)
 73
     1
 44
1.0
  0
POINT
  5
492
330
48A
100
AcDbEntity
  8
Defpoints
 62
     0
440
 16777216
100
AcDbPoint
 10
121953.422299438
 20
12433.45471318393
 30
0.0
  0
POINT
  5
493
330
48A
100
AcDbEntity
  8
Defpoints
 62
     0
440
 16777216
100
AcDbPoint
 10
121968.422299438
 20
12433.45471318393
 30
0.0
  0
POINT
  5
494
330
48A
100
AcDbEntity
  8
Defpoints
 62
     0
440
 16777216
100
AcDbPoint
 10
121968.422299438
 20
12453.45471318393
 30
0.0
  0
ENDBLK
  5
495
330
48A
100
AcDbEntity
  8
0
100
AcDbBlockEnd
  0
BLOCK
  5
497
330
496
100
AcDbEntity
  8
0
100
AcDbBlockBegin
  2
*D43
 70
     1
 10
0.0
 20
0.0
 30
0.0
  3
*D43
  1

  0
LINE
  5
498
330
496
100
AcDbEntity
  8
OLCU (BEYKENT)
 62
     0
440
 16777216
370
    -2
100
AcDbLine
 10
121968.422299438
 20
12436.45471318393
 30
0.0
 11
121968.422299438
 21
12453.63471318393
 31
0.0
  0
LINE
  5
499
330
496
100
AcDbEntity
  8
OLCU (BEYKENT)
 62
     0
440
 16777216
370
    -2
100
AcDbLine
 10
122003.422299438
 20
12436.45471318393
 30
0.0
 11
122003.422299438
 21
12453.63471318393
 31
0.0
  0
LINE
  5
49A
330
496
100
AcDbEntity
  8
OLCU (BEYKENT)
 62
     0
440
 16777216
370
    -2
100
AcDbLine
 10
121968.422299438
 20
12453.45471318393
 30
0.0
 11
122003.422299438
 21
12453.45471318393
 31
0.0
  0
LINE
  5
49B
330
496
100
AcDbEntity
  8
OLCU (BEYKENT)
 62
     0
440
 16777216
370
    -2
100
AcDbLine
 10
122000.422299438
 20
12450.45471318393
 30
0.0
 11
122006.422299438
 21
12456.45471318393
 31
0.0
  0
LINE
  5
49C
330
496
100
AcDbEntity
  8
OLCU (BEYKENT)
 62
     0
440
 16777216
370
    -2
100
AcDbLine
 10
121965.422299438
 20
12450.45471318393
 30
0.0
 11
121971.422299438
 21
12456.45471318393
 31
0.0
  0
MTEXT
  5
49D
330
496
100
AcDbEntity
  8
OLCU (BEYKENT)
 62
     7
440
 16777216
370
    20
100
AcDbMText
 10
121985.922299438
 20
12461.57850960759
 30
0.0
 40
12.0
 41
0.0
 46
0.0
 71
     5
 72
     1
  1
\A1;35
  7
YAZI (BEYKENT)
 73
     1
 44
1.0
  0
POINT
  5
49E
330
496
100
AcDbEntity
  8
Defpoints
 62
     0
440
 16777216
100
AcDbPoint
 10
121968.422299438
 20
12433.45471318393
 30
0.0
  0
POINT
  5
49F
330
496
100
AcDbEntity
  8
Defpoints
 62
     0
440
 16777216
100
AcDbPoint
 10
122003.422299438
 20
12433.45471318393
 30
0.0
  0
POINT
  5
4A0
330
496
100
AcDbEntity
  8
Defpoints
 62
     0
440
 16777216
100
AcDbPoint
 10
122003.422299438
 20
12453.45471318393
 30
0.0
  0
ENDBLK
  5
4A1
330
496
100
AcDbEntity
  8
0
100
AcDbBlockEnd
  0
BLOCK
  5
4A3
330
4A2
100
AcDbEntity
  8
0
100
AcDbBlockBegin
  2
*D44
 70
     1
 10
0.0
 20
0.0
 30
0.0
  3
*D44
  1

  0
LINE
  5
4A4
330
4A2
100
AcDbEntity
  8
OLCU (BEYKENT)
 62
     0
440
 16777216
370
    -2
100
AcDbLine
 10
121953.422299438
 20
12436.45471318393
 30
0.0
 11
121953.422299438
 21
12473.63471318393
 31
0.0
  0
LINE
  5
4A5
330
4A2
100
AcDbEntity
  8
OLCU (BEYKENT)
 62
     0
440
 16777216
370
    -2
100
AcDbLine
 10
122003.422299438
 20
12436.45471318393
 30
0.0
 11
122003.422299438
 21
12473.63471318393
 31
0.0
  0
LINE
  5
4A6
330
4A2
100
AcDbEntity
  8
OLCU (BEYKENT)
 62
     0
440
 16777216
370
    -2
100
AcDbLine
 10
121953.422299438
 20
12473.45471318393
 30
0.0
 11
122003.422299438
 21
12473.45471318393
 31
0.0
  0
LINE
  5
4A7
330
4A2
100
AcDbEntity
  8
OLCU (BEYKENT)
 62
     0
440
 16777216
370
    -2
100
AcDbLine
 10
122000.422299438
 20
12470.45471318393
 30
0.0
 11
122006.422299438
 21
12476.45471318393
 31
0.0
  0
LINE
  5
4A8
330
4A2
100
AcDbEntity
  8
OLCU (BEYKENT)
 62
     0
440
 16777216
370
    -2
100
AcDbLine
 10
121950.422299438
 20
12470.45471318393
 30
0.0
 11
121956.422299438
 21
12476.45471318393
 31
0.0
  0
MTEXT
  5
4A9
330
4A2
100
AcDbEntity
  8
OLCU (BEYKENT)
 62
     7
440
 16777216
370
    20
100
AcDbMText
 10
121978.422299438
 20
12481.57850960759
 30
0.0
 40
12.0
 41
0.0
 46
0.0
 71
     5
 72
     1
  1
\A1;50
  7
YAZI (BEYKENT)
 73
     1
 44
1.0
  0
POINT
  5
4AA
330
4A2
100
AcDbEntity
  8
Defpoints
 62
     0
440
 16777216
100
AcDbPoint
 10
121953.422299438
 20
12433.45471318393
 30
0.0
  0
POINT
  5
4AB
330
4A2
100
AcDbEntity
  8
Defpoints
 62
     0
440
 16777216
100
AcDbPoint
 10
122003.422299438
 20
12433.45471318393
 30
0.0
  0
POINT
  5
4AC
330
4A2
100
AcDbEntity
  8
Defpoints
 62
     0
440
 16777216
100
AcDbPoint
 10
122003.422299438
 20
12473.45471318393
 30
0.0
  0
ENDBLK
  5
4AD
330
4A2
100
AcDbEntity
  8
0
100
AcDbBlockEnd
  0
BLOCK
  5
4AF
330
4AE
100
AcDbEntity
  8
0
100
AcDbBlockBegin
  2
*D45
 70
     1
 10
0.0
 20
0.0
 30
0.0
  3
*D45
  1

  0
LINE
  5
4B0
330
4AE
100
AcDbEntity
  8
OLCU (BEYKENT)
 62
     0
440
 16777216
370
    -2
100
AcDbLine
 10
121953.422299438
 20
13730.45471318393
 30
0.0
 11
121953.422299438
 21
13713.27471318393
 31
0.0
  0
LINE
  5
4B1
330
4AE
100
AcDbEntity
  8
OLCU (BEYKENT)
 62
     0
440
 16777216
370
    -2
100
AcDbLine
 10
121968.422299438
 20
13730.45471318393
 30
0.0
 11
121968.422299438
 21
13713.27471318393
 31
0.0
  0
LINE
  5
4B2
330
4AE
100
AcDbEntity
  8
OLCU (BEYKENT)
 62
     0
440
 16777216
370
    -2
100
AcDbLine
 10
121953.422299438
 20
13713.45471318393
 30
0.0
 11
121968.422299438
 21
13713.45471318393
 31
0.0
  0
LINE
  5
4B3
330
4AE
100
AcDbEntity
  8
OLCU (BEYKENT)
 62
     0
440
 16777216
370
    -2
100
AcDbLine
 10
121965.422299438
 20
13710.45471318393
 30
0.0
 11
121971.422299438
 21
13716.45471318393
 31
0.0
  0
LINE
  5
4B4
330
4AE
100
AcDbEntity
  8
OLCU (BEYKENT)
 62
     0
440
 16777216
370
    -2
100
AcDbLine
 10
121950.422299438
 20
13710.45471318393
 30
0.0
 11
121956.422299438
 21
13716.45471318393
 31
0.0
  0
MTEXT
  5
4B5
330
4AE
100
AcDbEntity
  8
OLCU (BEYKENT)
 62
     7
440
 16777216
370
    20
100
AcDbMText
 10
121960.922299438
 20
13721.51661139576
 30
0.0
 40
12.0
 41
0.0
 46
0.0
 71
     5
 72
     1
  1
\A1;15
  7
YAZI (BEYKENT)
 73
     1
 44
1.0
  0
POINT
  5
4B6
330
4AE
100
AcDbEntity
  8
Defpoints
 62
     0
440
 16777216
100
AcDbPoint
 10
121953.422299438
 20
13733.45471318393
 30
0.0
  0
POINT
  5
4B7
330
4AE
100
AcDbEntity
  8
Defpoints
 62
     0
440
 16777216
100
AcDbPoint
 10
121968.422299438
 20
13733.45471318393
 30
0.0
  0
POINT
  5
4B8
330
4AE
100
AcDbEntity
  8
Defpoints
 62
     0
440
 16777216
100
AcDbPoint
 10
121968.422299438
 20
13713.45471318393
 30
0.0
  0
ENDBLK
  5
4B9
330
4AE
100
AcDbEntity
  8
0
100
AcDbBlockEnd
  0
BLOCK
  5
4BB
330
4BA
100
AcDbEntity
  8
0
100
AcDbBlockBegin
  2
*D46
 70
     1
 10
0.0
 20
0.0
 30
0.0
  3
*D46
  1

  0
LINE
  5
4BC
330
4BA
100
AcDbEntity
  8
OLCU (BEYKENT)
 62
     0
440
 16777216
370
    -2
100
AcDbLine
 10
121953.422299438
 20
14005.45471318393
 30
0.0
 11
121953.422299438
 21
13988.27471318393
 31
0.0
  0
LINE
  5
4BD
330
4BA
100
AcDbEntity
  8
OLCU (BEYKENT)
 62
     0
440
 16777216
370
    -2
100
AcDbLine
 10
121968.422299438
 20
14005.45471318393
 30
0.0
 11
121968.422299438
 21
13988.27471318393
 31
0.0
  0
LINE
  5
4BE
330
4BA
100
AcDbEntity
  8
OLCU (BEYKENT)
 62
     0
440
 16777216
370
    -2
100
AcDbLine
 10
121953.422299438
 20
13988.45471318393
 30
0.0
 11
121968.422299438
 21
13988.45471318393
 31
0.0
  0
LINE
  5
4BF
330
4BA
100
AcDbEntity
  8
OLCU (BEYKENT)
 62
     0
440
 16777216
370
    -2
100
AcDbLine
 10
121965.422299438
 20
13985.45471318393
 30
0.0
 11
121971.422299438
 21
13991.45471318393
 31
0.0
  0
LINE
  5
4C0
330
4BA
100
AcDbEntity
  8
OLCU (BEYKENT)
 62
     0
440
 16777216
370
    -2
100
AcDbLine
 10
121950.422299438
 20
13985.45471318393
 30
0.0
 11
121956.422299438
 21
13991.45471318393
 31
0.0
  0
MTEXT
  5
4C1
330
4BA
100
AcDbEntity
  8
OLCU (BEYKENT)
 62
     7
440
 16777216
370
    20
100
AcDbMText
 10
121960.922299438
 20
13996.51661139576
 30
0.0
 40
12.0
 41
0.0
 46
0.0
 71
     5
 72
     1
  1
\A1;15
  7
YAZI (BEYKENT)
 73
     1
 44
1.0
  0
POINT
  5
4C2
330
4BA
100
AcDbEntity
  8
Defpoints
 62
     0
440
 16777216
100
AcDbPoint
 10
121953.422299438
 20
14008.45471318393
 30
0.0
  0
POINT
  5
4C3
330
4BA
100
AcDbEntity
  8
Defpoints
 62
     0
440
 16777216
100
AcDbPoint
 10
121968.422299438
 20
14008.45471318393
 30
0.0
  0
POINT
  5
4C4
330
4BA
100
AcDbEntity
  8
Defpoints
 62
     0
440
 16777216
100
AcDbPoint
 10
121968.422299438
 20
13988.45471318393
 30
0.0
  0
ENDBLK
  5
4C5
330
4BA
100
AcDbEntity
  8
0
100
AcDbBlockEnd
  0
BLOCK
  5
4C7
330
4C6
100
AcDbEntity
  8
0
100
AcDbBlockBegin
  2
*D47
 70
     1
 10
0.0
 20
0.0
 30
0.0
  3
*D47
  1

  0
LINE
  5
4C8
330
4C6
100
AcDbEntity
  8
OLCU (BEYKENT)
 62
     0
440
 16777216
370
    -2
100
AcDbLine
 10
121953.422299438
 20
13332.95476318393
 30
0.0
 11
121953.422299438
 21
13315.77476318393
 31
0.0
  0
LINE
  5
4C9
330
4C6
100
AcDbEntity
  8
OLCU (BEYKENT)
 62
     0
440
 16777216
370
    -2
100
AcDbLine
 10
121968.422299438
 20
13332.95476318393
 30
0.0
 11
121968.422299438
 21
13315.77476318393
 31
0.0
  0
LINE
  5
4CA
330
4C6
100
AcDbEntity
  8
OLCU (BEYKENT)
 62
     0
440
 16777216
370
    -2
100
AcDbLine
 10
121953.422299438
 20
13315.95476318393
 30
0.0
 11
121968.422299438
 21
13315.95476318393
 31
0.0
  0
LINE
  5
4CB
330
4C6
100
AcDbEntity
  8
OLCU (BEYKENT)
 62
     0
440
 16777216
370
    -2
100
AcDbLine
 10
121965.422299438
 20
13312.95476318393
 30
0.0
 11
121971.422299438
 21
13318.95476318393
 31
0.0
  0
LINE
  5
4CC
330
4C6
100
AcDbEntity
  8
OLCU (BEYKENT)
 62
     0
440
 16777216
370
    -2
100
AcDbLine
 10
121950.422299438
 20
13312.95476318393
 30
0.0
 11
121956.422299438
 21
13318.95476318393
 31
0.0
  0
MTEXT
  5
4CD
330
4C6
100
AcDbEntity
  8
OLCU (BEYKENT)
 62
     7
440
 16777216
370
    20
100
AcDbMText
 10
121960.922299438
 20
13324.01666139576
 30
0.0
 40
12.0
 41
0.0
 46
0.0
 71
     5
 72
     1
  1
\A1;15
  7
YAZI (BEYKENT)
 73
     1
 44
1.0
  0
POINT
  5
4CE
330
4C6
100
AcDbEntity
  8
Defpoints
 62
     0
440
 16777216
100
AcDbPoint
 10
121953.422299438
 20
13335.95476318393
 30
0.0
  0
POINT
  5
4CF
330
4C6
100
AcDbEntity
  8
Defpoints
 62
     0
440
 16777216
100
AcDbPoint
 10
121968.422299438
 20
13335.95476318393
 30
0.0
  0
POINT
  5
4D0
330
4C6
100
AcDbEntity
  8
Defpoints
 62
     0
440
 16777216
100
AcDbPoint
 10
121968.422299438
 20
13315.95476318393
 30
0.0
  0
ENDBLK
  5
4D1
330
4C6
100
AcDbEntity
  8
0
100
AcDbBlockEnd
  0
BLOCK
  5
4D3
330
4D2
100
AcDbEntity
  8
0
100
AcDbBlockBegin
  2
*D48
 70
     1
 10
0.0
 20
0.0
 30
0.0
  3
*D48
  1

  0
LINE
  5
4D4
330
4D2
100
AcDbEntity
  8
OLCU (BEYKENT)
 62
     0
440
 16777216
370
    -2
100
AcDbLine
 10
121953.422299438
 20
13042.95476318393
 30
0.0
 11
121953.422299438
 21
13025.77476318393
 31
0.0
  0
LINE
  5
4D5
330
4D2
100
AcDbEntity
  8
OLCU (BEYKENT)
 62
     0
440
 16777216
370
    -2
100
AcDbLine
 10
121968.422299438
 20
13042.95476318393
 30
0.0
 11
121968.422299438
 21
13025.77476318393
 31
0.0
  0
LINE
  5
4D6
330
4D2
100
AcDbEntity
  8
OLCU (BEYKENT)
 62
     0
440
 16777216
370
    -2
100
AcDbLine
 10
121953.422299438
 20
13025.95476318393
 30
0.0
 11
121968.422299438
 21
13025.95476318393
 31
0.0
  0
LINE
  5
4D7
330
4D2
100
AcDbEntity
  8
OLCU (BEYKENT)
 62
     0
440
 16777216
370
    -2
100
AcDbLine
 10
121965.422299438
 20
13022.95476318393
 30
0.0
 11
121971.422299438
 21
13028.95476318393
 31
0.0
  0
LINE
  5
4D8
330
4D2
100
AcDbEntity
  8
OLCU (BEYKENT)
 62
     0
440
 16777216
370
    -2
100
AcDbLine
 10
121950.422299438
 20
13022.95476318393
 30
0.0
 11
121956.422299438
 21
13028.95476318393
 31
0.0
  0
MTEXT
  5
4D9
330
4D2
100
AcDbEntity
  8
OLCU (BEYKENT)
 62
     7
440
 16777216
370
    20
100
AcDbMText
 10
121960.922299438
 20
13034.01666139576
 30
0.0
 40
12.0
 41
0.0
 46
0.0
 71
     5
 72
     1
  1
\A1;15
  7
YAZI (BEYKENT)
 73
     1
 44
1.0
  0
POINT
  5
4DA
330
4D2
100
AcDbEntity
  8
Defpoints
 62
     0
440
 16777216
100
AcDbPoint
 10
121953.422299438
 20
13045.95476318393
 30
0.0
  0
POINT
  5
4DB
330
4D2
100
AcDbEntity
  8
Defpoints
 62
     0
440
 16777216
100
AcDbPoint
 10
121968.422299438
 20
13045.95476318393
 30
0.0
  0
POINT
  5
4DC
330
4D2
100
AcDbEntity
  8
Defpoints
 62
     0
440
 16777216
100
AcDbPoint
 10
121968.422299438
 20
13025.95476318393
 30
0.0
  0
ENDBLK
  5
4DD
330
4D2
100
AcDbEntity
  8
0
100
AcDbBlockEnd
  0
BLOCK
  5
4DF
330
4DE
100
AcDbEntity
  8
0
100
AcDbBlockBegin
  2
*D49
 70
     1
 10
0.0
 20
0.0
 30
0.0
  3
*D49
  1

  0
LINE
  5
4E0
330
4DE
100
AcDbEntity
  8
OLCU (BEYKENT)
 62
     0
440
 16777216
370
    -2
100
AcDbLine
 10
121953.422299438
 20
12650.45471318393
 30
0.0
 11
121953.422299438
 21
12633.27471318393
 31
0.0
  0
LINE
  5
4E1
330
4DE
100
AcDbEntity
  8
OLCU (BEYKENT)
 62
     0
440
 16777216
370
    -2
100
AcDbLine
 10
121968.422299438
 20
12650.45471318393
 30
0.0
 11
121968.422299438
 21
12633.27471318393
 31
0.0
  0
LINE
  5
4E2
330
4DE
100
AcDbEntity
  8
OLCU (BEYKENT)
 62
     0
440
 16777216
370
    -2
100
AcDbLine
 10
121953.422299438
 20
12633.45471318393
 30
0.0
 11
121968.422299438
 21
12633.45471318393
 31
0.0
  0
LINE
  5
4E3
330
4DE
100
AcDbEntity
  8
OLCU (BEYKENT)
 62
     0
440
 16777216
370
    -2
100
AcDbLine
 10
121965.422299438
 20
12630.45471318393
 30
0.0
 11
121971.422299438
 21
12636.45471318393
 31
0.0
  0
LINE
  5
4E4
330
4DE
100
AcDbEntity
  8
OLCU (BEYKENT)
 62
     0
440
 16777216
370
    -2
100
AcDbLine
 10
121950.422299438
 20
12630.45471318393
 30
0.0
 11
121956.422299438
 21
12636.45471318393
 31
0.0
  0
MTEXT
  5
4E5
330
4DE
100
AcDbEntity
  8
OLCU (BEYKENT)
 62
     7
440
 16777216
370
    20
100
AcDbMText
 10
121960.922299438
 20
12641.51661139576
 30
0.0
 40
12.0
 41
0.0
 46
0.0
 71
     5
 72
     1
  1
\A1;15
  7
YAZI (BEYKENT)
 73
     1
 44
1.0
  0
POINT
  5
4E6
330
4DE
100
AcDbEntity
  8
Defpoints
 62
     0
440
 16777216
100
AcDbPoint
 10
121953.422299438
 20
12653.45471318393
 30
0.0
  0
POINT
  5
4E7
330
4DE
100
AcDbEntity
  8
Defpoints
 62
     0
440
 16777216
100
AcDbPoint
 10
121968.422299438
 20
12653.45471318393
 30
0.0
  0
POINT
  5
4E8
330
4DE
100
AcDbEntity
  8
Defpoints
 62
     0
440
 16777216
100
AcDbPoint
 10
121968.422299438
 20
12633.45471318393
 30
0.0
  0
ENDBLK
  5
4E9
330
4DE
100
AcDbEntity
  8
0
100
AcDbBlockEnd
  0
BLOCK
  5
4EB
330
4EA
100
AcDbEntity
  8
0
100
AcDbBlockBegin
  2
*D50
 70
     1
 10
0.0
 20
0.0
 30
0.0
  3
*D50
  1

  0
LINE
  5
4EC
330
4EA
100
AcDbEntity
  8
OLCU (BEYKENT)
 62
     0
440
 16777216
370
    -2
100
AcDbLine
 10
121953.422299438
 20
12375.45471318393
 30
0.0
 11
121953.422299438
 21
12358.27471318393
 31
0.0
  0
LINE
  5
4ED
330
4EA
100
AcDbEntity
  8
OLCU (BEYKENT)
 62
     0
440
 16777216
370
    -2
100
AcDbLine
 10
121968.422299438
 20
12375.45471318393
 30
0.0
 11
121968.422299438
 21
12358.27471318393
 31
0.0
  0
LINE
  5
4EE
330
4EA
100
AcDbEntity
  8
OLCU (BEYKENT)
 62
     0
440
 16777216
370
    -2
100
AcDbLine
 10
121953.422299438
 20
12358.45471318393
 30
0.0
 11
121968.422299438
 21
12358.45471318393
 31
0.0
  0
LINE
  5
4EF
330
4EA
100
AcDbEntity
  8
OLCU (BEYKENT)
 62
     0
440
 16777216
370
    -2
100
AcDbLine
 10
121965.422299438
 20
12355.45471318393
 30
0.0
 11
121971.422299438
 21
12361.45471318393
 31
0.0
  0
LINE
  5
4F0
330
4EA
100
AcDbEntity
  8
OLCU (BEYKENT)
 62
     0
440
 16777216
370
    -2
100
AcDbLine
 10
121950.422299438
 20
12355.45471318393
 30
0.0
 11
121956.422299438
 21
12361.45471318393
 31
0.0
  0
MTEXT
  5
4F1
330
4EA
100
AcDbEntity
  8
OLCU (BEYKENT)
 62
     7
440
 16777216
370
    20
100
AcDbMText
 10
121960.922299438
 20
12366.51661139576
 30
0.0
 40
12.0
 41
0.0
 46
0.0
 71
     5
 72
     1
  1
\A1;15
  7
YAZI (BEYKENT)
 73
     1
 44
1.0
  0
POINT
  5
4F2
330
4EA
100
AcDbEntity
  8
Defpoints
 62
     0
440
 16777216
100
AcDbPoint
 10
121953.422299438
 20
12378.45471318393
 30
0.0
  0
POINT
  5
4F3
330
4EA
100
AcDbEntity
  8
Defpoints
 62
     0
440
 16777216
100
AcDbPoint
 10
121968.422299438
 20
12378.45471318393
 30
0.0
  0
POINT
  5
4F4
330
4EA
100
AcDbEntity
  8
Defpoints
 62
     0
440
 16777216
100
AcDbPoint
 10
121968.422299438
 20
12358.45471318393
 30
0.0
  0
ENDBLK
  5
4F5
330
4EA
100
AcDbEntity
  8
0
100
AcDbBlockEnd
  0
BLOCK
  5
4F7
330
4F6
100
AcDbEntity
  8
0
100
AcDbBlockBegin
  2
*D51
 70
     1
 10
0.0
 20
0.0
 30
0.0
  3
*D51
  1

  0
LINE
  5
4F8
330
4F6
100
AcDbEntity
  8
AKS OLCU (BEYKENT)
 62
     0
440
 16777216
370
    -2
100
AcDbLine
 10
122393.422197769
 20
14200.27814436574
 30
0.0
 11
122393.422197769
 21
14197.45814436574
 31
0.0
  0
LINE
  5
4F9
330
4F6
100
AcDbEntity
  8
AKS OLCU (BEYKENT)
 62
     0
440
 16777216
370
    -2
100
AcDbLine
 10
124823.422197769
 20
14200.27814436574
 30
0.0
 11
124823.422197769
 21
14197.45814436574
 31
0.0
  0
LINE
  5
4FA
330
4F6
100
AcDbEntity
  8
AKS OLCU (BEYKENT)
 62
     0
440
 16777216
370
    -2
100
AcDbLine
 10
122393.422197769
 20
14197.27814436574
 30
0.0
 11
124823.422197769
 21
14197.27814436574
 31
0.0
  0
LINE
  5
4FB
330
4F6
100
AcDbEntity
  8
AKS OLCU (BEYKENT)
 62
     0
440
 16777216
370
    -2
100
AcDbLine
 10
124820.422197769
 20
14194.27814436574
 30
0.0
 11
124826.422197769
 21
14200.27814436574
 31
0.0
  0
LINE
  5
4FC
330
4F6
100
AcDbEntity
  8
AKS OLCU (BEYKENT)
 62
     0
440
 16777216
370
    -2
100
AcDbLine
 10
122390.422197769
 20
14194.27814436574
 30
0.0
 11
122396.422197769
 21
14200.27814436574
 31
0.0
  0
MTEXT
  5
4FD
330
4F6
100
AcDbEntity
  8
AKS OLCU (BEYKENT)
 62
     7
440
 16777216
100
AcDbMText
 10
123608.422197769
 20
14205.4019407894
 30
0.0
 40
12.0
 41
0.0
 46
0.0
 71
     5
 72
     1
  1
\A1;2430
  7
YAZI (BEYKENT)
 73
     1
 44
1.0
  0
POINT
  5
4FE
330
4F6
100
AcDbEntity
  8
Defpoints
 62
     0
440
 16777216
100
AcDbPoint
 10
122393.422197769
 20
14197.27814436574
 30
0.0
  0
POINT
  5
4FF
330
4F6
100
AcDbEntity
  8
Defpoints
 62
     0
440
 16777216
100
AcDbPoint
 10
124823.422197769
 20
14197.27814436574
 30
0.0
  0
POINT
  5
500
330
4F6
100
AcDbEntity
  8
Defpoints
 62
     0
440
 16777216
100
AcDbPoint
 10
124823.422197769
 20
14197.27814436574
 30
0.0
  0
ENDBLK
  5
501
330
4F6
100
AcDbEntity
  8
0
100
AcDbBlockEnd
  0
BLOCK
  5
503
330
502
100
AcDbEntity
  8
0
100
AcDbBlockBegin
  2
*D52
 70
     1
 10
0.0
 20
0.0
 30
0.0
  3
*D52
  1

  0
LINE
  5
504
330
502
100
AcDbEntity
  8
AKS OLCU (BEYKENT)
 62
     0
440
 16777216
370
    -2
100
AcDbLine
 10
122393.422197769
 20
14180.27814436574
 30
0.0
 11
122393.422197769
 21
14177.45814437215
 31
0.0
  0
LINE
  5
505
330
502
100
AcDbEntity
  8
AKS OLCU (BEYKENT)
 62
     0
440
 16777216
370
    -2
100
AcDbLine
 10
122688.4221977754
 20
14180.27814437214
 30
0.0
 11
122688.4221977754
 21
14177.45814437215
 31
0.0
  0
LINE
  5
506
330
502
100
AcDbEntity
  8
AKS OLCU (BEYKENT)
 62
     0
440
 16777216
370
    -2
100
AcDbLine
 10
122393.422197769
 20
14177.27814437214
 30
0.0
 11
122688.4221977754
 21
14177.27814437214
 31
0.0
  0
LINE
  5
507
330
502
100
AcDbEntity
  8
AKS OLCU (BEYKENT)
 62
     0
440
 16777216
370
    -2
100
AcDbLine
 10
122685.4221977754
 20
14174.27814437214
 30
0.0
 11
122691.4221977754
 21
14180.27814437214
 31
0.0
  0
LINE
  5
508
330
502
100
AcDbEntity
  8
AKS OLCU (BEYKENT)
 62
     0
440
 16777216
370
    -2
100
AcDbLine
 10
122390.422197769
 20
14174.27814437214
 30
0.0
 11
122396.422197769
 21
14180.27814437214
 31
0.0
  0
MTEXT
  5
509
330
502
100
AcDbEntity
  8
AKS OLCU (BEYKENT)
 62
     7
440
 16777216
100
AcDbMText
 10
122540.9221977722
 20
14185.4019407958
 30
0.0
 40
12.0
 41
0.0
 46
0.0
 71
     5
 72
     1
  1
\A1;295
  7
YAZI (BEYKENT)
 73
     1
 44
1.0
  0
POINT
  5
50A
330
502
100
AcDbEntity
  8
Defpoints
 62
     0
440
 16777216
100
AcDbPoint
 10
122393.422197769
 20
14177.27814436574
 30
0.0
  0
POINT
  5
50B
330
502
100
AcDbEntity
  8
Defpoints
 62
     0
440
 16777216
100
AcDbPoint
 10
122688.4221977754
 20
14177.27814437214
 30
0.0
  0
POINT
  5
50C
330
502
100
AcDbEntity
  8
Defpoints
 62
     0
440
 16777216
100
AcDbPoint
 10
122688.4221977754
 20
14177.27814437214
 30
0.0
  0
ENDBLK
  5
50D
330
502
100
AcDbEntity
  8
0
100
AcDbBlockEnd
  0
BLOCK
  5
50F
330
50E
100
AcDbEntity
  8
0
100
AcDbBlockBegin
  2
*D53
 70
     1
 10
0.0
 20
0.0
 30
0.0
  3
*D53
  1

  0
LINE
  5
510
330
50E
100
AcDbEntity
  8
AKS OLCU (BEYKENT)
 62
     0
440
 16777216
370
    -2
100
AcDbLine
 10
122688.422197769
 20
14180.27814436574
 30
0.0
 11
122688.422197769
 21
14177.45814436574
 31
0.0
  0
LINE
  5
511
330
50E
100
AcDbEntity
  8
AKS OLCU (BEYKENT)
 62
     0
440
 16777216
370
    -2
100
AcDbLine
 10
123048.422297769
 20
14180.27814436574
 30
0.0
 11
123048.422297769
 21
14177.45814436574
 31
0.0
  0
LINE
  5
512
330
50E
100
AcDbEntity
  8
AKS OLCU (BEYKENT)
 62
     0
440
 16777216
370
    -2
100
AcDbLine
 10
122688.422197769
 20
14177.27814436574
 30
0.0
 11
123048.422297769
 21
14177.27814436574
 31
0.0
  0
LINE
  5
513
330
50E
100
AcDbEntity
  8
AKS OLCU (BEYKENT)
 62
     0
440
 16777216
370
    -2
100
AcDbLine
 10
123045.422297769
 20
14174.27814436574
 30
0.0
 11
123051.422297769
 21
14180.27814436574
 31
0.0
  0
LINE
  5
514
330
50E
100
AcDbEntity
  8
AKS OLCU (BEYKENT)
 62
     0
440
 16777216
370
    -2
100
AcDbLine
 10
122685.422197769
 20
14174.27814436574
 30
0.0
 11
122691.422197769
 21
14180.27814436574
 31
0.0
  0
MTEXT
  5
515
330
50E
100
AcDbEntity
  8
AKS OLCU (BEYKENT)
 62
     7
440
 16777216
100
AcDbMText
 10
122868.422247769
 20
14185.4019407894
 30
0.0
 40
12.0
 41
0.0
 46
0.0
 71
     5
 72
     1
  1
\A1;360
  7
YAZI (BEYKENT)
 73
     1
 44
1.0
  0
POINT
  5
516
330
50E
100
AcDbEntity
  8
Defpoints
 62
     0
440
 16777216
100
AcDbPoint
 10
122688.422197769
 20
14177.27814436574
 30
0.0
  0
POINT
  5
517
330
50E
100
AcDbEntity
  8
Defpoints
 62
     0
440
 16777216
100
AcDbPoint
 10
123048.422297769
 20
14177.27814436574
 30
0.0
  0
POINT
  5
518
330
50E
100
AcDbEntity
  8
Defpoints
 62
     0
440
 16777216
100
AcDbPoint
 10
123048.422297769
 20
14177.27814436574
 30
0.0
  0
ENDBLK
  5
519
330
50E
100
AcDbEntity
  8
0
100
AcDbBlockEnd
  0
BLOCK
  5
51B
330
51A
100
AcDbEntity
  8
0
100
AcDbBlockBegin
  2
*D54
 70
     1
 10
0.0
 20
0.0
 30
0.0
  3
*D54
  1

  0
LINE
  5
51C
330
51A
100
AcDbEntity
  8
AKS OLCU (BEYKENT)
 62
     0
440
 16777216
370
    -2
100
AcDbLine
 10
123048.422297769
 20
14180.27814436574
 30
0.0
 11
123048.422297769
 21
14177.45814436574
 31
0.0
  0
LINE
  5
51D
330
51A
100
AcDbEntity
  8
AKS OLCU (BEYKENT)
 62
     0
440
 16777216
370
    -2
100
AcDbLine
 10
123203.422197769
 20
14180.27814436574
 30
0.0
 11
123203.422197769
 21
14177.45814436574
 31
0.0
  0
LINE
  5
51E
330
51A
100
AcDbEntity
  8
AKS OLCU (BEYKENT)
 62
     0
440
 16777216
370
    -2
100
AcDbLine
 10
123048.422297769
 20
14177.27814436574
 30
0.0
 11
123203.422197769
 21
14177.27814436574
 31
0.0
  0
LINE
  5
51F
330
51A
100
AcDbEntity
  8
AKS OLCU (BEYKENT)
 62
     0
440
 16777216
370
    -2
100
AcDbLine
 10
123200.422197769
 20
14174.27814436574
 30
0.0
 11
123206.422197769
 21
14180.27814436574
 31
0.0
  0
LINE
  5
520
330
51A
100
AcDbEntity
  8
AKS OLCU (BEYKENT)
 62
     0
440
 16777216
370
    -2
100
AcDbLine
 10
123045.422297769
 20
14174.27814436574
 30
0.0
 11
123051.422297769
 21
14180.27814436574
 31
0.0
  0
MTEXT
  5
521
330
51A
100
AcDbEntity
  8
AKS OLCU (BEYKENT)
 62
     7
440
 16777216
100
AcDbMText
 10
123125.922247769
 20
14185.34004257757
 30
0.0
 40
12.0
 41
0.0
 46
0.0
 71
     5
 72
     1
  1
\A1;155
  7
YAZI (BEYKENT)
 73
     1
 44
1.0
  0
POINT
  5
522
330
51A
100
AcDbEntity
  8
Defpoints
 62
     0
440
 16777216
100
AcDbPoint
 10
123048.422297769
 20
14177.27814436574
 30
0.0
  0
POINT
  5
523
330
51A
100
AcDbEntity
  8
Defpoints
 62
     0
440
 16777216
100
AcDbPoint
 10
123203.422197769
 20
14177.27814436574
 30
0.0
  0
POINT
  5
524
330
51A
100
AcDbEntity
  8
Defpoints
 62
     0
440
 16777216
100
AcDbPoint
 10
123203.422197769
 20
14177.27814436574
 30
0.0
  0
ENDBLK
  5
525
330
51A
100
AcDbEntity
  8
0
100
AcDbBlockEnd
  0
BLOCK
  5
527
330
526
100
AcDbEntity
  8
0
100
AcDbBlockBegin
  2
*D55
 70
     1
 10
0.0
 20
0.0
 30
0.0
  3
*D55
  1

  0
LINE
  5
528
330
526
100
AcDbEntity
  8
AKS OLCU (BEYKENT)
 62
     0
440
 16777216
370
    -2
100
AcDbLine
 10
123203.422197769
 20
14180.27814436574
 30
0.0
 11
123203.422197769
 21
14177.45814436574
 31
0.0
  0
LINE
  5
529
330
526
100
AcDbEntity
  8
AKS OLCU (BEYKENT)
 62
     0
440
 16777216
370
    -2
100
AcDbLine
 10
123618.422197769
 20
14180.27814436574
 30
0.0
 11
123618.422197769
 21
14177.45814436574
 31
0.0
  0
LINE
  5
52A
330
526
100
AcDbEntity
  8
AKS OLCU (BEYKENT)
 62
     0
440
 16777216
370
    -2
100
AcDbLine
 10
123203.422197769
 20
14177.27814436574
 30
0.0
 11
123618.422197769
 21
14177.27814436574
 31
0.0
  0
LINE
  5
52B
330
526
100
AcDbEntity
  8
AKS OLCU (BEYKENT)
 62
     0
440
 16777216
370
    -2
100
AcDbLine
 10
123615.422197769
 20
14174.27814436574
 30
0.0
 11
123621.422197769
 21
14180.27814436574
 31
0.0
  0
LINE
  5
52C
330
526
100
AcDbEntity
  8
AKS OLCU (BEYKENT)
 62
     0
440
 16777216
370
    -2
100
AcDbLine
 10
123200.422197769
 20
14174.27814436574
 30
0.0
 11
123206.422197769
 21
14180.27814436574
 31
0.0
  0
MTEXT
  5
52D
330
526
100
AcDbEntity
  8
AKS OLCU (BEYKENT)
 62
     7
440
 16777216
100
AcDbMText
 10
123410.922197769
 20
14185.34004257757
 30
0.0
 40
12.0
 41
0.0
 46
0.0
 71
     5
 72
     1
  1
\A1;415
  7
YAZI (BEYKENT)
 73
     1
 44
1.0
  0
POINT
  5
52E
330
526
100
AcDbEntity
  8
Defpoints
 62
     0
440
 16777216
100
AcDbPoint
 10
123203.422197769
 20
14177.27814436574
 30
0.0
  0
POINT
  5
52F
330
526
100
AcDbEntity
  8
Defpoints
 62
     0
440
 16777216
100
AcDbPoint
 10
123618.422197769
 20
14177.27814436574
 30
0.0
  0
POINT
  5
530
330
526
100
AcDbEntity
  8
Defpoints
 62
     0
440
 16777216
100
AcDbPoint
 10
123618.422197769
 20
14177.27814436574
 30
0.0
  0
ENDBLK
  5
531
330
526
100
AcDbEntity
  8
0
100
AcDbBlockEnd
  0
BLOCK
  5
533
330
532
100
AcDbEntity
  8
0
100
AcDbBlockBegin
  2
*D56
 70
     1
 10
0.0
 20
0.0
 30
0.0
  3
*D56
  1

  0
LINE
  5
534
330
532
100
AcDbEntity
  8
AKS OLCU (BEYKENT)
 62
     0
440
 16777216
370
    -2
100
AcDbLine
 10
123618.422197769
 20
14180.27814436574
 30
0.0
 11
123618.422197769
 21
14177.45814436574
 31
0.0
  0
LINE
  5
535
330
532
100
AcDbEntity
  8
AKS OLCU (BEYKENT)
 62
     0
440
 16777216
370
    -2
100
AcDbLine
 10
123868.422197769
 20
14180.27814436574
 30
0.0
 11
123868.422197769
 21
14177.45814436574
 31
0.0
  0
LINE
  5
536
330
532
100
AcDbEntity
  8
AKS OLCU (BEYKENT)
 62
     0
440
 16777216
370
    -2
100
AcDbLine
 10
123618.422197769
 20
14177.27814436574
 30
0.0
 11
123868.422197769
 21
14177.27814436574
 31
0.0
  0
LINE
  5
537
330
532
100
AcDbEntity
  8
AKS OLCU (BEYKENT)
 62
     0
440
 16777216
370
    -2
100
AcDbLine
 10
123865.422197769
 20
14174.27814436574
 30
0.0
 11
123871.422197769
 21
14180.27814436574
 31
0.0
  0
LINE
  5
538
330
532
100
AcDbEntity
  8
AKS OLCU (BEYKENT)
 62
     0
440
 16777216
370
    -2
100
AcDbLine
 10
123615.422197769
 20
14174.27814436574
 30
0.0
 11
123621.422197769
 21
14180.27814436574
 31
0.0
  0
MTEXT
  5
539
330
532
100
AcDbEntity
  8
AKS OLCU (BEYKENT)
 62
     7
440
 16777216
100
AcDbMText
 10
123743.422197769
 20
14185.4019407894
 30
0.0
 40
12.0
 41
0.0
 46
0.0
 71
     5
 72
     1
  1
\A1;250
  7
YAZI (BEYKENT)
 73
     1
 44
1.0
  0
POINT
  5
53A
330
532
100
AcDbEntity
  8
Defpoints
 62
     0
440
 16777216
100
AcDbPoint
 10
123618.422197769
 20
14177.27814436574
 30
0.0
  0
POINT
  5
53B
330
532
100
AcDbEntity
  8
Defpoints
 62
     0
440
 16777216
100
AcDbPoint
 10
123868.422197769
 20
14177.27814436574
 30
0.0
  0
POINT
  5
53C
330
532
100
AcDbEntity
  8
Defpoints
 62
     0
440
 16777216
100
AcDbPoint
 10
123868.422197769
 20
14177.27814436574
 30
0.0
  0
ENDBLK
  5
53D
330
532
100
AcDbEntity
  8
0
100
AcDbBlockEnd
  0
BLOCK
  5
53F
330
53E
100
AcDbEntity
  8
0
100
AcDbBlockBegin
  2
*D57
 70
     1
 10
0.0
 20
0.0
 30
0.0
  3
*D57
  1

  0
LINE
  5
540
330
53E
100
AcDbEntity
  8
AKS OLCU (BEYKENT)
 62
     0
440
 16777216
370
    -2
100
AcDbLine
 10
123868.422197769
 20
14180.27814436574
 30
0.0
 11
123868.422197769
 21
14177.45814436574
 31
0.0
  0
LINE
  5
541
330
53E
100
AcDbEntity
  8
AKS OLCU (BEYKENT)
 62
     0
440
 16777216
370
    -2
100
AcDbLine
 10
124013.422197769
 20
14180.27814436574
 30
0.0
 11
124013.422197769
 21
14177.45814436574
 31
0.0
  0
LINE
  5
542
330
53E
100
AcDbEntity
  8
AKS OLCU (BEYKENT)
 62
     0
440
 16777216
370
    -2
100
AcDbLine
 10
123868.422197769
 20
14177.27814436574
 30
0.0
 11
124013.422197769
 21
14177.27814436574
 31
0.0
  0
LINE
  5
543
330
53E
100
AcDbEntity
  8
AKS OLCU (BEYKENT)
 62
     0
440
 16777216
370
    -2
100
AcDbLine
 10
124010.422197769
 20
14174.27814436574
 30
0.0
 11
124016.422197769
 21
14180.27814436574
 31
0.0
  0
LINE
  5
544
330
53E
100
AcDbEntity
  8
AKS OLCU (BEYKENT)
 62
     0
440
 16777216
370
    -2
100
AcDbLine
 10
123865.422197769
 20
14174.27814436574
 30
0.0
 11
123871.422197769
 21
14180.27814436574
 31
0.0
  0
MTEXT
  5
545
330
53E
100
AcDbEntity
  8
AKS OLCU (BEYKENT)
 62
     7
440
 16777216
100
AcDbMText
 10
123940.922197769
 20
14185.34004257757
 30
0.0
 40
12.0
 41
0.0
 46
0.0
 71
     5
 72
     1
  1
\A1;145
  7
YAZI (BEYKENT)
 73
     1
 44
1.0
  0
POINT
  5
546
330
53E
100
AcDbEntity
  8
Defpoints
 62
     0
440
 16777216
100
AcDbPoint
 10
123868.422197769
 20
14177.27814436574
 30
0.0
  0
POINT
  5
547
330
53E
100
AcDbEntity
  8
Defpoints
 62
     0
440
 16777216
100
AcDbPoint
 10
124013.422197769
 20
14177.27814436574
 30
0.0
  0
POINT
  5
548
330
53E
100
AcDbEntity
  8
Defpoints
 62
     0
440
 16777216
100
AcDbPoint
 10
124013.422197769
 20
14177.27814436574
 30
0.0
  0
ENDBLK
  5
549
330
53E
100
AcDbEntity
  8
0
100
AcDbBlockEnd
  0
BLOCK
  5
54B
330
54A
100
AcDbEntity
  8
0
100
AcDbBlockBegin
  2
*D58
 70
     1
 10
0.0
 20
0.0
 30
0.0
  3
*D58
  1

  0
LINE
  5
54C
330
54A
100
AcDbEntity
  8
AKS OLCU (BEYKENT)
 62
     0
440
 16777216
370
    -2
100
AcDbLine
 10
124013.422197769
 20
14180.27814436574
 30
0.0
 11
124013.422197769
 21
14177.45814436574
 31
0.0
  0
LINE
  5
54D
330
54A
100
AcDbEntity
  8
AKS OLCU (BEYKENT)
 62
     0
440
 16777216
370
    -2
100
AcDbLine
 10
124118.422197769
 20
14180.27814436574
 30
0.0
 11
124118.422197769
 21
14177.45814436574
 31
0.0
  0
LINE
  5
54E
330
54A
100
AcDbEntity
  8
AKS OLCU (BEYKENT)
 62
     0
440
 16777216
370
    -2
100
AcDbLine
 10
124013.422197769
 20
14177.27814436574
 30
0.0
 11
124118.422197769
 21
14177.27814436574
 31
0.0
  0
LINE
  5
54F
330
54A
100
AcDbEntity
  8
AKS OLCU (BEYKENT)
 62
     0
440
 16777216
370
    -2
100
AcDbLine
 10
124115.422197769
 20
14174.27814436574
 30
0.0
 11
124121.422197769
 21
14180.27814436574
 31
0.0
  0
LINE
  5
550
330
54A
100
AcDbEntity
  8
AKS OLCU (BEYKENT)
 62
     0
440
 16777216
370
    -2
100
AcDbLine
 10
124010.422197769
 20
14174.27814436574
 30
0.0
 11
124016.422197769
 21
14180.27814436574
 31
0.0
  0
MTEXT
  5
551
330
54A
100
AcDbEntity
  8
AKS OLCU (BEYKENT)
 62
     7
440
 16777216
100
AcDbMText
 10
124065.922197769
 20
14185.4019407894
 30
0.0
 40
12.0
 41
0.0
 46
0.0
 71
     5
 72
     1
  1
\A1;105
  7
YAZI (BEYKENT)
 73
     1
 44
1.0
  0
POINT
  5
552
330
54A
100
AcDbEntity
  8
Defpoints
 62
     0
440
 16777216
100
AcDbPoint
 10
124013.422197769
 20
14177.27814436574
 30
0.0
  0
POINT
  5
553
330
54A
100
AcDbEntity
  8
Defpoints
 62
     0
440
 16777216
100
AcDbPoint
 10
124118.422197769
 20
14177.27814436574
 30
0.0
  0
POINT
  5
554
330
54A
100
AcDbEntity
  8
Defpoints
 62
     0
440
 16777216
100
AcDbPoint
 10
124118.422197769
 20
14177.27814436574
 30
0.0
  0
ENDBLK
  5
555
330
54A
100
AcDbEntity
  8
0
100
AcDbBlockEnd
  0
BLOCK
  5
557
330
556
100
AcDbEntity
  8
0
100
AcDbBlockBegin
  2
*D59
 70
     1
 10
0.0
 20
0.0
 30
0.0
  3
*D59
  1

  0
LINE
  5
558
330
556
100
AcDbEntity
  8
AKS OLCU (BEYKENT)
 62
     0
440
 16777216
370
    -2
100
AcDbLine
 10
124118.422197769
 20
14180.27814436574
 30
0.0
 11
124118.422197769
 21
14177.45814436574
 31
0.0
  0
LINE
  5
559
330
556
100
AcDbEntity
  8
AKS OLCU (BEYKENT)
 62
     0
440
 16777216
370
    -2
100
AcDbLine
 10
124193.422197769
 20
14180.27814436574
 30
0.0
 11
124193.422197769
 21
14177.45814436574
 31
0.0
  0
LINE
  5
55A
330
556
100
AcDbEntity
  8
AKS OLCU (BEYKENT)
 62
     0
440
 16777216
370
    -2
100
AcDbLine
 10
124118.422197769
 20
14177.27814436574
 30
0.0
 11
124193.422197769
 21
14177.27814436574
 31
0.0
  0
LINE
  5
55B
330
556
100
AcDbEntity
  8
AKS OLCU (BEYKENT)
 62
     0
440
 16777216
370
    -2
100
AcDbLine
 10
124190.422197769
 20
14174.27814436574
 30
0.0
 11
124196.422197769
 21
14180.27814436574
 31
0.0
  0
LINE
  5
55C
330
556
100
AcDbEntity
  8
AKS OLCU (BEYKENT)
 62
     0
440
 16777216
370
    -2
100
AcDbLine
 10
124115.422197769
 20
14174.27814436574
 30
0.0
 11
124121.422197769
 21
14180.27814436574
 31
0.0
  0
MTEXT
  5
55D
330
556
100
AcDbEntity
  8
AKS OLCU (BEYKENT)
 62
     7
440
 16777216
100
AcDbMText
 10
124155.922197769
 20
14185.34004257757
 30
0.0
 40
12.0
 41
0.0
 46
0.0
 71
     5
 72
     1
  1
\A1;75
  7
YAZI (BEYKENT)
 73
     1
 44
1.0
  0
POINT
  5
55E
330
556
100
AcDbEntity
  8
Defpoints
 62
     0
440
 16777216
100
AcDbPoint
 10
124118.422197769
 20
14177.27814436574
 30
0.0
  0
POINT
  5
55F
330
556
100
AcDbEntity
  8
Defpoints
 62
     0
440
 16777216
100
AcDbPoint
 10
124193.422197769
 20
14177.27814436574
 30
0.0
  0
POINT
  5
560
330
556
100
AcDbEntity
  8
Defpoints
 62
     0
440
 16777216
100
AcDbPoint
 10
124193.422197769
 20
14177.27814436574
 30
0.0
  0
ENDBLK
  5
561
330
556
100
AcDbEntity
  8
0
100
AcDbBlockEnd
  0
BLOCK
  5
563
330
562
100
AcDbEntity
  8
0
100
AcDbBlockBegin
  2
*D60
 70
     1
 10
0.0
 20
0.0
 30
0.0
  3
*D60
  1

  0
LINE
  5
564
330
562
100
AcDbEntity
  8
AKS OLCU (BEYKENT)
 62
     0
440
 16777216
370
    -2
100
AcDbLine
 10
124193.422197769
 20
14180.27814436574
 30
0.0
 11
124193.422197769
 21
14177.45814436574
 31
0.0
  0
LINE
  5
565
330
562
100
AcDbEntity
  8
AKS OLCU (BEYKENT)
 62
     0
440
 16777216
370
    -2
100
AcDbLine
 10
124528.422197769
 20
14180.27814436574
 30
0.0
 11
124528.422197769
 21
14177.45814436574
 31
0.0
  0
LINE
  5
566
330
562
100
AcDbEntity
  8
AKS OLCU (BEYKENT)
 62
     0
440
 16777216
370
    -2
100
AcDbLine
 10
124193.422197769
 20
14177.27814436574
 30
0.0
 11
124528.422197769
 21
14177.27814436574
 31
0.0
  0
LINE
  5
567
330
562
100
AcDbEntity
  8
AKS OLCU (BEYKENT)
 62
     0
440
 16777216
370
    -2
100
AcDbLine
 10
124525.422197769
 20
14174.27814436574
 30
0.0
 11
124531.422197769
 21
14180.27814436574
 31
0.0
  0
LINE
  5
568
330
562
100
AcDbEntity
  8
AKS OLCU (BEYKENT)
 62
     0
440
 16777216
370
    -2
100
AcDbLine
 10
124190.422197769
 20
14174.27814436574
 30
0.0
 11
124196.422197769
 21
14180.27814436574
 31
0.0
  0
MTEXT
  5
569
330
562
100
AcDbEntity
  8
AKS OLCU (BEYKENT)
 62
     7
440
 16777216
100
AcDbMText
 10
124360.922197769
 20
14185.4019407894
 30
0.0
 40
12.0
 41
0.0
 46
0.0
 71
     5
 72
     1
  1
\A1;335
  7
YAZI (BEYKENT)
 73
     1
 44
1.0
  0
POINT
  5
56A
330
562
100
AcDbEntity
  8
Defpoints
 62
     0
440
 16777216
100
AcDbPoint
 10
124193.422197769
 20
14177.27814436574
 30
0.0
  0
POINT
  5
56B
330
562
100
AcDbEntity
  8
Defpoints
 62
     0
440
 16777216
100
AcDbPoint
 10
124528.422197769
 20
14177.27814436574
 30
0.0
  0
POINT
  5
56C
330
562
100
AcDbEntity
  8
Defpoints
 62
     0
440
 16777216
100
AcDbPoint
 10
124528.422197769
 20
14177.27814436574
 30
0.0
  0
ENDBLK
  5
56D
330
562
100
AcDbEntity
  8
0
100
AcDbBlockEnd
  0
BLOCK
  5
56F
330
56E
100
AcDbEntity
  8
0
100
AcDbBlockBegin
  2
*D61
 70
     1
 10
0.0
 20
0.0
 30
0.0
  3
*D61
  1

  0
LINE
  5
570
330
56E
100
AcDbEntity
  8
AKS OLCU (BEYKENT)
 62
     0
440
 16777216
370
    -2
100
AcDbLine
 10
124528.422197769
 20
14180.27814436574
 30
0.0
 11
124528.422197769
 21
14177.45814436574
 31
0.0
  0
LINE
  5
571
330
56E
100
AcDbEntity
  8
AKS OLCU (BEYKENT)
 62
     0
440
 16777216
370
    -2
100
AcDbLine
 10
124823.422197769
 20
14180.27814436574
 30
0.0
 11
124823.422197769
 21
14177.45814436574
 31
0.0
  0
LINE
  5
572
330
56E
100
AcDbEntity
  8
AKS OLCU (BEYKENT)
 62
     0
440
 16777216
370
    -2
100
AcDbLine
 10
124528.422197769
 20
14177.27814436574
 30
0.0
 11
124823.422197769
 21
14177.27814436574
 31
0.0
  0
LINE
  5
573
330
56E
100
AcDbEntity
  8
AKS OLCU (BEYKENT)
 62
     0
440
 16777216
370
    -2
100
AcDbLine
 10
124820.422197769
 20
14174.27814436574
 30
0.0
 11
124826.422197769
 21
14180.27814436574
 31
0.0
  0
LINE
  5
574
330
56E
100
AcDbEntity
  8
AKS OLCU (BEYKENT)
 62
     0
440
 16777216
370
    -2
100
AcDbLine
 10
124525.422197769
 20
14174.27814436574
 30
0.0
 11
124531.422197769
 21
14180.27814436574
 31
0.0
  0
MTEXT
  5
575
330
56E
100
AcDbEntity
  8
AKS OLCU (BEYKENT)
 62
     7
440
 16777216
100
AcDbMText
 10
124675.922197769
 20
14185.4019407894
 30
0.0
 40
12.0
 41
0.0
 46
0.0
 71
     5
 72
     1
  1
\A1;295
  7
YAZI (BEYKENT)
 73
     1
 44
1.0
  0
POINT
  5
576
330
56E
100
AcDbEntity
  8
Defpoints
 62
     0
440
 16777216
100
AcDbPoint
 10
124528.422197769
 20
14177.27814436574
 30
0.0
  0
POINT
  5
577
330
56E
100
AcDbEntity
  8
Defpoints
 62
     0
440
 16777216
100
AcDbPoint
 10
124823.422197769
 20
14177.27814436574
 30
0.0
  0
POINT
  5
578
330
56E
100
AcDbEntity
  8
Defpoints
 62
     0
440
 16777216
100
AcDbPoint
 10
124823.422197769
 20
14177.27814436574
 30
0.0
  0
ENDBLK
  5
579
330
56E
100
AcDbEntity
  8
0
100
AcDbBlockEnd
  0
BLOCK
  5
57B
330
57A
100
AcDbEntity
  8
0
100
AcDbBlockBegin
  2
*D62
 70
     1
 10
0.0
 20
0.0
 30
0.0
  3
*D62
  1

  0
LINE
  5
57C
330
57A
100
AcDbEntity
  8
AKS OLCU (BEYKENT)
 62
     0
440
 16777216
370
    -2
100
AcDbLine
 10
122393.422197769
 20
12191.45461318393
 30
0.0
 11
122393.422197769
 21
12188.63461318393
 31
0.0
  0
LINE
  5
57D
330
57A
100
AcDbEntity
  8
AKS OLCU (BEYKENT)
 62
     0
440
 16777216
370
    -2
100
AcDbLine
 10
124823.422197769
 20
12191.45461318393
 30
0.0
 11
124823.422197769
 21
12188.63461318393
 31
0.0
  0
LINE
  5
57E
330
57A
100
AcDbEntity
  8
AKS OLCU (BEYKENT)
 62
     0
440
 16777216
370
    -2
100
AcDbLine
 10
122393.422197769
 20
12188.45461318393
 30
0.0
 11
124823.422197769
 21
12188.45461318393
 31
0.0
  0
LINE
  5
57F
330
57A
100
AcDbEntity
  8
AKS OLCU (BEYKENT)
 62
     0
440
 16777216
370
    -2
100
AcDbLine
 10
124820.422197769
 20
12185.45461318393
 30
0.0
 11
124826.422197769
 21
12191.45461318393
 31
0.0
  0
LINE
  5
580
330
57A
100
AcDbEntity
  8
AKS OLCU (BEYKENT)
 62
     0
440
 16777216
370
    -2
100
AcDbLine
 10
122390.422197769
 20
12185.45461318393
 30
0.0
 11
122396.422197769
 21
12191.45461318393
 31
0.0
  0
MTEXT
  5
581
330
57A
100
AcDbEntity
  8
AKS OLCU (BEYKENT)
 62
     7
440
 16777216
100
AcDbMText
 10
123608.422197769
 20
12196.57840960759
 30
0.0
 40
12.0
 41
0.0
 46
0.0
 71
     5
 72
     1
  1
\A1;2430
  7
YAZI (BEYKENT)
 73
     1
 44
1.0
  0
POINT
  5
582
330
57A
100
AcDbEntity
  8
Defpoints
 62
     0
440
 16777216
100
AcDbPoint
 10
122393.422197769
 20
12188.45461318393
 30
0.0
  0
POINT
  5
583
330
57A
100
AcDbEntity
  8
Defpoints
 62
     0
440
 16777216
100
AcDbPoint
 10
124823.422197769
 20
12188.45461318393
 30
0.0
  0
POINT
  5
584
330
57A
100
AcDbEntity
  8
Defpoints
 62
     0
440
 16777216
100
AcDbPoint
 10
124823.422197769
 20
12188.45461318393
 30
0.0
  0
ENDBLK
  5
585
330
57A
100
AcDbEntity
  8
0
100
AcDbBlockEnd
  0
BLOCK
  5
587
330
586
100
AcDbEntity
  8
0
100
AcDbBlockBegin
  2
*D63
 70
     1
 10
0.0
 20
0.0
 30
0.0
  3
*D63
  1

  0
LINE
  5
588
330
586
100
AcDbEntity
  8
AKS OLCU (BEYKENT)
 62
     0
440
 16777216
370
    -2
100
AcDbLine
 10
122393.422197769
 20
12211.45461318393
 30
0.0
 11
122393.422197769
 21
12208.63461318393
 31
0.0
  0
LINE
  5
589
330
586
100
AcDbEntity
  8
AKS OLCU (BEYKENT)
 62
     0
440
 16777216
370
    -2
100
AcDbLine
 10
122688.422197769
 20
12211.45461318393
 30
0.0
 11
122688.422197769
 21
12208.63461318393
 31
0.0
  0
LINE
  5
58A
330
586
100
AcDbEntity
  8
AKS OLCU (BEYKENT)
 62
     0
440
 16777216
370
    -2
100
AcDbLine
 10
122393.422197769
 20
12208.45461318393
 30
0.0
 11
122688.422197769
 21
12208.45461318393
 31
0.0
  0
LINE
  5
58B
330
586
100
AcDbEntity
  8
AKS OLCU (BEYKENT)
 62
     0
440
 16777216
370
    -2
100
AcDbLine
 10
122685.422197769
 20
12205.45461318393
 30
0.0
 11
122691.422197769
 21
12211.45461318393
 31
0.0
  0
LINE
  5
58C
330
586
100
AcDbEntity
  8
AKS OLCU (BEYKENT)
 62
     0
440
 16777216
370
    -2
100
AcDbLine
 10
122390.422197769
 20
12205.45461318393
 30
0.0
 11
122396.422197769
 21
12211.45461318393
 31
0.0
  0
MTEXT
  5
58D
330
586
100
AcDbEntity
  8
AKS OLCU (BEYKENT)
 62
     7
440
 16777216
100
AcDbMText
 10
122540.922197769
 20
12216.57840960759
 30
0.0
 40
12.0
 41
0.0
 46
0.0
 71
     5
 72
     1
  1
\A1;295
  7
YAZI (BEYKENT)
 73
     1
 44
1.0
  0
POINT
  5
58E
330
586
100
AcDbEntity
  8
Defpoints
 62
     0
440
 16777216
100
AcDbPoint
 10
122393.422197769
 20
12208.45461318393
 30
0.0
  0
POINT
  5
58F
330
586
100
AcDbEntity
  8
Defpoints
 62
     0
440
 16777216
100
AcDbPoint
 10
122688.422197769
 20
12208.45461318393
 30
0.0
  0
POINT
  5
590
330
586
100
AcDbEntity
  8
Defpoints
 62
     0
440
 16777216
100
AcDbPoint
 10
122688.422197769
 20
12208.45461318393
 30
0.0
  0
ENDBLK
  5
591
330
586
100
AcDbEntity
  8
0
100
AcDbBlockEnd
  0
BLOCK
  5
593
330
592
100
AcDbEntity
  8
0
100
AcDbBlockBegin
  2
*D64
 70
     1
 10
0.0
 20
0.0
 30
0.0
  3
*D64
  1

  0
LINE
  5
594
330
592
100
AcDbEntity
  8
AKS OLCU (BEYKENT)
 62
     0
440
 16777216
370
    -2
100
AcDbLine
 10
122688.422197769
 20
12211.45461318393
 30
0.0
 11
122688.422197769
 21
12208.63461318393
 31
0.0
  0
LINE
  5
595
330
592
100
AcDbEntity
  8
AKS OLCU (BEYKENT)
 62
     0
440
 16777216
370
    -2
100
AcDbLine
 10
123048.422297769
 20
12211.45461318393
 30
0.0
 11
123048.422297769
 21
12208.63461318393
 31
0.0
  0
LINE
  5
596
330
592
100
AcDbEntity
  8
AKS OLCU (BEYKENT)
 62
     0
440
 16777216
370
    -2
100
AcDbLine
 10
122688.422197769
 20
12208.45461318393
 30
0.0
 11
123048.422297769
 21
12208.45461318393
 31
0.0
  0
LINE
  5
597
330
592
100
AcDbEntity
  8
AKS OLCU (BEYKENT)
 62
     0
440
 16777216
370
    -2
100
AcDbLine
 10
123045.422297769
 20
12205.45461318393
 30
0.0
 11
123051.422297769
 21
12211.45461318393
 31
0.0
  0
LINE
  5
598
330
592
100
AcDbEntity
  8
AKS OLCU (BEYKENT)
 62
     0
440
 16777216
370
    -2
100
AcDbLine
 10
122685.422197769
 20
12205.45461318393
 30
0.0
 11
122691.422197769
 21
12211.45461318393
 31
0.0
  0
MTEXT
  5
599
330
592
100
AcDbEntity
  8
AKS OLCU (BEYKENT)
 62
     7
440
 16777216
100
AcDbMText
 10
122868.422247769
 20
12216.57840960759
 30
0.0
 40
12.0
 41
0.0
 46
0.0
 71
     5
 72
     1
  1
\A1;360
  7
YAZI (BEYKENT)
 73
     1
 44
1.0
  0
POINT
  5
59A
330
592
100
AcDbEntity
  8
Defpoints
 62
     0
440
 16777216
100
AcDbPoint
 10
122688.422197769
 20
12208.45461318393
 30
0.0
  0
POINT
  5
59B
330
592
100
AcDbEntity
  8
Defpoints
 62
     0
440
 16777216
100
AcDbPoint
 10
123048.422297769
 20
12208.45461318393
 30
0.0
  0
POINT
  5
59C
330
592
100
AcDbEntity
  8
Defpoints
 62
     0
440
 16777216
100
AcDbPoint
 10
123048.422297769
 20
12208.45461318393
 30
0.0
  0
ENDBLK
  5
59D
330
592
100
AcDbEntity
  8
0
100
AcDbBlockEnd
  0
BLOCK
  5
59F
330
59E
100
AcDbEntity
  8
0
100
AcDbBlockBegin
  2
*D65
 70
     1
 10
0.0
 20
0.0
 30
0.0
  3
*D65
  1

  0
LINE
  5
5A0
330
59E
100
AcDbEntity
  8
AKS OLCU (BEYKENT)
 62
     0
440
 16777216
370
    -2
100
AcDbLine
 10
123048.422297769
 20
12211.45461318393
 30
0.0
 11
123048.422297769
 21
12208.63461318393
 31
0.0
  0
LINE
  5
5A1
330
59E
100
AcDbEntity
  8
AKS OLCU (BEYKENT)
 62
     0
440
 16777216
370
    -2
100
AcDbLine
 10
123203.422197769
 20
12211.45461318393
 30
0.0
 11
123203.422197769
 21
12208.63461318393
 31
0.0
  0
LINE
  5
5A2
330
59E
100
AcDbEntity
  8
AKS OLCU (BEYKENT)
 62
     0
440
 16777216
370
    -2
100
AcDbLine
 10
123048.422297769
 20
12208.45461318393
 30
0.0
 11
123203.422197769
 21
12208.45461318393
 31
0.0
  0
LINE
  5
5A3
330
59E
100
AcDbEntity
  8
AKS OLCU (BEYKENT)
 62
     0
440
 16777216
370
    -2
100
AcDbLine
 10
123200.422197769
 20
12205.45461318393
 30
0.0
 11
123206.422197769
 21
12211.45461318393
 31
0.0
  0
LINE
  5
5A4
330
59E
100
AcDbEntity
  8
AKS OLCU (BEYKENT)
 62
     0
440
 16777216
370
    -2
100
AcDbLine
 10
123045.422297769
 20
12205.45461318393
 30
0.0
 11
123051.422297769
 21
12211.45461318393
 31
0.0
  0
MTEXT
  5
5A5
330
59E
100
AcDbEntity
  8
AKS OLCU (BEYKENT)
 62
     7
440
 16777216
100
AcDbMText
 10
123125.922247769
 20
12216.51651139576
 30
0.0
 40
12.0
 41
0.0
 46
0.0
 71
     5
 72
     1
  1
\A1;155
  7
YAZI (BEYKENT)
 73
     1
 44
1.0
  0
POINT
  5
5A6
330
59E
100
AcDbEntity
  8
Defpoints
 62
     0
440
 16777216
100
AcDbPoint
 10
123048.422297769
 20
12208.45461318393
 30
0.0
  0
POINT
  5
5A7
330
59E
100
AcDbEntity
  8
Defpoints
 62
     0
440
 16777216
100
AcDbPoint
 10
123203.422197769
 20
12208.45461318393
 30
0.0
  0
POINT
  5
5A8
330
59E
100
AcDbEntity
  8
Defpoints
 62
     0
440
 16777216
100
AcDbPoint
 10
123203.422197769
 20
12208.45461318393
 30
0.0
  0
ENDBLK
  5
5A9
330
59E
100
AcDbEntity
  8
0
100
AcDbBlockEnd
  0
BLOCK
  5
5AB
330
5AA
100
AcDbEntity
  8
0
100
AcDbBlockBegin
  2
*D66
 70
     1
 10
0.0
 20
0.0
 30
0.0
  3
*D66
  1

  0
LINE
  5
5AC
330
5AA
100
AcDbEntity
  8
AKS OLCU (BEYKENT)
 62
     0
440
 16777216
370
    -2
100
AcDbLine
 10
123203.422197769
 20
12211.45461318393
 30
0.0
 11
123203.422197769
 21
12208.63461318393
 31
0.0
  0
LINE
  5
5AD
330
5AA
100
AcDbEntity
  8
AKS OLCU (BEYKENT)
 62
     0
440
 16777216
370
    -2
100
AcDbLine
 10
123618.422197769
 20
12211.45461318393
 30
0.0
 11
123618.422197769
 21
12208.63461318393
 31
0.0
  0
LINE
  5
5AE
330
5AA
100
AcDbEntity
  8
AKS OLCU (BEYKENT)
 62
     0
440
 16777216
370
    -2
100
AcDbLine
 10
123203.422197769
 20
12208.45461318393
 30
0.0
 11
123618.422197769
 21
12208.45461318393
 31
0.0
  0
LINE
  5
5AF
330
5AA
100
AcDbEntity
  8
AKS OLCU (BEYKENT)
 62
     0
440
 16777216
370
    -2
100
AcDbLine
 10
123615.422197769
 20
12205.45461318393
 30
0.0
 11
123621.422197769
 21
12211.45461318393
 31
0.0
  0
LINE
  5
5B0
330
5AA
100
AcDbEntity
  8
AKS OLCU (BEYKENT)
 62
     0
440
 16777216
370
    -2
100
AcDbLine
 10
123200.422197769
 20
12205.45461318393
 30
0.0
 11
123206.422197769
 21
12211.45461318393
 31
0.0
  0
MTEXT
  5
5B1
330
5AA
100
AcDbEntity
  8
AKS OLCU (BEYKENT)
 62
     7
440
 16777216
100
AcDbMText
 10
123410.922197769
 20
12216.51651139576
 30
0.0
 40
12.0
 41
0.0
 46
0.0
 71
     5
 72
     1
  1
\A1;415
  7
YAZI (BEYKENT)
 73
     1
 44
1.0
  0
POINT
  5
5B2
330
5AA
100
AcDbEntity
  8
Defpoints
 62
     0
440
 16777216
100
AcDbPoint
 10
123203.422197769
 20
12208.45461318393
 30
0.0
  0
POINT
  5
5B3
330
5AA
100
AcDbEntity
  8
Defpoints
 62
     0
440
 16777216
100
AcDbPoint
 10
123618.422197769
 20
12208.45461318393
 30
0.0
  0
POINT
  5
5B4
330
5AA
100
AcDbEntity
  8
Defpoints
 62
     0
440
 16777216
100
AcDbPoint
 10
123618.422197769
 20
12208.45461318393
 30
0.0
  0
ENDBLK
  5
5B5
330
5AA
100
AcDbEntity
  8
0
100
AcDbBlockEnd
  0
BLOCK
  5
5B7
330
5B6
100
AcDbEntity
  8
0
100
AcDbBlockBegin
  2
*D67
 70
     1
 10
0.0
 20
0.0
 30
0.0
  3
*D67
  1

  0
LINE
  5
5B8
330
5B6
100
AcDbEntity
  8
AKS OLCU (BEYKENT)
 62
     0
440
 16777216
370
    -2
100
AcDbLine
 10
123618.422197769
 20
12211.45461318393
 30
0.0
 11
123618.422197769
 21
12208.63461318393
 31
0.0
  0
LINE
  5
5B9
330
5B6
100
AcDbEntity
  8
AKS OLCU (BEYKENT)
 62
     0
440
 16777216
370
    -2
100
AcDbLine
 10
123868.422197769
 20
12211.45461318393
 30
0.0
 11
123868.422197769
 21
12208.63461318393
 31
0.0
  0
LINE
  5
5BA
330
5B6
100
AcDbEntity
  8
AKS OLCU (BEYKENT)
 62
     0
440
 16777216
370
    -2
100
AcDbLine
 10
123618.422197769
 20
12208.45461318393
 30
0.0
 11
123868.422197769
 21
12208.45461318393
 31
0.0
  0
LINE
  5
5BB
330
5B6
100
AcDbEntity
  8
AKS OLCU (BEYKENT)
 62
     0
440
 16777216
370
    -2
100
AcDbLine
 10
123865.422197769
 20
12205.45461318393
 30
0.0
 11
123871.422197769
 21
12211.45461318393
 31
0.0
  0
LINE
  5
5BC
330
5B6
100
AcDbEntity
  8
AKS OLCU (BEYKENT)
 62
     0
440
 16777216
370
    -2
100
AcDbLine
 10
123615.422197769
 20
12205.45461318393
 30
0.0
 11
123621.422197769
 21
12211.45461318393
 31
0.0
  0
MTEXT
  5
5BD
330
5B6
100
AcDbEntity
  8
AKS OLCU (BEYKENT)
 62
     7
440
 16777216
100
AcDbMText
 10
123743.422197769
 20
12216.57840960759
 30
0.0
 40
12.0
 41
0.0
 46
0.0
 71
     5
 72
     1
  1
\A1;250
  7
YAZI (BEYKENT)
 73
     1
 44
1.0
  0
POINT
  5
5BE
330
5B6
100
AcDbEntity
  8
Defpoints
 62
     0
440
 16777216
100
AcDbPoint
 10
123618.422197769
 20
12208.45461318393
 30
0.0
  0
POINT
  5
5BF
330
5B6
100
AcDbEntity
  8
Defpoints
 62
     0
440
 16777216
100
AcDbPoint
 10
123868.422197769
 20
12208.45461318393
 30
0.0
  0
POINT
  5
5C0
330
5B6
100
AcDbEntity
  8
Defpoints
 62
     0
440
 16777216
100
AcDbPoint
 10
123868.422197769
 20
12208.45461318393
 30
0.0
  0
ENDBLK
  5
5C1
330
5B6
100
AcDbEntity
  8
0
100
AcDbBlockEnd
  0
BLOCK
  5
5C3
330
5C2
100
AcDbEntity
  8
0
100
AcDbBlockBegin
  2
*D68
 70
     1
 10
0.0
 20
0.0
 30
0.0
  3
*D68
  1

  0
LINE
  5
5C4
330
5C2
100
AcDbEntity
  8
AKS OLCU (BEYKENT)
 62
     0
440
 16777216
370
    -2
100
AcDbLine
 10
123868.422197769
 20
12211.45461318393
 30
0.0
 11
123868.422197769
 21
12208.63461318393
 31
0.0
  0
LINE
  5
5C5
330
5C2
100
AcDbEntity
  8
AKS OLCU (BEYKENT)
 62
     0
440
 16777216
370
    -2
100
AcDbLine
 10
124013.422197769
 20
12211.45461318393
 30
0.0
 11
124013.422197769
 21
12208.63461318393
 31
0.0
  0
LINE
  5
5C6
330
5C2
100
AcDbEntity
  8
AKS OLCU (BEYKENT)
 62
     0
440
 16777216
370
    -2
100
AcDbLine
 10
123868.422197769
 20
12208.45461318393
 30
0.0
 11
124013.422197769
 21
12208.45461318393
 31
0.0
  0
LINE
  5
5C7
330
5C2
100
AcDbEntity
  8
AKS OLCU (BEYKENT)
 62
     0
440
 16777216
370
    -2
100
AcDbLine
 10
124010.422197769
 20
12205.45461318393
 30
0.0
 11
124016.422197769
 21
12211.45461318393
 31
0.0
  0
LINE
  5
5C8
330
5C2
100
AcDbEntity
  8
AKS OLCU (BEYKENT)
 62
     0
440
 16777216
370
    -2
100
AcDbLine
 10
123865.422197769
 20
12205.45461318393
 30
0.0
 11
123871.422197769
 21
12211.45461318393
 31
0.0
  0
MTEXT
  5
5C9
330
5C2
100
AcDbEntity
  8
AKS OLCU (BEYKENT)
 62
     7
440
 16777216
100
AcDbMText
 10
123940.922197769
 20
12216.51651139576
 30
0.0
 40
12.0
 41
0.0
 46
0.0
 71
     5
 72
     1
  1
\A1;145
  7
YAZI (BEYKENT)
 73
     1
 44
1.0
  0
POINT
  5
5CA
330
5C2
100
AcDbEntity
  8
Defpoints
 62
     0
440
 16777216
100
AcDbPoint
 10
123868.422197769
 20
12208.45461318393
 30
0.0
  0
POINT
  5
5CB
330
5C2
100
AcDbEntity
  8
Defpoints
 62
     0
440
 16777216
100
AcDbPoint
 10
124013.422197769
 20
12208.45461318393
 30
0.0
  0
POINT
  5
5CC
330
5C2
100
AcDbEntity
  8
Defpoints
 62
     0
440
 16777216
100
AcDbPoint
 10
124013.422197769
 20
12208.45461318393
 30
0.0
  0
ENDBLK
  5
5CD
330
5C2
100
AcDbEntity
  8
0
100
AcDbBlockEnd
  0
BLOCK
  5
5CF
330
5CE
100
AcDbEntity
  8
0
100
AcDbBlockBegin
  2
*D69
 70
     1
 10
0.0
 20
0.0
 30
0.0
  3
*D69
  1

  0
LINE
  5
5D0
330
5CE
100
AcDbEntity
  8
AKS OLCU (BEYKENT)
 62
     0
440
 16777216
370
    -2
100
AcDbLine
 10
124013.422197769
 20
12211.45461318393
 30
0.0
 11
124013.422197769
 21
12208.63461318393
 31
0.0
  0
LINE
  5
5D1
330
5CE
100
AcDbEntity
  8
AKS OLCU (BEYKENT)
 62
     0
440
 16777216
370
    -2
100
AcDbLine
 10
124118.422197769
 20
12211.45461318393
 30
0.0
 11
124118.422197769
 21
12208.63461318393
 31
0.0
  0
LINE
  5
5D2
330
5CE
100
AcDbEntity
  8
AKS OLCU (BEYKENT)
 62
     0
440
 16777216
370
    -2
100
AcDbLine
 10
124013.422197769
 20
12208.45461318393
 30
0.0
 11
124118.422197769
 21
12208.45461318393
 31
0.0
  0
LINE
  5
5D3
330
5CE
100
AcDbEntity
  8
AKS OLCU (BEYKENT)
 62
     0
440
 16777216
370
    -2
100
AcDbLine
 10
124115.422197769
 20
12205.45461318393
 30
0.0
 11
124121.422197769
 21
12211.45461318393
 31
0.0
  0
LINE
  5
5D4
330
5CE
100
AcDbEntity
  8
AKS OLCU (BEYKENT)
 62
     0
440
 16777216
370
    -2
100
AcDbLine
 10
124010.422197769
 20
12205.45461318393
 30
0.0
 11
124016.422197769
 21
12211.45461318393
 31
0.0
  0
MTEXT
  5
5D5
330
5CE
100
AcDbEntity
  8
AKS OLCU (BEYKENT)
 62
     7
440
 16777216
100
AcDbMText
 10
124065.922197769
 20
12216.57840960759
 30
0.0
 40
12.0
 41
0.0
 46
0.0
 71
     5
 72
     1
  1
\A1;105
  7
YAZI (BEYKENT)
 73
     1
 44
1.0
  0
POINT
  5
5D6
330
5CE
100
AcDbEntity
  8
Defpoints
 62
     0
440
 16777216
100
AcDbPoint
 10
124013.422197769
 20
12208.45461318393
 30
0.0
  0
POINT
  5
5D7
330
5CE
100
AcDbEntity
  8
Defpoints
 62
     0
440
 16777216
100
AcDbPoint
 10
124118.422197769
 20
12208.45461318393
 30
0.0
  0
POINT
  5
5D8
330
5CE
100
AcDbEntity
  8
Defpoints
 62
     0
440
 16777216
100
AcDbPoint
 10
124118.422197769
 20
12208.45461318393
 30
0.0
  0
ENDBLK
  5
5D9
330
5CE
100
AcDbEntity
  8
0
100
AcDbBlockEnd
  0
BLOCK
  5
5DB
330
5DA
100
AcDbEntity
  8
0
100
AcDbBlockBegin
  2
*D70
 70
     1
 10
0.0
 20
0.0
 30
0.0
  3
*D70
  1

  0
LINE
  5
5DC
330
5DA
100
AcDbEntity
  8
AKS OLCU (BEYKENT)
 62
     0
440
 16777216
370
    -2
100
AcDbLine
 10
124118.422197769
 20
12211.45461318393
 30
0.0
 11
124118.422197769
 21
12208.63461318393
 31
0.0
  0
LINE
  5
5DD
330
5DA
100
AcDbEntity
  8
AKS OLCU (BEYKENT)
 62
     0
440
 16777216
370
    -2
100
AcDbLine
 10
124193.422197769
 20
12211.45461318393
 30
0.0
 11
124193.422197769
 21
12208.63461318393
 31
0.0
  0
LINE
  5
5DE
330
5DA
100
AcDbEntity
  8
AKS OLCU (BEYKENT)
 62
     0
440
 16777216
370
    -2
100
AcDbLine
 10
124118.422197769
 20
12208.45461318393
 30
0.0
 11
124193.422197769
 21
12208.45461318393
 31
0.0
  0
LINE
  5
5DF
330
5DA
100
AcDbEntity
  8
AKS OLCU (BEYKENT)
 62
     0
440
 16777216
370
    -2
100
AcDbLine
 10
124190.422197769
 20
12205.45461318393
 30
0.0
 11
124196.422197769
 21
12211.45461318393
 31
0.0
  0
LINE
  5
5E0
330
5DA
100
AcDbEntity
  8
AKS OLCU (BEYKENT)
 62
     0
440
 16777216
370
    -2
100
AcDbLine
 10
124115.422197769
 20
12205.45461318393
 30
0.0
 11
124121.422197769
 21
12211.45461318393
 31
0.0
  0
MTEXT
  5
5E1
330
5DA
100
AcDbEntity
  8
AKS OLCU (BEYKENT)
 62
     7
440
 16777216
100
AcDbMText
 10
124155.922197769
 20
12216.51651139576
 30
0.0
 40
12.0
 41
0.0
 46
0.0
 71
     5
 72
     1
  1
\A1;75
  7
YAZI (BEYKENT)
 73
     1
 44
1.0
  0
POINT
  5
5E2
330
5DA
100
AcDbEntity
  8
Defpoints
 62
     0
440
 16777216
100
AcDbPoint
 10
124118.422197769
 20
12208.45461318393
 30
0.0
  0
POINT
  5
5E3
330
5DA
100
AcDbEntity
  8
Defpoints
 62
     0
440
 16777216
100
AcDbPoint
 10
124193.422197769
 20
12208.45461318393
 30
0.0
  0
POINT
  5
5E4
330
5DA
100
AcDbEntity
  8
Defpoints
 62
     0
440
 16777216
100
AcDbPoint
 10
124193.422197769
 20
12208.45461318393
 30
0.0
  0
ENDBLK
  5
5E5
330
5DA
100
AcDbEntity
  8
0
100
AcDbBlockEnd
  0
BLOCK
  5
5E7
330
5E6
100
AcDbEntity
  8
0
100
AcDbBlockBegin
  2
*D71
 70
     1
 10
0.0
 20
0.0
 30
0.0
  3
*D71
  1

  0
LINE
  5
5E8
330
5E6
100
AcDbEntity
  8
AKS OLCU (BEYKENT)
 62
     0
440
 16777216
370
    -2
100
AcDbLine
 10
124193.422197769
 20
12211.45461318393
 30
0.0
 11
124193.422197769
 21
12208.63461318393
 31
0.0
  0
LINE
  5
5E9
330
5E6
100
AcDbEntity
  8
AKS OLCU (BEYKENT)
 62
     0
440
 16777216
370
    -2
100
AcDbLine
 10
124528.422197769
 20
12211.45461318393
 30
0.0
 11
124528.422197769
 21
12208.63461318393
 31
0.0
  0
LINE
  5
5EA
330
5E6
100
AcDbEntity
  8
AKS OLCU (BEYKENT)
 62
     0
440
 16777216
370
    -2
100
AcDbLine
 10
124193.422197769
 20
12208.45461318393
 30
0.0
 11
124528.422197769
 21
12208.45461318393
 31
0.0
  0
LINE
  5
5EB
330
5E6
100
AcDbEntity
  8
AKS OLCU (BEYKENT)
 62
     0
440
 16777216
370
    -2
100
AcDbLine
 10
124525.422197769
 20
12205.45461318393
 30
0.0
 11
124531.422197769
 21
12211.45461318393
 31
0.0
  0
LINE
  5
5EC
330
5E6
100
AcDbEntity
  8
AKS OLCU (BEYKENT)
 62
     0
440
 16777216
370
    -2
100
AcDbLine
 10
124190.422197769
 20
12205.45461318393
 30
0.0
 11
124196.422197769
 21
12211.45461318393
 31
0.0
  0
MTEXT
  5
5ED
330
5E6
100
AcDbEntity
  8
AKS OLCU (BEYKENT)
 62
     7
440
 16777216
100
AcDbMText
 10
124360.922197769
 20
12216.57840960759
 30
0.0
 40
12.0
 41
0.0
 46
0.0
 71
     5
 72
     1
  1
\A1;335
  7
YAZI (BEYKENT)
 73
     1
 44
1.0
  0
POINT
  5
5EE
330
5E6
100
AcDbEntity
  8
Defpoints
 62
     0
440
 16777216
100
AcDbPoint
 10
124193.422197769
 20
12208.45461318393
 30
0.0
  0
POINT
  5
5EF
330
5E6
100
AcDbEntity
  8
Defpoints
 62
     0
440
 16777216
100
AcDbPoint
 10
124528.422197769
 20
12208.45461318393
 30
0.0
  0
POINT
  5
5F0
330
5E6
100
AcDbEntity
  8
Defpoints
 62
     0
440
 16777216
100
AcDbPoint
 10
124528.422197769
 20
12208.45461318393
 30
0.0
  0
ENDBLK
  5
5F1
330
5E6
100
AcDbEntity
  8
0
100
AcDbBlockEnd
  0
BLOCK
  5
5F3
330
5F2
100
AcDbEntity
  8
0
100
AcDbBlockBegin
  2
*D72
 70
     1
 10
0.0
 20
0.0
 30
0.0
  3
*D72
  1

  0
LINE
  5
5F4
330
5F2
100
AcDbEntity
  8
AKS OLCU (BEYKENT)
 62
     0
440
 16777216
370
    -2
100
AcDbLine
 10
124528.422197769
 20
12211.45461318393
 30
0.0
 11
124528.422197769
 21
12208.63461318393
 31
0.0
  0
LINE
  5
5F5
330
5F2
100
AcDbEntity
  8
AKS OLCU (BEYKENT)
 62
     0
440
 16777216
370
    -2
100
AcDbLine
 10
124823.422197769
 20
12211.45461318393
 30
0.0
 11
124823.422197769
 21
12208.63461318393
 31
0.0
  0
LINE
  5
5F6
330
5F2
100
AcDbEntity
  8
AKS OLCU (BEYKENT)
 62
     0
440
 16777216
370
    -2
100
AcDbLine
 10
124528.422197769
 20
12208.45461318393
 30
0.0
 11
124823.422197769
 21
12208.45461318393
 31
0.0
  0
LINE
  5
5F7
330
5F2
100
AcDbEntity
  8
AKS OLCU (BEYKENT)
 62
     0
440
 16777216
370
    -2
100
AcDbLine
 10
124820.422197769
 20
12205.45461318393
 30
0.0
 11
124826.422197769
 21
12211.45461318393
 31
0.0
  0
LINE
  5
5F8
330
5F2
100
AcDbEntity
  8
AKS OLCU (BEYKENT)
 62
     0
440
 16777216
370
    -2
100
AcDbLine
 10
124525.422197769
 20
12205.45461318393
 30
0.0
 11
124531.422197769
 21
12211.45461318393
 31
0.0
  0
MTEXT
  5
5F9
330
5F2
100
AcDbEntity
  8
AKS OLCU (BEYKENT)
 62
     7
440
 16777216
100
AcDbMText
 10
124675.922197769
 20
12216.57840960759
 30
0.0
 40
12.0
 41
0.0
 46
0.0
 71
     5
 72
     1
  1
\A1;295
  7
YAZI (BEYKENT)
 73
     1
 44
1.0
  0
POINT
  5
5FA
330
5F2
100
AcDbEntity
  8
Defpoints
 62
     0
440
 16777216
100
AcDbPoint
 10
124528.422197769
 20
12208.45461318393
 30
0.0
  0
POINT
  5
5FB
330
5F2
100
AcDbEntity
  8
Defpoints
 62
     0
440
 16777216
100
AcDbPoint
 10
124823.422197769
 20
12208.45461318393
 30
0.0
  0
POINT
  5
5FC
330
5F2
100
AcDbEntity
  8
Defpoints
 62
     0
440
 16777216
100
AcDbPoint
 10
124823.422197769
 20
12208.45461318393
 30
0.0
  0
ENDBLK
  5
5FD
330
5F2
100
AcDbEntity
  8
0
100
AcDbBlockEnd
  0
BLOCK
  5
5FF
330
5FE
100
AcDbEntity
  8
0
100
AcDbBlockBegin
  2
*D73
 70
     1
 10
0.0
 20
0.0
 30
0.0
  3
*D73
  1

  0
LINE
  5
600
330
5FE
100
AcDbEntity
  8
AKS OLCU (BEYKENT)
 62
     0
440
 16777216
370
    -2
100
AcDbLine
 10
122231.422197769
 20
12403.45471318394
 30
0.0
 11
122228.6021977696
 21
12403.45471318394
 31
0.0
  0
LINE
  5
601
330
5FE
100
AcDbEntity
  8
AKS OLCU (BEYKENT)
 62
     0
440
 16777216
370
    -2
100
AcDbLine
 10
122231.422197769
 20
13983.45471318394
 30
0.0
 11
122228.6021977696
 21
13983.45471318394
 31
0.0
  0
LINE
  5
602
330
5FE
100
AcDbEntity
  8
AKS OLCU (BEYKENT)
 62
     0
440
 16777216
370
    -2
100
AcDbLine
 10
122228.4221977696
 20
12403.45471318394
 30
0.0
 11
122228.4221977696
 21
13983.45471318394
 31
0.0
  0
LINE
  5
603
330
5FE
100
AcDbEntity
  8
AKS OLCU (BEYKENT)
 62
     0
440
 16777216
370
    -2
100
AcDbLine
 10
122231.4221977696
 20
13980.45471318394
 30
0.0
 11
122225.4221977696
 21
13986.45471318394
 31
0.0
  0
LINE
  5
604
330
5FE
100
AcDbEntity
  8
AKS OLCU (BEYKENT)
 62
     0
440
 16777216
370
    -2
100
AcDbLine
 10
122231.4221977696
 20
12400.45471318394
 30
0.0
 11
122225.4221977696
 21
12406.45471318394
 31
0.0
  0
MTEXT
  5
605
330
5FE
100
AcDbEntity
  8
AKS OLCU (BEYKENT)
 62
     7
440
 16777216
100
AcDbMText
 10
122220.2984013459
 20
13193.4547131839
 30
0.0
 40
12.0
 41
0.0
 46
0.0
 71
     5
 72
     1
  1
\A1;1580
  7
YAZI (BEYKENT)
 11
0.0000000000000001
 21
1.0
 31
0.0
 73
     1
 44
1.0
  0
POINT
  5
606
330
5FE
100
AcDbEntity
  8
Defpoints
 62
     0
440
 16777216
100
AcDbPoint
 10
122228.422197769
 20
12403.45471318394
 30
0.0
  0
POINT
  5
607
330
5FE
100
AcDbEntity
  8
Defpoints
 62
     0
440
 16777216
100
AcDbPoint
 10
122228.422197769
 20
13983.45471318394
 30
0.0
  0
POINT
  5
608
330
5FE
100
AcDbEntity
  8
Defpoints
 62
     0
440
 16777216
100
AcDbPoint
 10
122228.4221977696
 20
13983.45471318394
 30
0.0
  0
ENDBLK
  5
609
330
5FE
100
AcDbEntity
  8
0
100
AcDbBlockEnd
  0
BLOCK
  5
60B
330
60A
100
AcDbEntity
  8
0
100
AcDbBlockBegin
  2
*D74
 70
     1
 10
0.0
 20
0.0
 30
0.0
  3
*D74
  1

  0
LINE
  5
60C
330
60A
100
AcDbEntity
  8
AKS OLCU (BEYKENT)
 62
     0
440
 16777216
370
    -2
100
AcDbLine
 10
122251.422197769
 20
12403.45471318394
 30
0.0
 11
122248.6021977696
 21
12403.45471318394
 31
0.0
  0
LINE
  5
60D
330
60A
100
AcDbEntity
  8
AKS OLCU (BEYKENT)
 62
     0
440
 16777216
370
    -2
100
AcDbLine
 10
122251.422197769
 20
12553.45471318394
 30
0.0
 11
122248.6021977696
 21
12553.45471318394
 31
0.0
  0
LINE
  5
60E
330
60A
100
AcDbEntity
  8
AKS OLCU (BEYKENT)
 62
     0
440
 16777216
370
    -2
100
AcDbLine
 10
122248.4221977696
 20
12403.45471318394
 30
0.0
 11
122248.4221977696
 21
12553.45471318394
 31
0.0
  0
LINE
  5
60F
330
60A
100
AcDbEntity
  8
AKS OLCU (BEYKENT)
 62
     0
440
 16777216
370
    -2
100
AcDbLine
 10
122251.4221977696
 20
12550.45471318394
 30
0.0
 11
122245.4221977696
 21
12556.45471318394
 31
0.0
  0
LINE
  5
610
330
60A
100
AcDbEntity
  8
AKS OLCU (BEYKENT)
 62
     0
440
 16777216
370
    -2
100
AcDbLine
 10
122251.4221977696
 20
12400.45471318394
 30
0.0
 11
122245.4221977696
 21
12406.45471318394
 31
0.0
  0
MTEXT
  5
611
330
60A
100
AcDbEntity
  8
AKS OLCU (BEYKENT)
 62
     7
440
 16777216
100
AcDbMText
 10
122240.2984013459
 20
12478.4547131839
 30
0.0
 40
12.0
 41
0.0
 46
0.0
 71
     5
 72
     1
  1
\A1;150
  7
YAZI (BEYKENT)
 11
0.0000000000000001
 21
1.0
 31
0.0
 73
     1
 44
1.0
  0
POINT
  5
612
330
60A
100
AcDbEntity
  8
Defpoints
 62
     0
440
 16777216
100
AcDbPoint
 10
122248.422197769
 20
12403.45471318394
 30
0.0
  0
POINT
  5
613
330
60A
100
AcDbEntity
  8
Defpoints
 62
     0
440
 16777216
100
AcDbPoint
 10
122248.422197769
 20
12553.45471318394
 30
0.0
  0
POINT
  5
614
330
60A
100
AcDbEntity
  8
Defpoints
 62
     0
440
 16777216
100
AcDbPoint
 10
122248.4221977696
 20
12553.45471318394
 30
0.0
  0
ENDBLK
  5
615
330
60A
100
AcDbEntity
  8
0
100
AcDbBlockEnd
  0
BLOCK
  5
617
330
616
100
AcDbEntity
  8
0
100
AcDbBlockBegin
  2
*D75
 70
     1
 10
0.0
 20
0.0
 30
0.0
  3
*D75
  1

  0
LINE
  5
618
330
616
100
AcDbEntity
  8
AKS OLCU (BEYKENT)
 62
     0
440
 16777216
370
    -2
100
AcDbLine
 10
122251.422197769
 20
12553.45471318394
 30
0.0
 11
122248.6021977696
 21
12553.45471318394
 31
0.0
  0
LINE
  5
619
330
616
100
AcDbEntity
  8
AKS OLCU (BEYKENT)
 62
     0
440
 16777216
370
    -2
100
AcDbLine
 10
122251.422197769
 20
12767.45471318394
 30
0.0
 11
122248.6021977696
 21
12767.45471318394
 31
0.0
  0
LINE
  5
61A
330
616
100
AcDbEntity
  8
AKS OLCU (BEYKENT)
 62
     0
440
 16777216
370
    -2
100
AcDbLine
 10
122248.4221977696
 20
12553.45471318394
 30
0.0
 11
122248.4221977696
 21
12767.45471318394
 31
0.0
  0
LINE
  5
61B
330
616
100
AcDbEntity
  8
AKS OLCU (BEYKENT)
 62
     0
440
 16777216
370
    -2
100
AcDbLine
 10
122251.4221977696
 20
12764.45471318394
 30
0.0
 11
122245.4221977696
 21
12770.45471318394
 31
0.0
  0
LINE
  5
61C
330
616
100
AcDbEntity
  8
AKS OLCU (BEYKENT)
 62
     0
440
 16777216
370
    -2
100
AcDbLine
 10
122251.4221977696
 20
12550.45471318394
 30
0.0
 11
122245.4221977696
 21
12556.45471318394
 31
0.0
  0
MTEXT
  5
61D
330
616
100
AcDbEntity
  8
AKS OLCU (BEYKENT)
 62
     7
440
 16777216
100
AcDbMText
 10
122240.3561730103
 20
12660.4547131839
 30
0.0
 40
12.0
 41
0.0
 46
0.0
 71
     5
 72
     1
  1
\A1;214
  7
YAZI (BEYKENT)
 11
0.0000000000000001
 21
1.0
 31
0.0
 73
     1
 44
1.0
  0
POINT
  5
61E
330
616
100
AcDbEntity
  8
Defpoints
 62
     0
440
 16777216
100
AcDbPoint
 10
122248.422197769
 20
12553.45471318394
 30
0.0
  0
POINT
  5
61F
330
616
100
AcDbEntity
  8
Defpoints
 62
     0
440
 16777216
100
AcDbPoint
 10
122248.422197769
 20
12767.45471318394
 30
0.0
  0
POINT
  5
620
330
616
100
AcDbEntity
  8
Defpoints
 62
     0
440
 16777216
100
AcDbPoint
 10
122248.4221977696
 20
12767.45471318394
 30
0.0
  0
ENDBLK
  5
621
330
616
100
AcDbEntity
  8
0
100
AcDbBlockEnd
  0
BLOCK
  5
623
330
622
100
AcDbEntity
  8
0
100
AcDbBlockBegin
  2
*D76
 70
     1
 10
0.0
 20
0.0
 30
0.0
  3
*D76
  1

  0
LINE
  5
624
330
622
100
AcDbEntity
  8
AKS OLCU (BEYKENT)
 62
     0
440
 16777216
370
    -2
100
AcDbLine
 10
122251.422197769
 20
12767.45471318394
 30
0.0
 11
122248.6021977696
 21
12767.45471318394
 31
0.0
  0
LINE
  5
625
330
622
100
AcDbEntity
  8
AKS OLCU (BEYKENT)
 62
     0
440
 16777216
370
    -2
100
AcDbLine
 10
122251.422197769
 20
12903.45471318394
 30
0.0
 11
122248.6021977696
 21
12903.45471318394
 31
0.0
  0
LINE
  5
626
330
622
100
AcDbEntity
  8
AKS OLCU (BEYKENT)
 62
     0
440
 16777216
370
    -2
100
AcDbLine
 10
122248.4221977696
 20
12767.45471318394
 30
0.0
 11
122248.4221977696
 21
12903.45471318394
 31
0.0
  0
LINE
  5
627
330
622
100
AcDbEntity
  8
AKS OLCU (BEYKENT)
 62
     0
440
 16777216
370
    -2
100
AcDbLine
 10
122251.4221977696
 20
12900.45471318394
 30
0.0
 11
122245.4221977696
 21
12906.45471318394
 31
0.0
  0
LINE
  5
628
330
622
100
AcDbEntity
  8
AKS OLCU (BEYKENT)
 62
     0
440
 16777216
370
    -2
100
AcDbLine
 10
122251.4221977696
 20
12764.45471318394
 30
0.0
 11
122245.4221977696
 21
12770.45471318394
 31
0.0
  0
MTEXT
  5
629
330
622
100
AcDbEntity
  8
AKS OLCU (BEYKENT)
 62
     7
440
 16777216
100
AcDbMText
 10
122240.2984013459
 20
12835.4547131839
 30
0.0
 40
12.0
 41
0.0
 46
0.0
 71
     5
 72
     1
  1
\A1;136
  7
YAZI (BEYKENT)
 11
0.0000000000000001
 21
1.0
 31
0.0
 73
     1
 44
1.0
  0
POINT
  5
62A
330
622
100
AcDbEntity
  8
Defpoints
 62
     0
440
 16777216
100
AcDbPoint
 10
122248.422197769
 20
12767.45471318394
 30
0.0
  0
POINT
  5
62B
330
622
100
AcDbEntity
  8
Defpoints
 62
     0
440
 16777216
100
AcDbPoint
 10
122248.422197769
 20
12903.45471318394
 30
0.0
  0
POINT
  5
62C
330
622
100
AcDbEntity
  8
Defpoints
 62
     0
440
 16777216
100
AcDbPoint
 10
122248.4221977696
 20
12903.45471318394
 30
0.0
  0
ENDBLK
  5
62D
330
622
100
AcDbEntity
  8
0
100
AcDbBlockEnd
  0
BLOCK
  5
62F
330
62E
100
AcDbEntity
  8
0
100
AcDbBlockBegin
  2
*D77
 70
     1
 10
0.0
 20
0.0
 30
0.0
  3
*D77
  1

  0
LINE
  5
630
330
62E
100
AcDbEntity
  8
AKS OLCU (BEYKENT)
 62
     0
440
 16777216
370
    -2
100
AcDbLine
 10
122251.422197769
 20
12903.45471318394
 30
0.0
 11
122248.6021977696
 21
12903.45471318394
 31
0.0
  0
LINE
  5
631
330
62E
100
AcDbEntity
  8
AKS OLCU (BEYKENT)
 62
     0
440
 16777216
370
    -2
100
AcDbLine
 10
122251.422197769
 20
13033.45471318394
 30
0.0
 11
122248.6021977696
 21
13033.45471318394
 31
0.0
  0
LINE
  5
632
330
62E
100
AcDbEntity
  8
AKS OLCU (BEYKENT)
 62
     0
440
 16777216
370
    -2
100
AcDbLine
 10
122248.4221977696
 20
12903.45471318394
 30
0.0
 11
122248.4221977696
 21
13033.45471318394
 31
0.0
  0
LINE
  5
633
330
62E
100
AcDbEntity
  8
AKS OLCU (BEYKENT)
 62
     0
440
 16777216
370
    -2
100
AcDbLine
 10
122251.4221977696
 20
13030.45471318394
 30
0.0
 11
122245.4221977696
 21
13036.45471318394
 31
0.0
  0
LINE
  5
634
330
62E
100
AcDbEntity
  8
AKS OLCU (BEYKENT)
 62
     0
440
 16777216
370
    -2
100
AcDbLine
 10
122251.4221977696
 20
12900.45471318394
 30
0.0
 11
122245.4221977696
 21
12906.45471318394
 31
0.0
  0
MTEXT
  5
635
330
62E
100
AcDbEntity
  8
AKS OLCU (BEYKENT)
 62
     7
440
 16777216
100
AcDbMText
 10
122240.2984013459
 20
12968.4547131839
 30
0.0
 40
12.0
 41
0.0
 46
0.0
 71
     5
 72
     1
  1
\A1;130
  7
YAZI (BEYKENT)
 11
0.0000000000000001
 21
1.0
 31
0.0
 73
     1
 44
1.0
  0
POINT
  5
636
330
62E
100
AcDbEntity
  8
Defpoints
 62
     0
440
 16777216
100
AcDbPoint
 10
122248.422197769
 20
12903.45471318394
 30
0.0
  0
POINT
  5
637
330
62E
100
AcDbEntity
  8
Defpoints
 62
     0
440
 16777216
100
AcDbPoint
 10
122248.422197769
 20
13033.45471318394
 30
0.0
  0
POINT
  5
638
330
62E
100
AcDbEntity
  8
Defpoints
 62
     0
440
 16777216
100
AcDbPoint
 10
122248.4221977696
 20
13033.45471318394
 30
0.0
  0
ENDBLK
  5
639
330
62E
100
AcDbEntity
  8
0
100
AcDbBlockEnd
  0
BLOCK
  5
63B
330
63A
100
AcDbEntity
  8
0
100
AcDbBlockBegin
  2
*D78
 70
     1
 10
0.0
 20
0.0
 30
0.0
  3
*D78
  1

  0
LINE
  5
63C
330
63A
100
AcDbEntity
  8
AKS OLCU (BEYKENT)
 62
     0
440
 16777216
370
    -2
100
AcDbLine
 10
122251.422197769
 20
13033.45471318394
 30
0.0
 11
122248.6021977696
 21
13033.45471318394
 31
0.0
  0
LINE
  5
63D
330
63A
100
AcDbEntity
  8
AKS OLCU (BEYKENT)
 62
     0
440
 16777216
370
    -2
100
AcDbLine
 10
122251.422197769
 20
13118.45471318394
 30
0.0
 11
122248.6021977696
 21
13118.45471318394
 31
0.0
  0
LINE
  5
63E
330
63A
100
AcDbEntity
  8
AKS OLCU (BEYKENT)
 62
     0
440
 16777216
370
    -2
100
AcDbLine
 10
122248.4221977696
 20
13033.45471318394
 30
0.0
 11
122248.4221977696
 21
13118.45471318394
 31
0.0
  0
LINE
  5
63F
330
63A
100
AcDbEntity
  8
AKS OLCU (BEYKENT)
 62
     0
440
 16777216
370
    -2
100
AcDbLine
 10
122251.4221977696
 20
13115.45471318394
 30
0.0
 11
122245.4221977696
 21
13121.45471318394
 31
0.0
  0
LINE
  5
640
330
63A
100
AcDbEntity
  8
AKS OLCU (BEYKENT)
 62
     0
440
 16777216
370
    -2
100
AcDbLine
 10
122251.4221977696
 20
13030.45471318394
 30
0.0
 11
122245.4221977696
 21
13036.45471318394
 31
0.0
  0
MTEXT
  5
641
330
63A
100
AcDbEntity
  8
AKS OLCU (BEYKENT)
 62
     7
440
 16777216
100
AcDbMText
 10
122240.2984013459
 20
13075.9547131839
 30
0.0
 40
12.0
 41
0.0
 46
0.0
 71
     5
 72
     1
  1
\A1;85
  7
YAZI (BEYKENT)
 11
0.0000000000000001
 21
1.0
 31
0.0
 73
     1
 44
1.0
  0
POINT
  5
642
330
63A
100
AcDbEntity
  8
Defpoints
 62
     0
440
 16777216
100
AcDbPoint
 10
122248.422197769
 20
13033.45471318394
 30
0.0
  0
POINT
  5
643
330
63A
100
AcDbEntity
  8
Defpoints
 62
     0
440
 16777216
100
AcDbPoint
 10
122248.422197769
 20
13118.45471318394
 30
0.0
  0
POINT
  5
644
330
63A
100
AcDbEntity
  8
Defpoints
 62
     0
440
 16777216
100
AcDbPoint
 10
122248.4221977696
 20
13118.45471318394
 30
0.0
  0
ENDBLK
  5
645
330
63A
100
AcDbEntity
  8
0
100
AcDbBlockEnd
  0
BLOCK
  5
647
330
646
100
AcDbEntity
  8
0
100
AcDbBlockBegin
  2
*D79
 70
     1
 10
0.0
 20
0.0
 30
0.0
  3
*D79
  1

  0
LINE
  5
648
330
646
100
AcDbEntity
  8
AKS OLCU (BEYKENT)
 62
     0
440
 16777216
370
    -2
100
AcDbLine
 10
122251.422197769
 20
13118.45471318394
 30
0.0
 11
122248.6021977696
 21
13118.45471318394
 31
0.0
  0
LINE
  5
649
330
646
100
AcDbEntity
  8
AKS OLCU (BEYKENT)
 62
     0
440
 16777216
370
    -2
100
AcDbLine
 10
122251.422197769
 20
13188.45481318394
 30
0.0
 11
122248.6021977696
 21
13188.45481318394
 31
0.0
  0
LINE
  5
64A
330
646
100
AcDbEntity
  8
AKS OLCU (BEYKENT)
 62
     0
440
 16777216
370
    -2
100
AcDbLine
 10
122248.4221977696
 20
13118.45471318394
 30
0.0
 11
122248.4221977696
 21
13188.45481318394
 31
0.0
  0
LINE
  5
64B
330
646
100
AcDbEntity
  8
AKS OLCU (BEYKENT)
 62
     0
440
 16777216
370
    -2
100
AcDbLine
 10
122251.4221977696
 20
13185.45481318394
 30
0.0
 11
122245.4221977696
 21
13191.45481318394
 31
0.0
  0
LINE
  5
64C
330
646
100
AcDbEntity
  8
AKS OLCU (BEYKENT)
 62
     0
440
 16777216
370
    -2
100
AcDbLine
 10
122251.4221977696
 20
13115.45471318394
 30
0.0
 11
122245.4221977696
 21
13121.45471318394
 31
0.0
  0
MTEXT
  5
64D
330
646
100
AcDbEntity
  8
AKS OLCU (BEYKENT)
 62
     7
440
 16777216
100
AcDbMText
 10
122240.2984013459
 20
13153.4547631839
 30
0.0
 40
12.0
 41
0.0
 46
0.0
 71
     5
 72
     1
  1
\A1;70
  7
YAZI (BEYKENT)
 11
0.0000000000000001
 21
1.0
 31
0.0
 73
     1
 44
1.0
  0
POINT
  5
64E
330
646
100
AcDbEntity
  8
Defpoints
 62
     0
440
 16777216
100
AcDbPoint
 10
122248.422197769
 20
13118.45471318394
 30
0.0
  0
POINT
  5
64F
330
646
100
AcDbEntity
  8
Defpoints
 62
     0
440
 16777216
100
AcDbPoint
 10
122248.422197769
 20
13188.45481318394
 30
0.0
  0
POINT
  5
650
330
646
100
AcDbEntity
  8
Defpoints
 62
     0
440
 16777216
100
AcDbPoint
 10
122248.4221977696
 20
13188.45481318394
 30
0.0
  0
ENDBLK
  5
651
330
646
100
AcDbEntity
  8
0
100
AcDbBlockEnd
  0
BLOCK
  5
653
330
652
100
AcDbEntity
  8
0
100
AcDbBlockBegin
  2
*D80
 70
     1
 10
0.0
 20
0.0
 30
0.0
  3
*D80
  1

  0
LINE
  5
654
330
652
100
AcDbEntity
  8
AKS OLCU (BEYKENT)
 62
     0
440
 16777216
370
    -2
100
AcDbLine
 10
122251.422197769
 20
13188.45481318394
 30
0.0
 11
122248.6021977696
 21
13188.45481318394
 31
0.0
  0
LINE
  5
655
330
652
100
AcDbEntity
  8
AKS OLCU (BEYKENT)
 62
     0
440
 16777216
370
    -2
100
AcDbLine
 10
122251.422197769
 20
13268.45471318394
 30
0.0
 11
122248.6021977696
 21
13268.45471318394
 31
0.0
  0
LINE
  5
656
330
652
100
AcDbEntity
  8
AKS OLCU (BEYKENT)
 62
     0
440
 16777216
370
    -2
100
AcDbLine
 10
122248.4221977696
 20
13188.45481318394
 30
0.0
 11
122248.4221977696
 21
13268.45471318394
 31
0.0
  0
LINE
  5
657
330
652
100
AcDbEntity
  8
AKS OLCU (BEYKENT)
 62
     0
440
 16777216
370
    -2
100
AcDbLine
 10
122251.4221977696
 20
13265.45471318394
 30
0.0
 11
122245.4221977696
 21
13271.45471318394
 31
0.0
  0
LINE
  5
658
330
652
100
AcDbEntity
  8
AKS OLCU (BEYKENT)
 62
     0
440
 16777216
370
    -2
100
AcDbLine
 10
122251.4221977696
 20
13185.45481318394
 30
0.0
 11
122245.4221977696
 21
13191.45481318394
 31
0.0
  0
MTEXT
  5
659
330
652
100
AcDbEntity
  8
AKS OLCU (BEYKENT)
 62
     7
440
 16777216
100
AcDbMText
 10
122240.2984013459
 20
13228.4547631839
 30
0.0
 40
12.0
 41
0.0
 46
0.0
 71
     5
 72
     1
  1
\A1;80
  7
YAZI (BEYKENT)
 11
0.0000000000000001
 21
1.0
 31
0.0
 73
     1
 44
1.0
  0
POINT
  5
65A
330
652
100
AcDbEntity
  8
Defpoints
 62
     0
440
 16777216
100
AcDbPoint
 10
122248.422197769
 20
13188.45481318394
 30
0.0
  0
POINT
  5
65B
330
652
100
AcDbEntity
  8
Defpoints
 62
     0
440
 16777216
100
AcDbPoint
 10
122248.422197769
 20
13268.45471318394
 30
0.0
  0
POINT
  5
65C
330
652
100
AcDbEntity
  8
Defpoints
 62
     0
440
 16777216
100
AcDbPoint
 10
122248.4221977696
 20
13268.45471318394
 30
0.0
  0
ENDBLK
  5
65D
330
652
100
AcDbEntity
  8
0
100
AcDbBlockEnd
  0
BLOCK
  5
65F
330
65E
100
AcDbEntity
  8
0
100
AcDbBlockBegin
  2
*D81
 70
     1
 10
0.0
 20
0.0
 30
0.0
  3
*D81
  1

  0
LINE
  5
660
330
65E
100
AcDbEntity
  8
AKS OLCU (BEYKENT)
 62
     0
440
 16777216
370
    -2
100
AcDbLine
 10
122251.422197769
 20
13268.45471318394
 30
0.0
 11
122248.6021977696
 21
13268.45471318394
 31
0.0
  0
LINE
  5
661
330
65E
100
AcDbEntity
  8
AKS OLCU (BEYKENT)
 62
     0
440
 16777216
370
    -2
100
AcDbLine
 10
122251.422197769
 20
13353.45471318394
 30
0.0
 11
122248.6021977696
 21
13353.45471318394
 31
0.0
  0
LINE
  5
662
330
65E
100
AcDbEntity
  8
AKS OLCU (BEYKENT)
 62
     0
440
 16777216
370
    -2
100
AcDbLine
 10
122248.4221977696
 20
13268.45471318394
 30
0.0
 11
122248.4221977696
 21
13353.45471318394
 31
0.0
  0
LINE
  5
663
330
65E
100
AcDbEntity
  8
AKS OLCU (BEYKENT)
 62
     0
440
 16777216
370
    -2
100
AcDbLine
 10
122251.4221977696
 20
13350.45471318394
 30
0.0
 11
122245.4221977696
 21
13356.45471318394
 31
0.0
  0
LINE
  5
664
330
65E
100
AcDbEntity
  8
AKS OLCU (BEYKENT)
 62
     0
440
 16777216
370
    -2
100
AcDbLine
 10
122251.4221977696
 20
13265.45471318394
 30
0.0
 11
122245.4221977696
 21
13271.45471318394
 31
0.0
  0
MTEXT
  5
665
330
65E
100
AcDbEntity
  8
AKS OLCU (BEYKENT)
 62
     7
440
 16777216
100
AcDbMText
 10
122240.2984013459
 20
13310.9547131839
 30
0.0
 40
12.0
 41
0.0
 46
0.0
 71
     5
 72
     1
  1
\A1;85
  7
YAZI (BEYKENT)
 11
0.0000000000000001
 21
1.0
 31
0.0
 73
     1
 44
1.0
  0
POINT
  5
666
330
65E
100
AcDbEntity
  8
Defpoints
 62
     0
440
 16777216
100
AcDbPoint
 10
122248.422197769
 20
13268.45471318394
 30
0.0
  0
POINT
  5
667
330
65E
100
AcDbEntity
  8
Defpoints
 62
     0
440
 16777216
100
AcDbPoint
 10
122248.422197769
 20
13353.45471318394
 30
0.0
  0
POINT
  5
668
330
65E
100
AcDbEntity
  8
Defpoints
 62
     0
440
 16777216
100
AcDbPoint
 10
122248.4221977696
 20
13353.45471318394
 30
0.0
  0
ENDBLK
  5
669
330
65E
100
AcDbEntity
  8
0
100
AcDbBlockEnd
  0
BLOCK
  5
66B
330
66A
100
AcDbEntity
  8
0
100
AcDbBlockBegin
  2
*D82
 70
     1
 10
0.0
 20
0.0
 30
0.0
  3
*D82
  1

  0
LINE
  5
66C
330
66A
100
AcDbEntity
  8
AKS OLCU (BEYKENT)
 62
     0
440
 16777216
370
    -2
100
AcDbLine
 10
122251.422197769
 20
13353.45471318394
 30
0.0
 11
122248.6021977696
 21
13353.45471318394
 31
0.0
  0
LINE
  5
66D
330
66A
100
AcDbEntity
  8
AKS OLCU (BEYKENT)
 62
     0
440
 16777216
370
    -2
100
AcDbLine
 10
122251.422197769
 20
13363.45471318394
 30
0.0
 11
122248.6021977696
 21
13363.45471318394
 31
0.0
  0
LINE
  5
66E
330
66A
100
AcDbEntity
  8
AKS OLCU (BEYKENT)
 62
     0
440
 16777216
370
    -2
100
AcDbLine
 10
122248.4221977696
 20
13353.45471318394
 30
0.0
 11
122248.4221977696
 21
13347.45471318394
 31
0.0
  0
LINE
  5
66F
330
66A
100
AcDbEntity
  8
AKS OLCU (BEYKENT)
 62
     0
440
 16777216
370
    -2
100
AcDbLine
 10
122248.4221977696
 20
13363.45471318394
 30
0.0
 11
122248.4221977696
 21
13369.45471318394
 31
0.0
  0
LINE
  5
670
330
66A
100
AcDbEntity
  8
AKS OLCU (BEYKENT)
 62
     0
440
 16777216
370
    -2
100
AcDbLine
 10
122248.4221977696
 20
13353.45471318394
 30
0.0
 11
122248.4221977696
 21
13363.45471318394
 31
0.0
  0
LINE
  5
671
330
66A
100
AcDbEntity
  8
AKS OLCU (BEYKENT)
 62
     0
440
 16777216
370
    -2
100
AcDbLine
 10
122251.4221977696
 20
13360.45471318394
 30
0.0
 11
122245.4221977696
 21
13366.45471318394
 31
0.0
  0
LINE
  5
672
330
66A
100
AcDbEntity
  8
AKS OLCU (BEYKENT)
 62
     0
440
 16777216
370
    -2
100
AcDbLine
 10
122251.4221977696
 20
13350.45471318394
 30
0.0
 11
122245.4221977696
 21
13356.45471318394
 31
0.0
  0
MTEXT
  5
673
330
66A
100
AcDbEntity
  8
AKS OLCU (BEYKENT)
 62
     7
440
 16777216
100
AcDbMText
 10
122240.2984013459
 20
13358.4547131839
 30
0.0
 40
12.0
 41
0.0
 46
0.0
 71
     5
 72
     1
  1
\A1;10
  7
YAZI (BEYKENT)
 11
0.0000000000000001
 21
1.0
 31
0.0
 73
     1
 44
1.0
  0
POINT
  5
674
330
66A
100
AcDbEntity
  8
Defpoints
 62
     0
440
 16777216
100
AcDbPoint
 10
122248.422197769
 20
13353.45471318394
 30
0.0
  0
POINT
  5
675
330
66A
100
AcDbEntity
  8
Defpoints
 62
     0
440
 16777216
100
AcDbPoint
 10
122248.422197769
 20
13363.45471318394
 30
0.0
  0
POINT
  5
676
330
66A
100
AcDbEntity
  8
Defpoints
 62
     0
440
 16777216
100
AcDbPoint
 10
122248.4221977696
 20
13363.45471318394
 30
0.0
  0
ENDBLK
  5
677
330
66A
100
AcDbEntity
  8
0
100
AcDbBlockEnd
  0
BLOCK
  5
679
330
678
100
AcDbEntity
  8
0
100
AcDbBlockBegin
  2
*D83
 70
     1
 10
0.0
 20
0.0
 30
0.0
  3
*D83
  1

  0
LINE
  5
67A
330
678
100
AcDbEntity
  8
AKS OLCU (BEYKENT)
 62
     0
440
 16777216
370
    -2
100
AcDbLine
 10
122251.422197769
 20
13363.45471318394
 30
0.0
 11
122248.6021977696
 21
13363.45471318394
 31
0.0
  0
LINE
  5
67B
330
678
100
AcDbEntity
  8
AKS OLCU (BEYKENT)
 62
     0
440
 16777216
370
    -2
100
AcDbLine
 10
122251.422197769
 20
13483.45471318394
 30
0.0
 11
122248.6021977696
 21
13483.45471318394
 31
0.0
  0
LINE
  5
67C
330
678
100
AcDbEntity
  8
AKS OLCU (BEYKENT)
 62
     0
440
 16777216
370
    -2
100
AcDbLine
 10
122248.4221977696
 20
13363.45471318394
 30
0.0
 11
122248.4221977696
 21
13483.45471318394
 31
0.0
  0
LINE
  5
67D
330
678
100
AcDbEntity
  8
AKS OLCU (BEYKENT)
 62
     0
440
 16777216
370
    -2
100
AcDbLine
 10
122251.4221977696
 20
13480.45471318394
 30
0.0
 11
122245.4221977696
 21
13486.45471318394
 31
0.0
  0
LINE
  5
67E
330
678
100
AcDbEntity
  8
AKS OLCU (BEYKENT)
 62
     0
440
 16777216
370
    -2
100
AcDbLine
 10
122251.4221977696
 20
13360.45471318394
 30
0.0
 11
122245.4221977696
 21
13366.45471318394
 31
0.0
  0
MTEXT
  5
67F
330
678
100
AcDbEntity
  8
AKS OLCU (BEYKENT)
 62
     7
440
 16777216
100
AcDbMText
 10
122240.2984013459
 20
13423.4547131839
 30
0.0
 40
12.0
 41
0.0
 46
0.0
 71
     5
 72
     1
  1
\A1;120
  7
YAZI (BEYKENT)
 11
0.0000000000000001
 21
1.0
 31
0.0
 73
     1
 44
1.0
  0
POINT
  5
680
330
678
100
AcDbEntity
  8
Defpoints
 62
     0
440
 16777216
100
AcDbPoint
 10
122248.422197769
 20
13363.45471318394
 30
0.0
  0
POINT
  5
681
330
678
100
AcDbEntity
  8
Defpoints
 62
     0
440
 16777216
100
AcDbPoint
 10
122248.422197769
 20
13483.45471318394
 30
0.0
  0
POINT
  5
682
330
678
100
AcDbEntity
  8
Defpoints
 62
     0
440
 16777216
100
AcDbPoint
 10
122248.4221977696
 20
13483.45471318394
 30
0.0
  0
ENDBLK
  5
683
330
678
100
AcDbEntity
  8
0
100
AcDbBlockEnd
  0
BLOCK
  5
685
330
684
100
AcDbEntity
  8
0
100
AcDbBlockBegin
  2
*D84
 70
     1
 10
0.0
 20
0.0
 30
0.0
  3
*D84
  1

  0
LINE
  5
686
330
684
100
AcDbEntity
  8
AKS OLCU (BEYKENT)
 62
     0
440
 16777216
370
    -2
100
AcDbLine
 10
122251.422197769
 20
13483.45471318394
 30
0.0
 11
122248.6021977696
 21
13483.45471318394
 31
0.0
  0
LINE
  5
687
330
684
100
AcDbEntity
  8
AKS OLCU (BEYKENT)
 62
     0
440
 16777216
370
    -2
100
AcDbLine
 10
122251.422197769
 20
13833.45471318394
 30
0.0
 11
122248.6021977696
 21
13833.45471318394
 31
0.0
  0
LINE
  5
688
330
684
100
AcDbEntity
  8
AKS OLCU (BEYKENT)
 62
     0
440
 16777216
370
    -2
100
AcDbLine
 10
122248.4221977696
 20
13483.45471318394
 30
0.0
 11
122248.4221977696
 21
13833.45471318394
 31
0.0
  0
LINE
  5
689
330
684
100
AcDbEntity
  8
AKS OLCU (BEYKENT)
 62
     0
440
 16777216
370
    -2
100
AcDbLine
 10
122251.4221977696
 20
13830.45471318394
 30
0.0
 11
122245.4221977696
 21
13836.45471318394
 31
0.0
  0
LINE
  5
68A
330
684
100
AcDbEntity
  8
AKS OLCU (BEYKENT)
 62
     0
440
 16777216
370
    -2
100
AcDbLine
 10
122251.4221977696
 20
13480.45471318394
 30
0.0
 11
122245.4221977696
 21
13486.45471318394
 31
0.0
  0
MTEXT
  5
68B
330
684
100
AcDbEntity
  8
AKS OLCU (BEYKENT)
 62
     7
440
 16777216
100
AcDbMText
 10
122240.2984013459
 20
13658.4547131839
 30
0.0
 40
12.0
 41
0.0
 46
0.0
 71
     5
 72
     1
  1
\A1;350
  7
YAZI (BEYKENT)
 11
0.0000000000000001
 21
1.0
 31
0.0
 73
     1
 44
1.0
  0
POINT
  5
68C
330
684
100
AcDbEntity
  8
Defpoints
 62
     0
440
 16777216
100
AcDbPoint
 10
122248.422197769
 20
13483.45471318394
 30
0.0
  0
POINT
  5
68D
330
684
100
AcDbEntity
  8
Defpoints
 62
     0
440
 16777216
100
AcDbPoint
 10
122248.422197769
 20
13833.45471318394
 30
0.0
  0
POINT
  5
68E
330
684
100
AcDbEntity
  8
Defpoints
 62
     0
440
 16777216
100
AcDbPoint
 10
122248.4221977696
 20
13833.45471318394
 30
0.0
  0
ENDBLK
  5
68F
330
684
100
AcDbEntity
  8
0
100
AcDbBlockEnd
  0
BLOCK
  5
691
330
690
100
AcDbEntity
  8
0
100
AcDbBlockBegin
  2
*D85
 70
     1
 10
0.0
 20
0.0
 30
0.0
  3
*D85
  1

  0
LINE
  5
692
330
690
100
AcDbEntity
  8
AKS OLCU (BEYKENT)
 62
     0
440
 16777216
370
    -2
100
AcDbLine
 10
122251.422197769
 20
13833.45471318394
 30
0.0
 11
122248.6021977696
 21
13833.45471318394
 31
0.0
  0
LINE
  5
693
330
690
100
AcDbEntity
  8
AKS OLCU (BEYKENT)
 62
     0
440
 16777216
370
    -2
100
AcDbLine
 10
122251.422197769
 20
13983.45471318394
 30
0.0
 11
122248.6021977696
 21
13983.45471318394
 31
0.0
  0
LINE
  5
694
330
690
100
AcDbEntity
  8
AKS OLCU (BEYKENT)
 62
     0
440
 16777216
370
    -2
100
AcDbLine
 10
122248.4221977696
 20
13833.45471318394
 30
0.0
 11
122248.4221977696
 21
13983.45471318394
 31
0.0
  0
LINE
  5
695
330
690
100
AcDbEntity
  8
AKS OLCU (BEYKENT)
 62
     0
440
 16777216
370
    -2
100
AcDbLine
 10
122251.4221977696
 20
13980.45471318394
 30
0.0
 11
122245.4221977696
 21
13986.45471318394
 31
0.0
  0
LINE
  5
696
330
690
100
AcDbEntity
  8
AKS OLCU (BEYKENT)
 62
     0
440
 16777216
370
    -2
100
AcDbLine
 10
122251.4221977696
 20
13830.45471318394
 30
0.0
 11
122245.4221977696
 21
13836.45471318394
 31
0.0
  0
MTEXT
  5
697
330
690
100
AcDbEntity
  8
AKS OLCU (BEYKENT)
 62
     7
440
 16777216
100
AcDbMText
 10
122240.2984013459
 20
13908.4547131839
 30
0.0
 40
12.0
 41
0.0
 46
0.0
 71
     5
 72
     1
  1
\A1;150
  7
YAZI (BEYKENT)
 11
0.0000000000000001
 21
1.0
 31
0.0
 73
     1
 44
1.0
  0
POINT
  5
698
330
690
100
AcDbEntity
  8
Defpoints
 62
     0
440
 16777216
100
AcDbPoint
 10
122248.422197769
 20
13833.45471318394
 30
0.0
  0
POINT
  5
699
330
690
100
AcDbEntity
  8
Defpoints
 62
     0
440
 16777216
100
AcDbPoint
 10
122248.422197769
 20
13983.45471318394
 30
0.0
  0
POINT
  5
69A
330
690
100
AcDbEntity
  8
Defpoints
 62
     0
440
 16777216
100
AcDbPoint
 10
122248.4221977696
 20
13983.45471318394
 30
0.0
  0
ENDBLK
  5
69B
330
690
100
AcDbEntity
  8
0
100
AcDbBlockEnd
  0
BLOCK
  5
69D
330
69C
100
AcDbEntity
  8
0
100
AcDbBlockBegin
  2
*D86
 70
     1
 10
0.0
 20
0.0
 30
0.0
  3
*D86
  1

  0
LINE
  5
69E
330
69C
100
AcDbEntity
  8
AKS OLCU (BEYKENT)
 62
     0
440
 16777216
370
    -2
100
AcDbLine
 10
124991.422197769
 20
12403.45471318394
 30
0.0
 11
124988.6021977697
 21
12403.45471318394
 31
0.0
  0
LINE
  5
69F
330
69C
100
AcDbEntity
  8
AKS OLCU (BEYKENT)
 62
     0
440
 16777216
370
    -2
100
AcDbLine
 10
124991.422197769
 20
13983.45471318394
 30
0.0
 11
124988.6021977697
 21
13983.45471318394
 31
0.0
  0
LINE
  5
6A0
330
69C
100
AcDbEntity
  8
AKS OLCU (BEYKENT)
 62
     0
440
 16777216
370
    -2
100
AcDbLine
 10
124988.4221977697
 20
12403.45471318394
 30
0.0
 11
124988.4221977697
 21
13983.45471318394
 31
0.0
  0
LINE
  5
6A1
330
69C
100
AcDbEntity
  8
AKS OLCU (BEYKENT)
 62
     0
440
 16777216
370
    -2
100
AcDbLine
 10
124991.4221977697
 20
13980.45471318394
 30
0.0
 11
124985.4221977697
 21
13986.45471318394
 31
0.0
  0
LINE
  5
6A2
330
69C
100
AcDbEntity
  8
AKS OLCU (BEYKENT)
 62
     0
440
 16777216
370
    -2
100
AcDbLine
 10
124991.4221977697
 20
12400.45471318394
 30
0.0
 11
124985.4221977697
 21
12406.45471318394
 31
0.0
  0
MTEXT
  5
6A3
330
69C
100
AcDbEntity
  8
AKS OLCU (BEYKENT)
 62
     7
440
 16777216
100
AcDbMText
 10
124980.298401346
 20
13193.4547131839
 30
0.0
 40
12.0
 41
0.0
 46
0.0
 71
     5
 72
     1
  1
\A1;1580
  7
YAZI (BEYKENT)
 11
0.0000000000000001
 21
1.0
 31
0.0
 73
     1
 44
1.0
  0
POINT
  5
6A4
330
69C
100
AcDbEntity
  8
Defpoints
 62
     0
440
 16777216
100
AcDbPoint
 10
124988.422197769
 20
12403.45471318394
 30
0.0
  0
POINT
  5
6A5
330
69C
100
AcDbEntity
  8
Defpoints
 62
     0
440
 16777216
100
AcDbPoint
 10
124988.422197769
 20
13983.45471318394
 30
0.0
  0
POINT
  5
6A6
330
69C
100
AcDbEntity
  8
Defpoints
 62
     0
440
 16777216
100
AcDbPoint
 10
124988.4221977697
 20
13983.45471318394
 30
0.0
  0
ENDBLK
  5
6A7
330
69C
100
AcDbEntity
  8
0
100
AcDbBlockEnd
  0
BLOCK
  5
6A9
330
6A8
100
AcDbEntity
  8
0
100
AcDbBlockBegin
  2
*D87
 70
     1
 10
0.0
 20
0.0
 30
0.0
  3
*D87
  1

  0
LINE
  5
6AA
330
6A8
100
AcDbEntity
  8
AKS OLCU (BEYKENT)
 62
     0
440
 16777216
370
    -2
100
AcDbLine
 10
124971.422197769
 20
12403.45471318394
 30
0.0
 11
124968.6021977697
 21
12403.45471318394
 31
0.0
  0
LINE
  5
6AB
330
6A8
100
AcDbEntity
  8
AKS OLCU (BEYKENT)
 62
     0
440
 16777216
370
    -2
100
AcDbLine
 10
124971.422197769
 20
12553.45471318394
 30
0.0
 11
124968.6021977697
 21
12553.45471318394
 31
0.0
  0
LINE
  5
6AC
330
6A8
100
AcDbEntity
  8
AKS OLCU (BEYKENT)
 62
     0
440
 16777216
370
    -2
100
AcDbLine
 10
124968.4221977697
 20
12403.45471318394
 30
0.0
 11
124968.4221977697
 21
12553.45471318394
 31
0.0
  0
LINE
  5
6AD
330
6A8
100
AcDbEntity
  8
AKS OLCU (BEYKENT)
 62
     0
440
 16777216
370
    -2
100
AcDbLine
 10
124971.4221977697
 20
12550.45471318394
 30
0.0
 11
124965.4221977697
 21
12556.45471318394
 31
0.0
  0
LINE
  5
6AE
330
6A8
100
AcDbEntity
  8
AKS OLCU (BEYKENT)
 62
     0
440
 16777216
370
    -2
100
AcDbLine
 10
124971.4221977697
 20
12400.45471318394
 30
0.0
 11
124965.4221977697
 21
12406.45471318394
 31
0.0
  0
MTEXT
  5
6AF
330
6A8
100
AcDbEntity
  8
AKS OLCU (BEYKENT)
 62
     7
440
 16777216
100
AcDbMText
 10
124960.298401346
 20
12478.4547131839
 30
0.0
 40
12.0
 41
0.0
 46
0.0
 71
     5
 72
     1
  1
\A1;150
  7
YAZI (BEYKENT)
 11
0.0000000000000001
 21
1.0
 31
0.0
 73
     1
 44
1.0
  0
POINT
  5
6B0
330
6A8
100
AcDbEntity
  8
Defpoints
 62
     0
440
 16777216
100
AcDbPoint
 10
124968.422197769
 20
12403.45471318394
 30
0.0
  0
POINT
  5
6B1
330
6A8
100
AcDbEntity
  8
Defpoints
 62
     0
440
 16777216
100
AcDbPoint
 10
124968.422197769
 20
12553.45471318394
 30
0.0
  0
POINT
  5
6B2
330
6A8
100
AcDbEntity
  8
Defpoints
 62
     0
440
 16777216
100
AcDbPoint
 10
124968.4221977697
 20
12553.45471318394
 30
0.0
  0
ENDBLK
  5
6B3
330
6A8
100
AcDbEntity
  8
0
100
AcDbBlockEnd
  0
BLOCK
  5
6B5
330
6B4
100
AcDbEntity
  8
0
100
AcDbBlockBegin
  2
*D88
 70
     1
 10
0.0
 20
0.0
 30
0.0
  3
*D88
  1

  0
LINE
  5
6B6
330
6B4
100
AcDbEntity
  8
AKS OLCU (BEYKENT)
 62
     0
440
 16777216
370
    -2
100
AcDbLine
 10
124971.422197769
 20
12553.45471318394
 30
0.0
 11
124968.6021977697
 21
12553.45471318394
 31
0.0
  0
LINE
  5
6B7
330
6B4
100
AcDbEntity
  8
AKS OLCU (BEYKENT)
 62
     0
440
 16777216
370
    -2
100
AcDbLine
 10
124971.422197769
 20
12767.45471318394
 30
0.0
 11
124968.6021977697
 21
12767.45471318394
 31
0.0
  0
LINE
  5
6B8
330
6B4
100
AcDbEntity
  8
AKS OLCU (BEYKENT)
 62
     0
440
 16777216
370
    -2
100
AcDbLine
 10
124968.4221977697
 20
12553.45471318394
 30
0.0
 11
124968.4221977697
 21
12767.45471318394
 31
0.0
  0
LINE
  5
6B9
330
6B4
100
AcDbEntity
  8
AKS OLCU (BEYKENT)
 62
     0
440
 16777216
370
    -2
100
AcDbLine
 10
124971.4221977697
 20
12764.45471318394
 30
0.0
 11
124965.4221977697
 21
12770.45471318394
 31
0.0
  0
LINE
  5
6BA
330
6B4
100
AcDbEntity
  8
AKS OLCU (BEYKENT)
 62
     0
440
 16777216
370
    -2
100
AcDbLine
 10
124971.4221977697
 20
12550.45471318394
 30
0.0
 11
124965.4221977697
 21
12556.45471318394
 31
0.0
  0
MTEXT
  5
6BB
330
6B4
100
AcDbEntity
  8
AKS OLCU (BEYKENT)
 62
     7
440
 16777216
100
AcDbMText
 10
124960.3561730104
 20
12660.4547131839
 30
0.0
 40
12.0
 41
0.0
 46
0.0
 71
     5
 72
     1
  1
\A1;214
  7
YAZI (BEYKENT)
 11
0.0000000000000001
 21
1.0
 31
0.0
 73
     1
 44
1.0
  0
POINT
  5
6BC
330
6B4
100
AcDbEntity
  8
Defpoints
 62
     0
440
 16777216
100
AcDbPoint
 10
124968.422197769
 20
12553.45471318394
 30
0.0
  0
POINT
  5
6BD
330
6B4
100
AcDbEntity
  8
Defpoints
 62
     0
440
 16777216
100
AcDbPoint
 10
124968.422197769
 20
12767.45471318394
 30
0.0
  0
POINT
  5
6BE
330
6B4
100
AcDbEntity
  8
Defpoints
 62
     0
440
 16777216
100
AcDbPoint
 10
124968.4221977697
 20
12767.45471318394
 30
0.0
  0
ENDBLK
  5
6BF
330
6B4
100
AcDbEntity
  8
0
100
AcDbBlockEnd
  0
BLOCK
  5
6C1
330
6C0
100
AcDbEntity
  8
0
100
AcDbBlockBegin
  2
*D89
 70
     1
 10
0.0
 20
0.0
 30
0.0
  3
*D89
  1

  0
LINE
  5
6C2
330
6C0
100
AcDbEntity
  8
AKS OLCU (BEYKENT)
 62
     0
440
 16777216
370
    -2
100
AcDbLine
 10
124971.422197769
 20
12767.45471318394
 30
0.0
 11
124968.6021977697
 21
12767.45471318394
 31
0.0
  0
LINE
  5
6C3
330
6C0
100
AcDbEntity
  8
AKS OLCU (BEYKENT)
 62
     0
440
 16777216
370
    -2
100
AcDbLine
 10
124971.422197769
 20
12903.45471318394
 30
0.0
 11
124968.6021977697
 21
12903.45471318394
 31
0.0
  0
LINE
  5
6C4
330
6C0
100
AcDbEntity
  8
AKS OLCU (BEYKENT)
 62
     0
440
 16777216
370
    -2
100
AcDbLine
 10
124968.4221977697
 20
12767.45471318394
 30
0.0
 11
124968.4221977697
 21
12903.45471318394
 31
0.0
  0
LINE
  5
6C5
330
6C0
100
AcDbEntity
  8
AKS OLCU (BEYKENT)
 62
     0
440
 16777216
370
    -2
100
AcDbLine
 10
124971.4221977697
 20
12900.45471318394
 30
0.0
 11
124965.4221977697
 21
12906.45471318394
 31
0.0
  0
LINE
  5
6C6
330
6C0
100
AcDbEntity
  8
AKS OLCU (BEYKENT)
 62
     0
440
 16777216
370
    -2
100
AcDbLine
 10
124971.4221977697
 20
12764.45471318394
 30
0.0
 11
124965.4221977697
 21
12770.45471318394
 31
0.0
  0
MTEXT
  5
6C7
330
6C0
100
AcDbEntity
  8
AKS OLCU (BEYKENT)
 62
     7
440
 16777216
100
AcDbMText
 10
124960.298401346
 20
12835.4547131839
 30
0.0
 40
12.0
 41
0.0
 46
0.0
 71
     5
 72
     1
  1
\A1;136
  7
YAZI (BEYKENT)
 11
0.0000000000000001
 21
1.0
 31
0.0
 73
     1
 44
1.0
  0
POINT
  5
6C8
330
6C0
100
AcDbEntity
  8
Defpoints
 62
     0
440
 16777216
100
AcDbPoint
 10
124968.422197769
 20
12767.45471318394
 30
0.0
  0
POINT
  5
6C9
330
6C0
100
AcDbEntity
  8
Defpoints
 62
     0
440
 16777216
100
AcDbPoint
 10
124968.422197769
 20
12903.45471318394
 30
0.0
  0
POINT
  5
6CA
330
6C0
100
AcDbEntity
  8
Defpoints
 62
     0
440
 16777216
100
AcDbPoint
 10
124968.4221977697
 20
12903.45471318394
 30
0.0
  0
ENDBLK
  5
6CB
330
6C0
100
AcDbEntity
  8
0
100
AcDbBlockEnd
  0
BLOCK
  5
6CD
330
6CC
100
AcDbEntity
  8
0
100
AcDbBlockBegin
  2
*D90
 70
     1
 10
0.0
 20
0.0
 30
0.0
  3
*D90
  1

  0
LINE
  5
6CE
330
6CC
100
AcDbEntity
  8
AKS OLCU (BEYKENT)
 62
     0
440
 16777216
370
    -2
100
AcDbLine
 10
124971.422197769
 20
12903.45471318394
 30
0.0
 11
124968.6021977697
 21
12903.45471318394
 31
0.0
  0
LINE
  5
6CF
330
6CC
100
AcDbEntity
  8
AKS OLCU (BEYKENT)
 62
     0
440
 16777216
370
    -2
100
AcDbLine
 10
124971.422197769
 20
13033.45471318394
 30
0.0
 11
124968.6021977697
 21
13033.45471318394
 31
0.0
  0
LINE
  5
6D0
330
6CC
100
AcDbEntity
  8
AKS OLCU (BEYKENT)
 62
     0
440
 16777216
370
    -2
100
AcDbLine
 10
124968.4221977697
 20
12903.45471318394
 30
0.0
 11
124968.4221977697
 21
13033.45471318394
 31
0.0
  0
LINE
  5
6D1
330
6CC
100
AcDbEntity
  8
AKS OLCU (BEYKENT)
 62
     0
440
 16777216
370
    -2
100
AcDbLine
 10
124971.4221977697
 20
13030.45471318394
 30
0.0
 11
124965.4221977697
 21
13036.45471318394
 31
0.0
  0
LINE
  5
6D2
330
6CC
100
AcDbEntity
  8
AKS OLCU (BEYKENT)
 62
     0
440
 16777216
370
    -2
100
AcDbLine
 10
124971.4221977697
 20
12900.45471318394
 30
0.0
 11
124965.4221977697
 21
12906.45471318394
 31
0.0
  0
MTEXT
  5
6D3
330
6CC
100
AcDbEntity
  8
AKS OLCU (BEYKENT)
 62
     7
440
 16777216
100
AcDbMText
 10
124960.298401346
 20
12968.4547131839
 30
0.0
 40
12.0
 41
0.0
 46
0.0
 71
     5
 72
     1
  1
\A1;130
  7
YAZI (BEYKENT)
 11
0.0000000000000001
 21
1.0
 31
0.0
 73
     1
 44
1.0
  0
POINT
  5
6D4
330
6CC
100
AcDbEntity
  8
Defpoints
 62
     0
440
 16777216
100
AcDbPoint
 10
124968.422197769
 20
12903.45471318394
 30
0.0
  0
POINT
  5
6D5
330
6CC
100
AcDbEntity
  8
Defpoints
 62
     0
440
 16777216
100
AcDbPoint
 10
124968.422197769
 20
13033.45471318394
 30
0.0
  0
POINT
  5
6D6
330
6CC
100
AcDbEntity
  8
Defpoints
 62
     0
440
 16777216
100
AcDbPoint
 10
124968.4221977697
 20
13033.45471318394
 30
0.0
  0
ENDBLK
  5
6D7
330
6CC
100
AcDbEntity
  8
0
100
AcDbBlockEnd
  0
BLOCK
  5
6D9
330
6D8
100
AcDbEntity
  8
0
100
AcDbBlockBegin
  2
*D91
 70
     1
 10
0.0
 20
0.0
 30
0.0
  3
*D91
  1

  0
LINE
  5
6DA
330
6D8
100
AcDbEntity
  8
AKS OLCU (BEYKENT)
 62
     0
440
 16777216
370
    -2
100
AcDbLine
 10
124971.422197769
 20
13033.45471318394
 30
0.0
 11
124968.6021977697
 21
13033.45471318394
 31
0.0
  0
LINE
  5
6DB
330
6D8
100
AcDbEntity
  8
AKS OLCU (BEYKENT)
 62
     0
440
 16777216
370
    -2
100
AcDbLine
 10
124971.422197769
 20
13118.45471318394
 30
0.0
 11
124968.6021977697
 21
13118.45471318394
 31
0.0
  0
LINE
  5
6DC
330
6D8
100
AcDbEntity
  8
AKS OLCU (BEYKENT)
 62
     0
440
 16777216
370
    -2
100
AcDbLine
 10
124968.4221977697
 20
13033.45471318394
 30
0.0
 11
124968.4221977697
 21
13118.45471318394
 31
0.0
  0
LINE
  5
6DD
330
6D8
100
AcDbEntity
  8
AKS OLCU (BEYKENT)
 62
     0
440
 16777216
370
    -2
100
AcDbLine
 10
124971.4221977697
 20
13115.45471318394
 30
0.0
 11
124965.4221977697
 21
13121.45471318394
 31
0.0
  0
LINE
  5
6DE
330
6D8
100
AcDbEntity
  8
AKS OLCU (BEYKENT)
 62
     0
440
 16777216
370
    -2
100
AcDbLine
 10
124971.4221977697
 20
13030.45471318394
 30
0.0
 11
124965.4221977697
 21
13036.45471318394
 31
0.0
  0
MTEXT
  5
6DF
330
6D8
100
AcDbEntity
  8
AKS OLCU (BEYKENT)
 62
     7
440
 16777216
100
AcDbMText
 10
124960.298401346
 20
13075.9547131839
 30
0.0
 40
12.0
 41
0.0
 46
0.0
 71
     5
 72
     1
  1
\A1;85
  7
YAZI (BEYKENT)
 11
0.0000000000000001
 21
1.0
 31
0.0
 73
     1
 44
1.0
  0
POINT
  5
6E0
330
6D8
100
AcDbEntity
  8
Defpoints
 62
     0
440
 16777216
100
AcDbPoint
 10
124968.422197769
 20
13033.45471318394
 30
0.0
  0
POINT
  5
6E1
330
6D8
100
AcDbEntity
  8
Defpoints
 62
     0
440
 16777216
100
AcDbPoint
 10
124968.422197769
 20
13118.45471318394
 30
0.0
  0
POINT
  5
6E2
330
6D8
100
AcDbEntity
  8
Defpoints
 62
     0
440
 16777216
100
AcDbPoint
 10
124968.4221977697
 20
13118.45471318394
 30
0.0
  0
ENDBLK
  5
6E3
330
6D8
100
AcDbEntity
  8
0
100
AcDbBlockEnd
  0
BLOCK
  5
6E5
330
6E4
100
AcDbEntity
  8
0
100
AcDbBlockBegin
  2
*D92
 70
     1
 10
0.0
 20
0.0
 30
0.0
  3
*D92
  1

  0
LINE
  5
6E6
330
6E4
100
AcDbEntity
  8
AKS OLCU (BEYKENT)
 62
     0
440
 16777216
370
    -2
100
AcDbLine
 10
124971.422197769
 20
13118.45471318394
 30
0.0
 11
124968.6021977697
 21
13118.45471318394
 31
0.0
  0
LINE
  5
6E7
330
6E4
100
AcDbEntity
  8
AKS OLCU (BEYKENT)
 62
     0
440
 16777216
370
    -2
100
AcDbLine
 10
124971.422197769
 20
13188.45481318394
 30
0.0
 11
124968.6021977697
 21
13188.45481318394
 31
0.0
  0
LINE
  5
6E8
330
6E4
100
AcDbEntity
  8
AKS OLCU (BEYKENT)
 62
     0
440
 16777216
370
    -2
100
AcDbLine
 10
124968.4221977697
 20
13118.45471318394
 30
0.0
 11
124968.4221977697
 21
13188.45481318394
 31
0.0
  0
LINE
  5
6E9
330
6E4
100
AcDbEntity
  8
AKS OLCU (BEYKENT)
 62
     0
440
 16777216
370
    -2
100
AcDbLine
 10
124971.4221977697
 20
13185.45481318394
 30
0.0
 11
124965.4221977697
 21
13191.45481318394
 31
0.0
  0
LINE
  5
6EA
330
6E4
100
AcDbEntity
  8
AKS OLCU (BEYKENT)
 62
     0
440
 16777216
370
    -2
100
AcDbLine
 10
124971.4221977697
 20
13115.45471318394
 30
0.0
 11
124965.4221977697
 21
13121.45471318394
 31
0.0
  0
MTEXT
  5
6EB
330
6E4
100
AcDbEntity
  8
AKS OLCU (BEYKENT)
 62
     7
440
 16777216
100
AcDbMText
 10
124960.298401346
 20
13153.4547631839
 30
0.0
 40
12.0
 41
0.0
 46
0.0
 71
     5
 72
     1
  1
\A1;70
  7
YAZI (BEYKENT)
 11
0.0000000000000001
 21
1.0
 31
0.0
 73
     1
 44
1.0
  0
POINT
  5
6EC
330
6E4
100
AcDbEntity
  8
Defpoints
 62
     0
440
 16777216
100
AcDbPoint
 10
124968.422197769
 20
13118.45471318394
 30
0.0
  0
POINT
  5
6ED
330
6E4
100
AcDbEntity
  8
Defpoints
 62
     0
440
 16777216
100
AcDbPoint
 10
124968.422197769
 20
13188.45481318394
 30
0.0
  0
POINT
  5
6EE
330
6E4
100
AcDbEntity
  8
Defpoints
 62
     0
440
 16777216
100
AcDbPoint
 10
124968.4221977697
 20
13188.45481318394
 30
0.0
  0
ENDBLK
  5
6EF
330
6E4
100
AcDbEntity
  8
0
100
AcDbBlockEnd
  0
BLOCK
  5
6F1
330
6F0
100
AcDbEntity
  8
0
100
AcDbBlockBegin
  2
*D93
 70
     1
 10
0.0
 20
0.0
 30
0.0
  3
*D93
  1

  0
LINE
  5
6F2
330
6F0
100
AcDbEntity
  8
AKS OLCU (BEYKENT)
 62
     0
440
 16777216
370
    -2
100
AcDbLine
 10
124971.422197769
 20
13188.45481318394
 30
0.0
 11
124968.6021977697
 21
13188.45481318394
 31
0.0
  0
LINE
  5
6F3
330
6F0
100
AcDbEntity
  8
AKS OLCU (BEYKENT)
 62
     0
440
 16777216
370
    -2
100
AcDbLine
 10
124971.422197769
 20
13268.45471318394
 30
0.0
 11
124968.6021977697
 21
13268.45471318394
 31
0.0
  0
LINE
  5
6F4
330
6F0
100
AcDbEntity
  8
AKS OLCU (BEYKENT)
 62
     0
440
 16777216
370
    -2
100
AcDbLine
 10
124968.4221977697
 20
13188.45481318394
 30
0.0
 11
124968.4221977697
 21
13268.45471318394
 31
0.0
  0
LINE
  5
6F5
330
6F0
100
AcDbEntity
  8
AKS OLCU (BEYKENT)
 62
     0
440
 16777216
370
    -2
100
AcDbLine
 10
124971.4221977697
 20
13265.45471318394
 30
0.0
 11
124965.4221977697
 21
13271.45471318394
 31
0.0
  0
LINE
  5
6F6
330
6F0
100
AcDbEntity
  8
AKS OLCU (BEYKENT)
 62
     0
440
 16777216
370
    -2
100
AcDbLine
 10
124971.4221977697
 20
13185.45481318394
 30
0.0
 11
124965.4221977697
 21
13191.45481318394
 31
0.0
  0
MTEXT
  5
6F7
330
6F0
100
AcDbEntity
  8
AKS OLCU (BEYKENT)
 62
     7
440
 16777216
100
AcDbMText
 10
124960.298401346
 20
13228.4547631839
 30
0.0
 40
12.0
 41
0.0
 46
0.0
 71
     5
 72
     1
  1
\A1;80
  7
YAZI (BEYKENT)
 11
0.0000000000000001
 21
1.0
 31
0.0
 73
     1
 44
1.0
  0
POINT
  5
6F8
330
6F0
100
AcDbEntity
  8
Defpoints
 62
     0
440
 16777216
100
AcDbPoint
 10
124968.422197769
 20
13188.45481318394
 30
0.0
  0
POINT
  5
6F9
330
6F0
100
AcDbEntity
  8
Defpoints
 62
     0
440
 16777216
100
AcDbPoint
 10
124968.422197769
 20
13268.45471318394
 30
0.0
  0
POINT
  5
6FA
330
6F0
100
AcDbEntity
  8
Defpoints
 62
     0
440
 16777216
100
AcDbPoint
 10
124968.4221977697
 20
13268.45471318394
 30
0.0
  0
ENDBLK
  5
6FB
330
6F0
100
AcDbEntity
  8
0
100
AcDbBlockEnd
  0
BLOCK
  5
6FD
330
6FC
100
AcDbEntity
  8
0
100
AcDbBlockBegin
  2
*D94
 70
     1
 10
0.0
 20
0.0
 30
0.0
  3
*D94
  1

  0
LINE
  5
6FE
330
6FC
100
AcDbEntity
  8
AKS OLCU (BEYKENT)
 62
     0
440
 16777216
370
    -2
100
AcDbLine
 10
124971.422197769
 20
13268.45471318394
 30
0.0
 11
124968.6021977697
 21
13268.45471318394
 31
0.0
  0
LINE
  5
6FF
330
6FC
100
AcDbEntity
  8
AKS OLCU (BEYKENT)
 62
     0
440
 16777216
370
    -2
100
AcDbLine
 10
124971.422197769
 20
13353.45471318394
 30
0.0
 11
124968.6021977697
 21
13353.45471318394
 31
0.0
  0
LINE
  5
700
330
6FC
100
AcDbEntity
  8
AKS OLCU (BEYKENT)
 62
     0
440
 16777216
370
    -2
100
AcDbLine
 10
124968.4221977697
 20
13268.45471318394
 30
0.0
 11
124968.4221977697
 21
13353.45471318394
 31
0.0
  0
LINE
  5
701
330
6FC
100
AcDbEntity
  8
AKS OLCU (BEYKENT)
 62
     0
440
 16777216
370
    -2
100
AcDbLine
 10
124971.4221977697
 20
13350.45471318394
 30
0.0
 11
124965.4221977697
 21
13356.45471318394
 31
0.0
  0
LINE
  5
702
330
6FC
100
AcDbEntity
  8
AKS OLCU (BEYKENT)
 62
     0
440
 16777216
370
    -2
100
AcDbLine
 10
124971.4221977697
 20
13265.45471318394
 30
0.0
 11
124965.4221977697
 21
13271.45471318394
 31
0.0
  0
MTEXT
  5
703
330
6FC
100
AcDbEntity
  8
AKS OLCU (BEYKENT)
 62
     7
440
 16777216
100
AcDbMText
 10
124960.298401346
 20
13310.9547131839
 30
0.0
 40
12.0
 41
0.0
 46
0.0
 71
     5
 72
     1
  1
\A1;85
  7
YAZI (BEYKENT)
 11
0.0000000000000001
 21
1.0
 31
0.0
 73
     1
 44
1.0
  0
POINT
  5
704
330
6FC
100
AcDbEntity
  8
Defpoints
 62
     0
440
 16777216
100
AcDbPoint
 10
124968.422197769
 20
13268.45471318394
 30
0.0
  0
POINT
  5
705
330
6FC
100
AcDbEntity
  8
Defpoints
 62
     0
440
 16777216
100
AcDbPoint
 10
124968.422197769
 20
13353.45471318394
 30
0.0
  0
POINT
  5
706
330
6FC
100
AcDbEntity
  8
Defpoints
 62
     0
440
 16777216
100
AcDbPoint
 10
124968.4221977697
 20
13353.45471318394
 30
0.0
  0
ENDBLK
  5
707
330
6FC
100
AcDbEntity
  8
0
100
AcDbBlockEnd
  0
BLOCK
  5
709
330
708
100
AcDbEntity
  8
0
100
AcDbBlockBegin
  2
*D95
 70
     1
 10
0.0
 20
0.0
 30
0.0
  3
*D95
  1

  0
LINE
  5
70A
330
708
100
AcDbEntity
  8
AKS OLCU (BEYKENT)
 62
     0
440
 16777216
370
    -2
100
AcDbLine
 10
124971.422197769
 20
13353.45471318394
 30
0.0
 11
124968.6021977697
 21
13353.45471318394
 31
0.0
  0
LINE
  5
70B
330
708
100
AcDbEntity
  8
AKS OLCU (BEYKENT)
 62
     0
440
 16777216
370
    -2
100
AcDbLine
 10
124971.422197769
 20
13363.45471318394
 30
0.0
 11
124968.6021977697
 21
13363.45471318394
 31
0.0
  0
LINE
  5
70C
330
708
100
AcDbEntity
  8
AKS OLCU (BEYKENT)
 62
     0
440
 16777216
370
    -2
100
AcDbLine
 10
124968.4221977697
 20
13353.45471318394
 30
0.0
 11
124968.4221977697
 21
13347.45471318394
 31
0.0
  0
LINE
  5
70D
330
708
100
AcDbEntity
  8
AKS OLCU (BEYKENT)
 62
     0
440
 16777216
370
    -2
100
AcDbLine
 10
124968.4221977697
 20
13363.45471318394
 30
0.0
 11
124968.4221977697
 21
13369.45471318394
 31
0.0
  0
LINE
  5
70E
330
708
100
AcDbEntity
  8
AKS OLCU (BEYKENT)
 62
     0
440
 16777216
370
    -2
100
AcDbLine
 10
124968.4221977697
 20
13353.45471318394
 30
0.0
 11
124968.4221977697
 21
13363.45471318394
 31
0.0
  0
LINE
  5
70F
330
708
100
AcDbEntity
  8
AKS OLCU (BEYKENT)
 62
     0
440
 16777216
370
    -2
100
AcDbLine
 10
124971.4221977697
 20
13360.45471318394
 30
0.0
 11
124965.4221977697
 21
13366.45471318394
 31
0.0
  0
LINE
  5
710
330
708
100
AcDbEntity
  8
AKS OLCU (BEYKENT)
 62
     0
440
 16777216
370
    -2
100
AcDbLine
 10
124971.4221977697
 20
13350.45471318394
 30
0.0
 11
124965.4221977697
 21
13356.45471318394
 31
0.0
  0
MTEXT
  5
711
330
708
100
AcDbEntity
  8
AKS OLCU (BEYKENT)
 62
     7
440
 16777216
100
AcDbMText
 10
124960.298401346
 20
13358.4547131839
 30
0.0
 40
12.0
 41
0.0
 46
0.0
 71
     5
 72
     1
  1
\A1;10
  7
YAZI (BEYKENT)
 11
0.0000000000000001
 21
1.0
 31
0.0
 73
     1
 44
1.0
  0
POINT
  5
712
330
708
100
AcDbEntity
  8
Defpoints
 62
     0
440
 16777216
100
AcDbPoint
 10
124968.422197769
 20
13353.45471318394
 30
0.0
  0
POINT
  5
713
330
708
100
AcDbEntity
  8
Defpoints
 62
     0
440
 16777216
100
AcDbPoint
 10
124968.422197769
 20
13363.45471318394
 30
0.0
  0
POINT
  5
714
330
708
100
AcDbEntity
  8
Defpoints
 62
     0
440
 16777216
100
AcDbPoint
 10
124968.4221977697
 20
13363.45471318394
 30
0.0
  0
ENDBLK
  5
715
330
708
100
AcDbEntity
  8
0
100
AcDbBlockEnd
  0
BLOCK
  5
717
330
716
100
AcDbEntity
  8
0
100
AcDbBlockBegin
  2
*D96
 70
     1
 10
0.0
 20
0.0
 30
0.0
  3
*D96
  1

  0
LINE
  5
718
330
716
100
AcDbEntity
  8
AKS OLCU (BEYKENT)
 62
     0
440
 16777216
370
    -2
100
AcDbLine
 10
124971.422197769
 20
13363.45471318394
 30
0.0
 11
124968.6021977697
 21
13363.45471318394
 31
0.0
  0
LINE
  5
719
330
716
100
AcDbEntity
  8
AKS OLCU (BEYKENT)
 62
     0
440
 16777216
370
    -2
100
AcDbLine
 10
124971.422197769
 20
13483.45471318394
 30
0.0
 11
124968.6021977697
 21
13483.45471318394
 31
0.0
  0
LINE
  5
71A
330
716
100
AcDbEntity
  8
AKS OLCU (BEYKENT)
 62
     0
440
 16777216
370
    -2
100
AcDbLine
 10
124968.4221977697
 20
13363.45471318394
 30
0.0
 11
124968.4221977697
 21
13483.45471318394
 31
0.0
  0
LINE
  5
71B
330
716
100
AcDbEntity
  8
AKS OLCU (BEYKENT)
 62
     0
440
 16777216
370
    -2
100
AcDbLine
 10
124971.4221977697
 20
13480.45471318394
 30
0.0
 11
124965.4221977697
 21
13486.45471318394
 31
0.0
  0
LINE
  5
71C
330
716
100
AcDbEntity
  8
AKS OLCU (BEYKENT)
 62
     0
440
 16777216
370
    -2
100
AcDbLine
 10
124971.4221977697
 20
13360.45471318394
 30
0.0
 11
124965.4221977697
 21
13366.45471318394
 31
0.0
  0
MTEXT
  5
71D
330
716
100
AcDbEntity
  8
AKS OLCU (BEYKENT)
 62
     7
440
 16777216
100
AcDbMText
 10
124960.298401346
 20
13423.4547131839
 30
0.0
 40
12.0
 41
0.0
 46
0.0
 71
     5
 72
     1
  1
\A1;120
  7
YAZI (BEYKENT)
 11
0.0000000000000001
 21
1.0
 31
0.0
 73
     1
 44
1.0
  0
POINT
  5
71E
330
716
100
AcDbEntity
  8
Defpoints
 62
     0
440
 16777216
100
AcDbPoint
 10
124968.422197769
 20
13363.45471318394
 30
0.0
  0
POINT
  5
71F
330
716
100
AcDbEntity
  8
Defpoints
 62
     0
440
 16777216
100
AcDbPoint
 10
124968.422197769
 20
13483.45471318394
 30
0.0
  0
POINT
  5
720
330
716
100
AcDbEntity
  8
Defpoints
 62
     0
440
 16777216
100
AcDbPoint
 10
124968.4221977697
 20
13483.45471318394
 30
0.0
  0
ENDBLK
  5
721
330
716
100
AcDbEntity
  8
0
100
AcDbBlockEnd
  0
BLOCK
  5
723
330
722
100
AcDbEntity
  8
0
100
AcDbBlockBegin
  2
*D97
 70
     1
 10
0.0
 20
0.0
 30
0.0
  3
*D97
  1

  0
LINE
  5
724
330
722
100
AcDbEntity
  8
AKS OLCU (BEYKENT)
 62
     0
440
 16777216
370
    -2
100
AcDbLine
 10
124971.422197769
 20
13483.45471318394
 30
0.0
 11
124968.6021977697
 21
13483.45471318394
 31
0.0
  0
LINE
  5
725
330
722
100
AcDbEntity
  8
AKS OLCU (BEYKENT)
 62
     0
440
 16777216
370
    -2
100
AcDbLine
 10
124971.422197769
 20
13833.45471318394
 30
0.0
 11
124968.6021977697
 21
13833.45471318394
 31
0.0
  0
LINE
  5
726
330
722
100
AcDbEntity
  8
AKS OLCU (BEYKENT)
 62
     0
440
 16777216
370
    -2
100
AcDbLine
 10
124968.4221977697
 20
13483.45471318394
 30
0.0
 11
124968.4221977697
 21
13833.45471318394
 31
0.0
  0
LINE
  5
727
330
722
100
AcDbEntity
  8
AKS OLCU (BEYKENT)
 62
     0
440
 16777216
370
    -2
100
AcDbLine
 10
124971.4221977697
 20
13830.45471318394
 30
0.0
 11
124965.4221977697
 21
13836.45471318394
 31
0.0
  0
LINE
  5
728
330
722
100
AcDbEntity
  8
AKS OLCU (BEYKENT)
 62
     0
440
 16777216
370
    -2
100
AcDbLine
 10
124971.4221977697
 20
13480.45471318394
 30
0.0
 11
124965.4221977697
 21
13486.45471318394
 31
0.0
  0
MTEXT
  5
729
330
722
100
AcDbEntity
  8
AKS OLCU (BEYKENT)
 62
     7
440
 16777216
100
AcDbMText
 10
124960.298401346
 20
13658.4547131839
 30
0.0
 40
12.0
 41
0.0
 46
0.0
 71
     5
 72
     1
  1
\A1;350
  7
YAZI (BEYKENT)
 11
0.0000000000000001
 21
1.0
 31
0.0
 73
     1
 44
1.0
  0
POINT
  5
72A
330
722
100
AcDbEntity
  8
Defpoints
 62
     0
440
 16777216
100
AcDbPoint
 10
124968.422197769
 20
13483.45471318394
 30
0.0
  0
POINT
  5
72B
330
722
100
AcDbEntity
  8
Defpoints
 62
     0
440
 16777216
100
AcDbPoint
 10
124968.422197769
 20
13833.45471318394
 30
0.0
  0
POINT
  5
72C
330
722
100
AcDbEntity
  8
Defpoints
 62
     0
440
 16777216
100
AcDbPoint
 10
124968.4221977697
 20
13833.45471318394
 30
0.0
  0
ENDBLK
  5
72D
330
722
100
AcDbEntity
  8
0
100
AcDbBlockEnd
  0
BLOCK
  5
72F
330
72E
100
AcDbEntity
  8
0
100
AcDbBlockBegin
  2
*D98
 70
     1
 10
0.0
 20
0.0
 30
0.0
  3
*D98
  1

  0
LINE
  5
730
330
72E
100
AcDbEntity
  8
AKS OLCU (BEYKENT)
 62
     0
440
 16777216
370
    -2
100
AcDbLine
 10
124971.422197769
 20
13833.45471318394
 30
0.0
 11
124968.6021977697
 21
13833.45471318394
 31
0.0
  0
LINE
  5
731
330
72E
100
AcDbEntity
  8
AKS OLCU (BEYKENT)
 62
     0
440
 16777216
370
    -2
100
AcDbLine
 10
124971.422197769
 20
13983.45471318394
 30
0.0
 11
124968.6021977697
 21
13983.45471318394
 31
0.0
  0
LINE
  5
732
330
72E
100
AcDbEntity
  8
AKS OLCU (BEYKENT)
 62
     0
440
 16777216
370
    -2
100
AcDbLine
 10
124968.4221977697
 20
13833.45471318394
 30
0.0
 11
124968.4221977697
 21
13983.45471318394
 31
0.0
  0
LINE
  5
733
330
72E
100
AcDbEntity
  8
AKS OLCU (BEYKENT)
 62
     0
440
 16777216
370
    -2
100
AcDbLine
 10
124971.4221977697
 20
13980.45471318394
 30
0.0
 11
124965.4221977697
 21
13986.45471318394
 31
0.0
  0
LINE
  5
734
330
72E
100
AcDbEntity
  8
AKS OLCU (BEYKENT)
 62
     0
440
 16777216
370
    -2
100
AcDbLine
 10
124971.4221977697
 20
13830.45471318394
 30
0.0
 11
124965.4221977697
 21
13836.45471318394
 31
0.0
  0
MTEXT
  5
735
330
72E
100
AcDbEntity
  8
AKS OLCU (BEYKENT)
 62
     7
440
 16777216
100
AcDbMText
 10
124960.298401346
 20
13908.4547131839
 30
0.0
 40
12.0
 41
0.0
 46
0.0
 71
     5
 72
     1
  1
\A1;150
  7
YAZI (BEYKENT)
 11
0.0000000000000001
 21
1.0
 31
0.0
 73
     1
 44
1.0
  0
POINT
  5
736
330
72E
100
AcDbEntity
  8
Defpoints
 62
     0
440
 16777216
100
AcDbPoint
 10
124968.422197769
 20
13833.45471318394
 30
0.0
  0
POINT
  5
737
330
72E
100
AcDbEntity
  8
Defpoints
 62
     0
440
 16777216
100
AcDbPoint
 10
124968.422197769
 20
13983.45471318394
 30
0.0
  0
POINT
  5
738
330
72E
100
AcDbEntity
  8
Defpoints
 62
     0
440
 16777216
100
AcDbPoint
 10
124968.4221977697
 20
13983.45471318394
 30
0.0
  0
ENDBLK
  5
739
330
72E
100
AcDbEntity
  8
0
100
AcDbBlockEnd
  0
BLOCK
  5
10AC
330
10AB
100
AcDbEntity
  8
0
100
AcDbBlockBegin
  2
*D100
 70
     1
 10
0.0
 20
0.0
 30
0.0
  3
*D100
  1

  0
LINE
  5
152F
330
10AB
100
AcDbEntity
  8
OLCU (BEYKENT)
 62
     0
440
 16777216
370
    -2
100
AcDbLine
 10
1787.119865040419
 20
2789.073960291998
 30
0.0
 11
1804.299865040681
 21
2789.073960291998
 31
0.0
  0
LINE
  5
1530
330
10AB
100
AcDbEntity
  8
OLCU (BEYKENT)
 62
     0
440
 16777216
370
    -2
100
AcDbLine
 10
1787.119865040419
 20
2774.073960291998
 30
0.0
 11
1804.299865040681
 21
2774.073960291998
 31
0.0
  0
LINE
  5
1531
330
10AB
100
AcDbEntity
  8
OLCU (BEYKENT)
 62
     0
440
 16777216
370
    -2
100
AcDbLine
 10
1804.119865040681
 20
2789.073960291998
 30
0.0
 11
1804.119865040681
 21
2774.073960291998
 31
0.0
  0
LINE
  5
1532
330
10AB
100
AcDbEntity
  8
OLCU (BEYKENT)
 62
     0
440
 16777216
370
    -2
100
AcDbLine
 10
1807.119865040682
 20
2771.073960291998
 30
0.0
 11
1801.119865040681
 21
2777.073960291998
 31
0.0
  0
LINE
  5
1533
330
10AB
100
AcDbEntity
  8
OLCU (BEYKENT)
 62
     0
440
 16777216
370
    -2
100
AcDbLine
 10
1807.119865040682
 20
2786.073960291998
 30
0.0
 11
1801.119865040681
 21
2792.073960291998
 31
0.0
  0
MTEXT
  5
1534
330
10AB
100
AcDbEntity
  8
OLCU (BEYKENT)
 62
     7
440
 16777216
370
    20
100
AcDbMText
 10
1796.057966828852
 20
2781.573960291997
 30
0.0
 40
12.0
 41
0.0
 46
0.0
 71
     5
 72
     1
  1
\A1;15
  7
YAZI (BEYKENT)
 11
0.0000000000000001
 21
1.0
 31
0.0
 73
     1
 44
1.0
  0
POINT
  5
1535
330
10AB
100
AcDbEntity
  8
Defpoints
 62
     0
440
 16777216
100
AcDbPoint
 10
1784.119865040419
 20
2789.073960291998
 30
0.0
  0
POINT
  5
1536
330
10AB
100
AcDbEntity
  8
Defpoints
 62
     0
440
 16777216
100
AcDbPoint
 10
1784.119865040419
 20
2774.073960291998
 30
0.0
  0
POINT
  5
1537
330
10AB
100
AcDbEntity
  8
Defpoints
 62
     0
440
 16777216
100
AcDbPoint
 10
1804.119865040681
 20
2774.073960291998
 30
0.0
  0
ENDBLK
  5
10AD
330
10AB
100
AcDbEntity
  8
0
100
AcDbBlockEnd
  0
BLOCK
  5
10B8
330
10B7
100
AcDbEntity
  8
0
100
AcDbBlockBegin
  2
*D101
 70
     1
 10
0.0
 20
0.0
 30
0.0
  3
*D101
  1

  0
LINE
  5
1538
330
10B7
100
AcDbEntity
  8
OLCU (BEYKENT)
 62
     0
440
 16777216
370
    -2
100
AcDbLine
 10
1787.119865040419
 20
2774.073960291998
 30
0.0
 11
1804.299865040681
 21
2774.073960291998
 31
0.0
  0
LINE
  5
1539
330
10B7
100
AcDbEntity
  8
OLCU (BEYKENT)
 62
     0
440
 16777216
370
    -2
100
AcDbLine
 10
1787.119865040419
 20
2739.073960291998
 30
0.0
 11
1804.299865040681
 21
2739.073960291998
 31
0.0
  0
LINE
  5
153A
330
10B7
100
AcDbEntity
  8
OLCU (BEYKENT)
 62
     0
440
 16777216
370
    -2
100
AcDbLine
 10
1804.119865040681
 20
2774.073960291998
 30
0.0
 11
1804.119865040681
 21
2739.073960291998
 31
0.0
  0
LINE
  5
153B
330
10B7
100
AcDbEntity
  8
OLCU (BEYKENT)
 62
     0
440
 16777216
370
    -2
100
AcDbLine
 10
1807.119865040682
 20
2736.073960291998
 30
0.0
 11
1801.119865040681
 21
2742.073960291998
 31
0.0
  0
LINE
  5
153C
330
10B7
100
AcDbEntity
  8
OLCU (BEYKENT)
 62
     0
440
 16777216
370
    -2
100
AcDbLine
 10
1807.119865040682
 20
2771.073960291998
 30
0.0
 11
1801.119865040681
 21
2777.073960291998
 31
0.0
  0
MTEXT
  5
153D
330
10B7
100
AcDbEntity
  8
OLCU (BEYKENT)
 62
     7
440
 16777216
370
    20
100
AcDbMText
 10
1795.996068617023
 20
2756.573960291996
 30
0.0
 40
12.0
 41
0.0
 46
0.0
 71
     5
 72
     1
  1
\A1;35
  7
YAZI (BEYKENT)
 11
0.0000000000000001
 21
1.0
 31
0.0
 73
     1
 44
1.0
  0
POINT
  5
153E
330
10B7
100
AcDbEntity
  8
Defpoints
 62
     0
440
 16777216
100
AcDbPoint
 10
1784.119865040419
 20
2774.073960291998
 30
0.0
  0
POINT
  5
153F
330
10B7
100
AcDbEntity
  8
Defpoints
 62
     0
440
 16777216
100
AcDbPoint
 10
1784.119865040419
 20
2739.073960291998
 30
0.0
  0
POINT
  5
1540
330
10B7
100
AcDbEntity
  8
Defpoints
 62
     0
440
 16777216
100
AcDbPoint
 10
1804.119865040681
 20
2739.073960291998
 30
0.0
  0
ENDBLK
  5
10B9
330
10B7
100
AcDbEntity
  8
0
100
AcDbBlockEnd
  0
BLOCK
  5
10C4
330
10C3
100
AcDbEntity
  8
0
100
AcDbBlockBegin
  2
*D102
 70
     1
 10
0.0
 20
0.0
 30
0.0
  3
*D102
  1

  0
LINE
  5
1541
330
10C3
100
AcDbEntity
  8
OLCU (BEYKENT)
 62
     0
440
 16777216
370
    -2
100
AcDbLine
 10
1787.119865040419
 20
2789.073960291998
 30
0.0
 11
1824.299865040682
 21
2789.073960291998
 31
0.0
  0
LINE
  5
1542
330
10C3
100
AcDbEntity
  8
OLCU (BEYKENT)
 62
     0
440
 16777216
370
    -2
100
AcDbLine
 10
1787.119865040419
 20
2739.073960291998
 30
0.0
 11
1824.299865040682
 21
2739.073960291998
 31
0.0
  0
LINE
  5
1543
330
10C3
100
AcDbEntity
  8
OLCU (BEYKENT)
 62
     0
440
 16777216
370
    -2
100
AcDbLine
 10
1824.119865040681
 20
2789.073960291998
 30
0.0
 11
1824.119865040681
 21
2739.073960291998
 31
0.0
  0
LINE
  5
1544
330
10C3
100
AcDbEntity
  8
OLCU (BEYKENT)
 62
     0
440
 16777216
370
    -2
100
AcDbLine
 10
1827.119865040682
 20
2736.073960291998
 30
0.0
 11
1821.119865040682
 21
2742.073960291998
 31
0.0
  0
LINE
  5
1545
330
10C3
100
AcDbEntity
  8
OLCU (BEYKENT)
 62
     0
440
 16777216
370
    -2
100
AcDbLine
 10
1827.119865040682
 20
2786.073960291998
 30
0.0
 11
1821.119865040682
 21
2792.073960291998
 31
0.0
  0
MTEXT
  5
1546
330
10C3
100
AcDbEntity
  8
OLCU (BEYKENT)
 62
     7
440
 16777216
370
    20
100
AcDbMText
 10
1815.996068617023
 20
2764.073960291997
 30
0.0
 40
12.0
 41
0.0
 46
0.0
 71
     5
 72
     1
  1
\A1;50
  7
YAZI (BEYKENT)
 11
0.0000000000000001
 21
1.0
 31
0.0
 73
     1
 44
1.0
  0
POINT
  5
1547
330
10C3
100
AcDbEntity
  8
Defpoints
 62
     0
440
 16777216
100
AcDbPoint
 10
1784.119865040419
 20
2789.073960291998
 30
0.0
  0
POINT
  5
1548
330
10C3
100
AcDbEntity
  8
Defpoints
 62
     0
440
 16777216
100
AcDbPoint
 10
1784.119865040419
 20
2739.073960291998
 30
0.0
  0
POINT
  5
1549
330
10C3
100
AcDbEntity
  8
Defpoints
 62
     0
440
 16777216
100
AcDbPoint
 10
1824.119865040681
 20
2739.073960291998
 30
0.0
  0
ENDBLK
  5
10C5
330
10C3
100
AcDbEntity
  8
0
100
AcDbBlockEnd
  0
BLOCK
  5
10D0
330
10CF
100
AcDbEntity
  8
0
100
AcDbBlockBegin
  2
*D103
 70
     1
 10
0.0
 20
0.0
 30
0.0
  3
*D103
  1

  0
LINE
  5
154A
330
10CF
100
AcDbEntity
  8
OLCU (BEYKENT)
 62
     0
440
 16777216
370
    -2
100
AcDbLine
 10
2082.11986504042
 20
2789.073960291998
 30
0.0
 11
2099.299865040682
 21
2789.073960291998
 31
0.0
  0
LINE
  5
154B
330
10CF
100
AcDbEntity
  8
OLCU (BEYKENT)
 62
     0
440
 16777216
370
    -2
100
AcDbLine
 10
2082.11986504042
 20
2774.073960291998
 30
0.0
 11
2099.299865040682
 21
2774.073960291998
 31
0.0
  0
LINE
  5
154C
330
10CF
100
AcDbEntity
  8
OLCU (BEYKENT)
 62
     0
440
 16777216
370
    -2
100
AcDbLine
 10
2099.119865040682
 20
2789.073960291998
 30
0.0
 11
2099.119865040682
 21
2774.073960291998
 31
0.0
  0
LINE
  5
154D
330
10CF
100
AcDbEntity
  8
OLCU (BEYKENT)
 62
     0
440
 16777216
370
    -2
100
AcDbLine
 10
2102.119865040682
 20
2771.073960291998
 30
0.0
 11
2096.119865040682
 21
2777.073960291998
 31
0.0
  0
LINE
  5
154E
330
10CF
100
AcDbEntity
  8
OLCU (BEYKENT)
 62
     0
440
 16777216
370
    -2
100
AcDbLine
 10
2102.119865040682
 20
2786.073960291998
 30
0.0
 11
2096.119865040682
 21
2792.073960291998
 31
0.0
  0
MTEXT
  5
154F
330
10CF
100
AcDbEntity
  8
OLCU (BEYKENT)
 62
     7
440
 16777216
370
    20
100
AcDbMText
 10
2091.057966828852
 20
2781.573960291997
 30
0.0
 40
12.0
 41
0.0
 46
0.0
 71
     5
 72
     1
  1
\A1;15
  7
YAZI (BEYKENT)
 11
0.0000000000000001
 21
1.0
 31
0.0
 73
     1
 44
1.0
  0
POINT
  5
1550
330
10CF
100
AcDbEntity
  8
Defpoints
 62
     0
440
 16777216
100
AcDbPoint
 10
2079.11986504042
 20
2789.073960291998
 30
0.0
  0
POINT
  5
1551
330
10CF
100
AcDbEntity
  8
Defpoints
 62
     0
440
 16777216
100
AcDbPoint
 10
2079.11986504042
 20
2774.073960291998
 30
0.0
  0
POINT
  5
1552
330
10CF
100
AcDbEntity
  8
Defpoints
 62
     0
440
 16777216
100
AcDbPoint
 10
2099.119865040682
 20
2774.073960291998
 30
0.0
  0
ENDBLK
  5
10D1
330
10CF
100
AcDbEntity
  8
0
100
AcDbBlockEnd
  0
BLOCK
  5
10DC
330
10DB
100
AcDbEntity
  8
0
100
AcDbBlockBegin
  2
*D104
 70
     1
 10
0.0
 20
0.0
 30
0.0
  3
*D104
  1

  0
LINE
  5
1553
330
10DB
100
AcDbEntity
  8
OLCU (BEYKENT)
 62
     0
440
 16777216
370
    -2
100
AcDbLine
 10
2082.11986504042
 20
2774.073960291998
 30
0.0
 11
2099.299865040682
 21
2774.073960291998
 31
0.0
  0
LINE
  5
1554
330
10DB
100
AcDbEntity
  8
OLCU (BEYKENT)
 62
     0
440
 16777216
370
    -2
100
AcDbLine
 10
2082.11986504042
 20
2739.073960291998
 30
0.0
 11
2099.299865040682
 21
2739.073960291998
 31
0.0
  0
LINE
  5
1555
330
10DB
100
AcDbEntity
  8
OLCU (BEYKENT)
 62
     0
440
 16777216
370
    -2
100
AcDbLine
 10
2099.119865040682
 20
2774.073960291998
 30
0.0
 11
2099.119865040682
 21
2739.073960291998
 31
0.0
  0
LINE
  5
1556
330
10DB
100
AcDbEntity
  8
OLCU (BEYKENT)
 62
     0
440
 16777216
370
    -2
100
AcDbLine
 10
2102.119865040682
 20
2736.073960291998
 30
0.0
 11
2096.119865040682
 21
2742.073960291998
 31
0.0
  0
LINE
  5
1557
330
10DB
100
AcDbEntity
  8
OLCU (BEYKENT)
 62
     0
440
 16777216
370
    -2
100
AcDbLine
 10
2102.119865040682
 20
2771.073960291998
 30
0.0
 11
2096.119865040682
 21
2777.073960291998
 31
0.0
  0
MTEXT
  5
1558
330
10DB
100
AcDbEntity
  8
OLCU (BEYKENT)
 62
     7
440
 16777216
370
    20
100
AcDbMText
 10
2090.996068617023
 20
2756.573960291996
 30
0.0
 40
12.0
 41
0.0
 46
0.0
 71
     5
 72
     1
  1
\A1;35
  7
YAZI (BEYKENT)
 11
0.0000000000000001
 21
1.0
 31
0.0
 73
     1
 44
1.0
  0
POINT
  5
1559
330
10DB
100
AcDbEntity
  8
Defpoints
 62
     0
440
 16777216
100
AcDbPoint
 10
2079.11986504042
 20
2774.073960291998
 30
0.0
  0
POINT
  5
155A
330
10DB
100
AcDbEntity
  8
Defpoints
 62
     0
440
 16777216
100
AcDbPoint
 10
2079.11986504042
 20
2739.073960291998
 30
0.0
  0
POINT
  5
155B
330
10DB
100
AcDbEntity
  8
Defpoints
 62
     0
440
 16777216
100
AcDbPoint
 10
2099.119865040682
 20
2739.073960291998
 30
0.0
  0
ENDBLK
  5
10DD
330
10DB
100
AcDbEntity
  8
0
100
AcDbBlockEnd
  0
BLOCK
  5
10E8
330
10E7
100
AcDbEntity
  8
0
100
AcDbBlockBegin
  2
*D105
 70
     1
 10
0.0
 20
0.0
 30
0.0
  3
*D105
  1

  0
LINE
  5
155C
330
10E7
100
AcDbEntity
  8
OLCU (BEYKENT)
 62
     0
440
 16777216
370
    -2
100
AcDbLine
 10
2082.11986504042
 20
2789.073960291998
 30
0.0
 11
2119.299865040682
 21
2789.073960291998
 31
0.0
  0
LINE
  5
155D
330
10E7
100
AcDbEntity
  8
OLCU (BEYKENT)
 62
     0
440
 16777216
370
    -2
100
AcDbLine
 10
2082.11986504042
 20
2739.073960291998
 30
0.0
 11
2119.299865040682
 21
2739.073960291998
 31
0.0
  0
LINE
  5
155E
330
10E7
100
AcDbEntity
  8
OLCU (BEYKENT)
 62
     0
440
 16777216
370
    -2
100
AcDbLine
 10
2119.119865040682
 20
2789.073960291998
 30
0.0
 11
2119.119865040682
 21
2739.073960291998
 31
0.0
  0
LINE
  5
155F
330
10E7
100
AcDbEntity
  8
OLCU (BEYKENT)
 62
     0
440
 16777216
370
    -2
100
AcDbLine
 10
2122.119865040682
 20
2736.073960291998
 30
0.0
 11
2116.119865040682
 21
2742.073960291998
 31
0.0
  0
LINE
  5
1560
330
10E7
100
AcDbEntity
  8
OLCU (BEYKENT)
 62
     0
440
 16777216
370
    -2
100
AcDbLine
 10
2122.119865040682
 20
2786.073960291998
 30
0.0
 11
2116.119865040682
 21
2792.073960291998
 31
0.0
  0
MTEXT
  5
1561
330
10E7
100
AcDbEntity
  8
OLCU (BEYKENT)
 62
     7
440
 16777216
370
    20
100
AcDbMText
 10
2110.996068617023
 20
2764.073960291997
 30
0.0
 40
12.0
 41
0.0
 46
0.0
 71
     5
 72
     1
  1
\A1;50
  7
YAZI (BEYKENT)
 11
0.0000000000000001
 21
1.0
 31
0.0
 73
     1
 44
1.0
  0
POINT
  5
1562
330
10E7
100
AcDbEntity
  8
Defpoints
 62
     0
440
 16777216
100
AcDbPoint
 10
2079.11986504042
 20
2789.073960291998
 30
0.0
  0
POINT
  5
1563
330
10E7
100
AcDbEntity
  8
Defpoints
 62
     0
440
 16777216
100
AcDbPoint
 10
2079.11986504042
 20
2739.073960291998
 30
0.0
  0
POINT
  5
1564
330
10E7
100
AcDbEntity
  8
Defpoints
 62
     0
440
 16777216
100
AcDbPoint
 10
2119.119865040682
 20
2739.073960291998
 30
0.0
  0
ENDBLK
  5
10E9
330
10E7
100
AcDbEntity
  8
0
100
AcDbBlockEnd
  0
BLOCK
  5
10F4
330
10F3
100
AcDbEntity
  8
0
100
AcDbBlockBegin
  2
*D106
 70
     1
 10
0.0
 20
0.0
 30
0.0
  3
*D106
  1

  0
LINE
  5
1565
330
10F3
100
AcDbEntity
  8
OLCU (BEYKENT)
 62
     0
440
 16777216
370
    -2
100
AcDbLine
 10
2602.11986504042
 20
2789.073960291998
 30
0.0
 11
2619.299865040682
 21
2789.073960291998
 31
0.0
  0
LINE
  5
1566
330
10F3
100
AcDbEntity
  8
OLCU (BEYKENT)
 62
     0
440
 16777216
370
    -2
100
AcDbLine
 10
2602.11986504042
 20
2774.073960291998
 30
0.0
 11
2619.299865040682
 21
2774.073960291998
 31
0.0
  0
LINE
  5
1567
330
10F3
100
AcDbEntity
  8
OLCU (BEYKENT)
 62
     0
440
 16777216
370
    -2
100
AcDbLine
 10
2619.119865040682
 20
2789.073960291998
 30
0.0
 11
2619.119865040682
 21
2774.073960291998
 31
0.0
  0
LINE
  5
1568
330
10F3
100
AcDbEntity
  8
OLCU (BEYKENT)
 62
     0
440
 16777216
370
    -2
100
AcDbLine
 10
2622.119865040682
 20
2771.073960291998
 30
0.0
 11
2616.119865040682
 21
2777.073960291998
 31
0.0
  0
LINE
  5
1569
330
10F3
100
AcDbEntity
  8
OLCU (BEYKENT)
 62
     0
440
 16777216
370
    -2
100
AcDbLine
 10
2622.119865040682
 20
2786.073960291998
 30
0.0
 11
2616.119865040682
 21
2792.073960291998
 31
0.0
  0
MTEXT
  5
156A
330
10F3
100
AcDbEntity
  8
OLCU (BEYKENT)
 62
     7
440
 16777216
370
    20
100
AcDbMText
 10
2611.057966828852
 20
2781.573960291997
 30
0.0
 40
12.0
 41
0.0
 46
0.0
 71
     5
 72
     1
  1
\A1;15
  7
YAZI (BEYKENT)
 11
0.0000000000000001
 21
1.0
 31
0.0
 73
     1
 44
1.0
  0
POINT
  5
156B
330
10F3
100
AcDbEntity
  8
Defpoints
 62
     0
440
 16777216
100
AcDbPoint
 10
2599.11986504042
 20
2789.073960291998
 30
0.0
  0
POINT
  5
156C
330
10F3
100
AcDbEntity
  8
Defpoints
 62
     0
440
 16777216
100
AcDbPoint
 10
2599.11986504042
 20
2774.073960291998
 30
0.0
  0
POINT
  5
156D
330
10F3
100
AcDbEntity
  8
Defpoints
 62
     0
440
 16777216
100
AcDbPoint
 10
2619.119865040682
 20
2774.073960291998
 30
0.0
  0
ENDBLK
  5
10F5
330
10F3
100
AcDbEntity
  8
0
100
AcDbBlockEnd
  0
BLOCK
  5
1100
330
10FF
100
AcDbEntity
  8
0
100
AcDbBlockBegin
  2
*D107
 70
     1
 10
0.0
 20
0.0
 30
0.0
  3
*D107
  1

  0
LINE
  5
156E
330
10FF
100
AcDbEntity
  8
OLCU (BEYKENT)
 62
     0
440
 16777216
370
    -2
100
AcDbLine
 10
2602.11986504042
 20
2774.073960291998
 30
0.0
 11
2619.299865040682
 21
2774.073960291998
 31
0.0
  0
LINE
  5
156F
330
10FF
100
AcDbEntity
  8
OLCU (BEYKENT)
 62
     0
440
 16777216
370
    -2
100
AcDbLine
 10
2602.11986504042
 20
2739.073960291998
 30
0.0
 11
2619.299865040682
 21
2739.073960291998
 31
0.0
  0
LINE
  5
1570
330
10FF
100
AcDbEntity
  8
OLCU (BEYKENT)
 62
     0
440
 16777216
370
    -2
100
AcDbLine
 10
2619.119865040682
 20
2774.073960291998
 30
0.0
 11
2619.119865040682
 21
2739.073960291998
 31
0.0
  0
LINE
  5
1571
330
10FF
100
AcDbEntity
  8
OLCU (BEYKENT)
 62
     0
440
 16777216
370
    -2
100
AcDbLine
 10
2622.119865040682
 20
2736.073960291998
 30
0.0
 11
2616.119865040682
 21
2742.073960291998
 31
0.0
  0
LINE
  5
1572
330
10FF
100
AcDbEntity
  8
OLCU (BEYKENT)
 62
     0
440
 16777216
370
    -2
100
AcDbLine
 10
2622.119865040682
 20
2771.073960291998
 30
0.0
 11
2616.119865040682
 21
2777.073960291998
 31
0.0
  0
MTEXT
  5
1573
330
10FF
100
AcDbEntity
  8
OLCU (BEYKENT)
 62
     7
440
 16777216
370
    20
100
AcDbMText
 10
2610.996068617023
 20
2756.573960291996
 30
0.0
 40
12.0
 41
0.0
 46
0.0
 71
     5
 72
     1
  1
\A1;35
  7
YAZI (BEYKENT)
 11
0.0000000000000001
 21
1.0
 31
0.0
 73
     1
 44
1.0
  0
POINT
  5
1574
330
10FF
100
AcDbEntity
  8
Defpoints
 62
     0
440
 16777216
100
AcDbPoint
 10
2599.11986504042
 20
2774.073960291998
 30
0.0
  0
POINT
  5
1575
330
10FF
100
AcDbEntity
  8
Defpoints
 62
     0
440
 16777216
100
AcDbPoint
 10
2599.11986504042
 20
2739.073960291998
 30
0.0
  0
POINT
  5
1576
330
10FF
100
AcDbEntity
  8
Defpoints
 62
     0
440
 16777216
100
AcDbPoint
 10
2619.119865040682
 20
2739.073960291998
 30
0.0
  0
ENDBLK
  5
1101
330
10FF
100
AcDbEntity
  8
0
100
AcDbBlockEnd
  0
BLOCK
  5
110C
330
110B
100
AcDbEntity
  8
0
100
AcDbBlockBegin
  2
*D108
 70
     1
 10
0.0
 20
0.0
 30
0.0
  3
*D108
  1

  0
LINE
  5
1577
330
110B
100
AcDbEntity
  8
OLCU (BEYKENT)
 62
     0
440
 16777216
370
    -2
100
AcDbLine
 10
2602.11986504042
 20
2789.073960291998
 30
0.0
 11
2639.299865040682
 21
2789.073960291998
 31
0.0
  0
LINE
  5
1578
330
110B
100
AcDbEntity
  8
OLCU (BEYKENT)
 62
     0
440
 16777216
370
    -2
100
AcDbLine
 10
2602.11986504042
 20
2739.073960291998
 30
0.0
 11
2639.299865040682
 21
2739.073960291998
 31
0.0
  0
LINE
  5
1579
330
110B
100
AcDbEntity
  8
OLCU (BEYKENT)
 62
     0
440
 16777216
370
    -2
100
AcDbLine
 10
2639.119865040682
 20
2789.073960291998
 30
0.0
 11
2639.119865040682
 21
2739.073960291998
 31
0.0
  0
LINE
  5
157A
330
110B
100
AcDbEntity
  8
OLCU (BEYKENT)
 62
     0
440
 16777216
370
    -2
100
AcDbLine
 10
2642.119865040682
 20
2736.073960291998
 30
0.0
 11
2636.119865040682
 21
2742.073960291998
 31
0.0
  0
LINE
  5
157B
330
110B
100
AcDbEntity
  8
OLCU (BEYKENT)
 62
     0
440
 16777216
370
    -2
100
AcDbLine
 10
2642.119865040682
 20
2786.073960291998
 30
0.0
 11
2636.119865040682
 21
2792.073960291998
 31
0.0
  0
MTEXT
  5
157C
330
110B
100
AcDbEntity
  8
OLCU (BEYKENT)
 62
     7
440
 16777216
370
    20
100
AcDbMText
 10
2630.996068617023
 20
2764.073960291997
 30
0.0
 40
12.0
 41
0.0
 46
0.0
 71
     5
 72
     1
  1
\A1;50
  7
YAZI (BEYKENT)
 11
0.0000000000000001
 21
1.0
 31
0.0
 73
     1
 44
1.0
  0
POINT
  5
157D
330
110B
100
AcDbEntity
  8
Defpoints
 62
     0
440
 16777216
100
AcDbPoint
 10
2599.11986504042
 20
2789.073960291998
 30
0.0
  0
POINT
  5
157E
330
110B
100
AcDbEntity
  8
Defpoints
 62
     0
440
 16777216
100
AcDbPoint
 10
2599.11986504042
 20
2739.073960291998
 30
0.0
  0
POINT
  5
157F
330
110B
100
AcDbEntity
  8
Defpoints
 62
     0
440
 16777216
100
AcDbPoint
 10
2639.119865040682
 20
2739.073960291998
 30
0.0
  0
ENDBLK
  5
110D
330
110B
100
AcDbEntity
  8
0
100
AcDbBlockEnd
  0
BLOCK
  5
1118
330
1117
100
AcDbEntity
  8
0
100
AcDbBlockBegin
  2
*D109
 70
     1
 10
0.0
 20
0.0
 30
0.0
  3
*D109
  1

  0
LINE
  5
1580
330
1117
100
AcDbEntity
  8
OLCU (BEYKENT)
 62
     0
440
 16777216
370
    -2
100
AcDbLine
 10
2987.119865040419
 20
2789.073960291998
 30
0.0
 11
3004.299865040682
 21
2789.073960291998
 31
0.0
  0
LINE
  5
1581
330
1117
100
AcDbEntity
  8
OLCU (BEYKENT)
 62
     0
440
 16777216
370
    -2
100
AcDbLine
 10
2987.119865040419
 20
2774.073960291998
 30
0.0
 11
3004.299865040682
 21
2774.073960291998
 31
0.0
  0
LINE
  5
1582
330
1117
100
AcDbEntity
  8
OLCU (BEYKENT)
 62
     0
440
 16777216
370
    -2
100
AcDbLine
 10
3004.119865040682
 20
2789.073960291998
 30
0.0
 11
3004.119865040682
 21
2774.073960291998
 31
0.0
  0
LINE
  5
1583
330
1117
100
AcDbEntity
  8
OLCU (BEYKENT)
 62
     0
440
 16777216
370
    -2
100
AcDbLine
 10
3007.119865040682
 20
2771.073960291998
 30
0.0
 11
3001.119865040682
 21
2777.073960291998
 31
0.0
  0
LINE
  5
1584
330
1117
100
AcDbEntity
  8
OLCU (BEYKENT)
 62
     0
440
 16777216
370
    -2
100
AcDbLine
 10
3007.119865040682
 20
2786.073960291998
 30
0.0
 11
3001.119865040682
 21
2792.073960291998
 31
0.0
  0
MTEXT
  5
1585
330
1117
100
AcDbEntity
  8
OLCU (BEYKENT)
 62
     7
440
 16777216
370
    20
100
AcDbMText
 10
2996.057966828853
 20
2781.573960291997
 30
0.0
 40
12.0
 41
0.0
 46
0.0
 71
     5
 72
     1
  1
\A1;15
  7
YAZI (BEYKENT)
 11
0.0000000000000001
 21
1.0
 31
0.0
 73
     1
 44
1.0
  0
POINT
  5
1586
330
1117
100
AcDbEntity
  8
Defpoints
 62
     0
440
 16777216
100
AcDbPoint
 10
2984.119865040419
 20
2789.073960291998
 30
0.0
  0
POINT
  5
1587
330
1117
100
AcDbEntity
  8
Defpoints
 62
     0
440
 16777216
100
AcDbPoint
 10
2984.119865040419
 20
2774.073960291998
 30
0.0
  0
POINT
  5
1588
330
1117
100
AcDbEntity
  8
Defpoints
 62
     0
440
 16777216
100
AcDbPoint
 10
3004.119865040682
 20
2774.073960291998
 30
0.0
  0
ENDBLK
  5
1119
330
1117
100
AcDbEntity
  8
0
100
AcDbBlockEnd
  0
BLOCK
  5
1124
330
1123
100
AcDbEntity
  8
0
100
AcDbBlockBegin
  2
*D110
 70
     1
 10
0.0
 20
0.0
 30
0.0
  3
*D110
  1

  0
LINE
  5
1589
330
1123
100
AcDbEntity
  8
OLCU (BEYKENT)
 62
     0
440
 16777216
370
    -2
100
AcDbLine
 10
2987.119865040419
 20
2774.073960291998
 30
0.0
 11
3004.299865040682
 21
2774.073960291998
 31
0.0
  0
LINE
  5
158A
330
1123
100
AcDbEntity
  8
OLCU (BEYKENT)
 62
     0
440
 16777216
370
    -2
100
AcDbLine
 10
2987.119865040419
 20
2739.073960291998
 30
0.0
 11
3004.299865040682
 21
2739.073960291998
 31
0.0
  0
LINE
  5
158B
330
1123
100
AcDbEntity
  8
OLCU (BEYKENT)
 62
     0
440
 16777216
370
    -2
100
AcDbLine
 10
3004.119865040682
 20
2774.073960291998
 30
0.0
 11
3004.119865040682
 21
2739.073960291998
 31
0.0
  0
LINE
  5
158C
330
1123
100
AcDbEntity
  8
OLCU (BEYKENT)
 62
     0
440
 16777216
370
    -2
100
AcDbLine
 10
3007.119865040682
 20
2736.073960291998
 30
0.0
 11
3001.119865040682
 21
2742.073960291998
 31
0.0
  0
LINE
  5
158D
330
1123
100
AcDbEntity
  8
OLCU (BEYKENT)
 62
     0
440
 16777216
370
    -2
100
AcDbLine
 10
3007.119865040682
 20
2771.073960291998
 30
0.0
 11
3001.119865040682
 21
2777.073960291998
 31
0.0
  0
MTEXT
  5
158E
330
1123
100
AcDbEntity
  8
OLCU (BEYKENT)
 62
     7
440
 16777216
370
    20
100
AcDbMText
 10
2995.996068617023
 20
2756.573960291996
 30
0.0
 40
12.0
 41
0.0
 46
0.0
 71
     5
 72
     1
  1
\A1;35
  7
YAZI (BEYKENT)
 11
0.0000000000000001
 21
1.0
 31
0.0
 73
     1
 44
1.0
  0
POINT
  5
158F
330
1123
100
AcDbEntity
  8
Defpoints
 62
     0
440
 16777216
100
AcDbPoint
 10
2984.119865040419
 20
2774.073960291998
 30
0.0
  0
POINT
  5
1590
330
1123
100
AcDbEntity
  8
Defpoints
 62
     0
440
 16777216
100
AcDbPoint
 10
2984.119865040419
 20
2739.073960291998
 30
0.0
  0
POINT
  5
1591
330
1123
100
AcDbEntity
  8
Defpoints
 62
     0
440
 16777216
100
AcDbPoint
 10
3004.119865040682
 20
2739.073960291998
 30
0.0
  0
ENDBLK
  5
1125
330
1123
100
AcDbEntity
  8
0
100
AcDbBlockEnd
  0
BLOCK
  5
1130
330
112F
100
AcDbEntity
  8
0
100
AcDbBlockBegin
  2
*D111
 70
     1
 10
0.0
 20
0.0
 30
0.0
  3
*D111
  1

  0
LINE
  5
1592
330
112F
100
AcDbEntity
  8
OLCU (BEYKENT)
 62
     0
440
 16777216
370
    -2
100
AcDbLine
 10
2987.119865040419
 20
2789.073960291998
 30
0.0
 11
3024.299865040682
 21
2789.073960291998
 31
0.0
  0
LINE
  5
1593
330
112F
100
AcDbEntity
  8
OLCU (BEYKENT)
 62
     0
440
 16777216
370
    -2
100
AcDbLine
 10
2987.119865040419
 20
2739.073960291998
 30
0.0
 11
3024.299865040682
 21
2739.073960291998
 31
0.0
  0
LINE
  5
1594
330
112F
100
AcDbEntity
  8
OLCU (BEYKENT)
 62
     0
440
 16777216
370
    -2
100
AcDbLine
 10
3024.119865040682
 20
2789.073960291998
 30
0.0
 11
3024.119865040682
 21
2739.073960291998
 31
0.0
  0
LINE
  5
1595
330
112F
100
AcDbEntity
  8
OLCU (BEYKENT)
 62
     0
440
 16777216
370
    -2
100
AcDbLine
 10
3027.119865040682
 20
2736.073960291998
 30
0.0
 11
3021.119865040683
 21
2742.073960291998
 31
0.0
  0
LINE
  5
1596
330
112F
100
AcDbEntity
  8
OLCU (BEYKENT)
 62
     0
440
 16777216
370
    -2
100
AcDbLine
 10
3027.119865040682
 20
2786.073960291998
 30
0.0
 11
3021.119865040683
 21
2792.073960291998
 31
0.0
  0
MTEXT
  5
1597
330
112F
100
AcDbEntity
  8
OLCU (BEYKENT)
 62
     7
440
 16777216
370
    20
100
AcDbMText
 10
3015.996068617023
 20
2764.073960291997
 30
0.0
 40
12.0
 41
0.0
 46
0.0
 71
     5
 72
     1
  1
\A1;50
  7
YAZI (BEYKENT)
 11
0.0000000000000001
 21
1.0
 31
0.0
 73
     1
 44
1.0
  0
POINT
  5
1598
330
112F
100
AcDbEntity
  8
Defpoints
 62
     0
440
 16777216
100
AcDbPoint
 10
2984.119865040419
 20
2789.073960291998
 30
0.0
  0
POINT
  5
1599
330
112F
100
AcDbEntity
  8
Defpoints
 62
     0
440
 16777216
100
AcDbPoint
 10
2984.119865040419
 20
2739.073960291998
 30
0.0
  0
POINT
  5
159A
330
112F
100
AcDbEntity
  8
Defpoints
 62
     0
440
 16777216
100
AcDbPoint
 10
3024.119865040682
 20
2739.073960291998
 30
0.0
  0
ENDBLK
  5
1131
330
112F
100
AcDbEntity
  8
0
100
AcDbBlockEnd
  0
BLOCK
  5
113C
330
113B
100
AcDbEntity
  8
0
100
AcDbBlockBegin
  2
*D112
 70
     1
 10
0.0
 20
0.0
 30
0.0
  3
*D112
  1

  0
LINE
  5
159B
330
113B
100
AcDbEntity
  8
OLCU (BEYKENT)
 62
     0
440
 16777216
370
    -2
100
AcDbLine
 10
3382.119865040421
 20
2789.073960291998
 30
0.0
 11
3399.299865040684
 21
2789.073960291998
 31
0.0
  0
LINE
  5
159C
330
113B
100
AcDbEntity
  8
OLCU (BEYKENT)
 62
     0
440
 16777216
370
    -2
100
AcDbLine
 10
3382.119865040421
 20
2774.073960291998
 30
0.0
 11
3399.299865040684
 21
2774.073960291998
 31
0.0
  0
LINE
  5
159D
330
113B
100
AcDbEntity
  8
OLCU (BEYKENT)
 62
     0
440
 16777216
370
    -2
100
AcDbLine
 10
3399.119865040683
 20
2789.073960291998
 30
0.0
 11
3399.119865040683
 21
2774.073960291998
 31
0.0
  0
LINE
  5
159E
330
113B
100
AcDbEntity
  8
OLCU (BEYKENT)
 62
     0
440
 16777216
370
    -2
100
AcDbLine
 10
3402.119865040683
 20
2771.073960291998
 30
0.0
 11
3396.119865040684
 21
2777.073960291998
 31
0.0
  0
LINE
  5
159F
330
113B
100
AcDbEntity
  8
OLCU (BEYKENT)
 62
     0
440
 16777216
370
    -2
100
AcDbLine
 10
3402.119865040683
 20
2786.073960291998
 30
0.0
 11
3396.119865040684
 21
2792.073960291998
 31
0.0
  0
MTEXT
  5
15A0
330
113B
100
AcDbEntity
  8
OLCU (BEYKENT)
 62
     7
440
 16777216
370
    20
100
AcDbMText
 10
3391.057966828853
 20
2781.573960291996
 30
0.0
 40
12.0
 41
0.0
 46
0.0
 71
     5
 72
     1
  1
\A1;15
  7
YAZI (BEYKENT)
 11
0.0000000000000001
 21
1.0
 31
0.0
 73
     1
 44
1.0
  0
POINT
  5
15A1
330
113B
100
AcDbEntity
  8
Defpoints
 62
     0
440
 16777216
100
AcDbPoint
 10
3379.119865040421
 20
2789.073960291998
 30
0.0
  0
POINT
  5
15A2
330
113B
100
AcDbEntity
  8
Defpoints
 62
     0
440
 16777216
100
AcDbPoint
 10
3379.119865040421
 20
2774.073960291998
 30
0.0
  0
POINT
  5
15A3
330
113B
100
AcDbEntity
  8
Defpoints
 62
     0
440
 16777216
100
AcDbPoint
 10
3399.119865040683
 20
2774.073960291998
 30
0.0
  0
ENDBLK
  5
113D
330
113B
100
AcDbEntity
  8
0
100
AcDbBlockEnd
  0
BLOCK
  5
1148
330
1147
100
AcDbEntity
  8
0
100
AcDbBlockBegin
  2
*D113
 70
     1
 10
0.0
 20
0.0
 30
0.0
  3
*D113
  1

  0
LINE
  5
15A4
330
1147
100
AcDbEntity
  8
OLCU (BEYKENT)
 62
     0
440
 16777216
370
    -2
100
AcDbLine
 10
3382.119865040421
 20
2774.073960291998
 30
0.0
 11
3399.299865040684
 21
2774.073960291998
 31
0.0
  0
LINE
  5
15A5
330
1147
100
AcDbEntity
  8
OLCU (BEYKENT)
 62
     0
440
 16777216
370
    -2
100
AcDbLine
 10
3382.119865040421
 20
2739.073960291998
 30
0.0
 11
3399.299865040684
 21
2739.073960291998
 31
0.0
  0
LINE
  5
15A6
330
1147
100
AcDbEntity
  8
OLCU (BEYKENT)
 62
     0
440
 16777216
370
    -2
100
AcDbLine
 10
3399.119865040683
 20
2774.073960291998
 30
0.0
 11
3399.119865040683
 21
2739.073960291998
 31
0.0
  0
LINE
  5
15A7
330
1147
100
AcDbEntity
  8
OLCU (BEYKENT)
 62
     0
440
 16777216
370
    -2
100
AcDbLine
 10
3402.119865040683
 20
2736.073960291998
 30
0.0
 11
3396.119865040684
 21
2742.073960291998
 31
0.0
  0
LINE
  5
15A8
330
1147
100
AcDbEntity
  8
OLCU (BEYKENT)
 62
     0
440
 16777216
370
    -2
100
AcDbLine
 10
3402.119865040683
 20
2771.073960291998
 30
0.0
 11
3396.119865040684
 21
2777.073960291998
 31
0.0
  0
MTEXT
  5
15A9
330
1147
100
AcDbEntity
  8
OLCU (BEYKENT)
 62
     7
440
 16777216
370
    20
100
AcDbMText
 10
3390.996068617024
 20
2756.573960291996
 30
0.0
 40
12.0
 41
0.0
 46
0.0
 71
     5
 72
     1
  1
\A1;35
  7
YAZI (BEYKENT)
 11
0.0000000000000001
 21
1.0
 31
0.0
 73
     1
 44
1.0
  0
POINT
  5
15AA
330
1147
100
AcDbEntity
  8
Defpoints
 62
     0
440
 16777216
100
AcDbPoint
 10
3379.119865040421
 20
2774.073960291998
 30
0.0
  0
POINT
  5
15AB
330
1147
100
AcDbEntity
  8
Defpoints
 62
     0
440
 16777216
100
AcDbPoint
 10
3379.119865040421
 20
2739.073960291998
 30
0.0
  0
POINT
  5
15AC
330
1147
100
AcDbEntity
  8
Defpoints
 62
     0
440
 16777216
100
AcDbPoint
 10
3399.119865040683
 20
2739.073960291998
 30
0.0
  0
ENDBLK
  5
1149
330
1147
100
AcDbEntity
  8
0
100
AcDbBlockEnd
  0
BLOCK
  5
1154
330
1153
100
AcDbEntity
  8
0
100
AcDbBlockBegin
  2
*D114
 70
     1
 10
0.0
 20
0.0
 30
0.0
  3
*D114
  1

  0
LINE
  5
15AD
330
1153
100
AcDbEntity
  8
OLCU (BEYKENT)
 62
     0
440
 16777216
370
    -2
100
AcDbLine
 10
3382.119865040421
 20
2789.073960291998
 30
0.0
 11
3419.299865040683
 21
2789.073960291998
 31
0.0
  0
LINE
  5
15AE
330
1153
100
AcDbEntity
  8
OLCU (BEYKENT)
 62
     0
440
 16777216
370
    -2
100
AcDbLine
 10
3382.119865040421
 20
2739.073960291998
 30
0.0
 11
3419.299865040683
 21
2739.073960291998
 31
0.0
  0
LINE
  5
15AF
330
1153
100
AcDbEntity
  8
OLCU (BEYKENT)
 62
     0
440
 16777216
370
    -2
100
AcDbLine
 10
3419.119865040683
 20
2789.073960291998
 30
0.0
 11
3419.119865040683
 21
2739.073960291998
 31
0.0
  0
LINE
  5
15B0
330
1153
100
AcDbEntity
  8
OLCU (BEYKENT)
 62
     0
440
 16777216
370
    -2
100
AcDbLine
 10
3422.119865040683
 20
2736.073960291998
 30
0.0
 11
3416.119865040683
 21
2742.073960291998
 31
0.0
  0
LINE
  5
15B1
330
1153
100
AcDbEntity
  8
OLCU (BEYKENT)
 62
     0
440
 16777216
370
    -2
100
AcDbLine
 10
3422.119865040683
 20
2786.073960291998
 30
0.0
 11
3416.119865040683
 21
2792.073960291998
 31
0.0
  0
MTEXT
  5
15B2
330
1153
100
AcDbEntity
  8
OLCU (BEYKENT)
 62
     7
440
 16777216
370
    20
100
AcDbMText
 10
3410.996068617024
 20
2764.073960291996
 30
0.0
 40
12.0
 41
0.0
 46
0.0
 71
     5
 72
     1
  1
\A1;50
  7
YAZI (BEYKENT)
 11
0.0000000000000001
 21
1.0
 31
0.0
 73
     1
 44
1.0
  0
POINT
  5
15B3
330
1153
100
AcDbEntity
  8
Defpoints
 62
     0
440
 16777216
100
AcDbPoint
 10
3379.119865040421
 20
2789.073960291998
 30
0.0
  0
POINT
  5
15B4
330
1153
100
AcDbEntity
  8
Defpoints
 62
     0
440
 16777216
100
AcDbPoint
 10
3379.119865040421
 20
2739.073960291998
 30
0.0
  0
POINT
  5
15B5
330
1153
100
AcDbEntity
  8
Defpoints
 62
     0
440
 16777216
100
AcDbPoint
 10
3419.119865040683
 20
2739.073960291998
 30
0.0
  0
ENDBLK
  5
1155
330
1153
100
AcDbEntity
  8
0
100
AcDbBlockEnd
  0
BLOCK
  5
1160
330
115F
100
AcDbEntity
  8
0
100
AcDbBlockBegin
  2
*D115
 70
     1
 10
0.0
 20
0.0
 30
0.0
  3
*D115
  1

  0
LINE
  5
15B6
330
115F
100
AcDbEntity
  8
OLCU (BEYKENT)
 62
     0
440
 16777216
370
    -2
100
AcDbLine
 10
3897.119865040421
 20
2789.073960291998
 30
0.0
 11
3914.299865040683
 21
2789.073960291998
 31
0.0
  0
LINE
  5
15B7
330
115F
100
AcDbEntity
  8
OLCU (BEYKENT)
 62
     0
440
 16777216
370
    -2
100
AcDbLine
 10
3897.119865040421
 20
2774.073960291998
 30
0.0
 11
3914.299865040683
 21
2774.073960291998
 31
0.0
  0
LINE
  5
15B8
330
115F
100
AcDbEntity
  8
OLCU (BEYKENT)
 62
     0
440
 16777216
370
    -2
100
AcDbLine
 10
3914.119865040684
 20
2789.073960291998
 30
0.0
 11
3914.119865040684
 21
2774.073960291998
 31
0.0
  0
LINE
  5
15B9
330
115F
100
AcDbEntity
  8
OLCU (BEYKENT)
 62
     0
440
 16777216
370
    -2
100
AcDbLine
 10
3917.119865040683
 20
2771.073960291998
 30
0.0
 11
3911.119865040684
 21
2777.073960291998
 31
0.0
  0
LINE
  5
15BA
330
115F
100
AcDbEntity
  8
OLCU (BEYKENT)
 62
     0
440
 16777216
370
    -2
100
AcDbLine
 10
3917.119865040683
 20
2786.073960291998
 30
0.0
 11
3911.119865040684
 21
2792.073960291998
 31
0.0
  0
MTEXT
  5
15BB
330
115F
100
AcDbEntity
  8
OLCU (BEYKENT)
 62
     7
440
 16777216
370
    20
100
AcDbMText
 10
3906.057966828853
 20
2781.573960291996
 30
0.0
 40
12.0
 41
0.0
 46
0.0
 71
     5
 72
     1
  1
\A1;15
  7
YAZI (BEYKENT)
 11
0.0000000000000001
 21
1.0
 31
0.0
 73
     1
 44
1.0
  0
POINT
  5
15BC
330
115F
100
AcDbEntity
  8
Defpoints
 62
     0
440
 16777216
100
AcDbPoint
 10
3894.119865040421
 20
2789.073960291998
 30
0.0
  0
POINT
  5
15BD
330
115F
100
AcDbEntity
  8
Defpoints
 62
     0
440
 16777216
100
AcDbPoint
 10
3894.119865040421
 20
2774.073960291998
 30
0.0
  0
POINT
  5
15BE
330
115F
100
AcDbEntity
  8
Defpoints
 62
     0
440
 16777216
100
AcDbPoint
 10
3914.119865040684
 20
2774.073960291998
 30
0.0
  0
ENDBLK
  5
1161
330
115F
100
AcDbEntity
  8
0
100
AcDbBlockEnd
  0
BLOCK
  5
116C
330
116B
100
AcDbEntity
  8
0
100
AcDbBlockBegin
  2
*D116
 70
     1
 10
0.0
 20
0.0
 30
0.0
  3
*D116
  1

  0
LINE
  5
15BF
330
116B
100
AcDbEntity
  8
OLCU (BEYKENT)
 62
     0
440
 16777216
370
    -2
100
AcDbLine
 10
3897.119865040421
 20
2774.073960291998
 30
0.0
 11
3914.299865040683
 21
2774.073960291998
 31
0.0
  0
LINE
  5
15C0
330
116B
100
AcDbEntity
  8
OLCU (BEYKENT)
 62
     0
440
 16777216
370
    -2
100
AcDbLine
 10
3897.119865040421
 20
2739.073960291998
 30
0.0
 11
3914.299865040683
 21
2739.073960291998
 31
0.0
  0
LINE
  5
15C1
330
116B
100
AcDbEntity
  8
OLCU (BEYKENT)
 62
     0
440
 16777216
370
    -2
100
AcDbLine
 10
3914.119865040684
 20
2774.073960291998
 30
0.0
 11
3914.119865040684
 21
2739.073960291998
 31
0.0
  0
LINE
  5
15C2
330
116B
100
AcDbEntity
  8
OLCU (BEYKENT)
 62
     0
440
 16777216
370
    -2
100
AcDbLine
 10
3917.119865040683
 20
2736.073960291998
 30
0.0
 11
3911.119865040684
 21
2742.073960291998
 31
0.0
  0
LINE
  5
15C3
330
116B
100
AcDbEntity
  8
OLCU (BEYKENT)
 62
     0
440
 16777216
370
    -2
100
AcDbLine
 10
3917.119865040683
 20
2771.073960291998
 30
0.0
 11
3911.119865040684
 21
2777.073960291998
 31
0.0
  0
MTEXT
  5
15C4
330
116B
100
AcDbEntity
  8
OLCU (BEYKENT)
 62
     7
440
 16777216
370
    20
100
AcDbMText
 10
3905.996068617024
 20
2756.573960291996
 30
0.0
 40
12.0
 41
0.0
 46
0.0
 71
     5
 72
     1
  1
\A1;35
  7
YAZI (BEYKENT)
 11
0.0000000000000001
 21
1.0
 31
0.0
 73
     1
 44
1.0
  0
POINT
  5
15C5
330
116B
100
AcDbEntity
  8
Defpoints
 62
     0
440
 16777216
100
AcDbPoint
 10
3894.119865040421
 20
2774.073960291998
 30
0.0
  0
POINT
  5
15C6
330
116B
100
AcDbEntity
  8
Defpoints
 62
     0
440
 16777216
100
AcDbPoint
 10
3894.119865040421
 20
2739.073960291998
 30
0.0
  0
POINT
  5
15C7
330
116B
100
AcDbEntity
  8
Defpoints
 62
     0
440
 16777216
100
AcDbPoint
 10
3914.119865040684
 20
2739.073960291998
 30
0.0
  0
ENDBLK
  5
116D
330
116B
100
AcDbEntity
  8
0
100
AcDbBlockEnd
  0
BLOCK
  5
1178
330
1177
100
AcDbEntity
  8
0
100
AcDbBlockBegin
  2
*D117
 70
     1
 10
0.0
 20
0.0
 30
0.0
  3
*D117
  1

  0
LINE
  5
15C8
330
1177
100
AcDbEntity
  8
OLCU (BEYKENT)
 62
     0
440
 16777216
370
    -2
100
AcDbLine
 10
3897.119865040421
 20
2789.073960291998
 30
0.0
 11
3934.299865040684
 21
2789.073960291998
 31
0.0
  0
LINE
  5
15C9
330
1177
100
AcDbEntity
  8
OLCU (BEYKENT)
 62
     0
440
 16777216
370
    -2
100
AcDbLine
 10
3897.119865040421
 20
2739.073960291998
 30
0.0
 11
3934.299865040684
 21
2739.073960291998
 31
0.0
  0
LINE
  5
15CA
330
1177
100
AcDbEntity
  8
OLCU (BEYKENT)
 62
     0
440
 16777216
370
    -2
100
AcDbLine
 10
3934.119865040683
 20
2789.073960291998
 30
0.0
 11
3934.119865040683
 21
2739.073960291998
 31
0.0
  0
LINE
  5
15CB
330
1177
100
AcDbEntity
  8
OLCU (BEYKENT)
 62
     0
440
 16777216
370
    -2
100
AcDbLine
 10
3937.119865040683
 20
2736.073960291998
 30
0.0
 11
3931.119865040683
 21
2742.073960291998
 31
0.0
  0
LINE
  5
15CC
330
1177
100
AcDbEntity
  8
OLCU (BEYKENT)
 62
     0
440
 16777216
370
    -2
100
AcDbLine
 10
3937.119865040683
 20
2786.073960291998
 30
0.0
 11
3931.119865040683
 21
2792.073960291998
 31
0.0
  0
MTEXT
  5
15CD
330
1177
100
AcDbEntity
  8
OLCU (BEYKENT)
 62
     7
440
 16777216
370
    20
100
AcDbMText
 10
3925.996068617024
 20
2764.073960291996
 30
0.0
 40
12.0
 41
0.0
 46
0.0
 71
     5
 72
     1
  1
\A1;50
  7
YAZI (BEYKENT)
 11
0.0000000000000001
 21
1.0
 31
0.0
 73
     1
 44
1.0
  0
POINT
  5
15CE
330
1177
100
AcDbEntity
  8
Defpoints
 62
     0
440
 16777216
100
AcDbPoint
 10
3894.119865040421
 20
2789.073960291998
 30
0.0
  0
POINT
  5
15CF
330
1177
100
AcDbEntity
  8
Defpoints
 62
     0
440
 16777216
100
AcDbPoint
 10
3894.119865040421
 20
2739.073960291998
 30
0.0
  0
POINT
  5
15D0
330
1177
100
AcDbEntity
  8
Defpoints
 62
     0
440
 16777216
100
AcDbPoint
 10
3934.119865040683
 20
2739.073960291998
 30
0.0
  0
ENDBLK
  5
1179
330
1177
100
AcDbEntity
  8
0
100
AcDbBlockEnd
  0
BLOCK
  5
1184
330
1183
100
AcDbEntity
  8
0
100
AcDbBlockBegin
  2
*D118
 70
     1
 10
0.0
 20
0.0
 30
0.0
  3
*D118
  1

  0
LINE
  5
15D1
330
1183
100
AcDbEntity
  8
OLCU (BEYKENT)
 62
     0
440
 16777216
370
    -2
100
AcDbLine
 10
4161.11986504042
 20
2789.073960291998
 30
0.0
 11
4143.939865040683
 21
2789.073960291998
 31
0.0
  0
LINE
  5
15D2
330
1183
100
AcDbEntity
  8
OLCU (BEYKENT)
 62
     0
440
 16777216
370
    -2
100
AcDbLine
 10
4161.11986504042
 20
2774.073960291998
 30
0.0
 11
4143.939865040683
 21
2774.073960291998
 31
0.0
  0
LINE
  5
15D3
330
1183
100
AcDbEntity
  8
OLCU (BEYKENT)
 62
     0
440
 16777216
370
    -2
100
AcDbLine
 10
4144.119865040683
 20
2789.073960291998
 30
0.0
 11
4144.119865040683
 21
2774.073960291998
 31
0.0
  0
LINE
  5
15D4
330
1183
100
AcDbEntity
  8
OLCU (BEYKENT)
 62
     0
440
 16777216
370
    -2
100
AcDbLine
 10
4147.119865040683
 20
2771.073960291998
 30
0.0
 11
4141.119865040683
 21
2777.073960291998
 31
0.0
  0
LINE
  5
15D5
330
1183
100
AcDbEntity
  8
OLCU (BEYKENT)
 62
     0
440
 16777216
370
    -2
100
AcDbLine
 10
4147.119865040683
 20
2786.073960291998
 30
0.0
 11
4141.119865040683
 21
2792.073960291998
 31
0.0
  0
MTEXT
  5
15D6
330
1183
100
AcDbEntity
  8
OLCU (BEYKENT)
 62
     7
440
 16777216
370
    20
100
AcDbMText
 10
4136.057966828853
 20
2781.573960291996
 30
0.0
 40
12.0
 41
0.0
 46
0.0
 71
     5
 72
     1
  1
\A1;15
  7
YAZI (BEYKENT)
 11
0.0000000000000001
 21
1.0
 31
0.0
 73
     1
 44
1.0
  0
POINT
  5
15D7
330
1183
100
AcDbEntity
  8
Defpoints
 62
     0
440
 16777216
100
AcDbPoint
 10
4164.11986504042
 20
2789.073960291998
 30
0.0
  0
POINT
  5
15D8
330
1183
100
AcDbEntity
  8
Defpoints
 62
     0
440
 16777216
100
AcDbPoint
 10
4164.11986504042
 20
2774.073960291998
 30
0.0
  0
POINT
  5
15D9
330
1183
100
AcDbEntity
  8
Defpoints
 62
     0
440
 16777216
100
AcDbPoint
 10
4144.119865040683
 20
2774.073960291998
 30
0.0
  0
ENDBLK
  5
1185
330
1183
100
AcDbEntity
  8
0
100
AcDbBlockEnd
  0
BLOCK
  5
1190
330
118F
100
AcDbEntity
  8
0
100
AcDbBlockBegin
  2
*D119
 70
     1
 10
0.0
 20
0.0
 30
0.0
  3
*D119
  1

  0
LINE
  5
15DA
330
118F
100
AcDbEntity
  8
OLCU (BEYKENT)
 62
     0
440
 16777216
370
    -2
100
AcDbLine
 10
4161.11986504042
 20
2774.073960291998
 30
0.0
 11
4143.939865040683
 21
2774.073960291998
 31
0.0
  0
LINE
  5
15DB
330
118F
100
AcDbEntity
  8
OLCU (BEYKENT)
 62
     0
440
 16777216
370
    -2
100
AcDbLine
 10
4161.11986504042
 20
2739.073960291998
 30
0.0
 11
4143.939865040683
 21
2739.073960291998
 31
0.0
  0
LINE
  5
15DC
330
118F
100
AcDbEntity
  8
OLCU (BEYKENT)
 62
     0
440
 16777216
370
    -2
100
AcDbLine
 10
4144.119865040683
 20
2774.073960291998
 30
0.0
 11
4144.119865040683
 21
2739.073960291998
 31
0.0
  0
LINE
  5
15DD
330
118F
100
AcDbEntity
  8
OLCU (BEYKENT)
 62
     0
440
 16777216
370
    -2
100
AcDbLine
 10
4147.119865040683
 20
2736.073960291998
 30
0.0
 11
4141.119865040683
 21
2742.073960291998
 31
0.0
  0
LINE
  5
15DE
330
118F
100
AcDbEntity
  8
OLCU (BEYKENT)
 62
     0
440
 16777216
370
    -2
100
AcDbLine
 10
4147.119865040683
 20
2771.073960291998
 30
0.0
 11
4141.119865040683
 21
2777.073960291998
 31
0.0
  0
MTEXT
  5
15DF
330
118F
100
AcDbEntity
  8
OLCU (BEYKENT)
 62
     7
440
 16777216
370
    20
100
AcDbMText
 10
4135.996068617024
 20
2756.573960291996
 30
0.0
 40
12.0
 41
0.0
 46
0.0
 71
     5
 72
     1
  1
\A1;35
  7
YAZI (BEYKENT)
 11
0.0000000000000001
 21
1.0
 31
0.0
 73
     1
 44
1.0
  0
POINT
  5
15E0
330
118F
100
AcDbEntity
  8
Defpoints
 62
     0
440
 16777216
100
AcDbPoint
 10
4164.11986504042
 20
2774.073960291998
 30
0.0
  0
POINT
  5
15E1
330
118F
100
AcDbEntity
  8
Defpoints
 62
     0
440
 16777216
100
AcDbPoint
 10
4164.11986504042
 20
2739.073960291998
 30
0.0
  0
POINT
  5
15E2
330
118F
100
AcDbEntity
  8
Defpoints
 62
     0
440
 16777216
100
AcDbPoint
 10
4144.119865040683
 20
2739.073960291998
 30
0.0
  0
ENDBLK
  5
1191
330
118F
100
AcDbEntity
  8
0
100
AcDbBlockEnd
  0
BLOCK
  5
119C
330
119B
100
AcDbEntity
  8
0
100
AcDbBlockBegin
  2
*D120
 70
     1
 10
0.0
 20
0.0
 30
0.0
  3
*D120
  1

  0
LINE
  5
15E3
330
119B
100
AcDbEntity
  8
OLCU (BEYKENT)
 62
     0
440
 16777216
370
    -2
100
AcDbLine
 10
4161.11986504042
 20
2789.073960291998
 30
0.0
 11
4123.939865040682
 21
2789.073960291998
 31
0.0
  0
LINE
  5
15E4
330
119B
100
AcDbEntity
  8
OLCU (BEYKENT)
 62
     0
440
 16777216
370
    -2
100
AcDbLine
 10
4161.11986504042
 20
2739.073960291998
 30
0.0
 11
4123.939865040682
 21
2739.073960291998
 31
0.0
  0
LINE
  5
15E5
330
119B
100
AcDbEntity
  8
OLCU (BEYKENT)
 62
     0
440
 16777216
370
    -2
100
AcDbLine
 10
4124.119865040682
 20
2789.073960291998
 30
0.0
 11
4124.119865040682
 21
2739.073960291998
 31
0.0
  0
LINE
  5
15E6
330
119B
100
AcDbEntity
  8
OLCU (BEYKENT)
 62
     0
440
 16777216
370
    -2
100
AcDbLine
 10
4127.119865040683
 20
2736.073960291998
 30
0.0
 11
4121.119865040683
 21
2742.073960291998
 31
0.0
  0
LINE
  5
15E7
330
119B
100
AcDbEntity
  8
OLCU (BEYKENT)
 62
     0
440
 16777216
370
    -2
100
AcDbLine
 10
4127.119865040683
 20
2786.073960291998
 30
0.0
 11
4121.119865040683
 21
2792.073960291998
 31
0.0
  0
MTEXT
  5
15E8
330
119B
100
AcDbEntity
  8
OLCU (BEYKENT)
 62
     7
440
 16777216
370
    20
100
AcDbMText
 10
4115.996068617024
 20
2764.073960291996
 30
0.0
 40
12.0
 41
0.0
 46
0.0
 71
     5
 72
     1
  1
\A1;50
  7
YAZI (BEYKENT)
 11
0.0000000000000001
 21
1.0
 31
0.0
 73
     1
 44
1.0
  0
POINT
  5
15E9
330
119B
100
AcDbEntity
  8
Defpoints
 62
     0
440
 16777216
100
AcDbPoint
 10
4164.11986504042
 20
2789.073960291998
 30
0.0
  0
POINT
  5
15EA
330
119B
100
AcDbEntity
  8
Defpoints
 62
     0
440
 16777216
100
AcDbPoint
 10
4164.11986504042
 20
2739.073960291998
 30
0.0
  0
POINT
  5
15EB
330
119B
100
AcDbEntity
  8
Defpoints
 62
     0
440
 16777216
100
AcDbPoint
 10
4124.119865040682
 20
2739.073960291998
 30
0.0
  0
ENDBLK
  5
119D
330
119B
100
AcDbEntity
  8
0
100
AcDbBlockEnd
  0
BLOCK
  5
11A8
330
11A7
100
AcDbEntity
  8
0
100
AcDbBlockBegin
  2
*D121
 70
     1
 10
0.0
 20
0.0
 30
0.0
  3
*D121
  1

  0
LINE
  5
15EC
330
11A7
100
AcDbEntity
  8
OLCU (BEYKENT)
 62
     0
440
 16777216
370
    -2
100
AcDbLine
 10
2314.61986504042
 20
2774.073960291998
 30
0.0
 11
2331.799865040682
 21
2774.073960291998
 31
0.0
  0
LINE
  5
15ED
330
11A7
100
AcDbEntity
  8
OLCU (BEYKENT)
 62
     0
440
 16777216
370
    -2
100
AcDbLine
 10
2314.61986504042
 20
2789.073960291998
 30
0.0
 11
2331.799865040682
 21
2789.073960291998
 31
0.0
  0
LINE
  5
15EE
330
11A7
100
AcDbEntity
  8
OLCU (BEYKENT)
 62
     0
440
 16777216
370
    -2
100
AcDbLine
 10
2331.619865040682
 20
2774.073960291998
 30
0.0
 11
2331.619865040682
 21
2789.073960291998
 31
0.0
  0
LINE
  5
15EF
330
11A7
100
AcDbEntity
  8
OLCU (BEYKENT)
 62
     0
440
 16777216
370
    -2
100
AcDbLine
 10
2334.619865040682
 20
2786.073960291998
 30
0.0
 11
2328.619865040682
 21
2792.073960291998
 31
0.0
  0
LINE
  5
15F0
330
11A7
100
AcDbEntity
  8
OLCU (BEYKENT)
 62
     0
440
 16777216
370
    -2
100
AcDbLine
 10
2334.619865040682
 20
2771.073960291998
 30
0.0
 11
2328.619865040682
 21
2777.073960291998
 31
0.0
  0
MTEXT
  5
15F1
330
11A7
100
AcDbEntity
  8
OLCU (BEYKENT)
 62
     7
440
 16777216
370
    20
100
AcDbMText
 10
2323.557966828852
 20
2781.573960291997
 30
0.0
 40
12.0
 41
0.0
 46
0.0
 71
     5
 72
     1
  1
\A1;15
  7
YAZI (BEYKENT)
 11
0.0000000000000001
 21
1.0
 31
0.0
 73
     1
 44
1.0
  0
POINT
  5
15F2
330
11A7
100
AcDbEntity
  8
Defpoints
 62
     0
440
 16777216
100
AcDbPoint
 10
2311.61986504042
 20
2774.073960291998
 30
0.0
  0
POINT
  5
15F3
330
11A7
100
AcDbEntity
  8
Defpoints
 62
     0
440
 16777216
100
AcDbPoint
 10
2311.61986504042
 20
2789.073960291998
 30
0.0
  0
POINT
  5
15F4
330
11A7
100
AcDbEntity
  8
Defpoints
 62
     0
440
 16777216
100
AcDbPoint
 10
2331.619865040682
 20
2789.073960291998
 30
0.0
  0
ENDBLK
  5
11A9
330
11A7
100
AcDbEntity
  8
0
100
AcDbBlockEnd
  0
BLOCK
  5
11B4
330
11B3
100
AcDbEntity
  8
0
100
AcDbBlockBegin
  2
*D122
 70
     1
 10
0.0
 20
0.0
 30
0.0
  3
*D122
  1

  0
LINE
  5
15F5
330
11B3
100
AcDbEntity
  8
OLCU (BEYKENT)
 62
     0
440
 16777216
370
    -2
100
AcDbLine
 10
3639.61986504042
 20
2774.073960291998
 30
0.0
 11
3656.799865040683
 21
2774.073960291998
 31
0.0
  0
LINE
  5
15F6
330
11B3
100
AcDbEntity
  8
OLCU (BEYKENT)
 62
     0
440
 16777216
370
    -2
100
AcDbLine
 10
3639.61986504042
 20
2789.073960291998
 30
0.0
 11
3656.799865040683
 21
2789.073960291998
 31
0.0
  0
LINE
  5
15F7
330
11B3
100
AcDbEntity
  8
OLCU (BEYKENT)
 62
     0
440
 16777216
370
    -2
100
AcDbLine
 10
3656.619865040684
 20
2774.073960291998
 30
0.0
 11
3656.619865040684
 21
2789.073960291998
 31
0.0
  0
LINE
  5
15F8
330
11B3
100
AcDbEntity
  8
OLCU (BEYKENT)
 62
     0
440
 16777216
370
    -2
100
AcDbLine
 10
3659.619865040684
 20
2786.073960291998
 30
0.0
 11
3653.619865040683
 21
2792.073960291998
 31
0.0
  0
LINE
  5
15F9
330
11B3
100
AcDbEntity
  8
OLCU (BEYKENT)
 62
     0
440
 16777216
370
    -2
100
AcDbLine
 10
3659.619865040684
 20
2771.073960291998
 30
0.0
 11
3653.619865040683
 21
2777.073960291998
 31
0.0
  0
MTEXT
  5
15FA
330
11B3
100
AcDbEntity
  8
OLCU (BEYKENT)
 62
     7
440
 16777216
370
    20
100
AcDbMText
 10
3648.557966828854
 20
2781.573960291996
 30
0.0
 40
12.0
 41
0.0
 46
0.0
 71
     5
 72
     1
  1
\A1;15
  7
YAZI (BEYKENT)
 11
0.0000000000000001
 21
1.0
 31
0.0
 73
     1
 44
1.0
  0
POINT
  5
15FB
330
11B3
100
AcDbEntity
  8
Defpoints
 62
     0
440
 16777216
100
AcDbPoint
 10
3636.619865040421
 20
2774.073960291998
 30
0.0
  0
POINT
  5
15FC
330
11B3
100
AcDbEntity
  8
Defpoints
 62
     0
440
 16777216
100
AcDbPoint
 10
3636.619865040421
 20
2789.073960291998
 30
0.0
  0
POINT
  5
15FD
330
11B3
100
AcDbEntity
  8
Defpoints
 62
     0
440
 16777216
100
AcDbPoint
 10
3656.619865040684
 20
2789.073960291998
 30
0.0
  0
ENDBLK
  5
11B5
330
11B3
100
AcDbEntity
  8
0
100
AcDbBlockEnd
  0
BLOCK
  5
11C0
330
11BF
100
AcDbEntity
  8
0
100
AcDbBlockBegin
  2
*D123
 70
     1
 10
0.0
 20
0.0
 30
0.0
  3
*D123
  1

  0
LINE
  5
15FE
330
11BF
100
AcDbEntity
  8
OLCU (BEYKENT)
 62
     0
440
 16777216
370
    -2
100
AcDbLine
 10
1909.619865040419
 20
2774.073960291998
 30
0.0
 11
1926.799865040681
 21
2774.073960291998
 31
0.0
  0
LINE
  5
15FF
330
11BF
100
AcDbEntity
  8
OLCU (BEYKENT)
 62
     0
440
 16777216
370
    -2
100
AcDbLine
 10
1909.619865040419
 20
2789.073960291998
 30
0.0
 11
1926.799865040681
 21
2789.073960291998
 31
0.0
  0
LINE
  5
1600
330
11BF
100
AcDbEntity
  8
OLCU (BEYKENT)
 62
     0
440
 16777216
370
    -2
100
AcDbLine
 10
1926.619865040682
 20
2774.073960291998
 30
0.0
 11
1926.619865040682
 21
2789.073960291998
 31
0.0
  0
LINE
  5
1601
330
11BF
100
AcDbEntity
  8
OLCU (BEYKENT)
 62
     0
440
 16777216
370
    -2
100
AcDbLine
 10
1929.619865040681
 20
2786.073960291998
 30
0.0
 11
1923.619865040681
 21
2792.073960291998
 31
0.0
  0
LINE
  5
1602
330
11BF
100
AcDbEntity
  8
OLCU (BEYKENT)
 62
     0
440
 16777216
370
    -2
100
AcDbLine
 10
1929.619865040681
 20
2771.073960291998
 30
0.0
 11
1923.619865040681
 21
2777.073960291998
 31
0.0
  0
MTEXT
  5
1603
330
11BF
100
AcDbEntity
  8
OLCU (BEYKENT)
 62
     7
440
 16777216
370
    20
100
AcDbMText
 10
1918.557966828852
 20
2781.573960291997
 30
0.0
 40
12.0
 41
0.0
 46
0.0
 71
     5
 72
     1
  1
\A1;15
  7
YAZI (BEYKENT)
 11
0.0000000000000001
 21
1.0
 31
0.0
 73
     1
 44
1.0
  0
POINT
  5
1604
330
11BF
100
AcDbEntity
  8
Defpoints
 62
     0
440
 16777216
100
AcDbPoint
 10
1906.619865040419
 20
2774.073960291998
 30
0.0
  0
POINT
  5
1605
330
11BF
100
AcDbEntity
  8
Defpoints
 62
     0
440
 16777216
100
AcDbPoint
 10
1906.619865040419
 20
2789.073960291998
 30
0.0
  0
POINT
  5
1606
330
11BF
100
AcDbEntity
  8
Defpoints
 62
     0
440
 16777216
100
AcDbPoint
 10
1926.619865040682
 20
2789.073960291998
 30
0.0
  0
ENDBLK
  5
11C1
330
11BF
100
AcDbEntity
  8
0
100
AcDbBlockEnd
  0
BLOCK
  5
11CC
330
11CB
100
AcDbEntity
  8
0
100
AcDbBlockBegin
  2
*D124
 70
     1
 10
0.0
 20
0.0
 30
0.0
  3
*D124
  1

  0
LINE
  5
1607
330
11CB
100
AcDbEntity
  8
OLCU (BEYKENT)
 62
     0
440
 16777216
370
    -2
100
AcDbLine
 10
2779.61986504042
 20
2774.073960291998
 30
0.0
 11
2796.799865040682
 21
2774.073960291998
 31
0.0
  0
LINE
  5
1608
330
11CB
100
AcDbEntity
  8
OLCU (BEYKENT)
 62
     0
440
 16777216
370
    -2
100
AcDbLine
 10
2779.61986504042
 20
2789.073960291998
 30
0.0
 11
2796.799865040682
 21
2789.073960291998
 31
0.0
  0
LINE
  5
1609
330
11CB
100
AcDbEntity
  8
OLCU (BEYKENT)
 62
     0
440
 16777216
370
    -2
100
AcDbLine
 10
2796.619865040682
 20
2774.073960291998
 30
0.0
 11
2796.619865040682
 21
2789.073960291998
 31
0.0
  0
LINE
  5
160A
330
11CB
100
AcDbEntity
  8
OLCU (BEYKENT)
 62
     0
440
 16777216
370
    -2
100
AcDbLine
 10
2799.619865040682
 20
2786.073960291998
 30
0.0
 11
2793.619865040682
 21
2792.073960291998
 31
0.0
  0
LINE
  5
160B
330
11CB
100
AcDbEntity
  8
OLCU (BEYKENT)
 62
     0
440
 16777216
370
    -2
100
AcDbLine
 10
2799.619865040682
 20
2771.073960291998
 30
0.0
 11
2793.619865040682
 21
2777.073960291998
 31
0.0
  0
MTEXT
  5
160C
330
11CB
100
AcDbEntity
  8
OLCU (BEYKENT)
 62
     7
440
 16777216
370
    20
100
AcDbMText
 10
2788.557966828852
 20
2781.573960291997
 30
0.0
 40
12.0
 41
0.0
 46
0.0
 71
     5
 72
     1
  1
\A1;15
  7
YAZI (BEYKENT)
 11
0.0000000000000001
 21
1.0
 31
0.0
 73
     1
 44
1.0
  0
POINT
  5
160D
330
11CB
100
AcDbEntity
  8
Defpoints
 62
     0
440
 16777216
100
AcDbPoint
 10
2776.61986504042
 20
2774.073960291998
 30
0.0
  0
POINT
  5
160E
330
11CB
100
AcDbEntity
  8
Defpoints
 62
     0
440
 16777216
100
AcDbPoint
 10
2776.61986504042
 20
2789.073960291998
 30
0.0
  0
POINT
  5
160F
330
11CB
100
AcDbEntity
  8
Defpoints
 62
     0
440
 16777216
100
AcDbPoint
 10
2796.619865040682
 20
2789.073960291998
 30
0.0
  0
ENDBLK
  5
11CD
330
11CB
100
AcDbEntity
  8
0
100
AcDbBlockEnd
  0
BLOCK
  5
11D8
330
11D7
100
AcDbEntity
  8
0
100
AcDbBlockBegin
  2
*D125
 70
     1
 10
0.0
 20
0.0
 30
0.0
  3
*D125
  1

  0
LINE
  5
1610
330
11D7
100
AcDbEntity
  8
OLCU (BEYKENT)
 62
     0
440
 16777216
370
    -2
100
AcDbLine
 10
3184.619865040421
 20
2774.073960291998
 30
0.0
 11
3201.799865040683
 21
2774.073960291998
 31
0.0
  0
LINE
  5
1611
330
11D7
100
AcDbEntity
  8
OLCU (BEYKENT)
 62
     0
440
 16777216
370
    -2
100
AcDbLine
 10
3184.619865040421
 20
2789.073960291998
 30
0.0
 11
3201.799865040683
 21
2789.073960291998
 31
0.0
  0
LINE
  5
1612
330
11D7
100
AcDbEntity
  8
OLCU (BEYKENT)
 62
     0
440
 16777216
370
    -2
100
AcDbLine
 10
3201.619865040683
 20
2774.073960291998
 30
0.0
 11
3201.619865040683
 21
2789.073960291998
 31
0.0
  0
LINE
  5
1613
330
11D7
100
AcDbEntity
  8
OLCU (BEYKENT)
 62
     0
440
 16777216
370
    -2
100
AcDbLine
 10
3204.619865040683
 20
2786.073960291998
 30
0.0
 11
3198.619865040683
 21
2792.073960291998
 31
0.0
  0
LINE
  5
1614
330
11D7
100
AcDbEntity
  8
OLCU (BEYKENT)
 62
     0
440
 16777216
370
    -2
100
AcDbLine
 10
3204.619865040683
 20
2771.073960291998
 30
0.0
 11
3198.619865040683
 21
2777.073960291998
 31
0.0
  0
MTEXT
  5
1615
330
11D7
100
AcDbEntity
  8
OLCU (BEYKENT)
 62
     7
440
 16777216
370
    20
100
AcDbMText
 10
3193.557966828854
 20
2781.573960291996
 30
0.0
 40
12.0
 41
0.0
 46
0.0
 71
     5
 72
     1
  1
\A1;15
  7
YAZI (BEYKENT)
 11
0.0000000000000001
 21
1.0
 31
0.0
 73
     1
 44
1.0
  0
POINT
  5
1616
330
11D7
100
AcDbEntity
  8
Defpoints
 62
     0
440
 16777216
100
AcDbPoint
 10
3181.619865040421
 20
2774.073960291998
 30
0.0
  0
POINT
  5
1617
330
11D7
100
AcDbEntity
  8
Defpoints
 62
     0
440
 16777216
100
AcDbPoint
 10
3181.619865040421
 20
2789.073960291998
 30
0.0
  0
POINT
  5
1618
330
11D7
100
AcDbEntity
  8
Defpoints
 62
     0
440
 16777216
100
AcDbPoint
 10
3201.619865040683
 20
2789.073960291998
 30
0.0
  0
ENDBLK
  5
11D9
330
11D7
100
AcDbEntity
  8
0
100
AcDbBlockEnd
  0
BLOCK
  5
11E4
330
11E3
100
AcDbEntity
  8
0
100
AcDbBlockBegin
  2
*D126
 70
     1
 10
0.0
 20
0.0
 30
0.0
  3
*D126
  1

  0
LINE
  5
1619
330
11E3
100
AcDbEntity
  8
OLCU (BEYKENT)
 62
     0
440
 16777216
370
    -2
100
AcDbLine
 10
4044.61986504042
 20
2774.073960291998
 30
0.0
 11
4061.799865040683
 21
2774.073960291998
 31
0.0
  0
LINE
  5
161A
330
11E3
100
AcDbEntity
  8
OLCU (BEYKENT)
 62
     0
440
 16777216
370
    -2
100
AcDbLine
 10
4044.61986504042
 20
2789.073960291998
 30
0.0
 11
4061.799865040683
 21
2789.073960291998
 31
0.0
  0
LINE
  5
161B
330
11E3
100
AcDbEntity
  8
OLCU (BEYKENT)
 62
     0
440
 16777216
370
    -2
100
AcDbLine
 10
4061.619865040682
 20
2774.073960291998
 30
0.0
 11
4061.619865040682
 21
2789.073960291998
 31
0.0
  0
LINE
  5
161C
330
11E3
100
AcDbEntity
  8
OLCU (BEYKENT)
 62
     0
440
 16777216
370
    -2
100
AcDbLine
 10
4064.619865040683
 20
2786.073960291998
 30
0.0
 11
4058.619865040683
 21
2792.073960291998
 31
0.0
  0
LINE
  5
161D
330
11E3
100
AcDbEntity
  8
OLCU (BEYKENT)
 62
     0
440
 16777216
370
    -2
100
AcDbLine
 10
4064.619865040683
 20
2771.073960291998
 30
0.0
 11
4058.619865040683
 21
2777.073960291998
 31
0.0
  0
MTEXT
  5
161E
330
11E3
100
AcDbEntity
  8
OLCU (BEYKENT)
 62
     7
440
 16777216
370
    20
100
AcDbMText
 10
4053.557966828853
 20
2781.573960291996
 30
0.0
 40
12.0
 41
0.0
 46
0.0
 71
     5
 72
     1
  1
\A1;15
  7
YAZI (BEYKENT)
 11
0.0000000000000001
 21
1.0
 31
0.0
 73
     1
 44
1.0
  0
POINT
  5
161F
330
11E3
100
AcDbEntity
  8
Defpoints
 62
     0
440
 16777216
100
AcDbPoint
 10
4041.61986504042
 20
2774.073960291998
 30
0.0
  0
POINT
  5
1620
330
11E3
100
AcDbEntity
  8
Defpoints
 62
     0
440
 16777216
100
AcDbPoint
 10
4041.61986504042
 20
2789.073960291998
 30
0.0
  0
POINT
  5
1621
330
11E3
100
AcDbEntity
  8
Defpoints
 62
     0
440
 16777216
100
AcDbPoint
 10
4061.619865040682
 20
2789.073960291998
 30
0.0
  0
ENDBLK
  5
11E5
330
11E3
100
AcDbEntity
  8
0
100
AcDbBlockEnd
  0
BLOCK
  5
11F0
330
11EF
100
AcDbEntity
  8
0
100
AcDbBlockBegin
  2
*D127
 70
     1
 10
0.0
 20
0.0
 30
0.0
  3
*D127
  1

  0
LINE
  5
1622
330
11EF
100
AcDbEntity
  8
OLCU (BEYKENT)
 62
     0
440
 16777216
370
    -2
100
AcDbLine
 10
1319.119865040418
 20
2261.073960291997
 30
0.0
 11
1319.119865040418
 21
2243.893960291997
 31
0.0
  0
LINE
  5
1623
330
11EF
100
AcDbEntity
  8
OLCU (BEYKENT)
 62
     0
440
 16777216
370
    -2
100
AcDbLine
 10
1334.119865040418
 20
2261.073960291997
 30
0.0
 11
1334.119865040418
 21
2243.893960291997
 31
0.0
  0
LINE
  5
1624
330
11EF
100
AcDbEntity
  8
OLCU (BEYKENT)
 62
     0
440
 16777216
370
    -2
100
AcDbLine
 10
1319.119865040418
 20
2244.073960291997
 30
0.0
 11
1334.119865040418
 21
2244.073960291997
 31
0.0
  0
LINE
  5
1625
330
11EF
100
AcDbEntity
  8
OLCU (BEYKENT)
 62
     0
440
 16777216
370
    -2
100
AcDbLine
 10
1331.119865040418
 20
2241.073960291997
 30
0.0
 11
1337.119865040418
 21
2247.073960291997
 31
0.0
  0
LINE
  5
1626
330
11EF
100
AcDbEntity
  8
OLCU (BEYKENT)
 62
     0
440
 16777216
370
    -2
100
AcDbLine
 10
1316.119865040418
 20
2241.073960291997
 30
0.0
 11
1322.119865040418
 21
2247.073960291997
 31
0.0
  0
MTEXT
  5
1627
330
11EF
100
AcDbEntity
  8
OLCU (BEYKENT)
 62
     7
440
 16777216
370
    20
100
AcDbMText
 10
1326.619865040418
 20
2252.135858503826
 30
0.0
 40
12.0
 41
0.0
 46
0.0
 71
     5
 72
     1
  1
\A1;15
  7
YAZI (BEYKENT)
 73
     1
 44
1.0
  0
POINT
  5
1628
330
11EF
100
AcDbEntity
  8
Defpoints
 62
     0
440
 16777216
100
AcDbPoint
 10
1319.119865040418
 20
2264.073960291997
 30
0.0
  0
POINT
  5
1629
330
11EF
100
AcDbEntity
  8
Defpoints
 62
     0
440
 16777216
100
AcDbPoint
 10
1334.119865040418
 20
2264.073960291997
 30
0.0
  0
POINT
  5
162A
330
11EF
100
AcDbEntity
  8
Defpoints
 62
     0
440
 16777216
100
AcDbPoint
 10
1334.119865040418
 20
2244.073960291997
 30
0.0
  0
ENDBLK
  5
11F1
330
11EF
100
AcDbEntity
  8
0
100
AcDbBlockEnd
  0
BLOCK
  5
11FC
330
11FB
100
AcDbEntity
  8
0
100
AcDbBlockBegin
  2
*D128
 70
     1
 10
0.0
 20
0.0
 30
0.0
  3
*D128
  1

  0
LINE
  5
162B
330
11FB
100
AcDbEntity
  8
OLCU (BEYKENT)
 62
     0
440
 16777216
370
    -2
100
AcDbLine
 10
1334.119865040418
 20
2261.073960291997
 30
0.0
 11
1334.119865040418
 21
2243.893960291997
 31
0.0
  0
LINE
  5
162C
330
11FB
100
AcDbEntity
  8
OLCU (BEYKENT)
 62
     0
440
 16777216
370
    -2
100
AcDbLine
 10
1369.119865040418
 20
2261.073960291997
 30
0.0
 11
1369.119865040418
 21
2243.893960291997
 31
0.0
  0
LINE
  5
162D
330
11FB
100
AcDbEntity
  8
OLCU (BEYKENT)
 62
     0
440
 16777216
370
    -2
100
AcDbLine
 10
1334.119865040418
 20
2244.073960291997
 30
0.0
 11
1369.119865040418
 21
2244.073960291997
 31
0.0
  0
LINE
  5
162E
330
11FB
100
AcDbEntity
  8
OLCU (BEYKENT)
 62
     0
440
 16777216
370
    -2
100
AcDbLine
 10
1366.119865040418
 20
2241.073960291997
 30
0.0
 11
1372.119865040418
 21
2247.073960291997
 31
0.0
  0
LINE
  5
162F
330
11FB
100
AcDbEntity
  8
OLCU (BEYKENT)
 62
     0
440
 16777216
370
    -2
100
AcDbLine
 10
1331.119865040418
 20
2241.073960291997
 30
0.0
 11
1337.119865040418
 21
2247.073960291997
 31
0.0
  0
MTEXT
  5
1630
330
11FB
100
AcDbEntity
  8
OLCU (BEYKENT)
 62
     7
440
 16777216
370
    20
100
AcDbMText
 10
1351.619865040418
 20
2252.197756715656
 30
0.0
 40
12.0
 41
0.0
 46
0.0
 71
     5
 72
     1
  1
\A1;35
  7
YAZI (BEYKENT)
 73
     1
 44
1.0
  0
POINT
  5
1631
330
11FB
100
AcDbEntity
  8
Defpoints
 62
     0
440
 16777216
100
AcDbPoint
 10
1334.119865040418
 20
2264.073960291997
 30
0.0
  0
POINT
  5
1632
330
11FB
100
AcDbEntity
  8
Defpoints
 62
     0
440
 16777216
100
AcDbPoint
 10
1369.119865040418
 20
2264.073960291997
 30
0.0
  0
POINT
  5
1633
330
11FB
100
AcDbEntity
  8
Defpoints
 62
     0
440
 16777216
100
AcDbPoint
 10
1369.119865040418
 20
2244.073960291997
 30
0.0
  0
ENDBLK
  5
11FD
330
11FB
100
AcDbEntity
  8
0
100
AcDbBlockEnd
  0
BLOCK
  5
1208
330
1207
100
AcDbEntity
  8
0
100
AcDbBlockBegin
  2
*D129
 70
     1
 10
0.0
 20
0.0
 30
0.0
  3
*D129
  1

  0
LINE
  5
1634
330
1207
100
AcDbEntity
  8
OLCU (BEYKENT)
 62
     0
440
 16777216
370
    -2
100
AcDbLine
 10
1319.119865040418
 20
2261.073960291997
 30
0.0
 11
1319.119865040418
 21
2223.893960291997
 31
0.0
  0
LINE
  5
1635
330
1207
100
AcDbEntity
  8
OLCU (BEYKENT)
 62
     0
440
 16777216
370
    -2
100
AcDbLine
 10
1369.119865040418
 20
2261.073960291997
 30
0.0
 11
1369.119865040418
 21
2223.893960291997
 31
0.0
  0
LINE
  5
1636
330
1207
100
AcDbEntity
  8
OLCU (BEYKENT)
 62
     0
440
 16777216
370
    -2
100
AcDbLine
 10
1319.119865040418
 20
2224.073960291997
 30
0.0
 11
1369.119865040418
 21
2224.073960291997
 31
0.0
  0
LINE
  5
1637
330
1207
100
AcDbEntity
  8
OLCU (BEYKENT)
 62
     0
440
 16777216
370
    -2
100
AcDbLine
 10
1366.119865040418
 20
2221.073960291997
 30
0.0
 11
1372.119865040418
 21
2227.073960291997
 31
0.0
  0
LINE
  5
1638
330
1207
100
AcDbEntity
  8
OLCU (BEYKENT)
 62
     0
440
 16777216
370
    -2
100
AcDbLine
 10
1316.119865040418
 20
2221.073960291997
 30
0.0
 11
1322.119865040418
 21
2227.073960291997
 31
0.0
  0
MTEXT
  5
1639
330
1207
100
AcDbEntity
  8
OLCU (BEYKENT)
 62
     7
440
 16777216
370
    20
100
AcDbMText
 10
1344.119865040418
 20
2232.197756715656
 30
0.0
 40
12.0
 41
0.0
 46
0.0
 71
     5
 72
     1
  1
\A1;50
  7
YAZI (BEYKENT)
 73
     1
 44
1.0
  0
POINT
  5
163A
330
1207
100
AcDbEntity
  8
Defpoints
 62
     0
440
 16777216
100
AcDbPoint
 10
1319.119865040418
 20
2264.073960291997
 30
0.0
  0
POINT
  5
163B
330
1207
100
AcDbEntity
  8
Defpoints
 62
     0
440
 16777216
100
AcDbPoint
 10
1369.119865040418
 20
2264.073960291997
 30
0.0
  0
POINT
  5
163C
330
1207
100
AcDbEntity
  8
Defpoints
 62
     0
440
 16777216
100
AcDbPoint
 10
1369.119865040418
 20
2224.073960291997
 30
0.0
  0
ENDBLK
  5
1209
330
1207
100
AcDbEntity
  8
0
100
AcDbBlockEnd
  0
BLOCK
  5
1214
330
1213
100
AcDbEntity
  8
0
100
AcDbBlockBegin
  2
*D130
 70
     1
 10
0.0
 20
0.0
 30
0.0
  3
*D130
  1

  0
LINE
  5
163D
330
1213
100
AcDbEntity
  8
OLCU (BEYKENT)
 62
     0
440
 16777216
370
    -2
100
AcDbLine
 10
1319.119865040418
 20
1796.073960291997
 30
0.0
 11
1319.119865040418
 21
1778.893960291997
 31
0.0
  0
LINE
  5
163E
330
1213
100
AcDbEntity
  8
OLCU (BEYKENT)
 62
     0
440
 16777216
370
    -2
100
AcDbLine
 10
1334.119865040418
 20
1796.073960291997
 30
0.0
 11
1334.119865040418
 21
1778.893960291997
 31
0.0
  0
LINE
  5
163F
330
1213
100
AcDbEntity
  8
OLCU (BEYKENT)
 62
     0
440
 16777216
370
    -2
100
AcDbLine
 10
1319.119865040418
 20
1779.073960291996
 30
0.0
 11
1334.119865040418
 21
1779.073960291996
 31
0.0
  0
LINE
  5
1640
330
1213
100
AcDbEntity
  8
OLCU (BEYKENT)
 62
     0
440
 16777216
370
    -2
100
AcDbLine
 10
1331.119865040418
 20
1776.073960291996
 30
0.0
 11
1337.119865040418
 21
1782.073960291997
 31
0.0
  0
LINE
  5
1641
330
1213
100
AcDbEntity
  8
OLCU (BEYKENT)
 62
     0
440
 16777216
370
    -2
100
AcDbLine
 10
1316.119865040418
 20
1776.073960291996
 30
0.0
 11
1322.119865040418
 21
1782.073960291997
 31
0.0
  0
MTEXT
  5
1642
330
1213
100
AcDbEntity
  8
OLCU (BEYKENT)
 62
     7
440
 16777216
370
    20
100
AcDbMText
 10
1326.619865040418
 20
1787.135858503826
 30
0.0
 40
12.0
 41
0.0
 46
0.0
 71
     5
 72
     1
  1
\A1;15
  7
YAZI (BEYKENT)
 73
     1
 44
1.0
  0
POINT
  5
1643
330
1213
100
AcDbEntity
  8
Defpoints
 62
     0
440
 16777216
100
AcDbPoint
 10
1319.119865040418
 20
1799.073960291996
 30
0.0
  0
POINT
  5
1644
330
1213
100
AcDbEntity
  8
Defpoints
 62
     0
440
 16777216
100
AcDbPoint
 10
1334.119865040418
 20
1799.073960291996
 30
0.0
  0
POINT
  5
1645
330
1213
100
AcDbEntity
  8
Defpoints
 62
     0
440
 16777216
100
AcDbPoint
 10
1334.119865040418
 20
1779.073960291996
 30
0.0
  0
ENDBLK
  5
1215
330
1213
100
AcDbEntity
  8
0
100
AcDbBlockEnd
  0
BLOCK
  5
1220
330
121F
100
AcDbEntity
  8
0
100
AcDbBlockBegin
  2
*D131
 70
     1
 10
0.0
 20
0.0
 30
0.0
  3
*D131
  1

  0
LINE
  5
1646
330
121F
100
AcDbEntity
  8
OLCU (BEYKENT)
 62
     0
440
 16777216
370
    -2
100
AcDbLine
 10
1334.119865040418
 20
1796.073960291997
 30
0.0
 11
1334.119865040418
 21
1778.893960291997
 31
0.0
  0
LINE
  5
1647
330
121F
100
AcDbEntity
  8
OLCU (BEYKENT)
 62
     0
440
 16777216
370
    -2
100
AcDbLine
 10
1369.119865040418
 20
1796.073960291997
 30
0.0
 11
1369.119865040418
 21
1778.893960291997
 31
0.0
  0
LINE
  5
1648
330
121F
100
AcDbEntity
  8
OLCU (BEYKENT)
 62
     0
440
 16777216
370
    -2
100
AcDbLine
 10
1334.119865040418
 20
1779.073960291996
 30
0.0
 11
1369.119865040418
 21
1779.073960291996
 31
0.0
  0
LINE
  5
1649
330
121F
100
AcDbEntity
  8
OLCU (BEYKENT)
 62
     0
440
 16777216
370
    -2
100
AcDbLine
 10
1366.119865040418
 20
1776.073960291996
 30
0.0
 11
1372.119865040418
 21
1782.073960291997
 31
0.0
  0
LINE
  5
164A
330
121F
100
AcDbEntity
  8
OLCU (BEYKENT)
 62
     0
440
 16777216
370
    -2
100
AcDbLine
 10
1331.119865040418
 20
1776.073960291996
 30
0.0
 11
1337.119865040418
 21
1782.073960291997
 31
0.0
  0
MTEXT
  5
164B
330
121F
100
AcDbEntity
  8
OLCU (BEYKENT)
 62
     7
440
 16777216
370
    20
100
AcDbMText
 10
1351.619865040418
 20
1787.197756715655
 30
0.0
 40
12.0
 41
0.0
 46
0.0
 71
     5
 72
     1
  1
\A1;35
  7
YAZI (BEYKENT)
 73
     1
 44
1.0
  0
POINT
  5
164C
330
121F
100
AcDbEntity
  8
Defpoints
 62
     0
440
 16777216
100
AcDbPoint
 10
1334.119865040418
 20
1799.073960291996
 30
0.0
  0
POINT
  5
164D
330
121F
100
AcDbEntity
  8
Defpoints
 62
     0
440
 16777216
100
AcDbPoint
 10
1369.119865040418
 20
1799.073960291996
 30
0.0
  0
POINT
  5
164E
330
121F
100
AcDbEntity
  8
Defpoints
 62
     0
440
 16777216
100
AcDbPoint
 10
1369.119865040418
 20
1779.073960291996
 30
0.0
  0
ENDBLK
  5
1221
330
121F
100
AcDbEntity
  8
0
100
AcDbBlockEnd
  0
BLOCK
  5
122C
330
122B
100
AcDbEntity
  8
0
100
AcDbBlockBegin
  2
*D132
 70
     1
 10
0.0
 20
0.0
 30
0.0
  3
*D132
  1

  0
LINE
  5
164F
330
122B
100
AcDbEntity
  8
OLCU (BEYKENT)
 62
     0
440
 16777216
370
    -2
100
AcDbLine
 10
1319.119865040418
 20
1796.073960291997
 30
0.0
 11
1319.119865040418
 21
1758.893960291996
 31
0.0
  0
LINE
  5
1650
330
122B
100
AcDbEntity
  8
OLCU (BEYKENT)
 62
     0
440
 16777216
370
    -2
100
AcDbLine
 10
1369.119865040418
 20
1796.073960291997
 30
0.0
 11
1369.119865040418
 21
1758.893960291996
 31
0.0
  0
LINE
  5
1651
330
122B
100
AcDbEntity
  8
OLCU (BEYKENT)
 62
     0
440
 16777216
370
    -2
100
AcDbLine
 10
1319.119865040418
 20
1759.073960291997
 30
0.0
 11
1369.119865040418
 21
1759.073960291997
 31
0.0
  0
LINE
  5
1652
330
122B
100
AcDbEntity
  8
OLCU (BEYKENT)
 62
     0
440
 16777216
370
    -2
100
AcDbLine
 10
1366.119865040418
 20
1756.073960291996
 30
0.0
 11
1372.119865040418
 21
1762.073960291996
 31
0.0
  0
LINE
  5
1653
330
122B
100
AcDbEntity
  8
OLCU (BEYKENT)
 62
     0
440
 16777216
370
    -2
100
AcDbLine
 10
1316.119865040418
 20
1756.073960291996
 30
0.0
 11
1322.119865040418
 21
1762.073960291996
 31
0.0
  0
MTEXT
  5
1654
330
122B
100
AcDbEntity
  8
OLCU (BEYKENT)
 62
     7
440
 16777216
370
    20
100
AcDbMText
 10
1344.119865040418
 20
1767.197756715655
 30
0.0
 40
12.0
 41
0.0
 46
0.0
 71
     5
 72
     1
  1
\A1;50
  7
YAZI (BEYKENT)
 73
     1
 44
1.0
  0
POINT
  5
1655
330
122B
100
AcDbEntity
  8
Defpoints
 62
     0
440
 16777216
100
AcDbPoint
 10
1319.119865040418
 20
1799.073960291996
 30
0.0
  0
POINT
  5
1656
330
122B
100
AcDbEntity
  8
Defpoints
 62
     0
440
 16777216
100
AcDbPoint
 10
1369.119865040418
 20
1799.073960291996
 30
0.0
  0
POINT
  5
1657
330
122B
100
AcDbEntity
  8
Defpoints
 62
     0
440
 16777216
100
AcDbPoint
 10
1369.119865040418
 20
1759.073960291997
 30
0.0
  0
ENDBLK
  5
122D
330
122B
100
AcDbEntity
  8
0
100
AcDbBlockEnd
  0
BLOCK
  5
1238
330
1237
100
AcDbEntity
  8
0
100
AcDbBlockBegin
  2
*D133
 70
     1
 10
0.0
 20
0.0
 30
0.0
  3
*D133
  1

  0
LINE
  5
1658
330
1237
100
AcDbEntity
  8
OLCU (BEYKENT)
 62
     0
440
 16777216
370
    -2
100
AcDbLine
 10
1319.119865040418
 20
1491.074060291998
 30
0.0
 11
1319.119865040418
 21
1473.894060291997
 31
0.0
  0
LINE
  5
1659
330
1237
100
AcDbEntity
  8
OLCU (BEYKENT)
 62
     0
440
 16777216
370
    -2
100
AcDbLine
 10
1334.119865040418
 20
1491.074060291998
 30
0.0
 11
1334.119865040418
 21
1473.894060291997
 31
0.0
  0
LINE
  5
165A
330
1237
100
AcDbEntity
  8
OLCU (BEYKENT)
 62
     0
440
 16777216
370
    -2
100
AcDbLine
 10
1319.119865040418
 20
1474.074060291998
 30
0.0
 11
1334.119865040418
 21
1474.074060291998
 31
0.0
  0
LINE
  5
165B
330
1237
100
AcDbEntity
  8
OLCU (BEYKENT)
 62
     0
440
 16777216
370
    -2
100
AcDbLine
 10
1331.119865040418
 20
1471.074060291998
 30
0.0
 11
1337.119865040418
 21
1477.074060291998
 31
0.0
  0
LINE
  5
165C
330
1237
100
AcDbEntity
  8
OLCU (BEYKENT)
 62
     0
440
 16777216
370
    -2
100
AcDbLine
 10
1316.119865040418
 20
1471.074060291998
 30
0.0
 11
1322.119865040418
 21
1477.074060291998
 31
0.0
  0
MTEXT
  5
165D
330
1237
100
AcDbEntity
  8
OLCU (BEYKENT)
 62
     7
440
 16777216
370
    20
100
AcDbMText
 10
1326.619865040418
 20
1482.135958503827
 30
0.0
 40
12.0
 41
0.0
 46
0.0
 71
     5
 72
     1
  1
\A1;15
  7
YAZI (BEYKENT)
 73
     1
 44
1.0
  0
POINT
  5
165E
330
1237
100
AcDbEntity
  8
Defpoints
 62
     0
440
 16777216
100
AcDbPoint
 10
1319.119865040418
 20
1494.074060291997
 30
0.0
  0
POINT
  5
165F
330
1237
100
AcDbEntity
  8
Defpoints
 62
     0
440
 16777216
100
AcDbPoint
 10
1334.119865040418
 20
1494.074060291997
 30
0.0
  0
POINT
  5
1660
330
1237
100
AcDbEntity
  8
Defpoints
 62
     0
440
 16777216
100
AcDbPoint
 10
1334.119865040418
 20
1474.074060291998
 30
0.0
  0
ENDBLK
  5
1239
330
1237
100
AcDbEntity
  8
0
100
AcDbBlockEnd
  0
BLOCK
  5
1244
330
1243
100
AcDbEntity
  8
0
100
AcDbBlockBegin
  2
*D134
 70
     1
 10
0.0
 20
0.0
 30
0.0
  3
*D134
  1

  0
LINE
  5
1661
330
1243
100
AcDbEntity
  8
OLCU (BEYKENT)
 62
     0
440
 16777216
370
    -2
100
AcDbLine
 10
1334.119865040418
 20
1491.074060291998
 30
0.0
 11
1334.119865040418
 21
1473.894060291997
 31
0.0
  0
LINE
  5
1662
330
1243
100
AcDbEntity
  8
OLCU (BEYKENT)
 62
     0
440
 16777216
370
    -2
100
AcDbLine
 10
1369.119865040418
 20
1491.074060291998
 30
0.0
 11
1369.119865040418
 21
1473.894060291997
 31
0.0
  0
LINE
  5
1663
330
1243
100
AcDbEntity
  8
OLCU (BEYKENT)
 62
     0
440
 16777216
370
    -2
100
AcDbLine
 10
1334.119865040418
 20
1474.074060291998
 30
0.0
 11
1369.119865040418
 21
1474.074060291998
 31
0.0
  0
LINE
  5
1664
330
1243
100
AcDbEntity
  8
OLCU (BEYKENT)
 62
     0
440
 16777216
370
    -2
100
AcDbLine
 10
1366.119865040418
 20
1471.074060291998
 30
0.0
 11
1372.119865040418
 21
1477.074060291998
 31
0.0
  0
LINE
  5
1665
330
1243
100
AcDbEntity
  8
OLCU (BEYKENT)
 62
     0
440
 16777216
370
    -2
100
AcDbLine
 10
1331.119865040418
 20
1471.074060291998
 30
0.0
 11
1337.119865040418
 21
1477.074060291998
 31
0.0
  0
MTEXT
  5
1666
330
1243
100
AcDbEntity
  8
OLCU (BEYKENT)
 62
     7
440
 16777216
370
    20
100
AcDbMText
 10
1351.619865040418
 20
1482.197856715657
 30
0.0
 40
12.0
 41
0.0
 46
0.0
 71
     5
 72
     1
  1
\A1;35
  7
YAZI (BEYKENT)
 73
     1
 44
1.0
  0
POINT
  5
1667
330
1243
100
AcDbEntity
  8
Defpoints
 62
     0
440
 16777216
100
AcDbPoint
 10
1334.119865040418
 20
1494.074060291997
 30
0.0
  0
POINT
  5
1668
330
1243
100
AcDbEntity
  8
Defpoints
 62
     0
440
 16777216
100
AcDbPoint
 10
1369.119865040418
 20
1494.074060291997
 30
0.0
  0
POINT
  5
1669
330
1243
100
AcDbEntity
  8
Defpoints
 62
     0
440
 16777216
100
AcDbPoint
 10
1369.119865040418
 20
1474.074060291998
 30
0.0
  0
ENDBLK
  5
1245
330
1243
100
AcDbEntity
  8
0
100
AcDbBlockEnd
  0
BLOCK
  5
1250
330
124F
100
AcDbEntity
  8
0
100
AcDbBlockBegin
  2
*D135
 70
     1
 10
0.0
 20
0.0
 30
0.0
  3
*D135
  1

  0
LINE
  5
166A
330
124F
100
AcDbEntity
  8
OLCU (BEYKENT)
 62
     0
440
 16777216
370
    -2
100
AcDbLine
 10
1319.119865040418
 20
1491.074060291998
 30
0.0
 11
1319.119865040418
 21
1453.894060291998
 31
0.0
  0
LINE
  5
166B
330
124F
100
AcDbEntity
  8
OLCU (BEYKENT)
 62
     0
440
 16777216
370
    -2
100
AcDbLine
 10
1369.119865040418
 20
1491.074060291998
 30
0.0
 11
1369.119865040418
 21
1453.894060291998
 31
0.0
  0
LINE
  5
166C
330
124F
100
AcDbEntity
  8
OLCU (BEYKENT)
 62
     0
440
 16777216
370
    -2
100
AcDbLine
 10
1319.119865040418
 20
1454.074060291998
 30
0.0
 11
1369.119865040418
 21
1454.074060291998
 31
0.0
  0
LINE
  5
166D
330
124F
100
AcDbEntity
  8
OLCU (BEYKENT)
 62
     0
440
 16777216
370
    -2
100
AcDbLine
 10
1366.119865040418
 20
1451.074060291998
 30
0.0
 11
1372.119865040418
 21
1457.074060291998
 31
0.0
  0
LINE
  5
166E
330
124F
100
AcDbEntity
  8
OLCU (BEYKENT)
 62
     0
440
 16777216
370
    -2
100
AcDbLine
 10
1316.119865040418
 20
1451.074060291998
 30
0.0
 11
1322.119865040418
 21
1457.074060291998
 31
0.0
  0
MTEXT
  5
166F
330
124F
100
AcDbEntity
  8
OLCU (BEYKENT)
 62
     7
440
 16777216
370
    20
100
AcDbMText
 10
1344.119865040418
 20
1462.197856715656
 30
0.0
 40
12.0
 41
0.0
 46
0.0
 71
     5
 72
     1
  1
\A1;50
  7
YAZI (BEYKENT)
 73
     1
 44
1.0
  0
POINT
  5
1670
330
124F
100
AcDbEntity
  8
Defpoints
 62
     0
440
 16777216
100
AcDbPoint
 10
1319.119865040418
 20
1494.074060291997
 30
0.0
  0
POINT
  5
1671
330
124F
100
AcDbEntity
  8
Defpoints
 62
     0
440
 16777216
100
AcDbPoint
 10
1369.119865040418
 20
1494.074060291997
 30
0.0
  0
POINT
  5
1672
330
124F
100
AcDbEntity
  8
Defpoints
 62
     0
440
 16777216
100
AcDbPoint
 10
1369.119865040418
 20
1454.074060291998
 30
0.0
  0
ENDBLK
  5
1251
330
124F
100
AcDbEntity
  8
0
100
AcDbBlockEnd
  0
BLOCK
  5
125C
330
125B
100
AcDbEntity
  8
0
100
AcDbBlockBegin
  2
*D136
 70
     1
 10
0.0
 20
0.0
 30
0.0
  3
*D136
  1

  0
LINE
  5
1673
330
125B
100
AcDbEntity
  8
OLCU (BEYKENT)
 62
     0
440
 16777216
370
    -2
100
AcDbLine
 10
1319.119865040418
 20
1191.073960291996
 30
0.0
 11
1319.119865040418
 21
1173.893960291996
 31
0.0
  0
LINE
  5
1674
330
125B
100
AcDbEntity
  8
OLCU (BEYKENT)
 62
     0
440
 16777216
370
    -2
100
AcDbLine
 10
1334.119865040418
 20
1191.073960291996
 30
0.0
 11
1334.119865040418
 21
1173.893960291996
 31
0.0
  0
LINE
  5
1675
330
125B
100
AcDbEntity
  8
OLCU (BEYKENT)
 62
     0
440
 16777216
370
    -2
100
AcDbLine
 10
1319.119865040418
 20
1174.073960291996
 30
0.0
 11
1334.119865040418
 21
1174.073960291996
 31
0.0
  0
LINE
  5
1676
330
125B
100
AcDbEntity
  8
OLCU (BEYKENT)
 62
     0
440
 16777216
370
    -2
100
AcDbLine
 10
1331.119865040418
 20
1171.073960291996
 30
0.0
 11
1337.119865040418
 21
1177.073960291997
 31
0.0
  0
LINE
  5
1677
330
125B
100
AcDbEntity
  8
OLCU (BEYKENT)
 62
     0
440
 16777216
370
    -2
100
AcDbLine
 10
1316.119865040418
 20
1171.073960291996
 30
0.0
 11
1322.119865040418
 21
1177.073960291997
 31
0.0
  0
MTEXT
  5
1678
330
125B
100
AcDbEntity
  8
OLCU (BEYKENT)
 62
     7
440
 16777216
370
    20
100
AcDbMText
 10
1326.619865040418
 20
1182.135858503826
 30
0.0
 40
12.0
 41
0.0
 46
0.0
 71
     5
 72
     1
  1
\A1;15
  7
YAZI (BEYKENT)
 73
     1
 44
1.0
  0
POINT
  5
1679
330
125B
100
AcDbEntity
  8
Defpoints
 62
     0
440
 16777216
100
AcDbPoint
 10
1319.119865040418
 20
1194.073960291996
 30
0.0
  0
POINT
  5
167A
330
125B
100
AcDbEntity
  8
Defpoints
 62
     0
440
 16777216
100
AcDbPoint
 10
1334.119865040418
 20
1194.073960291996
 30
0.0
  0
POINT
  5
167B
330
125B
100
AcDbEntity
  8
Defpoints
 62
     0
440
 16777216
100
AcDbPoint
 10
1334.119865040418
 20
1174.073960291996
 30
0.0
  0
ENDBLK
  5
125D
330
125B
100
AcDbEntity
  8
0
100
AcDbBlockEnd
  0
BLOCK
  5
1268
330
1267
100
AcDbEntity
  8
0
100
AcDbBlockBegin
  2
*D137
 70
     1
 10
0.0
 20
0.0
 30
0.0
  3
*D137
  1

  0
LINE
  5
167C
330
1267
100
AcDbEntity
  8
OLCU (BEYKENT)
 62
     0
440
 16777216
370
    -2
100
AcDbLine
 10
1334.119865040418
 20
1191.073960291996
 30
0.0
 11
1334.119865040418
 21
1173.893960291996
 31
0.0
  0
LINE
  5
167D
330
1267
100
AcDbEntity
  8
OLCU (BEYKENT)
 62
     0
440
 16777216
370
    -2
100
AcDbLine
 10
1369.119865040418
 20
1191.073960291996
 30
0.0
 11
1369.119865040418
 21
1173.893960291996
 31
0.0
  0
LINE
  5
167E
330
1267
100
AcDbEntity
  8
OLCU (BEYKENT)
 62
     0
440
 16777216
370
    -2
100
AcDbLine
 10
1334.119865040418
 20
1174.073960291996
 30
0.0
 11
1369.119865040418
 21
1174.073960291996
 31
0.0
  0
LINE
  5
167F
330
1267
100
AcDbEntity
  8
OLCU (BEYKENT)
 62
     0
440
 16777216
370
    -2
100
AcDbLine
 10
1366.119865040418
 20
1171.073960291996
 30
0.0
 11
1372.119865040418
 21
1177.073960291997
 31
0.0
  0
LINE
  5
1680
330
1267
100
AcDbEntity
  8
OLCU (BEYKENT)
 62
     0
440
 16777216
370
    -2
100
AcDbLine
 10
1331.119865040418
 20
1171.073960291996
 30
0.0
 11
1337.119865040418
 21
1177.073960291997
 31
0.0
  0
MTEXT
  5
1681
330
1267
100
AcDbEntity
  8
OLCU (BEYKENT)
 62
     7
440
 16777216
370
    20
100
AcDbMText
 10
1351.619865040418
 20
1182.197756715655
 30
0.0
 40
12.0
 41
0.0
 46
0.0
 71
     5
 72
     1
  1
\A1;35
  7
YAZI (BEYKENT)
 73
     1
 44
1.0
  0
POINT
  5
1682
330
1267
100
AcDbEntity
  8
Defpoints
 62
     0
440
 16777216
100
AcDbPoint
 10
1334.119865040418
 20
1194.073960291996
 30
0.0
  0
POINT
  5
1683
330
1267
100
AcDbEntity
  8
Defpoints
 62
     0
440
 16777216
100
AcDbPoint
 10
1369.119865040418
 20
1194.073960291996
 30
0.0
  0
POINT
  5
1684
330
1267
100
AcDbEntity
  8
Defpoints
 62
     0
440
 16777216
100
AcDbPoint
 10
1369.119865040418
 20
1174.073960291996
 30
0.0
  0
ENDBLK
  5
1269
330
1267
100
AcDbEntity
  8
0
100
AcDbBlockEnd
  0
BLOCK
  5
1274
330
1273
100
AcDbEntity
  8
0
100
AcDbBlockBegin
  2
*D138
 70
     1
 10
0.0
 20
0.0
 30
0.0
  3
*D138
  1

  0
LINE
  5
1685
330
1273
100
AcDbEntity
  8
OLCU (BEYKENT)
 62
     0
440
 16777216
370
    -2
100
AcDbLine
 10
1319.119865040418
 20
1191.073960291996
 30
0.0
 11
1319.119865040418
 21
1153.893960291996
 31
0.0
  0
LINE
  5
1686
330
1273
100
AcDbEntity
  8
OLCU (BEYKENT)
 62
     0
440
 16777216
370
    -2
100
AcDbLine
 10
1369.119865040418
 20
1191.073960291996
 30
0.0
 11
1369.119865040418
 21
1153.893960291996
 31
0.0
  0
LINE
  5
1687
330
1273
100
AcDbEntity
  8
OLCU (BEYKENT)
 62
     0
440
 16777216
370
    -2
100
AcDbLine
 10
1319.119865040418
 20
1154.073960291996
 30
0.0
 11
1369.119865040418
 21
1154.073960291996
 31
0.0
  0
LINE
  5
1688
330
1273
100
AcDbEntity
  8
OLCU (BEYKENT)
 62
     0
440
 16777216
370
    -2
100
AcDbLine
 10
1366.119865040418
 20
1151.073960291997
 30
0.0
 11
1372.119865040418
 21
1157.073960291996
 31
0.0
  0
LINE
  5
1689
330
1273
100
AcDbEntity
  8
OLCU (BEYKENT)
 62
     0
440
 16777216
370
    -2
100
AcDbLine
 10
1316.119865040418
 20
1151.073960291997
 30
0.0
 11
1322.119865040418
 21
1157.073960291996
 31
0.0
  0
MTEXT
  5
168A
330
1273
100
AcDbEntity
  8
OLCU (BEYKENT)
 62
     7
440
 16777216
370
    20
100
AcDbMText
 10
1344.119865040418
 20
1162.197756715655
 30
0.0
 40
12.0
 41
0.0
 46
0.0
 71
     5
 72
     1
  1
\A1;50
  7
YAZI (BEYKENT)
 73
     1
 44
1.0
  0
POINT
  5
168B
330
1273
100
AcDbEntity
  8
Defpoints
 62
     0
440
 16777216
100
AcDbPoint
 10
1319.119865040418
 20
1194.073960291996
 30
0.0
  0
POINT
  5
168C
330
1273
100
AcDbEntity
  8
Defpoints
 62
     0
440
 16777216
100
AcDbPoint
 10
1369.119865040418
 20
1194.073960291996
 30
0.0
  0
POINT
  5
168D
330
1273
100
AcDbEntity
  8
Defpoints
 62
     0
440
 16777216
100
AcDbPoint
 10
1369.119865040418
 20
1154.073960291996
 30
0.0
  0
ENDBLK
  5
1275
330
1273
100
AcDbEntity
  8
0
100
AcDbBlockEnd
  0
BLOCK
  5
1280
330
127F
100
AcDbEntity
  8
0
100
AcDbBlockBegin
  2
*D139
 70
     1
 10
0.0
 20
0.0
 30
0.0
  3
*D139
  1

  0
LINE
  5
168E
330
127F
100
AcDbEntity
  8
OLCU (BEYKENT)
 62
     0
440
 16777216
370
    -2
100
AcDbLine
 10
1319.119865040418
 20
752.0739602919966
 30
0.0
 11
1319.119865040418
 21
769.2539602919965
 31
0.0
  0
LINE
  5
168F
330
127F
100
AcDbEntity
  8
OLCU (BEYKENT)
 62
     0
440
 16777216
370
    -2
100
AcDbLine
 10
1334.119865040418
 20
752.0739602919966
 30
0.0
 11
1334.119865040418
 21
769.2539602919965
 31
0.0
  0
LINE
  5
1690
330
127F
100
AcDbEntity
  8
OLCU (BEYKENT)
 62
     0
440
 16777216
370
    -2
100
AcDbLine
 10
1319.119865040418
 20
769.0739602919966
 30
0.0
 11
1334.119865040418
 21
769.0739602919966
 31
0.0
  0
LINE
  5
1691
330
127F
100
AcDbEntity
  8
OLCU (BEYKENT)
 62
     0
440
 16777216
370
    -2
100
AcDbLine
 10
1331.119865040418
 20
766.0739602919966
 30
0.0
 11
1337.119865040418
 21
772.0739602919966
 31
0.0
  0
LINE
  5
1692
330
127F
100
AcDbEntity
  8
OLCU (BEYKENT)
 62
     0
440
 16777216
370
    -2
100
AcDbLine
 10
1316.119865040418
 20
766.0739602919966
 30
0.0
 11
1322.119865040418
 21
772.0739602919966
 31
0.0
  0
MTEXT
  5
1693
330
127F
100
AcDbEntity
  8
OLCU (BEYKENT)
 62
     7
440
 16777216
370
    20
100
AcDbMText
 10
1326.619865040418
 20
777.135858503826
 30
0.0
 40
12.0
 41
0.0
 46
0.0
 71
     5
 72
     1
  1
\A1;15
  7
YAZI (BEYKENT)
 73
     1
 44
1.0
  0
POINT
  5
1694
330
127F
100
AcDbEntity
  8
Defpoints
 62
     0
440
 16777216
100
AcDbPoint
 10
1319.119865040418
 20
749.0739602919965
 30
0.0
  0
POINT
  5
1695
330
127F
100
AcDbEntity
  8
Defpoints
 62
     0
440
 16777216
100
AcDbPoint
 10
1334.119865040418
 20
749.0739602919965
 30
0.0
  0
POINT
  5
1696
330
127F
100
AcDbEntity
  8
Defpoints
 62
     0
440
 16777216
100
AcDbPoint
 10
1334.119865040418
 20
769.0739602919966
 30
0.0
  0
ENDBLK
  5
1281
330
127F
100
AcDbEntity
  8
0
100
AcDbBlockEnd
  0
BLOCK
  5
128C
330
128B
100
AcDbEntity
  8
0
100
AcDbBlockBegin
  2
*D140
 70
     1
 10
0.0
 20
0.0
 30
0.0
  3
*D140
  1

  0
LINE
  5
1697
330
128B
100
AcDbEntity
  8
OLCU (BEYKENT)
 62
     0
440
 16777216
370
    -2
100
AcDbLine
 10
1334.119865040418
 20
752.0739602919966
 30
0.0
 11
1334.119865040418
 21
769.2539602919965
 31
0.0
  0
LINE
  5
1698
330
128B
100
AcDbEntity
  8
OLCU (BEYKENT)
 62
     0
440
 16777216
370
    -2
100
AcDbLine
 10
1369.119865040418
 20
752.0739602919966
 30
0.0
 11
1369.119865040418
 21
769.2539602919965
 31
0.0
  0
LINE
  5
1699
330
128B
100
AcDbEntity
  8
OLCU (BEYKENT)
 62
     0
440
 16777216
370
    -2
100
AcDbLine
 10
1334.119865040418
 20
769.0739602919966
 30
0.0
 11
1369.119865040418
 21
769.0739602919966
 31
0.0
  0
LINE
  5
169A
330
128B
100
AcDbEntity
  8
OLCU (BEYKENT)
 62
     0
440
 16777216
370
    -2
100
AcDbLine
 10
1366.119865040418
 20
766.0739602919966
 30
0.0
 11
1372.119865040418
 21
772.0739602919966
 31
0.0
  0
LINE
  5
169B
330
128B
100
AcDbEntity
  8
OLCU (BEYKENT)
 62
     0
440
 16777216
370
    -2
100
AcDbLine
 10
1331.119865040418
 20
766.0739602919966
 30
0.0
 11
1337.119865040418
 21
772.0739602919966
 31
0.0
  0
MTEXT
  5
169C
330
128B
100
AcDbEntity
  8
OLCU (BEYKENT)
 62
     7
440
 16777216
370
    20
100
AcDbMText
 10
1351.619865040418
 20
777.1977567156555
 30
0.0
 40
12.0
 41
0.0
 46
0.0
 71
     5
 72
     1
  1
\A1;35
  7
YAZI (BEYKENT)
 73
     1
 44
1.0
  0
POINT
  5
169D
330
128B
100
AcDbEntity
  8
Defpoints
 62
     0
440
 16777216
100
AcDbPoint
 10
1334.119865040418
 20
749.0739602919965
 30
0.0
  0
POINT
  5
169E
330
128B
100
AcDbEntity
  8
Defpoints
 62
     0
440
 16777216
100
AcDbPoint
 10
1369.119865040418
 20
749.0739602919965
 30
0.0
  0
POINT
  5
169F
330
128B
100
AcDbEntity
  8
Defpoints
 62
     0
440
 16777216
100
AcDbPoint
 10
1369.119865040418
 20
769.0739602919966
 30
0.0
  0
ENDBLK
  5
128D
330
128B
100
AcDbEntity
  8
0
100
AcDbBlockEnd
  0
BLOCK
  5
1298
330
1297
100
AcDbEntity
  8
0
100
AcDbBlockBegin
  2
*D141
 70
     1
 10
0.0
 20
0.0
 30
0.0
  3
*D141
  1

  0
LINE
  5
16A0
330
1297
100
AcDbEntity
  8
OLCU (BEYKENT)
 62
     0
440
 16777216
370
    -2
100
AcDbLine
 10
1319.119865040418
 20
752.0739602919966
 30
0.0
 11
1319.119865040418
 21
789.2539602919965
 31
0.0
  0
LINE
  5
16A1
330
1297
100
AcDbEntity
  8
OLCU (BEYKENT)
 62
     0
440
 16777216
370
    -2
100
AcDbLine
 10
1369.119865040418
 20
752.0739602919966
 30
0.0
 11
1369.119865040418
 21
789.2539602919965
 31
0.0
  0
LINE
  5
16A2
330
1297
100
AcDbEntity
  8
OLCU (BEYKENT)
 62
     0
440
 16777216
370
    -2
100
AcDbLine
 10
1319.119865040418
 20
789.0739602919966
 30
0.0
 11
1369.119865040418
 21
789.0739602919966
 31
0.0
  0
LINE
  5
16A3
330
1297
100
AcDbEntity
  8
OLCU (BEYKENT)
 62
     0
440
 16777216
370
    -2
100
AcDbLine
 10
1366.119865040418
 20
786.0739602919966
 30
0.0
 11
1372.119865040418
 21
792.0739602919966
 31
0.0
  0
LINE
  5
16A4
330
1297
100
AcDbEntity
  8
OLCU (BEYKENT)
 62
     0
440
 16777216
370
    -2
100
AcDbLine
 10
1316.119865040418
 20
786.0739602919966
 30
0.0
 11
1322.119865040418
 21
792.0739602919966
 31
0.0
  0
MTEXT
  5
16A5
330
1297
100
AcDbEntity
  8
OLCU (BEYKENT)
 62
     7
440
 16777216
370
    20
100
AcDbMText
 10
1344.119865040418
 20
797.1977567156555
 30
0.0
 40
12.0
 41
0.0
 46
0.0
 71
     5
 72
     1
  1
\A1;50
  7
YAZI (BEYKENT)
 73
     1
 44
1.0
  0
POINT
  5
16A6
330
1297
100
AcDbEntity
  8
Defpoints
 62
     0
440
 16777216
100
AcDbPoint
 10
1319.119865040418
 20
749.0739602919965
 30
0.0
  0
POINT
  5
16A7
330
1297
100
AcDbEntity
  8
Defpoints
 62
     0
440
 16777216
100
AcDbPoint
 10
1369.119865040418
 20
749.0739602919965
 30
0.0
  0
POINT
  5
16A8
330
1297
100
AcDbEntity
  8
Defpoints
 62
     0
440
 16777216
100
AcDbPoint
 10
1369.119865040418
 20
789.0739602919966
 30
0.0
  0
ENDBLK
  5
1299
330
1297
100
AcDbEntity
  8
0
100
AcDbBlockEnd
  0
BLOCK
  5
12A4
330
12A3
100
AcDbEntity
  8
0
100
AcDbBlockBegin
  2
*D142
 70
     1
 10
0.0
 20
0.0
 30
0.0
  3
*D142
  1

  0
LINE
  5
16A9
330
12A3
100
AcDbEntity
  8
OLCU (BEYKENT)
 62
     0
440
 16777216
370
    -2
100
AcDbLine
 10
1319.119865040418
 20
2046.073960291997
 30
0.0
 11
1319.119865040418
 21
2028.893960291997
 31
0.0
  0
LINE
  5
16AA
330
12A3
100
AcDbEntity
  8
OLCU (BEYKENT)
 62
     0
440
 16777216
370
    -2
100
AcDbLine
 10
1334.119865040418
 20
2046.073960291997
 30
0.0
 11
1334.119865040418
 21
2028.893960291997
 31
0.0
  0
LINE
  5
16AB
330
12A3
100
AcDbEntity
  8
OLCU (BEYKENT)
 62
     0
440
 16777216
370
    -2
100
AcDbLine
 10
1319.119865040418
 20
2029.073960291997
 30
0.0
 11
1334.119865040418
 21
2029.073960291997
 31
0.0
  0
LINE
  5
16AC
330
12A3
100
AcDbEntity
  8
OLCU (BEYKENT)
 62
     0
440
 16777216
370
    -2
100
AcDbLine
 10
1331.119865040418
 20
2026.073960291997
 30
0.0
 11
1337.119865040418
 21
2032.073960291997
 31
0.0
  0
LINE
  5
16AD
330
12A3
100
AcDbEntity
  8
OLCU (BEYKENT)
 62
     0
440
 16777216
370
    -2
100
AcDbLine
 10
1316.119865040418
 20
2026.073960291997
 30
0.0
 11
1322.119865040418
 21
2032.073960291997
 31
0.0
  0
MTEXT
  5
16AE
330
12A3
100
AcDbEntity
  8
OLCU (BEYKENT)
 62
     7
440
 16777216
370
    20
100
AcDbMText
 10
1326.619865040418
 20
2037.135858503826
 30
0.0
 40
12.0
 41
0.0
 46
0.0
 71
     5
 72
     1
  1
\A1;15
  7
YAZI (BEYKENT)
 73
     1
 44
1.0
  0
POINT
  5
16AF
330
12A3
100
AcDbEntity
  8
Defpoints
 62
     0
440
 16777216
100
AcDbPoint
 10
1319.119865040418
 20
2049.073960291996
 30
0.0
  0
POINT
  5
16B0
330
12A3
100
AcDbEntity
  8
Defpoints
 62
     0
440
 16777216
100
AcDbPoint
 10
1334.119865040418
 20
2049.073960291996
 30
0.0
  0
POINT
  5
16B1
330
12A3
100
AcDbEntity
  8
Defpoints
 62
     0
440
 16777216
100
AcDbPoint
 10
1334.119865040418
 20
2029.073960291997
 30
0.0
  0
ENDBLK
  5
12A5
330
12A3
100
AcDbEntity
  8
0
100
AcDbBlockEnd
  0
BLOCK
  5
12B0
330
12AF
100
AcDbEntity
  8
0
100
AcDbBlockBegin
  2
*D143
 70
     1
 10
0.0
 20
0.0
 30
0.0
  3
*D143
  1

  0
LINE
  5
16B2
330
12AF
100
AcDbEntity
  8
OLCU (BEYKENT)
 62
     0
440
 16777216
370
    -2
100
AcDbLine
 10
1319.119865040418
 20
2321.073960291997
 30
0.0
 11
1319.119865040418
 21
2303.893960291997
 31
0.0
  0
LINE
  5
16B3
330
12AF
100
AcDbEntity
  8
OLCU (BEYKENT)
 62
     0
440
 16777216
370
    -2
100
AcDbLine
 10
1334.119865040418
 20
2321.073960291997
 30
0.0
 11
1334.119865040418
 21
2303.893960291997
 31
0.0
  0
LINE
  5
16B4
330
12AF
100
AcDbEntity
  8
OLCU (BEYKENT)
 62
     0
440
 16777216
370
    -2
100
AcDbLine
 10
1319.119865040418
 20
2304.073960291997
 30
0.0
 11
1334.119865040418
 21
2304.073960291997
 31
0.0
  0
LINE
  5
16B5
330
12AF
100
AcDbEntity
  8
OLCU (BEYKENT)
 62
     0
440
 16777216
370
    -2
100
AcDbLine
 10
1331.119865040418
 20
2301.073960291997
 30
0.0
 11
1337.119865040418
 21
2307.073960291997
 31
0.0
  0
LINE
  5
16B6
330
12AF
100
AcDbEntity
  8
OLCU (BEYKENT)
 62
     0
440
 16777216
370
    -2
100
AcDbLine
 10
1316.119865040418
 20
2301.073960291997
 30
0.0
 11
1322.119865040418
 21
2307.073960291997
 31
0.0
  0
MTEXT
  5
16B7
330
12AF
100
AcDbEntity
  8
OLCU (BEYKENT)
 62
     7
440
 16777216
370
    20
100
AcDbMText
 10
1326.619865040418
 20
2312.135858503826
 30
0.0
 40
12.0
 41
0.0
 46
0.0
 71
     5
 72
     1
  1
\A1;15
  7
YAZI (BEYKENT)
 73
     1
 44
1.0
  0
POINT
  5
16B8
330
12AF
100
AcDbEntity
  8
Defpoints
 62
     0
440
 16777216
100
AcDbPoint
 10
1319.119865040418
 20
2324.073960291997
 30
0.0
  0
POINT
  5
16B9
330
12AF
100
AcDbEntity
  8
Defpoints
 62
     0
440
 16777216
100
AcDbPoint
 10
1334.119865040418
 20
2324.073960291997
 30
0.0
  0
POINT
  5
16BA
330
12AF
100
AcDbEntity
  8
Defpoints
 62
     0
440
 16777216
100
AcDbPoint
 10
1334.119865040418
 20
2304.073960291997
 30
0.0
  0
ENDBLK
  5
12B1
330
12AF
100
AcDbEntity
  8
0
100
AcDbBlockEnd
  0
BLOCK
  5
12BC
330
12BB
100
AcDbEntity
  8
0
100
AcDbBlockBegin
  2
*D144
 70
     1
 10
0.0
 20
0.0
 30
0.0
  3
*D144
  1

  0
LINE
  5
16BB
330
12BB
100
AcDbEntity
  8
OLCU (BEYKENT)
 62
     0
440
 16777216
370
    -2
100
AcDbLine
 10
1319.119865040418
 20
1648.574010291995
 30
0.0
 11
1319.119865040418
 21
1631.394010291995
 31
0.0
  0
LINE
  5
16BC
330
12BB
100
AcDbEntity
  8
OLCU (BEYKENT)
 62
     0
440
 16777216
370
    -2
100
AcDbLine
 10
1334.119865040418
 20
1648.574010291995
 30
0.0
 11
1334.119865040418
 21
1631.394010291995
 31
0.0
  0
LINE
  5
16BD
330
12BB
100
AcDbEntity
  8
OLCU (BEYKENT)
 62
     0
440
 16777216
370
    -2
100
AcDbLine
 10
1319.119865040418
 20
1631.574010291995
 30
0.0
 11
1334.119865040418
 21
1631.574010291995
 31
0.0
  0
LINE
  5
16BE
330
12BB
100
AcDbEntity
  8
OLCU (BEYKENT)
 62
     0
440
 16777216
370
    -2
100
AcDbLine
 10
1331.119865040418
 20
1628.574010291995
 30
0.0
 11
1337.119865040418
 21
1634.574010291995
 31
0.0
  0
LINE
  5
16BF
330
12BB
100
AcDbEntity
  8
OLCU (BEYKENT)
 62
     0
440
 16777216
370
    -2
100
AcDbLine
 10
1316.119865040418
 20
1628.574010291995
 30
0.0
 11
1322.119865040418
 21
1634.574010291995
 31
0.0
  0
MTEXT
  5
16C0
330
12BB
100
AcDbEntity
  8
OLCU (BEYKENT)
 62
     7
440
 16777216
370
    20
100
AcDbMText
 10
1326.619865040418
 20
1639.635908503825
 30
0.0
 40
12.0
 41
0.0
 46
0.0
 71
     5
 72
     1
  1
\A1;15
  7
YAZI (BEYKENT)
 73
     1
 44
1.0
  0
POINT
  5
16C1
330
12BB
100
AcDbEntity
  8
Defpoints
 62
     0
440
 16777216
100
AcDbPoint
 10
1319.119865040418
 20
1651.574010291995
 30
0.0
  0
POINT
  5
16C2
330
12BB
100
AcDbEntity
  8
Defpoints
 62
     0
440
 16777216
100
AcDbPoint
 10
1334.119865040418
 20
1651.574010291995
 30
0.0
  0
POINT
  5
16C3
330
12BB
100
AcDbEntity
  8
Defpoints
 62
     0
440
 16777216
100
AcDbPoint
 10
1334.119865040418
 20
1631.574010291995
 30
0.0
  0
ENDBLK
  5
12BD
330
12BB
100
AcDbEntity
  8
0
100
AcDbBlockEnd
  0
BLOCK
  5
12C8
330
12C7
100
AcDbEntity
  8
0
100
AcDbBlockBegin
  2
*D145
 70
     1
 10
0.0
 20
0.0
 30
0.0
  3
*D145
  1

  0
LINE
  5
16C4
330
12C7
100
AcDbEntity
  8
OLCU (BEYKENT)
 62
     0
440
 16777216
370
    -2
100
AcDbLine
 10
1319.119865040418
 20
1358.574010291995
 30
0.0
 11
1319.119865040418
 21
1341.394010291995
 31
0.0
  0
LINE
  5
16C5
330
12C7
100
AcDbEntity
  8
OLCU (BEYKENT)
 62
     0
440
 16777216
370
    -2
100
AcDbLine
 10
1334.119865040418
 20
1358.574010291995
 30
0.0
 11
1334.119865040418
 21
1341.394010291995
 31
0.0
  0
LINE
  5
16C6
330
12C7
100
AcDbEntity
  8
OLCU (BEYKENT)
 62
     0
440
 16777216
370
    -2
100
AcDbLine
 10
1319.119865040418
 20
1341.574010291995
 30
0.0
 11
1334.119865040418
 21
1341.574010291995
 31
0.0
  0
LINE
  5
16C7
330
12C7
100
AcDbEntity
  8
OLCU (BEYKENT)
 62
     0
440
 16777216
370
    -2
100
AcDbLine
 10
1331.119865040418
 20
1338.574010291995
 30
0.0
 11
1337.119865040418
 21
1344.574010291995
 31
0.0
  0
LINE
  5
16C8
330
12C7
100
AcDbEntity
  8
OLCU (BEYKENT)
 62
     0
440
 16777216
370
    -2
100
AcDbLine
 10
1316.119865040418
 20
1338.574010291995
 30
0.0
 11
1322.119865040418
 21
1344.574010291995
 31
0.0
  0
MTEXT
  5
16C9
330
12C7
100
AcDbEntity
  8
OLCU (BEYKENT)
 62
     7
440
 16777216
370
    20
100
AcDbMText
 10
1326.619865040418
 20
1349.635908503825
 30
0.0
 40
12.0
 41
0.0
 46
0.0
 71
     5
 72
     1
  1
\A1;15
  7
YAZI (BEYKENT)
 73
     1
 44
1.0
  0
POINT
  5
16CA
330
12C7
100
AcDbEntity
  8
Defpoints
 62
     0
440
 16777216
100
AcDbPoint
 10
1319.119865040418
 20
1361.574010291995
 30
0.0
  0
POINT
  5
16CB
330
12C7
100
AcDbEntity
  8
Defpoints
 62
     0
440
 16777216
100
AcDbPoint
 10
1334.119865040418
 20
1361.574010291995
 30
0.0
  0
POINT
  5
16CC
330
12C7
100
AcDbEntity
  8
Defpoints
 62
     0
440
 16777216
100
AcDbPoint
 10
1334.119865040418
 20
1341.574010291995
 30
0.0
  0
ENDBLK
  5
12C9
330
12C7
100
AcDbEntity
  8
0
100
AcDbBlockEnd
  0
BLOCK
  5
12D4
330
12D3
100
AcDbEntity
  8
0
100
AcDbBlockBegin
  2
*D146
 70
     1
 10
0.0
 20
0.0
 30
0.0
  3
*D146
  1

  0
LINE
  5
16CD
330
12D3
100
AcDbEntity
  8
OLCU (BEYKENT)
 62
     0
440
 16777216
370
    -2
100
AcDbLine
 10
1319.119865040418
 20
966.0739602919965
 30
0.0
 11
1319.119865040418
 21
948.8939602919966
 31
0.0
  0
LINE
  5
16CE
330
12D3
100
AcDbEntity
  8
OLCU (BEYKENT)
 62
     0
440
 16777216
370
    -2
100
AcDbLine
 10
1334.119865040418
 20
966.0739602919965
 30
0.0
 11
1334.119865040418
 21
948.8939602919966
 31
0.0
  0
LINE
  5
16CF
330
12D3
100
AcDbEntity
  8
OLCU (BEYKENT)
 62
     0
440
 16777216
370
    -2
100
AcDbLine
 10
1319.119865040418
 20
949.0739602919965
 30
0.0
 11
1334.119865040418
 21
949.0739602919965
 31
0.0
  0
LINE
  5
16D0
330
12D3
100
AcDbEntity
  8
OLCU (BEYKENT)
 62
     0
440
 16777216
370
    -2
100
AcDbLine
 10
1331.119865040418
 20
946.0739602919966
 30
0.0
 11
1337.119865040418
 21
952.0739602919967
 31
0.0
  0
LINE
  5
16D1
330
12D3
100
AcDbEntity
  8
OLCU (BEYKENT)
 62
     0
440
 16777216
370
    -2
100
AcDbLine
 10
1316.119865040418
 20
946.0739602919966
 30
0.0
 11
1322.119865040418
 21
952.0739602919967
 31
0.0
  0
MTEXT
  5
16D2
330
12D3
100
AcDbEntity
  8
OLCU (BEYKENT)
 62
     7
440
 16777216
370
    20
100
AcDbMText
 10
1326.619865040418
 20
957.1358585038261
 30
0.0
 40
12.0
 41
0.0
 46
0.0
 71
     5
 72
     1
  1
\A1;15
  7
YAZI (BEYKENT)
 73
     1
 44
1.0
  0
POINT
  5
16D3
330
12D3
100
AcDbEntity
  8
Defpoints
 62
     0
440
 16777216
100
AcDbPoint
 10
1319.119865040418
 20
969.0739602919967
 30
0.0
  0
POINT
  5
16D4
330
12D3
100
AcDbEntity
  8
Defpoints
 62
     0
440
 16777216
100
AcDbPoint
 10
1334.119865040418
 20
969.0739602919967
 30
0.0
  0
POINT
  5
16D5
330
12D3
100
AcDbEntity
  8
Defpoints
 62
     0
440
 16777216
100
AcDbPoint
 10
1334.119865040418
 20
949.0739602919965
 30
0.0
  0
ENDBLK
  5
12D5
330
12D3
100
AcDbEntity
  8
0
100
AcDbBlockEnd
  0
BLOCK
  5
12E0
330
12DF
100
AcDbEntity
  8
0
100
AcDbBlockBegin
  2
*D147
 70
     1
 10
0.0
 20
0.0
 30
0.0
  3
*D147
  1

  0
LINE
  5
16D6
330
12DF
100
AcDbEntity
  8
OLCU (BEYKENT)
 62
     0
440
 16777216
370
    -2
100
AcDbLine
 10
1319.119865040418
 20
691.0739602919966
 30
0.0
 11
1319.119865040418
 21
673.8939602919966
 31
0.0
  0
LINE
  5
16D7
330
12DF
100
AcDbEntity
  8
OLCU (BEYKENT)
 62
     0
440
 16777216
370
    -2
100
AcDbLine
 10
1334.119865040418
 20
691.0739602919966
 30
0.0
 11
1334.119865040418
 21
673.8939602919966
 31
0.0
  0
LINE
  5
16D8
330
12DF
100
AcDbEntity
  8
OLCU (BEYKENT)
 62
     0
440
 16777216
370
    -2
100
AcDbLine
 10
1319.119865040418
 20
674.0739602919965
 30
0.0
 11
1334.119865040418
 21
674.0739602919965
 31
0.0
  0
LINE
  5
16D9
330
12DF
100
AcDbEntity
  8
OLCU (BEYKENT)
 62
     0
440
 16777216
370
    -2
100
AcDbLine
 10
1331.119865040418
 20
671.0739602919966
 30
0.0
 11
1337.119865040418
 21
677.0739602919966
 31
0.0
  0
LINE
  5
16DA
330
12DF
100
AcDbEntity
  8
OLCU (BEYKENT)
 62
     0
440
 16777216
370
    -2
100
AcDbLine
 10
1316.119865040418
 20
671.0739602919966
 30
0.0
 11
1322.119865040418
 21
677.0739602919966
 31
0.0
  0
MTEXT
  5
16DB
330
12DF
100
AcDbEntity
  8
OLCU (BEYKENT)
 62
     7
440
 16777216
370
    20
100
AcDbMText
 10
1326.619865040418
 20
682.135858503826
 30
0.0
 40
12.0
 41
0.0
 46
0.0
 71
     5
 72
     1
  1
\A1;15
  7
YAZI (BEYKENT)
 73
     1
 44
1.0
  0
POINT
  5
16DC
330
12DF
100
AcDbEntity
  8
Defpoints
 62
     0
440
 16777216
100
AcDbPoint
 10
1319.119865040418
 20
694.0739602919966
 30
0.0
  0
POINT
  5
16DD
330
12DF
100
AcDbEntity
  8
Defpoints
 62
     0
440
 16777216
100
AcDbPoint
 10
1334.119865040418
 20
694.0739602919966
 30
0.0
  0
POINT
  5
16DE
330
12DF
100
AcDbEntity
  8
Defpoints
 62
     0
440
 16777216
100
AcDbPoint
 10
1334.119865040418
 20
674.0739602919965
 30
0.0
  0
ENDBLK
  5
12E1
330
12DF
100
AcDbEntity
  8
0
100
AcDbBlockEnd
  0
BLOCK
  5
12EC
330
12EB
100
AcDbEntity
  8
0
100
AcDbBlockBegin
  2
*D148
 70
     1
 10
0.0
 20
0.0
 30
0.0
  3
*D148
  1

  0
LINE
  5
16DF
330
12EB
100
AcDbEntity
  8
AKS OLCU (BEYKENT)
 62
     0
440
 16777216
370
    -2
100
AcDbLine
 10
1759.119763371425
 20
2515.897391473806
 30
0.0
 11
1759.119763371425
 21
2513.077391473805
 31
0.0
  0
LINE
  5
16E0
330
12EB
100
AcDbEntity
  8
AKS OLCU (BEYKENT)
 62
     0
440
 16777216
370
    -2
100
AcDbLine
 10
4189.119763371425
 20
2515.897391473806
 30
0.0
 11
4189.119763371425
 21
2513.077391473805
 31
0.0
  0
LINE
  5
16E1
330
12EB
100
AcDbEntity
  8
AKS OLCU (BEYKENT)
 62
     0
440
 16777216
370
    -2
100
AcDbLine
 10
1759.119763371425
 20
2512.897391473805
 30
0.0
 11
4189.119763371425
 21
2512.897391473805
 31
0.0
  0
LINE
  5
16E2
330
12EB
100
AcDbEntity
  8
AKS OLCU (BEYKENT)
 62
     0
440
 16777216
370
    -2
100
AcDbLine
 10
4186.119763371425
 20
2509.897391473805
 30
0.0
 11
4192.119763371425
 21
2515.897391473806
 31
0.0
  0
LINE
  5
16E3
330
12EB
100
AcDbEntity
  8
AKS OLCU (BEYKENT)
 62
     0
440
 16777216
370
    -2
100
AcDbLine
 10
1756.119763371425
 20
2509.897391473805
 30
0.0
 11
1762.119763371426
 21
2515.897391473806
 31
0.0
  0
MTEXT
  5
16E4
330
12EB
100
AcDbEntity
  8
AKS OLCU (BEYKENT)
 62
     7
440
 16777216
100
AcDbMText
 10
2974.119763371426
 20
2521.021187897464
 30
0.0
 40
12.0
 41
0.0
 46
0.0
 71
     5
 72
     1
  1
\A1;2430
  7
YAZI (BEYKENT)
 73
     1
 44
1.0
  0
POINT
  5
16E5
330
12EB
100
AcDbEntity
  8
Defpoints
 62
     0
440
 16777216
100
AcDbPoint
 10
1759.119763371425
 20
2512.897391473805
 30
0.0
  0
POINT
  5
16E6
330
12EB
100
AcDbEntity
  8
Defpoints
 62
     0
440
 16777216
100
AcDbPoint
 10
4189.119763371425
 20
2512.897391473805
 30
0.0
  0
POINT
  5
16E7
330
12EB
100
AcDbEntity
  8
Defpoints
 62
     0
440
 16777216
100
AcDbPoint
 10
4189.119763371425
 20
2512.897391473805
 30
0.0
  0
ENDBLK
  5
12ED
330
12EB
100
AcDbEntity
  8
0
100
AcDbBlockEnd
  0
BLOCK
  5
12F8
330
12F7
100
AcDbEntity
  8
0
100
AcDbBlockBegin
  2
*D149
 70
     1
 10
0.0
 20
0.0
 30
0.0
  3
*D149
  1

  0
LINE
  5
16E8
330
12F7
100
AcDbEntity
  8
AKS OLCU (BEYKENT)
 62
     0
440
 16777216
370
    -2
100
AcDbLine
 10
1759.119763371425
 20
2495.897391473806
 30
0.0
 11
1759.119763371425
 21
2493.077391480208
 31
0.0
  0
LINE
  5
16E9
330
12F7
100
AcDbEntity
  8
AKS OLCU (BEYKENT)
 62
     0
440
 16777216
370
    -2
100
AcDbLine
 10
2054.119763377828
 20
2495.897391480208
 30
0.0
 11
2054.119763377828
 21
2493.077391480208
 31
0.0
  0
LINE
  5
16EA
330
12F7
100
AcDbEntity
  8
AKS OLCU (BEYKENT)
 62
     0
440
 16777216
370
    -2
100
AcDbLine
 10
1759.119763371425
 20
2492.897391480208
 30
0.0
 11
2054.119763377828
 21
2492.897391480208
 31
0.0
  0
LINE
  5
16EB
330
12F7
100
AcDbEntity
  8
AKS OLCU (BEYKENT)
 62
     0
440
 16777216
370
    -2
100
AcDbLine
 10
2051.119763377828
 20
2489.897391480208
 30
0.0
 11
2057.119763377828
 21
2495.897391480208
 31
0.0
  0
LINE
  5
16EC
330
12F7
100
AcDbEntity
  8
AKS OLCU (BEYKENT)
 62
     0
440
 16777216
370
    -2
100
AcDbLine
 10
1756.119763371425
 20
2489.897391480208
 30
0.0
 11
1762.119763371426
 21
2495.897391480208
 31
0.0
  0
MTEXT
  5
16ED
330
12F7
100
AcDbEntity
  8
AKS OLCU (BEYKENT)
 62
     7
440
 16777216
100
AcDbMText
 10
1906.619763374627
 20
2501.021187903867
 30
0.0
 40
12.0
 41
0.0
 46
0.0
 71
     5
 72
     1
  1
\A1;295
  7
YAZI (BEYKENT)
 73
     1
 44
1.0
  0
POINT
  5
16EE
330
12F7
100
AcDbEntity
  8
Defpoints
 62
     0
440
 16777216
100
AcDbPoint
 10
1759.119763371425
 20
2492.897391473805
 30
0.0
  0
POINT
  5
16EF
330
12F7
100
AcDbEntity
  8
Defpoints
 62
     0
440
 16777216
100
AcDbPoint
 10
2054.119763377828
 20
2492.897391480208
 30
0.0
  0
POINT
  5
16F0
330
12F7
100
AcDbEntity
  8
Defpoints
 62
     0
440
 16777216
100
AcDbPoint
 10
2054.119763377828
 20
2492.897391480208
 30
0.0
  0
ENDBLK
  5
12F9
330
12F7
100
AcDbEntity
  8
0
100
AcDbBlockEnd
  0
BLOCK
  5
1304
330
1303
100
AcDbEntity
  8
0
100
AcDbBlockBegin
  2
*D150
 70
     1
 10
0.0
 20
0.0
 30
0.0
  3
*D150
  1

  0
LINE
  5
16F1
330
1303
100
AcDbEntity
  8
AKS OLCU (BEYKENT)
 62
     0
440
 16777216
370
    -2
100
AcDbLine
 10
2054.119763371426
 20
2495.897391473806
 30
0.0
 11
2054.119763371426
 21
2493.077391473805
 31
0.0
  0
LINE
  5
16F2
330
1303
100
AcDbEntity
  8
AKS OLCU (BEYKENT)
 62
     0
440
 16777216
370
    -2
100
AcDbLine
 10
2414.119863371431
 20
2495.897391473806
 30
0.0
 11
2414.119863371431
 21
2493.077391473805
 31
0.0
  0
LINE
  5
16F3
330
1303
100
AcDbEntity
  8
AKS OLCU (BEYKENT)
 62
     0
440
 16777216
370
    -2
100
AcDbLine
 10
2054.119763371426
 20
2492.897391473805
 30
0.0
 11
2414.119863371431
 21
2492.897391473805
 31
0.0
  0
LINE
  5
16F4
330
1303
100
AcDbEntity
  8
AKS OLCU (BEYKENT)
 62
     0
440
 16777216
370
    -2
100
AcDbLine
 10
2411.119863371431
 20
2489.897391473805
 30
0.0
 11
2417.119863371431
 21
2495.897391473806
 31
0.0
  0
LINE
  5
16F5
330
1303
100
AcDbEntity
  8
AKS OLCU (BEYKENT)
 62
     0
440
 16777216
370
    -2
100
AcDbLine
 10
2051.119763371426
 20
2489.897391473805
 30
0.0
 11
2057.119763371426
 21
2495.897391473806
 31
0.0
  0
MTEXT
  5
16F6
330
1303
100
AcDbEntity
  8
AKS OLCU (BEYKENT)
 62
     7
440
 16777216
100
AcDbMText
 10
2234.119813371428
 20
2501.021187897464
 30
0.0
 40
12.0
 41
0.0
 46
0.0
 71
     5
 72
     1
  1
\A1;360
  7
YAZI (BEYKENT)
 73
     1
 44
1.0
  0
POINT
  5
16F7
330
1303
100
AcDbEntity
  8
Defpoints
 62
     0
440
 16777216
100
AcDbPoint
 10
2054.119763371426
 20
2492.897391473805
 30
0.0
  0
POINT
  5
16F8
330
1303
100
AcDbEntity
  8
Defpoints
 62
     0
440
 16777216
100
AcDbPoint
 10
2414.119863371431
 20
2492.897391473805
 30
0.0
  0
POINT
  5
16F9
330
1303
100
AcDbEntity
  8
Defpoints
 62
     0
440
 16777216
100
AcDbPoint
 10
2414.119863371431
 20
2492.897391473805
 30
0.0
  0
ENDBLK
  5
1305
330
1303
100
AcDbEntity
  8
0
100
AcDbBlockEnd
  0
BLOCK
  5
1310
330
130F
100
AcDbEntity
  8
0
100
AcDbBlockBegin
  2
*D151
 70
     1
 10
0.0
 20
0.0
 30
0.0
  3
*D151
  1

  0
LINE
  5
16FA
330
130F
100
AcDbEntity
  8
AKS OLCU (BEYKENT)
 62
     0
440
 16777216
370
    -2
100
AcDbLine
 10
2414.119863371431
 20
2495.897391473806
 30
0.0
 11
2414.119863371431
 21
2493.077391473805
 31
0.0
  0
LINE
  5
16FB
330
130F
100
AcDbEntity
  8
AKS OLCU (BEYKENT)
 62
     0
440
 16777216
370
    -2
100
AcDbLine
 10
2569.119763371426
 20
2495.897391473806
 30
0.0
 11
2569.119763371426
 21
2493.077391473805
 31
0.0
  0
LINE
  5
16FC
330
130F
100
AcDbEntity
  8
AKS OLCU (BEYKENT)
 62
     0
440
 16777216
370
    -2
100
AcDbLine
 10
2414.119863371431
 20
2492.897391473805
 30
0.0
 11
2569.119763371426
 21
2492.897391473805
 31
0.0
  0
LINE
  5
16FD
330
130F
100
AcDbEntity
  8
AKS OLCU (BEYKENT)
 62
     0
440
 16777216
370
    -2
100
AcDbLine
 10
2566.119763371426
 20
2489.897391473805
 30
0.0
 11
2572.119763371425
 21
2495.897391473806
 31
0.0
  0
LINE
  5
16FE
330
130F
100
AcDbEntity
  8
AKS OLCU (BEYKENT)
 62
     0
440
 16777216
370
    -2
100
AcDbLine
 10
2411.119863371431
 20
2489.897391473805
 30
0.0
 11
2417.119863371431
 21
2495.897391473806
 31
0.0
  0
MTEXT
  5
16FF
330
130F
100
AcDbEntity
  8
AKS OLCU (BEYKENT)
 62
     7
440
 16777216
100
AcDbMText
 10
2491.619813371428
 20
2500.959289685635
 30
0.0
 40
12.0
 41
0.0
 46
0.0
 71
     5
 72
     1
  1
\A1;155
  7
YAZI (BEYKENT)
 73
     1
 44
1.0
  0
POINT
  5
1700
330
130F
100
AcDbEntity
  8
Defpoints
 62
     0
440
 16777216
100
AcDbPoint
 10
2414.119863371431
 20
2492.897391473805
 30
0.0
  0
POINT
  5
1701
330
130F
100
AcDbEntity
  8
Defpoints
 62
     0
440
 16777216
100
AcDbPoint
 10
2569.119763371426
 20
2492.897391473805
 30
0.0
  0
POINT
  5
1702
330
130F
100
AcDbEntity
  8
Defpoints
 62
     0
440
 16777216
100
AcDbPoint
 10
2569.119763371426
 20
2492.897391473805
 30
0.0
  0
ENDBLK
  5
1311
330
130F
100
AcDbEntity
  8
0
100
AcDbBlockEnd
  0
BLOCK
  5
131C
330
131B
100
AcDbEntity
  8
0
100
AcDbBlockBegin
  2
*D152
 70
     1
 10
0.0
 20
0.0
 30
0.0
  3
*D152
  1

  0
LINE
  5
1703
330
131B
100
AcDbEntity
  8
AKS OLCU (BEYKENT)
 62
     0
440
 16777216
370
    -2
100
AcDbLine
 10
2569.119763371426
 20
2495.897391473806
 30
0.0
 11
2569.119763371426
 21
2493.077391473805
 31
0.0
  0
LINE
  5
1704
330
131B
100
AcDbEntity
  8
AKS OLCU (BEYKENT)
 62
     0
440
 16777216
370
    -2
100
AcDbLine
 10
2984.119763371426
 20
2495.897391473806
 30
0.0
 11
2984.119763371426
 21
2493.077391473805
 31
0.0
  0
LINE
  5
1705
330
131B
100
AcDbEntity
  8
AKS OLCU (BEYKENT)
 62
     0
440
 16777216
370
    -2
100
AcDbLine
 10
2569.119763371426
 20
2492.897391473805
 30
0.0
 11
2984.119763371426
 21
2492.897391473805
 31
0.0
  0
LINE
  5
1706
330
131B
100
AcDbEntity
  8
AKS OLCU (BEYKENT)
 62
     0
440
 16777216
370
    -2
100
AcDbLine
 10
2981.119763371426
 20
2489.897391473805
 30
0.0
 11
2987.119763371426
 21
2495.897391473806
 31
0.0
  0
LINE
  5
1707
330
131B
100
AcDbEntity
  8
AKS OLCU (BEYKENT)
 62
     0
440
 16777216
370
    -2
100
AcDbLine
 10
2566.119763371426
 20
2489.897391473805
 30
0.0
 11
2572.119763371425
 21
2495.897391473806
 31
0.0
  0
MTEXT
  5
1708
330
131B
100
AcDbEntity
  8
AKS OLCU (BEYKENT)
 62
     7
440
 16777216
100
AcDbMText
 10
2776.619763371426
 20
2500.959289685635
 30
0.0
 40
12.0
 41
0.0
 46
0.0
 71
     5
 72
     1
  1
\A1;415
  7
YAZI (BEYKENT)
 73
     1
 44
1.0
  0
POINT
  5
1709
330
131B
100
AcDbEntity
  8
Defpoints
 62
     0
440
 16777216
100
AcDbPoint
 10
2569.119763371426
 20
2492.897391473805
 30
0.0
  0
POINT
  5
170A
330
131B
100
AcDbEntity
  8
Defpoints
 62
     0
440
 16777216
100
AcDbPoint
 10
2984.119763371426
 20
2492.897391473805
 30
0.0
  0
POINT
  5
170B
330
131B
100
AcDbEntity
  8
Defpoints
 62
     0
440
 16777216
100
AcDbPoint
 10
2984.119763371426
 20
2492.897391473805
 30
0.0
  0
ENDBLK
  5
131D
330
131B
100
AcDbEntity
  8
0
100
AcDbBlockEnd
  0
BLOCK
  5
1328
330
1327
100
AcDbEntity
  8
0
100
AcDbBlockBegin
  2
*D153
 70
     1
 10
0.0
 20
0.0
 30
0.0
  3
*D153
  1

  0
LINE
  5
170C
330
1327
100
AcDbEntity
  8
AKS OLCU (BEYKENT)
 62
     0
440
 16777216
370
    -2
100
AcDbLine
 10
2984.119763371426
 20
2495.897391473806
 30
0.0
 11
2984.119763371426
 21
2493.077391473805
 31
0.0
  0
LINE
  5
170D
330
1327
100
AcDbEntity
  8
AKS OLCU (BEYKENT)
 62
     0
440
 16777216
370
    -2
100
AcDbLine
 10
3234.119763371426
 20
2495.897391473806
 30
0.0
 11
3234.119763371426
 21
2493.077391473805
 31
0.0
  0
LINE
  5
170E
330
1327
100
AcDbEntity
  8
AKS OLCU (BEYKENT)
 62
     0
440
 16777216
370
    -2
100
AcDbLine
 10
2984.119763371426
 20
2492.897391473805
 30
0.0
 11
3234.119763371426
 21
2492.897391473805
 31
0.0
  0
LINE
  5
170F
330
1327
100
AcDbEntity
  8
AKS OLCU (BEYKENT)
 62
     0
440
 16777216
370
    -2
100
AcDbLine
 10
3231.119763371426
 20
2489.897391473805
 30
0.0
 11
3237.119763371425
 21
2495.897391473806
 31
0.0
  0
LINE
  5
1710
330
1327
100
AcDbEntity
  8
AKS OLCU (BEYKENT)
 62
     0
440
 16777216
370
    -2
100
AcDbLine
 10
2981.119763371426
 20
2489.897391473805
 30
0.0
 11
2987.119763371426
 21
2495.897391473806
 31
0.0
  0
MTEXT
  5
1711
330
1327
100
AcDbEntity
  8
AKS OLCU (BEYKENT)
 62
     7
440
 16777216
100
AcDbMText
 10
3109.119763371426
 20
2501.021187897464
 30
0.0
 40
12.0
 41
0.0
 46
0.0
 71
     5
 72
     1
  1
\A1;250
  7
YAZI (BEYKENT)
 73
     1
 44
1.0
  0
POINT
  5
1712
330
1327
100
AcDbEntity
  8
Defpoints
 62
     0
440
 16777216
100
AcDbPoint
 10
2984.119763371426
 20
2492.897391473805
 30
0.0
  0
POINT
  5
1713
330
1327
100
AcDbEntity
  8
Defpoints
 62
     0
440
 16777216
100
AcDbPoint
 10
3234.119763371426
 20
2492.897391473805
 30
0.0
  0
POINT
  5
1714
330
1327
100
AcDbEntity
  8
Defpoints
 62
     0
440
 16777216
100
AcDbPoint
 10
3234.119763371426
 20
2492.897391473805
 30
0.0
  0
ENDBLK
  5
1329
330
1327
100
AcDbEntity
  8
0
100
AcDbBlockEnd
  0
BLOCK
  5
1334
330
1333
100
AcDbEntity
  8
0
100
AcDbBlockBegin
  2
*D154
 70
     1
 10
0.0
 20
0.0
 30
0.0
  3
*D154
  1

  0
LINE
  5
1715
330
1333
100
AcDbEntity
  8
AKS OLCU (BEYKENT)
 62
     0
440
 16777216
370
    -2
100
AcDbLine
 10
3234.119763371426
 20
2495.897391473806
 30
0.0
 11
3234.119763371426
 21
2493.077391473805
 31
0.0
  0
LINE
  5
1716
330
1333
100
AcDbEntity
  8
AKS OLCU (BEYKENT)
 62
     0
440
 16777216
370
    -2
100
AcDbLine
 10
3379.119763371426
 20
2495.897391473806
 30
0.0
 11
3379.119763371426
 21
2493.077391473805
 31
0.0
  0
LINE
  5
1717
330
1333
100
AcDbEntity
  8
AKS OLCU (BEYKENT)
 62
     0
440
 16777216
370
    -2
100
AcDbLine
 10
3234.119763371426
 20
2492.897391473805
 30
0.0
 11
3379.119763371426
 21
2492.897391473805
 31
0.0
  0
LINE
  5
1718
330
1333
100
AcDbEntity
  8
AKS OLCU (BEYKENT)
 62
     0
440
 16777216
370
    -2
100
AcDbLine
 10
3376.119763371426
 20
2489.897391473805
 30
0.0
 11
3382.119763371426
 21
2495.897391473806
 31
0.0
  0
LINE
  5
1719
330
1333
100
AcDbEntity
  8
AKS OLCU (BEYKENT)
 62
     0
440
 16777216
370
    -2
100
AcDbLine
 10
3231.119763371426
 20
2489.897391473805
 30
0.0
 11
3237.119763371425
 21
2495.897391473806
 31
0.0
  0
MTEXT
  5
171A
330
1333
100
AcDbEntity
  8
AKS OLCU (BEYKENT)
 62
     7
440
 16777216
100
AcDbMText
 10
3306.619763371426
 20
2500.959289685635
 30
0.0
 40
12.0
 41
0.0
 46
0.0
 71
     5
 72
     1
  1
\A1;145
  7
YAZI (BEYKENT)
 73
     1
 44
1.0
  0
POINT
  5
171B
330
1333
100
AcDbEntity
  8
Defpoints
 62
     0
440
 16777216
100
AcDbPoint
 10
3234.119763371426
 20
2492.897391473805
 30
0.0
  0
POINT
  5
171C
330
1333
100
AcDbEntity
  8
Defpoints
 62
     0
440
 16777216
100
AcDbPoint
 10
3379.119763371426
 20
2492.897391473805
 30
0.0
  0
POINT
  5
171D
330
1333
100
AcDbEntity
  8
Defpoints
 62
     0
440
 16777216
100
AcDbPoint
 10
3379.119763371426
 20
2492.897391473805
 30
0.0
  0
ENDBLK
  5
1335
330
1333
100
AcDbEntity
  8
0
100
AcDbBlockEnd
  0
BLOCK
  5
1340
330
133F
100
AcDbEntity
  8
0
100
AcDbBlockBegin
  2
*D155
 70
     1
 10
0.0
 20
0.0
 30
0.0
  3
*D155
  1

  0
LINE
  5
171E
330
133F
100
AcDbEntity
  8
AKS OLCU (BEYKENT)
 62
     0
440
 16777216
370
    -2
100
AcDbLine
 10
3379.119763371426
 20
2495.897391473806
 30
0.0
 11
3379.119763371426
 21
2493.077391473805
 31
0.0
  0
LINE
  5
171F
330
133F
100
AcDbEntity
  8
AKS OLCU (BEYKENT)
 62
     0
440
 16777216
370
    -2
100
AcDbLine
 10
3484.119763371426
 20
2495.897391473806
 30
0.0
 11
3484.119763371426
 21
2493.077391473805
 31
0.0
  0
LINE
  5
1720
330
133F
100
AcDbEntity
  8
AKS OLCU (BEYKENT)
 62
     0
440
 16777216
370
    -2
100
AcDbLine
 10
3379.119763371426
 20
2492.897391473805
 30
0.0
 11
3484.119763371426
 21
2492.897391473805
 31
0.0
  0
LINE
  5
1721
330
133F
100
AcDbEntity
  8
AKS OLCU (BEYKENT)
 62
     0
440
 16777216
370
    -2
100
AcDbLine
 10
3481.119763371426
 20
2489.897391473805
 30
0.0
 11
3487.119763371425
 21
2495.897391473806
 31
0.0
  0
LINE
  5
1722
330
133F
100
AcDbEntity
  8
AKS OLCU (BEYKENT)
 62
     0
440
 16777216
370
    -2
100
AcDbLine
 10
3376.119763371426
 20
2489.897391473805
 30
0.0
 11
3382.119763371426
 21
2495.897391473806
 31
0.0
  0
MTEXT
  5
1723
330
133F
100
AcDbEntity
  8
AKS OLCU (BEYKENT)
 62
     7
440
 16777216
100
AcDbMText
 10
3431.619763371426
 20
2501.021187897464
 30
0.0
 40
12.0
 41
0.0
 46
0.0
 71
     5
 72
     1
  1
\A1;105
  7
YAZI (BEYKENT)
 73
     1
 44
1.0
  0
POINT
  5
1724
330
133F
100
AcDbEntity
  8
Defpoints
 62
     0
440
 16777216
100
AcDbPoint
 10
3379.119763371426
 20
2492.897391473805
 30
0.0
  0
POINT
  5
1725
330
133F
100
AcDbEntity
  8
Defpoints
 62
     0
440
 16777216
100
AcDbPoint
 10
3484.119763371426
 20
2492.897391473805
 30
0.0
  0
POINT
  5
1726
330
133F
100
AcDbEntity
  8
Defpoints
 62
     0
440
 16777216
100
AcDbPoint
 10
3484.119763371426
 20
2492.897391473805
 30
0.0
  0
ENDBLK
  5
1341
330
133F
100
AcDbEntity
  8
0
100
AcDbBlockEnd
  0
BLOCK
  5
134C
330
134B
100
AcDbEntity
  8
0
100
AcDbBlockBegin
  2
*D156
 70
     1
 10
0.0
 20
0.0
 30
0.0
  3
*D156
  1

  0
LINE
  5
1727
330
134B
100
AcDbEntity
  8
AKS OLCU (BEYKENT)
 62
     0
440
 16777216
370
    -2
100
AcDbLine
 10
3484.119763371426
 20
2495.897391473806
 30
0.0
 11
3484.119763371426
 21
2493.077391473805
 31
0.0
  0
LINE
  5
1728
330
134B
100
AcDbEntity
  8
AKS OLCU (BEYKENT)
 62
     0
440
 16777216
370
    -2
100
AcDbLine
 10
3559.119763371426
 20
2495.897391473806
 30
0.0
 11
3559.119763371426
 21
2493.077391473805
 31
0.0
  0
LINE
  5
1729
330
134B
100
AcDbEntity
  8
AKS OLCU (BEYKENT)
 62
     0
440
 16777216
370
    -2
100
AcDbLine
 10
3484.119763371426
 20
2492.897391473805
 30
0.0
 11
3559.119763371426
 21
2492.897391473805
 31
0.0
  0
LINE
  5
172A
330
134B
100
AcDbEntity
  8
AKS OLCU (BEYKENT)
 62
     0
440
 16777216
370
    -2
100
AcDbLine
 10
3556.119763371426
 20
2489.897391473805
 30
0.0
 11
3562.119763371426
 21
2495.897391473806
 31
0.0
  0
LINE
  5
172B
330
134B
100
AcDbEntity
  8
AKS OLCU (BEYKENT)
 62
     0
440
 16777216
370
    -2
100
AcDbLine
 10
3481.119763371426
 20
2489.897391473805
 30
0.0
 11
3487.119763371425
 21
2495.897391473806
 31
0.0
  0
MTEXT
  5
172C
330
134B
100
AcDbEntity
  8
AKS OLCU (BEYKENT)
 62
     7
440
 16777216
100
AcDbMText
 10
3521.619763371426
 20
2500.959289685635
 30
0.0
 40
12.0
 41
0.0
 46
0.0
 71
     5
 72
     1
  1
\A1;75
  7
YAZI (BEYKENT)
 73
     1
 44
1.0
  0
POINT
  5
172D
330
134B
100
AcDbEntity
  8
Defpoints
 62
     0
440
 16777216
100
AcDbPoint
 10
3484.119763371426
 20
2492.897391473805
 30
0.0
  0
POINT
  5
172E
330
134B
100
AcDbEntity
  8
Defpoints
 62
     0
440
 16777216
100
AcDbPoint
 10
3559.119763371426
 20
2492.897391473805
 30
0.0
  0
POINT
  5
172F
330
134B
100
AcDbEntity
  8
Defpoints
 62
     0
440
 16777216
100
AcDbPoint
 10
3559.119763371426
 20
2492.897391473805
 30
0.0
  0
ENDBLK
  5
134D
330
134B
100
AcDbEntity
  8
0
100
AcDbBlockEnd
  0
BLOCK
  5
1358
330
1357
100
AcDbEntity
  8
0
100
AcDbBlockBegin
  2
*D157
 70
     1
 10
0.0
 20
0.0
 30
0.0
  3
*D157
  1

  0
LINE
  5
1730
330
1357
100
AcDbEntity
  8
AKS OLCU (BEYKENT)
 62
     0
440
 16777216
370
    -2
100
AcDbLine
 10
3559.119763371426
 20
2495.897391473806
 30
0.0
 11
3559.119763371426
 21
2493.077391473805
 31
0.0
  0
LINE
  5
1731
330
1357
100
AcDbEntity
  8
AKS OLCU (BEYKENT)
 62
     0
440
 16777216
370
    -2
100
AcDbLine
 10
3894.119763371426
 20
2495.897391473806
 30
0.0
 11
3894.119763371426
 21
2493.077391473805
 31
0.0
  0
LINE
  5
1732
330
1357
100
AcDbEntity
  8
AKS OLCU (BEYKENT)
 62
     0
440
 16777216
370
    -2
100
AcDbLine
 10
3559.119763371426
 20
2492.897391473805
 30
0.0
 11
3894.119763371426
 21
2492.897391473805
 31
0.0
  0
LINE
  5
1733
330
1357
100
AcDbEntity
  8
AKS OLCU (BEYKENT)
 62
     0
440
 16777216
370
    -2
100
AcDbLine
 10
3891.119763371426
 20
2489.897391473805
 30
0.0
 11
3897.119763371426
 21
2495.897391473806
 31
0.0
  0
LINE
  5
1734
330
1357
100
AcDbEntity
  8
AKS OLCU (BEYKENT)
 62
     0
440
 16777216
370
    -2
100
AcDbLine
 10
3556.119763371426
 20
2489.897391473805
 30
0.0
 11
3562.119763371426
 21
2495.897391473806
 31
0.0
  0
MTEXT
  5
1735
330
1357
100
AcDbEntity
  8
AKS OLCU (BEYKENT)
 62
     7
440
 16777216
100
AcDbMText
 10
3726.619763371426
 20
2501.021187897464
 30
0.0
 40
12.0
 41
0.0
 46
0.0
 71
     5
 72
     1
  1
\A1;335
  7
YAZI (BEYKENT)
 73
     1
 44
1.0
  0
POINT
  5
1736
330
1357
100
AcDbEntity
  8
Defpoints
 62
     0
440
 16777216
100
AcDbPoint
 10
3559.119763371426
 20
2492.897391473805
 30
0.0
  0
POINT
  5
1737
330
1357
100
AcDbEntity
  8
Defpoints
 62
     0
440
 16777216
100
AcDbPoint
 10
3894.119763371426
 20
2492.897391473805
 30
0.0
  0
POINT
  5
1738
330
1357
100
AcDbEntity
  8
Defpoints
 62
     0
440
 16777216
100
AcDbPoint
 10
3894.119763371426
 20
2492.897391473805
 30
0.0
  0
ENDBLK
  5
1359
330
1357
100
AcDbEntity
  8
0
100
AcDbBlockEnd
  0
BLOCK
  5
1364
330
1363
100
AcDbEntity
  8
0
100
AcDbBlockBegin
  2
*D158
 70
     1
 10
0.0
 20
0.0
 30
0.0
  3
*D158
  1

  0
LINE
  5
1739
330
1363
100
AcDbEntity
  8
AKS OLCU (BEYKENT)
 62
     0
440
 16777216
370
    -2
100
AcDbLine
 10
3894.119763371426
 20
2495.897391473806
 30
0.0
 11
3894.119763371426
 21
2493.077391473805
 31
0.0
  0
LINE
  5
173A
330
1363
100
AcDbEntity
  8
AKS OLCU (BEYKENT)
 62
     0
440
 16777216
370
    -2
100
AcDbLine
 10
4189.119763371425
 20
2495.897391473806
 30
0.0
 11
4189.119763371425
 21
2493.077391473805
 31
0.0
  0
LINE
  5
173B
330
1363
100
AcDbEntity
  8
AKS OLCU (BEYKENT)
 62
     0
440
 16777216
370
    -2
100
AcDbLine
 10
3894.119763371426
 20
2492.897391473805
 30
0.0
 11
4189.119763371425
 21
2492.897391473805
 31
0.0
  0
LINE
  5
173C
330
1363
100
AcDbEntity
  8
AKS OLCU (BEYKENT)
 62
     0
440
 16777216
370
    -2
100
AcDbLine
 10
4186.119763371425
 20
2489.897391473805
 30
0.0
 11
4192.119763371425
 21
2495.897391473806
 31
0.0
  0
LINE
  5
173D
330
1363
100
AcDbEntity
  8
AKS OLCU (BEYKENT)
 62
     0
440
 16777216
370
    -2
100
AcDbLine
 10
3891.119763371426
 20
2489.897391473805
 30
0.0
 11
3897.119763371426
 21
2495.897391473806
 31
0.0
  0
MTEXT
  5
173E
330
1363
100
AcDbEntity
  8
AKS OLCU (BEYKENT)
 62
     7
440
 16777216
100
AcDbMText
 10
4041.619763371425
 20
2501.021187897464
 30
0.0
 40
12.0
 41
0.0
 46
0.0
 71
     5
 72
     1
  1
\A1;295
  7
YAZI (BEYKENT)
 73
     1
 44
1.0
  0
POINT
  5
173F
330
1363
100
AcDbEntity
  8
Defpoints
 62
     0
440
 16777216
100
AcDbPoint
 10
3894.119763371426
 20
2492.897391473805
 30
0.0
  0
POINT
  5
1740
330
1363
100
AcDbEntity
  8
Defpoints
 62
     0
440
 16777216
100
AcDbPoint
 10
4189.119763371425
 20
2492.897391473805
 30
0.0
  0
POINT
  5
1741
330
1363
100
AcDbEntity
  8
Defpoints
 62
     0
440
 16777216
100
AcDbPoint
 10
4189.119763371425
 20
2492.897391473805
 30
0.0
  0
ENDBLK
  5
1365
330
1363
100
AcDbEntity
  8
0
100
AcDbBlockEnd
  0
BLOCK
  5
1370
330
136F
100
AcDbEntity
  8
0
100
AcDbBlockBegin
  2
*D159
 70
     1
 10
0.0
 20
0.0
 30
0.0
  3
*D159
  1

  0
LINE
  5
1742
330
136F
100
AcDbEntity
  8
AKS OLCU (BEYKENT)
 62
     0
440
 16777216
370
    -2
100
AcDbLine
 10
1759.11976337144
 20
507.0738602919955
 30
0.0
 11
1759.11976337144
 21
504.2538602919955
 31
0.0
  0
LINE
  5
1743
330
136F
100
AcDbEntity
  8
AKS OLCU (BEYKENT)
 62
     0
440
 16777216
370
    -2
100
AcDbLine
 10
4189.119763371439
 20
507.0738602919955
 30
0.0
 11
4189.119763371439
 21
504.2538602919955
 31
0.0
  0
LINE
  5
1744
330
136F
100
AcDbEntity
  8
AKS OLCU (BEYKENT)
 62
     0
440
 16777216
370
    -2
100
AcDbLine
 10
1759.11976337144
 20
504.0738602919955
 30
0.0
 11
4189.119763371439
 21
504.0738602919955
 31
0.0
  0
LINE
  5
1745
330
136F
100
AcDbEntity
  8
AKS OLCU (BEYKENT)
 62
     0
440
 16777216
370
    -2
100
AcDbLine
 10
4186.11976337144
 20
501.0738602919955
 30
0.0
 11
4192.119763371439
 21
507.0738602919955
 31
0.0
  0
LINE
  5
1746
330
136F
100
AcDbEntity
  8
AKS OLCU (BEYKENT)
 62
     0
440
 16777216
370
    -2
100
AcDbLine
 10
1756.11976337144
 20
501.0738602919955
 30
0.0
 11
1762.11976337144
 21
507.0738602919955
 31
0.0
  0
MTEXT
  5
1747
330
136F
100
AcDbEntity
  8
AKS OLCU (BEYKENT)
 62
     7
440
 16777216
100
AcDbMText
 10
2974.11976337144
 20
512.1976567156544
 30
0.0
 40
12.0
 41
0.0
 46
0.0
 71
     5
 72
     1
  1
\A1;2430
  7
YAZI (BEYKENT)
 73
     1
 44
1.0
  0
POINT
  5
1748
330
136F
100
AcDbEntity
  8
Defpoints
 62
     0
440
 16777216
100
AcDbPoint
 10
1759.11976337144
 20
504.0738602919955
 30
0.0
  0
POINT
  5
1749
330
136F
100
AcDbEntity
  8
Defpoints
 62
     0
440
 16777216
100
AcDbPoint
 10
4189.119763371439
 20
504.0738602919955
 30
0.0
  0
POINT
  5
174A
330
136F
100
AcDbEntity
  8
Defpoints
 62
     0
440
 16777216
100
AcDbPoint
 10
4189.119763371439
 20
504.0738602919955
 30
0.0
  0
ENDBLK
  5
1371
330
136F
100
AcDbEntity
  8
0
100
AcDbBlockEnd
  0
BLOCK
  5
137C
330
137B
100
AcDbEntity
  8
0
100
AcDbBlockBegin
  2
*D160
 70
     1
 10
0.0
 20
0.0
 30
0.0
  3
*D160
  1

  0
LINE
  5
174B
330
137B
100
AcDbEntity
  8
AKS OLCU (BEYKENT)
 62
     0
440
 16777216
370
    -2
100
AcDbLine
 10
1759.11976337144
 20
527.0738602919955
 30
0.0
 11
1759.11976337144
 21
524.2538602919954
 31
0.0
  0
LINE
  5
174C
330
137B
100
AcDbEntity
  8
AKS OLCU (BEYKENT)
 62
     0
440
 16777216
370
    -2
100
AcDbLine
 10
2054.11976337144
 20
527.0738602919955
 30
0.0
 11
2054.11976337144
 21
524.2538602919954
 31
0.0
  0
LINE
  5
174D
330
137B
100
AcDbEntity
  8
AKS OLCU (BEYKENT)
 62
     0
440
 16777216
370
    -2
100
AcDbLine
 10
1759.11976337144
 20
524.0738602919955
 30
0.0
 11
2054.11976337144
 21
524.0738602919955
 31
0.0
  0
LINE
  5
174E
330
137B
100
AcDbEntity
  8
AKS OLCU (BEYKENT)
 62
     0
440
 16777216
370
    -2
100
AcDbLine
 10
2051.11976337144
 20
521.0738602919954
 30
0.0
 11
2057.11976337144
 21
527.0738602919955
 31
0.0
  0
LINE
  5
174F
330
137B
100
AcDbEntity
  8
AKS OLCU (BEYKENT)
 62
     0
440
 16777216
370
    -2
100
AcDbLine
 10
1756.11976337144
 20
521.0738602919954
 30
0.0
 11
1762.11976337144
 21
527.0738602919955
 31
0.0
  0
MTEXT
  5
1750
330
137B
100
AcDbEntity
  8
AKS OLCU (BEYKENT)
 62
     7
440
 16777216
100
AcDbMText
 10
1906.61976337144
 20
532.1976567156544
 30
0.0
 40
12.0
 41
0.0
 46
0.0
 71
     5
 72
     1
  1
\A1;295
  7
YAZI (BEYKENT)
 73
     1
 44
1.0
  0
POINT
  5
1751
330
137B
100
AcDbEntity
  8
Defpoints
 62
     0
440
 16777216
100
AcDbPoint
 10
1759.11976337144
 20
524.0738602919955
 30
0.0
  0
POINT
  5
1752
330
137B
100
AcDbEntity
  8
Defpoints
 62
     0
440
 16777216
100
AcDbPoint
 10
2054.11976337144
 20
524.0738602919955
 30
0.0
  0
POINT
  5
1753
330
137B
100
AcDbEntity
  8
Defpoints
 62
     0
440
 16777216
100
AcDbPoint
 10
2054.11976337144
 20
524.0738602919955
 30
0.0
  0
ENDBLK
  5
137D
330
137B
100
AcDbEntity
  8
0
100
AcDbBlockEnd
  0
BLOCK
  5
1388
330
1387
100
AcDbEntity
  8
0
100
AcDbBlockBegin
  2
*D161
 70
     1
 10
0.0
 20
0.0
 30
0.0
  3
*D161
  1

  0
LINE
  5
1754
330
1387
100
AcDbEntity
  8
AKS OLCU (BEYKENT)
 62
     0
440
 16777216
370
    -2
100
AcDbLine
 10
2054.11976337144
 20
527.0738602919955
 30
0.0
 11
2054.11976337144
 21
524.2538602919954
 31
0.0
  0
LINE
  5
1755
330
1387
100
AcDbEntity
  8
AKS OLCU (BEYKENT)
 62
     0
440
 16777216
370
    -2
100
AcDbLine
 10
2414.119863371445
 20
527.0738602919955
 30
0.0
 11
2414.119863371445
 21
524.2538602919954
 31
0.0
  0
LINE
  5
1756
330
1387
100
AcDbEntity
  8
AKS OLCU (BEYKENT)
 62
     0
440
 16777216
370
    -2
100
AcDbLine
 10
2054.11976337144
 20
524.0738602919955
 30
0.0
 11
2414.119863371445
 21
524.0738602919955
 31
0.0
  0
LINE
  5
1757
330
1387
100
AcDbEntity
  8
AKS OLCU (BEYKENT)
 62
     0
440
 16777216
370
    -2
100
AcDbLine
 10
2411.119863371445
 20
521.0738602919954
 30
0.0
 11
2417.119863371445
 21
527.0738602919955
 31
0.0
  0
LINE
  5
1758
330
1387
100
AcDbEntity
  8
AKS OLCU (BEYKENT)
 62
     0
440
 16777216
370
    -2
100
AcDbLine
 10
2051.11976337144
 20
521.0738602919954
 30
0.0
 11
2057.11976337144
 21
527.0738602919955
 31
0.0
  0
MTEXT
  5
1759
330
1387
100
AcDbEntity
  8
AKS OLCU (BEYKENT)
 62
     7
440
 16777216
100
AcDbMText
 10
2234.119813371442
 20
532.1976567156544
 30
0.0
 40
12.0
 41
0.0
 46
0.0
 71
     5
 72
     1
  1
\A1;360
  7
YAZI (BEYKENT)
 73
     1
 44
1.0
  0
POINT
  5
175A
330
1387
100
AcDbEntity
  8
Defpoints
 62
     0
440
 16777216
100
AcDbPoint
 10
2054.11976337144
 20
524.0738602919955
 30
0.0
  0
POINT
  5
175B
330
1387
100
AcDbEntity
  8
Defpoints
 62
     0
440
 16777216
100
AcDbPoint
 10
2414.119863371445
 20
524.0738602919955
 30
0.0
  0
POINT
  5
175C
330
1387
100
AcDbEntity
  8
Defpoints
 62
     0
440
 16777216
100
AcDbPoint
 10
2414.119863371445
 20
524.0738602919955
 30
0.0
  0
ENDBLK
  5
1389
330
1387
100
AcDbEntity
  8
0
100
AcDbBlockEnd
  0
BLOCK
  5
1394
330
1393
100
AcDbEntity
  8
0
100
AcDbBlockBegin
  2
*D162
 70
     1
 10
0.0
 20
0.0
 30
0.0
  3
*D162
  1

  0
LINE
  5
175D
330
1393
100
AcDbEntity
  8
AKS OLCU (BEYKENT)
 62
     0
440
 16777216
370
    -2
100
AcDbLine
 10
2414.119863371445
 20
527.0738602919955
 30
0.0
 11
2414.119863371445
 21
524.2538602919954
 31
0.0
  0
LINE
  5
175E
330
1393
100
AcDbEntity
  8
AKS OLCU (BEYKENT)
 62
     0
440
 16777216
370
    -2
100
AcDbLine
 10
2569.11976337144
 20
527.0738602919955
 30
0.0
 11
2569.11976337144
 21
524.2538602919954
 31
0.0
  0
LINE
  5
175F
330
1393
100
AcDbEntity
  8
AKS OLCU (BEYKENT)
 62
     0
440
 16777216
370
    -2
100
AcDbLine
 10
2414.119863371445
 20
524.0738602919955
 30
0.0
 11
2569.11976337144
 21
524.0738602919955
 31
0.0
  0
LINE
  5
1760
330
1393
100
AcDbEntity
  8
AKS OLCU (BEYKENT)
 62
     0
440
 16777216
370
    -2
100
AcDbLine
 10
2566.11976337144
 20
521.0738602919954
 30
0.0
 11
2572.11976337144
 21
527.0738602919955
 31
0.0
  0
LINE
  5
1761
330
1393
100
AcDbEntity
  8
AKS OLCU (BEYKENT)
 62
     0
440
 16777216
370
    -2
100
AcDbLine
 10
2411.119863371445
 20
521.0738602919954
 30
0.0
 11
2417.119863371445
 21
527.0738602919955
 31
0.0
  0
MTEXT
  5
1762
330
1393
100
AcDbEntity
  8
AKS OLCU (BEYKENT)
 62
     7
440
 16777216
100
AcDbMText
 10
2491.619813371443
 20
532.1357585038249
 30
0.0
 40
12.0
 41
0.0
 46
0.0
 71
     5
 72
     1
  1
\A1;155
  7
YAZI (BEYKENT)
 73
     1
 44
1.0
  0
POINT
  5
1763
330
1393
100
AcDbEntity
  8
Defpoints
 62
     0
440
 16777216
100
AcDbPoint
 10
2414.119863371445
 20
524.0738602919955
 30
0.0
  0
POINT
  5
1764
330
1393
100
AcDbEntity
  8
Defpoints
 62
     0
440
 16777216
100
AcDbPoint
 10
2569.11976337144
 20
524.0738602919955
 30
0.0
  0
POINT
  5
1765
330
1393
100
AcDbEntity
  8
Defpoints
 62
     0
440
 16777216
100
AcDbPoint
 10
2569.11976337144
 20
524.0738602919955
 30
0.0
  0
ENDBLK
  5
1395
330
1393
100
AcDbEntity
  8
0
100
AcDbBlockEnd
  0
BLOCK
  5
13A0
330
139F
100
AcDbEntity
  8
0
100
AcDbBlockBegin
  2
*D163
 70
     1
 10
0.0
 20
0.0
 30
0.0
  3
*D163
  1

  0
LINE
  5
1766
330
139F
100
AcDbEntity
  8
AKS OLCU (BEYKENT)
 62
     0
440
 16777216
370
    -2
100
AcDbLine
 10
2569.11976337144
 20
527.0738602919955
 30
0.0
 11
2569.11976337144
 21
524.2538602919954
 31
0.0
  0
LINE
  5
1767
330
139F
100
AcDbEntity
  8
AKS OLCU (BEYKENT)
 62
     0
440
 16777216
370
    -2
100
AcDbLine
 10
2984.11976337144
 20
527.0738602919955
 30
0.0
 11
2984.11976337144
 21
524.2538602919954
 31
0.0
  0
LINE
  5
1768
330
139F
100
AcDbEntity
  8
AKS OLCU (BEYKENT)
 62
     0
440
 16777216
370
    -2
100
AcDbLine
 10
2569.11976337144
 20
524.0738602919955
 30
0.0
 11
2984.11976337144
 21
524.0738602919955
 31
0.0
  0
LINE
  5
1769
330
139F
100
AcDbEntity
  8
AKS OLCU (BEYKENT)
 62
     0
440
 16777216
370
    -2
100
AcDbLine
 10
2981.11976337144
 20
521.0738602919954
 30
0.0
 11
2987.11976337144
 21
527.0738602919955
 31
0.0
  0
LINE
  5
176A
330
139F
100
AcDbEntity
  8
AKS OLCU (BEYKENT)
 62
     0
440
 16777216
370
    -2
100
AcDbLine
 10
2566.11976337144
 20
521.0738602919954
 30
0.0
 11
2572.11976337144
 21
527.0738602919955
 31
0.0
  0
MTEXT
  5
176B
330
139F
100
AcDbEntity
  8
AKS OLCU (BEYKENT)
 62
     7
440
 16777216
100
AcDbMText
 10
2776.61976337144
 20
532.1357585038249
 30
0.0
 40
12.0
 41
0.0
 46
0.0
 71
     5
 72
     1
  1
\A1;415
  7
YAZI (BEYKENT)
 73
     1
 44
1.0
  0
POINT
  5
176C
330
139F
100
AcDbEntity
  8
Defpoints
 62
     0
440
 16777216
100
AcDbPoint
 10
2569.11976337144
 20
524.0738602919955
 30
0.0
  0
POINT
  5
176D
330
139F
100
AcDbEntity
  8
Defpoints
 62
     0
440
 16777216
100
AcDbPoint
 10
2984.11976337144
 20
524.0738602919955
 30
0.0
  0
POINT
  5
176E
330
139F
100
AcDbEntity
  8
Defpoints
 62
     0
440
 16777216
100
AcDbPoint
 10
2984.11976337144
 20
524.0738602919955
 30
0.0
  0
ENDBLK
  5
13A1
330
139F
100
AcDbEntity
  8
0
100
AcDbBlockEnd
  0
BLOCK
  5
13AC
330
13AB
100
AcDbEntity
  8
0
100
AcDbBlockBegin
  2
*D164
 70
     1
 10
0.0
 20
0.0
 30
0.0
  3
*D164
  1

  0
LINE
  5
176F
330
13AB
100
AcDbEntity
  8
AKS OLCU (BEYKENT)
 62
     0
440
 16777216
370
    -2
100
AcDbLine
 10
2984.11976337144
 20
527.0738602919955
 30
0.0
 11
2984.11976337144
 21
524.2538602919954
 31
0.0
  0
LINE
  5
1770
330
13AB
100
AcDbEntity
  8
AKS OLCU (BEYKENT)
 62
     0
440
 16777216
370
    -2
100
AcDbLine
 10
3234.11976337144
 20
527.0738602919955
 30
0.0
 11
3234.11976337144
 21
524.2538602919954
 31
0.0
  0
LINE
  5
1771
330
13AB
100
AcDbEntity
  8
AKS OLCU (BEYKENT)
 62
     0
440
 16777216
370
    -2
100
AcDbLine
 10
2984.11976337144
 20
524.0738602919955
 30
0.0
 11
3234.11976337144
 21
524.0738602919955
 31
0.0
  0
LINE
  5
1772
330
13AB
100
AcDbEntity
  8
AKS OLCU (BEYKENT)
 62
     0
440
 16777216
370
    -2
100
AcDbLine
 10
3231.11976337144
 20
521.0738602919954
 30
0.0
 11
3237.119763371441
 21
527.0738602919955
 31
0.0
  0
LINE
  5
1773
330
13AB
100
AcDbEntity
  8
AKS OLCU (BEYKENT)
 62
     0
440
 16777216
370
    -2
100
AcDbLine
 10
2981.11976337144
 20
521.0738602919954
 30
0.0
 11
2987.11976337144
 21
527.0738602919955
 31
0.0
  0
MTEXT
  5
1774
330
13AB
100
AcDbEntity
  8
AKS OLCU (BEYKENT)
 62
     7
440
 16777216
100
AcDbMText
 10
3109.11976337144
 20
532.1976567156544
 30
0.0
 40
12.0
 41
0.0
 46
0.0
 71
     5
 72
     1
  1
\A1;250
  7
YAZI (BEYKENT)
 73
     1
 44
1.0
  0
POINT
  5
1775
330
13AB
100
AcDbEntity
  8
Defpoints
 62
     0
440
 16777216
100
AcDbPoint
 10
2984.11976337144
 20
524.0738602919955
 30
0.0
  0
POINT
  5
1776
330
13AB
100
AcDbEntity
  8
Defpoints
 62
     0
440
 16777216
100
AcDbPoint
 10
3234.11976337144
 20
524.0738602919955
 30
0.0
  0
POINT
  5
1777
330
13AB
100
AcDbEntity
  8
Defpoints
 62
     0
440
 16777216
100
AcDbPoint
 10
3234.11976337144
 20
524.0738602919955
 30
0.0
  0
ENDBLK
  5
13AD
330
13AB
100
AcDbEntity
  8
0
100
AcDbBlockEnd
  0
BLOCK
  5
13B8
330
13B7
100
AcDbEntity
  8
0
100
AcDbBlockBegin
  2
*D165
 70
     1
 10
0.0
 20
0.0
 30
0.0
  3
*D165
  1

  0
LINE
  5
1778
330
13B7
100
AcDbEntity
  8
AKS OLCU (BEYKENT)
 62
     0
440
 16777216
370
    -2
100
AcDbLine
 10
3234.11976337144
 20
527.0738602919955
 30
0.0
 11
3234.11976337144
 21
524.2538602919954
 31
0.0
  0
LINE
  5
1779
330
13B7
100
AcDbEntity
  8
AKS OLCU (BEYKENT)
 62
     0
440
 16777216
370
    -2
100
AcDbLine
 10
3379.11976337144
 20
527.0738602919955
 30
0.0
 11
3379.11976337144
 21
524.2538602919954
 31
0.0
  0
LINE
  5
177A
330
13B7
100
AcDbEntity
  8
AKS OLCU (BEYKENT)
 62
     0
440
 16777216
370
    -2
100
AcDbLine
 10
3234.11976337144
 20
524.0738602919955
 30
0.0
 11
3379.11976337144
 21
524.0738602919955
 31
0.0
  0
LINE
  5
177B
330
13B7
100
AcDbEntity
  8
AKS OLCU (BEYKENT)
 62
     0
440
 16777216
370
    -2
100
AcDbLine
 10
3376.11976337144
 20
521.0738602919954
 30
0.0
 11
3382.11976337144
 21
527.0738602919955
 31
0.0
  0
LINE
  5
177C
330
13B7
100
AcDbEntity
  8
AKS OLCU (BEYKENT)
 62
     0
440
 16777216
370
    -2
100
AcDbLine
 10
3231.11976337144
 20
521.0738602919954
 30
0.0
 11
3237.119763371441
 21
527.0738602919955
 31
0.0
  0
MTEXT
  5
177D
330
13B7
100
AcDbEntity
  8
AKS OLCU (BEYKENT)
 62
     7
440
 16777216
100
AcDbMText
 10
3306.61976337144
 20
532.1357585038249
 30
0.0
 40
12.0
 41
0.0
 46
0.0
 71
     5
 72
     1
  1
\A1;145
  7
YAZI (BEYKENT)
 73
     1
 44
1.0
  0
POINT
  5
177E
330
13B7
100
AcDbEntity
  8
Defpoints
 62
     0
440
 16777216
100
AcDbPoint
 10
3234.11976337144
 20
524.0738602919955
 30
0.0
  0
POINT
  5
177F
330
13B7
100
AcDbEntity
  8
Defpoints
 62
     0
440
 16777216
100
AcDbPoint
 10
3379.11976337144
 20
524.0738602919955
 30
0.0
  0
POINT
  5
1780
330
13B7
100
AcDbEntity
  8
Defpoints
 62
     0
440
 16777216
100
AcDbPoint
 10
3379.11976337144
 20
524.0738602919955
 30
0.0
  0
ENDBLK
  5
13B9
330
13B7
100
AcDbEntity
  8
0
100
AcDbBlockEnd
  0
BLOCK
  5
13C4
330
13C3
100
AcDbEntity
  8
0
100
AcDbBlockBegin
  2
*D166
 70
     1
 10
0.0
 20
0.0
 30
0.0
  3
*D166
  1

  0
LINE
  5
1781
330
13C3
100
AcDbEntity
  8
AKS OLCU (BEYKENT)
 62
     0
440
 16777216
370
    -2
100
AcDbLine
 10
3379.11976337144
 20
527.0738602919955
 30
0.0
 11
3379.11976337144
 21
524.2538602919954
 31
0.0
  0
LINE
  5
1782
330
13C3
100
AcDbEntity
  8
AKS OLCU (BEYKENT)
 62
     0
440
 16777216
370
    -2
100
AcDbLine
 10
3484.11976337144
 20
527.0738602919955
 30
0.0
 11
3484.11976337144
 21
524.2538602919954
 31
0.0
  0
LINE
  5
1783
330
13C3
100
AcDbEntity
  8
AKS OLCU (BEYKENT)
 62
     0
440
 16777216
370
    -2
100
AcDbLine
 10
3379.11976337144
 20
524.0738602919955
 30
0.0
 11
3484.11976337144
 21
524.0738602919955
 31
0.0
  0
LINE
  5
1784
330
13C3
100
AcDbEntity
  8
AKS OLCU (BEYKENT)
 62
     0
440
 16777216
370
    -2
100
AcDbLine
 10
3481.11976337144
 20
521.0738602919954
 30
0.0
 11
3487.119763371441
 21
527.0738602919955
 31
0.0
  0
LINE
  5
1785
330
13C3
100
AcDbEntity
  8
AKS OLCU (BEYKENT)
 62
     0
440
 16777216
370
    -2
100
AcDbLine
 10
3376.11976337144
 20
521.0738602919954
 30
0.0
 11
3382.11976337144
 21
527.0738602919955
 31
0.0
  0
MTEXT
  5
1786
330
13C3
100
AcDbEntity
  8
AKS OLCU (BEYKENT)
 62
     7
440
 16777216
100
AcDbMText
 10
3431.61976337144
 20
532.1976567156544
 30
0.0
 40
12.0
 41
0.0
 46
0.0
 71
     5
 72
     1
  1
\A1;105
  7
YAZI (BEYKENT)
 73
     1
 44
1.0
  0
POINT
  5
1787
330
13C3
100
AcDbEntity
  8
Defpoints
 62
     0
440
 16777216
100
AcDbPoint
 10
3379.11976337144
 20
524.0738602919955
 30
0.0
  0
POINT
  5
1788
330
13C3
100
AcDbEntity
  8
Defpoints
 62
     0
440
 16777216
100
AcDbPoint
 10
3484.11976337144
 20
524.0738602919955
 30
0.0
  0
POINT
  5
1789
330
13C3
100
AcDbEntity
  8
Defpoints
 62
     0
440
 16777216
100
AcDbPoint
 10
3484.11976337144
 20
524.0738602919955
 30
0.0
  0
ENDBLK
  5
13C5
330
13C3
100
AcDbEntity
  8
0
100
AcDbBlockEnd
  0
BLOCK
  5
13D0
330
13CF
100
AcDbEntity
  8
0
100
AcDbBlockBegin
  2
*D167
 70
     1
 10
0.0
 20
0.0
 30
0.0
  3
*D167
  1

  0
LINE
  5
178A
330
13CF
100
AcDbEntity
  8
AKS OLCU (BEYKENT)
 62
     0
440
 16777216
370
    -2
100
AcDbLine
 10
3484.11976337144
 20
527.0738602919955
 30
0.0
 11
3484.11976337144
 21
524.2538602919954
 31
0.0
  0
LINE
  5
178B
330
13CF
100
AcDbEntity
  8
AKS OLCU (BEYKENT)
 62
     0
440
 16777216
370
    -2
100
AcDbLine
 10
3559.11976337144
 20
527.0738602919955
 30
0.0
 11
3559.11976337144
 21
524.2538602919954
 31
0.0
  0
LINE
  5
178C
330
13CF
100
AcDbEntity
  8
AKS OLCU (BEYKENT)
 62
     0
440
 16777216
370
    -2
100
AcDbLine
 10
3484.11976337144
 20
524.0738602919955
 30
0.0
 11
3559.11976337144
 21
524.0738602919955
 31
0.0
  0
LINE
  5
178D
330
13CF
100
AcDbEntity
  8
AKS OLCU (BEYKENT)
 62
     0
440
 16777216
370
    -2
100
AcDbLine
 10
3556.11976337144
 20
521.0738602919954
 30
0.0
 11
3562.11976337144
 21
527.0738602919955
 31
0.0
  0
LINE
  5
178E
330
13CF
100
AcDbEntity
  8
AKS OLCU (BEYKENT)
 62
     0
440
 16777216
370
    -2
100
AcDbLine
 10
3481.11976337144
 20
521.0738602919954
 30
0.0
 11
3487.119763371441
 21
527.0738602919955
 31
0.0
  0
MTEXT
  5
178F
330
13CF
100
AcDbEntity
  8
AKS OLCU (BEYKENT)
 62
     7
440
 16777216
100
AcDbMText
 10
3521.61976337144
 20
532.1357585038249
 30
0.0
 40
12.0
 41
0.0
 46
0.0
 71
     5
 72
     1
  1
\A1;75
  7
YAZI (BEYKENT)
 73
     1
 44
1.0
  0
POINT
  5
1790
330
13CF
100
AcDbEntity
  8
Defpoints
 62
     0
440
 16777216
100
AcDbPoint
 10
3484.11976337144
 20
524.0738602919955
 30
0.0
  0
POINT
  5
1791
330
13CF
100
AcDbEntity
  8
Defpoints
 62
     0
440
 16777216
100
AcDbPoint
 10
3559.11976337144
 20
524.0738602919955
 30
0.0
  0
POINT
  5
1792
330
13CF
100
AcDbEntity
  8
Defpoints
 62
     0
440
 16777216
100
AcDbPoint
 10
3559.11976337144
 20
524.0738602919955
 30
0.0
  0
ENDBLK
  5
13D1
330
13CF
100
AcDbEntity
  8
0
100
AcDbBlockEnd
  0
BLOCK
  5
13DC
330
13DB
100
AcDbEntity
  8
0
100
AcDbBlockBegin
  2
*D168
 70
     1
 10
0.0
 20
0.0
 30
0.0
  3
*D168
  1

  0
LINE
  5
1793
330
13DB
100
AcDbEntity
  8
AKS OLCU (BEYKENT)
 62
     0
440
 16777216
370
    -2
100
AcDbLine
 10
3559.11976337144
 20
527.0738602919955
 30
0.0
 11
3559.11976337144
 21
524.2538602919954
 31
0.0
  0
LINE
  5
1794
330
13DB
100
AcDbEntity
  8
AKS OLCU (BEYKENT)
 62
     0
440
 16777216
370
    -2
100
AcDbLine
 10
3894.11976337144
 20
527.0738602919955
 30
0.0
 11
3894.11976337144
 21
524.2538602919954
 31
0.0
  0
LINE
  5
1795
330
13DB
100
AcDbEntity
  8
AKS OLCU (BEYKENT)
 62
     0
440
 16777216
370
    -2
100
AcDbLine
 10
3559.11976337144
 20
524.0738602919955
 30
0.0
 11
3894.11976337144
 21
524.0738602919955
 31
0.0
  0
LINE
  5
1796
330
13DB
100
AcDbEntity
  8
AKS OLCU (BEYKENT)
 62
     0
440
 16777216
370
    -2
100
AcDbLine
 10
3891.11976337144
 20
521.0738602919954
 30
0.0
 11
3897.119763371441
 21
527.0738602919955
 31
0.0
  0
LINE
  5
1797
330
13DB
100
AcDbEntity
  8
AKS OLCU (BEYKENT)
 62
     0
440
 16777216
370
    -2
100
AcDbLine
 10
3556.11976337144
 20
521.0738602919954
 30
0.0
 11
3562.11976337144
 21
527.0738602919955
 31
0.0
  0
MTEXT
  5
1798
330
13DB
100
AcDbEntity
  8
AKS OLCU (BEYKENT)
 62
     7
440
 16777216
100
AcDbMText
 10
3726.61976337144
 20
532.1976567156544
 30
0.0
 40
12.0
 41
0.0
 46
0.0
 71
     5
 72
     1
  1
\A1;335
  7
YAZI (BEYKENT)
 73
     1
 44
1.0
  0
POINT
  5
1799
330
13DB
100
AcDbEntity
  8
Defpoints
 62
     0
440
 16777216
100
AcDbPoint
 10
3559.11976337144
 20
524.0738602919955
 30
0.0
  0
POINT
  5
179A
330
13DB
100
AcDbEntity
  8
Defpoints
 62
     0
440
 16777216
100
AcDbPoint
 10
3894.11976337144
 20
524.0738602919955
 30
0.0
  0
POINT
  5
179B
330
13DB
100
AcDbEntity
  8
Defpoints
 62
     0
440
 16777216
100
AcDbPoint
 10
3894.11976337144
 20
524.0738602919955
 30
0.0
  0
ENDBLK
  5
13DD
330
13DB
100
AcDbEntity
  8
0
100
AcDbBlockEnd
  0
BLOCK
  5
13E8
330
13E7
100
AcDbEntity
  8
0
100
AcDbBlockBegin
  2
*D169
 70
     1
 10
0.0
 20
0.0
 30
0.0
  3
*D169
  1

  0
LINE
  5
179C
330
13E7
100
AcDbEntity
  8
AKS OLCU (BEYKENT)
 62
     0
440
 16777216
370
    -2
100
AcDbLine
 10
3894.11976337144
 20
527.0738602919955
 30
0.0
 11
3894.11976337144
 21
524.2538602919954
 31
0.0
  0
LINE
  5
179D
330
13E7
100
AcDbEntity
  8
AKS OLCU (BEYKENT)
 62
     0
440
 16777216
370
    -2
100
AcDbLine
 10
4189.119763371439
 20
527.0738602919955
 30
0.0
 11
4189.119763371439
 21
524.2538602919954
 31
0.0
  0
LINE
  5
179E
330
13E7
100
AcDbEntity
  8
AKS OLCU (BEYKENT)
 62
     0
440
 16777216
370
    -2
100
AcDbLine
 10
3894.11976337144
 20
524.0738602919955
 30
0.0
 11
4189.119763371439
 21
524.0738602919955
 31
0.0
  0
LINE
  5
179F
330
13E7
100
AcDbEntity
  8
AKS OLCU (BEYKENT)
 62
     0
440
 16777216
370
    -2
100
AcDbLine
 10
4186.11976337144
 20
521.0738602919954
 30
0.0
 11
4192.119763371439
 21
527.0738602919955
 31
0.0
  0
LINE
  5
17A0
330
13E7
100
AcDbEntity
  8
AKS OLCU (BEYKENT)
 62
     0
440
 16777216
370
    -2
100
AcDbLine
 10
3891.11976337144
 20
521.0738602919954
 30
0.0
 11
3897.119763371441
 21
527.0738602919955
 31
0.0
  0
MTEXT
  5
17A1
330
13E7
100
AcDbEntity
  8
AKS OLCU (BEYKENT)
 62
     7
440
 16777216
100
AcDbMText
 10
4041.61976337144
 20
532.1976567156544
 30
0.0
 40
12.0
 41
0.0
 46
0.0
 71
     5
 72
     1
  1
\A1;295
  7
YAZI (BEYKENT)
 73
     1
 44
1.0
  0
POINT
  5
17A2
330
13E7
100
AcDbEntity
  8
Defpoints
 62
     0
440
 16777216
100
AcDbPoint
 10
3894.11976337144
 20
524.0738602919955
 30
0.0
  0
POINT
  5
17A3
330
13E7
100
AcDbEntity
  8
Defpoints
 62
     0
440
 16777216
100
AcDbPoint
 10
4189.119763371439
 20
524.0738602919955
 30
0.0
  0
POINT
  5
17A4
330
13E7
100
AcDbEntity
  8
Defpoints
 62
     0
440
 16777216
100
AcDbPoint
 10
4189.119763371439
 20
524.0738602919955
 30
0.0
  0
ENDBLK
  5
13E9
330
13E7
100
AcDbEntity
  8
0
100
AcDbBlockEnd
  0
BLOCK
  5
13F4
330
13F3
100
AcDbEntity
  8
0
100
AcDbBlockBegin
  2
*D170
 70
     1
 10
0.0
 20
0.0
 30
0.0
  3
*D170
  1

  0
LINE
  5
17A5
330
13F3
100
AcDbEntity
  8
AKS OLCU (BEYKENT)
 62
     0
440
 16777216
370
    -2
100
AcDbLine
 10
1597.119763371412
 20
719.0739602919968
 30
0.0
 11
1594.299763372052
 21
719.0739602919968
 31
0.0
  0
LINE
  5
17A6
330
13F3
100
AcDbEntity
  8
AKS OLCU (BEYKENT)
 62
     0
440
 16777216
370
    -2
100
AcDbLine
 10
1597.119763371412
 20
2299.073960291998
 30
0.0
 11
1594.299763372052
 21
2299.073960291998
 31
0.0
  0
LINE
  5
17A7
330
13F3
100
AcDbEntity
  8
AKS OLCU (BEYKENT)
 62
     0
440
 16777216
370
    -2
100
AcDbLine
 10
1594.119763372052
 20
719.0739602919968
 30
0.0
 11
1594.119763372052
 21
2299.073960291998
 31
0.0
  0
LINE
  5
17A8
330
13F3
100
AcDbEntity
  8
AKS OLCU (BEYKENT)
 62
     0
440
 16777216
370
    -2
100
AcDbLine
 10
1597.119763372052
 20
2296.073960291998
 30
0.0
 11
1591.119763372052
 21
2302.073960291997
 31
0.0
  0
LINE
  5
17A9
330
13F3
100
AcDbEntity
  8
AKS OLCU (BEYKENT)
 62
     0
440
 16777216
370
    -2
100
AcDbLine
 10
1597.119763372052
 20
716.0739602919968
 30
0.0
 11
1591.119763372052
 21
722.0739602919969
 31
0.0
  0
MTEXT
  5
17AA
330
13F3
100
AcDbEntity
  8
AKS OLCU (BEYKENT)
 62
     7
440
 16777216
100
AcDbMText
 10
1585.995966948393
 20
1509.073960291997
 30
0.0
 40
12.0
 41
0.0
 46
0.0
 71
     5
 72
     1
  1
\A1;1580
  7
YAZI (BEYKENT)
 11
0.0000000000000001
 21
1.0
 31
0.0
 73
     1
 44
1.0
  0
POINT
  5
17AB
330
13F3
100
AcDbEntity
  8
Defpoints
 62
     0
440
 16777216
100
AcDbPoint
 10
1594.119763371412
 20
719.0739602919968
 30
0.0
  0
POINT
  5
17AC
330
13F3
100
AcDbEntity
  8
Defpoints
 62
     0
440
 16777216
100
AcDbPoint
 10
1594.119763371412
 20
2299.073960291998
 30
0.0
  0
POINT
  5
17AD
330
13F3
100
AcDbEntity
  8
Defpoints
 62
     0
440
 16777216
100
AcDbPoint
 10
1594.119763372052
 20
2299.073960291998
 30
0.0
  0
ENDBLK
  5
13F5
330
13F3
100
AcDbEntity
  8
0
100
AcDbBlockEnd
  0
BLOCK
  5
1400
330
13FF
100
AcDbEntity
  8
0
100
AcDbBlockBegin
  2
*D171
 70
     1
 10
0.0
 20
0.0
 30
0.0
  3
*D171
  1

  0
LINE
  5
17AE
330
13FF
100
AcDbEntity
  8
AKS OLCU (BEYKENT)
 62
     0
440
 16777216
370
    -2
100
AcDbLine
 10
1617.119763371412
 20
719.0739602919968
 30
0.0
 11
1614.299763372052
 21
719.0739602919968
 31
0.0
  0
LINE
  5
17AF
330
13FF
100
AcDbEntity
  8
AKS OLCU (BEYKENT)
 62
     0
440
 16777216
370
    -2
100
AcDbLine
 10
1617.119763371412
 20
869.073960291997
 30
0.0
 11
1614.299763372052
 21
869.073960291997
 31
0.0
  0
LINE
  5
17B0
330
13FF
100
AcDbEntity
  8
AKS OLCU (BEYKENT)
 62
     0
440
 16777216
370
    -2
100
AcDbLine
 10
1614.119763372052
 20
719.0739602919968
 30
0.0
 11
1614.119763372052
 21
869.073960291997
 31
0.0
  0
LINE
  5
17B1
330
13FF
100
AcDbEntity
  8
AKS OLCU (BEYKENT)
 62
     0
440
 16777216
370
    -2
100
AcDbLine
 10
1617.119763372052
 20
866.0739602919971
 30
0.0
 11
1611.119763372052
 21
872.0739602919971
 31
0.0
  0
LINE
  5
17B2
330
13FF
100
AcDbEntity
  8
AKS OLCU (BEYKENT)
 62
     0
440
 16777216
370
    -2
100
AcDbLine
 10
1617.119763372052
 20
716.0739602919968
 30
0.0
 11
1611.119763372052
 21
722.0739602919969
 31
0.0
  0
MTEXT
  5
17B3
330
13FF
100
AcDbEntity
  8
AKS OLCU (BEYKENT)
 62
     7
440
 16777216
100
AcDbMText
 10
1605.995966948393
 20
794.0739602919962
 30
0.0
 40
12.0
 41
0.0
 46
0.0
 71
     5
 72
     1
  1
\A1;150
  7
YAZI (BEYKENT)
 11
0.0000000000000001
 21
1.0
 31
0.0
 73
     1
 44
1.0
  0
POINT
  5
17B4
330
13FF
100
AcDbEntity
  8
Defpoints
 62
     0
440
 16777216
100
AcDbPoint
 10
1614.119763371412
 20
719.0739602919968
 30
0.0
  0
POINT
  5
17B5
330
13FF
100
AcDbEntity
  8
Defpoints
 62
     0
440
 16777216
100
AcDbPoint
 10
1614.119763371412
 20
869.073960291997
 30
0.0
  0
POINT
  5
17B6
330
13FF
100
AcDbEntity
  8
Defpoints
 62
     0
440
 16777216
100
AcDbPoint
 10
1614.119763372052
 20
869.073960291997
 30
0.0
  0
ENDBLK
  5
1401
330
13FF
100
AcDbEntity
  8
0
100
AcDbBlockEnd
  0
BLOCK
  5
140C
330
140B
100
AcDbEntity
  8
0
100
AcDbBlockBegin
  2
*D172
 70
     1
 10
0.0
 20
0.0
 30
0.0
  3
*D172
  1

  0
LINE
  5
17B7
330
140B
100
AcDbEntity
  8
AKS OLCU (BEYKENT)
 62
     0
440
 16777216
370
    -2
100
AcDbLine
 10
1617.119763371412
 20
869.073960291997
 30
0.0
 11
1614.299763372052
 21
869.073960291997
 31
0.0
  0
LINE
  5
17B8
330
140B
100
AcDbEntity
  8
AKS OLCU (BEYKENT)
 62
     0
440
 16777216
370
    -2
100
AcDbLine
 10
1617.119763371412
 20
1083.073960291997
 30
0.0
 11
1614.299763372052
 21
1083.073960291997
 31
0.0
  0
LINE
  5
17B9
330
140B
100
AcDbEntity
  8
AKS OLCU (BEYKENT)
 62
     0
440
 16777216
370
    -2
100
AcDbLine
 10
1614.119763372052
 20
869.073960291997
 30
0.0
 11
1614.119763372052
 21
1083.073960291997
 31
0.0
  0
LINE
  5
17BA
330
140B
100
AcDbEntity
  8
AKS OLCU (BEYKENT)
 62
     0
440
 16777216
370
    -2
100
AcDbLine
 10
1617.119763372052
 20
1080.073960291997
 30
0.0
 11
1611.119763372052
 21
1086.073960291997
 31
0.0
  0
LINE
  5
17BB
330
140B
100
AcDbEntity
  8
AKS OLCU (BEYKENT)
 62
     0
440
 16777216
370
    -2
100
AcDbLine
 10
1617.119763372052
 20
866.0739602919971
 30
0.0
 11
1611.119763372052
 21
872.0739602919971
 31
0.0
  0
MTEXT
  5
17BC
330
140B
100
AcDbEntity
  8
AKS OLCU (BEYKENT)
 62
     7
440
 16777216
100
AcDbMText
 10
1606.053738612767
 20
976.0739602919963
 30
0.0
 40
12.0
 41
0.0
 46
0.0
 71
     5
 72
     1
  1
\A1;214
  7
YAZI (BEYKENT)
 11
0.0000000000000001
 21
1.0
 31
0.0
 73
     1
 44
1.0
  0
POINT
  5
17BD
330
140B
100
AcDbEntity
  8
Defpoints
 62
     0
440
 16777216
100
AcDbPoint
 10
1614.119763371412
 20
869.073960291997
 30
0.0
  0
POINT
  5
17BE
330
140B
100
AcDbEntity
  8
Defpoints
 62
     0
440
 16777216
100
AcDbPoint
 10
1614.119763371412
 20
1083.073960291997
 30
0.0
  0
POINT
  5
17BF
330
140B
100
AcDbEntity
  8
Defpoints
 62
     0
440
 16777216
100
AcDbPoint
 10
1614.119763372052
 20
1083.073960291997
 30
0.0
  0
ENDBLK
  5
140D
330
140B
100
AcDbEntity
  8
0
100
AcDbBlockEnd
  0
BLOCK
  5
1418
330
1417
100
AcDbEntity
  8
0
100
AcDbBlockBegin
  2
*D173
 70
     1
 10
0.0
 20
0.0
 30
0.0
  3
*D173
  1

  0
LINE
  5
17C0
330
1417
100
AcDbEntity
  8
AKS OLCU (BEYKENT)
 62
     0
440
 16777216
370
    -2
100
AcDbLine
 10
1617.119763371412
 20
1083.073960291997
 30
0.0
 11
1614.299763372052
 21
1083.073960291997
 31
0.0
  0
LINE
  5
17C1
330
1417
100
AcDbEntity
  8
AKS OLCU (BEYKENT)
 62
     0
440
 16777216
370
    -2
100
AcDbLine
 10
1617.119763371412
 20
1219.073960291997
 30
0.0
 11
1614.299763372052
 21
1219.073960291997
 31
0.0
  0
LINE
  5
17C2
330
1417
100
AcDbEntity
  8
AKS OLCU (BEYKENT)
 62
     0
440
 16777216
370
    -2
100
AcDbLine
 10
1614.119763372052
 20
1083.073960291997
 30
0.0
 11
1614.119763372052
 21
1219.073960291997
 31
0.0
  0
LINE
  5
17C3
330
1417
100
AcDbEntity
  8
AKS OLCU (BEYKENT)
 62
     0
440
 16777216
370
    -2
100
AcDbLine
 10
1617.119763372052
 20
1216.073960291997
 30
0.0
 11
1611.119763372052
 21
1222.073960291997
 31
0.0
  0
LINE
  5
17C4
330
1417
100
AcDbEntity
  8
AKS OLCU (BEYKENT)
 62
     0
440
 16777216
370
    -2
100
AcDbLine
 10
1617.119763372052
 20
1080.073960291997
 30
0.0
 11
1611.119763372052
 21
1086.073960291997
 31
0.0
  0
MTEXT
  5
17C5
330
1417
100
AcDbEntity
  8
AKS OLCU (BEYKENT)
 62
     7
440
 16777216
100
AcDbMText
 10
1605.995966948393
 20
1151.073960291996
 30
0.0
 40
12.0
 41
0.0
 46
0.0
 71
     5
 72
     1
  1
\A1;136
  7
YAZI (BEYKENT)
 11
0.0000000000000001
 21
1.0
 31
0.0
 73
     1
 44
1.0
  0
POINT
  5
17C6
330
1417
100
AcDbEntity
  8
Defpoints
 62
     0
440
 16777216
100
AcDbPoint
 10
1614.119763371412
 20
1083.073960291997
 30
0.0
  0
POINT
  5
17C7
330
1417
100
AcDbEntity
  8
Defpoints
 62
     0
440
 16777216
100
AcDbPoint
 10
1614.119763371412
 20
1219.073960291997
 30
0.0
  0
POINT
  5
17C8
330
1417
100
AcDbEntity
  8
Defpoints
 62
     0
440
 16777216
100
AcDbPoint
 10
1614.119763372052
 20
1219.073960291997
 30
0.0
  0
ENDBLK
  5
1419
330
1417
100
AcDbEntity
  8
0
100
AcDbBlockEnd
  0
BLOCK
  5
1424
330
1423
100
AcDbEntity
  8
0
100
AcDbBlockBegin
  2
*D174
 70
     1
 10
0.0
 20
0.0
 30
0.0
  3
*D174
  1

  0
LINE
  5
17C9
330
1423
100
AcDbEntity
  8
AKS OLCU (BEYKENT)
 62
     0
440
 16777216
370
    -2
100
AcDbLine
 10
1617.119763371412
 20
1219.073960291997
 30
0.0
 11
1614.299763372052
 21
1219.073960291997
 31
0.0
  0
LINE
  5
17CA
330
1423
100
AcDbEntity
  8
AKS OLCU (BEYKENT)
 62
     0
440
 16777216
370
    -2
100
AcDbLine
 10
1617.119763371412
 20
1349.073960291997
 30
0.0
 11
1614.299763372052
 21
1349.073960291997
 31
0.0
  0
LINE
  5
17CB
330
1423
100
AcDbEntity
  8
AKS OLCU (BEYKENT)
 62
     0
440
 16777216
370
    -2
100
AcDbLine
 10
1614.119763372052
 20
1219.073960291997
 30
0.0
 11
1614.119763372052
 21
1349.073960291997
 31
0.0
  0
LINE
  5
17CC
330
1423
100
AcDbEntity
  8
AKS OLCU (BEYKENT)
 62
     0
440
 16777216
370
    -2
100
AcDbLine
 10
1617.119763372052
 20
1346.073960291997
 30
0.0
 11
1611.119763372052
 21
1352.073960291997
 31
0.0
  0
LINE
  5
17CD
330
1423
100
AcDbEntity
  8
AKS OLCU (BEYKENT)
 62
     0
440
 16777216
370
    -2
100
AcDbLine
 10
1617.119763372052
 20
1216.073960291997
 30
0.0
 11
1611.119763372052
 21
1222.073960291997
 31
0.0
  0
MTEXT
  5
17CE
330
1423
100
AcDbEntity
  8
AKS OLCU (BEYKENT)
 62
     7
440
 16777216
100
AcDbMText
 10
1605.995966948393
 20
1284.073960291996
 30
0.0
 40
12.0
 41
0.0
 46
0.0
 71
     5
 72
     1
  1
\A1;130
  7
YAZI (BEYKENT)
 11
0.0000000000000001
 21
1.0
 31
0.0
 73
     1
 44
1.0
  0
POINT
  5
17CF
330
1423
100
AcDbEntity
  8
Defpoints
 62
     0
440
 16777216
100
AcDbPoint
 10
1614.119763371412
 20
1219.073960291997
 30
0.0
  0
POINT
  5
17D0
330
1423
100
AcDbEntity
  8
Defpoints
 62
     0
440
 16777216
100
AcDbPoint
 10
1614.119763371412
 20
1349.073960291997
 30
0.0
  0
POINT
  5
17D1
330
1423
100
AcDbEntity
  8
Defpoints
 62
     0
440
 16777216
100
AcDbPoint
 10
1614.119763372052
 20
1349.073960291997
 30
0.0
  0
ENDBLK
  5
1425
330
1423
100
AcDbEntity
  8
0
100
AcDbBlockEnd
  0
BLOCK
  5
1430
330
142F
100
AcDbEntity
  8
0
100
AcDbBlockBegin
  2
*D175
 70
     1
 10
0.0
 20
0.0
 30
0.0
  3
*D175
  1

  0
LINE
  5
17D2
330
142F
100
AcDbEntity
  8
AKS OLCU (BEYKENT)
 62
     0
440
 16777216
370
    -2
100
AcDbLine
 10
1617.119763371412
 20
1349.073960291997
 30
0.0
 11
1614.299763372052
 21
1349.073960291997
 31
0.0
  0
LINE
  5
17D3
330
142F
100
AcDbEntity
  8
AKS OLCU (BEYKENT)
 62
     0
440
 16777216
370
    -2
100
AcDbLine
 10
1617.119763371412
 20
1434.073960291997
 30
0.0
 11
1614.299763372052
 21
1434.073960291997
 31
0.0
  0
LINE
  5
17D4
330
142F
100
AcDbEntity
  8
AKS OLCU (BEYKENT)
 62
     0
440
 16777216
370
    -2
100
AcDbLine
 10
1614.119763372052
 20
1349.073960291997
 30
0.0
 11
1614.119763372052
 21
1434.073960291997
 31
0.0
  0
LINE
  5
17D5
330
142F
100
AcDbEntity
  8
AKS OLCU (BEYKENT)
 62
     0
440
 16777216
370
    -2
100
AcDbLine
 10
1617.119763372052
 20
1431.073960291997
 30
0.0
 11
1611.119763372052
 21
1437.073960291997
 31
0.0
  0
LINE
  5
17D6
330
142F
100
AcDbEntity
  8
AKS OLCU (BEYKENT)
 62
     0
440
 16777216
370
    -2
100
AcDbLine
 10
1617.119763372052
 20
1346.073960291997
 30
0.0
 11
1611.119763372052
 21
1352.073960291997
 31
0.0
  0
MTEXT
  5
17D7
330
142F
100
AcDbEntity
  8
AKS OLCU (BEYKENT)
 62
     7
440
 16777216
100
AcDbMText
 10
1605.995966948393
 20
1391.573960291996
 30
0.0
 40
12.0
 41
0.0
 46
0.0
 71
     5
 72
     1
  1
\A1;85
  7
YAZI (BEYKENT)
 11
0.0000000000000001
 21
1.0
 31
0.0
 73
     1
 44
1.0
  0
POINT
  5
17D8
330
142F
100
AcDbEntity
  8
Defpoints
 62
     0
440
 16777216
100
AcDbPoint
 10
1614.119763371412
 20
1349.073960291997
 30
0.0
  0
POINT
  5
17D9
330
142F
100
AcDbEntity
  8
Defpoints
 62
     0
440
 16777216
100
AcDbPoint
 10
1614.119763371412
 20
1434.073960291997
 30
0.0
  0
POINT
  5
17DA
330
142F
100
AcDbEntity
  8
Defpoints
 62
     0
440
 16777216
100
AcDbPoint
 10
1614.119763372052
 20
1434.073960291997
 30
0.0
  0
ENDBLK
  5
1431
330
142F
100
AcDbEntity
  8
0
100
AcDbBlockEnd
  0
BLOCK
  5
143C
330
143B
100
AcDbEntity
  8
0
100
AcDbBlockBegin
  2
*D176
 70
     1
 10
0.0
 20
0.0
 30
0.0
  3
*D176
  1

  0
LINE
  5
17DB
330
143B
100
AcDbEntity
  8
AKS OLCU (BEYKENT)
 62
     0
440
 16777216
370
    -2
100
AcDbLine
 10
1617.119763371412
 20
1434.073960291997
 30
0.0
 11
1614.299763372052
 21
1434.073960291997
 31
0.0
  0
LINE
  5
17DC
330
143B
100
AcDbEntity
  8
AKS OLCU (BEYKENT)
 62
     0
440
 16777216
370
    -2
100
AcDbLine
 10
1617.119763371412
 20
1504.074060291994
 30
0.0
 11
1614.299763372052
 21
1504.074060291994
 31
0.0
  0
LINE
  5
17DD
330
143B
100
AcDbEntity
  8
AKS OLCU (BEYKENT)
 62
     0
440
 16777216
370
    -2
100
AcDbLine
 10
1614.119763372052
 20
1434.073960291997
 30
0.0
 11
1614.119763372052
 21
1504.074060291994
 31
0.0
  0
LINE
  5
17DE
330
143B
100
AcDbEntity
  8
AKS OLCU (BEYKENT)
 62
     0
440
 16777216
370
    -2
100
AcDbLine
 10
1617.119763372052
 20
1501.074060291994
 30
0.0
 11
1611.119763372052
 21
1507.074060291994
 31
0.0
  0
LINE
  5
17DF
330
143B
100
AcDbEntity
  8
AKS OLCU (BEYKENT)
 62
     0
440
 16777216
370
    -2
100
AcDbLine
 10
1617.119763372052
 20
1431.073960291997
 30
0.0
 11
1611.119763372052
 21
1437.073960291997
 31
0.0
  0
MTEXT
  5
17E0
330
143B
100
AcDbEntity
  8
AKS OLCU (BEYKENT)
 62
     7
440
 16777216
100
AcDbMText
 10
1605.995966948393
 20
1469.074010291995
 30
0.0
 40
12.0
 41
0.0
 46
0.0
 71
     5
 72
     1
  1
\A1;70
  7
YAZI (BEYKENT)
 11
0.0000000000000001
 21
1.0
 31
0.0
 73
     1
 44
1.0
  0
POINT
  5
17E1
330
143B
100
AcDbEntity
  8
Defpoints
 62
     0
440
 16777216
100
AcDbPoint
 10
1614.119763371412
 20
1434.073960291997
 30
0.0
  0
POINT
  5
17E2
330
143B
100
AcDbEntity
  8
Defpoints
 62
     0
440
 16777216
100
AcDbPoint
 10
1614.119763371412
 20
1504.074060291994
 30
0.0
  0
POINT
  5
17E3
330
143B
100
AcDbEntity
  8
Defpoints
 62
     0
440
 16777216
100
AcDbPoint
 10
1614.119763372052
 20
1504.074060291994
 30
0.0
  0
ENDBLK
  5
143D
330
143B
100
AcDbEntity
  8
0
100
AcDbBlockEnd
  0
BLOCK
  5
1448
330
1447
100
AcDbEntity
  8
0
100
AcDbBlockBegin
  2
*D177
 70
     1
 10
0.0
 20
0.0
 30
0.0
  3
*D177
  1

  0
LINE
  5
17E4
330
1447
100
AcDbEntity
  8
AKS OLCU (BEYKENT)
 62
     0
440
 16777216
370
    -2
100
AcDbLine
 10
1617.119763371412
 20
1504.074060291994
 30
0.0
 11
1614.299763372052
 21
1504.074060291994
 31
0.0
  0
LINE
  5
17E5
330
1447
100
AcDbEntity
  8
AKS OLCU (BEYKENT)
 62
     0
440
 16777216
370
    -2
100
AcDbLine
 10
1617.119763371412
 20
1584.073960291997
 30
0.0
 11
1614.299763372052
 21
1584.073960291997
 31
0.0
  0
LINE
  5
17E6
330
1447
100
AcDbEntity
  8
AKS OLCU (BEYKENT)
 62
     0
440
 16777216
370
    -2
100
AcDbLine
 10
1614.119763372052
 20
1504.074060291994
 30
0.0
 11
1614.119763372052
 21
1584.073960291997
 31
0.0
  0
LINE
  5
17E7
330
1447
100
AcDbEntity
  8
AKS OLCU (BEYKENT)
 62
     0
440
 16777216
370
    -2
100
AcDbLine
 10
1617.119763372052
 20
1581.073960291997
 30
0.0
 11
1611.119763372052
 21
1587.073960291997
 31
0.0
  0
LINE
  5
17E8
330
1447
100
AcDbEntity
  8
AKS OLCU (BEYKENT)
 62
     0
440
 16777216
370
    -2
100
AcDbLine
 10
1617.119763372052
 20
1501.074060291994
 30
0.0
 11
1611.119763372052
 21
1507.074060291994
 31
0.0
  0
MTEXT
  5
17E9
330
1447
100
AcDbEntity
  8
AKS OLCU (BEYKENT)
 62
     7
440
 16777216
100
AcDbMText
 10
1605.995966948393
 20
1544.074010291995
 30
0.0
 40
12.0
 41
0.0
 46
0.0
 71
     5
 72
     1
  1
\A1;80
  7
YAZI (BEYKENT)
 11
0.0000000000000001
 21
1.0
 31
0.0
 73
     1
 44
1.0
  0
POINT
  5
17EA
330
1447
100
AcDbEntity
  8
Defpoints
 62
     0
440
 16777216
100
AcDbPoint
 10
1614.119763371412
 20
1504.074060291994
 30
0.0
  0
POINT
  5
17EB
330
1447
100
AcDbEntity
  8
Defpoints
 62
     0
440
 16777216
100
AcDbPoint
 10
1614.119763371412
 20
1584.073960291997
 30
0.0
  0
POINT
  5
17EC
330
1447
100
AcDbEntity
  8
Defpoints
 62
     0
440
 16777216
100
AcDbPoint
 10
1614.119763372052
 20
1584.073960291997
 30
0.0
  0
ENDBLK
  5
1449
330
1447
100
AcDbEntity
  8
0
100
AcDbBlockEnd
  0
BLOCK
  5
1454
330
1453
100
AcDbEntity
  8
0
100
AcDbBlockBegin
  2
*D178
 70
     1
 10
0.0
 20
0.0
 30
0.0
  3
*D178
  1

  0
LINE
  5
17ED
330
1453
100
AcDbEntity
  8
AKS OLCU (BEYKENT)
 62
     0
440
 16777216
370
    -2
100
AcDbLine
 10
1617.119763371412
 20
1584.073960291997
 30
0.0
 11
1614.299763372052
 21
1584.073960291997
 31
0.0
  0
LINE
  5
17EE
330
1453
100
AcDbEntity
  8
AKS OLCU (BEYKENT)
 62
     0
440
 16777216
370
    -2
100
AcDbLine
 10
1617.119763371412
 20
1669.073960291997
 30
0.0
 11
1614.299763372052
 21
1669.073960291997
 31
0.0
  0
LINE
  5
17EF
330
1453
100
AcDbEntity
  8
AKS OLCU (BEYKENT)
 62
     0
440
 16777216
370
    -2
100
AcDbLine
 10
1614.119763372052
 20
1584.073960291997
 30
0.0
 11
1614.119763372052
 21
1669.073960291997
 31
0.0
  0
LINE
  5
17F0
330
1453
100
AcDbEntity
  8
AKS OLCU (BEYKENT)
 62
     0
440
 16777216
370
    -2
100
AcDbLine
 10
1617.119763372052
 20
1666.073960291997
 30
0.0
 11
1611.119763372052
 21
1672.073960291998
 31
0.0
  0
LINE
  5
17F1
330
1453
100
AcDbEntity
  8
AKS OLCU (BEYKENT)
 62
     0
440
 16777216
370
    -2
100
AcDbLine
 10
1617.119763372052
 20
1581.073960291997
 30
0.0
 11
1611.119763372052
 21
1587.073960291997
 31
0.0
  0
MTEXT
  5
17F2
330
1453
100
AcDbEntity
  8
AKS OLCU (BEYKENT)
 62
     7
440
 16777216
100
AcDbMText
 10
1605.995966948393
 20
1626.573960291997
 30
0.0
 40
12.0
 41
0.0
 46
0.0
 71
     5
 72
     1
  1
\A1;85
  7
YAZI (BEYKENT)
 11
0.0000000000000001
 21
1.0
 31
0.0
 73
     1
 44
1.0
  0
POINT
  5
17F3
330
1453
100
AcDbEntity
  8
Defpoints
 62
     0
440
 16777216
100
AcDbPoint
 10
1614.119763371412
 20
1584.073960291997
 30
0.0
  0
POINT
  5
17F4
330
1453
100
AcDbEntity
  8
Defpoints
 62
     0
440
 16777216
100
AcDbPoint
 10
1614.119763371412
 20
1669.073960291997
 30
0.0
  0
POINT
  5
17F5
330
1453
100
AcDbEntity
  8
Defpoints
 62
     0
440
 16777216
100
AcDbPoint
 10
1614.119763372052
 20
1669.073960291997
 30
0.0
  0
ENDBLK
  5
1455
330
1453
100
AcDbEntity
  8
0
100
AcDbBlockEnd
  0
BLOCK
  5
1460
330
145F
100
AcDbEntity
  8
0
100
AcDbBlockBegin
  2
*D179
 70
     1
 10
0.0
 20
0.0
 30
0.0
  3
*D179
  1

  0
LINE
  5
17F6
330
145F
100
AcDbEntity
  8
AKS OLCU (BEYKENT)
 62
     0
440
 16777216
370
    -2
100
AcDbLine
 10
1617.119763371412
 20
1669.073960291997
 30
0.0
 11
1614.299763372052
 21
1669.073960291997
 31
0.0
  0
LINE
  5
17F7
330
145F
100
AcDbEntity
  8
AKS OLCU (BEYKENT)
 62
     0
440
 16777216
370
    -2
100
AcDbLine
 10
1617.119763371412
 20
1679.073960291997
 30
0.0
 11
1614.299763372052
 21
1679.073960291997
 31
0.0
  0
LINE
  5
17F8
330
145F
100
AcDbEntity
  8
AKS OLCU (BEYKENT)
 62
     0
440
 16777216
370
    -2
100
AcDbLine
 10
1614.119763372052
 20
1669.073960291997
 30
0.0
 11
1614.119763372052
 21
1663.073960291997
 31
0.0
  0
LINE
  5
17F9
330
145F
100
AcDbEntity
  8
AKS OLCU (BEYKENT)
 62
     0
440
 16777216
370
    -2
100
AcDbLine
 10
1614.119763372052
 20
1679.073960291997
 30
0.0
 11
1614.119763372052
 21
1685.073960291997
 31
0.0
  0
LINE
  5
17FA
330
145F
100
AcDbEntity
  8
AKS OLCU (BEYKENT)
 62
     0
440
 16777216
370
    -2
100
AcDbLine
 10
1614.119763372052
 20
1669.073960291997
 30
0.0
 11
1614.119763372052
 21
1679.073960291997
 31
0.0
  0
LINE
  5
17FB
330
145F
100
AcDbEntity
  8
AKS OLCU (BEYKENT)
 62
     0
440
 16777216
370
    -2
100
AcDbLine
 10
1617.119763372052
 20
1676.073960291997
 30
0.0
 11
1611.119763372052
 21
1682.073960291997
 31
0.0
  0
LINE
  5
17FC
330
145F
100
AcDbEntity
  8
AKS OLCU (BEYKENT)
 62
     0
440
 16777216
370
    -2
100
AcDbLine
 10
1617.119763372052
 20
1666.073960291997
 30
0.0
 11
1611.119763372052
 21
1672.073960291998
 31
0.0
  0
MTEXT
  5
17FD
330
145F
100
AcDbEntity
  8
AKS OLCU (BEYKENT)
 62
     7
440
 16777216
100
AcDbMText
 10
1605.995966948393
 20
1674.073960291996
 30
0.0
 40
12.0
 41
0.0
 46
0.0
 71
     5
 72
     1
  1
\A1;10
  7
YAZI (BEYKENT)
 11
0.0000000000000001
 21
1.0
 31
0.0
 73
     1
 44
1.0
  0
POINT
  5
17FE
330
145F
100
AcDbEntity
  8
Defpoints
 62
     0
440
 16777216
100
AcDbPoint
 10
1614.119763371412
 20
1669.073960291997
 30
0.0
  0
POINT
  5
17FF
330
145F
100
AcDbEntity
  8
Defpoints
 62
     0
440
 16777216
100
AcDbPoint
 10
1614.119763371412
 20
1679.073960291997
 30
0.0
  0
POINT
  5
1800
330
145F
100
AcDbEntity
  8
Defpoints
 62
     0
440
 16777216
100
AcDbPoint
 10
1614.119763372052
 20
1679.073960291997
 30
0.0
  0
ENDBLK
  5
1461
330
145F
100
AcDbEntity
  8
0
100
AcDbBlockEnd
  0
BLOCK
  5
146E
330
146D
100
AcDbEntity
  8
0
100
AcDbBlockBegin
  2
*D180
 70
     1
 10
0.0
 20
0.0
 30
0.0
  3
*D180
  1

  0
LINE
  5
1801
330
146D
100
AcDbEntity
  8
AKS OLCU (BEYKENT)
 62
     0
440
 16777216
370
    -2
100
AcDbLine
 10
1617.119763371412
 20
1679.073960291997
 30
0.0
 11
1614.299763372052
 21
1679.073960291997
 31
0.0
  0
LINE
  5
1802
330
146D
100
AcDbEntity
  8
AKS OLCU (BEYKENT)
 62
     0
440
 16777216
370
    -2
100
AcDbLine
 10
1617.119763371412
 20
1799.073960291998
 30
0.0
 11
1614.299763372052
 21
1799.073960291998
 31
0.0
  0
LINE
  5
1803
330
146D
100
AcDbEntity
  8
AKS OLCU (BEYKENT)
 62
     0
440
 16777216
370
    -2
100
AcDbLine
 10
1614.119763372052
 20
1679.073960291997
 30
0.0
 11
1614.119763372052
 21
1799.073960291998
 31
0.0
  0
LINE
  5
1804
330
146D
100
AcDbEntity
  8
AKS OLCU (BEYKENT)
 62
     0
440
 16777216
370
    -2
100
AcDbLine
 10
1617.119763372052
 20
1796.073960291997
 30
0.0
 11
1611.119763372052
 21
1802.073960291997
 31
0.0
  0
LINE
  5
1805
330
146D
100
AcDbEntity
  8
AKS OLCU (BEYKENT)
 62
     0
440
 16777216
370
    -2
100
AcDbLine
 10
1617.119763372052
 20
1676.073960291997
 30
0.0
 11
1611.119763372052
 21
1682.073960291997
 31
0.0
  0
MTEXT
  5
1806
330
146D
100
AcDbEntity
  8
AKS OLCU (BEYKENT)
 62
     7
440
 16777216
100
AcDbMText
 10
1605.995966948393
 20
1739.073960291997
 30
0.0
 40
12.0
 41
0.0
 46
0.0
 71
     5
 72
     1
  1
\A1;120
  7
YAZI (BEYKENT)
 11
0.0000000000000001
 21
1.0
 31
0.0
 73
     1
 44
1.0
  0
POINT
  5
1807
330
146D
100
AcDbEntity
  8
Defpoints
 62
     0
440
 16777216
100
AcDbPoint
 10
1614.119763371412
 20
1679.073960291997
 30
0.0
  0
POINT
  5
1808
330
146D
100
AcDbEntity
  8
Defpoints
 62
     0
440
 16777216
100
AcDbPoint
 10
1614.119763371412
 20
1799.073960291998
 30
0.0
  0
POINT
  5
1809
330
146D
100
AcDbEntity
  8
Defpoints
 62
     0
440
 16777216
100
AcDbPoint
 10
1614.119763372052
 20
1799.073960291998
 30
0.0
  0
ENDBLK
  5
146F
330
146D
100
AcDbEntity
  8
0
100
AcDbBlockEnd
  0
BLOCK
  5
147A
330
1479
100
AcDbEntity
  8
0
100
AcDbBlockBegin
  2
*D181
 70
     1
 10
0.0
 20
0.0
 30
0.0
  3
*D181
  1

  0
LINE
  5
180A
330
1479
100
AcDbEntity
  8
AKS OLCU (BEYKENT)
 62
     0
440
 16777216
370
    -2
100
AcDbLine
 10
1617.119763371412
 20
1799.073960291998
 30
0.0
 11
1614.299763372052
 21
1799.073960291998
 31
0.0
  0
LINE
  5
180B
330
1479
100
AcDbEntity
  8
AKS OLCU (BEYKENT)
 62
     0
440
 16777216
370
    -2
100
AcDbLine
 10
1617.119763371412
 20
2149.073960291998
 30
0.0
 11
1614.299763372052
 21
2149.073960291998
 31
0.0
  0
LINE
  5
180C
330
1479
100
AcDbEntity
  8
AKS OLCU (BEYKENT)
 62
     0
440
 16777216
370
    -2
100
AcDbLine
 10
1614.119763372052
 20
1799.073960291998
 30
0.0
 11
1614.119763372052
 21
2149.073960291998
 31
0.0
  0
LINE
  5
180D
330
1479
100
AcDbEntity
  8
AKS OLCU (BEYKENT)
 62
     0
440
 16777216
370
    -2
100
AcDbLine
 10
1617.119763372052
 20
2146.073960291998
 30
0.0
 11
1611.119763372052
 21
2152.073960291998
 31
0.0
  0
LINE
  5
180E
330
1479
100
AcDbEntity
  8
AKS OLCU (BEYKENT)
 62
     0
440
 16777216
370
    -2
100
AcDbLine
 10
1617.119763372052
 20
1796.073960291997
 30
0.0
 11
1611.119763372052
 21
1802.073960291997
 31
0.0
  0
MTEXT
  5
180F
330
1479
100
AcDbEntity
  8
AKS OLCU (BEYKENT)
 62
     7
440
 16777216
100
AcDbMText
 10
1605.995966948393
 20
1974.073960291996
 30
0.0
 40
12.0
 41
0.0
 46
0.0
 71
     5
 72
     1
  1
\A1;350
  7
YAZI (BEYKENT)
 11
0.0000000000000001
 21
1.0
 31
0.0
 73
     1
 44
1.0
  0
POINT
  5
1810
330
1479
100
AcDbEntity
  8
Defpoints
 62
     0
440
 16777216
100
AcDbPoint
 10
1614.119763371412
 20
1799.073960291998
 30
0.0
  0
POINT
  5
1811
330
1479
100
AcDbEntity
  8
Defpoints
 62
     0
440
 16777216
100
AcDbPoint
 10
1614.119763371412
 20
2149.073960291998
 30
0.0
  0
POINT
  5
1812
330
1479
100
AcDbEntity
  8
Defpoints
 62
     0
440
 16777216
100
AcDbPoint
 10
1614.119763372052
 20
2149.073960291998
 30
0.0
  0
ENDBLK
  5
147B
330
1479
100
AcDbEntity
  8
0
100
AcDbBlockEnd
  0
BLOCK
  5
1486
330
1485
100
AcDbEntity
  8
0
100
AcDbBlockBegin
  2
*D182
 70
     1
 10
0.0
 20
0.0
 30
0.0
  3
*D182
  1

  0
LINE
  5
1813
330
1485
100
AcDbEntity
  8
AKS OLCU (BEYKENT)
 62
     0
440
 16777216
370
    -2
100
AcDbLine
 10
1617.119763371412
 20
2149.073960291998
 30
0.0
 11
1614.299763372052
 21
2149.073960291998
 31
0.0
  0
LINE
  5
1814
330
1485
100
AcDbEntity
  8
AKS OLCU (BEYKENT)
 62
     0
440
 16777216
370
    -2
100
AcDbLine
 10
1617.119763371412
 20
2299.073960291998
 30
0.0
 11
1614.299763372052
 21
2299.073960291998
 31
0.0
  0
LINE
  5
1815
330
1485
100
AcDbEntity
  8
AKS OLCU (BEYKENT)
 62
     0
440
 16777216
370
    -2
100
AcDbLine
 10
1614.119763372052
 20
2149.073960291998
 30
0.0
 11
1614.119763372052
 21
2299.073960291998
 31
0.0
  0
LINE
  5
1816
330
1485
100
AcDbEntity
  8
AKS OLCU (BEYKENT)
 62
     0
440
 16777216
370
    -2
100
AcDbLine
 10
1617.119763372052
 20
2296.073960291998
 30
0.0
 11
1611.119763372052
 21
2302.073960291997
 31
0.0
  0
LINE
  5
1817
330
1485
100
AcDbEntity
  8
AKS OLCU (BEYKENT)
 62
     0
440
 16777216
370
    -2
100
AcDbLine
 10
1617.119763372052
 20
2146.073960291998
 30
0.0
 11
1611.119763372052
 21
2152.073960291998
 31
0.0
  0
MTEXT
  5
1818
330
1485
100
AcDbEntity
  8
AKS OLCU (BEYKENT)
 62
     7
440
 16777216
100
AcDbMText
 10
1605.995966948393
 20
2224.073960291997
 30
0.0
 40
12.0
 41
0.0
 46
0.0
 71
     5
 72
     1
  1
\A1;150
  7
YAZI (BEYKENT)
 11
0.0000000000000001
 21
1.0
 31
0.0
 73
     1
 44
1.0
  0
POINT
  5
1819
330
1485
100
AcDbEntity
  8
Defpoints
 62
     0
440
 16777216
100
AcDbPoint
 10
1614.119763371412
 20
2149.073960291998
 30
0.0
  0
POINT
  5
181A
330
1485
100
AcDbEntity
  8
Defpoints
 62
     0
440
 16777216
100
AcDbPoint
 10
1614.119763371412
 20
2299.073960291998
 30
0.0
  0
POINT
  5
181B
330
1485
100
AcDbEntity
  8
Defpoints
 62
     0
440
 16777216
100
AcDbPoint
 10
1614.119763372052
 20
2299.073960291998
 30
0.0
  0
ENDBLK
  5
1487
330
1485
100
AcDbEntity
  8
0
100
AcDbBlockEnd
  0
BLOCK
  5
1492
330
1491
100
AcDbEntity
  8
0
100
AcDbBlockBegin
  2
*D183
 70
     1
 10
0.0
 20
0.0
 30
0.0
  3
*D183
  1

  0
LINE
  5
181C
330
1491
100
AcDbEntity
  8
AKS OLCU (BEYKENT)
 62
     0
440
 16777216
370
    -2
100
AcDbLine
 10
4357.119763371413
 20
719.0739602919968
 30
0.0
 11
4354.299763372114
 21
719.0739602919968
 31
0.0
  0
LINE
  5
181D
330
1491
100
AcDbEntity
  8
AKS OLCU (BEYKENT)
 62
     0
440
 16777216
370
    -2
100
AcDbLine
 10
4357.119763371413
 20
2299.073960291998
 30
0.0
 11
4354.299763372113
 21
2299.073960291998
 31
0.0
  0
LINE
  5
181E
330
1491
100
AcDbEntity
  8
AKS OLCU (BEYKENT)
 62
     0
440
 16777216
370
    -2
100
AcDbLine
 10
4354.119763372113
 20
719.0739602919968
 30
0.0
 11
4354.119763372112
 21
2299.073960291998
 31
0.0
  0
LINE
  5
181F
330
1491
100
AcDbEntity
  8
AKS OLCU (BEYKENT)
 62
     0
440
 16777216
370
    -2
100
AcDbLine
 10
4357.119763372112
 20
2296.073960291998
 30
0.0
 11
4351.119763372112
 21
2302.073960291997
 31
0.0
  0
LINE
  5
1820
330
1491
100
AcDbEntity
  8
AKS OLCU (BEYKENT)
 62
     0
440
 16777216
370
    -2
100
AcDbLine
 10
4357.119763372113
 20
716.0739602919968
 30
0.0
 11
4351.119763372113
 21
722.0739602919967
 31
0.0
  0
MTEXT
  5
1821
330
1491
100
AcDbEntity
  8
AKS OLCU (BEYKENT)
 62
     7
440
 16777216
100
AcDbMText
 10
4345.995966948453
 20
1509.073960291996
 30
0.0
 40
12.0
 41
0.0
 46
0.0
 71
     5
 72
     1
  1
\A1;1580
  7
YAZI (BEYKENT)
 11
0.0000000000000001
 21
1.0
 31
0.0
 73
     1
 44
1.0
  0
POINT
  5
1822
330
1491
100
AcDbEntity
  8
Defpoints
 62
     0
440
 16777216
100
AcDbPoint
 10
4354.119763371413
 20
719.0739602919968
 30
0.0
  0
POINT
  5
1823
330
1491
100
AcDbEntity
  8
Defpoints
 62
     0
440
 16777216
100
AcDbPoint
 10
4354.119763371413
 20
2299.073960291998
 30
0.0
  0
POINT
  5
1824
330
1491
100
AcDbEntity
  8
Defpoints
 62
     0
440
 16777216
100
AcDbPoint
 10
4354.119763372112
 20
2299.073960291998
 30
0.0
  0
ENDBLK
  5
1493
330
1491
100
AcDbEntity
  8
0
100
AcDbBlockEnd
  0
BLOCK
  5
149E
330
149D
100
AcDbEntity
  8
0
100
AcDbBlockBegin
  2
*D184
 70
     1
 10
0.0
 20
0.0
 30
0.0
  3
*D184
  1

  0
LINE
  5
1825
330
149D
100
AcDbEntity
  8
AKS OLCU (BEYKENT)
 62
     0
440
 16777216
370
    -2
100
AcDbLine
 10
4337.119763371412
 20
719.0739602919968
 30
0.0
 11
4334.299763372112
 21
719.0739602919968
 31
0.0
  0
LINE
  5
1826
330
149D
100
AcDbEntity
  8
AKS OLCU (BEYKENT)
 62
     0
440
 16777216
370
    -2
100
AcDbLine
 10
4337.119763371412
 20
869.073960291997
 30
0.0
 11
4334.299763372112
 21
869.073960291997
 31
0.0
  0
LINE
  5
1827
330
149D
100
AcDbEntity
  8
AKS OLCU (BEYKENT)
 62
     0
440
 16777216
370
    -2
100
AcDbLine
 10
4334.119763372112
 20
719.0739602919968
 30
0.0
 11
4334.119763372112
 21
869.073960291997
 31
0.0
  0
LINE
  5
1828
330
149D
100
AcDbEntity
  8
AKS OLCU (BEYKENT)
 62
     0
440
 16777216
370
    -2
100
AcDbLine
 10
4337.119763372112
 20
866.0739602919971
 30
0.0
 11
4331.119763372112
 21
872.0739602919971
 31
0.0
  0
LINE
  5
1829
330
149D
100
AcDbEntity
  8
AKS OLCU (BEYKENT)
 62
     0
440
 16777216
370
    -2
100
AcDbLine
 10
4337.119763372112
 20
716.0739602919968
 30
0.0
 11
4331.119763372112
 21
722.0739602919969
 31
0.0
  0
MTEXT
  5
182A
330
149D
100
AcDbEntity
  8
AKS OLCU (BEYKENT)
 62
     7
440
 16777216
100
AcDbMText
 10
4325.995966948452
 20
794.0739602919957
 30
0.0
 40
12.0
 41
0.0
 46
0.0
 71
     5
 72
     1
  1
\A1;150
  7
YAZI (BEYKENT)
 11
0.0000000000000001
 21
1.0
 31
0.0
 73
     1
 44
1.0
  0
POINT
  5
182B
330
149D
100
AcDbEntity
  8
Defpoints
 62
     0
440
 16777216
100
AcDbPoint
 10
4334.119763371413
 20
719.0739602919968
 30
0.0
  0
POINT
  5
182C
330
149D
100
AcDbEntity
  8
Defpoints
 62
     0
440
 16777216
100
AcDbPoint
 10
4334.119763371413
 20
869.073960291997
 30
0.0
  0
POINT
  5
182D
330
149D
100
AcDbEntity
  8
Defpoints
 62
     0
440
 16777216
100
AcDbPoint
 10
4334.119763372112
 20
869.073960291997
 30
0.0
  0
ENDBLK
  5
149F
330
149D
100
AcDbEntity
  8
0
100
AcDbBlockEnd
  0
BLOCK
  5
14AA
330
14A9
100
AcDbEntity
  8
0
100
AcDbBlockBegin
  2
*D185
 70
     1
 10
0.0
 20
0.0
 30
0.0
  3
*D185
  1

  0
LINE
  5
182E
330
14A9
100
AcDbEntity
  8
AKS OLCU (BEYKENT)
 62
     0
440
 16777216
370
    -2
100
AcDbLine
 10
4337.119763371412
 20
869.073960291997
 30
0.0
 11
4334.299763372112
 21
869.073960291997
 31
0.0
  0
LINE
  5
182F
330
14A9
100
AcDbEntity
  8
AKS OLCU (BEYKENT)
 62
     0
440
 16777216
370
    -2
100
AcDbLine
 10
4337.119763371412
 20
1083.073960291997
 30
0.0
 11
4334.299763372112
 21
1083.073960291997
 31
0.0
  0
LINE
  5
1830
330
14A9
100
AcDbEntity
  8
AKS OLCU (BEYKENT)
 62
     0
440
 16777216
370
    -2
100
AcDbLine
 10
4334.119763372112
 20
869.073960291997
 30
0.0
 11
4334.119763372112
 21
1083.073960291997
 31
0.0
  0
LINE
  5
1831
330
14A9
100
AcDbEntity
  8
AKS OLCU (BEYKENT)
 62
     0
440
 16777216
370
    -2
100
AcDbLine
 10
4337.119763372112
 20
1080.073960291997
 30
0.0
 11
4331.119763372112
 21
1086.073960291997
 31
0.0
  0
LINE
  5
1832
330
14A9
100
AcDbEntity
  8
AKS OLCU (BEYKENT)
 62
     0
440
 16777216
370
    -2
100
AcDbLine
 10
4337.119763372112
 20
866.0739602919971
 30
0.0
 11
4331.119763372112
 21
872.0739602919971
 31
0.0
  0
MTEXT
  5
1833
330
14A9
100
AcDbEntity
  8
AKS OLCU (BEYKENT)
 62
     7
440
 16777216
100
AcDbMText
 10
4326.053738612826
 20
976.0739602919956
 30
0.0
 40
12.0
 41
0.0
 46
0.0
 71
     5
 72
     1
  1
\A1;214
  7
YAZI (BEYKENT)
 11
0.0000000000000001
 21
1.0
 31
0.0
 73
     1
 44
1.0
  0
POINT
  5
1834
330
14A9
100
AcDbEntity
  8
Defpoints
 62
     0
440
 16777216
100
AcDbPoint
 10
4334.119763371413
 20
869.073960291997
 30
0.0
  0
POINT
  5
1835
330
14A9
100
AcDbEntity
  8
Defpoints
 62
     0
440
 16777216
100
AcDbPoint
 10
4334.119763371413
 20
1083.073960291997
 30
0.0
  0
POINT
  5
1836
330
14A9
100
AcDbEntity
  8
Defpoints
 62
     0
440
 16777216
100
AcDbPoint
 10
4334.119763372112
 20
1083.073960291997
 30
0.0
  0
ENDBLK
  5
14AB
330
14A9
100
AcDbEntity
  8
0
100
AcDbBlockEnd
  0
BLOCK
  5
14B6
330
14B5
100
AcDbEntity
  8
0
100
AcDbBlockBegin
  2
*D186
 70
     1
 10
0.0
 20
0.0
 30
0.0
  3
*D186
  1

  0
LINE
  5
1837
330
14B5
100
AcDbEntity
  8
AKS OLCU (BEYKENT)
 62
     0
440
 16777216
370
    -2
100
AcDbLine
 10
4337.119763371412
 20
1083.073960291997
 30
0.0
 11
4334.299763372112
 21
1083.073960291997
 31
0.0
  0
LINE
  5
1838
330
14B5
100
AcDbEntity
  8
AKS OLCU (BEYKENT)
 62
     0
440
 16777216
370
    -2
100
AcDbLine
 10
4337.119763371412
 20
1219.073960291997
 30
0.0
 11
4334.299763372112
 21
1219.073960291997
 31
0.0
  0
LINE
  5
1839
330
14B5
100
AcDbEntity
  8
AKS OLCU (BEYKENT)
 62
     0
440
 16777216
370
    -2
100
AcDbLine
 10
4334.119763372112
 20
1083.073960291997
 30
0.0
 11
4334.119763372112
 21
1219.073960291997
 31
0.0
  0
LINE
  5
183A
330
14B5
100
AcDbEntity
  8
AKS OLCU (BEYKENT)
 62
     0
440
 16777216
370
    -2
100
AcDbLine
 10
4337.119763372112
 20
1216.073960291997
 30
0.0
 11
4331.119763372112
 21
1222.073960291997
 31
0.0
  0
LINE
  5
183B
330
14B5
100
AcDbEntity
  8
AKS OLCU (BEYKENT)
 62
     0
440
 16777216
370
    -2
100
AcDbLine
 10
4337.119763372112
 20
1080.073960291997
 30
0.0
 11
4331.119763372112
 21
1086.073960291997
 31
0.0
  0
MTEXT
  5
183C
330
14B5
100
AcDbEntity
  8
AKS OLCU (BEYKENT)
 62
     7
440
 16777216
100
AcDbMText
 10
4325.995966948452
 20
1151.073960291995
 30
0.0
 40
12.0
 41
0.0
 46
0.0
 71
     5
 72
     1
  1
\A1;136
  7
YAZI (BEYKENT)
 11
0.0000000000000001
 21
1.0
 31
0.0
 73
     1
 44
1.0
  0
POINT
  5
183D
330
14B5
100
AcDbEntity
  8
Defpoints
 62
     0
440
 16777216
100
AcDbPoint
 10
4334.119763371413
 20
1083.073960291997
 30
0.0
  0
POINT
  5
183E
330
14B5
100
AcDbEntity
  8
Defpoints
 62
     0
440
 16777216
100
AcDbPoint
 10
4334.119763371413
 20
1219.073960291997
 30
0.0
  0
POINT
  5
183F
330
14B5
100
AcDbEntity
  8
Defpoints
 62
     0
440
 16777216
100
AcDbPoint
 10
4334.119763372112
 20
1219.073960291997
 30
0.0
  0
ENDBLK
  5
14B7
330
14B5
100
AcDbEntity
  8
0
100
AcDbBlockEnd
  0
BLOCK
  5
14C2
330
14C1
100
AcDbEntity
  8
0
100
AcDbBlockBegin
  2
*D187
 70
     1
 10
0.0
 20
0.0
 30
0.0
  3
*D187
  1

  0
LINE
  5
1840
330
14C1
100
AcDbEntity
  8
AKS OLCU (BEYKENT)
 62
     0
440
 16777216
370
    -2
100
AcDbLine
 10
4337.119763371412
 20
1219.073960291997
 30
0.0
 11
4334.299763372112
 21
1219.073960291997
 31
0.0
  0
LINE
  5
1841
330
14C1
100
AcDbEntity
  8
AKS OLCU (BEYKENT)
 62
     0
440
 16777216
370
    -2
100
AcDbLine
 10
4337.119763371412
 20
1349.073960291997
 30
0.0
 11
4334.299763372112
 21
1349.073960291997
 31
0.0
  0
LINE
  5
1842
330
14C1
100
AcDbEntity
  8
AKS OLCU (BEYKENT)
 62
     0
440
 16777216
370
    -2
100
AcDbLine
 10
4334.119763372112
 20
1219.073960291997
 30
0.0
 11
4334.119763372112
 21
1349.073960291997
 31
0.0
  0
LINE
  5
1843
330
14C1
100
AcDbEntity
  8
AKS OLCU (BEYKENT)
 62
     0
440
 16777216
370
    -2
100
AcDbLine
 10
4337.119763372112
 20
1346.073960291997
 30
0.0
 11
4331.119763372112
 21
1352.073960291997
 31
0.0
  0
LINE
  5
1844
330
14C1
100
AcDbEntity
  8
AKS OLCU (BEYKENT)
 62
     0
440
 16777216
370
    -2
100
AcDbLine
 10
4337.119763372112
 20
1216.073960291997
 30
0.0
 11
4331.119763372112
 21
1222.073960291997
 31
0.0
  0
MTEXT
  5
1845
330
14C1
100
AcDbEntity
  8
AKS OLCU (BEYKENT)
 62
     7
440
 16777216
100
AcDbMText
 10
4325.995966948452
 20
1284.073960291995
 30
0.0
 40
12.0
 41
0.0
 46
0.0
 71
     5
 72
     1
  1
\A1;130
  7
YAZI (BEYKENT)
 11
0.0000000000000001
 21
1.0
 31
0.0
 73
     1
 44
1.0
  0
POINT
  5
1846
330
14C1
100
AcDbEntity
  8
Defpoints
 62
     0
440
 16777216
100
AcDbPoint
 10
4334.119763371413
 20
1219.073960291997
 30
0.0
  0
POINT
  5
1847
330
14C1
100
AcDbEntity
  8
Defpoints
 62
     0
440
 16777216
100
AcDbPoint
 10
4334.119763371413
 20
1349.073960291997
 30
0.0
  0
POINT
  5
1848
330
14C1
100
AcDbEntity
  8
Defpoints
 62
     0
440
 16777216
100
AcDbPoint
 10
4334.119763372112
 20
1349.073960291997
 30
0.0
  0
ENDBLK
  5
14C3
330
14C1
100
AcDbEntity
  8
0
100
AcDbBlockEnd
  0
BLOCK
  5
14CE
330
14CD
100
AcDbEntity
  8
0
100
AcDbBlockBegin
  2
*D188
 70
     1
 10
0.0
 20
0.0
 30
0.0
  3
*D188
  1

  0
LINE
  5
1849
330
14CD
100
AcDbEntity
  8
AKS OLCU (BEYKENT)
 62
     0
440
 16777216
370
    -2
100
AcDbLine
 10
4337.119763371412
 20
1349.073960291997
 30
0.0
 11
4334.299763372112
 21
1349.073960291997
 31
0.0
  0
LINE
  5
184A
330
14CD
100
AcDbEntity
  8
AKS OLCU (BEYKENT)
 62
     0
440
 16777216
370
    -2
100
AcDbLine
 10
4337.119763371412
 20
1434.073960291997
 30
0.0
 11
4334.299763372112
 21
1434.073960291997
 31
0.0
  0
LINE
  5
184B
330
14CD
100
AcDbEntity
  8
AKS OLCU (BEYKENT)
 62
     0
440
 16777216
370
    -2
100
AcDbLine
 10
4334.119763372112
 20
1349.073960291997
 30
0.0
 11
4334.119763372112
 21
1434.073960291997
 31
0.0
  0
LINE
  5
184C
330
14CD
100
AcDbEntity
  8
AKS OLCU (BEYKENT)
 62
     0
440
 16777216
370
    -2
100
AcDbLine
 10
4337.119763372112
 20
1431.073960291997
 30
0.0
 11
4331.119763372112
 21
1437.073960291997
 31
0.0
  0
LINE
  5
184D
330
14CD
100
AcDbEntity
  8
AKS OLCU (BEYKENT)
 62
     0
440
 16777216
370
    -2
100
AcDbLine
 10
4337.119763372112
 20
1346.073960291997
 30
0.0
 11
4331.119763372112
 21
1352.073960291997
 31
0.0
  0
MTEXT
  5
184E
330
14CD
100
AcDbEntity
  8
AKS OLCU (BEYKENT)
 62
     7
440
 16777216
100
AcDbMText
 10
4325.995966948452
 20
1391.573960291996
 30
0.0
 40
12.0
 41
0.0
 46
0.0
 71
     5
 72
     1
  1
\A1;85
  7
YAZI (BEYKENT)
 11
0.0000000000000001
 21
1.0
 31
0.0
 73
     1
 44
1.0
  0
POINT
  5
184F
330
14CD
100
AcDbEntity
  8
Defpoints
 62
     0
440
 16777216
100
AcDbPoint
 10
4334.119763371413
 20
1349.073960291997
 30
0.0
  0
POINT
  5
1850
330
14CD
100
AcDbEntity
  8
Defpoints
 62
     0
440
 16777216
100
AcDbPoint
 10
4334.119763371413
 20
1434.073960291997
 30
0.0
  0
POINT
  5
1851
330
14CD
100
AcDbEntity
  8
Defpoints
 62
     0
440
 16777216
100
AcDbPoint
 10
4334.119763372112
 20
1434.073960291997
 30
0.0
  0
ENDBLK
  5
14CF
330
14CD
100
AcDbEntity
  8
0
100
AcDbBlockEnd
  0
BLOCK
  5
14DA
330
14D9
100
AcDbEntity
  8
0
100
AcDbBlockBegin
  2
*D189
 70
     1
 10
0.0
 20
0.0
 30
0.0
  3
*D189
  1

  0
LINE
  5
1852
330
14D9
100
AcDbEntity
  8
AKS OLCU (BEYKENT)
 62
     0
440
 16777216
370
    -2
100
AcDbLine
 10
4337.119763371412
 20
1434.073960291997
 30
0.0
 11
4334.299763372112
 21
1434.073960291997
 31
0.0
  0
LINE
  5
1853
330
14D9
100
AcDbEntity
  8
AKS OLCU (BEYKENT)
 62
     0
440
 16777216
370
    -2
100
AcDbLine
 10
4337.119763371412
 20
1504.074060291994
 30
0.0
 11
4334.299763372112
 21
1504.074060291994
 31
0.0
  0
LINE
  5
1854
330
14D9
100
AcDbEntity
  8
AKS OLCU (BEYKENT)
 62
     0
440
 16777216
370
    -2
100
AcDbLine
 10
4334.119763372112
 20
1434.073960291997
 30
0.0
 11
4334.119763372112
 21
1504.074060291994
 31
0.0
  0
LINE
  5
1855
330
14D9
100
AcDbEntity
  8
AKS OLCU (BEYKENT)
 62
     0
440
 16777216
370
    -2
100
AcDbLine
 10
4337.119763372112
 20
1501.074060291994
 30
0.0
 11
4331.119763372112
 21
1507.074060291994
 31
0.0
  0
LINE
  5
1856
330
14D9
100
AcDbEntity
  8
AKS OLCU (BEYKENT)
 62
     0
440
 16777216
370
    -2
100
AcDbLine
 10
4337.119763372112
 20
1431.073960291997
 30
0.0
 11
4331.119763372112
 21
1437.073960291997
 31
0.0
  0
MTEXT
  5
1857
330
14D9
100
AcDbEntity
  8
AKS OLCU (BEYKENT)
 62
     7
440
 16777216
100
AcDbMText
 10
4325.995966948452
 20
1469.074010291994
 30
0.0
 40
12.0
 41
0.0
 46
0.0
 71
     5
 72
     1
  1
\A1;70
  7
YAZI (BEYKENT)
 11
0.0000000000000001
 21
1.0
 31
0.0
 73
     1
 44
1.0
  0
POINT
  5
1858
330
14D9
100
AcDbEntity
  8
Defpoints
 62
     0
440
 16777216
100
AcDbPoint
 10
4334.119763371413
 20
1434.073960291997
 30
0.0
  0
POINT
  5
1859
330
14D9
100
AcDbEntity
  8
Defpoints
 62
     0
440
 16777216
100
AcDbPoint
 10
4334.119763371413
 20
1504.074060291994
 30
0.0
  0
POINT
  5
185A
330
14D9
100
AcDbEntity
  8
Defpoints
 62
     0
440
 16777216
100
AcDbPoint
 10
4334.119763372112
 20
1504.074060291994
 30
0.0
  0
ENDBLK
  5
14DB
330
14D9
100
AcDbEntity
  8
0
100
AcDbBlockEnd
  0
BLOCK
  5
14E6
330
14E5
100
AcDbEntity
  8
0
100
AcDbBlockBegin
  2
*D190
 70
     1
 10
0.0
 20
0.0
 30
0.0
  3
*D190
  1

  0
LINE
  5
185B
330
14E5
100
AcDbEntity
  8
AKS OLCU (BEYKENT)
 62
     0
440
 16777216
370
    -2
100
AcDbLine
 10
4337.119763371412
 20
1504.074060291994
 30
0.0
 11
4334.299763372112
 21
1504.074060291994
 31
0.0
  0
LINE
  5
185C
330
14E5
100
AcDbEntity
  8
AKS OLCU (BEYKENT)
 62
     0
440
 16777216
370
    -2
100
AcDbLine
 10
4337.119763371412
 20
1584.073960291997
 30
0.0
 11
4334.299763372112
 21
1584.073960291997
 31
0.0
  0
LINE
  5
185D
330
14E5
100
AcDbEntity
  8
AKS OLCU (BEYKENT)
 62
     0
440
 16777216
370
    -2
100
AcDbLine
 10
4334.119763372112
 20
1504.074060291994
 30
0.0
 11
4334.119763372112
 21
1584.073960291997
 31
0.0
  0
LINE
  5
185E
330
14E5
100
AcDbEntity
  8
AKS OLCU (BEYKENT)
 62
     0
440
 16777216
370
    -2
100
AcDbLine
 10
4337.119763372112
 20
1581.073960291997
 30
0.0
 11
4331.119763372112
 21
1587.073960291997
 31
0.0
  0
LINE
  5
185F
330
14E5
100
AcDbEntity
  8
AKS OLCU (BEYKENT)
 62
     0
440
 16777216
370
    -2
100
AcDbLine
 10
4337.119763372112
 20
1501.074060291994
 30
0.0
 11
4331.119763372112
 21
1507.074060291994
 31
0.0
  0
MTEXT
  5
1860
330
14E5
100
AcDbEntity
  8
AKS OLCU (BEYKENT)
 62
     7
440
 16777216
100
AcDbMText
 10
4325.995966948452
 20
1544.074010291995
 30
0.0
 40
12.0
 41
0.0
 46
0.0
 71
     5
 72
     1
  1
\A1;80
  7
YAZI (BEYKENT)
 11
0.0000000000000001
 21
1.0
 31
0.0
 73
     1
 44
1.0
  0
POINT
  5
1861
330
14E5
100
AcDbEntity
  8
Defpoints
 62
     0
440
 16777216
100
AcDbPoint
 10
4334.119763371413
 20
1504.074060291994
 30
0.0
  0
POINT
  5
1862
330
14E5
100
AcDbEntity
  8
Defpoints
 62
     0
440
 16777216
100
AcDbPoint
 10
4334.119763371413
 20
1584.073960291997
 30
0.0
  0
POINT
  5
1863
330
14E5
100
AcDbEntity
  8
Defpoints
 62
     0
440
 16777216
100
AcDbPoint
 10
4334.119763372112
 20
1584.073960291997
 30
0.0
  0
ENDBLK
  5
14E7
330
14E5
100
AcDbEntity
  8
0
100
AcDbBlockEnd
  0
BLOCK
  5
14F2
330
14F1
100
AcDbEntity
  8
0
100
AcDbBlockBegin
  2
*D191
 70
     1
 10
0.0
 20
0.0
 30
0.0
  3
*D191
  1

  0
LINE
  5
1864
330
14F1
100
AcDbEntity
  8
AKS OLCU (BEYKENT)
 62
     0
440
 16777216
370
    -2
100
AcDbLine
 10
4337.119763371412
 20
1584.073960291997
 30
0.0
 11
4334.299763372112
 21
1584.073960291997
 31
0.0
  0
LINE
  5
1865
330
14F1
100
AcDbEntity
  8
AKS OLCU (BEYKENT)
 62
     0
440
 16777216
370
    -2
100
AcDbLine
 10
4337.119763371412
 20
1669.073960291997
 30
0.0
 11
4334.299763372112
 21
1669.073960291997
 31
0.0
  0
LINE
  5
1866
330
14F1
100
AcDbEntity
  8
AKS OLCU (BEYKENT)
 62
     0
440
 16777216
370
    -2
100
AcDbLine
 10
4334.119763372112
 20
1584.073960291997
 30
0.0
 11
4334.119763372112
 21
1669.073960291997
 31
0.0
  0
LINE
  5
1867
330
14F1
100
AcDbEntity
  8
AKS OLCU (BEYKENT)
 62
     0
440
 16777216
370
    -2
100
AcDbLine
 10
4337.119763372112
 20
1666.073960291997
 30
0.0
 11
4331.119763372112
 21
1672.073960291998
 31
0.0
  0
LINE
  5
1868
330
14F1
100
AcDbEntity
  8
AKS OLCU (BEYKENT)
 62
     0
440
 16777216
370
    -2
100
AcDbLine
 10
4337.119763372112
 20
1581.073960291997
 30
0.0
 11
4331.119763372112
 21
1587.073960291997
 31
0.0
  0
MTEXT
  5
1869
330
14F1
100
AcDbEntity
  8
AKS OLCU (BEYKENT)
 62
     7
440
 16777216
100
AcDbMText
 10
4325.995966948452
 20
1626.573960291996
 30
0.0
 40
12.0
 41
0.0
 46
0.0
 71
     5
 72
     1
  1
\A1;85
  7
YAZI (BEYKENT)
 11
0.0000000000000001
 21
1.0
 31
0.0
 73
     1
 44
1.0
  0
POINT
  5
186A
330
14F1
100
AcDbEntity
  8
Defpoints
 62
     0
440
 16777216
100
AcDbPoint
 10
4334.119763371413
 20
1584.073960291997
 30
0.0
  0
POINT
  5
186B
330
14F1
100
AcDbEntity
  8
Defpoints
 62
     0
440
 16777216
100
AcDbPoint
 10
4334.119763371413
 20
1669.073960291997
 30
0.0
  0
POINT
  5
186C
330
14F1
100
AcDbEntity
  8
Defpoints
 62
     0
440
 16777216
100
AcDbPoint
 10
4334.119763372112
 20
1669.073960291997
 30
0.0
  0
ENDBLK
  5
14F3
330
14F1
100
AcDbEntity
  8
0
100
AcDbBlockEnd
  0
BLOCK
  5
14FE
330
14FD
100
AcDbEntity
  8
0
100
AcDbBlockBegin
  2
*D192
 70
     1
 10
0.0
 20
0.0
 30
0.0
  3
*D192
  1

  0
LINE
  5
186D
330
14FD
100
AcDbEntity
  8
AKS OLCU (BEYKENT)
 62
     0
440
 16777216
370
    -2
100
AcDbLine
 10
4337.119763371412
 20
1669.073960291997
 30
0.0
 11
4334.299763372112
 21
1669.073960291997
 31
0.0
  0
LINE
  5
186E
330
14FD
100
AcDbEntity
  8
AKS OLCU (BEYKENT)
 62
     0
440
 16777216
370
    -2
100
AcDbLine
 10
4337.119763371412
 20
1679.073960291997
 30
0.0
 11
4334.299763372112
 21
1679.073960291997
 31
0.0
  0
LINE
  5
186F
330
14FD
100
AcDbEntity
  8
AKS OLCU (BEYKENT)
 62
     0
440
 16777216
370
    -2
100
AcDbLine
 10
4334.119763372112
 20
1669.073960291997
 30
0.0
 11
4334.119763372112
 21
1663.073960291997
 31
0.0
  0
LINE
  5
1870
330
14FD
100
AcDbEntity
  8
AKS OLCU (BEYKENT)
 62
     0
440
 16777216
370
    -2
100
AcDbLine
 10
4334.119763372112
 20
1679.073960291997
 30
0.0
 11
4334.119763372112
 21
1685.073960291997
 31
0.0
  0
LINE
  5
1871
330
14FD
100
AcDbEntity
  8
AKS OLCU (BEYKENT)
 62
     0
440
 16777216
370
    -2
100
AcDbLine
 10
4334.119763372112
 20
1669.073960291997
 30
0.0
 11
4334.119763372112
 21
1679.073960291997
 31
0.0
  0
LINE
  5
1872
330
14FD
100
AcDbEntity
  8
AKS OLCU (BEYKENT)
 62
     0
440
 16777216
370
    -2
100
AcDbLine
 10
4337.119763372112
 20
1676.073960291997
 30
0.0
 11
4331.119763372112
 21
1682.073960291997
 31
0.0
  0
LINE
  5
1873
330
14FD
100
AcDbEntity
  8
AKS OLCU (BEYKENT)
 62
     0
440
 16777216
370
    -2
100
AcDbLine
 10
4337.119763372112
 20
1666.073960291997
 30
0.0
 11
4331.119763372112
 21
1672.073960291998
 31
0.0
  0
MTEXT
  5
1874
330
14FD
100
AcDbEntity
  8
AKS OLCU (BEYKENT)
 62
     7
440
 16777216
100
AcDbMText
 10
4325.995966948452
 20
1674.073960291996
 30
0.0
 40
12.0
 41
0.0
 46
0.0
 71
     5
 72
     1
  1
\A1;10
  7
YAZI (BEYKENT)
 11
0.0000000000000001
 21
1.0
 31
0.0
 73
     1
 44
1.0
  0
POINT
  5
1875
330
14FD
100
AcDbEntity
  8
Defpoints
 62
     0
440
 16777216
100
AcDbPoint
 10
4334.119763371413
 20
1669.073960291997
 30
0.0
  0
POINT
  5
1876
330
14FD
100
AcDbEntity
  8
Defpoints
 62
     0
440
 16777216
100
AcDbPoint
 10
4334.119763371413
 20
1679.073960291997
 30
0.0
  0
POINT
  5
1877
330
14FD
100
AcDbEntity
  8
Defpoints
 62
     0
440
 16777216
100
AcDbPoint
 10
4334.119763372112
 20
1679.073960291997
 30
0.0
  0
ENDBLK
  5
14FF
330
14FD
100
AcDbEntity
  8
0
100
AcDbBlockEnd
  0
BLOCK
  5
150C
330
150B
100
AcDbEntity
  8
0
100
AcDbBlockBegin
  2
*D193
 70
     1
 10
0.0
 20
0.0
 30
0.0
  3
*D193
  1

  0
LINE
  5
1878
330
150B
100
AcDbEntity
  8
AKS OLCU (BEYKENT)
 62
     0
440
 16777216
370
    -2
100
AcDbLine
 10
4337.119763371412
 20
1679.073960291997
 30
0.0
 11
4334.299763372112
 21
1679.073960291997
 31
0.0
  0
LINE
  5
1879
330
150B
100
AcDbEntity
  8
AKS OLCU (BEYKENT)
 62
     0
440
 16777216
370
    -2
100
AcDbLine
 10
4337.119763371412
 20
1799.073960291998
 30
0.0
 11
4334.299763372112
 21
1799.073960291998
 31
0.0
  0
LINE
  5
187A
330
150B
100
AcDbEntity
  8
AKS OLCU (BEYKENT)
 62
     0
440
 16777216
370
    -2
100
AcDbLine
 10
4334.119763372112
 20
1679.073960291997
 30
0.0
 11
4334.119763372112
 21
1799.073960291998
 31
0.0
  0
LINE
  5
187B
330
150B
100
AcDbEntity
  8
AKS OLCU (BEYKENT)
 62
     0
440
 16777216
370
    -2
100
AcDbLine
 10
4337.119763372112
 20
1796.073960291997
 30
0.0
 11
4331.119763372112
 21
1802.073960291997
 31
0.0
  0
LINE
  5
187C
330
150B
100
AcDbEntity
  8
AKS OLCU (BEYKENT)
 62
     0
440
 16777216
370
    -2
100
AcDbLine
 10
4337.119763372112
 20
1676.073960291997
 30
0.0
 11
4331.119763372112
 21
1682.073960291997
 31
0.0
  0
MTEXT
  5
187D
330
150B
100
AcDbEntity
  8
AKS OLCU (BEYKENT)
 62
     7
440
 16777216
100
AcDbMText
 10
4325.995966948452
 20
1739.073960291996
 30
0.0
 40
12.0
 41
0.0
 46
0.0
 71
     5
 72
     1
  1
\A1;120
  7
YAZI (BEYKENT)
 11
0.0000000000000001
 21
1.0
 31
0.0
 73
     1
 44
1.0
  0
POINT
  5
187E
330
150B
100
AcDbEntity
  8
Defpoints
 62
     0
440
 16777216
100
AcDbPoint
 10
4334.119763371413
 20
1679.073960291997
 30
0.0
  0
POINT
  5
187F
330
150B
100
AcDbEntity
  8
Defpoints
 62
     0
440
 16777216
100
AcDbPoint
 10
4334.119763371413
 20
1799.073960291998
 30
0.0
  0
POINT
  5
1880
330
150B
100
AcDbEntity
  8
Defpoints
 62
     0
440
 16777216
100
AcDbPoint
 10
4334.119763372112
 20
1799.073960291998
 30
0.0
  0
ENDBLK
  5
150D
330
150B
100
AcDbEntity
  8
0
100
AcDbBlockEnd
  0
BLOCK
  5
1518
330
1517
100
AcDbEntity
  8
0
100
AcDbBlockBegin
  2
*D194
 70
     1
 10
0.0
 20
0.0
 30
0.0
  3
*D194
  1

  0
LINE
  5
1881
330
1517
100
AcDbEntity
  8
AKS OLCU (BEYKENT)
 62
     0
440
 16777216
370
    -2
100
AcDbLine
 10
4337.119763371412
 20
1799.073960291998
 30
0.0
 11
4334.299763372113
 21
1799.073960291998
 31
0.0
  0
LINE
  5
1882
330
1517
100
AcDbEntity
  8
AKS OLCU (BEYKENT)
 62
     0
440
 16777216
370
    -2
100
AcDbLine
 10
4337.119763371412
 20
2149.073960291998
 30
0.0
 11
4334.299763372112
 21
2149.073960291998
 31
0.0
  0
LINE
  5
1883
330
1517
100
AcDbEntity
  8
AKS OLCU (BEYKENT)
 62
     0
440
 16777216
370
    -2
100
AcDbLine
 10
4334.119763372113
 20
1799.073960291998
 30
0.0
 11
4334.119763372112
 21
2149.073960291998
 31
0.0
  0
LINE
  5
1884
330
1517
100
AcDbEntity
  8
AKS OLCU (BEYKENT)
 62
     0
440
 16777216
370
    -2
100
AcDbLine
 10
4337.119763372112
 20
2146.073960291998
 30
0.0
 11
4331.119763372112
 21
2152.073960291998
 31
0.0
  0
LINE
  5
1885
330
1517
100
AcDbEntity
  8
AKS OLCU (BEYKENT)
 62
     0
440
 16777216
370
    -2
100
AcDbLine
 10
4337.119763372113
 20
1796.073960291997
 30
0.0
 11
4331.119763372113
 21
1802.073960291997
 31
0.0
  0
MTEXT
  5
1886
330
1517
100
AcDbEntity
  8
AKS OLCU (BEYKENT)
 62
     7
440
 16777216
100
AcDbMText
 10
4325.995966948453
 20
1974.073960291996
 30
0.0
 40
12.0
 41
0.0
 46
0.0
 71
     5
 72
     1
  1
\A1;350
  7
YAZI (BEYKENT)
 11
0.0000000000000001
 21
1.0
 31
0.0
 73
     1
 44
1.0
  0
POINT
  5
1887
330
1517
100
AcDbEntity
  8
Defpoints
 62
     0
440
 16777216
100
AcDbPoint
 10
4334.119763371413
 20
1799.073960291998
 30
0.0
  0
POINT
  5
1888
330
1517
100
AcDbEntity
  8
Defpoints
 62
     0
440
 16777216
100
AcDbPoint
 10
4334.119763371413
 20
2149.073960291998
 30
0.0
  0
POINT
  5
1889
330
1517
100
AcDbEntity
  8
Defpoints
 62
     0
440
 16777216
100
AcDbPoint
 10
4334.119763372112
 20
2149.073960291998
 30
0.0
  0
ENDBLK
  5
1519
330
1517
100
AcDbEntity
  8
0
100
AcDbBlockEnd
  0
BLOCK
  5
1524
330
1523
100
AcDbEntity
  8
0
100
AcDbBlockBegin
  2
*D195
 70
     1
 10
0.0
 20
0.0
 30
0.0
  3
*D195
  1

  0
LINE
  5
188A
330
1523
100
AcDbEntity
  8
AKS OLCU (BEYKENT)
 62
     0
440
 16777216
370
    -2
100
AcDbLine
 10
4337.119763371412
 20
2149.073960291998
 30
0.0
 11
4334.299763372112
 21
2149.073960291998
 31
0.0
  0
LINE
  5
188B
330
1523
100
AcDbEntity
  8
AKS OLCU (BEYKENT)
 62
     0
440
 16777216
370
    -2
100
AcDbLine
 10
4337.119763371412
 20
2299.073960291998
 30
0.0
 11
4334.299763372112
 21
2299.073960291998
 31
0.0
  0
LINE
  5
188C
330
1523
100
AcDbEntity
  8
AKS OLCU (BEYKENT)
 62
     0
440
 16777216
370
    -2
100
AcDbLine
 10
4334.119763372112
 20
2149.073960291998
 30
0.0
 11
4334.119763372112
 21
2299.073960291998
 31
0.0
  0
LINE
  5
188D
330
1523
100
AcDbEntity
  8
AKS OLCU (BEYKENT)
 62
     0
440
 16777216
370
    -2
100
AcDbLine
 10
4337.119763372112
 20
2296.073960291998
 30
0.0
 11
4331.119763372112
 21
2302.073960291997
 31
0.0
  0
LINE
  5
188E
330
1523
100
AcDbEntity
  8
AKS OLCU (BEYKENT)
 62
     0
440
 16777216
370
    -2
100
AcDbLine
 10
4337.119763372112
 20
2146.073960291998
 30
0.0
 11
4331.119763372112
 21
2152.073960291998
 31
0.0
  0
MTEXT
  5
188F
330
1523
100
AcDbEntity
  8
AKS OLCU (BEYKENT)
 62
     7
440
 16777216
100
AcDbMText
 10
4325.995966948453
 20
2224.073960291996
 30
0.0
 40
12.0
 41
0.0
 46
0.0
 71
     5
 72
     1
  1
\A1;150
  7
YAZI (BEYKENT)
 11
0.0000000000000001
 21
1.0
 31
0.0
 73
     1
 44
1.0
  0
POINT
  5
1890
330
1523
100
AcDbEntity
  8
Defpoints
 62
     0
440
 16777216
100
AcDbPoint
 10
4334.119763371413
 20
2149.073960291998
 30
0.0
  0
POINT
  5
1891
330
1523
100
AcDbEntity
  8
Defpoints
 62
     0
440
 16777216
100
AcDbPoint
 10
4334.119763371413
 20
2299.073960291998
 30
0.0
  0
POINT
  5
1892
330
1523
100
AcDbEntity
  8
Defpoints
 62
     0
440
 16777216
100
AcDbPoint
 10
4334.119763372112
 20
2299.073960291998
 30
0.0
  0
ENDBLK
  5
1525
330
1523
100
AcDbEntity
  8
0
100
AcDbBlockEnd
  0
ENDSEC
  0
SECTION
  2
ENTITIES
  0
HATCH
  5
C19
330
1F
100
AcDbEntity
  8
TARAMA (BEYKENT)
100
AcDbHatch
 10
0.0
 20
0.0
 30
0.0
210
0.0
220
0.0
230
1.0
  2
ANSI33
 70
     0
 71
     1
 91
        1
 92
        1
 93
        4
 72
     1
 10
2054.119865040419
 20
2124.073960291997
 11
2079.119865040419
 21
2124.073960291997
 72
     1
 10
2079.119865040419
 20
2124.073960291997
 11
2079.119865040419
 21
2299.073960291996
 72
     1
 10
2079.119865040419
 20
2299.073960291996
 11
2054.119865040419
 21
2299.073960291996
 72
     1
 10
2054.119865040419
 20
2299.073960291996
 11
2054.119865040419
 21
2124.073960291997
 97
        1
330
104F
 75
     0
 76
     1
 52
0.0
 41
1.0
 77
     0
 78
     2
 53
45.0
 43
-86449.58926798222
 44
-21634.38075289194
 45
-4.490128060534576
 46
4.490128060534576
 79
     0
 53
45.0
 43
-86445.0991379822
 44
-21634.38075289194
 45
-4.490128060534576
 46
4.490128060534576
 79
     2
 49
3.174999999999999
 49
-1.587499999999999
 98
        1
 10
-86449.58926798222
 20
-21634.38075289194
  0
HATCH
  5
C1A
330
1F
100
AcDbEntity
  8
TARAMA (BEYKENT)
100
AcDbHatch
 10
0.0
 20
0.0
 30
0.0
210
0.0
220
0.0
230
1.0
  2
ANSI33
 70
     0
 71
     1
 91
        1
 92
        1
 93
        4
 72
     1
 10
2569.119865040419
 20
2239.073960291997
 11
2599.119865040419
 21
2239.073960291997
 72
     1
 10
2599.119865040419
 20
2239.073960291997
 11
2599.119865040419
 21
2299.073960291996
 72
     1
 10
2599.119865040419
 20
2299.073960291996
 11
2569.119865040419
 21
2299.073960291996
 72
     1
 10
2569.119865040419
 20
2299.073960291996
 11
2569.119865040419
 21
2239.073960291997
 97
        1
330
1052
 75
     0
 76
     1
 52
0.0
 41
1.0
 77
     0
 78
     2
 53
45.0
 43
-86449.58926798222
 44
-21634.38075289194
 45
-4.490128060534576
 46
4.490128060534576
 79
     0
 53
45.0
 43
-86445.0991379822
 44
-21634.38075289194
 45
-4.490128060534576
 46
4.490128060534576
 79
     2
 49
3.174999999999999
 49
-1.587499999999999
 98
        1
 10
-86449.58926798222
 20
-21634.38075289194
  0
HATCH
  5
C1B
330
1F
100
AcDbEntity
  8
TARAMA (BEYKENT)
100
AcDbHatch
 10
0.0
 20
0.0
 30
0.0
210
0.0
220
0.0
230
1.0
  2
ANSI33
 70
     0
 71
     1
 91
        1
 92
        1
 93
        4
 72
     1
 10
2959.119865040419
 20
2124.073960291997
 11
2984.119865040419
 21
2124.073960291997
 72
     1
 10
2984.119865040419
 20
2124.073960291997
 11
2984.119865040419
 21
2299.073960291996
 72
     1
 10
2984.119865040419
 20
2299.073960291996
 11
2959.119865040419
 21
2299.073960291996
 72
     1
 10
2959.119865040419
 20
2299.073960291996
 11
2959.119865040419
 21
2124.073960291997
 97
        1
330
1055
 75
     0
 76
     1
 52
0.0
 41
1.0
 77
     0
 78
     2
 53
45.0
 43
-86449.58926798222
 44
-21634.38075289194
 45
-4.490128060534576
 46
4.490128060534576
 79
     0
 53
45.0
 43
-86445.0991379822
 44
-21634.38075289194
 45
-4.490128060534576
 46
4.490128060534576
 79
     2
 49
3.174999999999999
 49
-1.587499999999999
 98
        1
 10
-86449.58926798222
 20
-21634.38075289194
  0
HATCH
  5
C1C
330
1F
100
AcDbEntity
  8
TARAMA (BEYKENT)
100
AcDbHatch
 10
0.0
 20
0.0
 30
0.0
210
0.0
220
0.0
230
1.0
  2
ANSI33
 70
     0
 71
     1
 91
        1
 92
        1
 93
        4
 72
     1
 10
3349.119865040419
 20
2239.073960291997
 11
3379.119865040419
 21
2239.073960291997
 72
     1
 10
3379.119865040419
 20
2239.073960291997
 11
3379.119865040419
 21
2299.073960291996
 72
     1
 10
3379.119865040419
 20
2299.073960291996
 11
3349.119865040419
 21
2299.073960291996
 72
     1
 10
3349.119865040419
 20
2299.073960291996
 11
3349.119865040419
 21
2239.073960291997
 97
        1
330
1058
 75
     0
 76
     1
 52
0.0
 41
1.0
 77
     0
 78
     2
 53
45.0
 43
-86449.58926798222
 44
-21634.38075289194
 45
-4.490128060534576
 46
4.490128060534576
 79
     0
 53
45.0
 43
-86445.0991379822
 44
-21634.38075289194
 45
-4.490128060534576
 46
4.490128060534576
 79
     2
 49
3.174999999999999
 49
-1.587499999999999
 98
        1
 10
-86449.58926798222
 20
-21634.38075289194
  0
HATCH
  5
C1D
330
1F
100
AcDbEntity
  8
TARAMA (BEYKENT)
100
AcDbHatch
 10
0.0
 20
0.0
 30
0.0
210
0.0
220
0.0
230
1.0
  2
ANSI33
 70
     0
 71
     1
 91
        1
 92
        1
 93
        4
 72
     1
 10
3869.119865040419
 20
2124.073960291997
 11
3894.119865040419
 21
2124.073960291997
 72
     1
 10
3894.119865040419
 20
2124.073960291997
 11
3894.119865040419
 21
2299.073960291996
 72
     1
 10
3894.119865040419
 20
2299.073960291996
 11
3869.119865040419
 21
2299.073960291996
 72
     1
 10
3869.119865040419
 20
2299.073960291996
 11
3869.119865040419
 21
2124.073960291997
 97
        1
330
105B
 75
     0
 76
     1
 52
0.0
 41
1.0
 77
     0
 78
     2
 53
45.0
 43
-86449.58926798222
 44
-21634.38075289194
 45
-4.490128060534576
 46
4.490128060534576
 79
     0
 53
45.0
 43
-86445.0991379822
 44
-21634.38075289194
 45
-4.490128060534576
 46
4.490128060534576
 79
     2
 49
3.174999999999999
 49
-1.587499999999999
 98
        1
 10
-86449.58926798222
 20
-21634.38075289194
  0
HATCH
  5
C1E
330
1F
100
AcDbEntity
  8
TARAMA (BEYKENT)
100
AcDbHatch
 10
0.0
 20
0.0
 30
0.0
210
0.0
220
0.0
230
1.0
  2
ANSI33
 70
     0
 71
     1
 91
        1
 92
        1
 93
        4
 72
     1
 10
1759.119865040418
 20
2089.073960291997
 11
1789.119865040418
 21
2089.073960291997
 72
     1
 10
1789.119865040418
 20
2089.073960291997
 11
1789.119865040418
 21
2149.073960291997
 72
     1
 10
1789.119865040418
 20
2149.073960291997
 11
1759.119865040418
 21
2149.073960291997
 72
     1
 10
1759.119865040418
 20
2149.073960291997
 11
1759.119865040418
 21
2089.073960291997
 97
        1
330
105E
 75
     0
 76
     1
 52
0.0
 41
1.0
 77
     0
 78
     2
 53
45.0
 43
-86449.58926798222
 44
-21634.38075289194
 45
-4.490128060534576
 46
4.490128060534576
 79
     0
 53
45.0
 43
-86445.0991379822
 44
-21634.38075289194
 45
-4.490128060534576
 46
4.490128060534576
 79
     2
 49
3.174999999999999
 49
-1.587499999999999
 98
        1
 10
-86449.58926798222
 20
-21634.38075289194
  0
HATCH
  5
C1F
330
1F
100
AcDbEntity
  8
TARAMA (BEYKENT)
100
AcDbHatch
 10
0.0
 20
0.0
 30
0.0
210
0.0
220
0.0
230
1.0
  2
ANSI33
 70
     0
 71
     1
 91
        1
 92
        1
 93
        4
 72
     1
 10
4159.119865040419
 20
2089.073960291997
 11
4189.119865040418
 21
2089.073960291997
 72
     1
 10
4189.119865040418
 20
2089.073960291997
 11
4189.119865040418
 21
2149.073960291997
 72
     1
 10
4189.119865040418
 20
2149.073960291997
 11
4159.119865040419
 21
2149.073960291997
 72
     1
 10
4159.119865040419
 20
2149.073960291997
 11
4159.119865040419
 21
2089.073960291997
 97
        1
330
1061
 75
     0
 76
     1
 52
0.0
 41
1.0
 77
     0
 78
     2
 53
45.0
 43
-86449.58926798222
 44
-21634.38075289194
 45
-4.490128060534576
 46
4.490128060534576
 79
     0
 53
45.0
 43
-86445.0991379822
 44
-21634.38075289194
 45
-4.490128060534576
 46
4.490128060534576
 79
     2
 49
3.174999999999999
 49
-1.587499999999999
 98
        1
 10
-86449.58926798222
 20
-21634.38075289194
  0
HATCH
  5
C20
330
1F
100
AcDbEntity
  8
TARAMA (BEYKENT)
100
AcDbHatch
 10
0.0
 20
0.0
 30
0.0
210
0.0
220
0.0
230
1.0
  2
ANSI33
 70
     0
 71
     1
 91
        1
 92
        1
 93
        4
 72
     1
 10
2054.119865040419
 20
1799.073960291996
 11
2084.119865040419
 21
1799.073960291996
 72
     1
 10
2084.119865040419
 20
1799.073960291996
 11
2084.119865040419
 21
1859.073960291997
 72
     1
 10
2084.119865040419
 20
1859.073960291997
 11
2054.119865040419
 21
1859.073960291997
 72
     1
 10
2054.119865040419
 20
1859.073960291997
 11
2054.119865040419
 21
1799.073960291996
 97
        1
330
1064
 75
     0
 76
     1
 52
0.0
 41
1.0
 77
     0
 78
     2
 53
45.0
 43
-86449.58926798222
 44
-21634.38075289194
 45
-4.490128060534576
 46
4.490128060534576
 79
     0
 53
45.0
 43
-86445.0991379822
 44
-21634.38075289194
 45
-4.490128060534576
 46
4.490128060534576
 79
     2
 49
3.174999999999999
 49
-1.587499999999999
 98
        1
 10
-86449.58926798222
 20
-21634.38075289194
  0
HATCH
  5
C21
330
1F
100
AcDbEntity
  8
TARAMA (BEYKENT)
100
AcDbHatch
 10
0.0
 20
0.0
 30
0.0
210
0.0
220
0.0
230
1.0
  2
ANSI33
 70
     0
 71
     1
 91
        1
 92
        1
 93
        4
 72
     1
 10
2569.119865040419
 20
1799.073960291996
 11
2599.119865040419
 21
1799.073960291996
 72
     1
 10
2599.119865040419
 20
1799.073960291996
 11
2599.119865040419
 21
1859.073960291997
 72
     1
 10
2599.119865040419
 20
1859.073960291997
 11
2569.119865040419
 21
1859.073960291997
 72
     1
 10
2569.119865040419
 20
1859.073960291997
 11
2569.119865040419
 21
1799.073960291996
 97
        1
330
1067
 75
     0
 76
     1
 52
0.0
 41
1.0
 77
     0
 78
     2
 53
45.0
 43
-86449.58926798222
 44
-21634.38075289194
 45
-4.490128060534576
 46
4.490128060534576
 79
     0
 53
45.0
 43
-86445.0991379822
 44
-21634.38075289194
 45
-4.490128060534576
 46
4.490128060534576
 79
     2
 49
3.174999999999999
 49
-1.587499999999999
 98
        1
 10
-86449.58926798222
 20
-21634.38075289194
  0
HATCH
  5
C22
330
1F
100
AcDbEntity
  8
TARAMA (BEYKENT)
100
AcDbHatch
 10
0.0
 20
0.0
 30
0.0
210
0.0
220
0.0
230
1.0
  2
ANSI33
 70
     0
 71
     1
 91
        1
 92
        1
 93
        4
 72
     1
 10
3349.119865040419
 20
1799.073960291996
 11
3379.119865040419
 21
1799.073960291996
 72
     1
 10
3379.119865040419
 20
1799.073960291996
 11
3379.119865040419
 21
1859.073960291997
 72
     1
 10
3379.119865040419
 20
1859.073960291997
 11
3349.119865040419
 21
1859.073960291997
 72
     1
 10
3349.119865040419
 20
1859.073960291997
 11
3349.119865040419
 21
1799.073960291996
 97
        1
330
106A
 75
     0
 76
     1
 52
0.0
 41
1.0
 77
     0
 78
     2
 53
45.0
 43
-86449.58926798222
 44
-21634.38075289194
 45
-4.490128060534576
 46
4.490128060534576
 79
     0
 53
45.0
 43
-86445.0991379822
 44
-21634.38075289194
 45
-4.490128060534576
 46
4.490128060534576
 79
     2
 49
3.174999999999999
 49
-1.587499999999999
 98
        1
 10
-86449.58926798222
 20
-21634.38075289194
  0
HATCH
  5
C23
330
1F
100
AcDbEntity
  8
TARAMA (BEYKENT)
100
AcDbHatch
 10
0.0
 20
0.0
 30
0.0
210
0.0
220
0.0
230
1.0
  2
ANSI33
 70
     0
 71
     1
 91
        1
 92
        1
 93
        4
 72
     1
 10
3864.119865040418
 20
1799.073960291996
 11
3894.119865040419
 21
1799.073960291996
 72
     1
 10
3894.119865040419
 20
1799.073960291996
 11
3894.119865040419
 21
1859.073960291997
 72
     1
 10
3894.119865040419
 20
1859.073960291997
 11
3864.119865040418
 21
1859.073960291997
 72
     1
 10
3864.119865040418
 20
1859.073960291997
 11
3864.119865040418
 21
1799.073960291996
 97
        1
330
106D
 75
     0
 76
     1
 52
0.0
 41
1.0
 77
     0
 78
     2
 53
45.0
 43
-86449.58926798222
 44
-21634.38075289194
 45
-4.490128060534576
 46
4.490128060534576
 79
     0
 53
45.0
 43
-86445.0991379822
 44
-21634.38075289194
 45
-4.490128060534576
 46
4.490128060534576
 79
     2
 49
3.174999999999999
 49
-1.587499999999999
 98
        1
 10
-86449.58926798222
 20
-21634.38075289194
  0
HATCH
  5
C24
330
1F
100
AcDbEntity
  8
TARAMA (BEYKENT)
100
AcDbHatch
 10
0.0
 20
0.0
 30
0.0
210
0.0
220
0.0
230
1.0
  2
ANSI33
 70
     0
 71
     1
 91
        1
 92
        1
 93
        4
 72
     1
 10
1759.119865040418
 20
1669.073960291996
 11
1914.119865040418
 21
1669.073960291996
 72
     1
 10
1914.119865040418
 20
1669.073960291996
 11
1914.119865040418
 21
1694.073960291996
 72
     1
 10
1914.119865040418
 20
1694.073960291996
 11
1759.119865040418
 21
1694.073960291996
 72
     1
 10
1759.119865040418
 20
1694.073960291996
 11
1759.119865040418
 21
1669.073960291996
 97
        1
330
1070
 75
     0
 76
     1
 52
0.0
 41
1.0
 77
     0
 78
     2
 53
45.0
 43
-86449.58926798222
 44
-21634.38075289194
 45
-4.490128060534576
 46
4.490128060534576
 79
     0
 53
45.0
 43
-86445.0991379822
 44
-21634.38075289194
 45
-4.490128060534576
 46
4.490128060534576
 79
     2
 49
3.174999999999999
 49
-1.587499999999999
 98
        1
 10
-86449.58926798222
 20
-21634.38075289194
  0
HATCH
  5
C25
330
1F
100
AcDbEntity
  8
TARAMA (BEYKENT)
100
AcDbHatch
 10
0.0
 20
0.0
 30
0.0
210
0.0
220
0.0
230
1.0
  2
ANSI33
 70
     0
 71
     1
 91
        1
 92
        1
 93
        4
 72
     1
 10
3534.119865040419
 20
1504.073960291997
 11
3559.119865040419
 21
1504.073960291997
 72
     1
 10
3559.119865040419
 20
1504.073960291997
 11
3559.119865040419
 21
1679.073960291997
 72
     1
 10
3559.119865040419
 20
1679.073960291997
 11
3534.119865040419
 21
1679.073960291997
 72
     1
 10
3534.119865040419
 20
1679.073960291997
 11
3534.119865040419
 21
1504.073960291997
 97
        1
330
1073
 75
     0
 76
     1
 52
0.0
 41
1.0
 77
     0
 78
     2
 53
45.0
 43
-86449.58926798222
 44
-21634.38075289194
 45
-4.490128060534576
 46
4.490128060534576
 79
     0
 53
45.0
 43
-86445.0991379822
 44
-21634.38075289194
 45
-4.490128060534576
 46
4.490128060534576
 79
     2
 49
3.174999999999999
 49
-1.587499999999999
 98
        1
 10
-86449.58926798222
 20
-21634.38075289194
  0
HATCH
  5
C26
330
1F
100
AcDbEntity
  8
TARAMA (BEYKENT)
100
AcDbHatch
 10
0.0
 20
0.0
 30
0.0
210
0.0
220
0.0
230
1.0
  2
ANSI33
 70
     0
 71
     1
 91
        1
 92
        1
 93
        4
 72
     1
 10
4039.119865040418
 20
1654.073960291996
 11
4189.119865040418
 21
1654.073960291996
 72
     1
 10
4189.119865040418
 20
1654.073960291996
 11
4189.119865040418
 21
1679.073960291997
 72
     1
 10
4189.119865040418
 20
1679.073960291997
 11
4039.119865040418
 21
1679.073960291997
 72
     1
 10
4039.119865040418
 20
1679.073960291997
 11
4039.119865040418
 21
1654.073960291996
 97
        1
330
1076
 75
     0
 76
     1
 52
0.0
 41
1.0
 77
     0
 78
     2
 53
45.0
 43
-86449.58926798222
 44
-21634.38075289194
 45
-4.490128060534576
 46
4.490128060534576
 79
     0
 53
45.0
 43
-86445.0991379822
 44
-21634.38075289194
 45
-4.490128060534576
 46
4.490128060534576
 79
     2
 49
3.174999999999999
 49
-1.587499999999999
 98
        1
 10
-86449.58926798222
 20
-21634.38075289194
  0
HATCH
  5
C27
330
1F
100
AcDbEntity
  8
TARAMA (BEYKENT)
100
AcDbHatch
 10
0.0
 20
0.0
 30
0.0
210
0.0
220
0.0
230
1.0
  2
ANSI33
 70
     0
 71
     1
 91
        1
 92
        1
 93
        4
 72
     1
 10
2569.119865040419
 20
1584.073960291997
 11
2629.119865040419
 21
1584.073960291997
 72
     1
 10
2629.119865040419
 20
1584.073960291997
 11
2629.119865040419
 21
1614.073960291997
 72
     1
 10
2629.119865040419
 20
1614.073960291997
 11
2569.119865040419
 21
1614.073960291997
 72
     1
 10
2569.119865040419
 20
1614.073960291997
 11
2569.119865040419
 21
1584.073960291997
 97
        1
330
1079
 75
     0
 76
     1
 52
0.0
 41
1.0
 77
     0
 78
     2
 53
45.0
 43
-86449.58926798222
 44
-21634.38075289194
 45
-4.490128060534576
 46
4.490128060534576
 79
     0
 53
45.0
 43
-86445.0991379822
 44
-21634.38075289194
 45
-4.490128060534576
 46
4.490128060534576
 79
     2
 49
3.174999999999999
 49
-1.587499999999999
 98
        1
 10
-86449.58926798222
 20
-21634.38075289194
  0
HATCH
  5
C28
330
1F
100
AcDbEntity
  8
TARAMA (BEYKENT)
100
AcDbHatch
 10
0.0
 20
0.0
 30
0.0
210
0.0
220
0.0
230
1.0
  2
ANSI33
 70
     0
 71
     1
 91
        1
 92
        1
 93
        4
 72
     1
 10
2959.119865040419
 20
1584.073960291997
 11
2984.119865040419
 21
1584.073960291997
 72
     1
 10
2984.119865040419
 20
1584.073960291997
 11
2984.119865040419
 21
1734.073960291997
 72
     1
 10
2984.119865040419
 20
1734.073960291997
 11
2959.119865040419
 21
1734.073960291997
 72
     1
 10
2959.119865040419
 20
1734.073960291997
 11
2959.119865040419
 21
1584.073960291997
 97
        1
330
107C
 75
     0
 76
     1
 52
0.0
 41
1.0
 77
     0
 78
     2
 53
45.0
 43
-86449.58926798222
 44
-21634.38075289194
 45
-4.490128060534576
 46
4.490128060534576
 79
     0
 53
45.0
 43
-86445.0991379822
 44
-21634.38075289194
 45
-4.490128060534576
 46
4.490128060534576
 79
     2
 49
3.174999999999999
 49
-1.587499999999999
 98
        1
 10
-86449.58926798222
 20
-21634.38075289194
  0
HATCH
  5
C29
330
1F
100
AcDbEntity
  8
TARAMA (BEYKENT)
100
AcDbHatch
 10
0.0
 20
0.0
 30
0.0
210
0.0
220
0.0
230
1.0
  2
ANSI33
 70
     0
 71
     1
 91
        1
 92
        1
 93
        4
 72
     1
 10
3229.119865040419
 20
1584.073960291997
 11
3379.119865040419
 21
1584.073960291997
 72
     1
 10
3379.119865040419
 20
1584.073960291997
 11
3379.119865040419
 21
1609.073960291997
 72
     1
 10
3379.119865040419
 20
1609.073960291997
 11
3229.119865040419
 21
1609.073960291997
 72
     1
 10
3229.119865040419
 20
1609.073960291997
 11
3229.119865040419
 21
1584.073960291997
 97
        1
330
107F
 75
     0
 76
     1
 52
0.0
 41
1.0
 77
     0
 78
     2
 53
45.0
 43
-86449.58926798222
 44
-21634.38075289194
 45
-4.490128060534576
 46
4.490128060534576
 79
     0
 53
45.0
 43
-86445.0991379822
 44
-21634.38075289194
 45
-4.490128060534576
 46
4.490128060534576
 79
     2
 49
3.174999999999999
 49
-1.587499999999999
 98
        1
 10
-86449.58926798222
 20
-21634.38075289194
  0
HATCH
  5
C2A
330
1F
100
AcDbEntity
  8
TARAMA (BEYKENT)
100
AcDbHatch
 10
0.0
 20
0.0
 30
0.0
210
0.0
220
0.0
230
1.0
  2
ANSI33
 70
     0
 71
     1
 91
        1
 92
        1
 93
        4
 72
     1
 10
2389.119965040423
 20
1409.073960291997
 11
2414.119965040423
 21
1409.073960291997
 72
     1
 10
2414.119965040423
 20
1409.073960291997
 11
2414.119965040423
 21
1609.073960291997
 72
     1
 10
2414.119965040423
 20
1609.073960291997
 11
2389.119965040423
 21
1609.073960291997
 72
     1
 10
2389.119965040423
 20
1609.073960291997
 11
2389.119965040423
 21
1409.073960291997
 97
        1
330
1082
 75
     0
 76
     1
 52
0.0
 41
1.0
 77
     0
 78
     2
 53
45.0
 43
-86449.58926798222
 44
-21634.38075289194
 45
-4.490128060534576
 46
4.490128060534576
 79
     0
 53
45.0
 43
-86445.0991379822
 44
-21634.38075289194
 45
-4.490128060534576
 46
4.490128060534576
 79
     2
 49
3.174999999999999
 49
-1.587499999999999
 98
        1
 10
-86449.58926798222
 20
-21634.38075289194
  0
HATCH
  5
C2B
330
1F
100
AcDbEntity
  8
TARAMA (BEYKENT)
100
AcDbHatch
 10
0.0
 20
0.0
 30
0.0
210
0.0
220
0.0
230
1.0
  2
ANSI33
 70
     0
 71
     1
 91
        1
 92
        1
 93
        4
 72
     1
 10
2569.119865040419
 20
1404.073960291996
 11
2629.119865040419
 21
1404.073960291996
 72
     1
 10
2629.119865040419
 20
1404.073960291996
 11
2629.119865040419
 21
1434.073960291996
 72
     1
 10
2629.119865040419
 20
1434.073960291996
 11
2569.119865040419
 21
1434.073960291996
 72
     1
 10
2569.119865040419
 20
1434.073960291996
 11
2569.119865040419
 21
1404.073960291996
 97
        1
330
1085
 75
     0
 76
     1
 52
0.0
 41
1.0
 77
     0
 78
     2
 53
45.0
 43
-86449.58926798222
 44
-21634.38075289194
 45
-4.490128060534576
 46
4.490128060534576
 79
     0
 53
45.0
 43
-86445.0991379822
 44
-21634.38075289194
 45
-4.490128060534576
 46
4.490128060534576
 79
     2
 49
3.174999999999999
 49
-1.587499999999999
 98
        1
 10
-86449.58926798222
 20
-21634.38075289194
  0
HATCH
  5
C2C
330
1F
100
AcDbEntity
  8
TARAMA (BEYKENT)
100
AcDbHatch
 10
0.0
 20
0.0
 30
0.0
210
0.0
220
0.0
230
1.0
  2
ANSI33
 70
     0
 71
     1
 91
        1
 92
        1
 93
        4
 72
     1
 10
2954.119865040419
 20
1374.073960291996
 11
2984.119865040419
 21
1374.073960291996
 72
     1
 10
2984.119865040419
 20
1374.073960291996
 11
2984.119865040419
 21
1434.073960291996
 72
     1
 10
2984.119865040419
 20
1434.073960291996
 11
2954.119865040419
 21
1434.073960291996
 72
     1
 10
2954.119865040419
 20
1434.073960291996
 11
2954.119865040419
 21
1374.073960291996
 97
        1
330
1088
 75
     0
 76
     1
 52
0.0
 41
1.0
 77
     0
 78
     2
 53
45.0
 43
-86449.58926798222
 44
-21634.38075289194
 45
-4.490128060534576
 46
4.490128060534576
 79
     0
 53
45.0
 43
-86445.0991379822
 44
-21634.38075289194
 45
-4.490128060534576
 46
4.490128060534576
 79
     2
 49
3.174999999999999
 49
-1.587499999999999
 98
        1
 10
-86449.58926798222
 20
-21634.38075289194
  0
HATCH
  5
C2D
330
1F
100
AcDbEntity
  8
TARAMA (BEYKENT)
100
AcDbHatch
 10
0.0
 20
0.0
 30
0.0
210
0.0
220
0.0
230
1.0
  2
ANSI33
 70
     0
 71
     1
 91
        1
 92
        1
 93
        4
 72
     1
 10
1759.119865040418
 20
1324.073960291996
 11
1914.119865040418
 21
1324.073960291996
 72
     1
 10
1914.119865040418
 20
1324.073960291996
 11
1914.119865040418
 21
1349.073960291996
 72
     1
 10
1914.119865040418
 20
1349.073960291996
 11
1759.119865040418
 21
1349.073960291996
 72
     1
 10
1759.119865040418
 20
1349.073960291996
 11
1759.119865040418
 21
1324.073960291996
 97
        1
330
108B
 75
     0
 76
     1
 52
0.0
 41
1.0
 77
     0
 78
     2
 53
45.0
 43
-86449.58926798222
 44
-21634.38075289194
 45
-4.490128060534576
 46
4.490128060534576
 79
     0
 53
45.0
 43
-86445.0991379822
 44
-21634.38075289194
 45
-4.490128060534576
 46
4.490128060534576
 79
     2
 49
3.174999999999999
 49
-1.587499999999999
 98
        1
 10
-86449.58926798222
 20
-21634.38075289194
  0
HATCH
  5
C2E
330
1F
100
AcDbEntity
  8
TARAMA (BEYKENT)
100
AcDbHatch
 10
0.0
 20
0.0
 30
0.0
210
0.0
220
0.0
230
1.0
  2
ANSI33
 70
     0
 71
     1
 91
        1
 92
        1
 93
        6
 72
     1
 10
3484.11991844618
 20
1324.074080291997
 11
3559.119915040421
 21
1324.074080291997
 72
     1
 10
3559.119915040421
 20
1324.074080291997
 11
3559.119915040421
 21
1349.073960291996
 72
     1
 10
3559.119915040421
 20
1349.073960291996
 11
3459.120045040422
 21
1349.073960291996
 72
     1
 10
3459.120045040422
 20
1349.073960291996
 11
3459.120045040422
 21
1083.074060291997
 72
     1
 10
3459.120045040422
 20
1083.074060291997
 11
3484.11991844618
 21
1083.074060291997
 72
     1
 10
3484.11991844618
 20
1083.074060291997
 11
3484.11991844618
 21
1324.074080291997
 97
        1
330
108E
 75
     0
 76
     1
 52
0.0
 41
1.0
 77
     0
 78
     2
 53
45.0
 43
-86449.58926798222
 44
-21634.38075289194
 45
-4.490128060534576
 46
4.490128060534576
 79
     0
 53
45.0
 43
-86445.0991379822
 44
-21634.38075289194
 45
-4.490128060534576
 46
4.490128060534576
 79
     2
 49
3.174999999999999
 49
-1.587499999999999
 98
        1
 10
-86449.58926798222
 20
-21634.38075289194
  0
HATCH
  5
C2F
330
1F
100
AcDbEntity
  8
TARAMA (BEYKENT)
100
AcDbHatch
 10
0.0
 20
0.0
 30
0.0
210
0.0
220
0.0
230
1.0
  2
ANSI33
 70
     0
 71
     1
 91
        1
 92
        1
 93
        4
 72
     1
 10
2054.119865040419
 20
1159.073960291996
 11
2084.119865040419
 21
1159.073960291996
 72
     1
 10
2084.119865040419
 20
1159.073960291996
 11
2084.119865040419
 21
1219.073960291997
 72
     1
 10
2084.119865040419
 20
1219.073960291997
 11
2054.119865040419
 21
1219.073960291997
 72
     1
 10
2054.119865040419
 20
1219.073960291997
 11
2054.119865040419
 21
1159.073960291996
 97
        1
330
1090
 75
     0
 76
     1
 52
0.0
 41
1.0
 77
     0
 78
     2
 53
45.0
 43
-86449.58926798222
 44
-21634.38075289194
 45
-4.490128060534576
 46
4.490128060534576
 79
     0
 53
45.0
 43
-86445.0991379822
 44
-21634.38075289194
 45
-4.490128060534576
 46
4.490128060534576
 79
     2
 49
3.174999999999999
 49
-1.587499999999999
 98
        1
 10
-86449.58926798222
 20
-21634.38075289194
  0
HATCH
  5
C30
330
1F
100
AcDbEntity
  8
TARAMA (BEYKENT)
100
AcDbHatch
 10
0.0
 20
0.0
 30
0.0
210
0.0
220
0.0
230
1.0
  2
ANSI33
 70
     0
 71
     1
 91
        1
 92
        1
 93
        4
 72
     1
 10
2569.119865040419
 20
1159.073960291996
 11
2599.119865040419
 21
1159.073960291996
 72
     1
 10
2599.119865040419
 20
1159.073960291996
 11
2599.119865040419
 21
1219.073960291997
 72
     1
 10
2599.119865040419
 20
1219.073960291997
 11
2569.119865040419
 21
1219.073960291997
 72
     1
 10
2569.119865040419
 20
1219.073960291997
 11
2569.119865040419
 21
1159.073960291996
 97
        1
330
1093
 75
     0
 76
     1
 52
0.0
 41
1.0
 77
     0
 78
     2
 53
45.0
 43
-86449.58926798222
 44
-21634.38075289194
 45
-4.490128060534576
 46
4.490128060534576
 79
     0
 53
45.0
 43
-86445.0991379822
 44
-21634.38075289194
 45
-4.490128060534576
 46
4.490128060534576
 79
     2
 49
3.174999999999999
 49
-1.587499999999999
 98
        1
 10
-86449.58926798222
 20
-21634.38075289194
  0
HATCH
  5
C31
330
1F
100
AcDbEntity
  8
TARAMA (BEYKENT)
100
AcDbHatch
 10
0.0
 20
0.0
 30
0.0
210
0.0
220
0.0
230
1.0
  2
ANSI33
 70
     0
 71
     1
 91
        1
 92
        1
 93
        4
 72
     1
 10
2954.119865040419
 20
1083.073960291996
 11
2984.119865040419
 21
1083.073960291996
 72
     1
 10
2984.119865040419
 20
1083.073960291996
 11
2984.119865040419
 21
1143.073960291997
 72
     1
 10
2984.119865040419
 20
1143.073960291997
 11
2954.119865040419
 21
1143.073960291997
 72
     1
 10
2954.119865040419
 20
1143.073960291997
 11
2954.119865040419
 21
1083.073960291996
 97
        1
330
1096
 75
     0
 76
     1
 52
0.0
 41
1.0
 77
     0
 78
     2
 53
45.0
 43
-86449.58926798222
 44
-21634.38075289194
 45
-4.490128060534576
 46
4.490128060534576
 79
     0
 53
45.0
 43
-86445.0991379822
 44
-21634.38075289194
 45
-4.490128060534576
 46
4.490128060534576
 79
     2
 49
3.174999999999999
 49
-1.587499999999999
 98
        1
 10
-86449.58926798222
 20
-21634.38075289194
  0
HATCH
  5
C32
330
1F
100
AcDbEntity
  8
TARAMA (BEYKENT)
100
AcDbHatch
 10
0.0
 20
0.0
 30
0.0
210
0.0
220
0.0
230
1.0
  2
ANSI33
 70
     0
 71
     1
 91
        1
 92
        1
 93
        4
 72
     1
 10
3234.119865040419
 20
1083.073960291996
 11
3259.119865040419
 21
1083.073960291996
 72
     1
 10
3259.119865040419
 20
1083.073960291996
 11
3259.119865040419
 21
1349.073960291996
 72
     1
 10
3259.119865040419
 20
1349.073960291996
 11
3234.119865040419
 21
1349.073960291996
 72
     1
 10
3234.119865040419
 20
1349.073960291996
 11
3234.119865040419
 21
1083.073960291996
 97
        1
330
1099
 75
     0
 76
     1
 52
0.0
 41
1.0
 77
     0
 78
     2
 53
45.0
 43
-86449.58926798222
 44
-21634.38075289194
 45
-4.490128060534576
 46
4.490128060534576
 79
     0
 53
45.0
 43
-86445.0991379822
 44
-21634.38075289194
 45
-4.490128060534576
 46
4.490128060534576
 79
     2
 49
3.174999999999999
 49
-1.587499999999999
 98
        1
 10
-86449.58926798222
 20
-21634.38075289194
  0
HATCH
  5
C33
330
1F
100
AcDbEntity
  8
TARAMA (BEYKENT)
100
AcDbHatch
 10
0.0
 20
0.0
 30
0.0
210
0.0
220
0.0
230
1.0
  2
ANSI33
 70
     0
 71
     1
 91
        1
 92
        1
 93
        4
 72
     1
 10
1759.119865040418
 20
869.0739602919967
 11
1789.119865040418
 21
869.0739602919967
 72
     1
 10
1789.119865040418
 20
869.0739602919967
 11
1789.119865040418
 21
929.0739602919966
 72
     1
 10
1789.119865040418
 20
929.0739602919966
 11
1759.119865040418
 21
929.0739602919966
 72
     1
 10
1759.119865040418
 20
929.0739602919966
 11
1759.119865040418
 21
869.0739602919967
 97
        1
330
109C
 75
     0
 76
     1
 52
0.0
 41
1.0
 77
     0
 78
     2
 53
45.0
 43
-86449.58926798222
 44
-21634.38075289194
 45
-4.490128060534576
 46
4.490128060534576
 79
     0
 53
45.0
 43
-86445.0991379822
 44
-21634.38075289194
 45
-4.490128060534576
 46
4.490128060534576
 79
     2
 49
3.174999999999999
 49
-1.587499999999999
 98
        1
 10
-86449.58926798222
 20
-21634.38075289194
  0
HATCH
  5
C34
330
1F
100
AcDbEntity
  8
TARAMA (BEYKENT)
100
AcDbHatch
 10
0.0
 20
0.0
 30
0.0
210
0.0
220
0.0
230
1.0
  2
ANSI33
 70
     0
 71
     1
 91
        1
 92
        1
 93
        4
 72
     1
 10
2569.119865040419
 20
869.0739602919967
 11
2599.119865040419
 21
869.0739602919967
 72
     1
 10
2599.119865040419
 20
869.0739602919967
 11
2599.119865040419
 21
929.0739602919966
 72
     1
 10
2599.119865040419
 20
929.0739602919966
 11
2569.119865040419
 21
929.0739602919966
 72
     1
 10
2569.119865040419
 20
929.0739602919966
 11
2569.119865040419
 21
869.0739602919967
 97
        1
330
109F
 75
     0
 76
     1
 52
0.0
 41
1.0
 77
     0
 78
     2
 53
45.0
 43
-86449.58926798222
 44
-21634.38075289194
 45
-4.490128060534576
 46
4.490128060534576
 79
     0
 53
45.0
 43
-86445.0991379822
 44
-21634.38075289194
 45
-4.490128060534576
 46
4.490128060534576
 79
     2
 49
3.174999999999999
 49
-1.587499999999999
 98
        1
 10
-86449.58926798222
 20
-21634.38075289194
  0
HATCH
  5
C35
330
1F
100
AcDbEntity
  8
TARAMA (BEYKENT)
100
AcDbHatch
 10
0.0
 20
0.0
 30
0.0
210
0.0
220
0.0
230
1.0
  2
ANSI33
 70
     0
 71
     1
 91
        1
 92
        1
 93
        4
 72
     1
 10
2954.119865040419
 20
869.0739602919967
 11
2984.119865040419
 21
869.0739602919967
 72
     1
 10
2984.119865040419
 20
869.0739602919967
 11
2984.119865040419
 21
929.0739602919966
 72
     1
 10
2984.119865040419
 20
929.0739602919966
 11
2954.119865040419
 21
929.0739602919966
 72
     1
 10
2954.119865040419
 20
929.0739602919966
 11
2954.119865040419
 21
869.0739602919967
 97
        1
330
10A2
 75
     0
 76
     1
 52
0.0
 41
1.0
 77
     0
 78
     2
 53
45.0
 43
-86449.58926798222
 44
-21634.38075289194
 45
-4.490128060534576
 46
4.490128060534576
 79
     0
 53
45.0
 43
-86445.0991379822
 44
-21634.38075289194
 45
-4.490128060534576
 46
4.490128060534576
 79
     2
 49
3.174999999999999
 49
-1.587499999999999
 98
        1
 10
-86449.58926798222
 20
-21634.38075289194
  0
HATCH
  5
C36
330
1F
100
AcDbEntity
  8
TARAMA (BEYKENT)
100
AcDbHatch
 10
0.0
 20
0.0
 30
0.0
210
0.0
220
0.0
230
1.0
  2
ANSI33
 70
     0
 71
     1
 91
        1
 92
        1
 93
        4
 72
     1
 10
2054.119865040419
 20
719.0739602919966
 11
2079.119865040419
 21
719.0739602919966
 72
     1
 10
2079.119865040419
 20
719.0739602919966
 11
2079.119865040419
 21
894.0739602919967
 72
     1
 10
2079.119865040419
 20
894.0739602919967
 11
2054.119865040419
 21
894.0739602919967
 72
     1
 10
2054.119865040419
 20
894.0739602919967
 11
2054.119865040419
 21
719.0739602919966
 97
        1
330
10A5
 75
     0
 76
     1
 52
0.0
 41
1.0
 77
     0
 78
     2
 53
45.0
 43
-86449.58926798222
 44
-21634.38075289194
 45
-4.490128060534576
 46
4.490128060534576
 79
     0
 53
45.0
 43
-86445.0991379822
 44
-21634.38075289194
 45
-4.490128060534576
 46
4.490128060534576
 79
     2
 49
3.174999999999999
 49
-1.587499999999999
 98
        1
 10
-86449.58926798222
 20
-21634.38075289194
  0
HATCH
  5
C37
330
1F
100
AcDbEntity
  8
TARAMA (BEYKENT)
100
AcDbHatch
 10
0.0
 20
0.0
 30
0.0
210
0.0
220
0.0
230
1.0
  2
ANSI33
 70
     0
 71
     1
 91
        1
 92
        1
 93
        4
 72
     1
 10
2569.119865040419
 20
719.0739602919966
 11
2599.119865040419
 21
719.0739602919966
 72
     1
 10
2599.119865040419
 20
719.0739602919966
 11
2599.119865040419
 21
779.0739602919966
 72
     1
 10
2599.119865040419
 20
779.0739602919966
 11
2569.119865040419
 21
779.0739602919966
 72
     1
 10
2569.119865040419
 20
779.0739602919966
 11
2569.119865040419
 21
719.0739602919966
 97
        1
330
10A8
 75
     0
 76
     1
 52
0.0
 41
1.0
 77
     0
 78
     2
 53
45.0
 43
-86449.58926798222
 44
-21634.38075289194
 45
-4.490128060534576
 46
4.490128060534576
 79
     0
 53
45.0
 43
-86445.0991379822
 44
-21634.38075289194
 45
-4.490128060534576
 46
4.490128060534576
 79
     2
 49
3.174999999999999
 49
-1.587499999999999
 98
        1
 10
-86449.58926798222
 20
-21634.38075289194
  0
TEXT
  5
C38
330
1F
100
AcDbEntity
  8
KOT YAZI (BEYKENT)
100
AcDbText
 10
3377.021566839038
 20
1337.573830993509
 30
0.0
 40
8.0
  1
+19.50
  7
YAZI (BEYKENT)
 11
3377.021566839038
 21
1335.251960291996
 31
0.0
100
AcDbText
 73
     1
  0
HATCH
  5
C39
330
1F
100
AcDbEntity
  8
KOT CIZGISI (BEYKENT)
 62
    18
420
        0
100
AcDbHatch
 10
0.0
 20
0.0
 30
0.0
210
0.0
220
0.0
230
1.0
  2
SOLID
 70
     1
 71
     0
 91
        1
 92
        7
 72
     1
 73
     1
 93
        3
 10
3369.217236635196
 20
1343.095569903806
 42
0.0
 10
3369.217236635196
 20
1336.573830716683
 42
0.0
 10
3375.738975822307
 20
1336.573830716683
 42
0.4142135623730951
 97
        0
 75
     1
 76
     1
 47
0.1085495934889314
 98
        2
 10
3371.677226716805
 20
1338.641361029338
 10
3366.483002907909
 20
1334.393766763605
450
        0
451
        0
460
0.0
461
0.0
452
        0
462
0.0
453
        2
463
0.0
 63
     5
421
      255
463
1.0
 63
     2
421
 16776960
470
LINEAR
1001
GradientColor1ACI
1070
     5
1001
GradientColor2ACI
1070
     2
1001
ACAD
1010
0.0
1020
0.0
1030
0.0
  0
HATCH
  5
C3A
330
1F
100
AcDbEntity
  8
KOT CIZGISI (BEYKENT)
 62
    18
420
        0
100
AcDbHatch
 10
0.0
 20
0.0
 30
0.0
210
0.0
220
0.0
230
1.0
  2
SOLID
 70
     1
 71
     0
 91
        1
 92
        7
 72
     1
 73
     1
 93
        3
 10
3369.217236635196
 20
1336.573830716683
 42
0.0
 10
3362.695497448069
 20
1336.573830716683
 42
0.4142135623730951
 10
3369.217236635196
 20
1330.05209152956
 42
0.0
 97
        0
 75
     1
 76
     1
 47
0.1085495934889314
 98
        2
 10
3371.677226716805
 20
1338.641361029338
 10
3366.483002907909
 20
1334.393766763605
450
        0
451
        0
460
0.0
461
0.0
452
        0
462
0.0
453
        2
463
0.0
 63
     5
421
      255
463
1.0
 63
     2
421
 16776960
470
LINEAR
1001
GradientColor1ACI
1070
     5
1001
GradientColor2ACI
1070
     2
1001
ACAD
1010
0.0
1020
0.0
1030
0.0
  0
LINE
  5
C3B
330
1F
100
AcDbEntity
  8
KOT CIZGISI (BEYKENT)
100
AcDbLine
 10
3369.217236635196
 20
1345.269630088154
 30
0.0
 11
3369.217236635196
 21
1327.878290495842
 31
0.0
1001
sta4cad App2
1004
70
1071
       13
1070
     0
1070
     0
1070
     0
  0
LINE
  5
C3C
330
1F
100
AcDbEntity
  8
KOT CIZGISI (BEYKENT)
100
AcDbLine
 10
3360.521566839037
 20
1336.573830716683
 30
0.0
 11
3400.521566839038
 21
1336.573830716683
 31
0.0
1001
sta4cad App2
1004
70
1071
       13
1070
     0
1070
     0
1070
     0
  0
CIRCLE
  5
C3D
330
1F
100
AcDbEntity
  8
KOT CIZGISI (BEYKENT)
100
AcDbCircle
 10
3369.217236635196
 20
1336.573830716683
 30
0.0
 40
6.521739187123982
1001
sta4cad App2
1004
70
1071
       13
1070
     0
1070
     0
1070
     0
  0
TEXT
  5
C3E
330
1F
100
AcDbEntity
  8
KOT YAZI (BEYKENT)
100
AcDbText
 10
3377.021566839038
 20
1327.573830993509
 30
0.0
 40
8.0
  1
+19.00
  7
YAZI (BEYKENT)
 11
3377.021566839038
 21
1325.251960291996
 31
0.0
100
AcDbText
 73
     1
  0
TEXT
  5
C3F
330
1F
100
AcDbEntity
  8
KOT YAZI (BEYKENT)
100
AcDbText
 10
3109.119865040419
 20
1096.573830993506
 30
0.0
 40
8.0
  1
+16.80
  7
YAZI (BEYKENT)
 11
3109.119865040419
 21
1094.251960291993
 31
0.0
100
AcDbText
 73
     1
  0
HATCH
  5
C40
330
1F
100
AcDbEntity
  8
KOT CIZGISI (BEYKENT)
 62
    18
420
        0
100
AcDbHatch
 10
0.0
 20
0.0
 30
0.0
210
0.0
220
0.0
230
1.0
  2
SOLID
 70
     1
 71
     0
 91
        1
 92
        7
 72
     1
 73
     1
 93
        3
 10
3101.315534836562
 20
1102.095569903802
 42
0.0
 10
3101.315534836562
 20
1095.573830716676
 42
0.0
 10
3107.837274023689
 20
1095.573830716676
 42
0.4142135623730951
 97
        0
 75
     1
 76
     1
 47
0.1085495934889314
 98
        2
 10
3103.775524918186
 20
1097.641361029331
 10
3098.581301109276
 20
1093.393766763598
450
        0
451
        0
460
0.0
461
0.0
452
        0
462
0.0
453
        2
463
0.0
 63
     5
421
      255
463
1.0
 63
     2
421
 16776960
470
LINEAR
1001
GradientColor1ACI
1070
     5
1001
GradientColor2ACI
1070
     2
1001
ACAD
1010
0.0
1020
0.0
1030
0.0
  0
HATCH
  5
C41
330
1F
100
AcDbEntity
  8
KOT CIZGISI (BEYKENT)
 62
    18
420
        0
100
AcDbHatch
 10
0.0
 20
0.0
 30
0.0
210
0.0
220
0.0
230
1.0
  2
SOLID
 70
     1
 71
     0
 91
        1
 92
        7
 72
     1
 73
     1
 93
        3
 10
3101.315534836562
 20
1095.573830716676
 42
0.0
 10
3094.79379564945
 20
1095.573830716676
 42
0.4142135623730951
 10
3101.315534836562
 20
1089.052091529553
 42
0.0
 97
        0
 75
     1
 76
     1
 47
0.1085495934889314
 98
        2
 10
3103.775524918186
 20
1097.641361029331
 10
3098.581301109276
 20
1093.393766763598
450
        0
451
        0
460
0.0
461
0.0
452
        0
462
0.0
453
        2
463
0.0
 63
     5
421
      255
463
1.0
 63
     2
421
 16776960
470
LINEAR
1001
GradientColor1ACI
1070
     5
1001
GradientColor2ACI
1070
     2
1001
ACAD
1010
0.0
1020
0.0
1030
0.0
  0
LINE
  5
C42
330
1F
100
AcDbEntity
  8
KOT CIZGISI (BEYKENT)
100
AcDbLine
 10
3101.315534836562
 20
1104.269630088147
 30
0.0
 11
3101.315534836562
 21
1086.878290495835
 31
0.0
1001
sta4cad App2
1004
70
1071
       13
1070
     0
1070
     0
1070
     0
  0
LINE
  5
C43
330
1F
100
AcDbEntity
  8
KOT CIZGISI (BEYKENT)
100
AcDbLine
 10
3092.619865040419
 20
1095.573830716676
 30
0.0
 11
3132.619865040419
 21
1095.573830716676
 31
0.0
1001
sta4cad App2
1004
70
1071
       13
1070
     0
1070
     0
1070
     0
  0
CIRCLE
  5
C44
330
1F
100
AcDbEntity
  8
KOT CIZGISI (BEYKENT)
100
AcDbCircle
 10
3101.315534836562
 20
1095.573830716676
 30
0.0
 40
6.521739187123982
1001
sta4cad App2
1004
70
1071
       13
1070
     0
1070
     0
1070
     0
  0
TEXT
  5
C45
330
1F
100
AcDbEntity
  8
KOT YAZI (BEYKENT)
100
AcDbText
 10
3109.119865040419
 20
1086.573830993506
 30
0.0
 40
8.0
  1
+16.30
  7
YAZI (BEYKENT)
 11
3109.119865040419
 21
1084.251960291993
 31
0.0
100
AcDbText
 73
     1
  0
TEXT
  5
C46
330
1F
100
AcDbEntity
  8
KOT YAZI (BEYKENT)
100
AcDbText
 10
3377.021623088564
 20
1096.573824743585
 30
0.0
 40
8.0
  1
+19.50
  7
YAZI (BEYKENT)
 11
3377.021623088564
 21
1094.251954042072
 31
0.0
100
AcDbText
 73
     1
  0
HATCH
  5
C47
330
1F
100
AcDbEntity
  8
KOT CIZGISI (BEYKENT)
 62
    18
420
        0
100
AcDbHatch
 10
0.0
 20
0.0
 30
0.0
210
0.0
220
0.0
230
1.0
  2
SOLID
 70
     1
 71
     0
 91
        1
 92
        7
 72
     1
 73
     1
 93
        3
 10
3369.217292884722
 20
1102.095563653882
 42
0.0
 10
3369.217292884722
 20
1095.573824466759
 42
0.0
 10
3375.739032071848
 20
1095.573824466759
 42
0.4142135623730951
 97
        0
 75
     1
 76
     1
 47
0.1085495934889314
 98
        2
 10
3371.677282966331
 20
1097.641354779414
 10
3366.483059157436
 20
1093.393760513682
450
        0
451
        0
460
0.0
461
0.0
452
        0
462
0.0
453
        2
463
0.0
 63
     5
421
      255
463
1.0
 63
     2
421
 16776960
470
LINEAR
1001
GradientColor1ACI
1070
     5
1001
GradientColor2ACI
1070
     2
1001
ACAD
1010
0.0
1020
0.0
1030
0.0
  0
HATCH
  5
C48
330
1F
100
AcDbEntity
  8
KOT CIZGISI (BEYKENT)
 62
    18
420
        0
100
AcDbHatch
 10
0.0
 20
0.0
 30
0.0
210
0.0
220
0.0
230
1.0
  2
SOLID
 70
     1
 71
     0
 91
        1
 92
        7
 72
     1
 73
     1
 93
        3
 10
3369.217292884722
 20
1095.573824466759
 42
0.0
 10
3362.695553697595
 20
1095.573824466759
 42
0.4142135623730951
 10
3369.217292884722
 20
1089.052085279632
 42
0.0
 97
        0
 75
     1
 76
     1
 47
0.1085495934889314
 98
        2
 10
3371.677282966331
 20
1097.641354779414
 10
3366.483059157436
 20
1093.393760513682
450
        0
451
        0
460
0.0
461
0.0
452
        0
462
0.0
453
        2
463
0.0
 63
     5
421
      255
463
1.0
 63
     2
421
 16776960
470
LINEAR
1001
GradientColor1ACI
1070
     5
1001
GradientColor2ACI
1070
     2
1001
ACAD
1010
0.0
1020
0.0
1030
0.0
  0
LINE
  5
C49
330
1F
100
AcDbEntity
  8
KOT CIZGISI (BEYKENT)
100
AcDbLine
 10
3369.217292884722
 20
1104.269623838227
 30
0.0
 11
3369.217292884722
 21
1086.878284245915
 31
0.0
1001
sta4cad App2
1004
70
1071
       13
1070
     0
1070
     0
1070
     0
  0
LINE
  5
C4A
330
1F
100
AcDbEntity
  8
KOT CIZGISI (BEYKENT)
100
AcDbLine
 10
3360.521623088564
 20
1095.573824466759
 30
0.0
 11
3400.521623088564
 21
1095.573824466759
 31
0.0
1001
sta4cad App2
1004
70
1071
       13
1070
     0
1070
     0
1070
     0
  0
CIRCLE
  5
C4B
330
1F
100
AcDbEntity
  8
KOT CIZGISI (BEYKENT)
100
AcDbCircle
 10
3369.217292884722
 20
1095.573824466759
 30
0.0
 40
6.521739187123982
1001
sta4cad App2
1004
70
1071
       13
1070
     0
1070
     0
1070
     0
  0
TEXT
  5
C4C
330
1F
100
AcDbEntity
  8
KOT YAZI (BEYKENT)
100
AcDbText
 10
3377.021623088564
 20
1086.573824743585
 30
0.0
 40
8.0
  1
+19.00
  7
YAZI (BEYKENT)
 11
3377.021623088564
 21
1084.251954042072
 31
0.0
100
AcDbText
 73
     1
  0
TEXT
  5
C4D
330
1F
100
AcDbEntity
  8
DOSEME ISMI (BEYKENT)
100
AcDbText
 10
1859.819865040416
 20
2252.556766344266
 30
0.0
 40
12.0
  1
D5-01 d=15cm
  7
YAZI (BEYKENT)
 11
1859.819865040416
 21
2249.073960291997
 31
0.0
100
AcDbText
 73
     1
  0
LWPOLYLINE
  5
C4E
330
1F
100
AcDbEntity
  8
DOSEME PAFTA (BEYKENT)
100
AcDbPolyline
 90
        4
 70
     1
 43
0.0
 10
1857.819865040416
 20
2266.556760291998
 10
1936.923028726793
 20
2266.556760291998
 42
-1.0
 10
1936.923028726793
 20
2250.556760291998
 10
1857.819865040416
 20
2250.556760291998
 42
-1.0
  0
TEXT
  5
C4F
330
1F
100
AcDbEntity
  8
YUK YAZISI (BEYKENT)
100
AcDbText
 10
1859.819865040416
 20
2236.976298668888
 30
0.0
 40
10.0
  1
Q=2.0kN/m²
  7
YAZI (BEYKENT)
 11
1859.819865040416
 21
2234.073960291997
 31
0.0
100
AcDbText
 73
     1
  0
TEXT
  5
C50
330
1F
100
AcDbEntity
  8
KOT YAZI (BEYKENT)
100
AcDbText
 10
1874.145965040421
 20
2225.39583099351
 30
0.0
 40
8.0
  1
+18.30
  7
YAZI (BEYKENT)
 11
1874.145965040421
 21
2223.073960291997
 31
0.0
100
AcDbText
 73
     1
  0
HATCH
  5
C51
330
1F
100
AcDbEntity
  8
KOT CIZGISI (BEYKENT)
 62
    18
420
        0
100
AcDbHatch
 10
0.0
 20
0.0
 30
0.0
210
0.0
220
0.0
230
1.0
  2
SOLID
 70
     1
 71
     0
 91
        1
 92
        7
 72
     1
 73
     1
 93
        3
 10
1866.341634836579
 20
2230.917569903806
 42
0.0
 10
1866.341634836579
 20
2224.395830716683
 42
0.0
 10
1872.863374023705
 20
2224.395830716683
 42
0.4142135623730951
 97
        0
 75
     1
 76
     1
 47
0.1085495934889314
 98
        2
 10
1868.801624918189
 20
2226.463361029339
 10
1863.607401109293
 20
2222.215766763606
450
        0
451
        0
460
0.0
461
0.0
452
        0
462
0.0
453
        2
463
0.0
 63
     5
421
      255
463
1.0
 63
     2
421
 16776960
470
LINEAR
1001
GradientColor1ACI
1070
     5
1001
GradientColor2ACI
1070
     2
1001
ACAD
1010
0.0
1020
0.0
1030
0.0
  0
HATCH
  5
C52
330
1F
100
AcDbEntity
  8
KOT CIZGISI (BEYKENT)
 62
    18
420
        0
100
AcDbHatch
 10
0.0
 20
0.0
 30
0.0
210
0.0
220
0.0
230
1.0
  2
SOLID
 70
     1
 71
     0
 91
        1
 92
        7
 72
     1
 73
     1
 93
        3
 10
1866.341634836579
 20
2224.395830716683
 42
0.0
 10
1859.819895649452
 20
2224.395830716683
 42
0.4142135623730951
 10
1866.341634836579
 20
2217.87409152956
 42
0.0
 97
        0
 75
     1
 76
     1
 47
0.1085495934889314
 98
        2
 10
1868.801624918189
 20
2226.463361029339
 10
1863.607401109293
 20
2222.215766763606
450
        0
451
        0
460
0.0
461
0.0
452
        0
462
0.0
453
        2
463
0.0
 63
     5
421
      255
463
1.0
 63
     2
421
 16776960
470
LINEAR
1001
GradientColor1ACI
1070
     5
1001
GradientColor2ACI
1070
     2
1001
ACAD
1010
0.0
1020
0.0
1030
0.0
  0
LINE
  5
C53
330
1F
100
AcDbEntity
  8
KOT CIZGISI (BEYKENT)
100
AcDbLine
 10
1866.341634836579
 20
2233.091630088154
 30
0.0
 11
1866.341634836579
 21
2215.700290495843
 31
0.0
1001
sta4cad App2
1004
70
1071
       13
1070
     0
1070
     0
1070
     0
  0
LINE
  5
C54
330
1F
100
AcDbEntity
  8
KOT CIZGISI (BEYKENT)
100
AcDbLine
 10
1857.645965040421
 20
2224.395830716683
 30
0.0
 11
1897.645965040421
 21
2224.395830716683
 31
0.0
1001
sta4cad App2
1004
70
1071
       13
1070
     0
1070
     0
1070
     0
  0
CIRCLE
  5
C55
330
1F
100
AcDbEntity
  8
KOT CIZGISI (BEYKENT)
100
AcDbCircle
 10
1866.341634836579
 20
2224.395830716683
 30
0.0
 40
6.521739187123982
1001
sta4cad App2
1004
70
1071
       13
1070
     0
1070
     0
1070
     0
  0
TEXT
  5
C56
330
1F
100
AcDbEntity
  8
KOT YAZI (BEYKENT)
100
AcDbText
 10
1874.145965040421
 20
2215.39583099351
 30
0.0
 40
8.0
  1
+18.15
  7
YAZI (BEYKENT)
 11
1874.145965040421
 21
2213.073960291997
 31
0.0
100
AcDbText
 73
     1
  0
TEXT
  5
C57
330
1F
100
AcDbEntity
  8
DOSEME ISMI (BEYKENT)
100
AcDbText
 10
2264.819865040416
 20
2077.556766344266
 30
0.0
 40
12.0
  1
D5-02 d=12cm
  7
YAZI (BEYKENT)
 11
2264.819865040416
 21
2074.073960291997
 31
0.0
100
AcDbText
 73
     1
  0
LWPOLYLINE
  5
C58
330
1F
100
AcDbEntity
  8
DOSEME PAFTA (BEYKENT)
100
AcDbPolyline
 90
        4
 70
     1
 43
0.0
 10
2262.819865040416
 20
2091.556760291998
 10
2344.019314834084
 20
2091.556760291998
 42
-1.0
 10
2344.019314834084
 20
2075.556760291998
 10
2262.819865040416
 20
2075.556760291998
 42
-1.0
  0
TEXT
  5
C59
330
1F
100
AcDbEntity
  8
YUK YAZISI (BEYKENT)
100
AcDbText
 10
2264.819865040416
 20
2061.976298668888
 30
0.0
 40
10.0
  1
Q=2.0kN/m²
  7
YAZI (BEYKENT)
 11
2264.819865040416
 21
2059.073960291997
 31
0.0
100
AcDbText
 73
     1
  0
TEXT
  5
C5A
330
1F
100
AcDbEntity
  8
KOT YAZI (BEYKENT)
100
AcDbText
 10
2279.145965040421
 20
2050.39583099351
 30
0.0
 40
8.0
  1
+18.30
  7
YAZI (BEYKENT)
 11
2279.145965040421
 21
2048.073960291997
 31
0.0
100
AcDbText
 73
     1
  0
HATCH
  5
C5B
330
1F
100
AcDbEntity
  8
KOT CIZGISI (BEYKENT)
 62
    18
420
        0
100
AcDbHatch
 10
0.0
 20
0.0
 30
0.0
210
0.0
220
0.0
230
1.0
  2
SOLID
 70
     1
 71
     0
 91
        1
 92
        7
 72
     1
 73
     1
 93
        3
 10
2271.341634836579
 20
2055.917569903806
 42
0.0
 10
2271.341634836579
 20
2049.395830716683
 42
0.0
 10
2277.863374023706
 20
2049.395830716683
 42
0.4142135623730951
 97
        0
 75
     1
 76
     1
 47
0.1085495934889314
 98
        2
 10
2273.801624918204
 20
2051.463361029339
 10
2268.607401109294
 20
2047.215766763602
450
        0
451
        0
460
0.0
461
0.0
452
        0
462
0.0
453
        2
463
0.0
 63
     5
421
      255
463
1.0
 63
     2
421
 16776960
470
LINEAR
1001
GradientColor1ACI
1070
     5
1001
GradientColor2ACI
1070
     2
1001
ACAD
1010
0.0
1020
0.0
1030
0.0
  0
HATCH
  5
C5C
330
1F
100
AcDbEntity
  8
KOT CIZGISI (BEYKENT)
 62
    18
420
        0
100
AcDbHatch
 10
0.0
 20
0.0
 30
0.0
210
0.0
220
0.0
230
1.0
  2
SOLID
 70
     1
 71
     0
 91
        1
 92
        7
 72
     1
 73
     1
 93
        3
 10
2271.341634836579
 20
2049.395830716683
 42
0.0
 10
2264.819895649452
 20
2049.395830716683
 42
0.4142135623730951
 10
2271.341634836579
 20
2042.874091529557
 42
0.0
 97
        0
 75
     1
 76
     1
 47
0.1085495934889314
 98
        2
 10
2273.801624918204
 20
2051.463361029339
 10
2268.607401109294
 20
2047.215766763602
450
        0
451
        0
460
0.0
461
0.0
452
        0
462
0.0
453
        2
463
0.0
 63
     5
421
      255
463
1.0
 63
     2
421
 16776960
470
LINEAR
1001
GradientColor1ACI
1070
     5
1001
GradientColor2ACI
1070
     2
1001
ACAD
1010
0.0
1020
0.0
1030
0.0
  0
LINE
  5
C5D
330
1F
100
AcDbEntity
  8
KOT CIZGISI (BEYKENT)
100
AcDbLine
 10
2271.341634836579
 20
2058.091630088151
 30
0.0
 11
2271.341634836579
 21
2040.700290495839
 31
0.0
1001
sta4cad App2
1004
70
1071
       13
1070
     0
1070
     0
1070
     0
  0
LINE
  5
C5E
330
1F
100
AcDbEntity
  8
KOT CIZGISI (BEYKENT)
100
AcDbLine
 10
2262.645965040421
 20
2049.395830716683
 30
0.0
 11
2302.645965040421
 21
2049.395830716683
 31
0.0
1001
sta4cad App2
1004
70
1071
       13
1070
     0
1070
     0
1070
     0
  0
CIRCLE
  5
C5F
330
1F
100
AcDbEntity
  8
KOT CIZGISI (BEYKENT)
100
AcDbCircle
 10
2271.341634836579
 20
2049.395830716683
 30
0.0
 40
6.521739187123982
1001
sta4cad App2
1004
70
1071
       13
1070
     0
1070
     0
1070
     0
  0
TEXT
  5
C60
330
1F
100
AcDbEntity
  8
KOT YAZI (BEYKENT)
100
AcDbText
 10
2279.145965040421
 20
2040.39583099351
 30
0.0
 40
8.0
  1
+18.18
  7
YAZI (BEYKENT)
 11
2279.145965040421
 21
2038.073960291997
 31
0.0
100
AcDbText
 73
     1
  0
TEXT
  5
C61
330
1F
100
AcDbEntity
  8
DOSEME ISMI (BEYKENT)
100
AcDbText
 10
2927.319865040416
 20
2352.556766344266
 30
0.0
 40
12.0
  1
D5-03 d=15cm
  7
YAZI (BEYKENT)
 11
2927.319865040416
 21
2349.073960291997
 31
0.0
100
AcDbText
 73
     1
  0
LWPOLYLINE
  5
C62
330
1F
100
AcDbEntity
  8
DOSEME PAFTA (BEYKENT)
100
AcDbPolyline
 90
        4
 70
     1
 43
0.0
 10
2925.319865040416
 20
2366.556760291998
 10
3006.585339593374
 20
2366.556760291998
 42
-1.0
 10
3006.585339593374
 20
2350.556760291998
 10
2925.319865040416
 20
2350.556760291998
 42
-1.0
  0
TEXT
  5
C63
330
1F
100
AcDbEntity
  8
YUK YAZISI (BEYKENT)
100
AcDbText
 10
2927.319865040416
 20
2336.976298668888
 30
0.0
 40
10.0
  1
Q=2.0kN/m²
  7
YAZI (BEYKENT)
 11
2927.319865040416
 21
2334.073960291997
 31
0.0
100
AcDbText
 73
     1
  0
TEXT
  5
C64
330
1F
100
AcDbEntity
  8
KOT YAZI (BEYKENT)
100
AcDbText
 10
2941.645965040422
 20
2325.39583099351
 30
0.0
 40
8.0
  1
+18.30
  7
YAZI (BEYKENT)
 11
2941.645965040422
 21
2323.073960291997
 31
0.0
100
AcDbText
 73
     1
  0
HATCH
  5
C65
330
1F
100
AcDbEntity
  8
KOT CIZGISI (BEYKENT)
 62
    18
420
        0
100
AcDbHatch
 10
0.0
 20
0.0
 30
0.0
210
0.0
220
0.0
230
1.0
  2
SOLID
 70
     1
 71
     0
 91
        1
 92
        7
 72
     1
 73
     1
 93
        3
 10
2933.841634836579
 20
2330.917569903806
 42
0.0
 10
2933.841634836579
 20
2324.395830716683
 42
0.0
 10
2940.363374023706
 20
2324.395830716683
 42
0.4142135623730951
 97
        0
 75
     1
 76
     1
 47
0.1085495934889314
 98
        2
 10
2936.30162491819
 20
2326.463361029339
 10
2931.107401109294
 20
2322.215766763606
450
        0
451
        0
460
0.0
461
0.0
452
        0
462
0.0
453
        2
463
0.0
 63
     5
421
      255
463
1.0
 63
     2
421
 16776960
470
LINEAR
1001
GradientColor1ACI
1070
     5
1001
GradientColor2ACI
1070
     2
1001
ACAD
1010
0.0
1020
0.0
1030
0.0
  0
HATCH
  5
C66
330
1F
100
AcDbEntity
  8
KOT CIZGISI (BEYKENT)
 62
    18
420
        0
100
AcDbHatch
 10
0.0
 20
0.0
 30
0.0
210
0.0
220
0.0
230
1.0
  2
SOLID
 70
     1
 71
     0
 91
        1
 92
        7
 72
     1
 73
     1
 93
        3
 10
2933.841634836579
 20
2324.395830716683
 42
0.0
 10
2927.319895649453
 20
2324.395830716683
 42
0.4142135623730951
 10
2933.841634836579
 20
2317.874091529557
 42
0.0
 97
        0
 75
     1
 76
     1
 47
0.1085495934889314
 98
        2
 10
2936.30162491819
 20
2326.463361029339
 10
2931.107401109294
 20
2322.215766763606
450
        0
451
        0
460
0.0
461
0.0
452
        0
462
0.0
453
        2
463
0.0
 63
     5
421
      255
463
1.0
 63
     2
421
 16776960
470
LINEAR
1001
GradientColor1ACI
1070
     5
1001
GradientColor2ACI
1070
     2
1001
ACAD
1010
0.0
1020
0.0
1030
0.0
  0
LINE
  5
C67
330
1F
100
AcDbEntity
  8
KOT CIZGISI (BEYKENT)
100
AcDbLine
 10
2933.841634836579
 20
2333.091630088155
 30
0.0
 11
2933.841634836579
 21
2315.700290495843
 31
0.0
1001
sta4cad App2
1004
70
1071
       13
1070
     0
1070
     0
1070
     0
  0
LINE
  5
C68
330
1F
100
AcDbEntity
  8
KOT CIZGISI (BEYKENT)
100
AcDbLine
 10
2925.145965040421
 20
2324.395830716683
 30
0.0
 11
2965.145965040422
 21
2324.395830716683
 31
0.0
1001
sta4cad App2
1004
70
1071
       13
1070
     0
1070
     0
1070
     0
  0
CIRCLE
  5
C69
330
1F
100
AcDbEntity
  8
KOT CIZGISI (BEYKENT)
100
AcDbCircle
 10
2933.841634836579
 20
2324.395830716683
 30
0.0
 40
6.521739187123982
1001
sta4cad App2
1004
70
1071
       13
1070
     0
1070
     0
1070
     0
  0
TEXT
  5
C6A
330
1F
100
AcDbEntity
  8
KOT YAZI (BEYKENT)
100
AcDbText
 10
2941.645965040422
 20
2315.39583099351
 30
0.0
 40
8.0
  1
+18.15
  7
YAZI (BEYKENT)
 11
2941.645965040422
 21
2313.073960291997
 31
0.0
100
AcDbText
 73
     1
  0
TEXT
  5
C6B
330
1F
100
AcDbEntity
  8
DOSEME ISMI (BEYKENT)
100
AcDbText
 10
2729.819865040416
 20
2239.636763856822
 30
0.0
 40
12.0
  1
D5-04 d=12cm
  7
YAZI (BEYKENT)
 11
2729.819865040416
 21
2236.153957804552
 31
0.0
100
AcDbText
 73
     1
  0
LWPOLYLINE
  5
C6C
330
1F
100
AcDbEntity
  8
DOSEME PAFTA (BEYKENT)
100
AcDbPolyline
 90
        4
 70
     1
 43
0.0
 10
2727.819865040431
 20
2253.636757804554
 10
2809.555766003272
 20
2253.636757804554
 42
-1.0
 10
2809.555766003272
 20
2237.636757804554
 10
2727.819865040431
 20
2237.636757804554
 42
-1.0
  0
TEXT
  5
C6D
330
1F
100
AcDbEntity
  8
YUK YAZISI (BEYKENT)
100
AcDbText
 10
2729.819865040416
 20
2224.056296181444
 30
0.0
 40
10.0
  1
Q=2.0kN/m²
  7
YAZI (BEYKENT)
 11
2729.819865040416
 21
2221.153957804552
 31
0.0
100
AcDbText
 73
     1
  0
TEXT
  5
C6E
330
1F
100
AcDbEntity
  8
KOT YAZI (BEYKENT)
100
AcDbText
 10
2744.145965040421
 20
2212.475828506065
 30
0.0
 40
8.0
  1
+18.30
  7
YAZI (BEYKENT)
 11
2744.145965040421
 21
2210.153957804552
 31
0.0
100
AcDbText
 73
     1
  0
HATCH
  5
C6F
330
1F
100
AcDbEntity
  8
KOT CIZGISI (BEYKENT)
 62
    18
420
        0
100
AcDbHatch
 10
0.0
 20
0.0
 30
0.0
210
0.0
220
0.0
230
1.0
  2
SOLID
 70
     1
 71
     0
 91
        1
 92
        7
 72
     1
 73
     1
 93
        3
 10
2736.341634836579
 20
2217.997567416361
 42
0.0
 10
2736.341634836579
 20
2211.475828229239
 42
0.0
 10
2742.863374023706
 20
2211.475828229239
 42
0.4142135623730951
 97
        0
 75
     1
 76
     1
 47
0.1085495934889314
 98
        2
 10
2738.801624918189
 20
2213.543358541894
 10
2733.607401109293
 20
2209.295764276161
450
        0
451
        0
460
0.0
461
0.0
452
        0
462
0.0
453
        2
463
0.0
 63
     5
421
      255
463
1.0
 63
     2
421
 16776960
470
LINEAR
1001
GradientColor1ACI
1070
     5
1001
GradientColor2ACI
1070
     2
1001
ACAD
1010
0.0
1020
0.0
1030
0.0
  0
HATCH
  5
C70
330
1F
100
AcDbEntity
  8
KOT CIZGISI (BEYKENT)
 62
    18
420
        0
100
AcDbHatch
 10
0.0
 20
0.0
 30
0.0
210
0.0
220
0.0
230
1.0
  2
SOLID
 70
     1
 71
     0
 91
        1
 92
        7
 72
     1
 73
     1
 93
        3
 10
2736.341634836579
 20
2211.475828229239
 42
0.0
 10
2729.819895649453
 20
2211.475828229239
 42
0.4142135623730951
 10
2736.341634836579
 20
2204.954089042116
 42
0.0
 97
        0
 75
     1
 76
     1
 47
0.1085495934889314
 98
        2
 10
2738.801624918189
 20
2213.543358541894
 10
2733.607401109293
 20
2209.295764276161
450
        0
451
        0
460
0.0
461
0.0
452
        0
462
0.0
453
        2
463
0.0
 63
     5
421
      255
463
1.0
 63
     2
421
 16776960
470
LINEAR
1001
GradientColor1ACI
1070
     5
1001
GradientColor2ACI
1070
     2
1001
ACAD
1010
0.0
1020
0.0
1030
0.0
  0
LINE
  5
C71
330
1F
100
AcDbEntity
  8
KOT CIZGISI (BEYKENT)
100
AcDbLine
 10
2736.341634836579
 20
2220.17162760071
 30
0.0
 11
2736.341634836579
 21
2202.780288008398
 31
0.0
1001
sta4cad App2
1004
70
1071
       13
1070
     0
1070
     0
1070
     0
  0
LINE
  5
C72
330
1F
100
AcDbEntity
  8
KOT CIZGISI (BEYKENT)
100
AcDbLine
 10
2727.645965040422
 20
2211.475828229239
 30
0.0
 11
2767.645965040421
 21
2211.475828229239
 31
0.0
1001
sta4cad App2
1004
70
1071
       13
1070
     0
1070
     0
1070
     0
  0
CIRCLE
  5
C73
330
1F
100
AcDbEntity
  8
KOT CIZGISI (BEYKENT)
100
AcDbCircle
 10
2736.341634836579
 20
2211.475828229239
 30
0.0
 40
6.521739187123982
1001
sta4cad App2
1004
70
1071
       13
1070
     0
1070
     0
1070
     0
  0
TEXT
  5
C74
330
1F
100
AcDbEntity
  8
KOT YAZI (BEYKENT)
100
AcDbText
 10
2744.145965040421
 20
2202.475828506065
 30
0.0
 40
8.0
  1
+18.18
  7
YAZI (BEYKENT)
 11
2744.145965040421
 21
2200.153957804552
 31
0.0
100
AcDbText
 73
     1
  0
TEXT
  5
C75
330
1F
100
AcDbEntity
  8
DOSEME ISMI (BEYKENT)
100
AcDbText
 10
3134.819865040416
 20
2239.636763856822
 30
0.0
 40
12.0
  1
D5-05 d=12cm
  7
YAZI (BEYKENT)
 11
3134.819865040416
 21
2236.153957804552
 31
0.0
100
AcDbText
 73
     1
  0
LWPOLYLINE
  5
C76
330
1F
100
AcDbEntity
  8
DOSEME PAFTA (BEYKENT)
100
AcDbPolyline
 90
        4
 70
     1
 43
0.0
 10
3132.819865040416
 20
2253.636757804554
 10
3214.143111257749
 20
2253.636757804554
 42
-1.0
 10
3214.143111257749
 20
2237.636757804554
 10
3132.819865040416
 20
2237.636757804554
 42
-1.0
  0
TEXT
  5
C77
330
1F
100
AcDbEntity
  8
YUK YAZISI (BEYKENT)
100
AcDbText
 10
3134.819865040416
 20
2224.056296181444
 30
0.0
 40
10.0
  1
Q=2.0kN/m²
  7
YAZI (BEYKENT)
 11
3134.819865040416
 21
2221.153957804552
 31
0.0
100
AcDbText
 73
     1
  0
TEXT
  5
C78
330
1F
100
AcDbEntity
  8
KOT YAZI (BEYKENT)
100
AcDbText
 10
3149.145965040422
 20
2212.475828506065
 30
0.0
 40
8.0
  1
+18.30
  7
YAZI (BEYKENT)
 11
3149.145965040422
 21
2210.153957804552
 31
0.0
100
AcDbText
 73
     1
  0
HATCH
  5
C79
330
1F
100
AcDbEntity
  8
KOT CIZGISI (BEYKENT)
 62
    18
420
        0
100
AcDbHatch
 10
0.0
 20
0.0
 30
0.0
210
0.0
220
0.0
230
1.0
  2
SOLID
 70
     1
 71
     0
 91
        1
 92
        7
 72
     1
 73
     1
 93
        3
 10
3141.341634836565
 20
2217.997567416361
 42
0.0
 10
3141.341634836565
 20
2211.475828229239
 42
0.0
 10
3147.863374023691
 20
2211.475828229239
 42
0.4142135623730951
 97
        0
 75
     1
 76
     1
 47
0.1085495934889314
 98
        2
 10
3143.801624918189
 20
2213.543358541894
 10
3138.607401109279
 20
2209.295764276161
450
        0
451
        0
460
0.0
461
0.0
452
        0
462
0.0
453
        2
463
0.0
 63
     5
421
      255
463
1.0
 63
     2
421
 16776960
470
LINEAR
1001
GradientColor1ACI
1070
     5
1001
GradientColor2ACI
1070
     2
1001
ACAD
1010
0.0
1020
0.0
1030
0.0
  0
HATCH
  5
C7A
330
1F
100
AcDbEntity
  8
KOT CIZGISI (BEYKENT)
 62
    18
420
        0
100
AcDbHatch
 10
0.0
 20
0.0
 30
0.0
210
0.0
220
0.0
230
1.0
  2
SOLID
 70
     1
 71
     0
 91
        1
 92
        7
 72
     1
 73
     1
 93
        3
 10
3141.341634836565
 20
2211.475828229239
 42
0.0
 10
3134.819895649453
 20
2211.475828229239
 42
0.4142135623730951
 10
3141.341634836565
 20
2204.954089042116
 42
0.0
 97
        0
 75
     1
 76
     1
 47
0.1085495934889314
 98
        2
 10
3143.801624918189
 20
2213.543358541894
 10
3138.607401109279
 20
2209.295764276161
450
        0
451
        0
460
0.0
461
0.0
452
        0
462
0.0
453
        2
463
0.0
 63
     5
421
      255
463
1.0
 63
     2
421
 16776960
470
LINEAR
1001
GradientColor1ACI
1070
     5
1001
GradientColor2ACI
1070
     2
1001
ACAD
1010
0.0
1020
0.0
1030
0.0
  0
LINE
  5
C7B
330
1F
100
AcDbEntity
  8
KOT CIZGISI (BEYKENT)
100
AcDbLine
 10
3141.341634836565
 20
2220.17162760071
 30
0.0
 11
3141.341634836565
 21
2202.780288008398
 31
0.0
1001
sta4cad App2
1004
70
1071
       13
1070
     0
1070
     0
1070
     0
  0
LINE
  5
C7C
330
1F
100
AcDbEntity
  8
KOT CIZGISI (BEYKENT)
100
AcDbLine
 10
3132.645965040421
 20
2211.475828229239
 30
0.0
 11
3172.645965040421
 21
2211.475828229239
 31
0.0
1001
sta4cad App2
1004
70
1071
       13
1070
     0
1070
     0
1070
     0
  0
CIRCLE
  5
C7D
330
1F
100
AcDbEntity
  8
KOT CIZGISI (BEYKENT)
100
AcDbCircle
 10
3141.341634836565
 20
2211.475828229239
 30
0.0
 40
6.521739187123982
1001
sta4cad App2
1004
70
1071
       13
1070
     0
1070
     0
1070
     0
  0
TEXT
  5
C7E
330
1F
100
AcDbEntity
  8
KOT YAZI (BEYKENT)
100
AcDbText
 10
3149.145965040422
 20
2202.475828506065
 30
0.0
 40
8.0
  1
+18.18
  7
YAZI (BEYKENT)
 11
3149.145965040422
 21
2200.153957804552
 31
0.0
100
AcDbText
 73
     1
  0
TEXT
  5
C7F
330
1F
100
AcDbEntity
  8
DOSEME ISMI (BEYKENT)
100
AcDbText
 10
3589.819865040416
 20
2077.556766344266
 30
0.0
 40
12.0
  1
D5-06 d=12cm
  7
YAZI (BEYKENT)
 11
3589.819865040416
 21
2074.073960291997
 31
0.0
100
AcDbText
 73
     1
  0
LWPOLYLINE
  5
C80
330
1F
100
AcDbEntity
  8
DOSEME PAFTA (BEYKENT)
100
AcDbPolyline
 90
        4
 70
     1
 43
0.0
 10
3587.81986504043
 20
2091.556760291998
 10
3668.779975081685
 20
2091.556760291998
 42
-1.0
 10
3668.779975081685
 20
2075.556760291998
 10
3587.81986504043
 20
2075.556760291998
 42
-1.0
  0
TEXT
  5
C81
330
1F
100
AcDbEntity
  8
YUK YAZISI (BEYKENT)
100
AcDbText
 10
3589.819865040416
 20
2061.976298668888
 30
0.0
 40
10.0
  1
Q=2.0kN/m²
  7
YAZI (BEYKENT)
 11
3589.819865040416
 21
2059.073960291997
 31
0.0
100
AcDbText
 73
     1
  0
TEXT
  5
C82
330
1F
100
AcDbEntity
  8
KOT YAZI (BEYKENT)
100
AcDbText
 10
3604.145965040422
 20
2050.39583099351
 30
0.0
 40
8.0
  1
+18.30
  7
YAZI (BEYKENT)
 11
3604.145965040422
 21
2048.073960291997
 31
0.0
100
AcDbText
 73
     1
  0
HATCH
  5
C83
330
1F
100
AcDbEntity
  8
KOT CIZGISI (BEYKENT)
 62
    18
420
        0
100
AcDbHatch
 10
0.0
 20
0.0
 30
0.0
210
0.0
220
0.0
230
1.0
  2
SOLID
 70
     1
 71
     0
 91
        1
 92
        7
 72
     1
 73
     1
 93
        3
 10
3596.341634836579
 20
2055.917569903806
 42
0.0
 10
3596.341634836579
 20
2049.395830716683
 42
0.0
 10
3602.863374023691
 20
2049.395830716683
 42
0.4142135623730951
 97
        0
 75
     1
 76
     1
 47
0.1085495934889314
 98
        2
 10
3598.801624918189
 20
2051.463361029339
 10
3593.607401109294
 20
2047.215766763602
450
        0
451
        0
460
0.0
461
0.0
452
        0
462
0.0
453
        2
463
0.0
 63
     5
421
      255
463
1.0
 63
     2
421
 16776960
470
LINEAR
1001
GradientColor1ACI
1070
     5
1001
GradientColor2ACI
1070
     2
1001
ACAD
1010
0.0
1020
0.0
1030
0.0
  0
HATCH
  5
C84
330
1F
100
AcDbEntity
  8
KOT CIZGISI (BEYKENT)
 62
    18
420
        0
100
AcDbHatch
 10
0.0
 20
0.0
 30
0.0
210
0.0
220
0.0
230
1.0
  2
SOLID
 70
     1
 71
     0
 91
        1
 92
        7
 72
     1
 73
     1
 93
        3
 10
3596.341634836579
 20
2049.395830716683
 42
0.0
 10
3589.819895649453
 20
2049.395830716683
 42
0.4142135623730951
 10
3596.341634836579
 20
2042.874091529557
 42
0.0
 97
        0
 75
     1
 76
     1
 47
0.1085495934889314
 98
        2
 10
3598.801624918189
 20
2051.463361029339
 10
3593.607401109294
 20
2047.215766763602
450
        0
451
        0
460
0.0
461
0.0
452
        0
462
0.0
453
        2
463
0.0
 63
     5
421
      255
463
1.0
 63
     2
421
 16776960
470
LINEAR
1001
GradientColor1ACI
1070
     5
1001
GradientColor2ACI
1070
     2
1001
ACAD
1010
0.0
1020
0.0
1030
0.0
  0
LINE
  5
C85
330
1F
100
AcDbEntity
  8
KOT CIZGISI (BEYKENT)
100
AcDbLine
 10
3596.341634836579
 20
2058.091630088151
 30
0.0
 11
3596.341634836579
 21
2040.700290495839
 31
0.0
1001
sta4cad App2
1004
70
1071
       13
1070
     0
1070
     0
1070
     0
  0
LINE
  5
C86
330
1F
100
AcDbEntity
  8
KOT CIZGISI (BEYKENT)
100
AcDbLine
 10
3587.645965040421
 20
2049.395830716683
 30
0.0
 11
3627.645965040422
 21
2049.395830716683
 31
0.0
1001
sta4cad App2
1004
70
1071
       13
1070
     0
1070
     0
1070
     0
  0
CIRCLE
  5
C87
330
1F
100
AcDbEntity
  8
KOT CIZGISI (BEYKENT)
100
AcDbCircle
 10
3596.341634836579
 20
2049.395830716683
 30
0.0
 40
6.521739187123982
1001
sta4cad App2
1004
70
1071
       13
1070
     0
1070
     0
1070
     0
  0
TEXT
  5
C88
330
1F
100
AcDbEntity
  8
KOT YAZI (BEYKENT)
100
AcDbText
 10
3604.145965040422
 20
2040.39583099351
 30
0.0
 40
8.0
  1
+18.18
  7
YAZI (BEYKENT)
 11
3604.145965040422
 21
2038.073960291997
 31
0.0
100
AcDbText
 73
     1
  0
TEXT
  5
C89
330
1F
100
AcDbEntity
  8
DOSEME ISMI (BEYKENT)
100
AcDbText
 10
3957.988591871566
 20
2252.556766344266
 30
0.0
 40
12.0
  1
D5-07 d=15cm
  7
YAZI (BEYKENT)
 11
3957.988591871566
 21
2249.073960291997
 31
0.0
100
AcDbText
 73
     1
  0
LWPOLYLINE
  5
C8A
330
1F
100
AcDbEntity
  8
DOSEME PAFTA (BEYKENT)
100
AcDbPolyline
 90
        4
 70
     1
 43
0.0
 10
3955.988591871552
 20
2266.556760291998
 10
4036.989967387381
 20
2266.556760291998
 42
-1.0
 10
4036.989967387381
 20
2250.556760291998
 10
3955.988591871552
 20
2250.556760291998
 42
-1.0
  0
TEXT
  5
C8B
330
1F
100
AcDbEntity
  8
YUK YAZISI (BEYKENT)
100
AcDbText
 10
3957.988591871566
 20
2236.976298668888
 30
0.0
 40
10.0
  1
Q=2.0kN/m²
  7
YAZI (BEYKENT)
 11
3957.988591871566
 21
2234.073960291997
 31
0.0
100
AcDbText
 73
     1
  0
TEXT
  5
C8C
330
1F
100
AcDbEntity
  8
KOT YAZI (BEYKENT)
100
AcDbText
 10
3972.314691871572
 20
2225.39583099351
 30
0.0
 40
8.0
  1
+18.30
  7
YAZI (BEYKENT)
 11
3972.314691871572
 21
2223.073960291997
 31
0.0
100
AcDbText
 73
     1
  0
HATCH
  5
C8D
330
1F
100
AcDbEntity
  8
KOT CIZGISI (BEYKENT)
 62
    18
420
        0
100
AcDbHatch
 10
0.0
 20
0.0
 30
0.0
210
0.0
220
0.0
230
1.0
  2
SOLID
 70
     1
 71
     0
 91
        1
 92
        7
 72
     1
 73
     1
 93
        3
 10
3964.51036166773
 20
2230.917569903806
 42
0.0
 10
3964.51036166773
 20
2224.395830716683
 42
0.0
 10
3971.032100854856
 20
2224.395830716683
 42
0.4142135623730951
 97
        0
 75
     1
 76
     1
 47
0.1085495934889314
 98
        2
 10
3966.970351749341
 20
2226.463361029339
 10
3961.776127940444
 20
2222.215766763606
450
        0
451
        0
460
0.0
461
0.0
452
        0
462
0.0
453
        2
463
0.0
 63
     5
421
      255
463
1.0
 63
     2
421
 16776960
470
LINEAR
1001
GradientColor1ACI
1070
     5
1001
GradientColor2ACI
1070
     2
1001
ACAD
1010
0.0
1020
0.0
1030
0.0
  0
HATCH
  5
C8E
330
1F
100
AcDbEntity
  8
KOT CIZGISI (BEYKENT)
 62
    18
420
        0
100
AcDbHatch
 10
0.0
 20
0.0
 30
0.0
210
0.0
220
0.0
230
1.0
  2
SOLID
 70
     1
 71
     0
 91
        1
 92
        7
 72
     1
 73
     1
 93
        3
 10
3964.51036166773
 20
2224.395830716683
 42
0.0
 10
3957.988622480603
 20
2224.395830716683
 42
0.4142135623730951
 10
3964.51036166773
 20
2217.87409152956
 42
0.0
 97
        0
 75
     1
 76
     1
 47
0.1085495934889314
 98
        2
 10
3966.970351749341
 20
2226.463361029339
 10
3961.776127940444
 20
2222.215766763606
450
        0
451
        0
460
0.0
461
0.0
452
        0
462
0.0
453
        2
463
0.0
 63
     5
421
      255
463
1.0
 63
     2
421
 16776960
470
LINEAR
1001
GradientColor1ACI
1070
     5
1001
GradientColor2ACI
1070
     2
1001
ACAD
1010
0.0
1020
0.0
1030
0.0
  0
LINE
  5
C8F
330
1F
100
AcDbEntity
  8
KOT CIZGISI (BEYKENT)
100
AcDbLine
 10
3964.51036166773
 20
2233.091630088154
 30
0.0
 11
3964.51036166773
 21
2215.700290495843
 31
0.0
1001
sta4cad App2
1004
70
1071
       13
1070
     0
1070
     0
1070
     0
  0
LINE
  5
C90
330
1F
100
AcDbEntity
  8
KOT CIZGISI (BEYKENT)
100
AcDbLine
 10
3955.814691871572
 20
2224.395830716683
 30
0.0
 11
3995.814691871572
 21
2224.395830716683
 31
0.0
1001
sta4cad App2
1004
70
1071
       13
1070
     0
1070
     0
1070
     0
  0
CIRCLE
  5
C91
330
1F
100
AcDbEntity
  8
KOT CIZGISI (BEYKENT)
100
AcDbCircle
 10
3964.51036166773
 20
2224.395830716683
 30
0.0
 40
6.521739187123982
1001
sta4cad App2
1004
70
1071
       13
1070
     0
1070
     0
1070
     0
  0
TEXT
  5
C92
330
1F
100
AcDbEntity
  8
KOT YAZI (BEYKENT)
100
AcDbText
 10
3972.314691871572
 20
2215.39583099351
 30
0.0
 40
8.0
  1
+18.15
  7
YAZI (BEYKENT)
 11
3972.314691871572
 21
2213.073960291997
 31
0.0
100
AcDbText
 73
     1
  0
TEXT
  5
C93
330
1F
100
AcDbEntity
  8
DOSEME ISMI (BEYKENT)
100
AcDbText
 10
1859.819865040416
 20
1983.946758661465
 30
0.0
 40
12.0
  1
D5-08 d=12cm
  7
YAZI (BEYKENT)
 11
1859.819865040416
 21
1980.463952609196
 31
0.0
100
AcDbText
 73
     1
  0
LWPOLYLINE
  5
C94
330
1F
100
AcDbEntity
  8
DOSEME PAFTA (BEYKENT)
100
AcDbPolyline
 90
        4
 70
     1
 43
0.0
 10
1857.819865040416
 20
1997.946752609198
 10
1939.200882922123
 20
1997.946752609198
 42
-1.0
 10
1939.200882922123
 20
1981.946752609198
 10
1857.819865040416
 20
1981.946752609198
 42
-1.0
  0
TEXT
  5
C95
330
1F
100
AcDbEntity
  8
YUK YAZISI (BEYKENT)
100
AcDbText
 10
1859.819865040416
 20
1968.366290986087
 30
0.0
 40
10.0
  1
Q=2.0kN/m²
  7
YAZI (BEYKENT)
 11
1859.819865040416
 21
1965.463952609196
 31
0.0
100
AcDbText
 73
     1
  0
TEXT
  5
C96
330
1F
100
AcDbEntity
  8
KOT YAZI (BEYKENT)
100
AcDbText
 10
1874.145965040421
 20
1956.785823310709
 30
0.0
 40
8.0
  1
+18.30
  7
YAZI (BEYKENT)
 11
1874.145965040421
 21
1954.463952609196
 31
0.0
100
AcDbText
 73
     1
  0
HATCH
  5
C97
330
1F
100
AcDbEntity
  8
KOT CIZGISI (BEYKENT)
 62
    18
420
        0
100
AcDbHatch
 10
0.0
 20
0.0
 30
0.0
210
0.0
220
0.0
230
1.0
  2
SOLID
 70
     1
 71
     0
 91
        1
 92
        7
 72
     1
 73
     1
 93
        3
 10
1866.341634836579
 20
1962.307562221005
 42
0.0
 10
1866.341634836579
 20
1955.785823033883
 42
0.0
 10
1872.863374023705
 20
1955.785823033883
 42
0.4142135623730951
 97
        0
 75
     1
 76
     1
 47
0.1085495934889314
 98
        2
 10
1868.801624918189
 20
1957.853353346538
 10
1863.607401109293
 20
1953.605759080805
450
        0
451
        0
460
0.0
461
0.0
452
        0
462
0.0
453
        2
463
0.0
 63
     5
421
      255
463
1.0
 63
     2
421
 16776960
470
LINEAR
1001
GradientColor1ACI
1070
     5
1001
GradientColor2ACI
1070
     2
1001
ACAD
1010
0.0
1020
0.0
1030
0.0
  0
HATCH
  5
C98
330
1F
100
AcDbEntity
  8
KOT CIZGISI (BEYKENT)
 62
    18
420
        0
100
AcDbHatch
 10
0.0
 20
0.0
 30
0.0
210
0.0
220
0.0
230
1.0
  2
SOLID
 70
     1
 71
     0
 91
        1
 92
        7
 72
     1
 73
     1
 93
        3
 10
1866.341634836579
 20
1955.785823033883
 42
0.0
 10
1859.819895649452
 20
1955.785823033883
 42
0.4142135623730951
 10
1866.341634836579
 20
1949.26408384676
 42
0.0
 97
        0
 75
     1
 76
     1
 47
0.1085495934889314
 98
        2
 10
1868.801624918189
 20
1957.853353346538
 10
1863.607401109293
 20
1953.605759080805
450
        0
451
        0
460
0.0
461
0.0
452
        0
462
0.0
453
        2
463
0.0
 63
     5
421
      255
463
1.0
 63
     2
421
 16776960
470
LINEAR
1001
GradientColor1ACI
1070
     5
1001
GradientColor2ACI
1070
     2
1001
ACAD
1010
0.0
1020
0.0
1030
0.0
  0
LINE
  5
C99
330
1F
100
AcDbEntity
  8
KOT CIZGISI (BEYKENT)
100
AcDbLine
 10
1866.341634836579
 20
1964.481622405354
 30
0.0
 11
1866.341634836579
 21
1947.090282813042
 31
0.0
1001
sta4cad App2
1004
70
1071
       13
1070
     0
1070
     0
1070
     0
  0
LINE
  5
C9A
330
1F
100
AcDbEntity
  8
KOT CIZGISI (BEYKENT)
100
AcDbLine
 10
1857.645965040421
 20
1955.785823033883
 30
0.0
 11
1897.645965040421
 21
1955.785823033883
 31
0.0
1001
sta4cad App2
1004
70
1071
       13
1070
     0
1070
     0
1070
     0
  0
CIRCLE
  5
C9B
330
1F
100
AcDbEntity
  8
KOT CIZGISI (BEYKENT)
100
AcDbCircle
 10
1866.341634836579
 20
1955.785823033883
 30
0.0
 40
6.521739187123982
1001
sta4cad App2
1004
70
1071
       13
1070
     0
1070
     0
1070
     0
  0
TEXT
  5
C9C
330
1F
100
AcDbEntity
  8
KOT YAZI (BEYKENT)
100
AcDbText
 10
1874.145965040421
 20
1946.785823310709
 30
0.0
 40
8.0
  1
+18.18
  7
YAZI (BEYKENT)
 11
1874.145965040421
 21
1944.463952609196
 31
0.0
100
AcDbText
 73
     1
  0
TEXT
  5
C9D
330
1F
100
AcDbEntity
  8
DOSEME ISMI (BEYKENT)
100
AcDbText
 10
2729.819865040416
 20
1895.056766344266
 30
0.0
 40
12.0
  1
D5-09 d=12cm
  7
YAZI (BEYKENT)
 11
2729.819865040416
 21
1891.573960291997
 31
0.0
100
AcDbText
 73
     1
  0
LWPOLYLINE
  5
C9E
330
1F
100
AcDbEntity
  8
DOSEME PAFTA (BEYKENT)
100
AcDbPolyline
 90
        4
 70
     1
 43
0.0
 10
2727.819865040431
 20
1909.056760291998
 10
2808.779975081685
 20
1909.056760291998
 42
-1.0
 10
2808.779975081685
 20
1893.056760291998
 10
2727.819865040431
 20
1893.056760291998
 42
-1.0
  0
TEXT
  5
C9F
330
1F
100
AcDbEntity
  8
YUK YAZISI (BEYKENT)
100
AcDbText
 10
2729.819865040416
 20
1879.476298668888
 30
0.0
 40
10.0
  1
Q=2.0kN/m²
  7
YAZI (BEYKENT)
 11
2729.819865040416
 21
1876.573960291997
 31
0.0
100
AcDbText
 73
     1
  0
TEXT
  5
CA0
330
1F
100
AcDbEntity
  8
KOT YAZI (BEYKENT)
100
AcDbText
 10
2744.145965040421
 20
1867.89583099351
 30
0.0
 40
8.0
  1
+18.30
  7
YAZI (BEYKENT)
 11
2744.145965040421
 21
1865.573960291996
 31
0.0
100
AcDbText
 73
     1
  0
HATCH
  5
CA1
330
1F
100
AcDbEntity
  8
KOT CIZGISI (BEYKENT)
 62
    18
420
        0
100
AcDbHatch
 10
0.0
 20
0.0
 30
0.0
210
0.0
220
0.0
230
1.0
  2
SOLID
 70
     1
 71
     0
 91
        1
 92
        7
 72
     1
 73
     1
 93
        3
 10
2736.341634836579
 20
1873.417569903806
 42
0.0
 10
2736.341634836579
 20
1866.89583071668
 42
0.0
 10
2742.863374023706
 20
1866.89583071668
 42
0.4142135623730951
 97
        0
 75
     1
 76
     1
 47
0.1085495934889314
 98
        2
 10
2738.801624918189
 20
1868.963361029335
 10
2733.607401109293
 20
1864.715766763602
450
        0
451
        0
460
0.0
461
0.0
452
        0
462
0.0
453
        2
463
0.0
 63
     5
421
      255
463
1.0
 63
     2
421
 16776960
470
LINEAR
1001
GradientColor1ACI
1070
     5
1001
GradientColor2ACI
1070
     2
1001
ACAD
1010
0.0
1020
0.0
1030
0.0
  0
HATCH
  5
CA2
330
1F
100
AcDbEntity
  8
KOT CIZGISI (BEYKENT)
 62
    18
420
        0
100
AcDbHatch
 10
0.0
 20
0.0
 30
0.0
210
0.0
220
0.0
230
1.0
  2
SOLID
 70
     1
 71
     0
 91
        1
 92
        7
 72
     1
 73
     1
 93
        3
 10
2736.341634836579
 20
1866.89583071668
 42
0.0
 10
2729.819895649453
 20
1866.89583071668
 42
0.4142135623730951
 10
2736.341634836579
 20
1860.374091529557
 42
0.0
 97
        0
 75
     1
 76
     1
 47
0.1085495934889314
 98
        2
 10
2738.801624918189
 20
1868.963361029335
 10
2733.607401109293
 20
1864.715766763602
450
        0
451
        0
460
0.0
461
0.0
452
        0
462
0.0
453
        2
463
0.0
 63
     5
421
      255
463
1.0
 63
     2
421
 16776960
470
LINEAR
1001
GradientColor1ACI
1070
     5
1001
GradientColor2ACI
1070
     2
1001
ACAD
1010
0.0
1020
0.0
1030
0.0
  0
LINE
  5
CA3
330
1F
100
AcDbEntity
  8
KOT CIZGISI (BEYKENT)
100
AcDbLine
 10
2736.341634836579
 20
1875.591630088151
 30
0.0
 11
2736.341634836579
 21
1858.200290495839
 31
0.0
1001
sta4cad App2
1004
70
1071
       13
1070
     0
1070
     0
1070
     0
  0
LINE
  5
CA4
330
1F
100
AcDbEntity
  8
KOT CIZGISI (BEYKENT)
100
AcDbLine
 10
2727.645965040422
 20
1866.89583071668
 30
0.0
 11
2767.645965040421
 21
1866.89583071668
 31
0.0
1001
sta4cad App2
1004
70
1071
       13
1070
     0
1070
     0
1070
     0
  0
CIRCLE
  5
CA5
330
1F
100
AcDbEntity
  8
KOT CIZGISI (BEYKENT)
100
AcDbCircle
 10
2736.341634836579
 20
1866.89583071668
 30
0.0
 40
6.521739187123982
1001
sta4cad App2
1004
70
1071
       13
1070
     0
1070
     0
1070
     0
  0
TEXT
  5
CA6
330
1F
100
AcDbEntity
  8
KOT YAZI (BEYKENT)
100
AcDbText
 10
2744.145965040421
 20
1857.895830993509
 30
0.0
 40
8.0
  1
+18.18
  7
YAZI (BEYKENT)
 11
2744.145965040421
 21
1855.573960291996
 31
0.0
100
AcDbText
 73
     1
  0
TEXT
  5
CA7
330
1F
100
AcDbEntity
  8
DOSEME ISMI (BEYKENT)
100
AcDbText
 10
3134.819865040416
 20
1895.056766344266
 30
0.0
 40
12.0
  1
D5-10 d=12cm
  7
YAZI (BEYKENT)
 11
3134.819865040416
 21
1891.573960291997
 31
0.0
100
AcDbText
 73
     1
  0
LWPOLYLINE
  5
CA8
330
1F
100
AcDbEntity
  8
DOSEME PAFTA (BEYKENT)
100
AcDbPolyline
 90
        4
 70
     1
 43
0.0
 10
3132.819865040401
 20
1909.056760291998
 10
3211.799232303143
 20
1909.056760291998
 42
-1.0
 10
3211.799232303143
 20
1893.056760291998
 10
3132.819865040401
 20
1893.056760291998
 42
-1.0
  0
TEXT
  5
CA9
330
1F
100
AcDbEntity
  8
YUK YAZISI (BEYKENT)
100
AcDbText
 10
3134.819865040416
 20
1879.476298668888
 30
0.0
 40
10.0
  1
Q=2.0kN/m²
  7
YAZI (BEYKENT)
 11
3134.819865040416
 21
1876.573960291997
 31
0.0
100
AcDbText
 73
     1
  0
TEXT
  5
CAA
330
1F
100
AcDbEntity
  8
KOT YAZI (BEYKENT)
100
AcDbText
 10
3149.145965040422
 20
1867.89583099351
 30
0.0
 40
8.0
  1
+18.30
  7
YAZI (BEYKENT)
 11
3149.145965040422
 21
1865.573960291996
 31
0.0
100
AcDbText
 73
     1
  0
HATCH
  5
CAB
330
1F
100
AcDbEntity
  8
KOT CIZGISI (BEYKENT)
 62
    18
420
        0
100
AcDbHatch
 10
0.0
 20
0.0
 30
0.0
210
0.0
220
0.0
230
1.0
  2
SOLID
 70
     1
 71
     0
 91
        1
 92
        7
 72
     1
 73
     1
 93
        3
 10
3141.341634836565
 20
1873.417569903806
 42
0.0
 10
3141.341634836565
 20
1866.89583071668
 42
0.0
 10
3147.863374023691
 20
1866.89583071668
 42
0.4142135623730951
 97
        0
 75
     1
 76
     1
 47
0.1085495934889314
 98
        2
 10
3143.801624918189
 20
1868.963361029335
 10
3138.607401109279
 20
1864.715766763602
450
        0
451
        0
460
0.0
461
0.0
452
        0
462
0.0
453
        2
463
0.0
 63
     5
421
      255
463
1.0
 63
     2
421
 16776960
470
LINEAR
1001
GradientColor1ACI
1070
     5
1001
GradientColor2ACI
1070
     2
1001
ACAD
1010
0.0
1020
0.0
1030
0.0
  0
HATCH
  5
CAC
330
1F
100
AcDbEntity
  8
KOT CIZGISI (BEYKENT)
 62
    18
420
        0
100
AcDbHatch
 10
0.0
 20
0.0
 30
0.0
210
0.0
220
0.0
230
1.0
  2
SOLID
 70
     1
 71
     0
 91
        1
 92
        7
 72
     1
 73
     1
 93
        3
 10
3141.341634836565
 20
1866.89583071668
 42
0.0
 10
3134.819895649453
 20
1866.89583071668
 42
0.4142135623730951
 10
3141.341634836565
 20
1860.374091529557
 42
0.0
 97
        0
 75
     1
 76
     1
 47
0.1085495934889314
 98
        2
 10
3143.801624918189
 20
1868.963361029335
 10
3138.607401109279
 20
1864.715766763602
450
        0
451
        0
460
0.0
461
0.0
452
        0
462
0.0
453
        2
463
0.0
 63
     5
421
      255
463
1.0
 63
     2
421
 16776960
470
LINEAR
1001
GradientColor1ACI
1070
     5
1001
GradientColor2ACI
1070
     2
1001
ACAD
1010
0.0
1020
0.0
1030
0.0
  0
LINE
  5
CAD
330
1F
100
AcDbEntity
  8
KOT CIZGISI (BEYKENT)
100
AcDbLine
 10
3141.341634836565
 20
1875.591630088151
 30
0.0
 11
3141.341634836565
 21
1858.200290495839
 31
0.0
1001
sta4cad App2
1004
70
1071
       13
1070
     0
1070
     0
1070
     0
  0
LINE
  5
CAE
330
1F
100
AcDbEntity
  8
KOT CIZGISI (BEYKENT)
100
AcDbLine
 10
3132.645965040421
 20
1866.89583071668
 30
0.0
 11
3172.645965040421
 21
1866.89583071668
 31
0.0
1001
sta4cad App2
1004
70
1071
       13
1070
     0
1070
     0
1070
     0
  0
CIRCLE
  5
CAF
330
1F
100
AcDbEntity
  8
KOT CIZGISI (BEYKENT)
100
AcDbCircle
 10
3141.341634836565
 20
1866.89583071668
 30
0.0
 40
6.521739187123982
1001
sta4cad App2
1004
70
1071
       13
1070
     0
1070
     0
1070
     0
  0
TEXT
  5
CB0
330
1F
100
AcDbEntity
  8
KOT YAZI (BEYKENT)
100
AcDbText
 10
3149.145965040422
 20
1857.895830993509
 30
0.0
 40
8.0
  1
+18.18
  7
YAZI (BEYKENT)
 11
3149.145965040422
 21
1855.573960291996
 31
0.0
100
AcDbText
 73
     1
  0
TEXT
  5
CB1
330
1F
100
AcDbEntity
  8
DOSEME ISMI (BEYKENT)
100
AcDbText
 10
3957.988591871566
 20
2004.629655952117
 30
0.0
 40
12.0
  1
D5-11 d=12cm
  7
YAZI (BEYKENT)
 11
3957.988591871566
 21
2001.146849899848
 31
0.0
100
AcDbText
 73
     1
  0
LWPOLYLINE
  5
CB2
330
1F
100
AcDbEntity
  8
DOSEME PAFTA (BEYKENT)
100
AcDbPolyline
 90
        4
 70
     1
 43
0.0
 10
3955.988591871566
 20
2018.629649899849
 10
4032.500283756024
 20
2018.629649899849
 42
-1.0
 10
4032.500283756024
 20
2002.629649899849
 10
3955.988591871566
 20
2002.629649899849
 42
-1.0
  0
TEXT
  5
CB3
330
1F
100
AcDbEntity
  8
YUK YAZISI (BEYKENT)
100
AcDbText
 10
3957.988591871566
 20
1989.049188276739
 30
0.0
 40
10.0
  1
Q=2.0kN/m²
  7
YAZI (BEYKENT)
 11
3957.988591871566
 21
1986.146849899847
 31
0.0
100
AcDbText
 73
     1
  0
TEXT
  5
CB4
330
1F
100
AcDbEntity
  8
KOT YAZI (BEYKENT)
100
AcDbText
 10
3972.314691871572
 20
1977.46872060136
 30
0.0
 40
8.0
  1
+18.30
  7
YAZI (BEYKENT)
 11
3972.314691871572
 21
1975.146849899847
 31
0.0
100
AcDbText
 73
     1
  0
HATCH
  5
CB5
330
1F
100
AcDbEntity
  8
KOT CIZGISI (BEYKENT)
 62
    18
420
        0
100
AcDbHatch
 10
0.0
 20
0.0
 30
0.0
210
0.0
220
0.0
230
1.0
  2
SOLID
 70
     1
 71
     0
 91
        1
 92
        7
 72
     1
 73
     1
 93
        3
 10
3964.51036166773
 20
1982.990459511657
 42
0.0
 10
3964.51036166773
 20
1976.468720324534
 42
0.0
 10
3971.032100854856
 20
1976.468720324534
 42
0.4142135623730951
 97
        0
 75
     1
 76
     1
 47
0.1085495934889314
 98
        2
 10
3966.970351749341
 20
1978.536250637189
 10
3961.776127940444
 20
1974.288656371456
450
        0
451
        0
460
0.0
461
0.0
452
        0
462
0.0
453
        2
463
0.0
 63
     5
421
      255
463
1.0
 63
     2
421
 16776960
470
LINEAR
1001
GradientColor1ACI
1070
     5
1001
GradientColor2ACI
1070
     2
1001
ACAD
1010
0.0
1020
0.0
1030
0.0
  0
HATCH
  5
CB6
330
1F
100
AcDbEntity
  8
KOT CIZGISI (BEYKENT)
 62
    18
420
        0
100
AcDbHatch
 10
0.0
 20
0.0
 30
0.0
210
0.0
220
0.0
230
1.0
  2
SOLID
 70
     1
 71
     0
 91
        1
 92
        7
 72
     1
 73
     1
 93
        3
 10
3964.51036166773
 20
1976.468720324534
 42
0.0
 10
3957.988622480603
 20
1976.468720324534
 42
0.4142135623730951
 10
3964.51036166773
 20
1969.946981137411
 42
0.0
 97
        0
 75
     1
 76
     1
 47
0.1085495934889314
 98
        2
 10
3966.970351749341
 20
1978.536250637189
 10
3961.776127940444
 20
1974.288656371456
450
        0
451
        0
460
0.0
461
0.0
452
        0
462
0.0
453
        2
463
0.0
 63
     5
421
      255
463
1.0
 63
     2
421
 16776960
470
LINEAR
1001
GradientColor1ACI
1070
     5
1001
GradientColor2ACI
1070
     2
1001
ACAD
1010
0.0
1020
0.0
1030
0.0
  0
LINE
  5
CB7
330
1F
100
AcDbEntity
  8
KOT CIZGISI (BEYKENT)
100
AcDbLine
 10
3964.51036166773
 20
1985.164519696005
 30
0.0
 11
3964.51036166773
 21
1967.773180103693
 31
0.0
1001
sta4cad App2
1004
70
1071
       13
1070
     0
1070
     0
1070
     0
  0
LINE
  5
CB8
330
1F
100
AcDbEntity
  8
KOT CIZGISI (BEYKENT)
100
AcDbLine
 10
3955.814691871572
 20
1976.468720324534
 30
0.0
 11
3995.814691871572
 21
1976.468720324534
 31
0.0
1001
sta4cad App2
1004
70
1071
       13
1070
     0
1070
     0
1070
     0
  0
CIRCLE
  5
CB9
330
1F
100
AcDbEntity
  8
KOT CIZGISI (BEYKENT)
100
AcDbCircle
 10
3964.51036166773
 20
1976.468720324534
 30
0.0
 40
6.521739187123982
1001
sta4cad App2
1004
70
1071
       13
1070
     0
1070
     0
1070
     0
  0
TEXT
  5
CBA
330
1F
100
AcDbEntity
  8
KOT YAZI (BEYKENT)
100
AcDbText
 10
3972.314691871572
 20
1967.46872060136
 30
0.0
 40
8.0
  1
+18.18
  7
YAZI (BEYKENT)
 11
3972.314691871572
 21
1965.146849899847
 31
0.0
100
AcDbText
 73
     1
  0
TEXT
  5
CBB
330
1F
100
AcDbEntity
  8
DOSEME ISMI (BEYKENT)
100
AcDbText
 10
2187.319915040418
 20
1650.690906477731
 30
0.0
 40
12.0
  1
D5-12 d=12cm
  7
YAZI (BEYKENT)
 11
2187.319915040418
 21
1647.208100425461
 31
0.0
100
AcDbText
 73
     1
  0
LWPOLYLINE
  5
CBC
330
1F
100
AcDbEntity
  8
DOSEME PAFTA (BEYKENT)
100
AcDbPolyline
 90
        4
 70
     1
 43
0.0
 10
2185.319915040404
 20
1664.690900425463
 10
2264.051689455817
 20
1664.690900425463
 42
-1.0
 10
2264.051689455817
 20
1648.690900425463
 10
2185.319915040404
 20
1648.690900425463
 42
-1.0
  0
TEXT
  5
CBD
330
1F
100
AcDbEntity
  8
YUK YAZISI (BEYKENT)
100
AcDbText
 10
2187.319915040418
 20
1635.110438802353
 30
0.0
 40
10.0
  1
Q=2.0kN/m²
  7
YAZI (BEYKENT)
 11
2187.319915040418
 21
1632.208100425461
 31
0.0
100
AcDbText
 73
     1
  0
TEXT
  5
CBE
330
1F
100
AcDbEntity
  8
KOT YAZI (BEYKENT)
100
AcDbText
 10
2201.646015040424
 20
1623.529971126975
 30
0.0
 40
8.0
  1
+18.30
  7
YAZI (BEYKENT)
 11
2201.646015040424
 21
1621.208100425461
 31
0.0
100
AcDbText
 73
     1
  0
HATCH
  5
CBF
330
1F
100
AcDbEntity
  8
KOT CIZGISI (BEYKENT)
 62
    18
420
        0
100
AcDbHatch
 10
0.0
 20
0.0
 30
0.0
210
0.0
220
0.0
230
1.0
  2
SOLID
 70
     1
 71
     0
 91
        1
 92
        7
 72
     1
 73
     1
 93
        3
 10
2193.841684836582
 20
1629.051710037271
 42
0.0
 10
2193.841684836582
 20
1622.529970850148
 42
0.0
 10
2200.363424023693
 20
1622.529970850148
 42
0.4142135623730951
 97
        0
 75
     1
 76
     1
 47
0.1085495934889314
 98
        2
 10
2196.301674918192
 20
1624.597501162803
 10
2191.107451109296
 20
1620.34990689707
450
        0
451
        0
460
0.0
461
0.0
452
        0
462
0.0
453
        2
463
0.0
 63
     5
421
      255
463
1.0
 63
     2
421
 16776960
470
LINEAR
1001
GradientColor1ACI
1070
     5
1001
GradientColor2ACI
1070
     2
1001
ACAD
1010
0.0
1020
0.0
1030
0.0
  0
HATCH
  5
CC0
330
1F
100
AcDbEntity
  8
KOT CIZGISI (BEYKENT)
 62
    18
420
        0
100
AcDbHatch
 10
0.0
 20
0.0
 30
0.0
210
0.0
220
0.0
230
1.0
  2
SOLID
 70
     1
 71
     0
 91
        1
 92
        7
 72
     1
 73
     1
 93
        3
 10
2193.841684836582
 20
1622.529970850148
 42
0.0
 10
2187.319945649455
 20
1622.529970850148
 42
0.4142135623730951
 10
2193.841684836582
 20
1616.008231663021
 42
0.0
 97
        0
 75
     1
 76
     1
 47
0.1085495934889314
 98
        2
 10
2196.301674918192
 20
1624.597501162803
 10
2191.107451109296
 20
1620.34990689707
450
        0
451
        0
460
0.0
461
0.0
452
        0
462
0.0
453
        2
463
0.0
 63
     5
421
      255
463
1.0
 63
     2
421
 16776960
470
LINEAR
1001
GradientColor1ACI
1070
     5
1001
GradientColor2ACI
1070
     2
1001
ACAD
1010
0.0
1020
0.0
1030
0.0
  0
LINE
  5
CC1
330
1F
100
AcDbEntity
  8
KOT CIZGISI (BEYKENT)
100
AcDbLine
 10
2193.841684836582
 20
1631.225770221616
 30
0.0
 11
2193.841684836582
 21
1613.834430629304
 31
0.0
1001
sta4cad App2
1004
70
1071
       13
1070
     0
1070
     0
1070
     0
  0
LINE
  5
CC2
330
1F
100
AcDbEntity
  8
KOT CIZGISI (BEYKENT)
100
AcDbLine
 10
2185.146015040424
 20
1622.529970850148
 30
0.0
 11
2225.146015040424
 21
1622.529970850148
 31
0.0
1001
sta4cad App2
1004
70
1071
       13
1070
     0
1070
     0
1070
     0
  0
CIRCLE
  5
CC3
330
1F
100
AcDbEntity
  8
KOT CIZGISI (BEYKENT)
100
AcDbCircle
 10
2193.841684836582
 20
1622.529970850148
 30
0.0
 40
6.521739187123982
1001
sta4cad App2
1004
70
1071
       13
1070
     0
1070
     0
1070
     0
  0
TEXT
  5
CC4
330
1F
100
AcDbEntity
  8
KOT YAZI (BEYKENT)
100
AcDbText
 10
2201.646015040424
 20
1613.529971126974
 30
0.0
 40
8.0
  1
+18.18
  7
YAZI (BEYKENT)
 11
2201.646015040424
 21
1611.208100425461
 31
0.0
100
AcDbText
 73
     1
  0
TEXT
  5
CC5
330
1F
100
AcDbEntity
  8
DOSEME ISMI (BEYKENT)
100
AcDbText
 10
3679.819865040416
 20
1767.556766344266
 30
0.0
 40
12.0
  1
D5-15 d=12cm
  7
YAZI (BEYKENT)
 11
3679.819865040416
 21
1764.073960291996
 31
0.0
100
AcDbText
 73
     1
  0
LWPOLYLINE
  5
CC6
330
1F
100
AcDbEntity
  8
DOSEME PAFTA (BEYKENT)
100
AcDbPolyline
 90
        4
 70
     1
 43
0.0
 10
3677.819865040401
 20
1781.556760291998
 10
3756.675435879479
 20
1781.556760291998
 42
-1.0
 10
3756.675435879479
 20
1765.556760291998
 10
3677.819865040401
 20
1765.556760291998
 42
-1.0
  0
TEXT
  5
CC7
330
1F
100
AcDbEntity
  8
YUK YAZISI (BEYKENT)
100
AcDbText
 10
3679.819865040416
 20
1751.976298668887
 30
0.0
 40
10.0
  1
Q=2.0kN/m²
  7
YAZI (BEYKENT)
 11
3679.819865040416
 21
1749.073960291996
 31
0.0
100
AcDbText
 73
     1
  0
TEXT
  5
CC8
330
1F
100
AcDbEntity
  8
KOT YAZI (BEYKENT)
100
AcDbText
 10
3694.145965040422
 20
1740.395830993509
 30
0.0
 40
8.0
  1
+18.30
  7
YAZI (BEYKENT)
 11
3694.145965040422
 21
1738.073960291997
 31
0.0
100
AcDbText
 73
     1
  0
HATCH
  5
CC9
330
1F
100
AcDbEntity
  8
KOT CIZGISI (BEYKENT)
 62
    18
420
        0
100
AcDbHatch
 10
0.0
 20
0.0
 30
0.0
210
0.0
220
0.0
230
1.0
  2
SOLID
 70
     1
 71
     0
 91
        1
 92
        7
 72
     1
 73
     1
 93
        3
 10
3686.341634836579
 20
1745.917569903806
 42
0.0
 10
3686.341634836579
 20
1739.395830716679
 42
0.0
 10
3692.863374023705
 20
1739.395830716679
 42
0.4142135623730951
 97
        0
 75
     1
 76
     1
 47
0.1085495934889314
 98
        2
 10
3688.80162491819
 20
1741.463361029338
 10
3683.607401109294
 20
1737.215766763602
450
        0
451
        0
460
0.0
461
0.0
452
        0
462
0.0
453
        2
463
0.0
 63
     5
421
      255
463
1.0
 63
     2
421
 16776960
470
LINEAR
1001
GradientColor1ACI
1070
     5
1001
GradientColor2ACI
1070
     2
1001
ACAD
1010
0.0
1020
0.0
1030
0.0
  0
HATCH
  5
CCA
330
1F
100
AcDbEntity
  8
KOT CIZGISI (BEYKENT)
 62
    18
420
        0
100
AcDbHatch
 10
0.0
 20
0.0
 30
0.0
210
0.0
220
0.0
230
1.0
  2
SOLID
 70
     1
 71
     0
 91
        1
 92
        7
 72
     1
 73
     1
 93
        3
 10
3686.341634836579
 20
1739.395830716679
 42
0.0
 10
3679.819895649452
 20
1739.395830716679
 42
0.4142135623730951
 10
3686.341634836579
 20
1732.874091529556
 42
0.0
 97
        0
 75
     1
 76
     1
 47
0.1085495934889314
 98
        2
 10
3688.80162491819
 20
1741.463361029338
 10
3683.607401109294
 20
1737.215766763602
450
        0
451
        0
460
0.0
461
0.0
452
        0
462
0.0
453
        2
463
0.0
 63
     5
421
      255
463
1.0
 63
     2
421
 16776960
470
LINEAR
1001
GradientColor1ACI
1070
     5
1001
GradientColor2ACI
1070
     2
1001
ACAD
1010
0.0
1020
0.0
1030
0.0
  0
LINE
  5
CCB
330
1F
100
AcDbEntity
  8
KOT CIZGISI (BEYKENT)
100
AcDbLine
 10
3686.341634836579
 20
1748.091630088151
 30
0.0
 11
3686.341634836579
 21
1730.700290495839
 31
0.0
1001
sta4cad App2
1004
70
1071
       13
1070
     0
1070
     0
1070
     0
  0
LINE
  5
CCC
330
1F
100
AcDbEntity
  8
KOT CIZGISI (BEYKENT)
100
AcDbLine
 10
3677.645965040421
 20
1739.395830716679
 30
0.0
 11
3717.645965040421
 21
1739.395830716679
 31
0.0
1001
sta4cad App2
1004
70
1071
       13
1070
     0
1070
     0
1070
     0
  0
CIRCLE
  5
CCD
330
1F
100
AcDbEntity
  8
KOT CIZGISI (BEYKENT)
100
AcDbCircle
 10
3686.341634836579
 20
1739.395830716679
 30
0.0
 40
6.521739187123982
1001
sta4cad App2
1004
70
1071
       13
1070
     0
1070
     0
1070
     0
  0
TEXT
  5
CCE
330
1F
100
AcDbEntity
  8
KOT YAZI (BEYKENT)
100
AcDbText
 10
3694.145965040422
 20
1730.39583099351
 30
0.0
 40
8.0
  1
+18.18
  7
YAZI (BEYKENT)
 11
3694.145965040422
 21
1728.073960291996
 31
0.0
100
AcDbText
 73
     1
  0
TEXT
  5
CCF
330
1F
100
AcDbEntity
  8
DOSEME ISMI (BEYKENT)
100
AcDbText
 10
1931.553003499161
 20
1646.036580730276
 30
0.0
 40
12.0
  1
D5-16 d=12cm
  7
YAZI (BEYKENT)
 11
1931.553003499161
 21
1642.553774678006
 31
0.0
100
AcDbText
 73
     1
  0
LWPOLYLINE
  5
CD0
330
1F
100
AcDbEntity
  8
DOSEME PAFTA (BEYKENT)
100
AcDbPolyline
 90
        4
 70
     1
 43
0.0
 10
1929.553003499161
 20
1660.036574678008
 10
2008.04543816216
 20
1660.036574678008
 42
-1.0
 10
2008.04543816216
 20
1644.036574678008
 10
1929.553003499161
 20
1644.036574678008
 42
-1.0
  0
TEXT
  5
CD1
330
1F
100
AcDbEntity
  8
YUK YAZISI (BEYKENT)
100
AcDbText
 10
1931.553003499161
 20
1630.456113054898
 30
0.0
 40
10.0
  1
Q=2.0kN/m²
  7
YAZI (BEYKENT)
 11
1931.553003499161
 21
1627.553774678006
 31
0.0
100
AcDbText
 73
     1
  0
TEXT
  5
CD2
330
1F
100
AcDbEntity
  8
KOT YAZI (BEYKENT)
100
AcDbText
 10
1945.879103499166
 20
1618.875645379519
 30
0.0
 40
8.0
  1
+18.30
  7
YAZI (BEYKENT)
 11
1945.879103499166
 21
1616.553774678006
 31
0.0
100
AcDbText
 73
     1
  0
HATCH
  5
CD3
330
1F
100
AcDbEntity
  8
KOT CIZGISI (BEYKENT)
 62
    18
420
        0
100
AcDbHatch
 10
0.0
 20
0.0
 30
0.0
210
0.0
220
0.0
230
1.0
  2
SOLID
 70
     1
 71
     0
 91
        1
 92
        7
 72
     1
 73
     1
 93
        3
 10
1938.074773295324
 20
1624.397384289816
 42
0.0
 10
1938.074773295324
 20
1617.875645102693
 42
0.0
 10
1944.596512482436
 20
1617.875645102693
 42
0.4142135623730951
 97
        0
 75
     1
 76
     1
 47
0.1085495934889314
 98
        2
 10
1940.534763376934
 20
1619.943175415348
 10
1935.340539568038
 20
1615.695581149615
450
        0
451
        0
460
0.0
461
0.0
452
        0
462
0.0
453
        2
463
0.0
 63
     5
421
      255
463
1.0
 63
     2
421
 16776960
470
LINEAR
1001
GradientColor1ACI
1070
     5
1001
GradientColor2ACI
1070
     2
1001
ACAD
1010
0.0
1020
0.0
1030
0.0
  0
HATCH
  5
CD4
330
1F
100
AcDbEntity
  8
KOT CIZGISI (BEYKENT)
 62
    18
420
        0
100
AcDbHatch
 10
0.0
 20
0.0
 30
0.0
210
0.0
220
0.0
230
1.0
  2
SOLID
 70
     1
 71
     0
 91
        1
 92
        7
 72
     1
 73
     1
 93
        3
 10
1938.074773295324
 20
1617.875645102693
 42
0.0
 10
1931.553034108198
 20
1617.875645102693
 42
0.4142135623730951
 10
1938.074773295324
 20
1611.35390591557
 42
0.0
 97
        0
 75
     1
 76
     1
 47
0.1085495934889314
 98
        2
 10
1940.534763376934
 20
1619.943175415348
 10
1935.340539568038
 20
1615.695581149615
450
        0
451
        0
460
0.0
461
0.0
452
        0
462
0.0
453
        2
463
0.0
 63
     5
421
      255
463
1.0
 63
     2
421
 16776960
470
LINEAR
1001
GradientColor1ACI
1070
     5
1001
GradientColor2ACI
1070
     2
1001
ACAD
1010
0.0
1020
0.0
1030
0.0
  0
LINE
  5
CD5
330
1F
100
AcDbEntity
  8
KOT CIZGISI (BEYKENT)
100
AcDbLine
 10
1938.074773295324
 20
1626.571444474164
 30
0.0
 11
1938.074773295324
 21
1609.180104881852
 31
0.0
1001
sta4cad App2
1004
70
1071
       13
1070
     0
1070
     0
1070
     0
  0
LINE
  5
CD6
330
1F
100
AcDbEntity
  8
KOT CIZGISI (BEYKENT)
100
AcDbLine
 10
1929.379103499166
 20
1617.875645102693
 30
0.0
 11
1969.379103499166
 21
1617.875645102693
 31
0.0
1001
sta4cad App2
1004
70
1071
       13
1070
     0
1070
     0
1070
     0
  0
CIRCLE
  5
CD7
330
1F
100
AcDbEntity
  8
KOT CIZGISI (BEYKENT)
100
AcDbCircle
 10
1938.074773295324
 20
1617.875645102693
 30
0.0
 40
6.521739187123982
1001
sta4cad App2
1004
70
1071
       13
1070
     0
1070
     0
1070
     0
  0
TEXT
  5
CD8
330
1F
100
AcDbEntity
  8
KOT YAZI (BEYKENT)
100
AcDbText
 10
1945.879103499166
 20
1608.875645379519
 30
0.0
 40
8.0
  1
+18.18
  7
YAZI (BEYKENT)
 11
1945.879103499166
 21
1606.553774678006
 31
0.0
100
AcDbText
 73
     1
  0
TEXT
  5
CD9
330
1F
100
AcDbEntity
  8
DOSEME ISMI (BEYKENT)
100
AcDbText
 10
3685.660048028156
 20
1630.98726074376
 30
0.0
 40
12.0
  1
D5-17 d=12cm
  7
YAZI (BEYKENT)
 11
3685.660048028156
 21
1627.50445469149
 31
0.0
100
AcDbText
 73
     1
  0
LWPOLYLINE
  5
CDA
330
1F
100
AcDbEntity
  8
DOSEME PAFTA (BEYKENT)
100
AcDbPolyline
 90
        4
 70
     1
 43
0.0
 10
3683.660048028141
 20
1644.987254691492
 10
3762.069951742051
 20
1644.987254691492
 42
-1.0
 10
3762.069951742051
 20
1628.987254691492
 10
3683.660048028141
 20
1628.987254691492
 42
-1.0
  0
TEXT
  5
CDB
330
1F
100
AcDbEntity
  8
YUK YAZISI (BEYKENT)
100
AcDbText
 10
3685.660048028156
 20
1615.406793068382
 30
0.0
 40
10.0
  1
Q=2.0kN/m²
  7
YAZI (BEYKENT)
 11
3685.660048028156
 21
1612.504454691491
 31
0.0
100
AcDbText
 73
     1
  0
TEXT
  5
CDC
330
1F
100
AcDbEntity
  8
KOT YAZI (BEYKENT)
100
AcDbText
 10
3699.986148028162
 20
1603.826325393004
 30
0.0
 40
8.0
  1
+18.30
  7
YAZI (BEYKENT)
 11
3699.986148028162
 21
1601.50445469149
 31
0.0
100
AcDbText
 73
     1
  0
HATCH
  5
CDD
330
1F
100
AcDbEntity
  8
KOT CIZGISI (BEYKENT)
 62
    18
420
        0
100
AcDbHatch
 10
0.0
 20
0.0
 30
0.0
210
0.0
220
0.0
230
1.0
  2
SOLID
 70
     1
 71
     0
 91
        1
 92
        7
 72
     1
 73
     1
 93
        3
 10
3692.181817824319
 20
1609.3480643033
 42
0.0
 10
3692.181817824319
 20
1602.826325116177
 42
0.0
 10
3698.703557011446
 20
1602.826325116177
 42
0.4142135623730951
 97
        0
 75
     1
 76
     1
 47
0.1085495934889314
 98
        2
 10
3694.641807905929
 20
1604.893855428832
 10
3689.447584097034
 20
1600.6462611631
450
        0
451
        0
460
0.0
461
0.0
452
        0
462
0.0
453
        2
463
0.0
 63
     5
421
      255
463
1.0
 63
     2
421
 16776960
470
LINEAR
1001
GradientColor1ACI
1070
     5
1001
GradientColor2ACI
1070
     2
1001
ACAD
1010
0.0
1020
0.0
1030
0.0
  0
HATCH
  5
CDE
330
1F
100
AcDbEntity
  8
KOT CIZGISI (BEYKENT)
 62
    18
420
        0
100
AcDbHatch
 10
0.0
 20
0.0
 30
0.0
210
0.0
220
0.0
230
1.0
  2
SOLID
 70
     1
 71
     0
 91
        1
 92
        7
 72
     1
 73
     1
 93
        3
 10
3692.181817824319
 20
1602.826325116177
 42
0.0
 10
3685.660078637193
 20
1602.826325116177
 42
0.4142135623730951
 10
3692.181817824319
 20
1596.304585929054
 42
0.0
 97
        0
 75
     1
 76
     1
 47
0.1085495934889314
 98
        2
 10
3694.641807905929
 20
1604.893855428832
 10
3689.447584097034
 20
1600.6462611631
450
        0
451
        0
460
0.0
461
0.0
452
        0
462
0.0
453
        2
463
0.0
 63
     5
421
      255
463
1.0
 63
     2
421
 16776960
470
LINEAR
1001
GradientColor1ACI
1070
     5
1001
GradientColor2ACI
1070
     2
1001
ACAD
1010
0.0
1020
0.0
1030
0.0
  0
LINE
  5
CDF
330
1F
100
AcDbEntity
  8
KOT CIZGISI (BEYKENT)
100
AcDbLine
 10
3692.181817824319
 20
1611.522124487648
 30
0.0
 11
3692.181817824319
 21
1594.130784895336
 31
0.0
1001
sta4cad App2
1004
70
1071
       13
1070
     0
1070
     0
1070
     0
  0
LINE
  5
CE0
330
1F
100
AcDbEntity
  8
KOT CIZGISI (BEYKENT)
100
AcDbLine
 10
3683.486148028162
 20
1602.826325116177
 30
0.0
 11
3723.486148028162
 21
1602.826325116177
 31
0.0
1001
sta4cad App2
1004
70
1071
       13
1070
     0
1070
     0
1070
     0
  0
CIRCLE
  5
CE1
330
1F
100
AcDbEntity
  8
KOT CIZGISI (BEYKENT)
100
AcDbCircle
 10
3692.181817824319
 20
1602.826325116177
 30
0.0
 40
6.521739187123982
1001
sta4cad App2
1004
70
1071
       13
1070
     0
1070
     0
1070
     0
  0
TEXT
  5
CE2
330
1F
100
AcDbEntity
  8
KOT YAZI (BEYKENT)
100
AcDbText
 10
3699.986148028162
 20
1593.826325393003
 30
0.0
 40
8.0
  1
+18.18
  7
YAZI (BEYKENT)
 11
3699.986148028162
 21
1591.50445469149
 31
0.0
100
AcDbText
 73
     1
  0
TEXT
  5
CE3
330
1F
100
AcDbEntity
  8
DOSEME ISMI (BEYKENT)
100
AcDbText
 10
1923.905466373071
 20
1394.107788615455
 30
0.0
 40
12.0
  1
D5-18 d=12cm
  7
YAZI (BEYKENT)
 11
1923.905466373071
 21
1390.624982563186
 31
0.0
100
AcDbText
 73
     1
  0
LWPOLYLINE
  5
CE4
330
1F
100
AcDbEntity
  8
DOSEME PAFTA (BEYKENT)
100
AcDbPolyline
 90
        4
 70
     1
 43
0.0
 10
1921.905466373086
 20
1408.107782563187
 10
2000.818808876509
 20
1408.107782563187
 42
-1.0
 10
2000.818808876509
 20
1392.107782563187
 10
1921.905466373086
 20
1392.107782563187
 42
-1.0
  0
TEXT
  5
CE5
330
1F
100
AcDbEntity
  8
YUK YAZISI (BEYKENT)
100
AcDbText
 10
1923.905466373071
 20
1378.527320940077
 30
0.0
 40
10.0
  1
Q=2.0kN/m²
  7
YAZI (BEYKENT)
 11
1923.905466373071
 21
1375.624982563186
 31
0.0
100
AcDbText
 73
     1
  0
TEXT
  5
CE6
330
1F
100
AcDbEntity
  8
KOT YAZI (BEYKENT)
100
AcDbText
 10
1938.231566373077
 20
1366.946853264699
 30
0.0
 40
8.0
  1
+18.30
  7
YAZI (BEYKENT)
 11
1938.231566373077
 21
1364.624982563185
 31
0.0
100
AcDbText
 73
     1
  0
HATCH
  5
CE7
330
1F
100
AcDbEntity
  8
KOT CIZGISI (BEYKENT)
 62
    18
420
        0
100
AcDbHatch
 10
0.0
 20
0.0
 30
0.0
210
0.0
220
0.0
230
1.0
  2
SOLID
 70
     1
 71
     0
 91
        1
 92
        7
 72
     1
 73
     1
 93
        3
 10
1930.427236169235
 20
1372.468592174995
 42
0.0
 10
1930.427236169235
 20
1365.946852987872
 42
0.0
 10
1936.948975356347
 20
1365.946852987872
 42
0.4142135623730951
 97
        0
 75
     1
 76
     1
 47
0.1085495934889314
 98
        2
 10
1932.887226250844
 20
1368.014383300528
 10
1927.693002441949
 20
1363.766789034795
450
        0
451
        0
460
0.0
461
0.0
452
        0
462
0.0
453
        2
463
0.0
 63
     5
421
      255
463
1.0
 63
     2
421
 16776960
470
LINEAR
1001
GradientColor1ACI
1070
     5
1001
GradientColor2ACI
1070
     2
1001
ACAD
1010
0.0
1020
0.0
1030
0.0
  0
HATCH
  5
CE8
330
1F
100
AcDbEntity
  8
KOT CIZGISI (BEYKENT)
 62
    18
420
        0
100
AcDbHatch
 10
0.0
 20
0.0
 30
0.0
210
0.0
220
0.0
230
1.0
  2
SOLID
 70
     1
 71
     0
 91
        1
 92
        7
 72
     1
 73
     1
 93
        3
 10
1930.427236169235
 20
1365.946852987872
 42
0.0
 10
1923.905496982108
 20
1365.946852987872
 42
0.4142135623730951
 10
1930.427236169235
 20
1359.425113800746
 42
0.0
 97
        0
 75
     1
 76
     1
 47
0.1085495934889314
 98
        2
 10
1932.887226250844
 20
1368.014383300528
 10
1927.693002441949
 20
1363.766789034795
450
        0
451
        0
460
0.0
461
0.0
452
        0
462
0.0
453
        2
463
0.0
 63
     5
421
      255
463
1.0
 63
     2
421
 16776960
470
LINEAR
1001
GradientColor1ACI
1070
     5
1001
GradientColor2ACI
1070
     2
1001
ACAD
1010
0.0
1020
0.0
1030
0.0
  0
LINE
  5
CE9
330
1F
100
AcDbEntity
  8
KOT CIZGISI (BEYKENT)
100
AcDbLine
 10
1930.427236169235
 20
1374.642652359344
 30
0.0
 11
1930.427236169235
 21
1357.251312767032
 31
0.0
1001
sta4cad App2
1004
70
1071
       13
1070
     0
1070
     0
1070
     0
  0
LINE
  5
CEA
330
1F
100
AcDbEntity
  8
KOT CIZGISI (BEYKENT)
100
AcDbLine
 10
1921.731566373077
 20
1365.946852987872
 30
0.0
 11
1961.731566373077
 21
1365.946852987872
 31
0.0
1001
sta4cad App2
1004
70
1071
       13
1070
     0
1070
     0
1070
     0
  0
CIRCLE
  5
CEB
330
1F
100
AcDbEntity
  8
KOT CIZGISI (BEYKENT)
100
AcDbCircle
 10
1930.427236169235
 20
1365.946852987872
 30
0.0
 40
6.521739187123982
1001
sta4cad App2
1004
70
1071
       13
1070
     0
1070
     0
1070
     0
  0
TEXT
  5
CEC
330
1F
100
AcDbEntity
  8
KOT YAZI (BEYKENT)
100
AcDbText
 10
1938.231566373077
 20
1356.946853264699
 30
0.0
 40
8.0
  1
+18.18
  7
YAZI (BEYKENT)
 11
1938.231566373077
 21
1354.624982563185
 31
0.0
100
AcDbText
 73
     1
  0
TEXT
  5
CED
330
1F
100
AcDbEntity
  8
DOSEME ISMI (BEYKENT)
100
AcDbText
 10
2187.319915040418
 20
1390.056816344268
 30
0.0
 40
12.0
  1
D5-19 d=12cm
  7
YAZI (BEYKENT)
 11
2187.319915040418
 21
1386.574010291999
 31
0.0
100
AcDbText
 73
     1
  0
LWPOLYLINE
  5
CEE
330
1F
100
AcDbEntity
  8
DOSEME PAFTA (BEYKENT)
100
AcDbPolyline
 90
        4
 70
     1
 43
0.0
 10
2185.319915040418
 20
1404.056810292
 10
2263.812349703417
 20
1404.056810292
 42
-1.0
 10
2263.812349703417
 20
1388.056810292001
 10
2185.319915040418
 20
1388.056810292001
 42
-1.0
  0
TEXT
  5
CEF
330
1F
100
AcDbEntity
  8
YUK YAZISI (BEYKENT)
100
AcDbText
 10
2187.319915040418
 20
1374.47634866889
 30
0.0
 40
10.0
  1
Q=2.0kN/m²
  7
YAZI (BEYKENT)
 11
2187.319915040418
 21
1371.574010291999
 31
0.0
100
AcDbText
 73
     1
  0
TEXT
  5
CF0
330
1F
100
AcDbEntity
  8
KOT YAZI (BEYKENT)
100
AcDbText
 10
2201.646015040424
 20
1362.895880993512
 30
0.0
 40
8.0
  1
+18.30
  7
YAZI (BEYKENT)
 11
2201.646015040424
 21
1360.574010291999
 31
0.0
100
AcDbText
 73
     1
  0
HATCH
  5
CF1
330
1F
100
AcDbEntity
  8
KOT CIZGISI (BEYKENT)
 62
    18
420
        0
100
AcDbHatch
 10
0.0
 20
0.0
 30
0.0
210
0.0
220
0.0
230
1.0
  2
SOLID
 70
     1
 71
     0
 91
        1
 92
        7
 72
     1
 73
     1
 93
        3
 10
2193.841684836582
 20
1368.417619903808
 42
0.0
 10
2193.841684836582
 20
1361.895880716685
 42
0.0
 10
2200.363424023693
 20
1361.895880716685
 42
0.4142135623730951
 97
        0
 75
     1
 76
     1
 47
0.1085495934889314
 98
        2
 10
2196.301674918192
 20
1363.963411029341
 10
2191.107451109296
 20
1359.715816763608
450
        0
451
        0
460
0.0
461
0.0
452
        0
462
0.0
453
        2
463
0.0
 63
     5
421
      255
463
1.0
 63
     2
421
 16776960
470
LINEAR
1001
GradientColor1ACI
1070
     5
1001
GradientColor2ACI
1070
     2
1001
ACAD
1010
0.0
1020
0.0
1030
0.0
  0
HATCH
  5
CF2
330
1F
100
AcDbEntity
  8
KOT CIZGISI (BEYKENT)
 62
    18
420
        0
100
AcDbHatch
 10
0.0
 20
0.0
 30
0.0
210
0.0
220
0.0
230
1.0
  2
SOLID
 70
     1
 71
     0
 91
        1
 92
        7
 72
     1
 73
     1
 93
        3
 10
2193.841684836582
 20
1361.895880716685
 42
0.0
 10
2187.319945649455
 20
1361.895880716685
 42
0.4142135623730951
 10
2193.841684836582
 20
1355.374141529562
 42
0.0
 97
        0
 75
     1
 76
     1
 47
0.1085495934889314
 98
        2
 10
2196.301674918192
 20
1363.963411029341
 10
2191.107451109296
 20
1359.715816763608
450
        0
451
        0
460
0.0
461
0.0
452
        0
462
0.0
453
        2
463
0.0
 63
     5
421
      255
463
1.0
 63
     2
421
 16776960
470
LINEAR
1001
GradientColor1ACI
1070
     5
1001
GradientColor2ACI
1070
     2
1001
ACAD
1010
0.0
1020
0.0
1030
0.0
  0
LINE
  5
CF3
330
1F
100
AcDbEntity
  8
KOT CIZGISI (BEYKENT)
100
AcDbLine
 10
2193.841684836582
 20
1370.591680088157
 30
0.0
 11
2193.841684836582
 21
1353.200340495845
 31
0.0
1001
sta4cad App2
1004
70
1071
       13
1070
     0
1070
     0
1070
     0
  0
LINE
  5
CF4
330
1F
100
AcDbEntity
  8
KOT CIZGISI (BEYKENT)
100
AcDbLine
 10
2185.146015040424
 20
1361.895880716685
 30
0.0
 11
2225.146015040424
 21
1361.895880716685
 31
0.0
1001
sta4cad App2
1004
70
1071
       13
1070
     0
1070
     0
1070
     0
  0
CIRCLE
  5
CF5
330
1F
100
AcDbEntity
  8
KOT CIZGISI (BEYKENT)
100
AcDbCircle
 10
2193.841684836582
 20
1361.895880716685
 30
0.0
 40
6.521739187123982
1001
sta4cad App2
1004
70
1071
       13
1070
     0
1070
     0
1070
     0
  0
TEXT
  5
CF6
330
1F
100
AcDbEntity
  8
KOT YAZI (BEYKENT)
100
AcDbText
 10
2201.646015040424
 20
1352.895880993512
 30
0.0
 40
8.0
  1
+18.18
  7
YAZI (BEYKENT)
 11
2201.646015040424
 21
1350.574010291999
 31
0.0
100
AcDbText
 73
     1
  0
TEXT
  5
CF7
330
1F
100
AcDbEntity
  8
DOSEME ISMI (BEYKENT)
100
AcDbText
 10
2677.319915040418
 20
1537.556766344266
 30
0.0
 40
12.0
  1
D5-20 d=12cm
  7
YAZI (BEYKENT)
 11
2677.319915040418
 21
1534.073960291997
 31
0.0
100
AcDbText
 73
     1
  0
LWPOLYLINE
  5
CF8
330
1F
100
AcDbEntity
  8
DOSEME PAFTA (BEYKENT)
100
AcDbPolyline
 90
        4
 70
     1
 43
0.0
 10
2675.319915040418
 20
1551.556760291998
 10
2756.519364834087
 20
1551.556760291998
 42
-1.0
 10
2756.519364834087
 20
1535.556760291998
 10
2675.319915040418
 20
1535.556760291998
 42
-1.0
  0
TEXT
  5
CF9
330
1F
100
AcDbEntity
  8
YUK YAZISI (BEYKENT)
100
AcDbText
 10
2677.319915040418
 20
1521.976298668888
 30
0.0
 40
10.0
  1
Q=2.0kN/m²
  7
YAZI (BEYKENT)
 11
2677.319915040418
 21
1519.073960291996
 31
0.0
100
AcDbText
 73
     1
  0
TEXT
  5
CFA
330
1F
100
AcDbEntity
  8
KOT YAZI (BEYKENT)
100
AcDbText
 10
2691.646015040424
 20
1510.395830993509
 30
0.0
 40
8.0
  1
+18.30
  7
YAZI (BEYKENT)
 11
2691.646015040424
 21
1508.073960291996
 31
0.0
100
AcDbText
 73
     1
  0
HATCH
  5
CFB
330
1F
100
AcDbEntity
  8
KOT CIZGISI (BEYKENT)
 62
    18
420
        0
100
AcDbHatch
 10
0.0
 20
0.0
 30
0.0
210
0.0
220
0.0
230
1.0
  2
SOLID
 70
     1
 71
     0
 91
        1
 92
        7
 72
     1
 73
     1
 93
        3
 10
2683.841684836581
 20
1515.917569903806
 42
0.0
 10
2683.841684836581
 20
1509.395830716679
 42
0.0
 10
2690.363424023708
 20
1509.395830716679
 42
0.4142135623730951
 97
        0
 75
     1
 76
     1
 47
0.1085495934889314
 98
        2
 10
2686.301674918206
 20
1511.463361029338
 10
2681.107451109296
 20
1507.215766763602
450
        0
451
        0
460
0.0
461
0.0
452
        0
462
0.0
453
        2
463
0.0
 63
     5
421
      255
463
1.0
 63
     2
421
 16776960
470
LINEAR
1001
GradientColor1ACI
1070
     5
1001
GradientColor2ACI
1070
     2
1001
ACAD
1010
0.0
1020
0.0
1030
0.0
  0
HATCH
  5
CFC
330
1F
100
AcDbEntity
  8
KOT CIZGISI (BEYKENT)
 62
    18
420
        0
100
AcDbHatch
 10
0.0
 20
0.0
 30
0.0
210
0.0
220
0.0
230
1.0
  2
SOLID
 70
     1
 71
     0
 91
        1
 92
        7
 72
     1
 73
     1
 93
        3
 10
2683.841684836581
 20
1509.395830716679
 42
0.0
 10
2677.319945649455
 20
1509.395830716679
 42
0.4142135623730951
 10
2683.841684836581
 20
1502.874091529556
 42
0.0
 97
        0
 75
     1
 76
     1
 47
0.1085495934889314
 98
        2
 10
2686.301674918206
 20
1511.463361029338
 10
2681.107451109296
 20
1507.215766763602
450
        0
451
        0
460
0.0
461
0.0
452
        0
462
0.0
453
        2
463
0.0
 63
     5
421
      255
463
1.0
 63
     2
421
 16776960
470
LINEAR
1001
GradientColor1ACI
1070
     5
1001
GradientColor2ACI
1070
     2
1001
ACAD
1010
0.0
1020
0.0
1030
0.0
  0
LINE
  5
CFD
330
1F
100
AcDbEntity
  8
KOT CIZGISI (BEYKENT)
100
AcDbLine
 10
2683.841684836581
 20
1518.091630088151
 30
0.0
 11
2683.841684836581
 21
1500.700290495839
 31
0.0
1001
sta4cad App2
1004
70
1071
       13
1070
     0
1070
     0
1070
     0
  0
LINE
  5
CFE
330
1F
100
AcDbEntity
  8
KOT CIZGISI (BEYKENT)
100
AcDbLine
 10
2675.146015040424
 20
1509.395830716679
 30
0.0
 11
2715.146015040424
 21
1509.395830716679
 31
0.0
1001
sta4cad App2
1004
70
1071
       13
1070
     0
1070
     0
1070
     0
  0
CIRCLE
  5
CFF
330
1F
100
AcDbEntity
  8
KOT CIZGISI (BEYKENT)
100
AcDbCircle
 10
2683.841684836581
 20
1509.395830716679
 30
0.0
 40
6.521739187123982
1001
sta4cad App2
1004
70
1071
       13
1070
     0
1070
     0
1070
     0
  0
TEXT
  5
D00
330
1F
100
AcDbEntity
  8
KOT YAZI (BEYKENT)
100
AcDbText
 10
2691.646015040424
 20
1500.395830993509
 30
0.0
 40
8.0
  1
+18.18
  7
YAZI (BEYKENT)
 11
2691.646015040424
 21
1498.073960291996
 31
0.0
100
AcDbText
 73
     1
  0
TEXT
  5
D01
330
1F
100
AcDbEntity
  8
DOSEME ISMI (BEYKENT)
100
AcDbText
 10
3062.319865040416
 20
1537.556766344266
 30
0.0
 40
12.0
  1
D5-21 d=15cm
  7
YAZI (BEYKENT)
 11
3062.319865040416
 21
1534.073960291997
 31
0.0
100
AcDbText
 73
     1
  0
LWPOLYLINE
  5
D02
330
1F
100
AcDbEntity
  8
DOSEME PAFTA (BEYKENT)
100
AcDbPolyline
 90
        4
 70
     1
 43
0.0
 10
3060.319865040401
 20
1551.556760291998
 10
3139.175435879479
 20
1551.556760291998
 42
-1.0
 10
3139.175435879479
 20
1535.556760291998
 10
3060.319865040401
 20
1535.556760291998
 42
-1.0
  0
TEXT
  5
D03
330
1F
100
AcDbEntity
  8
YUK YAZISI (BEYKENT)
100
AcDbText
 10
3062.319865040416
 20
1521.976298668888
 30
0.0
 40
10.0
  1
Q=3.5kN/m²
  7
YAZI (BEYKENT)
 11
3062.319865040416
 21
1519.073960291996
 31
0.0
100
AcDbText
 73
     1
  0
TEXT
  5
D04
330
1F
100
AcDbEntity
  8
KOT YAZI (BEYKENT)
100
AcDbText
 10
3076.645965040422
 20
1510.395830993509
 30
0.0
 40
8.0
  1
+18.30
  7
YAZI (BEYKENT)
 11
3076.645965040422
 21
1508.073960291996
 31
0.0
100
AcDbText
 73
     1
  0
HATCH
  5
D05
330
1F
100
AcDbEntity
  8
KOT CIZGISI (BEYKENT)
 62
    18
420
        0
100
AcDbHatch
 10
0.0
 20
0.0
 30
0.0
210
0.0
220
0.0
230
1.0
  2
SOLID
 70
     1
 71
     0
 91
        1
 92
        7
 72
     1
 73
     1
 93
        3
 10
3068.841634836579
 20
1515.917569903806
 42
0.0
 10
3068.841634836579
 20
1509.395830716679
 42
0.0
 10
3075.363374023706
 20
1509.395830716679
 42
0.4142135623730951
 97
        0
 75
     1
 76
     1
 47
0.1085495934889314
 98
        2
 10
3071.301624918189
 20
1511.463361029338
 10
3066.107401109293
 20
1507.215766763602
450
        0
451
        0
460
0.0
461
0.0
452
        0
462
0.0
453
        2
463
0.0
 63
     5
421
      255
463
1.0
 63
     2
421
 16776960
470
LINEAR
1001
GradientColor1ACI
1070
     5
1001
GradientColor2ACI
1070
     2
1001
ACAD
1010
0.0
1020
0.0
1030
0.0
  0
HATCH
  5
D06
330
1F
100
AcDbEntity
  8
KOT CIZGISI (BEYKENT)
 62
    18
420
        0
100
AcDbHatch
 10
0.0
 20
0.0
 30
0.0
210
0.0
220
0.0
230
1.0
  2
SOLID
 70
     1
 71
     0
 91
        1
 92
        7
 72
     1
 73
     1
 93
        3
 10
3068.841634836579
 20
1509.395830716679
 42
0.0
 10
3062.319895649453
 20
1509.395830716679
 42
0.4142135623730951
 10
3068.841634836579
 20
1502.874091529556
 42
0.0
 97
        0
 75
     1
 76
     1
 47
0.1085495934889314
 98
        2
 10
3071.301624918189
 20
1511.463361029338
 10
3066.107401109293
 20
1507.215766763602
450
        0
451
        0
460
0.0
461
0.0
452
        0
462
0.0
453
        2
463
0.0
 63
     5
421
      255
463
1.0
 63
     2
421
 16776960
470
LINEAR
1001
GradientColor1ACI
1070
     5
1001
GradientColor2ACI
1070
     2
1001
ACAD
1010
0.0
1020
0.0
1030
0.0
  0
LINE
  5
D07
330
1F
100
AcDbEntity
  8
KOT CIZGISI (BEYKENT)
100
AcDbLine
 10
3068.841634836579
 20
1518.091630088151
 30
0.0
 11
3068.841634836579
 21
1500.700290495839
 31
0.0
1001
sta4cad App2
1004
70
1071
       13
1070
     0
1070
     0
1070
     0
  0
LINE
  5
D08
330
1F
100
AcDbEntity
  8
KOT CIZGISI (BEYKENT)
100
AcDbLine
 10
3060.145965040421
 20
1509.395830716679
 30
0.0
 11
3100.145965040422
 21
1509.395830716679
 31
0.0
1001
sta4cad App2
1004
70
1071
       13
1070
     0
1070
     0
1070
     0
  0
CIRCLE
  5
D09
330
1F
100
AcDbEntity
  8
KOT CIZGISI (BEYKENT)
100
AcDbCircle
 10
3068.841634836579
 20
1509.395830716679
 30
0.0
 40
6.521739187123982
1001
sta4cad App2
1004
70
1071
       13
1070
     0
1070
     0
1070
     0
  0
TEXT
  5
D0A
330
1F
100
AcDbEntity
  8
KOT YAZI (BEYKENT)
100
AcDbText
 10
3076.645965040422
 20
1500.395830993509
 30
0.0
 40
8.0
  1
+18.15
  7
YAZI (BEYKENT)
 11
3076.645965040422
 21
1498.073960291996
 31
0.0
100
AcDbText
 73
     1
  0
TEXT
  5
D0B
330
1F
100
AcDbEntity
  8
DOSEME ISMI (BEYKENT)
100
AcDbText
 10
3325.212389199406
 20
1524.022374385214
 30
0.0
 40
12.0
  1
D5-22 d=12cm
  7
YAZI (BEYKENT)
 11
3325.212389199406
 21
1520.539568332944
 31
0.0
100
AcDbText
 73
     1
  0
LWPOLYLINE
  5
D0C
330
1F
100
AcDbEntity
  8
DOSEME PAFTA (BEYKENT)
100
AcDbPolyline
 90
        4
 70
     1
 43
0.0
 10
3323.21238919942
 20
1538.022368332946
 10
3404.16424614576
 20
1538.022368332946
 42
-1.0
 10
3404.16424614576
 20
1522.022368332946
 10
3323.21238919942
 20
1522.022368332946
 42
-1.0
  0
TEXT
  5
D0D
330
1F
100
AcDbEntity
  8
YUK YAZISI (BEYKENT)
100
AcDbText
 10
3325.212389199406
 20
1508.441906709835
 30
0.0
 40
10.0
  1
Q=3.5kN/m²
  7
YAZI (BEYKENT)
 11
3325.212389199406
 21
1505.539568332944
 31
0.0
100
AcDbText
 73
     1
  0
TEXT
  5
D0E
330
1F
100
AcDbEntity
  8
KOT YAZI (BEYKENT)
100
AcDbText
 10
3339.538489199411
 20
1496.861439034457
 30
0.0
 40
8.0
  1
+18.30
  7
YAZI (BEYKENT)
 11
3339.538489199411
 21
1494.539568332944
 31
0.0
100
AcDbText
 73
     1
  0
HATCH
  5
D0F
330
1F
100
AcDbEntity
  8
KOT CIZGISI (BEYKENT)
 62
    18
420
        0
100
AcDbHatch
 10
0.0
 20
0.0
 30
0.0
210
0.0
220
0.0
230
1.0
  2
SOLID
 70
     1
 71
     0
 91
        1
 92
        7
 72
     1
 73
     1
 93
        3
 10
3331.734158995569
 20
1502.383177944754
 42
0.0
 10
3331.734158995569
 20
1495.86143875763
 42
0.0
 10
3338.255898182695
 20
1495.86143875763
 42
0.4142135623730951
 97
        0
 75
     1
 76
     1
 47
0.1085495934889314
 98
        2
 10
3334.194149077179
 20
1497.928969070286
 10
3328.999925268283
 20
1493.681374804553
450
        0
451
        0
460
0.0
461
0.0
452
        0
462
0.0
453
        2
463
0.0
 63
     5
421
      255
463
1.0
 63
     2
421
 16776960
470
LINEAR
1001
GradientColor1ACI
1070
     5
1001
GradientColor2ACI
1070
     2
1001
ACAD
1010
0.0
1020
0.0
1030
0.0
  0
HATCH
  5
D10
330
1F
100
AcDbEntity
  8
KOT CIZGISI (BEYKENT)
 62
    18
420
        0
100
AcDbHatch
 10
0.0
 20
0.0
 30
0.0
210
0.0
220
0.0
230
1.0
  2
SOLID
 70
     1
 71
     0
 91
        1
 92
        7
 72
     1
 73
     1
 93
        3
 10
3331.734158995569
 20
1495.86143875763
 42
0.0
 10
3325.212419808443
 20
1495.86143875763
 42
0.4142135623730951
 10
3331.734158995569
 20
1489.339699570508
 42
0.0
 97
        0
 75
     1
 76
     1
 47
0.1085495934889314
 98
        2
 10
3334.194149077179
 20
1497.928969070286
 10
3328.999925268283
 20
1493.681374804553
450
        0
451
        0
460
0.0
461
0.0
452
        0
462
0.0
453
        2
463
0.0
 63
     5
421
      255
463
1.0
 63
     2
421
 16776960
470
LINEAR
1001
GradientColor1ACI
1070
     5
1001
GradientColor2ACI
1070
     2
1001
ACAD
1010
0.0
1020
0.0
1030
0.0
  0
LINE
  5
D11
330
1F
100
AcDbEntity
  8
KOT CIZGISI (BEYKENT)
100
AcDbLine
 10
3331.734158995569
 20
1504.557238129102
 30
0.0
 11
3331.734158995569
 21
1487.16589853679
 31
0.0
1001
sta4cad App2
1004
70
1071
       13
1070
     0
1070
     0
1070
     0
  0
LINE
  5
D12
330
1F
100
AcDbEntity
  8
KOT CIZGISI (BEYKENT)
100
AcDbLine
 10
3323.038489199411
 20
1495.86143875763
 30
0.0
 11
3363.038489199411
 21
1495.86143875763
 31
0.0
1001
sta4cad App2
1004
70
1071
       13
1070
     0
1070
     0
1070
     0
  0
CIRCLE
  5
D13
330
1F
100
AcDbEntity
  8
KOT CIZGISI (BEYKENT)
100
AcDbCircle
 10
3331.734158995569
 20
1495.86143875763
 30
0.0
 40
6.521739187123982
1001
sta4cad App2
1004
70
1071
       13
1070
     0
1070
     0
1070
     0
  0
TEXT
  5
D14
330
1F
100
AcDbEntity
  8
KOT YAZI (BEYKENT)
100
AcDbText
 10
3339.538489199411
 20
1486.861439034457
 30
0.0
 40
8.0
  1
+18.18
  7
YAZI (BEYKENT)
 11
3339.538489199411
 21
1484.539568332944
 31
0.0
100
AcDbText
 73
     1
  0
TEXT
  5
D15
330
1F
100
AcDbEntity
  8
DOSEME ISMI (BEYKENT)
100
AcDbText
 10
1859.819865040416
 20
1137.556766344266
 30
0.0
 40
12.0
  1
D5-23 d=12cm
  7
YAZI (BEYKENT)
 11
1859.819865040416
 21
1134.073960291996
 31
0.0
100
AcDbText
 73
     1
  0
LWPOLYLINE
  5
D16
330
1F
100
AcDbEntity
  8
DOSEME PAFTA (BEYKENT)
100
AcDbPolyline
 90
        4
 70
     1
 43
0.0
 10
1857.819865040401
 20
1151.556760291998
 10
1938.713950322395
 20
1151.556760291998
 42
-1.0
 10
1938.713950322395
 20
1135.556760291998
 10
1857.819865040401
 20
1135.556760291998
 42
-1.0
  0
TEXT
  5
D17
330
1F
100
AcDbEntity
  8
YUK YAZISI (BEYKENT)
100
AcDbText
 10
1859.819865040416
 20
1121.976298668888
 30
0.0
 40
10.0
  1
Q=2.0kN/m²
  7
YAZI (BEYKENT)
 11
1859.819865040416
 21
1119.073960291997
 31
0.0
100
AcDbText
 73
     1
  0
TEXT
  5
D18
330
1F
100
AcDbEntity
  8
KOT YAZI (BEYKENT)
100
AcDbText
 10
1874.145965040421
 20
1110.39583099351
 30
0.0
 40
8.0
  1
+18.30
  7
YAZI (BEYKENT)
 11
1874.145965040421
 21
1108.073960291996
 31
0.0
100
AcDbText
 73
     1
  0
HATCH
  5
D19
330
1F
100
AcDbEntity
  8
KOT CIZGISI (BEYKENT)
 62
    18
420
        0
100
AcDbHatch
 10
0.0
 20
0.0
 30
0.0
210
0.0
220
0.0
230
1.0
  2
SOLID
 70
     1
 71
     0
 91
        1
 92
        7
 72
     1
 73
     1
 93
        3
 10
1866.341634836579
 20
1115.917569903806
 42
0.0
 10
1866.341634836579
 20
1109.395830716683
 42
0.0
 10
1872.863374023705
 20
1109.395830716683
 42
0.4142135623730951
 97
        0
 75
     1
 76
     1
 47
0.1085495934889314
 98
        2
 10
1868.801624918189
 20
1111.463361029338
 10
1863.607401109293
 20
1107.215766763606
450
        0
451
        0
460
0.0
461
0.0
452
        0
462
0.0
453
        2
463
0.0
 63
     5
421
      255
463
1.0
 63
     2
421
 16776960
470
LINEAR
1001
GradientColor1ACI
1070
     5
1001
GradientColor2ACI
1070
     2
1001
ACAD
1010
0.0
1020
0.0
1030
0.0
  0
HATCH
  5
D1A
330
1F
100
AcDbEntity
  8
KOT CIZGISI (BEYKENT)
 62
    18
420
        0
100
AcDbHatch
 10
0.0
 20
0.0
 30
0.0
210
0.0
220
0.0
230
1.0
  2
SOLID
 70
     1
 71
     0
 91
        1
 92
        7
 72
     1
 73
     1
 93
        3
 10
1866.341634836579
 20
1109.395830716683
 42
0.0
 10
1859.819895649452
 20
1109.395830716683
 42
0.4142135623730951
 10
1866.341634836579
 20
1102.87409152956
 42
0.0
 97
        0
 75
     1
 76
     1
 47
0.1085495934889314
 98
        2
 10
1868.801624918189
 20
1111.463361029338
 10
1863.607401109293
 20
1107.215766763606
450
        0
451
        0
460
0.0
461
0.0
452
        0
462
0.0
453
        2
463
0.0
 63
     5
421
      255
463
1.0
 63
     2
421
 16776960
470
LINEAR
1001
GradientColor1ACI
1070
     5
1001
GradientColor2ACI
1070
     2
1001
ACAD
1010
0.0
1020
0.0
1030
0.0
  0
LINE
  5
D1B
330
1F
100
AcDbEntity
  8
KOT CIZGISI (BEYKENT)
100
AcDbLine
 10
1866.341634836579
 20
1118.091630088154
 30
0.0
 11
1866.341634836579
 21
1100.700290495842
 31
0.0
1001
sta4cad App2
1004
70
1071
       13
1070
     0
1070
     0
1070
     0
  0
LINE
  5
D1C
330
1F
100
AcDbEntity
  8
KOT CIZGISI (BEYKENT)
100
AcDbLine
 10
1857.645965040421
 20
1109.395830716683
 30
0.0
 11
1897.645965040421
 21
1109.395830716683
 31
0.0
1001
sta4cad App2
1004
70
1071
       13
1070
     0
1070
     0
1070
     0
  0
CIRCLE
  5
D1D
330
1F
100
AcDbEntity
  8
KOT CIZGISI (BEYKENT)
100
AcDbCircle
 10
1866.341634836579
 20
1109.395830716683
 30
0.0
 40
6.521739187123982
1001
sta4cad App2
1004
70
1071
       13
1070
     0
1070
     0
1070
     0
  0
TEXT
  5
D1E
330
1F
100
AcDbEntity
  8
KOT YAZI (BEYKENT)
100
AcDbText
 10
1874.145965040421
 20
1100.39583099351
 30
0.0
 40
8.0
  1
+18.18
  7
YAZI (BEYKENT)
 11
1874.145965040421
 21
1098.073960291996
 31
0.0
100
AcDbText
 73
     1
  0
TEXT
  5
D1F
330
1F
100
AcDbEntity
  8
DOSEME ISMI (BEYKENT)
100
AcDbText
 10
2729.819865040416
 20
1180.056766344266
 30
0.0
 40
12.0
  1
D5-25 d=12cm
  7
YAZI (BEYKENT)
 11
2729.819865040416
 21
1176.573960291996
 31
0.0
100
AcDbText
 73
     1
  0
LWPOLYLINE
  5
D20
330
1F
100
AcDbEntity
  8
DOSEME PAFTA (BEYKENT)
100
AcDbPolyline
 90
        4
 70
     1
 43
0.0
 10
2727.819865040431
 20
1194.056760291998
 10
2808.895518410434
 20
1194.056760291998
 42
-1.0
 10
2808.895518410434
 20
1178.056760291998
 10
2727.819865040431
 20
1178.056760291998
 42
-1.0
  0
TEXT
  5
D21
330
1F
100
AcDbEntity
  8
YUK YAZISI (BEYKENT)
100
AcDbText
 10
2729.819865040416
 20
1164.476298668888
 30
0.0
 40
10.0
  1
Q=2.0kN/m²
  7
YAZI (BEYKENT)
 11
2729.819865040416
 21
1161.573960291996
 31
0.0
100
AcDbText
 73
     1
  0
TEXT
  5
D22
330
1F
100
AcDbEntity
  8
KOT YAZI (BEYKENT)
100
AcDbText
 10
2744.145965040421
 20
1152.89583099351
 30
0.0
 40
8.0
  1
+18.30
  7
YAZI (BEYKENT)
 11
2744.145965040421
 21
1150.573960291996
 31
0.0
100
AcDbText
 73
     1
  0
HATCH
  5
D23
330
1F
100
AcDbEntity
  8
KOT CIZGISI (BEYKENT)
 62
    18
420
        0
100
AcDbHatch
 10
0.0
 20
0.0
 30
0.0
210
0.0
220
0.0
230
1.0
  2
SOLID
 70
     1
 71
     0
 91
        1
 92
        7
 72
     1
 73
     1
 93
        3
 10
2736.341634836579
 20
1158.417569903806
 42
0.0
 10
2736.341634836579
 20
1151.895830716683
 42
0.0
 10
2742.863374023706
 20
1151.895830716683
 42
0.4142135623730951
 97
        0
 75
     1
 76
     1
 47
0.1085495934889314
 98
        2
 10
2738.801624918189
 20
1153.963361029338
 10
2733.607401109293
 20
1149.715766763605
450
        0
451
        0
460
0.0
461
0.0
452
        0
462
0.0
453
        2
463
0.0
 63
     5
421
      255
463
1.0
 63
     2
421
 16776960
470
LINEAR
1001
GradientColor1ACI
1070
     5
1001
GradientColor2ACI
1070
     2
1001
ACAD
1010
0.0
1020
0.0
1030
0.0
  0
HATCH
  5
D24
330
1F
100
AcDbEntity
  8
KOT CIZGISI (BEYKENT)
 62
    18
420
        0
100
AcDbHatch
 10
0.0
 20
0.0
 30
0.0
210
0.0
220
0.0
230
1.0
  2
SOLID
 70
     1
 71
     0
 91
        1
 92
        7
 72
     1
 73
     1
 93
        3
 10
2736.341634836579
 20
1151.895830716683
 42
0.0
 10
2729.819895649453
 20
1151.895830716683
 42
0.4142135623730951
 10
2736.341634836579
 20
1145.374091529556
 42
0.0
 97
        0
 75
     1
 76
     1
 47
0.1085495934889314
 98
        2
 10
2738.801624918189
 20
1153.963361029338
 10
2733.607401109293
 20
1149.715766763605
450
        0
451
        0
460
0.0
461
0.0
452
        0
462
0.0
453
        2
463
0.0
 63
     5
421
      255
463
1.0
 63
     2
421
 16776960
470
LINEAR
1001
GradientColor1ACI
1070
     5
1001
GradientColor2ACI
1070
     2
1001
ACAD
1010
0.0
1020
0.0
1030
0.0
  0
LINE
  5
D25
330
1F
100
AcDbEntity
  8
KOT CIZGISI (BEYKENT)
100
AcDbLine
 10
2736.341634836579
 20
1160.591630088151
 30
0.0
 11
2736.341634836579
 21
1143.200290495842
 31
0.0
1001
sta4cad App2
1004
70
1071
       13
1070
     0
1070
     0
1070
     0
  0
LINE
  5
D26
330
1F
100
AcDbEntity
  8
KOT CIZGISI (BEYKENT)
100
AcDbLine
 10
2727.645965040422
 20
1151.895830716683
 30
0.0
 11
2767.645965040421
 21
1151.895830716683
 31
0.0
1001
sta4cad App2
1004
70
1071
       13
1070
     0
1070
     0
1070
     0
  0
CIRCLE
  5
D27
330
1F
100
AcDbEntity
  8
KOT CIZGISI (BEYKENT)
100
AcDbCircle
 10
2736.341634836579
 20
1151.895830716683
 30
0.0
 40
6.521739187123982
1001
sta4cad App2
1004
70
1071
       13
1070
     0
1070
     0
1070
     0
  0
TEXT
  5
D28
330
1F
100
AcDbEntity
  8
KOT YAZI (BEYKENT)
100
AcDbText
 10
2744.145965040421
 20
1142.895830993509
 30
0.0
 40
8.0
  1
+18.18
  7
YAZI (BEYKENT)
 11
2744.145965040421
 21
1140.573960291996
 31
0.0
100
AcDbText
 73
     1
  0
TEXT
  5
D29
330
1F
100
AcDbEntity
  8
DOSEME ISMI (BEYKENT)
100
AcDbText
 10
3285.166683615251
 20
1276.189570202655
 30
0.0
 40
12.0
  1
D5-26 d=15cm
  7
YAZI (BEYKENT)
 11
3285.166683615251
 21
1272.706764150385
 31
0.0
100
AcDbText
 73
     1
  0
LWPOLYLINE
  5
D2A
330
1F
100
AcDbEntity
  8
DOSEME PAFTA (BEYKENT)
100
AcDbPolyline
 90
        4
 70
     1
 43
0.0
 10
3283.166683615266
 20
1290.189564150387
 10
3364.002997232856
 20
1290.189564150387
 42
-1.0
 10
3364.002997232856
 20
1274.189564150387
 10
3283.166683615266
 20
1274.189564150387
 42
-1.0
  0
TEXT
  5
D2B
330
1F
100
AcDbEntity
  8
YUK YAZISI (BEYKENT)
100
AcDbText
 10
3285.166683615251
 20
1260.609102527277
 30
0.0
 40
10.0
  1
Q=20.0kN/m²
  7
YAZI (BEYKENT)
 11
3285.166683615251
 21
1257.706764150385
 31
0.0
100
AcDbText
 73
     1
  0
TEXT
  5
D2C
330
1F
100
AcDbEntity
  8
KOT YAZI (BEYKENT)
100
AcDbText
 10
3299.492783615256
 20
1249.028634851898
 30
0.0
 40
8.0
  1
+19.50
  7
YAZI (BEYKENT)
 11
3299.492783615256
 21
1246.706764150385
 31
0.0
100
AcDbText
 73
     1
  0
HATCH
  5
D2D
330
1F
100
AcDbEntity
  8
KOT CIZGISI (BEYKENT)
 62
    18
420
        0
100
AcDbHatch
 10
0.0
 20
0.0
 30
0.0
210
0.0
220
0.0
230
1.0
  2
SOLID
 70
     1
 71
     0
 91
        1
 92
        7
 72
     1
 73
     1
 93
        3
 10
3291.688453411415
 20
1254.550373762195
 42
0.0
 10
3291.688453411415
 20
1248.028634575068
 42
0.0
 10
3298.210192598541
 20
1248.028634575068
 42
0.4142135623730951
 97
        0
 75
     1
 76
     1
 47
0.1085495934889314
 98
        2
 10
3294.148443493039
 20
1250.096164887727
 10
3288.954219684129
 20
1245.848570621991
450
        0
451
        0
460
0.0
461
0.0
452
        0
462
0.0
453
        2
463
0.0
 63
     5
421
      255
463
1.0
 63
     2
421
 16776960
470
LINEAR
1001
GradientColor1ACI
1070
     5
1001
GradientColor2ACI
1070
     2
1001
ACAD
1010
0.0
1020
0.0
1030
0.0
  0
HATCH
  5
D2E
330
1F
100
AcDbEntity
  8
KOT CIZGISI (BEYKENT)
 62
    18
420
        0
100
AcDbHatch
 10
0.0
 20
0.0
 30
0.0
210
0.0
220
0.0
230
1.0
  2
SOLID
 70
     1
 71
     0
 91
        1
 92
        7
 72
     1
 73
     1
 93
        3
 10
3291.688453411415
 20
1248.028634575068
 42
0.0
 10
3285.166714224287
 20
1248.028634575068
 42
0.4142135623730951
 10
3291.688453411415
 20
1241.506895387945
 42
0.0
 97
        0
 75
     1
 76
     1
 47
0.1085495934889314
 98
        2
 10
3294.148443493039
 20
1250.096164887727
 10
3288.954219684129
 20
1245.848570621991
450
        0
451
        0
460
0.0
461
0.0
452
        0
462
0.0
453
        2
463
0.0
 63
     5
421
      255
463
1.0
 63
     2
421
 16776960
470
LINEAR
1001
GradientColor1ACI
1070
     5
1001
GradientColor2ACI
1070
     2
1001
ACAD
1010
0.0
1020
0.0
1030
0.0
  0
LINE
  5
D2F
330
1F
100
AcDbEntity
  8
KOT CIZGISI (BEYKENT)
100
AcDbLine
 10
3291.688453411415
 20
1256.724433946539
 30
0.0
 11
3291.688453411415
 21
1239.333094354228
 31
0.0
1001
sta4cad App2
1004
70
1071
       13
1070
     0
1070
     0
1070
     0
  0
LINE
  5
D30
330
1F
100
AcDbEntity
  8
KOT CIZGISI (BEYKENT)
100
AcDbLine
 10
3282.992783615256
 20
1248.028634575068
 30
0.0
 11
3322.992783615256
 21
1248.028634575068
 31
0.0
1001
sta4cad App2
1004
70
1071
       13
1070
     0
1070
     0
1070
     0
  0
CIRCLE
  5
D31
330
1F
100
AcDbEntity
  8
KOT CIZGISI (BEYKENT)
100
AcDbCircle
 10
3291.688453411415
 20
1248.028634575068
 30
0.0
 40
6.521739187123982
1001
sta4cad App2
1004
70
1071
       13
1070
     0
1070
     0
1070
     0
  0
TEXT
  5
D32
330
1F
100
AcDbEntity
  8
KOT YAZI (BEYKENT)
100
AcDbText
 10
3299.492783615256
 20
1239.028634851898
 30
0.0
 40
8.0
  1
+19.35
  7
YAZI (BEYKENT)
 11
3299.492783615256
 21
1236.706764150385
 31
0.0
100
AcDbText
 73
     1
  0
TEXT
  5
D33
330
1F
100
AcDbEntity
  8
DOSEME ISMI (BEYKENT)
100
AcDbText
 10
2264.819865040416
 20
997.5567663442662
 30
0.0
 40
12.0
  1
D5-27 d=12cm
  7
YAZI (BEYKENT)
 11
2264.819865040416
 21
994.0739602919967
 31
0.0
100
AcDbText
 73
     1
  0
LWPOLYLINE
  5
D34
330
1F
100
AcDbEntity
  8
DOSEME PAFTA (BEYKENT)
100
AcDbPolyline
 90
        4
 70
     1
 43
0.0
 10
2262.819865040416
 20
1011.556760291998
 10
2343.449851285251
 20
1011.556760291998
 42
-1.0
 10
2343.449851285251
 20
995.5567602919982
 10
2262.819865040416
 20
995.5567602919982
 42
-1.0
  0
TEXT
  5
D35
330
1F
100
AcDbEntity
  8
YUK YAZISI (BEYKENT)
100
AcDbText
 10
2264.819865040416
 20
981.9762986688878
 30
0.0
 40
10.0
  1
Q=2.0kN/m²
  7
YAZI (BEYKENT)
 11
2264.819865040416
 21
979.0739602919966
 31
0.0
100
AcDbText
 73
     1
  0
TEXT
  5
D36
330
1F
100
AcDbEntity
  8
KOT YAZI (BEYKENT)
100
AcDbText
 10
2279.145965040421
 20
970.3958309935096
 30
0.0
 40
8.0
  1
+18.30
  7
YAZI (BEYKENT)
 11
2279.145965040421
 21
968.0739602919967
 31
0.0
100
AcDbText
 73
     1
  0
HATCH
  5
D37
330
1F
100
AcDbEntity
  8
KOT CIZGISI (BEYKENT)
 62
    18
420
        0
100
AcDbHatch
 10
0.0
 20
0.0
 30
0.0
210
0.0
220
0.0
230
1.0
  2
SOLID
 70
     1
 71
     0
 91
        1
 92
        7
 72
     1
 73
     1
 93
        3
 10
2271.341634836579
 20
975.917569903806
 42
0.0
 10
2271.341634836579
 20
969.3958307166795
 42
0.0
 10
2277.863374023706
 20
969.3958307166795
 42
0.4142135623730951
 97
        0
 75
     1
 76
     1
 47
0.1085495934889314
 98
        2
 10
2273.801624918204
 20
971.4633610293386
 10
2268.607401109294
 20
967.2157667636019
450
        0
451
        0
460
0.0
461
0.0
452
        0
462
0.0
453
        2
463
0.0
 63
     5
421
      255
463
1.0
 63
     2
421
 16776960
470
LINEAR
1001
GradientColor1ACI
1070
     5
1001
GradientColor2ACI
1070
     2
1001
ACAD
1010
0.0
1020
0.0
1030
0.0
  0
HATCH
  5
D38
330
1F
100
AcDbEntity
  8
KOT CIZGISI (BEYKENT)
 62
    18
420
        0
100
AcDbHatch
 10
0.0
 20
0.0
 30
0.0
210
0.0
220
0.0
230
1.0
  2
SOLID
 70
     1
 71
     0
 91
        1
 92
        7
 72
     1
 73
     1
 93
        3
 10
2271.341634836579
 20
969.3958307166795
 42
0.0
 10
2264.819895649452
 20
969.3958307166795
 42
0.4142135623730951
 10
2271.341634836579
 20
962.8740915295566
 42
0.0
 97
        0
 75
     1
 76
     1
 47
0.1085495934889314
 98
        2
 10
2273.801624918204
 20
971.4633610293386
 10
2268.607401109294
 20
967.2157667636019
450
        0
451
        0
460
0.0
461
0.0
452
        0
462
0.0
453
        2
463
0.0
 63
     5
421
      255
463
1.0
 63
     2
421
 16776960
470
LINEAR
1001
GradientColor1ACI
1070
     5
1001
GradientColor2ACI
1070
     2
1001
ACAD
1010
0.0
1020
0.0
1030
0.0
  0
LINE
  5
D39
330
1F
100
AcDbEntity
  8
KOT CIZGISI (BEYKENT)
100
AcDbLine
 10
2271.341634836579
 20
978.0916300881509
 30
0.0
 11
2271.341634836579
 21
960.700290495839
 31
0.0
1001
sta4cad App2
1004
70
1071
       13
1070
     0
1070
     0
1070
     0
  0
LINE
  5
D3A
330
1F
100
AcDbEntity
  8
KOT CIZGISI (BEYKENT)
100
AcDbLine
 10
2262.645965040421
 20
969.3958307166795
 30
0.0
 11
2302.645965040421
 21
969.3958307166795
 31
0.0
1001
sta4cad App2
1004
70
1071
       13
1070
     0
1070
     0
1070
     0
  0
CIRCLE
  5
D3B
330
1F
100
AcDbEntity
  8
KOT CIZGISI (BEYKENT)
100
AcDbCircle
 10
2271.341634836579
 20
969.3958307166795
 30
0.0
 40
6.521739187123982
1001
sta4cad App2
1004
70
1071
       13
1070
     0
1070
     0
1070
     0
  0
TEXT
  5
D3C
330
1F
100
AcDbEntity
  8
KOT YAZI (BEYKENT)
100
AcDbText
 10
2279.145965040421
 20
960.3958309935096
 30
0.0
 40
8.0
  1
+18.18
  7
YAZI (BEYKENT)
 11
2279.145965040421
 21
958.0739602919965
 31
0.0
100
AcDbText
 73
     1
  0
TEXT
  5
D3D
330
1F
100
AcDbEntity
  8
DOSEME ISMI (BEYKENT)
100
AcDbText
 10
1859.819865040416
 20
836.5124482796117
 30
0.0
 40
12.0
  1
D5-28 d=15cm
  7
YAZI (BEYKENT)
 11
1859.819865040416
 21
833.0296422273422
 31
0.0
100
AcDbText
 73
     1
  0
LWPOLYLINE
  5
D3E
330
1F
100
AcDbEntity
  8
DOSEME PAFTA (BEYKENT)
100
AcDbPolyline
 90
        4
 70
     1
 43
0.0
 10
1857.819865040416
 20
850.5124422273437
 10
1939.077086498459
 20
850.5124422273437
 42
-1.0
 10
1939.077086498459
 20
834.5124422273439
 10
1857.819865040416
 20
834.5124422273439
 42
-1.0
  0
TEXT
  5
D3F
330
1F
100
AcDbEntity
  8
YUK YAZISI (BEYKENT)
100
AcDbText
 10
1859.819865040416
 20
820.9319806042335
 30
0.0
 40
10.0
  1
Q=2.0kN/m²
  7
YAZI (BEYKENT)
 11
1859.819865040416
 21
818.0296422273423
 31
0.0
100
AcDbText
 73
     1
  0
TEXT
  5
D40
330
1F
100
AcDbEntity
  8
KOT YAZI (BEYKENT)
100
AcDbText
 10
1874.145965040421
 20
809.3515129288553
 30
0.0
 40
8.0
  1
+18.30
  7
YAZI (BEYKENT)
 11
1874.145965040421
 21
807.0296422273422
 31
0.0
100
AcDbText
 73
     1
  0
HATCH
  5
D41
330
1F
100
AcDbEntity
  8
KOT CIZGISI (BEYKENT)
 62
    18
420
        0
100
AcDbHatch
 10
0.0
 20
0.0
 30
0.0
210
0.0
220
0.0
230
1.0
  2
SOLID
 70
     1
 71
     0
 91
        1
 92
        7
 72
     1
 73
     1
 93
        3
 10
1866.341634836579
 20
814.8732518391517
 42
0.0
 10
1866.341634836579
 20
808.3515126520287
 42
0.0
 10
1872.863374023705
 20
808.3515126520287
 42
0.4142135623730951
 97
        0
 75
     1
 76
     1
 47
0.1085495934889314
 98
        2
 10
1868.801624918189
 20
810.4190429646841
 10
1863.607401109293
 20
806.1714486989512
450
        0
451
        0
460
0.0
461
0.0
452
        0
462
0.0
453
        2
463
0.0
 63
     5
421
      255
463
1.0
 63
     2
421
 16776960
470
LINEAR
1001
GradientColor1ACI
1070
     5
1001
GradientColor2ACI
1070
     2
1001
ACAD
1010
0.0
1020
0.0
1030
0.0
  0
HATCH
  5
D42
330
1F
100
AcDbEntity
  8
KOT CIZGISI (BEYKENT)
 62
    18
420
        0
100
AcDbHatch
 10
0.0
 20
0.0
 30
0.0
210
0.0
220
0.0
230
1.0
  2
SOLID
 70
     1
 71
     0
 91
        1
 92
        7
 72
     1
 73
     1
 93
        3
 10
1866.341634836579
 20
808.3515126520287
 42
0.0
 10
1859.819895649452
 20
808.3515126520287
 42
0.4142135623730951
 10
1866.341634836579
 20
801.8297734649058
 42
0.0
 97
        0
 75
     1
 76
     1
 47
0.1085495934889314
 98
        2
 10
1868.801624918189
 20
810.4190429646841
 10
1863.607401109293
 20
806.1714486989512
450
        0
451
        0
460
0.0
461
0.0
452
        0
462
0.0
453
        2
463
0.0
 63
     5
421
      255
463
1.0
 63
     2
421
 16776960
470
LINEAR
1001
GradientColor1ACI
1070
     5
1001
GradientColor2ACI
1070
     2
1001
ACAD
1010
0.0
1020
0.0
1030
0.0
  0
LINE
  5
D43
330
1F
100
AcDbEntity
  8
KOT CIZGISI (BEYKENT)
100
AcDbLine
 10
1866.341634836579
 20
817.0473120235001
 30
0.0
 11
1866.341634836579
 21
799.6559724311882
 31
0.0
1001
sta4cad App2
1004
70
1071
       13
1070
     0
1070
     0
1070
     0
  0
LINE
  5
D44
330
1F
100
AcDbEntity
  8
KOT CIZGISI (BEYKENT)
100
AcDbLine
 10
1857.645965040421
 20
808.3515126520287
 30
0.0
 11
1897.645965040421
 21
808.3515126520287
 31
0.0
1001
sta4cad App2
1004
70
1071
       13
1070
     0
1070
     0
1070
     0
  0
CIRCLE
  5
D45
330
1F
100
AcDbEntity
  8
KOT CIZGISI (BEYKENT)
100
AcDbCircle
 10
1866.341634836579
 20
808.3515126520287
 30
0.0
 40
6.521739187123982
1001
sta4cad App2
1004
70
1071
       13
1070
     0
1070
     0
1070
     0
  0
TEXT
  5
D46
330
1F
100
AcDbEntity
  8
KOT YAZI (BEYKENT)
100
AcDbText
 10
1874.145965040421
 20
799.3515129288553
 30
0.0
 40
8.0
  1
+18.15
  7
YAZI (BEYKENT)
 11
1874.145965040421
 21
797.0296422273422
 31
0.0
100
AcDbText
 73
     1
  0
TEXT
  5
D47
330
1F
100
AcDbEntity
  8
DOSEME ISMI (BEYKENT)
100
AcDbText
 10
2729.819865040416
 20
842.7982312070698
 30
0.0
 40
12.0
  1
D5-29 d=15cm
  7
YAZI (BEYKENT)
 11
2729.819865040416
 21
839.3154251548002
 31
0.0
100
AcDbText
 73
     1
  0
LWPOLYLINE
  5
D48
330
1F
100
AcDbEntity
  8
DOSEME PAFTA (BEYKENT)
100
AcDbPolyline
 90
        4
 70
     1
 43
0.0
 10
2727.819865040431
 20
856.7982251548018
 10
2808.656178658021
 20
856.7982251548018
 42
-1.0
 10
2808.656178658021
 20
840.7982251548018
 10
2727.819865040431
 20
840.7982251548018
 42
-1.0
  0
TEXT
  5
D49
330
1F
100
AcDbEntity
  8
YUK YAZISI (BEYKENT)
100
AcDbText
 10
2729.819865040416
 20
827.2177635316916
 30
0.0
 40
10.0
  1
Q=2.0kN/m²
  7
YAZI (BEYKENT)
 11
2729.819865040416
 21
824.3154251548002
 31
0.0
100
AcDbText
 73
     1
  0
TEXT
  5
D4A
330
1F
100
AcDbEntity
  8
KOT YAZI (BEYKENT)
100
AcDbText
 10
2744.145965040421
 20
815.6372958563133
 30
0.0
 40
8.0
  1
+18.30
  7
YAZI (BEYKENT)
 11
2744.145965040421
 21
813.3154251548003
 31
0.0
100
AcDbText
 73
     1
  0
HATCH
  5
D4B
330
1F
100
AcDbEntity
  8
KOT CIZGISI (BEYKENT)
 62
    18
420
        0
100
AcDbHatch
 10
0.0
 20
0.0
 30
0.0
210
0.0
220
0.0
230
1.0
  2
SOLID
 70
     1
 71
     0
 91
        1
 92
        7
 72
     1
 73
     1
 93
        3
 10
2736.341634836579
 20
821.1590347666097
 42
0.0
 10
2736.341634836579
 20
814.6372955794868
 42
0.0
 10
2742.863374023706
 20
814.6372955794868
 42
0.4142135623730951
 97
        0
 75
     1
 76
     1
 47
0.1085495934889314
 98
        2
 10
2738.801624918189
 20
816.7048258921422
 10
2733.607401109293
 20
812.4572316264092
450
        0
451
        0
460
0.0
461
0.0
452
        0
462
0.0
453
        2
463
0.0
 63
     5
421
      255
463
1.0
 63
     2
421
 16776960
470
LINEAR
1001
GradientColor1ACI
1070
     5
1001
GradientColor2ACI
1070
     2
1001
ACAD
1010
0.0
1020
0.0
1030
0.0
  0
HATCH
  5
D4C
330
1F
100
AcDbEntity
  8
KOT CIZGISI (BEYKENT)
 62
    18
420
        0
100
AcDbHatch
 10
0.0
 20
0.0
 30
0.0
210
0.0
220
0.0
230
1.0
  2
SOLID
 70
     1
 71
     0
 91
        1
 92
        7
 72
     1
 73
     1
 93
        3
 10
2736.341634836579
 20
814.6372955794868
 42
0.0
 10
2729.819895649453
 20
814.6372955794868
 42
0.4142135623730951
 10
2736.341634836579
 20
808.1155563923639
 42
0.0
 97
        0
 75
     1
 76
     1
 47
0.1085495934889314
 98
        2
 10
2738.801624918189
 20
816.7048258921422
 10
2733.607401109293
 20
812.4572316264092
450
        0
451
        0
460
0.0
461
0.0
452
        0
462
0.0
453
        2
463
0.0
 63
     5
421
      255
463
1.0
 63
     2
421
 16776960
470
LINEAR
1001
GradientColor1ACI
1070
     5
1001
GradientColor2ACI
1070
     2
1001
ACAD
1010
0.0
1020
0.0
1030
0.0
  0
LINE
  5
D4D
330
1F
100
AcDbEntity
  8
KOT CIZGISI (BEYKENT)
100
AcDbLine
 10
2736.341634836579
 20
823.3330949509582
 30
0.0
 11
2736.341634836579
 21
805.9417553586463
 31
0.0
1001
sta4cad App2
1004
70
1071
       13
1070
     0
1070
     0
1070
     0
  0
LINE
  5
D4E
330
1F
100
AcDbEntity
  8
KOT CIZGISI (BEYKENT)
100
AcDbLine
 10
2727.645965040422
 20
814.6372955794868
 30
0.0
 11
2767.645965040421
 21
814.6372955794868
 31
0.0
1001
sta4cad App2
1004
70
1071
       13
1070
     0
1070
     0
1070
     0
  0
CIRCLE
  5
D4F
330
1F
100
AcDbEntity
  8
KOT CIZGISI (BEYKENT)
100
AcDbCircle
 10
2736.341634836579
 20
814.6372955794868
 30
0.0
 40
6.521739187123982
1001
sta4cad App2
1004
70
1071
       13
1070
     0
1070
     0
1070
     0
  0
TEXT
  5
D50
330
1F
100
AcDbEntity
  8
KOT YAZI (BEYKENT)
100
AcDbText
 10
2744.145965040421
 20
805.6372958563134
 30
0.0
 40
8.0
  1
+18.15
  7
YAZI (BEYKENT)
 11
2744.145965040421
 21
803.3154251548003
 31
0.0
100
AcDbText
 73
     1
  0
TEXT
  5
D51
330
1F
100
AcDbEntity
  8
DOSEME ISMI (BEYKENT)
100
AcDbText
 10
2180.885640733199
 20
697.948878785598
 30
0.0
 40
12.0
  1
D5-30 d=15cm
  7
YAZI (BEYKENT)
 11
2180.885640733199
 21
694.4660727333284
 31
0.0
100
AcDbText
 73
     1
  0
LWPOLYLINE
  5
D52
330
1F
100
AcDbEntity
  8
DOSEME PAFTA (BEYKENT)
100
AcDbPolyline
 90
        4
 70
     1
 43
0.0
 10
2178.885640733199
 20
711.94887273333
 10
2260.151115286157
 20
711.94887273333
 42
-1.0
 10
2260.151115286157
 20
695.94887273333
 10
2178.885640733199
 20
695.94887273333
 42
-1.0
  0
TEXT
  5
D53
330
1F
100
AcDbEntity
  8
YUK YAZISI (BEYKENT)
100
AcDbText
 10
2180.885640733199
 20
682.3684111102197
 30
0.0
 40
10.0
  1
Q=2.0kN/m²
  7
YAZI (BEYKENT)
 11
2180.885640733199
 21
679.4660727333284
 31
0.0
100
AcDbText
 73
     1
  0
TEXT
  5
D54
330
1F
100
AcDbEntity
  8
KOT YAZI (BEYKENT)
100
AcDbText
 10
2195.211740733205
 20
670.7879434348415
 30
0.0
 40
8.0
  1
+18.30
  7
YAZI (BEYKENT)
 11
2195.211740733205
 21
668.4660727333285
 31
0.0
100
AcDbText
 73
     1
  0
HATCH
  5
D55
330
1F
100
AcDbEntity
  8
KOT CIZGISI (BEYKENT)
 62
    18
420
        0
100
AcDbHatch
 10
0.0
 20
0.0
 30
0.0
210
0.0
220
0.0
230
1.0
  2
SOLID
 70
     1
 71
     0
 91
        1
 92
        7
 72
     1
 73
     1
 93
        3
 10
2187.407410529362
 20
676.3096823451378
 42
0.0
 10
2187.407410529362
 20
669.7879431580113
 42
0.0
 10
2193.929149716489
 20
669.7879431580113
 42
0.4142135623730951
 97
        0
 75
     1
 76
     1
 47
0.1085495934889314
 98
        2
 10
2189.867400610972
 20
671.8554734706668
 10
2184.673176802077
 20
667.6078792049338
450
        0
451
        0
460
0.0
461
0.0
452
        0
462
0.0
453
        2
463
0.0
 63
     5
421
      255
463
1.0
 63
     2
421
 16776960
470
LINEAR
1001
GradientColor1ACI
1070
     5
1001
GradientColor2ACI
1070
     2
1001
ACAD
1010
0.0
1020
0.0
1030
0.0
  0
HATCH
  5
D56
330
1F
100
AcDbEntity
  8
KOT CIZGISI (BEYKENT)
 62
    18
420
        0
100
AcDbHatch
 10
0.0
 20
0.0
 30
0.0
210
0.0
220
0.0
230
1.0
  2
SOLID
 70
     1
 71
     0
 91
        1
 92
        7
 72
     1
 73
     1
 93
        3
 10
2187.407410529362
 20
669.7879431580113
 42
0.0
 10
2180.885671342235
 20
669.7879431580113
 42
0.4142135623730951
 10
2187.407410529362
 20
663.2662039708884
 42
0.0
 97
        0
 75
     1
 76
     1
 47
0.1085495934889314
 98
        2
 10
2189.867400610972
 20
671.8554734706668
 10
2184.673176802077
 20
667.6078792049338
450
        0
451
        0
460
0.0
461
0.0
452
        0
462
0.0
453
        2
463
0.0
 63
     5
421
      255
463
1.0
 63
     2
421
 16776960
470
LINEAR
1001
GradientColor1ACI
1070
     5
1001
GradientColor2ACI
1070
     2
1001
ACAD
1010
0.0
1020
0.0
1030
0.0
  0
LINE
  5
D57
330
1F
100
AcDbEntity
  8
KOT CIZGISI (BEYKENT)
100
AcDbLine
 10
2187.407410529362
 20
678.4837425294827
 30
0.0
 11
2187.407410529362
 21
661.0924029371708
 31
0.0
1001
sta4cad App2
1004
70
1071
       13
1070
     0
1070
     0
1070
     0
  0
LINE
  5
D58
330
1F
100
AcDbEntity
  8
KOT CIZGISI (BEYKENT)
100
AcDbLine
 10
2178.711740733204
 20
669.7879431580113
 30
0.0
 11
2218.711740733204
 21
669.7879431580113
 31
0.0
1001
sta4cad App2
1004
70
1071
       13
1070
     0
1070
     0
1070
     0
  0
CIRCLE
  5
D59
330
1F
100
AcDbEntity
  8
KOT CIZGISI (BEYKENT)
100
AcDbCircle
 10
2187.407410529362
 20
669.7879431580113
 30
0.0
 40
6.521739187123982
1001
sta4cad App2
1004
70
1071
       13
1070
     0
1070
     0
1070
     0
  0
TEXT
  5
D5A
330
1F
100
AcDbEntity
  8
KOT YAZI (BEYKENT)
100
AcDbText
 10
2195.211740733205
 20
660.7879434348415
 30
0.0
 40
8.0
  1
+18.15
  7
YAZI (BEYKENT)
 11
2195.211740733205
 21
658.4660727333284
 31
0.0
100
AcDbText
 73
     1
  0
LWPOLYLINE
  5
D5B
330
1F
100
AcDbEntity
  8
KALIP BOSLUK (BEYKENT)
100
AcDbPolyline
 90
        4
 70
     1
 43
0.0
 10
2414.119965040423
 20
1434.073960291996
 10
2464.119965040423
 20
1434.073960291996
 10
2464.119965040423
 20
1584.073960291997
 10
2414.119965040423
 20
1584.073960291997
  0
LWPOLYLINE
  5
D5C
330
1F
100
AcDbEntity
  8
KESIT (BEYKENT)
  6
DASHED
100
AcDbPolyline
 90
        2
 70
     0
 43
0.0
 10
1559.119865040418
 20
1909.073960291997
 10
1729.119865040418
 20
1909.073960291997
  0
LWPOLYLINE
  5
D5D
330
1F
100
AcDbEntity
  8
KESIT (BEYKENT)
  6
DASHED
100
AcDbPolyline
 90
        2
 70
     0
 43
0.0
 10
4219.119865040418
 20
1909.073960291997
 10
4389.119865040418
 20
1909.073960291997
  0
CIRCLE
  5
D5E
330
1F
100
AcDbEntity
  8
KESIT (BEYKENT)
370
    60
100
AcDbCircle
 10
1539.119865040418
 20
1909.073960291997
 30
0.0
 40
20.0
  0
TEXT
  5
D5F
330
1F
100
AcDbEntity
  8
KESIT ISMI (BEYKENT)
370
    20
100
AcDbText
 10
1532.888778382922
 20
1899.073960291996
 30
0.0
 40
20.0
  1
A
  7
YAZI (BEYKENT)
 72
     1
 11
1539.119865040418
 21
1909.073960291997
 31
0.0
100
AcDbText
 73
     2
  0
LWPOLYLINE
  5
D60
330
1F
100
AcDbEntity
  8
KESIT (BEYKENT)
370
    60
100
AcDbPolyline
 90
        2
 70
     0
 43
0.0
 10
1559.119865040418
 20
1909.073960291997
 10
1567.404136287885
 20
1909.073960291997
  0
LWPOLYLINE
  5
D61
330
1F
100
AcDbEntity
  8
KESIT (BEYKENT)
370
    60
100
AcDbPolyline
 90
        2
 70
     0
 43
0.0
 10
1567.404136287885
 20
1909.073960291997
 10
1539.119865040418
 20
1937.35823153946
  0
LWPOLYLINE
  5
D62
330
1F
100
AcDbEntity
  8
KESIT (BEYKENT)
370
    60
100
AcDbPolyline
 90
        2
 70
     0
 43
0.0
 10
1539.119865040418
 20
1937.35823153946
 10
1510.835593792952
 20
1909.073960291997
  0
LWPOLYLINE
  5
D63
330
1F
100
AcDbEntity
  8
KESIT (BEYKENT)
370
    60
100
AcDbPolyline
 90
        2
 70
     0
 43
0.0
 10
1510.835593792952
 20
1909.073960291997
 10
1519.119865040418
 20
1909.073960291997
  0
CIRCLE
  5
D64
330
1F
100
AcDbEntity
  8
KESIT (BEYKENT)
370
    60
100
AcDbCircle
 10
4409.119865040419
 20
1909.073960291997
 30
0.0
 40
20.0
  0
TEXT
  5
D65
330
1F
100
AcDbEntity
  8
KESIT ISMI (BEYKENT)
370
    20
100
AcDbText
 10
4402.888778382922
 20
1899.073960291996
 30
0.0
 40
20.0
  1
A
  7
YAZI (BEYKENT)
 72
     1
 11
4409.119865040419
 21
1909.073960291997
 31
0.0
100
AcDbText
 73
     2
  0
LWPOLYLINE
  5
D66
330
1F
100
AcDbEntity
  8
KESIT (BEYKENT)
370
    60
100
AcDbPolyline
 90
        2
 70
     0
 43
0.0
 10
4389.119865040418
 20
1909.073960291997
 10
4380.835593792951
 20
1909.073960291997
  0
LWPOLYLINE
  5
D67
330
1F
100
AcDbEntity
  8
KESIT (BEYKENT)
370
    60
100
AcDbPolyline
 90
        2
 70
     0
 43
0.0
 10
4380.835593792951
 20
1909.073960291997
 10
4409.119865040419
 20
1937.35823153946
  0
LWPOLYLINE
  5
D68
330
1F
100
AcDbEntity
  8
KESIT (BEYKENT)
370
    60
100
AcDbPolyline
 90
        2
 70
     0
 43
0.0
 10
4409.119865040419
 20
1937.35823153946
 10
4437.404136287885
 20
1909.073960291997
  0
LWPOLYLINE
  5
D69
330
1F
100
AcDbEntity
  8
KESIT (BEYKENT)
370
    60
100
AcDbPolyline
 90
        2
 70
     0
 43
0.0
 10
4437.404136287885
 20
1909.073960291997
 10
4429.119865040418
 20
1909.073960291997
  0
LWPOLYLINE
  5
D6A
330
1F
100
AcDbEntity
  8
KESIT (BEYKENT)
  6
DASHED
100
AcDbPolyline
 90
        2
 70
     0
 43
0.0
 10
2359.328198373747
 20
469.0739602919966
 10
2359.328198373747
 20
639.0739602919966
  0
LWPOLYLINE
  5
D6B
330
1F
100
AcDbEntity
  8
KESIT (BEYKENT)
  6
DASHED
100
AcDbPolyline
 90
        2
 70
     0
 43
0.0
 10
2359.328198373747
 20
2379.073960291997
 10
2359.328198373747
 20
2549.073960291997
  0
CIRCLE
  5
D6C
330
1F
100
AcDbEntity
  8
KESIT (BEYKENT)
370
    60
100
AcDbCircle
 10
2359.328198373747
 20
449.0739602919965
 30
0.0
 40
20.0
  0
TEXT
  5
D6D
330
1F
100
AcDbEntity
  8
KESIT ISMI (BEYKENT)
370
    20
100
AcDbText
 10
2353.420357933582
 20
439.0739602919966
 30
0.0
 40
20.0
  1
B
  7
YAZI (BEYKENT)
 72
     1
 11
2359.328198373747
 21
449.0739602919965
 31
0.0
100
AcDbText
 73
     2
  0
LWPOLYLINE
  5
D6E
330
1F
100
AcDbEntity
  8
KESIT (BEYKENT)
370
    60
100
AcDbPolyline
 90
        2
 70
     0
 43
0.0
 10
2359.328198373747
 20
469.0739602919966
 10
2359.328198373747
 20
477.3582315394596
  0
LWPOLYLINE
  5
D6F
330
1F
100
AcDbEntity
  8
KESIT (BEYKENT)
370
    60
100
AcDbPolyline
 90
        2
 70
     0
 43
0.0
 10
2359.328198373747
 20
477.3582315394596
 10
2331.04392712628
 20
449.0739602919965
  0
LWPOLYLINE
  5
D70
330
1F
100
AcDbEntity
  8
KESIT (BEYKENT)
370
    60
100
AcDbPolyline
 90
        2
 70
     0
 43
0.0
 10
2331.04392712628
 20
449.0739602919965
 10
2359.328198373747
 20
420.7896890445335
  0
LWPOLYLINE
  5
D71
330
1F
100
AcDbEntity
  8
KESIT (BEYKENT)
370
    60
100
AcDbPolyline
 90
        2
 70
     0
 43
0.0
 10
2359.328198373747
 20
420.7896890445335
 10
2359.328198373747
 20
429.0739602919966
  0
CIRCLE
  5
D72
330
1F
100
AcDbEntity
  8
KESIT (BEYKENT)
370
    60
100
AcDbCircle
 10
2359.328198373747
 20
2569.073960291996
 30
0.0
 40
20.0
  0
TEXT
  5
D73
330
1F
100
AcDbEntity
  8
KESIT ISMI (BEYKENT)
370
    20
100
AcDbText
 10
2353.420357933582
 20
2559.073960291997
 30
0.0
 40
20.0
  1
B
  7
YAZI (BEYKENT)
 72
     1
 11
2359.328198373747
 21
2569.073960291996
 31
0.0
100
AcDbText
 73
     2
  0
LWPOLYLINE
  5
D74
330
1F
100
AcDbEntity
  8
KESIT (BEYKENT)
370
    60
100
AcDbPolyline
 90
        2
 70
     0
 43
0.0
 10
2359.328198373747
 20
2549.073960291997
 10
2359.328198373747
 20
2540.789689044534
  0
LWPOLYLINE
  5
D75
330
1F
100
AcDbEntity
  8
KESIT (BEYKENT)
370
    60
100
AcDbPolyline
 90
        2
 70
     0
 43
0.0
 10
2359.328198373747
 20
2540.789689044534
 10
2331.04392712628
 20
2569.073960291996
  0
LWPOLYLINE
  5
D76
330
1F
100
AcDbEntity
  8
KESIT (BEYKENT)
370
    60
100
AcDbPolyline
 90
        2
 70
     0
 43
0.0
 10
2331.04392712628
 20
2569.073960291996
 10
2359.328198373747
 20
2597.35823153946
  0
LWPOLYLINE
  5
D77
330
1F
100
AcDbEntity
  8
KESIT (BEYKENT)
370
    60
100
AcDbPolyline
 90
        2
 70
     0
 43
0.0
 10
2359.328198373747
 20
2597.35823153946
 10
2359.328198373747
 20
2589.073960291997
  0
LWPOLYLINE
  5
D78
102
{ACAD_REACTORS
330
D79
102
}
330
1F
100
AcDbEntity
  8
TARAMA (BEYKENT)
100
AcDbPolyline
 90
       28
 70
     1
 43
0.0
 10
1759.119865040418
 20
2789.073960291997
 10
4189.119865040418
 20
2789.073960291997
 10
4189.119865040418
 20
2739.073960291997
 10
4164.119865040418
 20
2739.073960291997
 10
4164.119865040418
 20
2774.073960291997
 10
3894.119865040419
 20
2774.073960291997
 10
3894.119865040419
 20
2739.073960291997
 10
3869.119865040419
 20
2739.073960291997
 10
3869.119865040419
 20
2774.073960291997
 10
3379.119865040419
 20
2774.073960291997
 10
3379.119865040419
 20
2739.073960291997
 10
3349.119865040419
 20
2739.073960291997
 10
3349.119865040419
 20
2774.073960291997
 10
2984.119865040419
 20
2774.073960291997
 10
2984.119865040419
 20
2739.073960291997
 10
2959.119865040419
 20
2739.073960291997
 10
2959.119865040419
 20
2774.073960291997
 10
2599.119865040419
 20
2774.073960291997
 10
2599.119865040419
 20
2739.073960291997
 10
2569.119865040419
 20
2739.073960291997
 10
2569.119865040419
 20
2774.073960291997
 10
2079.119865040419
 20
2774.073960291997
 10
2079.119865040419
 20
2739.073960291997
 10
2054.119865040419
 20
2739.073960291997
 10
2054.119865040419
 20
2774.073960291997
 10
1784.119865040418
 20
2774.073960291997
 10
1784.119865040418
 20
2739.073960291997
 10
1759.119865040418
 20
2739.073960291997
  0
HATCH
  5
D79
330
1F
100
AcDbEntity
  8
TARAMA (BEYKENT)
100
AcDbHatch
 10
0.0
 20
0.0
 30
0.0
210
0.0
220
0.0
230
1.0
  2
ANSI33
 70
     0
 71
     1
 91
        1
 92
        1
 93
       28
 72
     1
 10
1759.119865040418
 20
2789.073960291997
 11
4189.119865040418
 21
2789.073960291997
 72
     1
 10
4189.119865040418
 20
2789.073960291997
 11
4189.119865040418
 21
2739.073960291997
 72
     1
 10
4189.119865040418
 20
2739.073960291997
 11
4164.119865040418
 21
2739.073960291997
 72
     1
 10
4164.119865040418
 20
2739.073960291997
 11
4164.119865040418
 21
2774.073960291997
 72
     1
 10
4164.119865040418
 20
2774.073960291997
 11
3894.119865040419
 21
2774.073960291997
 72
     1
 10
3894.119865040419
 20
2774.073960291997
 11
3894.119865040419
 21
2739.073960291997
 72
     1
 10
3894.119865040419
 20
2739.073960291997
 11
3869.119865040419
 21
2739.073960291997
 72
     1
 10
3869.119865040419
 20
2739.073960291997
 11
3869.119865040419
 21
2774.073960291997
 72
     1
 10
3869.119865040419
 20
2774.073960291997
 11
3379.119865040419
 21
2774.073960291997
 72
     1
 10
3379.119865040419
 20
2774.073960291997
 11
3379.119865040419
 21
2739.073960291997
 72
     1
 10
3379.119865040419
 20
2739.073960291997
 11
3349.119865040419
 21
2739.073960291997
 72
     1
 10
3349.119865040419
 20
2739.073960291997
 11
3349.119865040419
 21
2774.073960291997
 72
     1
 10
3349.119865040419
 20
2774.073960291997
 11
2984.119865040419
 21
2774.073960291997
 72
     1
 10
2984.119865040419
 20
2774.073960291997
 11
2984.119865040419
 21
2739.073960291997
 72
     1
 10
2984.119865040419
 20
2739.073960291997
 11
2959.119865040419
 21
2739.073960291997
 72
     1
 10
2959.119865040419
 20
2739.073960291997
 11
2959.119865040419
 21
2774.073960291997
 72
     1
 10
2959.119865040419
 20
2774.073960291997
 11
2599.119865040419
 21
2774.073960291997
 72
     1
 10
2599.119865040419
 20
2774.073960291997
 11
2599.119865040419
 21
2739.073960291997
 72
     1
 10
2599.119865040419
 20
2739.073960291997
 11
2569.119865040419
 21
2739.073960291997
 72
     1
 10
2569.119865040419
 20
2739.073960291997
 11
2569.119865040419
 21
2774.073960291997
 72
     1
 10
2569.119865040419
 20
2774.073960291997
 11
2079.119865040419
 21
2774.073960291997
 72
     1
 10
2079.119865040419
 20
2774.073960291997
 11
2079.119865040419
 21
2739.073960291997
 72
     1
 10
2079.119865040419
 20
2739.073960291997
 11
2054.119865040419
 21
2739.073960291997
 72
     1
 10
2054.119865040419
 20
2739.073960291997
 11
2054.119865040419
 21
2774.073960291997
 72
     1
 10
2054.119865040419
 20
2774.073960291997
 11
1784.119865040418
 21
2774.073960291997
 72
     1
 10
1784.119865040418
 20
2774.073960291997
 11
1784.119865040418
 21
2739.073960291997
 72
     1
 10
1784.119865040418
 20
2739.073960291997
 11
1759.119865040418
 21
2739.073960291997
 72
     1
 10
1759.119865040418
 20
2739.073960291997
 11
1759.119865040418
 21
2789.073960291997
 97
        1
330
D78
 75
     0
 76
     1
 52
0.0
 41
1.0
 77
     0
 78
     2
 53
45.0
 43
-86449.58926798222
 44
-21634.38075289194
 45
-4.490128060534576
 46
4.490128060534576
 79
     0
 53
45.0
 43
-86445.0991379822
 44
-21634.38075289194
 45
-4.490128060534576
 46
4.490128060534576
 79
     2
 49
3.174999999999999
 49
-1.587499999999999
 98
        1
 10
-86449.58926798222
 20
-21634.38075289194
  0
LWPOLYLINE
  5
D7A
330
1F
100
AcDbEntity
  8
KESIT CIZGISI (BEYKENT)
100
AcDbPolyline
 90
       30
 70
     0
 43
0.0
 10
1759.119865040418
 20
2774.073960291997
 10
1759.119865040418
 20
2789.073960291997
 10
4189.119865040418
 20
2789.073960291997
 10
4189.119865040418
 20
2739.073960291997
 10
4164.119865040418
 20
2739.073960291997
 10
4164.119865040418
 20
2774.073960291997
 10
3894.119865040419
 20
2774.073960291997
 10
3894.119865040419
 20
2739.073960291997
 10
3869.119865040419
 20
2739.073960291997
 10
3869.119865040419
 20
2774.073960291997
 10
3379.119865040419
 20
2774.073960291997
 10
3379.119865040419
 20
2739.073960291997
 10
3349.119865040419
 20
2739.073960291997
 10
3349.119865040419
 20
2774.073960291997
 10
2984.119865040419
 20
2774.073960291997
 10
2984.119865040419
 20
2739.073960291997
 10
2959.119865040419
 20
2739.073960291997
 10
2959.119865040419
 20
2774.073960291997
 10
2599.119865040419
 20
2774.073960291997
 10
2599.119865040419
 20
2739.073960291997
 10
2569.119865040419
 20
2739.073960291997
 10
2569.119865040419
 20
2774.073960291997
 10
2079.119865040419
 20
2774.073960291997
 10
2079.119865040419
 20
2739.073960291997
 10
2054.119865040419
 20
2739.073960291997
 10
2054.119865040419
 20
2774.073960291997
 10
1784.119865040418
 20
2774.073960291997
 10
1784.119865040418
 20
2739.073960291997
 10
1759.119865040418
 20
2739.073960291997
 10
1759.119865040418
 20
2774.073960291997
  0
DIMENSION
  5
D7B
330
1F
100
AcDbEntity
  8
OLCU (BEYKENT)
370
    20
100
AcDbDimension
280
     0
  2
*D100
 10
1804.119865040681
 20
2774.073960291998
 30
0.0
 11
1796.057966828852
 21
2781.573960291997
 31
0.0
 70
    33
 71
     5
 42
15.0
 73
     0
 74
     0
 75
     0
  3
PLAN_OLCU
100
AcDbAlignedDimension
 13
1784.119865040418
 23
2789.073960291997
 33
0.0
 14
1784.119865040418
 24
2774.073960291997
 34
0.0
  0
DIMENSION
  5
D7C
330
1F
100
AcDbEntity
  8
OLCU (BEYKENT)
370
    20
100
AcDbDimension
280
     0
  2
*D101
 10
1804.119865040681
 20
2739.073960291998
 30
0.0
 11
1795.996068617023
 21
2756.573960291996
 31
0.0
 70
    33
 71
     5
 42
35.0
 73
     0
 74
     0
 75
     0
  3
PLAN_OLCU
100
AcDbAlignedDimension
 13
1784.119865040418
 23
2774.073960291997
 33
0.0
 14
1784.119865040418
 24
2739.073960291997
 34
0.0
  0
DIMENSION
  5
D7D
330
1F
100
AcDbEntity
  8
OLCU (BEYKENT)
370
    20
100
AcDbDimension
280
     0
  2
*D102
 10
1824.119865040681
 20
2739.073960291998
 30
0.0
 11
1815.996068617023
 21
2764.073960291997
 31
0.0
 70
    33
 71
     5
 42
50.0
 73
     0
 74
     0
 75
     0
  3
PLAN_OLCU
100
AcDbAlignedDimension
 13
1784.119865040418
 23
2789.073960291997
 33
0.0
 14
1784.119865040418
 24
2739.073960291997
 34
0.0
  0
DIMENSION
  5
D7E
330
1F
100
AcDbEntity
  8
OLCU (BEYKENT)
370
    20
100
AcDbDimension
280
     0
  2
*D103
 10
2099.119865040682
 20
2774.073960291998
 30
0.0
 11
2091.057966828852
 21
2781.573960291997
 31
0.0
 70
    33
 71
     5
 42
15.0
 73
     0
 74
     0
 75
     0
  3
PLAN_OLCU
100
AcDbAlignedDimension
 13
2079.119865040419
 23
2789.073960291997
 33
0.0
 14
2079.119865040419
 24
2774.073960291997
 34
0.0
  0
DIMENSION
  5
D7F
330
1F
100
AcDbEntity
  8
OLCU (BEYKENT)
370
    20
100
AcDbDimension
280
     0
  2
*D104
 10
2099.119865040682
 20
2739.073960291998
 30
0.0
 11
2090.996068617023
 21
2756.573960291996
 31
0.0
 70
    33
 71
     5
 42
35.0
 73
     0
 74
     0
 75
     0
  3
PLAN_OLCU
100
AcDbAlignedDimension
 13
2079.119865040419
 23
2774.073960291997
 33
0.0
 14
2079.119865040419
 24
2739.073960291997
 34
0.0
  0
DIMENSION
  5
D80
330
1F
100
AcDbEntity
  8
OLCU (BEYKENT)
370
    20
100
AcDbDimension
280
     0
  2
*D105
 10
2119.119865040682
 20
2739.073960291998
 30
0.0
 11
2110.996068617023
 21
2764.073960291997
 31
0.0
 70
    33
 71
     5
 42
50.0
 73
     0
 74
     0
 75
     0
  3
PLAN_OLCU
100
AcDbAlignedDimension
 13
2079.119865040419
 23
2789.073960291997
 33
0.0
 14
2079.119865040419
 24
2739.073960291997
 34
0.0
  0
DIMENSION
  5
D81
330
1F
100
AcDbEntity
  8
OLCU (BEYKENT)
370
    20
100
AcDbDimension
280
     0
  2
*D106
 10
2619.119865040682
 20
2774.073960291998
 30
0.0
 11
2611.057966828852
 21
2781.573960291997
 31
0.0
 70
    33
 71
     5
 42
15.0
 73
     0
 74
     0
 75
     0
  3
PLAN_OLCU
100
AcDbAlignedDimension
 13
2599.119865040419
 23
2789.073960291997
 33
0.0
 14
2599.119865040419
 24
2774.073960291997
 34
0.0
  0
DIMENSION
  5
D82
330
1F
100
AcDbEntity
  8
OLCU (BEYKENT)
370
    20
100
AcDbDimension
280
     0
  2
*D107
 10
2619.119865040682
 20
2739.073960291998
 30
0.0
 11
2610.996068617023
 21
2756.573960291996
 31
0.0
 70
    33
 71
     5
 42
35.0
 73
     0
 74
     0
 75
     0
  3
PLAN_OLCU
100
AcDbAlignedDimension
 13
2599.119865040419
 23
2774.073960291997
 33
0.0
 14
2599.119865040419
 24
2739.073960291997
 34
0.0
  0
DIMENSION
  5
D83
330
1F
100
AcDbEntity
  8
OLCU (BEYKENT)
370
    20
100
AcDbDimension
280
     0
  2
*D108
 10
2639.119865040682
 20
2739.073960291998
 30
0.0
 11
2630.996068617023
 21
2764.073960291997
 31
0.0
 70
    33
 71
     5
 42
50.0
 73
     0
 74
     0
 75
     0
  3
PLAN_OLCU
100
AcDbAlignedDimension
 13
2599.119865040419
 23
2789.073960291997
 33
0.0
 14
2599.119865040419
 24
2739.073960291997
 34
0.0
  0
DIMENSION
  5
D84
330
1F
100
AcDbEntity
  8
OLCU (BEYKENT)
370
    20
100
AcDbDimension
280
     0
  2
*D109
 10
3004.119865040682
 20
2774.073960291998
 30
0.0
 11
2996.057966828853
 21
2781.573960291997
 31
0.0
 70
    33
 71
     5
 42
15.0
 73
     0
 74
     0
 75
     0
  3
PLAN_OLCU
100
AcDbAlignedDimension
 13
2984.119865040419
 23
2789.073960291997
 33
0.0
 14
2984.119865040419
 24
2774.073960291997
 34
0.0
  0
DIMENSION
  5
D85
330
1F
100
AcDbEntity
  8
OLCU (BEYKENT)
370
    20
100
AcDbDimension
280
     0
  2
*D110
 10
3004.119865040682
 20
2739.073960291998
 30
0.0
 11
2995.996068617023
 21
2756.573960291996
 31
0.0
 70
    33
 71
     5
 42
35.0
 73
     0
 74
     0
 75
     0
  3
PLAN_OLCU
100
AcDbAlignedDimension
 13
2984.119865040419
 23
2774.073960291997
 33
0.0
 14
2984.119865040419
 24
2739.073960291997
 34
0.0
  0
DIMENSION
  5
D86
330
1F
100
AcDbEntity
  8
OLCU (BEYKENT)
370
    20
100
AcDbDimension
280
     0
  2
*D111
 10
3024.119865040682
 20
2739.073960291998
 30
0.0
 11
3015.996068617023
 21
2764.073960291997
 31
0.0
 70
    33
 71
     5
 42
50.0
 73
     0
 74
     0
 75
     0
  3
PLAN_OLCU
100
AcDbAlignedDimension
 13
2984.119865040419
 23
2789.073960291997
 33
0.0
 14
2984.119865040419
 24
2739.073960291997
 34
0.0
  0
DIMENSION
  5
D87
330
1F
100
AcDbEntity
  8
OLCU (BEYKENT)
370
    20
100
AcDbDimension
280
     0
  2
*D112
 10
3399.119865040683
 20
2774.073960291998
 30
0.0
 11
3391.057966828853
 21
2781.573960291996
 31
0.0
 70
    33
 71
     5
 42
15.0
 73
     0
 74
     0
 75
     0
  3
PLAN_OLCU
100
AcDbAlignedDimension
 13
3379.119865040419
 23
2789.073960291997
 33
0.0
 14
3379.119865040419
 24
2774.073960291997
 34
0.0
  0
DIMENSION
  5
D88
330
1F
100
AcDbEntity
  8
OLCU (BEYKENT)
370
    20
100
AcDbDimension
280
     0
  2
*D113
 10
3399.119865040683
 20
2739.073960291998
 30
0.0
 11
3390.996068617024
 21
2756.573960291996
 31
0.0
 70
    33
 71
     5
 42
35.0
 73
     0
 74
     0
 75
     0
  3
PLAN_OLCU
100
AcDbAlignedDimension
 13
3379.119865040419
 23
2774.073960291997
 33
0.0
 14
3379.119865040419
 24
2739.073960291997
 34
0.0
  0
DIMENSION
  5
D89
330
1F
100
AcDbEntity
  8
OLCU (BEYKENT)
370
    20
100
AcDbDimension
280
     0
  2
*D114
 10
3419.119865040683
 20
2739.073960291998
 30
0.0
 11
3410.996068617024
 21
2764.073960291996
 31
0.0
 70
    33
 71
     5
 42
50.0
 73
     0
 74
     0
 75
     0
  3
PLAN_OLCU
100
AcDbAlignedDimension
 13
3379.119865040419
 23
2789.073960291997
 33
0.0
 14
3379.119865040419
 24
2739.073960291997
 34
0.0
  0
DIMENSION
  5
D8A
330
1F
100
AcDbEntity
  8
OLCU (BEYKENT)
370
    20
100
AcDbDimension
280
     0
  2
*D115
 10
3914.119865040684
 20
2774.073960291998
 30
0.0
 11
3906.057966828853
 21
2781.573960291996
 31
0.0
 70
    33
 71
     5
 42
15.0
 73
     0
 74
     0
 75
     0
  3
PLAN_OLCU
100
AcDbAlignedDimension
 13
3894.119865040419
 23
2789.073960291997
 33
0.0
 14
3894.119865040419
 24
2774.073960291997
 34
0.0
  0
DIMENSION
  5
D8B
330
1F
100
AcDbEntity
  8
OLCU (BEYKENT)
370
    20
100
AcDbDimension
280
     0
  2
*D116
 10
3914.119865040684
 20
2739.073960291998
 30
0.0
 11
3905.996068617024
 21
2756.573960291996
 31
0.0
 70
    33
 71
     5
 42
35.0
 73
     0
 74
     0
 75
     0
  3
PLAN_OLCU
100
AcDbAlignedDimension
 13
3894.119865040419
 23
2774.073960291997
 33
0.0
 14
3894.119865040419
 24
2739.073960291997
 34
0.0
  0
DIMENSION
  5
D8C
330
1F
100
AcDbEntity
  8
OLCU (BEYKENT)
370
    20
100
AcDbDimension
280
     0
  2
*D117
 10
3934.119865040683
 20
2739.073960291998
 30
0.0
 11
3925.996068617024
 21
2764.073960291996
 31
0.0
 70
    33
 71
     5
 42
50.0
 73
     0
 74
     0
 75
     0
  3
PLAN_OLCU
100
AcDbAlignedDimension
 13
3894.119865040419
 23
2789.073960291997
 33
0.0
 14
3894.119865040419
 24
2739.073960291997
 34
0.0
  0
DIMENSION
  5
D8D
330
1F
100
AcDbEntity
  8
OLCU (BEYKENT)
370
    20
100
AcDbDimension
280
     0
  2
*D118
 10
4144.119865040683
 20
2774.073960291998
 30
0.0
 11
4136.057966828853
 21
2781.573960291996
 31
0.0
 70
    33
 71
     5
 42
15.0
 73
     0
 74
     0
 75
     0
  3
PLAN_OLCU
100
AcDbAlignedDimension
 13
4164.119865040418
 23
2789.073960291997
 33
0.0
 14
4164.119865040418
 24
2774.073960291997
 34
0.0
  0
DIMENSION
  5
D8E
330
1F
100
AcDbEntity
  8
OLCU (BEYKENT)
370
    20
100
AcDbDimension
280
     0
  2
*D119
 10
4144.119865040683
 20
2739.073960291998
 30
0.0
 11
4135.996068617024
 21
2756.573960291996
 31
0.0
 70
    33
 71
     5
 42
35.0
 73
     0
 74
     0
 75
     0
  3
PLAN_OLCU
100
AcDbAlignedDimension
 13
4164.119865040418
 23
2774.073960291997
 33
0.0
 14
4164.119865040418
 24
2739.073960291997
 34
0.0
  0
DIMENSION
  5
D8F
330
1F
100
AcDbEntity
  8
OLCU (BEYKENT)
370
    20
100
AcDbDimension
280
     0
  2
*D120
 10
4124.119865040682
 20
2739.073960291998
 30
0.0
 11
4115.996068617024
 21
2764.073960291996
 31
0.0
 70
    33
 71
     5
 42
50.0
 73
     0
 74
     0
 75
     0
  3
PLAN_OLCU
100
AcDbAlignedDimension
 13
4164.119865040418
 23
2789.073960291997
 33
0.0
 14
4164.119865040418
 24
2739.073960291997
 34
0.0
  0
DIMENSION
  5
D90
330
1F
100
AcDbEntity
  8
OLCU (BEYKENT)
370
    20
100
AcDbDimension
280
     0
  2
*D121
 10
2331.619865040682
 20
2789.073960291998
 30
0.0
 11
2323.557966828852
 21
2781.573960291997
 31
0.0
 70
    33
 71
     5
 42
15.0
 73
     0
 74
     0
 75
     0
  3
PLAN_OLCU
100
AcDbAlignedDimension
 13
2311.619865040419
 23
2774.073960291997
 33
0.0
 14
2311.619865040419
 24
2789.073960291997
 34
0.0
  0
DIMENSION
  5
D91
330
1F
100
AcDbEntity
  8
OLCU (BEYKENT)
370
    20
100
AcDbDimension
280
     0
  2
*D122
 10
3656.619865040684
 20
2789.073960291998
 30
0.0
 11
3648.557966828854
 21
2781.573960291996
 31
0.0
 70
    33
 71
     5
 42
15.0
 73
     0
 74
     0
 75
     0
  3
PLAN_OLCU
100
AcDbAlignedDimension
 13
3636.619865040419
 23
2774.073960291997
 33
0.0
 14
3636.619865040419
 24
2789.073960291997
 34
0.0
  0
DIMENSION
  5
D92
330
1F
100
AcDbEntity
  8
OLCU (BEYKENT)
370
    20
100
AcDbDimension
280
     0
  2
*D123
 10
1926.619865040682
 20
2789.073960291998
 30
0.0
 11
1918.557966828852
 21
2781.573960291997
 31
0.0
 70
    33
 71
     5
 42
15.0
 73
     0
 74
     0
 75
     0
  3
PLAN_OLCU
100
AcDbAlignedDimension
 13
1906.619865040418
 23
2774.073960291997
 33
0.0
 14
1906.619865040418
 24
2789.073960291997
 34
0.0
  0
DIMENSION
  5
D93
330
1F
100
AcDbEntity
  8
OLCU (BEYKENT)
370
    20
100
AcDbDimension
280
     0
  2
*D124
 10
2796.619865040682
 20
2789.073960291998
 30
0.0
 11
2788.557966828852
 21
2781.573960291997
 31
0.0
 70
    33
 71
     5
 42
15.0
 73
     0
 74
     0
 75
     0
  3
PLAN_OLCU
100
AcDbAlignedDimension
 13
2776.619865040419
 23
2774.073960291997
 33
0.0
 14
2776.619865040419
 24
2789.073960291997
 34
0.0
  0
DIMENSION
  5
D94
330
1F
100
AcDbEntity
  8
OLCU (BEYKENT)
370
    20
100
AcDbDimension
280
     0
  2
*D125
 10
3201.619865040683
 20
2789.073960291998
 30
0.0
 11
3193.557966828854
 21
2781.573960291996
 31
0.0
 70
    33
 71
     5
 42
15.0
 73
     0
 74
     0
 75
     0
  3
PLAN_OLCU
100
AcDbAlignedDimension
 13
3181.619865040419
 23
2774.073960291997
 33
0.0
 14
3181.619865040419
 24
2789.073960291997
 34
0.0
  0
DIMENSION
  5
D95
330
1F
100
AcDbEntity
  8
OLCU (BEYKENT)
370
    20
100
AcDbDimension
280
     0
  2
*D126
 10
4061.619865040682
 20
2789.073960291998
 30
0.0
 11
4053.557966828853
 21
2781.573960291996
 31
0.0
 70
    33
 71
     5
 42
15.0
 73
     0
 74
     0
 75
     0
  3
PLAN_OLCU
100
AcDbAlignedDimension
 13
4041.619865040418
 23
2774.073960291997
 33
0.0
 14
4041.619865040418
 24
2789.073960291997
 34
0.0
  0
LINE
  5
D96
330
1F
100
AcDbEntity
  8
KOT CIZGISI (BEYKENT)
100
AcDbLine
 10
4209.119865040419
 20
2789.073960291997
 30
0.0
 11
4229.119865040418
 21
2789.073960291997
 31
0.0
  0
LWPOLYLINE
  5
D97
102
{ACAD_REACTORS
330
D98
102
}
330
1F
100
AcDbEntity
  8
KOT CIZGISI (BEYKENT)
100
AcDbPolyline
 90
        3
 70
     1
 43
0.0
 10
4229.119865040418
 20
2789.073960291997
 10
4217.119865040419
 20
2801.073960291997
 10
4229.119865040418
 20
2801.073960291997
  0
HATCH
  5
D98
330
1F
100
AcDbEntity
  8
KOT CIZGISI (BEYKENT)
 62
   250
100
AcDbHatch
 10
0.0
 20
0.0
 30
0.0
210
0.0
220
0.0
230
1.0
  2
SOLID
 70
     1
 71
     1
 91
        1
 92
        1
 93
        3
 72
     1
 10
4229.119865040418
 20
2789.073960291997
 11
4217.119865040419
 21
2801.073960291997
 72
     1
 10
4217.119865040419
 20
2801.073960291997
 11
4229.119865040418
 21
2801.073960291997
 72
     1
 10
4229.119865040418
 20
2801.073960291997
 11
4229.119865040418
 21
2789.073960291997
 97
        1
330
D97
 75
     0
 76
     1
 98
        1
 10
-86449.58926798222
 20
-21634.38075289194
450
        0
451
        0
460
0.0
461
0.0
452
        0
462
0.0
453
        0
470

  0
LINE
  5
D99
330
1F
100
AcDbEntity
  8
KOT CIZGISI (BEYKENT)
100
AcDbLine
 10
4217.119865040419
 20
2801.073960291997
 30
0.0
 11
4241.119865040419
 21
2801.073960291997
 31
0.0
  0
LINE
  5
D9A
330
1F
100
AcDbEntity
  8
KOT CIZGISI (BEYKENT)
100
AcDbLine
 10
4229.119865040418
 20
2789.073960291997
 30
0.0
 11
4241.119865040419
 21
2801.073960291997
 31
0.0
  0
LINE
  5
D9B
330
1F
100
AcDbEntity
  8
KOT CIZGISI (BEYKENT)
100
AcDbLine
 10
4241.119865040419
 20
2801.073960291997
 30
0.0
 11
4229.119865040418
 21
2801.073960291997
 31
0.0
  0
LINE
  5
D9C
330
1F
100
AcDbEntity
  8
KOT CIZGISI (BEYKENT)
100
AcDbLine
 10
4241.119865040419
 20
2801.073960291997
 30
0.0
 11
4267.119865040418
 21
2801.073960291997
 31
0.0
  0
TEXT
  5
D9D
330
1F
100
AcDbEntity
  8
KOT YAZI (BEYKENT)
100
AcDbText
 10
4241.119865040419
 20
2803.976298668888
 30
0.0
 40
10.0
  1
+18.30
  7
YAZI (BEYKENT)
 11
4241.119865040419
 21
2801.073960291997
 31
0.0
100
AcDbText
 73
     1
  0
TEXT
  5
D9E
330
1F
100
AcDbEntity
  8
KESIT ISMI (BEYKENT)
370
    20
100
AcDbText
 10
2899.243661464078
 20
2679.073960291997
 30
0.0
 40
20.0
  1
A-A KESİTİ (1:50)
  7
YAZI (BEYKENT)
 72
     1
 11
2974.119865040419
 21
2699.073960291997
 31
0.0
100
AcDbText
 73
     3
  0
LWPOLYLINE
  5
D9F
102
{ACAD_REACTORS
330
DA0
102
}
330
1F
100
AcDbEntity
  8
TARAMA (BEYKENT)
100
AcDbPolyline
 90
       24
 70
     1
 43
0.0
 10
1334.119865040418
 20
669.0739602919966
 10
1319.119865040418
 20
669.0739602919966
 10
1319.119865040418
 20
2349.073960291997
 10
1334.119865040418
 20
2349.073960291997
 10
1334.119865040418
 20
2299.073960291996
 10
1369.119865040418
 20
2299.073960291996
 10
1369.119865040418
 20
2264.073960291997
 10
1334.119865040418
 20
2264.073960291997
 10
1334.119865040418
 20
1824.073960291996
 10
1369.119865040418
 20
1824.073960291996
 10
1369.119865040418
 20
1799.073960291996
 10
1334.119865040418
 20
1799.073960291996
 10
1334.119865040418
 20
1524.074060291997
 10
1369.119865040418
 20
1524.074060291997
 10
1369.119865040418
 20
1494.074060291997
 10
1334.119865040418
 20
1494.074060291997
 10
1334.119865040418
 20
1219.073960291997
 10
1369.119865040418
 20
1219.073960291997
 10
1369.119865040418
 20
1194.073960291996
 10
1334.119865040418
 20
1194.073960291996
 10
1334.119865040418
 20
749.0739602919965
 10
1369.119865040418
 20
749.0739602919965
 10
1369.119865040418
 20
719.0739602919966
 10
1334.119865040418
 20
719.0739602919966
  0
HATCH
  5
DA0
330
1F
100
AcDbEntity
  8
TARAMA (BEYKENT)
100
AcDbHatch
 10
0.0
 20
0.0
 30
0.0
210
0.0
220
0.0
230
1.0
  2
ANSI33
 70
     0
 71
     1
 91
        1
 92
        1
 93
       24
 72
     1
 10
1334.119865040418
 20
669.0739602919966
 11
1319.119865040418
 21
669.0739602919966
 72
     1
 10
1319.119865040418
 20
669.0739602919966
 11
1319.119865040418
 21
2349.073960291997
 72
     1
 10
1319.119865040418
 20
2349.073960291997
 11
1334.119865040418
 21
2349.073960291997
 72
     1
 10
1334.119865040418
 20
2349.073960291997
 11
1334.119865040418
 21
2299.073960291996
 72
     1
 10
1334.119865040418
 20
2299.073960291996
 11
1369.119865040418
 21
2299.073960291996
 72
     1
 10
1369.119865040418
 20
2299.073960291996
 11
1369.119865040418
 21
2264.073960291997
 72
     1
 10
1369.119865040418
 20
2264.073960291997
 11
1334.119865040418
 21
2264.073960291997
 72
     1
 10
1334.119865040418
 20
2264.073960291997
 11
1334.119865040418
 21
1824.073960291996
 72
     1
 10
1334.119865040418
 20
1824.073960291996
 11
1369.119865040418
 21
1824.073960291996
 72
     1
 10
1369.119865040418
 20
1824.073960291996
 11
1369.119865040418
 21
1799.073960291996
 72
     1
 10
1369.119865040418
 20
1799.073960291996
 11
1334.119865040418
 21
1799.073960291996
 72
     1
 10
1334.119865040418
 20
1799.073960291996
 11
1334.119865040418
 21
1524.074060291997
 72
     1
 10
1334.119865040418
 20
1524.074060291997
 11
1369.119865040418
 21
1524.074060291997
 72
     1
 10
1369.119865040418
 20
1524.074060291997
 11
1369.119865040418
 21
1494.074060291997
 72
     1
 10
1369.119865040418
 20
1494.074060291997
 11
1334.119865040418
 21
1494.074060291997
 72
     1
 10
1334.119865040418
 20
1494.074060291997
 11
1334.119865040418
 21
1219.073960291997
 72
     1
 10
1334.119865040418
 20
1219.073960291997
 11
1369.119865040418
 21
1219.073960291997
 72
     1
 10
1369.119865040418
 20
1219.073960291997
 11
1369.119865040418
 21
1194.073960291996
 72
     1
 10
1369.119865040418
 20
1194.073960291996
 11
1334.119865040418
 21
1194.073960291996
 72
     1
 10
1334.119865040418
 20
1194.073960291996
 11
1334.119865040418
 21
749.0739602919965
 72
     1
 10
1334.119865040418
 20
749.0739602919965
 11
1369.119865040418
 21
749.0739602919965
 72
     1
 10
1369.119865040418
 20
749.0739602919965
 11
1369.119865040418
 21
719.0739602919966
 72
     1
 10
1369.119865040418
 20
719.0739602919966
 11
1334.119865040418
 21
719.0739602919966
 72
     1
 10
1334.119865040418
 20
719.0739602919966
 11
1334.119865040418
 21
669.0739602919966
 97
        1
330
D9F
 75
     0
 76
     1
 52
0.0
 41
1.0
 77
     0
 78
     2
 53
45.0
 43
-86449.58926798222
 44
-21634.38075289194
 45
-4.490128060534576
 46
4.490128060534576
 79
     0
 53
45.0
 43
-86445.0991379822
 44
-21634.38075289194
 45
-4.490128060534576
 46
4.490128060534576
 79
     2
 49
3.174999999999999
 49
-1.587499999999999
 98
        1
 10
-86449.58926798222
 20
-21634.38075289194
  0
LWPOLYLINE
  5
DA1
330
1F
100
AcDbEntity
  8
KESIT CIZGISI (BEYKENT)
100
AcDbPolyline
 90
       25
 70
     0
 43
0.0
 10
1334.119865040418
 20
669.0739602919966
 10
1319.119865040418
 20
669.0739602919966
 10
1319.119865040418
 20
2349.073960291997
 10
1334.119865040418
 20
2349.073960291997
 10
1334.119865040418
 20
2299.073960291996
 10
1369.119865040418
 20
2299.073960291996
 10
1369.119865040418
 20
2264.073960291997
 10
1334.119865040418
 20
2264.073960291997
 10
1334.119865040418
 20
1824.073960291996
 10
1369.119865040418
 20
1824.073960291996
 10
1369.119865040418
 20
1799.073960291996
 10
1334.119865040418
 20
1799.073960291996
 10
1334.119865040418
 20
1524.074060291997
 10
1369.119865040418
 20
1524.074060291997
 10
1369.119865040418
 20
1494.074060291997
 10
1334.119865040418
 20
1494.074060291997
 10
1334.119865040418
 20
1219.073960291997
 10
1369.119865040418
 20
1219.073960291997
 10
1369.119865040418
 20
1194.073960291996
 10
1334.119865040418
 20
1194.073960291996
 10
1334.119865040418
 20
749.0739602919965
 10
1369.119865040418
 20
749.0739602919965
 10
1369.119865040418
 20
719.0739602919966
 10
1334.119865040418
 20
719.0739602919966
 10
1334.119865040418
 20
669.0739602919966
  0
DIMENSION
  5
DA2
330
1F
100
AcDbEntity
  8
OLCU (BEYKENT)
370
    20
100
AcDbDimension
280
     0
  2
*D127
 10
1334.119865040418
 20
2244.073960291997
 30
0.0
 11
1326.619865040418
 21
2252.135858503826
 31
0.0
 70
    33
 71
     5
 42
15.0
 73
     0
 74
     0
 75
     0
  3
PLAN_OLCU
100
AcDbAlignedDimension
 13
1319.119865040418
 23
2264.073960291997
 33
0.0
 14
1334.119865040418
 24
2264.073960291997
 34
0.0
  0
DIMENSION
  5
DA3
330
1F
100
AcDbEntity
  8
OLCU (BEYKENT)
370
    20
100
AcDbDimension
280
     0
  2
*D128
 10
1369.119865040418
 20
2244.073960291997
 30
0.0
 11
1351.619865040418
 21
2252.197756715656
 31
0.0
 70
    33
 71
     5
 42
35.0
 73
     0
 74
     0
 75
     0
  3
PLAN_OLCU
100
AcDbAlignedDimension
 13
1334.119865040418
 23
2264.073960291997
 33
0.0
 14
1369.119865040418
 24
2264.073960291997
 34
0.0
  0
DIMENSION
  5
DA4
330
1F
100
AcDbEntity
  8
OLCU (BEYKENT)
370
    20
100
AcDbDimension
280
     0
  2
*D129
 10
1369.119865040418
 20
2224.073960291997
 30
0.0
 11
1344.119865040418
 21
2232.197756715656
 31
0.0
 70
    33
 71
     5
 42
50.0
 73
     0
 74
     0
 75
     0
  3
PLAN_OLCU
100
AcDbAlignedDimension
 13
1319.119865040418
 23
2264.073960291997
 33
0.0
 14
1369.119865040418
 24
2264.073960291997
 34
0.0
  0
DIMENSION
  5
DA5
330
1F
100
AcDbEntity
  8
OLCU (BEYKENT)
370
    20
100
AcDbDimension
280
     0
  2
*D130
 10
1334.119865040418
 20
1779.073960291996
 30
0.0
 11
1326.619865040418
 21
1787.135858503826
 31
0.0
 70
    33
 71
     5
 42
15.0
 73
     0
 74
     0
 75
     0
  3
PLAN_OLCU
100
AcDbAlignedDimension
 13
1319.119865040418
 23
1799.073960291996
 33
0.0
 14
1334.119865040418
 24
1799.073960291996
 34
0.0
  0
DIMENSION
  5
DA6
330
1F
100
AcDbEntity
  8
OLCU (BEYKENT)
370
    20
100
AcDbDimension
280
     0
  2
*D131
 10
1369.119865040418
 20
1779.073960291996
 30
0.0
 11
1351.619865040418
 21
1787.197756715655
 31
0.0
 70
    33
 71
     5
 42
35.0
 73
     0
 74
     0
 75
     0
  3
PLAN_OLCU
100
AcDbAlignedDimension
 13
1334.119865040418
 23
1799.073960291996
 33
0.0
 14
1369.119865040418
 24
1799.073960291996
 34
0.0
  0
DIMENSION
  5
DA7
330
1F
100
AcDbEntity
  8
OLCU (BEYKENT)
370
    20
100
AcDbDimension
280
     0
  2
*D132
 10
1369.119865040418
 20
1759.073960291997
 30
0.0
 11
1344.119865040418
 21
1767.197756715655
 31
0.0
 70
    33
 71
     5
 42
50.0
 73
     0
 74
     0
 75
     0
  3
PLAN_OLCU
100
AcDbAlignedDimension
 13
1319.119865040418
 23
1799.073960291996
 33
0.0
 14
1369.119865040418
 24
1799.073960291996
 34
0.0
  0
DIMENSION
  5
DA8
330
1F
100
AcDbEntity
  8
OLCU (BEYKENT)
370
    20
100
AcDbDimension
280
     0
  2
*D133
 10
1334.119865040418
 20
1474.074060291998
 30
0.0
 11
1326.619865040418
 21
1482.135958503827
 31
0.0
 70
    33
 71
     5
 42
15.0
 73
     0
 74
     0
 75
     0
  3
PLAN_OLCU
100
AcDbAlignedDimension
 13
1319.119865040418
 23
1494.074060291997
 33
0.0
 14
1334.119865040418
 24
1494.074060291997
 34
0.0
  0
DIMENSION
  5
DA9
330
1F
100
AcDbEntity
  8
OLCU (BEYKENT)
370
    20
100
AcDbDimension
280
     0
  2
*D134
 10
1369.119865040418
 20
1474.074060291998
 30
0.0
 11
1351.619865040418
 21
1482.197856715657
 31
0.0
 70
    33
 71
     5
 42
35.0
 73
     0
 74
     0
 75
     0
  3
PLAN_OLCU
100
AcDbAlignedDimension
 13
1334.119865040418
 23
1494.074060291997
 33
0.0
 14
1369.119865040418
 24
1494.074060291997
 34
0.0
  0
DIMENSION
  5
DAA
330
1F
100
AcDbEntity
  8
OLCU (BEYKENT)
370
    20
100
AcDbDimension
280
     0
  2
*D135
 10
1369.119865040418
 20
1454.074060291998
 30
0.0
 11
1344.119865040418
 21
1462.197856715656
 31
0.0
 70
    33
 71
     5
 42
50.0
 73
     0
 74
     0
 75
     0
  3
PLAN_OLCU
100
AcDbAlignedDimension
 13
1319.119865040418
 23
1494.074060291997
 33
0.0
 14
1369.119865040418
 24
1494.074060291997
 34
0.0
  0
DIMENSION
  5
DAB
330
1F
100
AcDbEntity
  8
OLCU (BEYKENT)
370
    20
100
AcDbDimension
280
     0
  2
*D136
 10
1334.119865040418
 20
1174.073960291996
 30
0.0
 11
1326.619865040418
 21
1182.135858503826
 31
0.0
 70
    33
 71
     5
 42
15.0
 73
     0
 74
     0
 75
     0
  3
PLAN_OLCU
100
AcDbAlignedDimension
 13
1319.119865040418
 23
1194.073960291996
 33
0.0
 14
1334.119865040418
 24
1194.073960291996
 34
0.0
  0
DIMENSION
  5
DAC
330
1F
100
AcDbEntity
  8
OLCU (BEYKENT)
370
    20
100
AcDbDimension
280
     0
  2
*D137
 10
1369.119865040418
 20
1174.073960291996
 30
0.0
 11
1351.619865040418
 21
1182.197756715655
 31
0.0
 70
    33
 71
     5
 42
35.0
 73
     0
 74
     0
 75
     0
  3
PLAN_OLCU
100
AcDbAlignedDimension
 13
1334.119865040418
 23
1194.073960291996
 33
0.0
 14
1369.119865040418
 24
1194.073960291996
 34
0.0
  0
DIMENSION
  5
DAD
330
1F
100
AcDbEntity
  8
OLCU (BEYKENT)
370
    20
100
AcDbDimension
280
     0
  2
*D138
 10
1369.119865040418
 20
1154.073960291996
 30
0.0
 11
1344.119865040418
 21
1162.197756715655
 31
0.0
 70
    33
 71
     5
 42
50.0
 73
     0
 74
     0
 75
     0
  3
PLAN_OLCU
100
AcDbAlignedDimension
 13
1319.119865040418
 23
1194.073960291996
 33
0.0
 14
1369.119865040418
 24
1194.073960291996
 34
0.0
  0
DIMENSION
  5
DAE
330
1F
100
AcDbEntity
  8
OLCU (BEYKENT)
370
    20
100
AcDbDimension
280
     0
  2
*D139
 10
1334.119865040418
 20
769.0739602919966
 30
0.0
 11
1326.619865040418
 21
777.135858503826
 31
0.0
 70
    33
 71
     5
 42
15.0
 73
     0
 74
     0
 75
     0
  3
PLAN_OLCU
100
AcDbAlignedDimension
 13
1319.119865040418
 23
749.0739602919965
 33
0.0
 14
1334.119865040418
 24
749.0739602919965
 34
0.0
  0
DIMENSION
  5
DAF
330
1F
100
AcDbEntity
  8
OLCU (BEYKENT)
370
    20
100
AcDbDimension
280
     0
  2
*D140
 10
1369.119865040418
 20
769.0739602919966
 30
0.0
 11
1351.619865040418
 21
777.1977567156555
 31
0.0
 70
    33
 71
     5
 42
35.0
 73
     0
 74
     0
 75
     0
  3
PLAN_OLCU
100
AcDbAlignedDimension
 13
1334.119865040418
 23
749.0739602919965
 33
0.0
 14
1369.119865040418
 24
749.0739602919965
 34
0.0
  0
DIMENSION
  5
DB0
330
1F
100
AcDbEntity
  8
OLCU (BEYKENT)
370
    20
100
AcDbDimension
280
     0
  2
*D141
 10
1369.119865040418
 20
789.0739602919966
 30
0.0
 11
1344.119865040418
 21
797.1977567156555
 31
0.0
 70
    33
 71
     5
 42
50.0
 73
     0
 74
     0
 75
     0
  3
PLAN_OLCU
100
AcDbAlignedDimension
 13
1319.119865040418
 23
749.0739602919965
 33
0.0
 14
1369.119865040418
 24
749.0739602919965
 34
0.0
  0
DIMENSION
  5
DB1
330
1F
100
AcDbEntity
  8
OLCU (BEYKENT)
370
    20
100
AcDbDimension
280
     0
  2
*D142
 10
1334.119865040418
 20
2029.073960291997
 30
0.0
 11
1326.619865040418
 21
2037.135858503826
 31
0.0
 70
    33
 71
     5
 42
15.0
 73
     0
 74
     0
 75
     0
  3
PLAN_OLCU
100
AcDbAlignedDimension
 13
1319.119865040418
 23
2049.073960291996
 33
0.0
 14
1334.119865040418
 24
2049.073960291996
 34
0.0
  0
DIMENSION
  5
DB2
330
1F
100
AcDbEntity
  8
OLCU (BEYKENT)
370
    20
100
AcDbDimension
280
     0
  2
*D143
 10
1334.119865040418
 20
2304.073960291997
 30
0.0
 11
1326.619865040418
 21
2312.135858503826
 31
0.0
 70
    33
 71
     5
 42
15.0
 73
     0
 74
     0
 75
     0
  3
PLAN_OLCU
100
AcDbAlignedDimension
 13
1319.119865040418
 23
2324.073960291997
 33
0.0
 14
1334.119865040418
 24
2324.073960291997
 34
0.0
  0
DIMENSION
  5
DB3
330
1F
100
AcDbEntity
  8
OLCU (BEYKENT)
370
    20
100
AcDbDimension
280
     0
  2
*D144
 10
1334.119865040418
 20
1631.574010291995
 30
0.0
 11
1326.619865040418
 21
1639.635908503825
 31
0.0
 70
    33
 71
     5
 42
15.0
 73
     0
 74
     0
 75
     0
  3
PLAN_OLCU
100
AcDbAlignedDimension
 13
1319.119865040418
 23
1651.574010291995
 33
0.0
 14
1334.119865040418
 24
1651.574010291995
 34
0.0
  0
DIMENSION
  5
DB4
330
1F
100
AcDbEntity
  8
OLCU (BEYKENT)
370
    20
100
AcDbDimension
280
     0
  2
*D145
 10
1334.119865040418
 20
1341.574010291995
 30
0.0
 11
1326.619865040418
 21
1349.635908503825
 31
0.0
 70
    33
 71
     5
 42
15.0
 73
     0
 74
     0
 75
     0
  3
PLAN_OLCU
100
AcDbAlignedDimension
 13
1319.119865040418
 23
1361.574010291995
 33
0.0
 14
1334.119865040418
 24
1361.574010291995
 34
0.0
  0
DIMENSION
  5
DB5
330
1F
100
AcDbEntity
  8
OLCU (BEYKENT)
370
    20
100
AcDbDimension
280
     0
  2
*D146
 10
1334.119865040418
 20
949.0739602919965
 30
0.0
 11
1326.619865040418
 21
957.1358585038261
 31
0.0
 70
    33
 71
     5
 42
15.0
 73
     0
 74
     0
 75
     0
  3
PLAN_OLCU
100
AcDbAlignedDimension
 13
1319.119865040418
 23
969.0739602919967
 33
0.0
 14
1334.119865040418
 24
969.0739602919967
 34
0.0
  0
DIMENSION
  5
DB6
330
1F
100
AcDbEntity
  8
OLCU (BEYKENT)
370
    20
100
AcDbDimension
280
     0
  2
*D147
 10
1334.119865040418
 20
674.0739602919965
 30
0.0
 11
1326.619865040418
 21
682.135858503826
 31
0.0
 70
    33
 71
     5
 42
15.0
 73
     0
 74
     0
 75
     0
  3
PLAN_OLCU
100
AcDbAlignedDimension
 13
1319.119865040418
 23
694.0739602919966
 33
0.0
 14
1334.119865040418
 24
694.0739602919966
 34
0.0
  0
LINE
  5
DB7
330
1F
100
AcDbEntity
  8
KOT CIZGISI (BEYKENT)
100
AcDbLine
 10
1319.119865040418
 20
2369.073960291997
 30
0.0
 11
1319.119865040418
 21
2389.073960291997
 31
0.0
  0
LWPOLYLINE
  5
DB8
102
{ACAD_REACTORS
330
DB9
102
}
330
1F
100
AcDbEntity
  8
KOT CIZGISI (BEYKENT)
100
AcDbPolyline
 90
        3
 70
     1
 43
0.0
 10
1319.119865040418
 20
2389.073960291997
 10
1307.119865040418
 20
2377.073960291997
 10
1307.119865040418
 20
2389.073960291997
  0
HATCH
  5
DB9
330
1F
100
AcDbEntity
  8
KOT CIZGISI (BEYKENT)
 62
   250
100
AcDbHatch
 10
0.0
 20
0.0
 30
0.0
210
0.0
220
0.0
230
1.0
  2
SOLID
 70
     1
 71
     1
 91
        1
 92
        1
 93
        3
 72
     1
 10
1319.119865040418
 20
2389.073960291997
 11
1307.119865040418
 21
2377.073960291997
 72
     1
 10
1307.119865040418
 20
2377.073960291997
 11
1307.119865040418
 21
2389.073960291997
 72
     1
 10
1307.119865040418
 20
2389.073960291997
 11
1319.119865040418
 21
2389.073960291997
 97
        1
330
DB8
 75
     0
 76
     1
 98
        1
 10
-86449.58926798222
 20
-21634.38075289194
450
        0
451
        0
460
0.0
461
0.0
452
        0
462
0.0
453
        0
470

  0
LINE
  5
DBA
330
1F
100
AcDbEntity
  8
KOT CIZGISI (BEYKENT)
100
AcDbLine
 10
1307.119865040418
 20
2377.073960291997
 30
0.0
 11
1307.119865040418
 21
2401.073960291997
 31
0.0
  0
LINE
  5
DBB
330
1F
100
AcDbEntity
  8
KOT CIZGISI (BEYKENT)
100
AcDbLine
 10
1319.119865040418
 20
2389.073960291997
 30
0.0
 11
1307.119865040418
 21
2401.073960291997
 31
0.0
  0
LINE
  5
DBC
330
1F
100
AcDbEntity
  8
KOT CIZGISI (BEYKENT)
100
AcDbLine
 10
1307.119865040418
 20
2401.073960291997
 30
0.0
 11
1307.119865040418
 21
2389.073960291997
 31
0.0
  0
LINE
  5
DBD
330
1F
100
AcDbEntity
  8
KOT CIZGISI (BEYKENT)
100
AcDbLine
 10
1307.119865040418
 20
2401.073960291997
 30
0.0
 11
1307.119865040418
 21
2427.073960291997
 31
0.0
  0
TEXT
  5
DBE
330
1F
100
AcDbEntity
  8
KOT YAZI (BEYKENT)
100
AcDbText
 10
1304.217526663527
 20
2401.073960291997
 30
0.0
 40
10.0
  1
+18.30
 50
90.0
  7
YAZI (BEYKENT)
 11
1307.119865040418
 21
2401.073960291997
 31
0.0
100
AcDbText
 73
     1
  0
TEXT
  5
DBF
330
1F
100
AcDbEntity
  8
KESIT ISMI (BEYKENT)
370
    20
100
AcDbText
 10
1429.119865040418
 20
1434.844249150318
 30
0.0
 40
20.0
  1
B-B KESİTİ (1:50)
 50
90.0
  7
YAZI (BEYKENT)
 72
     1
 11
1419.119865040418
 21
1509.073960291997
 31
0.0
100
AcDbText
 73
     2
  0
LWPOLYLINE
  5
DC0
330
1F
100
AcDbEntity
  8
DONATI (BEYKENT)
100
AcDbPolyline
 90
        2
 70
     0
 43
0.0
 10
3207.119865028195
 20
2311.006338147618
 10
2007.119865028195
 20
2311.006338147618
  0
TEXT
  5
DC1
330
1F
100
AcDbEntity
  8
DONATI YAZISI (BEYKENT)
100
AcDbText
 10
2574.595793501373
 20
2316.006338147618
 30
0.0
 40
10.0
  1
3ø8/20 L=1200
  7
DONATI YAZISI (BEYKENT)
 72
     1
 11
2607.119865028195
 21
2321.006338147618
 31
0.0
100
AcDbText
 73
     2
  0
LWPOLYLINE
  5
DC2
330
1F
100
AcDbEntity
  8
DONATI (BEYKENT)
100
AcDbPolyline
 90
        2
 70
     0
 43
0.0
 10
3941.11986505222
 20
2306.006338147618
 10
3154.119865028195
 20
2306.006338147618
  0
TEXT
  5
DC3
330
1F
100
AcDbEntity
  8
DONATI YAZISI (BEYKENT)
100
AcDbText
 10
3467.293180033337
 20
2311.006338147618
 30
0.0
 40
10.0
  1
3ø8/20 L=690
  7
DONATI YAZISI (BEYKENT)
 72
     1
 11
3497.619865040215
 21
2316.006338147618
 31
0.0
100
AcDbText
 73
     2
  0
LWPOLYLINE
  5
DC4
330
1F
100
AcDbEntity
  8
DONATI (BEYKENT)
100
AcDbPolyline
 90
        2
 70
     0
 43
0.0
 10
2076.11986503486
 20
2168.058092109983
 10
1762.119865039269
 20
2168.058092109987
  0
TEXT
  5
DC5
330
1F
100
AcDbEntity
  8
DONATI YAZISI (BEYKENT)
100
AcDbText
 10
1889.494693097594
 20
2173.058092109982
 30
0.0
 40
10.0
  1
8ø8/20 L=315
  7
DONATI YAZISI (BEYKENT)
 72
     1
 11
1919.119865037071
 21
2178.058092109983
 31
0.0
100
AcDbText
 73
     2
  0
LWPOLYLINE
  5
DC6
330
1F
100
AcDbEntity
  8
DONATI (BEYKENT)
100
AcDbPolyline
 90
        2
 70
     0
 43
0.0
 10
2981.11986503486
 20
2168.058092109983
 10
2572.11986503486
 20
2168.058092109983
  0
TEXT
  5
DC7
330
1F
100
AcDbEntity
  8
DONATI YAZISI (BEYKENT)
100
AcDbText
 10
2747.857829271449
 20
2173.058092109982
 30
0.0
 40
10.0
  1
7ø8/18 L=410
  7
DONATI YAZISI (BEYKENT)
 72
     1
 11
2776.61986503486
 21
2178.058092109983
 31
0.0
100
AcDbText
 73
     2
  0
LWPOLYLINE
  5
DC8
330
1F
100
AcDbEntity
  8
DONATI (BEYKENT)
100
AcDbPolyline
 90
        2
 70
     0
 43
0.0
 10
3376.11986503486
 20
2158.058092109983
 10
2962.11986503486
 20
2158.058092109983
  0
TEXT
  5
DC9
330
1F
100
AcDbEntity
  8
DONATI YAZISI (BEYKENT)
100
AcDbText
 10
3140.40941111464
 20
2163.058092109983
 30
0.0
 40
10.0
  1
7ø8/18 L=415
  7
DONATI YAZISI (BEYKENT)
 72
     1
 11
3169.11986503486
 21
2168.058092109983
 31
0.0
100
AcDbText
 73
     2
  0
LWPOLYLINE
  5
DCA
330
1F
100
AcDbEntity
  8
DONATI (BEYKENT)
100
AcDbPolyline
 90
        2
 70
     0
 43
0.0
 10
4186.119865019041
 20
2168.058092109987
 10
3872.11986503486
 20
2168.058092109983
  0
TEXT
  5
DCB
330
1F
100
AcDbEntity
  8
DONATI YAZISI (BEYKENT)
100
AcDbText
 10
3999.494693087466
 20
2173.058092109986
 30
0.0
 40
10.0
  1
8ø8/20 L=315
  7
DONATI YAZISI (BEYKENT)
 72
     1
 11
4029.119865026943
 21
2178.058092109987
 31
0.0
100
AcDbText
 73
     2
  0
LWPOLYLINE
  5
DCC
330
1F
100
AcDbEntity
  8
DONATI (BEYKENT)
100
AcDbPolyline
 90
        2
 70
     0
 43
0.0
 10
2596.11986503486
 20
1879.073959779675
 10
2057.11986503486
 20
1879.073959779675
  0
TEXT
  5
DCD
330
1F
100
AcDbEntity
  8
DONATI YAZISI (BEYKENT)
100
AcDbText
 10
2349.40974885613
 20
1884.073959779675
 30
0.0
 40
10.0
  1
13ø8/36 L=540
  7
DONATI YAZISI (BEYKENT)
 72
     1
 11
2381.878799750215
 21
1889.073959779674
 31
0.0
100
AcDbText
 73
     2
  0
LWPOLYLINE
  5
DCE
330
1F
100
AcDbEntity
  8
DONATI (BEYKENT)
100
AcDbPolyline
 90
       10
 70
     0
 43
0.0
 10
1985.119865034859
 20
1910.073959779674
 10
2175.877224347736
 20
1910.073959779674
 42
-0.198912367379658
 10
2177.998544691298
 20
1909.195280123233
 10
2182.241185378421
 20
1904.952639436116
 42
0.198912367379658
 10
2184.362505721983
 20
1904.073959779674
 10
2463.877224347736
 20
1904.073959779674
 42
0.198912367379658
 10
2465.998544691298
 20
1904.952639436116
 10
2470.241185378422
 20
1909.195280123233
 42
-0.198912367379658
 10
2472.362505721984
 20
1910.073959779674
 10
2690.61986503486
 20
1910.073959779674
  0
TEXT
  5
DCF
330
1F
100
AcDbEntity
  8
DONATI YAZISI (BEYKENT)
100
AcDbText
 10
2350.743999200009
 20
1909.073959779675
 30
0.0
 40
10.0
  1
13ø8/36 L=710
  7
DONATI YAZISI (BEYKENT)
 72
     1
 11
2381.878799750215
 21
1914.073959779674
 31
0.0
100
AcDbText
 73
     2
  0
LWPOLYLINE
  5
DD0
330
1F
100
AcDbEntity
  8
DONATI (BEYKENT)
100
AcDbPolyline
 90
        2
 70
     0
 43
0.0
 10
3891.119865034859
 20
1878.712756179124
 10
3352.11986503486
 20
1878.712756179124
  0
TEXT
  5
DD1
330
1F
100
AcDbEntity
  8
DONATI YAZISI (BEYKENT)
100
AcDbText
 10
3589.150814140775
 20
1883.712756179124
 30
0.0
 40
10.0
  1
13ø8/36 L=540
  7
DONATI YAZISI (BEYKENT)
 72
     1
 11
3621.61986503486
 21
1888.712756179124
 31
0.0
100
AcDbText
 73
     2
  0
LWPOLYLINE
  5
DD2
330
1F
100
AcDbEntity
  8
DONATI (BEYKENT)
100
AcDbPolyline
 90
       10
 70
     0
 43
0.0
 10
3256.86986503486
 20
1909.712756179124
 10
3475.877224347751
 20
1909.712756179124
 42
-0.198912367379658
 10
3477.998544691312
 20
1908.834076522682
 10
3482.241185378436
 20
1904.591435835566
 42
0.198912367379658
 10
3484.362505721998
 20
1903.712756179124
 10
3763.877224347736
 20
1903.712756179124
 42
0.198912367379658
 10
3765.998544691298
 20
1904.591435835566
 10
3770.241185378421
 20
1908.834076522682
 42
-0.198912367379658
 10
3772.362505721984
 20
1909.712756179124
 10
3962.61986503486
 20
1909.712756179124
  0
TEXT
  5
DD3
330
1F
100
AcDbEntity
  8
DONATI YAZISI (BEYKENT)
100
AcDbText
 10
3591.513262558932
 20
1908.712756179124
 30
0.0
 40
10.0
  1
13ø8/36 L=711
  7
DONATI YAZISI (BEYKENT)
 72
     1
 11
3621.61986503486
 21
1913.712756179124
 31
0.0
100
AcDbText
 73
     2
  0
LWPOLYLINE
  5
DD4
330
1F
100
AcDbEntity
  8
DONATI (BEYKENT)
100
AcDbPolyline
 90
        2
 70
     0
 43
0.0
 10
2076.119865034845
 20
1713.746267882317
 10
1762.119865035252
 20
1713.746267882314
  0
TEXT
  5
DD5
330
1F
100
AcDbEntity
  8
DONATI YAZISI (BEYKENT)
100
AcDbText
 10
1875.98054581858
 20
1718.746267882317
 30
0.0
 40
10.0
  1
12ø8/36 L=315
  7
DONATI YAZISI (BEYKENT)
 72
     1
 11
1907.197877317893
 21
1723.746267882318
 31
0.0
100
AcDbText
 73
     2
  0
LWPOLYLINE
  5
DD6
330
1F
100
AcDbEntity
  8
DONATI (BEYKENT)
100
AcDbPolyline
 90
       12
 70
     0
 43
0.0
 10
1762.119865035252
 20
1713.746267881921
 10
1762.119865035252
 20
1741.746267882314
 42
-0.414213562373053
 10
1765.119865035252
 20
1744.746267882314
 10
1836.877224347736
 20
1744.746267882325
 42
-0.1989123673796952
 10
1838.998544691298
 20
1743.867588225883
 10
1843.241185378422
 20
1739.624947538766
 42
0.1989123673796454
 10
1845.362505721983
 20
1738.746267882325
 10
1992.877224347736
 20
1738.746267882318
 42
0.1989123673796705
 10
1994.998544691298
 20
1739.624947538759
 10
1999.241185378421
 20
1743.867588225876
 42
-0.198912367379658
 10
2001.362505721983
 20
1744.746267882317
 10
2201.61986503486
 20
1744.746267882317
  0
TEXT
  5
DD7
330
1F
100
AcDbEntity
  8
DONATI YAZISI (BEYKENT)
100
AcDbText
 10
1874.942031375664
 20
1743.746267882318
 30
0.0
 40
10.0
  1
12ø8/36 L=475
  7
DONATI YAZISI (BEYKENT)
 72
     1
 11
1907.197877317893
 21
1748.746267882317
 31
0.0
100
AcDbText
 73
     2
  0
LWPOLYLINE
  5
DD8
330
1F
100
AcDbEntity
  8
DONATI (BEYKENT)
100
AcDbPolyline
 90
        2
 70
     0
 43
0.0
 10
2596.11986503486
 20
1703.746267882317
 10
2057.11986503486
 20
1703.746267882317
  0
TEXT
  5
DD9
330
1F
100
AcDbEntity
  8
DONATI YAZISI (BEYKENT)
100
AcDbText
 10
2296.121240550678
 20
1708.746267882317
 30
0.0
 40
10.0
  1
6ø8/36 L=540
  7
DONATI YAZISI (BEYKENT)
 72
     1
 11
2326.61986503486
 21
1713.746267882317
 31
0.0
100
AcDbText
 73
     2
  0
LWPOLYLINE
  5
DDA
330
1F
100
AcDbEntity
  8
DONATI (BEYKENT)
100
AcDbPolyline
 90
       10
 70
     0
 43
0.0
 10
1984.61986503486
 20
1734.746267882318
 10
2175.877224347722
 20
1734.746267882318
 42
-0.198912367379658
 10
2177.998544691283
 20
1733.867588225876
 10
2182.241185378407
 20
1729.624947538759
 42
0.198912367379658
 10
2184.362505721969
 20
1728.746267882317
 10
2463.877224347751
 20
1728.746267882317
 42
0.198912367379658
 10
2465.998544691313
 20
1729.624947538759
 10
2470.241185378436
 20
1733.867588225876
 42
-0.198912367379658
 10
2472.362505721998
 20
1734.746267882318
 10
2691.11986503486
 20
1734.746267882318
  0
TEXT
  5
DDB
330
1F
100
AcDbEntity
  8
DONATI YAZISI (BEYKENT)
100
AcDbText
 10
2297.507072737749
 20
1733.746267882317
 30
0.0
 40
10.0
  1
6ø8/36 L=715
  7
DONATI YAZISI (BEYKENT)
 72
     1
 11
2326.61986503486
 21
1738.746267882318
 31
0.0
100
AcDbText
 73
     2
  0
LWPOLYLINE
  5
DDC
330
1F
100
AcDbEntity
  8
DONATI (BEYKENT)
100
AcDbPolyline
 90
        2
 70
     0
 43
0.0
 10
2201.61986503486
 20
1754.746267882318
 10
1986.61986503486
 20
1754.746267882318
  0
TEXT
  5
DDD
330
1F
100
AcDbEntity
  8
DONATI YAZISI (BEYKENT)
100
AcDbText
 10
2113.692819806519
 20
1759.746267882318
 30
0.0
 40
10.0
  1
15ø8/30 L=215
  7
DONATI YAZISI (BEYKENT)
 72
     1
 11
2145.188693259064
 21
1764.746267882317
 31
0.0
100
AcDbText
 73
     2
  0
LWPOLYLINE
  5
DDE
330
1F
100
AcDbEntity
  8
DONATI (BEYKENT)
100
AcDbPolyline
 90
        2
 70
     0
 43
0.0
 10
2981.11986503486
 20
1713.746267882314
 10
2572.119865034875
 20
1713.746267882317
  0
TEXT
  5
DDF
330
1F
100
AcDbEntity
  8
DONATI YAZISI (BEYKENT)
100
AcDbText
 10
2745.051777001848
 20
1718.746267882314
 30
0.0
 40
10.0
  1
15ø8/36 L=410
  7
DONATI YAZISI (BEYKENT)
 72
     1
 11
2776.61986503486
 21
1723.746267882314
 31
0.0
100
AcDbText
 73
     2
  0
LWPOLYLINE
  5
DE0
330
1F
100
AcDbEntity
  8
DONATI (BEYKENT)
100
AcDbPolyline
 90
       10
 70
     0
 43
0.0
 10
2445.61986503486
 20
1744.746267882317
 10
2669.877224347736
 20
1744.746267882317
 42
-0.198912367379658
 10
2671.998544691298
 20
1743.867588225876
 10
2676.241185378422
 20
1739.624947538759
 42
0.1989123673796533
 10
2678.362505721983
 20
1738.746267882318
 10
2879.877224347736
 20
1738.746267882314
 42
0.1989123673796625
 10
2881.998544691298
 20
1739.624947538756
 10
2886.241185378422
 20
1743.867588225872
 42
-0.198912367379658
 10
2888.362505721984
 20
1744.746267882314
 10
3076.36986503486
 20
1744.746267882314
  0
TEXT
  5
DE1
330
1F
100
AcDbEntity
  8
DONATI YAZISI (BEYKENT)
100
AcDbText
 10
2744.676948941325
 20
1743.746267882314
 30
0.0
 40
10.0
  1
15ø8/36 L=636
  7
DONATI YAZISI (BEYKENT)
 72
     1
 11
2776.61986503486
 21
1748.746267882314
 31
0.0
100
AcDbText
 73
     2
  0
LWPOLYLINE
  5
DE2
330
1F
100
AcDbEntity
  8
DONATI (BEYKENT)
100
AcDbPolyline
 90
        2
 70
     0
 43
0.0
 10
2690.11986503486
 20
1754.746267882318
 10
2445.61986503486
 20
1754.746267882318
  0
TEXT
  5
DE3
330
1F
100
AcDbEntity
  8
DONATI YAZISI (BEYKENT)
100
AcDbText
 10
2622.679067777733
 20
1759.746267882318
 30
0.0
 40
10.0
  1
18ø8/30 L=245
  7
DONATI YAZISI (BEYKENT)
 72
     1
 11
2655.347568465491
 21
1764.746267882317
 31
0.0
100
AcDbText
 73
     2
  0
LWPOLYLINE
  5
DE4
330
1F
100
AcDbEntity
  8
DONATI (BEYKENT)
100
AcDbPolyline
 90
        2
 70
     0
 43
0.0
 10
3376.11986503486
 20
1703.746267882317
 10
2962.11986503486
 20
1703.746267882314
  0
TEXT
  5
DE5
330
1F
100
AcDbEntity
  8
DONATI YAZISI (BEYKENT)
100
AcDbText
 10
3137.603358845039
 20
1708.746267882317
 30
0.0
 40
10.0
  1
15ø8/36 L=415
  7
DONATI YAZISI (BEYKENT)
 72
     1
 11
3169.11986503486
 21
1713.746267882317
 31
0.0
100
AcDbText
 73
     2
  0
LWPOLYLINE
  5
DE6
330
1F
100
AcDbEntity
  8
DONATI (BEYKENT)
100
AcDbPolyline
 90
       10
 70
     0
 43
0.0
 10
2867.11986503486
 20
1734.746267882314
 10
3055.877224347736
 20
1734.746267882314
 42
-0.198912367379658
 10
3057.998544691298
 20
1733.867588225872
 10
3062.241185378422
 20
1729.624947538756
 42
0.1989123673796625
 10
3064.362505721983
 20
1728.746267882314
 10
3268.877224347751
 20
1728.746267882317
 42
0.1989123673796534
 10
3270.998544691313
 20
1729.624947538759
 10
3275.241185378436
 20
1733.867588225876
 42
-0.198912367379658
 10
3277.362505721998
 20
1734.746267882318
 10
3503.61986503486
 20
1734.746267882318
  0
TEXT
  5
DE7
330
1F
100
AcDbEntity
  8
DONATI YAZISI (BEYKENT)
100
AcDbText
 10
3136.726467510789
 20
1733.746267882317
 30
0.0
 40
10.0
  1
15ø8/36 L=640
  7
DONATI YAZISI (BEYKENT)
 72
     1
 11
3169.11986503486
 21
1738.746267882318
 31
0.0
100
AcDbText
 73
     2
  0
LWPOLYLINE
  5
DE8
330
1F
100
AcDbEntity
  8
DONATI (BEYKENT)
100
AcDbPolyline
 90
        2
 70
     0
 43
0.0
 10
3077.36986503486
 20
1754.746267882314
 10
2867.11986503486
 20
1754.746267882314
  0
TEXT
  5
DE9
330
1F
100
AcDbEntity
  8
DONATI YAZISI (BEYKENT)
100
AcDbText
 10
2940.673338212301
 20
1759.746267882314
 30
0.0
 40
10.0
  1
18ø8/30 L=210
  7
DONATI YAZISI (BEYKENT)
 72
     1
 11
2972.244865034859
 21
1764.746267882314
 31
0.0
100
AcDbText
 73
     2
  0
LWPOLYLINE
  5
DEA
330
1F
100
AcDbEntity
  8
DONATI (BEYKENT)
100
AcDbPolyline
 90
        2
 70
     0
 43
0.0
 10
3891.119865034845
 20
1713.746267882317
 10
3352.119865034874
 20
1713.746267882317
  0
TEXT
  5
DEB
330
1F
100
AcDbEntity
  8
DONATI YAZISI (BEYKENT)
100
AcDbText
 10
3590.928668336098
 20
1718.746267882317
 30
0.0
 40
10.0
  1
7ø8/20 L=540
  7
DONATI YAZISI (BEYKENT)
 72
     1
 11
3621.61986503486
 21
1723.746267882318
 31
0.0
100
AcDbText
 73
     2
  0
LWPOLYLINE
  5
DEC
330
1F
100
AcDbEntity
  8
DONATI (BEYKENT)
100
AcDbPolyline
 90
        2
 70
     0
 43
0.0
 10
3502.11986503486
 20
1749.746267882317
 10
3257.369865034875
 20
1749.746267882317
  0
TEXT
  5
DED
330
1F
100
AcDbEntity
  8
DONATI YAZISI (BEYKENT)
100
AcDbText
 10
3347.076364347102
 20
1754.746267882318
 30
0.0
 40
10.0
  1
18ø8/30 L=245
  7
DONATI YAZISI (BEYKENT)
 72
     1
 11
3379.74486503486
 21
1759.746267882318
 31
0.0
100
AcDbText
 73
     2
  0
LWPOLYLINE
  5
DEE
330
1F
100
AcDbEntity
  8
DONATI (BEYKENT)
100
AcDbPolyline
 90
        2
 70
     0
 43
0.0
 10
4186.119864952481
 20
1703.746267882314
 10
3872.11986503486
 20
1703.746267882317
  0
TEXT
  5
DEF
330
1F
100
AcDbEntity
  8
DONATI YAZISI (BEYKENT)
100
AcDbText
 10
3978.189408172053
 20
1708.746267882314
 30
0.0
 40
10.0
  1
13ø8/36 L=315
  7
DONATI YAZISI (BEYKENT)
 72
     1
 11
4009.382668144542
 21
1713.746267882314
 31
0.0
100
AcDbText
 73
     2
  0
LWPOLYLINE
  5
DF0
330
1F
100
AcDbEntity
  8
DONATI (BEYKENT)
100
AcDbPolyline
 90
       12
 70
     0
 43
0.0
 10
3745.61986503486
 20
1734.746267882318
 10
3946.877224347722
 20
1734.746267882318
 42
-0.198912367379658
 10
3948.998544691283
 20
1733.867588225876
 10
3953.241185378407
 20
1729.624947538759
 42
0.1989123673796705
 10
3955.362505721969
 20
1728.746267882317
 10
4102.877224347736
 20
1728.746267882325
 42
0.1989123673796454
 10
4104.998544691297
 20
1729.624947538767
 10
4109.241185378421
 20
1733.867588225883
 42
-0.1989123673796953
 10
4111.362505721984
 20
1734.746267882325
 10
4183.119864952481
 20
1734.746267882314
 42
-0.4142135623730531
 10
4186.119864952481
 20
1731.746267882314
 10
4186.119864952481
 20
1703.746267799935
  0
TEXT
  5
DF1
330
1F
100
AcDbEntity
  8
DONATI YAZISI (BEYKENT)
100
AcDbText
 10
3976.889545723635
 20
1733.746267882314
 30
0.0
 40
10.0
  1
13ø8/36 L=480
  7
DONATI YAZISI (BEYKENT)
 72
     1
 11
4009.382668144542
 21
1738.746267882314
 31
0.0
100
AcDbText
 73
     2
  0
LWPOLYLINE
  5
DF2
330
1F
100
AcDbEntity
  8
DONATI (BEYKENT)
100
AcDbPolyline
 90
        2
 70
     0
 43
0.0
 10
3961.619865034845
 20
1749.746267882317
 10
3746.61986503486
 20
1749.746267882317
  0
TEXT
  5
DF3
330
1F
100
AcDbEntity
  8
DONATI YAZISI (BEYKENT)
100
AcDbText
 10
3888.284010365261
 20
1754.746267882318
 30
0.0
 40
10.0
  1
15ø8/30 L=215
  7
DONATI YAZISI (BEYKENT)
 72
     1
 11
3919.779883817806
 21
1759.746267882318
 31
0.0
100
AcDbText
 73
     2
  0
LWPOLYLINE
  5
DF4
330
1F
100
AcDbEntity
  8
DONATI (BEYKENT)
100
AcDbPolyline
 90
        2
 70
     0
 43
0.0
 10
2076.11986503486
 20
1549.280700160027
 10
1887.119865040346
 20
1549.28070016003
  0
TEXT
  5
DF5
330
1F
100
AcDbEntity
  8
DONATI YAZISI (BEYKENT)
100
AcDbText
 10
1923.765809922137
 20
1554.280700160027
 30
0.0
 40
10.0
  1
9ø8/18 L=190
  7
DONATI YAZISI (BEYKENT)
 72
     1
 11
1952.238987363679
 21
1559.280700160027
 31
0.0
100
AcDbText
 73
     2
  0
LWPOLYLINE
  5
DF6
330
1F
100
AcDbEntity
  8
DONATI (BEYKENT)
100
AcDbPolyline
 90
        4
 70
     0
 43
0.0
 10
1887.119865040346
 20
1553.280700154544
 10
1887.119865040346
 20
1576.28070016003
 42
-0.4142135623731284
 10
1890.119865040346
 20
1579.28070016003
 10
2157.619890034861
 20
1579.280700160027
  0
TEXT
  5
DF7
330
1F
100
AcDbEntity
  8
DONATI YAZISI (BEYKENT)
100
AcDbText
 10
2069.589809107129
 20
1584.280700160026
 30
0.0
 40
10.0
  1
5ø8/30 L=300
  7
DONATI YAZISI (BEYKENT)
 72
     1
 11
2100.24661791043
 21
1589.280700160027
 31
0.0
100
AcDbText
 73
     2
  0
LWPOLYLINE
  5
DF8
330
1F
100
AcDbEntity
  8
DONATI (BEYKENT)
100
AcDbPolyline
 90
        2
 70
     0
 43
0.0
 10
2411.119865035602
 20
1559.28070016003
 10
2057.119865034845
 20
1559.280700160027
  0
TEXT
  5
DF9
330
1F
100
AcDbEntity
  8
DONATI YAZISI (BEYKENT)
100
AcDbText
 10
2203.542148391482
 20
1564.280700160027
 30
0.0
 40
10.0
  1
5ø8/20 L=355
  7
DONATI YAZISI (BEYKENT)
 72
     1
 11
2234.119865035224
 21
1569.280700160027
 31
0.0
100
AcDbText
 73
     2
  0
LWPOLYLINE
  5
DFA
330
1F
100
AcDbEntity
  8
DONATI (BEYKENT)
100
AcDbPolyline
 90
        4
 70
     0
 43
0.0
 10
2311.619940034864
 20
1579.28070016003
 10
2408.119865035602
 20
1579.28070016003
 42
-0.4142135623730951
 10
2411.119865035602
 20
1576.28070016003
 10
2411.119865035602
 20
1548.280600160768
  0
TEXT
  5
DFB
330
1F
100
AcDbEntity
  8
DONATI YAZISI (BEYKENT)
100
AcDbText
 10
2331.816945176223
 20
1584.28070016003
 30
0.0
 40
10.0
  1
3ø8/30 L=130
  7
DONATI YAZISI (BEYKENT)
 72
     1
 11
2361.369902535233
 21
1589.28070016003
 31
0.0
100
AcDbText
 73
     2
  0
LWPOLYLINE
  5
DFC
330
1F
100
AcDbEntity
  8
DONATI (BEYKENT)
100
AcDbPolyline
 90
        2
 70
     0
 43
0.0
 10
4061.119865058127
 20
1563.081246912869
 10
3537.11986503486
 20
1563.081246912869
  0
TEXT
  5
DFD
330
1F
100
AcDbEntity
  8
DONATI YAZISI (BEYKENT)
100
AcDbText
 10
3721.981237137335
 20
1568.081246912869
 30
0.0
 40
10.0
  1
7ø8/18 L=525
  7
DONATI YAZISI (BEYKENT)
 72
     1
 11
3751.444785968146
 21
1573.081246912868
 31
0.0
100
AcDbText
 73
     2
  0
LWPOLYLINE
  5
DFE
330
1F
100
AcDbEntity
  8
DONATI (BEYKENT)
100
AcDbPolyline
 90
        4
 70
     0
 43
0.0
 10
3917.119865034845
 20
1588.081246912872
 10
4058.119865058128
 20
1588.081246912868
 42
-0.4142135623730877
 10
4061.119865058127
 20
1585.081246912869
 10
4061.119865058127
 20
1557.081246936151
  0
TEXT
  5
DFF
330
1F
100
AcDbEntity
  8
DONATI YAZISI (BEYKENT)
100
AcDbText
 10
3959.65287742613
 20
1593.081246912872
 30
0.0
 40
10.0
  1
5ø8/30 L=175
  7
DONATI YAZISI (BEYKENT)
 72
     1
 11
3989.119865046486
 21
1598.081246912872
 31
0.0
100
AcDbText
 73
     2
  0
LWPOLYLINE
  5
E00
330
1F
100
AcDbEntity
  8
DONATI (BEYKENT)
100
AcDbPolyline
 90
        2
 70
     0
 43
0.0
 10
3556.11986503486
 20
1624.341697859035
 10
3352.11986503486
 20
1624.341697859035
  0
TEXT
  5
E01
330
1F
100
AcDbEntity
  8
DONATI YAZISI (BEYKENT)
100
AcDbText
 10
3421.520140138023
 20
1629.341697859036
 30
0.0
 40
10.0
  1
10ø8/20 L=205
  7
DONATI YAZISI (BEYKENT)
 72
     1
 11
3454.11986503486
 21
1634.341697859036
 31
0.0
100
AcDbText
 73
     2
  0
LWPOLYLINE
  5
E02
330
1F
100
AcDbEntity
  8
DONATI (BEYKENT)
100
AcDbPolyline
 90
        2
 70
     0
 43
0.0
 10
3679.61986503486
 20
1588.081246912868
 10
3494.86986503486
 20
1588.081246912868
  0
TEXT
  5
E03
330
1F
100
AcDbEntity
  8
DONATI YAZISI (BEYKENT)
100
AcDbText
 10
3557.75380588768
 20
1593.081246912869
 30
0.0
 40
10.0
  1
7ø8/30 L=185
  7
DONATI YAZISI (BEYKENT)
 72
     1
 11
3587.24486503486
 21
1598.081246912868
 31
0.0
100
AcDbText
 73
     2
  0
LWPOLYLINE
  5
E04
330
1F
100
AcDbEntity
  8
DONATI (BEYKENT)
100
AcDbPolyline
 90
        2
 70
     0
 43
0.0
 10
2076.11986503486
 20
1438.207910207547
 10
1887.119865040826
 20
1438.207910207547
  0
TEXT
  5
E05
330
1F
100
AcDbEntity
  8
DONATI YAZISI (BEYKENT)
100
AcDbText
 10
1924.826716432487
 20
1441.939472258527
 30
0.0
 40
10.0
  1
9ø8/18 L=190
  7
DONATI YAZISI (BEYKENT)
 72
     1
 11
1953.299893874027
 21
1446.939472258527
 31
0.0
100
AcDbText
 73
     2
  0
LWPOLYLINE
  5
E06
330
1F
100
AcDbEntity
  8
DONATI (BEYKENT)
100
AcDbPolyline
 90
        4
 70
     0
 43
0.0
 10
1887.119865040826
 20
1437.207910201581
 10
1887.119865040826
 20
1460.207910207548
 42
-0.4142135623730951
 10
1890.119865040826
 20
1463.207910207548
 10
2157.619890034861
 20
1463.207910207548
  0
TEXT
  5
E07
330
1F
100
AcDbEntity
  8
DONATI YAZISI (BEYKENT)
100
AcDbText
 10
1944.802237972123
 20
1468.207910207548
 30
0.0
 40
10.0
  1
5ø8/30 L=300
  7
DONATI YAZISI (BEYKENT)
 72
     1
 11
1975.459046775424
 21
1473.207910207548
 31
0.0
100
AcDbText
 73
     2
  0
LWPOLYLINE
  5
E08
330
1F
100
AcDbEntity
  8
DONATI (BEYKENT)
100
AcDbPolyline
 90
        2
 70
     0
 43
0.0
 10
2411.119865035602
 20
1448.207910207544
 10
2057.11986503486
 20
1448.207910207548
  0
TEXT
  5
E09
330
1F
100
AcDbEntity
  8
DONATI YAZISI (BEYKENT)
100
AcDbText
 10
2203.542148391496
 20
1453.207910207547
 30
0.0
 40
10.0
  1
5ø8/20 L=355
  7
DONATI YAZISI (BEYKENT)
 72
     1
 11
2234.119865035238
 21
1458.207910207548
 31
0.0
100
AcDbText
 73
     2
  0
LWPOLYLINE
  5
E0A
330
1F
100
AcDbEntity
  8
DONATI (BEYKENT)
100
AcDbPolyline
 90
        4
 70
     0
 43
0.0
 10
2311.619940034878
 20
1463.207910207548
 10
2408.119865035602
 20
1463.207910207544
 42
-0.4142135623730844
 10
2411.119865035602
 20
1460.207910207544
 10
2411.119865035602
 20
1432.207810208267
  0
TEXT
  5
E0B
330
1F
100
AcDbEntity
  8
DONATI YAZISI (BEYKENT)
100
AcDbText
 10
2331.816945176223
 20
1468.207910207544
 30
0.0
 40
10.0
  1
3ø8/30 L=130
  7
DONATI YAZISI (BEYKENT)
 72
     1
 11
2361.369902535233
 21
1473.207910207544
 31
0.0
100
AcDbText
 73
     2
  0
LWPOLYLINE
  5
E0C
330
1F
100
AcDbEntity
  8
DONATI (BEYKENT)
100
AcDbPolyline
 90
        2
 70
     0
 43
0.0
 10
2981.11986503486
 20
1458.330845339049
 10
2467.119865050169
 20
1458.330845339045
  0
TEXT
  5
E0D
330
1F
100
AcDbEntity
  8
DONATI YAZISI (BEYKENT)
100
AcDbText
 10
2694.419039733023
 20
1463.330845339045
 30
0.0
 40
10.0
  1
8ø8/20 L=515
  7
DONATI YAZISI (BEYKENT)
 72
     1
 11
2724.119865042514
 21
1468.330845339045
 31
0.0
100
AcDbText
 73
     2
  0
LWPOLYLINE
  5
E0E
330
1F
100
AcDbEntity
  8
DONATI (BEYKENT)
100
AcDbPolyline
 90
        2
 70
     0
 43
0.0
 10
3256.11986503486
 20
1448.330845339045
 10
2962.11986503486
 20
1448.330845339049
  0
TEXT
  5
E0F
330
1F
100
AcDbEntity
  8
DONATI YAZISI (BEYKENT)
100
AcDbText
 10
3076.723028721242
 20
1453.330845339045
 30
0.0
 40
10.0
  1
8ø10/20 L=295
  7
DONATI YAZISI (BEYKENT)
 72
     1
 11
3109.11986503486
 21
1458.330845339045
 31
0.0
100
AcDbText
 73
     2
  0
LWPOLYLINE
  5
E10
330
1F
100
AcDbEntity
  8
DONATI (BEYKENT)
100
AcDbPolyline
 90
        2
 70
     0
 43
0.0
 10
3048.61986503486
 20
1474.330845339049
 10
2833.619865038687
 20
1474.330845339049
  0
TEXT
  5
E11
330
1F
100
AcDbEntity
  8
DONATI YAZISI (BEYKENT)
100
AcDbText
 10
2986.13958188046
 20
1479.330845339049
 30
0.0
 40
10.0
  1
5ø8/30 L=215
  7
DONATI YAZISI (BEYKENT)
 72
     1
 11
3015.740682293115
 21
1484.330845339049
 31
0.0
100
AcDbText
 73
     2
  0
LWPOLYLINE
  5
E12
330
1F
100
AcDbEntity
  8
DONATI (BEYKENT)
100
AcDbPolyline
 90
        2
 70
     0
 43
0.0
 10
3556.11986503486
 20
1438.330845339045
 10
3237.119865034875
 20
1438.330845339045
  0
TEXT
  5
E13
330
1F
100
AcDbEntity
  8
DONATI YAZISI (BEYKENT)
100
AcDbText
 10
3366.454803136648
 20
1443.330845339045
 30
0.0
 40
10.0
  1
7ø8/36 L=320
  7
DONATI YAZISI (BEYKENT)
 72
     1
 11
3396.61986503486
 21
1448.330845339045
 31
0.0
100
AcDbText
 73
     2
  0
LWPOLYLINE
  5
E14
330
1F
100
AcDbEntity
  8
DONATI (BEYKENT)
100
AcDbPolyline
 90
       12
 70
     0
 43
0.0
 10
3170.619865034874
 20
1469.330845339045
 10
3312.877224347737
 20
1469.330845339045
 42
-0.198912367379658
 10
3314.998544691298
 20
1468.452165682603
 10
3319.241185378422
 20
1464.209524995487
 42
0.198912367379658
 10
3321.362505721984
 20
1463.330845339045
 10
3471.877224347736
 20
1463.330845339045
 42
0.198912367379658
 10
3473.998544691298
 20
1464.209524995487
 10
3478.241185378422
 20
1468.452165682603
 42
-0.198912367379658
 10
3480.362505721983
 20
1469.330845339045
 10
3553.11986503486
 20
1469.330845339045
 42
-0.4142135623730951
 10
3556.11986503486
 20
1466.330845339045
 10
3556.11986503486
 20
1439.330845339045
  0
TEXT
  5
E15
330
1F
100
AcDbEntity
  8
DONATI YAZISI (BEYKENT)
100
AcDbText
 10
3366.207210289331
 20
1468.330845339045
 30
0.0
 40
10.0
  1
7ø8/36 L=420
  7
DONATI YAZISI (BEYKENT)
 72
     1
 11
3396.61986503486
 21
1473.330845339045
 31
0.0
100
AcDbText
 73
     2
  0
LWPOLYLINE
  5
E16
330
1F
100
AcDbEntity
  8
DONATI (BEYKENT)
100
AcDbPolyline
 90
        2
 70
     0
 43
0.0
 10
2596.11986503486
 20
1237.907723579305
 10
2057.11986503486
 20
1237.907723579305
  0
TEXT
  5
E17
330
1F
100
AcDbEntity
  8
DONATI YAZISI (BEYKENT)
100
AcDbText
 10
2227.242935448271
 20
1242.907723579304
 30
0.0
 40
10.0
  1
6ø8/36 L=540
  7
DONATI YAZISI (BEYKENT)
 72
     1
 11
2257.741559932452
 21
1247.907723579305
 31
0.0
100
AcDbText
 73
     2
  0
LWPOLYLINE
  5
E18
330
1F
100
AcDbEntity
  8
DONATI (BEYKENT)
100
AcDbPolyline
 90
       10
 70
     0
 43
0.0
 10
1985.119865034859
 20
1268.907723579305
 10
2175.877224347736
 20
1268.907723579305
 42
-0.198912367379658
 10
2177.998544691298
 20
1268.029043922863
 10
2182.241185378421
 20
1263.786403235746
 42
0.198912367379658
 10
2184.362505721983
 20
1262.907723579305
 10
2463.877224347751
 20
1262.907723579305
 42
0.198912367379658
 10
2465.998544691313
 20
1263.786403235746
 10
2470.241185378436
 20
1268.029043922863
 42
-0.198912367379658
 10
2472.362505721998
 20
1268.907723579305
 10
2690.61986503486
 20
1268.907723579305
  0
TEXT
  5
E19
330
1F
100
AcDbEntity
  8
DONATI YAZISI (BEYKENT)
100
AcDbText
 10
2229.605383866427
 20
1267.907723579305
 30
0.0
 40
10.0
  1
6ø8/36 L=711
  7
DONATI YAZISI (BEYKENT)
 72
     1
 11
2257.741559932452
 21
1272.907723579305
 31
0.0
100
AcDbText
 73
     2
  0
LWPOLYLINE
  5
E1A
330
1F
100
AcDbEntity
  8
DONATI (BEYKENT)
100
AcDbPolyline
 90
        2
 70
     0
 43
0.0
 10
2076.11986503486
 20
959.0279966524976
 10
1762.119865030523
 20
959.027996652494
  0
TEXT
  5
E1B
330
1F
100
AcDbEntity
  8
DONATI YAZISI (BEYKENT)
100
AcDbText
 10
1887.902533533379
 20
964.0279966524941
 30
0.0
 40
10.0
  1
12ø8/36 L=315
  7
DONATI YAZISI (BEYKENT)
 72
     1
 11
1919.119865032691
 21
969.027996652494
 31
0.0
100
AcDbText
 73
     2
  0
LWPOLYLINE
  5
E1C
330
1F
100
AcDbEntity
  8
DONATI (BEYKENT)
100
AcDbPolyline
 90
       12
 70
     0
 43
0.0
 10
1762.119865030523
 20
959.0279966568305
 10
1762.119865030523
 20
987.027996652494
 42
-0.4142135623730951
 10
1765.119865030523
 20
990.0279966524941
 10
1836.877224347736
 20
990.0279966524941
 42
-0.198912367379658
 10
1838.998544691298
 20
989.1493169960522
 10
1843.241185378422
 20
984.9066763089359
 42
0.1989123673796644
 10
1845.362505721983
 20
984.027996652494
 10
1992.877224347736
 20
984.0279966524976
 42
0.1989123673796517
 10
1994.998544691298
 20
984.9066763089394
 10
1999.241185378421
 20
989.1493169960558
 42
-0.198912367379658
 10
2001.362505721983
 20
990.0279966524976
 10
2201.61986503486
 20
990.0279966524976
  0
TEXT
  5
E1D
330
1F
100
AcDbEntity
  8
DONATI YAZISI (BEYKENT)
100
AcDbText
 10
1886.864019090463
 20
989.0279966524941
 30
0.0
 40
10.0
  1
12ø8/36 L=475
  7
DONATI YAZISI (BEYKENT)
 72
     1
 11
1919.119865032691
 21
994.027996652494
 31
0.0
100
AcDbText
 73
     2
  0
LWPOLYLINE
  5
E1E
330
1F
100
AcDbEntity
  8
DONATI (BEYKENT)
100
AcDbPolyline
 90
        2
 70
     0
 43
0.0
 10
2201.61986503486
 20
1015.027996652497
 10
1986.61986503486
 20
1015.027996652497
  0
TEXT
  5
E1F
330
1F
100
AcDbEntity
  8
DONATI YAZISI (BEYKENT)
100
AcDbText
 10
2062.623991582315
 20
1020.027996652498
 30
0.0
 40
10.0
  1
15ø8/30 L=215
  7
DONATI YAZISI (BEYKENT)
 72
     1
 11
2094.11986503486
 21
1025.027996652497
 31
0.0
100
AcDbText
 73
     2
  0
LWPOLYLINE
  5
E20
330
1F
100
AcDbEntity
  8
DONATI (BEYKENT)
100
AcDbPolyline
 90
        2
 70
     0
 43
0.0
 10
2981.119864993576
 20
959.0279966524976
 10
2572.11986503486
 20
959.0279966524976
  0
TEXT
  5
E21
330
1F
100
AcDbEntity
  8
DONATI YAZISI (BEYKENT)
100
AcDbText
 10
2745.003633927568
 20
964.0279966524976
 30
0.0
 40
10.0
  1
19ø8/28 L=410
  7
DONATI YAZISI (BEYKENT)
 72
     1
 11
2776.619865014225
 21
969.0279966524977
 31
0.0
100
AcDbText
 73
     2
  0
LWPOLYLINE
  5
E22
330
1F
100
AcDbEntity
  8
DONATI (BEYKENT)
100
AcDbPolyline
 90
       12
 70
     0
 43
0.0
 10
2445.61986503486
 20
990.0279966524976
 10
2669.877224347722
 20
990.0279966524976
 42
-0.198912367379658
 10
2671.998544691283
 20
989.1493169960558
 10
2676.241185378407
 20
984.9066763089394
 42
0.1989123673796395
 10
2678.362505721969
 20
984.0279966524976
 10
2879.877224347736
 20
984.027996652483
 42
0.1989123673796765
 10
2881.998544691298
 20
984.9066763089249
 10
2886.241185378422
 20
989.1493169960412
 42
-0.1989123673796176
 10
2888.362505721984
 20
990.0279966524831
 10
2978.119864993576
 20
990.0279966524976
 42
-0.4142135623731403
 10
2981.119864993576
 20
987.0279966524977
 10
2981.119864993576
 20
959.0279966112138
  0
TEXT
  5
E23
330
1F
100
AcDbEntity
  8
DONATI YAZISI (BEYKENT)
100
AcDbText
 10
2744.384651809273
 20
989.0279966524976
 30
0.0
 40
10.0
  1
19ø8/28 L=570
  7
DONATI YAZISI (BEYKENT)
 72
     1
 11
2776.619865014225
 21
994.0279966524977
 31
0.0
100
AcDbText
 73
     2
  0
LWPOLYLINE
  5
E24
330
1F
100
AcDbEntity
  8
DONATI (BEYKENT)
100
AcDbPolyline
 90
        2
 70
     0
 43
0.0
 10
2690.619865034845
 20
1015.027996652497
 10
2445.11986503486
 20
1015.027996652497
  0
TEXT
  5
E25
330
1F
100
AcDbEntity
  8
DONATI YAZISI (BEYKENT)
100
AcDbText
 10
2592.358210676788
 20
1020.027996652498
 30
0.0
 40
10.0
  1
18ø8/30 L=245
  7
DONATI YAZISI (BEYKENT)
 72
     1
 11
2625.026711364546
 21
1025.027996652497
 31
0.0
100
AcDbText
 73
     2
  0
LWPOLYLINE
  5
E26
330
1F
100
AcDbEntity
  8
DONATI (BEYKENT)
100
AcDbPolyline
 90
        2
 70
     0
 43
0.0
 10
2076.11986503486
 20
767.7365174478
 10
1762.119865028413
 20
767.7365174478
  0
TEXT
  5
E27
330
1F
100
AcDbEntity
  8
DONATI YAZISI (BEYKENT)
100
AcDbText
 10
1889.494693092152
 20
772.7365174477999
 30
0.0
 40
10.0
  1
8ø8/20 L=315
  7
DONATI YAZISI (BEYKENT)
 72
     1
 11
1919.119865031629
 21
777.7365174478
 31
0.0
100
AcDbText
 73
     2
  0
LWPOLYLINE
  5
E28
330
1F
100
AcDbEntity
  8
DONATI (BEYKENT)
100
AcDbPolyline
 90
        2
 70
     0
 43
0.0
 10
2596.11986503486
 20
757.7365174478
 10
2057.11986503486
 20
757.7365174478
  0
TEXT
  5
E29
330
1F
100
AcDbEntity
  8
DONATI YAZISI (BEYKENT)
100
AcDbText
 10
2294.150814140774
 20
762.7365174478
 30
0.0
 40
10.0
  1
13ø8/36 L=540
  7
DONATI YAZISI (BEYKENT)
 72
     1
 11
2326.61986503486
 21
767.7365174478
 31
0.0
100
AcDbText
 73
     2
  0
LWPOLYLINE
  5
E2A
330
1F
100
AcDbEntity
  8
DONATI (BEYKENT)
100
AcDbPolyline
 90
       10
 70
     0
 43
0.0
 10
1980.119865033244
 20
788.7365174478
 10
2175.877224347736
 20
788.7365174478
 42
-0.198912367379658
 10
2177.998544691298
 20
787.8578377913582
 10
2182.241185378421
 20
783.6151971042418
 42
0.198912367379658
 10
2184.362505721983
 20
782.7365174478
 10
2463.877224347736
 20
782.7365174478
 42
0.198912367379658
 10
2465.998544691298
 20
783.6151971042418
 10
2470.241185378422
 20
787.8578377913582
 42
-0.198912367379658
 10
2472.362505721984
 20
788.7365174478
 10
2695.619865024179
 20
788.7365174478
  0
TEXT
  5
E2B
330
1F
100
AcDbEntity
  8
DONATI YAZISI (BEYKENT)
100
AcDbText
 10
2295.588228171036
 20
787.7365174478
 30
0.0
 40
10.0
  1
13ø8/36 L=721
  7
DONATI YAZISI (BEYKENT)
 72
     1
 11
2326.61986503486
 21
792.7365174478
 31
0.0
100
AcDbText
 73
     2
  0
LWPOLYLINE
  5
E2C
330
1F
100
AcDbEntity
  8
DONATI (BEYKENT)
100
AcDbPolyline
 90
        2
 70
     0
 43
0.0
 10
2203.61986503486
 20
807.7365174478
 10
1978.619865033244
 20
807.7365174478
  0
TEXT
  5
E2D
330
1F
100
AcDbEntity
  8
DONATI YAZISI (BEYKENT)
100
AcDbText
 10
2125.687728972176
 20
812.7365174477999
 30
0.0
 40
10.0
  1
5ø8/30 L=225
  7
DONATI YAZISI (BEYKENT)
 72
     1
 11
2156.213863772726
 21
817.7365174478
 31
0.0
100
AcDbText
 73
     2
  0
LWPOLYLINE
  5
E2E
330
1F
100
AcDbEntity
  8
DONATI (BEYKENT)
100
AcDbPolyline
 90
        2
 70
     0
 43
0.0
 10
2981.119864992106
 20
767.7365174478
 10
2572.11986503486
 20
767.7365174478
  0
TEXT
  5
E2F
330
1F
100
AcDbEntity
  8
DONATI YAZISI (BEYKENT)
100
AcDbText
 10
2746.695518383497
 20
772.7365174477999
 30
0.0
 40
10.0
  1
8ø8/20 L=410
  7
DONATI YAZISI (BEYKENT)
 72
     1
 11
2776.619865013483
 21
777.7365174478
 31
0.0
100
AcDbText
 73
     2
  0
LWPOLYLINE
  5
E30
330
1F
100
AcDbEntity
  8
DONATI (BEYKENT)
100
AcDbPolyline
 90
        2
 70
     0
 43
0.0
 10
2696.119865024179
 20
807.7365174478
 10
2445.61986503486
 20
807.7365174478
  0
TEXT
  5
E31
330
1F
100
AcDbEntity
  8
DONATI YAZISI (BEYKENT)
100
AcDbText
 10
2624.631411407881
 20
812.7365174477999
 30
0.0
 40
10.0
  1
5ø8/30 L=250
  7
DONATI YAZISI (BEYKENT)
 72
     1
 11
2655.260709894814
 21
817.7365174478
 31
0.0
100
AcDbText
 73
     2
  0
LWPOLYLINE
  5
E32
330
1F
100
AcDbEntity
  8
DONATI (BEYKENT)
100
AcDbPolyline
 90
        2
 70
     0
 43
0.0
 10
2646.119865032007
 20
694.1746214900158
 10
2007.119865022563
 20
694.1746212364559
  0
TEXT
  5
E33
330
1F
100
AcDbEntity
  8
DONATI YAZISI (BEYKENT)
100
AcDbText
 10
2325.254879785188
 20
699.1746212344623
 30
0.0
 40
10.0
  1
3ø8/20 L=100
  7
DONATI YAZISI (BEYKENT)
 72
     1
 11
2354.959143884225
 21
704.1746212344624
 31
0.0
100
AcDbText
 73
     2
  0
LWPOLYLINE
  5
E34
330
1F
100
AcDbEntity
  8
DONATI (BEYKENT)
100
AcDbPolyline
 90
        2
 70
     0
 43
0.0
 10
2029.516784836007
 20
891.0739597796782
 10
2029.516784836007
 20
722.0739602945832
  0
TEXT
  5
E35
330
1F
100
AcDbEntity
  8
DONATI YAZISI (BEYKENT)
100
AcDbText
 10
2024.516784836007
 20
775.1365460068694
 30
0.0
 40
10.0
  1
15ø8/20 L=170
 50
90.0
  7
DONATI YAZISI (BEYKENT)
 72
     1
 11
2019.516784836007
 21
806.5739600371307
 31
0.0
100
AcDbText
 73
     2
  0
LWPOLYLINE
  5
E36
330
1F
100
AcDbEntity
  8
DONATI (BEYKENT)
100
AcDbPolyline
 90
        4
 70
     0
 43
0.0
 10
2000.516784836007
 20
722.0739602945832
 10
1997.516784836007
 20
722.0739602945832
 42
-0.4142135623730951
 10
1994.516784836007
 20
725.0739602945832
 10
1994.516784836007
 20
1001.573959779678
  0
TEXT
  5
E37
330
1F
100
AcDbEntity
  8
DONATI YAZISI (BEYKENT)
100
AcDbText
 10
1989.516784836007
 20
772.0106863094829
 30
0.0
 40
10.0
  1
15ø14/20 L=285
 50
90.0
  7
DONATI YAZISI (BEYKENT)
 72
     1
 11
1984.516784836007
 21
806.5739600371307
 31
0.0
100
AcDbText
 73
     2
  0
LWPOLYLINE
  5
E38
330
1F
100
AcDbEntity
  8
DONATI (BEYKENT)
100
AcDbPolyline
 90
        2
 70
     0
 43
0.0
 10
2039.516784835992
 20
1346.073959779671
 10
2039.516784836007
 20
872.0739597796782
  0
TEXT
  5
E39
330
1F
100
AcDbEntity
  8
DONATI YAZISI (BEYKENT)
100
AcDbText
 10
2034.516784836007
 20
1078.637233507322
 30
0.0
 40
10.0
  1
8ø8/36 L=475
 50
90.0
  7
DONATI YAZISI (BEYKENT)
 72
     1
 11
2029.516784836007
 21
1109.073959779674
 31
0.0
100
AcDbText
 73
     2
  0
LWPOLYLINE
  5
E3A
330
1F
100
AcDbEntity
  8
DONATI (BEYKENT)
100
AcDbPolyline
 90
       10
 70
     0
 43
0.0
 10
2008.516784836007
 20
830.3239599084045
 10
2008.516784836007
 20
978.8313190925583
 42
-0.198912367379658
 10
2009.395464492445
 20
980.9526394361201
 10
2013.638105179569
 20
985.1952801232364
 42
0.1989123673796733
 10
2014.516784836007
 20
987.3166004667982
 10
2014.516784835993
 20
1230.831319092554
 42
0.1989123673796425
 10
2013.638105179554
 20
1232.952639436116
 10
2009.395464492431
 20
1237.195280123233
 42
-0.198912367379658
 10
2008.516784835993
 20
1239.316600466795
 10
2008.516784835993
 20
1386.823984779672
  0
TEXT
  5
E3B
330
1F
100
AcDbEntity
  8
DONATI YAZISI (BEYKENT)
100
AcDbText
 10
2009.516784836007
 20
1078.774785089166
 30
0.0
 40
10.0
  1
8ø8/36 L=565
 50
90.0
  7
DONATI YAZISI (BEYKENT)
 72
     1
 11
2004.516784836007
 21
1109.073959779674
 31
0.0
100
AcDbText
 73
     2
  0
LWPOLYLINE
  5
E3C
330
1F
100
AcDbEntity
  8
DONATI (BEYKENT)
100
AcDbPolyline
 90
        2
 70
     0
 43
0.0
 10
2029.516784835992
 20
1521.074059779676
 10
2029.516784835992
 20
1327.073959779675
  0
TEXT
  5
E3D
330
1F
100
AcDbEntity
  8
DONATI YAZISI (BEYKENT)
100
AcDbText
 10
2024.516784835992
 20
1395.477035914477
 30
0.0
 40
10.0
  1
8ø8/18 L=195
 50
90.0
  7
DONATI YAZISI (BEYKENT)
 72
     1
 11
2019.516784835992
 21
1424.074009779677
 31
0.0
100
AcDbText
 73
     2
  0
LWPOLYLINE
  5
E3E
330
1F
100
AcDbEntity
  8
DONATI (BEYKENT)
100
AcDbPolyline
 90
        2
 70
     0
 43
0.0
 10
1989.516784835992
 20
1385.823984779672
 10
1989.516784835992
 20
1216.073959779675
  0
TEXT
  5
E3F
330
1F
100
AcDbEntity
  8
DONATI YAZISI (BEYKENT)
100
AcDbText
 10
1984.516784835992
 20
1237.996266106418
 30
0.0
 40
10.0
  1
5ø8/30 L=170
 50
90.0
  7
DONATI YAZISI (BEYKENT)
 72
     1
 11
1979.516784835992
 21
1267.514835569967
 31
0.0
100
AcDbText
 73
     2
  0
LWPOLYLINE
  5
E40
330
1F
100
AcDbEntity
  8
DONATI (BEYKENT)
100
AcDbPolyline
 90
        2
 70
     0
 43
0.0
 10
2019.516784835992
 20
1691.073959779674
 10
2019.516784835992
 20
1497.074059779676
  0
TEXT
  5
E41
330
1F
100
AcDbEntity
  8
DONATI YAZISI (BEYKENT)
100
AcDbText
 10
2014.516784835993
 20
1569.010598754091
 30
0.0
 40
10.0
  1
8ø8/18 L=195
 50
90.0
  7
DONATI YAZISI (BEYKENT)
 72
     1
 11
2009.516784835993
 21
1597.60757261929
 31
0.0
100
AcDbText
 73
     2
  0
LWPOLYLINE
  5
E42
330
1F
100
AcDbEntity
  8
DONATI (BEYKENT)
100
AcDbPolyline
 90
        2
 70
     0
 43
0.0
 10
2029.516784836007
 20
2146.073959779675
 10
2029.516784835992
 20
1672.073959779674
  0
TEXT
  5
E43
330
1F
100
AcDbEntity
  8
DONATI YAZISI (BEYKENT)
100
AcDbText
 10
2024.516784835992
 20
1921.493662984923
 30
0.0
 40
10.0
  1
8ø8/36 L=475
 50
90.0
  7
DONATI YAZISI (BEYKENT)
 72
     1
 11
2019.516784835992
 21
1951.930389257275
 31
0.0
100
AcDbText
 73
     2
  0
LWPOLYLINE
  5
E44
330
1F
100
AcDbEntity
  8
DONATI (BEYKENT)
100
AcDbPolyline
 90
       10
 70
     0
 43
0.0
 10
1998.516784835992
 20
1631.323984779676
 10
1998.516784835992
 20
1778.831319092554
 42
-0.198912367379658
 10
1999.395464492431
 20
1780.952639436116
 10
2003.638105179554
 20
1785.195280123233
 42
0.1989123673796425
 10
2004.516784835992
 20
1787.316600466795
 10
2004.516784836007
 20
2030.831319092555
 42
0.1989123673796733
 10
2003.638105179569
 20
2032.952639436116
 10
1999.395464492445
 20
2037.195280123233
 42
-0.198912367379658
 10
1998.516784836007
 20
2039.316600466795
 10
1998.516784836007
 20
2187.823959907754
  0
TEXT
  5
E45
330
1F
100
AcDbEntity
  8
DONATI YAZISI (BEYKENT)
100
AcDbText
 10
1999.516784835992
 20
1921.631214566766
 30
0.0
 40
10.0
  1
8ø8/36 L=565
 50
90.0
  7
DONATI YAZISI (BEYKENT)
 72
     1
 11
1994.516784835992
 21
1951.930389257275
 31
0.0
100
AcDbText
 73
     2
  0
LWPOLYLINE
  5
E46
330
1F
100
AcDbEntity
  8
DONATI (BEYKENT)
100
AcDbPolyline
 90
        2
 70
     0
 43
0.0
 10
1983.516784835993
 20
1802.073959779675
 10
1983.516784835993
 20
1632.323984779676
  0
TEXT
  5
E47
330
1F
100
AcDbEntity
  8
DONATI YAZISI (BEYKENT)
100
AcDbText
 10
1978.516784835992
 20
1723.324209856033
 30
0.0
 40
10.0
  1
9ø8/30 L=170
 50
90.0
  7
DONATI YAZISI (BEYKENT)
 72
     1
 11
1973.516784835992
 21
1752.691472579554
 31
0.0
100
AcDbText
 73
     2
  0
LWPOLYLINE
  5
E48
330
1F
100
AcDbEntity
  8
DONATI (BEYKENT)
100
AcDbPolyline
 90
        2
 70
     0
 43
0.0
 10
2019.516784835992
 20
2296.073960291993
 10
2019.516784836007
 20
2127.073959779675
  0
TEXT
  5
E49
330
1F
100
AcDbEntity
  8
DONATI YAZISI (BEYKENT)
100
AcDbText
 10
2014.516784836007
 20
2211.857158842718
 30
0.0
 40
10.0
  1
15ø8/20 L=170
 50
90.0
  7
DONATI YAZISI (BEYKENT)
 72
     1
 11
2009.516784836007
 21
2243.294572872979
 31
0.0
100
AcDbText
 73
     2
  0
LWPOLYLINE
  5
E4A
330
1F
100
AcDbEntity
  8
DONATI (BEYKENT)
100
AcDbPolyline
 90
        4
 70
     0
 43
0.0
 10
1989.516784836007
 20
2012.573959779675
 10
1989.516784835992
 20
2293.073960291993
 42
-0.4142135623731102
 10
1992.516784835992
 20
2296.073960291993
 10
1995.516784835992
 20
2296.073960291993
  0
TEXT
  5
E4B
330
1F
100
AcDbEntity
  8
DONATI YAZISI (BEYKENT)
100
AcDbText
 10
1984.516784836007
 20
2208.85509556899
 30
0.0
 40
10.0
  1
15ø14/20 L=290
 50
90.0
  7
DONATI YAZISI (BEYKENT)
 72
     1
 11
1979.516784836007
 21
2243.294572872979
 31
0.0
100
AcDbText
 73
     2
  0
LWPOLYLINE
  5
E4C
330
1F
100
AcDbEntity
  8
DONATI (BEYKENT)
100
AcDbPolyline
 90
        2
 70
     0
 43
0.0
 10
2344.328198368188
 20
1521.074059779676
 10
2344.328198368188
 20
1197.073959779674
  0
TEXT
  5
E4D
330
1F
100
AcDbEntity
  8
DONATI YAZISI (BEYKENT)
100
AcDbText
 10
2339.328198368188
 20
1326.828480206087
 30
0.0
 40
10.0
  1
10ø8/36 L=325
 50
90.0
  7
DONATI YAZISI (BEYKENT)
 72
     1
 11
2334.328198368188
 21
1359.074009779677
 31
0.0
100
AcDbText
 73
     2
  0
LWPOLYLINE
  5
E4E
330
1F
100
AcDbEntity
  8
DONATI (BEYKENT)
100
AcDbPolyline
 90
       10
 70
     0
 43
0.0
 10
2313.328198368188
 20
1082.323959779674
 10
2313.328198368188
 20
1272.831339092554
 42
-0.198912367379658
 10
2314.206878024626
 20
1274.952659436116
 10
2318.44951871175
 20
1279.195300123232
 42
0.198912367379658
 10
2319.328198368188
 20
1281.316620466794
 10
2319.328198368188
 20
1431.831399092552
 42
0.198912367379658
 10
2318.44951871175
 20
1433.952719436114
 10
2314.206878024626
 20
1438.195360123231
 42
-0.198912367379658
 10
2313.328198368188
 20
1440.316680466792
 10
2313.328198368188
 20
1593.324034779678
  0
TEXT
  5
E4F
330
1F
100
AcDbEntity
  8
DONATI YAZISI (BEYKENT)
100
AcDbText
 10
2314.328198368188
 20
1327.677861223969
 30
0.0
 40
10.0
  1
10ø8/36 L=515
 50
90.0
  7
DONATI YAZISI (BEYKENT)
 72
     1
 11
2309.328198368188
 21
1359.074009779677
 31
0.0
100
AcDbText
 73
     2
  0
LWPOLYLINE
  5
E50
330
1F
100
AcDbEntity
  8
DONATI (BEYKENT)
100
AcDbPolyline
 90
        2
 70
     0
 43
0.0
 10
2288.328198368188
 20
1287.823984779676
 10
2288.328198368188
 20
1082.823959779674
  0
TEXT
  5
E51
330
1F
100
AcDbEntity
  8
DONATI YAZISI (BEYKENT)
100
AcDbText
 10
2283.328198368188
 20
1153.776516983939
 30
0.0
 40
10.0
  1
11ø8/30 L=205
 50
90.0
  7
DONATI YAZISI (BEYKENT)
 72
     1
 11
2278.328198368188
 21
1185.323972279675
 31
0.0
100
AcDbText
 73
     2
  0
LWPOLYLINE
  5
E52
330
1F
100
AcDbEntity
  8
DONATI (BEYKENT)
100
AcDbPolyline
 90
        2
 70
     0
 43
0.0
 10
2354.328198368188
 20
1821.073959779674
 10
2354.328198368188
 20
1497.074059779672
  0
TEXT
  5
E53
330
1F
100
AcDbEntity
  8
DONATI YAZISI (BEYKENT)
100
AcDbText
 10
2349.328198368188
 20
1626.828480206083
 30
0.0
 40
10.0
  1
10ø8/36 L=325
 50
90.0
  7
DONATI YAZISI (BEYKENT)
 72
     1
 11
2344.328198368188
 21
1659.074009779673
 31
0.0
100
AcDbText
 73
     2
  0
LWPOLYLINE
  5
E54
330
1F
100
AcDbEntity
  8
DONATI (BEYKENT)
100
AcDbPolyline
 90
       10
 70
     0
 43
0.0
 10
2323.328198368188
 20
1424.324034779671
 10
2323.328198368188
 20
1577.831399092556
 42
-0.198912367379658
 10
2324.206878024626
 20
1579.952719436118
 10
2328.44951871175
 20
1584.195360123234
 42
0.198912367379658
 10
2329.328198368188
 20
1586.316680466796
 10
2329.328198368188
 20
1736.831339092558
 42
0.198912367379658
 10
2328.44951871175
 20
1738.95265943612
 10
2324.206878024626
 20
1743.195300123236
 42
-0.198912367379658
 10
2323.328198368188
 20
1745.316620466797
 10
2323.328198368188
 20
1935.073959779674
  0
TEXT
  5
E55
330
1F
100
AcDbEntity
  8
DONATI YAZISI (BEYKENT)
100
AcDbText
 10
2324.328198368188
 20
1627.677861223965
 30
0.0
 40
10.0
  1
10ø8/36 L=515
 50
90.0
  7
DONATI YAZISI (BEYKENT)
 72
     1
 11
2319.328198368188
 21
1659.074009779673
 31
0.0
100
AcDbText
 73
     2
  0
LWPOLYLINE
  5
E56
330
1F
100
AcDbEntity
  8
DONATI (BEYKENT)
100
AcDbPolyline
 90
        2
 70
     0
 43
0.0
 10
2303.328198368188
 20
1934.573959779674
 10
2303.328198368188
 20
1729.823984779676
  0
TEXT
  5
E57
330
1F
100
AcDbEntity
  8
DONATI YAZISI (BEYKENT)
100
AcDbText
 10
2298.328198368188
 20
1800.651516983939
 30
0.0
 40
10.0
  1
11ø8/30 L=205
 50
90.0
  7
DONATI YAZISI (BEYKENT)
 72
     1
 11
2293.328198368188
 21
1832.198972279675
 31
0.0
100
AcDbText
 73
     2
  0
LWPOLYLINE
  5
E58
330
1F
100
AcDbEntity
  8
DONATI (BEYKENT)
100
AcDbPolyline
 90
        6
 70
     0
 43
0.0
 10
2514.28614103204
 20
746.0739597796746
 10
2514.28614103204
 20
675.0739597372739
 42
-0.4142135623730951
 10
2511.28614103204
 20
672.0739597372739
 10
2511.28614103204
 20
672.0739597372739
 42
-0.4142135623730951
 10
2508.28614103204
 20
675.0739597372739
 10
2508.28614103204
 20
862.3239597796747
  0
TEXT
  5
E59
330
1F
100
AcDbEntity
  8
DONATI YAZISI (BEYKENT)
100
AcDbText
 10
2503.28614103204
 20
725.5585161694205
 30
0.0
 40
10.0
  1
28ø8/20 L=218
 50
90.0
  7
DONATI YAZISI (BEYKENT)
 72
     1
 11
2498.28614103204
 21
758.0516385903283
 31
0.0
100
AcDbText
 73
     2
  0
LWPOLYLINE
  5
E5A
330
1F
100
AcDbEntity
  8
DONATI (BEYKENT)
100
AcDbPolyline
 90
        2
 70
     0
 43
0.0
 10
2553.286141032026
 20
1216.073959779678
 10
2553.286141032041
 20
722.0739597796709
  0
TEXT
  5
E5B
330
1F
100
AcDbEntity
  8
DONATI YAZISI (BEYKENT)
100
AcDbText
 10
2548.28614103204
 20
936.5602046214902
 30
0.0
 40
10.0
  1
14ø8/36 L=495
 50
90.0
  7
DONATI YAZISI (BEYKENT)
 72
     1
 11
2543.28614103204
 21
969.0739597796746
 31
0.0
100
AcDbText
 73
     2
  0
LWPOLYLINE
  5
E5C
330
1F
100
AcDbEntity
  8
DONATI (BEYKENT)
100
AcDbPolyline
 90
       10
 70
     0
 43
0.0
 10
2522.28614103204
 20
711.3239597690736
 10
2522.28614103204
 20
836.8313190925546
 42
-0.198912367379658
 10
2523.164820688478
 20
838.9526394361164
 10
2527.407461375602
 20
843.1952801232327
 42
0.1989123673796728
 10
2528.286141032041
 20
845.3166004667945
 10
2528.286141032026
 20
1097.831319092554
 42
0.1989123673796431
 10
2527.407461375588
 20
1099.952639436116
 10
2523.164820688464
 20
1104.195280123233
 42
-0.198912367379658
 10
2522.286141032026
 20
1106.316600466795
 10
2522.286141032026
 20
1267.073959779678
  0
TEXT
  5
E5D
330
1F
100
AcDbEntity
  8
DONATI YAZISI (BEYKENT)
100
AcDbText
 10
2523.28614103204
 20
936.680562255603
 30
0.0
 40
10.0
  1
14ø8/36 L=560
 50
90.0
  7
DONATI YAZISI (BEYKENT)
 72
     1
 11
2518.28614103204
 21
969.0739597796746
 31
0.0
100
AcDbText
 73
     2
  0
LWPOLYLINE
  5
E5E
330
1F
100
AcDbEntity
  8
DONATI (BEYKENT)
100
AcDbPolyline
 90
        2
 70
     0
 43
0.0
 10
2543.28614103204
 20
1431.073959779671
 10
2543.286141032026
 20
1197.073959779674
  0
TEXT
  5
E5F
330
1F
100
AcDbEntity
  8
DONATI YAZISI (BEYKENT)
100
AcDbText
 10
2538.28614103204
 20
1284.651676423416
 30
0.0
 40
10.0
  1
9ø8/18 L=235
 50
90.0
  7
DONATI YAZISI (BEYKENT)
 72
     1
 11
2533.28614103204
 21
1314.073959779675
 31
0.0
100
AcDbText
 73
     2
  0
LWPOLYLINE
  5
E60
330
1F
100
AcDbEntity
  8
DONATI (BEYKENT)
100
AcDbPolyline
 90
        2
 70
     0
 43
0.0
 10
2503.286141032026
 20
1267.073959779678
 10
2503.286141032026
 20
1082.323959779674
  0
TEXT
  5
E61
330
1F
100
AcDbEntity
  8
DONATI YAZISI (BEYKENT)
100
AcDbText
 10
2498.286141032026
 20
1145.173512737033
 30
0.0
 40
10.0
  1
6ø8/30 L=185
 50
90.0
  7
DONATI YAZISI (BEYKENT)
 72
     1
 11
2493.286141032026
 21
1174.698959779674
 31
0.0
100
AcDbText
 73
     2
  0
LWPOLYLINE
  5
E62
330
1F
100
AcDbEntity
  8
DONATI (BEYKENT)
100
AcDbPolyline
 90
        2
 70
     0
 43
0.0
 10
2523.28614103204
 20
1471.573959779674
 10
2523.28614103204
 20
1361.573959779678
  0
TEXT
  5
E63
330
1F
100
AcDbEntity
  8
DONATI YAZISI (BEYKENT)
100
AcDbText
 10
2518.28614103204
 20
1387.887577386277
 30
0.0
 40
10.0
  1
7ø8/24 L=110
 50
90.0
  7
DONATI YAZISI (BEYKENT)
 72
     1
 11
2513.28614103204
 21
1416.573959779674
 31
0.0
100
AcDbText
 73
     2
  0
LWPOLYLINE
  5
E64
330
1F
100
AcDbEntity
  8
DONATI (BEYKENT)
100
AcDbPolyline
 90
        2
 70
     0
 43
0.0
 10
2543.286141032026
 20
1821.073959779674
 10
2543.28614103204
 20
1587.073959779671
  0
TEXT
  5
E65
330
1F
100
AcDbEntity
  8
DONATI YAZISI (BEYKENT)
100
AcDbText
 10
2538.28614103204
 20
1674.651676423416
 30
0.0
 40
10.0
  1
9ø8/18 L=235
 50
90.0
  7
DONATI YAZISI (BEYKENT)
 72
     1
 11
2533.28614103204
 21
1704.073959779675
 31
0.0
100
AcDbText
 73
     2
  0
LWPOLYLINE
  5
E66
330
1F
100
AcDbEntity
  8
DONATI (BEYKENT)
100
AcDbPolyline
 90
        2
 70
     0
 43
0.0
 10
2523.28614103204
 20
1656.573959779671
 10
2523.28614103204
 20
1546.573959779667
  0
TEXT
  5
E67
330
1F
100
AcDbEntity
  8
DONATI YAZISI (BEYKENT)
100
AcDbText
 10
2518.28614103204
 20
1572.88757738627
 30
0.0
 40
10.0
  1
7ø8/24 L=110
 50
90.0
  7
DONATI YAZISI (BEYKENT)
 72
     1
 11
2513.28614103204
 21
1601.573959779667
 31
0.0
100
AcDbText
 73
     2
  0
LWPOLYLINE
  5
E68
330
1F
100
AcDbEntity
  8
DONATI (BEYKENT)
100
AcDbPolyline
 90
        2
 70
     0
 43
0.0
 10
2553.286141032041
 20
2296.073959779675
 10
2553.286141032026
 20
1802.073959779675
  0
TEXT
  5
E69
330
1F
100
AcDbEntity
  8
DONATI YAZISI (BEYKENT)
100
AcDbText
 10
2548.28614103204
 20
2016.56020462149
 30
0.0
 40
10.0
  1
14ø8/36 L=495
 50
90.0
  7
DONATI YAZISI (BEYKENT)
 72
     1
 11
2543.28614103204
 21
2049.073959779675
 31
0.0
100
AcDbText
 73
     2
  0
LWPOLYLINE
  5
E6A
330
1F
100
AcDbEntity
  8
DONATI (BEYKENT)
100
AcDbPolyline
 90
       10
 70
     0
 43
0.0
 10
2522.286141032026
 20
1751.073959779674
 10
2522.286141032026
 20
1910.831319092554
 42
-0.198912367379658
 10
2523.164820688464
 20
1912.952639436116
 10
2527.407461375588
 20
1917.195280123233
 42
0.198912367379643
 10
2528.286141032026
 20
1919.316600466794
 10
2528.286141032041
 20
2168.831319092551
 42
0.1989123673796731
 10
2527.407461375602
 20
2170.952639436113
 10
2523.164820688478
 20
2175.195280123229
 42
-0.198912367379658
 10
2522.28614103204
 20
2177.316600466791
 10
2522.28614103204
 20
2306.823959792117
  0
TEXT
  5
E6B
330
1F
100
AcDbEntity
  8
DONATI YAZISI (BEYKENT)
100
AcDbText
 10
2523.28614103204
 20
2016.680562255603
 30
0.0
 40
10.0
  1
14ø8/36 L=560
 50
90.0
  7
DONATI YAZISI (BEYKENT)
 72
     1
 11
2518.28614103204
 21
2049.073959779675
 31
0.0
100
AcDbText
 73
     2
  0
LWPOLYLINE
  5
E6C
330
1F
100
AcDbEntity
  8
DONATI (BEYKENT)
100
AcDbPolyline
 90
        2
 70
     0
 43
0.0
 10
2507.286141032011
 20
1935.073959779674
 10
2507.286141032026
 20
1750.573959779675
  0
TEXT
  5
E6D
330
1F
100
AcDbEntity
  8
DONATI YAZISI (BEYKENT)
100
AcDbText
 10
2502.286141032026
 20
1813.298512737033
 30
0.0
 40
10.0
  1
6ø8/30 L=185
 50
90.0
  7
DONATI YAZISI (BEYKENT)
 72
     1
 11
2497.286141032026
 21
1842.823959779675
 31
0.0
100
AcDbText
 73
     2
  0
LWPOLYLINE
  5
E6E
330
1F
100
AcDbEntity
  8
DONATI (BEYKENT)
100
AcDbPolyline
 90
        6
 70
     0
 43
0.0
 10
2508.28614103204
 20
2151.073959779671
 10
2508.28614103204
 20
2343.073959829446
 42
-0.4142135623730951
 10
2511.28614103204
 20
2346.073959829446
 10
2511.28614103204
 20
2346.073959829446
 42
-0.4142135623730951
 10
2514.28614103204
 20
2343.073959829446
 10
2514.28614103204
 20
2267.073959779671
  0
TEXT
  5
E6F
330
1F
100
AcDbEntity
  8
DONATI YAZISI (BEYKENT)
100
AcDbText
 10
2503.28614103204
 20
2188.163548718221
 30
0.0
 40
10.0
  1
26ø8/20 L=228
 50
90.0
  7
DONATI YAZISI (BEYKENT)
 72
     1
 11
2498.28614103204
 21
2221.406327260174
 31
0.0
100
AcDbText
 73
     2
  0
LWPOLYLINE
  5
E70
330
1F
100
AcDbEntity
  8
DONATI (BEYKENT)
100
AcDbPolyline
 90
        2
 70
     0
 43
0.0
 10
2932.269274370258
 20
1431.073959779675
 10
2932.269274370272
 20
872.0739597796747
  0
TEXT
  5
E71
330
1F
100
AcDbEntity
  8
DONATI YAZISI (BEYKENT)
100
AcDbText
 10
2927.269274370272
 20
1119.300919889716
 30
0.0
 40
10.0
  1
10ø8/36 L=560
 50
90.0
  7
DONATI YAZISI (BEYKENT)
 72
     1
 11
2922.269274370272
 21
1151.573959779675
 31
0.0
100
AcDbText
 73
     2
  0
LWPOLYLINE
  5
E72
330
1F
100
AcDbEntity
  8
DONATI (BEYKENT)
100
AcDbPolyline
 90
       10
 70
     0
 43
0.0
 10
2901.269274370272
 20
831.3239599045264
 10
2901.269274370287
 20
995.8313190925546
 42
-0.1989123673796351
 10
2902.147954026725
 20
997.9526394361164
 10
2906.390594713848
 20
1002.195280123233
 42
0.1989123673796834
 10
2907.269274370287
 20
1004.316600466794
 10
2907.269274370257
 20
1298.831319092555
 42
0.1989123673796325
 10
2906.390594713819
 20
1300.952639436116
 10
2902.147954026696
 20
1305.195280123233
 42
-0.198912367379658
 10
2901.269274370257
 20
1307.316600466794
 10
2901.269274370257
 20
1472.073959779675
  0
TEXT
  5
E73
330
1F
100
AcDbEntity
  8
DONATI YAZISI (BEYKENT)
100
AcDbText
 10
2902.269274370272
 20
1119.180562255603
 30
0.0
 40
10.0
  1
10ø8/36 L=645
 50
90.0
  7
DONATI YAZISI (BEYKENT)
 72
     1
 11
2897.269274370272
 21
1151.573959779675
 31
0.0
100
AcDbText
 73
     2
  0
LWPOLYLINE
  5
E74
330
1F
100
AcDbEntity
  8
DONATI (BEYKENT)
100
AcDbPolyline
 90
        2
 70
     0
 43
0.0
 10
2922.269274370258
 20
1606.073959779674
 10
2922.269274370258
 20
1412.073959779674
  0
TEXT
  5
E75
330
1F
100
AcDbEntity
  8
DONATI YAZISI (BEYKENT)
100
AcDbText
 10
2917.269274370257
 20
1477.65717848669
 30
0.0
 40
10.0
  1
28ø8/18 L=195
 50
90.0
  7
DONATI YAZISI (BEYKENT)
 72
     1
 11
2912.269274370257
 21
1509.073959779675
 31
0.0
100
AcDbText
 73
     2
  0
LWPOLYLINE
  5
E76
330
1F
100
AcDbEntity
  8
DONATI (BEYKENT)
100
AcDbPolyline
 90
        2
 70
     0
 43
0.0
 10
2887.269274370257
 20
1473.573959779674
 10
2887.269274370257
 20
1278.323959779674
  0
TEXT
  5
E77
330
1F
100
AcDbEntity
  8
DONATI YAZISI (BEYKENT)
100
AcDbText
 10
2882.269274370258
 20
1344.62846459398
 30
0.0
 40
10.0
  1
13ø8/30 L=195
 50
90.0
  7
DONATI YAZISI (BEYKENT)
 72
     1
 11
2877.269274370258
 21
1375.948959779674
 31
0.0
100
AcDbText
 73
     2
  0
LWPOLYLINE
  5
E78
330
1F
100
AcDbEntity
  8
DONATI (BEYKENT)
100
AcDbPolyline
 90
        2
 70
     0
 43
0.0
 10
2932.269274370258
 20
2146.073959779675
 10
2932.269274370258
 20
1587.073959779674
  0
TEXT
  5
E79
330
1F
100
AcDbEntity
  8
DONATI YAZISI (BEYKENT)
100
AcDbText
 10
2927.269274370257
 20
1834.300919889716
 30
0.0
 40
10.0
  1
10ø8/36 L=560
 50
90.0
  7
DONATI YAZISI (BEYKENT)
 72
     1
 11
2922.269274370258
 21
1866.573959779675
 31
0.0
100
AcDbText
 73
     2
  0
LWPOLYLINE
  5
E7A
330
1F
100
AcDbEntity
  8
DONATI (BEYKENT)
100
AcDbPolyline
 90
       10
 70
     0
 43
0.0
 10
2901.269274370257
 20
1544.573959779675
 10
2901.269274370257
 20
1710.831319092554
 42
-0.198912367379658
 10
2902.147954026696
 20
1712.952639436116
 10
2906.390594713819
 20
1717.195280123233
 42
0.198912367379658
 10
2907.269274370257
 20
1719.316600466795
 10
2907.269274370257
 20
2013.831319092555
 42
0.198912367379658
 10
2906.390594713819
 20
2015.952639436116
 10
2902.147954026696
 20
2020.195280123233
 42
-0.198912367379658
 10
2901.269274370257
 20
2022.316600466794
 10
2901.269274370257
 20
2179.823959779675
  0
TEXT
  5
E7B
330
1F
100
AcDbEntity
  8
DONATI YAZISI (BEYKENT)
100
AcDbText
 10
2902.269274370258
 20
1834.128980412412
 30
0.0
 40
10.0
  1
10ø8/36 L=640
 50
90.0
  7
DONATI YAZISI (BEYKENT)
 72
     1
 11
2897.269274370258
 21
1866.573959779675
 31
0.0
100
AcDbText
 73
     2
  0
LWPOLYLINE
  5
E7C
330
1F
100
AcDbEntity
  8
DONATI (BEYKENT)
100
AcDbPolyline
 90
        2
 70
     0
 43
0.0
 10
2887.269274370272
 20
1739.823959779653
 10
2887.269274370272
 20
1544.573959779653
  0
TEXT
  5
E7D
330
1F
100
AcDbEntity
  8
DONATI YAZISI (BEYKENT)
100
AcDbText
 10
2882.269274370272
 20
1610.878464593958
 30
0.0
 40
10.0
  1
13ø8/30 L=195
 50
90.0
  7
DONATI YAZISI (BEYKENT)
 72
     1
 11
2877.269274370272
 21
1642.198959779653
 31
0.0
100
AcDbText
 73
     2
  0
LWPOLYLINE
  5
E7E
330
1F
100
AcDbEntity
  8
DONATI (BEYKENT)
100
AcDbPolyline
 90
        2
 70
     0
 43
0.0
 10
2922.269274370258
 20
2296.073959779675
 10
2922.269274370258
 20
2127.073959779675
  0
TEXT
  5
E7F
330
1F
100
AcDbEntity
  8
DONATI YAZISI (BEYKENT)
100
AcDbText
 10
2917.269274370257
 20
2180.112474222591
 30
0.0
 40
10.0
  1
20ø8/18 L=170
 50
90.0
  7
DONATI YAZISI (BEYKENT)
 72
     1
 11
2912.269274370257
 21
2211.573959779675
 31
0.0
100
AcDbText
 73
     2
  0
LWPOLYLINE
  5
E80
330
1F
100
AcDbEntity
  8
DONATI (BEYKENT)
100
AcDbPolyline
 90
        6
 70
     0
 43
0.0
 10
2887.269274370257
 20
1993.323959779674
 10
2887.269274370257
 20
2343.073959826623
 42
-0.4142135623730951
 10
2890.269274370258
 20
2346.073959826623
 10
2890.269274370258
 20
2346.073959826623
 42
-0.4142135623730951
 10
2893.269274370258
 20
2343.073959826623
 10
2893.269274370258
 20
2267.073959779675
  0
TEXT
  5
E81
330
1F
100
AcDbEntity
  8
DONATI YAZISI (BEYKENT)
100
AcDbText
 10
2882.269274370258
 20
2224.805489427973
 30
0.0
 40
10.0
  1
41ø8/20 L=386
 50
90.0
  7
DONATI YAZISI (BEYKENT)
 72
     1
 11
2877.269274370258
 21
2257.322683375704
 31
0.0
100
AcDbText
 73
     2
  0
LWPOLYLINE
  5
E82
330
1F
100
AcDbEntity
  8
DONATI (BEYKENT)
100
AcDbPolyline
 90
        2
 70
     0
 43
0.0
 10
2922.269274370286
 20
891.0739597796673
 10
2922.269274370286
 20
722.0739602805005
  0
TEXT
  5
E83
330
1F
100
AcDbEntity
  8
DONATI YAZISI (BEYKENT)
100
AcDbText
 10
2917.269274370287
 20
774.1599297687359
 30
0.0
 40
10.0
  1
20ø8/20 L=170
 50
90.0
  7
DONATI YAZISI (BEYKENT)
 72
     1
 11
2912.269274370287
 21
806.573960030084
 31
0.0
100
AcDbText
 73
     2
  0
LWPOLYLINE
  5
E84
330
1F
100
AcDbEntity
  8
DONATI (BEYKENT)
100
AcDbPolyline
 90
        4
 70
     0
 43
0.0
 10
2898.269274370287
 20
722.0739602805005
 10
2895.269274370287
 20
722.0739602805005
 42
-0.4142135623730951
 10
2892.269274370287
 20
725.0739602805006
 10
2892.269274370287
 20
1025.823959779667
  0
TEXT
  5
E85
330
1F
100
AcDbEntity
  8
DONATI YAZISI (BEYKENT)
100
AcDbText
 10
2887.269274370286
 20
772.0072475128899
 30
0.0
 40
10.0
  1
20ø14/20 L=310
 50
90.0
  7
DONATI YAZISI (BEYKENT)
 72
     1
 11
2882.269274370287
 21
806.573960030084
 31
0.0
100
AcDbText
 73
     2
  0
LWPOLYLINE
  5
E86
330
1F
100
AcDbEntity
  8
DONATI (BEYKENT)
100
AcDbPolyline
 90
        2
 70
     0
 43
0.0
 10
3331.343891344943
 20
2146.073959779675
 10
3331.343891344943
 20
1587.073959779674
  0
TEXT
  5
E87
330
1F
100
AcDbEntity
  8
DONATI YAZISI (BEYKENT)
100
AcDbText
 10
3326.343891344943
 20
1835.329117963993
 30
0.0
 40
10.0
  1
11ø8/36 L=560
 50
90.0
  7
DONATI YAZISI (BEYKENT)
 72
     1
 11
3321.343891344943
 21
1866.573959779675
 31
0.0
100
AcDbText
 73
     2
  0
LWPOLYLINE
  5
E88
330
1F
100
AcDbEntity
  8
DONATI (BEYKENT)
100
AcDbPolyline
 90
       10
 70
     0
 43
0.0
 10
3300.343891344943
 20
1523.823959779674
 10
3300.343891344943
 20
1710.831319092558
 42
-0.198912367379658
 10
3301.222571001381
 20
1712.95263943612
 10
3305.465211688505
 20
1717.195280123236
 42
0.198912367379658
 10
3306.343891344943
 20
1719.316600466798
 10
3306.343891344943
 20
2013.831319092558
 42
0.198912367379658
 10
3305.465211688505
 20
2015.95263943612
 10
3301.222571001381
 20
2020.195280123237
 42
-0.198912367379658
 10
3300.343891344943
 20
2022.316600466798
 10
3300.343891344943
 20
2179.323959779674
  0
TEXT
  5
E89
330
1F
100
AcDbEntity
  8
DONATI YAZISI (BEYKENT)
100
AcDbText
 10
3301.343891344943
 20
1836.508622778299
 30
0.0
 40
10.0
  1
11ø8/36 L=661
 50
90.0
  7
DONATI YAZISI (BEYKENT)
 72
     1
 11
3296.343891344943
 21
1866.573959779675
 31
0.0
100
AcDbText
 73
     2
  0
LWPOLYLINE
  5
E8A
330
1F
100
AcDbEntity
  8
DONATI (BEYKENT)
100
AcDbPolyline
 90
        2
 70
     0
 43
0.0
 10
3321.343891344943
 20
2296.073959779679
 10
3321.343891344943
 20
2127.073959779679
  0
TEXT
  5
E8B
330
1F
100
AcDbEntity
  8
DONATI YAZISI (BEYKENT)
100
AcDbText
 10
3316.343891344943
 20
2181.140672296872
 30
0.0
 40
10.0
  1
21ø8/18 L=170
 50
90.0
  7
DONATI YAZISI (BEYKENT)
 72
     1
 11
3311.343891344943
 21
2211.573959779678
 31
0.0
100
AcDbText
 73
     2
  0
LWPOLYLINE
  5
E8C
330
1F
100
AcDbEntity
  8
DONATI (BEYKENT)
100
AcDbPolyline
 90
        2
 70
     0
 43
0.0
 10
3507.799226692448
 20
1606.073959779674
 10
3507.799226692463
 20
1327.07395980143
  0
TEXT
  5
E8D
330
1F
100
AcDbEntity
  8
DONATI YAZISI (BEYKENT)
100
AcDbText
 10
3502.799226692463
 20
1436.099406833193
 30
0.0
 40
10.0
  1
8ø8/36 L=280
 50
90.0
  7
DONATI YAZISI (BEYKENT)
 72
     1
 11
3497.799226692463
 21
1466.573959790552
 31
0.0
100
AcDbText
 73
     2
  0
LWPOLYLINE
  5
E8E
330
1F
100
AcDbEntity
  8
DONATI (BEYKENT)
100
AcDbPolyline
 90
       12
 70
     0
 43
0.0
 10
3507.799226714218
 20
1327.073959801448
 10
3479.799226692463
 20
1327.07395980143
 42
-0.4142135623730817
 10
3476.799226692463
 20
1330.07395980143
 10
3476.79922669242
 20
1394.831319092551
 42
-0.1989123673797436
 10
3477.677906348858
 20
1396.952639436113
 10
3481.920547035981
 20
1401.195280123236
 42
0.1989123673795207
 10
3482.799226692419
 20
1403.316600466794
 10
3482.799226692448
 20
1529.831319092551
 42
0.1989123673797165
 10
3481.92054703601
 20
1531.952639436113
 10
3477.677906348887
 20
1536.195280123229
 42
-0.198912367379658
 10
3476.799226692449
 20
1538.316600466791
 10
3476.799226692449
 20
1656.573959779674
  0
TEXT
  5
E8F
330
1F
100
AcDbEntity
  8
DONATI YAZISI (BEYKENT)
100
AcDbText
 10
3477.799226692463
 20
1436.350438470057
 30
0.0
 40
10.0
  1
8ø8/36 L=365
 50
90.0
  7
DONATI YAZISI (BEYKENT)
 72
     1
 11
3472.799226692463
 21
1466.573959790552
 31
0.0
100
AcDbText
 73
     2
  0
LWPOLYLINE
  5
E90
330
1F
100
AcDbEntity
  8
DONATI (BEYKENT)
100
AcDbPolyline
 90
        2
 70
     0
 43
0.0
 10
3517.799226692464
 20
1821.073959779674
 10
3517.799226692448
 20
1587.073959779671
  0
TEXT
  5
E91
330
1F
100
AcDbEntity
  8
DONATI YAZISI (BEYKENT)
100
AcDbText
 10
3512.799226692463
 20
1674.651676423416
 30
0.0
 40
10.0
  1
9ø8/18 L=235
 50
90.0
  7
DONATI YAZISI (BEYKENT)
 72
     1
 11
3507.799226692463
 21
1704.073959779675
 31
0.0
100
AcDbText
 73
     2
  0
LWPOLYLINE
  5
E92
330
1F
100
AcDbEntity
  8
DONATI (BEYKENT)
100
AcDbPolyline
 90
        2
 70
     0
 43
0.0
 10
3451.799226692478
 20
1935.073959779674
 10
3451.799226692463
 20
1750.573959779675
  0
TEXT
  5
E93
330
1F
100
AcDbEntity
  8
DONATI YAZISI (BEYKENT)
100
AcDbText
 10
3446.799226692478
 20
1854.281993788899
 30
0.0
 40
10.0
  1
6ø8/30 L=185
 50
90.0
  7
DONATI YAZISI (BEYKENT)
 72
     1
 11
3441.799226692478
 21
1883.807440831541
 31
0.0
100
AcDbText
 73
     2
  0
LWPOLYLINE
  5
E94
330
1F
100
AcDbEntity
  8
DONATI (BEYKENT)
100
AcDbPolyline
 90
        2
 70
     0
 43
0.0
 10
3835.527542130243
 20
1676.073959779674
 10
3835.527542130229
 20
1507.073959777288
  0
TEXT
  5
E95
330
1F
100
AcDbEntity
  8
DONATI YAZISI (BEYKENT)
100
AcDbText
 10
3830.527542130229
 20
1560.349750700077
 30
0.0
 40
10.0
  1
27ø8/18 L=170
 50
90.0
  7
DONATI YAZISI (BEYKENT)
 72
     1
 11
3825.527542130229
 21
1591.573959778481
 31
0.0
100
AcDbText
 73
     2
  0
LWPOLYLINE
  5
E96
330
1F
100
AcDbEntity
  8
DONATI (BEYKENT)
100
AcDbPolyline
 90
        4
 70
     0
 43
0.0
 10
3841.527442127837
 20
1507.073959777291
 10
3813.527542130229
 20
1507.073959777291
 42
-0.4142135623732524
 10
3810.527542130229
 20
1510.073959777292
 10
3810.527542130258
 20
1561.324034779678
  0
TEXT
  5
E97
330
1F
100
AcDbEntity
  8
DONATI YAZISI (BEYKENT)
100
AcDbText
 10
3805.527542130244
 20
1504.673550235846
 30
0.0
 40
10.0
  1
16ø8/30 L=85
 50
90.0
  7
DONATI YAZISI (BEYKENT)
 72
     1
 11
3800.527542130243
 21
1534.198997278487
 31
0.0
100
AcDbText
 73
     2
  0
LWPOLYLINE
  5
E98
330
1F
100
AcDbEntity
  8
DONATI (BEYKENT)
100
AcDbPolyline
 90
        2
 70
     0
 43
0.0
 10
3845.527542130243
 20
1821.073959779674
 10
3845.527542130243
 20
1657.073959779674
  0
TEXT
  5
E99
330
1F
100
AcDbEntity
  8
DONATI YAZISI (BEYKENT)
100
AcDbText
 10
3840.527542130244
 20
1708.757591141435
 30
0.0
 40
10.0
  1
19ø8/18 L=165
 50
90.0
  7
DONATI YAZISI (BEYKENT)
 72
     1
 11
3835.527542130243
 21
1739.073959779674
 31
0.0
100
AcDbText
 73
     2
  0
LWPOLYLINE
  5
E9A
330
1F
100
AcDbEntity
  8
DONATI (BEYKENT)
100
AcDbPolyline
 90
        2
 70
     0
 43
0.0
 10
3810.527542130258
 20
1711.073959779649
 10
3810.527542130258
 20
1620.82398477965
  0
TEXT
  5
E9B
330
1F
100
AcDbEntity
  8
DONATI YAZISI (BEYKENT)
100
AcDbText
 10
3805.527542130258
 20
1636.447596763831
 30
0.0
 40
10.0
  1
12ø8/30 L=90
 50
90.0
  7
DONATI YAZISI (BEYKENT)
 72
     1
 11
3800.527542130258
 21
1665.94897227965
 31
0.0
100
AcDbText
 73
     2
  0
LWPOLYLINE
  5
E9C
330
1F
100
AcDbEntity
  8
DONATI (BEYKENT)
100
AcDbPolyline
 90
        2
 70
     0
 43
0.0
 10
3835.527542130243
 20
2296.073959779675
 10
3835.527542130243
 20
1802.073959779675
  0
TEXT
  5
E9D
330
1F
100
AcDbEntity
  8
DONATI YAZISI (BEYKENT)
100
AcDbText
 10
3830.527542130243
 20
2016.56020462149
 30
0.0
 40
10.0
  1
14ø8/36 L=495
 50
90.0
  7
DONATI YAZISI (BEYKENT)
 72
     1
 11
3825.527542130243
 21
2049.073959779675
 31
0.0
100
AcDbText
 73
     2
  0
LWPOLYLINE
  5
E9E
330
1F
100
AcDbEntity
  8
DONATI (BEYKENT)
100
AcDbPolyline
 90
       10
 70
     0
 43
0.0
 10
3804.527542130244
 20
1767.073959779675
 10
3804.527542130244
 20
1910.831319092554
 42
-0.198912367379658
 10
3805.406221786681
 20
1912.952639436116
 10
3809.648862473805
 20
1917.195280123233
 42
0.198912367379658
 10
3810.527542130243
 20
1919.316600466794
 10
3810.527542130243
 20
2168.831319092555
 42
0.198912367379658
 10
3809.648862473805
 20
2170.952639436117
 10
3805.406221786681
 20
2175.195280123233
 42
-0.198912367379658
 10
3804.527542130244
 20
2177.316600466795
 10
3804.527542130244
 20
2308.323959789752
  0
TEXT
  5
E9F
330
1F
100
AcDbEntity
  8
DONATI YAZISI (BEYKENT)
100
AcDbText
 10
3805.527542130244
 20
2016.408897881463
 30
0.0
 40
10.0
  1
14ø8/36 L=545
 50
90.0
  7
DONATI YAZISI (BEYKENT)
 72
     1
 11
3800.527542130243
 21
2049.073959779675
 31
0.0
100
AcDbText
 73
     2
  0
LWPOLYLINE
  5
EA0
330
1F
100
AcDbEntity
  8
DONATI (BEYKENT)
100
AcDbPolyline
 90
        2
 70
     0
 43
0.0
 10
3789.527542130243
 20
1934.073959779675
 10
3789.527542130243
 20
1769.073959779674
  0
TEXT
  5
EA1
330
1F
100
AcDbEntity
  8
DONATI YAZISI (BEYKENT)
100
AcDbText
 10
3784.527542130244
 20
1820.229393067157
 30
0.0
 40
10.0
  1
12ø8/30 L=165
 50
90.0
  7
DONATI YAZISI (BEYKENT)
 72
     1
 11
3779.527542130244
 21
1851.573959779674
 31
0.0
100
AcDbText
 73
     2
  0
LWPOLYLINE
  5
EA2
330
1F
100
AcDbEntity
  8
DONATI (BEYKENT)
100
AcDbPolyline
 90
        6
 70
     0
 43
0.0
 10
3790.527542130244
 20
2151.073959779675
 10
3790.527542130229
 20
2343.073959819991
 42
-0.4142135623731195
 10
3793.527542130229
 20
2346.073959819991
 10
3793.527542130229
 20
2346.073959819991
 42
-0.4142135623730228
 10
3796.527542130229
 20
2343.073959819991
 10
3796.527542130243
 20
2267.073959779675
  0
TEXT
  5
EA3
330
1F
100
AcDbEntity
  8
DONATI YAZISI (BEYKENT)
100
AcDbText
 10
3785.527542130243
 20
2190.504212112821
 30
0.0
 40
10.0
  1
26ø8/20 L=228
 50
90.0
  7
DONATI YAZISI (BEYKENT)
 72
     1
 11
3780.527542130244
 21
2223.746990654774
 31
0.0
100
AcDbText
 73
     2
  0
LWPOLYLINE
  5
EA4
330
1F
100
AcDbEntity
  8
DONATI (BEYKENT)
100
AcDbPolyline
 90
        2
 70
     0
 43
0.0
 10
4136.485582216504
 20
2146.073959779675
 10
4136.485582216504
 20
1657.073959788886
  0
TEXT
  5
EA5
330
1F
100
AcDbEntity
  8
DONATI YAZISI (BEYKENT)
100
AcDbText
 10
4131.485582216504
 20
1871.051263773276
 30
0.0
 40
10.0
  1
8ø8/36 L=490
 50
90.0
  7
DONATI YAZISI (BEYKENT)
 72
     1
 11
4126.485582216504
 21
1901.57395978428
 31
0.0
100
AcDbText
 73
     2
  0
LWPOLYLINE
  5
EA6
330
1F
100
AcDbEntity
  8
DONATI (BEYKENT)
100
AcDbPolyline
 90
       12
 70
     0
 43
0.0
 10
4136.485582225716
 20
1657.073959788886
 10
4108.485582216505
 20
1657.073959788886
 42
-0.4142135623730951
 10
4105.485582216505
 20
1660.073959788886
 10
4105.485582216505
 20
1766.831319092554
 42
-0.198912367379658
 10
4106.364261872943
 20
1768.952639436116
 10
4110.606902560067
 20
1773.195280123233
 42
0.198912367379658
 10
4111.485582216505
 20
1775.316600466794
 10
4111.485582216505
 20
2027.831319092551
 42
0.198912367379658
 10
4110.606902560067
 20
2029.952639436113
 10
4106.364261872943
 20
2034.195280123229
 42
-0.198912367379658
 10
4105.485582216505
 20
2036.316600466791
 10
4105.485582216505
 20
2187.323959880639
  0
TEXT
  5
EA7
330
1F
100
AcDbEntity
  8
DONATI YAZISI (BEYKENT)
100
AcDbText
 10
4106.485582216504
 20
1871.274785093771
 30
0.0
 40
10.0
  1
8ø8/36 L=565
 50
90.0
  7
DONATI YAZISI (BEYKENT)
 72
     1
 11
4101.485582216504
 21
1901.57395978428
 31
0.0
100
AcDbText
 73
     2
  0
LWPOLYLINE
  5
EA8
330
1F
100
AcDbEntity
  8
DONATI (BEYKENT)
100
AcDbPolyline
 90
        4
 70
     0
 43
0.0
 10
4111.485582225716
 20
1657.073959788886
 10
4083.485582216504
 20
1657.073959788886
 42
-0.4142135623730951
 10
4080.485582216504
 20
1660.073959788886
 10
4080.485582216504
 20
1791.323959779674
  0
TEXT
  5
EA9
330
1F
100
AcDbEntity
  8
DONATI YAZISI (BEYKENT)
100
AcDbText
 10
4075.485582216504
 20
1694.848891008489
 30
0.0
 40
10.0
  1
9ø8/30 L=165
 50
90.0
  7
DONATI YAZISI (BEYKENT)
 72
     1
 11
4070.485582216504
 21
1724.19895978428
 31
0.0
100
AcDbText
 73
     2
  0
LWPOLYLINE
  5
EAA
330
1F
100
AcDbEntity
  8
DONATI (BEYKENT)
100
AcDbPolyline
 90
        2
 70
     0
 43
0.0
 10
4126.485582216504
 20
2296.07396018353
 10
4126.485582216504
 20
2127.073959779671
  0
TEXT
  5
EAB
330
1F
100
AcDbEntity
  8
DONATI YAZISI (BEYKENT)
100
AcDbText
 10
4121.485582216505
 20
2180.13654595134
 30
0.0
 40
10.0
  1
15ø8/20 L=170
 50
90.0
  7
DONATI YAZISI (BEYKENT)
 72
     1
 11
4116.485582216504
 21
2211.573959981601
 31
0.0
100
AcDbText
 73
     2
  0
LWPOLYLINE
  5
EAC
330
1F
100
AcDbEntity
  8
DONATI (BEYKENT)
100
AcDbPolyline
 90
        4
 70
     0
 43
0.0
 10
4096.485582216504
 20
2011.823959779671
 10
4096.485582216504
 20
2293.07396018353
 42
-0.4142135623730951
 10
4099.485582216504
 20
2296.07396018353
 10
4102.485582216504
 20
2296.07396018353
  0
TEXT
  5
EAD
330
1F
100
AcDbEntity
  8
DONATI YAZISI (BEYKENT)
100
AcDbText
 10
4091.485582216504
 20
2177.134482677612
 30
0.0
 40
10.0
  1
15ø14/20 L=290
 50
90.0
  7
DONATI YAZISI (BEYKENT)
 72
     1
 11
4086.485582216504
 21
2211.573959981601
 31
0.0
100
AcDbText
 73
     2
  0
LWPOLYLINE
  5
EAE
330
1F
100
AcDbEntity
  8
DONATI (BEYKENT)
100
AcDbPolyline
 90
        2
 70
     0
 43
0.0
 10
2201.61986503486
 20
2188.058092109983
 10
1986.61986503486
 20
2188.058092109983
  0
TEXT
  5
EAF
330
1F
100
AcDbEntity
  8
DONATI YAZISI (BEYKENT)
100
AcDbText
 10
2113.96574726193
 20
2193.058092109983
 30
0.0
 40
10.0
  1
5ø8/30 L=215
  7
DONATI YAZISI (BEYKENT)
 72
     1
 11
2143.566847674585
 21
2198.058092109983
 31
0.0
100
AcDbText
 73
     2
  0
LWPOLYLINE
  5
EB0
330
1F
100
AcDbEntity
  8
DONATI (BEYKENT)
100
AcDbPolyline
 90
        2
 70
     0
 43
0.0
 10
3077.36986503486
 20
2188.058092109983
 10
2867.11986503486
 20
2188.058092109983
  0
TEXT
  5
EB1
330
1F
100
AcDbEntity
  8
DONATI YAZISI (BEYKENT)
100
AcDbText
 10
3014.132374669648
 20
2193.058092109983
 30
0.0
 40
10.0
  1
4ø8/30 L=210
  7
DONATI YAZISI (BEYKENT)
 72
     1
 11
3043.956996402798
 21
2198.058092109983
 31
0.0
100
AcDbText
 73
     2
  0
LWPOLYLINE
  5
EB2
330
1F
100
AcDbEntity
  8
DONATI (BEYKENT)
100
AcDbPolyline
 90
        2
 70
     0
 43
0.0
 10
3502.11986503486
 20
2188.058092109983
 10
3257.369865034875
 20
2188.058092109983
  0
TEXT
  5
EB3
330
1F
100
AcDbEntity
  8
DONATI YAZISI (BEYKENT)
100
AcDbText
 10
3348.82326943651
 20
2193.058092109983
 30
0.0
 40
10.0
  1
4ø8/30 L=245
  7
DONATI YAZISI (BEYKENT)
 72
     1
 11
3379.74486503486
 21
2198.058092109983
 31
0.0
100
AcDbText
 73
     2
  0
LWPOLYLINE
  5
EB4
330
1F
100
AcDbEntity
  8
DONATI (BEYKENT)
100
AcDbPolyline
 90
        2
 70
     0
 43
0.0
 10
3961.619865034845
 20
2188.058092109983
 10
3746.61986503486
 20
2188.058092109983
  0
TEXT
  5
EB5
330
1F
100
AcDbEntity
  8
DONATI YAZISI (BEYKENT)
100
AcDbText
 10
3897.523494726615
 20
2193.058092109983
 30
0.0
 40
10.0
  1
5ø8/30 L=215
  7
DONATI YAZISI (BEYKENT)
 72
     1
 11
3927.12459513927
 21
2198.058092109983
 31
0.0
100
AcDbText
 73
     2
  0
LWPOLYLINE
  5
EB6
330
1F
100
AcDbEntity
  8
DONATI (BEYKENT)
100
AcDbPolyline
 90
        2
 70
     0
 43
0.0
 10
3265.343891344943
 20
1739.823959779674
 10
3265.343891344943
 20
1544.573959779675
  0
TEXT
  5
EB7
330
1F
100
AcDbEntity
  8
DONATI YAZISI (BEYKENT)
100
AcDbText
 10
3260.343891344943
 20
1610.87846459398
 30
0.0
 40
10.0
  1
13ø8/30 L=195
 50
90.0
  7
DONATI YAZISI (BEYKENT)
 72
     1
 11
3255.343891344943
 21
1642.198959779674
 31
0.0
100
AcDbText
 73
     2
  0
LWPOLYLINE
  5
EB8
330
1F
100
AcDbEntity
  8
DONATI (BEYKENT)
100
AcDbPolyline
 90
        2
 70
     0
 43
0.0
 10
2441.11986503486
 20
2188.058092109983
 10
2685.869865034845
 20
2188.058092109983
  0
TEXT
  5
EB9
330
1F
100
AcDbEntity
  8
DONATI YAZISI (BEYKENT)
100
AcDbText
 10
2532.710821018361
 20
2193.058092109983
 30
0.0
 40
10.0
  1
4ø8/30 L=245
  7
DONATI YAZISI (BEYKENT)
 72
     1
 11
2563.632416616711
 21
2198.058092109983
 31
0.0
100
AcDbText
 73
     2
  0
LWPOLYLINE
  5
EBA
330
1F
100
AcDbEntity
  8
KALIP BOSLUK (BEYKENT)
100
AcDbPolyline
 90
        4
 70
     1
 43
0.0
 10
2414.120066709446
 20
1434.073960291996
 10
2464.120066709446
 20
1434.073960291996
 10
2464.120066709446
 20
1584.073960291997
 10
2414.120066709446
 20
1584.073960291997
  0
LINE
  5
EBB
330
1F
100
AcDbEntity
  8
CIZGI (BEYKENT)
100
AcDbLine
 10
2334.120068377182
 20
1849.073859809301
 30
0.0
 11
2394.120068358483
 21
1869.073859809301
 31
0.0
  0
LINE
  5
EBC
330
1F
100
AcDbEntity
  8
CIZGI (BEYKENT)
100
AcDbLine
 10
2334.120068377182
 20
1869.073859809301
 30
0.0
 11
2394.120068358483
 21
1849.073859809301
 31
0.0
  0
LINE
  5
EBD
330
1F
100
AcDbEntity
  8
CIZGI (BEYKENT)
100
AcDbLine
 10
2164.120068378128
 20
1524.073959808509
 30
0.0
 11
2274.120068378128
 21
1549.073859807205
 31
0.0
  0
LINE
  5
EBE
330
1F
100
AcDbEntity
  8
CIZGI (BEYKENT)
100
AcDbLine
 10
2164.120068378128
 20
1549.073859807205
 30
0.0
 11
2274.120068378128
 21
1524.073959808509
 31
0.0
  0
LINE
  5
EBF
330
1F
100
AcDbEntity
  8
CIZGI (BEYKENT)
100
AcDbLine
 10
2164.120068378419
 20
1469.073859807671
 30
0.0
 11
2274.120068378128
 21
1494.073959808509
 31
0.0
  0
LINE
  5
EC0
330
1F
100
AcDbEntity
  8
CIZGI (BEYKENT)
100
AcDbLine
 10
2164.120068378419
 20
1494.073959808509
 30
0.0
 11
2274.120068378128
 21
1469.073859807671
 31
0.0
  0
LINE
  5
EC1
330
1F
100
AcDbEntity
  8
CIZGI (BEYKENT)
100
AcDbLine
 10
2414.120168370333
 20
1434.073859808508
 30
0.0
 11
2464.120068385637
 21
1499.073859811397
 31
0.0
  0
LINE
  5
EC2
330
1F
100
AcDbEntity
  8
CIZGI (BEYKENT)
100
AcDbLine
 10
2414.120068371071
 20
1499.073859811397
 30
0.0
 11
2464.120068385637
 21
1434.073859808508
 31
0.0
  0
LINE
  5
EC3
330
1F
100
AcDbEntity
  8
CIZGI (BEYKENT)
100
AcDbLine
 10
2464.120068386045
 20
1504.073859807657
 30
0.0
 11
2414.120068371071
 21
1529.073859811396
 31
0.0
  0
LINE
  5
EC4
330
1F
100
AcDbEntity
  8
CIZGI (BEYKENT)
100
AcDbLine
 10
2414.120168370333
 20
1504.073859807657
 30
0.0
 11
2464.120068386045
 21
1529.073859811396
 31
0.0
  0
LINE
  5
EC5
330
1F
100
AcDbEntity
  8
CIZGI (BEYKENT)
100
AcDbLine
 10
2464.120068386219
 20
1534.073859807657
 30
0.0
 11
2414.120068371071
 21
1584.07385981
 31
0.0
  0
LINE
  5
EC6
330
1F
100
AcDbEntity
  8
CIZGI (BEYKENT)
100
AcDbLine
 10
2464.120068386219
 20
1584.073859808508
 30
0.0
 11
2414.120068371071
 21
1534.073859807657
 31
0.0
  0
LINE
  5
EC7
330
1F
100
AcDbEntity
  8
CIZGI (BEYKENT)
100
AcDbLine
 10
2334.120068375567
 20
1149.07385981566
 30
0.0
 11
2394.120068358483
 21
1169.073859815747
 31
0.0
  0
LINE
  5
EC8
330
1F
100
AcDbEntity
  8
CIZGI (BEYKENT)
100
AcDbLine
 10
2334.120068375567
 20
1169.073859815747
 30
0.0
 11
2394.120068358483
 21
1149.07385981566
 31
0.0
  0
LINE
  5
EC9
330
1F
100
AcDbEntity
  8
CIZGI (BEYKENT)
100
AcDbLine
 10
3554.120068394659
 20
1849.073859809301
 30
0.0
 11
3614.120068394426
 21
1869.073859809301
 31
0.0
  0
LINE
  5
ECA
330
1F
100
AcDbEntity
  8
CIZGI (BEYKENT)
100
AcDbLine
 10
3554.120068394659
 20
1869.073859809301
 30
0.0
 11
3614.120068394426
 21
1849.073859809301
 31
0.0
  0
LINE
  5
ECB
330
1F
100
AcDbEntity
  8
CIZGI (BEYKENT)
100
AcDbLine
 10
3669.12006837906
 20
1529.073959808509
 30
0.0
 11
3784.120068393728
 21
1554.073859807205
 31
0.0
  0
LINE
  5
ECC
330
1F
100
AcDbEntity
  8
CIZGI (BEYKENT)
100
AcDbLine
 10
3669.12006837906
 20
1554.073859807205
 30
0.0
 11
3784.120068393728
 21
1529.073959808509
 31
0.0
  0
LINE
  5
ECD
330
1F
100
AcDbEntity
  8
MERDIVEN (BEYKENT)
100
AcDbLine
 10
3104.119966664184
 20
1407.073960287755
 30
0.0
 11
2984.119966718783
 21
1407.073960295322
 31
0.0
  0
LINE
  5
ECE
330
1F
100
AcDbEntity
  8
MERDIVEN (BEYKENT)
100
AcDbLine
 10
3104.119966662467
 20
1380.073960287609
 30
0.0
 11
2984.119966717066
 21
1380.073960295176
 31
0.0
  0
LINE
  5
ECF
330
1F
100
AcDbEntity
  8
MERDIVEN (BEYKENT)
100
AcDbLine
 10
3104.119966660779
 20
1353.073960287464
 30
0.0
 11
2984.119966715378
 21
1353.073960295031
 31
0.0
  0
LINE
  5
ED0
330
1F
100
AcDbEntity
  8
MERDIVEN (BEYKENT)
100
AcDbLine
 10
3104.119966659062
 20
1326.073960287318
 30
0.0
 11
2984.119966713661
 21
1326.073960294885
 31
0.0
  0
LINE
  5
ED1
330
1F
100
AcDbEntity
  8
MERDIVEN (BEYKENT)
100
AcDbLine
 10
3104.119966657374
 20
1299.073960287173
 30
0.0
 11
2984.119966711973
 21
1299.073960294739
 31
0.0
  0
LINE
  5
ED2
330
1F
100
AcDbEntity
  8
MERDIVEN (BEYKENT)
100
AcDbLine
 10
3104.119966655657
 20
1272.073960287027
 30
0.0
 11
2984.119966710256
 21
1272.073960294594
 31
0.0
  0
LINE
  5
ED3
330
1F
100
AcDbEntity
  8
MERDIVEN (BEYKENT)
100
AcDbLine
 10
3104.119966653969
 20
1245.073960286881
 30
0.0
 11
2984.119966708568
 21
1245.073960294448
 31
0.0
  0
LINE
  5
ED4
330
1F
100
AcDbEntity
  8
MERDIVEN (BEYKENT)
100
AcDbLine
 10
3114.119966674502
 20
1245.073960294681
 30
0.0
 11
3234.119966698716
 21
1245.073960293634
 31
0.0
  0
LINE
  5
ED5
330
1F
100
AcDbEntity
  8
MERDIVEN (BEYKENT)
100
AcDbLine
 10
3114.119966674735
 20
1272.073960294827
 30
0.0
 11
3234.119966698949
 21
1272.073960293779
 31
0.0
  0
LINE
  5
ED6
330
1F
100
AcDbEntity
  8
MERDIVEN (BEYKENT)
100
AcDbLine
 10
3114.119966674967
 20
1299.073960294972
 30
0.0
 11
3234.119966699181
 21
1299.073960293925
 31
0.0
  0
LINE
  5
ED7
330
1F
100
AcDbEntity
  8
MERDIVEN (BEYKENT)
100
AcDbLine
 10
3114.119966675215
 20
1326.073960295118
 30
0.0
 11
3234.11996669943
 21
1326.07396029407
 31
0.0
  0
LINE
  5
ED8
330
1F
100
AcDbEntity
  8
MERDIVEN (BEYKENT)
100
AcDbLine
 10
3114.119966675448
 20
1353.073960295263
 30
0.0
 11
3234.119966699662
 21
1353.073960294216
 31
0.0
  0
LINE
  5
ED9
330
1F
100
AcDbEntity
  8
MERDIVEN (BEYKENT)
100
AcDbLine
 10
3114.11996667568
 20
1380.073960295409
 30
0.0
 11
3234.119966699895
 21
1380.073960294361
 31
0.0
  0
LINE
  5
EDA
330
1F
100
AcDbEntity
  8
MERDIVEN (BEYKENT)
100
AcDbLine
 10
3114.119966675913
 20
1407.073960295554
 30
0.0
 11
3234.119966700128
 21
1407.073960294507
 31
0.0
  0
LWPOLYLINE
  5
EDB
330
1F
100
AcDbEntity
  8
MERDIVEN YAZI (BEYKENT)
100
AcDbPolyline
 90
        4
 70
     0
 43
0.0
 10
3044.119966693172
 20
1434.073960291684
 10
3044.119966686361
 20
1163.073960291258
 10
3174.119966686362
 20
1163.073960291258
 10
3174.119966688734
 20
1434.073960295173
  0
CIRCLE
  5
EDC
330
1F
100
AcDbEntity
  8
MERDIVEN YAZI (BEYKENT)
100
AcDbCircle
 10
3044.119966693172
 20
1434.073960298439
 30
0.0
 40
5.0
  0
LWPOLYLINE
  5
EDD
330
1F
100
AcDbEntity
  8
MERDIVEN YAZI (BEYKENT)
100
AcDbPolyline
 90
        3
 70
     1
 43
0.0
 10
3174.119966688253
 20
1444.073960295176
 10
3165.459712650416
 20
1429.073960295176
 10
3182.78022072609
 20
1429.073960295176
  0
LWPOLYLINE
  5
EDE
330
1F
100
AcDbEntity
  8
KALIP BOSLUK (BEYKENT)
100
AcDbPolyline
 90
        4
 70
     1
 43
0.0
 10
2414.119966712337
 20
1584.073860125616
 10
2464.119966727485
 20
1584.073860125616
 10
2464.119966727485
 20
1534.073860123273
 10
2414.119966712337
 20
1534.073860123273
  0
LWPOLYLINE
  5
EDF
330
1F
100
AcDbEntity
  8
KALIP BOSLUK (BEYKENT)
100
AcDbPolyline
 90
        4
 70
     1
 43
0.0
 10
2414.119966712337
 20
1529.073860127013
 10
2464.11996672731
 20
1529.073860127013
 10
2464.11996672731
 20
1504.073860123273
 10
2414.119966712337
 20
1504.073860123273
  0
LWPOLYLINE
  5
EE0
330
1F
100
AcDbEntity
  8
KALIP BOSLUK (BEYKENT)
100
AcDbPolyline
 90
        4
 70
     1
 43
0.0
 10
2414.119966712337
 20
1499.073860127013
 10
2464.119966726903
 20
1499.073860127013
 10
2464.119966726903
 20
1434.073860120494
 10
2414.119966712337
 20
1434.073860120494
  0
LWPOLYLINE
  5
EE1
330
1F
100
AcDbEntity
  8
KALIP BOSLUK (BEYKENT)
100
AcDbPolyline
 90
        4
 70
     1
 43
0.0
 10
2274.119966719394
 20
1549.073860122822
 10
2164.119966719394
 20
1549.073860122822
 10
2164.119966719394
 20
1524.073960124125
 10
2274.119966719394
 20
1524.073960124125
  0
LWPOLYLINE
  5
EE2
330
1F
100
AcDbEntity
  8
KALIP BOSLUK (BEYKENT)
100
AcDbPolyline
 90
        4
 70
     1
 43
0.0
 10
2274.119966719394
 20
1494.073960124126
 10
2164.119966719685
 20
1494.073960124126
 10
2164.119966719685
 20
1469.073860123288
 10
2274.119966719394
 20
1469.073860123288
  0
LWPOLYLINE
  5
EE3
330
1F
100
AcDbEntity
  8
KALIP BOSLUK (BEYKENT)
100
AcDbPolyline
 90
        4
 70
     1
 43
0.0
 10
2334.119966718448
 20
1869.073860124917
 10
2394.119966699749
 20
1869.073860124917
 10
2394.119966699749
 20
1849.073860124917
 10
2334.119966718448
 20
1849.073860124917
  0
LWPOLYLINE
  5
EE4
330
1F
100
AcDbEntity
  8
KALIP BOSLUK (BEYKENT)
100
AcDbPolyline
 90
        4
 70
     1
 43
0.0
 10
2334.119966716833
 20
1169.073860131364
 10
2394.119966699749
 20
1169.073860131364
 10
2394.119966699749
 20
1149.073860131277
 10
2334.119966716833
 20
1149.073860131277
  0
LWPOLYLINE
  5
EE5
330
1F
100
AcDbEntity
  8
KALIP BOSLUK (BEYKENT)
100
AcDbPolyline
 90
        4
 70
     1
 43
0.0
 10
3554.119966735925
 20
1869.073860124917
 10
3614.119966735692
 20
1869.073860124917
 10
3614.119966735692
 20
1849.073860124917
 10
3554.119966735925
 20
1849.073860124917
  0
LWPOLYLINE
  5
EE6
330
1F
100
AcDbEntity
  8
KALIP BOSLUK (BEYKENT)
100
AcDbPolyline
 90
        4
 70
     1
 43
0.0
 10
3669.119966720326
 20
1554.073860122822
 10
3784.119966734994
 20
1554.073860122822
 10
3784.119966734994
 20
1529.073960124126
 10
3669.119966720326
 20
1529.073960124126
  0
LWPOLYLINE
  5
EE7
330
1F
100
AcDbEntity
  8
DONATI (BEYKENT)
100
AcDbPolyline
 90
        2
 70
     0
 43
0.0
 10
3481.119865008652
 20
1135.520027803537
 10
3237.119865040419
 20
1135.520027803537
  0
TEXT
  5
EE8
330
1F
100
AcDbEntity
  8
DONATI YAZISI (BEYKENT)
100
AcDbText
 10
3285.899184964534
 20
1140.520027803537
 30
0.0
 40
10.0
  1
11ø12/20 L=244
  7
DONATI YAZISI (BEYKENT)
 72
     1
 11
3319.582128568385
 21
1145.520027803537
 31
0.0
100
AcDbText
 73
     2
  0
LWPOLYLINE
  5
EE9
330
1F
100
AcDbEntity
  8
DONATI (BEYKENT)
100
AcDbPolyline
 90
        6
 70
     0
 43
0.0
 10
3237.119865040419
 20
1118.920027803538
 10
3237.119865040419
 20
1157.520027803537
 42
-0.4142135623730951
 10
3240.119865040418
 20
1160.520027803537
 10
3478.119865008652
 20
1160.520027803537
 42
-0.4142135623730951
 10
3481.119865008652
 20
1157.520027803537
 10
3481.119865008652
 20
1118.920027803538
  0
TEXT
  5
EEA
330
1F
100
AcDbEntity
  8
DONATI YAZISI (BEYKENT)
100
AcDbText
 10
3286.294645762333
 20
1165.520027803537
 30
0.0
 40
10.0
  1
11ø12/20 L=328
  7
DONATI YAZISI (BEYKENT)
 72
     1
 11
3319.582128568385
 21
1170.520027803537
 31
0.0
100
AcDbText
 73
     2
  0
LWPOLYLINE
  5
EEB
330
1F
100
AcDbEntity
  8
DONATI (BEYKENT)
100
AcDbPolyline
 90
        2
 70
     0
 43
0.0
 10
3436.633782933546
 20
1346.073960291996
 10
3436.633782933546
 20
1086.073959784786
  0
TEXT
  5
EEC
330
1F
100
AcDbEntity
  8
DONATI YAZISI (BEYKENT)
100
AcDbText
 10
3431.633782933546
 20
1182.834620285986
 30
0.0
 40
10.0
  1
11ø12/20 L=260
 50
90.0
  7
DONATI YAZISI (BEYKENT)
 72
     1
 11
3426.633782933546
 21
1216.073960038393
 31
0.0
100
AcDbText
 73
     2
  0
LWPOLYLINE
  5
EED
330
1F
100
AcDbEntity
  8
DONATI (BEYKENT)
100
AcDbPolyline
 90
        6
 70
     0
 43
0.0
 10
3453.233782426331
 20
1086.073959784786
 10
3414.633782933547
 20
1086.073959784786
 42
-0.4142135623730951
 10
3411.633782933547
 20
1089.073959784786
 10
3411.633782933547
 20
1343.073960291996
 42
-0.4142135623730951
 10
3414.633782933547
 20
1346.073960291996
 10
3453.233782426331
 20
1346.073960291996
  0
TEXT
  5
EEE
330
1F
100
AcDbEntity
  8
DONATI YAZISI (BEYKENT)
100
AcDbText
 10
3406.633782933546
 20
1182.415087961364
 30
0.0
 40
10.0
  1
11ø12/20 L=344
 50
90.0
  7
DONATI YAZISI (BEYKENT)
 72
     1
 11
3401.633782933546
 21
1216.073960038393
 31
0.0
100
AcDbText
 73
     2
  0
CIRCLE
  5
EEF
330
1F
100
AcDbEntity
  8
AKS BALONU (BEYKENT)
100
AcDbCircle
 10
1759.119763371425
 20
2567.897391473806
 30
0.0
 40
20.0
  0
TEXT
  5
EF0
330
1F
100
AcDbEntity
  8
AKS YAZISI (BEYKENT)
100
AcDbText
 10
1755.330217291646
 20
2557.897391473805
 30
0.0
 40
20.0
  1
1
  7
YAZI (BEYKENT)
 72
     1
 11
1759.119763371425
 21
2567.897391473806
 31
0.0
100
AcDbText
 73
     2
  0
CIRCLE
  5
EF1
330
1F
100
AcDbEntity
  8
AKS BALONU (BEYKENT)
100
AcDbCircle
 10
1759.11976337144
 20
449.0738602919955
 30
0.0
 40
20.0
  0
TEXT
  5
EF2
330
1F
100
AcDbEntity
  8
AKS YAZISI (BEYKENT)
100
AcDbText
 10
1755.33021729166
 20
439.0738602919955
 30
0.0
 40
20.0
  1
1
  7
YAZI (BEYKENT)
 72
     1
 11
1759.11976337144
 21
449.0738602919955
 31
0.0
100
AcDbText
 73
     2
  0
LINE
  5
EF3
330
1F
100
AcDbEntity
  8
AKS CIZGISI (BEYKENT)
100
AcDbLine
 10
1759.11976337144
 20
469.0738602919955
 30
0.0
 11
1759.119763371425
 21
2547.897391473805
 31
0.0
  0
CIRCLE
  5
EF4
330
1F
100
AcDbEntity
  8
AKS BALONU (BEYKENT)
100
AcDbCircle
 10
2054.119763371426
 20
2567.897391473806
 30
0.0
 40
20.0
  0
TEXT
  5
EF5
330
1F
100
AcDbEntity
  8
AKS YAZISI (BEYKENT)
100
AcDbText
 10
2048.480148515855
 20
2557.897391473805
 30
0.0
 40
20.0
  1
2
  7
YAZI (BEYKENT)
 72
     1
 11
2054.119763371426
 21
2567.897391473806
 31
0.0
100
AcDbText
 73
     2
  0
CIRCLE
  5
EF6
330
1F
100
AcDbEntity
  8
AKS BALONU (BEYKENT)
100
AcDbCircle
 10
2054.11976337144
 20
449.0738602919955
 30
0.0
 40
20.0
  0
TEXT
  5
EF7
330
1F
100
AcDbEntity
  8
AKS YAZISI (BEYKENT)
100
AcDbText
 10
2048.480148515869
 20
439.0738602919955
 30
0.0
 40
20.0
  1
2
  7
YAZI (BEYKENT)
 72
     1
 11
2054.11976337144
 21
449.0738602919955
 31
0.0
100
AcDbText
 73
     2
  0
LINE
  5
EF8
330
1F
100
AcDbEntity
  8
AKS CIZGISI (BEYKENT)
100
AcDbLine
 10
2054.11976337144
 20
469.0738602919955
 30
0.0
 11
2054.119763371426
 21
2547.897391473805
 31
0.0
  0
CIRCLE
  5
EF9
330
1F
100
AcDbEntity
  8
AKS BALONU (BEYKENT)
100
AcDbCircle
 10
2414.119863371431
 20
2567.897391473806
 30
0.0
 40
20.0
  0
TEXT
  5
EFA
330
1F
100
AcDbEntity
  8
AKS YAZISI (BEYKENT)
100
AcDbText
 10
2408.528391569504
 20
2557.897391473805
 30
0.0
 40
20.0
  1
3
  7
YAZI (BEYKENT)
 72
     1
 11
2414.119863371431
 21
2567.897391473806
 31
0.0
100
AcDbText
 73
     2
  0
CIRCLE
  5
EFB
330
1F
100
AcDbEntity
  8
AKS BALONU (BEYKENT)
100
AcDbCircle
 10
2414.119863371445
 20
449.0738602919955
 30
0.0
 40
20.0
  0
TEXT
  5
EFC
330
1F
100
AcDbEntity
  8
AKS YAZISI (BEYKENT)
100
AcDbText
 10
2408.528391569519
 20
439.0738602919955
 30
0.0
 40
20.0
  1
3
  7
YAZI (BEYKENT)
 72
     1
 11
2414.119863371445
 21
449.0738602919955
 31
0.0
100
AcDbText
 73
     2
  0
LINE
  5
EFD
330
1F
100
AcDbEntity
  8
AKS CIZGISI (BEYKENT)
100
AcDbLine
 10
2414.119863371445
 20
469.0738602919955
 30
0.0
 11
2414.119863371431
 21
2547.897391473805
 31
0.0
  0
CIRCLE
  5
EFE
330
1F
100
AcDbEntity
  8
AKS BALONU (BEYKENT)
100
AcDbCircle
 10
2569.119763371426
 20
2567.897391473806
 30
0.0
 40
20.0
  0
TEXT
  5
EFF
330
1F
100
AcDbEntity
  8
AKS YAZISI (BEYKENT)
100
AcDbText
 10
2563.033105874865
 20
2557.897391473805
 30
0.0
 40
20.0
  1
4
  7
YAZI (BEYKENT)
 72
     1
 11
2569.119763371426
 21
2567.897391473806
 31
0.0
100
AcDbText
 73
     2
  0
CIRCLE
  5
F00
330
1F
100
AcDbEntity
  8
AKS BALONU (BEYKENT)
100
AcDbCircle
 10
2569.11976337144
 20
449.0738602919955
 30
0.0
 40
20.0
  0
TEXT
  5
F01
330
1F
100
AcDbEntity
  8
AKS YAZISI (BEYKENT)
100
AcDbText
 10
2563.033105874879
 20
439.0738602919955
 30
0.0
 40
20.0
  1
4
  7
YAZI (BEYKENT)
 72
     1
 11
2569.11976337144
 21
449.0738602919955
 31
0.0
100
AcDbText
 73
     2
  0
LINE
  5
F02
330
1F
100
AcDbEntity
  8
AKS CIZGISI (BEYKENT)
100
AcDbLine
 10
2569.11976337144
 20
469.0738602919955
 30
0.0
 11
2569.119763371426
 21
2547.897391473805
 31
0.0
  0
CIRCLE
  5
F03
330
1F
100
AcDbEntity
  8
AKS BALONU (BEYKENT)
100
AcDbCircle
 10
2984.119763371426
 20
2567.897391473806
 30
0.0
 40
20.0
  0
TEXT
  5
F04
330
1F
100
AcDbEntity
  8
AKS YAZISI (BEYKENT)
100
AcDbText
 10
2978.376984829472
 20
2557.897391473805
 30
0.0
 40
20.0
  1
5
  7
YAZI (BEYKENT)
 72
     1
 11
2984.119763371426
 21
2567.897391473806
 31
0.0
100
AcDbText
 73
     2
  0
CIRCLE
  5
F05
330
1F
100
AcDbEntity
  8
AKS BALONU (BEYKENT)
100
AcDbCircle
 10
2984.11976337144
 20
449.0738602919955
 30
0.0
 40
20.0
  0
TEXT
  5
F06
330
1F
100
AcDbEntity
  8
AKS YAZISI (BEYKENT)
100
AcDbText
 10
2978.376984829487
 20
439.0738602919955
 30
0.0
 40
20.0
  1
5
  7
YAZI (BEYKENT)
 72
     1
 11
2984.11976337144
 21
449.0738602919955
 31
0.0
100
AcDbText
 73
     2
  0
LINE
  5
F07
330
1F
100
AcDbEntity
  8
AKS CIZGISI (BEYKENT)
100
AcDbLine
 10
2984.11976337144
 20
469.0738602919955
 30
0.0
 11
2984.119763371426
 21
2547.897391473805
 31
0.0
  0
CIRCLE
  5
F08
330
1F
100
AcDbEntity
  8
AKS BALONU (BEYKENT)
100
AcDbCircle
 10
3234.119763371426
 20
2567.897391473806
 30
0.0
 40
20.0
  0
TEXT
  5
F09
330
1F
100
AcDbEntity
  8
AKS YAZISI (BEYKENT)
100
AcDbText
 10
3228.679598309528
 20
2557.897391473805
 30
0.0
 40
20.0
  1
6
  7
YAZI (BEYKENT)
 72
     1
 11
3234.119763371426
 21
2567.897391473806
 31
0.0
100
AcDbText
 73
     2
  0
CIRCLE
  5
F0A
330
1F
100
AcDbEntity
  8
AKS BALONU (BEYKENT)
100
AcDbCircle
 10
3234.11976337144
 20
449.0738602919955
 30
0.0
 40
20.0
  0
TEXT
  5
F0B
330
1F
100
AcDbEntity
  8
AKS YAZISI (BEYKENT)
100
AcDbText
 10
3228.679598309542
 20
439.0738602919955
 30
0.0
 40
20.0
  1
6
  7
YAZI (BEYKENT)
 72
     1
 11
3234.11976337144
 21
449.0738602919955
 31
0.0
100
AcDbText
 73
     2
  0
LINE
  5
F0C
330
1F
100
AcDbEntity
  8
AKS CIZGISI (BEYKENT)
100
AcDbLine
 10
3234.11976337144
 20
469.0738602919955
 30
0.0
 11
3234.119763371426
 21
2547.897391473805
 31
0.0
  0
CIRCLE
  5
F0D
330
1F
100
AcDbEntity
  8
AKS BALONU (BEYKENT)
100
AcDbCircle
 10
3379.119763371426
 20
2567.897391473806
 30
0.0
 40
20.0
  0
TEXT
  5
F0E
330
1F
100
AcDbEntity
  8
AKS YAZISI (BEYKENT)
100
AcDbText
 10
3373.748374100449
 20
2557.897391473805
 30
0.0
 40
20.0
  1
7
  7
YAZI (BEYKENT)
 72
     1
 11
3379.119763371426
 21
2567.897391473806
 31
0.0
100
AcDbText
 73
     2
  0
CIRCLE
  5
F0F
330
1F
100
AcDbEntity
  8
AKS BALONU (BEYKENT)
100
AcDbCircle
 10
3379.11976337144
 20
449.0738602919955
 30
0.0
 40
20.0
  0
TEXT
  5
F10
330
1F
100
AcDbEntity
  8
AKS YAZISI (BEYKENT)
100
AcDbText
 10
3373.748374100464
 20
439.0738602919955
 30
0.0
 40
20.0
  1
7
  7
YAZI (BEYKENT)
 72
     1
 11
3379.11976337144
 21
449.0738602919955
 31
0.0
100
AcDbText
 73
     2
  0
LINE
  5
F11
330
1F
100
AcDbEntity
  8
AKS CIZGISI (BEYKENT)
100
AcDbLine
 10
3379.11976337144
 20
469.0738602919955
 30
0.0
 11
3379.119763371426
 21
2547.897391473805
 31
0.0
  0
CIRCLE
  5
F12
330
1F
100
AcDbEntity
  8
AKS BALONU (BEYKENT)
100
AcDbCircle
 10
3484.119763371426
 20
2567.897391473806
 30
0.0
 40
20.0
  0
TEXT
  5
F13
330
1F
100
AcDbEntity
  8
AKS YAZISI (BEYKENT)
100
AcDbText
 10
3478.328841775827
 20
2557.897391473805
 30
0.0
 40
20.0
  1
8
  7
YAZI (BEYKENT)
 72
     1
 11
3484.119763371426
 21
2567.897391473806
 31
0.0
100
AcDbText
 73
     2
  0
CIRCLE
  5
F14
330
1F
100
AcDbEntity
  8
AKS BALONU (BEYKENT)
100
AcDbCircle
 10
3484.11976337144
 20
449.0738602919955
 30
0.0
 40
20.0
  0
TEXT
  5
F15
330
1F
100
AcDbEntity
  8
AKS YAZISI (BEYKENT)
100
AcDbText
 10
3478.328841775842
 20
439.0738602919955
 30
0.0
 40
20.0
  1
8
  7
YAZI (BEYKENT)
 72
     1
 11
3484.11976337144
 21
449.0738602919955
 31
0.0
100
AcDbText
 73
     2
  0
LINE
  5
F16
330
1F
100
AcDbEntity
  8
AKS CIZGISI (BEYKENT)
100
AcDbLine
 10
3484.11976337144
 20
469.0738602919955
 30
0.0
 11
3484.119763371426
 21
2547.897391473805
 31
0.0
  0
CIRCLE
  5
F17
330
1F
100
AcDbEntity
  8
AKS BALONU (BEYKENT)
100
AcDbCircle
 10
3559.119763371426
 20
2567.897391473806
 30
0.0
 40
20.0
  0
TEXT
  5
F18
330
1F
100
AcDbEntity
  8
AKS YAZISI (BEYKENT)
100
AcDbText
 10
3553.679598309527
 20
2557.897391473805
 30
0.0
 40
20.0
  1
9
  7
YAZI (BEYKENT)
 72
     1
 11
3559.119763371426
 21
2567.897391473806
 31
0.0
100
AcDbText
 73
     2
  0
CIRCLE
  5
F19
330
1F
100
AcDbEntity
  8
AKS BALONU (BEYKENT)
100
AcDbCircle
 10
3559.11976337144
 20
449.0738602919955
 30
0.0
 40
20.0
  0
TEXT
  5
F1A
330
1F
100
AcDbEntity
  8
AKS YAZISI (BEYKENT)
100
AcDbText
 10
3553.679598309542
 20
439.0738602919955
 30
0.0
 40
20.0
  1
9
  7
YAZI (BEYKENT)
 72
     1
 11
3559.11976337144
 21
449.0738602919955
 31
0.0
100
AcDbText
 73
     2
  0
LINE
  5
F1B
330
1F
100
AcDbEntity
  8
AKS CIZGISI (BEYKENT)
100
AcDbLine
 10
3559.11976337144
 20
469.0738602919955
 30
0.0
 11
3559.119763371426
 21
2547.897391473805
 31
0.0
  0
CIRCLE
  5
F1C
330
1F
100
AcDbEntity
  8
AKS BALONU (BEYKENT)
100
AcDbCircle
 10
3894.119763371426
 20
2567.897391473806
 30
0.0
 40
20.0
  0
TEXT
  5
F1D
330
1F
100
AcDbEntity
  8
AKS YAZISI (BEYKENT)
100
AcDbText
 10
3884.484275063311
 20
2557.897391473805
 30
0.0
 40
20.0
  1
10
  7
YAZI (BEYKENT)
 72
     1
 11
3894.119763371426
 21
2567.897391473806
 31
0.0
100
AcDbText
 73
     2
  0
CIRCLE
  5
F1E
330
1F
100
AcDbEntity
  8
AKS BALONU (BEYKENT)
100
AcDbCircle
 10
3894.11976337144
 20
449.0738602919955
 30
0.0
 40
20.0
  0
TEXT
  5
F1F
330
1F
100
AcDbEntity
  8
AKS YAZISI (BEYKENT)
100
AcDbText
 10
3884.484275063325
 20
439.0738602919955
 30
0.0
 40
20.0
  1
10
  7
YAZI (BEYKENT)
 72
     1
 11
3894.11976337144
 21
449.0738602919955
 31
0.0
100
AcDbText
 73
     2
  0
LINE
  5
F20
330
1F
100
AcDbEntity
  8
AKS CIZGISI (BEYKENT)
100
AcDbLine
 10
3894.11976337144
 20
469.0738602919955
 30
0.0
 11
3894.119763371426
 21
2547.897391473805
 31
0.0
  0
CIRCLE
  5
F21
330
1F
100
AcDbEntity
  8
AKS BALONU (BEYKENT)
100
AcDbCircle
 10
4189.119763371425
 20
2567.897391473806
 30
0.0
 40
20.0
  0
TEXT
  5
F22
330
1F
100
AcDbEntity
  8
AKS YAZISI (BEYKENT)
100
AcDbText
 10
4181.540671211865
 20
2557.897391473805
 30
0.0
 40
20.0
  1
11
  7
YAZI (BEYKENT)
 72
     1
 11
4189.119763371425
 21
2567.897391473806
 31
0.0
100
AcDbText
 73
     2
  0
CIRCLE
  5
F23
330
1F
100
AcDbEntity
  8
AKS BALONU (BEYKENT)
100
AcDbCircle
 10
4189.119763371439
 20
449.0738602919955
 30
0.0
 40
20.0
  0
TEXT
  5
F24
330
1F
100
AcDbEntity
  8
AKS YAZISI (BEYKENT)
100
AcDbText
 10
4181.540671211879
 20
439.0738602919955
 30
0.0
 40
20.0
  1
11
  7
YAZI (BEYKENT)
 72
     1
 11
4189.119763371439
 21
449.0738602919955
 31
0.0
100
AcDbText
 73
     2
  0
LINE
  5
F25
330
1F
100
AcDbEntity
  8
AKS CIZGISI (BEYKENT)
100
AcDbLine
 10
4189.119763371439
 20
469.0738602919955
 30
0.0
 11
4189.119763371425
 21
2547.897391473805
 31
0.0
  0
CIRCLE
  5
F26
330
1F
100
AcDbEntity
  8
AKS BALONU (BEYKENT)
100
AcDbCircle
 10
4409.11976337141
 20
2299.073960291996
 30
0.0
 40
20.0
  0
TEXT
  5
F27
330
1F
100
AcDbEntity
  8
AKS YAZISI (BEYKENT)
100
AcDbText
 10
4402.888676713915
 20
2289.073960291997
 30
0.0
 40
20.0
  1
A
  7
YAZI (BEYKENT)
 72
     1
 11
4409.11976337141
 21
2299.073960291996
 31
0.0
100
AcDbText
 73
     2
  0
CIRCLE
  5
F28
330
1F
100
AcDbEntity
  8
AKS BALONU (BEYKENT)
100
AcDbCircle
 10
1539.119763371411
 20
2299.073960291996
 30
0.0
 40
20.0
  0
TEXT
  5
F29
330
1F
100
AcDbEntity
  8
AKS YAZISI (BEYKENT)
100
AcDbText
 10
1532.888676713914
 20
2289.073960291997
 30
0.0
 40
20.0
  1
A
  7
YAZI (BEYKENT)
 72
     1
 11
1539.119763371411
 21
2299.073960291996
 31
0.0
100
AcDbText
 73
     2
  0
LINE
  5
F2A
330
1F
100
AcDbEntity
  8
AKS CIZGISI (BEYKENT)
100
AcDbLine
 10
1559.119763371411
 20
2299.073960291996
 30
0.0
 11
4389.11976337141
 21
2299.073960291996
 31
0.0
  0
CIRCLE
  5
F2B
330
1F
100
AcDbEntity
  8
AKS BALONU (BEYKENT)
100
AcDbCircle
 10
4409.11976337141
 20
2149.073960291997
 30
0.0
 40
20.0
  0
TEXT
  5
F2C
330
1F
100
AcDbEntity
  8
AKS YAZISI (BEYKENT)
100
AcDbText
 10
4403.211922931245
 20
2139.073960291997
 30
0.0
 40
20.0
  1
B
  7
YAZI (BEYKENT)
 72
     1
 11
4409.11976337141
 21
2149.073960291997
 31
0.0
100
AcDbText
 73
     2
  0
CIRCLE
  5
F2D
330
1F
100
AcDbEntity
  8
AKS BALONU (BEYKENT)
100
AcDbCircle
 10
1539.119763371411
 20
2149.073960291997
 30
0.0
 40
20.0
  0
TEXT
  5
F2E
330
1F
100
AcDbEntity
  8
AKS YAZISI (BEYKENT)
100
AcDbText
 10
1533.211922931246
 20
2139.073960291997
 30
0.0
 40
20.0
  1
B
  7
YAZI (BEYKENT)
 72
     1
 11
1539.119763371411
 21
2149.073960291997
 31
0.0
100
AcDbText
 73
     2
  0
LINE
  5
F2F
330
1F
100
AcDbEntity
  8
AKS CIZGISI (BEYKENT)
100
AcDbLine
 10
1559.119763371411
 20
2149.073960291997
 30
0.0
 11
4389.11976337141
 21
2149.073960291997
 31
0.0
  0
CIRCLE
  5
F30
330
1F
100
AcDbEntity
  8
AKS BALONU (BEYKENT)
100
AcDbCircle
 10
4409.11976337141
 20
1799.073960291996
 30
0.0
 40
20.0
  0
TEXT
  5
F31
330
1F
100
AcDbEntity
  8
AKS YAZISI (BEYKENT)
100
AcDbText
 10
4403.232555668522
 20
1789.073960291997
 30
0.0
 40
20.0
  1
C
  7
YAZI (BEYKENT)
 72
     1
 11
4409.11976337141
 21
1799.073960291996
 31
0.0
100
AcDbText
 73
     2
  0
CIRCLE
  5
F32
330
1F
100
AcDbEntity
  8
AKS BALONU (BEYKENT)
100
AcDbCircle
 10
1539.119763371411
 20
1799.073960291996
 30
0.0
 40
20.0
  0
TEXT
  5
F33
330
1F
100
AcDbEntity
  8
AKS YAZISI (BEYKENT)
100
AcDbText
 10
1533.232555668522
 20
1789.073960291997
 30
0.0
 40
20.0
  1
C
  7
YAZI (BEYKENT)
 72
     1
 11
1539.119763371411
 21
1799.073960291996
 31
0.0
100
AcDbText
 73
     2
  0
LINE
  5
F34
330
1F
100
AcDbEntity
  8
AKS CIZGISI (BEYKENT)
100
AcDbLine
 10
1559.119763371411
 20
1799.073960291996
 30
0.0
 11
4389.11976337141
 21
1799.073960291996
 31
0.0
  0
CIRCLE
  5
F35
330
1F
100
AcDbEntity
  8
AKS BALONU (BEYKENT)
100
AcDbCircle
 10
4409.11976337141
 20
1679.073960291997
 30
0.0
 40
20.0
  0
TEXT
  5
F36
330
1F
100
AcDbEntity
  8
AKS YAZISI (BEYKENT)
100
AcDbText
 10
4403.039983453942
 20
1669.073960291996
 30
0.0
 40
20.0
  1
D
  7
YAZI (BEYKENT)
 72
     1
 11
4409.11976337141
 21
1679.073960291997
 31
0.0
100
AcDbText
 73
     2
  0
CIRCLE
  5
F37
330
1F
100
AcDbEntity
  8
AKS BALONU (BEYKENT)
100
AcDbCircle
 10
1539.119763371411
 20
1679.073960291997
 30
0.0
 40
20.0
  0
TEXT
  5
F38
330
1F
100
AcDbEntity
  8
AKS YAZISI (BEYKENT)
100
AcDbText
 10
1533.039983453942
 20
1669.073960291996
 30
0.0
 40
20.0
  1
D
  7
YAZI (BEYKENT)
 72
     1
 11
1539.119763371411
 21
1679.073960291997
 31
0.0
100
AcDbText
 73
     2
  0
LINE
  5
F39
330
1F
100
AcDbEntity
  8
AKS CIZGISI (BEYKENT)
100
AcDbLine
 10
1559.119763371411
 20
1679.073960291997
 30
0.0
 11
4389.11976337141
 21
1679.073960291997
 31
0.0
  0
CIRCLE
  5
F3A
330
1F
100
AcDbEntity
  8
AKS BALONU (BEYKENT)
100
AcDbCircle
 10
4449.119763371411
 20
1669.073960291996
 30
0.0
 40
20.0
  0
TEXT
  5
F3B
330
1F
100
AcDbEntity
  8
AKS YAZISI (BEYKENT)
100
AcDbText
 10
4443.796517154079
 20
1659.073960291997
 30
0.0
 40
20.0
  1
E
  7
YAZI (BEYKENT)
 72
     1
 11
4449.119763371411
 21
1669.073960291996
 31
0.0
100
AcDbText
 73
     2
  0
CIRCLE
  5
F3C
330
1F
100
AcDbEntity
  8
AKS BALONU (BEYKENT)
100
AcDbCircle
 10
1499.119763371411
 20
1669.073960291996
 30
0.0
 40
20.0
  0
TEXT
  5
F3D
330
1F
100
AcDbEntity
  8
AKS YAZISI (BEYKENT)
100
AcDbText
 10
1493.796517154079
 20
1659.073960291997
 30
0.0
 40
20.0
  1
E
  7
YAZI (BEYKENT)
 72
     1
 11
1499.119763371411
 21
1669.073960291996
 31
0.0
100
AcDbText
 73
     2
  0
LINE
  5
F3E
330
1F
100
AcDbEntity
  8
AKS CIZGISI (BEYKENT)
100
AcDbLine
 10
1519.119763371411
 20
1669.073960291996
 30
0.0
 11
4429.119763371411
 21
1669.073960291996
 31
0.0
  0
CIRCLE
  5
F3F
330
1F
100
AcDbEntity
  8
AKS BALONU (BEYKENT)
100
AcDbCircle
 10
4409.11976337141
 20
1584.073960291997
 30
0.0
 40
20.0
  0
TEXT
  5
F40
330
1F
100
AcDbEntity
  8
AKS YAZISI (BEYKENT)
100
AcDbText
 10
4403.927191156831
 20
1574.073960291996
 30
0.0
 40
20.0
  1
F
  7
YAZI (BEYKENT)
 72
     1
 11
4409.11976337141
 21
1584.073960291997
 31
0.0
100
AcDbText
 73
     2
  0
CIRCLE
  5
F41
330
1F
100
AcDbEntity
  8
AKS BALONU (BEYKENT)
100
AcDbCircle
 10
1539.119763371411
 20
1584.073960291997
 30
0.0
 40
20.0
  0
TEXT
  5
F42
330
1F
100
AcDbEntity
  8
AKS YAZISI (BEYKENT)
100
AcDbText
 10
1533.92719115683
 20
1574.073960291996
 30
0.0
 40
20.0
  1
F
  7
YAZI (BEYKENT)
 72
     1
 11
1539.119763371411
 21
1584.073960291997
 31
0.0
100
AcDbText
 73
     2
  0
LINE
  5
F43
330
1F
100
AcDbEntity
  8
AKS CIZGISI (BEYKENT)
100
AcDbLine
 10
1559.119763371411
 20
1584.073960291997
 30
0.0
 11
4389.11976337141
 21
1584.073960291997
 31
0.0
  0
CIRCLE
  5
F44
330
1F
100
AcDbEntity
  8
AKS BALONU (BEYKENT)
100
AcDbCircle
 10
4409.11976337141
 20
1504.074060291994
 30
0.0
 40
20.0
  0
TEXT
  5
F45
330
1F
100
AcDbEntity
  8
AKS YAZISI (BEYKENT)
100
AcDbText
 10
4402.902431872099
 20
1494.074060291994
 30
0.0
 40
20.0
  1
G
  7
YAZI (BEYKENT)
 72
     1
 11
4409.11976337141
 21
1504.074060291994
 31
0.0
100
AcDbText
 73
     2
  0
CIRCLE
  5
F46
330
1F
100
AcDbEntity
  8
AKS BALONU (BEYKENT)
100
AcDbCircle
 10
1539.119763371411
 20
1504.074060291994
 30
0.0
 40
20.0
  0
TEXT
  5
F47
330
1F
100
AcDbEntity
  8
AKS YAZISI (BEYKENT)
100
AcDbText
 10
1532.902431872099
 20
1494.074060291994
 30
0.0
 40
20.0
  1
G
  7
YAZI (BEYKENT)
 72
     1
 11
1539.119763371411
 21
1504.074060291994
 31
0.0
100
AcDbText
 73
     2
  0
LINE
  5
F48
330
1F
100
AcDbEntity
  8
AKS CIZGISI (BEYKENT)
100
AcDbLine
 10
1559.119763371411
 20
1504.074060291994
 30
0.0
 11
4389.11976337141
 21
1504.074060291994
 31
0.0
  0
CIRCLE
  5
F49
330
1F
100
AcDbEntity
  8
AKS BALONU (BEYKENT)
100
AcDbCircle
 10
4409.11976337141
 20
1434.073960291996
 30
0.0
 40
20.0
  0
TEXT
  5
F4A
330
1F
100
AcDbEntity
  8
AKS YAZISI (BEYKENT)
100
AcDbText
 10
4403.136269561232
 20
1424.073960291996
 30
0.0
 40
20.0
  1
H
  7
YAZI (BEYKENT)
 72
     1
 11
4409.11976337141
 21
1434.073960291996
 31
0.0
100
AcDbText
 73
     2
  0
CIRCLE
  5
F4B
330
1F
100
AcDbEntity
  8
AKS BALONU (BEYKENT)
100
AcDbCircle
 10
1539.119763371411
 20
1434.073960291996
 30
0.0
 40
20.0
  0
TEXT
  5
F4C
330
1F
100
AcDbEntity
  8
AKS YAZISI (BEYKENT)
100
AcDbText
 10
1533.136269561232
 20
1424.073960291996
 30
0.0
 40
20.0
  1
H
  7
YAZI (BEYKENT)
 72
     1
 11
1539.119763371411
 21
1434.073960291996
 31
0.0
100
AcDbText
 73
     2
  0
LINE
  5
F4D
330
1F
100
AcDbEntity
  8
AKS CIZGISI (BEYKENT)
100
AcDbLine
 10
1559.119763371411
 20
1434.073960291996
 30
0.0
 11
4389.11976337141
 21
1434.073960291996
 31
0.0
  0
CIRCLE
  5
F4E
330
1F
100
AcDbEntity
  8
AKS BALONU (BEYKENT)
100
AcDbCircle
 10
4409.11976337141
 20
1349.073960291996
 30
0.0
 40
20.0
  0
TEXT
  5
F4F
330
1F
100
AcDbEntity
  8
AKS YAZISI (BEYKENT)
100
AcDbText
 10
4406.465017841837
 20
1339.073960291996
 30
0.0
 40
20.0
  1
I
  7
YAZI (BEYKENT)
 72
     1
 11
4409.11976337141
 21
1349.073960291996
 31
0.0
100
AcDbText
 73
     2
  0
CIRCLE
  5
F50
330
1F
100
AcDbEntity
  8
AKS BALONU (BEYKENT)
100
AcDbCircle
 10
1539.119763371411
 20
1349.073960291996
 30
0.0
 40
20.0
  0
TEXT
  5
F51
330
1F
100
AcDbEntity
  8
AKS YAZISI (BEYKENT)
100
AcDbText
 10
1536.465017841837
 20
1339.073960291996
 30
0.0
 40
20.0
  1
I
  7
YAZI (BEYKENT)
 72
     1
 11
1539.119763371411
 21
1349.073960291996
 31
0.0
100
AcDbText
 73
     2
  0
LINE
  5
F52
330
1F
100
AcDbEntity
  8
AKS CIZGISI (BEYKENT)
100
AcDbLine
 10
1559.119763371411
 20
1349.073960291996
 30
0.0
 11
4389.11976337141
 21
1349.073960291996
 31
0.0
  0
CIRCLE
  5
F53
330
1F
100
AcDbEntity
  8
AKS BALONU (BEYKENT)
100
AcDbCircle
 10
4409.11976337141
 20
1219.073960291997
 30
0.0
 40
20.0
  0
TEXT
  5
F54
330
1F
100
AcDbEntity
  8
AKS YAZISI (BEYKENT)
100
AcDbText
 10
4404.133518529596
 20
1209.073960291997
 30
0.0
 40
20.0
  1
J
  7
YAZI (BEYKENT)
 72
     1
 11
4409.11976337141
 21
1219.073960291997
 31
0.0
100
AcDbText
 73
     2
  0
CIRCLE
  5
F55
330
1F
100
AcDbEntity
  8
AKS BALONU (BEYKENT)
100
AcDbCircle
 10
1539.119763371411
 20
1219.073960291997
 30
0.0
 40
20.0
  0
TEXT
  5
F56
330
1F
100
AcDbEntity
  8
AKS YAZISI (BEYKENT)
100
AcDbText
 10
1534.133518529595
 20
1209.073960291997
 30
0.0
 40
20.0
  1
J
  7
YAZI (BEYKENT)
 72
     1
 11
1539.119763371411
 21
1219.073960291997
 31
0.0
100
AcDbText
 73
     2
  0
LINE
  5
F57
330
1F
100
AcDbEntity
  8
AKS CIZGISI (BEYKENT)
100
AcDbLine
 10
1559.119763371411
 20
1219.073960291997
 30
0.0
 11
4389.11976337141
 21
1219.073960291997
 31
0.0
  0
CIRCLE
  5
F58
330
1F
100
AcDbEntity
  8
AKS BALONU (BEYKENT)
100
AcDbCircle
 10
4409.11976337141
 20
1083.073960291996
 30
0.0
 40
20.0
  0
TEXT
  5
F59
330
1F
100
AcDbEntity
  8
AKS YAZISI (BEYKENT)
100
AcDbText
 10
4403.039983453942
 20
1073.073960291996
 30
0.0
 40
20.0
  1
K
  7
YAZI (BEYKENT)
 72
     1
 11
4409.11976337141
 21
1083.073960291996
 31
0.0
100
AcDbText
 73
     2
  0
CIRCLE
  5
F5A
330
1F
100
AcDbEntity
  8
AKS BALONU (BEYKENT)
100
AcDbCircle
 10
1539.119763371411
 20
1083.073960291996
 30
0.0
 40
20.0
  0
TEXT
  5
F5B
330
1F
100
AcDbEntity
  8
AKS YAZISI (BEYKENT)
100
AcDbText
 10
1533.039983453942
 20
1073.073960291996
 30
0.0
 40
20.0
  1
K
  7
YAZI (BEYKENT)
 72
     1
 11
1539.119763371411
 21
1083.073960291996
 31
0.0
100
AcDbText
 73
     2
  0
LINE
  5
F5C
330
1F
100
AcDbEntity
  8
AKS CIZGISI (BEYKENT)
100
AcDbLine
 10
1559.119763371411
 20
1083.073960291996
 30
0.0
 11
4389.11976337141
 21
1083.073960291996
 31
0.0
  0
CIRCLE
  5
F5D
330
1F
100
AcDbEntity
  8
AKS BALONU (BEYKENT)
100
AcDbCircle
 10
4409.11976337141
 20
869.0739602919967
 30
0.0
 40
20.0
  0
TEXT
  5
F5E
330
1F
100
AcDbEntity
  8
AKS YAZISI (BEYKENT)
100
AcDbText
 10
4403.934068735923
 20
859.0739602919965
 30
0.0
 40
20.0
  1
L
  7
YAZI (BEYKENT)
 72
     1
 11
4409.11976337141
 21
869.0739602919967
 31
0.0
100
AcDbText
 73
     2
  0
CIRCLE
  5
F5F
330
1F
100
AcDbEntity
  8
AKS BALONU (BEYKENT)
100
AcDbCircle
 10
1539.119763371411
 20
869.0739602919967
 30
0.0
 40
20.0
  0
TEXT
  5
F60
330
1F
100
AcDbEntity
  8
AKS YAZISI (BEYKENT)
100
AcDbText
 10
1533.934068735923
 20
859.0739602919965
 30
0.0
 40
20.0
  1
L
  7
YAZI (BEYKENT)
 72
     1
 11
1539.119763371411
 21
869.0739602919967
 31
0.0
100
AcDbText
 73
     2
  0
LINE
  5
F61
330
1F
100
AcDbEntity
  8
AKS CIZGISI (BEYKENT)
100
AcDbLine
 10
1559.119763371411
 20
869.0739602919967
 30
0.0
 11
4389.11976337141
 21
869.0739602919967
 31
0.0
  0
CIRCLE
  5
F62
330
1F
100
AcDbEntity
  8
AKS BALONU (BEYKENT)
100
AcDbCircle
 10
4409.11976337141
 20
719.0739602919966
 30
0.0
 40
20.0
  0
TEXT
  5
F63
330
1F
100
AcDbEntity
  8
AKS YAZISI (BEYKENT)
100
AcDbText
 10
4401.306833522718
 20
709.0739602919966
 30
0.0
 40
20.0
  1
M
  7
YAZI (BEYKENT)
 72
     1
 11
4409.11976337141
 21
719.0739602919966
 31
0.0
100
AcDbText
 73
     2
  0
CIRCLE
  5
F64
330
1F
100
AcDbEntity
  8
AKS BALONU (BEYKENT)
100
AcDbCircle
 10
1539.119763371411
 20
719.0739602919966
 30
0.0
 40
20.0
  0
TEXT
  5
F65
330
1F
100
AcDbEntity
  8
AKS YAZISI (BEYKENT)
100
AcDbText
 10
1531.306833522718
 20
709.0739602919966
 30
0.0
 40
20.0
  1
M
  7
YAZI (BEYKENT)
 72
     1
 11
1539.119763371411
 21
719.0739602919966
 31
0.0
100
AcDbText
 73
     2
  0
LINE
  5
F66
330
1F
100
AcDbEntity
  8
AKS CIZGISI (BEYKENT)
100
AcDbLine
 10
1559.119763371411
 20
719.0739602919966
 30
0.0
 11
4389.11976337141
 21
719.0739602919966
 31
0.0
  0
DIMENSION
  5
F67
330
1F
100
AcDbEntity
  8
AKS OLCU (BEYKENT)
100
AcDbDimension
280
     0
  2
*D148
 10
4189.119763371425
 20
2512.897391473805
 30
0.0
 11
2974.119763371426
 21
2521.021187897464
 31
0.0
 70
    33
 71
     5
 42
2430.0
 73
     0
 74
     0
 75
     0
  3
AKS_OLCU
100
AcDbAlignedDimension
 13
1759.119763371425
 23
2512.897391473805
 33
0.0
 14
4189.119763371425
 24
2512.897391473805
 34
0.0
  0
DIMENSION
  5
F68
330
1F
100
AcDbEntity
  8
AKS OLCU (BEYKENT)
100
AcDbDimension
280
     0
  2
*D149
 10
2054.119763377828
 20
2492.897391480208
 30
0.0
 11
1906.619763374627
 21
2501.021187903867
 31
0.0
 70
    33
 71
     5
 42
295.0000000064028
 73
     0
 74
     0
 75
     0
  3
AKS_OLCU
100
AcDbAlignedDimension
 13
1759.119763371425
 23
2492.897391473805
 33
0.0
 14
2054.119763377828
 24
2492.897391480208
 34
0.0
  0
DIMENSION
  5
F69
330
1F
100
AcDbEntity
  8
AKS OLCU (BEYKENT)
100
AcDbDimension
280
     0
  2
*D150
 10
2414.119863371431
 20
2492.897391473805
 30
0.0
 11
2234.119813371428
 21
2501.021187897464
 31
0.0
 70
    33
 71
     5
 42
360.0001000000048
 73
     0
 74
     0
 75
     0
  3
AKS_OLCU
100
AcDbAlignedDimension
 13
2054.119763371426
 23
2492.897391473805
 33
0.0
 14
2414.119863371431
 24
2492.897391473805
 34
0.0
  0
DIMENSION
  5
F6A
330
1F
100
AcDbEntity
  8
AKS OLCU (BEYKENT)
100
AcDbDimension
280
     0
  2
*D151
 10
2569.119763371426
 20
2492.897391473805
 30
0.0
 11
2491.619813371428
 21
2500.959289685635
 31
0.0
 70
    33
 71
     5
 42
154.9998999999952
 73
     0
 74
     0
 75
     0
  3
AKS_OLCU
100
AcDbAlignedDimension
 13
2414.119863371431
 23
2492.897391473805
 33
0.0
 14
2569.119763371426
 24
2492.897391473805
 34
0.0
  0
DIMENSION
  5
F6B
330
1F
100
AcDbEntity
  8
AKS OLCU (BEYKENT)
100
AcDbDimension
280
     0
  2
*D152
 10
2984.119763371426
 20
2492.897391473805
 30
0.0
 11
2776.619763371426
 21
2500.959289685635
 31
0.0
 70
    33
 71
     5
 42
415.0
 73
     0
 74
     0
 75
     0
  3
AKS_OLCU
100
AcDbAlignedDimension
 13
2569.119763371426
 23
2492.897391473805
 33
0.0
 14
2984.119763371426
 24
2492.897391473805
 34
0.0
  0
DIMENSION
  5
F6C
330
1F
100
AcDbEntity
  8
AKS OLCU (BEYKENT)
100
AcDbDimension
280
     0
  2
*D153
 10
3234.119763371426
 20
2492.897391473805
 30
0.0
 11
3109.119763371426
 21
2501.021187897464
 31
0.0
 70
    33
 71
     5
 42
250.0
 73
     0
 74
     0
 75
     0
  3
AKS_OLCU
100
AcDbAlignedDimension
 13
2984.119763371426
 23
2492.897391473805
 33
0.0
 14
3234.119763371426
 24
2492.897391473805
 34
0.0
  0
DIMENSION
  5
F6D
330
1F
100
AcDbEntity
  8
AKS OLCU (BEYKENT)
100
AcDbDimension
280
     0
  2
*D154
 10
3379.119763371426
 20
2492.897391473805
 30
0.0
 11
3306.619763371426
 21
2500.959289685635
 31
0.0
 70
    33
 71
     5
 42
145.0
 73
     0
 74
     0
 75
     0
  3
AKS_OLCU
100
AcDbAlignedDimension
 13
3234.119763371426
 23
2492.897391473805
 33
0.0
 14
3379.119763371426
 24
2492.897391473805
 34
0.0
  0
DIMENSION
  5
F6E
330
1F
100
AcDbEntity
  8
AKS OLCU (BEYKENT)
100
AcDbDimension
280
     0
  2
*D155
 10
3484.119763371426
 20
2492.897391473805
 30
0.0
 11
3431.619763371426
 21
2501.021187897464
 31
0.0
 70
    33
 71
     5
 42
105.0
 73
     0
 74
     0
 75
     0
  3
AKS_OLCU
100
AcDbAlignedDimension
 13
3379.119763371426
 23
2492.897391473805
 33
0.0
 14
3484.119763371426
 24
2492.897391473805
 34
0.0
  0
DIMENSION
  5
F6F
330
1F
100
AcDbEntity
  8
AKS OLCU (BEYKENT)
100
AcDbDimension
280
     0
  2
*D156
 10
3559.119763371426
 20
2492.897391473805
 30
0.0
 11
3521.619763371426
 21
2500.959289685635
 31
0.0
 70
    33
 71
     5
 42
75.0
 73
     0
 74
     0
 75
     0
  3
AKS_OLCU
100
AcDbAlignedDimension
 13
3484.119763371426
 23
2492.897391473805
 33
0.0
 14
3559.119763371426
 24
2492.897391473805
 34
0.0
  0
DIMENSION
  5
F70
330
1F
100
AcDbEntity
  8
AKS OLCU (BEYKENT)
100
AcDbDimension
280
     0
  2
*D157
 10
3894.119763371426
 20
2492.897391473805
 30
0.0
 11
3726.619763371426
 21
2501.021187897464
 31
0.0
 70
    33
 71
     5
 42
335.0
 73
     0
 74
     0
 75
     0
  3
AKS_OLCU
100
AcDbAlignedDimension
 13
3559.119763371426
 23
2492.897391473805
 33
0.0
 14
3894.119763371426
 24
2492.897391473805
 34
0.0
  0
DIMENSION
  5
F71
330
1F
100
AcDbEntity
  8
AKS OLCU (BEYKENT)
100
AcDbDimension
280
     0
  2
*D158
 10
4189.119763371425
 20
2492.897391473805
 30
0.0
 11
4041.619763371425
 21
2501.021187897464
 31
0.0
 70
    33
 71
     5
 42
295.0
 73
     0
 74
     0
 75
     0
  3
AKS_OLCU
100
AcDbAlignedDimension
 13
3894.119763371426
 23
2492.897391473805
 33
0.0
 14
4189.119763371425
 24
2492.897391473805
 34
0.0
  0
DIMENSION
  5
F72
330
1F
100
AcDbEntity
  8
AKS OLCU (BEYKENT)
100
AcDbDimension
280
     0
  2
*D159
 10
4189.119763371439
 20
504.0738602919955
 30
0.0
 11
2974.11976337144
 21
512.1976567156544
 31
0.0
 70
    33
 71
     5
 42
2430.0
 73
     0
 74
     0
 75
     0
  3
AKS_OLCU
100
AcDbAlignedDimension
 13
1759.11976337144
 23
504.0738602919955
 33
0.0
 14
4189.119763371439
 24
504.0738602919955
 34
0.0
  0
DIMENSION
  5
F73
330
1F
100
AcDbEntity
  8
AKS OLCU (BEYKENT)
100
AcDbDimension
280
     0
  2
*D160
 10
2054.11976337144
 20
524.0738602919955
 30
0.0
 11
1906.61976337144
 21
532.1976567156544
 31
0.0
 70
    33
 71
     5
 42
295.0
 73
     0
 74
     0
 75
     0
  3
AKS_OLCU
100
AcDbAlignedDimension
 13
1759.11976337144
 23
524.0738602919955
 33
0.0
 14
2054.11976337144
 24
524.0738602919955
 34
0.0
  0
DIMENSION
  5
F74
330
1F
100
AcDbEntity
  8
AKS OLCU (BEYKENT)
100
AcDbDimension
280
     0
  2
*D161
 10
2414.119863371445
 20
524.0738602919955
 30
0.0
 11
2234.119813371442
 21
532.1976567156544
 31
0.0
 70
    33
 71
     5
 42
360.0001000000048
 73
     0
 74
     0
 75
     0
  3
AKS_OLCU
100
AcDbAlignedDimension
 13
2054.11976337144
 23
524.0738602919955
 33
0.0
 14
2414.119863371445
 24
524.0738602919955
 34
0.0
  0
DIMENSION
  5
F75
330
1F
100
AcDbEntity
  8
AKS OLCU (BEYKENT)
100
AcDbDimension
280
     0
  2
*D162
 10
2569.11976337144
 20
524.0738602919955
 30
0.0
 11
2491.619813371443
 21
532.1357585038249
 31
0.0
 70
    33
 71
     5
 42
154.9998999999952
 73
     0
 74
     0
 75
     0
  3
AKS_OLCU
100
AcDbAlignedDimension
 13
2414.119863371445
 23
524.0738602919955
 33
0.0
 14
2569.11976337144
 24
524.0738602919955
 34
0.0
  0
DIMENSION
  5
F76
330
1F
100
AcDbEntity
  8
AKS OLCU (BEYKENT)
100
AcDbDimension
280
     0
  2
*D163
 10
2984.11976337144
 20
524.0738602919955
 30
0.0
 11
2776.61976337144
 21
532.1357585038249
 31
0.0
 70
    33
 71
     5
 42
415.0
 73
     0
 74
     0
 75
     0
  3
AKS_OLCU
100
AcDbAlignedDimension
 13
2569.11976337144
 23
524.0738602919955
 33
0.0
 14
2984.11976337144
 24
524.0738602919955
 34
0.0
  0
DIMENSION
  5
F77
330
1F
100
AcDbEntity
  8
AKS OLCU (BEYKENT)
100
AcDbDimension
280
     0
  2
*D164
 10
3234.11976337144
 20
524.0738602919955
 30
0.0
 11
3109.11976337144
 21
532.1976567156544
 31
0.0
 70
    33
 71
     5
 42
250.0
 73
     0
 74
     0
 75
     0
  3
AKS_OLCU
100
AcDbAlignedDimension
 13
2984.11976337144
 23
524.0738602919955
 33
0.0
 14
3234.11976337144
 24
524.0738602919955
 34
0.0
  0
DIMENSION
  5
F78
330
1F
100
AcDbEntity
  8
AKS OLCU (BEYKENT)
100
AcDbDimension
280
     0
  2
*D165
 10
3379.11976337144
 20
524.0738602919955
 30
0.0
 11
3306.61976337144
 21
532.1357585038249
 31
0.0
 70
    33
 71
     5
 42
145.0
 73
     0
 74
     0
 75
     0
  3
AKS_OLCU
100
AcDbAlignedDimension
 13
3234.11976337144
 23
524.0738602919955
 33
0.0
 14
3379.11976337144
 24
524.0738602919955
 34
0.0
  0
DIMENSION
  5
F79
330
1F
100
AcDbEntity
  8
AKS OLCU (BEYKENT)
100
AcDbDimension
280
     0
  2
*D166
 10
3484.11976337144
 20
524.0738602919955
 30
0.0
 11
3431.61976337144
 21
532.1976567156544
 31
0.0
 70
    33
 71
     5
 42
105.0
 73
     0
 74
     0
 75
     0
  3
AKS_OLCU
100
AcDbAlignedDimension
 13
3379.11976337144
 23
524.0738602919955
 33
0.0
 14
3484.11976337144
 24
524.0738602919955
 34
0.0
  0
DIMENSION
  5
F7A
330
1F
100
AcDbEntity
  8
AKS OLCU (BEYKENT)
100
AcDbDimension
280
     0
  2
*D167
 10
3559.11976337144
 20
524.0738602919955
 30
0.0
 11
3521.61976337144
 21
532.1357585038249
 31
0.0
 70
    33
 71
     5
 42
75.0
 73
     0
 74
     0
 75
     0
  3
AKS_OLCU
100
AcDbAlignedDimension
 13
3484.11976337144
 23
524.0738602919955
 33
0.0
 14
3559.11976337144
 24
524.0738602919955
 34
0.0
  0
DIMENSION
  5
F7B
330
1F
100
AcDbEntity
  8
AKS OLCU (BEYKENT)
100
AcDbDimension
280
     0
  2
*D168
 10
3894.11976337144
 20
524.0738602919955
 30
0.0
 11
3726.61976337144
 21
532.1976567156544
 31
0.0
 70
    33
 71
     5
 42
335.0
 73
     0
 74
     0
 75
     0
  3
AKS_OLCU
100
AcDbAlignedDimension
 13
3559.11976337144
 23
524.0738602919955
 33
0.0
 14
3894.11976337144
 24
524.0738602919955
 34
0.0
  0
DIMENSION
  5
F7C
330
1F
100
AcDbEntity
  8
AKS OLCU (BEYKENT)
100
AcDbDimension
280
     0
  2
*D169
 10
4189.119763371439
 20
524.0738602919955
 30
0.0
 11
4041.61976337144
 21
532.1976567156544
 31
0.0
 70
    33
 71
     5
 42
295.0
 73
     0
 74
     0
 75
     0
  3
AKS_OLCU
100
AcDbAlignedDimension
 13
3894.11976337144
 23
524.0738602919955
 33
0.0
 14
4189.119763371439
 24
524.0738602919955
 34
0.0
  0
DIMENSION
  5
F7D
330
1F
100
AcDbEntity
  8
AKS OLCU (BEYKENT)
100
AcDbDimension
280
     0
  2
*D170
 10
1594.119763372052
 20
2299.073960291998
 30
0.0
 11
1585.995966948393
 21
1509.073960291997
 31
0.0
 70
    33
 71
     5
 42
1580.0
 73
     0
 74
     0
 75
     0
  3
AKS_OLCU
100
AcDbAlignedDimension
 13
1594.119763371411
 23
719.0739602919966
 33
0.0
 14
1594.119763371411
 24
2299.073960291996
 34
0.0
  0
DIMENSION
  5
F7E
330
1F
100
AcDbEntity
  8
AKS OLCU (BEYKENT)
100
AcDbDimension
280
     0
  2
*D171
 10
1614.119763372052
 20
869.073960291997
 30
0.0
 11
1605.995966948393
 21
794.0739602919962
 31
0.0
 70
    33
 71
     5
 42
150.0000000000001
 73
     0
 74
     0
 75
     0
  3
AKS_OLCU
100
AcDbAlignedDimension
 13
1614.119763371411
 23
719.0739602919966
 33
0.0
 14
1614.119763371411
 24
869.0739602919967
 34
0.0
  0
DIMENSION
  5
F7F
330
1F
100
AcDbEntity
  8
AKS OLCU (BEYKENT)
100
AcDbDimension
280
     0
  2
*D172
 10
1614.119763372052
 20
1083.073960291997
 30
0.0
 11
1606.053738612767
 21
976.0739602919963
 31
0.0
 70
    33
 71
     5
 42
213.9999999999999
 73
     0
 74
     0
 75
     0
  3
AKS_OLCU
100
AcDbAlignedDimension
 13
1614.119763371411
 23
869.0739602919967
 33
0.0
 14
1614.119763371411
 24
1083.073960291996
 34
0.0
  0
DIMENSION
  5
F80
330
1F
100
AcDbEntity
  8
AKS OLCU (BEYKENT)
100
AcDbDimension
280
     0
  2
*D173
 10
1614.119763372052
 20
1219.073960291997
 30
0.0
 11
1605.995966948393
 21
1151.073960291996
 31
0.0
 70
    33
 71
     5
 42
136.0
 73
     0
 74
     0
 75
     0
  3
AKS_OLCU
100
AcDbAlignedDimension
 13
1614.119763371411
 23
1083.073960291996
 33
0.0
 14
1614.119763371411
 24
1219.073960291997
 34
0.0
  0
DIMENSION
  5
F81
330
1F
100
AcDbEntity
  8
AKS OLCU (BEYKENT)
100
AcDbDimension
280
     0
  2
*D174
 10
1614.119763372052
 20
1349.073960291997
 30
0.0
 11
1605.995966948393
 21
1284.073960291996
 31
0.0
 70
    33
 71
     5
 42
130.0
 73
     0
 74
     0
 75
     0
  3
AKS_OLCU
100
AcDbAlignedDimension
 13
1614.119763371411
 23
1219.073960291997
 33
0.0
 14
1614.119763371411
 24
1349.073960291996
 34
0.0
  0
DIMENSION
  5
F82
330
1F
100
AcDbEntity
  8
AKS OLCU (BEYKENT)
100
AcDbDimension
280
     0
  2
*D175
 10
1614.119763372052
 20
1434.073960291997
 30
0.0
 11
1605.995966948393
 21
1391.573960291996
 31
0.0
 70
    33
 71
     5
 42
85.0
 73
     0
 74
     0
 75
     0
  3
AKS_OLCU
100
AcDbAlignedDimension
 13
1614.119763371411
 23
1349.073960291996
 33
0.0
 14
1614.119763371411
 24
1434.073960291996
 34
0.0
  0
DIMENSION
  5
F83
330
1F
100
AcDbEntity
  8
AKS OLCU (BEYKENT)
100
AcDbDimension
280
     0
  2
*D176
 10
1614.119763372052
 20
1504.074060291994
 30
0.0
 11
1605.995966948393
 21
1469.074010291995
 31
0.0
 70
    33
 71
     5
 42
70.00009999999747
 73
     0
 74
     0
 75
     0
  3
AKS_OLCU
100
AcDbAlignedDimension
 13
1614.119763371411
 23
1434.073960291996
 33
0.0
 14
1614.119763371411
 24
1504.074060291994
 34
0.0
  0
DIMENSION
  5
F84
330
1F
100
AcDbEntity
  8
AKS OLCU (BEYKENT)
100
AcDbDimension
280
     0
  2
*D177
 10
1614.119763372052
 20
1584.073960291997
 30
0.0
 11
1605.995966948393
 21
1544.074010291995
 31
0.0
 70
    33
 71
     5
 42
79.99990000000275
 73
     0
 74
     0
 75
     0
  3
AKS_OLCU
100
AcDbAlignedDimension
 13
1614.119763371411
 23
1504.074060291994
 33
0.0
 14
1614.119763371411
 24
1584.073960291997
 34
0.0
  0
DIMENSION
  5
F85
330
1F
100
AcDbEntity
  8
AKS OLCU (BEYKENT)
100
AcDbDimension
280
     0
  2
*D178
 10
1614.119763372052
 20
1669.073960291997
 30
0.0
 11
1605.995966948393
 21
1626.573960291997
 31
0.0
 70
    33
 71
     5
 42
85.0
 73
     0
 74
     0
 75
     0
  3
AKS_OLCU
100
AcDbAlignedDimension
 13
1614.119763371411
 23
1584.073960291997
 33
0.0
 14
1614.119763371411
 24
1669.073960291996
 34
0.0
  0
DIMENSION
  5
F86
330
1F
100
AcDbEntity
  8
AKS OLCU (BEYKENT)
100
AcDbDimension
280
     0
  2
*D179
 10
1614.119763372052
 20
1679.073960291997
 30
0.0
 11
1605.995966948393
 21
1674.073960291996
 31
0.0
 70
    33
 71
     5
 42
10.0
 73
     0
 74
     0
 75
     0
  3
AKS_OLCU
100
AcDbAlignedDimension
 13
1614.119763371411
 23
1669.073960291996
 33
0.0
 14
1614.119763371411
 24
1679.073960291997
 34
0.0
  0
DIMENSION
  5
F87
330
1F
100
AcDbEntity
  8
AKS OLCU (BEYKENT)
100
AcDbDimension
280
     0
  2
*D180
 10
1614.119763372052
 20
1799.073960291998
 30
0.0
 11
1605.995966948393
 21
1739.073960291997
 31
0.0
 70
    33
 71
     5
 42
120.0
 73
     0
 74
     0
 75
     0
  3
AKS_OLCU
100
AcDbAlignedDimension
 13
1614.119763371411
 23
1679.073960291997
 33
0.0
 14
1614.119763371411
 24
1799.073960291996
 34
0.0
  0
DIMENSION
  5
F88
330
1F
100
AcDbEntity
  8
AKS OLCU (BEYKENT)
100
AcDbDimension
280
     0
  2
*D181
 10
1614.119763372052
 20
2149.073960291998
 30
0.0
 11
1605.995966948393
 21
1974.073960291996
 31
0.0
 70
    33
 71
     5
 42
350.0
 73
     0
 74
     0
 75
     0
  3
AKS_OLCU
100
AcDbAlignedDimension
 13
1614.119763371411
 23
1799.073960291996
 33
0.0
 14
1614.119763371411
 24
2149.073960291997
 34
0.0
  0
DIMENSION
  5
F89
330
1F
100
AcDbEntity
  8
AKS OLCU (BEYKENT)
100
AcDbDimension
280
     0
  2
*D182
 10
1614.119763372052
 20
2299.073960291998
 30
0.0
 11
1605.995966948393
 21
2224.073960291997
 31
0.0
 70
    33
 71
     5
 42
150.0
 73
     0
 74
     0
 75
     0
  3
AKS_OLCU
100
AcDbAlignedDimension
 13
1614.119763371411
 23
2149.073960291997
 33
0.0
 14
1614.119763371411
 24
2299.073960291996
 34
0.0
  0
DIMENSION
  5
F8A
330
1F
100
AcDbEntity
  8
AKS OLCU (BEYKENT)
100
AcDbDimension
280
     0
  2
*D183
 10
4354.119763372112
 20
2299.073960291998
 30
0.0
 11
4345.995966948453
 21
1509.073960291996
 31
0.0
 70
    33
 71
     5
 42
1580.0
 73
     0
 74
     0
 75
     0
  3
AKS_OLCU
100
AcDbAlignedDimension
 13
4354.119763371411
 23
719.0739602919966
 33
0.0
 14
4354.119763371411
 24
2299.073960291996
 34
0.0
  0
DIMENSION
  5
F8B
330
1F
100
AcDbEntity
  8
AKS OLCU (BEYKENT)
100
AcDbDimension
280
     0
  2
*D184
 10
4334.119763372112
 20
869.073960291997
 30
0.0
 11
4325.995966948452
 21
794.0739602919957
 31
0.0
 70
    33
 71
     5
 42
150.0000000000001
 73
     0
 74
     0
 75
     0
  3
AKS_OLCU
100
AcDbAlignedDimension
 13
4334.11976337141
 23
719.0739602919966
 33
0.0
 14
4334.11976337141
 24
869.0739602919967
 34
0.0
  0
DIMENSION
  5
F8C
330
1F
100
AcDbEntity
  8
AKS OLCU (BEYKENT)
100
AcDbDimension
280
     0
  2
*D185
 10
4334.119763372112
 20
1083.073960291997
 30
0.0
 11
4326.053738612826
 21
976.0739602919956
 31
0.0
 70
    33
 71
     5
 42
214.0
 73
     0
 74
     0
 75
     0
  3
AKS_OLCU
100
AcDbAlignedDimension
 13
4334.11976337141
 23
869.0739602919967
 33
0.0
 14
4334.11976337141
 24
1083.073960291996
 34
0.0
  0
DIMENSION
  5
F8D
330
1F
100
AcDbEntity
  8
AKS OLCU (BEYKENT)
100
AcDbDimension
280
     0
  2
*D186
 10
4334.119763372112
 20
1219.073960291997
 30
0.0
 11
4325.995966948452
 21
1151.073960291995
 31
0.0
 70
    33
 71
     5
 42
136.0
 73
     0
 74
     0
 75
     0
  3
AKS_OLCU
100
AcDbAlignedDimension
 13
4334.11976337141
 23
1083.073960291996
 33
0.0
 14
4334.11976337141
 24
1219.073960291997
 34
0.0
  0
DIMENSION
  5
F8E
330
1F
100
AcDbEntity
  8
AKS OLCU (BEYKENT)
100
AcDbDimension
280
     0
  2
*D187
 10
4334.119763372112
 20
1349.073960291997
 30
0.0
 11
4325.995966948452
 21
1284.073960291995
 31
0.0
 70
    33
 71
     5
 42
130.0
 73
     0
 74
     0
 75
     0
  3
AKS_OLCU
100
AcDbAlignedDimension
 13
4334.11976337141
 23
1219.073960291997
 33
0.0
 14
4334.11976337141
 24
1349.073960291996
 34
0.0
  0
DIMENSION
  5
F8F
330
1F
100
AcDbEntity
  8
AKS OLCU (BEYKENT)
100
AcDbDimension
280
     0
  2
*D188
 10
4334.119763372112
 20
1434.073960291997
 30
0.0
 11
4325.995966948452
 21
1391.573960291996
 31
0.0
 70
    33
 71
     5
 42
85.0
 73
     0
 74
     0
 75
     0
  3
AKS_OLCU
100
AcDbAlignedDimension
 13
4334.11976337141
 23
1349.073960291996
 33
0.0
 14
4334.11976337141
 24
1434.073960291996
 34
0.0
  0
DIMENSION
  5
F90
330
1F
100
AcDbEntity
  8
AKS OLCU (BEYKENT)
100
AcDbDimension
280
     0
  2
*D189
 10
4334.119763372112
 20
1504.074060291994
 30
0.0
 11
4325.995966948452
 21
1469.074010291994
 31
0.0
 70
    33
 71
     5
 42
70.00009999999747
 73
     0
 74
     0
 75
     0
  3
AKS_OLCU
100
AcDbAlignedDimension
 13
4334.11976337141
 23
1434.073960291996
 33
0.0
 14
4334.11976337141
 24
1504.074060291994
 34
0.0
  0
DIMENSION
  5
F91
330
1F
100
AcDbEntity
  8
AKS OLCU (BEYKENT)
100
AcDbDimension
280
     0
  2
*D190
 10
4334.119763372112
 20
1584.073960291997
 30
0.0
 11
4325.995966948452
 21
1544.074010291995
 31
0.0
 70
    33
 71
     5
 42
79.99990000000275
 73
     0
 74
     0
 75
     0
  3
AKS_OLCU
100
AcDbAlignedDimension
 13
4334.11976337141
 23
1504.074060291994
 33
0.0
 14
4334.11976337141
 24
1584.073960291997
 34
0.0
  0
DIMENSION
  5
F92
330
1F
100
AcDbEntity
  8
AKS OLCU (BEYKENT)
100
AcDbDimension
280
     0
  2
*D191
 10
4334.119763372112
 20
1669.073960291997
 30
0.0
 11
4325.995966948452
 21
1626.573960291996
 31
0.0
 70
    33
 71
     5
 42
85.0
 73
     0
 74
     0
 75
     0
  3
AKS_OLCU
100
AcDbAlignedDimension
 13
4334.11976337141
 23
1584.073960291997
 33
0.0
 14
4334.11976337141
 24
1669.073960291996
 34
0.0
  0
DIMENSION
  5
F93
330
1F
100
AcDbEntity
  8
AKS OLCU (BEYKENT)
100
AcDbDimension
280
     0
  2
*D192
 10
4334.119763372112
 20
1679.073960291997
 30
0.0
 11
4325.995966948452
 21
1674.073960291996
 31
0.0
 70
    33
 71
     5
 42
10.0
 73
     0
 74
     0
 75
     0
  3
AKS_OLCU
100
AcDbAlignedDimension
 13
4334.11976337141
 23
1669.073960291996
 33
0.0
 14
4334.11976337141
 24
1679.073960291997
 34
0.0
  0
DIMENSION
  5
F94
330
1F
100
AcDbEntity
  8
AKS OLCU (BEYKENT)
100
AcDbDimension
280
     0
  2
*D193
 10
4334.119763372112
 20
1799.073960291998
 30
0.0
 11
4325.995966948452
 21
1739.073960291996
 31
0.0
 70
    33
 71
     5
 42
120.0
 73
     0
 74
     0
 75
     0
  3
AKS_OLCU
100
AcDbAlignedDimension
 13
4334.11976337141
 23
1679.073960291997
 33
0.0
 14
4334.11976337141
 24
1799.073960291996
 34
0.0
  0
DIMENSION
  5
F95
330
1F
100
AcDbEntity
  8
AKS OLCU (BEYKENT)
100
AcDbDimension
280
     0
  2
*D194
 10
4334.119763372112
 20
2149.073960291998
 30
0.0
 11
4325.995966948453
 21
1974.073960291996
 31
0.0
 70
    33
 71
     5
 42
350.0
 73
     0
 74
     0
 75
     0
  3
AKS_OLCU
100
AcDbAlignedDimension
 13
4334.11976337141
 23
1799.073960291996
 33
0.0
 14
4334.11976337141
 24
2149.073960291997
 34
0.0
  0
DIMENSION
  5
F96
330
1F
100
AcDbEntity
  8
AKS OLCU (BEYKENT)
100
AcDbDimension
280
     0
  2
*D195
 10
4334.119763372112
 20
2299.073960291998
 30
0.0
 11
4325.995966948453
 21
2224.073960291996
 31
0.0
 70
    33
 71
     5
 42
150.0
 73
     0
 74
     0
 75
     0
  3
AKS_OLCU
100
AcDbAlignedDimension
 13
4334.11976337141
 23
2149.073960291997
 33
0.0
 14
4334.11976337141
 24
2299.073960291996
 34
0.0
  0
LWPOLYLINE
  5
F97
330
1F
100
AcDbEntity
  8
KAT SINIRI (BEYKENT)
100
AcDbPolyline
 90
       24
 70
     1
 43
0.0
 10
2004.119865029737
 20
2349.073960819286
 10
3944.119865052875
 20
2349.073960988211
 10
3944.119865040244
 20
2299.073960639358
 10
4189.119865038235
 20
2299.073960124126
 10
4189.119864943721
 20
1654.073959778838
 10
4064.119865058754
 20
1654.073959802703
 10
4064.119865057706
 20
1504.07395977827
 10
3559.119865006906
 20
1504.073959777004
 10
3559.119865007502
 20
1324.073959802019
 10
3484.119865008187
 20
1324.073959801379
 10
3484.119865008987
 20
1083.073959783494
 10
2984.119864994508
 20
1083.073959792546
 10
2984.119864991728
 20
719.0739602777576
 10
2649.119865037567
 20
719.07396054755
 10
2649.119865036766
 20
669.0739610383206
 10
2004.119865030247
 20
669.0739607677642
 10
2004.119865028122
 20
719.0739602939902
 10
1759.119865027846
 20
719.0739602975918
 10
1759.119865034845
 20
1349.073959783167
 10
1884.11986504119
 20
1349.073959782155
 10
1884.119865039895
 20
1669.073959777884
 10
1759.119865034845
 20
1669.073959779674
 10
1759.119865040418
 20
2299.073960291996
 10
2004.119865028311
 20
2299.073960291996
  0
LINE
  5
F98
330
1F
100
AcDbEntity
  8
KAT SINIRI (BEYKENT)
100
AcDbLine
 10
3104.119966665872
 20
1434.0739602879
 30
0.0
 11
2984.119966720471
 21
1434.073960295467
 31
0.0
  0
LINE
  5
F99
330
1F
100
AcDbEntity
  8
KAT SINIRI (BEYKENT)
100
AcDbLine
 10
3104.119966652252
 20
1218.073960286736
 30
0.0
 11
2984.119966706851
 21
1218.073960294303
 31
0.0
  0
LWPOLYLINE
  5
F9A
330
1F
100
AcDbEntity
  8
KAT SINIRI (BEYKENT)
100
AcDbPolyline
 90
        4
 70
     1
 43
0.0
 10
3104.119966665872
 20
1434.0739602879
 10
3114.119966698469
 20
1434.0739602879
 10
3114.119966698469
 20
1218.073960294419
 10
3104.119966665872
 20
1218.073960294419
  0
LINE
  5
F9B
330
1F
100
AcDbEntity
  8
KAT SINIRI (BEYKENT)
100
AcDbLine
 10
3114.119966674254
 20
1218.073960294536
 30
0.0
 11
3234.119966698469
 21
1218.073960293488
 31
0.0
  0
LINE
  5
F9C
330
1F
100
AcDbEntity
  8
KAT SINIRI (BEYKENT)
100
AcDbLine
 10
3114.119966676146
 20
1434.0739602957
 30
0.0
 11
3234.11996670036
 21
1434.073960294652
 31
0.0
  0
LINE
  5
F9D
330
1F
100
AcDbEntity
  8
KIRIS (BEYKENT)
100
AcDbLine
 10
2569.119865040419
 20
2264.073960291997
 30
0.0
 11
2079.119865040419
 21
2264.073960291997
 31
0.0
  0
LINE
  5
F9E
330
1F
100
AcDbEntity
  8
KIRIS (BEYKENT)
100
AcDbLine
 10
2079.119865040419
 20
2299.073960291996
 30
0.0
 11
2569.119865040419
 21
2299.073960291996
 31
0.0
  0
LINE
  5
F9F
330
1F
100
AcDbEntity
  8
KIRIS (BEYKENT)
100
AcDbLine
 10
2959.119865040419
 20
2264.073960291997
 30
0.0
 11
2599.119865040419
 21
2264.073960291997
 31
0.0
  0
LINE
  5
FA0
330
1F
100
AcDbEntity
  8
KIRIS (BEYKENT)
100
AcDbLine
 10
2599.119865040419
 20
2299.073960291996
 30
0.0
 11
2959.119865040419
 21
2299.073960291996
 31
0.0
  0
LINE
  5
FA1
330
1F
100
AcDbEntity
  8
KIRIS (BEYKENT)
100
AcDbLine
 10
3349.119865040419
 20
2264.073960291997
 30
0.0
 11
2984.119865040419
 21
2264.073960291997
 31
0.0
  0
LINE
  5
FA2
330
1F
100
AcDbEntity
  8
KIRIS (BEYKENT)
100
AcDbLine
 10
2984.119865040419
 20
2299.073960291996
 30
0.0
 11
3349.119865040419
 21
2299.073960291996
 31
0.0
  0
LINE
  5
FA3
330
1F
100
AcDbEntity
  8
KIRIS (BEYKENT)
100
AcDbLine
 10
3869.119865040419
 20
2264.073960291997
 30
0.0
 11
3379.119865040419
 21
2264.073960291997
 31
0.0
  0
LINE
  5
FA4
330
1F
100
AcDbEntity
  8
KIRIS (BEYKENT)
100
AcDbLine
 10
3379.119865040419
 20
2299.073960291996
 30
0.0
 11
3869.119865040419
 21
2299.073960291996
 31
0.0
  0
LINE
  5
FA5
330
1F
100
AcDbEntity
  8
KIRIS (BEYKENT)
100
AcDbLine
 10
2054.119865040419
 20
2124.073960291997
 30
0.0
 11
1789.119865040418
 21
2124.073960291997
 31
0.0
  0
LINE
  5
FA6
330
1F
100
AcDbEntity
  8
KIRIS (BEYKENT)
100
AcDbLine
 10
1789.119865040418
 20
2149.073960291997
 30
0.0
 11
2054.119865040419
 21
2149.073960291997
 31
0.0
  0
LINE
  5
FA7
330
1F
100
AcDbEntity
  8
KIRIS (BEYKENT)
100
AcDbLine
 10
2599.119865040419
 20
2239.073960291997
 30
0.0
 11
2599.119865040419
 21
2149.073960291997
 31
0.0
  0
LINE
  5
FA8
330
1F
100
AcDbEntity
  8
KIRIS (BEYKENT)
100
AcDbLine
 10
2599.119865040419
 20
2149.073960291997
 30
0.0
 11
2959.119865040419
 21
2149.073960291997
 31
0.0
  0
LINE
  5
FA9
330
1F
100
AcDbEntity
  8
KIRIS (BEYKENT)
100
AcDbLine
 10
2959.119865040419
 20
2124.073960291997
 30
0.0
 11
2599.119865040419
 21
2124.073960291997
 31
0.0
  0
LINE
  5
FAA
330
1F
100
AcDbEntity
  8
KIRIS (BEYKENT)
100
AcDbLine
 10
2599.119865040419
 20
2124.073960291997
 30
0.0
 11
2599.119865040419
 21
1859.073960291997
 31
0.0
  0
LINE
  5
FAB
330
1F
100
AcDbEntity
  8
KIRIS (BEYKENT)
100
AcDbLine
 10
2569.119865040419
 20
1859.073960291997
 30
0.0
 11
2569.119865040419
 21
2239.073960291997
 31
0.0
  0
LINE
  5
FAC
330
1F
100
AcDbEntity
  8
KIRIS (BEYKENT)
100
AcDbLine
 10
3349.119865040419
 20
2149.073960291997
 30
0.0
 11
3349.119865040419
 21
2239.073960291997
 31
0.0
  0
LINE
  5
FAD
330
1F
100
AcDbEntity
  8
KIRIS (BEYKENT)
100
AcDbLine
 10
3379.119865040419
 20
2239.073960291997
 30
0.0
 11
3379.119865040419
 21
1859.073960291997
 31
0.0
  0
LINE
  5
FAE
330
1F
100
AcDbEntity
  8
KIRIS (BEYKENT)
100
AcDbLine
 10
3349.119865040419
 20
1859.073960291997
 30
0.0
 11
3349.119865040419
 21
2124.073960291997
 31
0.0
  0
LINE
  5
FAF
330
1F
100
AcDbEntity
  8
KIRIS (BEYKENT)
100
AcDbLine
 10
3349.119865040419
 20
2124.073960291997
 30
0.0
 11
2984.119865040419
 21
2124.073960291997
 31
0.0
  0
LINE
  5
FB0
330
1F
100
AcDbEntity
  8
KIRIS (BEYKENT)
100
AcDbLine
 10
2984.119865040419
 20
2149.073960291997
 30
0.0
 11
3349.119865040419
 21
2149.073960291997
 31
0.0
  0
LINE
  5
FB1
330
1F
100
AcDbEntity
  8
KIRIS (BEYKENT)
100
AcDbLine
 10
4159.119865040419
 20
2124.073960291997
 30
0.0
 11
3894.119865040419
 21
2124.073960291997
 31
0.0
  0
LINE
  5
FB2
330
1F
100
AcDbEntity
  8
KIRIS (BEYKENT)
100
AcDbLine
 10
3894.119865040419
 20
2149.073960291997
 30
0.0
 11
4159.119865040419
 21
2149.073960291997
 31
0.0
  0
LINE
  5
FB3
330
1F
100
AcDbEntity
  8
KIRIS (BEYKENT)
100
AcDbLine
 10
2569.119865040419
 20
1799.073960291996
 30
0.0
 11
2084.119865040419
 21
1799.073960291996
 31
0.0
  0
LINE
  5
FB4
330
1F
100
AcDbEntity
  8
KIRIS (BEYKENT)
100
AcDbLine
 10
2084.119865040419
 20
1824.073960291996
 30
0.0
 11
2569.119865040419
 21
1824.073960291996
 31
0.0
  0
LINE
  5
FB5
330
1F
100
AcDbEntity
  8
KIRIS (BEYKENT)
100
AcDbLine
 10
3864.119865040418
 20
1799.073960291996
 30
0.0
 11
3379.119865040419
 21
1799.073960291996
 31
0.0
  0
LINE
  5
FB6
330
1F
100
AcDbEntity
  8
KIRIS (BEYKENT)
100
AcDbLine
 10
3379.119865040419
 20
1824.073960291996
 30
0.0
 11
3864.119865040418
 21
1824.073960291996
 31
0.0
  0
LINE
  5
FB7
330
1F
100
AcDbEntity
  8
KIRIS (BEYKENT)
100
AcDbLine
 10
2054.119865040419
 20
1324.073960291996
 30
0.0
 11
1914.119865040418
 21
1324.073960291996
 31
0.0
  0
LINE
  5
FB8
330
1F
100
AcDbEntity
  8
KIRIS (BEYKENT)
100
AcDbLine
 10
1884.119865040418
 20
1349.073960291996
 30
0.0
 11
1884.119865040418
 21
1669.073960291996
 31
0.0
  0
LINE
  5
FB9
330
1F
100
AcDbEntity
  8
KIRIS (BEYKENT)
100
AcDbLine
 10
1914.119865040418
 20
1694.073960291996
 30
0.0
 11
2054.119865040419
 21
1694.073960291996
 31
0.0
  0
LINE
  5
FBA
330
1F
100
AcDbEntity
  8
KIRIS (BEYKENT)
100
AcDbLine
 10
2054.119865040419
 20
1694.073960291996
 30
0.0
 11
2054.119865040419
 21
1799.073960291996
 31
0.0
  0
LINE
  5
FBB
330
1F
100
AcDbEntity
  8
KIRIS (BEYKENT)
100
AcDbLine
 10
2079.119865040419
 20
1799.073960291996
 30
0.0
 11
2079.119865040419
 21
1524.074060291997
 31
0.0
  0
LINE
  5
FBC
330
1F
100
AcDbEntity
  8
KIRIS (BEYKENT)
100
AcDbLine
 10
2079.119865040419
 20
1524.074060291997
 30
0.0
 11
2389.119965040423
 21
1524.074060291997
 31
0.0
  0
LINE
  5
FBD
330
1F
100
AcDbEntity
  8
KIRIS (BEYKENT)
100
AcDbLine
 10
2389.119965040423
 20
1494.074060291997
 30
0.0
 11
2079.119865040419
 21
1494.074060291997
 31
0.0
  0
LINE
  5
FBE
330
1F
100
AcDbEntity
  8
KIRIS (BEYKENT)
100
AcDbLine
 10
2079.119865040419
 20
1494.074060291997
 30
0.0
 11
2079.119865040419
 21
1219.073960291997
 31
0.0
  0
LINE
  5
FBF
330
1F
100
AcDbEntity
  8
KIRIS (BEYKENT)
100
AcDbLine
 10
2054.119865040419
 20
1219.073960291997
 30
0.0
 11
2054.119865040419
 21
1324.073960291996
 31
0.0
  0
LINE
  5
FC0
330
1F
100
AcDbEntity
  8
KIRIS (BEYKENT)
100
AcDbLine
 10
1914.119865040418
 20
1349.073960291996
 30
0.0
 11
2054.119865040419
 21
1349.073960291996
 31
0.0
  0
LINE
  5
FC1
330
1F
100
AcDbEntity
  8
KIRIS (BEYKENT)
100
AcDbLine
 10
2054.119865040419
 20
1349.073960291996
 30
0.0
 11
2054.119865040419
 21
1494.074060291997
 31
0.0
  0
LINE
  5
FC2
330
1F
100
AcDbEntity
  8
KIRIS (BEYKENT)
100
AcDbLine
 10
2054.119865040419
 20
1494.074060291997
 30
0.0
 11
1914.119865040418
 21
1494.074060291997
 31
0.0
  0
LINE
  5
FC3
330
1F
100
AcDbEntity
  8
KIRIS (BEYKENT)
100
AcDbLine
 10
1914.119865040418
 20
1494.074060291997
 30
0.0
 11
1914.119865040418
 21
1349.073960291996
 31
0.0
  0
LINE
  5
FC4
330
1F
100
AcDbEntity
  8
KIRIS (BEYKENT)
100
AcDbLine
 10
1914.119865040418
 20
1669.073960291996
 30
0.0
 11
1914.119865040418
 21
1524.074060291997
 31
0.0
  0
LINE
  5
FC5
330
1F
100
AcDbEntity
  8
KIRIS (BEYKENT)
100
AcDbLine
 10
1914.119865040418
 20
1524.074060291997
 30
0.0
 11
2054.119865040419
 21
1524.074060291997
 31
0.0
  0
LINE
  5
FC6
330
1F
100
AcDbEntity
  8
KIRIS (BEYKENT)
100
AcDbLine
 10
2054.119865040419
 20
1524.074060291997
 30
0.0
 11
2054.119865040419
 21
1669.073960291996
 31
0.0
  0
LINE
  5
FC7
330
1F
100
AcDbEntity
  8
KIRIS (BEYKENT)
100
AcDbLine
 10
2054.119865040419
 20
1669.073960291996
 30
0.0
 11
1914.119865040418
 21
1669.073960291996
 31
0.0
  0
LINE
  5
FC8
330
1F
100
AcDbEntity
  8
KIRIS (BEYKENT)
100
AcDbLine
 10
3894.119865040419
 20
1679.073960291997
 30
0.0
 11
4039.119865040418
 21
1679.073960291997
 31
0.0
  0
LINE
  5
FC9
330
1F
100
AcDbEntity
  8
KIRIS (BEYKENT)
100
AcDbLine
 10
4039.119865040418
 20
1654.073960291996
 30
0.0
 11
3559.119865040419
 21
1654.073960291996
 31
0.0
  0
LINE
  5
FCA
330
1F
100
AcDbEntity
  8
KIRIS (BEYKENT)
100
AcDbLine
 10
3559.119865040419
 20
1679.073960291997
 30
0.0
 11
3869.119865040419
 21
1679.073960291997
 31
0.0
  0
LINE
  5
FCB
330
1F
100
AcDbEntity
  8
KIRIS (BEYKENT)
100
AcDbLine
 10
3869.119865040419
 20
1679.073960291997
 30
0.0
 11
3869.119865040419
 21
1799.073960291996
 31
0.0
  0
LINE
  5
FCC
330
1F
100
AcDbEntity
  8
KIRIS (BEYKENT)
100
AcDbLine
 10
3894.119865040419
 20
1799.073960291996
 30
0.0
 11
3894.119865040419
 21
1679.073960291997
 31
0.0
  0
LINE
  5
FCD
330
1F
100
AcDbEntity
  8
KIRIS (BEYKENT)
100
AcDbLine
 10
2569.119865040419
 20
1584.073960291997
 30
0.0
 11
2414.119965040423
 21
1584.073960291997
 31
0.0
  0
LINE
  5
FCE
330
1F
100
AcDbEntity
  8
KIRIS (BEYKENT)
100
AcDbLine
 10
2414.119965040423
 20
1609.073960291997
 30
0.0
 11
2569.119865040419
 21
1609.073960291997
 31
0.0
  0
LINE
  5
FCF
330
1F
100
AcDbEntity
  8
KIRIS (BEYKENT)
100
AcDbLine
 10
2959.119865040419
 20
1584.073960291997
 30
0.0
 11
2629.119865040419
 21
1584.073960291997
 31
0.0
  0
LINE
  5
FD0
330
1F
100
AcDbEntity
  8
KIRIS (BEYKENT)
100
AcDbLine
 10
2629.119865040419
 20
1609.073960291997
 30
0.0
 11
2959.119865040419
 21
1609.073960291997
 31
0.0
  0
LINE
  5
FD1
330
1F
100
AcDbEntity
  8
KIRIS (BEYKENT)
100
AcDbLine
 10
3229.119865040419
 20
1584.073960291997
 30
0.0
 11
2984.119865040419
 21
1584.073960291997
 31
0.0
  0
LINE
  5
FD2
330
1F
100
AcDbEntity
  8
KIRIS (BEYKENT)
100
AcDbLine
 10
2984.119865040419
 20
1609.073960291997
 30
0.0
 11
3229.119865040419
 21
1609.073960291997
 31
0.0
  0
LINE
  5
FD3
330
1F
100
AcDbEntity
  8
KIRIS (BEYKENT)
100
AcDbLine
 10
3534.119865040419
 20
1584.073960291997
 30
0.0
 11
3379.119865040419
 21
1584.073960291997
 31
0.0
  0
LINE
  5
FD4
330
1F
100
AcDbEntity
  8
KIRIS (BEYKENT)
100
AcDbLine
 10
3379.119865040419
 20
1609.073960291997
 30
0.0
 11
3534.119865040419
 21
1609.073960291997
 31
0.0
  0
LINE
  5
FD5
330
1F
100
AcDbEntity
  8
KIRIS (BEYKENT)
100
AcDbLine
 10
4064.119865040418
 20
1504.074060291998
 30
0.0
 11
3559.119865040419
 21
1504.074060291998
 31
0.0
  0
LINE
  5
FD6
330
1F
100
AcDbEntity
  8
KIRIS (BEYKENT)
100
AcDbLine
 10
3559.119865040419
 20
1529.074060291998
 30
0.0
 11
4039.119865040418
 21
1529.074060291998
 31
0.0
  0
LINE
  5
FD7
330
1F
100
AcDbEntity
  8
KIRIS (BEYKENT)
100
AcDbLine
 10
4039.119865040418
 20
1529.074060291998
 30
0.0
 11
4039.119865040418
 21
1654.073960291996
 31
0.0
  0
LINE
  5
FD8
330
1F
100
AcDbEntity
  8
KIRIS (BEYKENT)
100
AcDbLine
 10
4064.119865040418
 20
1654.073960291996
 30
0.0
 11
4064.119865040418
 21
1504.074060291998
 31
0.0
  0
LINE
  5
FD9
330
1F
100
AcDbEntity
  8
KIRIS (BEYKENT)
100
AcDbLine
 10
2569.119865040419
 20
1409.073960291997
 30
0.0
 11
2414.119965040423
 21
1409.073960291997
 31
0.0
  0
LINE
  5
FDA
330
1F
100
AcDbEntity
  8
KIRIS (BEYKENT)
100
AcDbLine
 10
2414.119965040423
 20
1434.073960291996
 30
0.0
 11
2569.119865040419
 21
1434.073960291996
 31
0.0
  0
LINE
  5
FDB
330
1F
100
AcDbEntity
  8
KIRIS (BEYKENT)
100
AcDbLine
 10
2954.119865040419
 20
1409.073960291997
 30
0.0
 11
2629.119865040419
 21
1409.073960291997
 31
0.0
  0
LINE
  5
FDC
330
1F
100
AcDbEntity
  8
KIRIS (BEYKENT)
100
AcDbLine
 10
2629.119865040419
 20
1434.073960291996
 30
0.0
 11
2954.119865040419
 21
1434.073960291996
 31
0.0
  0
LINE
  5
FDD
330
1F
100
AcDbEntity
  8
KIRIS (BEYKENT)
100
AcDbLine
 10
3459.120045040422
 20
1324.073960291996
 30
0.0
 11
3259.119865040419
 21
1324.073960291996
 31
0.0
  0
LINE
  5
FDE
330
1F
100
AcDbEntity
  8
KIRIS (BEYKENT)
100
AcDbLine
 10
3259.119865040419
 20
1349.073960291996
 30
0.0
 11
3459.120045040422
 21
1349.073960291996
 31
0.0
  0
LINE
  5
FDF
330
1F
100
AcDbEntity
  8
KIRIS (BEYKENT)
100
AcDbLine
 10
2569.119865040419
 20
1194.073960291996
 30
0.0
 11
2084.119865040419
 21
1194.073960291996
 31
0.0
  0
LINE
  5
FE0
330
1F
100
AcDbEntity
  8
KIRIS (BEYKENT)
100
AcDbLine
 10
2084.119865040419
 20
1219.073960291997
 30
0.0
 11
2569.119865040419
 21
1219.073960291997
 31
0.0
  0
LINE
  5
FE1
330
1F
100
AcDbEntity
  8
KIRIS (BEYKENT)
100
AcDbLine
 10
3234.119865040419
 20
1083.073960291996
 30
0.0
 11
2984.119865040419
 21
1083.073960291996
 31
0.0
  0
LINE
  5
FE2
330
1F
100
AcDbEntity
  8
KIRIS (BEYKENT)
100
AcDbLine
 10
2984.119865040419
 20
1108.073960291996
 30
0.0
 11
3234.119865040419
 21
1108.073960291996
 31
0.0
  0
LINE
  5
FE3
330
1F
100
AcDbEntity
  8
KIRIS (BEYKENT)
100
AcDbLine
 10
3459.120045040422
 20
1083.074060291997
 30
0.0
 11
3259.119865040419
 21
1083.073960291996
 31
0.0
  0
LINE
  5
FE4
330
1F
100
AcDbEntity
  8
KIRIS (BEYKENT)
100
AcDbLine
 10
3259.119865040419
 20
1108.073960291996
 30
0.0
 11
3459.120045040422
 21
1108.073960291996
 31
0.0
  0
LINE
  5
FE5
330
1F
100
AcDbEntity
  8
KIRIS (BEYKENT)
100
AcDbLine
 10
2054.119865040419
 20
869.0739602919967
 30
0.0
 11
1789.119865040418
 21
869.0739602919967
 31
0.0
  0
LINE
  5
FE6
330
1F
100
AcDbEntity
  8
KIRIS (BEYKENT)
100
AcDbLine
 10
1789.119865040418
 20
894.0739602919967
 30
0.0
 11
2054.119865040419
 21
894.0739602919967
 31
0.0
  0
LINE
  5
FE7
330
1F
100
AcDbEntity
  8
KIRIS (BEYKENT)
100
AcDbLine
 10
2954.119865040419
 20
869.0739602919967
 30
0.0
 11
2599.119865040419
 21
869.0739602919967
 31
0.0
  0
LINE
  5
FE8
330
1F
100
AcDbEntity
  8
KIRIS (BEYKENT)
100
AcDbLine
 10
2599.119865040419
 20
894.0739602919967
 30
0.0
 11
2954.119865040419
 21
894.0739602919967
 31
0.0
  0
LINE
  5
FE9
330
1F
100
AcDbEntity
  8
KIRIS (BEYKENT)
100
AcDbLine
 10
2569.119865040419
 20
719.0739602919966
 30
0.0
 11
2079.119865040419
 21
719.0739602919966
 31
0.0
  0
LINE
  5
FEA
330
1F
100
AcDbEntity
  8
KIRIS (BEYKENT)
100
AcDbLine
 10
2079.119865040419
 20
749.0739602919965
 30
0.0
 11
2569.119865040419
 21
749.0739602919965
 31
0.0
  0
LINE
  5
FEB
330
1F
100
AcDbEntity
  8
KIRIS (BEYKENT)
100
AcDbLine
 10
1784.119865040418
 20
1324.073960291996
 30
0.0
 11
1784.119865040418
 21
929.0739602919966
 31
0.0
  0
LINE
  5
FEC
330
1F
100
AcDbEntity
  8
KIRIS (BEYKENT)
100
AcDbLine
 10
1759.119865040418
 20
929.0739602919966
 30
0.0
 11
1759.119865040418
 21
1324.073960291996
 31
0.0
  0
LINE
  5
FED
330
1F
100
AcDbEntity
  8
KIRIS (BEYKENT)
100
AcDbLine
 10
1784.119865040418
 20
2089.073960291997
 30
0.0
 11
1784.119865040418
 21
1694.073960291996
 31
0.0
  0
LINE
  5
FEE
330
1F
100
AcDbEntity
  8
KIRIS (BEYKENT)
100
AcDbLine
 10
1759.119865040418
 20
1694.073960291996
 30
0.0
 11
1759.119865040418
 21
2089.073960291997
 31
0.0
  0
LINE
  5
FEF
330
1F
100
AcDbEntity
  8
KIRIS (BEYKENT)
100
AcDbLine
 10
2079.119865040419
 20
1159.073960291996
 30
0.0
 11
2079.119865040419
 21
894.0739602919967
 31
0.0
  0
LINE
  5
FF0
330
1F
100
AcDbEntity
  8
KIRIS (BEYKENT)
100
AcDbLine
 10
2054.119865040419
 20
894.0739602919967
 30
0.0
 11
2054.119865040419
 21
1159.073960291996
 31
0.0
  0
LINE
  5
FF1
330
1F
100
AcDbEntity
  8
KIRIS (BEYKENT)
100
AcDbLine
 10
2079.119865040419
 20
2124.073960291997
 30
0.0
 11
2079.119865040419
 21
1859.073960291997
 31
0.0
  0
LINE
  5
FF2
330
1F
100
AcDbEntity
  8
KIRIS (BEYKENT)
100
AcDbLine
 10
2054.119865040419
 20
1859.073960291997
 30
0.0
 11
2054.119865040419
 21
2124.073960291997
 31
0.0
  0
LINE
  5
FF3
330
1F
100
AcDbEntity
  8
KIRIS (BEYKENT)
100
AcDbLine
 10
2599.119865040419
 20
869.0739602919967
 30
0.0
 11
2599.119865040419
 21
779.0739602919966
 31
0.0
  0
LINE
  5
FF4
330
1F
100
AcDbEntity
  8
KIRIS (BEYKENT)
100
AcDbLine
 10
2569.119865040419
 20
779.0739602919966
 30
0.0
 11
2569.119865040419
 21
869.0739602919967
 31
0.0
  0
LINE
  5
FF5
330
1F
100
AcDbEntity
  8
KIRIS (BEYKENT)
100
AcDbLine
 10
2599.119865040419
 20
1159.073960291996
 30
0.0
 11
2599.119865040419
 21
929.0739602919966
 31
0.0
  0
LINE
  5
FF6
330
1F
100
AcDbEntity
  8
KIRIS (BEYKENT)
100
AcDbLine
 10
2569.119865040419
 20
929.0739602919966
 30
0.0
 11
2569.119865040419
 21
1159.073960291996
 31
0.0
  0
LINE
  5
FF7
330
1F
100
AcDbEntity
  8
KIRIS (BEYKENT)
100
AcDbLine
 10
2599.119865040419
 20
1404.073960291996
 30
0.0
 11
2599.119865040419
 21
1219.073960291997
 31
0.0
  0
LINE
  5
FF8
330
1F
100
AcDbEntity
  8
KIRIS (BEYKENT)
100
AcDbLine
 10
2569.119865040419
 20
1219.073960291997
 30
0.0
 11
2569.119865040419
 21
1404.073960291996
 31
0.0
  0
LINE
  5
FF9
330
1F
100
AcDbEntity
  8
KIRIS (BEYKENT)
100
AcDbLine
 10
2599.119865040419
 20
1799.073960291996
 30
0.0
 11
2599.119865040419
 21
1614.073960291997
 31
0.0
  0
LINE
  5
FFA
330
1F
100
AcDbEntity
  8
KIRIS (BEYKENT)
100
AcDbLine
 10
2569.119865040419
 20
1614.073960291997
 30
0.0
 11
2569.119865040419
 21
1799.073960291996
 31
0.0
  0
LINE
  5
FFB
330
1F
100
AcDbEntity
  8
KIRIS (BEYKENT)
100
AcDbLine
 10
2984.119865040419
 20
1083.073960291996
 30
0.0
 11
2984.119865040419
 21
929.0739602919966
 31
0.0
  0
LINE
  5
FFC
330
1F
100
AcDbEntity
  8
KIRIS (BEYKENT)
100
AcDbLine
 10
2959.119865040419
 20
929.0739602919966
 30
0.0
 11
2959.119865040419
 21
1083.073960291996
 31
0.0
  0
LINE
  5
FFD
330
1F
100
AcDbEntity
  8
KIRIS (BEYKENT)
100
AcDbLine
 10
2984.119865040419
 20
1374.073960291996
 30
0.0
 11
2984.119865040419
 21
1143.073960291997
 31
0.0
  0
LINE
  5
FFE
330
1F
100
AcDbEntity
  8
KIRIS (BEYKENT)
100
AcDbLine
 10
2959.119865040419
 20
1143.073960291997
 30
0.0
 11
2959.119865040419
 21
1374.073960291996
 31
0.0
  0
LINE
  5
FFF
330
1F
100
AcDbEntity
  8
KIRIS (BEYKENT)
100
AcDbLine
 10
2984.119865040419
 20
1584.073960291997
 30
0.0
 11
2984.119865040419
 21
1434.073960291996
 31
0.0
  0
LINE
  5
1000
330
1F
100
AcDbEntity
  8
KIRIS (BEYKENT)
100
AcDbLine
 10
2959.119865040419
 20
1434.073960291996
 30
0.0
 11
2959.119865040419
 21
1584.073960291997
 31
0.0
  0
LINE
  5
1001
330
1F
100
AcDbEntity
  8
KIRIS (BEYKENT)
100
AcDbLine
 10
2984.119865040419
 20
2124.073960291997
 30
0.0
 11
2984.119865040419
 21
1734.073960291997
 31
0.0
  0
LINE
  5
1002
330
1F
100
AcDbEntity
  8
KIRIS (BEYKENT)
100
AcDbLine
 10
2959.119865040419
 20
1734.073960291997
 30
0.0
 11
2959.119865040419
 21
2124.073960291997
 31
0.0
  0
LINE
  5
1003
330
1F
100
AcDbEntity
  8
KIRIS (BEYKENT)
100
AcDbLine
 10
3259.119865040419
 20
1584.073960291997
 30
0.0
 11
3259.119865040419
 21
1349.073960291996
 31
0.0
  0
LINE
  5
1004
330
1F
100
AcDbEntity
  8
KIRIS (BEYKENT)
100
AcDbLine
 10
3234.119865040419
 20
1349.073960291996
 30
0.0
 11
3234.119865040419
 21
1584.073960291997
 31
0.0
  0
LINE
  5
1005
330
1F
100
AcDbEntity
  8
KIRIS (BEYKENT)
100
AcDbLine
 10
3379.119865040419
 20
1799.073960291996
 30
0.0
 11
3379.119865040419
 21
1609.073960291997
 31
0.0
  0
LINE
  5
1006
330
1F
100
AcDbEntity
  8
KIRIS (BEYKENT)
100
AcDbLine
 10
3349.119865040419
 20
1609.073960291997
 30
0.0
 11
3349.119865040419
 21
1799.073960291996
 31
0.0
  0
LINE
  5
1007
330
1F
100
AcDbEntity
  8
KIRIS (BEYKENT)
100
AcDbLine
 10
3559.119865040419
 20
1504.073960291997
 30
0.0
 11
3559.119865040419
 21
1349.073960291996
 31
0.0
  0
LINE
  5
1008
330
1F
100
AcDbEntity
  8
KIRIS (BEYKENT)
100
AcDbLine
 10
3534.119865040419
 20
1349.073960291996
 30
0.0
 11
3534.119865040419
 21
1504.073960291997
 31
0.0
  0
LINE
  5
1009
330
1F
100
AcDbEntity
  8
KIRIS (BEYKENT)
100
AcDbLine
 10
3894.119865040419
 20
2124.073960291997
 30
0.0
 11
3894.119865040419
 21
1859.073960291997
 31
0.0
  0
LINE
  5
100A
330
1F
100
AcDbEntity
  8
KIRIS (BEYKENT)
100
AcDbLine
 10
3869.119865040419
 20
1859.073960291997
 30
0.0
 11
3869.119865040419
 21
2124.073960291997
 31
0.0
  0
LINE
  5
100B
330
1F
100
AcDbEntity
  8
KIRIS (BEYKENT)
100
AcDbLine
 10
4189.119865040418
 20
2089.073960291997
 30
0.0
 11
4189.119865040418
 21
1679.073960291997
 31
0.0
  0
LINE
  5
100C
330
1F
100
AcDbEntity
  8
KIRIS (BEYKENT)
100
AcDbLine
 10
4164.119865040418
 20
1679.073960291997
 30
0.0
 11
4164.119865040418
 21
2089.073960291997
 31
0.0
  0
TEXT
  5
100D
330
1F
100
AcDbEntity
  8
KIRIS ISMI (BEYKENT)
100
AcDbText
 10
2099.119865040419
 20
2269.556766344266
 30
0.0
 40
12.0
  1
K5-01 (35/50)
  7
YAZI (BEYKENT)
 11
2099.119865040419
 21
2266.073960291997
 31
0.0
100
AcDbText
 73
     1
  0
TEXT
  5
100E
330
1F
100
AcDbEntity
  8
KIRIS ISMI (BEYKENT)
100
AcDbText
 10
2619.119865040419
 20
2269.556766344266
 30
0.0
 40
12.0
  1
K5-02 (35/50)
  7
YAZI (BEYKENT)
 11
2619.119865040419
 21
2266.073960291997
 31
0.0
100
AcDbText
 73
     1
  0
TEXT
  5
100F
330
1F
100
AcDbEntity
  8
KIRIS ISMI (BEYKENT)
100
AcDbText
 10
3004.119865040419
 20
2269.556766344266
 30
0.0
 40
12.0
  1
K5-03 (35/50)
  7
YAZI (BEYKENT)
 11
3004.119865040419
 21
2266.073960291997
 31
0.0
100
AcDbText
 73
     1
  0
TEXT
  5
1010
330
1F
100
AcDbEntity
  8
KIRIS ISMI (BEYKENT)
100
AcDbText
 10
3399.119865040419
 20
2269.556766344266
 30
0.0
 40
12.0
  1
K5-04 (35/50)
  7
YAZI (BEYKENT)
 11
3399.119865040419
 21
2266.073960291997
 31
0.0
100
AcDbText
 73
     1
  0
TEXT
  5
1011
330
1F
100
AcDbEntity
  8
KIRIS ISMI (BEYKENT)
100
AcDbText
 10
1809.119865040418
 20
2129.556766344266
 30
0.0
 40
12.0
  1
K5-05 (25/50)
  7
YAZI (BEYKENT)
 11
1809.119865040418
 21
2126.073960291996
 31
0.0
100
AcDbText
 73
     1
  0
TEXT
  5
1012
330
1F
100
AcDbEntity
  8
KIRIS ISMI (BEYKENT)
100
AcDbText
 10
2619.119865040419
 20
2129.556766344266
 30
0.0
 40
12.0
  1
K5-06 (25/50)
  7
YAZI (BEYKENT)
 11
2619.119865040419
 21
2126.073960291996
 31
0.0
100
AcDbText
 73
     1
  0
TEXT
  5
1013
330
1F
100
AcDbEntity
  8
KIRIS ISMI (BEYKENT)
100
AcDbText
 10
3004.119865040419
 20
2129.556766344266
 30
0.0
 40
12.0
  1
K5-07 (25/50)
  7
YAZI (BEYKENT)
 11
3004.119865040419
 21
2126.073960291996
 31
0.0
100
AcDbText
 73
     1
  0
TEXT
  5
1014
330
1F
100
AcDbEntity
  8
KIRIS ISMI (BEYKENT)
100
AcDbText
 10
3914.119865040419
 20
2129.556766344266
 30
0.0
 40
12.0
  1
K5-08 (25/50)
  7
YAZI (BEYKENT)
 11
3914.119865040419
 21
2126.073960291996
 31
0.0
100
AcDbText
 73
     1
  0
TEXT
  5
1015
330
1F
100
AcDbEntity
  8
KIRIS ISMI (BEYKENT)
100
AcDbText
 10
2104.119865040419
 20
1804.556766344266
 30
0.0
 40
12.0
  1
K5-09 (25/50)
  7
YAZI (BEYKENT)
 11
2104.119865040419
 21
1801.073960291996
 31
0.0
100
AcDbText
 73
     1
  0
TEXT
  5
1016
330
1F
100
AcDbEntity
  8
KIRIS ISMI (BEYKENT)
100
AcDbText
 10
3399.119865040419
 20
1804.556766344266
 30
0.0
 40
12.0
  1
K5-10 (25/50)
  7
YAZI (BEYKENT)
 11
3399.119865040419
 21
1801.073960291996
 31
0.0
100
AcDbText
 73
     1
  0
TEXT
  5
1017
330
1F
100
AcDbEntity
  8
KIRIS ISMI (BEYKENT)
100
AcDbText
 10
1939.119865040404
 20
1674.556766344266
 30
0.0
 40
12.0
  1
K5-11 (25/50)
  7
YAZI (BEYKENT)
 11
1939.119865040404
 21
1671.073960291996
 31
0.0
100
AcDbText
 73
     1
  0
TEXT
  5
1018
330
1F
100
AcDbEntity
  8
KIRIS ISMI (BEYKENT)
100
AcDbText
 10
3579.119865040418
 20
1659.556766344266
 30
0.0
 40
12.0
  1
K5-12 (25/50)
  7
YAZI (BEYKENT)
 11
3579.119865040418
 21
1656.073960291996
 31
0.0
100
AcDbText
 73
     1
  0
TEXT
  5
1019
330
1F
100
AcDbEntity
  8
KIRIS ISMI (BEYKENT)
100
AcDbText
 10
2423.165055256286
 20
1589.556766344266
 30
0.0
 40
12.0
  1
K5-13 (25/50)
  7
YAZI (BEYKENT)
 11
2423.165055256286
 21
1586.073960291997
 31
0.0
100
AcDbText
 73
     1
  0
TEXT
  5
101A
330
1F
100
AcDbEntity
  8
KIRIS ISMI (BEYKENT)
100
AcDbText
 10
2649.119865040419
 20
1589.556766344266
 30
0.0
 40
12.0
  1
K5-14 (25/50)
  7
YAZI (BEYKENT)
 11
2649.119865040419
 21
1586.073960291997
 31
0.0
100
AcDbText
 73
     1
  0
TEXT
  5
101B
330
1F
100
AcDbEntity
  8
KIRIS ISMI (BEYKENT)
100
AcDbText
 10
3004.119865040419
 20
1589.556766344266
 30
0.0
 40
12.0
  1
K5-15 (25/50)
  7
YAZI (BEYKENT)
 11
3004.119865040419
 21
1586.073960291997
 31
0.0
100
AcDbText
 73
     1
  0
TEXT
  5
101C
330
1F
100
AcDbEntity
  8
KIRIS ISMI (BEYKENT)
100
AcDbText
 10
3399.119865040419
 20
1589.556766344266
 30
0.0
 40
12.0
  1
K5-16 (25/50)
  7
YAZI (BEYKENT)
 11
3399.119865040419
 21
1586.073960291997
 31
0.0
100
AcDbText
 73
     1
  0
TEXT
  5
101D
330
1F
100
AcDbEntity
  8
KIRIS ISMI (BEYKENT)
100
AcDbText
 10
1934.119865040418
 20
1499.556866344267
 30
0.0
 40
12.0
  1
K5-17 (30/50)
  7
YAZI (BEYKENT)
 11
1934.119865040418
 21
1496.074060291998
 31
0.0
100
AcDbText
 73
     1
  0
TEXT
  5
101E
330
1F
100
AcDbEntity
  8
KIRIS ISMI (BEYKENT)
100
AcDbText
 10
3579.119865040418
 20
1509.556866344267
 30
0.0
 40
12.0
  1
K5-18 (25/50)
  7
YAZI (BEYKENT)
 11
3579.119865040418
 21
1506.074060291998
 31
0.0
100
AcDbText
 73
     1
  0
TEXT
  5
101F
330
1F
100
AcDbEntity
  8
KIRIS ISMI (BEYKENT)
100
AcDbText
 10
2423.165055256286
 20
1414.556766344266
 30
0.0
 40
12.0
  1
K5-19 (25/50)
  7
YAZI (BEYKENT)
 11
2423.165055256286
 21
1411.073960291997
 31
0.0
100
AcDbText
 73
     1
  0
TEXT
  5
1020
330
1F
100
AcDbEntity
  8
KIRIS ISMI (BEYKENT)
100
AcDbText
 10
2649.119865040419
 20
1414.556766344266
 30
0.0
 40
12.0
  1
K5-20 (25/50)
  7
YAZI (BEYKENT)
 11
2649.119865040419
 21
1411.073960291997
 31
0.0
100
AcDbText
 73
     1
  0
TEXT
  5
1021
330
1F
100
AcDbEntity
  8
KIRIS ISMI (BEYKENT)
100
AcDbText
 10
1939.119865040404
 20
1329.556766344266
 30
0.0
 40
12.0
  1
K5-21 (25/50)
  7
YAZI (BEYKENT)
 11
1939.119865040404
 21
1326.073960291997
 31
0.0
100
AcDbText
 73
     1
  0
TEXT
  5
1022
330
1F
100
AcDbEntity
  8
KIRIS ISMI (BEYKENT)
100
AcDbText
 10
3269.896282254201
 20
1329.556766344266
 30
0.0
 40
12.0
  1
K5-22 (25/50)
  7
YAZI (BEYKENT)
 11
3269.896282254201
 21
1326.073960291997
 31
0.0
100
AcDbText
 73
     1
  0
TEXT
  5
1023
330
1F
100
AcDbEntity
  8
KIRIS ISMI (BEYKENT)
100
AcDbText
 10
3269.896282254201
 20
1354.556766344266
 30
0.0
 40
12.0
  1
K5-23 (25/50)
  7
YAZI (BEYKENT)
 11
3269.896282254201
 21
1351.073960291997
 31
0.0
100
AcDbText
 73
     1
  0
TEXT
  5
1024
330
1F
100
AcDbEntity
  8
KIRIS ISMI (BEYKENT)
100
AcDbText
 10
2104.119865040419
 20
1199.556766344266
 30
0.0
 40
12.0
  1
K5-24 (25/50)
  7
YAZI (BEYKENT)
 11
2104.119865040419
 21
1196.073960291996
 31
0.0
100
AcDbText
 73
     1
  0
TEXT
  5
1025
330
1F
100
AcDbEntity
  8
KIRIS ISMI (BEYKENT)
100
AcDbText
 10
3004.119865040419
 20
1088.556766344266
 30
0.0
 40
12.0
  1
K5-25 (25/50)
  7
YAZI (BEYKENT)
 11
3004.119865040419
 21
1085.073960291996
 31
0.0
100
AcDbText
 73
     1
  0
TEXT
  5
1026
330
1F
100
AcDbEntity
  8
KIRIS ISMI (BEYKENT)
100
AcDbText
 10
3269.896282254201
 20
1088.556766344266
 30
0.0
 40
12.0
  1
K5-26 (25/50)
  7
YAZI (BEYKENT)
 11
3269.896282254201
 21
1085.073960291996
 31
0.0
100
AcDbText
 73
     1
  0
TEXT
  5
1027
330
1F
100
AcDbEntity
  8
KIRIS ISMI (BEYKENT)
100
AcDbText
 10
3269.896282254201
 20
1113.556766344266
 30
0.0
 40
12.0
  1
K5-27 (25/50)
  7
YAZI (BEYKENT)
 11
3269.896282254201
 21
1110.073960291996
 31
0.0
100
AcDbText
 73
     1
  0
TEXT
  5
1028
330
1F
100
AcDbEntity
  8
KIRIS ISMI (BEYKENT)
100
AcDbText
 10
1809.119865040418
 20
874.5567663442662
 30
0.0
 40
12.0
  1
K5-28 (25/50)
  7
YAZI (BEYKENT)
 11
1809.119865040418
 21
871.0739602919966
 31
0.0
100
AcDbText
 73
     1
  0
TEXT
  5
1029
330
1F
100
AcDbEntity
  8
KIRIS ISMI (BEYKENT)
100
AcDbText
 10
2619.119865040419
 20
874.5567663442662
 30
0.0
 40
12.0
  1
K5-29 (25/50)
  7
YAZI (BEYKENT)
 11
2619.119865040419
 21
871.0739602919966
 31
0.0
100
AcDbText
 73
     1
  0
TEXT
  5
102A
330
1F
100
AcDbEntity
  8
KIRIS ISMI (BEYKENT)
100
AcDbText
 10
2099.119865040419
 20
724.5567663442662
 30
0.0
 40
12.0
  1
K5-30 (30/50)
  7
YAZI (BEYKENT)
 11
2099.119865040419
 21
721.0739602919966
 31
0.0
100
AcDbText
 73
     1
  0
TEXT
  5
102B
330
1F
100
AcDbEntity
  8
KIRIS ISMI (BEYKENT)
100
AcDbText
 10
1778.637058988149
 20
1229.507247774803
 30
0.0
 40
12.0
  1
K5-31 (25/50)
 50
90.0
  7
YAZI (BEYKENT)
 72
     2
 11
1782.119865040418
 21
1304.073960291997
 31
0.0
100
AcDbText
 73
     1
  0
TEXT
  5
102C
330
1F
100
AcDbEntity
  8
KIRIS ISMI (BEYKENT)
100
AcDbText
 10
1778.637058988149
 20
1992.287165243853
 30
0.0
 40
12.0
  1
K5-32 (25/50)
 50
90.0
  7
YAZI (BEYKENT)
 72
     2
 11
1782.119865040418
 21
2069.073960291996
 31
0.0
100
AcDbText
 73
     1
  0
TEXT
  5
102D
330
1F
100
AcDbEntity
  8
KIRIS ISMI (BEYKENT)
100
AcDbText
 10
1908.637058988149
 20
1552.278912148943
 30
0.0
 40
12.0
  1
K5-33 (30/50)
 50
90.0
  7
YAZI (BEYKENT)
 72
     2
 11
1912.119865040418
 21
1629.073960291997
 31
0.0
100
AcDbText
 73
     1
  0
TEXT
  5
102E
330
1F
100
AcDbEntity
  8
KIRIS ISMI (BEYKENT)
100
AcDbText
 10
2073.637058988149
 20
1061.750714074665
 30
0.0
 40
12.0
  1
K5-34 (25/50)
 50
90.0
  7
YAZI (BEYKENT)
 72
     2
 11
2077.119865040419
 21
1139.073960291996
 31
0.0
100
AcDbText
 73
     1
  0
TEXT
  5
102F
330
1F
100
AcDbEntity
  8
KIRIS ISMI (BEYKENT)
100
AcDbText
 10
2073.637058988149
 20
1346.808164630256
 30
0.0
 40
12.0
  1
K5-35 (25/50)
 50
90.0
  7
YAZI (BEYKENT)
 72
     2
 11
2077.119865040419
 21
1423.718756102058
 31
0.0
100
AcDbText
 73
     1
  0
TEXT
  5
1030
330
1F
100
AcDbEntity
  8
KIRIS ISMI (BEYKENT)
100
AcDbText
 10
2073.637058988149
 20
1614.827744743523
 30
0.0
 40
12.0
  1
K5-36 (25/50)
 50
90.0
  7
YAZI (BEYKENT)
 72
     2
 11
2077.119865040419
 21
1691.37520003926
 31
0.0
100
AcDbText
 73
     1
  0
TEXT
  5
1031
330
1F
100
AcDbEntity
  8
KIRIS ISMI (BEYKENT)
100
AcDbText
 10
2073.637058988149
 20
2027.609035945367
 30
0.0
 40
12.0
  1
K5-37 (25/50)
 50
90.0
  7
YAZI (BEYKENT)
 72
     2
 11
2077.119865040419
 21
2104.073960291997
 31
0.0
100
AcDbText
 73
     1
  0
TEXT
  5
1032
330
1F
100
AcDbEntity
  8
KIRIS ISMI (BEYKENT)
100
AcDbText
 10
2593.637058988149
 20
782.0395723965358
 30
0.0
 40
12.0
  1
K5-38 (30/50)
 50
90.0
  7
YAZI (BEYKENT)
 72
     2
 11
2597.119865040419
 21
859.0739602919965
 31
0.0
100
AcDbText
 73
     1
  0
TEXT
  5
1033
330
1F
100
AcDbEntity
  8
KIRIS ISMI (BEYKENT)
100
AcDbText
 10
2593.637058988149
 20
1062.460480236976
 30
0.0
 40
12.0
  1
K5-39 (30/50)
 50
90.0
  7
YAZI (BEYKENT)
 72
     2
 11
2597.119865040419
 21
1139.073960291996
 31
0.0
100
AcDbText
 73
     1
  0
TEXT
  5
1034
330
1F
100
AcDbEntity
  8
KIRIS ISMI (BEYKENT)
100
AcDbText
 10
2593.637058988149
 20
1306.379324803688
 30
0.0
 40
12.0
  1
K5-40 (30/50)
 50
90.0
  7
YAZI (BEYKENT)
 72
     2
 11
2597.119865040419
 21
1384.073960291997
 31
0.0
100
AcDbText
 73
     1
  0
TEXT
  5
1035
330
1F
100
AcDbEntity
  8
KIRIS ISMI (BEYKENT)
100
AcDbText
 10
2593.637058988149
 20
1621.154969641069
 30
0.0
 40
12.0
  1
K5-41 (30/50)
 50
90.0
  7
YAZI (BEYKENT)
 72
     2
 11
2597.119865040419
 21
1696.381929751111
 31
0.0
100
AcDbText
 73
     1
  0
TEXT
  5
1036
330
1F
100
AcDbEntity
  8
KIRIS ISMI (BEYKENT)
100
AcDbText
 10
2593.637058988149
 20
2035.56594782347
 30
0.0
 40
12.0
  1
K5-42 (30/50)
 50
90.0
  7
YAZI (BEYKENT)
 72
     2
 11
2597.119865040419
 21
2113.01299046446
 31
0.0
100
AcDbText
 73
     1
  0
TEXT
  5
1037
330
1F
100
AcDbEntity
  8
KIRIS ISMI (BEYKENT)
100
AcDbText
 10
2978.637058988149
 20
985.7507140746651
 30
0.0
 40
12.0
  1
K5-43 (25/50)
 50
90.0
  7
YAZI (BEYKENT)
 72
     2
 11
2982.119865040419
 21
1063.073960291996
 31
0.0
100
AcDbText
 73
     1
  0
TEXT
  5
1038
330
1F
100
AcDbEntity
  8
KIRIS ISMI (BEYKENT)
100
AcDbText
 10
2978.637058988149
 20
1276.156491241102
 30
0.0
 40
12.0
  1
K5-44 (25/50)
 50
90.0
  7
YAZI (BEYKENT)
 72
     2
 11
2982.119865040419
 21
1354.073960291996
 31
0.0
100
AcDbText
 73
     1
  0
TEXT
  5
1039
330
1F
100
AcDbEntity
  8
KIRIS ISMI (BEYKENT)
100
AcDbText
 10
2978.637058988149
 20
1486.569145986632
 30
0.0
 40
12.0
  1
K5-45 (25/50)
 50
90.0
  7
YAZI (BEYKENT)
 72
     2
 11
2982.119865040419
 21
1564.073960291996
 31
0.0
100
AcDbText
 73
     1
  0
TEXT
  5
103A
330
1F
100
AcDbEntity
  8
KIRIS ISMI (BEYKENT)
100
AcDbText
 10
2978.637058988149
 20
2026.932282162698
 30
0.0
 40
12.0
  1
K5-46 (25/50)
 50
90.0
  7
YAZI (BEYKENT)
 72
     2
 11
2982.119865040419
 21
2104.073960291997
 31
0.0
100
AcDbText
 73
     1
  0
TEXT
  5
103B
330
1F
100
AcDbEntity
  8
KIRIS ISMI (BEYKENT)
100
AcDbText
 10
3253.637058988149
 20
1487.014813111804
 30
0.0
 40
12.0
  1
K5-47 (25/50)
 50
90.0
  7
YAZI (BEYKENT)
 72
     2
 11
3257.119865040419
 21
1564.073960291996
 31
0.0
100
AcDbText
 73
     1
  0
TEXT
  5
103C
330
1F
100
AcDbEntity
  8
KIRIS ISMI (BEYKENT)
100
AcDbText
 10
3373.637058988149
 20
1618.796598031056
 30
0.0
 40
12.0
  1
K5-48 (30/50)
 50
90.0
  7
YAZI (BEYKENT)
 72
     2
 11
3377.119865040419
 21
1696.42520876008
 31
0.0
100
AcDbText
 73
     1
  0
TEXT
  5
103D
330
1F
100
AcDbEntity
  8
KIRIS ISMI (BEYKENT)
100
AcDbText
 10
3373.637058988149
 20
2042.306421282545
 30
0.0
 40
12.0
  1
K5-49 (30/50)
 50
90.0
  7
YAZI (BEYKENT)
 72
     2
 11
3377.119865040419
 21
2119.514124171128
 31
0.0
100
AcDbText
 73
     1
  0
TEXT
  5
103E
330
1F
100
AcDbEntity
  8
KIRIS ISMI (BEYKENT)
100
AcDbText
 10
3553.63705898815
 20
1357.298375152467
 30
0.0
 40
12.0
  1
K5-50 (25/50)
 50
90.0
  7
YAZI (BEYKENT)
 72
     2
 11
3557.119865040418
 21
1434.51433113596
 31
0.0
100
AcDbText
 73
     1
  0
TEXT
  5
103F
330
1F
100
AcDbEntity
  8
KIRIS ISMI (BEYKENT)
100
AcDbText
 10
3888.637058988149
 20
1672.527386950247
 30
0.0
 40
12.0
  1
K5-51 (25/50)
 50
90.0
  7
YAZI (BEYKENT)
 72
     2
 11
3892.119865040419
 21
1747.275667555474
 31
0.0
100
AcDbText
 73
     1
  0
TEXT
  5
1040
330
1F
100
AcDbEntity
  8
KIRIS ISMI (BEYKENT)
100
AcDbText
 10
3888.637058988149
 20
2027.10559715582
 30
0.0
 40
12.0
  1
K5-52 (25/50)
 50
90.0
  7
YAZI (BEYKENT)
 72
     2
 11
3892.119865040419
 21
2104.073960291997
 31
0.0
100
AcDbText
 73
     1
  0
TEXT
  5
1041
330
1F
100
AcDbEntity
  8
KIRIS ISMI (BEYKENT)
100
AcDbText
 10
4058.637058988149
 20
1530.592493932414
 30
0.0
 40
12.0
  1
K5-53 (25/50)
 50
90.0
  7
YAZI (BEYKENT)
 72
     2
 11
4062.119865040418
 21
1607.503085404216
 31
0.0
100
AcDbText
 73
     1
  0
TEXT
  5
1042
330
1F
100
AcDbEntity
  8
KIRIS ISMI (BEYKENT)
100
AcDbText
 10
4183.637058988149
 20
1991.569145986632
 30
0.0
 40
12.0
  1
K5-54 (25/50)
 50
90.0
  7
YAZI (BEYKENT)
 72
     2
 11
4187.119865040418
 21
2069.073960291996
 31
0.0
100
AcDbText
 73
     1
  0
TEXT
  5
1043
330
1F
100
AcDbEntity
  8
KIRIS ISMI (BEYKENT)
100
AcDbText
 10
1736.42591731002
 20
2723.073960291997
 30
0.0
 40
11.0
  1
K5-32 (25/50)
  7
YAZI (BEYKENT)
 72
     1
 11
1771.619865040418
 21
2734.073960291997
 31
0.0
100
AcDbText
 73
     3
  0
TEXT
  5
1044
330
1F
100
AcDbEntity
  8
KIRIS ISMI (BEYKENT)
100
AcDbText
 10
2031.573441381547
 20
2723.073960291997
 30
0.0
 40
11.0
  1
K5-37 (25/50)
  7
YAZI (BEYKENT)
 72
     1
 11
2066.619865040419
 21
2734.073960291997
 31
0.0
100
AcDbText
 73
     3
  0
TEXT
  5
1045
330
1F
100
AcDbEntity
  8
KIRIS ISMI (BEYKENT)
100
AcDbText
 10
2548.623303829965
 20
2723.073960291997
 30
0.0
 40
11.0
  1
K5-42 (30/50)
  7
YAZI (BEYKENT)
 72
     1
 11
2584.119865040419
 21
2734.073960291997
 31
0.0
100
AcDbText
 73
     3
  0
TEXT
  5
1046
330
1F
100
AcDbEntity
  8
KIRIS ISMI (BEYKENT)
100
AcDbText
 10
2936.26326256449
 20
2723.073960291997
 30
0.0
 40
11.0
  1
K5-46 (25/50)
  7
YAZI (BEYKENT)
 72
     1
 11
2971.619865040418
 21
2734.073960291997
 31
0.0
100
AcDbText
 73
     3
  0
TEXT
  5
1047
330
1F
100
AcDbEntity
  8
KIRIS ISMI (BEYKENT)
100
AcDbText
 10
3328.733001216484
 20
2723.073960291997
 30
0.0
 40
11.0
  1
K5-49 (30/50)
  7
YAZI (BEYKENT)
 72
     1
 11
3364.119865040418
 21
2734.073960291997
 31
0.0
100
AcDbText
 73
     3
  0
TEXT
  5
1048
330
1F
100
AcDbEntity
  8
KIRIS ISMI (BEYKENT)
100
AcDbText
 10
3846.342698603005
 20
2723.073960291997
 30
0.0
 40
11.0
  1
K5-52 (25/50)
  7
YAZI (BEYKENT)
 72
     1
 11
3881.619865040419
 21
2734.073960291997
 31
0.0
100
AcDbText
 73
     3
  0
TEXT
  5
1049
330
1F
100
AcDbEntity
  8
KIRIS ISMI (BEYKENT)
100
AcDbText
 10
4141.09682515046
 20
2723.073960291997
 30
0.0
 40
11.0
  1
K5-54 (25/50)
  7
YAZI (BEYKENT)
 72
     1
 11
4176.619865040418
 21
2734.073960291997
 31
0.0
100
AcDbText
 73
     3
  0
TEXT
  5
104A
330
1F
100
AcDbEntity
  8
KIRIS ISMI (BEYKENT)
100
AcDbText
 10
1382.619865040418
 20
2247.284070333262
 30
0.0
 40
11.0
  1
K5-01 (35/50)
 50
90.0
  7
YAZI (BEYKENT)
 72
     1
 11
1377.119865040418
 21
2281.573960291996
 31
0.0
100
AcDbText
 73
     2
  0
TEXT
  5
104B
330
1F
100
AcDbEntity
  8
KIRIS ISMI (BEYKENT)
100
AcDbText
 10
1382.619865040418
 20
1776.349751213592
 30
0.0
 40
11.0
  1
K5-09 (25/50)
 50
90.0
  7
YAZI (BEYKENT)
 72
     1
 11
1377.119865040418
 21
1811.573960291996
 31
0.0
100
AcDbText
 73
     2
  0
TEXT
  5
104C
330
1F
100
AcDbEntity
  8
KIRIS ISMI (BEYKENT)
100
AcDbText
 10
1382.619865040418
 20
1474.9884344323
 30
0.0
 40
11.0
  1
K5-17 (30/50)
 50
90.0
  7
YAZI (BEYKENT)
 72
     1
 11
1377.119865040418
 21
1509.074060291998
 31
0.0
100
AcDbText
 73
     2
  0
TEXT
  5
104D
330
1F
100
AcDbEntity
  8
KIRIS ISMI (BEYKENT)
100
AcDbText
 10
1382.619865040418
 20
1171.107660429548
 30
0.0
 40
11.0
  1
K5-24 (25/50)
 50
90.0
  7
YAZI (BEYKENT)
 72
     1
 11
1377.119865040418
 21
1206.573960291996
 31
0.0
100
AcDbText
 73
     2
  0
TEXT
  5
104E
330
1F
100
AcDbEntity
  8
KIRIS ISMI (BEYKENT)
100
AcDbText
 10
1382.619865040418
 20
698.7362711585716
 30
0.0
 40
11.0
  1
K5-30 (30/50)
 50
90.0
  7
YAZI (BEYKENT)
 72
     1
 11
1377.119865040418
 21
734.0739602919966
 31
0.0
100
AcDbText
 73
     2
  0
LWPOLYLINE
  5
104F
102
{ACAD_REACTORS
330
C19
102
}
330
1F
100
AcDbEntity
  8
KOLON (BEYKENT)
100
AcDbPolyline
 90
        4
 70
     1
 43
0.0
 10
2054.119865040419
 20
2124.073960291997
 10
2079.119865040419
 20
2124.073960291997
 10
2079.119865040419
 20
2299.073960291996
 10
2054.119865040419
 20
2299.073960291996
  0
TEXT
  5
1050
330
1F
100
AcDbEntity
  8
KOLON ISMI (BEYKENT)
100
AcDbText
 10
2089.119865040419
 20
2105.556766344266
 30
0.0
 40
12.0
  1
S5-01
  7
YAZI (BEYKENT)
 11
2089.119865040419
 21
2102.073960291997
 31
0.0
100
AcDbText
 73
     1
  0
TEXT
  5
1051
330
1F
100
AcDbEntity
  8
KOLON ISMI (BEYKENT)
100
AcDbText
 10
2089.119865040419
 20
2087.556766344266
 30
0.0
 40
12.0
  1
(25/175)
  7
YAZI (BEYKENT)
 11
2089.119865040419
 21
2084.073960291997
 31
0.0
100
AcDbText
 73
     1
  0
LWPOLYLINE
  5
1052
102
{ACAD_REACTORS
330
C1A
102
}
330
1F
100
AcDbEntity
  8
KOLON (BEYKENT)
100
AcDbPolyline
 90
        4
 70
     1
 43
0.0
 10
2569.119865040419
 20
2239.073960291997
 10
2599.119865040419
 20
2239.073960291997
 10
2599.119865040419
 20
2299.073960291996
 10
2569.119865040419
 20
2299.073960291996
  0
TEXT
  5
1053
330
1F
100
AcDbEntity
  8
KOLON ISMI (BEYKENT)
100
AcDbText
 10
2609.119865040419
 20
2220.556766344266
 30
0.0
 40
12.0
  1
S5-02
  7
YAZI (BEYKENT)
 11
2609.119865040419
 21
2217.073960291997
 31
0.0
100
AcDbText
 73
     1
  0
TEXT
  5
1054
330
1F
100
AcDbEntity
  8
KOLON ISMI (BEYKENT)
100
AcDbText
 10
2609.119865040419
 20
2202.556766344266
 30
0.0
 40
12.0
  1
(30/60)
  7
YAZI (BEYKENT)
 11
2609.119865040419
 21
2199.073960291997
 31
0.0
100
AcDbText
 73
     1
  0
LWPOLYLINE
  5
1055
102
{ACAD_REACTORS
330
C1B
102
}
330
1F
100
AcDbEntity
  8
KOLON (BEYKENT)
100
AcDbPolyline
 90
        4
 70
     1
 43
0.0
 10
2959.119865040419
 20
2124.073960291997
 10
2984.119865040419
 20
2124.073960291997
 10
2984.119865040419
 20
2299.073960291996
 10
2959.119865040419
 20
2299.073960291996
  0
TEXT
  5
1056
330
1F
100
AcDbEntity
  8
KOLON ISMI (BEYKENT)
100
AcDbText
 10
2994.119865040419
 20
2105.556766344266
 30
0.0
 40
12.0
  1
S5-03
  7
YAZI (BEYKENT)
 11
2994.119865040419
 21
2102.073960291997
 31
0.0
100
AcDbText
 73
     1
  0
TEXT
  5
1057
330
1F
100
AcDbEntity
  8
KOLON ISMI (BEYKENT)
100
AcDbText
 10
2994.119865040419
 20
2087.556766344266
 30
0.0
 40
12.0
  1
(25/175)
  7
YAZI (BEYKENT)
 11
2994.119865040419
 21
2084.073960291997
 31
0.0
100
AcDbText
 73
     1
  0
LWPOLYLINE
  5
1058
102
{ACAD_REACTORS
330
C1C
102
}
330
1F
100
AcDbEntity
  8
KOLON (BEYKENT)
100
AcDbPolyline
 90
        4
 70
     1
 43
0.0
 10
3349.119865040419
 20
2239.073960291997
 10
3379.119865040419
 20
2239.073960291997
 10
3379.119865040419
 20
2299.073960291996
 10
3349.119865040419
 20
2299.073960291996
  0
TEXT
  5
1059
330
1F
100
AcDbEntity
  8
KOLON ISMI (BEYKENT)
100
AcDbText
 10
3389.119865040419
 20
2243.917568679334
 30
0.0
 40
12.0
  1
S5-04
  7
YAZI (BEYKENT)
 11
3389.119865040419
 21
2240.434762627065
 31
0.0
100
AcDbText
 73
     1
  0
TEXT
  5
105A
330
1F
100
AcDbEntity
  8
KOLON ISMI (BEYKENT)
100
AcDbText
 10
3389.119865040419
 20
2225.917568679334
 30
0.0
 40
12.0
  1
(30/60)
  7
YAZI (BEYKENT)
 11
3389.119865040419
 21
2222.434762627065
 31
0.0
100
AcDbText
 73
     1
  0
LWPOLYLINE
  5
105B
102
{ACAD_REACTORS
330
C1D
102
}
330
1F
100
AcDbEntity
  8
KOLON (BEYKENT)
100
AcDbPolyline
 90
        4
 70
     1
 43
0.0
 10
3869.119865040419
 20
2124.073960291997
 10
3894.119865040419
 20
2124.073960291997
 10
3894.119865040419
 20
2299.073960291996
 10
3869.119865040419
 20
2299.073960291996
  0
TEXT
  5
105C
330
1F
100
AcDbEntity
  8
KOLON ISMI (BEYKENT)
100
AcDbText
 10
3904.119865040419
 20
2105.556766344266
 30
0.0
 40
12.0
  1
S5-05
  7
YAZI (BEYKENT)
 11
3904.119865040419
 21
2102.073960291997
 31
0.0
100
AcDbText
 73
     1
  0
TEXT
  5
105D
330
1F
100
AcDbEntity
  8
KOLON ISMI (BEYKENT)
100
AcDbText
 10
3904.119865040419
 20
2087.556766344266
 30
0.0
 40
12.0
  1
(25/175)
  7
YAZI (BEYKENT)
 11
3904.119865040419
 21
2084.073960291997
 31
0.0
100
AcDbText
 73
     1
  0
LWPOLYLINE
  5
105E
102
{ACAD_REACTORS
330
C1E
102
}
330
1F
100
AcDbEntity
  8
KOLON (BEYKENT)
100
AcDbPolyline
 90
        4
 70
     1
 43
0.0
 10
1759.119865040418
 20
2089.073960291997
 10
1789.119865040418
 20
2089.073960291997
 10
1789.119865040418
 20
2149.073960291997
 10
1759.119865040418
 20
2149.073960291997
  0
TEXT
  5
105F
330
1F
100
AcDbEntity
  8
KOLON ISMI (BEYKENT)
100
AcDbText
 10
1799.119865040418
 20
2070.556766344266
 30
0.0
 40
12.0
  1
S5-06
  7
YAZI (BEYKENT)
 11
1799.119865040418
 21
2067.073960291997
 31
0.0
100
AcDbText
 73
     1
  0
TEXT
  5
1060
330
1F
100
AcDbEntity
  8
KOLON ISMI (BEYKENT)
100
AcDbText
 10
1799.119865040418
 20
2052.556766344266
 30
0.0
 40
12.0
  1
(30/60)
  7
YAZI (BEYKENT)
 11
1799.119865040418
 21
2049.073960291996
 31
0.0
100
AcDbText
 73
     1
  0
LWPOLYLINE
  5
1061
102
{ACAD_REACTORS
330
C1F
102
}
330
1F
100
AcDbEntity
  8
KOLON (BEYKENT)
100
AcDbPolyline
 90
        4
 70
     1
 43
0.0
 10
4159.119865040419
 20
2089.073960291997
 10
4189.119865040418
 20
2089.073960291997
 10
4189.119865040418
 20
2149.073960291997
 10
4159.119865040419
 20
2149.073960291997
  0
TEXT
  5
1062
330
1F
100
AcDbEntity
  8
KOLON ISMI (BEYKENT)
100
AcDbText
 10
4199.119865040418
 20
2070.556766344266
 30
0.0
 40
12.0
  1
S5-09
  7
YAZI (BEYKENT)
 11
4199.119865040418
 21
2067.073960291997
 31
0.0
100
AcDbText
 73
     1
  0
TEXT
  5
1063
330
1F
100
AcDbEntity
  8
KOLON ISMI (BEYKENT)
100
AcDbText
 10
4199.119865040418
 20
2052.556766344266
 30
0.0
 40
12.0
  1
(30/60)
  7
YAZI (BEYKENT)
 11
4199.119865040418
 21
2049.073960291996
 31
0.0
100
AcDbText
 73
     1
  0
LWPOLYLINE
  5
1064
102
{ACAD_REACTORS
330
C20
102
}
330
1F
100
AcDbEntity
  8
KOLON (BEYKENT)
100
AcDbPolyline
 90
        4
 70
     1
 43
0.0
 10
2054.119865040419
 20
1799.073960291996
 10
2084.119865040419
 20
1799.073960291996
 10
2084.119865040419
 20
1859.073960291997
 10
2054.119865040419
 20
1859.073960291997
  0
TEXT
  5
1065
330
1F
100
AcDbEntity
  8
KOLON ISMI (BEYKENT)
100
AcDbText
 10
2094.119865040418
 20
1850.471046582682
 30
0.0
 40
12.0
  1
S5-10
  7
YAZI (BEYKENT)
 11
2094.119865040418
 21
1846.988240530412
 31
0.0
100
AcDbText
 73
     1
  0
TEXT
  5
1066
330
1F
100
AcDbEntity
  8
KOLON ISMI (BEYKENT)
100
AcDbText
 10
2094.119865040418
 20
1832.471046582682
 30
0.0
 40
12.0
  1
(30/60)
  7
YAZI (BEYKENT)
 11
2094.119865040418
 21
1828.988240530412
 31
0.0
100
AcDbText
 73
     1
  0
LWPOLYLINE
  5
1067
102
{ACAD_REACTORS
330
C21
102
}
330
1F
100
AcDbEntity
  8
KOLON (BEYKENT)
100
AcDbPolyline
 90
        4
 70
     1
 43
0.0
 10
2569.119865040419
 20
1799.073960291996
 10
2599.119865040419
 20
1799.073960291996
 10
2599.119865040419
 20
1859.073960291997
 10
2569.119865040419
 20
1859.073960291997
  0
TEXT
  5
1068
330
1F
100
AcDbEntity
  8
KOLON ISMI (BEYKENT)
100
AcDbText
 10
2609.119865040419
 20
1823.636552637591
 30
0.0
 40
12.0
  1
S5-11
  7
YAZI (BEYKENT)
 11
2609.119865040419
 21
1820.153746585322
 31
0.0
100
AcDbText
 73
     1
  0
TEXT
  5
1069
330
1F
100
AcDbEntity
  8
KOLON ISMI (BEYKENT)
100
AcDbText
 10
2609.119865040419
 20
1805.636552637591
 30
0.0
 40
12.0
  1
(30/60)
  7
YAZI (BEYKENT)
 11
2609.119865040419
 21
1802.153746585322
 31
0.0
100
AcDbText
 73
     1
  0
LWPOLYLINE
  5
106A
102
{ACAD_REACTORS
330
C22
102
}
330
1F
100
AcDbEntity
  8
KOLON (BEYKENT)
100
AcDbPolyline
 90
        4
 70
     1
 43
0.0
 10
3349.119865040419
 20
1799.073960291996
 10
3379.119865040419
 20
1799.073960291996
 10
3379.119865040419
 20
1859.073960291997
 10
3349.119865040419
 20
1859.073960291997
  0
TEXT
  5
106B
330
1F
100
AcDbEntity
  8
KOLON ISMI (BEYKENT)
100
AcDbText
 10
3389.119865040419
 20
1849.893103570127
 30
0.0
 40
12.0
  1
S5-12
  7
YAZI (BEYKENT)
 11
3389.119865040419
 21
1846.410297517858
 31
0.0
100
AcDbText
 73
     1
  0
TEXT
  5
106C
330
1F
100
AcDbEntity
  8
KOLON ISMI (BEYKENT)
100
AcDbText
 10
3389.119865040419
 20
1831.893103570127
 30
0.0
 40
12.0
  1
(30/60)
  7
YAZI (BEYKENT)
 11
3389.119865040419
 21
1828.410297517858
 31
0.0
100
AcDbText
 73
     1
  0
LWPOLYLINE
  5
106D
102
{ACAD_REACTORS
330
C23
102
}
330
1F
100
AcDbEntity
  8
KOLON (BEYKENT)
100
AcDbPolyline
 90
        4
 70
     1
 43
0.0
 10
3864.119865040418
 20
1799.073960291996
 10
3894.119865040419
 20
1799.073960291996
 10
3894.119865040419
 20
1859.073960291997
 10
3864.119865040418
 20
1859.073960291997
  0
TEXT
  5
106E
330
1F
100
AcDbEntity
  8
KOLON ISMI (BEYKENT)
100
AcDbText
 10
3904.119865040419
 20
1823.152013384347
 30
0.0
 40
12.0
  1
S5-13
  7
YAZI (BEYKENT)
 11
3904.119865040419
 21
1819.669207332077
 31
0.0
100
AcDbText
 73
     1
  0
TEXT
  5
106F
330
1F
100
AcDbEntity
  8
KOLON ISMI (BEYKENT)
100
AcDbText
 10
3904.119865040419
 20
1805.152013384347
 30
0.0
 40
12.0
  1
(30/60)
  7
YAZI (BEYKENT)
 11
3904.119865040419
 21
1801.669207332077
 31
0.0
100
AcDbText
 73
     1
  0
LWPOLYLINE
  5
1070
102
{ACAD_REACTORS
330
C24
102
}
330
1F
100
AcDbEntity
  8
KOLON (BEYKENT)
100
AcDbPolyline
 90
        4
 70
     1
 43
0.0
 10
1759.119865040418
 20
1669.073960291996
 10
1914.119865040418
 20
1669.073960291996
 10
1914.119865040418
 20
1694.073960291996
 10
1759.119865040418
 20
1694.073960291996
  0
TEXT
  5
1071
330
1F
100
AcDbEntity
  8
KOLON ISMI (BEYKENT)
100
AcDbText
 10
1831.481251140947
 20
1650.556766344266
 30
0.0
 40
12.0
  1
S5-14
  7
YAZI (BEYKENT)
 11
1831.481251140947
 21
1647.073960291996
 31
0.0
100
AcDbText
 73
     1
  0
TEXT
  5
1072
330
1F
100
AcDbEntity
  8
KOLON ISMI (BEYKENT)
100
AcDbText
 10
1831.481251140947
 20
1632.556766344266
 30
0.0
 40
12.0
  1
(155/25)
  7
YAZI (BEYKENT)
 11
1831.481251140947
 21
1629.073960291997
 31
0.0
100
AcDbText
 73
     1
  0
LWPOLYLINE
  5
1073
102
{ACAD_REACTORS
330
C25
102
}
330
1F
100
AcDbEntity
  8
KOLON (BEYKENT)
100
AcDbPolyline
 90
        4
 70
     1
 43
0.0
 10
3534.119865040419
 20
1504.073960291997
 10
3559.119865040419
 20
1504.073960291997
 10
3559.119865040419
 20
1679.073960291997
 10
3534.119865040419
 20
1679.073960291997
  0
TEXT
  5
1074
330
1F
100
AcDbEntity
  8
KOLON ISMI (BEYKENT)
100
AcDbText
 10
3569.119865040419
 20
1485.556766344266
 30
0.0
 40
12.0
  1
S5-15
  7
YAZI (BEYKENT)
 11
3569.119865040419
 21
1482.073960291996
 31
0.0
100
AcDbText
 73
     1
  0
TEXT
  5
1075
330
1F
100
AcDbEntity
  8
KOLON ISMI (BEYKENT)
100
AcDbText
 10
3569.119865040419
 20
1467.556766344266
 30
0.0
 40
12.0
  1
(25/175)
  7
YAZI (BEYKENT)
 11
3569.119865040419
 21
1464.073960291996
 31
0.0
100
AcDbText
 73
     1
  0
LWPOLYLINE
  5
1076
102
{ACAD_REACTORS
330
C26
102
}
330
1F
100
AcDbEntity
  8
KOLON (BEYKENT)
100
AcDbPolyline
 90
        4
 70
     1
 43
0.0
 10
4039.119865040418
 20
1654.073960291996
 10
4189.119865040418
 20
1654.073960291996
 10
4189.119865040418
 20
1679.073960291997
 10
4039.119865040418
 20
1679.073960291997
  0
TEXT
  5
1077
330
1F
100
AcDbEntity
  8
KOLON ISMI (BEYKENT)
100
AcDbText
 10
4199.119865040418
 20
1635.556766344266
 30
0.0
 40
12.0
  1
S5-17
  7
YAZI (BEYKENT)
 11
4199.119865040418
 21
1632.073960291997
 31
0.0
100
AcDbText
 73
     1
  0
TEXT
  5
1078
330
1F
100
AcDbEntity
  8
KOLON ISMI (BEYKENT)
100
AcDbText
 10
4199.119865040418
 20
1617.556766344266
 30
0.0
 40
12.0
  1
(150/25)
  7
YAZI (BEYKENT)
 11
4199.119865040418
 21
1614.073960291997
 31
0.0
100
AcDbText
 73
     1
  0
LWPOLYLINE
  5
1079
102
{ACAD_REACTORS
330
C27
102
}
330
1F
100
AcDbEntity
  8
KOLON (BEYKENT)
100
AcDbPolyline
 90
        4
 70
     1
 43
0.0
 10
2569.119865040419
 20
1584.073960291997
 10
2629.119865040419
 20
1584.073960291997
 10
2629.119865040419
 20
1614.073960291997
 10
2569.119865040419
 20
1614.073960291997
  0
TEXT
  5
107A
330
1F
100
AcDbEntity
  8
KOLON ISMI (BEYKENT)
100
AcDbText
 10
2574.241638155778
 20
1565.556766344266
 30
0.0
 40
12.0
  1
S5-18
  7
YAZI (BEYKENT)
 11
2574.241638155778
 21
1562.073960291997
 31
0.0
100
AcDbText
 73
     1
  0
TEXT
  5
107B
330
1F
100
AcDbEntity
  8
KOLON ISMI (BEYKENT)
100
AcDbText
 10
2574.241638155778
 20
1547.556766344266
 30
0.0
 40
12.0
  1
(60/30)
  7
YAZI (BEYKENT)
 11
2574.241638155778
 21
1544.073960291997
 31
0.0
100
AcDbText
 73
     1
  0
LWPOLYLINE
  5
107C
102
{ACAD_REACTORS
330
C28
102
}
330
1F
100
AcDbEntity
  8
KOLON (BEYKENT)
100
AcDbPolyline
 90
        4
 70
     1
 43
0.0
 10
2959.119865040419
 20
1584.073960291997
 10
2984.119865040419
 20
1584.073960291997
 10
2984.119865040419
 20
1734.073960291997
 10
2959.119865040419
 20
1734.073960291997
  0
TEXT
  5
107D
330
1F
100
AcDbEntity
  8
KOLON ISMI (BEYKENT)
100
AcDbText
 10
2994.119865040419
 20
1565.556766344266
 30
0.0
 40
12.0
  1
S5-19
  7
YAZI (BEYKENT)
 11
2994.119865040419
 21
1562.073960291997
 31
0.0
100
AcDbText
 73
     1
  0
TEXT
  5
107E
330
1F
100
AcDbEntity
  8
KOLON ISMI (BEYKENT)
100
AcDbText
 10
2994.119865040419
 20
1547.556766344266
 30
0.0
 40
12.0
  1
(25/150)
  7
YAZI (BEYKENT)
 11
2994.119865040419
 21
1544.073960291997
 31
0.0
100
AcDbText
 73
     1
  0
LWPOLYLINE
  5
107F
102
{ACAD_REACTORS
330
C29
102
}
330
1F
100
AcDbEntity
  8
KOLON (BEYKENT)
100
AcDbPolyline
 90
        4
 70
     1
 43
0.0
 10
3229.119865040419
 20
1584.073960291997
 10
3379.119865040419
 20
1584.073960291997
 10
3379.119865040419
 20
1609.073960291997
 10
3229.119865040419
 20
1609.073960291997
  0
TEXT
  5
1080
330
1F
100
AcDbEntity
  8
KOLON ISMI (BEYKENT)
100
AcDbText
 10
3389.119865040419
 20
1565.556766344266
 30
0.0
 40
12.0
  1
S5-20
  7
YAZI (BEYKENT)
 11
3389.119865040419
 21
1562.073960291997
 31
0.0
100
AcDbText
 73
     1
  0
TEXT
  5
1081
330
1F
100
AcDbEntity
  8
KOLON ISMI (BEYKENT)
100
AcDbText
 10
3389.119865040419
 20
1547.556766344266
 30
0.0
 40
12.0
  1
(150/25)
  7
YAZI (BEYKENT)
 11
3389.119865040419
 21
1544.073960291997
 31
0.0
100
AcDbText
 73
     1
  0
LWPOLYLINE
  5
1082
102
{ACAD_REACTORS
330
C2A
102
}
330
1F
100
AcDbEntity
  8
KOLON (BEYKENT)
100
AcDbPolyline
 90
        4
 70
     1
 43
0.0
 10
2389.119965040423
 20
1409.073960291997
 10
2414.119965040423
 20
1409.073960291997
 10
2414.119965040423
 20
1609.073960291997
 10
2389.119965040423
 20
1609.073960291997
  0
TEXT
  5
1083
330
1F
100
AcDbEntity
  8
KOLON ISMI (BEYKENT)
100
AcDbText
 10
2424.119965040424
 20
1390.556766344266
 30
0.0
 40
12.0
  1
S5-22
  7
YAZI (BEYKENT)
 11
2424.119965040424
 21
1387.073960291997
 31
0.0
100
AcDbText
 73
     1
  0
TEXT
  5
1084
330
1F
100
AcDbEntity
  8
KOLON ISMI (BEYKENT)
100
AcDbText
 10
2424.119965040424
 20
1372.556766344266
 30
0.0
 40
12.0
  1
(25/200)
  7
YAZI (BEYKENT)
 11
2424.119965040424
 21
1369.073960291997
 31
0.0
100
AcDbText
 73
     1
  0
LWPOLYLINE
  5
1085
102
{ACAD_REACTORS
330
C2B
102
}
330
1F
100
AcDbEntity
  8
KOLON (BEYKENT)
100
AcDbPolyline
 90
        4
 70
     1
 43
0.0
 10
2569.119865040419
 20
1404.073960291996
 10
2629.119865040419
 20
1404.073960291996
 10
2629.119865040419
 20
1434.073960291996
 10
2569.119865040419
 20
1434.073960291996
  0
TEXT
  5
1086
330
1F
100
AcDbEntity
  8
KOLON ISMI (BEYKENT)
100
AcDbText
 10
2639.119865040419
 20
1385.556766344266
 30
0.0
 40
12.0
  1
S5-23
  7
YAZI (BEYKENT)
 11
2639.119865040419
 21
1382.073960291996
 31
0.0
100
AcDbText
 73
     1
  0
TEXT
  5
1087
330
1F
100
AcDbEntity
  8
KOLON ISMI (BEYKENT)
100
AcDbText
 10
2639.119865040419
 20
1367.556766344266
 30
0.0
 40
12.0
  1
(60/30)
  7
YAZI (BEYKENT)
 11
2639.119865040419
 21
1364.073960291996
 31
0.0
100
AcDbText
 73
     1
  0
LWPOLYLINE
  5
1088
102
{ACAD_REACTORS
330
C2C
102
}
330
1F
100
AcDbEntity
  8
KOLON (BEYKENT)
100
AcDbPolyline
 90
        4
 70
     1
 43
0.0
 10
2954.119865040419
 20
1374.073960291996
 10
2984.119865040419
 20
1374.073960291996
 10
2984.119865040419
 20
1434.073960291996
 10
2954.119865040419
 20
1434.073960291996
  0
TEXT
  5
1089
330
1F
100
AcDbEntity
  8
KOLON ISMI (BEYKENT)
100
AcDbText
 10
2994.119865040419
 20
1355.556766344266
 30
0.0
 40
12.0
  1
S5-24
  7
YAZI (BEYKENT)
 11
2994.119865040419
 21
1352.073960291997
 31
0.0
100
AcDbText
 73
     1
  0
TEXT
  5
108A
330
1F
100
AcDbEntity
  8
KOLON ISMI (BEYKENT)
100
AcDbText
 10
2994.119865040419
 20
1337.556766344266
 30
0.0
 40
12.0
  1
(30/60)
  7
YAZI (BEYKENT)
 11
2994.119865040419
 21
1334.073960291997
 31
0.0
100
AcDbText
 73
     1
  0
LWPOLYLINE
  5
108B
102
{ACAD_REACTORS
330
C2D
102
}
330
1F
100
AcDbEntity
  8
KOLON (BEYKENT)
100
AcDbPolyline
 90
        4
 70
     1
 43
0.0
 10
1759.119865040418
 20
1324.073960291996
 10
1914.119865040418
 20
1324.073960291996
 10
1914.119865040418
 20
1349.073960291996
 10
1759.119865040418
 20
1349.073960291996
  0
TEXT
  5
108C
330
1F
100
AcDbEntity
  8
KOLON ISMI (BEYKENT)
100
AcDbText
 10
1924.119865040418
 20
1305.556766344266
 30
0.0
 40
12.0
  1
S5-25
  7
YAZI (BEYKENT)
 11
1924.119865040418
 21
1302.073960291997
 31
0.0
100
AcDbText
 73
     1
  0
TEXT
  5
108D
330
1F
100
AcDbEntity
  8
KOLON ISMI (BEYKENT)
100
AcDbText
 10
1924.119865040418
 20
1287.556766344266
 30
0.0
 40
12.0
  1
(155/25)
  7
YAZI (BEYKENT)
 11
1924.119865040418
 21
1284.073960291997
 31
0.0
100
AcDbText
 73
     1
  0
LWPOLYLINE
  5
108E
102
{ACAD_REACTORS
330
C2E
102
}
330
1F
100
AcDbEntity
  8
KOLON (BEYKENT)
100
AcDbPolyline
 90
        6
 70
     1
 43
0.0
 10
3484.11991844618
 20
1324.074080291997
 10
3559.119915040421
 20
1324.074080291997
 10
3559.119915040421
 20
1349.073960291996
 10
3459.120045040422
 20
1349.073960291996
 10
3459.120045040422
 20
1083.074060291997
 10
3484.11991844618
 20
1083.074060291997
  0
TEXT
  5
108F
330
1F
100
AcDbEntity
  8
KOLON ISMI (BEYKENT)
100
AcDbText
 10
3494.11991844618
 20
1064.556866344267
 30
0.0
 40
12.0
  1
S5-26
  7
YAZI (BEYKENT)
 11
3494.11991844618
 21
1061.074060291997
 31
0.0
100
AcDbText
 73
     1
  0
LWPOLYLINE
  5
1090
102
{ACAD_REACTORS
330
C2F
102
}
330
1F
100
AcDbEntity
  8
KOLON (BEYKENT)
100
AcDbPolyline
 90
        4
 70
     1
 43
0.0
 10
2054.119865040419
 20
1159.073960291996
 10
2084.119865040419
 20
1159.073960291996
 10
2084.119865040419
 20
1219.073960291997
 10
2054.119865040419
 20
1219.073960291997
  0
TEXT
  5
1091
330
1F
100
AcDbEntity
  8
KOLON ISMI (BEYKENT)
100
AcDbText
 10
2094.119865040418
 20
1140.556766344266
 30
0.0
 40
12.0
  1
S5-27
  7
YAZI (BEYKENT)
 11
2094.119865040418
 21
1137.073960291997
 31
0.0
100
AcDbText
 73
     1
  0
TEXT
  5
1092
330
1F
100
AcDbEntity
  8
KOLON ISMI (BEYKENT)
100
AcDbText
 10
2094.119865040418
 20
1122.556766344266
 30
0.0
 40
12.0
  1
(30/60)
  7
YAZI (BEYKENT)
 11
2094.119865040418
 21
1119.073960291997
 31
0.0
100
AcDbText
 73
     1
  0
LWPOLYLINE
  5
1093
102
{ACAD_REACTORS
330
C30
102
}
330
1F
100
AcDbEntity
  8
KOLON (BEYKENT)
100
AcDbPolyline
 90
        4
 70
     1
 43
0.0
 10
2569.119865040419
 20
1159.073960291996
 10
2599.119865040419
 20
1159.073960291996
 10
2599.119865040419
 20
1219.073960291997
 10
2569.119865040419
 20
1219.073960291997
  0
TEXT
  5
1094
330
1F
100
AcDbEntity
  8
KOLON ISMI (BEYKENT)
100
AcDbText
 10
2609.119865040419
 20
1140.556766344266
 30
0.0
 40
12.0
  1
S5-28
  7
YAZI (BEYKENT)
 11
2609.119865040419
 21
1137.073960291997
 31
0.0
100
AcDbText
 73
     1
  0
TEXT
  5
1095
330
1F
100
AcDbEntity
  8
KOLON ISMI (BEYKENT)
100
AcDbText
 10
2609.119865040419
 20
1122.556766344266
 30
0.0
 40
12.0
  1
(30/60)
  7
YAZI (BEYKENT)
 11
2609.119865040419
 21
1119.073960291997
 31
0.0
100
AcDbText
 73
     1
  0
LWPOLYLINE
  5
1096
102
{ACAD_REACTORS
330
C31
102
}
330
1F
100
AcDbEntity
  8
KOLON (BEYKENT)
100
AcDbPolyline
 90
        4
 70
     1
 43
0.0
 10
2954.119865040419
 20
1083.073960291996
 10
2984.119865040419
 20
1083.073960291996
 10
2984.119865040419
 20
1143.073960291997
 10
2954.119865040419
 20
1143.073960291997
  0
TEXT
  5
1097
330
1F
100
AcDbEntity
  8
KOLON ISMI (BEYKENT)
100
AcDbText
 10
2994.119865040419
 20
1064.556766344266
 30
0.0
 40
12.0
  1
S5-29
  7
YAZI (BEYKENT)
 11
2994.119865040419
 21
1061.073960291996
 31
0.0
100
AcDbText
 73
     1
  0
TEXT
  5
1098
330
1F
100
AcDbEntity
  8
KOLON ISMI (BEYKENT)
100
AcDbText
 10
2994.119865040419
 20
1046.556766344266
 30
0.0
 40
12.0
  1
(30/60)
  7
YAZI (BEYKENT)
 11
2994.119865040419
 21
1043.073960291996
 31
0.0
100
AcDbText
 73
     1
  0
LWPOLYLINE
  5
1099
102
{ACAD_REACTORS
330
C32
102
}
330
1F
100
AcDbEntity
  8
KOLON (BEYKENT)
100
AcDbPolyline
 90
        4
 70
     1
 43
0.0
 10
3234.119865040419
 20
1083.073960291996
 10
3259.119865040419
 20
1083.073960291996
 10
3259.119865040419
 20
1349.073960291996
 10
3234.119865040419
 20
1349.073960291996
  0
TEXT
  5
109A
330
1F
100
AcDbEntity
  8
KOLON ISMI (BEYKENT)
100
AcDbText
 10
3269.119865040419
 20
1064.556766344266
 30
0.0
 40
12.0
  1
S5-30
  7
YAZI (BEYKENT)
 11
3269.119865040419
 21
1061.073960291996
 31
0.0
100
AcDbText
 73
     1
  0
TEXT
  5
109B
330
1F
100
AcDbEntity
  8
KOLON ISMI (BEYKENT)
100
AcDbText
 10
3269.119865040419
 20
1046.556766344266
 30
0.0
 40
12.0
  1
(25/266)
  7
YAZI (BEYKENT)
 11
3269.119865040419
 21
1043.073960291996
 31
0.0
100
AcDbText
 73
     1
  0
LWPOLYLINE
  5
109C
102
{ACAD_REACTORS
330
C33
102
}
330
1F
100
AcDbEntity
  8
KOLON (BEYKENT)
100
AcDbPolyline
 90
        4
 70
     1
 43
0.0
 10
1759.119865040418
 20
869.0739602919967
 10
1789.119865040418
 20
869.0739602919967
 10
1789.119865040418
 20
929.0739602919966
 10
1759.119865040418
 20
929.0739602919966
  0
TEXT
  5
109D
330
1F
100
AcDbEntity
  8
KOLON ISMI (BEYKENT)
100
AcDbText
 10
1799.119865040418
 20
850.5567663442661
 30
0.0
 40
12.0
  1
S5-32
  7
YAZI (BEYKENT)
 11
1799.119865040418
 21
847.0739602919966
 31
0.0
100
AcDbText
 73
     1
  0
TEXT
  5
109E
330
1F
100
AcDbEntity
  8
KOLON ISMI (BEYKENT)
100
AcDbText
 10
1799.119865040418
 20
832.5567663442662
 30
0.0
 40
12.0
  1
(30/60)
  7
YAZI (BEYKENT)
 11
1799.119865040418
 21
829.0739602919966
 31
0.0
100
AcDbText
 73
     1
  0
LWPOLYLINE
  5
109F
102
{ACAD_REACTORS
330
C34
102
}
330
1F
100
AcDbEntity
  8
KOLON (BEYKENT)
100
AcDbPolyline
 90
        4
 70
     1
 43
0.0
 10
2569.119865040419
 20
869.0739602919967
 10
2599.119865040419
 20
869.0739602919967
 10
2599.119865040419
 20
929.0739602919966
 10
2569.119865040419
 20
929.0739602919966
  0
TEXT
  5
10A0
330
1F
100
AcDbEntity
  8
KOLON ISMI (BEYKENT)
100
AcDbText
 10
2609.119865040419
 20
920.0712088751489
 30
0.0
 40
12.0
  1
S5-33
  7
YAZI (BEYKENT)
 11
2609.119865040419
 21
916.5884028228793
 31
0.0
100
AcDbText
 73
     1
  0
TEXT
  5
10A1
330
1F
100
AcDbEntity
  8
KOLON ISMI (BEYKENT)
100
AcDbText
 10
2609.119865040419
 20
902.0712088751489
 30
0.0
 40
12.0
  1
(30/60)
  7
YAZI (BEYKENT)
 11
2609.119865040419
 21
898.5884028228793
 31
0.0
100
AcDbText
 73
     1
  0
LWPOLYLINE
  5
10A2
102
{ACAD_REACTORS
330
C35
102
}
330
1F
100
AcDbEntity
  8
KOLON (BEYKENT)
100
AcDbPolyline
 90
        4
 70
     1
 43
0.0
 10
2954.119865040419
 20
869.0739602919967
 10
2984.119865040419
 20
869.0739602919967
 10
2984.119865040419
 20
929.0739602919966
 10
2954.119865040419
 20
929.0739602919966
  0
TEXT
  5
10A3
330
1F
100
AcDbEntity
  8
KOLON ISMI (BEYKENT)
100
AcDbText
 10
2994.119865040419
 20
850.5567663442661
 30
0.0
 40
12.0
  1
S5-34
  7
YAZI (BEYKENT)
 11
2994.119865040419
 21
847.0739602919966
 31
0.0
100
AcDbText
 73
     1
  0
TEXT
  5
10A4
330
1F
100
AcDbEntity
  8
KOLON ISMI (BEYKENT)
100
AcDbText
 10
2994.119865040419
 20
832.5567663442662
 30
0.0
 40
12.0
  1
(30/60)
  7
YAZI (BEYKENT)
 11
2994.119865040419
 21
829.0739602919966
 31
0.0
100
AcDbText
 73
     1
  0
LWPOLYLINE
  5
10A5
102
{ACAD_REACTORS
330
C36
102
}
330
1F
100
AcDbEntity
  8
KOLON (BEYKENT)
100
AcDbPolyline
 90
        4
 70
     1
 43
0.0
 10
2054.119865040419
 20
719.0739602919966
 10
2079.119865040419
 20
719.0739602919966
 10
2079.119865040419
 20
894.0739602919967
 10
2054.119865040419
 20
894.0739602919967
  0
TEXT
  5
10A6
330
1F
100
AcDbEntity
  8
KOLON ISMI (BEYKENT)
100
AcDbText
 10
2089.119865040419
 20
700.5567663442661
 30
0.0
 40
12.0
  1
S5-35
  7
YAZI (BEYKENT)
 11
2089.119865040419
 21
697.0739602919966
 31
0.0
100
AcDbText
 73
     1
  0
TEXT
  5
10A7
330
1F
100
AcDbEntity
  8
KOLON ISMI (BEYKENT)
100
AcDbText
 10
2089.119865040419
 20
682.5567663442662
 30
0.0
 40
12.0
  1
(25/175)
  7
YAZI (BEYKENT)
 11
2089.119865040419
 21
679.0739602919966
 31
0.0
100
AcDbText
 73
     1
  0
LWPOLYLINE
  5
10A8
102
{ACAD_REACTORS
330
C37
102
}
330
1F
100
AcDbEntity
  8
KOLON (BEYKENT)
100
AcDbPolyline
 90
        4
 70
     1
 43
0.0
 10
2569.119865040419
 20
719.0739602919966
 10
2599.119865040419
 20
719.0739602919966
 10
2599.119865040419
 20
779.0739602919966
 10
2569.119865040419
 20
779.0739602919966
  0
TEXT
  5
10A9
330
1F
100
AcDbEntity
  8
KOLON ISMI (BEYKENT)
100
AcDbText
 10
2609.119865040419
 20
700.5567663442661
 30
0.0
 40
12.0
  1
S5-36
  7
YAZI (BEYKENT)
 11
2609.119865040419
 21
697.0739602919966
 31
0.0
100
AcDbText
 73
     1
  0
TEXT
  5
10AA
330
1F
100
AcDbEntity
  8
KOLON ISMI (BEYKENT)
100
AcDbText
 10
2609.119865040419
 20
682.5567663442662
 30
0.0
 40
12.0
  1
(30/60)
  7
YAZI (BEYKENT)
 11
2609.119865040419
 21
679.0739602919966
 31
0.0
100
AcDbText
 73
     1
  0
ENDSEC
  0
SECTION
  2
OBJECTS
  0
DICTIONARY
  5
C
330
0
100
AcDbDictionary
281
     1
  3
ACAD_CIP_PREVIOUS_PRODUCT_INFO
350
216
  3
ACAD_COLOR
350
6B
  3
ACAD_DETAILVIEWSTYLE
350
21B
  3
ACAD_GROUP
350
D
  3
ACAD_LAYOUT
350
1A
  3
ACAD_MATERIAL
350
6A
  3
ACAD_MLEADERSTYLE
350
12D
  3
ACAD_MLINESTYLE
350
17
  3
ACAD_PLOTSETTINGS
350
19
  3
ACAD_PLOTSTYLENAME
350
E
  3
ACAD_SCALELIST
350
10C
  3
ACAD_SECTIONVIEWSTYLE
350
219
  3
ACAD_TABLESTYLE
350
7E
  3
ACAD_VISUALSTYLE
350
EF
  3
ACDB_RECOMPOSE_DATA
350
1894
  3
ACDBVARIABLEDICTIONARY
350
760
  0
DICTIONARY
  5
1FF
330
2
100
AcDbDictionary
280
     1
281
     1
  3
ACAD_LAYERSTATES
360
200
  0
DICTIONARY
  5
13C
330
10
100
AcDbDictionary
280
     1
281
     1
  0
DICTIONARY
  5
1CE
330
1F
100
AcDbDictionary
280
     1
281
     1
  0
XRECORD
  5
216
102
{ACAD_REACTORS
330
C
102
}
330
C
100
AcDbXrecord
280
     1
300
ACD
300
2023
300

  0
DICTIONARY
  5
6B
102
{ACAD_REACTORS
330
C
102
}
330
C
100
AcDbDictionary
281
     1
  0
DICTIONARY
  5
21B
102
{ACAD_REACTORS
330
C
102
}
330
C
100
AcDbDictionary
281
     1
  3
Metric50
350
21C
  0
DICTIONARY
  5
D
102
{ACAD_REACTORS
330
C
102
}
330
C
100
AcDbDictionary
281
     1
  0
DICTIONARY
  5
1A
102
{ACAD_REACTORS
330
C
102
}
330
C
100
AcDbDictionary
281
     1
  3
Layout1
350
D3
  3
Layout2
350
D7
  3
Model
350
22
  0
DICTIONARY
  5
6A
102
{ACAD_REACTORS
330
C
102
}
330
C
100
AcDbDictionary
281
     1
  3
ByBlock
350
ED
  3
ByLayer
350
EC
  3
Global
350
EE
  0
DICTIONARY
  5
12D
102
{ACAD_REACTORS
330
C
102
}
330
C
100
AcDbDictionary
281
     1
  3
Annotative
350
13B
  3
Standard
350
12E
  0
DICTIONARY
  5
17
102
{ACAD_REACTORS
330
C
102
}
330
C
100
AcDbDictionary
281
     1
  3
Standard
350
18
  0
DICTIONARY
  5
19
102
{ACAD_REACTORS
330
C
102
}
330
C
100
AcDbDictionary
281
     1
  0
ACDBDICTIONARYWDFLT
  5
E
102
{ACAD_REACTORS
330
C
102
}
330
C
100
AcDbDictionary
281
     1
  3
Normal
350
F
100
AcDbDictionaryWithDefault
340
F
  0
DICTIONARY
  5
10C
102
{ACAD_REACTORS
330
C
102
}
330
C
100
AcDbDictionary
281
     1
  3
A0
350
10D
  3
A1
350
1BE
  3
A2
350
1BF
  3
A3
350
1C0
  3
A4
350
1C1
  3
A5
350
1C2
  3
A6
350
1C3
  3
A7
350
1C4
  3
A8
350
1C5
  3
A9
350
1C6
  3
B0
350
1C7
  3
B1
350
1C8
  3
B2
350
1C9
  3
B3
350
1CA
  3
B4
350
1CB
  3
B5
350
1CC
  3
B6
350
1CD
  0
DICTIONARY
  5
219
102
{ACAD_REACTORS
330
C
102
}
330
C
100
AcDbDictionary
281
     1
  3
Metric50
350
21A
  0
DICTIONARY
  5
7E
102
{ACAD_REACTORS
330
C
102
}
330
C
100
AcDbDictionary
281
     1
  3
Standard
350
7F
  0
DICTIONARY
  5
EF
102
{ACAD_REACTORS
330
C
102
}
330
C
100
AcDbDictionary
281
     1
  3
2dWireframe
350
F5
  3
Basic
350
F4
  3
Brighten
350
FB
  3
ColorChange
350
FF
  3
Conceptual
350
F8
  3
Dim
350
FA
  3
EdgeColorOff
350
1E6
  3
Facepattern
350
FE
  3
Flat
350
F0
  3
FlatWithEdges
350
F1
  3
Gouraud
350
F2
  3
GouraudWithEdges
350
F3
  3
Hidden
350
F7
  3
JitterOff
350
1E4
  3
Linepattern
350
FD
  3
OverhangOff
350
1E5
  3
Realistic
350
F9
  3
Shaded
350
1F3
  3
Shaded with edges
350
1F2
  3
Shades of Gray
350
1EF
  3
Sketchy
350
1F0
  3
Thicken
350
FC
  3
Wireframe
350
F6
  3
X-Ray
350
1F1
  0
XRECORD
  5
1894
102
{ACAD_REACTORS
330
C
102
}
330
C
100
AcDbXrecord
280
     1
 90
        1
330
7F
  0
DICTIONARY
  5
760
102
{ACAD_REACTORS
330
C
102
}
330
C
100
AcDbDictionary
281
     2
  3
#COMPAREDIFFTOTAL
350
761
  3
#REVCLOUDAPPROXARCLEN
350
762
  3
ANNOALLVISIBLE
350
763
  3
CANNOSCALE
350
764
  3
CMLEADERSTYLE
350
765
  3
CTABLESTYLE
350
766
  3
CVIEWDETAILSTYLE
350
767
  3
CVIEWSECTIONSTYLE
350
768
  3
DIMADEC
350
769
  3
DIMASSOC
350
76A
  3
DIMLAYER
350
76B
  3
EXPORTPAPERSPACE
350
76C
  3
FIELDEVAL
350
76D
  3
HIDETEXT
350
76E
  3
HPCOLOR
350
76F
  3
HPINHERIT
350
770
  3
HPLAYER
350
771
  3
HPTRANSPARENCY
350
772
  3
INDEXCTL
350
773
  3
LAYEREVAL
350
774
  3
LAYERNOTIFY
350
775
  3
LIGHTINGUNITS
350
776
  3
MLEADERSCALE
350
778
  3
MSLTSCALE
350
779
  3
OLEFRAME
350
77A
  3
PDFFRAME
350
77B
  3
SOLIDHIST
350
77C
  3
SORTENTS
350
77D
  0
DICTIONARY
  5
200
102
{ACAD_REACTORS
330
1FF
102
}
330
1FF
100
AcDbDictionary
281
     1
  0
ACDBDETAILVIEWSTYLE
  5
21C
102
{ACAD_REACTORS
330
21B
102
}
330
21B
100
AcDbModelDocViewStyle
 70
     0
  3
Metric50
290
     0
300
Metric50
 90
        0
100
AcDbDetailViewStyle
 70
     0
 71
     0
 90
        3
 71
     1
340
11
 62
   256
 40
5.0
340
0
 62
   256
 40
5.0
300

 40
0.0
280
     1
 71
     2
340
16
 90
       25
 62
   256
 71
     3
340
11
 62
   256
 40
5.0
 90
        0
 40
15.0
 90
        1
300
%<\AcVar ViewDetailId>% (%<\AcVar ViewScale \f "%sn">%)
 71
     4
340
16
 90
       25
 62
   256
340
16
 90
       25
 62
   256
280
     0
  0
LAYOUT
  5
D3
102
{ACAD_REACTORS
330
1A
102
}
330
1A
100
AcDbPlotSettings
  1

  2
C:\Documents and Settings\basas\Application Data\Autodesk\AutoCAD 2005\R16.1\enu\plotters\Default Windows System Printer.pc3
  4

  6

 40
0.0
 41
0.0
 42
0.0
 43
0.0
 44
0.0
 45
0.0
 46
0.0
 47
0.0
 48
0.0
 49
0.0
140
0.0
141
0.0
142
1.0
143
1.0
 70
   688
 72
     0
 73
     0
 74
     5
  7

 75
    16
147
1.0
 76
     0
 77
     2
 78
   300
148
0.0
149
0.0
100
AcDbLayout
  1
Layout1
 70
     1
 71
     1
 10
0.0
 20
0.0
 11
12.0
 21
9.0
 12
0.0
 22
0.0
 32
0.0
 14
0.0
 24
0.0
 34
0.0
 15
0.0
 25
0.0
 35
0.0
146
0.0
 13
0.0
 23
0.0
 33
0.0
 16
1.0
 26
0.0
 36
0.0
 17
0.0
 27
1.0
 37
0.0
 76
     0
330
D2
  0
LAYOUT
  5
D7
102
{ACAD_REACTORS
330
1A
102
}
330
1A
100
AcDbPlotSettings
  1

  2
C:\Documents and Settings\basas\Application Data\Autodesk\AutoCAD 2005\R16.1\enu\plotters\Default Windows System Printer.pc3
  4

  6

 40
0.0
 41
0.0
 42
0.0
 43
0.0
 44
0.0
 45
0.0
 46
0.0
 47
0.0
 48
0.0
 49
0.0
140
0.0
141
0.0
142
1.0
143
1.0
 70
   688
 72
     0
 73
     0
 74
     5
  7

 75
    16
147
1.0
 76
     0
 77
     2
 78
   300
148
0.0
149
0.0
100
AcDbLayout
  1
Layout2
 70
     1
 71
     2
 10
0.0
 20
0.0
 11
12.0
 21
9.0
 12
0.0
 22
0.0
 32
0.0
 14
0.0
 24
0.0
 34
0.0
 15
0.0
 25
0.0
 35
0.0
146
0.0
 13
0.0
 23
0.0
 33
0.0
 16
1.0
 26
0.0
 36
0.0
 17
0.0
 27
1.0
 37
0.0
 76
     0
330
D6
  0
LAYOUT
  5
22
102
{ACAD_XDICTIONARY
360
205
102
}
102
{ACAD_REACTORS
330
1A
102
}
330
1A
100
AcDbPlotSettings
  1

  2
none_device
  4
ISO_A4_(210.00_x_297.00_MM)
  6

 40
7.5
 41
20.0
 42
7.5
 43
20.0
 44
210.0
 45
297.0
 46
11.54999923706054
 47
-13.65000009536743
 48
0.0
 49
0.0
140
0.0
141
0.0
142
1.0
143
8.704084754739808
 70
 11952
 72
     1
 73
     0
 74
     0
  7

 75
     0
147
0.1148885871608098
 76
     0
 77
     2
 78
   300
148
0.0
149
0.0
100
AcDbLayout
  1
Model
 70
     1
 71
     0
 10
0.0
 20
0.0
 11
12.0
 21
9.0
 12
0.0
 22
0.0
 32
0.0
 14
0.0
 24
0.0
 34
0.0
 15
0.0
 25
0.0
 35
0.0
146
0.0
 13
0.0
 23
0.0
 33
0.0
 16
1.0
 26
0.0
 36
0.0
 17
0.0
 27
1.0
 37
0.0
 76
     0
330
1F
331
EA
1001
ACAD_PSEXT
1000
None
1000
None
1000
Not applicable
1000
The layout will not be plotted unless a new plotter configuration name is selected.
1070
     0
  0
MATERIAL
  5
ED
102
{ACAD_XDICTIONARY
360
1F9
102
}
102
{ACAD_REACTORS
330
6A
102
}
330
6A
100
AcDbMaterial
  1
ByBlock
 94
       63
  0
MATERIAL
  5
EC
102
{ACAD_XDICTIONARY
360
1F7
102
}
102
{ACAD_REACTORS
330
6A
102
}
330
6A
100
AcDbMaterial
  1
ByLayer
 94
       63
  0
MATERIAL
  5
EE
102
{ACAD_XDICTIONARY
360
173
102
}
102
{ACAD_REACTORS
330
6A
102
}
330
6A
100
AcDbMaterial
  1
Global
 43
0.0007999999797903
 43
0.0
 43
0.0
 43
0.0
 43
0.0
 43
0.0007999999797903
 43
0.0
 43
0.0
 43
0.0
 43
0.0
 43
1.0
 43
0.0
 43
0.0
 43
0.0
 43
0.0
 43
1.0
 49
0.0007999999797903
 49
0.0
 49
0.0
 49
0.0
 49
0.0
 49
0.0007999999797903
 49
0.0
 49
0.0
 49
0.0
 49
0.0
 49
1.0
 49
0.0
 49
0.0
 49
0.0
 49
0.0
 49
1.0
142
0.0007999999797903
142
0.0
142
0.0
142
0.0
142
0.0
142
0.0007999999797903
142
0.0
142
0.0
142
0.0
142
0.0
142
1.0
142
0.0
142
0.0
142
0.0
142
0.0
142
1.0
144
0.0007999999797903
144
0.0
144
0.0
144
0.0
144
0.0
144
0.0007999999797903
144
0.0
144
0.0
144
0.0
144
0.0
144
1.0
144
0.0
144
0.0
144
0.0
144
0.0
144
1.0
 94
       63
1001
ACAD
1070
    -1
1070
     3
1070
     0
1000

1071
        0
1070
     0
  0
MLEADERSTYLE
  5
13B
102
{ACAD_REACTORS
330
12D
102
}
330
12D
100
AcDbMLeaderStyle
179
     2
170
     2
171
     1
172
     0
 90
        2
 40
0.0
 41
0.0
173
     1
 91
-1056964608
340
14
 92
       -2
290
     1
 42
2.0
291
     1
 43
8.0
  3
Standard
 44
4.0
300

342
11
174
     1
178
     1
175
     1
176
     0
 93
-1056964608
 45
4.0
292
     0
297
     0
 46
4.0
 94
-1056964608
 47
1.0
 49
1.0
140
1.0
293
     1
141
0.0
294
     1
177
     0
142
1.0
295
     0
296
     1
143
3.75
271
     0
272
     9
273
     9
298
     0
  0
MLEADERSTYLE
  5
12E
102
{ACAD_REACTORS
330
12D
102
}
330
12D
100
AcDbMLeaderStyle
179
     2
170
     2
171
     1
172
     0
 90
        2
 40
0.0
 41
0.0
173
     1
 91
-1056964608
340
14
 92
       -2
290
     1
 42
2.0
291
     1
 43
8.0
  3
Standard
 44
4.0
300

342
11
174
     1
178
     1
175
     1
176
     0
 93
-1056964608
 45
4.0
292
     0
297
     0
 46
4.0
 94
-1056964608
 47
1.0
 49
1.0
140
1.0
293
     1
141
0.0
294
     1
177
     0
142
1.0
295
     0
296
     0
143
3.75
271
     0
272
     9
273
     9
298
     0
  0
MLINESTYLE
  5
18
102
{ACAD_REACTORS
330
17
102
}
330
17
100
AcDbMlineStyle
  2
STANDARD
 70
     0
  3

 62
   256
 51
90.0
 52
90.0
 71
     2
 49
0.5
 62
   256
  6
BYLAYER
 49
-0.5
 62
   256
  6
BYLAYER
  0
ACDBPLACEHOLDER
  5
F
102
{ACAD_REACTORS
330
E
102
}
330
E
  0
SCALE
  5
10D
102
{ACAD_REACTORS
330
10C
102
}
330
10C
100
AcDbScale
 70
     0
300
1:1
140
1.0
141
1.0
290
     1
  0
SCALE
  5
1BE
102
{ACAD_REACTORS
330
10C
102
}
330
10C
100
AcDbScale
 70
     0
300
1:2
140
1.0
141
2.0
290
     0
  0
SCALE
  5
1BF
102
{ACAD_REACTORS
330
10C
102
}
330
10C
100
AcDbScale
 70
     0
300
1:4
140
1.0
141
4.0
290
     0
  0
SCALE
  5
1C0
102
{ACAD_REACTORS
330
10C
102
}
330
10C
100
AcDbScale
 70
     0
300
1:5
140
1.0
141
5.0
290
     0
  0
SCALE
  5
1C1
102
{ACAD_REACTORS
330
10C
102
}
330
10C
100
AcDbScale
 70
     0
300
1:8
140
1.0
141
8.0
290
     0
  0
SCALE
  5
1C2
102
{ACAD_REACTORS
330
10C
102
}
330
10C
100
AcDbScale
 70
     0
300
1:10
140
1.0
141
10.0
290
     0
  0
SCALE
  5
1C3
102
{ACAD_REACTORS
330
10C
102
}
330
10C
100
AcDbScale
 70
     0
300
1:16
140
1.0
141
16.0
290
     0
  0
SCALE
  5
1C4
102
{ACAD_REACTORS
330
10C
102
}
330
10C
100
AcDbScale
 70
     0
300
1:20
140
1.0
141
20.0
290
     0
  0
SCALE
  5
1C5
102
{ACAD_REACTORS
330
10C
102
}
330
10C
100
AcDbScale
 70
     0
300
1:30
140
1.0
141
30.0
290
     0
  0
SCALE
  5
1C6
102
{ACAD_REACTORS
330
10C
102
}
330
10C
100
AcDbScale
 70
     0
300
1:40
140
1.0
141
40.0
290
     0
  0
SCALE
  5
1C7
102
{ACAD_REACTORS
330
10C
102
}
330
10C
100
AcDbScale
 70
     0
300
1:50
140
1.0
141
50.0
290
     0
  0
SCALE
  5
1C8
102
{ACAD_REACTORS
330
10C
102
}
330
10C
100
AcDbScale
 70
     0
300
1:100
140
1.0
141
100.0
290
     0
  0
SCALE
  5
1C9
102
{ACAD_REACTORS
330
10C
102
}
330
10C
100
AcDbScale
 70
     0
300
2:1
140
2.0
141
1.0
290
     0
  0
SCALE
  5
1CA
102
{ACAD_REACTORS
330
10C
102
}
330
10C
100
AcDbScale
 70
     0
300
4:1
140
4.0
141
1.0
290
     0
  0
SCALE
  5
1CB
102
{ACAD_REACTORS
330
10C
102
}
330
10C
100
AcDbScale
 70
     0
300
8:1
140
8.0
141
1.0
290
     0
  0
SCALE
  5
1CC
102
{ACAD_REACTORS
330
10C
102
}
330
10C
100
AcDbScale
 70
     0
300
10:1
140
10.0
141
1.0
290
     0
  0
SCALE
  5
1CD
102
{ACAD_REACTORS
330
10C
102
}
330
10C
100
AcDbScale
 70
     0
300
100:1
140
100.0
141
1.0
290
     0
  0
ACDBSECTIONVIEWSTYLE
  5
21A
102
{ACAD_REACTORS
330
219
102
}
330
219
100
AcDbModelDocViewStyle
 70
     0
  3
Metric50
290
     0
300
Metric50
 90
        0
100
AcDbSectionViewStyle
 70
     0
 71
     0
 90
      102
 71
     1
340
11
 62
   256
 40
5.0
340
0
340
0
 62
   256
 40
5.0
300
I, O, Q, S, X, Z
 40
10.0
 90
        0
 40
2.5
 90
        0
 71
     2
340
16
 90
       25
 62
   256
340
16
 90
       50
 62
   256
 40
5.0
 40
2.5
 40
5.0
 71
     3
340
11
 62
   256
 40
5.0
 90
        0
 40
15.0
 90
        1
300
%<\AcVar ViewSectionStartId>%-%<\AcVar ViewSectionEndId>% (%<\AcVar ViewScale \f "%sn">%)
 71
     4
 62
   256
 62
   257
300
ANSI31
 40
1.0
 90
        0
290
     0
290
     0
 90
        6
 40
0.0
 40
1.570796326794896
 40
0.2617993877991494
 40
1.308996938995747
 40
-0.2617993877991494
 40
1.832595714594046
  0
TABLESTYLE
  5
7F
102
{ACAD_XDICTIONARY
360
162
102
}
102
{ACAD_REACTORS
330
7E
102
}
330
7E
100
AcDbTableStyle
280
     0
  3
Standard
 70
     0
 71
     0
 40
1.5
 41
1.5
280
     0
281
     0
  7
Standard
140
4.5
170
     2
 62
     0
 63
     7
283
     0
 90
      512
 91
        0
  1

274
    -2
284
     1
 64
     0
275
    -2
285
     1
 65
     0
276
    -2
286
     1
 66
     0
277
    -2
287
     1
 67
     0
278
    -2
288
     1
 68
     0
279
    -2
289
     1
 69
     0
  7
Standard
140
6.0
170
     5
 62
     0
 63
     7
283
     0
 90
      512
 91
        0
  1

274
    -2
284
     1
 64
     0
275
    -2
285
     1
 65
     0
276
    -2
286
     1
 66
     0
277
    -2
287
     1
 67
     0
278
    -2
288
     1
 68
     0
279
    -2
289
     1
 69
     0
  7
Standard
140
4.5
170
     5
 62
     0
 63
     7
283
     0
 90
      512
 91
        0
  1

274
    -2
284
     1
 64
     0
275
    -2
285
     1
 65
     0
276
    -2
286
     1
 66
     0
277
    -2
287
     1
 67
     0
278
    -2
288
     1
 68
     0
279
    -2
289
     1
 69
     0
  0
VISUALSTYLE
  5
F5
102
{ACAD_REACTORS
330
EF
102
}
330
EF
100
AcDbVisualStyle
  2
2dWireframe
 70
     4
177
     3
291
     0
 70
    58
 90
        0
176
     1
 90
        2
176
     1
 90
        1
176
     1
 90
        0
176
     1
 40
0.6
176
     1
 40
30.0
176
     1
 62
     7
420
 16777215
176
     1
 90
        1
176
     1
 90
        4
176
     1
 62
     7
176
     1
 62
   257
176
     1
 90
        1
176
     1
 90
        1
176
     1
 40
1.0
176
     1
 90
        0
176
     1
 62
   257
176
     1
 40
1.0
176
     1
 90
        1
176
     1
 90
        6
176
     1
 90
        2
176
     1
 62
     7
176
     1
 90
        5
176
     1
 90
        0
176
     1
 90
        0
176
     1
290
     0
176
     1
 90
        1
176
     1
 40
0.0
176
     1
 90
        0
176
     1
290
     1
176
     1
290
     1
176
     1
290
     0
176
     1
290
     0
176
     1
290
     0
176
     1
290
     0
176
     1
290
     0
176
     1
290
     0
176
     1
290
     0
176
     1
 90
       50
176
     1
 40
0.0
176
     1
 40
1.0
176
     1
 90
        0
176
     1
 62
    18
420
        0
176
     1
 90
       50
176
     1
 90
        3
176
     1
 62
     5
420
      255
176
     1
290
     0
176
     1
 90
       50
176
     1
 90
       50
176
     1
 90
       50
176
     1
290
     0
176
     1
 90
       50
176
     1
 62
   256
176
     0
 40
1.0
176
     0
 90
        2
176
     1
  1
strokes_ogs.tif
176
     1
290
     0
176
     1
 40
1.0
176
     1
 40
1.0
176
     1
  0
VISUALSTYLE
  5
F4
102
{ACAD_REACTORS
330
EF
102
}
330
EF
100
AcDbVisualStyle
  2
Basic
 70
     7
177
     3
291
     1
 70
    58
 90
        1
176
     1
 90
        0
176
     1
 90
        1
176
     1
 90
        0
176
     1
 40
0.6
176
     1
 40
30.0
176
     1
 62
     7
420
 16777215
176
     1
 90
        0
176
     1
 90
        4
176
     1
 62
     7
176
     1
 62
   257
176
     1
 90
        1
176
     1
 90
        1
176
     1
 40
1.0
176
     1
 90
        8
176
     1
 62
     7
176
     1
 40
1.0
176
     1
 90
        1
176
     1
 90
        6
176
     1
 90
        2
176
     1
 62
     7
176
     1
 90
        5
176
     1
 90
        0
176
     1
 90
        0
176
     1
290
     0
176
     1
 90
        1
176
     1
 40
0.0
176
     1
 90
        0
176
     1
290
     0
176
     1
290
     1
176
     1
290
     1
176
     1
290
     0
176
     1
290
     0
176
     1
290
     0
176
     1
290
     0
176
     1
290
     0
176
     1
290
     0
176
     1
 90
       50
176
     1
 40
0.0
176
     1
 40
1.0
176
     1
 90
        0
176
     1
 62
    18
420
        0
176
     1
 90
       50
176
     1
 90
        3
176
     1
 62
     5
420
      255
176
     1
290
     0
176
     1
 90
       50
176
     1
 90
       50
176
     1
 90
       50
176
     1
290
     0
176
     1
 90
       50
176
     1
 62
   256
176
     0
 40
1.0
176
     0
 90
        2
176
     1
  1
strokes_ogs.tif
176
     1
290
     0
176
     1
 40
1.0
176
     1
 40
1.0
176
     1
  0
VISUALSTYLE
  5
FB
102
{ACAD_REACTORS
330
EF
102
}
330
EF
100
AcDbVisualStyle
  2
Brighten
 70
    12
177
     3
291
     1
 70
    58
 90
        2
176
     1
 90
        2
176
     1
 90
        1
176
     1
 90
        0
176
     1
 40
0.6
176
     1
 40
30.0
176
     1
 62
     7
420
 16777215
176
     1
 90
        1
176
     1
 90
        4
176
     1
 62
     7
176
     1
 62
   257
176
     1
 90
        1
176
     1
 90
        1
176
     1
 40
1.0
176
     1
 90
        8
176
     1
 62
     7
176
     1
 40
1.0
176
     1
 90
        1
176
     1
 90
        6
176
     1
 90
        2
176
     1
 62
     7
176
     1
 90
        5
176
     1
 90
        0
176
     1
 90
        0
176
     1
290
     0
176
     1
 90
        1
176
     1
 40
50.0
176
     1
 90
        0
176
     1
290
     0
176
     1
290
     1
176
     1
290
     1
176
     1
290
     0
176
     1
290
     0
176
     1
290
     0
176
     1
290
     0
176
     1
290
     0
176
     1
290
     0
176
     1
 90
       50
176
     1
 40
0.0
176
     1
 40
1.0
176
     1
 90
        0
176
     1
 62
    18
420
        0
176
     1
 90
       50
176
     1
 90
        3
176
     1
 62
     5
420
      255
176
     1
290
     0
176
     1
 90
       50
176
     1
 90
       50
176
     1
 90
       50
176
     1
290
     0
176
     1
 90
       50
176
     1
 62
   256
176
     0
 40
1.0
176
     0
 90
        2
176
     1
  1
strokes_ogs.tif
176
     1
290
     0
176
     1
 40
1.0
176
     1
 40
1.0
176
     1
  0
VISUALSTYLE
  5
FF
102
{ACAD_REACTORS
330
EF
102
}
330
EF
100
AcDbVisualStyle
  2
ColorChange
 70
    16
177
     3
291
     1
 70
    58
 90
        2
176
     1
 90
        2
176
     1
 90
        3
176
     1
 90
        0
176
     1
 40
0.6
176
     1
 40
30.0
176
     1
 62
     8
420
  8421504
176
     1
 90
        1
176
     1
 90
        4
176
     1
 62
     7
176
     1
 62
   257
176
     1
 90
        1
176
     1
 90
        1
176
     1
 40
1.0
176
     1
 90
        8
176
     1
 62
     8
420
  8421504
176
     1
 40
1.0
176
     1
 90
        1
176
     1
 90
        6
176
     1
 90
        2
176
     1
 62
     7
176
     1
 90
        5
176
     1
 90
        0
176
     1
 90
        0
176
     1
290
     0
176
     1
 90
        1
176
     1
 40
0.0
176
     1
 90
        0
176
     1
290
     0
176
     1
290
     1
176
     1
290
     1
176
     1
290
     0
176
     1
290
     0
176
     1
290
     0
176
     1
290
     0
176
     1
290
     0
176
     1
290
     0
176
     1
 90
       50
176
     1
 40
0.0
176
     1
 40
1.0
176
     1
 90
        0
176
     1
 62
    18
420
        0
176
     1
 90
       50
176
     1
 90
        3
176
     1
 62
     5
420
      255
176
     1
290
     0
176
     1
 90
       50
176
     1
 90
       50
176
     1
 90
       50
176
     1
290
     0
176
     1
 90
       50
176
     1
 62
   256
176
     0
 40
1.0
176
     0
 90
        2
176
     1
  1
strokes_ogs.tif
176
     1
290
     0
176
     1
 40
1.0
176
     1
 40
1.0
176
     1
  0
VISUALSTYLE
  5
F8
102
{ACAD_REACTORS
330
EF
102
}
330
EF
100
AcDbVisualStyle
  2
Conceptual
 70
     9
177
     3
291
     0
 70
    58
 90
        3
176
     1
 90
        2
176
     1
 90
        1
176
     1
 90
        0
176
     1
 40
0.6
176
     1
 40
30.0
176
     1
 62
     7
420
 16777215
176
     1
 90
        2
176
     1
 90
        2
176
     1
 62
     7
176
     1
 62
   257
176
     1
 90
        1
176
     1
 90
        1
176
     1
 40
40.0
176
     1
 90
        8
176
     1
 62
     7
176
     1
 40
1.0
176
     1
 90
        1
176
     1
 90
        6
176
     1
 90
        2
176
     1
 62
     7
176
     1
 90
        3
176
     1
 90
        0
176
     1
 90
        0
176
     1
290
     0
176
     1
 90
        1
176
     1
 40
0.0
176
     1
 90
        0
176
     1
290
     0
176
     1
290
     1
176
     1
290
     1
176
     1
290
     0
176
     1
290
     0
176
     1
290
     0
176
     1
290
     0
176
     1
290
     0
176
     1
290
     0
176
     1
 90
       50
176
     1
 40
0.0
176
     1
 40
1.0
176
     1
 90
        0
176
     1
 62
    18
420
        0
176
     1
 90
       50
176
     1
 90
        3
176
     1
 62
     5
420
      255
176
     1
290
     0
176
     1
 90
       50
176
     1
 90
       50
176
     1
 90
       50
176
     1
290
     0
176
     1
 90
       50
176
     1
 62
   256
176
     0
 40
1.0
176
     0
 90
        2
176
     1
  1
strokes_ogs.tif
176
     1
290
     0
176
     1
 40
1.0
176
     1
 40
1.0
176
     1
  0
VISUALSTYLE
  5
FA
102
{ACAD_REACTORS
330
EF
102
}
330
EF
100
AcDbVisualStyle
  2
Dim
 70
    11
177
     3
291
     1
 70
    58
 90
        2
176
     1
 90
        2
176
     1
 90
        1
176
     1
 90
        0
176
     1
 40
0.6
176
     1
 40
30.0
176
     1
 62
     7
420
 16777215
176
     1
 90
        1
176
     1
 90
        4
176
     1
 62
     7
176
     1
 62
   257
176
     1
 90
        1
176
     1
 90
        1
176
     1
 40
1.0
176
     1
 90
        8
176
     1
 62
     7
176
     1
 40
1.0
176
     1
 90
        1
176
     1
 90
        6
176
     1
 90
        2
176
     1
 62
     7
176
     1
 90
        5
176
     1
 90
        0
176
     1
 90
        0
176
     1
290
     0
176
     1
 90
        1
176
     1
 40
-50.0
176
     1
 90
        0
176
     1
290
     0
176
     1
290
     1
176
     1
290
     1
176
     1
290
     0
176
     1
290
     0
176
     1
290
     0
176
     1
290
     0
176
     1
290
     0
176
     1
290
     0
176
     1
 90
       50
176
     1
 40
0.0
176
     1
 40
1.0
176
     1
 90
        0
176
     1
 62
    18
420
        0
176
     1
 90
       50
176
     1
 90
        3
176
     1
 62
     5
420
      255
176
     1
290
     0
176
     1
 90
       50
176
     1
 90
       50
176
     1
 90
       50
176
     1
290
     0
176
     1
 90
       50
176
     1
 62
   256
176
     0
 40
1.0
176
     0
 90
        2
176
     1
  1
strokes_ogs.tif
176
     1
290
     0
176
     1
 40
1.0
176
     1
 40
1.0
176
     1
  0
VISUALSTYLE
  5
1E6
102
{ACAD_REACTORS
330
EF
102
}
330
EF
100
AcDbVisualStyle
  2
EdgeColorOff
 70
    22
177
     3
291
     1
 70
    58
 90
        2
176
     0
 90
        2
176
     0
 90
        0
176
     0
 90
        0
176
     0
 40
0.6
176
     0
 40
30.0
176
     0
 62
     7
420
 16777215
176
     0
 90
        1
176
     0
 90
        4
176
     0
 62
     7
176
     0
 62
   257
176
     0
 90
        1
176
     0
 90
        1
176
     0
 40
1.0
176
     0
 90
        8
176
     2
 62
     7
176
     0
 40
1.0
176
     0
 90
        1
176
     0
 90
        6
176
     0
 90
        2
176
     0
 62
     7
176
     0
 90
        5
176
     0
 90
        0
176
     0
 90
        0
176
     0
290
     0
176
     0
 90
        1
176
     0
 40
0.0
176
     0
 90
        0
176
     0
290
     0
176
     1
290
     1
176
     1
290
     1
176
     1
290
     0
176
     1
290
     0
176
     1
290
     0
176
     1
290
     0
176
     1
290
     0
176
     1
290
     0
176
     1
 90
       50
176
     1
 40
0.0
176
     1
 40
1.0
176
     1
 90
        0
176
     1
 62
    18
420
        0
176
     1
 90
       50
176
     1
 90
        3
176
     1
 62
     5
420
      255
176
     1
290
     0
176
     1
 90
       50
176
     1
 90
       50
176
     1
 90
       50
176
     1
290
     0
176
     1
 90
       50
176
     1
 62
   256
176
     0
 40
1.0
176
     0
 90
        2
176
     1
  1
strokes_ogs.tif
176
     1
290
     0
176
     1
 40
1.0
176
     1
 40
1.0
176
     1
  0
VISUALSTYLE
  5
FE
102
{ACAD_REACTORS
330
EF
102
}
330
EF
100
AcDbVisualStyle
  2
Facepattern
 70
    15
177
     3
291
     1
 70
    58
 90
        2
176
     1
 90
        2
176
     1
 90
        1
176
     1
 90
        0
176
     1
 40
0.6
176
     1
 40
30.0
176
     1
 62
     7
420
 16777215
176
     1
 90
        1
176
     1
 90
        4
176
     1
 62
     7
176
     1
 62
   257
176
     1
 90
        1
176
     1
 90
        1
176
     1
 40
1.0
176
     1
 90
        8
176
     1
 62
     7
176
     1
 40
1.0
176
     1
 90
        1
176
     1
 90
        6
176
     1
 90
        2
176
     1
 62
     7
176
     1
 90
        5
176
     1
 90
        0
176
     1
 90
        0
176
     1
290
     0
176
     1
 90
        1
176
     1
 40
0.0
176
     1
 90
        0
176
     1
290
     0
176
     1
290
     1
176
     1
290
     1
176
     1
290
     0
176
     1
290
     0
176
     1
290
     0
176
     1
290
     0
176
     1
290
     0
176
     1
290
     0
176
     1
 90
       50
176
     1
 40
0.0
176
     1
 40
1.0
176
     1
 90
        0
176
     1
 62
    18
420
        0
176
     1
 90
       50
176
     1
 90
        3
176
     1
 62
     5
420
      255
176
     1
290
     0
176
     1
 90
       50
176
     1
 90
       50
176
     1
 90
       50
176
     1
290
     0
176
     1
 90
       50
176
     1
 62
   256
176
     0
 40
1.0
176
     0
 90
        2
176
     1
  1
strokes_ogs.tif
176
     1
290
     0
176
     1
 40
1.0
176
     1
 40
1.0
176
     1
  0
VISUALSTYLE
  5
F0
102
{ACAD_REACTORS
330
EF
102
}
330
EF
100
AcDbVisualStyle
  2
Flat
 70
     0
177
     3
291
     1
 70
    58
 90
        2
176
     1
 90
        1
176
     1
 90
        1
176
     1
 90
        2
176
     1
 40
0.6
176
     1
 40
30.0
176
     1
 62
     7
420
 16777215
176
     1
 90
        0
176
     1
 90
        0
176
     1
 62
     7
176
     1
 62
   257
176
     1
 90
        1
176
     1
 90
        1
176
     1
 40
1.0
176
     1
 90
        8
176
     1
 62
     7
176
     1
 40
1.0
176
     1
 90
        1
176
     1
 90
        6
176
     1
 90
        2
176
     1
 62
     7
176
     1
 90
        5
176
     1
 90
        0
176
     1
 90
        0
176
     1
290
     0
176
     1
 90
       13
176
     1
 40
0.0
176
     1
 90
        0
176
     1
290
     0
176
     1
290
     1
176
     1
290
     1
176
     1
290
     0
176
     1
290
     0
176
     1
290
     0
176
     1
290
     0
176
     1
290
     0
176
     1
290
     0
176
     1
 90
       50
176
     1
 40
0.0
176
     1
 40
1.0
176
     1
 90
        0
176
     1
 62
    18
420
        0
176
     1
 90
       50
176
     1
 90
        3
176
     1
 62
     5
420
      255
176
     1
290
     0
176
     1
 90
       50
176
     1
 90
       50
176
     1
 90
       50
176
     1
290
     0
176
     1
 90
       50
176
     1
 62
   256
176
     0
 40
1.0
176
     0
 90
        2
176
     1
  1
strokes_ogs.tif
176
     1
290
     0
176
     1
 40
1.0
176
     1
 40
1.0
176
     1
  0
VISUALSTYLE
  5
F1
102
{ACAD_REACTORS
330
EF
102
}
330
EF
100
AcDbVisualStyle
  2
FlatWithEdges
 70
     1
177
     3
291
     1
 70
    58
 90
        2
176
     1
 90
        1
176
     1
 90
        1
176
     1
 90
        2
176
     1
 40
0.6
176
     1
 40
30.0
176
     1
 62
     7
420
 16777215
176
     1
 90
        1
176
     1
 90
        0
176
     1
 62
     7
176
     1
 62
   257
176
     1
 90
        1
176
     1
 90
        1
176
     1
 40
1.0
176
     1
 90
        0
176
     1
 62
   257
176
     1
 40
1.0
176
     1
 90
        1
176
     1
 90
        6
176
     1
 90
        2
176
     1
 62
     7
176
     1
 90
        5
176
     1
 90
        0
176
     1
 90
        0
176
     1
290
     0
176
     1
 90
       13
176
     1
 40
0.0
176
     1
 90
        0
176
     1
290
     0
176
     1
290
     1
176
     1
290
     1
176
     1
290
     0
176
     1
290
     0
176
     1
290
     0
176
     1
290
     0
176
     1
290
     0
176
     1
290
     0
176
     1
 90
       50
176
     1
 40
0.0
176
     1
 40
1.0
176
     1
 90
        0
176
     1
 62
    18
420
        0
176
     1
 90
       50
176
     1
 90
        3
176
     1
 62
     5
420
      255
176
     1
290
     0
176
     1
 90
       50
176
     1
 90
       50
176
     1
 90
       50
176
     1
290
     0
176
     1
 90
       50
176
     1
 62
   256
176
     0
 40
1.0
176
     0
 90
        2
176
     1
  1
strokes_ogs.tif
176
     1
290
     0
176
     1
 40
1.0
176
     1
 40
1.0
176
     1
  0
VISUALSTYLE
  5
F2
102
{ACAD_REACTORS
330
EF
102
}
330
EF
100
AcDbVisualStyle
  2
Gouraud
 70
     2
177
     3
291
     1
 70
    58
 90
        2
176
     1
 90
        2
176
     1
 90
        1
176
     1
 90
        2
176
     1
 40
0.6
176
     1
 40
30.0
176
     1
 62
     7
420
 16777215
176
     1
 90
        0
176
     1
 90
        0
176
     1
 62
     7
176
     1
 62
   257
176
     1
 90
        1
176
     1
 90
        1
176
     1
 40
1.0
176
     1
 90
        0
176
     1
 62
     7
176
     1
 40
1.0
176
     1
 90
        1
176
     1
 90
        6
176
     1
 90
        2
176
     1
 62
     7
176
     1
 90
        5
176
     1
 90
        0
176
     1
 90
        0
176
     1
290
     0
176
     1
 90
       13
176
     1
 40
0.0
176
     1
 90
        0
176
     1
290
     0
176
     1
290
     1
176
     1
290
     1
176
     1
290
     0
176
     1
290
     0
176
     1
290
     0
176
     1
290
     0
176
     1
290
     0
176
     1
290
     0
176
     1
 90
       50
176
     1
 40
0.0
176
     1
 40
1.0
176
     1
 90
        0
176
     1
 62
    18
420
        0
176
     1
 90
       50
176
     1
 90
        3
176
     1
 62
     5
420
      255
176
     1
290
     0
176
     1
 90
       50
176
     1
 90
       50
176
     1
 90
       50
176
     1
290
     0
176
     1
 90
       50
176
     1
 62
   256
176
     0
 40
1.0
176
     0
 90
        2
176
     1
  1
strokes_ogs.tif
176
     1
290
     0
176
     1
 40
1.0
176
     1
 40
1.0
176
     1
  0
VISUALSTYLE
  5
F3
102
{ACAD_REACTORS
330
EF
102
}
330
EF
100
AcDbVisualStyle
  2
GouraudWithEdges
 70
     3
177
     3
291
     1
 70
    58
 90
        2
176
     1
 90
        2
176
     1
 90
        1
176
     1
 90
        2
176
     1
 40
0.6
176
     1
 40
30.0
176
     1
 62
     7
420
 16777215
176
     1
 90
        1
176
     1
 90
        0
176
     1
 62
     7
176
     1
 62
   257
176
     1
 90
        1
176
     1
 90
        1
176
     1
 40
1.0
176
     1
 90
        0
176
     1
 62
   257
176
     1
 40
1.0
176
     1
 90
        1
176
     1
 90
        6
176
     1
 90
        2
176
     1
 62
     7
176
     1
 90
        5
176
     1
 90
        0
176
     1
 90
        0
176
     1
290
     0
176
     1
 90
       13
176
     1
 40
0.0
176
     1
 90
        0
176
     1
290
     0
176
     1
290
     1
176
     1
290
     1
176
     1
290
     0
176
     1
290
     0
176
     1
290
     0
176
     1
290
     0
176
     1
290
     0
176
     1
290
     0
176
     1
 90
       50
176
     1
 40
0.0
176
     1
 40
1.0
176
     1
 90
        0
176
     1
 62
    18
420
        0
176
     1
 90
       50
176
     1
 90
        3
176
     1
 62
     5
420
      255
176
     1
290
     0
176
     1
 90
       50
176
     1
 90
       50
176
     1
 90
       50
176
     1
290
     0
176
     1
 90
       50
176
     1
 62
   256
176
     0
 40
1.0
176
     0
 90
        2
176
     1
  1
strokes_ogs.tif
176
     1
290
     0
176
     1
 40
1.0
176
     1
 40
1.0
176
     1
  0
VISUALSTYLE
  5
F7
102
{ACAD_REACTORS
330
EF
102
}
330
EF
100
AcDbVisualStyle
  2
Hidden
 70
     6
177
     3
291
     0
 70
    58
 90
        1
176
     1
 90
        2
176
     1
 90
        2
176
     1
 90
        0
176
     1
 40
0.6
176
     1
 40
30.0
176
     1
 62
     7
420
 16777215
176
     1
 90
        2
176
     1
 90
        2
176
     1
 62
     7
176
     1
 62
   257
176
     1
 90
        2
176
     1
 90
        1
176
     1
 40
40.0
176
     1
 90
        0
176
     1
 62
   257
176
     1
 40
1.0
176
     1
 90
        1
176
     1
 90
        6
176
     1
 90
        2
176
     1
 62
     7
176
     1
 90
        3
176
     1
 90
        0
176
     1
 90
        0
176
     1
290
     0
176
     1
 90
        1
176
     1
 40
0.0
176
     1
 90
        0
176
     1
290
     0
176
     1
290
     1
176
     1
290
     1
176
     1
290
     0
176
     1
290
     0
176
     1
290
     0
176
     1
290
     0
176
     1
290
     0
176
     1
290
     0
176
     1
 90
       50
176
     1
 40
0.0
176
     1
 40
1.0
176
     1
 90
        0
176
     1
 62
    18
420
        0
176
     1
 90
       50
176
     1
 90
        3
176
     1
 62
     5
420
      255
176
     1
290
     0
176
     1
 90
       50
176
     1
 90
       50
176
     1
 90
       50
176
     1
290
     0
176
     1
 90
       50
176
     1
 62
   256
176
     0
 40
1.0
176
     0
 90
        2
176
     1
  1
strokes_ogs.tif
176
     1
290
     0
176
     1
 40
1.0
176
     1
 40
1.0
176
     1
  0
VISUALSTYLE
  5
1E4
102
{ACAD_REACTORS
330
EF
102
}
330
EF
100
AcDbVisualStyle
  2
JitterOff
 70
    20
177
     3
291
     1
 70
    58
 90
        2
176
     0
 90
        2
176
     0
 90
        0
176
     0
 90
        0
176
     0
 40
0.6
176
     0
 40
30.0
176
     0
 62
     7
420
 16777215
176
     0
 90
        1
176
     0
 90
        4
176
     0
 62
     7
176
     0
 62
   257
176
     0
 90
        1
176
     0
 90
        1
176
     0
 40
1.0
176
     0
 90
       10
176
     2
 62
     7
176
     0
 40
1.0
176
     0
 90
        1
176
     0
 90
        6
176
     0
 90
        2
176
     0
 62
     7
176
     0
 90
        5
176
     0
 90
        0
176
     0
 90
        0
176
     0
290
     0
176
     0
 90
        1
176
     0
 40
0.0
176
     0
 90
        0
176
     0
290
     0
176
     1
290
     1
176
     1
290
     1
176
     1
290
     0
176
     1
290
     0
176
     1
290
     0
176
     1
290
     0
176
     1
290
     0
176
     1
290
     0
176
     1
 90
       50
176
     1
 40
0.0
176
     1
 40
1.0
176
     1
 90
        0
176
     1
 62
    18
420
        0
176
     1
 90
       50
176
     1
 90
        3
176
     1
 62
     5
420
      255
176
     1
290
     0
176
     1
 90
       50
176
     1
 90
       50
176
     1
 90
       50
176
     1
290
     0
176
     1
 90
       50
176
     1
 62
   256
176
     0
 40
1.0
176
     0
 90
        2
176
     1
  1
strokes_ogs.tif
176
     1
290
     0
176
     1
 40
1.0
176
     1
 40
1.0
176
     1
  0
VISUALSTYLE
  5
FD
102
{ACAD_REACTORS
330
EF
102
}
330
EF
100
AcDbVisualStyle
  2
Linepattern
 70
    14
177
     3
291
     1
 70
    58
 90
        2
176
     1
 90
        2
176
     1
 90
        1
176
     1
 90
        0
176
     1
 40
0.6
176
     1
 40
30.0
176
     1
 62
     7
420
 16777215
176
     1
 90
        1
176
     1
 90
        4
176
     1
 62
     7
176
     1
 62
   257
176
     1
 90
        7
176
     1
 90
        7
176
     1
 40
1.0
176
     1
 90
        8
176
     1
 62
     7
176
     1
 40
1.0
176
     1
 90
        1
176
     1
 90
        6
176
     1
 90
        2
176
     1
 62
     7
176
     1
 90
        5
176
     1
 90
        0
176
     1
 90
        0
176
     1
290
     0
176
     1
 90
        1
176
     1
 40
0.0
176
     1
 90
        0
176
     1
290
     0
176
     1
290
     1
176
     1
290
     1
176
     1
290
     0
176
     1
290
     0
176
     1
290
     0
176
     1
290
     0
176
     1
290
     0
176
     1
290
     0
176
     1
 90
       50
176
     1
 40
0.0
176
     1
 40
1.0
176
     1
 90
        0
176
     1
 62
    18
420
        0
176
     1
 90
       50
176
     1
 90
        3
176
     1
 62
     5
420
      255
176
     1
290
     0
176
     1
 90
       50
176
     1
 90
       50
176
     1
 90
       50
176
     1
290
     0
176
     1
 90
       50
176
     1
 62
   256
176
     0
 40
1.0
176
     0
 90
        2
176
     1
  1
strokes_ogs.tif
176
     1
290
     0
176
     1
 40
1.0
176
     1
 40
1.0
176
     1
  0
VISUALSTYLE
  5
1E5
102
{ACAD_REACTORS
330
EF
102
}
330
EF
100
AcDbVisualStyle
  2
OverhangOff
 70
    21
177
     3
291
     1
 70
    58
 90
        2
176
     0
 90
        2
176
     0
 90
        0
176
     0
 90
        0
176
     0
 40
0.6
176
     0
 40
30.0
176
     0
 62
     7
420
 16777215
176
     0
 90
        1
176
     0
 90
        4
176
     0
 62
     7
176
     0
 62
   257
176
     0
 90
        1
176
     0
 90
        1
176
     0
 40
1.0
176
     0
 90
        9
176
     2
 62
     7
176
     0
 40
1.0
176
     0
 90
        1
176
     0
 90
        6
176
     0
 90
        2
176
     0
 62
     7
176
     0
 90
        5
176
     0
 90
        0
176
     0
 90
        0
176
     0
290
     0
176
     0
 90
        1
176
     0
 40
0.0
176
     0
 90
        0
176
     0
290
     0
176
     1
290
     1
176
     1
290
     1
176
     1
290
     0
176
     1
290
     0
176
     1
290
     0
176
     1
290
     0
176
     1
290
     0
176
     1
290
     0
176
     1
 90
       50
176
     1
 40
0.0
176
     1
 40
1.0
176
     1
 90
        0
176
     1
 62
    18
420
        0
176
     1
 90
       50
176
     1
 90
        3
176
     1
 62
     5
420
      255
176
     1
290
     0
176
     1
 90
       50
176
     1
 90
       50
176
     1
 90
       50
176
     1
290
     0
176
     1
 90
       50
176
     1
 62
   256
176
     0
 40
1.0
176
     0
 90
        2
176
     1
  1
strokes_ogs.tif
176
     1
290
     0
176
     1
 40
1.0
176
     1
 40
1.0
176
     1
  0
VISUALSTYLE
  5
F9
102
{ACAD_REACTORS
330
EF
102
}
330
EF
100
AcDbVisualStyle
  2
Realistic
 70
     8
177
     3
291
     0
 70
    58
 90
        2
176
     1
 90
        3
176
     1
 90
        0
176
     1
 90
        2
176
     1
 40
0.6
176
     1
 40
30.0
176
     1
 62
     7
420
 16777215
176
     1
 90
        0
176
     1
 90
        0
176
     1
 62
     7
176
     1
 62
   257
176
     1
 90
        1
176
     1
 90
        1
176
     1
 40
1.0
176
     1
 90
        8
176
     1
 62
   257
176
     1
 40
1.0
176
     1
 90
        1
176
     1
 90
        6
176
     1
 90
        2
176
     1
 62
     7
176
     1
 90
        3
176
     1
 90
        0
176
     1
 90
        0
176
     1
290
     0
176
     1
 90
       13
176
     1
 40
0.0
176
     1
 90
        0
176
     1
290
     0
176
     1
290
     1
176
     1
290
     1
176
     1
290
     0
176
     1
290
     0
176
     1
290
     0
176
     1
290
     0
176
     1
290
     0
176
     1
290
     0
176
     1
 90
       50
176
     1
 40
0.0
176
     1
 40
1.0
176
     1
 90
        0
176
     1
 62
    18
420
        0
176
     1
 90
       50
176
     1
 90
        3
176
     1
 62
     5
420
      255
176
     1
290
     0
176
     1
 90
       50
176
     1
 90
       50
176
     1
 90
       50
176
     1
290
     0
176
     1
 90
       50
176
     1
 62
   256
176
     0
 40
1.0
176
     0
 90
        2
176
     1
  1
strokes_ogs.tif
176
     1
290
     0
176
     1
 40
1.0
176
     1
 40
1.0
176
     1
  0
VISUALSTYLE
  5
1F3
102
{ACAD_REACTORS
330
EF
102
}
330
EF
100
AcDbVisualStyle
  2
Shaded
 70
    27
177
     3
291
     0
 70
    58
 90
        2
176
     1
 90
        2
176
     1
 90
        1
176
     1
 90
        2
176
     1
 40
0.6
176
     1
 40
30.0
176
     1
 62
     7
420
 16777215
176
     1
 90
        0
176
     1
 90
        4
176
     1
 62
     7
176
     1
 62
   257
176
     1
 90
        1
176
     1
 90
        1
176
     1
 40
1.0
176
     1
 90
        8
176
     1
 62
   257
176
     1
 40
1.0
176
     1
 90
        1
176
     1
 90
        6
176
     1
 90
        2
176
     1
 62
     8
420
  7895160
176
     1
 90
        3
176
     1
 90
        0
176
     1
 90
        0
176
     1
290
     0
176
     1
 90
        5
176
     1
 40
0.0
176
     1
 90
        0
176
     1
290
     0
176
     1
290
     1
176
     1
290
     1
176
     1
290
     0
176
     1
290
     0
176
     1
290
     0
176
     1
290
     0
176
     1
290
     0
176
     1
290
     0
176
     1
 90
       50
176
     1
 40
0.0
176
     1
 40
1.0
176
     1
 90
        0
176
     1
 62
    18
420
        0
176
     1
 90
       50
176
     1
 90
        3
176
     1
 62
     5
420
      255
176
     1
290
     0
176
     1
 90
       50
176
     1
 90
       50
176
     1
 90
       50
176
     1
290
     0
176
     1
 90
       50
176
     1
 62
   256
176
     0
 40
1.0
176
     0
 90
        2
176
     1
  1
strokes_ogs.tif
176
     1
290
     0
176
     1
 40
1.0
176
     1
 40
1.0
176
     1
  0
VISUALSTYLE
  5
1F2
102
{ACAD_REACTORS
330
EF
102
}
330
EF
100
AcDbVisualStyle
  2
Shaded with edges
 70
    26
177
     3
291
     0
 70
    58
 90
        2
176
     1
 90
        2
176
     1
 90
        1
176
     1
 90
        2
176
     1
 40
0.6
176
     1
 40
30.0
176
     1
 62
     7
420
 16777215
176
     1
 90
        1
176
     1
 90
        2
176
     1
 62
     7
176
     1
 62
   257
176
     1
 90
        2
176
     1
 90
        1
176
     1
 40
1.0
176
     1
 90
        8
176
     1
 62
   257
176
     1
 40
1.0
176
     1
 90
        1
176
     1
 90
        6
176
     1
 90
        2
176
     1
 62
     7
176
     1
 90
        3
176
     1
 90
        0
176
     1
 90
        0
176
     1
290
     0
176
     1
 90
        5
176
     1
 40
0.0
176
     1
 90
        0
176
     1
290
     0
176
     1
290
     1
176
     1
290
     1
176
     1
290
     0
176
     1
290
     0
176
     1
290
     0
176
     1
290
     0
176
     1
290
     0
176
     1
290
     0
176
     1
 90
       50
176
     1
 40
0.0
176
     1
 40
1.0
176
     1
 90
        0
176
     1
 62
    18
420
        0
176
     1
 90
       50
176
     1
 90
        3
176
     1
 62
     5
420
      255
176
     1
290
     0
176
     1
 90
       50
176
     1
 90
       50
176
     1
 90
       50
176
     1
290
     0
176
     1
 90
       50
176
     1
 62
   256
176
     0
 40
1.0
176
     0
 90
        2
176
     1
  1
strokes_ogs.tif
176
     1
290
     0
176
     1
 40
1.0
176
     1
 40
1.0
176
     1
  0
VISUALSTYLE
  5
1EF
102
{ACAD_REACTORS
330
EF
102
}
330
EF
100
AcDbVisualStyle
  2
Shades of Gray
 70
    23
177
     3
291
     0
 70
    58
 90
        2
176
     1
 90
        2
176
     1
 90
        3
176
     1
 90
        0
176
     1
 40
0.6
176
     1
 40
30.0
176
     1
 62
     7
420
 16777215
176
     1
 90
        2
176
     1
 90
        2
176
     1
 62
     7
176
     1
 62
     7
176
     1
 90
        1
176
     1
 90
        1
176
     1
 40
40.0
176
     1
 90
        8
176
     1
 62
     7
176
     1
 40
1.0
176
     1
 90
        1
176
     1
 90
        6
176
     1
 90
        2
176
     1
 62
     7
176
     1
 90
        3
176
     1
 90
        0
176
     1
 90
        0
176
     1
290
     0
176
     1
 90
        1
176
     1
 40
0.0
176
     1
 90
        0
176
     1
290
     0
176
     1
290
     1
176
     1
290
     1
176
     1
290
     0
176
     1
290
     0
176
     1
290
     0
176
     1
290
     0
176
     1
290
     0
176
     1
290
     0
176
     1
 90
       50
176
     1
 40
0.0
176
     1
 40
1.0
176
     1
 90
        0
176
     1
 62
    18
420
        0
176
     1
 90
       50
176
     1
 90
        3
176
     1
 62
     5
420
      255
176
     1
290
     0
176
     1
 90
       50
176
     1
 90
       50
176
     1
 90
       50
176
     1
290
     0
176
     1
 90
       50
176
     1
 62
   256
176
     0
 40
1.0
176
     0
 90
        2
176
     1
  1
strokes_ogs.tif
176
     1
290
     0
176
     1
 40
1.0
176
     1
 40
1.0
176
     1
  0
VISUALSTYLE
  5
1F0
102
{ACAD_REACTORS
330
EF
102
}
330
EF
100
AcDbVisualStyle
  2
Sketchy
 70
    24
177
     3
291
     0
 70
    58
 90
        1
176
     1
 90
        2
176
     1
 90
        2
176
     1
 90
        0
176
     1
 40
0.6
176
     1
 40
30.0
176
     1
 62
     7
420
 16777215
176
     1
 90
        2
176
     1
 90
        2
176
     1
 62
     7
176
     1
 62
     7
176
     1
 90
        1
176
     1
 90
        1
176
     1
 40
40.0
176
     1
 90
       11
176
     1
 62
     7
176
     1
 40
1.0
176
     1
 90
        1
176
     1
 90
        6
176
     1
 90
        2
176
     1
 62
     7
176
     1
 90
        6
176
     1
 90
        0
176
     1
 90
        0
176
     1
290
     0
176
     1
 90
        1
176
     1
 40
0.0
176
     1
 90
        0
176
     1
290
     0
176
     1
290
     1
176
     1
290
     1
176
     1
290
     0
176
     1
290
     0
176
     1
290
     0
176
     1
290
     0
176
     1
290
     0
176
     1
290
     0
176
     1
 90
       50
176
     1
 40
0.0
176
     1
 40
1.0
176
     1
 90
        0
176
     1
 62
    18
420
        0
176
     1
 90
       50
176
     1
 90
        3
176
     1
 62
     5
420
      255
176
     1
290
     0
176
     1
 90
       50
176
     1
 90
       50
176
     1
 90
       50
176
     1
290
     0
176
     1
 90
       50
176
     1
 62
   256
176
     0
 40
1.0
176
     0
 90
        2
176
     1
  1
strokes_ogs.tif
176
     1
290
     0
176
     1
 40
1.0
176
     1
 40
1.0
176
     1
  0
VISUALSTYLE
  5
FC
102
{ACAD_REACTORS
330
EF
102
}
330
EF
100
AcDbVisualStyle
  2
Thicken
 70
    13
177
     3
291
     1
 70
    58
 90
        2
176
     1
 90
        2
176
     1
 90
        1
176
     1
 90
        0
176
     1
 40
0.6
176
     1
 40
30.0
176
     1
 62
     7
420
 16777215
176
     1
 90
        1
176
     1
 90
        4
176
     1
 62
     7
176
     1
 62
   257
176
     1
 90
        1
176
     1
 90
        1
176
     1
 40
1.0
176
     1
 90
       12
176
     1
 62
     7
176
     1
 40
1.0
176
     1
 90
        1
176
     1
 90
        6
176
     1
 90
        2
176
     1
 62
     7
176
     1
 90
        5
176
     1
 90
        0
176
     1
 90
        0
176
     1
290
     0
176
     1
 90
        1
176
     1
 40
0.0
176
     1
 90
        0
176
     1
290
     0
176
     1
290
     1
176
     1
290
     1
176
     1
290
     0
176
     1
290
     0
176
     1
290
     0
176
     1
290
     0
176
     1
290
     0
176
     1
290
     0
176
     1
 90
       50
176
     1
 40
0.0
176
     1
 40
1.0
176
     1
 90
        0
176
     1
 62
    18
420
        0
176
     1
 90
       50
176
     1
 90
        3
176
     1
 62
     5
420
      255
176
     1
290
     0
176
     1
 90
       50
176
     1
 90
       50
176
     1
 90
       50
176
     1
290
     0
176
     1
 90
       50
176
     1
 62
   256
176
     0
 40
1.0
176
     0
 90
        2
176
     1
  1
strokes_ogs.tif
176
     1
290
     0
176
     1
 40
1.0
176
     1
 40
1.0
176
     1
  0
VISUALSTYLE
  5
F6
102
{ACAD_REACTORS
330
EF
102
}
330
EF
100
AcDbVisualStyle
  2
Wireframe
 70
     5
177
     3
291
     0
 70
    58
 90
        0
176
     1
 90
        2
176
     1
 90
        0
176
     1
 90
        0
176
     1
 40
0.6
176
     1
 40
30.0
176
     1
 62
     7
420
 16777215
176
     1
 90
        1
176
     1
 90
        4
176
     1
 62
     7
176
     1
 62
   257
176
     1
 90
        1
176
     1
 90
        1
176
     1
 40
1.0
176
     1
 90
        0
176
     1
 62
   257
176
     1
 40
1.0
176
     1
 90
        1
176
     1
 90
        6
176
     1
 90
        2
176
     1
 62
     7
176
     1
 90
        3
176
     1
 90
        0
176
     1
 90
        0
176
     1
290
     0
176
     1
 90
        1
176
     1
 40
0.0
176
     1
 90
        0
176
     1
290
     0
176
     1
290
     1
176
     1
290
     1
176
     1
290
     0
176
     1
290
     0
176
     1
290
     0
176
     1
290
     0
176
     1
290
     0
176
     1
290
     0
176
     1
 90
       50
176
     1
 40
0.0
176
     1
 40
1.0
176
     1
 90
        0
176
     1
 62
    18
420
        0
176
     1
 90
       50
176
     1
 90
        3
176
     1
 62
     5
420
      255
176
     1
290
     0
176
     1
 90
       50
176
     1
 90
       50
176
     1
 90
       50
176
     1
290
     0
176
     1
 90
       50
176
     1
 62
   256
176
     0
 40
1.0
176
     0
 90
        2
176
     1
  1
strokes_ogs.tif
176
     1
290
     0
176
     1
 40
1.0
176
     1
 40
1.0
176
     1
  0
VISUALSTYLE
  5
1F1
102
{ACAD_REACTORS
330
EF
102
}
330
EF
100
AcDbVisualStyle
  2
X-Ray
 70
    25
177
     3
291
     0
 70
    58
 90
        2
176
     1
 90
        2
176
     1
 90
        1
176
     1
 90
        1
176
     1
 40
0.5
176
     1
 40
30.0
176
     1
 62
     7
420
 16777215
176
     1
 90
        1
176
     1
 90
        0
176
     1
 62
     7
176
     1
 62
   257
176
     1
 90
        1
176
     1
 90
        1
176
     1
 40
1.0
176
     1
 90
        8
176
     1
 62
     7
176
     1
 40
1.0
176
     1
 90
        1
176
     1
 90
        6
176
     1
 90
        2
176
     1
 62
     7
176
     1
 90
        3
176
     1
 90
        0
176
     1
 90
        0
176
     1
290
     0
176
     1
 90
       13
176
     1
 40
0.0
176
     1
 90
        0
176
     1
290
     0
176
     1
290
     1
176
     1
290
     1
176
     1
290
     0
176
     1
290
     0
176
     1
290
     0
176
     1
290
     0
176
     1
290
     0
176
     1
290
     0
176
     1
 90
       50
176
     1
 40
0.0
176
     1
 40
1.0
176
     1
 90
        0
176
     1
 62
    18
420
        0
176
     1
 90
       50
176
     1
 90
        3
176
     1
 62
     5
420
      255
176
     1
290
     0
176
     1
 90
       50
176
     1
 90
       50
176
     1
 90
       50
176
     1
290
     0
176
     1
 90
       50
176
     1
 62
   256
176
     0
 40
1.0
176
     0
 90
        2
176
     1
  1
strokes_ogs.tif
176
     1
290
     0
176
     1
 40
1.0
176
     1
 40
1.0
176
     1
  0
DICTIONARYVAR
  5
761
102
{ACAD_REACTORS
330
760
102
}
330
760
100
DictionaryVariables
280
     0
  1
16
  0
DICTIONARYVAR
  5
762
102
{ACAD_REACTORS
330
760
102
}
330
760
100
DictionaryVariables
280
     0
  1
100.000000
  0
DICTIONARYVAR
  5
763
102
{ACAD_REACTORS
330
760
102
}
330
760
100
DictionaryVariables
280
     0
  1
1
  0
DICTIONARYVAR
  5
764
102
{ACAD_REACTORS
330
760
102
}
330
760
100
DictionaryVariables
280
     0
  1
1:1
  0
DICTIONARYVAR
  5
765
102
{ACAD_REACTORS
330
760
102
}
330
760
100
DictionaryVariables
280
     0
  1
STANDARD
  0
DICTIONARYVAR
  5
766
102
{ACAD_REACTORS
330
760
102
}
330
760
100
DictionaryVariables
280
     0
  1
STANDARD
  0
DICTIONARYVAR
  5
767
102
{ACAD_REACTORS
330
760
102
}
330
760
100
DictionaryVariables
280
     0
  1
Metric50
  0
DICTIONARYVAR
  5
768
102
{ACAD_REACTORS
330
760
102
}
330
760
100
DictionaryVariables
280
     0
  1
Metric50
  0
DICTIONARYVAR
  5
769
102
{ACAD_REACTORS
330
760
102
}
330
760
100
DictionaryVariables
280
     0
  1
0
  0
DICTIONARYVAR
  5
76A
102
{ACAD_REACTORS
330
760
102
}
330
760
100
DictionaryVariables
280
     0
  1
2
  0
DICTIONARYVAR
  5
76B
102
{ACAD_REACTORS
330
760
102
}
330
760
100
DictionaryVariables
280
     0
  1
OLCU (BEYKENT)
  0
DICTIONARYVAR
  5
76C
102
{ACAD_REACTORS
330
760
102
}
330
760
100
DictionaryVariables
280
     0
  1
1
  0
DICTIONARYVAR
  5
76D
102
{ACAD_REACTORS
330
760
102
}
330
760
100
DictionaryVariables
280
     0
  1
31
  0
DICTIONARYVAR
  5
76E
102
{ACAD_REACTORS
330
760
102
}
330
760
100
DictionaryVariables
280
     0
  1
1
  0
DICTIONARYVAR
  5
76F
102
{ACAD_REACTORS
330
760
102
}
330
760
100
DictionaryVariables
280
     0
  1
BYLAYER
  0
DICTIONARYVAR
  5
770
102
{ACAD_REACTORS
330
760
102
}
330
760
100
DictionaryVariables
280
     0
  1
0
  0
DICTIONARYVAR
  5
771
102
{ACAD_REACTORS
330
760
102
}
330
760
100
DictionaryVariables
280
     0
  1
TARAMA (BEYKENT)
  0
DICTIONARYVAR
  5
772
102
{ACAD_REACTORS
330
760
102
}
330
760
100
DictionaryVariables
280
     0
  1
ByLayer
  0
DICTIONARYVAR
  5
773
102
{ACAD_REACTORS
330
760
102
}
330
760
100
DictionaryVariables
280
     0
  1
0
  0
DICTIONARYVAR
  5
774
102
{ACAD_REACTORS
330
760
102
}
330
760
100
DictionaryVariables
280
     0
  1
0
  0
DICTIONARYVAR
  5
775
102
{ACAD_REACTORS
330
760
102
}
330
760
100
DictionaryVariables
280
     0
  1
0
  0
DICTIONARYVAR
  5
776
102
{ACAD_REACTORS
330
760
102
}
330
760
100
DictionaryVariables
280
     0
  1
2
  0
DICTIONARYVAR
  5
778
102
{ACAD_REACTORS
330
760
102
}
330
760
100
DictionaryVariables
280
     0
  1
1.000000
  0
DICTIONARYVAR
  5
779
102
{ACAD_REACTORS
330
760
102
}
330
760
100
DictionaryVariables
280
     0
  1
1
  0
DICTIONARYVAR
  5
77A
102
{ACAD_REACTORS
330
760
102
}
330
760
100
DictionaryVariables
280
     0
  1
2
  0
DICTIONARYVAR
  5
77B
102
{ACAD_REACTORS
330
760
102
}
330
760
100
DictionaryVariables
280
     0
  1
1
  0
DICTIONARYVAR
  5
77C
102
{ACAD_REACTORS
330
760
102
}
330
760
100
DictionaryVariables
280
     0
  1
0
  0
DICTIONARYVAR
  5
77D
102
{ACAD_REACTORS
330
760
102
}
330
760
100
DictionaryVariables
280
     0
  1
127
  0
DICTIONARY
  5
205
330
22
100
AcDbDictionary
280
     1
281
     1
  0
DICTIONARY
  5
1F9
330
ED
100
AcDbDictionary
280
     1
281
     1
  3
FBXASSET
360
1FA
  0
DICTIONARY
  5
1F7
330
EC
100
AcDbDictionary
280
     1
281
     1
  3
FBXASSET
360
1F8
  0
DICTIONARY
  5
173
330
EE
100
AcDbDictionary
280
     1
281
     1
  3
BUMPTILE
360
175
  3
DIFFUSETILE
360
174
  3
FBXASSET
360
1FB
  3
OPACITYTILE
360
176
  3
REFLECTIONTILE
360
177
  0
DICTIONARY
  5
162
330
7F
100
AcDbDictionary
280
     1
281
     1
  3
ACAD_ROUNDTRIP_2008_TABLESTYLE_CELLSTYLEMAP
360
1893
  0
XRECORD
  5
1FA
102
{ACAD_REACTORS
330
1F9
102
}
330
1F9
100
AcDbXrecord
280
     1
 70
     1
 90
429727718
  1
D62C5603-E3A1-4AEA-B7FB-FE5D8D0755AF
310
504B03040A0000080000CC70623B3DEE336E79000000790000001B0000006175746F6465736B2D64657369676E2D7061636B6167652E786D6C3C3F786D6C2076657273696F6E3D22312E302220656E636F64696E673D227574662D3822203F3E3C666F726D6174733E3C666F726D61743E687474703A2F2F736368656D612E
310
6175746F6465736B2E636F6D2F64657369676E2D7061636B6167652F323030393C2F666F726D61743E3C2F666F726D6174733E504B0304140006080800CC70623BD486FD9CA0000000F4000000130000005B436F6E74656E745F54797065735D2E786D6C7D8EC10E82300C865F65E91D8A1E8C310C0EEA1BF002731658846E
310
D98AC1B77784ABF1D8FE5FBFBF75BBCE937A534CCEB38643598122B6FEE978D0B0485F9C41B54DDD7D022595594E1A469170414C76A4D9A4D207E29CF43ECE46F218070CC6BECC4078ACAA135ACF422C856C0E68EA1BF5669944DDD7BCDE7B1F8E415D77AECB980613C2E4AC91FC167A2B244592486606FC29C8FD7F045B9A
310
EF7053A7E60B504B0304140006080800CC70623B853B8169EB0000007C01000008000000636F72652E786D6C8D90416EC3201045AF62CDB6C206821CC7C244919D9CA01740401C94182C03558F5F9C3852BBEB6A467FFE9B197D7EFC9E1EC5975982F5AE035262288C535E5B377690E21535501C055FBC8FBF6C503839990E
310
5619041F179FE64D52DE45E362569DD7661365082642A11EB9E920A89B99642953CC8E702F67A9EE7234257977194EC9EAE275C4EABCCF5EAD5940D4AC6F0E35A568B8F43562CD7046CD199FD07E60174276A7BE677B5EADB0E0D14EEFFB6A31321A0D82627C4084204C3F096B71DD52F6819B16635EADF63F509AF53FA164
310
5DDCD1EDDD17164090FCC8732078B56691CB33A85CD7DCC40F504B0304140006080800CC70623B55019EA25F0000007C00000007000000636E782E786D6C4DCB3B0E80201045D1AD90E915ED2CF8AC45050C11660C8261F98AB1B07AC9C97D42D718D865D3E909258CFD00CCE24AC6E326A164D74DC0B4128928FF32603847
310
2BA13128B1252AC747C6BAB984FC68F0B87FE8960A5C09FE86CFB69FBA01504B0304140006080800CC70623BDBABAAF470010000D40300000C0000006662782F636F72652E786D6CC553D16E823014FD95A6AF4B694182CC941A83FA05FB810A9511A125A5257EFE2E82712ECEB8A7F100CD39F7F69E734AF9FADC366850B6
310
AF8DCE7018308C942E4C59EB2AC3DE1D498AD15A706B8CFB56869196ADCAF00863C12B6B7C374385D14E6907A836A59A41D9F7CA615434B0C8705F7CAA5606D23BA8E84F41278B93AC54100640439DE0BDB320004D43C63716C7C399D30917DCFBBA9CD9BA8469F5B156168B24CED3F7248AC8769F27244EB73B92EED8862C
310
B7F13E0C179B3C8F979C8ECD82BBBABDAA2BAC924E9558448CBD9330242CFA08E3154B5651FCC6D215639C8EE5774DBE2B5F6CF2B5768B68963BB5F5588420E442FC700B1139D4CB01F450C1E918227C2E09DF070D8140C84E1E9AAB8F1340832A9CB13130A5F1376A908D57309505ECF2A0DF179C4E9D30F5B239B87E3823
310
7A79C6F31DE1A8A5AEC08474B03C7837EAE4938639B44E5932B833D2C6B6B279CDC613877FA26EE21F4A2A4C63EC7F29A2F301D1F9F7A0E37D145F504B0304140006080800CC70623B9C113CC27E0000009D0000000B0000006662782F636E782E786D6C4DCCDF0A83201C86E15B91DFB94BFB330DD428C8FB886521330DA7
310
6397BF1A1DECE883878F57749FCDA1B7892F1BBC047A23808C7F84D9FA55424E0BE6803A256208E9EF06C84F9B91703228B1C690F78B66B34CD9A5439DF5CF0BFBF65E35BCA1B8D6A5C6F540381E886698B5741C695F9503EBA150A2F8958E3DC3EA0B504B0304140006080800CC70623B7DF2F77C2A010000120200003100
310
00006662782F41393633353835312D344632462D344230382D423046372D3739314545314133324237412F636F72652E786D6C8D51DB8EC22014FC15C2939B0D2DB4B45643319AE817EC0F6041255A68B86CFCFC856D4D76DF7CE190393373060EDB3DC707F856CE6B6B7A480A0C81328395DA5C7B18C3057510EC3873D686
310
3F34088C18550F330C39BB3A1BA7051AAC09CA84841A2BD5020AEF55806078A44B0FFD7053A328440C89E1EFC52486BBB8AA8214A99D789CF9E05200300FC927E4FB4D5B375D43103D5527440FB843077C5AA3F5861C8F645F5787F59E95B390B318B55CE45AA638FAA2957BD7248B390B7A7CC51F9C124149C82B8C378810
310
84AB2F42B7B8DD56F413775B8C5999E9FF4471926F8AA236A1AE96B8B3CC434E5839373893369E1FAF30EA395917409EB7F26AF8801C171837A4A6AC9C89E9F9C9B1A58BA30FD6A5EF5DDDCF894B9AD9B6A59C957943A9FCAE2FD5BC4DFE03504B0304140006080800CC70623BAD7543B64E01000033030000300000006662
310
782F41393633353835312D344632462D344230382D423046372D3739314545314133324237412F636E782E786D6CD593CD6EC32010845F0571AD6CE3D48AD20813A9873E410FBD12D82434182C7EAAE6EDBB2424CD25871E7B41D6EC30B3FA84F9E67BB2E40B4234DE8DB46F1925E094D7C6ED479AD3AE5951B2113C789FEE
310
6C943839C1488B4C05DF079FE72A69D8C96C13AAD6B8631503449F83828872B949AC57D26200B826A308D316B4064D6E46FCDA41C05550DC9E483A00797BFD207EFB092A45DE9514C1BBD22178396BD39D891265658C238DEA00936C654E5E433CB65A26D9F6EDB5EBC14EBF49A45CB856E66048291F6939A9A81BB5C89177
310
38143CA680F4AA299D66A042CEB3354A2684DC9D8D178FE0D9B8B41CAAD720F880EE7EF93C0C18769E099ECC04D5A102C8049A8A05632F4DDF376CF1DE0F6BB65C2F8627B65A33C6BB62177CEBBDAD973006829F89F22E814B54F4BC2BE347F8AA8F681390B50FA73F804400B5F542E796F19FF974E7F78DB802FE05E20750
310
4B0304140006080800CC70623BE75B7789680500003C100000340000006662782F41393633353835312D344632462D344230382D423046372D3739314545314133324237412F6F626A656374732E786D6CAD575B8F9B3818FD2B887D06C22499CB8AA1CA655245D5B455A356FB305264C061D8018C6C3393D95FBFC7600890
310
A4CD5EF210B0B1BFEBF98E3F7B1FF6596ABC522E1296DF9BAE3D320D9A872C4AF2F8DE2CE5CEBA358D0FBEC719939D65A691938CDE9B6ADAF4BD98B3B2D05311DD91329583D9D5FC0F438434A7A611A644887B5384CF34233629258BA878B12322891DEFF6B66BD70BFB62634E8AE781D082709A4B588AF91C528CDA28B73F
310
1C998EEF39EABBEFA97FBD6A7C7E9553F9D3D79FE442923C3C523610337627CB87ABE99D359D4CC6D6E4FACAB5E6ABF9D2726FC6A3C5F56271377BB88362213924694B38DD99FE47C48627A1E7D49F5A8BB5E1A74C0A599ED3B0F21F1E56366B89112D681E218F0915D0D6F17AD41FBA2A369DCF6335D62ABBD39779D5DDD1
310
11D4D8DE3CBB96B2E04FB8202E41051754A1AA8E8F76B4C6DFE810B580B1547F4B84911149794252234D024EF8BBE963A95AE27B3D310A9D5C215C7960FAEE415ED75694C6AFB17BCACA5D99A60A9AA65F217B0BFC53292ACB92BF283FAD0D3621576592CB5BED907C2FA8E9DF794E35E97BEA31BED21FEB401ABB94C44839
310
DCACBF0E1C5DA8DA5B2F4DFFD32AD86F543D9E565E7056502E157C00AD2671CD534549AB752FCA9CDA00677A313F04E51B22FF19E57B300579E3C97EB29F682D92935CEC18CF901B7B54FD8C51F362B56FC72FE0B3C1EAE335EDCCBF5AEC39ADB17DC238973F804BA5E6F6BFE7AF1FB32E523BE9F3BD571418E3631DCA4D48
310
5250CF639223210A9446CA30052EDF057BD35F8329C1ECD84552BF0DC8D18BE7BCE23BFE6BD960AB4A7DE79923A103BEBD80F911CBAA2C60DB19B01CF164A5583B772EE6D3FFA56666CBCDA74DC97724A48F9A58967497E489C4D979006FD7A05E227A1EBDD0F737C623387A9C844D3709995625106D157315F8B8392CD4E0
310
A0B9A720C4BE9829CEF37EA1E13111214D53925356365ADA634861B52519DD27A00AEB808EAF0628E6F435519D446F45CF2C9CF5214F0A15B2F6D06B79DA3EE3CBF7F56780D2F4E7EF73A0F5E5B02A38D07DC852C6B7C1FBB6664213E0C39E3EBA7FF4E1AD23EA2829407C85E586727488B751B2DB9502BC7B228A3FD68B6E
310
A65A22397E690AA8D158D7E404EC8CDA235CC3B7D1898680131CEC2CDF2638C65196279577750F15884AEE19F94199155B92B13297978469D4F8D358DF0AEF7631E28DC8F0D9F437D5D39A83B2231A1D52D543813A824EF8D44BCFF2FA6A31BD1E8DAD87F1CCB526B3879935BF59CDADD5C37479BB1CDD4CA7B3556B516589
310
EF352754B706114D9C885EC9131DE6EFEB43D99AFE2391C2F958179413D7CFEF6B1B6DB1E7600F00DE6E5C67454A339A4BA2E0FBA85ED26F045D454F463DBFCE484C2F90F2E5E3666003662ED8F755951A7D1BECD5B30B550B2785C8E7320B7292A4838DDA71BBC863ED7613CAF659337A3354231D4FF4A182A54904C2898C
310
98B28C4AD0CE056CCF332A80986E571EE9DBC305BB5FEB7E509220A58D25CF042D712A806AC0AD0C657FDEF80D2D9CEAA2EE4D1C76F60BFE74219A06527D6F82DF6412526107381E55E353090704D085B52408A8913C4ED159D79BDA71BB4BC506F4831350EB6F975CD22D69BF7AC49B91A2C0A9DDA3D5CA36AD20FC478E37
310
E61844E2352865EBCB61A275A65283CAAA9DD27703B4102F5AF51EF5F573B75CBB5AD38BC845F7A49F82A0966A49C2E3EA5EA0ECD326CD965F1DB402C6FA8B51A4658C5C5E2EC9E214602E55810345408596591009A82E7E7FFACA19EEA299B14A0081A705CB3296EBC14CDF658DCD336EA6D1136881AAEB87B81AB9EE53D5
310
F5EB8BC8362082DA24122F98680A4E7930C01A0079749CEA14382A0783E5EBA5A10F8C098456A03D6A4AEB6BB881E2513747552A5DB22C7EDAF83BD5528081A365F7FF06504B0304140006080000CC70623B000000000000000000000000350000006662782F41393633353835312D344632462D344230382D423046372D37
310
39314545314133324237412F76657274696365732E62696E504B0304140006080800CC70623BF270F1330600000004000000360000006662782F41393633353835312D344632462D344230382D423046372D3739314545314133324237412F747269616E676C65732E62696E636660600000504B0304140006080000CC7062
310
3B000000000000000000000000370000006662782F41393633353835312D344632462D344230382D423046372D3739314545314133324237412F617474726962757465732E62696E504B0304140006080800CC70623B08DA0BD19000000041010000360000006662782F41393633353835312D344632462D344230382D4230
310
46372D3739314545314133324237412F6469726563746F72792E786D6C858F410AC3201045AF22B36F53E9A60B35CBEEBAE80D244E44489C6234F4F835464A48035D0DF398FF9F8AF63D0E6CC63039F212F8F9020C7D47C6792B21C5FE7403D62A1188E2E60C98D7234A5830286103A55745067B9D86B8A3CF9C7F90C11DE6
310
07FB144396D7B6A82D282E9A152AD114D5EF2CB866EEE831B8EEA07A7BB5A8D7D61A2BAAEB7FD5F70921FF497D00504B0304140006080800CC70623BEDD1DC58FD000000A00100003B0000006662782F41393633353835312D344632462D344230382D423046372D3739314545314133324237412F7265736F75726365732F
310
636F72652E786D6C8D504B6E833010BD0A9A6D65B00922041947112427E8052C33A156828DFCA97AFC9A40A576D7CDCCE87D344F8F9FBFE667F689CE6B6B3A6039850C8DB2A336530731DC4903D95970676DF82583CCC8193B5861107C72362E3BA4AC096842428D1D7107A5F7182053CF7474E0D507CE32973124857FE48B
310
540F3961CEF244279DE03EB81420DB9EAC1384436FA353E879B1B182C7A8C75DA3C7F453DF353A1075D537A7BA6464B8F535A99AE14A9A2BBD90E350DD183B5CFABE3AF262350B1EF4FC9351399401471025A527C218A1E53BAB5A5AB765F5469B96525EACF23FA6B88CFF34456DC2A1DCE36E360F82A5202F42F062ED2BAD
310
579969AFDD8A6F504B010214000A0000080000CC70623B3DEE336E79000000790000001B00000000000000000000000000000000006175746F6465736B2D64657369676E2D7061636B6167652E786D6C504B01021400140006080800CC70623BD486FD9CA0000000F40000001300000000000000000000000000B20000005B
310
436F6E74656E745F54797065735D2E786D6C504B01021400140006080800CC70623B853B8169EB0000007C010000080000000000000000000000000083010000636F72652E786D6C504B01021400140006080800CC70623B55019EA25F0000007C000000070000000000000000000000000094020000636E782E786D6C504B
310
01021400140006080800CC70623BDBABAAF470010000D40300000C00000000000000000000000000180300006662782F636F72652E786D6C504B01021400140006080800CC70623B9C113CC27E0000009D0000000B00000000000000000000000000B20400006662782F636E782E786D6C504B01021400140006080800CC70
310
623B7DF2F77C2A010000120200003100000000000000000000000000590500006662782F41393633353835312D344632462D344230382D423046372D3739314545314133324237412F636F72652E786D6C504B01021400140006080800CC70623BAD7543B64E010000330300003000000000000000000000000000D2060000
310
6662782F41393633353835312D344632462D344230382D423046372D3739314545314133324237412F636E782E786D6C504B01021400140006080800CC70623BE75B7789680500003C10000034000000000000000000000000006E0800006662782F41393633353835312D344632462D344230382D423046372D3739314545
310
314133324237412F6F626A656374732E786D6C504B01021400140006080000CC70623B0000000000000000000000003500000000000000000000000000280E00006662782F41393633353835312D344632462D344230382D423046372D3739314545314133324237412F76657274696365732E62696E504B01021400140006
310
080800CC70623BF270F133060000000400000036000000000000000000000000007B0E00006662782F41393633353835312D344632462D344230382D423046372D3739314545314133324237412F747269616E676C65732E62696E504B01021400140006080000CC70623B0000000000000000000000003700000000000000
310
000000000000D50E00006662782F41393633353835312D344632462D344230382D423046372D3739314545314133324237412F617474726962757465732E62696E504B01021400140006080800CC70623B08DA0BD1900000004101000036000000000000000000000000002A0F00006662782F41393633353835312D344632
310
462D344230382D423046372D3739314545314133324237412F6469726563746F72792E786D6C504B01021400140006080800CC70623BEDD1DC58FD000000A00100003B000000000000000000000000000E1000006662782F41393633353835312D344632462D344230382D423046372D3739314545314133324237412F7265
310
736F75726365732F636F72652E786D6C504B0506000000000E000E0080040000641100000000
  0
XRECORD
  5
1F8
102
{ACAD_REACTORS
330
1F7
102
}
330
1F7
100
AcDbXrecord
280
     1
 70
     1
 90
429727718
  1
30362254-06B7-45E0-A893-8CFA70E3D6BC
310
504B03040A0000080000CC70623B3DEE336E79000000790000001B0000006175746F6465736B2D64657369676E2D7061636B6167652E786D6C3C3F786D6C2076657273696F6E3D22312E302220656E636F64696E673D227574662D3822203F3E3C666F726D6174733E3C666F726D61743E687474703A2F2F736368656D612E
310
6175746F6465736B2E636F6D2F64657369676E2D7061636B6167652F323030393C2F666F726D61743E3C2F666F726D6174733E504B0304140006080800CC70623BD486FD9CA0000000F4000000130000005B436F6E74656E745F54797065735D2E786D6C7D8EC10E82300C865F65E91D8A1E8C310C0EEA1BF002731658846E
310
D98AC1B77784ABF1D8FE5FBFBF75BBCE937A534CCEB38643598122B6FEE978D0B0485F9C41B54DDD7D022595594E1A469170414C76A4D9A4D207E29CF43ECE46F218070CC6BECC4078ACAA135ACF422C856C0E68EA1BF5669944DDD7BCDE7B1F8E415D77AECB980613C2E4AC91FC167A2B244592486606FC29C8FD7F045B9A
310
EF7053A7E60B504B0304140006080800CC70623B1EC5D7A3EB0000007C01000008000000636F72652E786D6C8D90416EC3201045AF82665B6103C6756C6122AB4D4ED00B204C5C94182C03558F5F9C3852BBEB6A467FFE9B197D71FC9E6FE8CBACC17AD7032D0820E3B41FAD9B7A48F1820F808E52ACDEC75F36404ECDA687
310
4D0629A6D5A76597B477D1B89855E747B38B2A041301E95B6E7A08FAD3CCAA50296647B8168BD2573599823EBB0CA76447F43862C7BCCF5EAC59410E4DDD9C7973C2755553CCCFA4C603E3040F1565ED3B1FDE4E432BCA0D9622DAF9795FAF464533826484B498524CD807E51D79ED187F21878E10516EF63F505AC67F42C9
310
BA58B1FDDD071640D2FCC87D2045B96591CB3DA85CB7DCE40F504B0304140006080800CC70623B55019EA25F0000007C00000007000000636E782E786D6C4DCB3B0E80201045D1AD90E915ED2CF8AC45050C11660C8261F98AB1B07AC9C97D42D718D865D3E909258CFD00CCE24AC6E326A164D74DC0B4128928FF32603847
310
2BA13128B1252AC747C6BAB984FC68F0B87FE8960A5C09FE86CFB69FBA01504B0304140006080800CC70623B8C9102E971010000D40300000C0000006662782F636F72652E786D6CC5535B6E833010BC8AE5DF0A6C08340F1947A84D4ED00B38C6A128602363A31CBFCB234A53A551FA553EC09AD9F5CE8C31DB9E9B1AF5CA
310
7695D1198E428A91D2D214952E33ECDD315861B4E5CC1AE3BE9561A445A3323CC098B3D21ADFCE9034DA29ED00D5A6503328BA4E398C640D8B0C77F253352214DE4145770A5B214FA2546114020D759C75CE8200340D19DE981F0F6746269C33EFAB6266AB02A655C74A59CCF365BADC27CB5D902ED22848F6340DF238A141
310
BE88E2F57B92BFEDF23523433367AE6A2EEAA455C2A902F398D2751045018D3FA264435F3771F242571B4A1919CA6F9A7C5B3CD9E42BED16F12C776AEB308F40C848FC700B1139D4891EF410CEC810227CC6846F8386402064270EF5C5C709A05E49676C024C61FC95EA45ED154CA5211D1FF4FB8291A913A68E9B83EBBB33
310
E2A7673CDE118E5AE8124C0807CB8377834E366998436B950D7A7746DAD846D4CFD978E0F04FD455FC5D49D2D4C6FE9722321F10997F0F32DC47FE05504B0304140006080800CC70623BFFEA85907E0000009D0000000B0000006662782F636E782E786D6C4DCCD10A83201886E15B91FFDC95D95A811AB6F23E625948A6C3
310
E9D8E5AF46073BFAE0E1E365ED67B3E8ADC3CB78C7815C7240DA3DFC64DCC221C519D7805AC182F7F1EF06C88D9BE6703008B6049F9E274D7A1E938DBB5AE3D6131B2589BA0D3D965551E0B2EA732C9B9A624AAEB41E3A557677029960D9AFB4EF11165F504B0304140006080800CC70623B4FEEA4082C0100001202000031
310
0000006662782F39464131463745442D413632322D343644302D413938332D3331353338454246344243312F636F72652E786D6C8D515B6EC32010BC0AE2AB55850DD871ED0813254D72825EC00192A2C460F1A872FC42ED48ED5F7E00CDCECCCEB26C731F6FE05B39AFADE921293004CA082BB5B9F43086336A21D870E6AC
310
0D7F68109861543DCC30E4ECE26C9C164858139409093556AA051CBC570102714B8F1E7AF1A5C6A11862480C7F2DA6415C878B2A4891CA89C7990F2E050073937C42DE1DB7E4F87ED8A36D4329AA9B3D46DBAEAD504556557BD81DEBDD0761E52CE42C462D17B996298E3E6BE59E35C962CE821E1FF18553435012728A7187
310
0841987E927A8D9B35ADDF70BBC6989599FE4F1427F9A4286A132ABAC49D651EF234CD5CE04CDA78BA3DC2A8FB645D00B9DF8B57E215725C60BCA2A463E54C4CE327C7A65E1C7DB02E7DEFCBF594B864C5CA6CDBD49C957943E9FA5D5FBAF336F90F504B0304140006080800CC70623BAD7543B64E01000033030000300000
310
006662782F39464131463745442D413632322D343644302D413938332D3331353338454246344243312F636E782E786D6CD593CD6EC32010845F0571AD6CE3D48AD20813A9873E410FBD12D82434182C7EAAE6EDBB2424CD25871E7B41D6EC30B3FA84F9E67BB2E40B4234DE8DB46F1925E094D7C6ED479AD3AE5951B2113C
310
789FEE6C943839C1488B4C05DF079FE72A69D8C96C13AAD6B8631503449F83828872B949AC57D26200B826A308D316B4064D6E46FCDA41C05550DC9E483A00797BFD207EFB092A45DE9514C1BBD22178396BD39D891265658C238DEA00936C654E5E433CB65A26D9F6EDB5EBC14EBF49A45CB856E66048291F6939A9A81BB5
310
C8917738143CA680F4AA299D66A042CEB3354A2684DC9D8D178FE0D9B8B41CAAD720F880EE7EF93C0C18769E099ECC04D5A102C8049A8A05632F4DDF376CF1DE0F6BB65C2F8627B65A33C6BB62177CEBBDAD973006829F89F22E814B54F4BC2BE347F8AA8F681390B50FA73F804400B5F542E796F19FF974E7F78DB802FE05
310
E207504B0304140006080800CC70623B16AB87BA640500003C100000340000006662782F39464131463745442D413632322D343644302D413938332D3331353338454246344243312F6F626A656374732E786D6CAD575B6FA33818FD2B887DE6924B3BED8A326A92B68A663B534DD4D13E548A0C38942D60649B369D5FBFC7
310
600890A493BDE42160637FD7F31D7FF63E6FB3D478A55C242CBF3247B66B1A340F5994E4F19559CA8D75611A9F7D8F33263BCB4C232719BD32D5B4E97B316765A1A722BA21652A07B3B7B33F0D11D29C9A46981221AE4C113ED38CD8A4942CA2E2C58E882476BCD9DA23BB5ED8171B73523C0F841684D35CC252CCE79062D4
310
468DFA43D7747CCF51DF7D4FFDEB5593E3AB9CCA9FBEFE241792E4E19EB28198C968BAB8199F5D5A67D3E9C49A9E8F47D6EC76B6B0469F26EEFC7C3EBFBCBEB98462213924694B38DD98FE1D62C393D073EA4FADC5DAF04326852CCF6958F90F0F2B9BB5C48816348F90C7840A68EB78EDF68723159BCEE7891A6B95DDE9D3
310
BCEAEEE8086A6C6F9E5D4B59F0175C10A7A0820BAA5055C7473B5AE3CFDD452D602CD5DF12616444529E90D448938013FE6EFA58AA96F85E4F8C42275708571E98FE6827AF6B2B4AE3D7D83D64E5A64C53054DD3AF90BD06FEA9149565C94FCA0F6B834DC85599E4F2423B24DF0B6AFA979E534DFA9E7A4CC6FA631D486393
310
921829879BF5D781A373557BCB85E97FB90DB62B558F8795179C15944B051F40AB495CF35451D26A4727654E6D8033BD98EF82F21D91FF8AF2DD9982BCF1643BDD4EB516C9492E368C67C88DED563FC36D5EACF66DFF057C3658BDBFA69DF9578B3DA735B64F18C7F20770A9D45CFCF7FCF563D6456A277DBEF78A02637CA2
310
43B90A490AEAB94F72244481D24819A6C0E59B606BFA4B3025981DBB48EAB701D97BF19C577CC77F2D1B6C55A9EF3C732474C0B727303F625995056C3B02963D9EAC146BE78EC5FCEC7FA999EBC5EACBAAE41B12D27B4D2C0BBA49F244E2ECDC81B76B502F113D8F5EE8FB1BE3111CDD4FC2AA9B844CAB1288B68AB90A7CDC
310
1C166AB0D3DC5310625FCC14E779BFD0709F8890A629C9292B1B2DED31A4B0DA928CEE135085754027E3018A397D4D5427D15BD1330B677DC8934285AC3DF45A9EB68FF8F2B8FC0A509AFEECFD0FF2DE25CC6047F7214B195F07EFEB9A094D800F7BFAE8FED187B78EA8A3A400F115961BCAD1215E47C966530AF0EE8128FE
310
58CEBB996A8964FFA529A046635D9353B0336A8F700DDF46271A024E70B0B37C9DE01847591E54DED53D54202AB947E4076556AC49C6CA5C9E1226B7F1A7B1BE15DEED62C41B91E1B3E9AFAAA735036547343A925075041DF0A9979E893B391F8FCFA6967B3EFB644DCF6E5CEBFAE272625DCC6FAF3FB93793C5F90CE1EF57
310
407342756B10D1C489E8953CD1617E5CEECAD6F4EF8914CE5D5D504E5C3F1F9736DA62CFC11E00BCDDB8CC8A9466349744C1F75EBDA4DF09BA8A9E8C7A7E9991989E20E5DBDD6A6003664ED8F7A04A8DBE0DF6EAD9B9AA858342E47399053949D2C146EDB85DE4B176BB0965FBAC19BD19AA918E27FA50C1D22402E144464C
310
59462568E704B6E71915404CB72B8FF4EDE184DDAF753F284990D2C6926782963815403548A70C657FDEF80D2D9CEAA2AE4C1C76F60BFE74219A06527D6582DF6412526107381E55E353090704D085B52408D0933C4ED159D79BDA71BB4BC506F4831350EB6F979CD22D69BF7AC49B91A2C0A9DDA3D5CA36AD20FC478E37E6
310
1844E2352865EBCB6EA275A652E3836BE04EFB400BF1A2556F515F1FBB35B2AB35BD889C744FFA1004B5544B121E57F70215746DD2F5E2C1412B602CBF19455AC6C8E5E9922C4E01E65215385004546899059180EAFCF7A707CE7017CD8CDB0410789AB32C63B91E5CEBBBACB17AC6CD347A022D5075FD106377347AAABA7E
310
7D11590744509B44E205134DC1290F06580320F78E537D3D73540E06CB970B431F185308AD40BBD794D6D77003C5A36E8EAA54BA64597CD8F83BD552A080A365F7FF06504B0304140006080000CC70623B000000000000000000000000350000006662782F39464131463745442D413632322D343644302D413938332D3331
310
353338454246344243312F76657274696365732E62696E504B0304140006080800CC70623BF270F1330600000004000000360000006662782F39464131463745442D413632322D343644302D413938332D3331353338454246344243312F747269616E676C65732E62696E636660600000504B0304140006080000CC70623B
310
000000000000000000000000370000006662782F39464131463745442D413632322D343644302D413938332D3331353338454246344243312F617474726962757465732E62696E504B0304140006080800CC70623B08DA0BD19000000041010000360000006662782F39464131463745442D413632322D343644302D413938
310
332D3331353338454246344243312F6469726563746F72792E786D6C858F410AC3201045AF22B36F53E9A60B35CBEEBAE80D244E44489C6234F4F835464A48035D0DF398FF9F8AF63D0E6CC63039F212F8F9020C7D47C6792B21C5FE7403D62A1188E2E60C98D7234A5830286103A55745067B9D86B8A3CF9C7F90C11DE607
310
FB144396D7B6A82D282E9A152AD114D5EF2CB866EEE831B8EEA07A7BB5A8D7D61A2BAAEB7FD5F70921FF497D00504B0304140006080800CC70623B0D6EF93BFE000000A00100003B0000006662782F39464131463745442D413632322D343644302D413938332D3331353338454246344243312F7265736F75726365732F63
310
6F72652E786D6C8D50596E833010BD0A9ADFCA60B334011947A8694ED00B586642AC041B79A97AFC9A40A5F6AF3F33A3B7689E1E3F7DCD8FEC139DD7D6F4C0720A191A65476DA61E62B892236427C19DB5E1970C322367EC618541F0C9D9B8EC90B226A009093576C41D94DE63804C3DD2D18357379C652E63480A7FCF17A9
310
EE72C29CE5894E3AC17D702940B63D59270887DE46A7D0F36263058F518FBB468FE9A7BE6A7420864373B8D4873369AA8691FA421B3294352543C5CAF65C0F6FEF43CB8BD52C78D0F34F46E550061C419494B6843142CB0F5677F4B52BEB177AEC28E5C52AFF638ACBF84F53D42654E51E77B379102C05791282176B5F693D
310
CB4C7BED567C03504B010214000A0000080000CC70623B3DEE336E79000000790000001B00000000000000000000000000000000006175746F6465736B2D64657369676E2D7061636B6167652E786D6C504B01021400140006080800CC70623BD486FD9CA0000000F40000001300000000000000000000000000B20000005B
310
436F6E74656E745F54797065735D2E786D6C504B01021400140006080800CC70623B1EC5D7A3EB0000007C010000080000000000000000000000000083010000636F72652E786D6C504B01021400140006080800CC70623B55019EA25F0000007C000000070000000000000000000000000094020000636E782E786D6C504B
310
01021400140006080800CC70623B8C9102E971010000D40300000C00000000000000000000000000180300006662782F636F72652E786D6C504B01021400140006080800CC70623BFFEA85907E0000009D0000000B00000000000000000000000000B30400006662782F636E782E786D6C504B01021400140006080800CC70
310
623B4FEEA4082C0100001202000031000000000000000000000000005A0500006662782F39464131463745442D413632322D343644302D413938332D3331353338454246344243312F636F72652E786D6C504B01021400140006080800CC70623BAD7543B64E010000330300003000000000000000000000000000D5060000
310
6662782F39464131463745442D413632322D343644302D413938332D3331353338454246344243312F636E782E786D6C504B01021400140006080800CC70623B16AB87BA640500003C1000003400000000000000000000000000710800006662782F39464131463745442D413632322D343644302D413938332D3331353338
310
454246344243312F6F626A656374732E786D6C504B01021400140006080000CC70623B0000000000000000000000003500000000000000000000000000270E00006662782F39464131463745442D413632322D343644302D413938332D3331353338454246344243312F76657274696365732E62696E504B01021400140006
310
080800CC70623BF270F133060000000400000036000000000000000000000000007A0E00006662782F39464131463745442D413632322D343644302D413938332D3331353338454246344243312F747269616E676C65732E62696E504B01021400140006080000CC70623B0000000000000000000000003700000000000000
310
000000000000D40E00006662782F39464131463745442D413632322D343644302D413938332D3331353338454246344243312F617474726962757465732E62696E504B01021400140006080800CC70623B08DA0BD190000000410100003600000000000000000000000000290F00006662782F39464131463745442D413632
310
322D343644302D413938332D3331353338454246344243312F6469726563746F72792E786D6C504B01021400140006080800CC70623B0D6EF93BFE000000A00100003B000000000000000000000000000D1000006662782F39464131463745442D413632322D343644302D413938332D3331353338454246344243312F7265
310
736F75726365732F636F72652E786D6C504B0506000000000E000E0080040000641100000000
  0
XRECORD
  5
175
102
{ACAD_REACTORS
330
173
102
}
330
173
100
AcDbXrecord
280
     1
270
     1
271
     1
  0
XRECORD
  5
174
102
{ACAD_REACTORS
330
173
102
}
330
173
100
AcDbXrecord
280
     1
270
     1
271
     1
  0
XRECORD
  5
1FB
102
{ACAD_REACTORS
330
173
102
}
330
173
100
AcDbXrecord
280
     1
 70
     0
 90
1673772943
  1
ECE7A1D2-D628-4531-984C-D00F80459256
310
504B03040A0000080000CC70623B3DEE336E79000000790000001B0000006175746F6465736B2D64657369676E2D7061636B6167652E786D6C3C3F786D6C2076657273696F6E3D22312E302220656E636F64696E673D227574662D3822203F3E3C666F726D6174733E3C666F726D61743E687474703A2F2F736368656D612E
310
6175746F6465736B2E636F6D2F64657369676E2D7061636B6167652F323030393C2F666F726D61743E3C2F666F726D6174733E504B0304140006080800CC70623BD486FD9CA0000000F4000000130000005B436F6E74656E745F54797065735D2E786D6C7D8EC10E82300C865F65E91D8A1E8C310C0EEA1BF002731658846E
310
D98AC1B77784ABF1D8FE5FBFBF75BBCE937A534CCEB38643598122B6FEE978D0B0485F9C41B54DDD7D022595594E1A469170414C76A4D9A4D207E29CF43ECE46F218070CC6BECC4078ACAA135ACF422C856C0E68EA1BF5669944DDD7BCDE7B1F8E415D77AECB980613C2E4AC91FC167A2B244592486606FC29C8FD7F045B9A
310
EF7053A7E60B504B0304140006080800CC70623BD9DDAED0EC0000007C01000008000000636F72652E786D6C8D90416EC3201045AF82665B61836D9CD8C2444DD39CA01740405C94182C03558F5F9C3852BBEB6A467FFE9B197D7EF89E6EE8CB2CC17A37002D0820E394D7D68D03A478C17B4007C117EFE32F1B20272733C0
310
2A83E0E3E2D3BC49CABB685CCCAAF3DA6CA20CC14440EA969B0182FA34932C648AD911AEC52CD5558EA6A0CF2EC329598D1E47ACCEFBECC59A050463A7EA5833865FEBDD0E37353BE3EE8DBDE3F6786A48D375FBF6CC78B9C282473B3DEFABC5C86834888A900E538A49F5419B9EB47DD5BC907D4F082F57FB1F28CDFA9F50
310
B22ED6D5F6EE030B20687EE43E10BC5CB3C8E51E54AE6B6EE207504B0304140006080800CC70623B55019EA25F0000007C00000007000000636E782E786D6C4DCB3B0E80201045D1AD90E915ED2CF8AC45050C11660C8261F98AB1B07AC9C97D42D718D865D3E909258CFD00CCE24AC6E326A164D74DC0B4128928FF326038
310
472BA13128B1252AC747C6BAB984FC68F0B87FE8960A5C09FE86CFB69FBA01504B0304140006080800CC70623BA24EB22D72010000D40300000C0000006662782F636F72652E786D6CC5535B6E833010BC8AE5DF0A6C5E49888CA3A6694ED00B38E05014B091B1518EDFE511A5A9D228FD2A1F60CDEC7A67C6986DCE4D8D7A
310
69BA4AAB0C073EC548AA5C17952A33ECECD15B61B4E1CC686DBF9561A44423333CC098B3D268D7CE50AE9595CA02AA74216750749DB418E5352C32DCE59FB211BE70162ABA93DF8AFC244AE9073ED050C759670D0840D390E18DF9F1706664C23973AE2A66B62A605A75ACA4C13C4976E1364A12EF355A2EBD384AF65EFA96
310
BC7B8BED2EA6719AAE16FB8491A199335B351775B991C2CA02F390D2D40B028F861F41BCA68B7518BFD0D59A524686F29B26D7164F36B94AD9289CE54E6D1DE6010819891F6E21228B3AD1831EC219194284CF98F06DD01008846CC5A1BEF83801D4CBDC6A1303536877A57A513B0953A94FC707FDBE6064EA84A9E3E6E0FA
310
EE8CF0E9198F7784A316AA0413C2C2F2E0ECA0934D1AE6D05A69BCDE9E91D2A611F573361E38FC1375157F5752AE6B6DFE4B11990F88CCBF0719EE23FF02504B0304140006080800CC70623B408A7D3B7C0000009D0000000B0000006662782F636E782E786D6C4DCCD10A83201886E15B91FFDC552A92A0064DBC8F581632
310
D3703A76F9ABD1C18E3E78F878E5F0D9027ABBFCF2292AE86E2D20171F69F6715550CB827B40839639A5F2770314A7CD293819B45C73AAFB45B35BA61ACAA1C1C7E7855C58C15BC331339661262CC762340413D68D77DA5B42298546CBE6573AF60CEB2F504B0304140006080800CC70623B449FB9BD290100001202000031
310
0000006662782F36394639363044362D344446342D343946362D394244322D3234314243333846323333332F636F72652E786D6C8D515B6EC32010BC0AE22B55850D98B871848994463E412FE002495162B07854397EA176A4F62F3F2C9A9D991D587EB84F37F0AD7D30CEF6905418026DA553C65E7A98E219ED203808EE9D
310
8B7F6810D871D23D2C3014FCE25D9A57483A1BB58D19B54EE9151C43D0110279CB971E06F9A5A7B11A53CC8C70ADE6515EC78BAE4895DB992778883E0700CB907242D17643D7E2538BD869608875438BBAE38922CAC8F1BDD90DB4691A5E2F42C153326A951B95E398B3D1FE599322163C9AE9115F7A3D46ADA0A018778810
310
84E907617BDCEE297BC5BB3DC6BC2EF47FA234AB2745C9D8D8D035EE220B50105E2F0DC1954B9FB747187D9F9D8FA0CCDB042D5FA0C015C65B42DF78BD10F3F3B363CB56C7109DCFDFBBB97E662ED92EB62D13BC2E1BCAE5777DB9966D8A1F504B0304140006080800CC70623BAD7543B64E01000033030000300000006662
310
782F36394639363044362D344446342D343946362D394244322D3234314243333846323333332F636E782E786D6CD593CD6EC32010845F0571AD6CE3D48AD20813A9873E410FBD12D82434182C7EAAE6EDBB2424CD25871E7B41D6EC30B3FA84F9E67BB2E40B4234DE8DB46F1925E094D7C6ED479AD3AE5951B2113C789FEE
310
6C943839C1488B4C05DF079FE72A69D8C96C13AAD6B8631503449F83828872B949AC57D26200B826A308D316B4064D6E46FCDA41C05550DC9E483A00797BFD207EFB092A45DE9514C1BBD22178396BD39D891265658C238DEA00936C654E5E433CB65A26D9F6EDB5EBC14EBF49A45CB856E66048291F6939A9A81BB5C89177
310
38143CA680F4AA299D66A042CEB3354A2684DC9D8D178FE0D9B8B41CAAD720F880EE7EF93C0C18769E099ECC04D5A102C8049A8A05632F4DDF376CF1DE0F6BB65C2F8627B65A33C6BB62177CEBBDAD973006829F89F22E814B54F4BC2BE347F8AA8F681390B50FA73F804400B5F542E796F19FF974E7F78DB802FE05E20750
310
4B0304140006080800CC70623B8D05915C650500003B100000340000006662782F36394639363044362D344446342D343946362D394244322D3234314243333846323333332F6F626A656374732E786D6CAD575B6FA33814FE2B887D06429276DA1565D4266D158D3A339A6846FB502932E050B66023DB74D2FDF5FB190C01
310
9276B2973C046C8ECFF53B17071F77456EBD502133CEAE6CDF9DD81665314F32965ED995DA3A17B6F5310C04E7AA47665B8C14F4CAD6DB7618A48257A5D94AE89654B91AEDDEDDFC61C998326A5B714EA4BCB265FC440BE2924AF184CA6737218AB8E976E7FA6E4338649B0A523E8D98964450A6A029F619B8588D52FE7039
310
B1BD30F0F4F730D0FF866AF6369557DB33949F31A9088B0F848DD8CCFCF9F2767A76E99CCDE733677E3EF59D9BBB9BA5E37F984D16E78BC5E5F5ED25044B25C0C96822E8D60EEFE11B91C581D77CEA34368A1F5329E68CD1B8B61F16D63A1B8E092D294B10C78C4A48EB593D192E7DED9BDEE7995E1B91FDEDD3ACEA9FE831
310
6A756F9F7D4D79F4274C90A7A04248AA51D5F8C718DAE06FB2F75AC4796EBE65D22A88A22223B995679120E2D50E41AA49C260C046A35368846B0BECD0DFF3EBEB8AD4F835768F69B9ADF25C43D30E6B646F807FAA64AD59F61715C7A54127C4AACA98BA3006A9D792DAE165E0D59B61A01FB3A9F9D838D2DAE62445C86166
310
F37564E842E7DE6A69879FEEA2DD5AE7E371E1A5E025154AC307D06A03D73EB5978C58FFA4C8E9033066E0F3BD53BEC1F39F91BE7B55103791EDE6BBB991A2046172CB4581D8B893FA674DDA17A77B3B7C413D1B511FD2743BFF8A38F03A658705E3ADF8015C3A3417FF3D7E439FF591DA0B5F18BC20C1B8981957AE6392A3
310
F43C640C01D1A0B4728E2DD4F26DB4B3C3152A252A3B4E913CEC1C72F012782FF88EFF8637AA552DBEF76408E8A8DE9E50F9E1CB3A2DA0DB1B6039A893B56063DC5B3E3FFB5F72E67AB9FEB4AEC496C4F4C1149625DD662C53E89D7BF0F6151A046260D1337DFDC94502430F83B0EE07A130A224BCAD7DAE1D9FB6CD422FF6
310
920702629C4BB9AE79C12F243C6432A6794E18E5552BA56B431AAB5D91317302B2B071E86C3A42B1A02F999E24061403B5D0EB639195DA655DD3EBEAB4FB862DDF579F014AD0E73C22F99E28DA57FB98E75C6CA2D74D53086D600F4786E0FE3144B771A8A7B900F03594DB8A633CBC49B2EDB69228BB479CF863B5E807AAAB
310
23872F6DFEB4129B949CA33823F58830E86D65621E10047D9DB34D862E8EAC3C2ABC2F7B2C40D67CDFE01F5545B92105AF983AC54D93D69E56FB8E797F88913F898A9FEC705D3F9D1B54EC8426FB500D40A03BD0119B06E1B95DDC7EB8F6975367793EBD70E66733DFB9BC982F9CE564727731999F5D4ECFCE3B8D6A4DC2A0
310
6D50FD148437D110834A64C6CDDF57FBACB5C307A2A477DFE4939736CFEF2B175371E0E10CF0DD1D5C15654E0BCA14D1E87DD02FF93782A162C0A3D95F1524A52770F972BF1EE9809D13CE7DD599467F8ECE9ADD85CE85A34CD45355448C64F9E8A031DC2D596ACC6E5DD93D9B82DE2EF5CAF81363A8E47996A0DE24564A79
310
4115AACE09C55E14540231FDA13C319787134EBF34E3A022514E5B4D9E0826E25C02D5805B15ABE1BEF51B26383D445DD9E875EE33FE4C22DA16427D65A3BCA92CA6D28DD01DF5DC53330704308475351050232CCD31583787BA75774AFB06E5070DD0C8EF484E19968C5D83BA5B90B244D31E54D55A372320FE4786B7EA58
310
44E135AA5467CB7EA333A61683CC6A8C3257034C10CF46F40EF9F5BE59BE5BD30C3C72D235E95D10345C1D45445A5F0BB47E46A5EBE5570F9380B5FA629579952296A773720405982B9DE04011506178964401AA8BDF1FBF0A8EAB6861DD6580C0E38217056766716DAEB2D6FA0917D3E4116581EADB879C4E7CFFB11EFACD
310
3D641311495D92C8676CB409A72D18610D803CE8A626049E8EC1887CB5B44CC39883690DDA8399B4B9855B481E7D71D4A9D22F96E5BB73BF5793020C02137BF837504B0304140006080000CC70623B000000000000000000000000350000006662782F36394639363044362D344446342D343946362D394244322D32343142
310
43333846323333332F76657274696365732E62696E504B0304140006080800CC70623BF270F1330600000004000000360000006662782F36394639363044362D344446342D343946362D394244322D3234314243333846323333332F747269616E676C65732E62696E636660600000504B0304140006080000CC70623B0000
310
00000000000000000000370000006662782F36394639363044362D344446342D343946362D394244322D3234314243333846323333332F617474726962757465732E62696E504B0304140006080800CC70623B08DA0BD19000000041010000360000006662782F36394639363044362D344446342D343946362D394244322D
310
3234314243333846323333332F6469726563746F72792E786D6C858F410AC3201045AF22B36F53E9A60B35CBEEBAE80D244E44489C6234F4F835464A48035D0DF398FF9F8AF63D0E6CC63039F212F8F9020C7D47C6792B21C5FE7403D62A1188E2E60C98D7234A5830286103A55745067B9D86B8A3CF9C7F90C11DE607FB14
310
4396D7B6A82D282E9A152AD114D5EF2CB866EEE831B8EEA07A7BB5A8D7D61A2BAAEB7FD5F70921FF497D00504B0304140006080800CC70623BCA768048FE000000A00100003B0000006662782F36394639363044362D344446342D343946362D394244322D3234314243333846323333332F7265736F75726365732F636F72
310
652E786D6C8D50596E833010BD0A9ADFCA60D600328E9AA639412F609909B1126CE4A5EAF16B0295DABFFECC8CDEA2797AECF8353F924FB44E193D409E5248504B332A3D0D10FC95B4901C39B3C6F85F3248B49871801506CE266BC2B243D2688FDA47549B11775038871E12F988C7004EDE7016A9083E2ADC3D5D84BC8B09
310
D33C8D74D471E6BC8D0192EDC93A815B742658898E651BCB59086ADC356A8C3FD555A1055ED7E7E254D615792D0F075295F585746FF53B694EE78A565DD736979A65AB9933AFE69F8CD2A2F038022F28ED489E135A7CE4554F9BBEA85E68DB53CAB255FEC71496F19FA6A0B42F8B3DEE6673C0F318E4497096AD7DC5F52C33
310
EEB55BFE0D504B010214000A0000080000CC70623B3DEE336E79000000790000001B00000000000000000000000000000000006175746F6465736B2D64657369676E2D7061636B6167652E786D6C504B01021400140006080800CC70623BD486FD9CA0000000F40000001300000000000000000000000000B20000005B436F
310
6E74656E745F54797065735D2E786D6C504B01021400140006080800CC70623BD9DDAED0EC0000007C010000080000000000000000000000000083010000636F72652E786D6C504B01021400140006080800CC70623B55019EA25F0000007C000000070000000000000000000000000095020000636E782E786D6C504B0102
310
1400140006080800CC70623BA24EB22D72010000D40300000C00000000000000000000000000190300006662782F636F72652E786D6C504B01021400140006080800CC70623B408A7D3B7C0000009D0000000B00000000000000000000000000B50400006662782F636E782E786D6C504B01021400140006080800CC70623B
310
449FB9BD290100001202000031000000000000000000000000005A0500006662782F36394639363044362D344446342D343946362D394244322D3234314243333846323333332F636F72652E786D6C504B01021400140006080800CC70623BAD7543B64E010000330300003000000000000000000000000000D20600006662
310
782F36394639363044362D344446342D343946362D394244322D3234314243333846323333332F636E782E786D6C504B01021400140006080800CC70623B8D05915C650500003B10000034000000000000000000000000006E0800006662782F36394639363044362D344446342D343946362D394244322D32343142433338
310
46323333332F6F626A656374732E786D6C504B01021400140006080000CC70623B0000000000000000000000003500000000000000000000000000250E00006662782F36394639363044362D344446342D343946362D394244322D3234314243333846323333332F76657274696365732E62696E504B010214001400060808
310
00CC70623BF270F13306000000040000003600000000000000000000000000780E00006662782F36394639363044362D344446342D343946362D394244322D3234314243333846323333332F747269616E676C65732E62696E504B01021400140006080000CC70623B00000000000000000000000037000000000000000000
310
00000000D20E00006662782F36394639363044362D344446342D343946362D394244322D3234314243333846323333332F617474726962757465732E62696E504B01021400140006080800CC70623B08DA0BD190000000410100003600000000000000000000000000270F00006662782F36394639363044362D344446342D
310
343946362D394244322D3234314243333846323333332F6469726563746F72792E786D6C504B01021400140006080800CC70623BCA768048FE000000A00100003B000000000000000000000000000B1000006662782F36394639363044362D344446342D343946362D394244322D3234314243333846323333332F7265736F
310
75726365732F636F72652E786D6C504B0506000000000E000E0080040000621100000000
  0
XRECORD
  5
176
102
{ACAD_REACTORS
330
173
102
}
330
173
100
AcDbXrecord
280
     1
270
     1
271
     1
  0
XRECORD
  5
177
102
{ACAD_REACTORS
330
173
102
}
330
173
100
AcDbXrecord
280
     1
270
     1
271
     1
  0
CELLSTYLEMAP
  5
1893
102
{ACAD_REACTORS
330
162
102
}
330
162
100
AcDbCellStyleMap
 90
        3
300
CELLSTYLE
  1
TABLEFORMAT_BEGIN
 90
        5
170
     1
 91
        0
 92
    32768
 62
   257
 93
        1
300
CONTENTFORMAT
  1
CONTENTFORMAT_BEGIN
 90
        0
 91
        0
 92
      512
 93
        0
300

 40
0.0
140
1.0
 94
        5
 62
     0
340
11
144
6.0
309
CONTENTFORMAT_END
171
     1
301
MARGIN
  1
CELLMARGIN_BEGIN
 40
1.5
 40
1.5
 40
1.5
 40
1.5
 40
4.5
 40
4.5
309
CELLMARGIN_END
 94
        6
 95
        1
302
GRIDFORMAT
  1
GRIDFORMAT_BEGIN
 90
        0
 91
        1
 62
     0
 92
       -2
340
14
 93
        0
 40
1.125
309
GRIDFORMAT_END
 95
        2
302
GRIDFORMAT
  1
GRIDFORMAT_BEGIN
 90
        0
 91
        1
 62
     0
 92
       -2
340
14
 93
        0
 40
1.125
309
GRIDFORMAT_END
 95
        4
302
GRIDFORMAT
  1
GRIDFORMAT_BEGIN
 90
        0
 91
        1
 62
     0
 92
       -2
340
14
 93
        0
 40
1.125
309
GRIDFORMAT_END
 95
        8
302
GRIDFORMAT
  1
GRIDFORMAT_BEGIN
 90
        0
 91
        1
 62
     0
 92
       -2
340
14
 93
        0
 40
1.125
309
GRIDFORMAT_END
 95
       16
302
GRIDFORMAT
  1
GRIDFORMAT_BEGIN
 90
        0
 91
        1
 62
     0
 92
       -2
340
14
 93
        0
 40
1.125
309
GRIDFORMAT_END
 95
       32
302
GRIDFORMAT
  1
GRIDFORMAT_BEGIN
 90
        0
 91
        1
 62
     0
 92
       -2
340
14
 93
        0
 40
1.125
309
GRIDFORMAT_END
309
TABLEFORMAT_END
  1
CELLSTYLE_BEGIN
 90
        1
 91
        1
300
_TITLE
309
CELLSTYLE_END
300
CELLSTYLE
  1
TABLEFORMAT_BEGIN
 90
        5
170
     1
 91
        0
 92
        0
 62
   257
 93
        1
300
CONTENTFORMAT
  1
CONTENTFORMAT_BEGIN
 90
        0
 91
        0
 92
      512
 93
        0
300

 40
0.0
140
1.0
 94
        5
 62
     0
340
11
144
4.5
309
CONTENTFORMAT_END
171
     1
301
MARGIN
  1
CELLMARGIN_BEGIN
 40
1.5
 40
1.5
 40
1.5
 40
1.5
 40
4.5
 40
4.5
309
CELLMARGIN_END
 94
        6
 95
        1
302
GRIDFORMAT
  1
GRIDFORMAT_BEGIN
 90
        0
 91
        1
 62
     0
 92
       -2
340
14
 93
        0
 40
1.125
309
GRIDFORMAT_END
 95
        2
302
GRIDFORMAT
  1
GRIDFORMAT_BEGIN
 90
        0
 91
        1
 62
     0
 92
       -2
340
14
 93
        0
 40
1.125
309
GRIDFORMAT_END
 95
        4
302
GRIDFORMAT
  1
GRIDFORMAT_BEGIN
 90
        0
 91
        1
 62
     0
 92
       -2
340
14
 93
        0
 40
1.125
309
GRIDFORMAT_END
 95
        8
302
GRIDFORMAT
  1
GRIDFORMAT_BEGIN
 90
        0
 91
        1
 62
     0
 92
       -2
340
14
 93
        0
 40
1.125
309
GRIDFORMAT_END
 95
       16
302
GRIDFORMAT
  1
GRIDFORMAT_BEGIN
 90
        0
 91
        1
 62
     0
 92
       -2
340
14
 93
        0
 40
1.125
309
GRIDFORMAT_END
 95
       32
302
GRIDFORMAT
  1
GRIDFORMAT_BEGIN
 90
        0
 91
        1
 62
     0
 92
       -2
340
14
 93
        0
 40
1.125
309
GRIDFORMAT_END
309
TABLEFORMAT_END
  1
CELLSTYLE_BEGIN
 90
        2
 91
        1
300
_HEADER
309
CELLSTYLE_END
300
CELLSTYLE
  1
TABLEFORMAT_BEGIN
 90
        5
170
     1
 91
        0
 92
        0
 62
   257
 93
        1
300
CONTENTFORMAT
  1
CONTENTFORMAT_BEGIN
 90
        0
 91
        0
 92
      512
 93
        0
300

 40
0.0
140
1.0
 94
        2
 62
     0
340
11
144
4.5
309
CONTENTFORMAT_END
171
     1
301
MARGIN
  1
CELLMARGIN_BEGIN
 40
1.5
 40
1.5
 40
1.5
 40
1.5
 40
4.5
 40
4.5
309
CELLMARGIN_END
 94
        6
 95
        1
302
GRIDFORMAT
  1
GRIDFORMAT_BEGIN
 90
        0
 91
        1
 62
     0
 92
       -2
340
14
 93
        0
 40
1.125
309
GRIDFORMAT_END
 95
        2
302
GRIDFORMAT
  1
GRIDFORMAT_BEGIN
 90
        0
 91
        1
 62
     0
 92
       -2
340
14
 93
        0
 40
1.125
309
GRIDFORMAT_END
 95
        4
302
GRIDFORMAT
  1
GRIDFORMAT_BEGIN
 90
        0
 91
        1
 62
     0
 92
       -2
340
14
 93
        0
 40
1.125
309
GRIDFORMAT_END
 95
        8
302
GRIDFORMAT
  1
GRIDFORMAT_BEGIN
 90
        0
 91
        1
 62
     0
 92
       -2
340
14
 93
        0
 40
1.125
309
GRIDFORMAT_END
 95
       16
302
GRIDFORMAT
  1
GRIDFORMAT_BEGIN
 90
        0
 91
        1
 62
     0
 92
       -2
340
14
 93
        0
 40
1.125
309
GRIDFORMAT_END
 95
       32
302
GRIDFORMAT
  1
GRIDFORMAT_BEGIN
 90
        0
 91
        1
 62
     0
 92
       -2
340
14
 93
        0
 40
1.125
309
GRIDFORMAT_END
309
TABLEFORMAT_END
  1
CELLSTYLE_BEGIN
 90
        3
 91
        2
300
_DATA
309
CELLSTYLE_END
  0
ENDSEC
  0
SECTION
  2
ACDSDATA
 70
     2
 71
     8
  0
ACDSSCHEMA
 90
        0
  1
AcDb_Thumbnail_Schema
  2
AcDbDs::ID
280
    10
 91
        8
  2
Thumbnail_Data
280
    15
 91
        0
101
ACDSRECORD
 95
        0
 90
        1
  2
AcDbDs::TreatedAsObjectData
280
     1
291
     1
101
ACDSRECORD
 95
        0
 90
        2
  2
AcDbDs::Legacy
280
     1
291
     1
101
ACDSRECORD
  1
AcDbDs::ID
 90
        3
  2
AcDs:Indexable
280
     1
291
     1
101
ACDSRECORD
  1
AcDbDs::ID
 90
        4
  2
AcDbDs::HandleAttribute
280
     7
282
     1
  0
ACDSSCHEMA
 90
        1
  1
AcDbDs::TreatedAsObjectDataSchema
  2
AcDbDs::TreatedAsObjectData
280
     1
 91
        0
  0
ACDSSCHEMA
 90
        2
  1
AcDbDs::LegacySchema
  2
AcDbDs::Legacy
280
     1
 91
        0
  0
ACDSSCHEMA
 90
        3
  1
AcDbDs::IndexedPropertySchema
  2
AcDs:Indexable
280
     1
 91
        0
  0
ACDSSCHEMA
 90
        4
  1
AcDbDs::HandleAttributeSchema
  2
AcDbDs::HandleAttribute
280
     7
 91
        1
284
     1
  0
ACDSRECORD
 90
        0
  2
AcDbDs::ID
280
    10
320
22
  2
Thumbnail_Data
280
    15
 94
      896
310
89504E470D0A1A0A0000000D49484452000001000000009108030000001BE1960600000300504C5445212830FFFFFF2128300000000000000000000000000000000000000000000000000000330000660000990000CC0000FF0033000033330033660033990033CC0033FF0066000066330066660066990066CC0066FF0099
310
000099330099660099990099CC0099FF00CC0000CC3300CC6600CC9900CCCC00CCFF00FF0000FF3300FF6600FF9900FFCC00FFFF3300003300333300663300993300CC3300FF3333003333333333663333993333CC3333FF3366003366333366663366993366CC3366FF3399003399333399663399993399CC3399FF33CC00
310
33CC3333CC6633CC9933CCCC33CCFF33FF0033FF3333FF6633FF9933FFCC33FFFF6600006600336600666600996600CC6600FF6633006633336633666633996633CC6633FF6666006666336666666666996666CC6666FF6699006699336699666699996699CC6699FF66CC0066CC3366CC6666CC9966CCCC66CCFF66FF0066
310
FF3366FF6666FF9966FFCC66FFFF9900009900339900669900999900CC9900FF9933009933339933669933999933CC9933FF9966009966339966669966999966CC9966FF9999009999339999669999999999CC9999FF99CC0099CC3399CC6699CC9999CCCC99CCFF99FF0099FF3399FF6699FF9999FFCC99FFFFCC0000CC00
310
33CC0066CC0099CC00CCCC00FFCC3300CC3333CC3366CC3399CC33CCCC33FFCC6600CC6633CC6666CC6699CC66CCCC66FFCC9900CC9933CC9966CC9999CC99CCCC99FFCCCC00CCCC33CCCC66CCCC99CCCCCCCCCCFFCCFF00CCFF33CCFF66CCFF99CCFFCCCCFFFFFF0000FF0033FF0066FF0099FF00CCFF00FFFF3300FF3333
310
FF3366FF3399FF33CCFF33FFFF6600FF6633FF6666FF6699FF66CCFF66FFFF9900FF9933FF9966FF9999FF99CCFF99FFFFCC00FFCC33FFCC66FFCC99FFCCCCFFCCFFFFFF00FFFF33FFFF66FFFF99FFFFCCFFFFFF0000000D0D0D1A1A1A2828283535354343435050505D5D5D6B6B6B787878868686939393A1A1A1AEAEAEBB
310
BBBBC9C9C9D6D6D6E4E4E4F1F1F1FFFFFF0000000000000000000000000000000000000000000000000000000000002E4550F10000003B4944415478DAEDC13101000000C2A0F54F6D0B2FA0000000000000000000000000000000000000000000000000000000000000000000000000CE06919100016C9A5B1B0000000049
310
454E44AE426082
  0
ENDSEC
  0
EOF
