  0
SECTION
  2
HEADER
  9
$ACADVER
  1
AC1032
  9
$ACADMAINTVER
 90
      228
  9
$DWGCODEPAGE
  3
ANSI_1254
  9
$LASTSAVEDBY
  1
BEYKENT
  9
$REQUIREDVERSIONS
160
                 0
  9
$INSBASE
 10
0.0
 20
0.0
 30
0.0
  9
$EXTMIN
 10
3021.009507316356
 20
625.8831424322425
 30
0.0
  9
$EXTMAX
 10
8958.194218810335
 20
3953.072503088232
 30
0.0
  9
$LIMMIN
 10
0.0
 20
0.0
  9
$LIMMAX
 10
420.0
 20
297.0
  9
$ORTHOMODE
 70
     0
  9
$REGENMODE
 70
     1
  9
$FILLMODE
 70
     1
  9
$QTEXTMODE
 70
     0
  9
$MIRRTEXT
 70
     0
  9
$LTSCALE
 40
1.0
  9
$ATTMODE
 70
     1
  9
$TEXTSIZE
 40
2.5
  9
$TRACEWID
 40
1.0
  9
$TEXTSTYLE
  7
Standard
  9
$CLAYER
  8
0
  9
$CELTYPE
  6
ByLayer
  9
$CECOLOR
 62
   256
  9
$CELTSCALE
 40
1.0
  9
$DISPSILH
 70
     0
  9
$DIMSCALE
 40
1.0
  9
$DIMASZ
 40
2.5
  9
$DIMEXO
 40
0.625
  9
$DIMDLI
 40
3.75
  9
$DIMRND
 40
0.0
  9
$DIMDLE
 40
0.0
  9
$DIMEXE
 40
1.25
  9
$DIMTP
 40
0.0
  9
$DIMTM
 40
0.0
  9
$DIMTXT
 40
2.5
  9
$DIMCEN
 40
2.5
  9
$DIMTSZ
 40
0.0
  9
$DIMTOL
 70
     0
  9
$DIMLIM
 70
     0
  9
$DIMTIH
 70
     0
  9
$DIMTOH
 70
     0
  9
$DIMSE1
 70
     0
  9
$DIMSE2
 70
     0
  9
$DIMTAD
 70
     1
  9
$DIMZIN
 70
     8
  9
$DIMBLK
  1

  9
$DIMASO
 70
     1
  9
$DIMSHO
 70
     1
  9
$DIMPOST
  1

  9
$DIMAPOST
  1

  9
$DIMALT
 70
     0
  9
$DIMALTD
 70
     3
  9
$DIMALTF
 40
0.03937007874016
  9
$DIMLFAC
 40
1.0
  9
$DIMTOFL
 70
     1
  9
$DIMTVP
 40
0.0
  9
$DIMTIX
 70
     0
  9
$DIMSOXD
 70
     0
  9
$DIMSAH
 70
     0
  9
$DIMBLK1
  1

  9
$DIMBLK2
  1

  9
$DIMSTYLE
  2
ISO-25
  9
$DIMCLRD
 70
     0
  9
$DIMCLRE
 70
     0
  9
$DIMCLRT
 70
     0
  9
$DIMTFAC
 40
1.0
  9
$DIMGAP
 40
0.625
  9
$DIMJUST
 70
     0
  9
$DIMSD1
 70
     0
  9
$DIMSD2
 70
     0
  9
$DIMTOLJ
 70
     0
  9
$DIMTZIN
 70
     8
  9
$DIMALTZ
 70
     0
  9
$DIMALTTZ
 70
     0
  9
$DIMUPT
 70
     0
  9
$DIMDEC
 70
     2
  9
$DIMTDEC
 70
     2
  9
$DIMALTU
 70
     2
  9
$DIMALTTD
 70
     3
  9
$DIMTXSTY
  7
Standard
  9
$DIMAUNIT
 70
     0
  9
$DIMADEC
 70
     0
  9
$DIMALTRND
 40
0.0
  9
$DIMAZIN
 70
     0
  9
$DIMDSEP
 70
    44
  9
$DIMATFIT
 70
     3
  9
$DIMFRAC
 70
     0
  9
$DIMLDRBLK
  1

  9
$DIMLUNIT
 70
     2
  9
$DIMLWD
 70
    -2
  9
$DIMLWE
 70
    -2
  9
$DIMTMOVE
 70
     0
  9
$DIMFXL
 40
1.0
  9
$DIMFXLON
 70
     0
  9
$DIMJOGANG
 40
0.7853981633974483
  9
$DIMTFILL
 70
     0
  9
$DIMTFILLCLR
 70
     0
  9
$DIMARCSYM
 70
     0
  9
$DIMLTYPE
  6

  9
$DIMLTEX1
  6

  9
$DIMLTEX2
  6

  9
$DIMTXTDIRECTION
 70
     0
  9
$LUNITS
 70
     2
  9
$LUPREC
 70
     4
  9
$SKETCHINC
 40
1.0
  9
$FILLETRAD
 40
0.0
  9
$AUNITS
 70
     0
  9
$AUPREC
 70
     0
  9
$MENU
  1
.
  9
$ELEVATION
 40
0.0
  9
$PELEVATION
 40
0.0
  9
$THICKNESS
 40
0.0
  9
$LIMCHECK
 70
     0
  9
$CHAMFERA
 40
0.0
  9
$CHAMFERB
 40
0.0
  9
$CHAMFERC
 40
0.0
  9
$CHAMFERD
 40
0.0
  9
$SKPOLY
 70
     0
  9
$TDCREATE
 40
2461128.601875000
  9
$TDUCREATE
 40
2461128.476875000
  9
$TDUPDATE
 40
2461128.602094908
  9
$TDUUPDATE
 40
2461128.477094908
  9
$TDINDWG
 40
0.0002199074
  9
$TDUSRTIMER
 40
0.0002199074
  9
$USRTIMER
 70
     1
  9
$ANGBASE
 50
0.0
  9
$ANGDIR
 70
     0
  9
$PDMODE
 70
     0
  9
$PDSIZE
 40
0.0
  9
$PLINEWID
 40
0.0
  9
$SPLFRAME
 70
     0
  9
$SPLINETYPE
 70
     6
  9
$SPLINESEGS
 70
     8
  9
$HANDSEED
  5
1820
  9
$SURFTAB1
 70
     6
  9
$SURFTAB2
 70
     6
  9
$SURFTYPE
 70
     6
  9
$SURFU
 70
     6
  9
$SURFV
 70
     6
  9
$UCSBASE
  2

  9
$UCSNAME
  2

  9
$UCSORG
 10
0.0
 20
0.0
 30
0.0
  9
$UCSXDIR
 10
1.0
 20
0.0
 30
0.0
  9
$UCSYDIR
 10
0.0
 20
1.0
 30
0.0
  9
$UCSORTHOREF
  2

  9
$UCSORTHOVIEW
 70
     0
  9
$UCSORGTOP
 10
0.0
 20
0.0
 30
0.0
  9
$UCSORGBOTTOM
 10
0.0
 20
0.0
 30
0.0
  9
$UCSORGLEFT
 10
0.0
 20
0.0
 30
0.0
  9
$UCSORGRIGHT
 10
0.0
 20
0.0
 30
0.0
  9
$UCSORGFRONT
 10
0.0
 20
0.0
 30
0.0
  9
$UCSORGBACK
 10
0.0
 20
0.0
 30
0.0
  9
$PUCSBASE
  2

  9
$PUCSNAME
  2

  9
$PUCSORG
 10
0.0
 20
0.0
 30
0.0
  9
$PUCSXDIR
 10
1.0
 20
0.0
 30
0.0
  9
$PUCSYDIR
 10
0.0
 20
1.0
 30
0.0
  9
$PUCSORTHOREF
  2

  9
$PUCSORTHOVIEW
 70
     0
  9
$PUCSORGTOP
 10
0.0
 20
0.0
 30
0.0
  9
$PUCSORGBOTTOM
 10
0.0
 20
0.0
 30
0.0
  9
$PUCSORGLEFT
 10
0.0
 20
0.0
 30
0.0
  9
$PUCSORGRIGHT
 10
0.0
 20
0.0
 30
0.0
  9
$PUCSORGFRONT
 10
0.0
 20
0.0
 30
0.0
  9
$PUCSORGBACK
 10
0.0
 20
0.0
 30
0.0
  9
$USERI1
 70
     0
  9
$USERI2
 70
     0
  9
$USERI3
 70
     0
  9
$USERI4
 70
     0
  9
$USERI5
 70
     0
  9
$USERR1
 40
0.0
  9
$USERR2
 40
0.0
  9
$USERR3
 40
0.0
  9
$USERR4
 40
0.0
  9
$USERR5
 40
0.0
  9
$WORLDVIEW
 70
     1
  9
$SHADEDGE
 70
     3
  9
$SHADEDIF
 70
    70
  9
$TILEMODE
 70
     1
  9
$MAXACTVP
 70
    64
  9
$PINSBASE
 10
0.0
 20
0.0
 30
0.0
  9
$PLIMCHECK
 70
     0
  9
$PEXTMIN
 10
0.0
 20
0.0
 30
0.0
  9
$PEXTMAX
 10
0.0
 20
0.0
 30
0.0
  9
$PLIMMIN
 10
0.0
 20
0.0
  9
$PLIMMAX
 10
12.0
 20
9.0
  9
$UNITMODE
 70
     0
  9
$VISRETAIN
 70
     1
  9
$PLINEGEN
 70
     0
  9
$PSLTSCALE
 70
     1
  9
$TREEDEPTH
 70
  3020
  9
$CMLSTYLE
  2
Standard
  9
$CMLJUST
 70
     0
  9
$CMLSCALE
 40
20.0
  9
$PROXYGRAPHICS
 70
     1
  9
$MEASUREMENT
 70
     1
  9
$CELWEIGHT
370
    -1
  9
$ENDCAPS
280
     0
  9
$JOINSTYLE
280
     0
  9
$LWDISPLAY
290
     0
  9
$INSUNITS
 70
     4
  9
$HYPERLINKBASE
  1

  9
$STYLESHEET
  1

  9
$XEDIT
290
     1
  9
$CEPSNTYPE
380
     0
  9
$PSTYLEMODE
290
     1
  9
$FINGERPRINTGUID
  2
{8AD4A726-91B8-634A-A7A4-B2362418C129}
  9
$VERSIONGUID
  2
{03C54EE7-B536-4C42-BD0D-51814567719E}
  9
$EXTNAMES
290
     1
  9
$PSVPSCALE
 40
0.0
  9
$OLESTARTUP
290
     0
  9
$SORTENTS
280
   127
  9
$INDEXCTL
280
     0
  9
$HIDETEXT
280
     1
  9
$XCLIPFRAME
280
     2
  9
$HALOGAP
280
     0
  9
$OBSCOLOR
 70
   257
  9
$OBSLTYPE
280
     0
  9
$INTERSECTIONDISPLAY
280
     0
  9
$INTERSECTIONCOLOR
 70
   257
  9
$DIMASSOC
280
     2
  9
$PROJECTNAME
  1

  9
$CAMERADISPLAY
290
     0
  9
$LENSLENGTH
 40
50.0
  9
$CAMERAHEIGHT
 40
0.0
  9
$STEPSPERSEC
 40
2.0
  9
$STEPSIZE
 40
6.0
  9
$3DDWFPREC
 40
2.0
  9
$PSOLWIDTH
 40
5.0
  9
$PSOLHEIGHT
 40
80.0
  9
$LOFTANG1
 40
1.570796326794896
  9
$LOFTANG2
 40
1.570796326794896
  9
$LOFTMAG1
 40
0.0
  9
$LOFTMAG2
 40
0.0
  9
$LOFTPARAM
 70
     7
  9
$LOFTNORMALS
280
     1
  9
$LATITUDE
 40
37.795
  9
$LONGITUDE
 40
-122.394
  9
$NORTHDIRECTION
 40
0.0
  9
$TIMEZONE
 70
 -8000
  9
$LIGHTGLYPHDISPLAY
280
     1
  9
$TILEMODELIGHTSYNCH
280
     1
  9
$CMATERIAL
347
EC
  9
$SOLIDHIST
280
     0
  9
$SHOWHIST
280
     1
  9
$DWFFRAME
280
     2
  9
$DGNFRAME
280
     0
  9
$REALWORLDSCALE
290
     1
  9
$INTERFERECOLOR
 62
     1
  9
$INTERFEREOBJVS
345
F9
  9
$INTERFEREVPVS
346
F6
  9
$CSHADOW
280
     0
  9
$SHADOWPLANELOCATION
 40
0.0
  0
ENDSEC
  0
SECTION
  2
CLASSES
  0
CLASS
  1
ACDBDICTIONARYWDFLT
  2
AcDbDictionaryWithDefault
  3
ObjectDBX Classes
 90
        0
 91
        1
280
     0
281
     0
  0
CLASS
  1
DICTIONARYVAR
  2
AcDbDictionaryVar
  3
ObjectDBX Classes
 90
        0
 91
       42
280
     0
281
     0
  0
CLASS
  1
TABLESTYLE
  2
AcDbTableStyle
  3
ObjectDBX Classes
 90
     4095
 91
        1
280
     0
281
     0
  0
CLASS
  1
MATERIAL
  2
AcDbMaterial
  3
ObjectDBX Classes
 90
     1153
 91
        3
280
     0
281
     0
  0
CLASS
  1
VISUALSTYLE
  2
AcDbVisualStyle
  3
ObjectDBX Classes
 90
     4095
 91
       24
280
     0
281
     0
  0
CLASS
  1
SCALE
  2
AcDbScale
  3
ObjectDBX Classes
 90
     1153
 91
       17
280
     0
281
     0
  0
CLASS
  1
MLEADERSTYLE
  2
AcDbMLeaderStyle
  3
ACDB_MLEADERSTYLE_CLASS
 90
     4095
 91
        2
280
     0
281
     0
  0
CLASS
  1
CELLSTYLEMAP
  2
AcDbCellStyleMap
  3
ObjectDBX Classes
 90
     1152
 91
        1
280
     0
281
     0
  0
CLASS
  1
EXACXREFPANELOBJECT
  2
ExAcXREFPanelObject
  3
EXAC_ESW
 90
     1025
 91
        0
280
     0
281
     0
  0
CLASS
  1
NPOCOLLECTION
  2
AcDbImpNonPersistentObjectsCollection
  3
ObjectDBX Classes
 90
     1153
 91
        0
280
     0
281
     0
  0
CLASS
  1
LAYER_INDEX
  2
AcDbLayerIndex
  3
ObjectDBX Classes
 90
        0
 91
        0
280
     0
281
     0
  0
CLASS
  1
SPATIAL_INDEX
  2
AcDbSpatialIndex
  3
ObjectDBX Classes
 90
        0
 91
        0
280
     0
281
     0
  0
CLASS
  1
IDBUFFER
  2
AcDbIdBuffer
  3
ObjectDBX Classes
 90
        0
 91
        0
280
     0
281
     0
  0
CLASS
  1
ACDBSECTIONVIEWSTYLE
  2
AcDbSectionViewStyle
  3
ObjectDBX Classes
 90
     1025
 91
        1
280
     0
281
     0
  0
CLASS
  1
ACDBDETAILVIEWSTYLE
  2
AcDbDetailViewStyle
  3
ObjectDBX Classes
 90
     1025
 91
        1
280
     0
281
     0
  0
CLASS
  1
SORTENTSTABLE
  2
AcDbSortentsTable
  3
ObjectDBX Classes
 90
        0
 91
        1
280
     0
281
     0
  0
ENDSEC
  0
SECTION
  2
TABLES
  0
TABLE
  2
VPORT
  5
8
330
0
100
AcDbSymbolTable
 70
     1
  0
VPORT
  5
EA
330
8
100
AcDbSymbolTableRecord
100
AcDbViewportTableRecord
  2
*Active
 70
     0
 10
0.0
 20
0.0
 11
1.0
 21
1.0
 12
4161.087054837667
 22
1440.684066268786
 13
0.0
 23
0.0
 14
10.0
 24
10.0
 15
10.0
 25
10.0
 16
0.0
 26
0.0
 36
1.0
 17
0.0
 27
0.0
 37
0.0
 40
2653.730076586097
 41
2.919354838709677
 42
50.0
 43
0.0
 44
0.0
 50
0.0
 51
0.0
 71
     0
 72
  1000
 73
     1
 74
     3
 75
     0
 76
     1
 77
     0
 78
     0
281
     0
 65
     1
110
0.0
120
0.0
130
0.0
111
1.0
121
0.0
131
0.0
112
0.0
122
1.0
132
0.0
 79
     0
146
0.0
348
F5
 60
     3
 61
     5
292
     1
282
     1
141
0.0
142
0.0
 63
   250
421
  3355443
1001
ACAD_NAV_VCDISPLAY
1070
     3
  0
ENDTAB
  0
TABLE
  2
LTYPE
  5
5
330
0
100
AcDbSymbolTable
 70
     2
  0
LTYPE
  5
14
330
5
100
AcDbSymbolTableRecord
100
AcDbLinetypeTableRecord
  2
ByBlock
 70
     0
  3

 72
    65
 73
     0
 40
0.0
  0
LTYPE
  5
15
330
5
100
AcDbSymbolTableRecord
100
AcDbLinetypeTableRecord
  2
ByLayer
 70
     0
  3

 72
    65
 73
     0
 40
0.0
  0
LTYPE
  5
16
330
5
100
AcDbSymbolTableRecord
100
AcDbLinetypeTableRecord
  2
Continuous
 70
     0
  3
Solid line
 72
    65
 73
     0
 40
0.0
  0
LTYPE
  5
72A
330
5
100
AcDbSymbolTableRecord
100
AcDbLinetypeTableRecord
  2
DASHED
 70
     0
  3
Dashed __ __ __ __ __ __ __ __ __ __ __ __ __ _
 72
    65
 73
     2
 40
0.75
 49
0.5
 74
     0
 49
-0.25
 74
     0
  0
ENDTAB
  0
TABLE
  2
LAYER
  5
2
102
{ACAD_XDICTIONARY
360
1FF
102
}
330
0
100
AcDbSymbolTable
 70
    29
  0
LAYER
  5
10
102
{ACAD_XDICTIONARY
360
13C
102
}
330
2
100
AcDbSymbolTableRecord
100
AcDbLayerTableRecord
  2
0
 70
     0
 62
     7
  6
Continuous
370
    -3
390
F
347
EE
348
0
  0
LAYER
  5
72B
330
2
100
AcDbSymbolTableRecord
100
AcDbLayerTableRecord
  2
AKS CIZGISI (BEYKENT)
 70
     0
 62
   252
  6
DASHED
370
    20
390
F
347
EE
348
0
  0
LAYER
  5
72C
330
2
100
AcDbSymbolTableRecord
100
AcDbLayerTableRecord
  2
AKS BALONU (BEYKENT)
 70
     0
 62
     7
  6
Continuous
370
    20
390
F
347
EE
348
0
  0
LAYER
  5
72D
330
2
100
AcDbSymbolTableRecord
100
AcDbLayerTableRecord
  2
AKS YAZISI (BEYKENT)
 70
     0
 62
     3
  6
Continuous
370
    20
390
F
347
EE
348
0
  0
LAYER
  5
72E
330
2
100
AcDbSymbolTableRecord
100
AcDbLayerTableRecord
  2
KIRIS (BEYKENT)
 70
     0
 62
     2
  6
Continuous
370
    30
390
F
347
EE
348
0
  0
LAYER
  5
72F
330
2
100
AcDbSymbolTableRecord
100
AcDbLayerTableRecord
  2
KOLON (BEYKENT)
 70
     0
 62
     3
  6
Continuous
370
    30
390
F
347
EE
348
0
  0
LAYER
  5
730
330
2
100
AcDbSymbolTableRecord
100
AcDbLayerTableRecord
  2
TARAMA (BEYKENT)
 70
     0
 62
   252
  6
Continuous
370
    20
390
F
347
EE
348
0
  0
LAYER
  5
731
330
2
100
AcDbSymbolTableRecord
100
AcDbLayerTableRecord
  2
DOSEME SINIRI (BEYKENT)
 70
     0
 62
    71
  6
Continuous
370
    30
390
F
347
EE
348
0
  0
LAYER
  5
732
330
2
100
AcDbSymbolTableRecord
100
AcDbLayerTableRecord
  2
MERDIVEN (BEYKENT)
 70
     0
 62
     5
  6
Continuous
370
    20
390
F
347
EE
348
0
  0
LAYER
  5
733
330
2
100
AcDbSymbolTableRecord
100
AcDbLayerTableRecord
  2
KAT SINIRI (BEYKENT)
 70
     0
 62
    41
  6
Continuous
370
    25
390
F
347
EE
348
0
  0
LAYER
  5
734
330
2
100
AcDbSymbolTableRecord
100
AcDbLayerTableRecord
  2
KALIP BOSLUK (BEYKENT)
 70
     0
 62
    30
  6
Continuous
370
    25
390
F
347
EE
348
0
  0
LAYER
  5
735
330
2
100
AcDbSymbolTableRecord
100
AcDbLayerTableRecord
  2
OLCU (BEYKENT)
 70
     0
 62
    14
  6
Continuous
370
    20
390
F
347
EE
348
0
  0
LAYER
  5
736
330
2
100
AcDbSymbolTableRecord
100
AcDbLayerTableRecord
  2
AKS OLCU (BEYKENT)
 70
     0
 62
   200
  6
Continuous
370
    20
390
F
347
EE
348
0
  0
LAYER
  5
737
330
2
100
AcDbSymbolTableRecord
100
AcDbLayerTableRecord
  2
KIRIS ISMI (BEYKENT)
 70
     0
 62
    40
  6
Continuous
370
    20
390
F
347
EE
348
0
  0
LAYER
  5
738
330
2
100
AcDbSymbolTableRecord
100
AcDbLayerTableRecord
  2
KOLON ISMI (BEYKENT)
 70
     0
 62
    91
  6
Continuous
370
    20
390
F
347
EE
348
0
  0
LAYER
  5
739
330
2
100
AcDbSymbolTableRecord
100
AcDbLayerTableRecord
  2
DOSEME ISMI (BEYKENT)
 70
     0
 62
     9
  6
Continuous
370
    20
390
F
347
EE
348
0
  0
LAYER
  5
73A
330
2
100
AcDbSymbolTableRecord
100
AcDbLayerTableRecord
  2
DOSEME PAFTA (BEYKENT)
 70
     0
 62
     3
  6
Continuous
370
    20
390
F
347
EE
348
0
  0
LAYER
  5
73B
330
2
100
AcDbSymbolTableRecord
100
AcDbLayerTableRecord
  2
YUK YAZISI (BEYKENT)
 70
     0
 62
   140
  6
Continuous
370
    20
390
F
347
EE
348
0
  0
LAYER
  5
73C
330
2
100
AcDbSymbolTableRecord
100
AcDbLayerTableRecord
  2
KOT YAZI (BEYKENT)
 70
     0
 62
     7
  6
Continuous
370
    20
390
F
347
EE
348
0
  0
LAYER
  5
73D
330
2
100
AcDbSymbolTableRecord
100
AcDbLayerTableRecord
  2
KOT CIZGISI (BEYKENT)
 70
     0
 62
     7
  6
Continuous
370
    20
390
F
347
EE
348
0
  0
LAYER
  5
73E
330
2
100
AcDbSymbolTableRecord
100
AcDbLayerTableRecord
  2
KESIT (BEYKENT)
 70
     0
 62
   151
  6
Continuous
370
    25
390
F
347
EE
348
0
  0
LAYER
  5
73F
330
2
100
AcDbSymbolTableRecord
100
AcDbLayerTableRecord
  2
KESIT CIZGISI (BEYKENT)
 70
     0
 62
     3
  6
Continuous
370
    50
390
F
347
EE
348
0
  0
LAYER
  5
740
330
2
100
AcDbSymbolTableRecord
100
AcDbLayerTableRecord
  2
KESIT ISMI (BEYKENT)
 70
     0
 62
     6
  6
Continuous
370
    20
390
F
347
EE
348
0
  0
LAYER
  5
741
330
2
100
AcDbSymbolTableRecord
100
AcDbLayerTableRecord
  2
KESIT SINIRI (BEYKENT)
 70
     0
 62
   241
  6
DASHED
370
    20
390
F
347
EE
348
0
  0
LAYER
  5
742
330
2
100
AcDbSymbolTableRecord
100
AcDbLayerTableRecord
  2
Defpoints
 70
     0
 62
     7
  6
Continuous
290
     0
370
    -3
390
F
347
EE
348
0
  0
LAYER
  5
743
330
2
100
AcDbSymbolTableRecord
100
AcDbLayerTableRecord
  2
CIZGI (BEYKENT)
 70
     0
 62
     1
  6
Continuous
370
    20
390
F
347
EE
348
0
  0
LAYER
  5
744
330
2
100
AcDbSymbolTableRecord
100
AcDbLayerTableRecord
  2
DONATI (BEYKENT)
 70
     0
 62
     4
  6
Continuous
370
    40
390
F
347
EE
348
0
  0
LAYER
  5
745
330
2
100
AcDbSymbolTableRecord
100
AcDbLayerTableRecord
  2
DONATI YAZISI (BEYKENT)
 70
     0
 62
     3
  6
Continuous
370
    20
390
F
347
EE
348
0
  0
LAYER
  5
746
330
2
100
AcDbSymbolTableRecord
100
AcDbLayerTableRecord
  2
MERDIVEN YAZI (BEYKENT)
 70
     0
 62
    51
  6
Continuous
370
    20
390
F
347
EE
348
0
  0
ENDTAB
  0
TABLE
  2
STYLE
  5
3
330
0
100
AcDbSymbolTable
 70
     6
  0
STYLE
  5
11
330
3
100
AcDbSymbolTableRecord
100
AcDbTextStyleTableRecord
  2
Standard
 70
     0
 40
0.0
 41
1.0
 50
0.0
 71
     0
 42
2.5
  3
arial.ttf
  4

1001
ACAD
1000
Arial
1071
       34
  0
STYLE
  5
132
330
3
100
AcDbSymbolTableRecord
100
AcDbTextStyleTableRecord
  2
Annotative
 70
     0
 40
0.0
 41
1.0
 50
0.0
 71
     0
 42
2.5
  3
arial.ttf
  4

1001
AcadAnnotative
1000
AnnotativeData
1002
{
1070
     1
1070
     1
1002
}
1001
ACAD
1000
Arial
1071
       34
  0
STYLE
  5
747
330
3
100
AcDbSymbolTableRecord
100
AcDbTextStyleTableRecord
  2
YAZI (BEYKENT)
 70
     0
 40
0.0
 41
1.0
 50
0.0
 71
     0
 42
2.5
  3

  4

1001
ACAD
1000
Bahnschrift Light Condensed
1071
     2564
  0
STYLE
  5
748
330
3
100
AcDbSymbolTableRecord
100
AcDbTextStyleTableRecord
  2
DONATI YAZISI (BEYKENT)
 70
     0
 40
0.0
 41
1.0
 50
0.0
 71
     0
 42
2.5
  3

  4

1001
ACAD
1000
Bahnschrift Light Condensed
1071
     2564
  0
STYLE
  5
749
330
3
100
AcDbSymbolTableRecord
100
AcDbTextStyleTableRecord
  2
DSMOLC-50
 70
     0
 40
10.0
 41
0.75
 50
0.0
 71
     0
 42
2.0
  3
Bahnschrift Light Condensed
  4

  0
STYLE
  5
74A
330
3
100
AcDbSymbolTableRecord
100
AcDbTextStyleTableRecord
  2
OLC-50
 70
     0
 40
10.0
 41
0.75
 50
0.0
 71
     0
 42
2.0
  3
Bahnschrift Light Condensed
  4

  0
ENDTAB
  0
TABLE
  2
VIEW
  5
6
330
0
100
AcDbSymbolTable
 70
     0
  0
ENDTAB
  0
TABLE
  2
UCS
  5
7
330
0
100
AcDbSymbolTable
 70
     0
  0
ENDTAB
  0
TABLE
  2
APPID
  5
9
330
0
100
AcDbSymbolTable
 70
    11
  0
APPID
  5
12
330
9
100
AcDbSymbolTableRecord
100
AcDbRegAppTableRecord
  2
ACAD
 70
     0
  0
APPID
  5
9E
330
9
100
AcDbSymbolTableRecord
100
AcDbRegAppTableRecord
  2
ACAD_PSEXT
 70
     0
  0
APPID
  5
133
330
9
100
AcDbSymbolTableRecord
100
AcDbRegAppTableRecord
  2
AcadAnnoPO
 70
     0
  0
APPID
  5
134
330
9
100
AcDbSymbolTableRecord
100
AcDbRegAppTableRecord
  2
AcadAnnotative
 70
     0
  0
APPID
  5
135
330
9
100
AcDbSymbolTableRecord
100
AcDbRegAppTableRecord
  2
ACAD_DSTYLE_DIMJAG
 70
     0
  0
APPID
  5
136
330
9
100
AcDbSymbolTableRecord
100
AcDbRegAppTableRecord
  2
ACAD_DSTYLE_DIMTALN
 70
     0
  0
APPID
  5
165
330
9
100
AcDbSymbolTableRecord
100
AcDbRegAppTableRecord
  2
ACAD_MLEADERVER
 70
     0
  0
APPID
  5
217
330
9
100
AcDbSymbolTableRecord
100
AcDbRegAppTableRecord
  2
ACAD_NAV_VCDISPLAY
 70
     0
  0
APPID
  5
74E
330
9
100
AcDbSymbolTableRecord
100
AcDbRegAppTableRecord
  2
GradientColor1ACI
 70
     0
  0
APPID
  5
74F
330
9
100
AcDbSymbolTableRecord
100
AcDbRegAppTableRecord
  2
GradientColor2ACI
 70
     0
  0
APPID
  5
750
330
9
100
AcDbSymbolTableRecord
100
AcDbRegAppTableRecord
  2
sta4cad App2
 70
     0
1001
sta4cad App2
1040
50.0
  0
ENDTAB
  0
TABLE
  2
DIMSTYLE
  5
A
330
0
100
AcDbSymbolTable
 70
     6
100
AcDbDimStyleTable
 71
     2
340
27
340
137
  0
DIMSTYLE
105
1B0
330
A
100
AcDbSymbolTableRecord
100
AcDbDimStyleTableRecord
  2
Standard
 70
     0
340
11
  0
DIMSTYLE
105
137
330
A
100
AcDbSymbolTableRecord
100
AcDbDimStyleTableRecord
  2
Annotative
 70
     0
 40
0.0
 41
2.5
 42
0.625
 43
3.75
 44
1.25
 73
     0
 74
     0
 77
     1
 78
     8
140
2.5
141
2.5
143
0.03937007874016
147
0.625
171
     3
172
     1
271
     2
272
     2
274
     3
278
    44
283
     0
284
     8
340
11
1001
AcadAnnotative
1000
AnnotativeData
1002
{
1070
     1
1070
     1
1002
}
1001
ACAD_DSTYLE_DIMJAG
1070
   388
1040
1.5
1001
ACAD_DSTYLE_DIMTALN
1070
   392
1070
     0
  0
DIMSTYLE
105
27
330
A
100
AcDbSymbolTableRecord
100
AcDbDimStyleTableRecord
  2
ISO-25
 70
     0
 41
2.5
 42
0.625
 43
3.75
 44
1.25
 73
     0
 74
     0
 77
     1
 78
     8
140
2.5
141
2.5
143
0.03937007874016
147
0.625
171
     3
172
     1
271
     2
272
     2
274
     3
278
    44
283
     0
284
     8
340
11
  0
DIMSTYLE
105
74B
102
{ACAD_REACTORS
330
983
330
984
330
985
330
986
330
987
330
988
330
989
330
98A
330
98B
330
98C
330
98D
330
98E
330
98F
330
990
330
991
330
992
330
993
330
994
330
995
330
996
330
997
330
998
330
999
330
99A
330
99B
330
99C
330
99D
330
99E
330
99F
330
9A0
330
9A1
330
9A2
330
9A3
330
9A4
330
9A5
330
9A6
330
9A7
330
9A8
330
9A9
330
9AA
330
9AB
330
9AC
330
9AD
330
9AE
330
9AF
330
9B0
330
9B1
330
9B2
330
9B3
330
9B4
330
9B5
330
9B6
330
DF8
330
DF9
330
DFA
330
DFB
330
DFC
330
DFD
330
DFE
330
DFF
330
E00
330
E01
330
E02
330
E03
330
E04
330
E05
330
E06
330
E07
330
E08
330
E09
330
E0A
330
E0B
330
E0C
330
E0D
330
E0E
330
E0F
330
E10
330
E11
330
E12
330
E13
330
E14
330
E15
330
E16
330
E17
330
E18
330
E19
330
E1A
330
E1B
330
E1C
330
E1D
330
E1E
330
E1F
330
E20
330
E21
330
E22
330
E23
330
E24
330
E25
330
E26
330
E27
330
E28
330
E29
330
E2A
330
E2B
102
}
330
A
100
AcDbSymbolTableRecord
100
AcDbDimStyleTableRecord
  2
AKS_OLCU
 70
     0
 41
3.0
 42
3.0
 45
0.5
 73
     0
 74
     0
 77
     1
 78
    12
140
12.0
142
3.0
147
2.0
172
     1
174
     1
178
     7
271
     0
340
747
  0
DIMSTYLE
105
74C
102
{ACAD_REACTORS
330
8C2
330
8C3
330
8C4
330
8C5
330
8C6
330
8C7
330
8C8
330
8C9
330
8CA
330
8CB
330
8CC
330
8CD
330
8CE
330
8CF
330
8D0
330
8D1
330
8D2
330
8D3
330
8D4
330
8D5
330
8D6
330
8D7
330
8D8
330
8D9
330
8E5
330
8E6
330
8E7
330
8E8
330
8E9
330
8EA
330
8EB
330
8EC
330
8ED
330
8EE
330
8EF
330
8F0
330
8F1
330
8F2
330
8F3
330
8F4
330
8F5
330
8F6
330
8F7
330
D37
330
D38
330
D39
330
D3A
330
D3B
330
D3C
330
D3D
330
D3E
330
D3F
330
D40
330
D41
330
D42
330
D43
330
D44
330
D45
330
D46
330
D47
330
D48
330
D49
330
D4A
330
D4B
330
D4C
330
D4D
330
D4E
330
D5A
330
D5B
330
D5C
330
D5D
330
D5E
330
D5F
330
D60
330
D61
330
D62
330
D63
330
D64
330
D65
330
D66
330
D67
330
D68
330
D69
330
D6A
330
D6B
330
D6C
102
}
330
A
100
AcDbSymbolTableRecord
100
AcDbDimStyleTableRecord
  2
PLAN_OLCU
 70
     0
 41
3.0
 42
3.0
 45
0.5
 73
     0
 74
     0
 77
     1
 78
    12
140
12.0
142
3.0
147
2.0
172
     1
174
     1
178
     7
271
     0
340
747
  0
DIMSTYLE
105
74D
330
A
100
AcDbSymbolTableRecord
100
AcDbDimStyleTableRecord
  2
DSMOLC-50
 70
     0
 41
5.0
 42
2.0
 43
0.0
 44
2.0
 45
0.5
 73
     0
 74
     0
 77
     1
 78
    12
140
10.0
141
0.0
143
1.0
147
2.0
172
     1
174
     1
178
     7
271
     1
279
     2
283
     0
340
749
342
726
343
726
344
726
  0
ENDTAB
  0
TABLE
  2
BLOCK_RECORD
  5
1
330
0
100
AcDbSymbolTable
 70
   194
  0
BLOCK_RECORD
  5
1F
102
{ACAD_XDICTIONARY
360
1CE
102
}
330
1
100
AcDbSymbolTableRecord
100
AcDbBlockTableRecord
  2
*Model_Space
340
22
 70
     0
280
     1
281
     0
  0
BLOCK_RECORD
  5
D2
330
1
100
AcDbSymbolTableRecord
100
AcDbBlockTableRecord
  2
*Paper_Space
340
D3
 70
     0
280
     1
281
     0
  0
BLOCK_RECORD
  5
D6
330
1
100
AcDbSymbolTableRecord
100
AcDbBlockTableRecord
  2
*Paper_Space0
340
D7
 70
     0
280
     1
281
     0
  0
BLOCK_RECORD
  5
2AC
330
1
100
AcDbSymbolTableRecord
100
AcDbBlockTableRecord
  2
*D1
340
0
 70
     0
280
     1
281
     0
  0
BLOCK_RECORD
  5
2B8
330
1
100
AcDbSymbolTableRecord
100
AcDbBlockTableRecord
  2
*D2
340
0
 70
     0
280
     1
281
     0
  0
BLOCK_RECORD
  5
2C4
330
1
100
AcDbSymbolTableRecord
100
AcDbBlockTableRecord
  2
*D3
340
0
 70
     0
280
     1
281
     0
  0
BLOCK_RECORD
  5
2D0
330
1
100
AcDbSymbolTableRecord
100
AcDbBlockTableRecord
  2
*D4
340
0
 70
     0
280
     1
281
     0
  0
BLOCK_RECORD
  5
2DC
330
1
100
AcDbSymbolTableRecord
100
AcDbBlockTableRecord
  2
*D5
340
0
 70
     0
280
     1
281
     0
  0
BLOCK_RECORD
  5
2E8
330
1
100
AcDbSymbolTableRecord
100
AcDbBlockTableRecord
  2
*D6
340
0
 70
     0
280
     1
281
     0
  0
BLOCK_RECORD
  5
2F4
330
1
100
AcDbSymbolTableRecord
100
AcDbBlockTableRecord
  2
*D7
340
0
 70
     0
280
     1
281
     0
  0
BLOCK_RECORD
  5
300
330
1
100
AcDbSymbolTableRecord
100
AcDbBlockTableRecord
  2
*D8
340
0
 70
     0
280
     1
281
     0
  0
BLOCK_RECORD
  5
30C
330
1
100
AcDbSymbolTableRecord
100
AcDbBlockTableRecord
  2
*D9
340
0
 70
     0
280
     1
281
     0
  0
BLOCK_RECORD
  5
318
330
1
100
AcDbSymbolTableRecord
100
AcDbBlockTableRecord
  2
*D10
340
0
 70
     0
280
     1
281
     0
  0
BLOCK_RECORD
  5
324
330
1
100
AcDbSymbolTableRecord
100
AcDbBlockTableRecord
  2
*D11
340
0
 70
     0
280
     1
281
     0
  0
BLOCK_RECORD
  5
330
330
1
100
AcDbSymbolTableRecord
100
AcDbBlockTableRecord
  2
*D12
340
0
 70
     0
280
     1
281
     0
  0
BLOCK_RECORD
  5
33C
330
1
100
AcDbSymbolTableRecord
100
AcDbBlockTableRecord
  2
*D13
340
0
 70
     0
280
     1
281
     0
  0
BLOCK_RECORD
  5
348
330
1
100
AcDbSymbolTableRecord
100
AcDbBlockTableRecord
  2
*D14
340
0
 70
     0
280
     1
281
     0
  0
BLOCK_RECORD
  5
354
330
1
100
AcDbSymbolTableRecord
100
AcDbBlockTableRecord
  2
*D15
340
0
 70
     0
280
     1
281
     0
  0
BLOCK_RECORD
  5
360
330
1
100
AcDbSymbolTableRecord
100
AcDbBlockTableRecord
  2
*D16
340
0
 70
     0
280
     1
281
     0
  0
BLOCK_RECORD
  5
36C
330
1
100
AcDbSymbolTableRecord
100
AcDbBlockTableRecord
  2
*D17
340
0
 70
     0
280
     1
281
     0
  0
BLOCK_RECORD
  5
378
330
1
100
AcDbSymbolTableRecord
100
AcDbBlockTableRecord
  2
*D18
340
0
 70
     0
280
     1
281
     0
  0
BLOCK_RECORD
  5
384
330
1
100
AcDbSymbolTableRecord
100
AcDbBlockTableRecord
  2
*D19
340
0
 70
     0
280
     1
281
     0
  0
BLOCK_RECORD
  5
390
330
1
100
AcDbSymbolTableRecord
100
AcDbBlockTableRecord
  2
*D20
340
0
 70
     0
280
     1
281
     0
  0
BLOCK_RECORD
  5
39C
330
1
100
AcDbSymbolTableRecord
100
AcDbBlockTableRecord
  2
*D21
340
0
 70
     0
280
     1
281
     0
  0
BLOCK_RECORD
  5
3A8
330
1
100
AcDbSymbolTableRecord
100
AcDbBlockTableRecord
  2
*D22
340
0
 70
     0
280
     1
281
     0
  0
BLOCK_RECORD
  5
3B4
330
1
100
AcDbSymbolTableRecord
100
AcDbBlockTableRecord
  2
*D23
340
0
 70
     0
280
     1
281
     0
  0
BLOCK_RECORD
  5
3C0
330
1
100
AcDbSymbolTableRecord
100
AcDbBlockTableRecord
  2
*D24
340
0
 70
     0
280
     1
281
     0
  0
BLOCK_RECORD
  5
3CC
330
1
100
AcDbSymbolTableRecord
100
AcDbBlockTableRecord
  2
*D25
340
0
 70
     0
280
     1
281
     0
  0
BLOCK_RECORD
  5
3D8
330
1
100
AcDbSymbolTableRecord
100
AcDbBlockTableRecord
  2
*D26
340
0
 70
     0
280
     1
281
     0
  0
BLOCK_RECORD
  5
3E4
330
1
100
AcDbSymbolTableRecord
100
AcDbBlockTableRecord
  2
*D27
340
0
 70
     0
280
     1
281
     0
  0
BLOCK_RECORD
  5
3F0
330
1
100
AcDbSymbolTableRecord
100
AcDbBlockTableRecord
  2
*D28
340
0
 70
     0
280
     1
281
     0
  0
BLOCK_RECORD
  5
3FC
330
1
100
AcDbSymbolTableRecord
100
AcDbBlockTableRecord
  2
*D29
340
0
 70
     0
280
     1
281
     0
  0
BLOCK_RECORD
  5
408
330
1
100
AcDbSymbolTableRecord
100
AcDbBlockTableRecord
  2
*D30
340
0
 70
     0
280
     1
281
     0
  0
BLOCK_RECORD
  5
414
330
1
100
AcDbSymbolTableRecord
100
AcDbBlockTableRecord
  2
*D31
340
0
 70
     0
280
     1
281
     0
  0
BLOCK_RECORD
  5
420
330
1
100
AcDbSymbolTableRecord
100
AcDbBlockTableRecord
  2
*D32
340
0
 70
     0
280
     1
281
     0
  0
BLOCK_RECORD
  5
42C
330
1
100
AcDbSymbolTableRecord
100
AcDbBlockTableRecord
  2
*D33
340
0
 70
     0
280
     1
281
     0
  0
BLOCK_RECORD
  5
438
330
1
100
AcDbSymbolTableRecord
100
AcDbBlockTableRecord
  2
*D34
340
0
 70
     0
280
     1
281
     0
  0
BLOCK_RECORD
  5
444
330
1
100
AcDbSymbolTableRecord
100
AcDbBlockTableRecord
  2
*D35
340
0
 70
     0
280
     1
281
     0
  0
BLOCK_RECORD
  5
450
330
1
100
AcDbSymbolTableRecord
100
AcDbBlockTableRecord
  2
*D36
340
0
 70
     0
280
     1
281
     0
  0
BLOCK_RECORD
  5
45C
330
1
100
AcDbSymbolTableRecord
100
AcDbBlockTableRecord
  2
*D37
340
0
 70
     0
280
     1
281
     0
  0
BLOCK_RECORD
  5
468
330
1
100
AcDbSymbolTableRecord
100
AcDbBlockTableRecord
  2
*D38
340
0
 70
     0
280
     1
281
     0
  0
BLOCK_RECORD
  5
474
330
1
100
AcDbSymbolTableRecord
100
AcDbBlockTableRecord
  2
*D39
340
0
 70
     0
280
     1
281
     0
  0
BLOCK_RECORD
  5
480
330
1
100
AcDbSymbolTableRecord
100
AcDbBlockTableRecord
  2
*D40
340
0
 70
     0
280
     1
281
     0
  0
BLOCK_RECORD
  5
48C
330
1
100
AcDbSymbolTableRecord
100
AcDbBlockTableRecord
  2
*D41
340
0
 70
     0
280
     1
281
     0
  0
BLOCK_RECORD
  5
498
330
1
100
AcDbSymbolTableRecord
100
AcDbBlockTableRecord
  2
*D42
340
0
 70
     0
280
     1
281
     0
  0
BLOCK_RECORD
  5
4A4
330
1
100
AcDbSymbolTableRecord
100
AcDbBlockTableRecord
  2
*D43
340
0
 70
     0
280
     1
281
     0
  0
BLOCK_RECORD
  5
4B0
330
1
100
AcDbSymbolTableRecord
100
AcDbBlockTableRecord
  2
*D44
340
0
 70
     0
280
     1
281
     0
  0
BLOCK_RECORD
  5
4BC
330
1
100
AcDbSymbolTableRecord
100
AcDbBlockTableRecord
  2
*D45
340
0
 70
     0
280
     1
281
     0
  0
BLOCK_RECORD
  5
4C8
330
1
100
AcDbSymbolTableRecord
100
AcDbBlockTableRecord
  2
*D46
340
0
 70
     0
280
     1
281
     0
  0
BLOCK_RECORD
  5
4D4
330
1
100
AcDbSymbolTableRecord
100
AcDbBlockTableRecord
  2
*D47
340
0
 70
     0
280
     1
281
     0
  0
BLOCK_RECORD
  5
4E0
330
1
100
AcDbSymbolTableRecord
100
AcDbBlockTableRecord
  2
*D48
340
0
 70
     0
280
     1
281
     0
  0
BLOCK_RECORD
  5
4EC
330
1
100
AcDbSymbolTableRecord
100
AcDbBlockTableRecord
  2
*D49
340
0
 70
     0
280
     1
281
     0
  0
BLOCK_RECORD
  5
4F8
330
1
100
AcDbSymbolTableRecord
100
AcDbBlockTableRecord
  2
*D50
340
0
 70
     0
280
     1
281
     0
  0
BLOCK_RECORD
  5
504
330
1
100
AcDbSymbolTableRecord
100
AcDbBlockTableRecord
  2
*D51
340
0
 70
     0
280
     1
281
     0
  0
BLOCK_RECORD
  5
510
330
1
100
AcDbSymbolTableRecord
100
AcDbBlockTableRecord
  2
*D52
340
0
 70
     0
280
     1
281
     0
  0
BLOCK_RECORD
  5
51C
330
1
100
AcDbSymbolTableRecord
100
AcDbBlockTableRecord
  2
*D53
340
0
 70
     0
280
     1
281
     0
  0
BLOCK_RECORD
  5
528
330
1
100
AcDbSymbolTableRecord
100
AcDbBlockTableRecord
  2
*D54
340
0
 70
     0
280
     1
281
     0
  0
BLOCK_RECORD
  5
534
330
1
100
AcDbSymbolTableRecord
100
AcDbBlockTableRecord
  2
*D55
340
0
 70
     0
280
     1
281
     0
  0
BLOCK_RECORD
  5
540
330
1
100
AcDbSymbolTableRecord
100
AcDbBlockTableRecord
  2
*D56
340
0
 70
     0
280
     1
281
     0
  0
BLOCK_RECORD
  5
54C
330
1
100
AcDbSymbolTableRecord
100
AcDbBlockTableRecord
  2
*D57
340
0
 70
     0
280
     1
281
     0
  0
BLOCK_RECORD
  5
558
330
1
100
AcDbSymbolTableRecord
100
AcDbBlockTableRecord
  2
*D58
340
0
 70
     0
280
     1
281
     0
  0
BLOCK_RECORD
  5
564
330
1
100
AcDbSymbolTableRecord
100
AcDbBlockTableRecord
  2
*D59
340
0
 70
     0
280
     1
281
     0
  0
BLOCK_RECORD
  5
570
330
1
100
AcDbSymbolTableRecord
100
AcDbBlockTableRecord
  2
*D60
340
0
 70
     0
280
     1
281
     0
  0
BLOCK_RECORD
  5
57C
330
1
100
AcDbSymbolTableRecord
100
AcDbBlockTableRecord
  2
*D61
340
0
 70
     0
280
     1
281
     0
  0
BLOCK_RECORD
  5
588
330
1
100
AcDbSymbolTableRecord
100
AcDbBlockTableRecord
  2
*D62
340
0
 70
     0
280
     1
281
     0
  0
BLOCK_RECORD
  5
594
330
1
100
AcDbSymbolTableRecord
100
AcDbBlockTableRecord
  2
*D63
340
0
 70
     0
280
     1
281
     0
  0
BLOCK_RECORD
  5
5A0
330
1
100
AcDbSymbolTableRecord
100
AcDbBlockTableRecord
  2
*D64
340
0
 70
     0
280
     1
281
     0
  0
BLOCK_RECORD
  5
5AC
330
1
100
AcDbSymbolTableRecord
100
AcDbBlockTableRecord
  2
*D65
340
0
 70
     0
280
     1
281
     0
  0
BLOCK_RECORD
  5
5B8
330
1
100
AcDbSymbolTableRecord
100
AcDbBlockTableRecord
  2
*D66
340
0
 70
     0
280
     1
281
     0
  0
BLOCK_RECORD
  5
5C4
330
1
100
AcDbSymbolTableRecord
100
AcDbBlockTableRecord
  2
*D67
340
0
 70
     0
280
     1
281
     0
  0
BLOCK_RECORD
  5
5D0
330
1
100
AcDbSymbolTableRecord
100
AcDbBlockTableRecord
  2
*D68
340
0
 70
     0
280
     1
281
     0
  0
BLOCK_RECORD
  5
5DC
330
1
100
AcDbSymbolTableRecord
100
AcDbBlockTableRecord
  2
*D69
340
0
 70
     0
280
     1
281
     0
  0
BLOCK_RECORD
  5
5E8
330
1
100
AcDbSymbolTableRecord
100
AcDbBlockTableRecord
  2
*D70
340
0
 70
     0
280
     1
281
     0
  0
BLOCK_RECORD
  5
5F4
330
1
100
AcDbSymbolTableRecord
100
AcDbBlockTableRecord
  2
*D71
340
0
 70
     0
280
     1
281
     0
  0
BLOCK_RECORD
  5
600
330
1
100
AcDbSymbolTableRecord
100
AcDbBlockTableRecord
  2
*D72
340
0
 70
     0
280
     1
281
     0
  0
BLOCK_RECORD
  5
60C
330
1
100
AcDbSymbolTableRecord
100
AcDbBlockTableRecord
  2
*D73
340
0
 70
     0
280
     1
281
     0
  0
BLOCK_RECORD
  5
618
330
1
100
AcDbSymbolTableRecord
100
AcDbBlockTableRecord
  2
*D74
340
0
 70
     0
280
     1
281
     0
  0
BLOCK_RECORD
  5
624
330
1
100
AcDbSymbolTableRecord
100
AcDbBlockTableRecord
  2
*D75
340
0
 70
     0
280
     1
281
     0
  0
BLOCK_RECORD
  5
630
330
1
100
AcDbSymbolTableRecord
100
AcDbBlockTableRecord
  2
*D76
340
0
 70
     0
280
     1
281
     0
  0
BLOCK_RECORD
  5
63C
330
1
100
AcDbSymbolTableRecord
100
AcDbBlockTableRecord
  2
*D77
340
0
 70
     0
280
     1
281
     0
  0
BLOCK_RECORD
  5
648
330
1
100
AcDbSymbolTableRecord
100
AcDbBlockTableRecord
  2
*D78
340
0
 70
     0
280
     1
281
     0
  0
BLOCK_RECORD
  5
654
330
1
100
AcDbSymbolTableRecord
100
AcDbBlockTableRecord
  2
*D79
340
0
 70
     0
280
     1
281
     0
  0
BLOCK_RECORD
  5
660
330
1
100
AcDbSymbolTableRecord
100
AcDbBlockTableRecord
  2
*D80
340
0
 70
     0
280
     1
281
     0
  0
BLOCK_RECORD
  5
66C
330
1
100
AcDbSymbolTableRecord
100
AcDbBlockTableRecord
  2
*D81
340
0
 70
     0
280
     1
281
     0
  0
BLOCK_RECORD
  5
678
330
1
100
AcDbSymbolTableRecord
100
AcDbBlockTableRecord
  2
*D82
340
0
 70
     0
280
     1
281
     0
  0
BLOCK_RECORD
  5
684
330
1
100
AcDbSymbolTableRecord
100
AcDbBlockTableRecord
  2
*D83
340
0
 70
     0
280
     1
281
     0
  0
BLOCK_RECORD
  5
690
330
1
100
AcDbSymbolTableRecord
100
AcDbBlockTableRecord
  2
*D84
340
0
 70
     0
280
     1
281
     0
  0
BLOCK_RECORD
  5
69C
330
1
100
AcDbSymbolTableRecord
100
AcDbBlockTableRecord
  2
*D85
340
0
 70
     0
280
     1
281
     0
  0
BLOCK_RECORD
  5
6A8
330
1
100
AcDbSymbolTableRecord
100
AcDbBlockTableRecord
  2
*D86
340
0
 70
     0
280
     1
281
     0
  0
BLOCK_RECORD
  5
6B4
330
1
100
AcDbSymbolTableRecord
100
AcDbBlockTableRecord
  2
*D87
340
0
 70
     0
280
     1
281
     0
  0
BLOCK_RECORD
  5
6C0
330
1
100
AcDbSymbolTableRecord
100
AcDbBlockTableRecord
  2
*D88
340
0
 70
     0
280
     1
281
     0
  0
BLOCK_RECORD
  5
6CC
330
1
100
AcDbSymbolTableRecord
100
AcDbBlockTableRecord
  2
*D89
340
0
 70
     0
280
     1
281
     0
  0
BLOCK_RECORD
  5
6D8
330
1
100
AcDbSymbolTableRecord
100
AcDbBlockTableRecord
  2
*D90
340
0
 70
     0
280
     1
281
     0
  0
BLOCK_RECORD
  5
6E4
330
1
100
AcDbSymbolTableRecord
100
AcDbBlockTableRecord
  2
*D91
340
0
 70
     0
280
     1
281
     0
  0
BLOCK_RECORD
  5
6F0
330
1
100
AcDbSymbolTableRecord
100
AcDbBlockTableRecord
  2
*D92
340
0
 70
     0
280
     1
281
     0
  0
BLOCK_RECORD
  5
6FC
330
1
100
AcDbSymbolTableRecord
100
AcDbBlockTableRecord
  2
*D93
340
0
 70
     0
280
     1
281
     0
  0
BLOCK_RECORD
  5
708
330
1
100
AcDbSymbolTableRecord
100
AcDbBlockTableRecord
  2
*D94
340
0
 70
     0
280
     1
281
     0
  0
BLOCK_RECORD
  5
714
330
1
100
AcDbSymbolTableRecord
100
AcDbBlockTableRecord
  2
*D95
340
0
 70
     0
280
     1
281
     0
  0
BLOCK_RECORD
  5
720
330
1
100
AcDbSymbolTableRecord
100
AcDbBlockTableRecord
  2
_Open30
340
0
 70
     0
280
     1
281
     0
  0
BLOCK_RECORD
  5
726
330
1
100
AcDbSymbolTableRecord
100
AcDbBlockTableRecord
  2
_Oblique
340
0
 70
     0
280
     1
281
     0
  0
BLOCK_RECORD
  5
1053
330
1
100
AcDbSymbolTableRecord
100
AcDbBlockTableRecord
  2
*D99
340
0
 70
     0
280
     1
281
     0
  0
BLOCK_RECORD
  5
105F
330
1
100
AcDbSymbolTableRecord
100
AcDbBlockTableRecord
  2
*D100
340
0
 70
     0
280
     1
281
     0
  0
BLOCK_RECORD
  5
106B
330
1
100
AcDbSymbolTableRecord
100
AcDbBlockTableRecord
  2
*D101
340
0
 70
     0
280
     1
281
     0
  0
BLOCK_RECORD
  5
1077
330
1
100
AcDbSymbolTableRecord
100
AcDbBlockTableRecord
  2
*D102
340
0
 70
     0
280
     1
281
     0
  0
BLOCK_RECORD
  5
1083
330
1
100
AcDbSymbolTableRecord
100
AcDbBlockTableRecord
  2
*D103
340
0
 70
     0
280
     1
281
     0
  0
BLOCK_RECORD
  5
108F
330
1
100
AcDbSymbolTableRecord
100
AcDbBlockTableRecord
  2
*D104
340
0
 70
     0
280
     1
281
     0
  0
BLOCK_RECORD
  5
109B
330
1
100
AcDbSymbolTableRecord
100
AcDbBlockTableRecord
  2
*D105
340
0
 70
     0
280
     1
281
     0
  0
BLOCK_RECORD
  5
10A7
330
1
100
AcDbSymbolTableRecord
100
AcDbBlockTableRecord
  2
*D106
340
0
 70
     0
280
     1
281
     0
  0
BLOCK_RECORD
  5
10B3
330
1
100
AcDbSymbolTableRecord
100
AcDbBlockTableRecord
  2
*D107
340
0
 70
     0
280
     1
281
     0
  0
BLOCK_RECORD
  5
10BF
330
1
100
AcDbSymbolTableRecord
100
AcDbBlockTableRecord
  2
*D108
340
0
 70
     0
280
     1
281
     0
  0
BLOCK_RECORD
  5
10CB
330
1
100
AcDbSymbolTableRecord
100
AcDbBlockTableRecord
  2
*D109
340
0
 70
     0
280
     1
281
     0
  0
BLOCK_RECORD
  5
10D7
330
1
100
AcDbSymbolTableRecord
100
AcDbBlockTableRecord
  2
*D110
340
0
 70
     0
280
     1
281
     0
  0
BLOCK_RECORD
  5
10E3
330
1
100
AcDbSymbolTableRecord
100
AcDbBlockTableRecord
  2
*D111
340
0
 70
     0
280
     1
281
     0
  0
BLOCK_RECORD
  5
10EF
330
1
100
AcDbSymbolTableRecord
100
AcDbBlockTableRecord
  2
*D112
340
0
 70
     0
280
     1
281
     0
  0
BLOCK_RECORD
  5
10FB
330
1
100
AcDbSymbolTableRecord
100
AcDbBlockTableRecord
  2
*D113
340
0
 70
     0
280
     1
281
     0
  0
BLOCK_RECORD
  5
1107
330
1
100
AcDbSymbolTableRecord
100
AcDbBlockTableRecord
  2
*D114
340
0
 70
     0
280
     1
281
     0
  0
BLOCK_RECORD
  5
1113
330
1
100
AcDbSymbolTableRecord
100
AcDbBlockTableRecord
  2
*D115
340
0
 70
     0
280
     1
281
     0
  0
BLOCK_RECORD
  5
111F
330
1
100
AcDbSymbolTableRecord
100
AcDbBlockTableRecord
  2
*D116
340
0
 70
     0
280
     1
281
     0
  0
BLOCK_RECORD
  5
112B
330
1
100
AcDbSymbolTableRecord
100
AcDbBlockTableRecord
  2
*D117
340
0
 70
     0
280
     1
281
     0
  0
BLOCK_RECORD
  5
1137
330
1
100
AcDbSymbolTableRecord
100
AcDbBlockTableRecord
  2
*D118
340
0
 70
     0
280
     1
281
     0
  0
BLOCK_RECORD
  5
1143
330
1
100
AcDbSymbolTableRecord
100
AcDbBlockTableRecord
  2
*D119
340
0
 70
     0
280
     1
281
     0
  0
BLOCK_RECORD
  5
114F
330
1
100
AcDbSymbolTableRecord
100
AcDbBlockTableRecord
  2
*D120
340
0
 70
     0
280
     1
281
     0
  0
BLOCK_RECORD
  5
115B
330
1
100
AcDbSymbolTableRecord
100
AcDbBlockTableRecord
  2
*D121
340
0
 70
     0
280
     1
281
     0
  0
BLOCK_RECORD
  5
1167
330
1
100
AcDbSymbolTableRecord
100
AcDbBlockTableRecord
  2
*D122
340
0
 70
     0
280
     1
281
     0
  0
BLOCK_RECORD
  5
1173
330
1
100
AcDbSymbolTableRecord
100
AcDbBlockTableRecord
  2
*D123
340
0
 70
     0
280
     1
281
     0
  0
BLOCK_RECORD
  5
117F
330
1
100
AcDbSymbolTableRecord
100
AcDbBlockTableRecord
  2
*D124
340
0
 70
     0
280
     1
281
     0
  0
BLOCK_RECORD
  5
118B
330
1
100
AcDbSymbolTableRecord
100
AcDbBlockTableRecord
  2
*D125
340
0
 70
     0
280
     1
281
     0
  0
BLOCK_RECORD
  5
1197
330
1
100
AcDbSymbolTableRecord
100
AcDbBlockTableRecord
  2
*D126
340
0
 70
     0
280
     1
281
     0
  0
BLOCK_RECORD
  5
11A3
330
1
100
AcDbSymbolTableRecord
100
AcDbBlockTableRecord
  2
*D127
340
0
 70
     0
280
     1
281
     0
  0
BLOCK_RECORD
  5
11AF
330
1
100
AcDbSymbolTableRecord
100
AcDbBlockTableRecord
  2
*D128
340
0
 70
     0
280
     1
281
     0
  0
BLOCK_RECORD
  5
11BB
330
1
100
AcDbSymbolTableRecord
100
AcDbBlockTableRecord
  2
*D129
340
0
 70
     0
280
     1
281
     0
  0
BLOCK_RECORD
  5
11C7
330
1
100
AcDbSymbolTableRecord
100
AcDbBlockTableRecord
  2
*D130
340
0
 70
     0
280
     1
281
     0
  0
BLOCK_RECORD
  5
11D3
330
1
100
AcDbSymbolTableRecord
100
AcDbBlockTableRecord
  2
*D131
340
0
 70
     0
280
     1
281
     0
  0
BLOCK_RECORD
  5
11DF
330
1
100
AcDbSymbolTableRecord
100
AcDbBlockTableRecord
  2
*D132
340
0
 70
     0
280
     1
281
     0
  0
BLOCK_RECORD
  5
11EB
330
1
100
AcDbSymbolTableRecord
100
AcDbBlockTableRecord
  2
*D133
340
0
 70
     0
280
     1
281
     0
  0
BLOCK_RECORD
  5
11F7
330
1
100
AcDbSymbolTableRecord
100
AcDbBlockTableRecord
  2
*D134
340
0
 70
     0
280
     1
281
     0
  0
BLOCK_RECORD
  5
1203
330
1
100
AcDbSymbolTableRecord
100
AcDbBlockTableRecord
  2
*D135
340
0
 70
     0
280
     1
281
     0
  0
BLOCK_RECORD
  5
120F
330
1
100
AcDbSymbolTableRecord
100
AcDbBlockTableRecord
  2
*D136
340
0
 70
     0
280
     1
281
     0
  0
BLOCK_RECORD
  5
121B
330
1
100
AcDbSymbolTableRecord
100
AcDbBlockTableRecord
  2
*D137
340
0
 70
     0
280
     1
281
     0
  0
BLOCK_RECORD
  5
1227
330
1
100
AcDbSymbolTableRecord
100
AcDbBlockTableRecord
  2
*D138
340
0
 70
     0
280
     1
281
     0
  0
BLOCK_RECORD
  5
1233
330
1
100
AcDbSymbolTableRecord
100
AcDbBlockTableRecord
  2
*D139
340
0
 70
     0
280
     1
281
     0
  0
BLOCK_RECORD
  5
123F
330
1
100
AcDbSymbolTableRecord
100
AcDbBlockTableRecord
  2
*D140
340
0
 70
     0
280
     1
281
     0
  0
BLOCK_RECORD
  5
124B
330
1
100
AcDbSymbolTableRecord
100
AcDbBlockTableRecord
  2
*D141
340
0
 70
     0
280
     1
281
     0
  0
BLOCK_RECORD
  5
1257
330
1
100
AcDbSymbolTableRecord
100
AcDbBlockTableRecord
  2
*D142
340
0
 70
     0
280
     1
281
     0
  0
BLOCK_RECORD
  5
1263
330
1
100
AcDbSymbolTableRecord
100
AcDbBlockTableRecord
  2
*D143
340
0
 70
     0
280
     1
281
     0
  0
BLOCK_RECORD
  5
126F
330
1
100
AcDbSymbolTableRecord
100
AcDbBlockTableRecord
  2
*D144
340
0
 70
     0
280
     1
281
     0
  0
BLOCK_RECORD
  5
127B
330
1
100
AcDbSymbolTableRecord
100
AcDbBlockTableRecord
  2
*D145
340
0
 70
     0
280
     1
281
     0
  0
BLOCK_RECORD
  5
1287
330
1
100
AcDbSymbolTableRecord
100
AcDbBlockTableRecord
  2
*D146
340
0
 70
     0
280
     1
281
     0
  0
BLOCK_RECORD
  5
1293
330
1
100
AcDbSymbolTableRecord
100
AcDbBlockTableRecord
  2
*D147
340
0
 70
     0
280
     1
281
     0
  0
BLOCK_RECORD
  5
129F
330
1
100
AcDbSymbolTableRecord
100
AcDbBlockTableRecord
  2
*D148
340
0
 70
     0
280
     1
281
     0
  0
BLOCK_RECORD
  5
12AB
330
1
100
AcDbSymbolTableRecord
100
AcDbBlockTableRecord
  2
*D149
340
0
 70
     0
280
     1
281
     0
  0
BLOCK_RECORD
  5
12B7
330
1
100
AcDbSymbolTableRecord
100
AcDbBlockTableRecord
  2
*D150
340
0
 70
     0
280
     1
281
     0
  0
BLOCK_RECORD
  5
12C3
330
1
100
AcDbSymbolTableRecord
100
AcDbBlockTableRecord
  2
*D151
340
0
 70
     0
280
     1
281
     0
  0
BLOCK_RECORD
  5
12CF
330
1
100
AcDbSymbolTableRecord
100
AcDbBlockTableRecord
  2
*D152
340
0
 70
     0
280
     1
281
     0
  0
BLOCK_RECORD
  5
12DB
330
1
100
AcDbSymbolTableRecord
100
AcDbBlockTableRecord
  2
*D153
340
0
 70
     0
280
     1
281
     0
  0
BLOCK_RECORD
  5
12E7
330
1
100
AcDbSymbolTableRecord
100
AcDbBlockTableRecord
  2
*D154
340
0
 70
     0
280
     1
281
     0
  0
BLOCK_RECORD
  5
12F3
330
1
100
AcDbSymbolTableRecord
100
AcDbBlockTableRecord
  2
*D155
340
0
 70
     0
280
     1
281
     0
  0
BLOCK_RECORD
  5
12FF
330
1
100
AcDbSymbolTableRecord
100
AcDbBlockTableRecord
  2
*D156
340
0
 70
     0
280
     1
281
     0
  0
BLOCK_RECORD
  5
130B
330
1
100
AcDbSymbolTableRecord
100
AcDbBlockTableRecord
  2
*D157
340
0
 70
     0
280
     1
281
     0
  0
BLOCK_RECORD
  5
1317
330
1
100
AcDbSymbolTableRecord
100
AcDbBlockTableRecord
  2
*D158
340
0
 70
     0
280
     1
281
     0
  0
BLOCK_RECORD
  5
1323
330
1
100
AcDbSymbolTableRecord
100
AcDbBlockTableRecord
  2
*D159
340
0
 70
     0
280
     1
281
     0
  0
BLOCK_RECORD
  5
132F
330
1
100
AcDbSymbolTableRecord
100
AcDbBlockTableRecord
  2
*D160
340
0
 70
     0
280
     1
281
     0
  0
BLOCK_RECORD
  5
133B
330
1
100
AcDbSymbolTableRecord
100
AcDbBlockTableRecord
  2
*D161
340
0
 70
     0
280
     1
281
     0
  0
BLOCK_RECORD
  5
1347
330
1
100
AcDbSymbolTableRecord
100
AcDbBlockTableRecord
  2
*D162
340
0
 70
     0
280
     1
281
     0
  0
BLOCK_RECORD
  5
1353
330
1
100
AcDbSymbolTableRecord
100
AcDbBlockTableRecord
  2
*D163
340
0
 70
     0
280
     1
281
     0
  0
BLOCK_RECORD
  5
135F
330
1
100
AcDbSymbolTableRecord
100
AcDbBlockTableRecord
  2
*D164
340
0
 70
     0
280
     1
281
     0
  0
BLOCK_RECORD
  5
136B
330
1
100
AcDbSymbolTableRecord
100
AcDbBlockTableRecord
  2
*D165
340
0
 70
     0
280
     1
281
     0
  0
BLOCK_RECORD
  5
1377
330
1
100
AcDbSymbolTableRecord
100
AcDbBlockTableRecord
  2
*D166
340
0
 70
     0
280
     1
281
     0
  0
BLOCK_RECORD
  5
1383
330
1
100
AcDbSymbolTableRecord
100
AcDbBlockTableRecord
  2
*D167
340
0
 70
     0
280
     1
281
     0
  0
BLOCK_RECORD
  5
138F
330
1
100
AcDbSymbolTableRecord
100
AcDbBlockTableRecord
  2
*D168
340
0
 70
     0
280
     1
281
     0
  0
BLOCK_RECORD
  5
139B
330
1
100
AcDbSymbolTableRecord
100
AcDbBlockTableRecord
  2
*D169
340
0
 70
     0
280
     1
281
     0
  0
BLOCK_RECORD
  5
13A7
330
1
100
AcDbSymbolTableRecord
100
AcDbBlockTableRecord
  2
*D170
340
0
 70
     0
280
     1
281
     0
  0
BLOCK_RECORD
  5
13B3
330
1
100
AcDbSymbolTableRecord
100
AcDbBlockTableRecord
  2
*D171
340
0
 70
     0
280
     1
281
     0
  0
BLOCK_RECORD
  5
13BF
330
1
100
AcDbSymbolTableRecord
100
AcDbBlockTableRecord
  2
*D172
340
0
 70
     0
280
     1
281
     0
  0
BLOCK_RECORD
  5
13CB
330
1
100
AcDbSymbolTableRecord
100
AcDbBlockTableRecord
  2
*D173
340
0
 70
     0
280
     1
281
     0
  0
BLOCK_RECORD
  5
13D7
330
1
100
AcDbSymbolTableRecord
100
AcDbBlockTableRecord
  2
*D174
340
0
 70
     0
280
     1
281
     0
  0
BLOCK_RECORD
  5
13E3
330
1
100
AcDbSymbolTableRecord
100
AcDbBlockTableRecord
  2
*D175
340
0
 70
     0
280
     1
281
     0
  0
BLOCK_RECORD
  5
13EF
330
1
100
AcDbSymbolTableRecord
100
AcDbBlockTableRecord
  2
*D176
340
0
 70
     0
280
     1
281
     0
  0
BLOCK_RECORD
  5
13FB
330
1
100
AcDbSymbolTableRecord
100
AcDbBlockTableRecord
  2
*D177
340
0
 70
     0
280
     1
281
     0
  0
BLOCK_RECORD
  5
1407
330
1
100
AcDbSymbolTableRecord
100
AcDbBlockTableRecord
  2
*D178
340
0
 70
     0
280
     1
281
     0
  0
BLOCK_RECORD
  5
1413
330
1
100
AcDbSymbolTableRecord
100
AcDbBlockTableRecord
  2
*D179
340
0
 70
     0
280
     1
281
     0
  0
BLOCK_RECORD
  5
141F
330
1
100
AcDbSymbolTableRecord
100
AcDbBlockTableRecord
  2
*D180
340
0
 70
     0
280
     1
281
     0
  0
BLOCK_RECORD
  5
142B
330
1
100
AcDbSymbolTableRecord
100
AcDbBlockTableRecord
  2
*D181
340
0
 70
     0
280
     1
281
     0
  0
BLOCK_RECORD
  5
1437
330
1
100
AcDbSymbolTableRecord
100
AcDbBlockTableRecord
  2
*D182
340
0
 70
     0
280
     1
281
     0
  0
BLOCK_RECORD
  5
1443
330
1
100
AcDbSymbolTableRecord
100
AcDbBlockTableRecord
  2
*D183
340
0
 70
     0
280
     1
281
     0
  0
BLOCK_RECORD
  5
144F
330
1
100
AcDbSymbolTableRecord
100
AcDbBlockTableRecord
  2
*D184
340
0
 70
     0
280
     1
281
     0
  0
BLOCK_RECORD
  5
145B
330
1
100
AcDbSymbolTableRecord
100
AcDbBlockTableRecord
  2
*D185
340
0
 70
     0
280
     1
281
     0
  0
BLOCK_RECORD
  5
1467
330
1
100
AcDbSymbolTableRecord
100
AcDbBlockTableRecord
  2
*D186
340
0
 70
     0
280
     1
281
     0
  0
BLOCK_RECORD
  5
1473
330
1
100
AcDbSymbolTableRecord
100
AcDbBlockTableRecord
  2
*D187
340
0
 70
     0
280
     1
281
     0
  0
BLOCK_RECORD
  5
147F
330
1
100
AcDbSymbolTableRecord
100
AcDbBlockTableRecord
  2
*D188
340
0
 70
     0
280
     1
281
     0
  0
BLOCK_RECORD
  5
148B
330
1
100
AcDbSymbolTableRecord
100
AcDbBlockTableRecord
  2
*D189
340
0
 70
     0
280
     1
281
     0
  0
BLOCK_RECORD
  5
1497
330
1
100
AcDbSymbolTableRecord
100
AcDbBlockTableRecord
  2
*D190
340
0
 70
     0
280
     1
281
     0
  0
BLOCK_RECORD
  5
14A3
330
1
100
AcDbSymbolTableRecord
100
AcDbBlockTableRecord
  2
*D191
340
0
 70
     0
280
     1
281
     0
  0
BLOCK_RECORD
  5
14AF
330
1
100
AcDbSymbolTableRecord
100
AcDbBlockTableRecord
  2
*D192
340
0
 70
     0
280
     1
281
     0
  0
BLOCK_RECORD
  5
14BB
330
1
100
AcDbSymbolTableRecord
100
AcDbBlockTableRecord
  2
*D193
340
0
 70
     0
280
     1
281
     0
  0
ENDTAB
  0
ENDSEC
  0
SECTION
  2
BLOCKS
  0
BLOCK
  5
20
330
1F
100
AcDbEntity
  8
0
100
AcDbBlockBegin
  2
*Model_Space
 70
     0
 10
0.0
 20
0.0
 30
0.0
  3
*Model_Space
  1

  0
ENDBLK
  5
21
330
1F
100
AcDbEntity
  8
0
100
AcDbBlockEnd
  0
BLOCK
  5
D4
330
D2
100
AcDbEntity
 67
     1
  8
0
100
AcDbBlockBegin
  2
*Paper_Space
 70
     0
 10
0.0
 20
0.0
 30
0.0
  3
*Paper_Space
  1

  0
ENDBLK
  5
D5
330
D2
100
AcDbEntity
 67
     1
  8
0
100
AcDbBlockEnd
  0
BLOCK
  5
D8
330
D6
100
AcDbEntity
 67
     1
  8
0
100
AcDbBlockBegin
  2
*Paper_Space0
 70
     0
 10
0.0
 20
0.0
 30
0.0
  3
*Paper_Space0
  1

  0
ENDBLK
  5
D9
330
D6
100
AcDbEntity
 67
     1
  8
0
100
AcDbBlockEnd
  0
BLOCK
  5
2AD
330
2AC
100
AcDbEntity
  8
0
100
AcDbBlockBegin
  2
*D1
 70
     1
 10
0.0
 20
0.0
 30
0.0
  3
*D1
  1

  0
LINE
  5
2AE
330
2AC
100
AcDbEntity
  8
AKS OLCU (BEYKENT)
 62
     0
440
 16777216
370
    -2
100
AcDbLine
 10
117695.2421511605
 20
3726.577425396295
 30
0.0
 11
117695.2421511605
 21
3723.757425396295
 31
0.0
  0
LINE
  5
2AF
330
2AC
100
AcDbEntity
  8
AKS OLCU (BEYKENT)
 62
     0
440
 16777216
370
    -2
100
AcDbLine
 10
122905.2375019985
 20
3726.577425396295
 30
0.0
 11
122905.2375019985
 21
3723.757425396295
 31
0.0
  0
LINE
  5
2B0
330
2AC
100
AcDbEntity
  8
AKS OLCU (BEYKENT)
 62
     0
440
 16777216
370
    -2
100
AcDbLine
 10
117695.2421511605
 20
3723.577425396295
 30
0.0
 11
122905.2375019985
 21
3723.577425396295
 31
0.0
  0
LINE
  5
2B1
330
2AC
100
AcDbEntity
  8
AKS OLCU (BEYKENT)
 62
     0
440
 16777216
370
    -2
100
AcDbLine
 10
122902.2375019985
 20
3720.577425396295
 30
0.0
 11
122908.2375019985
 21
3726.577425396295
 31
0.0
  0
LINE
  5
2B2
330
2AC
100
AcDbEntity
  8
AKS OLCU (BEYKENT)
 62
     0
440
 16777216
370
    -2
100
AcDbLine
 10
117692.2421511605
 20
3720.577425396295
 30
0.0
 11
117698.2421511605
 21
3726.577425396295
 31
0.0
  0
MTEXT
  5
2B3
330
2AC
100
AcDbEntity
  8
AKS OLCU (BEYKENT)
 62
     7
440
 16777216
100
AcDbMText
 10
120300.2398265795
 20
3731.701221819954
 30
0.0
 40
12.0
 41
0.0
 46
0.0
 71
     5
 72
     1
  1
\A1;5210
  7
YAZI (BEYKENT)
 73
     1
 44
1.0
  0
POINT
  5
2B4
330
2AC
100
AcDbEntity
  8
Defpoints
 62
     0
440
 16777216
100
AcDbPoint
 10
117695.2421511605
 20
3723.577425396295
 30
0.0
  0
POINT
  5
2B5
330
2AC
100
AcDbEntity
  8
Defpoints
 62
     0
440
 16777216
100
AcDbPoint
 10
122905.2375019985
 20
3723.577425396295
 30
0.0
  0
POINT
  5
2B6
330
2AC
100
AcDbEntity
  8
Defpoints
 62
     0
440
 16777216
100
AcDbPoint
 10
122905.2375019985
 20
3723.577425396295
 30
0.0
  0
ENDBLK
  5
2B7
330
2AC
100
AcDbEntity
  8
0
100
AcDbBlockEnd
  0
BLOCK
  5
2B9
330
2B8
100
AcDbEntity
  8
0
100
AcDbBlockBegin
  2
*D2
 70
     1
 10
0.0
 20
0.0
 30
0.0
  3
*D2
  1

  0
LINE
  5
2BA
330
2B8
100
AcDbEntity
  8
AKS OLCU (BEYKENT)
 62
     0
440
 16777216
370
    -2
100
AcDbLine
 10
117695.2421511605
 20
3706.577425396295
 30
0.0
 11
117695.2421511605
 21
3703.757425396295
 31
0.0
  0
LINE
  5
2BB
330
2B8
100
AcDbEntity
  8
AKS OLCU (BEYKENT)
 62
     0
440
 16777216
370
    -2
100
AcDbLine
 10
118565.2375019985
 20
3706.577425396295
 30
0.0
 11
118565.2375019985
 21
3703.757425396295
 31
0.0
  0
LINE
  5
2BC
330
2B8
100
AcDbEntity
  8
AKS OLCU (BEYKENT)
 62
     0
440
 16777216
370
    -2
100
AcDbLine
 10
117695.2421511605
 20
3703.577425396295
 30
0.0
 11
118565.2375019985
 21
3703.577425396295
 31
0.0
  0
LINE
  5
2BD
330
2B8
100
AcDbEntity
  8
AKS OLCU (BEYKENT)
 62
     0
440
 16777216
370
    -2
100
AcDbLine
 10
118562.2375019985
 20
3700.577425396295
 30
0.0
 11
118568.2375019985
 21
3706.577425396295
 31
0.0
  0
LINE
  5
2BE
330
2B8
100
AcDbEntity
  8
AKS OLCU (BEYKENT)
 62
     0
440
 16777216
370
    -2
100
AcDbLine
 10
117692.2421511605
 20
3700.577425396295
 30
0.0
 11
117698.2421511605
 21
3706.577425396295
 31
0.0
  0
MTEXT
  5
2BF
330
2B8
100
AcDbEntity
  8
AKS OLCU (BEYKENT)
 62
     7
440
 16777216
100
AcDbMText
 10
118130.2398265795
 20
3711.701221819954
 30
0.0
 40
12.0
 41
0.0
 46
0.0
 71
     5
 72
     1
  1
\A1;870
  7
YAZI (BEYKENT)
 73
     1
 44
1.0
  0
POINT
  5
2C0
330
2B8
100
AcDbEntity
  8
Defpoints
 62
     0
440
 16777216
100
AcDbPoint
 10
117695.2421511605
 20
3703.577425396295
 30
0.0
  0
POINT
  5
2C1
330
2B8
100
AcDbEntity
  8
Defpoints
 62
     0
440
 16777216
100
AcDbPoint
 10
118565.2375019985
 20
3703.577425396295
 30
0.0
  0
POINT
  5
2C2
330
2B8
100
AcDbEntity
  8
Defpoints
 62
     0
440
 16777216
100
AcDbPoint
 10
118565.2375019985
 20
3703.577425396295
 30
0.0
  0
ENDBLK
  5
2C3
330
2B8
100
AcDbEntity
  8
0
100
AcDbBlockEnd
  0
BLOCK
  5
2C5
330
2C4
100
AcDbEntity
  8
0
100
AcDbBlockBegin
  2
*D3
 70
     1
 10
0.0
 20
0.0
 30
0.0
  3
*D3
  1

  0
LINE
  5
2C6
330
2C4
100
AcDbEntity
  8
AKS OLCU (BEYKENT)
 62
     0
440
 16777216
370
    -2
100
AcDbLine
 10
118565.2375019985
 20
3706.577425396295
 30
0.0
 11
118565.2375019985
 21
3703.757425396295
 31
0.0
  0
LINE
  5
2C7
330
2C4
100
AcDbEntity
  8
AKS OLCU (BEYKENT)
 62
     0
440
 16777216
370
    -2
100
AcDbLine
 10
118935.2375019985
 20
3706.577425396295
 30
0.0
 11
118935.2375019985
 21
3703.757425396295
 31
0.0
  0
LINE
  5
2C8
330
2C4
100
AcDbEntity
  8
AKS OLCU (BEYKENT)
 62
     0
440
 16777216
370
    -2
100
AcDbLine
 10
118565.2375019985
 20
3703.577425396295
 30
0.0
 11
118935.2375019985
 21
3703.577425396295
 31
0.0
  0
LINE
  5
2C9
330
2C4
100
AcDbEntity
  8
AKS OLCU (BEYKENT)
 62
     0
440
 16777216
370
    -2
100
AcDbLine
 10
118932.2375019985
 20
3700.577425396295
 30
0.0
 11
118938.2375019985
 21
3706.577425396295
 31
0.0
  0
LINE
  5
2CA
330
2C4
100
AcDbEntity
  8
AKS OLCU (BEYKENT)
 62
     0
440
 16777216
370
    -2
100
AcDbLine
 10
118562.2375019985
 20
3700.577425396295
 30
0.0
 11
118568.2375019985
 21
3706.577425396295
 31
0.0
  0
MTEXT
  5
2CB
330
2C4
100
AcDbEntity
  8
AKS OLCU (BEYKENT)
 62
     7
440
 16777216
100
AcDbMText
 10
118750.2375019985
 20
3711.701221819954
 30
0.0
 40
12.0
 41
0.0
 46
0.0
 71
     5
 72
     1
  1
\A1;370
  7
YAZI (BEYKENT)
 73
     1
 44
1.0
  0
POINT
  5
2CC
330
2C4
100
AcDbEntity
  8
Defpoints
 62
     0
440
 16777216
100
AcDbPoint
 10
118565.2375019985
 20
3703.577425396295
 30
0.0
  0
POINT
  5
2CD
330
2C4
100
AcDbEntity
  8
Defpoints
 62
     0
440
 16777216
100
AcDbPoint
 10
118935.2375019985
 20
3703.577425396295
 30
0.0
  0
POINT
  5
2CE
330
2C4
100
AcDbEntity
  8
Defpoints
 62
     0
440
 16777216
100
AcDbPoint
 10
118935.2375019985
 20
3703.577425396295
 30
0.0
  0
ENDBLK
  5
2CF
330
2C4
100
AcDbEntity
  8
0
100
AcDbBlockEnd
  0
BLOCK
  5
2D1
330
2D0
100
AcDbEntity
  8
0
100
AcDbBlockBegin
  2
*D4
 70
     1
 10
0.0
 20
0.0
 30
0.0
  3
*D4
  1

  0
LINE
  5
2D2
330
2D0
100
AcDbEntity
  8
AKS OLCU (BEYKENT)
 62
     0
440
 16777216
370
    -2
100
AcDbLine
 10
118935.2375019985
 20
3706.577425396295
 30
0.0
 11
118935.2375019985
 21
3703.757425396295
 31
0.0
  0
LINE
  5
2D3
330
2D0
100
AcDbEntity
  8
AKS OLCU (BEYKENT)
 62
     0
440
 16777216
370
    -2
100
AcDbLine
 10
119220.2375019985
 20
3706.577425396295
 30
0.0
 11
119220.2375019985
 21
3703.757425396295
 31
0.0
  0
LINE
  5
2D4
330
2D0
100
AcDbEntity
  8
AKS OLCU (BEYKENT)
 62
     0
440
 16777216
370
    -2
100
AcDbLine
 10
118935.2375019985
 20
3703.577425396295
 30
0.0
 11
119220.2375019985
 21
3703.577425396295
 31
0.0
  0
LINE
  5
2D5
330
2D0
100
AcDbEntity
  8
AKS OLCU (BEYKENT)
 62
     0
440
 16777216
370
    -2
100
AcDbLine
 10
119217.2375019985
 20
3700.577425396295
 30
0.0
 11
119223.2375019985
 21
3706.577425396295
 31
0.0
  0
LINE
  5
2D6
330
2D0
100
AcDbEntity
  8
AKS OLCU (BEYKENT)
 62
     0
440
 16777216
370
    -2
100
AcDbLine
 10
118932.2375019985
 20
3700.577425396295
 30
0.0
 11
118938.2375019985
 21
3706.577425396295
 31
0.0
  0
MTEXT
  5
2D7
330
2D0
100
AcDbEntity
  8
AKS OLCU (BEYKENT)
 62
     7
440
 16777216
100
AcDbMText
 10
119077.7375019985
 20
3711.701221819954
 30
0.0
 40
12.0
 41
0.0
 46
0.0
 71
     5
 72
     1
  1
\A1;285
  7
YAZI (BEYKENT)
 73
     1
 44
1.0
  0
POINT
  5
2D8
330
2D0
100
AcDbEntity
  8
Defpoints
 62
     0
440
 16777216
100
AcDbPoint
 10
118935.2375019985
 20
3703.577425396295
 30
0.0
  0
POINT
  5
2D9
330
2D0
100
AcDbEntity
  8
Defpoints
 62
     0
440
 16777216
100
AcDbPoint
 10
119220.2375019985
 20
3703.577425396295
 30
0.0
  0
POINT
  5
2DA
330
2D0
100
AcDbEntity
  8
Defpoints
 62
     0
440
 16777216
100
AcDbPoint
 10
119220.2375019985
 20
3703.577425396295
 30
0.0
  0
ENDBLK
  5
2DB
330
2D0
100
AcDbEntity
  8
0
100
AcDbBlockEnd
  0
BLOCK
  5
2DD
330
2DC
100
AcDbEntity
  8
0
100
AcDbBlockBegin
  2
*D5
 70
     1
 10
0.0
 20
0.0
 30
0.0
  3
*D5
  1

  0
LINE
  5
2DE
330
2DC
100
AcDbEntity
  8
AKS OLCU (BEYKENT)
 62
     0
440
 16777216
370
    -2
100
AcDbLine
 10
119220.2375019985
 20
3706.577425396295
 30
0.0
 11
119220.2375019985
 21
3703.757425396295
 31
0.0
  0
LINE
  5
2DF
330
2DC
100
AcDbEntity
  8
AKS OLCU (BEYKENT)
 62
     0
440
 16777216
370
    -2
100
AcDbLine
 10
119875.2375019985
 20
3706.577425396295
 30
0.0
 11
119875.2375019985
 21
3703.757425396295
 31
0.0
  0
LINE
  5
2E0
330
2DC
100
AcDbEntity
  8
AKS OLCU (BEYKENT)
 62
     0
440
 16777216
370
    -2
100
AcDbLine
 10
119220.2375019985
 20
3703.577425396295
 30
0.0
 11
119875.2375019985
 21
3703.577425396295
 31
0.0
  0
LINE
  5
2E1
330
2DC
100
AcDbEntity
  8
AKS OLCU (BEYKENT)
 62
     0
440
 16777216
370
    -2
100
AcDbLine
 10
119872.2375019985
 20
3700.577425396295
 30
0.0
 11
119878.2375019985
 21
3706.577425396295
 31
0.0
  0
LINE
  5
2E2
330
2DC
100
AcDbEntity
  8
AKS OLCU (BEYKENT)
 62
     0
440
 16777216
370
    -2
100
AcDbLine
 10
119217.2375019985
 20
3700.577425396295
 30
0.0
 11
119223.2375019985
 21
3706.577425396295
 31
0.0
  0
MTEXT
  5
2E3
330
2DC
100
AcDbEntity
  8
AKS OLCU (BEYKENT)
 62
     7
440
 16777216
100
AcDbMText
 10
119547.7375019985
 20
3711.639323608125
 30
0.0
 40
12.0
 41
0.0
 46
0.0
 71
     5
 72
     1
  1
\A1;655
  7
YAZI (BEYKENT)
 73
     1
 44
1.0
  0
POINT
  5
2E4
330
2DC
100
AcDbEntity
  8
Defpoints
 62
     0
440
 16777216
100
AcDbPoint
 10
119220.2375019985
 20
3703.577425396295
 30
0.0
  0
POINT
  5
2E5
330
2DC
100
AcDbEntity
  8
Defpoints
 62
     0
440
 16777216
100
AcDbPoint
 10
119875.2375019985
 20
3703.577425396295
 30
0.0
  0
POINT
  5
2E6
330
2DC
100
AcDbEntity
  8
Defpoints
 62
     0
440
 16777216
100
AcDbPoint
 10
119875.2375019985
 20
3703.577425396295
 30
0.0
  0
ENDBLK
  5
2E7
330
2DC
100
AcDbEntity
  8
0
100
AcDbBlockEnd
  0
BLOCK
  5
2E9
330
2E8
100
AcDbEntity
  8
0
100
AcDbBlockBegin
  2
*D6
 70
     1
 10
0.0
 20
0.0
 30
0.0
  3
*D6
  1

  0
LINE
  5
2EA
330
2E8
100
AcDbEntity
  8
AKS OLCU (BEYKENT)
 62
     0
440
 16777216
370
    -2
100
AcDbLine
 10
119875.2375019985
 20
3706.577425396295
 30
0.0
 11
119875.2375019985
 21
3703.757425396295
 31
0.0
  0
LINE
  5
2EB
330
2E8
100
AcDbEntity
  8
AKS OLCU (BEYKENT)
 62
     0
440
 16777216
370
    -2
100
AcDbLine
 10
120065.2375019985
 20
3706.577425396295
 30
0.0
 11
120065.2375019985
 21
3703.757425396295
 31
0.0
  0
LINE
  5
2EC
330
2E8
100
AcDbEntity
  8
AKS OLCU (BEYKENT)
 62
     0
440
 16777216
370
    -2
100
AcDbLine
 10
119875.2375019985
 20
3703.577425396295
 30
0.0
 11
120065.2375019985
 21
3703.577425396295
 31
0.0
  0
LINE
  5
2ED
330
2E8
100
AcDbEntity
  8
AKS OLCU (BEYKENT)
 62
     0
440
 16777216
370
    -2
100
AcDbLine
 10
120062.2375019985
 20
3700.577425396295
 30
0.0
 11
120068.2375019985
 21
3706.577425396295
 31
0.0
  0
LINE
  5
2EE
330
2E8
100
AcDbEntity
  8
AKS OLCU (BEYKENT)
 62
     0
440
 16777216
370
    -2
100
AcDbLine
 10
119872.2375019985
 20
3700.577425396295
 30
0.0
 11
119878.2375019985
 21
3706.577425396295
 31
0.0
  0
MTEXT
  5
2EF
330
2E8
100
AcDbEntity
  8
AKS OLCU (BEYKENT)
 62
     7
440
 16777216
100
AcDbMText
 10
119970.2375019985
 20
3711.701221819954
 30
0.0
 40
12.0
 41
0.0
 46
0.0
 71
     5
 72
     1
  1
\A1;190
  7
YAZI (BEYKENT)
 73
     1
 44
1.0
  0
POINT
  5
2F0
330
2E8
100
AcDbEntity
  8
Defpoints
 62
     0
440
 16777216
100
AcDbPoint
 10
119875.2375019985
 20
3703.577425396295
 30
0.0
  0
POINT
  5
2F1
330
2E8
100
AcDbEntity
  8
Defpoints
 62
     0
440
 16777216
100
AcDbPoint
 10
120065.2375019985
 20
3703.577425396295
 30
0.0
  0
POINT
  5
2F2
330
2E8
100
AcDbEntity
  8
Defpoints
 62
     0
440
 16777216
100
AcDbPoint
 10
120065.2375019985
 20
3703.577425396295
 30
0.0
  0
ENDBLK
  5
2F3
330
2E8
100
AcDbEntity
  8
0
100
AcDbBlockEnd
  0
BLOCK
  5
2F5
330
2F4
100
AcDbEntity
  8
0
100
AcDbBlockBegin
  2
*D7
 70
     1
 10
0.0
 20
0.0
 30
0.0
  3
*D7
  1

  0
LINE
  5
2F6
330
2F4
100
AcDbEntity
  8
AKS OLCU (BEYKENT)
 62
     0
440
 16777216
370
    -2
100
AcDbLine
 10
120065.2375019985
 20
3706.577425396295
 30
0.0
 11
120065.2375019985
 21
3703.757425396295
 31
0.0
  0
LINE
  5
2F7
330
2F4
100
AcDbEntity
  8
AKS OLCU (BEYKENT)
 62
     0
440
 16777216
370
    -2
100
AcDbLine
 10
120245.2375019985
 20
3706.577425396295
 30
0.0
 11
120245.2375019985
 21
3703.757425396295
 31
0.0
  0
LINE
  5
2F8
330
2F4
100
AcDbEntity
  8
AKS OLCU (BEYKENT)
 62
     0
440
 16777216
370
    -2
100
AcDbLine
 10
120065.2375019985
 20
3703.577425396295
 30
0.0
 11
120245.2375019985
 21
3703.577425396295
 31
0.0
  0
LINE
  5
2F9
330
2F4
100
AcDbEntity
  8
AKS OLCU (BEYKENT)
 62
     0
440
 16777216
370
    -2
100
AcDbLine
 10
120242.2375019985
 20
3700.577425396295
 30
0.0
 11
120248.2375019985
 21
3706.577425396295
 31
0.0
  0
LINE
  5
2FA
330
2F4
100
AcDbEntity
  8
AKS OLCU (BEYKENT)
 62
     0
440
 16777216
370
    -2
100
AcDbLine
 10
120062.2375019985
 20
3700.577425396295
 30
0.0
 11
120068.2375019985
 21
3706.577425396295
 31
0.0
  0
MTEXT
  5
2FB
330
2F4
100
AcDbEntity
  8
AKS OLCU (BEYKENT)
 62
     7
440
 16777216
100
AcDbMText
 10
120155.2375019985
 20
3711.701221819954
 30
0.0
 40
12.0
 41
0.0
 46
0.0
 71
     5
 72
     1
  1
\A1;180
  7
YAZI (BEYKENT)
 73
     1
 44
1.0
  0
POINT
  5
2FC
330
2F4
100
AcDbEntity
  8
Defpoints
 62
     0
440
 16777216
100
AcDbPoint
 10
120065.2375019985
 20
3703.577425396295
 30
0.0
  0
POINT
  5
2FD
330
2F4
100
AcDbEntity
  8
Defpoints
 62
     0
440
 16777216
100
AcDbPoint
 10
120245.2375019985
 20
3703.577425396295
 30
0.0
  0
POINT
  5
2FE
330
2F4
100
AcDbEntity
  8
Defpoints
 62
     0
440
 16777216
100
AcDbPoint
 10
120245.2375019985
 20
3703.577425396295
 30
0.0
  0
ENDBLK
  5
2FF
330
2F4
100
AcDbEntity
  8
0
100
AcDbBlockEnd
  0
BLOCK
  5
301
330
300
100
AcDbEntity
  8
0
100
AcDbBlockBegin
  2
*D8
 70
     1
 10
0.0
 20
0.0
 30
0.0
  3
*D8
  1

  0
LINE
  5
302
330
300
100
AcDbEntity
  8
AKS OLCU (BEYKENT)
 62
     0
440
 16777216
370
    -2
100
AcDbLine
 10
120245.2375019985
 20
3706.577425396295
 30
0.0
 11
120245.2375019985
 21
3703.757425396295
 31
0.0
  0
LINE
  5
303
330
300
100
AcDbEntity
  8
AKS OLCU (BEYKENT)
 62
     0
440
 16777216
370
    -2
100
AcDbLine
 10
120435.2375019985
 20
3706.577425396295
 30
0.0
 11
120435.2375019985
 21
3703.757425396295
 31
0.0
  0
LINE
  5
304
330
300
100
AcDbEntity
  8
AKS OLCU (BEYKENT)
 62
     0
440
 16777216
370
    -2
100
AcDbLine
 10
120245.2375019985
 20
3703.577425396295
 30
0.0
 11
120435.2375019985
 21
3703.577425396295
 31
0.0
  0
LINE
  5
305
330
300
100
AcDbEntity
  8
AKS OLCU (BEYKENT)
 62
     0
440
 16777216
370
    -2
100
AcDbLine
 10
120432.2375019985
 20
3700.577425396295
 30
0.0
 11
120438.2375019985
 21
3706.577425396295
 31
0.0
  0
LINE
  5
306
330
300
100
AcDbEntity
  8
AKS OLCU (BEYKENT)
 62
     0
440
 16777216
370
    -2
100
AcDbLine
 10
120242.2375019985
 20
3700.577425396295
 30
0.0
 11
120248.2375019985
 21
3706.577425396295
 31
0.0
  0
MTEXT
  5
307
330
300
100
AcDbEntity
  8
AKS OLCU (BEYKENT)
 62
     7
440
 16777216
100
AcDbMText
 10
120340.2375019985
 20
3711.701221819954
 30
0.0
 40
12.0
 41
0.0
 46
0.0
 71
     5
 72
     1
  1
\A1;190
  7
YAZI (BEYKENT)
 73
     1
 44
1.0
  0
POINT
  5
308
330
300
100
AcDbEntity
  8
Defpoints
 62
     0
440
 16777216
100
AcDbPoint
 10
120245.2375019985
 20
3703.577425396295
 30
0.0
  0
POINT
  5
309
330
300
100
AcDbEntity
  8
Defpoints
 62
     0
440
 16777216
100
AcDbPoint
 10
120435.2375019985
 20
3703.577425396295
 30
0.0
  0
POINT
  5
30A
330
300
100
AcDbEntity
  8
Defpoints
 62
     0
440
 16777216
100
AcDbPoint
 10
120435.2375019985
 20
3703.577425396295
 30
0.0
  0
ENDBLK
  5
30B
330
300
100
AcDbEntity
  8
0
100
AcDbBlockEnd
  0
BLOCK
  5
30D
330
30C
100
AcDbEntity
  8
0
100
AcDbBlockBegin
  2
*D9
 70
     1
 10
0.0
 20
0.0
 30
0.0
  3
*D9
  1

  0
LINE
  5
30E
330
30C
100
AcDbEntity
  8
AKS OLCU (BEYKENT)
 62
     0
440
 16777216
370
    -2
100
AcDbLine
 10
120435.2375019985
 20
3706.577425396295
 30
0.0
 11
120435.2375019985
 21
3703.757425396295
 31
0.0
  0
LINE
  5
30F
330
30C
100
AcDbEntity
  8
AKS OLCU (BEYKENT)
 62
     0
440
 16777216
370
    -2
100
AcDbLine
 10
120805.2375019985
 20
3706.577425396295
 30
0.0
 11
120805.2375019985
 21
3703.757425396295
 31
0.0
  0
LINE
  5
310
330
30C
100
AcDbEntity
  8
AKS OLCU (BEYKENT)
 62
     0
440
 16777216
370
    -2
100
AcDbLine
 10
120435.2375019985
 20
3703.577425396295
 30
0.0
 11
120805.2375019985
 21
3703.577425396295
 31
0.0
  0
LINE
  5
311
330
30C
100
AcDbEntity
  8
AKS OLCU (BEYKENT)
 62
     0
440
 16777216
370
    -2
100
AcDbLine
 10
120802.2375019985
 20
3700.577425396295
 30
0.0
 11
120808.2375019985
 21
3706.577425396295
 31
0.0
  0
LINE
  5
312
330
30C
100
AcDbEntity
  8
AKS OLCU (BEYKENT)
 62
     0
440
 16777216
370
    -2
100
AcDbLine
 10
120432.2375019985
 20
3700.577425396295
 30
0.0
 11
120438.2375019985
 21
3706.577425396295
 31
0.0
  0
MTEXT
  5
313
330
30C
100
AcDbEntity
  8
AKS OLCU (BEYKENT)
 62
     7
440
 16777216
100
AcDbMText
 10
120620.2375019985
 20
3711.701221819954
 30
0.0
 40
12.0
 41
0.0
 46
0.0
 71
     5
 72
     1
  1
\A1;370
  7
YAZI (BEYKENT)
 73
     1
 44
1.0
  0
POINT
  5
314
330
30C
100
AcDbEntity
  8
Defpoints
 62
     0
440
 16777216
100
AcDbPoint
 10
120435.2375019985
 20
3703.577425396295
 30
0.0
  0
POINT
  5
315
330
30C
100
AcDbEntity
  8
Defpoints
 62
     0
440
 16777216
100
AcDbPoint
 10
120805.2375019985
 20
3703.577425396295
 30
0.0
  0
POINT
  5
316
330
30C
100
AcDbEntity
  8
Defpoints
 62
     0
440
 16777216
100
AcDbPoint
 10
120805.2375019985
 20
3703.577425396295
 30
0.0
  0
ENDBLK
  5
317
330
30C
100
AcDbEntity
  8
0
100
AcDbBlockEnd
  0
BLOCK
  5
319
330
318
100
AcDbEntity
  8
0
100
AcDbBlockBegin
  2
*D10
 70
     1
 10
0.0
 20
0.0
 30
0.0
  3
*D10
  1

  0
LINE
  5
31A
330
318
100
AcDbEntity
  8
AKS OLCU (BEYKENT)
 62
     0
440
 16777216
370
    -2
100
AcDbLine
 10
120805.2375019985
 20
3706.577425396295
 30
0.0
 11
120805.2375019985
 21
3703.757425396295
 31
0.0
  0
LINE
  5
31B
330
318
100
AcDbEntity
  8
AKS OLCU (BEYKENT)
 62
     0
440
 16777216
370
    -2
100
AcDbLine
 10
121145.2375019985
 20
3706.577425396295
 30
0.0
 11
121145.2375019985
 21
3703.757425396295
 31
0.0
  0
LINE
  5
31C
330
318
100
AcDbEntity
  8
AKS OLCU (BEYKENT)
 62
     0
440
 16777216
370
    -2
100
AcDbLine
 10
120805.2375019985
 20
3703.577425396295
 30
0.0
 11
121145.2375019985
 21
3703.577425396295
 31
0.0
  0
LINE
  5
31D
330
318
100
AcDbEntity
  8
AKS OLCU (BEYKENT)
 62
     0
440
 16777216
370
    -2
100
AcDbLine
 10
121142.2375019985
 20
3700.577425396295
 30
0.0
 11
121148.2375019985
 21
3706.577425396295
 31
0.0
  0
LINE
  5
31E
330
318
100
AcDbEntity
  8
AKS OLCU (BEYKENT)
 62
     0
440
 16777216
370
    -2
100
AcDbLine
 10
120802.2375019985
 20
3700.577425396295
 30
0.0
 11
120808.2375019985
 21
3706.577425396295
 31
0.0
  0
MTEXT
  5
31F
330
318
100
AcDbEntity
  8
AKS OLCU (BEYKENT)
 62
     7
440
 16777216
100
AcDbMText
 10
120975.2375019985
 20
3711.701221819954
 30
0.0
 40
12.0
 41
0.0
 46
0.0
 71
     5
 72
     1
  1
\A1;340
  7
YAZI (BEYKENT)
 73
     1
 44
1.0
  0
POINT
  5
320
330
318
100
AcDbEntity
  8
Defpoints
 62
     0
440
 16777216
100
AcDbPoint
 10
120805.2375019985
 20
3703.577425396295
 30
0.0
  0
POINT
  5
321
330
318
100
AcDbEntity
  8
Defpoints
 62
     0
440
 16777216
100
AcDbPoint
 10
121145.2375019985
 20
3703.577425396295
 30
0.0
  0
POINT
  5
322
330
318
100
AcDbEntity
  8
Defpoints
 62
     0
440
 16777216
100
AcDbPoint
 10
121145.2375019985
 20
3703.577425396295
 30
0.0
  0
ENDBLK
  5
323
330
318
100
AcDbEntity
  8
0
100
AcDbBlockEnd
  0
BLOCK
  5
325
330
324
100
AcDbEntity
  8
0
100
AcDbBlockBegin
  2
*D11
 70
     1
 10
0.0
 20
0.0
 30
0.0
  3
*D11
  1

  0
LINE
  5
326
330
324
100
AcDbEntity
  8
AKS OLCU (BEYKENT)
 62
     0
440
 16777216
370
    -2
100
AcDbLine
 10
121145.2375019985
 20
3706.577425396295
 30
0.0
 11
121145.2375019985
 21
3703.757425396295
 31
0.0
  0
LINE
  5
327
330
324
100
AcDbEntity
  8
AKS OLCU (BEYKENT)
 62
     0
440
 16777216
370
    -2
100
AcDbLine
 10
121295.2375019985
 20
3706.577425396295
 30
0.0
 11
121295.2375019985
 21
3703.757425396295
 31
0.0
  0
LINE
  5
328
330
324
100
AcDbEntity
  8
AKS OLCU (BEYKENT)
 62
     0
440
 16777216
370
    -2
100
AcDbLine
 10
121145.2375019985
 20
3703.577425396295
 30
0.0
 11
121295.2375019985
 21
3703.577425396295
 31
0.0
  0
LINE
  5
329
330
324
100
AcDbEntity
  8
AKS OLCU (BEYKENT)
 62
     0
440
 16777216
370
    -2
100
AcDbLine
 10
121292.2375019985
 20
3700.577425396295
 30
0.0
 11
121298.2375019985
 21
3706.577425396295
 31
0.0
  0
LINE
  5
32A
330
324
100
AcDbEntity
  8
AKS OLCU (BEYKENT)
 62
     0
440
 16777216
370
    -2
100
AcDbLine
 10
121142.2375019985
 20
3700.577425396295
 30
0.0
 11
121148.2375019985
 21
3706.577425396295
 31
0.0
  0
MTEXT
  5
32B
330
324
100
AcDbEntity
  8
AKS OLCU (BEYKENT)
 62
     7
440
 16777216
100
AcDbMText
 10
121220.2375019985
 20
3711.701221819954
 30
0.0
 40
12.0
 41
0.0
 46
0.0
 71
     5
 72
     1
  1
\A1;150
  7
YAZI (BEYKENT)
 73
     1
 44
1.0
  0
POINT
  5
32C
330
324
100
AcDbEntity
  8
Defpoints
 62
     0
440
 16777216
100
AcDbPoint
 10
121145.2375019985
 20
3703.577425396295
 30
0.0
  0
POINT
  5
32D
330
324
100
AcDbEntity
  8
Defpoints
 62
     0
440
 16777216
100
AcDbPoint
 10
121295.2375019985
 20
3703.577425396295
 30
0.0
  0
POINT
  5
32E
330
324
100
AcDbEntity
  8
Defpoints
 62
     0
440
 16777216
100
AcDbPoint
 10
121295.2375019985
 20
3703.577425396295
 30
0.0
  0
ENDBLK
  5
32F
330
324
100
AcDbEntity
  8
0
100
AcDbBlockEnd
  0
BLOCK
  5
331
330
330
100
AcDbEntity
  8
0
100
AcDbBlockBegin
  2
*D12
 70
     1
 10
0.0
 20
0.0
 30
0.0
  3
*D12
  1

  0
LINE
  5
332
330
330
100
AcDbEntity
  8
AKS OLCU (BEYKENT)
 62
     0
440
 16777216
370
    -2
100
AcDbLine
 10
121295.2375019985
 20
3706.577425396295
 30
0.0
 11
121295.2375019985
 21
3703.757425396295
 31
0.0
  0
LINE
  5
333
330
330
100
AcDbEntity
  8
AKS OLCU (BEYKENT)
 62
     0
440
 16777216
370
    -2
100
AcDbLine
 10
121770.2375019985
 20
3706.577425396295
 30
0.0
 11
121770.2375019985
 21
3703.757425396295
 31
0.0
  0
LINE
  5
334
330
330
100
AcDbEntity
  8
AKS OLCU (BEYKENT)
 62
     0
440
 16777216
370
    -2
100
AcDbLine
 10
121295.2375019985
 20
3703.577425396295
 30
0.0
 11
121770.2375019985
 21
3703.577425396295
 31
0.0
  0
LINE
  5
335
330
330
100
AcDbEntity
  8
AKS OLCU (BEYKENT)
 62
     0
440
 16777216
370
    -2
100
AcDbLine
 10
121767.2375019985
 20
3700.577425396295
 30
0.0
 11
121773.2375019985
 21
3706.577425396295
 31
0.0
  0
LINE
  5
336
330
330
100
AcDbEntity
  8
AKS OLCU (BEYKENT)
 62
     0
440
 16777216
370
    -2
100
AcDbLine
 10
121292.2375019985
 20
3700.577425396295
 30
0.0
 11
121298.2375019985
 21
3706.577425396295
 31
0.0
  0
MTEXT
  5
337
330
330
100
AcDbEntity
  8
AKS OLCU (BEYKENT)
 62
     7
440
 16777216
100
AcDbMText
 10
121532.7375019985
 20
3711.639323608125
 30
0.0
 40
12.0
 41
0.0
 46
0.0
 71
     5
 72
     1
  1
\A1;475
  7
YAZI (BEYKENT)
 73
     1
 44
1.0
  0
POINT
  5
338
330
330
100
AcDbEntity
  8
Defpoints
 62
     0
440
 16777216
100
AcDbPoint
 10
121295.2375019985
 20
3703.577425396295
 30
0.0
  0
POINT
  5
339
330
330
100
AcDbEntity
  8
Defpoints
 62
     0
440
 16777216
100
AcDbPoint
 10
121770.2375019985
 20
3703.577425396295
 30
0.0
  0
POINT
  5
33A
330
330
100
AcDbEntity
  8
Defpoints
 62
     0
440
 16777216
100
AcDbPoint
 10
121770.2375019985
 20
3703.577425396295
 30
0.0
  0
ENDBLK
  5
33B
330
330
100
AcDbEntity
  8
0
100
AcDbBlockEnd
  0
BLOCK
  5
33D
330
33C
100
AcDbEntity
  8
0
100
AcDbBlockBegin
  2
*D13
 70
     1
 10
0.0
 20
0.0
 30
0.0
  3
*D13
  1

  0
LINE
  5
33E
330
33C
100
AcDbEntity
  8
AKS OLCU (BEYKENT)
 62
     0
440
 16777216
370
    -2
100
AcDbLine
 10
121770.2375019985
 20
3706.577425396295
 30
0.0
 11
121770.2375019985
 21
3703.757425396295
 31
0.0
  0
LINE
  5
33F
330
33C
100
AcDbEntity
  8
AKS OLCU (BEYKENT)
 62
     0
440
 16777216
370
    -2
100
AcDbLine
 10
122115.2375019985
 20
3706.577425396295
 30
0.0
 11
122115.2375019985
 21
3703.757425396295
 31
0.0
  0
LINE
  5
340
330
33C
100
AcDbEntity
  8
AKS OLCU (BEYKENT)
 62
     0
440
 16777216
370
    -2
100
AcDbLine
 10
121770.2375019985
 20
3703.577425396295
 30
0.0
 11
122115.2375019985
 21
3703.577425396295
 31
0.0
  0
LINE
  5
341
330
33C
100
AcDbEntity
  8
AKS OLCU (BEYKENT)
 62
     0
440
 16777216
370
    -2
100
AcDbLine
 10
122112.2375019985
 20
3700.577425396295
 30
0.0
 11
122118.2375019985
 21
3706.577425396295
 31
0.0
  0
LINE
  5
342
330
33C
100
AcDbEntity
  8
AKS OLCU (BEYKENT)
 62
     0
440
 16777216
370
    -2
100
AcDbLine
 10
121767.2375019985
 20
3700.577425396295
 30
0.0
 11
121773.2375019985
 21
3706.577425396295
 31
0.0
  0
MTEXT
  5
343
330
33C
100
AcDbEntity
  8
AKS OLCU (BEYKENT)
 62
     7
440
 16777216
100
AcDbMText
 10
121942.7375019985
 20
3711.701221819954
 30
0.0
 40
12.0
 41
0.0
 46
0.0
 71
     5
 72
     1
  1
\A1;345
  7
YAZI (BEYKENT)
 73
     1
 44
1.0
  0
POINT
  5
344
330
33C
100
AcDbEntity
  8
Defpoints
 62
     0
440
 16777216
100
AcDbPoint
 10
121770.2375019985
 20
3703.577425396295
 30
0.0
  0
POINT
  5
345
330
33C
100
AcDbEntity
  8
Defpoints
 62
     0
440
 16777216
100
AcDbPoint
 10
122115.2375019985
 20
3703.577425396295
 30
0.0
  0
POINT
  5
346
330
33C
100
AcDbEntity
  8
Defpoints
 62
     0
440
 16777216
100
AcDbPoint
 10
122115.2375019985
 20
3703.577425396295
 30
0.0
  0
ENDBLK
  5
347
330
33C
100
AcDbEntity
  8
0
100
AcDbBlockEnd
  0
BLOCK
  5
349
330
348
100
AcDbEntity
  8
0
100
AcDbBlockBegin
  2
*D14
 70
     1
 10
0.0
 20
0.0
 30
0.0
  3
*D14
  1

  0
LINE
  5
34A
330
348
100
AcDbEntity
  8
AKS OLCU (BEYKENT)
 62
     0
440
 16777216
370
    -2
100
AcDbLine
 10
122115.2375019985
 20
3706.577425396295
 30
0.0
 11
122115.2375019985
 21
3703.757425396295
 31
0.0
  0
LINE
  5
34B
330
348
100
AcDbEntity
  8
AKS OLCU (BEYKENT)
 62
     0
440
 16777216
370
    -2
100
AcDbLine
 10
122425.2375019985
 20
3706.577425396295
 30
0.0
 11
122425.2375019985
 21
3703.757425396295
 31
0.0
  0
LINE
  5
34C
330
348
100
AcDbEntity
  8
AKS OLCU (BEYKENT)
 62
     0
440
 16777216
370
    -2
100
AcDbLine
 10
122115.2375019985
 20
3703.577425396295
 30
0.0
 11
122425.2375019985
 21
3703.577425396295
 31
0.0
  0
LINE
  5
34D
330
348
100
AcDbEntity
  8
AKS OLCU (BEYKENT)
 62
     0
440
 16777216
370
    -2
100
AcDbLine
 10
122422.2375019985
 20
3700.577425396295
 30
0.0
 11
122428.2375019985
 21
3706.577425396295
 31
0.0
  0
LINE
  5
34E
330
348
100
AcDbEntity
  8
AKS OLCU (BEYKENT)
 62
     0
440
 16777216
370
    -2
100
AcDbLine
 10
122112.2375019985
 20
3700.577425396295
 30
0.0
 11
122118.2375019985
 21
3706.577425396295
 31
0.0
  0
MTEXT
  5
34F
330
348
100
AcDbEntity
  8
AKS OLCU (BEYKENT)
 62
     7
440
 16777216
100
AcDbMText
 10
122270.2375019985
 20
3711.701221819954
 30
0.0
 40
12.0
 41
0.0
 46
0.0
 71
     5
 72
     1
  1
\A1;310
  7
YAZI (BEYKENT)
 73
     1
 44
1.0
  0
POINT
  5
350
330
348
100
AcDbEntity
  8
Defpoints
 62
     0
440
 16777216
100
AcDbPoint
 10
122115.2375019985
 20
3703.577425396295
 30
0.0
  0
POINT
  5
351
330
348
100
AcDbEntity
  8
Defpoints
 62
     0
440
 16777216
100
AcDbPoint
 10
122425.2375019985
 20
3703.577425396295
 30
0.0
  0
POINT
  5
352
330
348
100
AcDbEntity
  8
Defpoints
 62
     0
440
 16777216
100
AcDbPoint
 10
122425.2375019985
 20
3703.577425396295
 30
0.0
  0
ENDBLK
  5
353
330
348
100
AcDbEntity
  8
0
100
AcDbBlockEnd
  0
BLOCK
  5
355
330
354
100
AcDbEntity
  8
0
100
AcDbBlockBegin
  2
*D15
 70
     1
 10
0.0
 20
0.0
 30
0.0
  3
*D15
  1

  0
LINE
  5
356
330
354
100
AcDbEntity
  8
AKS OLCU (BEYKENT)
 62
     0
440
 16777216
370
    -2
100
AcDbLine
 10
122425.2375019985
 20
3706.577425396295
 30
0.0
 11
122425.2375019985
 21
3703.757425396295
 31
0.0
  0
LINE
  5
357
330
354
100
AcDbEntity
  8
AKS OLCU (BEYKENT)
 62
     0
440
 16777216
370
    -2
100
AcDbLine
 10
122905.2375019985
 20
3706.577425396295
 30
0.0
 11
122905.2375019985
 21
3703.757425396295
 31
0.0
  0
LINE
  5
358
330
354
100
AcDbEntity
  8
AKS OLCU (BEYKENT)
 62
     0
440
 16777216
370
    -2
100
AcDbLine
 10
122425.2375019985
 20
3703.577425396295
 30
0.0
 11
122905.2375019985
 21
3703.577425396295
 31
0.0
  0
LINE
  5
359
330
354
100
AcDbEntity
  8
AKS OLCU (BEYKENT)
 62
     0
440
 16777216
370
    -2
100
AcDbLine
 10
122902.2375019985
 20
3700.577425396295
 30
0.0
 11
122908.2375019985
 21
3706.577425396295
 31
0.0
  0
LINE
  5
35A
330
354
100
AcDbEntity
  8
AKS OLCU (BEYKENT)
 62
     0
440
 16777216
370
    -2
100
AcDbLine
 10
122422.2375019985
 20
3700.577425396295
 30
0.0
 11
122428.2375019985
 21
3706.577425396295
 31
0.0
  0
MTEXT
  5
35B
330
354
100
AcDbEntity
  8
AKS OLCU (BEYKENT)
 62
     7
440
 16777216
100
AcDbMText
 10
122665.2375019985
 20
3711.701221819954
 30
0.0
 40
12.0
 41
0.0
 46
0.0
 71
     5
 72
     1
  1
\A1;480
  7
YAZI (BEYKENT)
 73
     1
 44
1.0
  0
POINT
  5
35C
330
354
100
AcDbEntity
  8
Defpoints
 62
     0
440
 16777216
100
AcDbPoint
 10
122425.2375019985
 20
3703.577425396295
 30
0.0
  0
POINT
  5
35D
330
354
100
AcDbEntity
  8
Defpoints
 62
     0
440
 16777216
100
AcDbPoint
 10
122905.2375019985
 20
3703.577425396295
 30
0.0
  0
POINT
  5
35E
330
354
100
AcDbEntity
  8
Defpoints
 62
     0
440
 16777216
100
AcDbPoint
 10
122905.2375019985
 20
3703.577425396295
 30
0.0
  0
ENDBLK
  5
35F
330
354
100
AcDbEntity
  8
0
100
AcDbBlockEnd
  0
BLOCK
  5
361
330
360
100
AcDbEntity
  8
0
100
AcDbBlockBegin
  2
*D16
 70
     1
 10
0.0
 20
0.0
 30
0.0
  3
*D16
  1

  0
LINE
  5
362
330
360
100
AcDbEntity
  8
AKS OLCU (BEYKENT)
 62
     0
440
 16777216
370
    -2
100
AcDbLine
 10
117695.2421511605
 20
796.5774253962945
 30
0.0
 11
117695.2421511605
 21
793.7574253962944
 31
0.0
  0
LINE
  5
363
330
360
100
AcDbEntity
  8
AKS OLCU (BEYKENT)
 62
     0
440
 16777216
370
    -2
100
AcDbLine
 10
122905.2375019985
 20
796.5774253962945
 30
0.0
 11
122905.2375019985
 21
793.7574253962944
 31
0.0
  0
LINE
  5
364
330
360
100
AcDbEntity
  8
AKS OLCU (BEYKENT)
 62
     0
440
 16777216
370
    -2
100
AcDbLine
 10
117695.2421511605
 20
793.5774253962945
 30
0.0
 11
122905.2375019985
 21
793.5774253962945
 31
0.0
  0
LINE
  5
365
330
360
100
AcDbEntity
  8
AKS OLCU (BEYKENT)
 62
     0
440
 16777216
370
    -2
100
AcDbLine
 10
122902.2375019985
 20
790.5774253962945
 30
0.0
 11
122908.2375019985
 21
796.5774253962945
 31
0.0
  0
LINE
  5
366
330
360
100
AcDbEntity
  8
AKS OLCU (BEYKENT)
 62
     0
440
 16777216
370
    -2
100
AcDbLine
 10
117692.2421511605
 20
790.5774253962945
 30
0.0
 11
117698.2421511605
 21
796.5774253962945
 31
0.0
  0
MTEXT
  5
367
330
360
100
AcDbEntity
  8
AKS OLCU (BEYKENT)
 62
     7
440
 16777216
100
AcDbMText
 10
120300.2398265795
 20
801.7012218199534
 30
0.0
 40
12.0
 41
0.0
 46
0.0
 71
     5
 72
     1
  1
\A1;5210
  7
YAZI (BEYKENT)
 73
     1
 44
1.0
  0
POINT
  5
368
330
360
100
AcDbEntity
  8
Defpoints
 62
     0
440
 16777216
100
AcDbPoint
 10
117695.2421511605
 20
793.5774253962945
 30
0.0
  0
POINT
  5
369
330
360
100
AcDbEntity
  8
Defpoints
 62
     0
440
 16777216
100
AcDbPoint
 10
122905.2375019985
 20
793.5774253962945
 30
0.0
  0
POINT
  5
36A
330
360
100
AcDbEntity
  8
Defpoints
 62
     0
440
 16777216
100
AcDbPoint
 10
122905.2375019985
 20
793.5774253962945
 30
0.0
  0
ENDBLK
  5
36B
330
360
100
AcDbEntity
  8
0
100
AcDbBlockEnd
  0
BLOCK
  5
36D
330
36C
100
AcDbEntity
  8
0
100
AcDbBlockBegin
  2
*D17
 70
     1
 10
0.0
 20
0.0
 30
0.0
  3
*D17
  1

  0
LINE
  5
36E
330
36C
100
AcDbEntity
  8
AKS OLCU (BEYKENT)
 62
     0
440
 16777216
370
    -2
100
AcDbLine
 10
117695.2421511605
 20
816.5774253962945
 30
0.0
 11
117695.2421511605
 21
813.7574253962945
 31
0.0
  0
LINE
  5
36F
330
36C
100
AcDbEntity
  8
AKS OLCU (BEYKENT)
 62
     0
440
 16777216
370
    -2
100
AcDbLine
 10
118565.2375019985
 20
816.5774253962945
 30
0.0
 11
118565.2375019985
 21
813.7574253962945
 31
0.0
  0
LINE
  5
370
330
36C
100
AcDbEntity
  8
AKS OLCU (BEYKENT)
 62
     0
440
 16777216
370
    -2
100
AcDbLine
 10
117695.2421511605
 20
813.5774253962946
 30
0.0
 11
118565.2375019985
 21
813.5774253962946
 31
0.0
  0
LINE
  5
371
330
36C
100
AcDbEntity
  8
AKS OLCU (BEYKENT)
 62
     0
440
 16777216
370
    -2
100
AcDbLine
 10
118562.2375019985
 20
810.5774253962945
 30
0.0
 11
118568.2375019985
 21
816.5774253962945
 31
0.0
  0
LINE
  5
372
330
36C
100
AcDbEntity
  8
AKS OLCU (BEYKENT)
 62
     0
440
 16777216
370
    -2
100
AcDbLine
 10
117692.2421511605
 20
810.5774253962945
 30
0.0
 11
117698.2421511605
 21
816.5774253962945
 31
0.0
  0
MTEXT
  5
373
330
36C
100
AcDbEntity
  8
AKS OLCU (BEYKENT)
 62
     7
440
 16777216
100
AcDbMText
 10
118130.2398265795
 20
821.7012218199533
 30
0.0
 40
12.0
 41
0.0
 46
0.0
 71
     5
 72
     1
  1
\A1;870
  7
YAZI (BEYKENT)
 73
     1
 44
1.0
  0
POINT
  5
374
330
36C
100
AcDbEntity
  8
Defpoints
 62
     0
440
 16777216
100
AcDbPoint
 10
117695.2421511605
 20
813.5774253962946
 30
0.0
  0
POINT
  5
375
330
36C
100
AcDbEntity
  8
Defpoints
 62
     0
440
 16777216
100
AcDbPoint
 10
118565.2375019985
 20
813.5774253962946
 30
0.0
  0
POINT
  5
376
330
36C
100
AcDbEntity
  8
Defpoints
 62
     0
440
 16777216
100
AcDbPoint
 10
118565.2375019985
 20
813.5774253962946
 30
0.0
  0
ENDBLK
  5
377
330
36C
100
AcDbEntity
  8
0
100
AcDbBlockEnd
  0
BLOCK
  5
379
330
378
100
AcDbEntity
  8
0
100
AcDbBlockBegin
  2
*D18
 70
     1
 10
0.0
 20
0.0
 30
0.0
  3
*D18
  1

  0
LINE
  5
37A
330
378
100
AcDbEntity
  8
AKS OLCU (BEYKENT)
 62
     0
440
 16777216
370
    -2
100
AcDbLine
 10
118565.2375019985
 20
816.5774253962945
 30
0.0
 11
118565.2375019985
 21
813.7574253962945
 31
0.0
  0
LINE
  5
37B
330
378
100
AcDbEntity
  8
AKS OLCU (BEYKENT)
 62
     0
440
 16777216
370
    -2
100
AcDbLine
 10
118935.2375019985
 20
816.5774253962945
 30
0.0
 11
118935.2375019985
 21
813.7574253962945
 31
0.0
  0
LINE
  5
37C
330
378
100
AcDbEntity
  8
AKS OLCU (BEYKENT)
 62
     0
440
 16777216
370
    -2
100
AcDbLine
 10
118565.2375019985
 20
813.5774253962946
 30
0.0
 11
118935.2375019985
 21
813.5774253962946
 31
0.0
  0
LINE
  5
37D
330
378
100
AcDbEntity
  8
AKS OLCU (BEYKENT)
 62
     0
440
 16777216
370
    -2
100
AcDbLine
 10
118932.2375019985
 20
810.5774253962945
 30
0.0
 11
118938.2375019985
 21
816.5774253962945
 31
0.0
  0
LINE
  5
37E
330
378
100
AcDbEntity
  8
AKS OLCU (BEYKENT)
 62
     0
440
 16777216
370
    -2
100
AcDbLine
 10
118562.2375019985
 20
810.5774253962945
 30
0.0
 11
118568.2375019985
 21
816.5774253962945
 31
0.0
  0
MTEXT
  5
37F
330
378
100
AcDbEntity
  8
AKS OLCU (BEYKENT)
 62
     7
440
 16777216
100
AcDbMText
 10
118750.2375019985
 20
821.7012218199533
 30
0.0
 40
12.0
 41
0.0
 46
0.0
 71
     5
 72
     1
  1
\A1;370
  7
YAZI (BEYKENT)
 73
     1
 44
1.0
  0
POINT
  5
380
330
378
100
AcDbEntity
  8
Defpoints
 62
     0
440
 16777216
100
AcDbPoint
 10
118565.2375019985
 20
813.5774253962946
 30
0.0
  0
POINT
  5
381
330
378
100
AcDbEntity
  8
Defpoints
 62
     0
440
 16777216
100
AcDbPoint
 10
118935.2375019985
 20
813.5774253962946
 30
0.0
  0
POINT
  5
382
330
378
100
AcDbEntity
  8
Defpoints
 62
     0
440
 16777216
100
AcDbPoint
 10
118935.2375019985
 20
813.5774253962946
 30
0.0
  0
ENDBLK
  5
383
330
378
100
AcDbEntity
  8
0
100
AcDbBlockEnd
  0
BLOCK
  5
385
330
384
100
AcDbEntity
  8
0
100
AcDbBlockBegin
  2
*D19
 70
     1
 10
0.0
 20
0.0
 30
0.0
  3
*D19
  1

  0
LINE
  5
386
330
384
100
AcDbEntity
  8
AKS OLCU (BEYKENT)
 62
     0
440
 16777216
370
    -2
100
AcDbLine
 10
118935.2375019985
 20
816.5774253962945
 30
0.0
 11
118935.2375019985
 21
813.7574253962945
 31
0.0
  0
LINE
  5
387
330
384
100
AcDbEntity
  8
AKS OLCU (BEYKENT)
 62
     0
440
 16777216
370
    -2
100
AcDbLine
 10
119220.2375019985
 20
816.5774253962945
 30
0.0
 11
119220.2375019985
 21
813.7574253962945
 31
0.0
  0
LINE
  5
388
330
384
100
AcDbEntity
  8
AKS OLCU (BEYKENT)
 62
     0
440
 16777216
370
    -2
100
AcDbLine
 10
118935.2375019985
 20
813.5774253962946
 30
0.0
 11
119220.2375019985
 21
813.5774253962946
 31
0.0
  0
LINE
  5
389
330
384
100
AcDbEntity
  8
AKS OLCU (BEYKENT)
 62
     0
440
 16777216
370
    -2
100
AcDbLine
 10
119217.2375019985
 20
810.5774253962945
 30
0.0
 11
119223.2375019985
 21
816.5774253962945
 31
0.0
  0
LINE
  5
38A
330
384
100
AcDbEntity
  8
AKS OLCU (BEYKENT)
 62
     0
440
 16777216
370
    -2
100
AcDbLine
 10
118932.2375019985
 20
810.5774253962945
 30
0.0
 11
118938.2375019985
 21
816.5774253962945
 31
0.0
  0
MTEXT
  5
38B
330
384
100
AcDbEntity
  8
AKS OLCU (BEYKENT)
 62
     7
440
 16777216
100
AcDbMText
 10
119077.7375019985
 20
821.7012218199533
 30
0.0
 40
12.0
 41
0.0
 46
0.0
 71
     5
 72
     1
  1
\A1;285
  7
YAZI (BEYKENT)
 73
     1
 44
1.0
  0
POINT
  5
38C
330
384
100
AcDbEntity
  8
Defpoints
 62
     0
440
 16777216
100
AcDbPoint
 10
118935.2375019985
 20
813.5774253962946
 30
0.0
  0
POINT
  5
38D
330
384
100
AcDbEntity
  8
Defpoints
 62
     0
440
 16777216
100
AcDbPoint
 10
119220.2375019985
 20
813.5774253962946
 30
0.0
  0
POINT
  5
38E
330
384
100
AcDbEntity
  8
Defpoints
 62
     0
440
 16777216
100
AcDbPoint
 10
119220.2375019985
 20
813.5774253962946
 30
0.0
  0
ENDBLK
  5
38F
330
384
100
AcDbEntity
  8
0
100
AcDbBlockEnd
  0
BLOCK
  5
391
330
390
100
AcDbEntity
  8
0
100
AcDbBlockBegin
  2
*D20
 70
     1
 10
0.0
 20
0.0
 30
0.0
  3
*D20
  1

  0
LINE
  5
392
330
390
100
AcDbEntity
  8
AKS OLCU (BEYKENT)
 62
     0
440
 16777216
370
    -2
100
AcDbLine
 10
119220.2375019985
 20
816.5774253962945
 30
0.0
 11
119220.2375019985
 21
813.7574253962945
 31
0.0
  0
LINE
  5
393
330
390
100
AcDbEntity
  8
AKS OLCU (BEYKENT)
 62
     0
440
 16777216
370
    -2
100
AcDbLine
 10
119875.2375019985
 20
816.5774253962945
 30
0.0
 11
119875.2375019985
 21
813.7574253962945
 31
0.0
  0
LINE
  5
394
330
390
100
AcDbEntity
  8
AKS OLCU (BEYKENT)
 62
     0
440
 16777216
370
    -2
100
AcDbLine
 10
119220.2375019985
 20
813.5774253962946
 30
0.0
 11
119875.2375019985
 21
813.5774253962946
 31
0.0
  0
LINE
  5
395
330
390
100
AcDbEntity
  8
AKS OLCU (BEYKENT)
 62
     0
440
 16777216
370
    -2
100
AcDbLine
 10
119872.2375019985
 20
810.5774253962945
 30
0.0
 11
119878.2375019985
 21
816.5774253962945
 31
0.0
  0
LINE
  5
396
330
390
100
AcDbEntity
  8
AKS OLCU (BEYKENT)
 62
     0
440
 16777216
370
    -2
100
AcDbLine
 10
119217.2375019985
 20
810.5774253962945
 30
0.0
 11
119223.2375019985
 21
816.5774253962945
 31
0.0
  0
MTEXT
  5
397
330
390
100
AcDbEntity
  8
AKS OLCU (BEYKENT)
 62
     7
440
 16777216
100
AcDbMText
 10
119547.7375019985
 20
821.6393236081239
 30
0.0
 40
12.0
 41
0.0
 46
0.0
 71
     5
 72
     1
  1
\A1;655
  7
YAZI (BEYKENT)
 73
     1
 44
1.0
  0
POINT
  5
398
330
390
100
AcDbEntity
  8
Defpoints
 62
     0
440
 16777216
100
AcDbPoint
 10
119220.2375019985
 20
813.5774253962946
 30
0.0
  0
POINT
  5
399
330
390
100
AcDbEntity
  8
Defpoints
 62
     0
440
 16777216
100
AcDbPoint
 10
119875.2375019985
 20
813.5774253962946
 30
0.0
  0
POINT
  5
39A
330
390
100
AcDbEntity
  8
Defpoints
 62
     0
440
 16777216
100
AcDbPoint
 10
119875.2375019985
 20
813.5774253962946
 30
0.0
  0
ENDBLK
  5
39B
330
390
100
AcDbEntity
  8
0
100
AcDbBlockEnd
  0
BLOCK
  5
39D
330
39C
100
AcDbEntity
  8
0
100
AcDbBlockBegin
  2
*D21
 70
     1
 10
0.0
 20
0.0
 30
0.0
  3
*D21
  1

  0
LINE
  5
39E
330
39C
100
AcDbEntity
  8
AKS OLCU (BEYKENT)
 62
     0
440
 16777216
370
    -2
100
AcDbLine
 10
119875.2375019985
 20
816.5774253962945
 30
0.0
 11
119875.2375019985
 21
813.7574253962945
 31
0.0
  0
LINE
  5
39F
330
39C
100
AcDbEntity
  8
AKS OLCU (BEYKENT)
 62
     0
440
 16777216
370
    -2
100
AcDbLine
 10
120065.2375019985
 20
816.5774253962945
 30
0.0
 11
120065.2375019985
 21
813.7574253962945
 31
0.0
  0
LINE
  5
3A0
330
39C
100
AcDbEntity
  8
AKS OLCU (BEYKENT)
 62
     0
440
 16777216
370
    -2
100
AcDbLine
 10
119875.2375019985
 20
813.5774253962946
 30
0.0
 11
120065.2375019985
 21
813.5774253962946
 31
0.0
  0
LINE
  5
3A1
330
39C
100
AcDbEntity
  8
AKS OLCU (BEYKENT)
 62
     0
440
 16777216
370
    -2
100
AcDbLine
 10
120062.2375019985
 20
810.5774253962945
 30
0.0
 11
120068.2375019985
 21
816.5774253962945
 31
0.0
  0
LINE
  5
3A2
330
39C
100
AcDbEntity
  8
AKS OLCU (BEYKENT)
 62
     0
440
 16777216
370
    -2
100
AcDbLine
 10
119872.2375019985
 20
810.5774253962945
 30
0.0
 11
119878.2375019985
 21
816.5774253962945
 31
0.0
  0
MTEXT
  5
3A3
330
39C
100
AcDbEntity
  8
AKS OLCU (BEYKENT)
 62
     7
440
 16777216
100
AcDbMText
 10
119970.2375019985
 20
821.7012218199533
 30
0.0
 40
12.0
 41
0.0
 46
0.0
 71
     5
 72
     1
  1
\A1;190
  7
YAZI (BEYKENT)
 73
     1
 44
1.0
  0
POINT
  5
3A4
330
39C
100
AcDbEntity
  8
Defpoints
 62
     0
440
 16777216
100
AcDbPoint
 10
119875.2375019985
 20
813.5774253962946
 30
0.0
  0
POINT
  5
3A5
330
39C
100
AcDbEntity
  8
Defpoints
 62
     0
440
 16777216
100
AcDbPoint
 10
120065.2375019985
 20
813.5774253962946
 30
0.0
  0
POINT
  5
3A6
330
39C
100
AcDbEntity
  8
Defpoints
 62
     0
440
 16777216
100
AcDbPoint
 10
120065.2375019985
 20
813.5774253962946
 30
0.0
  0
ENDBLK
  5
3A7
330
39C
100
AcDbEntity
  8
0
100
AcDbBlockEnd
  0
BLOCK
  5
3A9
330
3A8
100
AcDbEntity
  8
0
100
AcDbBlockBegin
  2
*D22
 70
     1
 10
0.0
 20
0.0
 30
0.0
  3
*D22
  1

  0
LINE
  5
3AA
330
3A8
100
AcDbEntity
  8
AKS OLCU (BEYKENT)
 62
     0
440
 16777216
370
    -2
100
AcDbLine
 10
120065.2375019985
 20
816.5774253962945
 30
0.0
 11
120065.2375019985
 21
813.7574253962945
 31
0.0
  0
LINE
  5
3AB
330
3A8
100
AcDbEntity
  8
AKS OLCU (BEYKENT)
 62
     0
440
 16777216
370
    -2
100
AcDbLine
 10
120245.2375019985
 20
816.5774253962945
 30
0.0
 11
120245.2375019985
 21
813.7574253962945
 31
0.0
  0
LINE
  5
3AC
330
3A8
100
AcDbEntity
  8
AKS OLCU (BEYKENT)
 62
     0
440
 16777216
370
    -2
100
AcDbLine
 10
120065.2375019985
 20
813.5774253962946
 30
0.0
 11
120245.2375019985
 21
813.5774253962946
 31
0.0
  0
LINE
  5
3AD
330
3A8
100
AcDbEntity
  8
AKS OLCU (BEYKENT)
 62
     0
440
 16777216
370
    -2
100
AcDbLine
 10
120242.2375019985
 20
810.5774253962945
 30
0.0
 11
120248.2375019985
 21
816.5774253962945
 31
0.0
  0
LINE
  5
3AE
330
3A8
100
AcDbEntity
  8
AKS OLCU (BEYKENT)
 62
     0
440
 16777216
370
    -2
100
AcDbLine
 10
120062.2375019985
 20
810.5774253962945
 30
0.0
 11
120068.2375019985
 21
816.5774253962945
 31
0.0
  0
MTEXT
  5
3AF
330
3A8
100
AcDbEntity
  8
AKS OLCU (BEYKENT)
 62
     7
440
 16777216
100
AcDbMText
 10
120155.2375019985
 20
821.7012218199533
 30
0.0
 40
12.0
 41
0.0
 46
0.0
 71
     5
 72
     1
  1
\A1;180
  7
YAZI (BEYKENT)
 73
     1
 44
1.0
  0
POINT
  5
3B0
330
3A8
100
AcDbEntity
  8
Defpoints
 62
     0
440
 16777216
100
AcDbPoint
 10
120065.2375019985
 20
813.5774253962946
 30
0.0
  0
POINT
  5
3B1
330
3A8
100
AcDbEntity
  8
Defpoints
 62
     0
440
 16777216
100
AcDbPoint
 10
120245.2375019985
 20
813.5774253962946
 30
0.0
  0
POINT
  5
3B2
330
3A8
100
AcDbEntity
  8
Defpoints
 62
     0
440
 16777216
100
AcDbPoint
 10
120245.2375019985
 20
813.5774253962946
 30
0.0
  0
ENDBLK
  5
3B3
330
3A8
100
AcDbEntity
  8
0
100
AcDbBlockEnd
  0
BLOCK
  5
3B5
330
3B4
100
AcDbEntity
  8
0
100
AcDbBlockBegin
  2
*D23
 70
     1
 10
0.0
 20
0.0
 30
0.0
  3
*D23
  1

  0
LINE
  5
3B6
330
3B4
100
AcDbEntity
  8
AKS OLCU (BEYKENT)
 62
     0
440
 16777216
370
    -2
100
AcDbLine
 10
120245.2375019985
 20
816.5774253962945
 30
0.0
 11
120245.2375019985
 21
813.7574253962945
 31
0.0
  0
LINE
  5
3B7
330
3B4
100
AcDbEntity
  8
AKS OLCU (BEYKENT)
 62
     0
440
 16777216
370
    -2
100
AcDbLine
 10
120435.2375019985
 20
816.5774253962945
 30
0.0
 11
120435.2375019985
 21
813.7574253962945
 31
0.0
  0
LINE
  5
3B8
330
3B4
100
AcDbEntity
  8
AKS OLCU (BEYKENT)
 62
     0
440
 16777216
370
    -2
100
AcDbLine
 10
120245.2375019985
 20
813.5774253962946
 30
0.0
 11
120435.2375019985
 21
813.5774253962946
 31
0.0
  0
LINE
  5
3B9
330
3B4
100
AcDbEntity
  8
AKS OLCU (BEYKENT)
 62
     0
440
 16777216
370
    -2
100
AcDbLine
 10
120432.2375019985
 20
810.5774253962945
 30
0.0
 11
120438.2375019985
 21
816.5774253962945
 31
0.0
  0
LINE
  5
3BA
330
3B4
100
AcDbEntity
  8
AKS OLCU (BEYKENT)
 62
     0
440
 16777216
370
    -2
100
AcDbLine
 10
120242.2375019985
 20
810.5774253962945
 30
0.0
 11
120248.2375019985
 21
816.5774253962945
 31
0.0
  0
MTEXT
  5
3BB
330
3B4
100
AcDbEntity
  8
AKS OLCU (BEYKENT)
 62
     7
440
 16777216
100
AcDbMText
 10
120340.2375019985
 20
821.7012218199533
 30
0.0
 40
12.0
 41
0.0
 46
0.0
 71
     5
 72
     1
  1
\A1;190
  7
YAZI (BEYKENT)
 73
     1
 44
1.0
  0
POINT
  5
3BC
330
3B4
100
AcDbEntity
  8
Defpoints
 62
     0
440
 16777216
100
AcDbPoint
 10
120245.2375019985
 20
813.5774253962946
 30
0.0
  0
POINT
  5
3BD
330
3B4
100
AcDbEntity
  8
Defpoints
 62
     0
440
 16777216
100
AcDbPoint
 10
120435.2375019985
 20
813.5774253962946
 30
0.0
  0
POINT
  5
3BE
330
3B4
100
AcDbEntity
  8
Defpoints
 62
     0
440
 16777216
100
AcDbPoint
 10
120435.2375019985
 20
813.5774253962946
 30
0.0
  0
ENDBLK
  5
3BF
330
3B4
100
AcDbEntity
  8
0
100
AcDbBlockEnd
  0
BLOCK
  5
3C1
330
3C0
100
AcDbEntity
  8
0
100
AcDbBlockBegin
  2
*D24
 70
     1
 10
0.0
 20
0.0
 30
0.0
  3
*D24
  1

  0
LINE
  5
3C2
330
3C0
100
AcDbEntity
  8
AKS OLCU (BEYKENT)
 62
     0
440
 16777216
370
    -2
100
AcDbLine
 10
120435.2375019985
 20
816.5774253962945
 30
0.0
 11
120435.2375019985
 21
813.7574253962945
 31
0.0
  0
LINE
  5
3C3
330
3C0
100
AcDbEntity
  8
AKS OLCU (BEYKENT)
 62
     0
440
 16777216
370
    -2
100
AcDbLine
 10
120805.2375019985
 20
816.5774253962945
 30
0.0
 11
120805.2375019985
 21
813.7574253962945
 31
0.0
  0
LINE
  5
3C4
330
3C0
100
AcDbEntity
  8
AKS OLCU (BEYKENT)
 62
     0
440
 16777216
370
    -2
100
AcDbLine
 10
120435.2375019985
 20
813.5774253962946
 30
0.0
 11
120805.2375019985
 21
813.5774253962946
 31
0.0
  0
LINE
  5
3C5
330
3C0
100
AcDbEntity
  8
AKS OLCU (BEYKENT)
 62
     0
440
 16777216
370
    -2
100
AcDbLine
 10
120802.2375019985
 20
810.5774253962945
 30
0.0
 11
120808.2375019985
 21
816.5774253962945
 31
0.0
  0
LINE
  5
3C6
330
3C0
100
AcDbEntity
  8
AKS OLCU (BEYKENT)
 62
     0
440
 16777216
370
    -2
100
AcDbLine
 10
120432.2375019985
 20
810.5774253962945
 30
0.0
 11
120438.2375019985
 21
816.5774253962945
 31
0.0
  0
MTEXT
  5
3C7
330
3C0
100
AcDbEntity
  8
AKS OLCU (BEYKENT)
 62
     7
440
 16777216
100
AcDbMText
 10
120620.2375019985
 20
821.7012218199533
 30
0.0
 40
12.0
 41
0.0
 46
0.0
 71
     5
 72
     1
  1
\A1;370
  7
YAZI (BEYKENT)
 73
     1
 44
1.0
  0
POINT
  5
3C8
330
3C0
100
AcDbEntity
  8
Defpoints
 62
     0
440
 16777216
100
AcDbPoint
 10
120435.2375019985
 20
813.5774253962946
 30
0.0
  0
POINT
  5
3C9
330
3C0
100
AcDbEntity
  8
Defpoints
 62
     0
440
 16777216
100
AcDbPoint
 10
120805.2375019985
 20
813.5774253962946
 30
0.0
  0
POINT
  5
3CA
330
3C0
100
AcDbEntity
  8
Defpoints
 62
     0
440
 16777216
100
AcDbPoint
 10
120805.2375019985
 20
813.5774253962946
 30
0.0
  0
ENDBLK
  5
3CB
330
3C0
100
AcDbEntity
  8
0
100
AcDbBlockEnd
  0
BLOCK
  5
3CD
330
3CC
100
AcDbEntity
  8
0
100
AcDbBlockBegin
  2
*D25
 70
     1
 10
0.0
 20
0.0
 30
0.0
  3
*D25
  1

  0
LINE
  5
3CE
330
3CC
100
AcDbEntity
  8
AKS OLCU (BEYKENT)
 62
     0
440
 16777216
370
    -2
100
AcDbLine
 10
120805.2375019985
 20
816.5774253962945
 30
0.0
 11
120805.2375019985
 21
813.7574253962945
 31
0.0
  0
LINE
  5
3CF
330
3CC
100
AcDbEntity
  8
AKS OLCU (BEYKENT)
 62
     0
440
 16777216
370
    -2
100
AcDbLine
 10
121145.2375019985
 20
816.5774253962945
 30
0.0
 11
121145.2375019985
 21
813.7574253962945
 31
0.0
  0
LINE
  5
3D0
330
3CC
100
AcDbEntity
  8
AKS OLCU (BEYKENT)
 62
     0
440
 16777216
370
    -2
100
AcDbLine
 10
120805.2375019985
 20
813.5774253962946
 30
0.0
 11
121145.2375019985
 21
813.5774253962946
 31
0.0
  0
LINE
  5
3D1
330
3CC
100
AcDbEntity
  8
AKS OLCU (BEYKENT)
 62
     0
440
 16777216
370
    -2
100
AcDbLine
 10
121142.2375019985
 20
810.5774253962945
 30
0.0
 11
121148.2375019985
 21
816.5774253962945
 31
0.0
  0
LINE
  5
3D2
330
3CC
100
AcDbEntity
  8
AKS OLCU (BEYKENT)
 62
     0
440
 16777216
370
    -2
100
AcDbLine
 10
120802.2375019985
 20
810.5774253962945
 30
0.0
 11
120808.2375019985
 21
816.5774253962945
 31
0.0
  0
MTEXT
  5
3D3
330
3CC
100
AcDbEntity
  8
AKS OLCU (BEYKENT)
 62
     7
440
 16777216
100
AcDbMText
 10
120975.2375019985
 20
821.7012218199533
 30
0.0
 40
12.0
 41
0.0
 46
0.0
 71
     5
 72
     1
  1
\A1;340
  7
YAZI (BEYKENT)
 73
     1
 44
1.0
  0
POINT
  5
3D4
330
3CC
100
AcDbEntity
  8
Defpoints
 62
     0
440
 16777216
100
AcDbPoint
 10
120805.2375019985
 20
813.5774253962946
 30
0.0
  0
POINT
  5
3D5
330
3CC
100
AcDbEntity
  8
Defpoints
 62
     0
440
 16777216
100
AcDbPoint
 10
121145.2375019985
 20
813.5774253962946
 30
0.0
  0
POINT
  5
3D6
330
3CC
100
AcDbEntity
  8
Defpoints
 62
     0
440
 16777216
100
AcDbPoint
 10
121145.2375019985
 20
813.5774253962946
 30
0.0
  0
ENDBLK
  5
3D7
330
3CC
100
AcDbEntity
  8
0
100
AcDbBlockEnd
  0
BLOCK
  5
3D9
330
3D8
100
AcDbEntity
  8
0
100
AcDbBlockBegin
  2
*D26
 70
     1
 10
0.0
 20
0.0
 30
0.0
  3
*D26
  1

  0
LINE
  5
3DA
330
3D8
100
AcDbEntity
  8
AKS OLCU (BEYKENT)
 62
     0
440
 16777216
370
    -2
100
AcDbLine
 10
121145.2375019985
 20
816.5774253962945
 30
0.0
 11
121145.2375019985
 21
813.7574253962945
 31
0.0
  0
LINE
  5
3DB
330
3D8
100
AcDbEntity
  8
AKS OLCU (BEYKENT)
 62
     0
440
 16777216
370
    -2
100
AcDbLine
 10
121295.2375019985
 20
816.5774253962945
 30
0.0
 11
121295.2375019985
 21
813.7574253962945
 31
0.0
  0
LINE
  5
3DC
330
3D8
100
AcDbEntity
  8
AKS OLCU (BEYKENT)
 62
     0
440
 16777216
370
    -2
100
AcDbLine
 10
121145.2375019985
 20
813.5774253962946
 30
0.0
 11
121295.2375019985
 21
813.5774253962946
 31
0.0
  0
LINE
  5
3DD
330
3D8
100
AcDbEntity
  8
AKS OLCU (BEYKENT)
 62
     0
440
 16777216
370
    -2
100
AcDbLine
 10
121292.2375019985
 20
810.5774253962945
 30
0.0
 11
121298.2375019985
 21
816.5774253962945
 31
0.0
  0
LINE
  5
3DE
330
3D8
100
AcDbEntity
  8
AKS OLCU (BEYKENT)
 62
     0
440
 16777216
370
    -2
100
AcDbLine
 10
121142.2375019985
 20
810.5774253962945
 30
0.0
 11
121148.2375019985
 21
816.5774253962945
 31
0.0
  0
MTEXT
  5
3DF
330
3D8
100
AcDbEntity
  8
AKS OLCU (BEYKENT)
 62
     7
440
 16777216
100
AcDbMText
 10
121220.2375019985
 20
821.7012218199533
 30
0.0
 40
12.0
 41
0.0
 46
0.0
 71
     5
 72
     1
  1
\A1;150
  7
YAZI (BEYKENT)
 73
     1
 44
1.0
  0
POINT
  5
3E0
330
3D8
100
AcDbEntity
  8
Defpoints
 62
     0
440
 16777216
100
AcDbPoint
 10
121145.2375019985
 20
813.5774253962946
 30
0.0
  0
POINT
  5
3E1
330
3D8
100
AcDbEntity
  8
Defpoints
 62
     0
440
 16777216
100
AcDbPoint
 10
121295.2375019985
 20
813.5774253962946
 30
0.0
  0
POINT
  5
3E2
330
3D8
100
AcDbEntity
  8
Defpoints
 62
     0
440
 16777216
100
AcDbPoint
 10
121295.2375019985
 20
813.5774253962946
 30
0.0
  0
ENDBLK
  5
3E3
330
3D8
100
AcDbEntity
  8
0
100
AcDbBlockEnd
  0
BLOCK
  5
3E5
330
3E4
100
AcDbEntity
  8
0
100
AcDbBlockBegin
  2
*D27
 70
     1
 10
0.0
 20
0.0
 30
0.0
  3
*D27
  1

  0
LINE
  5
3E6
330
3E4
100
AcDbEntity
  8
AKS OLCU (BEYKENT)
 62
     0
440
 16777216
370
    -2
100
AcDbLine
 10
121295.2375019985
 20
816.5774253962945
 30
0.0
 11
121295.2375019985
 21
813.7574253962945
 31
0.0
  0
LINE
  5
3E7
330
3E4
100
AcDbEntity
  8
AKS OLCU (BEYKENT)
 62
     0
440
 16777216
370
    -2
100
AcDbLine
 10
121770.2375019985
 20
816.5774253962945
 30
0.0
 11
121770.2375019985
 21
813.7574253962945
 31
0.0
  0
LINE
  5
3E8
330
3E4
100
AcDbEntity
  8
AKS OLCU (BEYKENT)
 62
     0
440
 16777216
370
    -2
100
AcDbLine
 10
121295.2375019985
 20
813.5774253962946
 30
0.0
 11
121770.2375019985
 21
813.5774253962946
 31
0.0
  0
LINE
  5
3E9
330
3E4
100
AcDbEntity
  8
AKS OLCU (BEYKENT)
 62
     0
440
 16777216
370
    -2
100
AcDbLine
 10
121767.2375019985
 20
810.5774253962945
 30
0.0
 11
121773.2375019985
 21
816.5774253962945
 31
0.0
  0
LINE
  5
3EA
330
3E4
100
AcDbEntity
  8
AKS OLCU (BEYKENT)
 62
     0
440
 16777216
370
    -2
100
AcDbLine
 10
121292.2375019985
 20
810.5774253962945
 30
0.0
 11
121298.2375019985
 21
816.5774253962945
 31
0.0
  0
MTEXT
  5
3EB
330
3E4
100
AcDbEntity
  8
AKS OLCU (BEYKENT)
 62
     7
440
 16777216
100
AcDbMText
 10
121532.7375019985
 20
821.6393236081239
 30
0.0
 40
12.0
 41
0.0
 46
0.0
 71
     5
 72
     1
  1
\A1;475
  7
YAZI (BEYKENT)
 73
     1
 44
1.0
  0
POINT
  5
3EC
330
3E4
100
AcDbEntity
  8
Defpoints
 62
     0
440
 16777216
100
AcDbPoint
 10
121295.2375019985
 20
813.5774253962946
 30
0.0
  0
POINT
  5
3ED
330
3E4
100
AcDbEntity
  8
Defpoints
 62
     0
440
 16777216
100
AcDbPoint
 10
121770.2375019985
 20
813.5774253962946
 30
0.0
  0
POINT
  5
3EE
330
3E4
100
AcDbEntity
  8
Defpoints
 62
     0
440
 16777216
100
AcDbPoint
 10
121770.2375019985
 20
813.5774253962946
 30
0.0
  0
ENDBLK
  5
3EF
330
3E4
100
AcDbEntity
  8
0
100
AcDbBlockEnd
  0
BLOCK
  5
3F1
330
3F0
100
AcDbEntity
  8
0
100
AcDbBlockBegin
  2
*D28
 70
     1
 10
0.0
 20
0.0
 30
0.0
  3
*D28
  1

  0
LINE
  5
3F2
330
3F0
100
AcDbEntity
  8
AKS OLCU (BEYKENT)
 62
     0
440
 16777216
370
    -2
100
AcDbLine
 10
121770.2375019985
 20
816.5774253962945
 30
0.0
 11
121770.2375019985
 21
813.7574253962945
 31
0.0
  0
LINE
  5
3F3
330
3F0
100
AcDbEntity
  8
AKS OLCU (BEYKENT)
 62
     0
440
 16777216
370
    -2
100
AcDbLine
 10
122115.2375019985
 20
816.5774253962945
 30
0.0
 11
122115.2375019985
 21
813.7574253962945
 31
0.0
  0
LINE
  5
3F4
330
3F0
100
AcDbEntity
  8
AKS OLCU (BEYKENT)
 62
     0
440
 16777216
370
    -2
100
AcDbLine
 10
121770.2375019985
 20
813.5774253962946
 30
0.0
 11
122115.2375019985
 21
813.5774253962946
 31
0.0
  0
LINE
  5
3F5
330
3F0
100
AcDbEntity
  8
AKS OLCU (BEYKENT)
 62
     0
440
 16777216
370
    -2
100
AcDbLine
 10
122112.2375019985
 20
810.5774253962945
 30
0.0
 11
122118.2375019985
 21
816.5774253962945
 31
0.0
  0
LINE
  5
3F6
330
3F0
100
AcDbEntity
  8
AKS OLCU (BEYKENT)
 62
     0
440
 16777216
370
    -2
100
AcDbLine
 10
121767.2375019985
 20
810.5774253962945
 30
0.0
 11
121773.2375019985
 21
816.5774253962945
 31
0.0
  0
MTEXT
  5
3F7
330
3F0
100
AcDbEntity
  8
AKS OLCU (BEYKENT)
 62
     7
440
 16777216
100
AcDbMText
 10
121942.7375019985
 20
821.7012218199533
 30
0.0
 40
12.0
 41
0.0
 46
0.0
 71
     5
 72
     1
  1
\A1;345
  7
YAZI (BEYKENT)
 73
     1
 44
1.0
  0
POINT
  5
3F8
330
3F0
100
AcDbEntity
  8
Defpoints
 62
     0
440
 16777216
100
AcDbPoint
 10
121770.2375019985
 20
813.5774253962946
 30
0.0
  0
POINT
  5
3F9
330
3F0
100
AcDbEntity
  8
Defpoints
 62
     0
440
 16777216
100
AcDbPoint
 10
122115.2375019985
 20
813.5774253962946
 30
0.0
  0
POINT
  5
3FA
330
3F0
100
AcDbEntity
  8
Defpoints
 62
     0
440
 16777216
100
AcDbPoint
 10
122115.2375019985
 20
813.5774253962946
 30
0.0
  0
ENDBLK
  5
3FB
330
3F0
100
AcDbEntity
  8
0
100
AcDbBlockEnd
  0
BLOCK
  5
3FD
330
3FC
100
AcDbEntity
  8
0
100
AcDbBlockBegin
  2
*D29
 70
     1
 10
0.0
 20
0.0
 30
0.0
  3
*D29
  1

  0
LINE
  5
3FE
330
3FC
100
AcDbEntity
  8
AKS OLCU (BEYKENT)
 62
     0
440
 16777216
370
    -2
100
AcDbLine
 10
122115.2375019985
 20
816.5774253962945
 30
0.0
 11
122115.2375019985
 21
813.7574253962945
 31
0.0
  0
LINE
  5
3FF
330
3FC
100
AcDbEntity
  8
AKS OLCU (BEYKENT)
 62
     0
440
 16777216
370
    -2
100
AcDbLine
 10
122425.2375019985
 20
816.5774253962945
 30
0.0
 11
122425.2375019985
 21
813.7574253962945
 31
0.0
  0
LINE
  5
400
330
3FC
100
AcDbEntity
  8
AKS OLCU (BEYKENT)
 62
     0
440
 16777216
370
    -2
100
AcDbLine
 10
122115.2375019985
 20
813.5774253962946
 30
0.0
 11
122425.2375019985
 21
813.5774253962946
 31
0.0
  0
LINE
  5
401
330
3FC
100
AcDbEntity
  8
AKS OLCU (BEYKENT)
 62
     0
440
 16777216
370
    -2
100
AcDbLine
 10
122422.2375019985
 20
810.5774253962945
 30
0.0
 11
122428.2375019985
 21
816.5774253962945
 31
0.0
  0
LINE
  5
402
330
3FC
100
AcDbEntity
  8
AKS OLCU (BEYKENT)
 62
     0
440
 16777216
370
    -2
100
AcDbLine
 10
122112.2375019985
 20
810.5774253962945
 30
0.0
 11
122118.2375019985
 21
816.5774253962945
 31
0.0
  0
MTEXT
  5
403
330
3FC
100
AcDbEntity
  8
AKS OLCU (BEYKENT)
 62
     7
440
 16777216
100
AcDbMText
 10
122270.2375019985
 20
821.7012218199533
 30
0.0
 40
12.0
 41
0.0
 46
0.0
 71
     5
 72
     1
  1
\A1;310
  7
YAZI (BEYKENT)
 73
     1
 44
1.0
  0
POINT
  5
404
330
3FC
100
AcDbEntity
  8
Defpoints
 62
     0
440
 16777216
100
AcDbPoint
 10
122115.2375019985
 20
813.5774253962946
 30
0.0
  0
POINT
  5
405
330
3FC
100
AcDbEntity
  8
Defpoints
 62
     0
440
 16777216
100
AcDbPoint
 10
122425.2375019985
 20
813.5774253962946
 30
0.0
  0
POINT
  5
406
330
3FC
100
AcDbEntity
  8
Defpoints
 62
     0
440
 16777216
100
AcDbPoint
 10
122425.2375019985
 20
813.5774253962946
 30
0.0
  0
ENDBLK
  5
407
330
3FC
100
AcDbEntity
  8
0
100
AcDbBlockEnd
  0
BLOCK
  5
409
330
408
100
AcDbEntity
  8
0
100
AcDbBlockBegin
  2
*D30
 70
     1
 10
0.0
 20
0.0
 30
0.0
  3
*D30
  1

  0
LINE
  5
40A
330
408
100
AcDbEntity
  8
AKS OLCU (BEYKENT)
 62
     0
440
 16777216
370
    -2
100
AcDbLine
 10
122425.2375019985
 20
816.5774253962945
 30
0.0
 11
122425.2375019985
 21
813.7574253962945
 31
0.0
  0
LINE
  5
40B
330
408
100
AcDbEntity
  8
AKS OLCU (BEYKENT)
 62
     0
440
 16777216
370
    -2
100
AcDbLine
 10
122905.2375019985
 20
816.5774253962945
 30
0.0
 11
122905.2375019985
 21
813.7574253962945
 31
0.0
  0
LINE
  5
40C
330
408
100
AcDbEntity
  8
AKS OLCU (BEYKENT)
 62
     0
440
 16777216
370
    -2
100
AcDbLine
 10
122425.2375019985
 20
813.5774253962946
 30
0.0
 11
122905.2375019985
 21
813.5774253962946
 31
0.0
  0
LINE
  5
40D
330
408
100
AcDbEntity
  8
AKS OLCU (BEYKENT)
 62
     0
440
 16777216
370
    -2
100
AcDbLine
 10
122902.2375019985
 20
810.5774253962945
 30
0.0
 11
122908.2375019985
 21
816.5774253962945
 31
0.0
  0
LINE
  5
40E
330
408
100
AcDbEntity
  8
AKS OLCU (BEYKENT)
 62
     0
440
 16777216
370
    -2
100
AcDbLine
 10
122422.2375019985
 20
810.5774253962945
 30
0.0
 11
122428.2375019985
 21
816.5774253962945
 31
0.0
  0
MTEXT
  5
40F
330
408
100
AcDbEntity
  8
AKS OLCU (BEYKENT)
 62
     7
440
 16777216
100
AcDbMText
 10
122665.2375019985
 20
821.7012218199533
 30
0.0
 40
12.0
 41
0.0
 46
0.0
 71
     5
 72
     1
  1
\A1;480
  7
YAZI (BEYKENT)
 73
     1
 44
1.0
  0
POINT
  5
410
330
408
100
AcDbEntity
  8
Defpoints
 62
     0
440
 16777216
100
AcDbPoint
 10
122425.2375019985
 20
813.5774253962946
 30
0.0
  0
POINT
  5
411
330
408
100
AcDbEntity
  8
Defpoints
 62
     0
440
 16777216
100
AcDbPoint
 10
122905.2375019985
 20
813.5774253962946
 30
0.0
  0
POINT
  5
412
330
408
100
AcDbEntity
  8
Defpoints
 62
     0
440
 16777216
100
AcDbPoint
 10
122905.2375019985
 20
813.5774253962946
 30
0.0
  0
ENDBLK
  5
413
330
408
100
AcDbEntity
  8
0
100
AcDbBlockEnd
  0
BLOCK
  5
415
330
414
100
AcDbEntity
  8
0
100
AcDbBlockBegin
  2
*D31
 70
     1
 10
0.0
 20
0.0
 30
0.0
  3
*D31
  1

  0
LINE
  5
416
330
414
100
AcDbEntity
  8
AKS OLCU (BEYKENT)
 62
     0
440
 16777216
370
    -2
100
AcDbLine
 10
117533.2421511606
 20
958.577425396295
 30
0.0
 11
117530.422151161
 21
958.577425396295
 31
0.0
  0
LINE
  5
417
330
414
100
AcDbEntity
  8
AKS OLCU (BEYKENT)
 62
     0
440
 16777216
370
    -2
100
AcDbLine
 10
117533.2421511606
 20
3558.577425396297
 30
0.0
 11
117530.422151161
 21
3558.577425396297
 31
0.0
  0
LINE
  5
418
330
414
100
AcDbEntity
  8
AKS OLCU (BEYKENT)
 62
     0
440
 16777216
370
    -2
100
AcDbLine
 10
117530.242151161
 20
958.577425396295
 30
0.0
 11
117530.242151161
 21
3558.577425396297
 31
0.0
  0
LINE
  5
419
330
414
100
AcDbEntity
  8
AKS OLCU (BEYKENT)
 62
     0
440
 16777216
370
    -2
100
AcDbLine
 10
117533.242151161
 20
3555.577425396297
 30
0.0
 11
117527.242151161
 21
3561.577425396296
 31
0.0
  0
LINE
  5
41A
330
414
100
AcDbEntity
  8
AKS OLCU (BEYKENT)
 62
     0
440
 16777216
370
    -2
100
AcDbLine
 10
117533.242151161
 20
955.5774253962949
 30
0.0
 11
117527.242151161
 21
961.577425396295
 31
0.0
  0
MTEXT
  5
41B
330
414
100
AcDbEntity
  8
AKS OLCU (BEYKENT)
 62
     7
440
 16777216
100
AcDbMText
 10
117522.1183547373
 20
2258.577425396262
 30
0.0
 40
12.0
 41
0.0
 46
0.0
 71
     5
 72
     1
  1
\A1;2600
  7
YAZI (BEYKENT)
 11
0.0000000000000001
 21
1.0
 31
0.0
 73
     1
 44
1.0
  0
POINT
  5
41C
330
414
100
AcDbEntity
  8
Defpoints
 62
     0
440
 16777216
100
AcDbPoint
 10
117530.2421511606
 20
958.577425396295
 30
0.0
  0
POINT
  5
41D
330
414
100
AcDbEntity
  8
Defpoints
 62
     0
440
 16777216
100
AcDbPoint
 10
117530.2421511606
 20
3558.577425396297
 30
0.0
  0
POINT
  5
41E
330
414
100
AcDbEntity
  8
Defpoints
 62
     0
440
 16777216
100
AcDbPoint
 10
117530.242151161
 20
3558.577425396297
 30
0.0
  0
ENDBLK
  5
41F
330
414
100
AcDbEntity
  8
0
100
AcDbBlockEnd
  0
BLOCK
  5
421
330
420
100
AcDbEntity
  8
0
100
AcDbBlockBegin
  2
*D32
 70
     1
 10
0.0
 20
0.0
 30
0.0
  3
*D32
  1

  0
LINE
  5
422
330
420
100
AcDbEntity
  8
AKS OLCU (BEYKENT)
 62
     0
440
 16777216
370
    -2
100
AcDbLine
 10
117553.2421511606
 20
958.577425396295
 30
0.0
 11
117550.422151161
 21
958.577425396295
 31
0.0
  0
LINE
  5
423
330
420
100
AcDbEntity
  8
AKS OLCU (BEYKENT)
 62
     0
440
 16777216
370
    -2
100
AcDbLine
 10
117553.2421511606
 20
1168.577425396295
 30
0.0
 11
117550.422151161
 21
1168.577425396295
 31
0.0
  0
LINE
  5
424
330
420
100
AcDbEntity
  8
AKS OLCU (BEYKENT)
 62
     0
440
 16777216
370
    -2
100
AcDbLine
 10
117550.242151161
 20
958.577425396295
 30
0.0
 11
117550.242151161
 21
1168.577425396295
 31
0.0
  0
LINE
  5
425
330
420
100
AcDbEntity
  8
AKS OLCU (BEYKENT)
 62
     0
440
 16777216
370
    -2
100
AcDbLine
 10
117553.242151161
 20
1165.577425396295
 30
0.0
 11
117547.242151161
 21
1171.577425396295
 31
0.0
  0
LINE
  5
426
330
420
100
AcDbEntity
  8
AKS OLCU (BEYKENT)
 62
     0
440
 16777216
370
    -2
100
AcDbLine
 10
117553.242151161
 20
955.5774253962949
 30
0.0
 11
117547.242151161
 21
961.577425396295
 31
0.0
  0
MTEXT
  5
427
330
420
100
AcDbEntity
  8
AKS OLCU (BEYKENT)
 62
     7
440
 16777216
100
AcDbMText
 10
117542.1183547373
 20
1063.577425396261
 30
0.0
 40
12.0
 41
0.0
 46
0.0
 71
     5
 72
     1
  1
\A1;210
  7
YAZI (BEYKENT)
 11
0.0000000000000001
 21
1.0
 31
0.0
 73
     1
 44
1.0
  0
POINT
  5
428
330
420
100
AcDbEntity
  8
Defpoints
 62
     0
440
 16777216
100
AcDbPoint
 10
117550.2421511606
 20
958.577425396295
 30
0.0
  0
POINT
  5
429
330
420
100
AcDbEntity
  8
Defpoints
 62
     0
440
 16777216
100
AcDbPoint
 10
117550.2421511606
 20
1168.577425396295
 30
0.0
  0
POINT
  5
42A
330
420
100
AcDbEntity
  8
Defpoints
 62
     0
440
 16777216
100
AcDbPoint
 10
117550.242151161
 20
1168.577425396295
 30
0.0
  0
ENDBLK
  5
42B
330
420
100
AcDbEntity
  8
0
100
AcDbBlockEnd
  0
BLOCK
  5
42D
330
42C
100
AcDbEntity
  8
0
100
AcDbBlockBegin
  2
*D33
 70
     1
 10
0.0
 20
0.0
 30
0.0
  3
*D33
  1

  0
LINE
  5
42E
330
42C
100
AcDbEntity
  8
AKS OLCU (BEYKENT)
 62
     0
440
 16777216
370
    -2
100
AcDbLine
 10
117553.2421511606
 20
1168.577425396295
 30
0.0
 11
117550.422151161
 21
1168.577425396295
 31
0.0
  0
LINE
  5
42F
330
42C
100
AcDbEntity
  8
AKS OLCU (BEYKENT)
 62
     0
440
 16777216
370
    -2
100
AcDbLine
 10
117553.2421511606
 20
1483.577425396295
 30
0.0
 11
117550.422151161
 21
1483.577425396295
 31
0.0
  0
LINE
  5
430
330
42C
100
AcDbEntity
  8
AKS OLCU (BEYKENT)
 62
     0
440
 16777216
370
    -2
100
AcDbLine
 10
117550.242151161
 20
1168.577425396295
 30
0.0
 11
117550.242151161
 21
1483.577425396295
 31
0.0
  0
LINE
  5
431
330
42C
100
AcDbEntity
  8
AKS OLCU (BEYKENT)
 62
     0
440
 16777216
370
    -2
100
AcDbLine
 10
117553.242151161
 20
1480.577425396295
 30
0.0
 11
117547.242151161
 21
1486.577425396295
 31
0.0
  0
LINE
  5
432
330
42C
100
AcDbEntity
  8
AKS OLCU (BEYKENT)
 62
     0
440
 16777216
370
    -2
100
AcDbLine
 10
117553.242151161
 20
1165.577425396295
 30
0.0
 11
117547.242151161
 21
1171.577425396295
 31
0.0
  0
MTEXT
  5
433
330
42C
100
AcDbEntity
  8
AKS OLCU (BEYKENT)
 62
     7
440
 16777216
100
AcDbMText
 10
117542.1183547373
 20
1326.077425396261
 30
0.0
 40
12.0
 41
0.0
 46
0.0
 71
     5
 72
     1
  1
\A1;315
  7
YAZI (BEYKENT)
 11
0.0000000000000001
 21
1.0
 31
0.0
 73
     1
 44
1.0
  0
POINT
  5
434
330
42C
100
AcDbEntity
  8
Defpoints
 62
     0
440
 16777216
100
AcDbPoint
 10
117550.2421511606
 20
1168.577425396295
 30
0.0
  0
POINT
  5
435
330
42C
100
AcDbEntity
  8
Defpoints
 62
     0
440
 16777216
100
AcDbPoint
 10
117550.2421511606
 20
1483.577425396295
 30
0.0
  0
POINT
  5
436
330
42C
100
AcDbEntity
  8
Defpoints
 62
     0
440
 16777216
100
AcDbPoint
 10
117550.242151161
 20
1483.577425396295
 30
0.0
  0
ENDBLK
  5
437
330
42C
100
AcDbEntity
  8
0
100
AcDbBlockEnd
  0
BLOCK
  5
439
330
438
100
AcDbEntity
  8
0
100
AcDbBlockBegin
  2
*D34
 70
     1
 10
0.0
 20
0.0
 30
0.0
  3
*D34
  1

  0
LINE
  5
43A
330
438
100
AcDbEntity
  8
AKS OLCU (BEYKENT)
 62
     0
440
 16777216
370
    -2
100
AcDbLine
 10
117553.2421511606
 20
1483.577425396295
 30
0.0
 11
117550.422151161
 21
1483.577425396295
 31
0.0
  0
LINE
  5
43B
330
438
100
AcDbEntity
  8
AKS OLCU (BEYKENT)
 62
     0
440
 16777216
370
    -2
100
AcDbLine
 10
117553.2421511606
 20
1658.577425396295
 30
0.0
 11
117550.422151161
 21
1658.577425396295
 31
0.0
  0
LINE
  5
43C
330
438
100
AcDbEntity
  8
AKS OLCU (BEYKENT)
 62
     0
440
 16777216
370
    -2
100
AcDbLine
 10
117550.242151161
 20
1483.577425396295
 30
0.0
 11
117550.242151161
 21
1658.577425396295
 31
0.0
  0
LINE
  5
43D
330
438
100
AcDbEntity
  8
AKS OLCU (BEYKENT)
 62
     0
440
 16777216
370
    -2
100
AcDbLine
 10
117553.242151161
 20
1655.577425396295
 30
0.0
 11
117547.242151161
 21
1661.577425396295
 31
0.0
  0
LINE
  5
43E
330
438
100
AcDbEntity
  8
AKS OLCU (BEYKENT)
 62
     0
440
 16777216
370
    -2
100
AcDbLine
 10
117553.242151161
 20
1480.577425396295
 30
0.0
 11
117547.242151161
 21
1486.577425396295
 31
0.0
  0
MTEXT
  5
43F
330
438
100
AcDbEntity
  8
AKS OLCU (BEYKENT)
 62
     7
440
 16777216
100
AcDbMText
 10
117542.1802529492
 20
1571.077425396261
 30
0.0
 40
12.0
 41
0.0
 46
0.0
 71
     5
 72
     1
  1
\A1;175
  7
YAZI (BEYKENT)
 11
0.0000000000000001
 21
1.0
 31
0.0
 73
     1
 44
1.0
  0
POINT
  5
440
330
438
100
AcDbEntity
  8
Defpoints
 62
     0
440
 16777216
100
AcDbPoint
 10
117550.2421511606
 20
1483.577425396295
 30
0.0
  0
POINT
  5
441
330
438
100
AcDbEntity
  8
Defpoints
 62
     0
440
 16777216
100
AcDbPoint
 10
117550.2421511606
 20
1658.577425396295
 30
0.0
  0
POINT
  5
442
330
438
100
AcDbEntity
  8
Defpoints
 62
     0
440
 16777216
100
AcDbPoint
 10
117550.242151161
 20
1658.577425396295
 30
0.0
  0
ENDBLK
  5
443
330
438
100
AcDbEntity
  8
0
100
AcDbBlockEnd
  0
BLOCK
  5
445
330
444
100
AcDbEntity
  8
0
100
AcDbBlockBegin
  2
*D35
 70
     1
 10
0.0
 20
0.0
 30
0.0
  3
*D35
  1

  0
LINE
  5
446
330
444
100
AcDbEntity
  8
AKS OLCU (BEYKENT)
 62
     0
440
 16777216
370
    -2
100
AcDbLine
 10
117553.2421511606
 20
1658.577425396295
 30
0.0
 11
117550.422151161
 21
1658.577425396295
 31
0.0
  0
LINE
  5
447
330
444
100
AcDbEntity
  8
AKS OLCU (BEYKENT)
 62
     0
440
 16777216
370
    -2
100
AcDbLine
 10
117553.2421511606
 20
2023.577425396295
 30
0.0
 11
117550.422151161
 21
2023.577425396295
 31
0.0
  0
LINE
  5
448
330
444
100
AcDbEntity
  8
AKS OLCU (BEYKENT)
 62
     0
440
 16777216
370
    -2
100
AcDbLine
 10
117550.242151161
 20
1658.577425396295
 30
0.0
 11
117550.242151161
 21
2023.577425396295
 31
0.0
  0
LINE
  5
449
330
444
100
AcDbEntity
  8
AKS OLCU (BEYKENT)
 62
     0
440
 16777216
370
    -2
100
AcDbLine
 10
117553.242151161
 20
2020.577425396295
 30
0.0
 11
117547.242151161
 21
2026.577425396296
 31
0.0
  0
LINE
  5
44A
330
444
100
AcDbEntity
  8
AKS OLCU (BEYKENT)
 62
     0
440
 16777216
370
    -2
100
AcDbLine
 10
117553.242151161
 20
1655.577425396295
 30
0.0
 11
117547.242151161
 21
1661.577425396295
 31
0.0
  0
MTEXT
  5
44B
330
444
100
AcDbEntity
  8
AKS OLCU (BEYKENT)
 62
     7
440
 16777216
100
AcDbMText
 10
117542.1183547373
 20
1841.077425396261
 30
0.0
 40
12.0
 41
0.0
 46
0.0
 71
     5
 72
     1
  1
\A1;365
  7
YAZI (BEYKENT)
 11
0.0000000000000001
 21
1.0
 31
0.0
 73
     1
 44
1.0
  0
POINT
  5
44C
330
444
100
AcDbEntity
  8
Defpoints
 62
     0
440
 16777216
100
AcDbPoint
 10
117550.2421511606
 20
1658.577425396295
 30
0.0
  0
POINT
  5
44D
330
444
100
AcDbEntity
  8
Defpoints
 62
     0
440
 16777216
100
AcDbPoint
 10
117550.2421511606
 20
2023.577425396295
 30
0.0
  0
POINT
  5
44E
330
444
100
AcDbEntity
  8
Defpoints
 62
     0
440
 16777216
100
AcDbPoint
 10
117550.242151161
 20
2023.577425396295
 30
0.0
  0
ENDBLK
  5
44F
330
444
100
AcDbEntity
  8
0
100
AcDbBlockEnd
  0
BLOCK
  5
451
330
450
100
AcDbEntity
  8
0
100
AcDbBlockBegin
  2
*D36
 70
     1
 10
0.0
 20
0.0
 30
0.0
  3
*D36
  1

  0
LINE
  5
452
330
450
100
AcDbEntity
  8
AKS OLCU (BEYKENT)
 62
     0
440
 16777216
370
    -2
100
AcDbLine
 10
117553.2421511606
 20
2023.577425396295
 30
0.0
 11
117550.422151161
 21
2023.577425396295
 31
0.0
  0
LINE
  5
453
330
450
100
AcDbEntity
  8
AKS OLCU (BEYKENT)
 62
     0
440
 16777216
370
    -2
100
AcDbLine
 10
117553.2421511606
 20
2358.577425396296
 30
0.0
 11
117550.422151161
 21
2358.577425396296
 31
0.0
  0
LINE
  5
454
330
450
100
AcDbEntity
  8
AKS OLCU (BEYKENT)
 62
     0
440
 16777216
370
    -2
100
AcDbLine
 10
117550.242151161
 20
2023.577425396295
 30
0.0
 11
117550.242151161
 21
2358.577425396296
 31
0.0
  0
LINE
  5
455
330
450
100
AcDbEntity
  8
AKS OLCU (BEYKENT)
 62
     0
440
 16777216
370
    -2
100
AcDbLine
 10
117553.242151161
 20
2355.577425396296
 30
0.0
 11
117547.242151161
 21
2361.577425396296
 31
0.0
  0
LINE
  5
456
330
450
100
AcDbEntity
  8
AKS OLCU (BEYKENT)
 62
     0
440
 16777216
370
    -2
100
AcDbLine
 10
117553.242151161
 20
2020.577425396295
 30
0.0
 11
117547.242151161
 21
2026.577425396296
 31
0.0
  0
MTEXT
  5
457
330
450
100
AcDbEntity
  8
AKS OLCU (BEYKENT)
 62
     7
440
 16777216
100
AcDbMText
 10
117542.1183547373
 20
2191.077425396262
 30
0.0
 40
12.0
 41
0.0
 46
0.0
 71
     5
 72
     1
  1
\A1;335
  7
YAZI (BEYKENT)
 11
0.0000000000000001
 21
1.0
 31
0.0
 73
     1
 44
1.0
  0
POINT
  5
458
330
450
100
AcDbEntity
  8
Defpoints
 62
     0
440
 16777216
100
AcDbPoint
 10
117550.2421511606
 20
2023.577425396295
 30
0.0
  0
POINT
  5
459
330
450
100
AcDbEntity
  8
Defpoints
 62
     0
440
 16777216
100
AcDbPoint
 10
117550.2421511606
 20
2358.577425396296
 30
0.0
  0
POINT
  5
45A
330
450
100
AcDbEntity
  8
Defpoints
 62
     0
440
 16777216
100
AcDbPoint
 10
117550.242151161
 20
2358.577425396296
 30
0.0
  0
ENDBLK
  5
45B
330
450
100
AcDbEntity
  8
0
100
AcDbBlockEnd
  0
BLOCK
  5
45D
330
45C
100
AcDbEntity
  8
0
100
AcDbBlockBegin
  2
*D37
 70
     1
 10
0.0
 20
0.0
 30
0.0
  3
*D37
  1

  0
LINE
  5
45E
330
45C
100
AcDbEntity
  8
AKS OLCU (BEYKENT)
 62
     0
440
 16777216
370
    -2
100
AcDbLine
 10
117553.2421511606
 20
2358.577425396296
 30
0.0
 11
117550.422151161
 21
2358.577425396296
 31
0.0
  0
LINE
  5
45F
330
45C
100
AcDbEntity
  8
AKS OLCU (BEYKENT)
 62
     0
440
 16777216
370
    -2
100
AcDbLine
 10
117553.2421511606
 20
2523.577425396295
 30
0.0
 11
117550.422151161
 21
2523.577425396295
 31
0.0
  0
LINE
  5
460
330
45C
100
AcDbEntity
  8
AKS OLCU (BEYKENT)
 62
     0
440
 16777216
370
    -2
100
AcDbLine
 10
117550.242151161
 20
2358.577425396296
 30
0.0
 11
117550.242151161
 21
2523.577425396295
 31
0.0
  0
LINE
  5
461
330
45C
100
AcDbEntity
  8
AKS OLCU (BEYKENT)
 62
     0
440
 16777216
370
    -2
100
AcDbLine
 10
117553.242151161
 20
2520.577425396295
 30
0.0
 11
117547.242151161
 21
2526.577425396296
 31
0.0
  0
LINE
  5
462
330
45C
100
AcDbEntity
  8
AKS OLCU (BEYKENT)
 62
     0
440
 16777216
370
    -2
100
AcDbLine
 10
117553.242151161
 20
2355.577425396296
 30
0.0
 11
117547.242151161
 21
2361.577425396296
 31
0.0
  0
MTEXT
  5
463
330
45C
100
AcDbEntity
  8
AKS OLCU (BEYKENT)
 62
     7
440
 16777216
100
AcDbMText
 10
117542.1802529492
 20
2441.077425396262
 30
0.0
 40
12.0
 41
0.0
 46
0.0
 71
     5
 72
     1
  1
\A1;165
  7
YAZI (BEYKENT)
 11
0.0000000000000001
 21
1.0
 31
0.0
 73
     1
 44
1.0
  0
POINT
  5
464
330
45C
100
AcDbEntity
  8
Defpoints
 62
     0
440
 16777216
100
AcDbPoint
 10
117550.2421511606
 20
2358.577425396296
 30
0.0
  0
POINT
  5
465
330
45C
100
AcDbEntity
  8
Defpoints
 62
     0
440
 16777216
100
AcDbPoint
 10
117550.2421511606
 20
2523.577425396295
 30
0.0
  0
POINT
  5
466
330
45C
100
AcDbEntity
  8
Defpoints
 62
     0
440
 16777216
100
AcDbPoint
 10
117550.242151161
 20
2523.577425396295
 30
0.0
  0
ENDBLK
  5
467
330
45C
100
AcDbEntity
  8
0
100
AcDbBlockEnd
  0
BLOCK
  5
469
330
468
100
AcDbEntity
  8
0
100
AcDbBlockBegin
  2
*D38
 70
     1
 10
0.0
 20
0.0
 30
0.0
  3
*D38
  1

  0
LINE
  5
46A
330
468
100
AcDbEntity
  8
AKS OLCU (BEYKENT)
 62
     0
440
 16777216
370
    -2
100
AcDbLine
 10
117553.2421511606
 20
2523.577425396295
 30
0.0
 11
117550.422151161
 21
2523.577425396295
 31
0.0
  0
LINE
  5
46B
330
468
100
AcDbEntity
  8
AKS OLCU (BEYKENT)
 62
     0
440
 16777216
370
    -2
100
AcDbLine
 10
117553.2421511606
 20
2858.577425396296
 30
0.0
 11
117550.422151161
 21
2858.577425396296
 31
0.0
  0
LINE
  5
46C
330
468
100
AcDbEntity
  8
AKS OLCU (BEYKENT)
 62
     0
440
 16777216
370
    -2
100
AcDbLine
 10
117550.242151161
 20
2523.577425396295
 30
0.0
 11
117550.242151161
 21
2858.577425396296
 31
0.0
  0
LINE
  5
46D
330
468
100
AcDbEntity
  8
AKS OLCU (BEYKENT)
 62
     0
440
 16777216
370
    -2
100
AcDbLine
 10
117553.242151161
 20
2855.577425396296
 30
0.0
 11
117547.242151161
 21
2861.577425396296
 31
0.0
  0
LINE
  5
46E
330
468
100
AcDbEntity
  8
AKS OLCU (BEYKENT)
 62
     0
440
 16777216
370
    -2
100
AcDbLine
 10
117553.242151161
 20
2520.577425396295
 30
0.0
 11
117547.242151161
 21
2526.577425396296
 31
0.0
  0
MTEXT
  5
46F
330
468
100
AcDbEntity
  8
AKS OLCU (BEYKENT)
 62
     7
440
 16777216
100
AcDbMText
 10
117542.1183547373
 20
2691.077425396262
 30
0.0
 40
12.0
 41
0.0
 46
0.0
 71
     5
 72
     1
  1
\A1;335
  7
YAZI (BEYKENT)
 11
0.0000000000000001
 21
1.0
 31
0.0
 73
     1
 44
1.0
  0
POINT
  5
470
330
468
100
AcDbEntity
  8
Defpoints
 62
     0
440
 16777216
100
AcDbPoint
 10
117550.2421511606
 20
2523.577425396295
 30
0.0
  0
POINT
  5
471
330
468
100
AcDbEntity
  8
Defpoints
 62
     0
440
 16777216
100
AcDbPoint
 10
117550.2421511606
 20
2858.577425396296
 30
0.0
  0
POINT
  5
472
330
468
100
AcDbEntity
  8
Defpoints
 62
     0
440
 16777216
100
AcDbPoint
 10
117550.242151161
 20
2858.577425396296
 30
0.0
  0
ENDBLK
  5
473
330
468
100
AcDbEntity
  8
0
100
AcDbBlockEnd
  0
BLOCK
  5
475
330
474
100
AcDbEntity
  8
0
100
AcDbBlockBegin
  2
*D39
 70
     1
 10
0.0
 20
0.0
 30
0.0
  3
*D39
  1

  0
LINE
  5
476
330
474
100
AcDbEntity
  8
AKS OLCU (BEYKENT)
 62
     0
440
 16777216
370
    -2
100
AcDbLine
 10
117553.2421511606
 20
2858.577425396296
 30
0.0
 11
117550.422151161
 21
2858.577425396296
 31
0.0
  0
LINE
  5
477
330
474
100
AcDbEntity
  8
AKS OLCU (BEYKENT)
 62
     0
440
 16777216
370
    -2
100
AcDbLine
 10
117553.2421511606
 20
3033.577425396296
 30
0.0
 11
117550.422151161
 21
3033.577425396296
 31
0.0
  0
LINE
  5
478
330
474
100
AcDbEntity
  8
AKS OLCU (BEYKENT)
 62
     0
440
 16777216
370
    -2
100
AcDbLine
 10
117550.242151161
 20
2858.577425396296
 30
0.0
 11
117550.242151161
 21
3033.577425396296
 31
0.0
  0
LINE
  5
479
330
474
100
AcDbEntity
  8
AKS OLCU (BEYKENT)
 62
     0
440
 16777216
370
    -2
100
AcDbLine
 10
117553.242151161
 20
3030.577425396296
 30
0.0
 11
117547.242151161
 21
3036.577425396295
 31
0.0
  0
LINE
  5
47A
330
474
100
AcDbEntity
  8
AKS OLCU (BEYKENT)
 62
     0
440
 16777216
370
    -2
100
AcDbLine
 10
117553.242151161
 20
2855.577425396296
 30
0.0
 11
117547.242151161
 21
2861.577425396296
 31
0.0
  0
MTEXT
  5
47B
330
474
100
AcDbEntity
  8
AKS OLCU (BEYKENT)
 62
     7
440
 16777216
100
AcDbMText
 10
117542.1802529492
 20
2946.077425396262
 30
0.0
 40
12.0
 41
0.0
 46
0.0
 71
     5
 72
     1
  1
\A1;175
  7
YAZI (BEYKENT)
 11
0.0000000000000001
 21
1.0
 31
0.0
 73
     1
 44
1.0
  0
POINT
  5
47C
330
474
100
AcDbEntity
  8
Defpoints
 62
     0
440
 16777216
100
AcDbPoint
 10
117550.2421511606
 20
2858.577425396296
 30
0.0
  0
POINT
  5
47D
330
474
100
AcDbEntity
  8
Defpoints
 62
     0
440
 16777216
100
AcDbPoint
 10
117550.2421511606
 20
3033.577425396296
 30
0.0
  0
POINT
  5
47E
330
474
100
AcDbEntity
  8
Defpoints
 62
     0
440
 16777216
100
AcDbPoint
 10
117550.242151161
 20
3033.577425396296
 30
0.0
  0
ENDBLK
  5
47F
330
474
100
AcDbEntity
  8
0
100
AcDbBlockEnd
  0
BLOCK
  5
481
330
480
100
AcDbEntity
  8
0
100
AcDbBlockBegin
  2
*D40
 70
     1
 10
0.0
 20
0.0
 30
0.0
  3
*D40
  1

  0
LINE
  5
482
330
480
100
AcDbEntity
  8
AKS OLCU (BEYKENT)
 62
     0
440
 16777216
370
    -2
100
AcDbLine
 10
117553.2421511606
 20
3033.577425396296
 30
0.0
 11
117550.422151161
 21
3033.577425396296
 31
0.0
  0
LINE
  5
483
330
480
100
AcDbEntity
  8
AKS OLCU (BEYKENT)
 62
     0
440
 16777216
370
    -2
100
AcDbLine
 10
117553.2421511606
 20
3258.577425396297
 30
0.0
 11
117550.422151161
 21
3258.577425396297
 31
0.0
  0
LINE
  5
484
330
480
100
AcDbEntity
  8
AKS OLCU (BEYKENT)
 62
     0
440
 16777216
370
    -2
100
AcDbLine
 10
117550.242151161
 20
3033.577425396296
 30
0.0
 11
117550.242151161
 21
3258.577425396297
 31
0.0
  0
LINE
  5
485
330
480
100
AcDbEntity
  8
AKS OLCU (BEYKENT)
 62
     0
440
 16777216
370
    -2
100
AcDbLine
 10
117553.242151161
 20
3255.577425396297
 30
0.0
 11
117547.242151161
 21
3261.577425396296
 31
0.0
  0
LINE
  5
486
330
480
100
AcDbEntity
  8
AKS OLCU (BEYKENT)
 62
     0
440
 16777216
370
    -2
100
AcDbLine
 10
117553.242151161
 20
3030.577425396296
 30
0.0
 11
117547.242151161
 21
3036.577425396295
 31
0.0
  0
MTEXT
  5
487
330
480
100
AcDbEntity
  8
AKS OLCU (BEYKENT)
 62
     7
440
 16777216
100
AcDbMText
 10
117542.1183547373
 20
3146.077425396262
 30
0.0
 40
12.0
 41
0.0
 46
0.0
 71
     5
 72
     1
  1
\A1;225
  7
YAZI (BEYKENT)
 11
0.0000000000000001
 21
1.0
 31
0.0
 73
     1
 44
1.0
  0
POINT
  5
488
330
480
100
AcDbEntity
  8
Defpoints
 62
     0
440
 16777216
100
AcDbPoint
 10
117550.2421511606
 20
3033.577425396296
 30
0.0
  0
POINT
  5
489
330
480
100
AcDbEntity
  8
Defpoints
 62
     0
440
 16777216
100
AcDbPoint
 10
117550.2421511606
 20
3258.577425396297
 30
0.0
  0
POINT
  5
48A
330
480
100
AcDbEntity
  8
Defpoints
 62
     0
440
 16777216
100
AcDbPoint
 10
117550.242151161
 20
3258.577425396297
 30
0.0
  0
ENDBLK
  5
48B
330
480
100
AcDbEntity
  8
0
100
AcDbBlockEnd
  0
BLOCK
  5
48D
330
48C
100
AcDbEntity
  8
0
100
AcDbBlockBegin
  2
*D41
 70
     1
 10
0.0
 20
0.0
 30
0.0
  3
*D41
  1

  0
LINE
  5
48E
330
48C
100
AcDbEntity
  8
AKS OLCU (BEYKENT)
 62
     0
440
 16777216
370
    -2
100
AcDbLine
 10
117553.2421511606
 20
3258.577425396297
 30
0.0
 11
117550.422151161
 21
3258.577425396297
 31
0.0
  0
LINE
  5
48F
330
48C
100
AcDbEntity
  8
AKS OLCU (BEYKENT)
 62
     0
440
 16777216
370
    -2
100
AcDbLine
 10
117553.2421511606
 20
3558.577425396297
 30
0.0
 11
117550.422151161
 21
3558.577425396297
 31
0.0
  0
LINE
  5
490
330
48C
100
AcDbEntity
  8
AKS OLCU (BEYKENT)
 62
     0
440
 16777216
370
    -2
100
AcDbLine
 10
117550.242151161
 20
3258.577425396297
 30
0.0
 11
117550.242151161
 21
3558.577425396297
 31
0.0
  0
LINE
  5
491
330
48C
100
AcDbEntity
  8
AKS OLCU (BEYKENT)
 62
     0
440
 16777216
370
    -2
100
AcDbLine
 10
117553.242151161
 20
3555.577425396297
 30
0.0
 11
117547.242151161
 21
3561.577425396296
 31
0.0
  0
LINE
  5
492
330
48C
100
AcDbEntity
  8
AKS OLCU (BEYKENT)
 62
     0
440
 16777216
370
    -2
100
AcDbLine
 10
117553.242151161
 20
3255.577425396297
 30
0.0
 11
117547.242151161
 21
3261.577425396296
 31
0.0
  0
MTEXT
  5
493
330
48C
100
AcDbEntity
  8
AKS OLCU (BEYKENT)
 62
     7
440
 16777216
100
AcDbMText
 10
117542.1183547373
 20
3408.577425396263
 30
0.0
 40
12.0
 41
0.0
 46
0.0
 71
     5
 72
     1
  1
\A1;300
  7
YAZI (BEYKENT)
 11
0.0000000000000001
 21
1.0
 31
0.0
 73
     1
 44
1.0
  0
POINT
  5
494
330
48C
100
AcDbEntity
  8
Defpoints
 62
     0
440
 16777216
100
AcDbPoint
 10
117550.2421511606
 20
3258.577425396297
 30
0.0
  0
POINT
  5
495
330
48C
100
AcDbEntity
  8
Defpoints
 62
     0
440
 16777216
100
AcDbPoint
 10
117550.2421511606
 20
3558.577425396297
 30
0.0
  0
POINT
  5
496
330
48C
100
AcDbEntity
  8
Defpoints
 62
     0
440
 16777216
100
AcDbPoint
 10
117550.242151161
 20
3558.577425396297
 30
0.0
  0
ENDBLK
  5
497
330
48C
100
AcDbEntity
  8
0
100
AcDbBlockEnd
  0
BLOCK
  5
499
330
498
100
AcDbEntity
  8
0
100
AcDbBlockBegin
  2
*D42
 70
     1
 10
0.0
 20
0.0
 30
0.0
  3
*D42
  1

  0
LINE
  5
49A
330
498
100
AcDbEntity
  8
AKS OLCU (BEYKENT)
 62
     0
440
 16777216
370
    -2
100
AcDbLine
 10
123073.2375019986
 20
958.577425396295
 30
0.0
 11
123070.417501999
 21
958.577425396295
 31
0.0
  0
LINE
  5
49B
330
498
100
AcDbEntity
  8
AKS OLCU (BEYKENT)
 62
     0
440
 16777216
370
    -2
100
AcDbLine
 10
123073.2375019986
 20
3558.577425396297
 30
0.0
 11
123070.417501999
 21
3558.577425396297
 31
0.0
  0
LINE
  5
49C
330
498
100
AcDbEntity
  8
AKS OLCU (BEYKENT)
 62
     0
440
 16777216
370
    -2
100
AcDbLine
 10
123070.237501999
 20
958.577425396295
 30
0.0
 11
123070.237501999
 21
3558.577425396297
 31
0.0
  0
LINE
  5
49D
330
498
100
AcDbEntity
  8
AKS OLCU (BEYKENT)
 62
     0
440
 16777216
370
    -2
100
AcDbLine
 10
123073.237501999
 20
3555.577425396297
 30
0.0
 11
123067.237501999
 21
3561.577425396296
 31
0.0
  0
LINE
  5
49E
330
498
100
AcDbEntity
  8
AKS OLCU (BEYKENT)
 62
     0
440
 16777216
370
    -2
100
AcDbLine
 10
123073.237501999
 20
955.5774253962949
 30
0.0
 11
123067.237501999
 21
961.577425396295
 31
0.0
  0
MTEXT
  5
49F
330
498
100
AcDbEntity
  8
AKS OLCU (BEYKENT)
 62
     7
440
 16777216
100
AcDbMText
 10
123062.1137055753
 20
2258.57742539626
 30
0.0
 40
12.0
 41
0.0
 46
0.0
 71
     5
 72
     1
  1
\A1;2600
  7
YAZI (BEYKENT)
 11
0.0000000000000001
 21
1.0
 31
0.0
 73
     1
 44
1.0
  0
POINT
  5
4A0
330
498
100
AcDbEntity
  8
Defpoints
 62
     0
440
 16777216
100
AcDbPoint
 10
123070.2375019986
 20
958.577425396295
 30
0.0
  0
POINT
  5
4A1
330
498
100
AcDbEntity
  8
Defpoints
 62
     0
440
 16777216
100
AcDbPoint
 10
123070.2375019986
 20
3558.577425396297
 30
0.0
  0
POINT
  5
4A2
330
498
100
AcDbEntity
  8
Defpoints
 62
     0
440
 16777216
100
AcDbPoint
 10
123070.237501999
 20
3558.577425396297
 30
0.0
  0
ENDBLK
  5
4A3
330
498
100
AcDbEntity
  8
0
100
AcDbBlockEnd
  0
BLOCK
  5
4A5
330
4A4
100
AcDbEntity
  8
0
100
AcDbBlockBegin
  2
*D43
 70
     1
 10
0.0
 20
0.0
 30
0.0
  3
*D43
  1

  0
LINE
  5
4A6
330
4A4
100
AcDbEntity
  8
AKS OLCU (BEYKENT)
 62
     0
440
 16777216
370
    -2
100
AcDbLine
 10
123053.2375019986
 20
958.577425396295
 30
0.0
 11
123050.417501999
 21
958.577425396295
 31
0.0
  0
LINE
  5
4A7
330
4A4
100
AcDbEntity
  8
AKS OLCU (BEYKENT)
 62
     0
440
 16777216
370
    -2
100
AcDbLine
 10
123053.2375019986
 20
1168.577425396295
 30
0.0
 11
123050.417501999
 21
1168.577425396295
 31
0.0
  0
LINE
  5
4A8
330
4A4
100
AcDbEntity
  8
AKS OLCU (BEYKENT)
 62
     0
440
 16777216
370
    -2
100
AcDbLine
 10
123050.237501999
 20
958.577425396295
 30
0.0
 11
123050.237501999
 21
1168.577425396295
 31
0.0
  0
LINE
  5
4A9
330
4A4
100
AcDbEntity
  8
AKS OLCU (BEYKENT)
 62
     0
440
 16777216
370
    -2
100
AcDbLine
 10
123053.237501999
 20
1165.577425396295
 30
0.0
 11
123047.237501999
 21
1171.577425396295
 31
0.0
  0
LINE
  5
4AA
330
4A4
100
AcDbEntity
  8
AKS OLCU (BEYKENT)
 62
     0
440
 16777216
370
    -2
100
AcDbLine
 10
123053.237501999
 20
955.5774253962949
 30
0.0
 11
123047.237501999
 21
961.577425396295
 31
0.0
  0
MTEXT
  5
4AB
330
4A4
100
AcDbEntity
  8
AKS OLCU (BEYKENT)
 62
     7
440
 16777216
100
AcDbMText
 10
123042.1137055753
 20
1063.57742539626
 30
0.0
 40
12.0
 41
0.0
 46
0.0
 71
     5
 72
     1
  1
\A1;210
  7
YAZI (BEYKENT)
 11
0.0000000000000001
 21
1.0
 31
0.0
 73
     1
 44
1.0
  0
POINT
  5
4AC
330
4A4
100
AcDbEntity
  8
Defpoints
 62
     0
440
 16777216
100
AcDbPoint
 10
123050.2375019986
 20
958.577425396295
 30
0.0
  0
POINT
  5
4AD
330
4A4
100
AcDbEntity
  8
Defpoints
 62
     0
440
 16777216
100
AcDbPoint
 10
123050.2375019986
 20
1168.577425396295
 30
0.0
  0
POINT
  5
4AE
330
4A4
100
AcDbEntity
  8
Defpoints
 62
     0
440
 16777216
100
AcDbPoint
 10
123050.237501999
 20
1168.577425396295
 30
0.0
  0
ENDBLK
  5
4AF
330
4A4
100
AcDbEntity
  8
0
100
AcDbBlockEnd
  0
BLOCK
  5
4B1
330
4B0
100
AcDbEntity
  8
0
100
AcDbBlockBegin
  2
*D44
 70
     1
 10
0.0
 20
0.0
 30
0.0
  3
*D44
  1

  0
LINE
  5
4B2
330
4B0
100
AcDbEntity
  8
AKS OLCU (BEYKENT)
 62
     0
440
 16777216
370
    -2
100
AcDbLine
 10
123053.2375019986
 20
1168.577425396295
 30
0.0
 11
123050.417501999
 21
1168.577425396295
 31
0.0
  0
LINE
  5
4B3
330
4B0
100
AcDbEntity
  8
AKS OLCU (BEYKENT)
 62
     0
440
 16777216
370
    -2
100
AcDbLine
 10
123053.2375019986
 20
1483.577425396295
 30
0.0
 11
123050.417501999
 21
1483.577425396295
 31
0.0
  0
LINE
  5
4B4
330
4B0
100
AcDbEntity
  8
AKS OLCU (BEYKENT)
 62
     0
440
 16777216
370
    -2
100
AcDbLine
 10
123050.237501999
 20
1168.577425396295
 30
0.0
 11
123050.237501999
 21
1483.577425396295
 31
0.0
  0
LINE
  5
4B5
330
4B0
100
AcDbEntity
  8
AKS OLCU (BEYKENT)
 62
     0
440
 16777216
370
    -2
100
AcDbLine
 10
123053.237501999
 20
1480.577425396295
 30
0.0
 11
123047.237501999
 21
1486.577425396295
 31
0.0
  0
LINE
  5
4B6
330
4B0
100
AcDbEntity
  8
AKS OLCU (BEYKENT)
 62
     0
440
 16777216
370
    -2
100
AcDbLine
 10
123053.237501999
 20
1165.577425396295
 30
0.0
 11
123047.237501999
 21
1171.577425396295
 31
0.0
  0
MTEXT
  5
4B7
330
4B0
100
AcDbEntity
  8
AKS OLCU (BEYKENT)
 62
     7
440
 16777216
100
AcDbMText
 10
123042.1137055753
 20
1326.07742539626
 30
0.0
 40
12.0
 41
0.0
 46
0.0
 71
     5
 72
     1
  1
\A1;315
  7
YAZI (BEYKENT)
 11
0.0000000000000001
 21
1.0
 31
0.0
 73
     1
 44
1.0
  0
POINT
  5
4B8
330
4B0
100
AcDbEntity
  8
Defpoints
 62
     0
440
 16777216
100
AcDbPoint
 10
123050.2375019986
 20
1168.577425396295
 30
0.0
  0
POINT
  5
4B9
330
4B0
100
AcDbEntity
  8
Defpoints
 62
     0
440
 16777216
100
AcDbPoint
 10
123050.2375019986
 20
1483.577425396295
 30
0.0
  0
POINT
  5
4BA
330
4B0
100
AcDbEntity
  8
Defpoints
 62
     0
440
 16777216
100
AcDbPoint
 10
123050.237501999
 20
1483.577425396295
 30
0.0
  0
ENDBLK
  5
4BB
330
4B0
100
AcDbEntity
  8
0
100
AcDbBlockEnd
  0
BLOCK
  5
4BD
330
4BC
100
AcDbEntity
  8
0
100
AcDbBlockBegin
  2
*D45
 70
     1
 10
0.0
 20
0.0
 30
0.0
  3
*D45
  1

  0
LINE
  5
4BE
330
4BC
100
AcDbEntity
  8
AKS OLCU (BEYKENT)
 62
     0
440
 16777216
370
    -2
100
AcDbLine
 10
123053.2375019986
 20
1483.577425396295
 30
0.0
 11
123050.417501999
 21
1483.577425396295
 31
0.0
  0
LINE
  5
4BF
330
4BC
100
AcDbEntity
  8
AKS OLCU (BEYKENT)
 62
     0
440
 16777216
370
    -2
100
AcDbLine
 10
123053.2375019986
 20
1658.577425396295
 30
0.0
 11
123050.417501999
 21
1658.577425396295
 31
0.0
  0
LINE
  5
4C0
330
4BC
100
AcDbEntity
  8
AKS OLCU (BEYKENT)
 62
     0
440
 16777216
370
    -2
100
AcDbLine
 10
123050.237501999
 20
1483.577425396295
 30
0.0
 11
123050.237501999
 21
1658.577425396295
 31
0.0
  0
LINE
  5
4C1
330
4BC
100
AcDbEntity
  8
AKS OLCU (BEYKENT)
 62
     0
440
 16777216
370
    -2
100
AcDbLine
 10
123053.237501999
 20
1655.577425396295
 30
0.0
 11
123047.237501999
 21
1661.577425396295
 31
0.0
  0
LINE
  5
4C2
330
4BC
100
AcDbEntity
  8
AKS OLCU (BEYKENT)
 62
     0
440
 16777216
370
    -2
100
AcDbLine
 10
123053.237501999
 20
1480.577425396295
 30
0.0
 11
123047.237501999
 21
1486.577425396295
 31
0.0
  0
MTEXT
  5
4C3
330
4BC
100
AcDbEntity
  8
AKS OLCU (BEYKENT)
 62
     7
440
 16777216
100
AcDbMText
 10
123042.1756037872
 20
1571.07742539626
 30
0.0
 40
12.0
 41
0.0
 46
0.0
 71
     5
 72
     1
  1
\A1;175
  7
YAZI (BEYKENT)
 11
0.0000000000000001
 21
1.0
 31
0.0
 73
     1
 44
1.0
  0
POINT
  5
4C4
330
4BC
100
AcDbEntity
  8
Defpoints
 62
     0
440
 16777216
100
AcDbPoint
 10
123050.2375019986
 20
1483.577425396295
 30
0.0
  0
POINT
  5
4C5
330
4BC
100
AcDbEntity
  8
Defpoints
 62
     0
440
 16777216
100
AcDbPoint
 10
123050.2375019986
 20
1658.577425396295
 30
0.0
  0
POINT
  5
4C6
330
4BC
100
AcDbEntity
  8
Defpoints
 62
     0
440
 16777216
100
AcDbPoint
 10
123050.237501999
 20
1658.577425396295
 30
0.0
  0
ENDBLK
  5
4C7
330
4BC
100
AcDbEntity
  8
0
100
AcDbBlockEnd
  0
BLOCK
  5
4C9
330
4C8
100
AcDbEntity
  8
0
100
AcDbBlockBegin
  2
*D46
 70
     1
 10
0.0
 20
0.0
 30
0.0
  3
*D46
  1

  0
LINE
  5
4CA
330
4C8
100
AcDbEntity
  8
AKS OLCU (BEYKENT)
 62
     0
440
 16777216
370
    -2
100
AcDbLine
 10
123053.2375019986
 20
1658.577425396295
 30
0.0
 11
123050.417501999
 21
1658.577425396295
 31
0.0
  0
LINE
  5
4CB
330
4C8
100
AcDbEntity
  8
AKS OLCU (BEYKENT)
 62
     0
440
 16777216
370
    -2
100
AcDbLine
 10
123053.2375019986
 20
2023.577425396295
 30
0.0
 11
123050.417501999
 21
2023.577425396295
 31
0.0
  0
LINE
  5
4CC
330
4C8
100
AcDbEntity
  8
AKS OLCU (BEYKENT)
 62
     0
440
 16777216
370
    -2
100
AcDbLine
 10
123050.237501999
 20
1658.577425396295
 30
0.0
 11
123050.237501999
 21
2023.577425396295
 31
0.0
  0
LINE
  5
4CD
330
4C8
100
AcDbEntity
  8
AKS OLCU (BEYKENT)
 62
     0
440
 16777216
370
    -2
100
AcDbLine
 10
123053.237501999
 20
2020.577425396295
 30
0.0
 11
123047.237501999
 21
2026.577425396296
 31
0.0
  0
LINE
  5
4CE
330
4C8
100
AcDbEntity
  8
AKS OLCU (BEYKENT)
 62
     0
440
 16777216
370
    -2
100
AcDbLine
 10
123053.237501999
 20
1655.577425396295
 30
0.0
 11
123047.237501999
 21
1661.577425396295
 31
0.0
  0
MTEXT
  5
4CF
330
4C8
100
AcDbEntity
  8
AKS OLCU (BEYKENT)
 62
     7
440
 16777216
100
AcDbMText
 10
123042.1137055753
 20
1841.07742539626
 30
0.0
 40
12.0
 41
0.0
 46
0.0
 71
     5
 72
     1
  1
\A1;365
  7
YAZI (BEYKENT)
 11
0.0000000000000001
 21
1.0
 31
0.0
 73
     1
 44
1.0
  0
POINT
  5
4D0
330
4C8
100
AcDbEntity
  8
Defpoints
 62
     0
440
 16777216
100
AcDbPoint
 10
123050.2375019986
 20
1658.577425396295
 30
0.0
  0
POINT
  5
4D1
330
4C8
100
AcDbEntity
  8
Defpoints
 62
     0
440
 16777216
100
AcDbPoint
 10
123050.2375019986
 20
2023.577425396295
 30
0.0
  0
POINT
  5
4D2
330
4C8
100
AcDbEntity
  8
Defpoints
 62
     0
440
 16777216
100
AcDbPoint
 10
123050.237501999
 20
2023.577425396295
 30
0.0
  0
ENDBLK
  5
4D3
330
4C8
100
AcDbEntity
  8
0
100
AcDbBlockEnd
  0
BLOCK
  5
4D5
330
4D4
100
AcDbEntity
  8
0
100
AcDbBlockBegin
  2
*D47
 70
     1
 10
0.0
 20
0.0
 30
0.0
  3
*D47
  1

  0
LINE
  5
4D6
330
4D4
100
AcDbEntity
  8
AKS OLCU (BEYKENT)
 62
     0
440
 16777216
370
    -2
100
AcDbLine
 10
123053.2375019986
 20
2023.577425396295
 30
0.0
 11
123050.417501999
 21
2023.577425396295
 31
0.0
  0
LINE
  5
4D7
330
4D4
100
AcDbEntity
  8
AKS OLCU (BEYKENT)
 62
     0
440
 16777216
370
    -2
100
AcDbLine
 10
123053.2375019986
 20
2358.577425396296
 30
0.0
 11
123050.417501999
 21
2358.577425396296
 31
0.0
  0
LINE
  5
4D8
330
4D4
100
AcDbEntity
  8
AKS OLCU (BEYKENT)
 62
     0
440
 16777216
370
    -2
100
AcDbLine
 10
123050.237501999
 20
2023.577425396295
 30
0.0
 11
123050.237501999
 21
2358.577425396296
 31
0.0
  0
LINE
  5
4D9
330
4D4
100
AcDbEntity
  8
AKS OLCU (BEYKENT)
 62
     0
440
 16777216
370
    -2
100
AcDbLine
 10
123053.237501999
 20
2355.577425396296
 30
0.0
 11
123047.237501999
 21
2361.577425396296
 31
0.0
  0
LINE
  5
4DA
330
4D4
100
AcDbEntity
  8
AKS OLCU (BEYKENT)
 62
     0
440
 16777216
370
    -2
100
AcDbLine
 10
123053.237501999
 20
2020.577425396295
 30
0.0
 11
123047.237501999
 21
2026.577425396296
 31
0.0
  0
MTEXT
  5
4DB
330
4D4
100
AcDbEntity
  8
AKS OLCU (BEYKENT)
 62
     7
440
 16777216
100
AcDbMText
 10
123042.1137055753
 20
2191.07742539626
 30
0.0
 40
12.0
 41
0.0
 46
0.0
 71
     5
 72
     1
  1
\A1;335
  7
YAZI (BEYKENT)
 11
0.0000000000000001
 21
1.0
 31
0.0
 73
     1
 44
1.0
  0
POINT
  5
4DC
330
4D4
100
AcDbEntity
  8
Defpoints
 62
     0
440
 16777216
100
AcDbPoint
 10
123050.2375019986
 20
2023.577425396295
 30
0.0
  0
POINT
  5
4DD
330
4D4
100
AcDbEntity
  8
Defpoints
 62
     0
440
 16777216
100
AcDbPoint
 10
123050.2375019986
 20
2358.577425396296
 30
0.0
  0
POINT
  5
4DE
330
4D4
100
AcDbEntity
  8
Defpoints
 62
     0
440
 16777216
100
AcDbPoint
 10
123050.237501999
 20
2358.577425396296
 30
0.0
  0
ENDBLK
  5
4DF
330
4D4
100
AcDbEntity
  8
0
100
AcDbBlockEnd
  0
BLOCK
  5
4E1
330
4E0
100
AcDbEntity
  8
0
100
AcDbBlockBegin
  2
*D48
 70
     1
 10
0.0
 20
0.0
 30
0.0
  3
*D48
  1

  0
LINE
  5
4E2
330
4E0
100
AcDbEntity
  8
AKS OLCU (BEYKENT)
 62
     0
440
 16777216
370
    -2
100
AcDbLine
 10
123053.2375019986
 20
2358.577425396296
 30
0.0
 11
123050.417501999
 21
2358.577425396296
 31
0.0
  0
LINE
  5
4E3
330
4E0
100
AcDbEntity
  8
AKS OLCU (BEYKENT)
 62
     0
440
 16777216
370
    -2
100
AcDbLine
 10
123053.2375019986
 20
2523.577425396295
 30
0.0
 11
123050.417501999
 21
2523.577425396295
 31
0.0
  0
LINE
  5
4E4
330
4E0
100
AcDbEntity
  8
AKS OLCU (BEYKENT)
 62
     0
440
 16777216
370
    -2
100
AcDbLine
 10
123050.237501999
 20
2358.577425396296
 30
0.0
 11
123050.237501999
 21
2523.577425396295
 31
0.0
  0
LINE
  5
4E5
330
4E0
100
AcDbEntity
  8
AKS OLCU (BEYKENT)
 62
     0
440
 16777216
370
    -2
100
AcDbLine
 10
123053.237501999
 20
2520.577425396295
 30
0.0
 11
123047.237501999
 21
2526.577425396296
 31
0.0
  0
LINE
  5
4E6
330
4E0
100
AcDbEntity
  8
AKS OLCU (BEYKENT)
 62
     0
440
 16777216
370
    -2
100
AcDbLine
 10
123053.237501999
 20
2355.577425396296
 30
0.0
 11
123047.237501999
 21
2361.577425396296
 31
0.0
  0
MTEXT
  5
4E7
330
4E0
100
AcDbEntity
  8
AKS OLCU (BEYKENT)
 62
     7
440
 16777216
100
AcDbMText
 10
123042.1756037872
 20
2441.07742539626
 30
0.0
 40
12.0
 41
0.0
 46
0.0
 71
     5
 72
     1
  1
\A1;165
  7
YAZI (BEYKENT)
 11
0.0000000000000001
 21
1.0
 31
0.0
 73
     1
 44
1.0
  0
POINT
  5
4E8
330
4E0
100
AcDbEntity
  8
Defpoints
 62
     0
440
 16777216
100
AcDbPoint
 10
123050.2375019986
 20
2358.577425396296
 30
0.0
  0
POINT
  5
4E9
330
4E0
100
AcDbEntity
  8
Defpoints
 62
     0
440
 16777216
100
AcDbPoint
 10
123050.2375019986
 20
2523.577425396295
 30
0.0
  0
POINT
  5
4EA
330
4E0
100
AcDbEntity
  8
Defpoints
 62
     0
440
 16777216
100
AcDbPoint
 10
123050.237501999
 20
2523.577425396295
 30
0.0
  0
ENDBLK
  5
4EB
330
4E0
100
AcDbEntity
  8
0
100
AcDbBlockEnd
  0
BLOCK
  5
4ED
330
4EC
100
AcDbEntity
  8
0
100
AcDbBlockBegin
  2
*D49
 70
     1
 10
0.0
 20
0.0
 30
0.0
  3
*D49
  1

  0
LINE
  5
4EE
330
4EC
100
AcDbEntity
  8
AKS OLCU (BEYKENT)
 62
     0
440
 16777216
370
    -2
100
AcDbLine
 10
123053.2375019986
 20
2523.577425396295
 30
0.0
 11
123050.417501999
 21
2523.577425396295
 31
0.0
  0
LINE
  5
4EF
330
4EC
100
AcDbEntity
  8
AKS OLCU (BEYKENT)
 62
     0
440
 16777216
370
    -2
100
AcDbLine
 10
123053.2375019986
 20
2858.577425396296
 30
0.0
 11
123050.417501999
 21
2858.577425396296
 31
0.0
  0
LINE
  5
4F0
330
4EC
100
AcDbEntity
  8
AKS OLCU (BEYKENT)
 62
     0
440
 16777216
370
    -2
100
AcDbLine
 10
123050.237501999
 20
2523.577425396295
 30
0.0
 11
123050.237501999
 21
2858.577425396296
 31
0.0
  0
LINE
  5
4F1
330
4EC
100
AcDbEntity
  8
AKS OLCU (BEYKENT)
 62
     0
440
 16777216
370
    -2
100
AcDbLine
 10
123053.237501999
 20
2855.577425396296
 30
0.0
 11
123047.237501999
 21
2861.577425396296
 31
0.0
  0
LINE
  5
4F2
330
4EC
100
AcDbEntity
  8
AKS OLCU (BEYKENT)
 62
     0
440
 16777216
370
    -2
100
AcDbLine
 10
123053.237501999
 20
2520.577425396295
 30
0.0
 11
123047.237501999
 21
2526.577425396296
 31
0.0
  0
MTEXT
  5
4F3
330
4EC
100
AcDbEntity
  8
AKS OLCU (BEYKENT)
 62
     7
440
 16777216
100
AcDbMText
 10
123042.1137055753
 20
2691.07742539626
 30
0.0
 40
12.0
 41
0.0
 46
0.0
 71
     5
 72
     1
  1
\A1;335
  7
YAZI (BEYKENT)
 11
0.0000000000000001
 21
1.0
 31
0.0
 73
     1
 44
1.0
  0
POINT
  5
4F4
330
4EC
100
AcDbEntity
  8
Defpoints
 62
     0
440
 16777216
100
AcDbPoint
 10
123050.2375019986
 20
2523.577425396295
 30
0.0
  0
POINT
  5
4F5
330
4EC
100
AcDbEntity
  8
Defpoints
 62
     0
440
 16777216
100
AcDbPoint
 10
123050.2375019986
 20
2858.577425396296
 30
0.0
  0
POINT
  5
4F6
330
4EC
100
AcDbEntity
  8
Defpoints
 62
     0
440
 16777216
100
AcDbPoint
 10
123050.237501999
 20
2858.577425396296
 30
0.0
  0
ENDBLK
  5
4F7
330
4EC
100
AcDbEntity
  8
0
100
AcDbBlockEnd
  0
BLOCK
  5
4F9
330
4F8
100
AcDbEntity
  8
0
100
AcDbBlockBegin
  2
*D50
 70
     1
 10
0.0
 20
0.0
 30
0.0
  3
*D50
  1

  0
LINE
  5
4FA
330
4F8
100
AcDbEntity
  8
AKS OLCU (BEYKENT)
 62
     0
440
 16777216
370
    -2
100
AcDbLine
 10
123053.2375019986
 20
2858.577425396296
 30
0.0
 11
123050.417501999
 21
2858.577425396296
 31
0.0
  0
LINE
  5
4FB
330
4F8
100
AcDbEntity
  8
AKS OLCU (BEYKENT)
 62
     0
440
 16777216
370
    -2
100
AcDbLine
 10
123053.2375019986
 20
3033.577425396296
 30
0.0
 11
123050.417501999
 21
3033.577425396296
 31
0.0
  0
LINE
  5
4FC
330
4F8
100
AcDbEntity
  8
AKS OLCU (BEYKENT)
 62
     0
440
 16777216
370
    -2
100
AcDbLine
 10
123050.237501999
 20
2858.577425396296
 30
0.0
 11
123050.237501999
 21
3033.577425396296
 31
0.0
  0
LINE
  5
4FD
330
4F8
100
AcDbEntity
  8
AKS OLCU (BEYKENT)
 62
     0
440
 16777216
370
    -2
100
AcDbLine
 10
123053.237501999
 20
3030.577425396296
 30
0.0
 11
123047.237501999
 21
3036.577425396295
 31
0.0
  0
LINE
  5
4FE
330
4F8
100
AcDbEntity
  8
AKS OLCU (BEYKENT)
 62
     0
440
 16777216
370
    -2
100
AcDbLine
 10
123053.237501999
 20
2855.577425396296
 30
0.0
 11
123047.237501999
 21
2861.577425396296
 31
0.0
  0
MTEXT
  5
4FF
330
4F8
100
AcDbEntity
  8
AKS OLCU (BEYKENT)
 62
     7
440
 16777216
100
AcDbMText
 10
123042.1756037872
 20
2946.07742539626
 30
0.0
 40
12.0
 41
0.0
 46
0.0
 71
     5
 72
     1
  1
\A1;175
  7
YAZI (BEYKENT)
 11
0.0000000000000001
 21
1.0
 31
0.0
 73
     1
 44
1.0
  0
POINT
  5
500
330
4F8
100
AcDbEntity
  8
Defpoints
 62
     0
440
 16777216
100
AcDbPoint
 10
123050.2375019986
 20
2858.577425396296
 30
0.0
  0
POINT
  5
501
330
4F8
100
AcDbEntity
  8
Defpoints
 62
     0
440
 16777216
100
AcDbPoint
 10
123050.2375019986
 20
3033.577425396296
 30
0.0
  0
POINT
  5
502
330
4F8
100
AcDbEntity
  8
Defpoints
 62
     0
440
 16777216
100
AcDbPoint
 10
123050.237501999
 20
3033.577425396296
 30
0.0
  0
ENDBLK
  5
503
330
4F8
100
AcDbEntity
  8
0
100
AcDbBlockEnd
  0
BLOCK
  5
505
330
504
100
AcDbEntity
  8
0
100
AcDbBlockBegin
  2
*D51
 70
     1
 10
0.0
 20
0.0
 30
0.0
  3
*D51
  1

  0
LINE
  5
506
330
504
100
AcDbEntity
  8
AKS OLCU (BEYKENT)
 62
     0
440
 16777216
370
    -2
100
AcDbLine
 10
123053.2375019986
 20
3033.577425396296
 30
0.0
 11
123050.417501999
 21
3033.577425396296
 31
0.0
  0
LINE
  5
507
330
504
100
AcDbEntity
  8
AKS OLCU (BEYKENT)
 62
     0
440
 16777216
370
    -2
100
AcDbLine
 10
123053.2375019986
 20
3258.577425396297
 30
0.0
 11
123050.417501999
 21
3258.577425396297
 31
0.0
  0
LINE
  5
508
330
504
100
AcDbEntity
  8
AKS OLCU (BEYKENT)
 62
     0
440
 16777216
370
    -2
100
AcDbLine
 10
123050.237501999
 20
3033.577425396296
 30
0.0
 11
123050.237501999
 21
3258.577425396297
 31
0.0
  0
LINE
  5
509
330
504
100
AcDbEntity
  8
AKS OLCU (BEYKENT)
 62
     0
440
 16777216
370
    -2
100
AcDbLine
 10
123053.237501999
 20
3255.577425396297
 30
0.0
 11
123047.237501999
 21
3261.577425396296
 31
0.0
  0
LINE
  5
50A
330
504
100
AcDbEntity
  8
AKS OLCU (BEYKENT)
 62
     0
440
 16777216
370
    -2
100
AcDbLine
 10
123053.237501999
 20
3030.577425396296
 30
0.0
 11
123047.237501999
 21
3036.577425396295
 31
0.0
  0
MTEXT
  5
50B
330
504
100
AcDbEntity
  8
AKS OLCU (BEYKENT)
 62
     7
440
 16777216
100
AcDbMText
 10
123042.1137055753
 20
3146.07742539626
 30
0.0
 40
12.0
 41
0.0
 46
0.0
 71
     5
 72
     1
  1
\A1;225
  7
YAZI (BEYKENT)
 11
0.0000000000000001
 21
1.0
 31
0.0
 73
     1
 44
1.0
  0
POINT
  5
50C
330
504
100
AcDbEntity
  8
Defpoints
 62
     0
440
 16777216
100
AcDbPoint
 10
123050.2375019986
 20
3033.577425396296
 30
0.0
  0
POINT
  5
50D
330
504
100
AcDbEntity
  8
Defpoints
 62
     0
440
 16777216
100
AcDbPoint
 10
123050.2375019986
 20
3258.577425396297
 30
0.0
  0
POINT
  5
50E
330
504
100
AcDbEntity
  8
Defpoints
 62
     0
440
 16777216
100
AcDbPoint
 10
123050.237501999
 20
3258.577425396297
 30
0.0
  0
ENDBLK
  5
50F
330
504
100
AcDbEntity
  8
0
100
AcDbBlockEnd
  0
BLOCK
  5
511
330
510
100
AcDbEntity
  8
0
100
AcDbBlockBegin
  2
*D52
 70
     1
 10
0.0
 20
0.0
 30
0.0
  3
*D52
  1

  0
LINE
  5
512
330
510
100
AcDbEntity
  8
AKS OLCU (BEYKENT)
 62
     0
440
 16777216
370
    -2
100
AcDbLine
 10
123053.2375019986
 20
3258.577425396297
 30
0.0
 11
123050.417501999
 21
3258.577425396297
 31
0.0
  0
LINE
  5
513
330
510
100
AcDbEntity
  8
AKS OLCU (BEYKENT)
 62
     0
440
 16777216
370
    -2
100
AcDbLine
 10
123053.2375019986
 20
3558.577425396297
 30
0.0
 11
123050.417501999
 21
3558.577425396297
 31
0.0
  0
LINE
  5
514
330
510
100
AcDbEntity
  8
AKS OLCU (BEYKENT)
 62
     0
440
 16777216
370
    -2
100
AcDbLine
 10
123050.237501999
 20
3258.577425396297
 30
0.0
 11
123050.237501999
 21
3558.577425396297
 31
0.0
  0
LINE
  5
515
330
510
100
AcDbEntity
  8
AKS OLCU (BEYKENT)
 62
     0
440
 16777216
370
    -2
100
AcDbLine
 10
123053.237501999
 20
3555.577425396297
 30
0.0
 11
123047.237501999
 21
3561.577425396296
 31
0.0
  0
LINE
  5
516
330
510
100
AcDbEntity
  8
AKS OLCU (BEYKENT)
 62
     0
440
 16777216
370
    -2
100
AcDbLine
 10
123053.237501999
 20
3255.577425396297
 30
0.0
 11
123047.237501999
 21
3261.577425396296
 31
0.0
  0
MTEXT
  5
517
330
510
100
AcDbEntity
  8
AKS OLCU (BEYKENT)
 62
     7
440
 16777216
100
AcDbMText
 10
123042.1137055753
 20
3408.577425396261
 30
0.0
 40
12.0
 41
0.0
 46
0.0
 71
     5
 72
     1
  1
\A1;300
  7
YAZI (BEYKENT)
 11
0.0000000000000001
 21
1.0
 31
0.0
 73
     1
 44
1.0
  0
POINT
  5
518
330
510
100
AcDbEntity
  8
Defpoints
 62
     0
440
 16777216
100
AcDbPoint
 10
123050.2375019986
 20
3258.577425396297
 30
0.0
  0
POINT
  5
519
330
510
100
AcDbEntity
  8
Defpoints
 62
     0
440
 16777216
100
AcDbPoint
 10
123050.2375019986
 20
3558.577425396297
 30
0.0
  0
POINT
  5
51A
330
510
100
AcDbEntity
  8
Defpoints
 62
     0
440
 16777216
100
AcDbPoint
 10
123050.237501999
 20
3558.577425396297
 30
0.0
  0
ENDBLK
  5
51B
330
510
100
AcDbEntity
  8
0
100
AcDbBlockEnd
  0
BLOCK
  5
51D
330
51C
100
AcDbEntity
  8
0
100
AcDbBlockBegin
  2
*D53
 70
     1
 10
0.0
 20
0.0
 30
0.0
  3
*D53
  1

  0
LINE
  5
51E
330
51C
100
AcDbEntity
  8
OLCU (BEYKENT)
 62
     0
440
 16777216
370
    -2
100
AcDbLine
 10
117748.2421511606
 20
4008.577425396297
 30
0.0
 11
117765.4221511609
 21
4008.577425396298
 31
0.0
  0
LINE
  5
51F
330
51C
100
AcDbEntity
  8
OLCU (BEYKENT)
 62
     0
440
 16777216
370
    -2
100
AcDbLine
 10
117748.2421511606
 20
3988.577425396297
 30
0.0
 11
117765.4221511609
 21
3988.577425396298
 31
0.0
  0
LINE
  5
520
330
51C
100
AcDbEntity
  8
OLCU (BEYKENT)
 62
     0
440
 16777216
370
    -2
100
AcDbLine
 10
117765.2421511609
 20
4008.577425396298
 30
0.0
 11
117765.2421511609
 21
3988.577425396298
 31
0.0
  0
LINE
  5
521
330
51C
100
AcDbEntity
  8
OLCU (BEYKENT)
 62
     0
440
 16777216
370
    -2
100
AcDbLine
 10
117768.2421511609
 20
3985.577425396298
 30
0.0
 11
117762.2421511609
 21
3991.577425396298
 31
0.0
  0
LINE
  5
522
330
51C
100
AcDbEntity
  8
OLCU (BEYKENT)
 62
     0
440
 16777216
370
    -2
100
AcDbLine
 10
117768.2421511609
 20
4005.577425396298
 30
0.0
 11
117762.2421511609
 21
4011.577425396297
 31
0.0
  0
MTEXT
  5
523
330
51C
100
AcDbEntity
  8
OLCU (BEYKENT)
 62
     7
440
 16777216
370
    20
100
AcDbMText
 10
117757.1183547372
 20
3998.577425396263
 30
0.0
 40
12.0
 41
0.0
 46
0.0
 71
     5
 72
     1
  1
\A1;20
  7
YAZI (BEYKENT)
 11
0.0000000000000001
 21
1.0
 31
0.0
 73
     1
 44
1.0
  0
POINT
  5
524
330
51C
100
AcDbEntity
  8
Defpoints
 62
     0
440
 16777216
100
AcDbPoint
 10
117745.2421511606
 20
4008.577425396297
 30
0.0
  0
POINT
  5
525
330
51C
100
AcDbEntity
  8
Defpoints
 62
     0
440
 16777216
100
AcDbPoint
 10
117745.2421511606
 20
3988.577425396297
 30
0.0
  0
POINT
  5
526
330
51C
100
AcDbEntity
  8
Defpoints
 62
     0
440
 16777216
100
AcDbPoint
 10
117765.2421511609
 20
3988.577425396298
 30
0.0
  0
ENDBLK
  5
527
330
51C
100
AcDbEntity
  8
0
100
AcDbBlockEnd
  0
BLOCK
  5
529
330
528
100
AcDbEntity
  8
0
100
AcDbBlockBegin
  2
*D54
 70
     1
 10
0.0
 20
0.0
 30
0.0
  3
*D54
  1

  0
LINE
  5
52A
330
528
100
AcDbEntity
  8
OLCU (BEYKENT)
 62
     0
440
 16777216
370
    -2
100
AcDbLine
 10
117748.2421511606
 20
3988.577425396297
 30
0.0
 11
117765.4221511609
 21
3988.577425396298
 31
0.0
  0
LINE
  5
52B
330
528
100
AcDbEntity
  8
OLCU (BEYKENT)
 62
     0
440
 16777216
370
    -2
100
AcDbLine
 10
117748.2421511606
 20
3948.577425396297
 30
0.0
 11
117765.4221511609
 21
3948.577425396298
 31
0.0
  0
LINE
  5
52C
330
528
100
AcDbEntity
  8
OLCU (BEYKENT)
 62
     0
440
 16777216
370
    -2
100
AcDbLine
 10
117765.2421511609
 20
3988.577425396298
 30
0.0
 11
117765.2421511609
 21
3948.577425396298
 31
0.0
  0
LINE
  5
52D
330
528
100
AcDbEntity
  8
OLCU (BEYKENT)
 62
     0
440
 16777216
370
    -2
100
AcDbLine
 10
117768.2421511609
 20
3945.577425396298
 30
0.0
 11
117762.2421511609
 21
3951.577425396298
 31
0.0
  0
LINE
  5
52E
330
528
100
AcDbEntity
  8
OLCU (BEYKENT)
 62
     0
440
 16777216
370
    -2
100
AcDbLine
 10
117768.2421511609
 20
3985.577425396298
 30
0.0
 11
117762.2421511609
 21
3991.577425396298
 31
0.0
  0
MTEXT
  5
52F
330
528
100
AcDbEntity
  8
OLCU (BEYKENT)
 62
     7
440
 16777216
370
    20
100
AcDbMText
 10
117757.1183547372
 20
3968.577425396264
 30
0.0
 40
12.0
 41
0.0
 46
0.0
 71
     5
 72
     1
  1
\A1;40
  7
YAZI (BEYKENT)
 11
0.0000000000000001
 21
1.0
 31
0.0
 73
     1
 44
1.0
  0
POINT
  5
530
330
528
100
AcDbEntity
  8
Defpoints
 62
     0
440
 16777216
100
AcDbPoint
 10
117745.2421511606
 20
3988.577425396297
 30
0.0
  0
POINT
  5
531
330
528
100
AcDbEntity
  8
Defpoints
 62
     0
440
 16777216
100
AcDbPoint
 10
117745.2421511606
 20
3948.577425396297
 30
0.0
  0
POINT
  5
532
330
528
100
AcDbEntity
  8
Defpoints
 62
     0
440
 16777216
100
AcDbPoint
 10
117765.2421511609
 20
3948.577425396298
 30
0.0
  0
ENDBLK
  5
533
330
528
100
AcDbEntity
  8
0
100
AcDbBlockEnd
  0
BLOCK
  5
535
330
534
100
AcDbEntity
  8
0
100
AcDbBlockBegin
  2
*D55
 70
     1
 10
0.0
 20
0.0
 30
0.0
  3
*D55
  1

  0
LINE
  5
536
330
534
100
AcDbEntity
  8
OLCU (BEYKENT)
 62
     0
440
 16777216
370
    -2
100
AcDbLine
 10
117748.2421511606
 20
4008.577425396297
 30
0.0
 11
117785.4221511609
 21
4008.577425396298
 31
0.0
  0
LINE
  5
537
330
534
100
AcDbEntity
  8
OLCU (BEYKENT)
 62
     0
440
 16777216
370
    -2
100
AcDbLine
 10
117748.2421511606
 20
3948.577425396297
 30
0.0
 11
117785.4221511609
 21
3948.577425396298
 31
0.0
  0
LINE
  5
538
330
534
100
AcDbEntity
  8
OLCU (BEYKENT)
 62
     0
440
 16777216
370
    -2
100
AcDbLine
 10
117785.2421511609
 20
4008.577425396298
 30
0.0
 11
117785.2421511609
 21
3948.577425396298
 31
0.0
  0
LINE
  5
539
330
534
100
AcDbEntity
  8
OLCU (BEYKENT)
 62
     0
440
 16777216
370
    -2
100
AcDbLine
 10
117788.2421511609
 20
3945.577425396298
 30
0.0
 11
117782.2421511609
 21
3951.577425396298
 31
0.0
  0
LINE
  5
53A
330
534
100
AcDbEntity
  8
OLCU (BEYKENT)
 62
     0
440
 16777216
370
    -2
100
AcDbLine
 10
117788.2421511609
 20
4005.577425396298
 30
0.0
 11
117782.2421511609
 21
4011.577425396297
 31
0.0
  0
MTEXT
  5
53B
330
534
100
AcDbEntity
  8
OLCU (BEYKENT)
 62
     7
440
 16777216
370
    20
100
AcDbMText
 10
117777.1183547372
 20
3978.577425396263
 30
0.0
 40
12.0
 41
0.0
 46
0.0
 71
     5
 72
     1
  1
\A1;60
  7
YAZI (BEYKENT)
 11
0.0000000000000001
 21
1.0
 31
0.0
 73
     1
 44
1.0
  0
POINT
  5
53C
330
534
100
AcDbEntity
  8
Defpoints
 62
     0
440
 16777216
100
AcDbPoint
 10
117745.2421511606
 20
4008.577425396297
 30
0.0
  0
POINT
  5
53D
330
534
100
AcDbEntity
  8
Defpoints
 62
     0
440
 16777216
100
AcDbPoint
 10
117745.2421511606
 20
3948.577425396297
 30
0.0
  0
POINT
  5
53E
330
534
100
AcDbEntity
  8
Defpoints
 62
     0
440
 16777216
100
AcDbPoint
 10
117785.2421511609
 20
3948.577425396298
 30
0.0
  0
ENDBLK
  5
53F
330
534
100
AcDbEntity
  8
0
100
AcDbBlockEnd
  0
BLOCK
  5
541
330
540
100
AcDbEntity
  8
0
100
AcDbBlockBegin
  2
*D56
 70
     1
 10
0.0
 20
0.0
 30
0.0
  3
*D56
  1

  0
LINE
  5
542
330
540
100
AcDbEntity
  8
OLCU (BEYKENT)
 62
     0
440
 16777216
370
    -2
100
AcDbLine
 10
118598.2375019986
 20
4008.577425396297
 30
0.0
 11
118615.4175019989
 21
4008.577425396297
 31
0.0
  0
LINE
  5
543
330
540
100
AcDbEntity
  8
OLCU (BEYKENT)
 62
     0
440
 16777216
370
    -2
100
AcDbLine
 10
118598.2375019986
 20
3988.577425396297
 30
0.0
 11
118615.4175019989
 21
3988.577425396297
 31
0.0
  0
LINE
  5
544
330
540
100
AcDbEntity
  8
OLCU (BEYKENT)
 62
     0
440
 16777216
370
    -2
100
AcDbLine
 10
118615.2375019989
 20
4008.577425396297
 30
0.0
 11
118615.2375019989
 21
3988.577425396297
 31
0.0
  0
LINE
  5
545
330
540
100
AcDbEntity
  8
OLCU (BEYKENT)
 62
     0
440
 16777216
370
    -2
100
AcDbLine
 10
118618.2375019989
 20
3985.577425396297
 30
0.0
 11
118612.2375019989
 21
3991.577425396297
 31
0.0
  0
LINE
  5
546
330
540
100
AcDbEntity
  8
OLCU (BEYKENT)
 62
     0
440
 16777216
370
    -2
100
AcDbLine
 10
118618.2375019989
 20
4005.577425396297
 30
0.0
 11
118612.2375019989
 21
4011.577425396297
 31
0.0
  0
MTEXT
  5
547
330
540
100
AcDbEntity
  8
OLCU (BEYKENT)
 62
     7
440
 16777216
370
    20
100
AcDbMText
 10
118607.1137055752
 20
3998.577425396263
 30
0.0
 40
12.0
 41
0.0
 46
0.0
 71
     5
 72
     1
  1
\A1;20
  7
YAZI (BEYKENT)
 11
0.0000000000000001
 21
1.0
 31
0.0
 73
     1
 44
1.0
  0
POINT
  5
548
330
540
100
AcDbEntity
  8
Defpoints
 62
     0
440
 16777216
100
AcDbPoint
 10
118595.2375019986
 20
4008.577425396297
 30
0.0
  0
POINT
  5
549
330
540
100
AcDbEntity
  8
Defpoints
 62
     0
440
 16777216
100
AcDbPoint
 10
118595.2375019986
 20
3988.577425396297
 30
0.0
  0
POINT
  5
54A
330
540
100
AcDbEntity
  8
Defpoints
 62
     0
440
 16777216
100
AcDbPoint
 10
118615.2375019989
 20
3988.577425396297
 30
0.0
  0
ENDBLK
  5
54B
330
540
100
AcDbEntity
  8
0
100
AcDbBlockEnd
  0
BLOCK
  5
54D
330
54C
100
AcDbEntity
  8
0
100
AcDbBlockBegin
  2
*D57
 70
     1
 10
0.0
 20
0.0
 30
0.0
  3
*D57
  1

  0
LINE
  5
54E
330
54C
100
AcDbEntity
  8
OLCU (BEYKENT)
 62
     0
440
 16777216
370
    -2
100
AcDbLine
 10
118598.2375019986
 20
3988.577425396297
 30
0.0
 11
118615.4175019989
 21
3988.577425396297
 31
0.0
  0
LINE
  5
54F
330
54C
100
AcDbEntity
  8
OLCU (BEYKENT)
 62
     0
440
 16777216
370
    -2
100
AcDbLine
 10
118598.2375019986
 20
3948.577425396297
 30
0.0
 11
118615.4175019989
 21
3948.577425396297
 31
0.0
  0
LINE
  5
550
330
54C
100
AcDbEntity
  8
OLCU (BEYKENT)
 62
     0
440
 16777216
370
    -2
100
AcDbLine
 10
118615.2375019989
 20
3988.577425396297
 30
0.0
 11
118615.2375019989
 21
3948.577425396297
 31
0.0
  0
LINE
  5
551
330
54C
100
AcDbEntity
  8
OLCU (BEYKENT)
 62
     0
440
 16777216
370
    -2
100
AcDbLine
 10
118618.2375019989
 20
3945.577425396297
 30
0.0
 11
118612.2375019989
 21
3951.577425396298
 31
0.0
  0
LINE
  5
552
330
54C
100
AcDbEntity
  8
OLCU (BEYKENT)
 62
     0
440
 16777216
370
    -2
100
AcDbLine
 10
118618.2375019989
 20
3985.577425396297
 30
0.0
 11
118612.2375019989
 21
3991.577425396297
 31
0.0
  0
MTEXT
  5
553
330
54C
100
AcDbEntity
  8
OLCU (BEYKENT)
 62
     7
440
 16777216
370
    20
100
AcDbMText
 10
118607.1137055752
 20
3968.577425396263
 30
0.0
 40
12.0
 41
0.0
 46
0.0
 71
     5
 72
     1
  1
\A1;40
  7
YAZI (BEYKENT)
 11
0.0000000000000001
 21
1.0
 31
0.0
 73
     1
 44
1.0
  0
POINT
  5
554
330
54C
100
AcDbEntity
  8
Defpoints
 62
     0
440
 16777216
100
AcDbPoint
 10
118595.2375019986
 20
3988.577425396297
 30
0.0
  0
POINT
  5
555
330
54C
100
AcDbEntity
  8
Defpoints
 62
     0
440
 16777216
100
AcDbPoint
 10
118595.2375019986
 20
3948.577425396297
 30
0.0
  0
POINT
  5
556
330
54C
100
AcDbEntity
  8
Defpoints
 62
     0
440
 16777216
100
AcDbPoint
 10
118615.2375019989
 20
3948.577425396297
 30
0.0
  0
ENDBLK
  5
557
330
54C
100
AcDbEntity
  8
0
100
AcDbBlockEnd
  0
BLOCK
  5
559
330
558
100
AcDbEntity
  8
0
100
AcDbBlockBegin
  2
*D58
 70
     1
 10
0.0
 20
0.0
 30
0.0
  3
*D58
  1

  0
LINE
  5
55A
330
558
100
AcDbEntity
  8
OLCU (BEYKENT)
 62
     0
440
 16777216
370
    -2
100
AcDbLine
 10
118598.2375019986
 20
4008.577425396297
 30
0.0
 11
118635.4175019989
 21
4008.577425396297
 31
0.0
  0
LINE
  5
55B
330
558
100
AcDbEntity
  8
OLCU (BEYKENT)
 62
     0
440
 16777216
370
    -2
100
AcDbLine
 10
118598.2375019986
 20
3948.577425396297
 30
0.0
 11
118635.4175019989
 21
3948.577425396297
 31
0.0
  0
LINE
  5
55C
330
558
100
AcDbEntity
  8
OLCU (BEYKENT)
 62
     0
440
 16777216
370
    -2
100
AcDbLine
 10
118635.2375019989
 20
4008.577425396297
 30
0.0
 11
118635.2375019989
 21
3948.577425396297
 31
0.0
  0
LINE
  5
55D
330
558
100
AcDbEntity
  8
OLCU (BEYKENT)
 62
     0
440
 16777216
370
    -2
100
AcDbLine
 10
118638.2375019989
 20
3945.577425396297
 30
0.0
 11
118632.2375019989
 21
3951.577425396298
 31
0.0
  0
LINE
  5
55E
330
558
100
AcDbEntity
  8
OLCU (BEYKENT)
 62
     0
440
 16777216
370
    -2
100
AcDbLine
 10
118638.2375019989
 20
4005.577425396297
 30
0.0
 11
118632.2375019989
 21
4011.577425396297
 31
0.0
  0
MTEXT
  5
55F
330
558
100
AcDbEntity
  8
OLCU (BEYKENT)
 62
     7
440
 16777216
370
    20
100
AcDbMText
 10
118627.1137055752
 20
3978.577425396263
 30
0.0
 40
12.0
 41
0.0
 46
0.0
 71
     5
 72
     1
  1
\A1;60
  7
YAZI (BEYKENT)
 11
0.0000000000000001
 21
1.0
 31
0.0
 73
     1
 44
1.0
  0
POINT
  5
560
330
558
100
AcDbEntity
  8
Defpoints
 62
     0
440
 16777216
100
AcDbPoint
 10
118595.2375019986
 20
4008.577425396297
 30
0.0
  0
POINT
  5
561
330
558
100
AcDbEntity
  8
Defpoints
 62
     0
440
 16777216
100
AcDbPoint
 10
118595.2375019986
 20
3948.577425396297
 30
0.0
  0
POINT
  5
562
330
558
100
AcDbEntity
  8
Defpoints
 62
     0
440
 16777216
100
AcDbPoint
 10
118635.2375019989
 20
3948.577425396297
 30
0.0
  0
ENDBLK
  5
563
330
558
100
AcDbEntity
  8
0
100
AcDbBlockEnd
  0
BLOCK
  5
565
330
564
100
AcDbEntity
  8
0
100
AcDbBlockBegin
  2
*D59
 70
     1
 10
0.0
 20
0.0
 30
0.0
  3
*D59
  1

  0
LINE
  5
566
330
564
100
AcDbEntity
  8
OLCU (BEYKENT)
 62
     0
440
 16777216
370
    -2
100
AcDbLine
 10
119248.2375019985
 20
4008.577425396297
 30
0.0
 11
119265.4175019989
 21
4008.577425396297
 31
0.0
  0
LINE
  5
567
330
564
100
AcDbEntity
  8
OLCU (BEYKENT)
 62
     0
440
 16777216
370
    -2
100
AcDbLine
 10
119248.2375019985
 20
3988.577425396297
 30
0.0
 11
119265.4175019989
 21
3988.577425396297
 31
0.0
  0
LINE
  5
568
330
564
100
AcDbEntity
  8
OLCU (BEYKENT)
 62
     0
440
 16777216
370
    -2
100
AcDbLine
 10
119265.2375019989
 20
4008.577425396297
 30
0.0
 11
119265.2375019989
 21
3988.577425396297
 31
0.0
  0
LINE
  5
569
330
564
100
AcDbEntity
  8
OLCU (BEYKENT)
 62
     0
440
 16777216
370
    -2
100
AcDbLine
 10
119268.2375019989
 20
3985.577425396297
 30
0.0
 11
119262.2375019989
 21
3991.577425396297
 31
0.0
  0
LINE
  5
56A
330
564
100
AcDbEntity
  8
OLCU (BEYKENT)
 62
     0
440
 16777216
370
    -2
100
AcDbLine
 10
119268.2375019989
 20
4005.577425396297
 30
0.0
 11
119262.2375019989
 21
4011.577425396297
 31
0.0
  0
MTEXT
  5
56B
330
564
100
AcDbEntity
  8
OLCU (BEYKENT)
 62
     7
440
 16777216
370
    20
100
AcDbMText
 10
119257.1137055752
 20
3998.577425396263
 30
0.0
 40
12.0
 41
0.0
 46
0.0
 71
     5
 72
     1
  1
\A1;20
  7
YAZI (BEYKENT)
 11
0.0000000000000001
 21
1.0
 31
0.0
 73
     1
 44
1.0
  0
POINT
  5
56C
330
564
100
AcDbEntity
  8
Defpoints
 62
     0
440
 16777216
100
AcDbPoint
 10
119245.2375019986
 20
4008.577425396297
 30
0.0
  0
POINT
  5
56D
330
564
100
AcDbEntity
  8
Defpoints
 62
     0
440
 16777216
100
AcDbPoint
 10
119245.2375019986
 20
3988.577425396297
 30
0.0
  0
POINT
  5
56E
330
564
100
AcDbEntity
  8
Defpoints
 62
     0
440
 16777216
100
AcDbPoint
 10
119265.2375019989
 20
3988.577425396297
 30
0.0
  0
ENDBLK
  5
56F
330
564
100
AcDbEntity
  8
0
100
AcDbBlockEnd
  0
BLOCK
  5
571
330
570
100
AcDbEntity
  8
0
100
AcDbBlockBegin
  2
*D60
 70
     1
 10
0.0
 20
0.0
 30
0.0
  3
*D60
  1

  0
LINE
  5
572
330
570
100
AcDbEntity
  8
OLCU (BEYKENT)
 62
     0
440
 16777216
370
    -2
100
AcDbLine
 10
119248.2375019985
 20
3988.577425396297
 30
0.0
 11
119265.4175019989
 21
3988.577425396297
 31
0.0
  0
LINE
  5
573
330
570
100
AcDbEntity
  8
OLCU (BEYKENT)
 62
     0
440
 16777216
370
    -2
100
AcDbLine
 10
119248.2375019985
 20
3948.577425396297
 30
0.0
 11
119265.4175019989
 21
3948.577425396297
 31
0.0
  0
LINE
  5
574
330
570
100
AcDbEntity
  8
OLCU (BEYKENT)
 62
     0
440
 16777216
370
    -2
100
AcDbLine
 10
119265.2375019989
 20
3988.577425396297
 30
0.0
 11
119265.2375019989
 21
3948.577425396297
 31
0.0
  0
LINE
  5
575
330
570
100
AcDbEntity
  8
OLCU (BEYKENT)
 62
     0
440
 16777216
370
    -2
100
AcDbLine
 10
119268.2375019989
 20
3945.577425396297
 30
0.0
 11
119262.2375019989
 21
3951.577425396298
 31
0.0
  0
LINE
  5
576
330
570
100
AcDbEntity
  8
OLCU (BEYKENT)
 62
     0
440
 16777216
370
    -2
100
AcDbLine
 10
119268.2375019989
 20
3985.577425396297
 30
0.0
 11
119262.2375019989
 21
3991.577425396297
 31
0.0
  0
MTEXT
  5
577
330
570
100
AcDbEntity
  8
OLCU (BEYKENT)
 62
     7
440
 16777216
370
    20
100
AcDbMText
 10
119257.1137055752
 20
3968.577425396263
 30
0.0
 40
12.0
 41
0.0
 46
0.0
 71
     5
 72
     1
  1
\A1;40
  7
YAZI (BEYKENT)
 11
0.0000000000000001
 21
1.0
 31
0.0
 73
     1
 44
1.0
  0
POINT
  5
578
330
570
100
AcDbEntity
  8
Defpoints
 62
     0
440
 16777216
100
AcDbPoint
 10
119245.2375019986
 20
3988.577425396297
 30
0.0
  0
POINT
  5
579
330
570
100
AcDbEntity
  8
Defpoints
 62
     0
440
 16777216
100
AcDbPoint
 10
119245.2375019986
 20
3948.577425396297
 30
0.0
  0
POINT
  5
57A
330
570
100
AcDbEntity
  8
Defpoints
 62
     0
440
 16777216
100
AcDbPoint
 10
119265.2375019989
 20
3948.577425396297
 30
0.0
  0
ENDBLK
  5
57B
330
570
100
AcDbEntity
  8
0
100
AcDbBlockEnd
  0
BLOCK
  5
57D
330
57C
100
AcDbEntity
  8
0
100
AcDbBlockBegin
  2
*D61
 70
     1
 10
0.0
 20
0.0
 30
0.0
  3
*D61
  1

  0
LINE
  5
57E
330
57C
100
AcDbEntity
  8
OLCU (BEYKENT)
 62
     0
440
 16777216
370
    -2
100
AcDbLine
 10
119248.2375019985
 20
4008.577425396297
 30
0.0
 11
119285.4175019989
 21
4008.577425396297
 31
0.0
  0
LINE
  5
57F
330
57C
100
AcDbEntity
  8
OLCU (BEYKENT)
 62
     0
440
 16777216
370
    -2
100
AcDbLine
 10
119248.2375019985
 20
3948.577425396297
 30
0.0
 11
119285.4175019989
 21
3948.577425396297
 31
0.0
  0
LINE
  5
580
330
57C
100
AcDbEntity
  8
OLCU (BEYKENT)
 62
     0
440
 16777216
370
    -2
100
AcDbLine
 10
119285.2375019989
 20
4008.577425396297
 30
0.0
 11
119285.2375019989
 21
3948.577425396297
 31
0.0
  0
LINE
  5
581
330
57C
100
AcDbEntity
  8
OLCU (BEYKENT)
 62
     0
440
 16777216
370
    -2
100
AcDbLine
 10
119288.2375019989
 20
3945.577425396297
 30
0.0
 11
119282.2375019989
 21
3951.577425396298
 31
0.0
  0
LINE
  5
582
330
57C
100
AcDbEntity
  8
OLCU (BEYKENT)
 62
     0
440
 16777216
370
    -2
100
AcDbLine
 10
119288.2375019989
 20
4005.577425396297
 30
0.0
 11
119282.2375019989
 21
4011.577425396297
 31
0.0
  0
MTEXT
  5
583
330
57C
100
AcDbEntity
  8
OLCU (BEYKENT)
 62
     7
440
 16777216
370
    20
100
AcDbMText
 10
119277.1137055752
 20
3978.577425396263
 30
0.0
 40
12.0
 41
0.0
 46
0.0
 71
     5
 72
     1
  1
\A1;60
  7
YAZI (BEYKENT)
 11
0.0000000000000001
 21
1.0
 31
0.0
 73
     1
 44
1.0
  0
POINT
  5
584
330
57C
100
AcDbEntity
  8
Defpoints
 62
     0
440
 16777216
100
AcDbPoint
 10
119245.2375019986
 20
4008.577425396297
 30
0.0
  0
POINT
  5
585
330
57C
100
AcDbEntity
  8
Defpoints
 62
     0
440
 16777216
100
AcDbPoint
 10
119245.2375019986
 20
3948.577425396297
 30
0.0
  0
POINT
  5
586
330
57C
100
AcDbEntity
  8
Defpoints
 62
     0
440
 16777216
100
AcDbPoint
 10
119285.2375019989
 20
3948.577425396297
 30
0.0
  0
ENDBLK
  5
587
330
57C
100
AcDbEntity
  8
0
100
AcDbBlockEnd
  0
BLOCK
  5
589
330
588
100
AcDbEntity
  8
0
100
AcDbBlockBegin
  2
*D62
 70
     1
 10
0.0
 20
0.0
 30
0.0
  3
*D62
  1

  0
LINE
  5
58A
330
588
100
AcDbEntity
  8
OLCU (BEYKENT)
 62
     0
440
 16777216
370
    -2
100
AcDbLine
 10
120098.2375019986
 20
4008.577425396297
 30
0.0
 11
120115.4175019989
 21
4008.577425396297
 31
0.0
  0
LINE
  5
58B
330
588
100
AcDbEntity
  8
OLCU (BEYKENT)
 62
     0
440
 16777216
370
    -2
100
AcDbLine
 10
120098.2375019986
 20
3988.577425396297
 30
0.0
 11
120115.4175019989
 21
3988.577425396297
 31
0.0
  0
LINE
  5
58C
330
588
100
AcDbEntity
  8
OLCU (BEYKENT)
 62
     0
440
 16777216
370
    -2
100
AcDbLine
 10
120115.2375019989
 20
4008.577425396297
 30
0.0
 11
120115.2375019989
 21
3988.577425396297
 31
0.0
  0
LINE
  5
58D
330
588
100
AcDbEntity
  8
OLCU (BEYKENT)
 62
     0
440
 16777216
370
    -2
100
AcDbLine
 10
120118.2375019989
 20
3985.577425396297
 30
0.0
 11
120112.2375019989
 21
3991.577425396297
 31
0.0
  0
LINE
  5
58E
330
588
100
AcDbEntity
  8
OLCU (BEYKENT)
 62
     0
440
 16777216
370
    -2
100
AcDbLine
 10
120118.2375019989
 20
4005.577425396297
 30
0.0
 11
120112.2375019989
 21
4011.577425396297
 31
0.0
  0
MTEXT
  5
58F
330
588
100
AcDbEntity
  8
OLCU (BEYKENT)
 62
     7
440
 16777216
370
    20
100
AcDbMText
 10
120107.1137055752
 20
3998.577425396263
 30
0.0
 40
12.0
 41
0.0
 46
0.0
 71
     5
 72
     1
  1
\A1;20
  7
YAZI (BEYKENT)
 11
0.0000000000000001
 21
1.0
 31
0.0
 73
     1
 44
1.0
  0
POINT
  5
590
330
588
100
AcDbEntity
  8
Defpoints
 62
     0
440
 16777216
100
AcDbPoint
 10
120095.2375019985
 20
4008.577425396297
 30
0.0
  0
POINT
  5
591
330
588
100
AcDbEntity
  8
Defpoints
 62
     0
440
 16777216
100
AcDbPoint
 10
120095.2375019985
 20
3988.577425396297
 30
0.0
  0
POINT
  5
592
330
588
100
AcDbEntity
  8
Defpoints
 62
     0
440
 16777216
100
AcDbPoint
 10
120115.2375019989
 20
3988.577425396297
 30
0.0
  0
ENDBLK
  5
593
330
588
100
AcDbEntity
  8
0
100
AcDbBlockEnd
  0
BLOCK
  5
595
330
594
100
AcDbEntity
  8
0
100
AcDbBlockBegin
  2
*D63
 70
     1
 10
0.0
 20
0.0
 30
0.0
  3
*D63
  1

  0
LINE
  5
596
330
594
100
AcDbEntity
  8
OLCU (BEYKENT)
 62
     0
440
 16777216
370
    -2
100
AcDbLine
 10
120098.2375019986
 20
3988.577425396297
 30
0.0
 11
120115.4175019989
 21
3988.577425396297
 31
0.0
  0
LINE
  5
597
330
594
100
AcDbEntity
  8
OLCU (BEYKENT)
 62
     0
440
 16777216
370
    -2
100
AcDbLine
 10
120098.2375019986
 20
3948.577425396297
 30
0.0
 11
120115.4175019989
 21
3948.577425396297
 31
0.0
  0
LINE
  5
598
330
594
100
AcDbEntity
  8
OLCU (BEYKENT)
 62
     0
440
 16777216
370
    -2
100
AcDbLine
 10
120115.2375019989
 20
3988.577425396297
 30
0.0
 11
120115.2375019989
 21
3948.577425396297
 31
0.0
  0
LINE
  5
599
330
594
100
AcDbEntity
  8
OLCU (BEYKENT)
 62
     0
440
 16777216
370
    -2
100
AcDbLine
 10
120118.2375019989
 20
3945.577425396297
 30
0.0
 11
120112.2375019989
 21
3951.577425396298
 31
0.0
  0
LINE
  5
59A
330
594
100
AcDbEntity
  8
OLCU (BEYKENT)
 62
     0
440
 16777216
370
    -2
100
AcDbLine
 10
120118.2375019989
 20
3985.577425396297
 30
0.0
 11
120112.2375019989
 21
3991.577425396297
 31
0.0
  0
MTEXT
  5
59B
330
594
100
AcDbEntity
  8
OLCU (BEYKENT)
 62
     7
440
 16777216
370
    20
100
AcDbMText
 10
120107.1137055752
 20
3968.577425396262
 30
0.0
 40
12.0
 41
0.0
 46
0.0
 71
     5
 72
     1
  1
\A1;40
  7
YAZI (BEYKENT)
 11
0.0000000000000001
 21
1.0
 31
0.0
 73
     1
 44
1.0
  0
POINT
  5
59C
330
594
100
AcDbEntity
  8
Defpoints
 62
     0
440
 16777216
100
AcDbPoint
 10
120095.2375019985
 20
3988.577425396297
 30
0.0
  0
POINT
  5
59D
330
594
100
AcDbEntity
  8
Defpoints
 62
     0
440
 16777216
100
AcDbPoint
 10
120095.2375019985
 20
3948.577425396297
 30
0.0
  0
POINT
  5
59E
330
594
100
AcDbEntity
  8
Defpoints
 62
     0
440
 16777216
100
AcDbPoint
 10
120115.2375019989
 20
3948.577425396297
 30
0.0
  0
ENDBLK
  5
59F
330
594
100
AcDbEntity
  8
0
100
AcDbBlockEnd
  0
BLOCK
  5
5A1
330
5A0
100
AcDbEntity
  8
0
100
AcDbBlockBegin
  2
*D64
 70
     1
 10
0.0
 20
0.0
 30
0.0
  3
*D64
  1

  0
LINE
  5
5A2
330
5A0
100
AcDbEntity
  8
OLCU (BEYKENT)
 62
     0
440
 16777216
370
    -2
100
AcDbLine
 10
120098.2375019986
 20
4008.577425396297
 30
0.0
 11
120135.4175019989
 21
4008.577425396297
 31
0.0
  0
LINE
  5
5A3
330
5A0
100
AcDbEntity
  8
OLCU (BEYKENT)
 62
     0
440
 16777216
370
    -2
100
AcDbLine
 10
120098.2375019986
 20
3948.577425396297
 30
0.0
 11
120135.4175019989
 21
3948.577425396297
 31
0.0
  0
LINE
  5
5A4
330
5A0
100
AcDbEntity
  8
OLCU (BEYKENT)
 62
     0
440
 16777216
370
    -2
100
AcDbLine
 10
120135.2375019989
 20
4008.577425396297
 30
0.0
 11
120135.2375019989
 21
3948.577425396297
 31
0.0
  0
LINE
  5
5A5
330
5A0
100
AcDbEntity
  8
OLCU (BEYKENT)
 62
     0
440
 16777216
370
    -2
100
AcDbLine
 10
120138.2375019989
 20
3945.577425396297
 30
0.0
 11
120132.2375019989
 21
3951.577425396298
 31
0.0
  0
LINE
  5
5A6
330
5A0
100
AcDbEntity
  8
OLCU (BEYKENT)
 62
     0
440
 16777216
370
    -2
100
AcDbLine
 10
120138.2375019989
 20
4005.577425396297
 30
0.0
 11
120132.2375019989
 21
4011.577425396297
 31
0.0
  0
MTEXT
  5
5A7
330
5A0
100
AcDbEntity
  8
OLCU (BEYKENT)
 62
     7
440
 16777216
370
    20
100
AcDbMText
 10
120127.1137055752
 20
3978.577425396262
 30
0.0
 40
12.0
 41
0.0
 46
0.0
 71
     5
 72
     1
  1
\A1;60
  7
YAZI (BEYKENT)
 11
0.0000000000000001
 21
1.0
 31
0.0
 73
     1
 44
1.0
  0
POINT
  5
5A8
330
5A0
100
AcDbEntity
  8
Defpoints
 62
     0
440
 16777216
100
AcDbPoint
 10
120095.2375019985
 20
4008.577425396297
 30
0.0
  0
POINT
  5
5A9
330
5A0
100
AcDbEntity
  8
Defpoints
 62
     0
440
 16777216
100
AcDbPoint
 10
120095.2375019985
 20
3948.577425396297
 30
0.0
  0
POINT
  5
5AA
330
5A0
100
AcDbEntity
  8
Defpoints
 62
     0
440
 16777216
100
AcDbPoint
 10
120135.2375019989
 20
3948.577425396297
 30
0.0
  0
ENDBLK
  5
5AB
330
5A0
100
AcDbEntity
  8
0
100
AcDbBlockEnd
  0
BLOCK
  5
5AD
330
5AC
100
AcDbEntity
  8
0
100
AcDbBlockBegin
  2
*D65
 70
     1
 10
0.0
 20
0.0
 30
0.0
  3
*D65
  1

  0
LINE
  5
5AE
330
5AC
100
AcDbEntity
  8
OLCU (BEYKENT)
 62
     0
440
 16777216
370
    -2
100
AcDbLine
 10
120808.2375019986
 20
4008.577425396297
 30
0.0
 11
120825.4175019989
 21
4008.577425396297
 31
0.0
  0
LINE
  5
5AF
330
5AC
100
AcDbEntity
  8
OLCU (BEYKENT)
 62
     0
440
 16777216
370
    -2
100
AcDbLine
 10
120808.2375019986
 20
3988.577425396297
 30
0.0
 11
120825.4175019989
 21
3988.577425396297
 31
0.0
  0
LINE
  5
5B0
330
5AC
100
AcDbEntity
  8
OLCU (BEYKENT)
 62
     0
440
 16777216
370
    -2
100
AcDbLine
 10
120825.2375019989
 20
4008.577425396297
 30
0.0
 11
120825.2375019989
 21
3988.577425396297
 31
0.0
  0
LINE
  5
5B1
330
5AC
100
AcDbEntity
  8
OLCU (BEYKENT)
 62
     0
440
 16777216
370
    -2
100
AcDbLine
 10
120828.2375019989
 20
3985.577425396297
 30
0.0
 11
120822.2375019989
 21
3991.577425396297
 31
0.0
  0
LINE
  5
5B2
330
5AC
100
AcDbEntity
  8
OLCU (BEYKENT)
 62
     0
440
 16777216
370
    -2
100
AcDbLine
 10
120828.2375019989
 20
4005.577425396297
 30
0.0
 11
120822.2375019989
 21
4011.577425396297
 31
0.0
  0
MTEXT
  5
5B3
330
5AC
100
AcDbEntity
  8
OLCU (BEYKENT)
 62
     7
440
 16777216
370
    20
100
AcDbMText
 10
120817.1137055752
 20
3998.577425396263
 30
0.0
 40
12.0
 41
0.0
 46
0.0
 71
     5
 72
     1
  1
\A1;20
  7
YAZI (BEYKENT)
 11
0.0000000000000001
 21
1.0
 31
0.0
 73
     1
 44
1.0
  0
POINT
  5
5B4
330
5AC
100
AcDbEntity
  8
Defpoints
 62
     0
440
 16777216
100
AcDbPoint
 10
120805.2375019986
 20
4008.577425396297
 30
0.0
  0
POINT
  5
5B5
330
5AC
100
AcDbEntity
  8
Defpoints
 62
     0
440
 16777216
100
AcDbPoint
 10
120805.2375019986
 20
3988.577425396297
 30
0.0
  0
POINT
  5
5B6
330
5AC
100
AcDbEntity
  8
Defpoints
 62
     0
440
 16777216
100
AcDbPoint
 10
120825.2375019989
 20
3988.577425396297
 30
0.0
  0
ENDBLK
  5
5B7
330
5AC
100
AcDbEntity
  8
0
100
AcDbBlockEnd
  0
BLOCK
  5
5B9
330
5B8
100
AcDbEntity
  8
0
100
AcDbBlockBegin
  2
*D66
 70
     1
 10
0.0
 20
0.0
 30
0.0
  3
*D66
  1

  0
LINE
  5
5BA
330
5B8
100
AcDbEntity
  8
OLCU (BEYKENT)
 62
     0
440
 16777216
370
    -2
100
AcDbLine
 10
120808.2375019986
 20
3988.577425396297
 30
0.0
 11
120825.4175019989
 21
3988.577425396297
 31
0.0
  0
LINE
  5
5BB
330
5B8
100
AcDbEntity
  8
OLCU (BEYKENT)
 62
     0
440
 16777216
370
    -2
100
AcDbLine
 10
120808.2375019986
 20
3948.577425396297
 30
0.0
 11
120825.4175019989
 21
3948.577425396297
 31
0.0
  0
LINE
  5
5BC
330
5B8
100
AcDbEntity
  8
OLCU (BEYKENT)
 62
     0
440
 16777216
370
    -2
100
AcDbLine
 10
120825.2375019989
 20
3988.577425396297
 30
0.0
 11
120825.2375019989
 21
3948.577425396297
 31
0.0
  0
LINE
  5
5BD
330
5B8
100
AcDbEntity
  8
OLCU (BEYKENT)
 62
     0
440
 16777216
370
    -2
100
AcDbLine
 10
120828.2375019989
 20
3945.577425396297
 30
0.0
 11
120822.2375019989
 21
3951.577425396298
 31
0.0
  0
LINE
  5
5BE
330
5B8
100
AcDbEntity
  8
OLCU (BEYKENT)
 62
     0
440
 16777216
370
    -2
100
AcDbLine
 10
120828.2375019989
 20
3985.577425396297
 30
0.0
 11
120822.2375019989
 21
3991.577425396297
 31
0.0
  0
MTEXT
  5
5BF
330
5B8
100
AcDbEntity
  8
OLCU (BEYKENT)
 62
     7
440
 16777216
370
    20
100
AcDbMText
 10
120817.1137055752
 20
3968.577425396262
 30
0.0
 40
12.0
 41
0.0
 46
0.0
 71
     5
 72
     1
  1
\A1;40
  7
YAZI (BEYKENT)
 11
0.0000000000000001
 21
1.0
 31
0.0
 73
     1
 44
1.0
  0
POINT
  5
5C0
330
5B8
100
AcDbEntity
  8
Defpoints
 62
     0
440
 16777216
100
AcDbPoint
 10
120805.2375019986
 20
3988.577425396297
 30
0.0
  0
POINT
  5
5C1
330
5B8
100
AcDbEntity
  8
Defpoints
 62
     0
440
 16777216
100
AcDbPoint
 10
120805.2375019986
 20
3948.577425396297
 30
0.0
  0
POINT
  5
5C2
330
5B8
100
AcDbEntity
  8
Defpoints
 62
     0
440
 16777216
100
AcDbPoint
 10
120825.2375019989
 20
3948.577425396297
 30
0.0
  0
ENDBLK
  5
5C3
330
5B8
100
AcDbEntity
  8
0
100
AcDbBlockEnd
  0
BLOCK
  5
5C5
330
5C4
100
AcDbEntity
  8
0
100
AcDbBlockBegin
  2
*D67
 70
     1
 10
0.0
 20
0.0
 30
0.0
  3
*D67
  1

  0
LINE
  5
5C6
330
5C4
100
AcDbEntity
  8
OLCU (BEYKENT)
 62
     0
440
 16777216
370
    -2
100
AcDbLine
 10
120808.2375019986
 20
4008.577425396297
 30
0.0
 11
120845.4175019989
 21
4008.577425396297
 31
0.0
  0
LINE
  5
5C7
330
5C4
100
AcDbEntity
  8
OLCU (BEYKENT)
 62
     0
440
 16777216
370
    -2
100
AcDbLine
 10
120808.2375019986
 20
3948.577425396297
 30
0.0
 11
120845.4175019989
 21
3948.577425396297
 31
0.0
  0
LINE
  5
5C8
330
5C4
100
AcDbEntity
  8
OLCU (BEYKENT)
 62
     0
440
 16777216
370
    -2
100
AcDbLine
 10
120845.2375019989
 20
4008.577425396297
 30
0.0
 11
120845.2375019989
 21
3948.577425396297
 31
0.0
  0
LINE
  5
5C9
330
5C4
100
AcDbEntity
  8
OLCU (BEYKENT)
 62
     0
440
 16777216
370
    -2
100
AcDbLine
 10
120848.2375019989
 20
3945.577425396297
 30
0.0
 11
120842.2375019989
 21
3951.577425396298
 31
0.0
  0
LINE
  5
5CA
330
5C4
100
AcDbEntity
  8
OLCU (BEYKENT)
 62
     0
440
 16777216
370
    -2
100
AcDbLine
 10
120848.2375019989
 20
4005.577425396297
 30
0.0
 11
120842.2375019989
 21
4011.577425396297
 31
0.0
  0
MTEXT
  5
5CB
330
5C4
100
AcDbEntity
  8
OLCU (BEYKENT)
 62
     7
440
 16777216
370
    20
100
AcDbMText
 10
120837.1137055752
 20
3978.577425396262
 30
0.0
 40
12.0
 41
0.0
 46
0.0
 71
     5
 72
     1
  1
\A1;60
  7
YAZI (BEYKENT)
 11
0.0000000000000001
 21
1.0
 31
0.0
 73
     1
 44
1.0
  0
POINT
  5
5CC
330
5C4
100
AcDbEntity
  8
Defpoints
 62
     0
440
 16777216
100
AcDbPoint
 10
120805.2375019986
 20
4008.577425396297
 30
0.0
  0
POINT
  5
5CD
330
5C4
100
AcDbEntity
  8
Defpoints
 62
     0
440
 16777216
100
AcDbPoint
 10
120805.2375019986
 20
3948.577425396297
 30
0.0
  0
POINT
  5
5CE
330
5C4
100
AcDbEntity
  8
Defpoints
 62
     0
440
 16777216
100
AcDbPoint
 10
120845.2375019989
 20
3948.577425396297
 30
0.0
  0
ENDBLK
  5
5CF
330
5C4
100
AcDbEntity
  8
0
100
AcDbBlockEnd
  0
BLOCK
  5
5D1
330
5D0
100
AcDbEntity
  8
0
100
AcDbBlockBegin
  2
*D68
 70
     1
 10
0.0
 20
0.0
 30
0.0
  3
*D68
  1

  0
LINE
  5
5D2
330
5D0
100
AcDbEntity
  8
OLCU (BEYKENT)
 62
     0
440
 16777216
370
    -2
100
AcDbLine
 10
121092.2375019986
 20
4008.577425396297
 30
0.0
 11
121075.0575019989
 21
4008.577425396297
 31
0.0
  0
LINE
  5
5D3
330
5D0
100
AcDbEntity
  8
OLCU (BEYKENT)
 62
     0
440
 16777216
370
    -2
100
AcDbLine
 10
121092.2375019986
 20
3988.577425396297
 30
0.0
 11
121075.0575019989
 21
3988.577425396297
 31
0.0
  0
LINE
  5
5D4
330
5D0
100
AcDbEntity
  8
OLCU (BEYKENT)
 62
     0
440
 16777216
370
    -2
100
AcDbLine
 10
121075.2375019989
 20
4008.577425396297
 30
0.0
 11
121075.2375019989
 21
3988.577425396297
 31
0.0
  0
LINE
  5
5D5
330
5D0
100
AcDbEntity
  8
OLCU (BEYKENT)
 62
     0
440
 16777216
370
    -2
100
AcDbLine
 10
121078.2375019989
 20
3985.577425396297
 30
0.0
 11
121072.2375019989
 21
3991.577425396297
 31
0.0
  0
LINE
  5
5D6
330
5D0
100
AcDbEntity
  8
OLCU (BEYKENT)
 62
     0
440
 16777216
370
    -2
100
AcDbLine
 10
121078.2375019989
 20
4005.577425396297
 30
0.0
 11
121072.2375019989
 21
4011.577425396297
 31
0.0
  0
MTEXT
  5
5D7
330
5D0
100
AcDbEntity
  8
OLCU (BEYKENT)
 62
     7
440
 16777216
370
    20
100
AcDbMText
 10
121067.1137055752
 20
3998.577425396263
 30
0.0
 40
12.0
 41
0.0
 46
0.0
 71
     5
 72
     1
  1
\A1;20
  7
YAZI (BEYKENT)
 11
0.0000000000000001
 21
1.0
 31
0.0
 73
     1
 44
1.0
  0
POINT
  5
5D8
330
5D0
100
AcDbEntity
  8
Defpoints
 62
     0
440
 16777216
100
AcDbPoint
 10
121095.2375019986
 20
4008.577425396297
 30
0.0
  0
POINT
  5
5D9
330
5D0
100
AcDbEntity
  8
Defpoints
 62
     0
440
 16777216
100
AcDbPoint
 10
121095.2375019986
 20
3988.577425396297
 30
0.0
  0
POINT
  5
5DA
330
5D0
100
AcDbEntity
  8
Defpoints
 62
     0
440
 16777216
100
AcDbPoint
 10
121075.2375019989
 20
3988.577425396297
 30
0.0
  0
ENDBLK
  5
5DB
330
5D0
100
AcDbEntity
  8
0
100
AcDbBlockEnd
  0
BLOCK
  5
5DD
330
5DC
100
AcDbEntity
  8
0
100
AcDbBlockBegin
  2
*D69
 70
     1
 10
0.0
 20
0.0
 30
0.0
  3
*D69
  1

  0
LINE
  5
5DE
330
5DC
100
AcDbEntity
  8
OLCU (BEYKENT)
 62
     0
440
 16777216
370
    -2
100
AcDbLine
 10
121092.2375019986
 20
3988.577425396297
 30
0.0
 11
121075.0575019989
 21
3988.577425396297
 31
0.0
  0
LINE
  5
5DF
330
5DC
100
AcDbEntity
  8
OLCU (BEYKENT)
 62
     0
440
 16777216
370
    -2
100
AcDbLine
 10
121092.2375019986
 20
3948.577425396297
 30
0.0
 11
121075.0575019989
 21
3948.577425396297
 31
0.0
  0
LINE
  5
5E0
330
5DC
100
AcDbEntity
  8
OLCU (BEYKENT)
 62
     0
440
 16777216
370
    -2
100
AcDbLine
 10
121075.2375019989
 20
3988.577425396297
 30
0.0
 11
121075.2375019989
 21
3948.577425396297
 31
0.0
  0
LINE
  5
5E1
330
5DC
100
AcDbEntity
  8
OLCU (BEYKENT)
 62
     0
440
 16777216
370
    -2
100
AcDbLine
 10
121078.2375019989
 20
3945.577425396297
 30
0.0
 11
121072.2375019989
 21
3951.577425396298
 31
0.0
  0
LINE
  5
5E2
330
5DC
100
AcDbEntity
  8
OLCU (BEYKENT)
 62
     0
440
 16777216
370
    -2
100
AcDbLine
 10
121078.2375019989
 20
3985.577425396297
 30
0.0
 11
121072.2375019989
 21
3991.577425396297
 31
0.0
  0
MTEXT
  5
5E3
330
5DC
100
AcDbEntity
  8
OLCU (BEYKENT)
 62
     7
440
 16777216
370
    20
100
AcDbMText
 10
121067.1137055752
 20
3968.577425396262
 30
0.0
 40
12.0
 41
0.0
 46
0.0
 71
     5
 72
     1
  1
\A1;40
  7
YAZI (BEYKENT)
 11
0.0000000000000001
 21
1.0
 31
0.0
 73
     1
 44
1.0
  0
POINT
  5
5E4
330
5DC
100
AcDbEntity
  8
Defpoints
 62
     0
440
 16777216
100
AcDbPoint
 10
121095.2375019986
 20
3988.577425396297
 30
0.0
  0
POINT
  5
5E5
330
5DC
100
AcDbEntity
  8
Defpoints
 62
     0
440
 16777216
100
AcDbPoint
 10
121095.2375019986
 20
3948.577425396297
 30
0.0
  0
POINT
  5
5E6
330
5DC
100
AcDbEntity
  8
Defpoints
 62
     0
440
 16777216
100
AcDbPoint
 10
121075.2375019989
 20
3948.577425396297
 30
0.0
  0
ENDBLK
  5
5E7
330
5DC
100
AcDbEntity
  8
0
100
AcDbBlockEnd
  0
BLOCK
  5
5E9
330
5E8
100
AcDbEntity
  8
0
100
AcDbBlockBegin
  2
*D70
 70
     1
 10
0.0
 20
0.0
 30
0.0
  3
*D70
  1

  0
LINE
  5
5EA
330
5E8
100
AcDbEntity
  8
OLCU (BEYKENT)
 62
     0
440
 16777216
370
    -2
100
AcDbLine
 10
121092.2375019986
 20
4008.577425396297
 30
0.0
 11
121055.0575019989
 21
4008.577425396297
 31
0.0
  0
LINE
  5
5EB
330
5E8
100
AcDbEntity
  8
OLCU (BEYKENT)
 62
     0
440
 16777216
370
    -2
100
AcDbLine
 10
121092.2375019986
 20
3948.577425396297
 30
0.0
 11
121055.0575019989
 21
3948.577425396297
 31
0.0
  0
LINE
  5
5EC
330
5E8
100
AcDbEntity
  8
OLCU (BEYKENT)
 62
     0
440
 16777216
370
    -2
100
AcDbLine
 10
121055.2375019989
 20
4008.577425396297
 30
0.0
 11
121055.2375019989
 21
3948.577425396297
 31
0.0
  0
LINE
  5
5ED
330
5E8
100
AcDbEntity
  8
OLCU (BEYKENT)
 62
     0
440
 16777216
370
    -2
100
AcDbLine
 10
121058.2375019989
 20
3945.577425396297
 30
0.0
 11
121052.2375019989
 21
3951.577425396298
 31
0.0
  0
LINE
  5
5EE
330
5E8
100
AcDbEntity
  8
OLCU (BEYKENT)
 62
     0
440
 16777216
370
    -2
100
AcDbLine
 10
121058.2375019989
 20
4005.577425396297
 30
0.0
 11
121052.2375019989
 21
4011.577425396297
 31
0.0
  0
MTEXT
  5
5EF
330
5E8
100
AcDbEntity
  8
OLCU (BEYKENT)
 62
     7
440
 16777216
370
    20
100
AcDbMText
 10
121047.1137055752
 20
3978.577425396262
 30
0.0
 40
12.0
 41
0.0
 46
0.0
 71
     5
 72
     1
  1
\A1;60
  7
YAZI (BEYKENT)
 11
0.0000000000000001
 21
1.0
 31
0.0
 73
     1
 44
1.0
  0
POINT
  5
5F0
330
5E8
100
AcDbEntity
  8
Defpoints
 62
     0
440
 16777216
100
AcDbPoint
 10
121095.2375019986
 20
4008.577425396297
 30
0.0
  0
POINT
  5
5F1
330
5E8
100
AcDbEntity
  8
Defpoints
 62
     0
440
 16777216
100
AcDbPoint
 10
121095.2375019986
 20
3948.577425396297
 30
0.0
  0
POINT
  5
5F2
330
5E8
100
AcDbEntity
  8
Defpoints
 62
     0
440
 16777216
100
AcDbPoint
 10
121055.2375019989
 20
3948.577425396297
 30
0.0
  0
ENDBLK
  5
5F3
330
5E8
100
AcDbEntity
  8
0
100
AcDbBlockEnd
  0
BLOCK
  5
5F5
330
5F4
100
AcDbEntity
  8
0
100
AcDbBlockBegin
  2
*D71
 70
     1
 10
0.0
 20
0.0
 30
0.0
  3
*D71
  1

  0
LINE
  5
5F6
330
5F4
100
AcDbEntity
  8
OLCU (BEYKENT)
 62
     0
440
 16777216
370
    -2
100
AcDbLine
 10
121173.2375019986
 20
3988.577425396297
 30
0.0
 11
121190.4175019989
 21
3988.577425396297
 31
0.0
  0
LINE
  5
5F7
330
5F4
100
AcDbEntity
  8
OLCU (BEYKENT)
 62
     0
440
 16777216
370
    -2
100
AcDbLine
 10
121173.2375019986
 20
4008.577425396297
 30
0.0
 11
121190.4175019989
 21
4008.577425396297
 31
0.0
  0
LINE
  5
5F8
330
5F4
100
AcDbEntity
  8
OLCU (BEYKENT)
 62
     0
440
 16777216
370
    -2
100
AcDbLine
 10
121190.2375019989
 20
3988.577425396297
 30
0.0
 11
121190.2375019989
 21
4008.577425396297
 31
0.0
  0
LINE
  5
5F9
330
5F4
100
AcDbEntity
  8
OLCU (BEYKENT)
 62
     0
440
 16777216
370
    -2
100
AcDbLine
 10
121193.2375019989
 20
4005.577425396297
 30
0.0
 11
121187.2375019989
 21
4011.577425396297
 31
0.0
  0
LINE
  5
5FA
330
5F4
100
AcDbEntity
  8
OLCU (BEYKENT)
 62
     0
440
 16777216
370
    -2
100
AcDbLine
 10
121193.2375019989
 20
3985.577425396297
 30
0.0
 11
121187.2375019989
 21
3991.577425396297
 31
0.0
  0
MTEXT
  5
5FB
330
5F4
100
AcDbEntity
  8
OLCU (BEYKENT)
 62
     7
440
 16777216
370
    20
100
AcDbMText
 10
121182.1137055752
 20
3998.577425396263
 30
0.0
 40
12.0
 41
0.0
 46
0.0
 71
     5
 72
     1
  1
\A1;20
  7
YAZI (BEYKENT)
 11
0.0000000000000001
 21
1.0
 31
0.0
 73
     1
 44
1.0
  0
POINT
  5
5FC
330
5F4
100
AcDbEntity
  8
Defpoints
 62
     0
440
 16777216
100
AcDbPoint
 10
121170.2375019986
 20
3988.577425396297
 30
0.0
  0
POINT
  5
5FD
330
5F4
100
AcDbEntity
  8
Defpoints
 62
     0
440
 16777216
100
AcDbPoint
 10
121170.2375019986
 20
4008.577425396297
 30
0.0
  0
POINT
  5
5FE
330
5F4
100
AcDbEntity
  8
Defpoints
 62
     0
440
 16777216
100
AcDbPoint
 10
121190.2375019989
 20
4008.577425396297
 30
0.0
  0
ENDBLK
  5
5FF
330
5F4
100
AcDbEntity
  8
0
100
AcDbBlockEnd
  0
BLOCK
  5
601
330
600
100
AcDbEntity
  8
0
100
AcDbBlockBegin
  2
*D72
 70
     1
 10
0.0
 20
0.0
 30
0.0
  3
*D72
  1

  0
LINE
  5
602
330
600
100
AcDbEntity
  8
OLCU (BEYKENT)
 62
     0
440
 16777216
370
    -2
100
AcDbLine
 10
118133.2398265796
 20
3988.577425396297
 30
0.0
 11
118150.4198265799
 21
3988.577425396297
 31
0.0
  0
LINE
  5
603
330
600
100
AcDbEntity
  8
OLCU (BEYKENT)
 62
     0
440
 16777216
370
    -2
100
AcDbLine
 10
118133.2398265796
 20
4008.577425396297
 30
0.0
 11
118150.4198265799
 21
4008.577425396297
 31
0.0
  0
LINE
  5
604
330
600
100
AcDbEntity
  8
OLCU (BEYKENT)
 62
     0
440
 16777216
370
    -2
100
AcDbLine
 10
118150.2398265799
 20
3988.577425396297
 30
0.0
 11
118150.2398265799
 21
4008.577425396297
 31
0.0
  0
LINE
  5
605
330
600
100
AcDbEntity
  8
OLCU (BEYKENT)
 62
     0
440
 16777216
370
    -2
100
AcDbLine
 10
118153.2398265799
 20
4005.577425396297
 30
0.0
 11
118147.2398265799
 21
4011.577425396297
 31
0.0
  0
LINE
  5
606
330
600
100
AcDbEntity
  8
OLCU (BEYKENT)
 62
     0
440
 16777216
370
    -2
100
AcDbLine
 10
118153.2398265799
 20
3985.577425396297
 30
0.0
 11
118147.2398265799
 21
3991.577425396297
 31
0.0
  0
MTEXT
  5
607
330
600
100
AcDbEntity
  8
OLCU (BEYKENT)
 62
     7
440
 16777216
370
    20
100
AcDbMText
 10
118142.1160301562
 20
3998.577425396263
 30
0.0
 40
12.0
 41
0.0
 46
0.0
 71
     5
 72
     1
  1
\A1;20
  7
YAZI (BEYKENT)
 11
0.0000000000000001
 21
1.0
 31
0.0
 73
     1
 44
1.0
  0
POINT
  5
608
330
600
100
AcDbEntity
  8
Defpoints
 62
     0
440
 16777216
100
AcDbPoint
 10
118130.2398265795
 20
3988.577425396297
 30
0.0
  0
POINT
  5
609
330
600
100
AcDbEntity
  8
Defpoints
 62
     0
440
 16777216
100
AcDbPoint
 10
118130.2398265795
 20
4008.577425396297
 30
0.0
  0
POINT
  5
60A
330
600
100
AcDbEntity
  8
Defpoints
 62
     0
440
 16777216
100
AcDbPoint
 10
118150.2398265799
 20
4008.577425396297
 30
0.0
  0
ENDBLK
  5
60B
330
600
100
AcDbEntity
  8
0
100
AcDbBlockEnd
  0
BLOCK
  5
60D
330
60C
100
AcDbEntity
  8
0
100
AcDbBlockBegin
  2
*D73
 70
     1
 10
0.0
 20
0.0
 30
0.0
  3
*D73
  1

  0
LINE
  5
60E
330
60C
100
AcDbEntity
  8
OLCU (BEYKENT)
 62
     0
440
 16777216
370
    -2
100
AcDbLine
 10
118895.7375019985
 20
3988.577425396297
 30
0.0
 11
118912.9175019989
 21
3988.577425396297
 31
0.0
  0
LINE
  5
60F
330
60C
100
AcDbEntity
  8
OLCU (BEYKENT)
 62
     0
440
 16777216
370
    -2
100
AcDbLine
 10
118895.7375019985
 20
4008.577425396297
 30
0.0
 11
118912.9175019989
 21
4008.577425396297
 31
0.0
  0
LINE
  5
610
330
60C
100
AcDbEntity
  8
OLCU (BEYKENT)
 62
     0
440
 16777216
370
    -2
100
AcDbLine
 10
118912.7375019989
 20
3988.577425396297
 30
0.0
 11
118912.7375019989
 21
4008.577425396297
 31
0.0
  0
LINE
  5
611
330
60C
100
AcDbEntity
  8
OLCU (BEYKENT)
 62
     0
440
 16777216
370
    -2
100
AcDbLine
 10
118915.7375019989
 20
4005.577425396297
 30
0.0
 11
118909.7375019989
 21
4011.577425396297
 31
0.0
  0
LINE
  5
612
330
60C
100
AcDbEntity
  8
OLCU (BEYKENT)
 62
     0
440
 16777216
370
    -2
100
AcDbLine
 10
118915.7375019989
 20
3985.577425396297
 30
0.0
 11
118909.7375019989
 21
3991.577425396297
 31
0.0
  0
MTEXT
  5
613
330
60C
100
AcDbEntity
  8
OLCU (BEYKENT)
 62
     7
440
 16777216
370
    20
100
AcDbMText
 10
118904.6137055752
 20
3998.577425396263
 30
0.0
 40
12.0
 41
0.0
 46
0.0
 71
     5
 72
     1
  1
\A1;20
  7
YAZI (BEYKENT)
 11
0.0000000000000001
 21
1.0
 31
0.0
 73
     1
 44
1.0
  0
POINT
  5
614
330
60C
100
AcDbEntity
  8
Defpoints
 62
     0
440
 16777216
100
AcDbPoint
 10
118892.7375019986
 20
3988.577425396297
 30
0.0
  0
POINT
  5
615
330
60C
100
AcDbEntity
  8
Defpoints
 62
     0
440
 16777216
100
AcDbPoint
 10
118892.7375019986
 20
4008.577425396297
 30
0.0
  0
POINT
  5
616
330
60C
100
AcDbEntity
  8
Defpoints
 62
     0
440
 16777216
100
AcDbPoint
 10
118912.7375019989
 20
4008.577425396297
 30
0.0
  0
ENDBLK
  5
617
330
60C
100
AcDbEntity
  8
0
100
AcDbBlockEnd
  0
BLOCK
  5
619
330
618
100
AcDbEntity
  8
0
100
AcDbBlockBegin
  2
*D74
 70
     1
 10
0.0
 20
0.0
 30
0.0
  3
*D74
  1

  0
LINE
  5
61A
330
618
100
AcDbEntity
  8
OLCU (BEYKENT)
 62
     0
440
 16777216
370
    -2
100
AcDbLine
 10
119645.7375019986
 20
3988.577425396297
 30
0.0
 11
119662.9175019989
 21
3988.577425396297
 31
0.0
  0
LINE
  5
61B
330
618
100
AcDbEntity
  8
OLCU (BEYKENT)
 62
     0
440
 16777216
370
    -2
100
AcDbLine
 10
119645.7375019986
 20
4008.577425396297
 30
0.0
 11
119662.9175019989
 21
4008.577425396297
 31
0.0
  0
LINE
  5
61C
330
618
100
AcDbEntity
  8
OLCU (BEYKENT)
 62
     0
440
 16777216
370
    -2
100
AcDbLine
 10
119662.7375019989
 20
3988.577425396297
 30
0.0
 11
119662.7375019989
 21
4008.577425396297
 31
0.0
  0
LINE
  5
61D
330
618
100
AcDbEntity
  8
OLCU (BEYKENT)
 62
     0
440
 16777216
370
    -2
100
AcDbLine
 10
119665.7375019989
 20
4005.577425396297
 30
0.0
 11
119659.7375019989
 21
4011.577425396297
 31
0.0
  0
LINE
  5
61E
330
618
100
AcDbEntity
  8
OLCU (BEYKENT)
 62
     0
440
 16777216
370
    -2
100
AcDbLine
 10
119665.7375019989
 20
3985.577425396297
 30
0.0
 11
119659.7375019989
 21
3991.577425396297
 31
0.0
  0
MTEXT
  5
61F
330
618
100
AcDbEntity
  8
OLCU (BEYKENT)
 62
     7
440
 16777216
370
    20
100
AcDbMText
 10
119654.6137055752
 20
3998.577425396263
 30
0.0
 40
12.0
 41
0.0
 46
0.0
 71
     5
 72
     1
  1
\A1;20
  7
YAZI (BEYKENT)
 11
0.0000000000000001
 21
1.0
 31
0.0
 73
     1
 44
1.0
  0
POINT
  5
620
330
618
100
AcDbEntity
  8
Defpoints
 62
     0
440
 16777216
100
AcDbPoint
 10
119642.7375019986
 20
3988.577425396297
 30
0.0
  0
POINT
  5
621
330
618
100
AcDbEntity
  8
Defpoints
 62
     0
440
 16777216
100
AcDbPoint
 10
119642.7375019986
 20
4008.577425396297
 30
0.0
  0
POINT
  5
622
330
618
100
AcDbEntity
  8
Defpoints
 62
     0
440
 16777216
100
AcDbPoint
 10
119662.7375019989
 20
4008.577425396297
 30
0.0
  0
ENDBLK
  5
623
330
618
100
AcDbEntity
  8
0
100
AcDbBlockEnd
  0
BLOCK
  5
625
330
624
100
AcDbEntity
  8
0
100
AcDbBlockBegin
  2
*D75
 70
     1
 10
0.0
 20
0.0
 30
0.0
  3
*D75
  1

  0
LINE
  5
626
330
624
100
AcDbEntity
  8
OLCU (BEYKENT)
 62
     0
440
 16777216
370
    -2
100
AcDbLine
 10
120438.2375019986
 20
3988.577425396297
 30
0.0
 11
120455.4175019989
 21
3988.577425396297
 31
0.0
  0
LINE
  5
627
330
624
100
AcDbEntity
  8
OLCU (BEYKENT)
 62
     0
440
 16777216
370
    -2
100
AcDbLine
 10
120438.2375019986
 20
4008.577425396297
 30
0.0
 11
120455.4175019989
 21
4008.577425396297
 31
0.0
  0
LINE
  5
628
330
624
100
AcDbEntity
  8
OLCU (BEYKENT)
 62
     0
440
 16777216
370
    -2
100
AcDbLine
 10
120455.2375019989
 20
3988.577425396297
 30
0.0
 11
120455.2375019989
 21
4008.577425396297
 31
0.0
  0
LINE
  5
629
330
624
100
AcDbEntity
  8
OLCU (BEYKENT)
 62
     0
440
 16777216
370
    -2
100
AcDbLine
 10
120458.2375019989
 20
4005.577425396297
 30
0.0
 11
120452.2375019989
 21
4011.577425396297
 31
0.0
  0
LINE
  5
62A
330
624
100
AcDbEntity
  8
OLCU (BEYKENT)
 62
     0
440
 16777216
370
    -2
100
AcDbLine
 10
120458.2375019989
 20
3985.577425396297
 30
0.0
 11
120452.2375019989
 21
3991.577425396297
 31
0.0
  0
MTEXT
  5
62B
330
624
100
AcDbEntity
  8
OLCU (BEYKENT)
 62
     7
440
 16777216
370
    20
100
AcDbMText
 10
120447.1137055752
 20
3998.577425396263
 30
0.0
 40
12.0
 41
0.0
 46
0.0
 71
     5
 72
     1
  1
\A1;20
  7
YAZI (BEYKENT)
 11
0.0000000000000001
 21
1.0
 31
0.0
 73
     1
 44
1.0
  0
POINT
  5
62C
330
624
100
AcDbEntity
  8
Defpoints
 62
     0
440
 16777216
100
AcDbPoint
 10
120435.2375019986
 20
3988.577425396297
 30
0.0
  0
POINT
  5
62D
330
624
100
AcDbEntity
  8
Defpoints
 62
     0
440
 16777216
100
AcDbPoint
 10
120435.2375019986
 20
4008.577425396297
 30
0.0
  0
POINT
  5
62E
330
624
100
AcDbEntity
  8
Defpoints
 62
     0
440
 16777216
100
AcDbPoint
 10
120455.2375019989
 20
4008.577425396297
 30
0.0
  0
ENDBLK
  5
62F
330
624
100
AcDbEntity
  8
0
100
AcDbBlockEnd
  0
BLOCK
  5
631
330
630
100
AcDbEntity
  8
0
100
AcDbBlockBegin
  2
*D76
 70
     1
 10
0.0
 20
0.0
 30
0.0
  3
*D76
  1

  0
LINE
  5
632
330
630
100
AcDbEntity
  8
OLCU (BEYKENT)
 62
     0
440
 16777216
370
    -2
100
AcDbLine
 10
120978.2375019986
 20
3988.577425396297
 30
0.0
 11
120995.4175019989
 21
3988.577425396297
 31
0.0
  0
LINE
  5
633
330
630
100
AcDbEntity
  8
OLCU (BEYKENT)
 62
     0
440
 16777216
370
    -2
100
AcDbLine
 10
120978.2375019986
 20
4008.577425396297
 30
0.0
 11
120995.4175019989
 21
4008.577425396297
 31
0.0
  0
LINE
  5
634
330
630
100
AcDbEntity
  8
OLCU (BEYKENT)
 62
     0
440
 16777216
370
    -2
100
AcDbLine
 10
120995.2375019989
 20
3988.577425396297
 30
0.0
 11
120995.2375019989
 21
4008.577425396297
 31
0.0
  0
LINE
  5
635
330
630
100
AcDbEntity
  8
OLCU (BEYKENT)
 62
     0
440
 16777216
370
    -2
100
AcDbLine
 10
120998.2375019989
 20
4005.577425396297
 30
0.0
 11
120992.2375019989
 21
4011.577425396297
 31
0.0
  0
LINE
  5
636
330
630
100
AcDbEntity
  8
OLCU (BEYKENT)
 62
     0
440
 16777216
370
    -2
100
AcDbLine
 10
120998.2375019989
 20
3985.577425396297
 30
0.0
 11
120992.2375019989
 21
3991.577425396297
 31
0.0
  0
MTEXT
  5
637
330
630
100
AcDbEntity
  8
OLCU (BEYKENT)
 62
     7
440
 16777216
370
    20
100
AcDbMText
 10
120987.1137055752
 20
3998.577425396263
 30
0.0
 40
12.0
 41
0.0
 46
0.0
 71
     5
 72
     1
  1
\A1;20
  7
YAZI (BEYKENT)
 11
0.0000000000000001
 21
1.0
 31
0.0
 73
     1
 44
1.0
  0
POINT
  5
638
330
630
100
AcDbEntity
  8
Defpoints
 62
     0
440
 16777216
100
AcDbPoint
 10
120975.2375019986
 20
3988.577425396297
 30
0.0
  0
POINT
  5
639
330
630
100
AcDbEntity
  8
Defpoints
 62
     0
440
 16777216
100
AcDbPoint
 10
120975.2375019986
 20
4008.577425396297
 30
0.0
  0
POINT
  5
63A
330
630
100
AcDbEntity
  8
Defpoints
 62
     0
440
 16777216
100
AcDbPoint
 10
120995.2375019989
 20
4008.577425396297
 30
0.0
  0
ENDBLK
  5
63B
330
630
100
AcDbEntity
  8
0
100
AcDbBlockEnd
  0
BLOCK
  5
63D
330
63C
100
AcDbEntity
  8
0
100
AcDbBlockBegin
  2
*D77
 70
     1
 10
0.0
 20
0.0
 30
0.0
  3
*D77
  1

  0
LINE
  5
63E
330
63C
100
AcDbEntity
  8
OLCU (BEYKENT)
 62
     0
440
 16777216
370
    -2
100
AcDbLine
 10
117245.2421511605
 20
3505.577425396296
 30
0.0
 11
117245.2421511605
 21
3488.397425396295
 31
0.0
  0
LINE
  5
63F
330
63C
100
AcDbEntity
  8
OLCU (BEYKENT)
 62
     0
440
 16777216
370
    -2
100
AcDbLine
 10
117265.2421511605
 20
3505.577425396296
 30
0.0
 11
117265.2421511605
 21
3488.397425396295
 31
0.0
  0
LINE
  5
640
330
63C
100
AcDbEntity
  8
OLCU (BEYKENT)
 62
     0
440
 16777216
370
    -2
100
AcDbLine
 10
117245.2421511605
 20
3488.577425396296
 30
0.0
 11
117265.2421511605
 21
3488.577425396296
 31
0.0
  0
LINE
  5
641
330
63C
100
AcDbEntity
  8
OLCU (BEYKENT)
 62
     0
440
 16777216
370
    -2
100
AcDbLine
 10
117262.2421511605
 20
3485.577425396296
 30
0.0
 11
117268.2421511605
 21
3491.577425396296
 31
0.0
  0
LINE
  5
642
330
63C
100
AcDbEntity
  8
OLCU (BEYKENT)
 62
     0
440
 16777216
370
    -2
100
AcDbLine
 10
117242.2421511605
 20
3485.577425396296
 30
0.0
 11
117248.2421511605
 21
3491.577425396296
 31
0.0
  0
MTEXT
  5
643
330
63C
100
AcDbEntity
  8
OLCU (BEYKENT)
 62
     7
440
 16777216
370
    20
100
AcDbMText
 10
117255.2421511605
 20
3496.701221819954
 30
0.0
 40
12.0
 41
0.0
 46
0.0
 71
     5
 72
     1
  1
\A1;20
  7
YAZI (BEYKENT)
 73
     1
 44
1.0
  0
POINT
  5
644
330
63C
100
AcDbEntity
  8
Defpoints
 62
     0
440
 16777216
100
AcDbPoint
 10
117245.2421511605
 20
3508.577425396295
 30
0.0
  0
POINT
  5
645
330
63C
100
AcDbEntity
  8
Defpoints
 62
     0
440
 16777216
100
AcDbPoint
 10
117265.2421511605
 20
3508.577425396295
 30
0.0
  0
POINT
  5
646
330
63C
100
AcDbEntity
  8
Defpoints
 62
     0
440
 16777216
100
AcDbPoint
 10
117265.2421511605
 20
3488.577425396296
 30
0.0
  0
ENDBLK
  5
647
330
63C
100
AcDbEntity
  8
0
100
AcDbBlockEnd
  0
BLOCK
  5
649
330
648
100
AcDbEntity
  8
0
100
AcDbBlockBegin
  2
*D78
 70
     1
 10
0.0
 20
0.0
 30
0.0
  3
*D78
  1

  0
LINE
  5
64A
330
648
100
AcDbEntity
  8
OLCU (BEYKENT)
 62
     0
440
 16777216
370
    -2
100
AcDbLine
 10
117265.2421511605
 20
3505.577425396296
 30
0.0
 11
117265.2421511605
 21
3488.397425396295
 31
0.0
  0
LINE
  5
64B
330
648
100
AcDbEntity
  8
OLCU (BEYKENT)
 62
     0
440
 16777216
370
    -2
100
AcDbLine
 10
117305.2421511605
 20
3505.577425396296
 30
0.0
 11
117305.2421511605
 21
3488.397425396295
 31
0.0
  0
LINE
  5
64C
330
648
100
AcDbEntity
  8
OLCU (BEYKENT)
 62
     0
440
 16777216
370
    -2
100
AcDbLine
 10
117265.2421511605
 20
3488.577425396296
 30
0.0
 11
117305.2421511605
 21
3488.577425396296
 31
0.0
  0
LINE
  5
64D
330
648
100
AcDbEntity
  8
OLCU (BEYKENT)
 62
     0
440
 16777216
370
    -2
100
AcDbLine
 10
117302.2421511605
 20
3485.577425396296
 30
0.0
 11
117308.2421511605
 21
3491.577425396296
 31
0.0
  0
LINE
  5
64E
330
648
100
AcDbEntity
  8
OLCU (BEYKENT)
 62
     0
440
 16777216
370
    -2
100
AcDbLine
 10
117262.2421511605
 20
3485.577425396296
 30
0.0
 11
117268.2421511605
 21
3491.577425396296
 31
0.0
  0
MTEXT
  5
64F
330
648
100
AcDbEntity
  8
OLCU (BEYKENT)
 62
     7
440
 16777216
370
    20
100
AcDbMText
 10
117285.2421511605
 20
3496.701221819954
 30
0.0
 40
12.0
 41
0.0
 46
0.0
 71
     5
 72
     1
  1
\A1;40
  7
YAZI (BEYKENT)
 73
     1
 44
1.0
  0
POINT
  5
650
330
648
100
AcDbEntity
  8
Defpoints
 62
     0
440
 16777216
100
AcDbPoint
 10
117265.2421511605
 20
3508.577425396295
 30
0.0
  0
POINT
  5
651
330
648
100
AcDbEntity
  8
Defpoints
 62
     0
440
 16777216
100
AcDbPoint
 10
117305.2421511605
 20
3508.577425396295
 30
0.0
  0
POINT
  5
652
330
648
100
AcDbEntity
  8
Defpoints
 62
     0
440
 16777216
100
AcDbPoint
 10
117305.2421511605
 20
3488.577425396296
 30
0.0
  0
ENDBLK
  5
653
330
648
100
AcDbEntity
  8
0
100
AcDbBlockEnd
  0
BLOCK
  5
655
330
654
100
AcDbEntity
  8
0
100
AcDbBlockBegin
  2
*D79
 70
     1
 10
0.0
 20
0.0
 30
0.0
  3
*D79
  1

  0
LINE
  5
656
330
654
100
AcDbEntity
  8
OLCU (BEYKENT)
 62
     0
440
 16777216
370
    -2
100
AcDbLine
 10
117245.2421511605
 20
3505.577425396296
 30
0.0
 11
117245.2421511605
 21
3468.397425396296
 31
0.0
  0
LINE
  5
657
330
654
100
AcDbEntity
  8
OLCU (BEYKENT)
 62
     0
440
 16777216
370
    -2
100
AcDbLine
 10
117305.2421511605
 20
3505.577425396296
 30
0.0
 11
117305.2421511605
 21
3468.397425396296
 31
0.0
  0
LINE
  5
658
330
654
100
AcDbEntity
  8
OLCU (BEYKENT)
 62
     0
440
 16777216
370
    -2
100
AcDbLine
 10
117245.2421511605
 20
3468.577425396296
 30
0.0
 11
117305.2421511605
 21
3468.577425396296
 31
0.0
  0
LINE
  5
659
330
654
100
AcDbEntity
  8
OLCU (BEYKENT)
 62
     0
440
 16777216
370
    -2
100
AcDbLine
 10
117302.2421511605
 20
3465.577425396296
 30
0.0
 11
117308.2421511605
 21
3471.577425396296
 31
0.0
  0
LINE
  5
65A
330
654
100
AcDbEntity
  8
OLCU (BEYKENT)
 62
     0
440
 16777216
370
    -2
100
AcDbLine
 10
117242.2421511605
 20
3465.577425396296
 30
0.0
 11
117248.2421511605
 21
3471.577425396296
 31
0.0
  0
MTEXT
  5
65B
330
654
100
AcDbEntity
  8
OLCU (BEYKENT)
 62
     7
440
 16777216
370
    20
100
AcDbMText
 10
117275.2421511605
 20
3476.701221819955
 30
0.0
 40
12.0
 41
0.0
 46
0.0
 71
     5
 72
     1
  1
\A1;60
  7
YAZI (BEYKENT)
 73
     1
 44
1.0
  0
POINT
  5
65C
330
654
100
AcDbEntity
  8
Defpoints
 62
     0
440
 16777216
100
AcDbPoint
 10
117245.2421511605
 20
3508.577425396295
 30
0.0
  0
POINT
  5
65D
330
654
100
AcDbEntity
  8
Defpoints
 62
     0
440
 16777216
100
AcDbPoint
 10
117305.2421511605
 20
3508.577425396295
 30
0.0
  0
POINT
  5
65E
330
654
100
AcDbEntity
  8
Defpoints
 62
     0
440
 16777216
100
AcDbPoint
 10
117305.2421511605
 20
3468.577425396296
 30
0.0
  0
ENDBLK
  5
65F
330
654
100
AcDbEntity
  8
0
100
AcDbBlockEnd
  0
BLOCK
  5
661
330
660
100
AcDbEntity
  8
0
100
AcDbBlockBegin
  2
*D80
 70
     1
 10
0.0
 20
0.0
 30
0.0
  3
*D80
  1

  0
LINE
  5
662
330
660
100
AcDbEntity
  8
OLCU (BEYKENT)
 62
     0
440
 16777216
370
    -2
100
AcDbLine
 10
117245.2421511605
 20
2855.577425396296
 30
0.0
 11
117245.2421511605
 21
2838.397425396296
 31
0.0
  0
LINE
  5
663
330
660
100
AcDbEntity
  8
OLCU (BEYKENT)
 62
     0
440
 16777216
370
    -2
100
AcDbLine
 10
117265.2421511605
 20
2855.577425396296
 30
0.0
 11
117265.2421511605
 21
2838.397425396296
 31
0.0
  0
LINE
  5
664
330
660
100
AcDbEntity
  8
OLCU (BEYKENT)
 62
     0
440
 16777216
370
    -2
100
AcDbLine
 10
117245.2421511605
 20
2838.577425396295
 30
0.0
 11
117265.2421511605
 21
2838.577425396295
 31
0.0
  0
LINE
  5
665
330
660
100
AcDbEntity
  8
OLCU (BEYKENT)
 62
     0
440
 16777216
370
    -2
100
AcDbLine
 10
117262.2421511605
 20
2835.577425396296
 30
0.0
 11
117268.2421511605
 21
2841.577425396295
 31
0.0
  0
LINE
  5
666
330
660
100
AcDbEntity
  8
OLCU (BEYKENT)
 62
     0
440
 16777216
370
    -2
100
AcDbLine
 10
117242.2421511605
 20
2835.577425396296
 30
0.0
 11
117248.2421511605
 21
2841.577425396295
 31
0.0
  0
MTEXT
  5
667
330
660
100
AcDbEntity
  8
OLCU (BEYKENT)
 62
     7
440
 16777216
370
    20
100
AcDbMText
 10
117255.2421511605
 20
2846.701221819954
 30
0.0
 40
12.0
 41
0.0
 46
0.0
 71
     5
 72
     1
  1
\A1;20
  7
YAZI (BEYKENT)
 73
     1
 44
1.0
  0
POINT
  5
668
330
660
100
AcDbEntity
  8
Defpoints
 62
     0
440
 16777216
100
AcDbPoint
 10
117245.2421511605
 20
2858.577425396296
 30
0.0
  0
POINT
  5
669
330
660
100
AcDbEntity
  8
Defpoints
 62
     0
440
 16777216
100
AcDbPoint
 10
117265.2421511605
 20
2858.577425396296
 30
0.0
  0
POINT
  5
66A
330
660
100
AcDbEntity
  8
Defpoints
 62
     0
440
 16777216
100
AcDbPoint
 10
117265.2421511605
 20
2838.577425396295
 30
0.0
  0
ENDBLK
  5
66B
330
660
100
AcDbEntity
  8
0
100
AcDbBlockEnd
  0
BLOCK
  5
66D
330
66C
100
AcDbEntity
  8
0
100
AcDbBlockBegin
  2
*D81
 70
     1
 10
0.0
 20
0.0
 30
0.0
  3
*D81
  1

  0
LINE
  5
66E
330
66C
100
AcDbEntity
  8
OLCU (BEYKENT)
 62
     0
440
 16777216
370
    -2
100
AcDbLine
 10
117265.2421511605
 20
2855.577425396296
 30
0.0
 11
117265.2421511605
 21
2838.397425396296
 31
0.0
  0
LINE
  5
66F
330
66C
100
AcDbEntity
  8
OLCU (BEYKENT)
 62
     0
440
 16777216
370
    -2
100
AcDbLine
 10
117305.2421511605
 20
2855.577425396296
 30
0.0
 11
117305.2421511605
 21
2838.397425396296
 31
0.0
  0
LINE
  5
670
330
66C
100
AcDbEntity
  8
OLCU (BEYKENT)
 62
     0
440
 16777216
370
    -2
100
AcDbLine
 10
117265.2421511605
 20
2838.577425396295
 30
0.0
 11
117305.2421511605
 21
2838.577425396295
 31
0.0
  0
LINE
  5
671
330
66C
100
AcDbEntity
  8
OLCU (BEYKENT)
 62
     0
440
 16777216
370
    -2
100
AcDbLine
 10
117302.2421511605
 20
2835.577425396296
 30
0.0
 11
117308.2421511605
 21
2841.577425396295
 31
0.0
  0
LINE
  5
672
330
66C
100
AcDbEntity
  8
OLCU (BEYKENT)
 62
     0
440
 16777216
370
    -2
100
AcDbLine
 10
117262.2421511605
 20
2835.577425396296
 30
0.0
 11
117268.2421511605
 21
2841.577425396295
 31
0.0
  0
MTEXT
  5
673
330
66C
100
AcDbEntity
  8
OLCU (BEYKENT)
 62
     7
440
 16777216
370
    20
100
AcDbMText
 10
117285.2421511605
 20
2846.701221819954
 30
0.0
 40
12.0
 41
0.0
 46
0.0
 71
     5
 72
     1
  1
\A1;40
  7
YAZI (BEYKENT)
 73
     1
 44
1.0
  0
POINT
  5
674
330
66C
100
AcDbEntity
  8
Defpoints
 62
     0
440
 16777216
100
AcDbPoint
 10
117265.2421511605
 20
2858.577425396296
 30
0.0
  0
POINT
  5
675
330
66C
100
AcDbEntity
  8
Defpoints
 62
     0
440
 16777216
100
AcDbPoint
 10
117305.2421511605
 20
2858.577425396296
 30
0.0
  0
POINT
  5
676
330
66C
100
AcDbEntity
  8
Defpoints
 62
     0
440
 16777216
100
AcDbPoint
 10
117305.2421511605
 20
2838.577425396295
 30
0.0
  0
ENDBLK
  5
677
330
66C
100
AcDbEntity
  8
0
100
AcDbBlockEnd
  0
BLOCK
  5
679
330
678
100
AcDbEntity
  8
0
100
AcDbBlockBegin
  2
*D82
 70
     1
 10
0.0
 20
0.0
 30
0.0
  3
*D82
  1

  0
LINE
  5
67A
330
678
100
AcDbEntity
  8
OLCU (BEYKENT)
 62
     0
440
 16777216
370
    -2
100
AcDbLine
 10
117245.2421511605
 20
2855.577425396296
 30
0.0
 11
117245.2421511605
 21
2818.397425396296
 31
0.0
  0
LINE
  5
67B
330
678
100
AcDbEntity
  8
OLCU (BEYKENT)
 62
     0
440
 16777216
370
    -2
100
AcDbLine
 10
117305.2421511605
 20
2855.577425396296
 30
0.0
 11
117305.2421511605
 21
2818.397425396296
 31
0.0
  0
LINE
  5
67C
330
678
100
AcDbEntity
  8
OLCU (BEYKENT)
 62
     0
440
 16777216
370
    -2
100
AcDbLine
 10
117245.2421511605
 20
2818.577425396295
 30
0.0
 11
117305.2421511605
 21
2818.577425396295
 31
0.0
  0
LINE
  5
67D
330
678
100
AcDbEntity
  8
OLCU (BEYKENT)
 62
     0
440
 16777216
370
    -2
100
AcDbLine
 10
117302.2421511605
 20
2815.577425396296
 30
0.0
 11
117308.2421511605
 21
2821.577425396295
 31
0.0
  0
LINE
  5
67E
330
678
100
AcDbEntity
  8
OLCU (BEYKENT)
 62
     0
440
 16777216
370
    -2
100
AcDbLine
 10
117242.2421511605
 20
2815.577425396296
 30
0.0
 11
117248.2421511605
 21
2821.577425396295
 31
0.0
  0
MTEXT
  5
67F
330
678
100
AcDbEntity
  8
OLCU (BEYKENT)
 62
     7
440
 16777216
370
    20
100
AcDbMText
 10
117275.2421511605
 20
2826.701221819954
 30
0.0
 40
12.0
 41
0.0
 46
0.0
 71
     5
 72
     1
  1
\A1;60
  7
YAZI (BEYKENT)
 73
     1
 44
1.0
  0
POINT
  5
680
330
678
100
AcDbEntity
  8
Defpoints
 62
     0
440
 16777216
100
AcDbPoint
 10
117245.2421511605
 20
2858.577425396296
 30
0.0
  0
POINT
  5
681
330
678
100
AcDbEntity
  8
Defpoints
 62
     0
440
 16777216
100
AcDbPoint
 10
117305.2421511605
 20
2858.577425396296
 30
0.0
  0
POINT
  5
682
330
678
100
AcDbEntity
  8
Defpoints
 62
     0
440
 16777216
100
AcDbPoint
 10
117305.2421511605
 20
2818.577425396295
 30
0.0
  0
ENDBLK
  5
683
330
678
100
AcDbEntity
  8
0
100
AcDbBlockEnd
  0
BLOCK
  5
685
330
684
100
AcDbEntity
  8
0
100
AcDbBlockBegin
  2
*D83
 70
     1
 10
0.0
 20
0.0
 30
0.0
  3
*D83
  1

  0
LINE
  5
686
330
684
100
AcDbEntity
  8
OLCU (BEYKENT)
 62
     0
440
 16777216
370
    -2
100
AcDbLine
 10
117245.2421511605
 20
2330.577425396295
 30
0.0
 11
117245.2421511605
 21
2313.397425396296
 31
0.0
  0
LINE
  5
687
330
684
100
AcDbEntity
  8
OLCU (BEYKENT)
 62
     0
440
 16777216
370
    -2
100
AcDbLine
 10
117265.2421511605
 20
2330.577425396295
 30
0.0
 11
117265.2421511605
 21
2313.397425396296
 31
0.0
  0
LINE
  5
688
330
684
100
AcDbEntity
  8
OLCU (BEYKENT)
 62
     0
440
 16777216
370
    -2
100
AcDbLine
 10
117245.2421511605
 20
2313.577425396295
 30
0.0
 11
117265.2421511605
 21
2313.577425396295
 31
0.0
  0
LINE
  5
689
330
684
100
AcDbEntity
  8
OLCU (BEYKENT)
 62
     0
440
 16777216
370
    -2
100
AcDbLine
 10
117262.2421511605
 20
2310.577425396296
 30
0.0
 11
117268.2421511605
 21
2316.577425396296
 31
0.0
  0
LINE
  5
68A
330
684
100
AcDbEntity
  8
OLCU (BEYKENT)
 62
     0
440
 16777216
370
    -2
100
AcDbLine
 10
117242.2421511605
 20
2310.577425396296
 30
0.0
 11
117248.2421511605
 21
2316.577425396296
 31
0.0
  0
MTEXT
  5
68B
330
684
100
AcDbEntity
  8
OLCU (BEYKENT)
 62
     7
440
 16777216
370
    20
100
AcDbMText
 10
117255.2421511605
 20
2321.701221819954
 30
0.0
 40
12.0
 41
0.0
 46
0.0
 71
     5
 72
     1
  1
\A1;20
  7
YAZI (BEYKENT)
 73
     1
 44
1.0
  0
POINT
  5
68C
330
684
100
AcDbEntity
  8
Defpoints
 62
     0
440
 16777216
100
AcDbPoint
 10
117245.2421511605
 20
2333.577425396295
 30
0.0
  0
POINT
  5
68D
330
684
100
AcDbEntity
  8
Defpoints
 62
     0
440
 16777216
100
AcDbPoint
 10
117265.2421511605
 20
2333.577425396295
 30
0.0
  0
POINT
  5
68E
330
684
100
AcDbEntity
  8
Defpoints
 62
     0
440
 16777216
100
AcDbPoint
 10
117265.2421511605
 20
2313.577425396295
 30
0.0
  0
ENDBLK
  5
68F
330
684
100
AcDbEntity
  8
0
100
AcDbBlockEnd
  0
BLOCK
  5
691
330
690
100
AcDbEntity
  8
0
100
AcDbBlockBegin
  2
*D84
 70
     1
 10
0.0
 20
0.0
 30
0.0
  3
*D84
  1

  0
LINE
  5
692
330
690
100
AcDbEntity
  8
OLCU (BEYKENT)
 62
     0
440
 16777216
370
    -2
100
AcDbLine
 10
117265.2421511605
 20
2330.577425396295
 30
0.0
 11
117265.2421511605
 21
2313.397425396296
 31
0.0
  0
LINE
  5
693
330
690
100
AcDbEntity
  8
OLCU (BEYKENT)
 62
     0
440
 16777216
370
    -2
100
AcDbLine
 10
117305.2421511605
 20
2330.577425396295
 30
0.0
 11
117305.2421511605
 21
2313.397425396296
 31
0.0
  0
LINE
  5
694
330
690
100
AcDbEntity
  8
OLCU (BEYKENT)
 62
     0
440
 16777216
370
    -2
100
AcDbLine
 10
117265.2421511605
 20
2313.577425396295
 30
0.0
 11
117305.2421511605
 21
2313.577425396295
 31
0.0
  0
LINE
  5
695
330
690
100
AcDbEntity
  8
OLCU (BEYKENT)
 62
     0
440
 16777216
370
    -2
100
AcDbLine
 10
117302.2421511605
 20
2310.577425396296
 30
0.0
 11
117308.2421511605
 21
2316.577425396296
 31
0.0
  0
LINE
  5
696
330
690
100
AcDbEntity
  8
OLCU (BEYKENT)
 62
     0
440
 16777216
370
    -2
100
AcDbLine
 10
117262.2421511605
 20
2310.577425396296
 30
0.0
 11
117268.2421511605
 21
2316.577425396296
 31
0.0
  0
MTEXT
  5
697
330
690
100
AcDbEntity
  8
OLCU (BEYKENT)
 62
     7
440
 16777216
370
    20
100
AcDbMText
 10
117285.2421511605
 20
2321.701221819954
 30
0.0
 40
12.0
 41
0.0
 46
0.0
 71
     5
 72
     1
  1
\A1;40
  7
YAZI (BEYKENT)
 73
     1
 44
1.0
  0
POINT
  5
698
330
690
100
AcDbEntity
  8
Defpoints
 62
     0
440
 16777216
100
AcDbPoint
 10
117265.2421511605
 20
2333.577425396295
 30
0.0
  0
POINT
  5
699
330
690
100
AcDbEntity
  8
Defpoints
 62
     0
440
 16777216
100
AcDbPoint
 10
117305.2421511605
 20
2333.577425396295
 30
0.0
  0
POINT
  5
69A
330
690
100
AcDbEntity
  8
Defpoints
 62
     0
440
 16777216
100
AcDbPoint
 10
117305.2421511605
 20
2313.577425396295
 30
0.0
  0
ENDBLK
  5
69B
330
690
100
AcDbEntity
  8
0
100
AcDbBlockEnd
  0
BLOCK
  5
69D
330
69C
100
AcDbEntity
  8
0
100
AcDbBlockBegin
  2
*D85
 70
     1
 10
0.0
 20
0.0
 30
0.0
  3
*D85
  1

  0
LINE
  5
69E
330
69C
100
AcDbEntity
  8
OLCU (BEYKENT)
 62
     0
440
 16777216
370
    -2
100
AcDbLine
 10
117245.2421511605
 20
2330.577425396295
 30
0.0
 11
117245.2421511605
 21
2293.397425396296
 31
0.0
  0
LINE
  5
69F
330
69C
100
AcDbEntity
  8
OLCU (BEYKENT)
 62
     0
440
 16777216
370
    -2
100
AcDbLine
 10
117305.2421511605
 20
2330.577425396295
 30
0.0
 11
117305.2421511605
 21
2293.397425396296
 31
0.0
  0
LINE
  5
6A0
330
69C
100
AcDbEntity
  8
OLCU (BEYKENT)
 62
     0
440
 16777216
370
    -2
100
AcDbLine
 10
117245.2421511605
 20
2293.577425396295
 30
0.0
 11
117305.2421511605
 21
2293.577425396295
 31
0.0
  0
LINE
  5
6A1
330
69C
100
AcDbEntity
  8
OLCU (BEYKENT)
 62
     0
440
 16777216
370
    -2
100
AcDbLine
 10
117302.2421511605
 20
2290.577425396296
 30
0.0
 11
117308.2421511605
 21
2296.577425396296
 31
0.0
  0
LINE
  5
6A2
330
69C
100
AcDbEntity
  8
OLCU (BEYKENT)
 62
     0
440
 16777216
370
    -2
100
AcDbLine
 10
117242.2421511605
 20
2290.577425396296
 30
0.0
 11
117248.2421511605
 21
2296.577425396296
 31
0.0
  0
MTEXT
  5
6A3
330
69C
100
AcDbEntity
  8
OLCU (BEYKENT)
 62
     7
440
 16777216
370
    20
100
AcDbMText
 10
117275.2421511605
 20
2301.701221819954
 30
0.0
 40
12.0
 41
0.0
 46
0.0
 71
     5
 72
     1
  1
\A1;60
  7
YAZI (BEYKENT)
 73
     1
 44
1.0
  0
POINT
  5
6A4
330
69C
100
AcDbEntity
  8
Defpoints
 62
     0
440
 16777216
100
AcDbPoint
 10
117245.2421511605
 20
2333.577425396295
 30
0.0
  0
POINT
  5
6A5
330
69C
100
AcDbEntity
  8
Defpoints
 62
     0
440
 16777216
100
AcDbPoint
 10
117305.2421511605
 20
2333.577425396295
 30
0.0
  0
POINT
  5
6A6
330
69C
100
AcDbEntity
  8
Defpoints
 62
     0
440
 16777216
100
AcDbPoint
 10
117305.2421511605
 20
2293.577425396295
 30
0.0
  0
ENDBLK
  5
6A7
330
69C
100
AcDbEntity
  8
0
100
AcDbBlockEnd
  0
BLOCK
  5
6A9
330
6A8
100
AcDbEntity
  8
0
100
AcDbBlockBegin
  2
*D86
 70
     1
 10
0.0
 20
0.0
 30
0.0
  3
*D86
  1

  0
LINE
  5
6AA
330
6A8
100
AcDbEntity
  8
OLCU (BEYKENT)
 62
     0
440
 16777216
370
    -2
100
AcDbLine
 10
117245.2421511605
 20
1625.577425396295
 30
0.0
 11
117245.2421511605
 21
1608.397425396295
 31
0.0
  0
LINE
  5
6AB
330
6A8
100
AcDbEntity
  8
OLCU (BEYKENT)
 62
     0
440
 16777216
370
    -2
100
AcDbLine
 10
117265.2421511605
 20
1625.577425396295
 30
0.0
 11
117265.2421511605
 21
1608.397425396295
 31
0.0
  0
LINE
  5
6AC
330
6A8
100
AcDbEntity
  8
OLCU (BEYKENT)
 62
     0
440
 16777216
370
    -2
100
AcDbLine
 10
117245.2421511605
 20
1608.577425396295
 30
0.0
 11
117265.2421511605
 21
1608.577425396295
 31
0.0
  0
LINE
  5
6AD
330
6A8
100
AcDbEntity
  8
OLCU (BEYKENT)
 62
     0
440
 16777216
370
    -2
100
AcDbLine
 10
117262.2421511605
 20
1605.577425396295
 30
0.0
 11
117268.2421511605
 21
1611.577425396295
 31
0.0
  0
LINE
  5
6AE
330
6A8
100
AcDbEntity
  8
OLCU (BEYKENT)
 62
     0
440
 16777216
370
    -2
100
AcDbLine
 10
117242.2421511605
 20
1605.577425396295
 30
0.0
 11
117248.2421511605
 21
1611.577425396295
 31
0.0
  0
MTEXT
  5
6AF
330
6A8
100
AcDbEntity
  8
OLCU (BEYKENT)
 62
     7
440
 16777216
370
    20
100
AcDbMText
 10
117255.2421511605
 20
1616.701221819954
 30
0.0
 40
12.0
 41
0.0
 46
0.0
 71
     5
 72
     1
  1
\A1;20
  7
YAZI (BEYKENT)
 73
     1
 44
1.0
  0
POINT
  5
6B0
330
6A8
100
AcDbEntity
  8
Defpoints
 62
     0
440
 16777216
100
AcDbPoint
 10
117245.2421511605
 20
1628.577425396295
 30
0.0
  0
POINT
  5
6B1
330
6A8
100
AcDbEntity
  8
Defpoints
 62
     0
440
 16777216
100
AcDbPoint
 10
117265.2421511605
 20
1628.577425396295
 30
0.0
  0
POINT
  5
6B2
330
6A8
100
AcDbEntity
  8
Defpoints
 62
     0
440
 16777216
100
AcDbPoint
 10
117265.2421511605
 20
1608.577425396295
 30
0.0
  0
ENDBLK
  5
6B3
330
6A8
100
AcDbEntity
  8
0
100
AcDbBlockEnd
  0
BLOCK
  5
6B5
330
6B4
100
AcDbEntity
  8
0
100
AcDbBlockBegin
  2
*D87
 70
     1
 10
0.0
 20
0.0
 30
0.0
  3
*D87
  1

  0
LINE
  5
6B6
330
6B4
100
AcDbEntity
  8
OLCU (BEYKENT)
 62
     0
440
 16777216
370
    -2
100
AcDbLine
 10
117265.2421511605
 20
1625.577425396295
 30
0.0
 11
117265.2421511605
 21
1608.397425396295
 31
0.0
  0
LINE
  5
6B7
330
6B4
100
AcDbEntity
  8
OLCU (BEYKENT)
 62
     0
440
 16777216
370
    -2
100
AcDbLine
 10
117305.2421511605
 20
1625.577425396295
 30
0.0
 11
117305.2421511605
 21
1608.397425396295
 31
0.0
  0
LINE
  5
6B8
330
6B4
100
AcDbEntity
  8
OLCU (BEYKENT)
 62
     0
440
 16777216
370
    -2
100
AcDbLine
 10
117265.2421511605
 20
1608.577425396295
 30
0.0
 11
117305.2421511605
 21
1608.577425396295
 31
0.0
  0
LINE
  5
6B9
330
6B4
100
AcDbEntity
  8
OLCU (BEYKENT)
 62
     0
440
 16777216
370
    -2
100
AcDbLine
 10
117302.2421511605
 20
1605.577425396295
 30
0.0
 11
117308.2421511605
 21
1611.577425396295
 31
0.0
  0
LINE
  5
6BA
330
6B4
100
AcDbEntity
  8
OLCU (BEYKENT)
 62
     0
440
 16777216
370
    -2
100
AcDbLine
 10
117262.2421511605
 20
1605.577425396295
 30
0.0
 11
117268.2421511605
 21
1611.577425396295
 31
0.0
  0
MTEXT
  5
6BB
330
6B4
100
AcDbEntity
  8
OLCU (BEYKENT)
 62
     7
440
 16777216
370
    20
100
AcDbMText
 10
117285.2421511605
 20
1616.701221819954
 30
0.0
 40
12.0
 41
0.0
 46
0.0
 71
     5
 72
     1
  1
\A1;40
  7
YAZI (BEYKENT)
 73
     1
 44
1.0
  0
POINT
  5
6BC
330
6B4
100
AcDbEntity
  8
Defpoints
 62
     0
440
 16777216
100
AcDbPoint
 10
117265.2421511605
 20
1628.577425396295
 30
0.0
  0
POINT
  5
6BD
330
6B4
100
AcDbEntity
  8
Defpoints
 62
     0
440
 16777216
100
AcDbPoint
 10
117305.2421511605
 20
1628.577425396295
 30
0.0
  0
POINT
  5
6BE
330
6B4
100
AcDbEntity
  8
Defpoints
 62
     0
440
 16777216
100
AcDbPoint
 10
117305.2421511605
 20
1608.577425396295
 30
0.0
  0
ENDBLK
  5
6BF
330
6B4
100
AcDbEntity
  8
0
100
AcDbBlockEnd
  0
BLOCK
  5
6C1
330
6C0
100
AcDbEntity
  8
0
100
AcDbBlockBegin
  2
*D88
 70
     1
 10
0.0
 20
0.0
 30
0.0
  3
*D88
  1

  0
LINE
  5
6C2
330
6C0
100
AcDbEntity
  8
OLCU (BEYKENT)
 62
     0
440
 16777216
370
    -2
100
AcDbLine
 10
117245.2421511605
 20
1625.577425396295
 30
0.0
 11
117245.2421511605
 21
1588.397425396295
 31
0.0
  0
LINE
  5
6C3
330
6C0
100
AcDbEntity
  8
OLCU (BEYKENT)
 62
     0
440
 16777216
370
    -2
100
AcDbLine
 10
117305.2421511605
 20
1625.577425396295
 30
0.0
 11
117305.2421511605
 21
1588.397425396295
 31
0.0
  0
LINE
  5
6C4
330
6C0
100
AcDbEntity
  8
OLCU (BEYKENT)
 62
     0
440
 16777216
370
    -2
100
AcDbLine
 10
117245.2421511605
 20
1588.577425396295
 30
0.0
 11
117305.2421511605
 21
1588.577425396295
 31
0.0
  0
LINE
  5
6C5
330
6C0
100
AcDbEntity
  8
OLCU (BEYKENT)
 62
     0
440
 16777216
370
    -2
100
AcDbLine
 10
117302.2421511605
 20
1585.577425396295
 30
0.0
 11
117308.2421511605
 21
1591.577425396295
 31
0.0
  0
LINE
  5
6C6
330
6C0
100
AcDbEntity
  8
OLCU (BEYKENT)
 62
     0
440
 16777216
370
    -2
100
AcDbLine
 10
117242.2421511605
 20
1585.577425396295
 30
0.0
 11
117248.2421511605
 21
1591.577425396295
 31
0.0
  0
MTEXT
  5
6C7
330
6C0
100
AcDbEntity
  8
OLCU (BEYKENT)
 62
     7
440
 16777216
370
    20
100
AcDbMText
 10
117275.2421511605
 20
1596.701221819954
 30
0.0
 40
12.0
 41
0.0
 46
0.0
 71
     5
 72
     1
  1
\A1;60
  7
YAZI (BEYKENT)
 73
     1
 44
1.0
  0
POINT
  5
6C8
330
6C0
100
AcDbEntity
  8
Defpoints
 62
     0
440
 16777216
100
AcDbPoint
 10
117245.2421511605
 20
1628.577425396295
 30
0.0
  0
POINT
  5
6C9
330
6C0
100
AcDbEntity
  8
Defpoints
 62
     0
440
 16777216
100
AcDbPoint
 10
117305.2421511605
 20
1628.577425396295
 30
0.0
  0
POINT
  5
6CA
330
6C0
100
AcDbEntity
  8
Defpoints
 62
     0
440
 16777216
100
AcDbPoint
 10
117305.2421511605
 20
1588.577425396295
 30
0.0
  0
ENDBLK
  5
6CB
330
6C0
100
AcDbEntity
  8
0
100
AcDbBlockEnd
  0
BLOCK
  5
6CD
330
6CC
100
AcDbEntity
  8
0
100
AcDbBlockBegin
  2
*D89
 70
     1
 10
0.0
 20
0.0
 30
0.0
  3
*D89
  1

  0
LINE
  5
6CE
330
6CC
100
AcDbEntity
  8
OLCU (BEYKENT)
 62
     0
440
 16777216
370
    -2
100
AcDbLine
 10
117245.2421511605
 20
1011.577425396295
 30
0.0
 11
117245.2421511605
 21
1028.757425396295
 31
0.0
  0
LINE
  5
6CF
330
6CC
100
AcDbEntity
  8
OLCU (BEYKENT)
 62
     0
440
 16777216
370
    -2
100
AcDbLine
 10
117265.2421511605
 20
1011.577425396295
 30
0.0
 11
117265.2421511605
 21
1028.757425396295
 31
0.0
  0
LINE
  5
6D0
330
6CC
100
AcDbEntity
  8
OLCU (BEYKENT)
 62
     0
440
 16777216
370
    -2
100
AcDbLine
 10
117245.2421511605
 20
1028.577425396295
 30
0.0
 11
117265.2421511605
 21
1028.577425396295
 31
0.0
  0
LINE
  5
6D1
330
6CC
100
AcDbEntity
  8
OLCU (BEYKENT)
 62
     0
440
 16777216
370
    -2
100
AcDbLine
 10
117262.2421511605
 20
1025.577425396295
 30
0.0
 11
117268.2421511605
 21
1031.577425396295
 31
0.0
  0
LINE
  5
6D2
330
6CC
100
AcDbEntity
  8
OLCU (BEYKENT)
 62
     0
440
 16777216
370
    -2
100
AcDbLine
 10
117242.2421511605
 20
1025.577425396295
 30
0.0
 11
117248.2421511605
 21
1031.577425396295
 31
0.0
  0
MTEXT
  5
6D3
330
6CC
100
AcDbEntity
  8
OLCU (BEYKENT)
 62
     7
440
 16777216
370
    20
100
AcDbMText
 10
117255.2421511605
 20
1036.701221819954
 30
0.0
 40
12.0
 41
0.0
 46
0.0
 71
     5
 72
     1
  1
\A1;20
  7
YAZI (BEYKENT)
 73
     1
 44
1.0
  0
POINT
  5
6D4
330
6CC
100
AcDbEntity
  8
Defpoints
 62
     0
440
 16777216
100
AcDbPoint
 10
117245.2421511605
 20
1008.577425396295
 30
0.0
  0
POINT
  5
6D5
330
6CC
100
AcDbEntity
  8
Defpoints
 62
     0
440
 16777216
100
AcDbPoint
 10
117265.2421511605
 20
1008.577425396295
 30
0.0
  0
POINT
  5
6D6
330
6CC
100
AcDbEntity
  8
Defpoints
 62
     0
440
 16777216
100
AcDbPoint
 10
117265.2421511605
 20
1028.577425396295
 30
0.0
  0
ENDBLK
  5
6D7
330
6CC
100
AcDbEntity
  8
0
100
AcDbBlockEnd
  0
BLOCK
  5
6D9
330
6D8
100
AcDbEntity
  8
0
100
AcDbBlockBegin
  2
*D90
 70
     1
 10
0.0
 20
0.0
 30
0.0
  3
*D90
  1

  0
LINE
  5
6DA
330
6D8
100
AcDbEntity
  8
OLCU (BEYKENT)
 62
     0
440
 16777216
370
    -2
100
AcDbLine
 10
117265.2421511605
 20
1011.577425396295
 30
0.0
 11
117265.2421511605
 21
1028.757425396295
 31
0.0
  0
LINE
  5
6DB
330
6D8
100
AcDbEntity
  8
OLCU (BEYKENT)
 62
     0
440
 16777216
370
    -2
100
AcDbLine
 10
117305.2421511605
 20
1011.577425396295
 30
0.0
 11
117305.2421511605
 21
1028.757425396295
 31
0.0
  0
LINE
  5
6DC
330
6D8
100
AcDbEntity
  8
OLCU (BEYKENT)
 62
     0
440
 16777216
370
    -2
100
AcDbLine
 10
117265.2421511605
 20
1028.577425396295
 30
0.0
 11
117305.2421511605
 21
1028.577425396295
 31
0.0
  0
LINE
  5
6DD
330
6D8
100
AcDbEntity
  8
OLCU (BEYKENT)
 62
     0
440
 16777216
370
    -2
100
AcDbLine
 10
117302.2421511605
 20
1025.577425396295
 30
0.0
 11
117308.2421511605
 21
1031.577425396295
 31
0.0
  0
LINE
  5
6DE
330
6D8
100
AcDbEntity
  8
OLCU (BEYKENT)
 62
     0
440
 16777216
370
    -2
100
AcDbLine
 10
117262.2421511605
 20
1025.577425396295
 30
0.0
 11
117268.2421511605
 21
1031.577425396295
 31
0.0
  0
MTEXT
  5
6DF
330
6D8
100
AcDbEntity
  8
OLCU (BEYKENT)
 62
     7
440
 16777216
370
    20
100
AcDbMText
 10
117285.2421511605
 20
1036.701221819954
 30
0.0
 40
12.0
 41
0.0
 46
0.0
 71
     5
 72
     1
  1
\A1;40
  7
YAZI (BEYKENT)
 73
     1
 44
1.0
  0
POINT
  5
6E0
330
6D8
100
AcDbEntity
  8
Defpoints
 62
     0
440
 16777216
100
AcDbPoint
 10
117265.2421511605
 20
1008.577425396295
 30
0.0
  0
POINT
  5
6E1
330
6D8
100
AcDbEntity
  8
Defpoints
 62
     0
440
 16777216
100
AcDbPoint
 10
117305.2421511605
 20
1008.577425396295
 30
0.0
  0
POINT
  5
6E2
330
6D8
100
AcDbEntity
  8
Defpoints
 62
     0
440
 16777216
100
AcDbPoint
 10
117305.2421511605
 20
1028.577425396295
 30
0.0
  0
ENDBLK
  5
6E3
330
6D8
100
AcDbEntity
  8
0
100
AcDbBlockEnd
  0
BLOCK
  5
6E5
330
6E4
100
AcDbEntity
  8
0
100
AcDbBlockBegin
  2
*D91
 70
     1
 10
0.0
 20
0.0
 30
0.0
  3
*D91
  1

  0
LINE
  5
6E6
330
6E4
100
AcDbEntity
  8
OLCU (BEYKENT)
 62
     0
440
 16777216
370
    -2
100
AcDbLine
 10
117245.2421511605
 20
1011.577425396295
 30
0.0
 11
117245.2421511605
 21
1048.757425396295
 31
0.0
  0
LINE
  5
6E7
330
6E4
100
AcDbEntity
  8
OLCU (BEYKENT)
 62
     0
440
 16777216
370
    -2
100
AcDbLine
 10
117305.2421511605
 20
1011.577425396295
 30
0.0
 11
117305.2421511605
 21
1048.757425396295
 31
0.0
  0
LINE
  5
6E8
330
6E4
100
AcDbEntity
  8
OLCU (BEYKENT)
 62
     0
440
 16777216
370
    -2
100
AcDbLine
 10
117245.2421511605
 20
1048.577425396295
 30
0.0
 11
117305.2421511605
 21
1048.577425396295
 31
0.0
  0
LINE
  5
6E9
330
6E4
100
AcDbEntity
  8
OLCU (BEYKENT)
 62
     0
440
 16777216
370
    -2
100
AcDbLine
 10
117302.2421511605
 20
1045.577425396295
 30
0.0
 11
117308.2421511605
 21
1051.577425396295
 31
0.0
  0
LINE
  5
6EA
330
6E4
100
AcDbEntity
  8
OLCU (BEYKENT)
 62
     0
440
 16777216
370
    -2
100
AcDbLine
 10
117242.2421511605
 20
1045.577425396295
 30
0.0
 11
117248.2421511605
 21
1051.577425396295
 31
0.0
  0
MTEXT
  5
6EB
330
6E4
100
AcDbEntity
  8
OLCU (BEYKENT)
 62
     7
440
 16777216
370
    20
100
AcDbMText
 10
117275.2421511605
 20
1056.701221819954
 30
0.0
 40
12.0
 41
0.0
 46
0.0
 71
     5
 72
     1
  1
\A1;60
  7
YAZI (BEYKENT)
 73
     1
 44
1.0
  0
POINT
  5
6EC
330
6E4
100
AcDbEntity
  8
Defpoints
 62
     0
440
 16777216
100
AcDbPoint
 10
117245.2421511605
 20
1008.577425396295
 30
0.0
  0
POINT
  5
6ED
330
6E4
100
AcDbEntity
  8
Defpoints
 62
     0
440
 16777216
100
AcDbPoint
 10
117305.2421511605
 20
1008.577425396295
 30
0.0
  0
POINT
  5
6EE
330
6E4
100
AcDbEntity
  8
Defpoints
 62
     0
440
 16777216
100
AcDbPoint
 10
117305.2421511605
 20
1048.577425396295
 30
0.0
  0
ENDBLK
  5
6EF
330
6E4
100
AcDbEntity
  8
0
100
AcDbBlockEnd
  0
BLOCK
  5
6F1
330
6F0
100
AcDbEntity
  8
0
100
AcDbBlockBegin
  2
*D92
 70
     1
 10
0.0
 20
0.0
 30
0.0
  3
*D92
  1

  0
LINE
  5
6F2
330
6F0
100
AcDbEntity
  8
OLCU (BEYKENT)
 62
     0
440
 16777216
370
    -2
100
AcDbLine
 10
117245.2421511605
 20
3205.577425396295
 30
0.0
 11
117245.2421511605
 21
3188.397425396296
 31
0.0
  0
LINE
  5
6F3
330
6F0
100
AcDbEntity
  8
OLCU (BEYKENT)
 62
     0
440
 16777216
370
    -2
100
AcDbLine
 10
117265.2421511605
 20
3205.577425396295
 30
0.0
 11
117265.2421511605
 21
3188.397425396296
 31
0.0
  0
LINE
  5
6F4
330
6F0
100
AcDbEntity
  8
OLCU (BEYKENT)
 62
     0
440
 16777216
370
    -2
100
AcDbLine
 10
117245.2421511605
 20
3188.577425396295
 30
0.0
 11
117265.2421511605
 21
3188.577425396295
 31
0.0
  0
LINE
  5
6F5
330
6F0
100
AcDbEntity
  8
OLCU (BEYKENT)
 62
     0
440
 16777216
370
    -2
100
AcDbLine
 10
117262.2421511605
 20
3185.577425396296
 30
0.0
 11
117268.2421511605
 21
3191.577425396296
 31
0.0
  0
LINE
  5
6F6
330
6F0
100
AcDbEntity
  8
OLCU (BEYKENT)
 62
     0
440
 16777216
370
    -2
100
AcDbLine
 10
117242.2421511605
 20
3185.577425396296
 30
0.0
 11
117248.2421511605
 21
3191.577425396296
 31
0.0
  0
MTEXT
  5
6F7
330
6F0
100
AcDbEntity
  8
OLCU (BEYKENT)
 62
     7
440
 16777216
370
    20
100
AcDbMText
 10
117255.2421511605
 20
3196.701221819954
 30
0.0
 40
12.0
 41
0.0
 46
0.0
 71
     5
 72
     1
  1
\A1;20
  7
YAZI (BEYKENT)
 73
     1
 44
1.0
  0
POINT
  5
6F8
330
6F0
100
AcDbEntity
  8
Defpoints
 62
     0
440
 16777216
100
AcDbPoint
 10
117245.2421511605
 20
3208.577425396295
 30
0.0
  0
POINT
  5
6F9
330
6F0
100
AcDbEntity
  8
Defpoints
 62
     0
440
 16777216
100
AcDbPoint
 10
117265.2421511605
 20
3208.577425396295
 30
0.0
  0
POINT
  5
6FA
330
6F0
100
AcDbEntity
  8
Defpoints
 62
     0
440
 16777216
100
AcDbPoint
 10
117265.2421511605
 20
3188.577425396295
 30
0.0
  0
ENDBLK
  5
6FB
330
6F0
100
AcDbEntity
  8
0
100
AcDbBlockEnd
  0
BLOCK
  5
6FD
330
6FC
100
AcDbEntity
  8
0
100
AcDbBlockBegin
  2
*D93
 70
     1
 10
0.0
 20
0.0
 30
0.0
  3
*D93
  1

  0
LINE
  5
6FE
330
6FC
100
AcDbEntity
  8
OLCU (BEYKENT)
 62
     0
440
 16777216
370
    -2
100
AcDbLine
 10
117245.2421511605
 20
2605.577425396296
 30
0.0
 11
117245.2421511605
 21
2588.397425396296
 31
0.0
  0
LINE
  5
6FF
330
6FC
100
AcDbEntity
  8
OLCU (BEYKENT)
 62
     0
440
 16777216
370
    -2
100
AcDbLine
 10
117265.2421511605
 20
2605.577425396296
 30
0.0
 11
117265.2421511605
 21
2588.397425396296
 31
0.0
  0
LINE
  5
700
330
6FC
100
AcDbEntity
  8
OLCU (BEYKENT)
 62
     0
440
 16777216
370
    -2
100
AcDbLine
 10
117245.2421511605
 20
2588.577425396295
 30
0.0
 11
117265.2421511605
 21
2588.577425396295
 31
0.0
  0
LINE
  5
701
330
6FC
100
AcDbEntity
  8
OLCU (BEYKENT)
 62
     0
440
 16777216
370
    -2
100
AcDbLine
 10
117262.2421511605
 20
2585.577425396296
 30
0.0
 11
117268.2421511605
 21
2591.577425396295
 31
0.0
  0
LINE
  5
702
330
6FC
100
AcDbEntity
  8
OLCU (BEYKENT)
 62
     0
440
 16777216
370
    -2
100
AcDbLine
 10
117242.2421511605
 20
2585.577425396296
 30
0.0
 11
117248.2421511605
 21
2591.577425396295
 31
0.0
  0
MTEXT
  5
703
330
6FC
100
AcDbEntity
  8
OLCU (BEYKENT)
 62
     7
440
 16777216
370
    20
100
AcDbMText
 10
117255.2421511605
 20
2596.701221819954
 30
0.0
 40
12.0
 41
0.0
 46
0.0
 71
     5
 72
     1
  1
\A1;20
  7
YAZI (BEYKENT)
 73
     1
 44
1.0
  0
POINT
  5
704
330
6FC
100
AcDbEntity
  8
Defpoints
 62
     0
440
 16777216
100
AcDbPoint
 10
117245.2421511605
 20
2608.577425396296
 30
0.0
  0
POINT
  5
705
330
6FC
100
AcDbEntity
  8
Defpoints
 62
     0
440
 16777216
100
AcDbPoint
 10
117265.2421511605
 20
2608.577425396296
 30
0.0
  0
POINT
  5
706
330
6FC
100
AcDbEntity
  8
Defpoints
 62
     0
440
 16777216
100
AcDbPoint
 10
117265.2421511605
 20
2588.577425396295
 30
0.0
  0
ENDBLK
  5
707
330
6FC
100
AcDbEntity
  8
0
100
AcDbBlockEnd
  0
BLOCK
  5
709
330
708
100
AcDbEntity
  8
0
100
AcDbBlockBegin
  2
*D94
 70
     1
 10
0.0
 20
0.0
 30
0.0
  3
*D94
  1

  0
LINE
  5
70A
330
708
100
AcDbEntity
  8
OLCU (BEYKENT)
 62
     0
440
 16777216
370
    -2
100
AcDbLine
 10
117245.2421511605
 20
2005.577425396296
 30
0.0
 11
117245.2421511605
 21
1988.397425396295
 31
0.0
  0
LINE
  5
70B
330
708
100
AcDbEntity
  8
OLCU (BEYKENT)
 62
     0
440
 16777216
370
    -2
100
AcDbLine
 10
117265.2421511605
 20
2005.577425396296
 30
0.0
 11
117265.2421511605
 21
1988.397425396295
 31
0.0
  0
LINE
  5
70C
330
708
100
AcDbEntity
  8
OLCU (BEYKENT)
 62
     0
440
 16777216
370
    -2
100
AcDbLine
 10
117245.2421511605
 20
1988.577425396295
 30
0.0
 11
117265.2421511605
 21
1988.577425396295
 31
0.0
  0
LINE
  5
70D
330
708
100
AcDbEntity
  8
OLCU (BEYKENT)
 62
     0
440
 16777216
370
    -2
100
AcDbLine
 10
117262.2421511605
 20
1985.577425396295
 30
0.0
 11
117268.2421511605
 21
1991.577425396295
 31
0.0
  0
LINE
  5
70E
330
708
100
AcDbEntity
  8
OLCU (BEYKENT)
 62
     0
440
 16777216
370
    -2
100
AcDbLine
 10
117242.2421511605
 20
1985.577425396295
 30
0.0
 11
117248.2421511605
 21
1991.577425396295
 31
0.0
  0
MTEXT
  5
70F
330
708
100
AcDbEntity
  8
OLCU (BEYKENT)
 62
     7
440
 16777216
370
    20
100
AcDbMText
 10
117255.2421511605
 20
1996.701221819954
 30
0.0
 40
12.0
 41
0.0
 46
0.0
 71
     5
 72
     1
  1
\A1;20
  7
YAZI (BEYKENT)
 73
     1
 44
1.0
  0
POINT
  5
710
330
708
100
AcDbEntity
  8
Defpoints
 62
     0
440
 16777216
100
AcDbPoint
 10
117245.2421511605
 20
2008.577425396296
 30
0.0
  0
POINT
  5
711
330
708
100
AcDbEntity
  8
Defpoints
 62
     0
440
 16777216
100
AcDbPoint
 10
117265.2421511605
 20
2008.577425396296
 30
0.0
  0
POINT
  5
712
330
708
100
AcDbEntity
  8
Defpoints
 62
     0
440
 16777216
100
AcDbPoint
 10
117265.2421511605
 20
1988.577425396295
 30
0.0
  0
ENDBLK
  5
713
330
708
100
AcDbEntity
  8
0
100
AcDbBlockEnd
  0
BLOCK
  5
715
330
714
100
AcDbEntity
  8
0
100
AcDbBlockBegin
  2
*D95
 70
     1
 10
0.0
 20
0.0
 30
0.0
  3
*D95
  1

  0
LINE
  5
716
330
714
100
AcDbEntity
  8
OLCU (BEYKENT)
 62
     0
440
 16777216
370
    -2
100
AcDbLine
 10
117245.2421511605
 20
1305.577425396295
 30
0.0
 11
117245.2421511605
 21
1288.397425396295
 31
0.0
  0
LINE
  5
717
330
714
100
AcDbEntity
  8
OLCU (BEYKENT)
 62
     0
440
 16777216
370
    -2
100
AcDbLine
 10
117265.2421511605
 20
1305.577425396295
 30
0.0
 11
117265.2421511605
 21
1288.397425396295
 31
0.0
  0
LINE
  5
718
330
714
100
AcDbEntity
  8
OLCU (BEYKENT)
 62
     0
440
 16777216
370
    -2
100
AcDbLine
 10
117245.2421511605
 20
1288.577425396295
 30
0.0
 11
117265.2421511605
 21
1288.577425396295
 31
0.0
  0
LINE
  5
719
330
714
100
AcDbEntity
  8
OLCU (BEYKENT)
 62
     0
440
 16777216
370
    -2
100
AcDbLine
 10
117262.2421511605
 20
1285.577425396295
 30
0.0
 11
117268.2421511605
 21
1291.577425396295
 31
0.0
  0
LINE
  5
71A
330
714
100
AcDbEntity
  8
OLCU (BEYKENT)
 62
     0
440
 16777216
370
    -2
100
AcDbLine
 10
117242.2421511605
 20
1285.577425396295
 30
0.0
 11
117248.2421511605
 21
1291.577425396295
 31
0.0
  0
MTEXT
  5
71B
330
714
100
AcDbEntity
  8
OLCU (BEYKENT)
 62
     7
440
 16777216
370
    20
100
AcDbMText
 10
117255.2421511605
 20
1296.701221819954
 30
0.0
 40
12.0
 41
0.0
 46
0.0
 71
     5
 72
     1
  1
\A1;20
  7
YAZI (BEYKENT)
 73
     1
 44
1.0
  0
POINT
  5
71C
330
714
100
AcDbEntity
  8
Defpoints
 62
     0
440
 16777216
100
AcDbPoint
 10
117245.2421511605
 20
1308.577425396295
 30
0.0
  0
POINT
  5
71D
330
714
100
AcDbEntity
  8
Defpoints
 62
     0
440
 16777216
100
AcDbPoint
 10
117265.2421511605
 20
1308.577425396295
 30
0.0
  0
POINT
  5
71E
330
714
100
AcDbEntity
  8
Defpoints
 62
     0
440
 16777216
100
AcDbPoint
 10
117265.2421511605
 20
1288.577425396295
 30
0.0
  0
ENDBLK
  5
71F
330
714
100
AcDbEntity
  8
0
100
AcDbBlockEnd
  0
BLOCK
  5
721
330
720
100
AcDbEntity
  8
0
100
AcDbBlockBegin
  2
_Open30
 70
     0
 10
0.0
 20
0.0
 30
0.0
  3
_Open30
  1

  0
LINE
  5
722
330
720
100
AcDbEntity
  8
0
  6
ByBlock
 62
     0
370
    -2
100
AcDbLine
 10
-1.0
 20
0.26794919
 30
0.0
 11
0.0
 21
0.0
 31
0.0
  0
LINE
  5
723
330
720
100
AcDbEntity
  8
0
  6
ByBlock
 62
     0
370
    -2
100
AcDbLine
 10
0.0
 20
0.0
 30
0.0
 11
-1.0
 21
-0.26794919
 31
0.0
  0
LINE
  5
724
330
720
100
AcDbEntity
  8
0
  6
ByBlock
 62
     0
370
    -2
100
AcDbLine
 10
0.0
 20
0.0
 30
0.0
 11
-1.0
 21
0.0
 31
0.0
  0
ENDBLK
  5
725
330
720
100
AcDbEntity
  8
0
100
AcDbBlockEnd
  0
BLOCK
  5
727
330
726
100
AcDbEntity
  8
0
100
AcDbBlockBegin
  2
_Oblique
 70
     0
 10
0.0
 20
0.0
 30
0.0
  3
_Oblique
  1

  0
LINE
  5
728
330
726
100
AcDbEntity
  8
0
  6
ByBlock
 62
     0
370
    -2
100
AcDbLine
 10
-0.5
 20
-0.5
 30
0.0
 11
0.5
 21
0.5
 31
0.0
  0
ENDBLK
  5
729
330
726
100
AcDbEntity
  8
0
100
AcDbBlockEnd
  0
BLOCK
  5
1054
330
1053
100
AcDbEntity
  8
0
100
AcDbBlockBegin
  2
*D99
 70
     1
 10
0.0
 20
0.0
 30
0.0
  3
*D99
  1

  0
LINE
  5
14C7
330
1053
100
AcDbEntity
  8
OLCU (BEYKENT)
 62
     0
440
 16777216
370
    -2
100
AcDbLine
 10
3552.914596724886
 20
3924.167413679706
 30
0.0
 11
3570.094596725294
 21
3924.167413679706
 31
0.0
  0
LINE
  5
14C8
330
1053
100
AcDbEntity
  8
OLCU (BEYKENT)
 62
     0
440
 16777216
370
    -2
100
AcDbLine
 10
3552.914596724886
 20
3904.167413679706
 30
0.0
 11
3570.094596725294
 21
3904.167413679706
 31
0.0
  0
LINE
  5
14C9
330
1053
100
AcDbEntity
  8
OLCU (BEYKENT)
 62
     0
440
 16777216
370
    -2
100
AcDbLine
 10
3569.914596725294
 20
3924.167413679706
 30
0.0
 11
3569.914596725294
 21
3904.167413679706
 31
0.0
  0
LINE
  5
14CA
330
1053
100
AcDbEntity
  8
OLCU (BEYKENT)
 62
     0
440
 16777216
370
    -2
100
AcDbLine
 10
3572.914596725293
 20
3901.167413679706
 30
0.0
 11
3566.914596725294
 21
3907.167413679706
 31
0.0
  0
LINE
  5
14CB
330
1053
100
AcDbEntity
  8
OLCU (BEYKENT)
 62
     0
440
 16777216
370
    -2
100
AcDbLine
 10
3572.914596725293
 20
3921.167413679706
 30
0.0
 11
3566.914596725294
 21
3927.167413679705
 31
0.0
  0
MTEXT
  5
14CC
330
1053
100
AcDbEntity
  8
OLCU (BEYKENT)
 62
     7
440
 16777216
370
    20
100
AcDbMText
 10
3561.790800301635
 20
3914.167413679704
 30
0.0
 40
12.0
 41
0.0
 46
0.0
 71
     5
 72
     1
  1
\A1;20
  7
YAZI (BEYKENT)
 11
0.0000000000000001
 21
1.0
 31
0.0
 73
     1
 44
1.0
  0
POINT
  5
14CD
330
1053
100
AcDbEntity
  8
Defpoints
 62
     0
440
 16777216
100
AcDbPoint
 10
3549.914596724886
 20
3924.167413679706
 30
0.0
  0
POINT
  5
14CE
330
1053
100
AcDbEntity
  8
Defpoints
 62
     0
440
 16777216
100
AcDbPoint
 10
3549.914596724886
 20
3904.167413679706
 30
0.0
  0
POINT
  5
14CF
330
1053
100
AcDbEntity
  8
Defpoints
 62
     0
440
 16777216
100
AcDbPoint
 10
3569.914596725294
 20
3904.167413679706
 30
0.0
  0
ENDBLK
  5
1055
330
1053
100
AcDbEntity
  8
0
100
AcDbBlockEnd
  0
BLOCK
  5
1060
330
105F
100
AcDbEntity
  8
0
100
AcDbBlockBegin
  2
*D100
 70
     1
 10
0.0
 20
0.0
 30
0.0
  3
*D100
  1

  0
LINE
  5
14D0
330
105F
100
AcDbEntity
  8
OLCU (BEYKENT)
 62
     0
440
 16777216
370
    -2
100
AcDbLine
 10
3552.914596724886
 20
3904.167413679706
 30
0.0
 11
3570.094596725294
 21
3904.167413679706
 31
0.0
  0
LINE
  5
14D1
330
105F
100
AcDbEntity
  8
OLCU (BEYKENT)
 62
     0
440
 16777216
370
    -2
100
AcDbLine
 10
3552.914596724886
 20
3864.167413679706
 30
0.0
 11
3570.094596725294
 21
3864.167413679706
 31
0.0
  0
LINE
  5
14D2
330
105F
100
AcDbEntity
  8
OLCU (BEYKENT)
 62
     0
440
 16777216
370
    -2
100
AcDbLine
 10
3569.914596725294
 20
3904.167413679706
 30
0.0
 11
3569.914596725294
 21
3864.167413679706
 31
0.0
  0
LINE
  5
14D3
330
105F
100
AcDbEntity
  8
OLCU (BEYKENT)
 62
     0
440
 16777216
370
    -2
100
AcDbLine
 10
3572.914596725293
 20
3861.167413679705
 30
0.0
 11
3566.914596725294
 21
3867.167413679706
 31
0.0
  0
LINE
  5
14D4
330
105F
100
AcDbEntity
  8
OLCU (BEYKENT)
 62
     0
440
 16777216
370
    -2
100
AcDbLine
 10
3572.914596725293
 20
3901.167413679706
 30
0.0
 11
3566.914596725294
 21
3907.167413679706
 31
0.0
  0
MTEXT
  5
14D5
330
105F
100
AcDbEntity
  8
OLCU (BEYKENT)
 62
     7
440
 16777216
370
    20
100
AcDbMText
 10
3561.790800301635
 20
3884.167413679704
 30
0.0
 40
12.0
 41
0.0
 46
0.0
 71
     5
 72
     1
  1
\A1;40
  7
YAZI (BEYKENT)
 11
0.0000000000000001
 21
1.0
 31
0.0
 73
     1
 44
1.0
  0
POINT
  5
14D6
330
105F
100
AcDbEntity
  8
Defpoints
 62
     0
440
 16777216
100
AcDbPoint
 10
3549.914596724886
 20
3904.167413679706
 30
0.0
  0
POINT
  5
14D7
330
105F
100
AcDbEntity
  8
Defpoints
 62
     0
440
 16777216
100
AcDbPoint
 10
3549.914596724886
 20
3864.167413679706
 30
0.0
  0
POINT
  5
14D8
330
105F
100
AcDbEntity
  8
Defpoints
 62
     0
440
 16777216
100
AcDbPoint
 10
3569.914596725294
 20
3864.167413679706
 30
0.0
  0
ENDBLK
  5
1061
330
105F
100
AcDbEntity
  8
0
100
AcDbBlockEnd
  0
BLOCK
  5
106C
330
106B
100
AcDbEntity
  8
0
100
AcDbBlockBegin
  2
*D101
 70
     1
 10
0.0
 20
0.0
 30
0.0
  3
*D101
  1

  0
LINE
  5
14D9
330
106B
100
AcDbEntity
  8
OLCU (BEYKENT)
 62
     0
440
 16777216
370
    -2
100
AcDbLine
 10
3552.914596724886
 20
3924.167413679706
 30
0.0
 11
3590.094596725293
 21
3924.167413679706
 31
0.0
  0
LINE
  5
14DA
330
106B
100
AcDbEntity
  8
OLCU (BEYKENT)
 62
     0
440
 16777216
370
    -2
100
AcDbLine
 10
3552.914596724886
 20
3864.167413679706
 30
0.0
 11
3590.094596725293
 21
3864.167413679706
 31
0.0
  0
LINE
  5
14DB
330
106B
100
AcDbEntity
  8
OLCU (BEYKENT)
 62
     0
440
 16777216
370
    -2
100
AcDbLine
 10
3589.914596725293
 20
3924.167413679706
 30
0.0
 11
3589.914596725293
 21
3864.167413679706
 31
0.0
  0
LINE
  5
14DC
330
106B
100
AcDbEntity
  8
OLCU (BEYKENT)
 62
     0
440
 16777216
370
    -2
100
AcDbLine
 10
3592.914596725294
 20
3861.167413679705
 30
0.0
 11
3586.914596725293
 21
3867.167413679706
 31
0.0
  0
LINE
  5
14DD
330
106B
100
AcDbEntity
  8
OLCU (BEYKENT)
 62
     0
440
 16777216
370
    -2
100
AcDbLine
 10
3592.914596725294
 20
3921.167413679706
 30
0.0
 11
3586.914596725293
 21
3927.167413679705
 31
0.0
  0
MTEXT
  5
14DE
330
106B
100
AcDbEntity
  8
OLCU (BEYKENT)
 62
     7
440
 16777216
370
    20
100
AcDbMText
 10
3581.790800301635
 20
3894.167413679704
 30
0.0
 40
12.0
 41
0.0
 46
0.0
 71
     5
 72
     1
  1
\A1;60
  7
YAZI (BEYKENT)
 11
0.0000000000000001
 21
1.0
 31
0.0
 73
     1
 44
1.0
  0
POINT
  5
14DF
330
106B
100
AcDbEntity
  8
Defpoints
 62
     0
440
 16777216
100
AcDbPoint
 10
3549.914596724886
 20
3924.167413679706
 30
0.0
  0
POINT
  5
14E0
330
106B
100
AcDbEntity
  8
Defpoints
 62
     0
440
 16777216
100
AcDbPoint
 10
3549.914596724886
 20
3864.167413679706
 30
0.0
  0
POINT
  5
14E1
330
106B
100
AcDbEntity
  8
Defpoints
 62
     0
440
 16777216
100
AcDbPoint
 10
3589.914596725293
 20
3864.167413679706
 30
0.0
  0
ENDBLK
  5
106D
330
106B
100
AcDbEntity
  8
0
100
AcDbBlockEnd
  0
BLOCK
  5
1078
330
1077
100
AcDbEntity
  8
0
100
AcDbBlockBegin
  2
*D102
 70
     1
 10
0.0
 20
0.0
 30
0.0
  3
*D102
  1

  0
LINE
  5
14E2
330
1077
100
AcDbEntity
  8
OLCU (BEYKENT)
 62
     0
440
 16777216
370
    -2
100
AcDbLine
 10
4402.909947562885
 20
3924.167413679706
 30
0.0
 11
4420.089947563292
 21
3924.167413679706
 31
0.0
  0
LINE
  5
14E3
330
1077
100
AcDbEntity
  8
OLCU (BEYKENT)
 62
     0
440
 16777216
370
    -2
100
AcDbLine
 10
4402.909947562885
 20
3904.167413679706
 30
0.0
 11
4420.089947563292
 21
3904.167413679706
 31
0.0
  0
LINE
  5
14E4
330
1077
100
AcDbEntity
  8
OLCU (BEYKENT)
 62
     0
440
 16777216
370
    -2
100
AcDbLine
 10
4419.909947563292
 20
3924.167413679706
 30
0.0
 11
4419.909947563292
 21
3904.167413679706
 31
0.0
  0
LINE
  5
14E5
330
1077
100
AcDbEntity
  8
OLCU (BEYKENT)
 62
     0
440
 16777216
370
    -2
100
AcDbLine
 10
4422.909947563292
 20
3901.167413679706
 30
0.0
 11
4416.909947563292
 21
3907.167413679706
 31
0.0
  0
LINE
  5
14E6
330
1077
100
AcDbEntity
  8
OLCU (BEYKENT)
 62
     0
440
 16777216
370
    -2
100
AcDbLine
 10
4422.909947563292
 20
3921.167413679706
 30
0.0
 11
4416.909947563292
 21
3927.167413679705
 31
0.0
  0
MTEXT
  5
14E7
330
1077
100
AcDbEntity
  8
OLCU (BEYKENT)
 62
     7
440
 16777216
370
    20
100
AcDbMText
 10
4411.786151139633
 20
3914.167413679704
 30
0.0
 40
12.0
 41
0.0
 46
0.0
 71
     5
 72
     1
  1
\A1;20
  7
YAZI (BEYKENT)
 11
0.0000000000000001
 21
1.0
 31
0.0
 73
     1
 44
1.0
  0
POINT
  5
14E8
330
1077
100
AcDbEntity
  8
Defpoints
 62
     0
440
 16777216
100
AcDbPoint
 10
4399.909947562885
 20
3924.167413679706
 30
0.0
  0
POINT
  5
14E9
330
1077
100
AcDbEntity
  8
Defpoints
 62
     0
440
 16777216
100
AcDbPoint
 10
4399.909947562885
 20
3904.167413679706
 30
0.0
  0
POINT
  5
14EA
330
1077
100
AcDbEntity
  8
Defpoints
 62
     0
440
 16777216
100
AcDbPoint
 10
4419.909947563292
 20
3904.167413679706
 30
0.0
  0
ENDBLK
  5
1079
330
1077
100
AcDbEntity
  8
0
100
AcDbBlockEnd
  0
BLOCK
  5
1084
330
1083
100
AcDbEntity
  8
0
100
AcDbBlockBegin
  2
*D103
 70
     1
 10
0.0
 20
0.0
 30
0.0
  3
*D103
  1

  0
LINE
  5
14EB
330
1083
100
AcDbEntity
  8
OLCU (BEYKENT)
 62
     0
440
 16777216
370
    -2
100
AcDbLine
 10
4402.909947562885
 20
3904.167413679706
 30
0.0
 11
4420.089947563292
 21
3904.167413679706
 31
0.0
  0
LINE
  5
14EC
330
1083
100
AcDbEntity
  8
OLCU (BEYKENT)
 62
     0
440
 16777216
370
    -2
100
AcDbLine
 10
4402.909947562885
 20
3864.167413679706
 30
0.0
 11
4420.089947563292
 21
3864.167413679706
 31
0.0
  0
LINE
  5
14ED
330
1083
100
AcDbEntity
  8
OLCU (BEYKENT)
 62
     0
440
 16777216
370
    -2
100
AcDbLine
 10
4419.909947563292
 20
3904.167413679706
 30
0.0
 11
4419.909947563292
 21
3864.167413679706
 31
0.0
  0
LINE
  5
14EE
330
1083
100
AcDbEntity
  8
OLCU (BEYKENT)
 62
     0
440
 16777216
370
    -2
100
AcDbLine
 10
4422.909947563292
 20
3861.167413679705
 30
0.0
 11
4416.909947563292
 21
3867.167413679706
 31
0.0
  0
LINE
  5
14EF
330
1083
100
AcDbEntity
  8
OLCU (BEYKENT)
 62
     0
440
 16777216
370
    -2
100
AcDbLine
 10
4422.909947563292
 20
3901.167413679706
 30
0.0
 11
4416.909947563292
 21
3907.167413679706
 31
0.0
  0
MTEXT
  5
14F0
330
1083
100
AcDbEntity
  8
OLCU (BEYKENT)
 62
     7
440
 16777216
370
    20
100
AcDbMText
 10
4411.786151139633
 20
3884.167413679703
 30
0.0
 40
12.0
 41
0.0
 46
0.0
 71
     5
 72
     1
  1
\A1;40
  7
YAZI (BEYKENT)
 11
0.0000000000000001
 21
1.0
 31
0.0
 73
     1
 44
1.0
  0
POINT
  5
14F1
330
1083
100
AcDbEntity
  8
Defpoints
 62
     0
440
 16777216
100
AcDbPoint
 10
4399.909947562885
 20
3904.167413679706
 30
0.0
  0
POINT
  5
14F2
330
1083
100
AcDbEntity
  8
Defpoints
 62
     0
440
 16777216
100
AcDbPoint
 10
4399.909947562885
 20
3864.167413679706
 30
0.0
  0
POINT
  5
14F3
330
1083
100
AcDbEntity
  8
Defpoints
 62
     0
440
 16777216
100
AcDbPoint
 10
4419.909947563292
 20
3864.167413679706
 30
0.0
  0
ENDBLK
  5
1085
330
1083
100
AcDbEntity
  8
0
100
AcDbBlockEnd
  0
BLOCK
  5
1090
330
108F
100
AcDbEntity
  8
0
100
AcDbBlockBegin
  2
*D104
 70
     1
 10
0.0
 20
0.0
 30
0.0
  3
*D104
  1

  0
LINE
  5
14F4
330
108F
100
AcDbEntity
  8
OLCU (BEYKENT)
 62
     0
440
 16777216
370
    -2
100
AcDbLine
 10
4402.909947562885
 20
3924.167413679706
 30
0.0
 11
4440.089947563293
 21
3924.167413679706
 31
0.0
  0
LINE
  5
14F5
330
108F
100
AcDbEntity
  8
OLCU (BEYKENT)
 62
     0
440
 16777216
370
    -2
100
AcDbLine
 10
4402.909947562885
 20
3864.167413679706
 30
0.0
 11
4440.089947563293
 21
3864.167413679706
 31
0.0
  0
LINE
  5
14F6
330
108F
100
AcDbEntity
  8
OLCU (BEYKENT)
 62
     0
440
 16777216
370
    -2
100
AcDbLine
 10
4439.909947563292
 20
3924.167413679706
 30
0.0
 11
4439.909947563292
 21
3864.167413679706
 31
0.0
  0
LINE
  5
14F7
330
108F
100
AcDbEntity
  8
OLCU (BEYKENT)
 62
     0
440
 16777216
370
    -2
100
AcDbLine
 10
4442.909947563292
 20
3861.167413679705
 30
0.0
 11
4436.909947563292
 21
3867.167413679706
 31
0.0
  0
LINE
  5
14F8
330
108F
100
AcDbEntity
  8
OLCU (BEYKENT)
 62
     0
440
 16777216
370
    -2
100
AcDbLine
 10
4442.909947563292
 20
3921.167413679706
 30
0.0
 11
4436.909947563292
 21
3927.167413679705
 31
0.0
  0
MTEXT
  5
14F9
330
108F
100
AcDbEntity
  8
OLCU (BEYKENT)
 62
     7
440
 16777216
370
    20
100
AcDbMText
 10
4431.786151139633
 20
3894.167413679703
 30
0.0
 40
12.0
 41
0.0
 46
0.0
 71
     5
 72
     1
  1
\A1;60
  7
YAZI (BEYKENT)
 11
0.0000000000000001
 21
1.0
 31
0.0
 73
     1
 44
1.0
  0
POINT
  5
14FA
330
108F
100
AcDbEntity
  8
Defpoints
 62
     0
440
 16777216
100
AcDbPoint
 10
4399.909947562885
 20
3924.167413679706
 30
0.0
  0
POINT
  5
14FB
330
108F
100
AcDbEntity
  8
Defpoints
 62
     0
440
 16777216
100
AcDbPoint
 10
4399.909947562885
 20
3864.167413679706
 30
0.0
  0
POINT
  5
14FC
330
108F
100
AcDbEntity
  8
Defpoints
 62
     0
440
 16777216
100
AcDbPoint
 10
4439.909947563292
 20
3864.167413679706
 30
0.0
  0
ENDBLK
  5
1091
330
108F
100
AcDbEntity
  8
0
100
AcDbBlockEnd
  0
BLOCK
  5
109C
330
109B
100
AcDbEntity
  8
0
100
AcDbBlockBegin
  2
*D105
 70
     1
 10
0.0
 20
0.0
 30
0.0
  3
*D105
  1

  0
LINE
  5
14FD
330
109B
100
AcDbEntity
  8
OLCU (BEYKENT)
 62
     0
440
 16777216
370
    -2
100
AcDbLine
 10
5052.909947562884
 20
3924.167413679706
 30
0.0
 11
5070.089947563293
 21
3924.167413679706
 31
0.0
  0
LINE
  5
14FE
330
109B
100
AcDbEntity
  8
OLCU (BEYKENT)
 62
     0
440
 16777216
370
    -2
100
AcDbLine
 10
5052.909947562884
 20
3904.167413679706
 30
0.0
 11
5070.089947563293
 21
3904.167413679706
 31
0.0
  0
LINE
  5
14FF
330
109B
100
AcDbEntity
  8
OLCU (BEYKENT)
 62
     0
440
 16777216
370
    -2
100
AcDbLine
 10
5069.909947563292
 20
3924.167413679706
 30
0.0
 11
5069.909947563292
 21
3904.167413679706
 31
0.0
  0
LINE
  5
1500
330
109B
100
AcDbEntity
  8
OLCU (BEYKENT)
 62
     0
440
 16777216
370
    -2
100
AcDbLine
 10
5072.909947563292
 20
3901.167413679706
 30
0.0
 11
5066.909947563293
 21
3907.167413679706
 31
0.0
  0
LINE
  5
1501
330
109B
100
AcDbEntity
  8
OLCU (BEYKENT)
 62
     0
440
 16777216
370
    -2
100
AcDbLine
 10
5072.909947563292
 20
3921.167413679706
 30
0.0
 11
5066.909947563293
 21
3927.167413679705
 31
0.0
  0
MTEXT
  5
1502
330
109B
100
AcDbEntity
  8
OLCU (BEYKENT)
 62
     7
440
 16777216
370
    20
100
AcDbMText
 10
5061.786151139634
 20
3914.167413679704
 30
0.0
 40
12.0
 41
0.0
 46
0.0
 71
     5
 72
     1
  1
\A1;20
  7
YAZI (BEYKENT)
 11
0.0000000000000001
 21
1.0
 31
0.0
 73
     1
 44
1.0
  0
POINT
  5
1503
330
109B
100
AcDbEntity
  8
Defpoints
 62
     0
440
 16777216
100
AcDbPoint
 10
5049.909947562884
 20
3924.167413679706
 30
0.0
  0
POINT
  5
1504
330
109B
100
AcDbEntity
  8
Defpoints
 62
     0
440
 16777216
100
AcDbPoint
 10
5049.909947562884
 20
3904.167413679706
 30
0.0
  0
POINT
  5
1505
330
109B
100
AcDbEntity
  8
Defpoints
 62
     0
440
 16777216
100
AcDbPoint
 10
5069.909947563292
 20
3904.167413679706
 30
0.0
  0
ENDBLK
  5
109D
330
109B
100
AcDbEntity
  8
0
100
AcDbBlockEnd
  0
BLOCK
  5
10A8
330
10A7
100
AcDbEntity
  8
0
100
AcDbBlockBegin
  2
*D106
 70
     1
 10
0.0
 20
0.0
 30
0.0
  3
*D106
  1

  0
LINE
  5
1506
330
10A7
100
AcDbEntity
  8
OLCU (BEYKENT)
 62
     0
440
 16777216
370
    -2
100
AcDbLine
 10
5052.909947562884
 20
3904.167413679706
 30
0.0
 11
5070.089947563293
 21
3904.167413679706
 31
0.0
  0
LINE
  5
1507
330
10A7
100
AcDbEntity
  8
OLCU (BEYKENT)
 62
     0
440
 16777216
370
    -2
100
AcDbLine
 10
5052.909947562884
 20
3864.167413679706
 30
0.0
 11
5070.089947563293
 21
3864.167413679706
 31
0.0
  0
LINE
  5
1508
330
10A7
100
AcDbEntity
  8
OLCU (BEYKENT)
 62
     0
440
 16777216
370
    -2
100
AcDbLine
 10
5069.909947563292
 20
3904.167413679706
 30
0.0
 11
5069.909947563292
 21
3864.167413679706
 31
0.0
  0
LINE
  5
1509
330
10A7
100
AcDbEntity
  8
OLCU (BEYKENT)
 62
     0
440
 16777216
370
    -2
100
AcDbLine
 10
5072.909947563292
 20
3861.167413679705
 30
0.0
 11
5066.909947563293
 21
3867.167413679706
 31
0.0
  0
LINE
  5
150A
330
10A7
100
AcDbEntity
  8
OLCU (BEYKENT)
 62
     0
440
 16777216
370
    -2
100
AcDbLine
 10
5072.909947563292
 20
3901.167413679706
 30
0.0
 11
5066.909947563293
 21
3907.167413679706
 31
0.0
  0
MTEXT
  5
150B
330
10A7
100
AcDbEntity
  8
OLCU (BEYKENT)
 62
     7
440
 16777216
370
    20
100
AcDbMText
 10
5061.786151139634
 20
3884.167413679703
 30
0.0
 40
12.0
 41
0.0
 46
0.0
 71
     5
 72
     1
  1
\A1;40
  7
YAZI (BEYKENT)
 11
0.0000000000000001
 21
1.0
 31
0.0
 73
     1
 44
1.0
  0
POINT
  5
150C
330
10A7
100
AcDbEntity
  8
Defpoints
 62
     0
440
 16777216
100
AcDbPoint
 10
5049.909947562884
 20
3904.167413679706
 30
0.0
  0
POINT
  5
150D
330
10A7
100
AcDbEntity
  8
Defpoints
 62
     0
440
 16777216
100
AcDbPoint
 10
5049.909947562884
 20
3864.167413679706
 30
0.0
  0
POINT
  5
150E
330
10A7
100
AcDbEntity
  8
Defpoints
 62
     0
440
 16777216
100
AcDbPoint
 10
5069.909947563292
 20
3864.167413679706
 30
0.0
  0
ENDBLK
  5
10A9
330
10A7
100
AcDbEntity
  8
0
100
AcDbBlockEnd
  0
BLOCK
  5
10B4
330
10B3
100
AcDbEntity
  8
0
100
AcDbBlockBegin
  2
*D107
 70
     1
 10
0.0
 20
0.0
 30
0.0
  3
*D107
  1

  0
LINE
  5
150F
330
10B3
100
AcDbEntity
  8
OLCU (BEYKENT)
 62
     0
440
 16777216
370
    -2
100
AcDbLine
 10
5052.909947562884
 20
3924.167413679706
 30
0.0
 11
5090.089947563293
 21
3924.167413679706
 31
0.0
  0
LINE
  5
1510
330
10B3
100
AcDbEntity
  8
OLCU (BEYKENT)
 62
     0
440
 16777216
370
    -2
100
AcDbLine
 10
5052.909947562884
 20
3864.167413679706
 30
0.0
 11
5090.089947563293
 21
3864.167413679706
 31
0.0
  0
LINE
  5
1511
330
10B3
100
AcDbEntity
  8
OLCU (BEYKENT)
 62
     0
440
 16777216
370
    -2
100
AcDbLine
 10
5089.909947563293
 20
3924.167413679706
 30
0.0
 11
5089.909947563293
 21
3864.167413679706
 31
0.0
  0
LINE
  5
1512
330
10B3
100
AcDbEntity
  8
OLCU (BEYKENT)
 62
     0
440
 16777216
370
    -2
100
AcDbLine
 10
5092.909947563293
 20
3861.167413679705
 30
0.0
 11
5086.909947563293
 21
3867.167413679706
 31
0.0
  0
LINE
  5
1513
330
10B3
100
AcDbEntity
  8
OLCU (BEYKENT)
 62
     0
440
 16777216
370
    -2
100
AcDbLine
 10
5092.909947563293
 20
3921.167413679706
 30
0.0
 11
5086.909947563293
 21
3927.167413679705
 31
0.0
  0
MTEXT
  5
1514
330
10B3
100
AcDbEntity
  8
OLCU (BEYKENT)
 62
     7
440
 16777216
370
    20
100
AcDbMText
 10
5081.786151139635
 20
3894.167413679703
 30
0.0
 40
12.0
 41
0.0
 46
0.0
 71
     5
 72
     1
  1
\A1;60
  7
YAZI (BEYKENT)
 11
0.0000000000000001
 21
1.0
 31
0.0
 73
     1
 44
1.0
  0
POINT
  5
1515
330
10B3
100
AcDbEntity
  8
Defpoints
 62
     0
440
 16777216
100
AcDbPoint
 10
5049.909947562884
 20
3924.167413679706
 30
0.0
  0
POINT
  5
1516
330
10B3
100
AcDbEntity
  8
Defpoints
 62
     0
440
 16777216
100
AcDbPoint
 10
5049.909947562884
 20
3864.167413679706
 30
0.0
  0
POINT
  5
1517
330
10B3
100
AcDbEntity
  8
Defpoints
 62
     0
440
 16777216
100
AcDbPoint
 10
5089.909947563293
 20
3864.167413679706
 30
0.0
  0
ENDBLK
  5
10B5
330
10B3
100
AcDbEntity
  8
0
100
AcDbBlockEnd
  0
BLOCK
  5
10C0
330
10BF
100
AcDbEntity
  8
0
100
AcDbBlockBegin
  2
*D108
 70
     1
 10
0.0
 20
0.0
 30
0.0
  3
*D108
  1

  0
LINE
  5
1518
330
10BF
100
AcDbEntity
  8
OLCU (BEYKENT)
 62
     0
440
 16777216
370
    -2
100
AcDbLine
 10
5902.909947562885
 20
3924.167413679706
 30
0.0
 11
5920.089947563293
 21
3924.167413679706
 31
0.0
  0
LINE
  5
1519
330
10BF
100
AcDbEntity
  8
OLCU (BEYKENT)
 62
     0
440
 16777216
370
    -2
100
AcDbLine
 10
5902.909947562885
 20
3904.167413679706
 30
0.0
 11
5920.089947563293
 21
3904.167413679706
 31
0.0
  0
LINE
  5
151A
330
10BF
100
AcDbEntity
  8
OLCU (BEYKENT)
 62
     0
440
 16777216
370
    -2
100
AcDbLine
 10
5919.909947563293
 20
3924.167413679706
 30
0.0
 11
5919.909947563293
 21
3904.167413679706
 31
0.0
  0
LINE
  5
151B
330
10BF
100
AcDbEntity
  8
OLCU (BEYKENT)
 62
     0
440
 16777216
370
    -2
100
AcDbLine
 10
5922.909947563293
 20
3901.167413679706
 30
0.0
 11
5916.909947563294
 21
3907.167413679706
 31
0.0
  0
LINE
  5
151C
330
10BF
100
AcDbEntity
  8
OLCU (BEYKENT)
 62
     0
440
 16777216
370
    -2
100
AcDbLine
 10
5922.909947563293
 20
3921.167413679706
 30
0.0
 11
5916.909947563294
 21
3927.167413679705
 31
0.0
  0
MTEXT
  5
151D
330
10BF
100
AcDbEntity
  8
OLCU (BEYKENT)
 62
     7
440
 16777216
370
    20
100
AcDbMText
 10
5911.786151139634
 20
3914.167413679703
 30
0.0
 40
12.0
 41
0.0
 46
0.0
 71
     5
 72
     1
  1
\A1;20
  7
YAZI (BEYKENT)
 11
0.0000000000000001
 21
1.0
 31
0.0
 73
     1
 44
1.0
  0
POINT
  5
151E
330
10BF
100
AcDbEntity
  8
Defpoints
 62
     0
440
 16777216
100
AcDbPoint
 10
5899.909947562885
 20
3924.167413679706
 30
0.0
  0
POINT
  5
151F
330
10BF
100
AcDbEntity
  8
Defpoints
 62
     0
440
 16777216
100
AcDbPoint
 10
5899.909947562885
 20
3904.167413679706
 30
0.0
  0
POINT
  5
1520
330
10BF
100
AcDbEntity
  8
Defpoints
 62
     0
440
 16777216
100
AcDbPoint
 10
5919.909947563293
 20
3904.167413679706
 30
0.0
  0
ENDBLK
  5
10C1
330
10BF
100
AcDbEntity
  8
0
100
AcDbBlockEnd
  0
BLOCK
  5
10CC
330
10CB
100
AcDbEntity
  8
0
100
AcDbBlockBegin
  2
*D109
 70
     1
 10
0.0
 20
0.0
 30
0.0
  3
*D109
  1

  0
LINE
  5
1521
330
10CB
100
AcDbEntity
  8
OLCU (BEYKENT)
 62
     0
440
 16777216
370
    -2
100
AcDbLine
 10
5902.909947562885
 20
3904.167413679706
 30
0.0
 11
5920.089947563293
 21
3904.167413679706
 31
0.0
  0
LINE
  5
1522
330
10CB
100
AcDbEntity
  8
OLCU (BEYKENT)
 62
     0
440
 16777216
370
    -2
100
AcDbLine
 10
5902.909947562885
 20
3864.167413679706
 30
0.0
 11
5920.089947563293
 21
3864.167413679706
 31
0.0
  0
LINE
  5
1523
330
10CB
100
AcDbEntity
  8
OLCU (BEYKENT)
 62
     0
440
 16777216
370
    -2
100
AcDbLine
 10
5919.909947563293
 20
3904.167413679706
 30
0.0
 11
5919.909947563293
 21
3864.167413679706
 31
0.0
  0
LINE
  5
1524
330
10CB
100
AcDbEntity
  8
OLCU (BEYKENT)
 62
     0
440
 16777216
370
    -2
100
AcDbLine
 10
5922.909947563293
 20
3861.167413679705
 30
0.0
 11
5916.909947563294
 21
3867.167413679706
 31
0.0
  0
LINE
  5
1525
330
10CB
100
AcDbEntity
  8
OLCU (BEYKENT)
 62
     0
440
 16777216
370
    -2
100
AcDbLine
 10
5922.909947563293
 20
3901.167413679706
 30
0.0
 11
5916.909947563294
 21
3907.167413679706
 31
0.0
  0
MTEXT
  5
1526
330
10CB
100
AcDbEntity
  8
OLCU (BEYKENT)
 62
     7
440
 16777216
370
    20
100
AcDbMText
 10
5911.786151139634
 20
3884.167413679703
 30
0.0
 40
12.0
 41
0.0
 46
0.0
 71
     5
 72
     1
  1
\A1;40
  7
YAZI (BEYKENT)
 11
0.0000000000000001
 21
1.0
 31
0.0
 73
     1
 44
1.0
  0
POINT
  5
1527
330
10CB
100
AcDbEntity
  8
Defpoints
 62
     0
440
 16777216
100
AcDbPoint
 10
5899.909947562885
 20
3904.167413679706
 30
0.0
  0
POINT
  5
1528
330
10CB
100
AcDbEntity
  8
Defpoints
 62
     0
440
 16777216
100
AcDbPoint
 10
5899.909947562885
 20
3864.167413679706
 30
0.0
  0
POINT
  5
1529
330
10CB
100
AcDbEntity
  8
Defpoints
 62
     0
440
 16777216
100
AcDbPoint
 10
5919.909947563293
 20
3864.167413679706
 30
0.0
  0
ENDBLK
  5
10CD
330
10CB
100
AcDbEntity
  8
0
100
AcDbBlockEnd
  0
BLOCK
  5
10D8
330
10D7
100
AcDbEntity
  8
0
100
AcDbBlockBegin
  2
*D110
 70
     1
 10
0.0
 20
0.0
 30
0.0
  3
*D110
  1

  0
LINE
  5
152A
330
10D7
100
AcDbEntity
  8
OLCU (BEYKENT)
 62
     0
440
 16777216
370
    -2
100
AcDbLine
 10
5902.909947562885
 20
3924.167413679706
 30
0.0
 11
5940.089947563294
 21
3924.167413679706
 31
0.0
  0
LINE
  5
152B
330
10D7
100
AcDbEntity
  8
OLCU (BEYKENT)
 62
     0
440
 16777216
370
    -2
100
AcDbLine
 10
5902.909947562885
 20
3864.167413679706
 30
0.0
 11
5940.089947563294
 21
3864.167413679706
 31
0.0
  0
LINE
  5
152C
330
10D7
100
AcDbEntity
  8
OLCU (BEYKENT)
 62
     0
440
 16777216
370
    -2
100
AcDbLine
 10
5939.909947563293
 20
3924.167413679706
 30
0.0
 11
5939.909947563293
 21
3864.167413679706
 31
0.0
  0
LINE
  5
152D
330
10D7
100
AcDbEntity
  8
OLCU (BEYKENT)
 62
     0
440
 16777216
370
    -2
100
AcDbLine
 10
5942.909947563293
 20
3861.167413679705
 30
0.0
 11
5936.909947563293
 21
3867.167413679706
 31
0.0
  0
LINE
  5
152E
330
10D7
100
AcDbEntity
  8
OLCU (BEYKENT)
 62
     0
440
 16777216
370
    -2
100
AcDbLine
 10
5942.909947563293
 20
3921.167413679706
 30
0.0
 11
5936.909947563293
 21
3927.167413679705
 31
0.0
  0
MTEXT
  5
152F
330
10D7
100
AcDbEntity
  8
OLCU (BEYKENT)
 62
     7
440
 16777216
370
    20
100
AcDbMText
 10
5931.786151139634
 20
3894.167413679703
 30
0.0
 40
12.0
 41
0.0
 46
0.0
 71
     5
 72
     1
  1
\A1;60
  7
YAZI (BEYKENT)
 11
0.0000000000000001
 21
1.0
 31
0.0
 73
     1
 44
1.0
  0
POINT
  5
1530
330
10D7
100
AcDbEntity
  8
Defpoints
 62
     0
440
 16777216
100
AcDbPoint
 10
5899.909947562885
 20
3924.167413679706
 30
0.0
  0
POINT
  5
1531
330
10D7
100
AcDbEntity
  8
Defpoints
 62
     0
440
 16777216
100
AcDbPoint
 10
5899.909947562885
 20
3864.167413679706
 30
0.0
  0
POINT
  5
1532
330
10D7
100
AcDbEntity
  8
Defpoints
 62
     0
440
 16777216
100
AcDbPoint
 10
5939.909947563293
 20
3864.167413679706
 30
0.0
  0
ENDBLK
  5
10D9
330
10D7
100
AcDbEntity
  8
0
100
AcDbBlockEnd
  0
BLOCK
  5
10E4
330
10E3
100
AcDbEntity
  8
0
100
AcDbBlockBegin
  2
*D111
 70
     1
 10
0.0
 20
0.0
 30
0.0
  3
*D111
  1

  0
LINE
  5
1533
330
10E3
100
AcDbEntity
  8
OLCU (BEYKENT)
 62
     0
440
 16777216
370
    -2
100
AcDbLine
 10
6612.909947562886
 20
3924.167413679706
 30
0.0
 11
6630.089947563296
 21
3924.167413679706
 31
0.0
  0
LINE
  5
1534
330
10E3
100
AcDbEntity
  8
OLCU (BEYKENT)
 62
     0
440
 16777216
370
    -2
100
AcDbLine
 10
6612.909947562886
 20
3904.167413679706
 30
0.0
 11
6630.089947563296
 21
3904.167413679706
 31
0.0
  0
LINE
  5
1535
330
10E3
100
AcDbEntity
  8
OLCU (BEYKENT)
 62
     0
440
 16777216
370
    -2
100
AcDbLine
 10
6629.909947563295
 20
3924.167413679706
 30
0.0
 11
6629.909947563295
 21
3904.167413679706
 31
0.0
  0
LINE
  5
1536
330
10E3
100
AcDbEntity
  8
OLCU (BEYKENT)
 62
     0
440
 16777216
370
    -2
100
AcDbLine
 10
6632.909947563295
 20
3901.167413679706
 30
0.0
 11
6626.909947563295
 21
3907.167413679706
 31
0.0
  0
LINE
  5
1537
330
10E3
100
AcDbEntity
  8
OLCU (BEYKENT)
 62
     0
440
 16777216
370
    -2
100
AcDbLine
 10
6632.909947563295
 20
3921.167413679706
 30
0.0
 11
6626.909947563295
 21
3927.167413679705
 31
0.0
  0
MTEXT
  5
1538
330
10E3
100
AcDbEntity
  8
OLCU (BEYKENT)
 62
     7
440
 16777216
370
    20
100
AcDbMText
 10
6621.786151139636
 20
3914.167413679703
 30
0.0
 40
12.0
 41
0.0
 46
0.0
 71
     5
 72
     1
  1
\A1;20
  7
YAZI (BEYKENT)
 11
0.0000000000000001
 21
1.0
 31
0.0
 73
     1
 44
1.0
  0
POINT
  5
1539
330
10E3
100
AcDbEntity
  8
Defpoints
 62
     0
440
 16777216
100
AcDbPoint
 10
6609.909947562886
 20
3924.167413679706
 30
0.0
  0
POINT
  5
153A
330
10E3
100
AcDbEntity
  8
Defpoints
 62
     0
440
 16777216
100
AcDbPoint
 10
6609.909947562886
 20
3904.167413679706
 30
0.0
  0
POINT
  5
153B
330
10E3
100
AcDbEntity
  8
Defpoints
 62
     0
440
 16777216
100
AcDbPoint
 10
6629.909947563295
 20
3904.167413679706
 30
0.0
  0
ENDBLK
  5
10E5
330
10E3
100
AcDbEntity
  8
0
100
AcDbBlockEnd
  0
BLOCK
  5
10F0
330
10EF
100
AcDbEntity
  8
0
100
AcDbBlockBegin
  2
*D112
 70
     1
 10
0.0
 20
0.0
 30
0.0
  3
*D112
  1

  0
LINE
  5
153C
330
10EF
100
AcDbEntity
  8
OLCU (BEYKENT)
 62
     0
440
 16777216
370
    -2
100
AcDbLine
 10
6612.909947562886
 20
3904.167413679706
 30
0.0
 11
6630.089947563296
 21
3904.167413679706
 31
0.0
  0
LINE
  5
153D
330
10EF
100
AcDbEntity
  8
OLCU (BEYKENT)
 62
     0
440
 16777216
370
    -2
100
AcDbLine
 10
6612.909947562886
 20
3864.167413679706
 30
0.0
 11
6630.089947563296
 21
3864.167413679706
 31
0.0
  0
LINE
  5
153E
330
10EF
100
AcDbEntity
  8
OLCU (BEYKENT)
 62
     0
440
 16777216
370
    -2
100
AcDbLine
 10
6629.909947563295
 20
3904.167413679706
 30
0.0
 11
6629.909947563295
 21
3864.167413679706
 31
0.0
  0
LINE
  5
153F
330
10EF
100
AcDbEntity
  8
OLCU (BEYKENT)
 62
     0
440
 16777216
370
    -2
100
AcDbLine
 10
6632.909947563295
 20
3861.167413679705
 30
0.0
 11
6626.909947563295
 21
3867.167413679706
 31
0.0
  0
LINE
  5
1540
330
10EF
100
AcDbEntity
  8
OLCU (BEYKENT)
 62
     0
440
 16777216
370
    -2
100
AcDbLine
 10
6632.909947563295
 20
3901.167413679706
 30
0.0
 11
6626.909947563295
 21
3907.167413679706
 31
0.0
  0
MTEXT
  5
1541
330
10EF
100
AcDbEntity
  8
OLCU (BEYKENT)
 62
     7
440
 16777216
370
    20
100
AcDbMText
 10
6621.786151139636
 20
3884.167413679703
 30
0.0
 40
12.0
 41
0.0
 46
0.0
 71
     5
 72
     1
  1
\A1;40
  7
YAZI (BEYKENT)
 11
0.0000000000000001
 21
1.0
 31
0.0
 73
     1
 44
1.0
  0
POINT
  5
1542
330
10EF
100
AcDbEntity
  8
Defpoints
 62
     0
440
 16777216
100
AcDbPoint
 10
6609.909947562886
 20
3904.167413679706
 30
0.0
  0
POINT
  5
1543
330
10EF
100
AcDbEntity
  8
Defpoints
 62
     0
440
 16777216
100
AcDbPoint
 10
6609.909947562886
 20
3864.167413679706
 30
0.0
  0
POINT
  5
1544
330
10EF
100
AcDbEntity
  8
Defpoints
 62
     0
440
 16777216
100
AcDbPoint
 10
6629.909947563295
 20
3864.167413679706
 30
0.0
  0
ENDBLK
  5
10F1
330
10EF
100
AcDbEntity
  8
0
100
AcDbBlockEnd
  0
BLOCK
  5
10FC
330
10FB
100
AcDbEntity
  8
0
100
AcDbBlockBegin
  2
*D113
 70
     1
 10
0.0
 20
0.0
 30
0.0
  3
*D113
  1

  0
LINE
  5
1545
330
10FB
100
AcDbEntity
  8
OLCU (BEYKENT)
 62
     0
440
 16777216
370
    -2
100
AcDbLine
 10
6612.909947562886
 20
3924.167413679706
 30
0.0
 11
6650.089947563296
 21
3924.167413679706
 31
0.0
  0
LINE
  5
1546
330
10FB
100
AcDbEntity
  8
OLCU (BEYKENT)
 62
     0
440
 16777216
370
    -2
100
AcDbLine
 10
6612.909947562886
 20
3864.167413679706
 30
0.0
 11
6650.089947563296
 21
3864.167413679706
 31
0.0
  0
LINE
  5
1547
330
10FB
100
AcDbEntity
  8
OLCU (BEYKENT)
 62
     0
440
 16777216
370
    -2
100
AcDbLine
 10
6649.909947563296
 20
3924.167413679706
 30
0.0
 11
6649.909947563296
 21
3864.167413679706
 31
0.0
  0
LINE
  5
1548
330
10FB
100
AcDbEntity
  8
OLCU (BEYKENT)
 62
     0
440
 16777216
370
    -2
100
AcDbLine
 10
6652.909947563296
 20
3861.167413679705
 30
0.0
 11
6646.909947563296
 21
3867.167413679706
 31
0.0
  0
LINE
  5
1549
330
10FB
100
AcDbEntity
  8
OLCU (BEYKENT)
 62
     0
440
 16777216
370
    -2
100
AcDbLine
 10
6652.909947563296
 20
3921.167413679706
 30
0.0
 11
6646.909947563296
 21
3927.167413679705
 31
0.0
  0
MTEXT
  5
154A
330
10FB
100
AcDbEntity
  8
OLCU (BEYKENT)
 62
     7
440
 16777216
370
    20
100
AcDbMText
 10
6641.786151139635
 20
3894.167413679703
 30
0.0
 40
12.0
 41
0.0
 46
0.0
 71
     5
 72
     1
  1
\A1;60
  7
YAZI (BEYKENT)
 11
0.0000000000000001
 21
1.0
 31
0.0
 73
     1
 44
1.0
  0
POINT
  5
154B
330
10FB
100
AcDbEntity
  8
Defpoints
 62
     0
440
 16777216
100
AcDbPoint
 10
6609.909947562886
 20
3924.167413679706
 30
0.0
  0
POINT
  5
154C
330
10FB
100
AcDbEntity
  8
Defpoints
 62
     0
440
 16777216
100
AcDbPoint
 10
6609.909947562886
 20
3864.167413679706
 30
0.0
  0
POINT
  5
154D
330
10FB
100
AcDbEntity
  8
Defpoints
 62
     0
440
 16777216
100
AcDbPoint
 10
6649.909947563296
 20
3864.167413679706
 30
0.0
  0
ENDBLK
  5
10FD
330
10FB
100
AcDbEntity
  8
0
100
AcDbBlockEnd
  0
BLOCK
  5
1108
330
1107
100
AcDbEntity
  8
0
100
AcDbBlockBegin
  2
*D114
 70
     1
 10
0.0
 20
0.0
 30
0.0
  3
*D114
  1

  0
LINE
  5
154E
330
1107
100
AcDbEntity
  8
OLCU (BEYKENT)
 62
     0
440
 16777216
370
    -2
100
AcDbLine
 10
6896.909947562886
 20
3924.167413679706
 30
0.0
 11
6879.729947563295
 21
3924.167413679706
 31
0.0
  0
LINE
  5
154F
330
1107
100
AcDbEntity
  8
OLCU (BEYKENT)
 62
     0
440
 16777216
370
    -2
100
AcDbLine
 10
6896.909947562886
 20
3904.167413679706
 30
0.0
 11
6879.729947563295
 21
3904.167413679706
 31
0.0
  0
LINE
  5
1550
330
1107
100
AcDbEntity
  8
OLCU (BEYKENT)
 62
     0
440
 16777216
370
    -2
100
AcDbLine
 10
6879.909947563295
 20
3924.167413679706
 30
0.0
 11
6879.909947563295
 21
3904.167413679706
 31
0.0
  0
LINE
  5
1551
330
1107
100
AcDbEntity
  8
OLCU (BEYKENT)
 62
     0
440
 16777216
370
    -2
100
AcDbLine
 10
6882.909947563295
 20
3901.167413679706
 30
0.0
 11
6876.909947563295
 21
3907.167413679706
 31
0.0
  0
LINE
  5
1552
330
1107
100
AcDbEntity
  8
OLCU (BEYKENT)
 62
     0
440
 16777216
370
    -2
100
AcDbLine
 10
6882.909947563295
 20
3921.167413679706
 30
0.0
 11
6876.909947563295
 21
3927.167413679705
 31
0.0
  0
MTEXT
  5
1553
330
1107
100
AcDbEntity
  8
OLCU (BEYKENT)
 62
     7
440
 16777216
370
    20
100
AcDbMText
 10
6871.786151139636
 20
3914.167413679703
 30
0.0
 40
12.0
 41
0.0
 46
0.0
 71
     5
 72
     1
  1
\A1;20
  7
YAZI (BEYKENT)
 11
0.0000000000000001
 21
1.0
 31
0.0
 73
     1
 44
1.0
  0
POINT
  5
1554
330
1107
100
AcDbEntity
  8
Defpoints
 62
     0
440
 16777216
100
AcDbPoint
 10
6899.909947562886
 20
3924.167413679706
 30
0.0
  0
POINT
  5
1555
330
1107
100
AcDbEntity
  8
Defpoints
 62
     0
440
 16777216
100
AcDbPoint
 10
6899.909947562886
 20
3904.167413679706
 30
0.0
  0
POINT
  5
1556
330
1107
100
AcDbEntity
  8
Defpoints
 62
     0
440
 16777216
100
AcDbPoint
 10
6879.909947563295
 20
3904.167413679706
 30
0.0
  0
ENDBLK
  5
1109
330
1107
100
AcDbEntity
  8
0
100
AcDbBlockEnd
  0
BLOCK
  5
1114
330
1113
100
AcDbEntity
  8
0
100
AcDbBlockBegin
  2
*D115
 70
     1
 10
0.0
 20
0.0
 30
0.0
  3
*D115
  1

  0
LINE
  5
1557
330
1113
100
AcDbEntity
  8
OLCU (BEYKENT)
 62
     0
440
 16777216
370
    -2
100
AcDbLine
 10
6896.909947562886
 20
3904.167413679706
 30
0.0
 11
6879.729947563295
 21
3904.167413679706
 31
0.0
  0
LINE
  5
1558
330
1113
100
AcDbEntity
  8
OLCU (BEYKENT)
 62
     0
440
 16777216
370
    -2
100
AcDbLine
 10
6896.909947562886
 20
3864.167413679706
 30
0.0
 11
6879.729947563295
 21
3864.167413679706
 31
0.0
  0
LINE
  5
1559
330
1113
100
AcDbEntity
  8
OLCU (BEYKENT)
 62
     0
440
 16777216
370
    -2
100
AcDbLine
 10
6879.909947563295
 20
3904.167413679706
 30
0.0
 11
6879.909947563295
 21
3864.167413679706
 31
0.0
  0
LINE
  5
155A
330
1113
100
AcDbEntity
  8
OLCU (BEYKENT)
 62
     0
440
 16777216
370
    -2
100
AcDbLine
 10
6882.909947563295
 20
3861.167413679705
 30
0.0
 11
6876.909947563295
 21
3867.167413679706
 31
0.0
  0
LINE
  5
155B
330
1113
100
AcDbEntity
  8
OLCU (BEYKENT)
 62
     0
440
 16777216
370
    -2
100
AcDbLine
 10
6882.909947563295
 20
3901.167413679706
 30
0.0
 11
6876.909947563295
 21
3907.167413679706
 31
0.0
  0
MTEXT
  5
155C
330
1113
100
AcDbEntity
  8
OLCU (BEYKENT)
 62
     7
440
 16777216
370
    20
100
AcDbMText
 10
6871.786151139636
 20
3884.167413679703
 30
0.0
 40
12.0
 41
0.0
 46
0.0
 71
     5
 72
     1
  1
\A1;40
  7
YAZI (BEYKENT)
 11
0.0000000000000001
 21
1.0
 31
0.0
 73
     1
 44
1.0
  0
POINT
  5
155D
330
1113
100
AcDbEntity
  8
Defpoints
 62
     0
440
 16777216
100
AcDbPoint
 10
6899.909947562886
 20
3904.167413679706
 30
0.0
  0
POINT
  5
155E
330
1113
100
AcDbEntity
  8
Defpoints
 62
     0
440
 16777216
100
AcDbPoint
 10
6899.909947562886
 20
3864.167413679706
 30
0.0
  0
POINT
  5
155F
330
1113
100
AcDbEntity
  8
Defpoints
 62
     0
440
 16777216
100
AcDbPoint
 10
6879.909947563295
 20
3864.167413679706
 30
0.0
  0
ENDBLK
  5
1115
330
1113
100
AcDbEntity
  8
0
100
AcDbBlockEnd
  0
BLOCK
  5
1120
330
111F
100
AcDbEntity
  8
0
100
AcDbBlockBegin
  2
*D116
 70
     1
 10
0.0
 20
0.0
 30
0.0
  3
*D116
  1

  0
LINE
  5
1560
330
111F
100
AcDbEntity
  8
OLCU (BEYKENT)
 62
     0
440
 16777216
370
    -2
100
AcDbLine
 10
6896.909947562886
 20
3924.167413679706
 30
0.0
 11
6859.729947563295
 21
3924.167413679706
 31
0.0
  0
LINE
  5
1561
330
111F
100
AcDbEntity
  8
OLCU (BEYKENT)
 62
     0
440
 16777216
370
    -2
100
AcDbLine
 10
6896.909947562886
 20
3864.167413679706
 30
0.0
 11
6859.729947563295
 21
3864.167413679706
 31
0.0
  0
LINE
  5
1562
330
111F
100
AcDbEntity
  8
OLCU (BEYKENT)
 62
     0
440
 16777216
370
    -2
100
AcDbLine
 10
6859.909947563295
 20
3924.167413679706
 30
0.0
 11
6859.909947563295
 21
3864.167413679706
 31
0.0
  0
LINE
  5
1563
330
111F
100
AcDbEntity
  8
OLCU (BEYKENT)
 62
     0
440
 16777216
370
    -2
100
AcDbLine
 10
6862.909947563295
 20
3861.167413679705
 30
0.0
 11
6856.909947563295
 21
3867.167413679706
 31
0.0
  0
LINE
  5
1564
330
111F
100
AcDbEntity
  8
OLCU (BEYKENT)
 62
     0
440
 16777216
370
    -2
100
AcDbLine
 10
6862.909947563295
 20
3921.167413679706
 30
0.0
 11
6856.909947563295
 21
3927.167413679705
 31
0.0
  0
MTEXT
  5
1565
330
111F
100
AcDbEntity
  8
OLCU (BEYKENT)
 62
     7
440
 16777216
370
    20
100
AcDbMText
 10
6851.786151139636
 20
3894.167413679703
 30
0.0
 40
12.0
 41
0.0
 46
0.0
 71
     5
 72
     1
  1
\A1;60
  7
YAZI (BEYKENT)
 11
0.0000000000000001
 21
1.0
 31
0.0
 73
     1
 44
1.0
  0
POINT
  5
1566
330
111F
100
AcDbEntity
  8
Defpoints
 62
     0
440
 16777216
100
AcDbPoint
 10
6899.909947562886
 20
3924.167413679706
 30
0.0
  0
POINT
  5
1567
330
111F
100
AcDbEntity
  8
Defpoints
 62
     0
440
 16777216
100
AcDbPoint
 10
6899.909947562886
 20
3864.167413679706
 30
0.0
  0
POINT
  5
1568
330
111F
100
AcDbEntity
  8
Defpoints
 62
     0
440
 16777216
100
AcDbPoint
 10
6859.909947563295
 20
3864.167413679706
 30
0.0
  0
ENDBLK
  5
1121
330
111F
100
AcDbEntity
  8
0
100
AcDbBlockEnd
  0
BLOCK
  5
112C
330
112B
100
AcDbEntity
  8
0
100
AcDbBlockBegin
  2
*D117
 70
     1
 10
0.0
 20
0.0
 30
0.0
  3
*D117
  1

  0
LINE
  5
1569
330
112B
100
AcDbEntity
  8
OLCU (BEYKENT)
 62
     0
440
 16777216
370
    -2
100
AcDbLine
 10
6977.909947562887
 20
3904.167413679706
 30
0.0
 11
6995.089947563297
 21
3904.167413679706
 31
0.0
  0
LINE
  5
156A
330
112B
100
AcDbEntity
  8
OLCU (BEYKENT)
 62
     0
440
 16777216
370
    -2
100
AcDbLine
 10
6977.909947562887
 20
3924.167413679706
 30
0.0
 11
6995.089947563297
 21
3924.167413679706
 31
0.0
  0
LINE
  5
156B
330
112B
100
AcDbEntity
  8
OLCU (BEYKENT)
 62
     0
440
 16777216
370
    -2
100
AcDbLine
 10
6994.909947563296
 20
3904.167413679706
 30
0.0
 11
6994.909947563296
 21
3924.167413679706
 31
0.0
  0
LINE
  5
156C
330
112B
100
AcDbEntity
  8
OLCU (BEYKENT)
 62
     0
440
 16777216
370
    -2
100
AcDbLine
 10
6997.909947563297
 20
3921.167413679706
 30
0.0
 11
6991.909947563296
 21
3927.167413679705
 31
0.0
  0
LINE
  5
156D
330
112B
100
AcDbEntity
  8
OLCU (BEYKENT)
 62
     0
440
 16777216
370
    -2
100
AcDbLine
 10
6997.909947563297
 20
3901.167413679706
 30
0.0
 11
6991.909947563296
 21
3907.167413679706
 31
0.0
  0
MTEXT
  5
156E
330
112B
100
AcDbEntity
  8
OLCU (BEYKENT)
 62
     7
440
 16777216
370
    20
100
AcDbMText
 10
6986.786151139636
 20
3914.167413679703
 30
0.0
 40
12.0
 41
0.0
 46
0.0
 71
     5
 72
     1
  1
\A1;20
  7
YAZI (BEYKENT)
 11
0.0000000000000001
 21
1.0
 31
0.0
 73
     1
 44
1.0
  0
POINT
  5
156F
330
112B
100
AcDbEntity
  8
Defpoints
 62
     0
440
 16777216
100
AcDbPoint
 10
6974.909947562887
 20
3904.167413679706
 30
0.0
  0
POINT
  5
1570
330
112B
100
AcDbEntity
  8
Defpoints
 62
     0
440
 16777216
100
AcDbPoint
 10
6974.909947562887
 20
3924.167413679706
 30
0.0
  0
POINT
  5
1571
330
112B
100
AcDbEntity
  8
Defpoints
 62
     0
440
 16777216
100
AcDbPoint
 10
6994.909947563296
 20
3924.167413679706
 30
0.0
  0
ENDBLK
  5
112D
330
112B
100
AcDbEntity
  8
0
100
AcDbBlockEnd
  0
BLOCK
  5
1138
330
1137
100
AcDbEntity
  8
0
100
AcDbBlockBegin
  2
*D118
 70
     1
 10
0.0
 20
0.0
 30
0.0
  3
*D118
  1

  0
LINE
  5
1572
330
1137
100
AcDbEntity
  8
OLCU (BEYKENT)
 62
     0
440
 16777216
370
    -2
100
AcDbLine
 10
3937.912272143885
 20
3904.167413679706
 30
0.0
 11
3955.092272144293
 21
3904.167413679706
 31
0.0
  0
LINE
  5
1573
330
1137
100
AcDbEntity
  8
OLCU (BEYKENT)
 62
     0
440
 16777216
370
    -2
100
AcDbLine
 10
3937.912272143885
 20
3924.167413679706
 30
0.0
 11
3955.092272144293
 21
3924.167413679706
 31
0.0
  0
LINE
  5
1574
330
1137
100
AcDbEntity
  8
OLCU (BEYKENT)
 62
     0
440
 16777216
370
    -2
100
AcDbLine
 10
3954.912272144293
 20
3904.167413679706
 30
0.0
 11
3954.912272144293
 21
3924.167413679706
 31
0.0
  0
LINE
  5
1575
330
1137
100
AcDbEntity
  8
OLCU (BEYKENT)
 62
     0
440
 16777216
370
    -2
100
AcDbLine
 10
3957.912272144294
 20
3921.167413679706
 30
0.0
 11
3951.912272144293
 21
3927.167413679705
 31
0.0
  0
LINE
  5
1576
330
1137
100
AcDbEntity
  8
OLCU (BEYKENT)
 62
     0
440
 16777216
370
    -2
100
AcDbLine
 10
3957.912272144294
 20
3901.167413679706
 30
0.0
 11
3951.912272144293
 21
3907.167413679706
 31
0.0
  0
MTEXT
  5
1577
330
1137
100
AcDbEntity
  8
OLCU (BEYKENT)
 62
     7
440
 16777216
370
    20
100
AcDbMText
 10
3946.788475720635
 20
3914.167413679704
 30
0.0
 40
12.0
 41
0.0
 46
0.0
 71
     5
 72
     1
  1
\A1;20
  7
YAZI (BEYKENT)
 11
0.0000000000000001
 21
1.0
 31
0.0
 73
     1
 44
1.0
  0
POINT
  5
1578
330
1137
100
AcDbEntity
  8
Defpoints
 62
     0
440
 16777216
100
AcDbPoint
 10
3934.912272143885
 20
3904.167413679706
 30
0.0
  0
POINT
  5
1579
330
1137
100
AcDbEntity
  8
Defpoints
 62
     0
440
 16777216
100
AcDbPoint
 10
3934.912272143885
 20
3924.167413679706
 30
0.0
  0
POINT
  5
157A
330
1137
100
AcDbEntity
  8
Defpoints
 62
     0
440
 16777216
100
AcDbPoint
 10
3954.912272144293
 20
3924.167413679706
 30
0.0
  0
ENDBLK
  5
1139
330
1137
100
AcDbEntity
  8
0
100
AcDbBlockEnd
  0
BLOCK
  5
1144
330
1143
100
AcDbEntity
  8
0
100
AcDbBlockBegin
  2
*D119
 70
     1
 10
0.0
 20
0.0
 30
0.0
  3
*D119
  1

  0
LINE
  5
157B
330
1143
100
AcDbEntity
  8
OLCU (BEYKENT)
 62
     0
440
 16777216
370
    -2
100
AcDbLine
 10
4700.409947562884
 20
3904.167413679706
 30
0.0
 11
4717.589947563292
 21
3904.167413679706
 31
0.0
  0
LINE
  5
157C
330
1143
100
AcDbEntity
  8
OLCU (BEYKENT)
 62
     0
440
 16777216
370
    -2
100
AcDbLine
 10
4700.409947562884
 20
3924.167413679706
 30
0.0
 11
4717.589947563292
 21
3924.167413679706
 31
0.0
  0
LINE
  5
157D
330
1143
100
AcDbEntity
  8
OLCU (BEYKENT)
 62
     0
440
 16777216
370
    -2
100
AcDbLine
 10
4717.409947563292
 20
3904.167413679706
 30
0.0
 11
4717.409947563292
 21
3924.167413679706
 31
0.0
  0
LINE
  5
157E
330
1143
100
AcDbEntity
  8
OLCU (BEYKENT)
 62
     0
440
 16777216
370
    -2
100
AcDbLine
 10
4720.409947563292
 20
3921.167413679706
 30
0.0
 11
4714.409947563292
 21
3927.167413679705
 31
0.0
  0
LINE
  5
157F
330
1143
100
AcDbEntity
  8
OLCU (BEYKENT)
 62
     0
440
 16777216
370
    -2
100
AcDbLine
 10
4720.409947563292
 20
3901.167413679706
 30
0.0
 11
4714.409947563292
 21
3907.167413679706
 31
0.0
  0
MTEXT
  5
1580
330
1143
100
AcDbEntity
  8
OLCU (BEYKENT)
 62
     7
440
 16777216
370
    20
100
AcDbMText
 10
4709.286151139634
 20
3914.167413679704
 30
0.0
 40
12.0
 41
0.0
 46
0.0
 71
     5
 72
     1
  1
\A1;20
  7
YAZI (BEYKENT)
 11
0.0000000000000001
 21
1.0
 31
0.0
 73
     1
 44
1.0
  0
POINT
  5
1581
330
1143
100
AcDbEntity
  8
Defpoints
 62
     0
440
 16777216
100
AcDbPoint
 10
4697.409947562884
 20
3904.167413679706
 30
0.0
  0
POINT
  5
1582
330
1143
100
AcDbEntity
  8
Defpoints
 62
     0
440
 16777216
100
AcDbPoint
 10
4697.409947562884
 20
3924.167413679706
 30
0.0
  0
POINT
  5
1583
330
1143
100
AcDbEntity
  8
Defpoints
 62
     0
440
 16777216
100
AcDbPoint
 10
4717.409947563292
 20
3924.167413679706
 30
0.0
  0
ENDBLK
  5
1145
330
1143
100
AcDbEntity
  8
0
100
AcDbBlockEnd
  0
BLOCK
  5
1150
330
114F
100
AcDbEntity
  8
0
100
AcDbBlockBegin
  2
*D120
 70
     1
 10
0.0
 20
0.0
 30
0.0
  3
*D120
  1

  0
LINE
  5
1584
330
114F
100
AcDbEntity
  8
OLCU (BEYKENT)
 62
     0
440
 16777216
370
    -2
100
AcDbLine
 10
5450.409947562885
 20
3904.167413679706
 30
0.0
 11
5467.589947563293
 21
3904.167413679706
 31
0.0
  0
LINE
  5
1585
330
114F
100
AcDbEntity
  8
OLCU (BEYKENT)
 62
     0
440
 16777216
370
    -2
100
AcDbLine
 10
5450.409947562885
 20
3924.167413679706
 30
0.0
 11
5467.589947563293
 21
3924.167413679706
 31
0.0
  0
LINE
  5
1586
330
114F
100
AcDbEntity
  8
OLCU (BEYKENT)
 62
     0
440
 16777216
370
    -2
100
AcDbLine
 10
5467.409947563293
 20
3904.167413679706
 30
0.0
 11
5467.409947563293
 21
3924.167413679706
 31
0.0
  0
LINE
  5
1587
330
114F
100
AcDbEntity
  8
OLCU (BEYKENT)
 62
     0
440
 16777216
370
    -2
100
AcDbLine
 10
5470.409947563293
 20
3921.167413679706
 30
0.0
 11
5464.409947563293
 21
3927.167413679705
 31
0.0
  0
LINE
  5
1588
330
114F
100
AcDbEntity
  8
OLCU (BEYKENT)
 62
     0
440
 16777216
370
    -2
100
AcDbLine
 10
5470.409947563293
 20
3901.167413679706
 30
0.0
 11
5464.409947563293
 21
3907.167413679706
 31
0.0
  0
MTEXT
  5
1589
330
114F
100
AcDbEntity
  8
OLCU (BEYKENT)
 62
     7
440
 16777216
370
    20
100
AcDbMText
 10
5459.286151139634
 20
3914.167413679703
 30
0.0
 40
12.0
 41
0.0
 46
0.0
 71
     5
 72
     1
  1
\A1;20
  7
YAZI (BEYKENT)
 11
0.0000000000000001
 21
1.0
 31
0.0
 73
     1
 44
1.0
  0
POINT
  5
158A
330
114F
100
AcDbEntity
  8
Defpoints
 62
     0
440
 16777216
100
AcDbPoint
 10
5447.409947562885
 20
3904.167413679706
 30
0.0
  0
POINT
  5
158B
330
114F
100
AcDbEntity
  8
Defpoints
 62
     0
440
 16777216
100
AcDbPoint
 10
5447.409947562885
 20
3924.167413679706
 30
0.0
  0
POINT
  5
158C
330
114F
100
AcDbEntity
  8
Defpoints
 62
     0
440
 16777216
100
AcDbPoint
 10
5467.409947563293
 20
3924.167413679706
 30
0.0
  0
ENDBLK
  5
1151
330
114F
100
AcDbEntity
  8
0
100
AcDbBlockEnd
  0
BLOCK
  5
115C
330
115B
100
AcDbEntity
  8
0
100
AcDbBlockBegin
  2
*D121
 70
     1
 10
0.0
 20
0.0
 30
0.0
  3
*D121
  1

  0
LINE
  5
158D
330
115B
100
AcDbEntity
  8
OLCU (BEYKENT)
 62
     0
440
 16777216
370
    -2
100
AcDbLine
 10
6242.909947562886
 20
3904.167413679706
 30
0.0
 11
6260.089947563296
 21
3904.167413679706
 31
0.0
  0
LINE
  5
158E
330
115B
100
AcDbEntity
  8
OLCU (BEYKENT)
 62
     0
440
 16777216
370
    -2
100
AcDbLine
 10
6242.909947562886
 20
3924.167413679706
 30
0.0
 11
6260.089947563296
 21
3924.167413679706
 31
0.0
  0
LINE
  5
158F
330
115B
100
AcDbEntity
  8
OLCU (BEYKENT)
 62
     0
440
 16777216
370
    -2
100
AcDbLine
 10
6259.909947563296
 20
3904.167413679706
 30
0.0
 11
6259.909947563296
 21
3924.167413679706
 31
0.0
  0
LINE
  5
1590
330
115B
100
AcDbEntity
  8
OLCU (BEYKENT)
 62
     0
440
 16777216
370
    -2
100
AcDbLine
 10
6262.909947563295
 20
3921.167413679706
 30
0.0
 11
6256.909947563296
 21
3927.167413679705
 31
0.0
  0
LINE
  5
1591
330
115B
100
AcDbEntity
  8
OLCU (BEYKENT)
 62
     0
440
 16777216
370
    -2
100
AcDbLine
 10
6262.909947563295
 20
3901.167413679706
 30
0.0
 11
6256.909947563296
 21
3907.167413679706
 31
0.0
  0
MTEXT
  5
1592
330
115B
100
AcDbEntity
  8
OLCU (BEYKENT)
 62
     7
440
 16777216
370
    20
100
AcDbMText
 10
6251.786151139636
 20
3914.167413679703
 30
0.0
 40
12.0
 41
0.0
 46
0.0
 71
     5
 72
     1
  1
\A1;20
  7
YAZI (BEYKENT)
 11
0.0000000000000001
 21
1.0
 31
0.0
 73
     1
 44
1.0
  0
POINT
  5
1593
330
115B
100
AcDbEntity
  8
Defpoints
 62
     0
440
 16777216
100
AcDbPoint
 10
6239.909947562886
 20
3904.167413679706
 30
0.0
  0
POINT
  5
1594
330
115B
100
AcDbEntity
  8
Defpoints
 62
     0
440
 16777216
100
AcDbPoint
 10
6239.909947562886
 20
3924.167413679706
 30
0.0
  0
POINT
  5
1595
330
115B
100
AcDbEntity
  8
Defpoints
 62
     0
440
 16777216
100
AcDbPoint
 10
6259.909947563296
 20
3924.167413679706
 30
0.0
  0
ENDBLK
  5
115D
330
115B
100
AcDbEntity
  8
0
100
AcDbBlockEnd
  0
BLOCK
  5
1168
330
1167
100
AcDbEntity
  8
0
100
AcDbBlockBegin
  2
*D122
 70
     1
 10
0.0
 20
0.0
 30
0.0
  3
*D122
  1

  0
LINE
  5
1596
330
1167
100
AcDbEntity
  8
OLCU (BEYKENT)
 62
     0
440
 16777216
370
    -2
100
AcDbLine
 10
6782.909947562886
 20
3904.167413679706
 30
0.0
 11
6800.089947563296
 21
3904.167413679706
 31
0.0
  0
LINE
  5
1597
330
1167
100
AcDbEntity
  8
OLCU (BEYKENT)
 62
     0
440
 16777216
370
    -2
100
AcDbLine
 10
6782.909947562886
 20
3924.167413679706
 30
0.0
 11
6800.089947563296
 21
3924.167413679706
 31
0.0
  0
LINE
  5
1598
330
1167
100
AcDbEntity
  8
OLCU (BEYKENT)
 62
     0
440
 16777216
370
    -2
100
AcDbLine
 10
6799.909947563296
 20
3904.167413679706
 30
0.0
 11
6799.909947563296
 21
3924.167413679706
 31
0.0
  0
LINE
  5
1599
330
1167
100
AcDbEntity
  8
OLCU (BEYKENT)
 62
     0
440
 16777216
370
    -2
100
AcDbLine
 10
6802.909947563296
 20
3921.167413679706
 30
0.0
 11
6796.909947563296
 21
3927.167413679705
 31
0.0
  0
LINE
  5
159A
330
1167
100
AcDbEntity
  8
OLCU (BEYKENT)
 62
     0
440
 16777216
370
    -2
100
AcDbLine
 10
6802.909947563296
 20
3901.167413679706
 30
0.0
 11
6796.909947563296
 21
3907.167413679706
 31
0.0
  0
MTEXT
  5
159B
330
1167
100
AcDbEntity
  8
OLCU (BEYKENT)
 62
     7
440
 16777216
370
    20
100
AcDbMText
 10
6791.786151139636
 20
3914.167413679703
 30
0.0
 40
12.0
 41
0.0
 46
0.0
 71
     5
 72
     1
  1
\A1;20
  7
YAZI (BEYKENT)
 11
0.0000000000000001
 21
1.0
 31
0.0
 73
     1
 44
1.0
  0
POINT
  5
159C
330
1167
100
AcDbEntity
  8
Defpoints
 62
     0
440
 16777216
100
AcDbPoint
 10
6779.909947562886
 20
3904.167413679706
 30
0.0
  0
POINT
  5
159D
330
1167
100
AcDbEntity
  8
Defpoints
 62
     0
440
 16777216
100
AcDbPoint
 10
6779.909947562886
 20
3924.167413679706
 30
0.0
  0
POINT
  5
159E
330
1167
100
AcDbEntity
  8
Defpoints
 62
     0
440
 16777216
100
AcDbPoint
 10
6799.909947563296
 20
3924.167413679706
 30
0.0
  0
ENDBLK
  5
1169
330
1167
100
AcDbEntity
  8
0
100
AcDbBlockEnd
  0
BLOCK
  5
1174
330
1173
100
AcDbEntity
  8
0
100
AcDbBlockBegin
  2
*D123
 70
     1
 10
0.0
 20
0.0
 30
0.0
  3
*D123
  1

  0
LINE
  5
159F
330
1173
100
AcDbEntity
  8
OLCU (BEYKENT)
 62
     0
440
 16777216
370
    -2
100
AcDbLine
 10
3049.914596724884
 20
3421.167413679704
 30
0.0
 11
3049.914596724884
 21
3403.987413679704
 31
0.0
  0
LINE
  5
15A0
330
1173
100
AcDbEntity
  8
OLCU (BEYKENT)
 62
     0
440
 16777216
370
    -2
100
AcDbLine
 10
3069.914596724884
 20
3421.167413679704
 30
0.0
 11
3069.914596724884
 21
3403.987413679704
 31
0.0
  0
LINE
  5
15A1
330
1173
100
AcDbEntity
  8
OLCU (BEYKENT)
 62
     0
440
 16777216
370
    -2
100
AcDbLine
 10
3049.914596724884
 20
3404.167413679703
 30
0.0
 11
3069.914596724884
 21
3404.167413679703
 31
0.0
  0
LINE
  5
15A2
330
1173
100
AcDbEntity
  8
OLCU (BEYKENT)
 62
     0
440
 16777216
370
    -2
100
AcDbLine
 10
3066.914596724884
 20
3401.167413679704
 30
0.0
 11
3072.914596724884
 21
3407.167413679704
 31
0.0
  0
LINE
  5
15A3
330
1173
100
AcDbEntity
  8
OLCU (BEYKENT)
 62
     0
440
 16777216
370
    -2
100
AcDbLine
 10
3046.914596724884
 20
3401.167413679704
 30
0.0
 11
3052.914596724884
 21
3407.167413679704
 31
0.0
  0
MTEXT
  5
15A4
330
1173
100
AcDbEntity
  8
OLCU (BEYKENT)
 62
     7
440
 16777216
370
    20
100
AcDbMText
 10
3059.914596724884
 20
3412.291210103363
 30
0.0
 40
12.0
 41
0.0
 46
0.0
 71
     5
 72
     1
  1
\A1;20
  7
YAZI (BEYKENT)
 73
     1
 44
1.0
  0
POINT
  5
15A5
330
1173
100
AcDbEntity
  8
Defpoints
 62
     0
440
 16777216
100
AcDbPoint
 10
3049.914596724884
 20
3424.167413679704
 30
0.0
  0
POINT
  5
15A6
330
1173
100
AcDbEntity
  8
Defpoints
 62
     0
440
 16777216
100
AcDbPoint
 10
3069.914596724884
 20
3424.167413679704
 30
0.0
  0
POINT
  5
15A7
330
1173
100
AcDbEntity
  8
Defpoints
 62
     0
440
 16777216
100
AcDbPoint
 10
3069.914596724884
 20
3404.167413679703
 30
0.0
  0
ENDBLK
  5
1175
330
1173
100
AcDbEntity
  8
0
100
AcDbBlockEnd
  0
BLOCK
  5
1180
330
117F
100
AcDbEntity
  8
0
100
AcDbBlockBegin
  2
*D124
 70
     1
 10
0.0
 20
0.0
 30
0.0
  3
*D124
  1

  0
LINE
  5
15A8
330
117F
100
AcDbEntity
  8
OLCU (BEYKENT)
 62
     0
440
 16777216
370
    -2
100
AcDbLine
 10
3069.914596724884
 20
3421.167413679704
 30
0.0
 11
3069.914596724884
 21
3403.987413679704
 31
0.0
  0
LINE
  5
15A9
330
117F
100
AcDbEntity
  8
OLCU (BEYKENT)
 62
     0
440
 16777216
370
    -2
100
AcDbLine
 10
3109.914596724884
 20
3421.167413679704
 30
0.0
 11
3109.914596724884
 21
3403.987413679704
 31
0.0
  0
LINE
  5
15AA
330
117F
100
AcDbEntity
  8
OLCU (BEYKENT)
 62
     0
440
 16777216
370
    -2
100
AcDbLine
 10
3069.914596724884
 20
3404.167413679703
 30
0.0
 11
3109.914596724884
 21
3404.167413679703
 31
0.0
  0
LINE
  5
15AB
330
117F
100
AcDbEntity
  8
OLCU (BEYKENT)
 62
     0
440
 16777216
370
    -2
100
AcDbLine
 10
3106.914596724884
 20
3401.167413679704
 30
0.0
 11
3112.914596724885
 21
3407.167413679704
 31
0.0
  0
LINE
  5
15AC
330
117F
100
AcDbEntity
  8
OLCU (BEYKENT)
 62
     0
440
 16777216
370
    -2
100
AcDbLine
 10
3066.914596724884
 20
3401.167413679704
 30
0.0
 11
3072.914596724884
 21
3407.167413679704
 31
0.0
  0
MTEXT
  5
15AD
330
117F
100
AcDbEntity
  8
OLCU (BEYKENT)
 62
     7
440
 16777216
370
    20
100
AcDbMText
 10
3089.914596724884
 20
3412.291210103363
 30
0.0
 40
12.0
 41
0.0
 46
0.0
 71
     5
 72
     1
  1
\A1;40
  7
YAZI (BEYKENT)
 73
     1
 44
1.0
  0
POINT
  5
15AE
330
117F
100
AcDbEntity
  8
Defpoints
 62
     0
440
 16777216
100
AcDbPoint
 10
3069.914596724884
 20
3424.167413679704
 30
0.0
  0
POINT
  5
15AF
330
117F
100
AcDbEntity
  8
Defpoints
 62
     0
440
 16777216
100
AcDbPoint
 10
3109.914596724884
 20
3424.167413679704
 30
0.0
  0
POINT
  5
15B0
330
117F
100
AcDbEntity
  8
Defpoints
 62
     0
440
 16777216
100
AcDbPoint
 10
3109.914596724884
 20
3404.167413679703
 30
0.0
  0
ENDBLK
  5
1181
330
117F
100
AcDbEntity
  8
0
100
AcDbBlockEnd
  0
BLOCK
  5
118C
330
118B
100
AcDbEntity
  8
0
100
AcDbBlockBegin
  2
*D125
 70
     1
 10
0.0
 20
0.0
 30
0.0
  3
*D125
  1

  0
LINE
  5
15B1
330
118B
100
AcDbEntity
  8
OLCU (BEYKENT)
 62
     0
440
 16777216
370
    -2
100
AcDbLine
 10
3049.914596724884
 20
3421.167413679704
 30
0.0
 11
3049.914596724884
 21
3383.987413679704
 31
0.0
  0
LINE
  5
15B2
330
118B
100
AcDbEntity
  8
OLCU (BEYKENT)
 62
     0
440
 16777216
370
    -2
100
AcDbLine
 10
3109.914596724884
 20
3421.167413679704
 30
0.0
 11
3109.914596724884
 21
3383.987413679704
 31
0.0
  0
LINE
  5
15B3
330
118B
100
AcDbEntity
  8
OLCU (BEYKENT)
 62
     0
440
 16777216
370
    -2
100
AcDbLine
 10
3049.914596724884
 20
3384.167413679704
 30
0.0
 11
3109.914596724884
 21
3384.167413679704
 31
0.0
  0
LINE
  5
15B4
330
118B
100
AcDbEntity
  8
OLCU (BEYKENT)
 62
     0
440
 16777216
370
    -2
100
AcDbLine
 10
3106.914596724884
 20
3381.167413679704
 30
0.0
 11
3112.914596724885
 21
3387.167413679704
 31
0.0
  0
LINE
  5
15B5
330
118B
100
AcDbEntity
  8
OLCU (BEYKENT)
 62
     0
440
 16777216
370
    -2
100
AcDbLine
 10
3046.914596724884
 20
3381.167413679704
 30
0.0
 11
3052.914596724884
 21
3387.167413679704
 31
0.0
  0
MTEXT
  5
15B6
330
118B
100
AcDbEntity
  8
OLCU (BEYKENT)
 62
     7
440
 16777216
370
    20
100
AcDbMText
 10
3079.914596724885
 20
3392.291210103362
 30
0.0
 40
12.0
 41
0.0
 46
0.0
 71
     5
 72
     1
  1
\A1;60
  7
YAZI (BEYKENT)
 73
     1
 44
1.0
  0
POINT
  5
15B7
330
118B
100
AcDbEntity
  8
Defpoints
 62
     0
440
 16777216
100
AcDbPoint
 10
3049.914596724884
 20
3424.167413679704
 30
0.0
  0
POINT
  5
15B8
330
118B
100
AcDbEntity
  8
Defpoints
 62
     0
440
 16777216
100
AcDbPoint
 10
3109.914596724884
 20
3424.167413679704
 30
0.0
  0
POINT
  5
15B9
330
118B
100
AcDbEntity
  8
Defpoints
 62
     0
440
 16777216
100
AcDbPoint
 10
3109.914596724884
 20
3384.167413679704
 30
0.0
  0
ENDBLK
  5
118D
330
118B
100
AcDbEntity
  8
0
100
AcDbBlockEnd
  0
BLOCK
  5
1198
330
1197
100
AcDbEntity
  8
0
100
AcDbBlockBegin
  2
*D126
 70
     1
 10
0.0
 20
0.0
 30
0.0
  3
*D126
  1

  0
LINE
  5
15BA
330
1197
100
AcDbEntity
  8
OLCU (BEYKENT)
 62
     0
440
 16777216
370
    -2
100
AcDbLine
 10
3049.914596724884
 20
2771.167413679704
 30
0.0
 11
3049.914596724884
 21
2753.987413679704
 31
0.0
  0
LINE
  5
15BB
330
1197
100
AcDbEntity
  8
OLCU (BEYKENT)
 62
     0
440
 16777216
370
    -2
100
AcDbLine
 10
3069.914596724884
 20
2771.167413679704
 30
0.0
 11
3069.914596724884
 21
2753.987413679704
 31
0.0
  0
LINE
  5
15BC
330
1197
100
AcDbEntity
  8
OLCU (BEYKENT)
 62
     0
440
 16777216
370
    -2
100
AcDbLine
 10
3049.914596724884
 20
2754.167413679704
 30
0.0
 11
3069.914596724884
 21
2754.167413679704
 31
0.0
  0
LINE
  5
15BD
330
1197
100
AcDbEntity
  8
OLCU (BEYKENT)
 62
     0
440
 16777216
370
    -2
100
AcDbLine
 10
3066.914596724884
 20
2751.167413679704
 30
0.0
 11
3072.914596724884
 21
2757.167413679704
 31
0.0
  0
LINE
  5
15BE
330
1197
100
AcDbEntity
  8
OLCU (BEYKENT)
 62
     0
440
 16777216
370
    -2
100
AcDbLine
 10
3046.914596724884
 20
2751.167413679704
 30
0.0
 11
3052.914596724884
 21
2757.167413679704
 31
0.0
  0
MTEXT
  5
15BF
330
1197
100
AcDbEntity
  8
OLCU (BEYKENT)
 62
     7
440
 16777216
370
    20
100
AcDbMText
 10
3059.914596724884
 20
2762.291210103363
 30
0.0
 40
12.0
 41
0.0
 46
0.0
 71
     5
 72
     1
  1
\A1;20
  7
YAZI (BEYKENT)
 73
     1
 44
1.0
  0
POINT
  5
15C0
330
1197
100
AcDbEntity
  8
Defpoints
 62
     0
440
 16777216
100
AcDbPoint
 10
3049.914596724884
 20
2774.167413679704
 30
0.0
  0
POINT
  5
15C1
330
1197
100
AcDbEntity
  8
Defpoints
 62
     0
440
 16777216
100
AcDbPoint
 10
3069.914596724884
 20
2774.167413679704
 30
0.0
  0
POINT
  5
15C2
330
1197
100
AcDbEntity
  8
Defpoints
 62
     0
440
 16777216
100
AcDbPoint
 10
3069.914596724884
 20
2754.167413679704
 30
0.0
  0
ENDBLK
  5
1199
330
1197
100
AcDbEntity
  8
0
100
AcDbBlockEnd
  0
BLOCK
  5
11A4
330
11A3
100
AcDbEntity
  8
0
100
AcDbBlockBegin
  2
*D127
 70
     1
 10
0.0
 20
0.0
 30
0.0
  3
*D127
  1

  0
LINE
  5
15C3
330
11A3
100
AcDbEntity
  8
OLCU (BEYKENT)
 62
     0
440
 16777216
370
    -2
100
AcDbLine
 10
3069.914596724884
 20
2771.167413679704
 30
0.0
 11
3069.914596724884
 21
2753.987413679704
 31
0.0
  0
LINE
  5
15C4
330
11A3
100
AcDbEntity
  8
OLCU (BEYKENT)
 62
     0
440
 16777216
370
    -2
100
AcDbLine
 10
3109.914596724884
 20
2771.167413679704
 30
0.0
 11
3109.914596724884
 21
2753.987413679704
 31
0.0
  0
LINE
  5
15C5
330
11A3
100
AcDbEntity
  8
OLCU (BEYKENT)
 62
     0
440
 16777216
370
    -2
100
AcDbLine
 10
3069.914596724884
 20
2754.167413679704
 30
0.0
 11
3109.914596724884
 21
2754.167413679704
 31
0.0
  0
LINE
  5
15C6
330
11A3
100
AcDbEntity
  8
OLCU (BEYKENT)
 62
     0
440
 16777216
370
    -2
100
AcDbLine
 10
3106.914596724884
 20
2751.167413679704
 30
0.0
 11
3112.914596724885
 21
2757.167413679704
 31
0.0
  0
LINE
  5
15C7
330
11A3
100
AcDbEntity
  8
OLCU (BEYKENT)
 62
     0
440
 16777216
370
    -2
100
AcDbLine
 10
3066.914596724884
 20
2751.167413679704
 30
0.0
 11
3072.914596724884
 21
2757.167413679704
 31
0.0
  0
MTEXT
  5
15C8
330
11A3
100
AcDbEntity
  8
OLCU (BEYKENT)
 62
     7
440
 16777216
370
    20
100
AcDbMText
 10
3089.914596724884
 20
2762.291210103363
 30
0.0
 40
12.0
 41
0.0
 46
0.0
 71
     5
 72
     1
  1
\A1;40
  7
YAZI (BEYKENT)
 73
     1
 44
1.0
  0
POINT
  5
15C9
330
11A3
100
AcDbEntity
  8
Defpoints
 62
     0
440
 16777216
100
AcDbPoint
 10
3069.914596724884
 20
2774.167413679704
 30
0.0
  0
POINT
  5
15CA
330
11A3
100
AcDbEntity
  8
Defpoints
 62
     0
440
 16777216
100
AcDbPoint
 10
3109.914596724884
 20
2774.167413679704
 30
0.0
  0
POINT
  5
15CB
330
11A3
100
AcDbEntity
  8
Defpoints
 62
     0
440
 16777216
100
AcDbPoint
 10
3109.914596724884
 20
2754.167413679704
 30
0.0
  0
ENDBLK
  5
11A5
330
11A3
100
AcDbEntity
  8
0
100
AcDbBlockEnd
  0
BLOCK
  5
11B0
330
11AF
100
AcDbEntity
  8
0
100
AcDbBlockBegin
  2
*D128
 70
     1
 10
0.0
 20
0.0
 30
0.0
  3
*D128
  1

  0
LINE
  5
15CC
330
11AF
100
AcDbEntity
  8
OLCU (BEYKENT)
 62
     0
440
 16777216
370
    -2
100
AcDbLine
 10
3049.914596724884
 20
2771.167413679704
 30
0.0
 11
3049.914596724884
 21
2733.987413679704
 31
0.0
  0
LINE
  5
15CD
330
11AF
100
AcDbEntity
  8
OLCU (BEYKENT)
 62
     0
440
 16777216
370
    -2
100
AcDbLine
 10
3109.914596724884
 20
2771.167413679704
 30
0.0
 11
3109.914596724884
 21
2733.987413679704
 31
0.0
  0
LINE
  5
15CE
330
11AF
100
AcDbEntity
  8
OLCU (BEYKENT)
 62
     0
440
 16777216
370
    -2
100
AcDbLine
 10
3049.914596724884
 20
2734.167413679704
 30
0.0
 11
3109.914596724884
 21
2734.167413679704
 31
0.0
  0
LINE
  5
15CF
330
11AF
100
AcDbEntity
  8
OLCU (BEYKENT)
 62
     0
440
 16777216
370
    -2
100
AcDbLine
 10
3106.914596724884
 20
2731.167413679704
 30
0.0
 11
3112.914596724885
 21
2737.167413679704
 31
0.0
  0
LINE
  5
15D0
330
11AF
100
AcDbEntity
  8
OLCU (BEYKENT)
 62
     0
440
 16777216
370
    -2
100
AcDbLine
 10
3046.914596724884
 20
2731.167413679704
 30
0.0
 11
3052.914596724884
 21
2737.167413679704
 31
0.0
  0
MTEXT
  5
15D1
330
11AF
100
AcDbEntity
  8
OLCU (BEYKENT)
 62
     7
440
 16777216
370
    20
100
AcDbMText
 10
3079.914596724885
 20
2742.291210103363
 30
0.0
 40
12.0
 41
0.0
 46
0.0
 71
     5
 72
     1
  1
\A1;60
  7
YAZI (BEYKENT)
 73
     1
 44
1.0
  0
POINT
  5
15D2
330
11AF
100
AcDbEntity
  8
Defpoints
 62
     0
440
 16777216
100
AcDbPoint
 10
3049.914596724884
 20
2774.167413679704
 30
0.0
  0
POINT
  5
15D3
330
11AF
100
AcDbEntity
  8
Defpoints
 62
     0
440
 16777216
100
AcDbPoint
 10
3109.914596724884
 20
2774.167413679704
 30
0.0
  0
POINT
  5
15D4
330
11AF
100
AcDbEntity
  8
Defpoints
 62
     0
440
 16777216
100
AcDbPoint
 10
3109.914596724884
 20
2734.167413679704
 30
0.0
  0
ENDBLK
  5
11B1
330
11AF
100
AcDbEntity
  8
0
100
AcDbBlockEnd
  0
BLOCK
  5
11BC
330
11BB
100
AcDbEntity
  8
0
100
AcDbBlockBegin
  2
*D129
 70
     1
 10
0.0
 20
0.0
 30
0.0
  3
*D129
  1

  0
LINE
  5
15D5
330
11BB
100
AcDbEntity
  8
OLCU (BEYKENT)
 62
     0
440
 16777216
370
    -2
100
AcDbLine
 10
3049.914596724884
 20
2246.167413679704
 30
0.0
 11
3049.914596724884
 21
2228.987413679704
 31
0.0
  0
LINE
  5
15D6
330
11BB
100
AcDbEntity
  8
OLCU (BEYKENT)
 62
     0
440
 16777216
370
    -2
100
AcDbLine
 10
3069.914596724884
 20
2246.167413679704
 30
0.0
 11
3069.914596724884
 21
2228.987413679704
 31
0.0
  0
LINE
  5
15D7
330
11BB
100
AcDbEntity
  8
OLCU (BEYKENT)
 62
     0
440
 16777216
370
    -2
100
AcDbLine
 10
3049.914596724884
 20
2229.167413679704
 30
0.0
 11
3069.914596724884
 21
2229.167413679704
 31
0.0
  0
LINE
  5
15D8
330
11BB
100
AcDbEntity
  8
OLCU (BEYKENT)
 62
     0
440
 16777216
370
    -2
100
AcDbLine
 10
3066.914596724884
 20
2226.167413679704
 30
0.0
 11
3072.914596724884
 21
2232.167413679704
 31
0.0
  0
LINE
  5
15D9
330
11BB
100
AcDbEntity
  8
OLCU (BEYKENT)
 62
     0
440
 16777216
370
    -2
100
AcDbLine
 10
3046.914596724884
 20
2226.167413679704
 30
0.0
 11
3052.914596724884
 21
2232.167413679704
 31
0.0
  0
MTEXT
  5
15DA
330
11BB
100
AcDbEntity
  8
OLCU (BEYKENT)
 62
     7
440
 16777216
370
    20
100
AcDbMText
 10
3059.914596724884
 20
2237.291210103363
 30
0.0
 40
12.0
 41
0.0
 46
0.0
 71
     5
 72
     1
  1
\A1;20
  7
YAZI (BEYKENT)
 73
     1
 44
1.0
  0
POINT
  5
15DB
330
11BB
100
AcDbEntity
  8
Defpoints
 62
     0
440
 16777216
100
AcDbPoint
 10
3049.914596724884
 20
2249.167413679704
 30
0.0
  0
POINT
  5
15DC
330
11BB
100
AcDbEntity
  8
Defpoints
 62
     0
440
 16777216
100
AcDbPoint
 10
3069.914596724884
 20
2249.167413679704
 30
0.0
  0
POINT
  5
15DD
330
11BB
100
AcDbEntity
  8
Defpoints
 62
     0
440
 16777216
100
AcDbPoint
 10
3069.914596724884
 20
2229.167413679704
 30
0.0
  0
ENDBLK
  5
11BD
330
11BB
100
AcDbEntity
  8
0
100
AcDbBlockEnd
  0
BLOCK
  5
11C8
330
11C7
100
AcDbEntity
  8
0
100
AcDbBlockBegin
  2
*D130
 70
     1
 10
0.0
 20
0.0
 30
0.0
  3
*D130
  1

  0
LINE
  5
15DE
330
11C7
100
AcDbEntity
  8
OLCU (BEYKENT)
 62
     0
440
 16777216
370
    -2
100
AcDbLine
 10
3069.914596724884
 20
2246.167413679704
 30
0.0
 11
3069.914596724884
 21
2228.987413679704
 31
0.0
  0
LINE
  5
15DF
330
11C7
100
AcDbEntity
  8
OLCU (BEYKENT)
 62
     0
440
 16777216
370
    -2
100
AcDbLine
 10
3109.914596724884
 20
2246.167413679704
 30
0.0
 11
3109.914596724884
 21
2228.987413679704
 31
0.0
  0
LINE
  5
15E0
330
11C7
100
AcDbEntity
  8
OLCU (BEYKENT)
 62
     0
440
 16777216
370
    -2
100
AcDbLine
 10
3069.914596724884
 20
2229.167413679704
 30
0.0
 11
3109.914596724884
 21
2229.167413679704
 31
0.0
  0
LINE
  5
15E1
330
11C7
100
AcDbEntity
  8
OLCU (BEYKENT)
 62
     0
440
 16777216
370
    -2
100
AcDbLine
 10
3106.914596724884
 20
2226.167413679704
 30
0.0
 11
3112.914596724885
 21
2232.167413679704
 31
0.0
  0
LINE
  5
15E2
330
11C7
100
AcDbEntity
  8
OLCU (BEYKENT)
 62
     0
440
 16777216
370
    -2
100
AcDbLine
 10
3066.914596724884
 20
2226.167413679704
 30
0.0
 11
3072.914596724884
 21
2232.167413679704
 31
0.0
  0
MTEXT
  5
15E3
330
11C7
100
AcDbEntity
  8
OLCU (BEYKENT)
 62
     7
440
 16777216
370
    20
100
AcDbMText
 10
3089.914596724884
 20
2237.291210103363
 30
0.0
 40
12.0
 41
0.0
 46
0.0
 71
     5
 72
     1
  1
\A1;40
  7
YAZI (BEYKENT)
 73
     1
 44
1.0
  0
POINT
  5
15E4
330
11C7
100
AcDbEntity
  8
Defpoints
 62
     0
440
 16777216
100
AcDbPoint
 10
3069.914596724884
 20
2249.167413679704
 30
0.0
  0
POINT
  5
15E5
330
11C7
100
AcDbEntity
  8
Defpoints
 62
     0
440
 16777216
100
AcDbPoint
 10
3109.914596724884
 20
2249.167413679704
 30
0.0
  0
POINT
  5
15E6
330
11C7
100
AcDbEntity
  8
Defpoints
 62
     0
440
 16777216
100
AcDbPoint
 10
3109.914596724884
 20
2229.167413679704
 30
0.0
  0
ENDBLK
  5
11C9
330
11C7
100
AcDbEntity
  8
0
100
AcDbBlockEnd
  0
BLOCK
  5
11D4
330
11D3
100
AcDbEntity
  8
0
100
AcDbBlockBegin
  2
*D131
 70
     1
 10
0.0
 20
0.0
 30
0.0
  3
*D131
  1

  0
LINE
  5
15E7
330
11D3
100
AcDbEntity
  8
OLCU (BEYKENT)
 62
     0
440
 16777216
370
    -2
100
AcDbLine
 10
3049.914596724884
 20
2246.167413679704
 30
0.0
 11
3049.914596724884
 21
2208.987413679704
 31
0.0
  0
LINE
  5
15E8
330
11D3
100
AcDbEntity
  8
OLCU (BEYKENT)
 62
     0
440
 16777216
370
    -2
100
AcDbLine
 10
3109.914596724884
 20
2246.167413679704
 30
0.0
 11
3109.914596724884
 21
2208.987413679704
 31
0.0
  0
LINE
  5
15E9
330
11D3
100
AcDbEntity
  8
OLCU (BEYKENT)
 62
     0
440
 16777216
370
    -2
100
AcDbLine
 10
3049.914596724884
 20
2209.167413679704
 30
0.0
 11
3109.914596724884
 21
2209.167413679704
 31
0.0
  0
LINE
  5
15EA
330
11D3
100
AcDbEntity
  8
OLCU (BEYKENT)
 62
     0
440
 16777216
370
    -2
100
AcDbLine
 10
3106.914596724884
 20
2206.167413679704
 30
0.0
 11
3112.914596724885
 21
2212.167413679704
 31
0.0
  0
LINE
  5
15EB
330
11D3
100
AcDbEntity
  8
OLCU (BEYKENT)
 62
     0
440
 16777216
370
    -2
100
AcDbLine
 10
3046.914596724884
 20
2206.167413679704
 30
0.0
 11
3052.914596724884
 21
2212.167413679704
 31
0.0
  0
MTEXT
  5
15EC
330
11D3
100
AcDbEntity
  8
OLCU (BEYKENT)
 62
     7
440
 16777216
370
    20
100
AcDbMText
 10
3079.914596724885
 20
2217.291210103363
 30
0.0
 40
12.0
 41
0.0
 46
0.0
 71
     5
 72
     1
  1
\A1;60
  7
YAZI (BEYKENT)
 73
     1
 44
1.0
  0
POINT
  5
15ED
330
11D3
100
AcDbEntity
  8
Defpoints
 62
     0
440
 16777216
100
AcDbPoint
 10
3049.914596724884
 20
2249.167413679704
 30
0.0
  0
POINT
  5
15EE
330
11D3
100
AcDbEntity
  8
Defpoints
 62
     0
440
 16777216
100
AcDbPoint
 10
3109.914596724884
 20
2249.167413679704
 30
0.0
  0
POINT
  5
15EF
330
11D3
100
AcDbEntity
  8
Defpoints
 62
     0
440
 16777216
100
AcDbPoint
 10
3109.914596724884
 20
2209.167413679704
 30
0.0
  0
ENDBLK
  5
11D5
330
11D3
100
AcDbEntity
  8
0
100
AcDbBlockEnd
  0
BLOCK
  5
11E0
330
11DF
100
AcDbEntity
  8
0
100
AcDbBlockBegin
  2
*D132
 70
     1
 10
0.0
 20
0.0
 30
0.0
  3
*D132
  1

  0
LINE
  5
15F0
330
11DF
100
AcDbEntity
  8
OLCU (BEYKENT)
 62
     0
440
 16777216
370
    -2
100
AcDbLine
 10
3049.914596724884
 20
1541.167413679704
 30
0.0
 11
3049.914596724884
 21
1523.987413679703
 31
0.0
  0
LINE
  5
15F1
330
11DF
100
AcDbEntity
  8
OLCU (BEYKENT)
 62
     0
440
 16777216
370
    -2
100
AcDbLine
 10
3069.914596724884
 20
1541.167413679704
 30
0.0
 11
3069.914596724884
 21
1523.987413679703
 31
0.0
  0
LINE
  5
15F2
330
11DF
100
AcDbEntity
  8
OLCU (BEYKENT)
 62
     0
440
 16777216
370
    -2
100
AcDbLine
 10
3049.914596724884
 20
1524.167413679704
 30
0.0
 11
3069.914596724884
 21
1524.167413679704
 31
0.0
  0
LINE
  5
15F3
330
11DF
100
AcDbEntity
  8
OLCU (BEYKENT)
 62
     0
440
 16777216
370
    -2
100
AcDbLine
 10
3066.914596724884
 20
1521.167413679704
 30
0.0
 11
3072.914596724884
 21
1527.167413679704
 31
0.0
  0
LINE
  5
15F4
330
11DF
100
AcDbEntity
  8
OLCU (BEYKENT)
 62
     0
440
 16777216
370
    -2
100
AcDbLine
 10
3046.914596724884
 20
1521.167413679704
 30
0.0
 11
3052.914596724884
 21
1527.167413679704
 31
0.0
  0
MTEXT
  5
15F5
330
11DF
100
AcDbEntity
  8
OLCU (BEYKENT)
 62
     7
440
 16777216
370
    20
100
AcDbMText
 10
3059.914596724884
 20
1532.291210103362
 30
0.0
 40
12.0
 41
0.0
 46
0.0
 71
     5
 72
     1
  1
\A1;20
  7
YAZI (BEYKENT)
 73
     1
 44
1.0
  0
POINT
  5
15F6
330
11DF
100
AcDbEntity
  8
Defpoints
 62
     0
440
 16777216
100
AcDbPoint
 10
3049.914596724884
 20
1544.167413679703
 30
0.0
  0
POINT
  5
15F7
330
11DF
100
AcDbEntity
  8
Defpoints
 62
     0
440
 16777216
100
AcDbPoint
 10
3069.914596724884
 20
1544.167413679703
 30
0.0
  0
POINT
  5
15F8
330
11DF
100
AcDbEntity
  8
Defpoints
 62
     0
440
 16777216
100
AcDbPoint
 10
3069.914596724884
 20
1524.167413679704
 30
0.0
  0
ENDBLK
  5
11E1
330
11DF
100
AcDbEntity
  8
0
100
AcDbBlockEnd
  0
BLOCK
  5
11EC
330
11EB
100
AcDbEntity
  8
0
100
AcDbBlockBegin
  2
*D133
 70
     1
 10
0.0
 20
0.0
 30
0.0
  3
*D133
  1

  0
LINE
  5
15F9
330
11EB
100
AcDbEntity
  8
OLCU (BEYKENT)
 62
     0
440
 16777216
370
    -2
100
AcDbLine
 10
3069.914596724884
 20
1541.167413679704
 30
0.0
 11
3069.914596724884
 21
1523.987413679703
 31
0.0
  0
LINE
  5
15FA
330
11EB
100
AcDbEntity
  8
OLCU (BEYKENT)
 62
     0
440
 16777216
370
    -2
100
AcDbLine
 10
3109.914596724884
 20
1541.167413679704
 30
0.0
 11
3109.914596724884
 21
1523.987413679703
 31
0.0
  0
LINE
  5
15FB
330
11EB
100
AcDbEntity
  8
OLCU (BEYKENT)
 62
     0
440
 16777216
370
    -2
100
AcDbLine
 10
3069.914596724884
 20
1524.167413679704
 30
0.0
 11
3109.914596724884
 21
1524.167413679704
 31
0.0
  0
LINE
  5
15FC
330
11EB
100
AcDbEntity
  8
OLCU (BEYKENT)
 62
     0
440
 16777216
370
    -2
100
AcDbLine
 10
3106.914596724884
 20
1521.167413679704
 30
0.0
 11
3112.914596724885
 21
1527.167413679704
 31
0.0
  0
LINE
  5
15FD
330
11EB
100
AcDbEntity
  8
OLCU (BEYKENT)
 62
     0
440
 16777216
370
    -2
100
AcDbLine
 10
3066.914596724884
 20
1521.167413679704
 30
0.0
 11
3072.914596724884
 21
1527.167413679704
 31
0.0
  0
MTEXT
  5
15FE
330
11EB
100
AcDbEntity
  8
OLCU (BEYKENT)
 62
     7
440
 16777216
370
    20
100
AcDbMText
 10
3089.914596724884
 20
1532.291210103362
 30
0.0
 40
12.0
 41
0.0
 46
0.0
 71
     5
 72
     1
  1
\A1;40
  7
YAZI (BEYKENT)
 73
     1
 44
1.0
  0
POINT
  5
15FF
330
11EB
100
AcDbEntity
  8
Defpoints
 62
     0
440
 16777216
100
AcDbPoint
 10
3069.914596724884
 20
1544.167413679703
 30
0.0
  0
POINT
  5
1600
330
11EB
100
AcDbEntity
  8
Defpoints
 62
     0
440
 16777216
100
AcDbPoint
 10
3109.914596724884
 20
1544.167413679703
 30
0.0
  0
POINT
  5
1601
330
11EB
100
AcDbEntity
  8
Defpoints
 62
     0
440
 16777216
100
AcDbPoint
 10
3109.914596724884
 20
1524.167413679704
 30
0.0
  0
ENDBLK
  5
11ED
330
11EB
100
AcDbEntity
  8
0
100
AcDbBlockEnd
  0
BLOCK
  5
11F8
330
11F7
100
AcDbEntity
  8
0
100
AcDbBlockBegin
  2
*D134
 70
     1
 10
0.0
 20
0.0
 30
0.0
  3
*D134
  1

  0
LINE
  5
1602
330
11F7
100
AcDbEntity
  8
OLCU (BEYKENT)
 62
     0
440
 16777216
370
    -2
100
AcDbLine
 10
3049.914596724884
 20
1541.167413679704
 30
0.0
 11
3049.914596724884
 21
1503.987413679704
 31
0.0
  0
LINE
  5
1603
330
11F7
100
AcDbEntity
  8
OLCU (BEYKENT)
 62
     0
440
 16777216
370
    -2
100
AcDbLine
 10
3109.914596724884
 20
1541.167413679704
 30
0.0
 11
3109.914596724884
 21
1503.987413679704
 31
0.0
  0
LINE
  5
1604
330
11F7
100
AcDbEntity
  8
OLCU (BEYKENT)
 62
     0
440
 16777216
370
    -2
100
AcDbLine
 10
3049.914596724884
 20
1504.167413679704
 30
0.0
 11
3109.914596724884
 21
1504.167413679704
 31
0.0
  0
LINE
  5
1605
330
11F7
100
AcDbEntity
  8
OLCU (BEYKENT)
 62
     0
440
 16777216
370
    -2
100
AcDbLine
 10
3106.914596724884
 20
1501.167413679703
 30
0.0
 11
3112.914596724885
 21
1507.167413679703
 31
0.0
  0
LINE
  5
1606
330
11F7
100
AcDbEntity
  8
OLCU (BEYKENT)
 62
     0
440
 16777216
370
    -2
100
AcDbLine
 10
3046.914596724884
 20
1501.167413679703
 30
0.0
 11
3052.914596724884
 21
1507.167413679703
 31
0.0
  0
MTEXT
  5
1607
330
11F7
100
AcDbEntity
  8
OLCU (BEYKENT)
 62
     7
440
 16777216
370
    20
100
AcDbMText
 10
3079.914596724885
 20
1512.291210103362
 30
0.0
 40
12.0
 41
0.0
 46
0.0
 71
     5
 72
     1
  1
\A1;60
  7
YAZI (BEYKENT)
 73
     1
 44
1.0
  0
POINT
  5
1608
330
11F7
100
AcDbEntity
  8
Defpoints
 62
     0
440
 16777216
100
AcDbPoint
 10
3049.914596724884
 20
1544.167413679703
 30
0.0
  0
POINT
  5
1609
330
11F7
100
AcDbEntity
  8
Defpoints
 62
     0
440
 16777216
100
AcDbPoint
 10
3109.914596724884
 20
1544.167413679703
 30
0.0
  0
POINT
  5
160A
330
11F7
100
AcDbEntity
  8
Defpoints
 62
     0
440
 16777216
100
AcDbPoint
 10
3109.914596724884
 20
1504.167413679704
 30
0.0
  0
ENDBLK
  5
11F9
330
11F7
100
AcDbEntity
  8
0
100
AcDbBlockEnd
  0
BLOCK
  5
1204
330
1203
100
AcDbEntity
  8
0
100
AcDbBlockBegin
  2
*D135
 70
     1
 10
0.0
 20
0.0
 30
0.0
  3
*D135
  1

  0
LINE
  5
160B
330
1203
100
AcDbEntity
  8
OLCU (BEYKENT)
 62
     0
440
 16777216
370
    -2
100
AcDbLine
 10
3049.914596724884
 20
927.1674136797036
 30
0.0
 11
3049.914596724884
 21
944.3474136797036
 31
0.0
  0
LINE
  5
160C
330
1203
100
AcDbEntity
  8
OLCU (BEYKENT)
 62
     0
440
 16777216
370
    -2
100
AcDbLine
 10
3069.914596724884
 20
927.1674136797036
 30
0.0
 11
3069.914596724884
 21
944.3474136797036
 31
0.0
  0
LINE
  5
160D
330
1203
100
AcDbEntity
  8
OLCU (BEYKENT)
 62
     0
440
 16777216
370
    -2
100
AcDbLine
 10
3049.914596724884
 20
944.1674136797036
 30
0.0
 11
3069.914596724884
 21
944.1674136797036
 31
0.0
  0
LINE
  5
160E
330
1203
100
AcDbEntity
  8
OLCU (BEYKENT)
 62
     0
440
 16777216
370
    -2
100
AcDbLine
 10
3066.914596724884
 20
941.1674136797037
 30
0.0
 11
3072.914596724884
 21
947.1674136797037
 31
0.0
  0
LINE
  5
160F
330
1203
100
AcDbEntity
  8
OLCU (BEYKENT)
 62
     0
440
 16777216
370
    -2
100
AcDbLine
 10
3046.914596724884
 20
941.1674136797037
 30
0.0
 11
3052.914596724884
 21
947.1674136797037
 31
0.0
  0
MTEXT
  5
1610
330
1203
100
AcDbEntity
  8
OLCU (BEYKENT)
 62
     7
440
 16777216
370
    20
100
AcDbMText
 10
3059.914596724884
 20
952.2912101033625
 30
0.0
 40
12.0
 41
0.0
 46
0.0
 71
     5
 72
     1
  1
\A1;20
  7
YAZI (BEYKENT)
 73
     1
 44
1.0
  0
POINT
  5
1611
330
1203
100
AcDbEntity
  8
Defpoints
 62
     0
440
 16777216
100
AcDbPoint
 10
3049.914596724884
 20
924.1674136797037
 30
0.0
  0
POINT
  5
1612
330
1203
100
AcDbEntity
  8
Defpoints
 62
     0
440
 16777216
100
AcDbPoint
 10
3069.914596724884
 20
924.1674136797037
 30
0.0
  0
POINT
  5
1613
330
1203
100
AcDbEntity
  8
Defpoints
 62
     0
440
 16777216
100
AcDbPoint
 10
3069.914596724884
 20
944.1674136797036
 30
0.0
  0
ENDBLK
  5
1205
330
1203
100
AcDbEntity
  8
0
100
AcDbBlockEnd
  0
BLOCK
  5
1210
330
120F
100
AcDbEntity
  8
0
100
AcDbBlockBegin
  2
*D136
 70
     1
 10
0.0
 20
0.0
 30
0.0
  3
*D136
  1

  0
LINE
  5
1614
330
120F
100
AcDbEntity
  8
OLCU (BEYKENT)
 62
     0
440
 16777216
370
    -2
100
AcDbLine
 10
3069.914596724884
 20
927.1674136797036
 30
0.0
 11
3069.914596724884
 21
944.3474136797036
 31
0.0
  0
LINE
  5
1615
330
120F
100
AcDbEntity
  8
OLCU (BEYKENT)
 62
     0
440
 16777216
370
    -2
100
AcDbLine
 10
3109.914596724884
 20
927.1674136797036
 30
0.0
 11
3109.914596724884
 21
944.3474136797036
 31
0.0
  0
LINE
  5
1616
330
120F
100
AcDbEntity
  8
OLCU (BEYKENT)
 62
     0
440
 16777216
370
    -2
100
AcDbLine
 10
3069.914596724884
 20
944.1674136797036
 30
0.0
 11
3109.914596724884
 21
944.1674136797036
 31
0.0
  0
LINE
  5
1617
330
120F
100
AcDbEntity
  8
OLCU (BEYKENT)
 62
     0
440
 16777216
370
    -2
100
AcDbLine
 10
3106.914596724884
 20
941.1674136797037
 30
0.0
 11
3112.914596724885
 21
947.1674136797037
 31
0.0
  0
LINE
  5
1618
330
120F
100
AcDbEntity
  8
OLCU (BEYKENT)
 62
     0
440
 16777216
370
    -2
100
AcDbLine
 10
3066.914596724884
 20
941.1674136797037
 30
0.0
 11
3072.914596724884
 21
947.1674136797037
 31
0.0
  0
MTEXT
  5
1619
330
120F
100
AcDbEntity
  8
OLCU (BEYKENT)
 62
     7
440
 16777216
370
    20
100
AcDbMText
 10
3089.914596724884
 20
952.2912101033625
 30
0.0
 40
12.0
 41
0.0
 46
0.0
 71
     5
 72
     1
  1
\A1;40
  7
YAZI (BEYKENT)
 73
     1
 44
1.0
  0
POINT
  5
161A
330
120F
100
AcDbEntity
  8
Defpoints
 62
     0
440
 16777216
100
AcDbPoint
 10
3069.914596724884
 20
924.1674136797037
 30
0.0
  0
POINT
  5
161B
330
120F
100
AcDbEntity
  8
Defpoints
 62
     0
440
 16777216
100
AcDbPoint
 10
3109.914596724884
 20
924.1674136797037
 30
0.0
  0
POINT
  5
161C
330
120F
100
AcDbEntity
  8
Defpoints
 62
     0
440
 16777216
100
AcDbPoint
 10
3109.914596724884
 20
944.1674136797036
 30
0.0
  0
ENDBLK
  5
1211
330
120F
100
AcDbEntity
  8
0
100
AcDbBlockEnd
  0
BLOCK
  5
121C
330
121B
100
AcDbEntity
  8
0
100
AcDbBlockBegin
  2
*D137
 70
     1
 10
0.0
 20
0.0
 30
0.0
  3
*D137
  1

  0
LINE
  5
161D
330
121B
100
AcDbEntity
  8
OLCU (BEYKENT)
 62
     0
440
 16777216
370
    -2
100
AcDbLine
 10
3049.914596724884
 20
927.1674136797036
 30
0.0
 11
3049.914596724884
 21
964.3474136797037
 31
0.0
  0
LINE
  5
161E
330
121B
100
AcDbEntity
  8
OLCU (BEYKENT)
 62
     0
440
 16777216
370
    -2
100
AcDbLine
 10
3109.914596724884
 20
927.1674136797036
 30
0.0
 11
3109.914596724884
 21
964.3474136797037
 31
0.0
  0
LINE
  5
161F
330
121B
100
AcDbEntity
  8
OLCU (BEYKENT)
 62
     0
440
 16777216
370
    -2
100
AcDbLine
 10
3049.914596724884
 20
964.1674136797037
 30
0.0
 11
3109.914596724884
 21
964.1674136797037
 31
0.0
  0
LINE
  5
1620
330
121B
100
AcDbEntity
  8
OLCU (BEYKENT)
 62
     0
440
 16777216
370
    -2
100
AcDbLine
 10
3106.914596724884
 20
961.1674136797036
 30
0.0
 11
3112.914596724885
 21
967.1674136797037
 31
0.0
  0
LINE
  5
1621
330
121B
100
AcDbEntity
  8
OLCU (BEYKENT)
 62
     0
440
 16777216
370
    -2
100
AcDbLine
 10
3046.914596724884
 20
961.1674136797036
 30
0.0
 11
3052.914596724884
 21
967.1674136797037
 31
0.0
  0
MTEXT
  5
1622
330
121B
100
AcDbEntity
  8
OLCU (BEYKENT)
 62
     7
440
 16777216
370
    20
100
AcDbMText
 10
3079.914596724885
 20
972.2912101033626
 30
0.0
 40
12.0
 41
0.0
 46
0.0
 71
     5
 72
     1
  1
\A1;60
  7
YAZI (BEYKENT)
 73
     1
 44
1.0
  0
POINT
  5
1623
330
121B
100
AcDbEntity
  8
Defpoints
 62
     0
440
 16777216
100
AcDbPoint
 10
3049.914596724884
 20
924.1674136797037
 30
0.0
  0
POINT
  5
1624
330
121B
100
AcDbEntity
  8
Defpoints
 62
     0
440
 16777216
100
AcDbPoint
 10
3109.914596724884
 20
924.1674136797037
 30
0.0
  0
POINT
  5
1625
330
121B
100
AcDbEntity
  8
Defpoints
 62
     0
440
 16777216
100
AcDbPoint
 10
3109.914596724884
 20
964.1674136797037
 30
0.0
  0
ENDBLK
  5
121D
330
121B
100
AcDbEntity
  8
0
100
AcDbBlockEnd
  0
BLOCK
  5
1228
330
1227
100
AcDbEntity
  8
0
100
AcDbBlockBegin
  2
*D138
 70
     1
 10
0.0
 20
0.0
 30
0.0
  3
*D138
  1

  0
LINE
  5
1626
330
1227
100
AcDbEntity
  8
OLCU (BEYKENT)
 62
     0
440
 16777216
370
    -2
100
AcDbLine
 10
3049.914596724884
 20
3121.167413679704
 30
0.0
 11
3049.914596724884
 21
3103.987413679704
 31
0.0
  0
LINE
  5
1627
330
1227
100
AcDbEntity
  8
OLCU (BEYKENT)
 62
     0
440
 16777216
370
    -2
100
AcDbLine
 10
3069.914596724884
 20
3121.167413679704
 30
0.0
 11
3069.914596724884
 21
3103.987413679704
 31
0.0
  0
LINE
  5
1628
330
1227
100
AcDbEntity
  8
OLCU (BEYKENT)
 62
     0
440
 16777216
370
    -2
100
AcDbLine
 10
3049.914596724884
 20
3104.167413679704
 30
0.0
 11
3069.914596724884
 21
3104.167413679704
 31
0.0
  0
LINE
  5
1629
330
1227
100
AcDbEntity
  8
OLCU (BEYKENT)
 62
     0
440
 16777216
370
    -2
100
AcDbLine
 10
3066.914596724884
 20
3101.167413679704
 30
0.0
 11
3072.914596724884
 21
3107.167413679704
 31
0.0
  0
LINE
  5
162A
330
1227
100
AcDbEntity
  8
OLCU (BEYKENT)
 62
     0
440
 16777216
370
    -2
100
AcDbLine
 10
3046.914596724884
 20
3101.167413679704
 30
0.0
 11
3052.914596724884
 21
3107.167413679704
 31
0.0
  0
MTEXT
  5
162B
330
1227
100
AcDbEntity
  8
OLCU (BEYKENT)
 62
     7
440
 16777216
370
    20
100
AcDbMText
 10
3059.914596724884
 20
3112.291210103363
 30
0.0
 40
12.0
 41
0.0
 46
0.0
 71
     5
 72
     1
  1
\A1;20
  7
YAZI (BEYKENT)
 73
     1
 44
1.0
  0
POINT
  5
162C
330
1227
100
AcDbEntity
  8
Defpoints
 62
     0
440
 16777216
100
AcDbPoint
 10
3049.914596724884
 20
3124.167413679704
 30
0.0
  0
POINT
  5
162D
330
1227
100
AcDbEntity
  8
Defpoints
 62
     0
440
 16777216
100
AcDbPoint
 10
3069.914596724884
 20
3124.167413679704
 30
0.0
  0
POINT
  5
162E
330
1227
100
AcDbEntity
  8
Defpoints
 62
     0
440
 16777216
100
AcDbPoint
 10
3069.914596724884
 20
3104.167413679704
 30
0.0
  0
ENDBLK
  5
1229
330
1227
100
AcDbEntity
  8
0
100
AcDbBlockEnd
  0
BLOCK
  5
1234
330
1233
100
AcDbEntity
  8
0
100
AcDbBlockBegin
  2
*D139
 70
     1
 10
0.0
 20
0.0
 30
0.0
  3
*D139
  1

  0
LINE
  5
162F
330
1233
100
AcDbEntity
  8
OLCU (BEYKENT)
 62
     0
440
 16777216
370
    -2
100
AcDbLine
 10
3049.914596724884
 20
2521.167413679704
 30
0.0
 11
3049.914596724884
 21
2503.987413679704
 31
0.0
  0
LINE
  5
1630
330
1233
100
AcDbEntity
  8
OLCU (BEYKENT)
 62
     0
440
 16777216
370
    -2
100
AcDbLine
 10
3069.914596724884
 20
2521.167413679704
 30
0.0
 11
3069.914596724884
 21
2503.987413679704
 31
0.0
  0
LINE
  5
1631
330
1233
100
AcDbEntity
  8
OLCU (BEYKENT)
 62
     0
440
 16777216
370
    -2
100
AcDbLine
 10
3049.914596724884
 20
2504.167413679704
 30
0.0
 11
3069.914596724884
 21
2504.167413679704
 31
0.0
  0
LINE
  5
1632
330
1233
100
AcDbEntity
  8
OLCU (BEYKENT)
 62
     0
440
 16777216
370
    -2
100
AcDbLine
 10
3066.914596724884
 20
2501.167413679704
 30
0.0
 11
3072.914596724884
 21
2507.167413679704
 31
0.0
  0
LINE
  5
1633
330
1233
100
AcDbEntity
  8
OLCU (BEYKENT)
 62
     0
440
 16777216
370
    -2
100
AcDbLine
 10
3046.914596724884
 20
2501.167413679704
 30
0.0
 11
3052.914596724884
 21
2507.167413679704
 31
0.0
  0
MTEXT
  5
1634
330
1233
100
AcDbEntity
  8
OLCU (BEYKENT)
 62
     7
440
 16777216
370
    20
100
AcDbMText
 10
3059.914596724884
 20
2512.291210103363
 30
0.0
 40
12.0
 41
0.0
 46
0.0
 71
     5
 72
     1
  1
\A1;20
  7
YAZI (BEYKENT)
 73
     1
 44
1.0
  0
POINT
  5
1635
330
1233
100
AcDbEntity
  8
Defpoints
 62
     0
440
 16777216
100
AcDbPoint
 10
3049.914596724884
 20
2524.167413679704
 30
0.0
  0
POINT
  5
1636
330
1233
100
AcDbEntity
  8
Defpoints
 62
     0
440
 16777216
100
AcDbPoint
 10
3069.914596724884
 20
2524.167413679704
 30
0.0
  0
POINT
  5
1637
330
1233
100
AcDbEntity
  8
Defpoints
 62
     0
440
 16777216
100
AcDbPoint
 10
3069.914596724884
 20
2504.167413679704
 30
0.0
  0
ENDBLK
  5
1235
330
1233
100
AcDbEntity
  8
0
100
AcDbBlockEnd
  0
BLOCK
  5
1240
330
123F
100
AcDbEntity
  8
0
100
AcDbBlockBegin
  2
*D140
 70
     1
 10
0.0
 20
0.0
 30
0.0
  3
*D140
  1

  0
LINE
  5
1638
330
123F
100
AcDbEntity
  8
OLCU (BEYKENT)
 62
     0
440
 16777216
370
    -2
100
AcDbLine
 10
3049.914596724884
 20
1921.167413679703
 30
0.0
 11
3049.914596724884
 21
1903.987413679703
 31
0.0
  0
LINE
  5
1639
330
123F
100
AcDbEntity
  8
OLCU (BEYKENT)
 62
     0
440
 16777216
370
    -2
100
AcDbLine
 10
3069.914596724884
 20
1921.167413679703
 30
0.0
 11
3069.914596724884
 21
1903.987413679703
 31
0.0
  0
LINE
  5
163A
330
123F
100
AcDbEntity
  8
OLCU (BEYKENT)
 62
     0
440
 16777216
370
    -2
100
AcDbLine
 10
3049.914596724884
 20
1904.167413679704
 30
0.0
 11
3069.914596724884
 21
1904.167413679704
 31
0.0
  0
LINE
  5
163B
330
123F
100
AcDbEntity
  8
OLCU (BEYKENT)
 62
     0
440
 16777216
370
    -2
100
AcDbLine
 10
3066.914596724884
 20
1901.167413679704
 30
0.0
 11
3072.914596724884
 21
1907.167413679704
 31
0.0
  0
LINE
  5
163C
330
123F
100
AcDbEntity
  8
OLCU (BEYKENT)
 62
     0
440
 16777216
370
    -2
100
AcDbLine
 10
3046.914596724884
 20
1901.167413679704
 30
0.0
 11
3052.914596724884
 21
1907.167413679704
 31
0.0
  0
MTEXT
  5
163D
330
123F
100
AcDbEntity
  8
OLCU (BEYKENT)
 62
     7
440
 16777216
370
    20
100
AcDbMText
 10
3059.914596724884
 20
1912.291210103363
 30
0.0
 40
12.0
 41
0.0
 46
0.0
 71
     5
 72
     1
  1
\A1;20
  7
YAZI (BEYKENT)
 73
     1
 44
1.0
  0
POINT
  5
163E
330
123F
100
AcDbEntity
  8
Defpoints
 62
     0
440
 16777216
100
AcDbPoint
 10
3049.914596724884
 20
1924.167413679704
 30
0.0
  0
POINT
  5
163F
330
123F
100
AcDbEntity
  8
Defpoints
 62
     0
440
 16777216
100
AcDbPoint
 10
3069.914596724884
 20
1924.167413679704
 30
0.0
  0
POINT
  5
1640
330
123F
100
AcDbEntity
  8
Defpoints
 62
     0
440
 16777216
100
AcDbPoint
 10
3069.914596724884
 20
1904.167413679704
 30
0.0
  0
ENDBLK
  5
1241
330
123F
100
AcDbEntity
  8
0
100
AcDbBlockEnd
  0
BLOCK
  5
124C
330
124B
100
AcDbEntity
  8
0
100
AcDbBlockBegin
  2
*D141
 70
     1
 10
0.0
 20
0.0
 30
0.0
  3
*D141
  1

  0
LINE
  5
1641
330
124B
100
AcDbEntity
  8
OLCU (BEYKENT)
 62
     0
440
 16777216
370
    -2
100
AcDbLine
 10
3049.914596724884
 20
1221.167413679704
 30
0.0
 11
3049.914596724884
 21
1203.987413679703
 31
0.0
  0
LINE
  5
1642
330
124B
100
AcDbEntity
  8
OLCU (BEYKENT)
 62
     0
440
 16777216
370
    -2
100
AcDbLine
 10
3069.914596724884
 20
1221.167413679704
 30
0.0
 11
3069.914596724884
 21
1203.987413679703
 31
0.0
  0
LINE
  5
1643
330
124B
100
AcDbEntity
  8
OLCU (BEYKENT)
 62
     0
440
 16777216
370
    -2
100
AcDbLine
 10
3049.914596724884
 20
1204.167413679704
 30
0.0
 11
3069.914596724884
 21
1204.167413679704
 31
0.0
  0
LINE
  5
1644
330
124B
100
AcDbEntity
  8
OLCU (BEYKENT)
 62
     0
440
 16777216
370
    -2
100
AcDbLine
 10
3066.914596724884
 20
1201.167413679703
 30
0.0
 11
3072.914596724884
 21
1207.167413679704
 31
0.0
  0
LINE
  5
1645
330
124B
100
AcDbEntity
  8
OLCU (BEYKENT)
 62
     0
440
 16777216
370
    -2
100
AcDbLine
 10
3046.914596724884
 20
1201.167413679703
 30
0.0
 11
3052.914596724884
 21
1207.167413679704
 31
0.0
  0
MTEXT
  5
1646
330
124B
100
AcDbEntity
  8
OLCU (BEYKENT)
 62
     7
440
 16777216
370
    20
100
AcDbMText
 10
3059.914596724884
 20
1212.291210103362
 30
0.0
 40
12.0
 41
0.0
 46
0.0
 71
     5
 72
     1
  1
\A1;20
  7
YAZI (BEYKENT)
 73
     1
 44
1.0
  0
POINT
  5
1647
330
124B
100
AcDbEntity
  8
Defpoints
 62
     0
440
 16777216
100
AcDbPoint
 10
3049.914596724884
 20
1224.167413679704
 30
0.0
  0
POINT
  5
1648
330
124B
100
AcDbEntity
  8
Defpoints
 62
     0
440
 16777216
100
AcDbPoint
 10
3069.914596724884
 20
1224.167413679704
 30
0.0
  0
POINT
  5
1649
330
124B
100
AcDbEntity
  8
Defpoints
 62
     0
440
 16777216
100
AcDbPoint
 10
3069.914596724884
 20
1204.167413679704
 30
0.0
  0
ENDBLK
  5
124D
330
124B
100
AcDbEntity
  8
0
100
AcDbBlockEnd
  0
BLOCK
  5
1258
330
1257
100
AcDbEntity
  8
0
100
AcDbBlockBegin
  2
*D142
 70
     1
 10
0.0
 20
0.0
 30
0.0
  3
*D142
  1

  0
LINE
  5
164A
330
1257
100
AcDbEntity
  8
AKS OLCU (BEYKENT)
 62
     0
440
 16777216
370
    -2
100
AcDbLine
 10
3499.914596724885
 20
3642.167413679703
 30
0.0
 11
3499.914596724885
 21
3639.347413679703
 31
0.0
  0
LINE
  5
164B
330
1257
100
AcDbEntity
  8
AKS OLCU (BEYKENT)
 62
     0
440
 16777216
370
    -2
100
AcDbLine
 10
8709.909947562882
 20
3642.167413679703
 30
0.0
 11
8709.909947562882
 21
3639.347413679703
 31
0.0
  0
LINE
  5
164C
330
1257
100
AcDbEntity
  8
AKS OLCU (BEYKENT)
 62
     0
440
 16777216
370
    -2
100
AcDbLine
 10
3499.914596724885
 20
3639.167413679703
 30
0.0
 11
8709.909947562882
 21
3639.167413679703
 31
0.0
  0
LINE
  5
164D
330
1257
100
AcDbEntity
  8
AKS OLCU (BEYKENT)
 62
     0
440
 16777216
370
    -2
100
AcDbLine
 10
8706.909947562882
 20
3636.167413679703
 30
0.0
 11
8712.909947562883
 21
3642.167413679703
 31
0.0
  0
LINE
  5
164E
330
1257
100
AcDbEntity
  8
AKS OLCU (BEYKENT)
 62
     0
440
 16777216
370
    -2
100
AcDbLine
 10
3496.914596724884
 20
3636.167413679703
 30
0.0
 11
3502.914596724885
 21
3642.167413679703
 31
0.0
  0
MTEXT
  5
164F
330
1257
100
AcDbEntity
  8
AKS OLCU (BEYKENT)
 62
     7
440
 16777216
100
AcDbMText
 10
6104.912272143883
 20
3647.291210103361
 30
0.0
 40
12.0
 41
0.0
 46
0.0
 71
     5
 72
     1
  1
\A1;5210
  7
YAZI (BEYKENT)
 73
     1
 44
1.0
  0
POINT
  5
1650
330
1257
100
AcDbEntity
  8
Defpoints
 62
     0
440
 16777216
100
AcDbPoint
 10
3499.914596724885
 20
3639.167413679703
 30
0.0
  0
POINT
  5
1651
330
1257
100
AcDbEntity
  8
Defpoints
 62
     0
440
 16777216
100
AcDbPoint
 10
8709.909947562882
 20
3639.167413679703
 30
0.0
  0
POINT
  5
1652
330
1257
100
AcDbEntity
  8
Defpoints
 62
     0
440
 16777216
100
AcDbPoint
 10
8709.909947562882
 20
3639.167413679703
 30
0.0
  0
ENDBLK
  5
1259
330
1257
100
AcDbEntity
  8
0
100
AcDbBlockEnd
  0
BLOCK
  5
1264
330
1263
100
AcDbEntity
  8
0
100
AcDbBlockBegin
  2
*D143
 70
     1
 10
0.0
 20
0.0
 30
0.0
  3
*D143
  1

  0
LINE
  5
1653
330
1263
100
AcDbEntity
  8
AKS OLCU (BEYKENT)
 62
     0
440
 16777216
370
    -2
100
AcDbLine
 10
3499.914596724885
 20
3622.167413679703
 30
0.0
 11
3499.914596724885
 21
3619.347413679703
 31
0.0
  0
LINE
  5
1654
330
1263
100
AcDbEntity
  8
AKS OLCU (BEYKENT)
 62
     0
440
 16777216
370
    -2
100
AcDbLine
 10
4369.909947562883
 20
3622.167413679703
 30
0.0
 11
4369.909947562883
 21
3619.347413679703
 31
0.0
  0
LINE
  5
1655
330
1263
100
AcDbEntity
  8
AKS OLCU (BEYKENT)
 62
     0
440
 16777216
370
    -2
100
AcDbLine
 10
3499.914596724885
 20
3619.167413679703
 30
0.0
 11
4369.909947562883
 21
3619.167413679703
 31
0.0
  0
LINE
  5
1656
330
1263
100
AcDbEntity
  8
AKS OLCU (BEYKENT)
 62
     0
440
 16777216
370
    -2
100
AcDbLine
 10
4366.909947562882
 20
3616.167413679703
 30
0.0
 11
4372.909947562883
 21
3622.167413679703
 31
0.0
  0
LINE
  5
1657
330
1263
100
AcDbEntity
  8
AKS OLCU (BEYKENT)
 62
     0
440
 16777216
370
    -2
100
AcDbLine
 10
3496.914596724884
 20
3616.167413679703
 30
0.0
 11
3502.914596724885
 21
3622.167413679703
 31
0.0
  0
MTEXT
  5
1658
330
1263
100
AcDbEntity
  8
AKS OLCU (BEYKENT)
 62
     7
440
 16777216
100
AcDbMText
 10
3934.912272143884
 20
3627.291210103362
 30
0.0
 40
12.0
 41
0.0
 46
0.0
 71
     5
 72
     1
  1
\A1;870
  7
YAZI (BEYKENT)
 73
     1
 44
1.0
  0
POINT
  5
1659
330
1263
100
AcDbEntity
  8
Defpoints
 62
     0
440
 16777216
100
AcDbPoint
 10
3499.914596724885
 20
3619.167413679703
 30
0.0
  0
POINT
  5
165A
330
1263
100
AcDbEntity
  8
Defpoints
 62
     0
440
 16777216
100
AcDbPoint
 10
4369.909947562883
 20
3619.167413679703
 30
0.0
  0
POINT
  5
165B
330
1263
100
AcDbEntity
  8
Defpoints
 62
     0
440
 16777216
100
AcDbPoint
 10
4369.909947562883
 20
3619.167413679703
 30
0.0
  0
ENDBLK
  5
1265
330
1263
100
AcDbEntity
  8
0
100
AcDbBlockEnd
  0
BLOCK
  5
1270
330
126F
100
AcDbEntity
  8
0
100
AcDbBlockBegin
  2
*D144
 70
     1
 10
0.0
 20
0.0
 30
0.0
  3
*D144
  1

  0
LINE
  5
165C
330
126F
100
AcDbEntity
  8
AKS OLCU (BEYKENT)
 62
     0
440
 16777216
370
    -2
100
AcDbLine
 10
4369.909947562883
 20
3622.167413679703
 30
0.0
 11
4369.909947562883
 21
3619.347413679703
 31
0.0
  0
LINE
  5
165D
330
126F
100
AcDbEntity
  8
AKS OLCU (BEYKENT)
 62
     0
440
 16777216
370
    -2
100
AcDbLine
 10
4739.909947562883
 20
3622.167413679703
 30
0.0
 11
4739.909947562883
 21
3619.347413679703
 31
0.0
  0
LINE
  5
165E
330
126F
100
AcDbEntity
  8
AKS OLCU (BEYKENT)
 62
     0
440
 16777216
370
    -2
100
AcDbLine
 10
4369.909947562883
 20
3619.167413679703
 30
0.0
 11
4739.909947562883
 21
3619.167413679703
 31
0.0
  0
LINE
  5
165F
330
126F
100
AcDbEntity
  8
AKS OLCU (BEYKENT)
 62
     0
440
 16777216
370
    -2
100
AcDbLine
 10
4736.909947562883
 20
3616.167413679703
 30
0.0
 11
4742.909947562883
 21
3622.167413679703
 31
0.0
  0
LINE
  5
1660
330
126F
100
AcDbEntity
  8
AKS OLCU (BEYKENT)
 62
     0
440
 16777216
370
    -2
100
AcDbLine
 10
4366.909947562882
 20
3616.167413679703
 30
0.0
 11
4372.909947562883
 21
3622.167413679703
 31
0.0
  0
MTEXT
  5
1661
330
126F
100
AcDbEntity
  8
AKS OLCU (BEYKENT)
 62
     7
440
 16777216
100
AcDbMText
 10
4554.909947562882
 20
3627.291210103362
 30
0.0
 40
12.0
 41
0.0
 46
0.0
 71
     5
 72
     1
  1
\A1;370
  7
YAZI (BEYKENT)
 73
     1
 44
1.0
  0
POINT
  5
1662
330
126F
100
AcDbEntity
  8
Defpoints
 62
     0
440
 16777216
100
AcDbPoint
 10
4369.909947562883
 20
3619.167413679703
 30
0.0
  0
POINT
  5
1663
330
126F
100
AcDbEntity
  8
Defpoints
 62
     0
440
 16777216
100
AcDbPoint
 10
4739.909947562883
 20
3619.167413679703
 30
0.0
  0
POINT
  5
1664
330
126F
100
AcDbEntity
  8
Defpoints
 62
     0
440
 16777216
100
AcDbPoint
 10
4739.909947562883
 20
3619.167413679703
 30
0.0
  0
ENDBLK
  5
1271
330
126F
100
AcDbEntity
  8
0
100
AcDbBlockEnd
  0
BLOCK
  5
127C
330
127B
100
AcDbEntity
  8
0
100
AcDbBlockBegin
  2
*D145
 70
     1
 10
0.0
 20
0.0
 30
0.0
  3
*D145
  1

  0
LINE
  5
1665
330
127B
100
AcDbEntity
  8
AKS OLCU (BEYKENT)
 62
     0
440
 16777216
370
    -2
100
AcDbLine
 10
4739.909947562883
 20
3622.167413679703
 30
0.0
 11
4739.909947562883
 21
3619.347413679703
 31
0.0
  0
LINE
  5
1666
330
127B
100
AcDbEntity
  8
AKS OLCU (BEYKENT)
 62
     0
440
 16777216
370
    -2
100
AcDbLine
 10
5024.909947562883
 20
3622.167413679703
 30
0.0
 11
5024.909947562883
 21
3619.347413679703
 31
0.0
  0
LINE
  5
1667
330
127B
100
AcDbEntity
  8
AKS OLCU (BEYKENT)
 62
     0
440
 16777216
370
    -2
100
AcDbLine
 10
4739.909947562883
 20
3619.167413679703
 30
0.0
 11
5024.909947562883
 21
3619.167413679703
 31
0.0
  0
LINE
  5
1668
330
127B
100
AcDbEntity
  8
AKS OLCU (BEYKENT)
 62
     0
440
 16777216
370
    -2
100
AcDbLine
 10
5021.909947562883
 20
3616.167413679703
 30
0.0
 11
5027.909947562882
 21
3622.167413679703
 31
0.0
  0
LINE
  5
1669
330
127B
100
AcDbEntity
  8
AKS OLCU (BEYKENT)
 62
     0
440
 16777216
370
    -2
100
AcDbLine
 10
4736.909947562883
 20
3616.167413679703
 30
0.0
 11
4742.909947562883
 21
3622.167413679703
 31
0.0
  0
MTEXT
  5
166A
330
127B
100
AcDbEntity
  8
AKS OLCU (BEYKENT)
 62
     7
440
 16777216
100
AcDbMText
 10
4882.409947562883
 20
3627.291210103362
 30
0.0
 40
12.0
 41
0.0
 46
0.0
 71
     5
 72
     1
  1
\A1;285
  7
YAZI (BEYKENT)
 73
     1
 44
1.0
  0
POINT
  5
166B
330
127B
100
AcDbEntity
  8
Defpoints
 62
     0
440
 16777216
100
AcDbPoint
 10
4739.909947562883
 20
3619.167413679703
 30
0.0
  0
POINT
  5
166C
330
127B
100
AcDbEntity
  8
Defpoints
 62
     0
440
 16777216
100
AcDbPoint
 10
5024.909947562883
 20
3619.167413679703
 30
0.0
  0
POINT
  5
166D
330
127B
100
AcDbEntity
  8
Defpoints
 62
     0
440
 16777216
100
AcDbPoint
 10
5024.909947562883
 20
3619.167413679703
 30
0.0
  0
ENDBLK
  5
127D
330
127B
100
AcDbEntity
  8
0
100
AcDbBlockEnd
  0
BLOCK
  5
1288
330
1287
100
AcDbEntity
  8
0
100
AcDbBlockBegin
  2
*D146
 70
     1
 10
0.0
 20
0.0
 30
0.0
  3
*D146
  1

  0
LINE
  5
166E
330
1287
100
AcDbEntity
  8
AKS OLCU (BEYKENT)
 62
     0
440
 16777216
370
    -2
100
AcDbLine
 10
5024.909947562883
 20
3622.167413679703
 30
0.0
 11
5024.909947562883
 21
3619.347413679703
 31
0.0
  0
LINE
  5
166F
330
1287
100
AcDbEntity
  8
AKS OLCU (BEYKENT)
 62
     0
440
 16777216
370
    -2
100
AcDbLine
 10
5679.909947562883
 20
3622.167413679703
 30
0.0
 11
5679.909947562883
 21
3619.347413679703
 31
0.0
  0
LINE
  5
1670
330
1287
100
AcDbEntity
  8
AKS OLCU (BEYKENT)
 62
     0
440
 16777216
370
    -2
100
AcDbLine
 10
5024.909947562883
 20
3619.167413679703
 30
0.0
 11
5679.909947562883
 21
3619.167413679703
 31
0.0
  0
LINE
  5
1671
330
1287
100
AcDbEntity
  8
AKS OLCU (BEYKENT)
 62
     0
440
 16777216
370
    -2
100
AcDbLine
 10
5676.909947562883
 20
3616.167413679703
 30
0.0
 11
5682.909947562883
 21
3622.167413679703
 31
0.0
  0
LINE
  5
1672
330
1287
100
AcDbEntity
  8
AKS OLCU (BEYKENT)
 62
     0
440
 16777216
370
    -2
100
AcDbLine
 10
5021.909947562883
 20
3616.167413679703
 30
0.0
 11
5027.909947562882
 21
3622.167413679703
 31
0.0
  0
MTEXT
  5
1673
330
1287
100
AcDbEntity
  8
AKS OLCU (BEYKENT)
 62
     7
440
 16777216
100
AcDbMText
 10
5352.409947562883
 20
3627.229311891532
 30
0.0
 40
12.0
 41
0.0
 46
0.0
 71
     5
 72
     1
  1
\A1;655
  7
YAZI (BEYKENT)
 73
     1
 44
1.0
  0
POINT
  5
1674
330
1287
100
AcDbEntity
  8
Defpoints
 62
     0
440
 16777216
100
AcDbPoint
 10
5024.909947562883
 20
3619.167413679703
 30
0.0
  0
POINT
  5
1675
330
1287
100
AcDbEntity
  8
Defpoints
 62
     0
440
 16777216
100
AcDbPoint
 10
5679.909947562883
 20
3619.167413679703
 30
0.0
  0
POINT
  5
1676
330
1287
100
AcDbEntity
  8
Defpoints
 62
     0
440
 16777216
100
AcDbPoint
 10
5679.909947562883
 20
3619.167413679703
 30
0.0
  0
ENDBLK
  5
1289
330
1287
100
AcDbEntity
  8
0
100
AcDbBlockEnd
  0
BLOCK
  5
1294
330
1293
100
AcDbEntity
  8
0
100
AcDbBlockBegin
  2
*D147
 70
     1
 10
0.0
 20
0.0
 30
0.0
  3
*D147
  1

  0
LINE
  5
1677
330
1293
100
AcDbEntity
  8
AKS OLCU (BEYKENT)
 62
     0
440
 16777216
370
    -2
100
AcDbLine
 10
5679.909947562883
 20
3622.167413679703
 30
0.0
 11
5679.909947562883
 21
3619.347413679703
 31
0.0
  0
LINE
  5
1678
330
1293
100
AcDbEntity
  8
AKS OLCU (BEYKENT)
 62
     0
440
 16777216
370
    -2
100
AcDbLine
 10
5869.909947562883
 20
3622.167413679703
 30
0.0
 11
5869.909947562883
 21
3619.347413679703
 31
0.0
  0
LINE
  5
1679
330
1293
100
AcDbEntity
  8
AKS OLCU (BEYKENT)
 62
     0
440
 16777216
370
    -2
100
AcDbLine
 10
5679.909947562883
 20
3619.167413679703
 30
0.0
 11
5869.909947562883
 21
3619.167413679703
 31
0.0
  0
LINE
  5
167A
330
1293
100
AcDbEntity
  8
AKS OLCU (BEYKENT)
 62
     0
440
 16777216
370
    -2
100
AcDbLine
 10
5866.909947562882
 20
3616.167413679703
 30
0.0
 11
5872.909947562883
 21
3622.167413679703
 31
0.0
  0
LINE
  5
167B
330
1293
100
AcDbEntity
  8
AKS OLCU (BEYKENT)
 62
     0
440
 16777216
370
    -2
100
AcDbLine
 10
5676.909947562883
 20
3616.167413679703
 30
0.0
 11
5682.909947562883
 21
3622.167413679703
 31
0.0
  0
MTEXT
  5
167C
330
1293
100
AcDbEntity
  8
AKS OLCU (BEYKENT)
 62
     7
440
 16777216
100
AcDbMText
 10
5774.909947562883
 20
3627.291210103362
 30
0.0
 40
12.0
 41
0.0
 46
0.0
 71
     5
 72
     1
  1
\A1;190
  7
YAZI (BEYKENT)
 73
     1
 44
1.0
  0
POINT
  5
167D
330
1293
100
AcDbEntity
  8
Defpoints
 62
     0
440
 16777216
100
AcDbPoint
 10
5679.909947562883
 20
3619.167413679703
 30
0.0
  0
POINT
  5
167E
330
1293
100
AcDbEntity
  8
Defpoints
 62
     0
440
 16777216
100
AcDbPoint
 10
5869.909947562883
 20
3619.167413679703
 30
0.0
  0
POINT
  5
167F
330
1293
100
AcDbEntity
  8
Defpoints
 62
     0
440
 16777216
100
AcDbPoint
 10
5869.909947562883
 20
3619.167413679703
 30
0.0
  0
ENDBLK
  5
1295
330
1293
100
AcDbEntity
  8
0
100
AcDbBlockEnd
  0
BLOCK
  5
12A0
330
129F
100
AcDbEntity
  8
0
100
AcDbBlockBegin
  2
*D148
 70
     1
 10
0.0
 20
0.0
 30
0.0
  3
*D148
  1

  0
LINE
  5
1680
330
129F
100
AcDbEntity
  8
AKS OLCU (BEYKENT)
 62
     0
440
 16777216
370
    -2
100
AcDbLine
 10
5869.909947562883
 20
3622.167413679703
 30
0.0
 11
5869.909947562883
 21
3619.347413679703
 31
0.0
  0
LINE
  5
1681
330
129F
100
AcDbEntity
  8
AKS OLCU (BEYKENT)
 62
     0
440
 16777216
370
    -2
100
AcDbLine
 10
6049.909947562883
 20
3622.167413679703
 30
0.0
 11
6049.909947562883
 21
3619.347413679703
 31
0.0
  0
LINE
  5
1682
330
129F
100
AcDbEntity
  8
AKS OLCU (BEYKENT)
 62
     0
440
 16777216
370
    -2
100
AcDbLine
 10
5869.909947562883
 20
3619.167413679703
 30
0.0
 11
6049.909947562883
 21
3619.167413679703
 31
0.0
  0
LINE
  5
1683
330
129F
100
AcDbEntity
  8
AKS OLCU (BEYKENT)
 62
     0
440
 16777216
370
    -2
100
AcDbLine
 10
6046.909947562883
 20
3616.167413679703
 30
0.0
 11
6052.909947562882
 21
3622.167413679703
 31
0.0
  0
LINE
  5
1684
330
129F
100
AcDbEntity
  8
AKS OLCU (BEYKENT)
 62
     0
440
 16777216
370
    -2
100
AcDbLine
 10
5866.909947562882
 20
3616.167413679703
 30
0.0
 11
5872.909947562883
 21
3622.167413679703
 31
0.0
  0
MTEXT
  5
1685
330
129F
100
AcDbEntity
  8
AKS OLCU (BEYKENT)
 62
     7
440
 16777216
100
AcDbMText
 10
5959.909947562882
 20
3627.291210103362
 30
0.0
 40
12.0
 41
0.0
 46
0.0
 71
     5
 72
     1
  1
\A1;180
  7
YAZI (BEYKENT)
 73
     1
 44
1.0
  0
POINT
  5
1686
330
129F
100
AcDbEntity
  8
Defpoints
 62
     0
440
 16777216
100
AcDbPoint
 10
5869.909947562883
 20
3619.167413679703
 30
0.0
  0
POINT
  5
1687
330
129F
100
AcDbEntity
  8
Defpoints
 62
     0
440
 16777216
100
AcDbPoint
 10
6049.909947562883
 20
3619.167413679703
 30
0.0
  0
POINT
  5
1688
330
129F
100
AcDbEntity
  8
Defpoints
 62
     0
440
 16777216
100
AcDbPoint
 10
6049.909947562883
 20
3619.167413679703
 30
0.0
  0
ENDBLK
  5
12A1
330
129F
100
AcDbEntity
  8
0
100
AcDbBlockEnd
  0
BLOCK
  5
12AC
330
12AB
100
AcDbEntity
  8
0
100
AcDbBlockBegin
  2
*D149
 70
     1
 10
0.0
 20
0.0
 30
0.0
  3
*D149
  1

  0
LINE
  5
1689
330
12AB
100
AcDbEntity
  8
AKS OLCU (BEYKENT)
 62
     0
440
 16777216
370
    -2
100
AcDbLine
 10
6049.909947562883
 20
3622.167413679703
 30
0.0
 11
6049.909947562883
 21
3619.347413679703
 31
0.0
  0
LINE
  5
168A
330
12AB
100
AcDbEntity
  8
AKS OLCU (BEYKENT)
 62
     0
440
 16777216
370
    -2
100
AcDbLine
 10
6239.909947562883
 20
3622.167413679703
 30
0.0
 11
6239.909947562883
 21
3619.347413679703
 31
0.0
  0
LINE
  5
168B
330
12AB
100
AcDbEntity
  8
AKS OLCU (BEYKENT)
 62
     0
440
 16777216
370
    -2
100
AcDbLine
 10
6049.909947562883
 20
3619.167413679703
 30
0.0
 11
6239.909947562883
 21
3619.167413679703
 31
0.0
  0
LINE
  5
168C
330
12AB
100
AcDbEntity
  8
AKS OLCU (BEYKENT)
 62
     0
440
 16777216
370
    -2
100
AcDbLine
 10
6236.909947562883
 20
3616.167413679703
 30
0.0
 11
6242.909947562883
 21
3622.167413679703
 31
0.0
  0
LINE
  5
168D
330
12AB
100
AcDbEntity
  8
AKS OLCU (BEYKENT)
 62
     0
440
 16777216
370
    -2
100
AcDbLine
 10
6046.909947562883
 20
3616.167413679703
 30
0.0
 11
6052.909947562882
 21
3622.167413679703
 31
0.0
  0
MTEXT
  5
168E
330
12AB
100
AcDbEntity
  8
AKS OLCU (BEYKENT)
 62
     7
440
 16777216
100
AcDbMText
 10
6144.909947562883
 20
3627.291210103362
 30
0.0
 40
12.0
 41
0.0
 46
0.0
 71
     5
 72
     1
  1
\A1;190
  7
YAZI (BEYKENT)
 73
     1
 44
1.0
  0
POINT
  5
168F
330
12AB
100
AcDbEntity
  8
Defpoints
 62
     0
440
 16777216
100
AcDbPoint
 10
6049.909947562883
 20
3619.167413679703
 30
0.0
  0
POINT
  5
1690
330
12AB
100
AcDbEntity
  8
Defpoints
 62
     0
440
 16777216
100
AcDbPoint
 10
6239.909947562883
 20
3619.167413679703
 30
0.0
  0
POINT
  5
1691
330
12AB
100
AcDbEntity
  8
Defpoints
 62
     0
440
 16777216
100
AcDbPoint
 10
6239.909947562883
 20
3619.167413679703
 30
0.0
  0
ENDBLK
  5
12AD
330
12AB
100
AcDbEntity
  8
0
100
AcDbBlockEnd
  0
BLOCK
  5
12B8
330
12B7
100
AcDbEntity
  8
0
100
AcDbBlockBegin
  2
*D150
 70
     1
 10
0.0
 20
0.0
 30
0.0
  3
*D150
  1

  0
LINE
  5
1692
330
12B7
100
AcDbEntity
  8
AKS OLCU (BEYKENT)
 62
     0
440
 16777216
370
    -2
100
AcDbLine
 10
6239.909947562883
 20
3622.167413679703
 30
0.0
 11
6239.909947562883
 21
3619.347413679703
 31
0.0
  0
LINE
  5
1693
330
12B7
100
AcDbEntity
  8
AKS OLCU (BEYKENT)
 62
     0
440
 16777216
370
    -2
100
AcDbLine
 10
6609.909947562883
 20
3622.167413679703
 30
0.0
 11
6609.909947562883
 21
3619.347413679703
 31
0.0
  0
LINE
  5
1694
330
12B7
100
AcDbEntity
  8
AKS OLCU (BEYKENT)
 62
     0
440
 16777216
370
    -2
100
AcDbLine
 10
6239.909947562883
 20
3619.167413679703
 30
0.0
 11
6609.909947562883
 21
3619.167413679703
 31
0.0
  0
LINE
  5
1695
330
12B7
100
AcDbEntity
  8
AKS OLCU (BEYKENT)
 62
     0
440
 16777216
370
    -2
100
AcDbLine
 10
6606.909947562883
 20
3616.167413679703
 30
0.0
 11
6612.909947562883
 21
3622.167413679703
 31
0.0
  0
LINE
  5
1696
330
12B7
100
AcDbEntity
  8
AKS OLCU (BEYKENT)
 62
     0
440
 16777216
370
    -2
100
AcDbLine
 10
6236.909947562883
 20
3616.167413679703
 30
0.0
 11
6242.909947562883
 21
3622.167413679703
 31
0.0
  0
MTEXT
  5
1697
330
12B7
100
AcDbEntity
  8
AKS OLCU (BEYKENT)
 62
     7
440
 16777216
100
AcDbMText
 10
6424.909947562882
 20
3627.291210103362
 30
0.0
 40
12.0
 41
0.0
 46
0.0
 71
     5
 72
     1
  1
\A1;370
  7
YAZI (BEYKENT)
 73
     1
 44
1.0
  0
POINT
  5
1698
330
12B7
100
AcDbEntity
  8
Defpoints
 62
     0
440
 16777216
100
AcDbPoint
 10
6239.909947562883
 20
3619.167413679703
 30
0.0
  0
POINT
  5
1699
330
12B7
100
AcDbEntity
  8
Defpoints
 62
     0
440
 16777216
100
AcDbPoint
 10
6609.909947562883
 20
3619.167413679703
 30
0.0
  0
POINT
  5
169A
330
12B7
100
AcDbEntity
  8
Defpoints
 62
     0
440
 16777216
100
AcDbPoint
 10
6609.909947562883
 20
3619.167413679703
 30
0.0
  0
ENDBLK
  5
12B9
330
12B7
100
AcDbEntity
  8
0
100
AcDbBlockEnd
  0
BLOCK
  5
12C4
330
12C3
100
AcDbEntity
  8
0
100
AcDbBlockBegin
  2
*D151
 70
     1
 10
0.0
 20
0.0
 30
0.0
  3
*D151
  1

  0
LINE
  5
169B
330
12C3
100
AcDbEntity
  8
AKS OLCU (BEYKENT)
 62
     0
440
 16777216
370
    -2
100
AcDbLine
 10
6609.909947562883
 20
3622.167413679703
 30
0.0
 11
6609.909947562883
 21
3619.347413679703
 31
0.0
  0
LINE
  5
169C
330
12C3
100
AcDbEntity
  8
AKS OLCU (BEYKENT)
 62
     0
440
 16777216
370
    -2
100
AcDbLine
 10
6949.909947562883
 20
3622.167413679703
 30
0.0
 11
6949.909947562883
 21
3619.347413679703
 31
0.0
  0
LINE
  5
169D
330
12C3
100
AcDbEntity
  8
AKS OLCU (BEYKENT)
 62
     0
440
 16777216
370
    -2
100
AcDbLine
 10
6609.909947562883
 20
3619.167413679703
 30
0.0
 11
6949.909947562883
 21
3619.167413679703
 31
0.0
  0
LINE
  5
169E
330
12C3
100
AcDbEntity
  8
AKS OLCU (BEYKENT)
 62
     0
440
 16777216
370
    -2
100
AcDbLine
 10
6946.909947562883
 20
3616.167413679703
 30
0.0
 11
6952.909947562883
 21
3622.167413679703
 31
0.0
  0
LINE
  5
169F
330
12C3
100
AcDbEntity
  8
AKS OLCU (BEYKENT)
 62
     0
440
 16777216
370
    -2
100
AcDbLine
 10
6606.909947562883
 20
3616.167413679703
 30
0.0
 11
6612.909947562883
 21
3622.167413679703
 31
0.0
  0
MTEXT
  5
16A0
330
12C3
100
AcDbEntity
  8
AKS OLCU (BEYKENT)
 62
     7
440
 16777216
100
AcDbMText
 10
6779.909947562882
 20
3627.291210103362
 30
0.0
 40
12.0
 41
0.0
 46
0.0
 71
     5
 72
     1
  1
\A1;340
  7
YAZI (BEYKENT)
 73
     1
 44
1.0
  0
POINT
  5
16A1
330
12C3
100
AcDbEntity
  8
Defpoints
 62
     0
440
 16777216
100
AcDbPoint
 10
6609.909947562883
 20
3619.167413679703
 30
0.0
  0
POINT
  5
16A2
330
12C3
100
AcDbEntity
  8
Defpoints
 62
     0
440
 16777216
100
AcDbPoint
 10
6949.909947562883
 20
3619.167413679703
 30
0.0
  0
POINT
  5
16A3
330
12C3
100
AcDbEntity
  8
Defpoints
 62
     0
440
 16777216
100
AcDbPoint
 10
6949.909947562883
 20
3619.167413679703
 30
0.0
  0
ENDBLK
  5
12C5
330
12C3
100
AcDbEntity
  8
0
100
AcDbBlockEnd
  0
BLOCK
  5
12D0
330
12CF
100
AcDbEntity
  8
0
100
AcDbBlockBegin
  2
*D152
 70
     1
 10
0.0
 20
0.0
 30
0.0
  3
*D152
  1

  0
LINE
  5
16A4
330
12CF
100
AcDbEntity
  8
AKS OLCU (BEYKENT)
 62
     0
440
 16777216
370
    -2
100
AcDbLine
 10
6949.909947562883
 20
3622.167413679703
 30
0.0
 11
6949.909947562883
 21
3619.347413679703
 31
0.0
  0
LINE
  5
16A5
330
12CF
100
AcDbEntity
  8
AKS OLCU (BEYKENT)
 62
     0
440
 16777216
370
    -2
100
AcDbLine
 10
7099.909947562882
 20
3622.167413679703
 30
0.0
 11
7099.909947562882
 21
3619.347413679703
 31
0.0
  0
LINE
  5
16A6
330
12CF
100
AcDbEntity
  8
AKS OLCU (BEYKENT)
 62
     0
440
 16777216
370
    -2
100
AcDbLine
 10
6949.909947562883
 20
3619.167413679703
 30
0.0
 11
7099.909947562882
 21
3619.167413679703
 31
0.0
  0
LINE
  5
16A7
330
12CF
100
AcDbEntity
  8
AKS OLCU (BEYKENT)
 62
     0
440
 16777216
370
    -2
100
AcDbLine
 10
7096.909947562882
 20
3616.167413679703
 30
0.0
 11
7102.909947562882
 21
3622.167413679703
 31
0.0
  0
LINE
  5
16A8
330
12CF
100
AcDbEntity
  8
AKS OLCU (BEYKENT)
 62
     0
440
 16777216
370
    -2
100
AcDbLine
 10
6946.909947562883
 20
3616.167413679703
 30
0.0
 11
6952.909947562883
 21
3622.167413679703
 31
0.0
  0
MTEXT
  5
16A9
330
12CF
100
AcDbEntity
  8
AKS OLCU (BEYKENT)
 62
     7
440
 16777216
100
AcDbMText
 10
7024.909947562882
 20
3627.291210103362
 30
0.0
 40
12.0
 41
0.0
 46
0.0
 71
     5
 72
     1
  1
\A1;150
  7
YAZI (BEYKENT)
 73
     1
 44
1.0
  0
POINT
  5
16AA
330
12CF
100
AcDbEntity
  8
Defpoints
 62
     0
440
 16777216
100
AcDbPoint
 10
6949.909947562883
 20
3619.167413679703
 30
0.0
  0
POINT
  5
16AB
330
12CF
100
AcDbEntity
  8
Defpoints
 62
     0
440
 16777216
100
AcDbPoint
 10
7099.909947562882
 20
3619.167413679703
 30
0.0
  0
POINT
  5
16AC
330
12CF
100
AcDbEntity
  8
Defpoints
 62
     0
440
 16777216
100
AcDbPoint
 10
7099.909947562882
 20
3619.167413679703
 30
0.0
  0
ENDBLK
  5
12D1
330
12CF
100
AcDbEntity
  8
0
100
AcDbBlockEnd
  0
BLOCK
  5
12DC
330
12DB
100
AcDbEntity
  8
0
100
AcDbBlockBegin
  2
*D153
 70
     1
 10
0.0
 20
0.0
 30
0.0
  3
*D153
  1

  0
LINE
  5
16AD
330
12DB
100
AcDbEntity
  8
AKS OLCU (BEYKENT)
 62
     0
440
 16777216
370
    -2
100
AcDbLine
 10
7099.909947562882
 20
3622.167413679703
 30
0.0
 11
7099.909947562882
 21
3619.347413679703
 31
0.0
  0
LINE
  5
16AE
330
12DB
100
AcDbEntity
  8
AKS OLCU (BEYKENT)
 62
     0
440
 16777216
370
    -2
100
AcDbLine
 10
7574.909947562883
 20
3622.167413679703
 30
0.0
 11
7574.909947562883
 21
3619.347413679703
 31
0.0
  0
LINE
  5
16AF
330
12DB
100
AcDbEntity
  8
AKS OLCU (BEYKENT)
 62
     0
440
 16777216
370
    -2
100
AcDbLine
 10
7099.909947562882
 20
3619.167413679703
 30
0.0
 11
7574.909947562883
 21
3619.167413679703
 31
0.0
  0
LINE
  5
16B0
330
12DB
100
AcDbEntity
  8
AKS OLCU (BEYKENT)
 62
     0
440
 16777216
370
    -2
100
AcDbLine
 10
7571.909947562883
 20
3616.167413679703
 30
0.0
 11
7577.909947562883
 21
3622.167413679703
 31
0.0
  0
LINE
  5
16B1
330
12DB
100
AcDbEntity
  8
AKS OLCU (BEYKENT)
 62
     0
440
 16777216
370
    -2
100
AcDbLine
 10
7096.909947562882
 20
3616.167413679703
 30
0.0
 11
7102.909947562882
 21
3622.167413679703
 31
0.0
  0
MTEXT
  5
16B2
330
12DB
100
AcDbEntity
  8
AKS OLCU (BEYKENT)
 62
     7
440
 16777216
100
AcDbMText
 10
7337.409947562882
 20
3627.229311891532
 30
0.0
 40
12.0
 41
0.0
 46
0.0
 71
     5
 72
     1
  1
\A1;475
  7
YAZI (BEYKENT)
 73
     1
 44
1.0
  0
POINT
  5
16B3
330
12DB
100
AcDbEntity
  8
Defpoints
 62
     0
440
 16777216
100
AcDbPoint
 10
7099.909947562882
 20
3619.167413679703
 30
0.0
  0
POINT
  5
16B4
330
12DB
100
AcDbEntity
  8
Defpoints
 62
     0
440
 16777216
100
AcDbPoint
 10
7574.909947562883
 20
3619.167413679703
 30
0.0
  0
POINT
  5
16B5
330
12DB
100
AcDbEntity
  8
Defpoints
 62
     0
440
 16777216
100
AcDbPoint
 10
7574.909947562883
 20
3619.167413679703
 30
0.0
  0
ENDBLK
  5
12DD
330
12DB
100
AcDbEntity
  8
0
100
AcDbBlockEnd
  0
BLOCK
  5
12E8
330
12E7
100
AcDbEntity
  8
0
100
AcDbBlockBegin
  2
*D154
 70
     1
 10
0.0
 20
0.0
 30
0.0
  3
*D154
  1

  0
LINE
  5
16B6
330
12E7
100
AcDbEntity
  8
AKS OLCU (BEYKENT)
 62
     0
440
 16777216
370
    -2
100
AcDbLine
 10
7574.909947562883
 20
3622.167413679703
 30
0.0
 11
7574.909947562883
 21
3619.347413679703
 31
0.0
  0
LINE
  5
16B7
330
12E7
100
AcDbEntity
  8
AKS OLCU (BEYKENT)
 62
     0
440
 16777216
370
    -2
100
AcDbLine
 10
7919.909947562882
 20
3622.167413679703
 30
0.0
 11
7919.909947562882
 21
3619.347413679703
 31
0.0
  0
LINE
  5
16B8
330
12E7
100
AcDbEntity
  8
AKS OLCU (BEYKENT)
 62
     0
440
 16777216
370
    -2
100
AcDbLine
 10
7574.909947562883
 20
3619.167413679703
 30
0.0
 11
7919.909947562882
 21
3619.167413679703
 31
0.0
  0
LINE
  5
16B9
330
12E7
100
AcDbEntity
  8
AKS OLCU (BEYKENT)
 62
     0
440
 16777216
370
    -2
100
AcDbLine
 10
7916.909947562882
 20
3616.167413679703
 30
0.0
 11
7922.909947562883
 21
3622.167413679703
 31
0.0
  0
LINE
  5
16BA
330
12E7
100
AcDbEntity
  8
AKS OLCU (BEYKENT)
 62
     0
440
 16777216
370
    -2
100
AcDbLine
 10
7571.909947562883
 20
3616.167413679703
 30
0.0
 11
7577.909947562883
 21
3622.167413679703
 31
0.0
  0
MTEXT
  5
16BB
330
12E7
100
AcDbEntity
  8
AKS OLCU (BEYKENT)
 62
     7
440
 16777216
100
AcDbMText
 10
7747.409947562883
 20
3627.291210103362
 30
0.0
 40
12.0
 41
0.0
 46
0.0
 71
     5
 72
     1
  1
\A1;345
  7
YAZI (BEYKENT)
 73
     1
 44
1.0
  0
POINT
  5
16BC
330
12E7
100
AcDbEntity
  8
Defpoints
 62
     0
440
 16777216
100
AcDbPoint
 10
7574.909947562883
 20
3619.167413679703
 30
0.0
  0
POINT
  5
16BD
330
12E7
100
AcDbEntity
  8
Defpoints
 62
     0
440
 16777216
100
AcDbPoint
 10
7919.909947562882
 20
3619.167413679703
 30
0.0
  0
POINT
  5
16BE
330
12E7
100
AcDbEntity
  8
Defpoints
 62
     0
440
 16777216
100
AcDbPoint
 10
7919.909947562882
 20
3619.167413679703
 30
0.0
  0
ENDBLK
  5
12E9
330
12E7
100
AcDbEntity
  8
0
100
AcDbBlockEnd
  0
BLOCK
  5
12F4
330
12F3
100
AcDbEntity
  8
0
100
AcDbBlockBegin
  2
*D155
 70
     1
 10
0.0
 20
0.0
 30
0.0
  3
*D155
  1

  0
LINE
  5
16BF
330
12F3
100
AcDbEntity
  8
AKS OLCU (BEYKENT)
 62
     0
440
 16777216
370
    -2
100
AcDbLine
 10
7919.909947562882
 20
3622.167413679703
 30
0.0
 11
7919.909947562882
 21
3619.347413679703
 31
0.0
  0
LINE
  5
16C0
330
12F3
100
AcDbEntity
  8
AKS OLCU (BEYKENT)
 62
     0
440
 16777216
370
    -2
100
AcDbLine
 10
8229.909947562884
 20
3622.167413679703
 30
0.0
 11
8229.909947562884
 21
3619.347413679703
 31
0.0
  0
LINE
  5
16C1
330
12F3
100
AcDbEntity
  8
AKS OLCU (BEYKENT)
 62
     0
440
 16777216
370
    -2
100
AcDbLine
 10
7919.909947562882
 20
3619.167413679703
 30
0.0
 11
8229.909947562884
 21
3619.167413679703
 31
0.0
  0
LINE
  5
16C2
330
12F3
100
AcDbEntity
  8
AKS OLCU (BEYKENT)
 62
     0
440
 16777216
370
    -2
100
AcDbLine
 10
8226.909947562884
 20
3616.167413679703
 30
0.0
 11
8232.909947562882
 21
3622.167413679703
 31
0.0
  0
LINE
  5
16C3
330
12F3
100
AcDbEntity
  8
AKS OLCU (BEYKENT)
 62
     0
440
 16777216
370
    -2
100
AcDbLine
 10
7916.909947562882
 20
3616.167413679703
 30
0.0
 11
7922.909947562883
 21
3622.167413679703
 31
0.0
  0
MTEXT
  5
16C4
330
12F3
100
AcDbEntity
  8
AKS OLCU (BEYKENT)
 62
     7
440
 16777216
100
AcDbMText
 10
8074.909947562883
 20
3627.291210103362
 30
0.0
 40
12.0
 41
0.0
 46
0.0
 71
     5
 72
     1
  1
\A1;310
  7
YAZI (BEYKENT)
 73
     1
 44
1.0
  0
POINT
  5
16C5
330
12F3
100
AcDbEntity
  8
Defpoints
 62
     0
440
 16777216
100
AcDbPoint
 10
7919.909947562882
 20
3619.167413679703
 30
0.0
  0
POINT
  5
16C6
330
12F3
100
AcDbEntity
  8
Defpoints
 62
     0
440
 16777216
100
AcDbPoint
 10
8229.909947562884
 20
3619.167413679703
 30
0.0
  0
POINT
  5
16C7
330
12F3
100
AcDbEntity
  8
Defpoints
 62
     0
440
 16777216
100
AcDbPoint
 10
8229.909947562884
 20
3619.167413679703
 30
0.0
  0
ENDBLK
  5
12F5
330
12F3
100
AcDbEntity
  8
0
100
AcDbBlockEnd
  0
BLOCK
  5
1300
330
12FF
100
AcDbEntity
  8
0
100
AcDbBlockBegin
  2
*D156
 70
     1
 10
0.0
 20
0.0
 30
0.0
  3
*D156
  1

  0
LINE
  5
16C8
330
12FF
100
AcDbEntity
  8
AKS OLCU (BEYKENT)
 62
     0
440
 16777216
370
    -2
100
AcDbLine
 10
8229.909947562884
 20
3622.167413679703
 30
0.0
 11
8229.909947562884
 21
3619.347413679703
 31
0.0
  0
LINE
  5
16C9
330
12FF
100
AcDbEntity
  8
AKS OLCU (BEYKENT)
 62
     0
440
 16777216
370
    -2
100
AcDbLine
 10
8709.909947562882
 20
3622.167413679703
 30
0.0
 11
8709.909947562882
 21
3619.347413679703
 31
0.0
  0
LINE
  5
16CA
330
12FF
100
AcDbEntity
  8
AKS OLCU (BEYKENT)
 62
     0
440
 16777216
370
    -2
100
AcDbLine
 10
8229.909947562884
 20
3619.167413679703
 30
0.0
 11
8709.909947562882
 21
3619.167413679703
 31
0.0
  0
LINE
  5
16CB
330
12FF
100
AcDbEntity
  8
AKS OLCU (BEYKENT)
 62
     0
440
 16777216
370
    -2
100
AcDbLine
 10
8706.909947562882
 20
3616.167413679703
 30
0.0
 11
8712.909947562883
 21
3622.167413679703
 31
0.0
  0
LINE
  5
16CC
330
12FF
100
AcDbEntity
  8
AKS OLCU (BEYKENT)
 62
     0
440
 16777216
370
    -2
100
AcDbLine
 10
8226.909947562884
 20
3616.167413679703
 30
0.0
 11
8232.909947562882
 21
3622.167413679703
 31
0.0
  0
MTEXT
  5
16CD
330
12FF
100
AcDbEntity
  8
AKS OLCU (BEYKENT)
 62
     7
440
 16777216
100
AcDbMText
 10
8469.909947562882
 20
3627.291210103362
 30
0.0
 40
12.0
 41
0.0
 46
0.0
 71
     5
 72
     1
  1
\A1;480
  7
YAZI (BEYKENT)
 73
     1
 44
1.0
  0
POINT
  5
16CE
330
12FF
100
AcDbEntity
  8
Defpoints
 62
     0
440
 16777216
100
AcDbPoint
 10
8229.909947562884
 20
3619.167413679703
 30
0.0
  0
POINT
  5
16CF
330
12FF
100
AcDbEntity
  8
Defpoints
 62
     0
440
 16777216
100
AcDbPoint
 10
8709.909947562882
 20
3619.167413679703
 30
0.0
  0
POINT
  5
16D0
330
12FF
100
AcDbEntity
  8
Defpoints
 62
     0
440
 16777216
100
AcDbPoint
 10
8709.909947562882
 20
3619.167413679703
 30
0.0
  0
ENDBLK
  5
1301
330
12FF
100
AcDbEntity
  8
0
100
AcDbBlockEnd
  0
BLOCK
  5
130C
330
130B
100
AcDbEntity
  8
0
100
AcDbBlockBegin
  2
*D157
 70
     1
 10
0.0
 20
0.0
 30
0.0
  3
*D157
  1

  0
LINE
  5
16D1
330
130B
100
AcDbEntity
  8
AKS OLCU (BEYKENT)
 62
     0
440
 16777216
370
    -2
100
AcDbLine
 10
3499.914596724885
 20
712.1674136797028
 30
0.0
 11
3499.914596724885
 21
709.3474136797027
 31
0.0
  0
LINE
  5
16D2
330
130B
100
AcDbEntity
  8
AKS OLCU (BEYKENT)
 62
     0
440
 16777216
370
    -2
100
AcDbLine
 10
8709.909947562882
 20
712.1674136797028
 30
0.0
 11
8709.909947562882
 21
709.3474136797027
 31
0.0
  0
LINE
  5
16D3
330
130B
100
AcDbEntity
  8
AKS OLCU (BEYKENT)
 62
     0
440
 16777216
370
    -2
100
AcDbLine
 10
3499.914596724885
 20
709.1674136797028
 30
0.0
 11
8709.909947562882
 21
709.1674136797028
 31
0.0
  0
LINE
  5
16D4
330
130B
100
AcDbEntity
  8
AKS OLCU (BEYKENT)
 62
     0
440
 16777216
370
    -2
100
AcDbLine
 10
8706.909947562882
 20
706.1674136797027
 30
0.0
 11
8712.909947562883
 21
712.1674136797028
 31
0.0
  0
LINE
  5
16D5
330
130B
100
AcDbEntity
  8
AKS OLCU (BEYKENT)
 62
     0
440
 16777216
370
    -2
100
AcDbLine
 10
3496.914596724884
 20
706.1674136797027
 30
0.0
 11
3502.914596724885
 21
712.1674136797028
 31
0.0
  0
MTEXT
  5
16D6
330
130B
100
AcDbEntity
  8
AKS OLCU (BEYKENT)
 62
     7
440
 16777216
100
AcDbMText
 10
6104.912272143883
 20
717.2912101033617
 30
0.0
 40
12.0
 41
0.0
 46
0.0
 71
     5
 72
     1
  1
\A1;5210
  7
YAZI (BEYKENT)
 73
     1
 44
1.0
  0
POINT
  5
16D7
330
130B
100
AcDbEntity
  8
Defpoints
 62
     0
440
 16777216
100
AcDbPoint
 10
3499.914596724885
 20
709.1674136797028
 30
0.0
  0
POINT
  5
16D8
330
130B
100
AcDbEntity
  8
Defpoints
 62
     0
440
 16777216
100
AcDbPoint
 10
8709.909947562882
 20
709.1674136797028
 30
0.0
  0
POINT
  5
16D9
330
130B
100
AcDbEntity
  8
Defpoints
 62
     0
440
 16777216
100
AcDbPoint
 10
8709.909947562882
 20
709.1674136797028
 30
0.0
  0
ENDBLK
  5
130D
330
130B
100
AcDbEntity
  8
0
100
AcDbBlockEnd
  0
BLOCK
  5
1318
330
1317
100
AcDbEntity
  8
0
100
AcDbBlockBegin
  2
*D158
 70
     1
 10
0.0
 20
0.0
 30
0.0
  3
*D158
  1

  0
LINE
  5
16DA
330
1317
100
AcDbEntity
  8
AKS OLCU (BEYKENT)
 62
     0
440
 16777216
370
    -2
100
AcDbLine
 10
3499.914596724885
 20
732.1674136797028
 30
0.0
 11
3499.914596724885
 21
729.3474136797027
 31
0.0
  0
LINE
  5
16DB
330
1317
100
AcDbEntity
  8
AKS OLCU (BEYKENT)
 62
     0
440
 16777216
370
    -2
100
AcDbLine
 10
4369.909947562883
 20
732.1674136797028
 30
0.0
 11
4369.909947562883
 21
729.3474136797027
 31
0.0
  0
LINE
  5
16DC
330
1317
100
AcDbEntity
  8
AKS OLCU (BEYKENT)
 62
     0
440
 16777216
370
    -2
100
AcDbLine
 10
3499.914596724885
 20
729.1674136797028
 30
0.0
 11
4369.909947562883
 21
729.1674136797028
 31
0.0
  0
LINE
  5
16DD
330
1317
100
AcDbEntity
  8
AKS OLCU (BEYKENT)
 62
     0
440
 16777216
370
    -2
100
AcDbLine
 10
4366.909947562882
 20
726.1674136797028
 30
0.0
 11
4372.909947562883
 21
732.1674136797028
 31
0.0
  0
LINE
  5
16DE
330
1317
100
AcDbEntity
  8
AKS OLCU (BEYKENT)
 62
     0
440
 16777216
370
    -2
100
AcDbLine
 10
3496.914596724884
 20
726.1674136797028
 30
0.0
 11
3502.914596724885
 21
732.1674136797028
 31
0.0
  0
MTEXT
  5
16DF
330
1317
100
AcDbEntity
  8
AKS OLCU (BEYKENT)
 62
     7
440
 16777216
100
AcDbMText
 10
3934.912272143884
 20
737.2912101033616
 30
0.0
 40
12.0
 41
0.0
 46
0.0
 71
     5
 72
     1
  1
\A1;870
  7
YAZI (BEYKENT)
 73
     1
 44
1.0
  0
POINT
  5
16E0
330
1317
100
AcDbEntity
  8
Defpoints
 62
     0
440
 16777216
100
AcDbPoint
 10
3499.914596724885
 20
729.1674136797028
 30
0.0
  0
POINT
  5
16E1
330
1317
100
AcDbEntity
  8
Defpoints
 62
     0
440
 16777216
100
AcDbPoint
 10
4369.909947562883
 20
729.1674136797028
 30
0.0
  0
POINT
  5
16E2
330
1317
100
AcDbEntity
  8
Defpoints
 62
     0
440
 16777216
100
AcDbPoint
 10
4369.909947562883
 20
729.1674136797028
 30
0.0
  0
ENDBLK
  5
1319
330
1317
100
AcDbEntity
  8
0
100
AcDbBlockEnd
  0
BLOCK
  5
1324
330
1323
100
AcDbEntity
  8
0
100
AcDbBlockBegin
  2
*D159
 70
     1
 10
0.0
 20
0.0
 30
0.0
  3
*D159
  1

  0
LINE
  5
16E3
330
1323
100
AcDbEntity
  8
AKS OLCU (BEYKENT)
 62
     0
440
 16777216
370
    -2
100
AcDbLine
 10
4369.909947562883
 20
732.1674136797028
 30
0.0
 11
4369.909947562883
 21
729.3474136797027
 31
0.0
  0
LINE
  5
16E4
330
1323
100
AcDbEntity
  8
AKS OLCU (BEYKENT)
 62
     0
440
 16777216
370
    -2
100
AcDbLine
 10
4739.909947562883
 20
732.1674136797028
 30
0.0
 11
4739.909947562883
 21
729.3474136797027
 31
0.0
  0
LINE
  5
16E5
330
1323
100
AcDbEntity
  8
AKS OLCU (BEYKENT)
 62
     0
440
 16777216
370
    -2
100
AcDbLine
 10
4369.909947562883
 20
729.1674136797028
 30
0.0
 11
4739.909947562883
 21
729.1674136797028
 31
0.0
  0
LINE
  5
16E6
330
1323
100
AcDbEntity
  8
AKS OLCU (BEYKENT)
 62
     0
440
 16777216
370
    -2
100
AcDbLine
 10
4736.909947562883
 20
726.1674136797028
 30
0.0
 11
4742.909947562883
 21
732.1674136797028
 31
0.0
  0
LINE
  5
16E7
330
1323
100
AcDbEntity
  8
AKS OLCU (BEYKENT)
 62
     0
440
 16777216
370
    -2
100
AcDbLine
 10
4366.909947562882
 20
726.1674136797028
 30
0.0
 11
4372.909947562883
 21
732.1674136797028
 31
0.0
  0
MTEXT
  5
16E8
330
1323
100
AcDbEntity
  8
AKS OLCU (BEYKENT)
 62
     7
440
 16777216
100
AcDbMText
 10
4554.909947562882
 20
737.2912101033616
 30
0.0
 40
12.0
 41
0.0
 46
0.0
 71
     5
 72
     1
  1
\A1;370
  7
YAZI (BEYKENT)
 73
     1
 44
1.0
  0
POINT
  5
16E9
330
1323
100
AcDbEntity
  8
Defpoints
 62
     0
440
 16777216
100
AcDbPoint
 10
4369.909947562883
 20
729.1674136797028
 30
0.0
  0
POINT
  5
16EA
330
1323
100
AcDbEntity
  8
Defpoints
 62
     0
440
 16777216
100
AcDbPoint
 10
4739.909947562883
 20
729.1674136797028
 30
0.0
  0
POINT
  5
16EB
330
1323
100
AcDbEntity
  8
Defpoints
 62
     0
440
 16777216
100
AcDbPoint
 10
4739.909947562883
 20
729.1674136797028
 30
0.0
  0
ENDBLK
  5
1325
330
1323
100
AcDbEntity
  8
0
100
AcDbBlockEnd
  0
BLOCK
  5
1330
330
132F
100
AcDbEntity
  8
0
100
AcDbBlockBegin
  2
*D160
 70
     1
 10
0.0
 20
0.0
 30
0.0
  3
*D160
  1

  0
LINE
  5
16EC
330
132F
100
AcDbEntity
  8
AKS OLCU (BEYKENT)
 62
     0
440
 16777216
370
    -2
100
AcDbLine
 10
4739.909947562883
 20
732.1674136797028
 30
0.0
 11
4739.909947562883
 21
729.3474136797027
 31
0.0
  0
LINE
  5
16ED
330
132F
100
AcDbEntity
  8
AKS OLCU (BEYKENT)
 62
     0
440
 16777216
370
    -2
100
AcDbLine
 10
5024.909947562883
 20
732.1674136797028
 30
0.0
 11
5024.909947562883
 21
729.3474136797027
 31
0.0
  0
LINE
  5
16EE
330
132F
100
AcDbEntity
  8
AKS OLCU (BEYKENT)
 62
     0
440
 16777216
370
    -2
100
AcDbLine
 10
4739.909947562883
 20
729.1674136797028
 30
0.0
 11
5024.909947562883
 21
729.1674136797028
 31
0.0
  0
LINE
  5
16EF
330
132F
100
AcDbEntity
  8
AKS OLCU (BEYKENT)
 62
     0
440
 16777216
370
    -2
100
AcDbLine
 10
5021.909947562883
 20
726.1674136797028
 30
0.0
 11
5027.909947562882
 21
732.1674136797028
 31
0.0
  0
LINE
  5
16F0
330
132F
100
AcDbEntity
  8
AKS OLCU (BEYKENT)
 62
     0
440
 16777216
370
    -2
100
AcDbLine
 10
4736.909947562883
 20
726.1674136797028
 30
0.0
 11
4742.909947562883
 21
732.1674136797028
 31
0.0
  0
MTEXT
  5
16F1
330
132F
100
AcDbEntity
  8
AKS OLCU (BEYKENT)
 62
     7
440
 16777216
100
AcDbMText
 10
4882.409947562883
 20
737.2912101033616
 30
0.0
 40
12.0
 41
0.0
 46
0.0
 71
     5
 72
     1
  1
\A1;285
  7
YAZI (BEYKENT)
 73
     1
 44
1.0
  0
POINT
  5
16F2
330
132F
100
AcDbEntity
  8
Defpoints
 62
     0
440
 16777216
100
AcDbPoint
 10
4739.909947562883
 20
729.1674136797028
 30
0.0
  0
POINT
  5
16F3
330
132F
100
AcDbEntity
  8
Defpoints
 62
     0
440
 16777216
100
AcDbPoint
 10
5024.909947562883
 20
729.1674136797028
 30
0.0
  0
POINT
  5
16F4
330
132F
100
AcDbEntity
  8
Defpoints
 62
     0
440
 16777216
100
AcDbPoint
 10
5024.909947562883
 20
729.1674136797028
 30
0.0
  0
ENDBLK
  5
1331
330
132F
100
AcDbEntity
  8
0
100
AcDbBlockEnd
  0
BLOCK
  5
133C
330
133B
100
AcDbEntity
  8
0
100
AcDbBlockBegin
  2
*D161
 70
     1
 10
0.0
 20
0.0
 30
0.0
  3
*D161
  1

  0
LINE
  5
16F5
330
133B
100
AcDbEntity
  8
AKS OLCU (BEYKENT)
 62
     0
440
 16777216
370
    -2
100
AcDbLine
 10
5024.909947562883
 20
732.1674136797028
 30
0.0
 11
5024.909947562883
 21
729.3474136797027
 31
0.0
  0
LINE
  5
16F6
330
133B
100
AcDbEntity
  8
AKS OLCU (BEYKENT)
 62
     0
440
 16777216
370
    -2
100
AcDbLine
 10
5679.909947562883
 20
732.1674136797028
 30
0.0
 11
5679.909947562883
 21
729.3474136797027
 31
0.0
  0
LINE
  5
16F7
330
133B
100
AcDbEntity
  8
AKS OLCU (BEYKENT)
 62
     0
440
 16777216
370
    -2
100
AcDbLine
 10
5024.909947562883
 20
729.1674136797028
 30
0.0
 11
5679.909947562883
 21
729.1674136797028
 31
0.0
  0
LINE
  5
16F8
330
133B
100
AcDbEntity
  8
AKS OLCU (BEYKENT)
 62
     0
440
 16777216
370
    -2
100
AcDbLine
 10
5676.909947562883
 20
726.1674136797028
 30
0.0
 11
5682.909947562883
 21
732.1674136797028
 31
0.0
  0
LINE
  5
16F9
330
133B
100
AcDbEntity
  8
AKS OLCU (BEYKENT)
 62
     0
440
 16777216
370
    -2
100
AcDbLine
 10
5021.909947562883
 20
726.1674136797028
 30
0.0
 11
5027.909947562882
 21
732.1674136797028
 31
0.0
  0
MTEXT
  5
16FA
330
133B
100
AcDbEntity
  8
AKS OLCU (BEYKENT)
 62
     7
440
 16777216
100
AcDbMText
 10
5352.409947562883
 20
737.2293118915322
 30
0.0
 40
12.0
 41
0.0
 46
0.0
 71
     5
 72
     1
  1
\A1;655
  7
YAZI (BEYKENT)
 73
     1
 44
1.0
  0
POINT
  5
16FB
330
133B
100
AcDbEntity
  8
Defpoints
 62
     0
440
 16777216
100
AcDbPoint
 10
5024.909947562883
 20
729.1674136797028
 30
0.0
  0
POINT
  5
16FC
330
133B
100
AcDbEntity
  8
Defpoints
 62
     0
440
 16777216
100
AcDbPoint
 10
5679.909947562883
 20
729.1674136797028
 30
0.0
  0
POINT
  5
16FD
330
133B
100
AcDbEntity
  8
Defpoints
 62
     0
440
 16777216
100
AcDbPoint
 10
5679.909947562883
 20
729.1674136797028
 30
0.0
  0
ENDBLK
  5
133D
330
133B
100
AcDbEntity
  8
0
100
AcDbBlockEnd
  0
BLOCK
  5
1348
330
1347
100
AcDbEntity
  8
0
100
AcDbBlockBegin
  2
*D162
 70
     1
 10
0.0
 20
0.0
 30
0.0
  3
*D162
  1

  0
LINE
  5
16FE
330
1347
100
AcDbEntity
  8
AKS OLCU (BEYKENT)
 62
     0
440
 16777216
370
    -2
100
AcDbLine
 10
5679.909947562883
 20
732.1674136797028
 30
0.0
 11
5679.909947562883
 21
729.3474136797027
 31
0.0
  0
LINE
  5
16FF
330
1347
100
AcDbEntity
  8
AKS OLCU (BEYKENT)
 62
     0
440
 16777216
370
    -2
100
AcDbLine
 10
5869.909947562883
 20
732.1674136797028
 30
0.0
 11
5869.909947562883
 21
729.3474136797027
 31
0.0
  0
LINE
  5
1700
330
1347
100
AcDbEntity
  8
AKS OLCU (BEYKENT)
 62
     0
440
 16777216
370
    -2
100
AcDbLine
 10
5679.909947562883
 20
729.1674136797028
 30
0.0
 11
5869.909947562883
 21
729.1674136797028
 31
0.0
  0
LINE
  5
1701
330
1347
100
AcDbEntity
  8
AKS OLCU (BEYKENT)
 62
     0
440
 16777216
370
    -2
100
AcDbLine
 10
5866.909947562882
 20
726.1674136797028
 30
0.0
 11
5872.909947562883
 21
732.1674136797028
 31
0.0
  0
LINE
  5
1702
330
1347
100
AcDbEntity
  8
AKS OLCU (BEYKENT)
 62
     0
440
 16777216
370
    -2
100
AcDbLine
 10
5676.909947562883
 20
726.1674136797028
 30
0.0
 11
5682.909947562883
 21
732.1674136797028
 31
0.0
  0
MTEXT
  5
1703
330
1347
100
AcDbEntity
  8
AKS OLCU (BEYKENT)
 62
     7
440
 16777216
100
AcDbMText
 10
5774.909947562883
 20
737.2912101033616
 30
0.0
 40
12.0
 41
0.0
 46
0.0
 71
     5
 72
     1
  1
\A1;190
  7
YAZI (BEYKENT)
 73
     1
 44
1.0
  0
POINT
  5
1704
330
1347
100
AcDbEntity
  8
Defpoints
 62
     0
440
 16777216
100
AcDbPoint
 10
5679.909947562883
 20
729.1674136797028
 30
0.0
  0
POINT
  5
1705
330
1347
100
AcDbEntity
  8
Defpoints
 62
     0
440
 16777216
100
AcDbPoint
 10
5869.909947562883
 20
729.1674136797028
 30
0.0
  0
POINT
  5
1706
330
1347
100
AcDbEntity
  8
Defpoints
 62
     0
440
 16777216
100
AcDbPoint
 10
5869.909947562883
 20
729.1674136797028
 30
0.0
  0
ENDBLK
  5
1349
330
1347
100
AcDbEntity
  8
0
100
AcDbBlockEnd
  0
BLOCK
  5
1354
330
1353
100
AcDbEntity
  8
0
100
AcDbBlockBegin
  2
*D163
 70
     1
 10
0.0
 20
0.0
 30
0.0
  3
*D163
  1

  0
LINE
  5
1707
330
1353
100
AcDbEntity
  8
AKS OLCU (BEYKENT)
 62
     0
440
 16777216
370
    -2
100
AcDbLine
 10
5869.909947562883
 20
732.1674136797028
 30
0.0
 11
5869.909947562883
 21
729.3474136797027
 31
0.0
  0
LINE
  5
1708
330
1353
100
AcDbEntity
  8
AKS OLCU (BEYKENT)
 62
     0
440
 16777216
370
    -2
100
AcDbLine
 10
6049.909947562883
 20
732.1674136797028
 30
0.0
 11
6049.909947562883
 21
729.3474136797027
 31
0.0
  0
LINE
  5
1709
330
1353
100
AcDbEntity
  8
AKS OLCU (BEYKENT)
 62
     0
440
 16777216
370
    -2
100
AcDbLine
 10
5869.909947562883
 20
729.1674136797028
 30
0.0
 11
6049.909947562883
 21
729.1674136797028
 31
0.0
  0
LINE
  5
170A
330
1353
100
AcDbEntity
  8
AKS OLCU (BEYKENT)
 62
     0
440
 16777216
370
    -2
100
AcDbLine
 10
6046.909947562883
 20
726.1674136797028
 30
0.0
 11
6052.909947562882
 21
732.1674136797028
 31
0.0
  0
LINE
  5
170B
330
1353
100
AcDbEntity
  8
AKS OLCU (BEYKENT)
 62
     0
440
 16777216
370
    -2
100
AcDbLine
 10
5866.909947562882
 20
726.1674136797028
 30
0.0
 11
5872.909947562883
 21
732.1674136797028
 31
0.0
  0
MTEXT
  5
170C
330
1353
100
AcDbEntity
  8
AKS OLCU (BEYKENT)
 62
     7
440
 16777216
100
AcDbMText
 10
5959.909947562882
 20
737.2912101033616
 30
0.0
 40
12.0
 41
0.0
 46
0.0
 71
     5
 72
     1
  1
\A1;180
  7
YAZI (BEYKENT)
 73
     1
 44
1.0
  0
POINT
  5
170D
330
1353
100
AcDbEntity
  8
Defpoints
 62
     0
440
 16777216
100
AcDbPoint
 10
5869.909947562883
 20
729.1674136797028
 30
0.0
  0
POINT
  5
170E
330
1353
100
AcDbEntity
  8
Defpoints
 62
     0
440
 16777216
100
AcDbPoint
 10
6049.909947562883
 20
729.1674136797028
 30
0.0
  0
POINT
  5
170F
330
1353
100
AcDbEntity
  8
Defpoints
 62
     0
440
 16777216
100
AcDbPoint
 10
6049.909947562883
 20
729.1674136797028
 30
0.0
  0
ENDBLK
  5
1355
330
1353
100
AcDbEntity
  8
0
100
AcDbBlockEnd
  0
BLOCK
  5
1360
330
135F
100
AcDbEntity
  8
0
100
AcDbBlockBegin
  2
*D164
 70
     1
 10
0.0
 20
0.0
 30
0.0
  3
*D164
  1

  0
LINE
  5
1710
330
135F
100
AcDbEntity
  8
AKS OLCU (BEYKENT)
 62
     0
440
 16777216
370
    -2
100
AcDbLine
 10
6049.909947562883
 20
732.1674136797028
 30
0.0
 11
6049.909947562883
 21
729.3474136797027
 31
0.0
  0
LINE
  5
1711
330
135F
100
AcDbEntity
  8
AKS OLCU (BEYKENT)
 62
     0
440
 16777216
370
    -2
100
AcDbLine
 10
6239.909947562883
 20
732.1674136797028
 30
0.0
 11
6239.909947562883
 21
729.3474136797027
 31
0.0
  0
LINE
  5
1712
330
135F
100
AcDbEntity
  8
AKS OLCU (BEYKENT)
 62
     0
440
 16777216
370
    -2
100
AcDbLine
 10
6049.909947562883
 20
729.1674136797028
 30
0.0
 11
6239.909947562883
 21
729.1674136797028
 31
0.0
  0
LINE
  5
1713
330
135F
100
AcDbEntity
  8
AKS OLCU (BEYKENT)
 62
     0
440
 16777216
370
    -2
100
AcDbLine
 10
6236.909947562883
 20
726.1674136797028
 30
0.0
 11
6242.909947562883
 21
732.1674136797028
 31
0.0
  0
LINE
  5
1714
330
135F
100
AcDbEntity
  8
AKS OLCU (BEYKENT)
 62
     0
440
 16777216
370
    -2
100
AcDbLine
 10
6046.909947562883
 20
726.1674136797028
 30
0.0
 11
6052.909947562882
 21
732.1674136797028
 31
0.0
  0
MTEXT
  5
1715
330
135F
100
AcDbEntity
  8
AKS OLCU (BEYKENT)
 62
     7
440
 16777216
100
AcDbMText
 10
6144.909947562883
 20
737.2912101033616
 30
0.0
 40
12.0
 41
0.0
 46
0.0
 71
     5
 72
     1
  1
\A1;190
  7
YAZI (BEYKENT)
 73
     1
 44
1.0
  0
POINT
  5
1716
330
135F
100
AcDbEntity
  8
Defpoints
 62
     0
440
 16777216
100
AcDbPoint
 10
6049.909947562883
 20
729.1674136797028
 30
0.0
  0
POINT
  5
1717
330
135F
100
AcDbEntity
  8
Defpoints
 62
     0
440
 16777216
100
AcDbPoint
 10
6239.909947562883
 20
729.1674136797028
 30
0.0
  0
POINT
  5
1718
330
135F
100
AcDbEntity
  8
Defpoints
 62
     0
440
 16777216
100
AcDbPoint
 10
6239.909947562883
 20
729.1674136797028
 30
0.0
  0
ENDBLK
  5
1361
330
135F
100
AcDbEntity
  8
0
100
AcDbBlockEnd
  0
BLOCK
  5
136C
330
136B
100
AcDbEntity
  8
0
100
AcDbBlockBegin
  2
*D165
 70
     1
 10
0.0
 20
0.0
 30
0.0
  3
*D165
  1

  0
LINE
  5
1719
330
136B
100
AcDbEntity
  8
AKS OLCU (BEYKENT)
 62
     0
440
 16777216
370
    -2
100
AcDbLine
 10
6239.909947562883
 20
732.1674136797028
 30
0.0
 11
6239.909947562883
 21
729.3474136797027
 31
0.0
  0
LINE
  5
171A
330
136B
100
AcDbEntity
  8
AKS OLCU (BEYKENT)
 62
     0
440
 16777216
370
    -2
100
AcDbLine
 10
6609.909947562883
 20
732.1674136797028
 30
0.0
 11
6609.909947562883
 21
729.3474136797027
 31
0.0
  0
LINE
  5
171B
330
136B
100
AcDbEntity
  8
AKS OLCU (BEYKENT)
 62
     0
440
 16777216
370
    -2
100
AcDbLine
 10
6239.909947562883
 20
729.1674136797028
 30
0.0
 11
6609.909947562883
 21
729.1674136797028
 31
0.0
  0
LINE
  5
171C
330
136B
100
AcDbEntity
  8
AKS OLCU (BEYKENT)
 62
     0
440
 16777216
370
    -2
100
AcDbLine
 10
6606.909947562883
 20
726.1674136797028
 30
0.0
 11
6612.909947562883
 21
732.1674136797028
 31
0.0
  0
LINE
  5
171D
330
136B
100
AcDbEntity
  8
AKS OLCU (BEYKENT)
 62
     0
440
 16777216
370
    -2
100
AcDbLine
 10
6236.909947562883
 20
726.1674136797028
 30
0.0
 11
6242.909947562883
 21
732.1674136797028
 31
0.0
  0
MTEXT
  5
171E
330
136B
100
AcDbEntity
  8
AKS OLCU (BEYKENT)
 62
     7
440
 16777216
100
AcDbMText
 10
6424.909947562882
 20
737.2912101033616
 30
0.0
 40
12.0
 41
0.0
 46
0.0
 71
     5
 72
     1
  1
\A1;370
  7
YAZI (BEYKENT)
 73
     1
 44
1.0
  0
POINT
  5
171F
330
136B
100
AcDbEntity
  8
Defpoints
 62
     0
440
 16777216
100
AcDbPoint
 10
6239.909947562883
 20
729.1674136797028
 30
0.0
  0
POINT
  5
1720
330
136B
100
AcDbEntity
  8
Defpoints
 62
     0
440
 16777216
100
AcDbPoint
 10
6609.909947562883
 20
729.1674136797028
 30
0.0
  0
POINT
  5
1721
330
136B
100
AcDbEntity
  8
Defpoints
 62
     0
440
 16777216
100
AcDbPoint
 10
6609.909947562883
 20
729.1674136797028
 30
0.0
  0
ENDBLK
  5
136D
330
136B
100
AcDbEntity
  8
0
100
AcDbBlockEnd
  0
BLOCK
  5
1378
330
1377
100
AcDbEntity
  8
0
100
AcDbBlockBegin
  2
*D166
 70
     1
 10
0.0
 20
0.0
 30
0.0
  3
*D166
  1

  0
LINE
  5
1722
330
1377
100
AcDbEntity
  8
AKS OLCU (BEYKENT)
 62
     0
440
 16777216
370
    -2
100
AcDbLine
 10
6609.909947562883
 20
732.1674136797028
 30
0.0
 11
6609.909947562883
 21
729.3474136797027
 31
0.0
  0
LINE
  5
1723
330
1377
100
AcDbEntity
  8
AKS OLCU (BEYKENT)
 62
     0
440
 16777216
370
    -2
100
AcDbLine
 10
6949.909947562883
 20
732.1674136797028
 30
0.0
 11
6949.909947562883
 21
729.3474136797027
 31
0.0
  0
LINE
  5
1724
330
1377
100
AcDbEntity
  8
AKS OLCU (BEYKENT)
 62
     0
440
 16777216
370
    -2
100
AcDbLine
 10
6609.909947562883
 20
729.1674136797028
 30
0.0
 11
6949.909947562883
 21
729.1674136797028
 31
0.0
  0
LINE
  5
1725
330
1377
100
AcDbEntity
  8
AKS OLCU (BEYKENT)
 62
     0
440
 16777216
370
    -2
100
AcDbLine
 10
6946.909947562883
 20
726.1674136797028
 30
0.0
 11
6952.909947562883
 21
732.1674136797028
 31
0.0
  0
LINE
  5
1726
330
1377
100
AcDbEntity
  8
AKS OLCU (BEYKENT)
 62
     0
440
 16777216
370
    -2
100
AcDbLine
 10
6606.909947562883
 20
726.1674136797028
 30
0.0
 11
6612.909947562883
 21
732.1674136797028
 31
0.0
  0
MTEXT
  5
1727
330
1377
100
AcDbEntity
  8
AKS OLCU (BEYKENT)
 62
     7
440
 16777216
100
AcDbMText
 10
6779.909947562882
 20
737.2912101033616
 30
0.0
 40
12.0
 41
0.0
 46
0.0
 71
     5
 72
     1
  1
\A1;340
  7
YAZI (BEYKENT)
 73
     1
 44
1.0
  0
POINT
  5
1728
330
1377
100
AcDbEntity
  8
Defpoints
 62
     0
440
 16777216
100
AcDbPoint
 10
6609.909947562883
 20
729.1674136797028
 30
0.0
  0
POINT
  5
1729
330
1377
100
AcDbEntity
  8
Defpoints
 62
     0
440
 16777216
100
AcDbPoint
 10
6949.909947562883
 20
729.1674136797028
 30
0.0
  0
POINT
  5
172A
330
1377
100
AcDbEntity
  8
Defpoints
 62
     0
440
 16777216
100
AcDbPoint
 10
6949.909947562883
 20
729.1674136797028
 30
0.0
  0
ENDBLK
  5
1379
330
1377
100
AcDbEntity
  8
0
100
AcDbBlockEnd
  0
BLOCK
  5
1384
330
1383
100
AcDbEntity
  8
0
100
AcDbBlockBegin
  2
*D167
 70
     1
 10
0.0
 20
0.0
 30
0.0
  3
*D167
  1

  0
LINE
  5
172B
330
1383
100
AcDbEntity
  8
AKS OLCU (BEYKENT)
 62
     0
440
 16777216
370
    -2
100
AcDbLine
 10
6949.909947562883
 20
732.1674136797028
 30
0.0
 11
6949.909947562883
 21
729.3474136797027
 31
0.0
  0
LINE
  5
172C
330
1383
100
AcDbEntity
  8
AKS OLCU (BEYKENT)
 62
     0
440
 16777216
370
    -2
100
AcDbLine
 10
7099.909947562882
 20
732.1674136797028
 30
0.0
 11
7099.909947562882
 21
729.3474136797027
 31
0.0
  0
LINE
  5
172D
330
1383
100
AcDbEntity
  8
AKS OLCU (BEYKENT)
 62
     0
440
 16777216
370
    -2
100
AcDbLine
 10
6949.909947562883
 20
729.1674136797028
 30
0.0
 11
7099.909947562882
 21
729.1674136797028
 31
0.0
  0
LINE
  5
172E
330
1383
100
AcDbEntity
  8
AKS OLCU (BEYKENT)
 62
     0
440
 16777216
370
    -2
100
AcDbLine
 10
7096.909947562882
 20
726.1674136797028
 30
0.0
 11
7102.909947562882
 21
732.1674136797028
 31
0.0
  0
LINE
  5
172F
330
1383
100
AcDbEntity
  8
AKS OLCU (BEYKENT)
 62
     0
440
 16777216
370
    -2
100
AcDbLine
 10
6946.909947562883
 20
726.1674136797028
 30
0.0
 11
6952.909947562883
 21
732.1674136797028
 31
0.0
  0
MTEXT
  5
1730
330
1383
100
AcDbEntity
  8
AKS OLCU (BEYKENT)
 62
     7
440
 16777216
100
AcDbMText
 10
7024.909947562882
 20
737.2912101033616
 30
0.0
 40
12.0
 41
0.0
 46
0.0
 71
     5
 72
     1
  1
\A1;150
  7
YAZI (BEYKENT)
 73
     1
 44
1.0
  0
POINT
  5
1731
330
1383
100
AcDbEntity
  8
Defpoints
 62
     0
440
 16777216
100
AcDbPoint
 10
6949.909947562883
 20
729.1674136797028
 30
0.0
  0
POINT
  5
1732
330
1383
100
AcDbEntity
  8
Defpoints
 62
     0
440
 16777216
100
AcDbPoint
 10
7099.909947562882
 20
729.1674136797028
 30
0.0
  0
POINT
  5
1733
330
1383
100
AcDbEntity
  8
Defpoints
 62
     0
440
 16777216
100
AcDbPoint
 10
7099.909947562882
 20
729.1674136797028
 30
0.0
  0
ENDBLK
  5
1385
330
1383
100
AcDbEntity
  8
0
100
AcDbBlockEnd
  0
BLOCK
  5
1390
330
138F
100
AcDbEntity
  8
0
100
AcDbBlockBegin
  2
*D168
 70
     1
 10
0.0
 20
0.0
 30
0.0
  3
*D168
  1

  0
LINE
  5
1734
330
138F
100
AcDbEntity
  8
AKS OLCU (BEYKENT)
 62
     0
440
 16777216
370
    -2
100
AcDbLine
 10
7099.909947562882
 20
732.1674136797028
 30
0.0
 11
7099.909947562882
 21
729.3474136797027
 31
0.0
  0
LINE
  5
1735
330
138F
100
AcDbEntity
  8
AKS OLCU (BEYKENT)
 62
     0
440
 16777216
370
    -2
100
AcDbLine
 10
7574.909947562883
 20
732.1674136797028
 30
0.0
 11
7574.909947562883
 21
729.3474136797027
 31
0.0
  0
LINE
  5
1736
330
138F
100
AcDbEntity
  8
AKS OLCU (BEYKENT)
 62
     0
440
 16777216
370
    -2
100
AcDbLine
 10
7099.909947562882
 20
729.1674136797028
 30
0.0
 11
7574.909947562883
 21
729.1674136797028
 31
0.0
  0
LINE
  5
1737
330
138F
100
AcDbEntity
  8
AKS OLCU (BEYKENT)
 62
     0
440
 16777216
370
    -2
100
AcDbLine
 10
7571.909947562883
 20
726.1674136797028
 30
0.0
 11
7577.909947562883
 21
732.1674136797028
 31
0.0
  0
LINE
  5
1738
330
138F
100
AcDbEntity
  8
AKS OLCU (BEYKENT)
 62
     0
440
 16777216
370
    -2
100
AcDbLine
 10
7096.909947562882
 20
726.1674136797028
 30
0.0
 11
7102.909947562882
 21
732.1674136797028
 31
0.0
  0
MTEXT
  5
1739
330
138F
100
AcDbEntity
  8
AKS OLCU (BEYKENT)
 62
     7
440
 16777216
100
AcDbMText
 10
7337.409947562882
 20
737.2293118915322
 30
0.0
 40
12.0
 41
0.0
 46
0.0
 71
     5
 72
     1
  1
\A1;475
  7
YAZI (BEYKENT)
 73
     1
 44
1.0
  0
POINT
  5
173A
330
138F
100
AcDbEntity
  8
Defpoints
 62
     0
440
 16777216
100
AcDbPoint
 10
7099.909947562882
 20
729.1674136797028
 30
0.0
  0
POINT
  5
173B
330
138F
100
AcDbEntity
  8
Defpoints
 62
     0
440
 16777216
100
AcDbPoint
 10
7574.909947562883
 20
729.1674136797028
 30
0.0
  0
POINT
  5
173C
330
138F
100
AcDbEntity
  8
Defpoints
 62
     0
440
 16777216
100
AcDbPoint
 10
7574.909947562883
 20
729.1674136797028
 30
0.0
  0
ENDBLK
  5
1391
330
138F
100
AcDbEntity
  8
0
100
AcDbBlockEnd
  0
BLOCK
  5
139C
330
139B
100
AcDbEntity
  8
0
100
AcDbBlockBegin
  2
*D169
 70
     1
 10
0.0
 20
0.0
 30
0.0
  3
*D169
  1

  0
LINE
  5
173D
330
139B
100
AcDbEntity
  8
AKS OLCU (BEYKENT)
 62
     0
440
 16777216
370
    -2
100
AcDbLine
 10
7574.909947562883
 20
732.1674136797028
 30
0.0
 11
7574.909947562883
 21
729.3474136797027
 31
0.0
  0
LINE
  5
173E
330
139B
100
AcDbEntity
  8
AKS OLCU (BEYKENT)
 62
     0
440
 16777216
370
    -2
100
AcDbLine
 10
7919.909947562882
 20
732.1674136797028
 30
0.0
 11
7919.909947562882
 21
729.3474136797027
 31
0.0
  0
LINE
  5
173F
330
139B
100
AcDbEntity
  8
AKS OLCU (BEYKENT)
 62
     0
440
 16777216
370
    -2
100
AcDbLine
 10
7574.909947562883
 20
729.1674136797028
 30
0.0
 11
7919.909947562882
 21
729.1674136797028
 31
0.0
  0
LINE
  5
1740
330
139B
100
AcDbEntity
  8
AKS OLCU (BEYKENT)
 62
     0
440
 16777216
370
    -2
100
AcDbLine
 10
7916.909947562882
 20
726.1674136797028
 30
0.0
 11
7922.909947562883
 21
732.1674136797028
 31
0.0
  0
LINE
  5
1741
330
139B
100
AcDbEntity
  8
AKS OLCU (BEYKENT)
 62
     0
440
 16777216
370
    -2
100
AcDbLine
 10
7571.909947562883
 20
726.1674136797028
 30
0.0
 11
7577.909947562883
 21
732.1674136797028
 31
0.0
  0
MTEXT
  5
1742
330
139B
100
AcDbEntity
  8
AKS OLCU (BEYKENT)
 62
     7
440
 16777216
100
AcDbMText
 10
7747.409947562883
 20
737.2912101033616
 30
0.0
 40
12.0
 41
0.0
 46
0.0
 71
     5
 72
     1
  1
\A1;345
  7
YAZI (BEYKENT)
 73
     1
 44
1.0
  0
POINT
  5
1743
330
139B
100
AcDbEntity
  8
Defpoints
 62
     0
440
 16777216
100
AcDbPoint
 10
7574.909947562883
 20
729.1674136797028
 30
0.0
  0
POINT
  5
1744
330
139B
100
AcDbEntity
  8
Defpoints
 62
     0
440
 16777216
100
AcDbPoint
 10
7919.909947562882
 20
729.1674136797028
 30
0.0
  0
POINT
  5
1745
330
139B
100
AcDbEntity
  8
Defpoints
 62
     0
440
 16777216
100
AcDbPoint
 10
7919.909947562882
 20
729.1674136797028
 30
0.0
  0
ENDBLK
  5
139D
330
139B
100
AcDbEntity
  8
0
100
AcDbBlockEnd
  0
BLOCK
  5
13A8
330
13A7
100
AcDbEntity
  8
0
100
AcDbBlockBegin
  2
*D170
 70
     1
 10
0.0
 20
0.0
 30
0.0
  3
*D170
  1

  0
LINE
  5
1746
330
13A7
100
AcDbEntity
  8
AKS OLCU (BEYKENT)
 62
     0
440
 16777216
370
    -2
100
AcDbLine
 10
7919.909947562882
 20
732.1674136797028
 30
0.0
 11
7919.909947562882
 21
729.3474136797027
 31
0.0
  0
LINE
  5
1747
330
13A7
100
AcDbEntity
  8
AKS OLCU (BEYKENT)
 62
     0
440
 16777216
370
    -2
100
AcDbLine
 10
8229.909947562884
 20
732.1674136797028
 30
0.0
 11
8229.909947562884
 21
729.3474136797027
 31
0.0
  0
LINE
  5
1748
330
13A7
100
AcDbEntity
  8
AKS OLCU (BEYKENT)
 62
     0
440
 16777216
370
    -2
100
AcDbLine
 10
7919.909947562882
 20
729.1674136797028
 30
0.0
 11
8229.909947562884
 21
729.1674136797028
 31
0.0
  0
LINE
  5
1749
330
13A7
100
AcDbEntity
  8
AKS OLCU (BEYKENT)
 62
     0
440
 16777216
370
    -2
100
AcDbLine
 10
8226.909947562884
 20
726.1674136797028
 30
0.0
 11
8232.909947562882
 21
732.1674136797028
 31
0.0
  0
LINE
  5
174A
330
13A7
100
AcDbEntity
  8
AKS OLCU (BEYKENT)
 62
     0
440
 16777216
370
    -2
100
AcDbLine
 10
7916.909947562882
 20
726.1674136797028
 30
0.0
 11
7922.909947562883
 21
732.1674136797028
 31
0.0
  0
MTEXT
  5
174B
330
13A7
100
AcDbEntity
  8
AKS OLCU (BEYKENT)
 62
     7
440
 16777216
100
AcDbMText
 10
8074.909947562883
 20
737.2912101033616
 30
0.0
 40
12.0
 41
0.0
 46
0.0
 71
     5
 72
     1
  1
\A1;310
  7
YAZI (BEYKENT)
 73
     1
 44
1.0
  0
POINT
  5
174C
330
13A7
100
AcDbEntity
  8
Defpoints
 62
     0
440
 16777216
100
AcDbPoint
 10
7919.909947562882
 20
729.1674136797028
 30
0.0
  0
POINT
  5
174D
330
13A7
100
AcDbEntity
  8
Defpoints
 62
     0
440
 16777216
100
AcDbPoint
 10
8229.909947562884
 20
729.1674136797028
 30
0.0
  0
POINT
  5
174E
330
13A7
100
AcDbEntity
  8
Defpoints
 62
     0
440
 16777216
100
AcDbPoint
 10
8229.909947562884
 20
729.1674136797028
 30
0.0
  0
ENDBLK
  5
13A9
330
13A7
100
AcDbEntity
  8
0
100
AcDbBlockEnd
  0
BLOCK
  5
13B4
330
13B3
100
AcDbEntity
  8
0
100
AcDbBlockBegin
  2
*D171
 70
     1
 10
0.0
 20
0.0
 30
0.0
  3
*D171
  1

  0
LINE
  5
174F
330
13B3
100
AcDbEntity
  8
AKS OLCU (BEYKENT)
 62
     0
440
 16777216
370
    -2
100
AcDbLine
 10
8229.909947562884
 20
732.1674136797028
 30
0.0
 11
8229.909947562884
 21
729.3474136797027
 31
0.0
  0
LINE
  5
1750
330
13B3
100
AcDbEntity
  8
AKS OLCU (BEYKENT)
 62
     0
440
 16777216
370
    -2
100
AcDbLine
 10
8709.909947562882
 20
732.1674136797028
 30
0.0
 11
8709.909947562882
 21
729.3474136797027
 31
0.0
  0
LINE
  5
1751
330
13B3
100
AcDbEntity
  8
AKS OLCU (BEYKENT)
 62
     0
440
 16777216
370
    -2
100
AcDbLine
 10
8229.909947562884
 20
729.1674136797028
 30
0.0
 11
8709.909947562882
 21
729.1674136797028
 31
0.0
  0
LINE
  5
1752
330
13B3
100
AcDbEntity
  8
AKS OLCU (BEYKENT)
 62
     0
440
 16777216
370
    -2
100
AcDbLine
 10
8706.909947562882
 20
726.1674136797028
 30
0.0
 11
8712.909947562883
 21
732.1674136797028
 31
0.0
  0
LINE
  5
1753
330
13B3
100
AcDbEntity
  8
AKS OLCU (BEYKENT)
 62
     0
440
 16777216
370
    -2
100
AcDbLine
 10
8226.909947562884
 20
726.1674136797028
 30
0.0
 11
8232.909947562882
 21
732.1674136797028
 31
0.0
  0
MTEXT
  5
1754
330
13B3
100
AcDbEntity
  8
AKS OLCU (BEYKENT)
 62
     7
440
 16777216
100
AcDbMText
 10
8469.909947562882
 20
737.2912101033616
 30
0.0
 40
12.0
 41
0.0
 46
0.0
 71
     5
 72
     1
  1
\A1;480
  7
YAZI (BEYKENT)
 73
     1
 44
1.0
  0
POINT
  5
1755
330
13B3
100
AcDbEntity
  8
Defpoints
 62
     0
440
 16777216
100
AcDbPoint
 10
8229.909947562884
 20
729.1674136797028
 30
0.0
  0
POINT
  5
1756
330
13B3
100
AcDbEntity
  8
Defpoints
 62
     0
440
 16777216
100
AcDbPoint
 10
8709.909947562882
 20
729.1674136797028
 30
0.0
  0
POINT
  5
1757
330
13B3
100
AcDbEntity
  8
Defpoints
 62
     0
440
 16777216
100
AcDbPoint
 10
8709.909947562882
 20
729.1674136797028
 30
0.0
  0
ENDBLK
  5
13B5
330
13B3
100
AcDbEntity
  8
0
100
AcDbBlockEnd
  0
BLOCK
  5
13C0
330
13BF
100
AcDbEntity
  8
0
100
AcDbBlockBegin
  2
*D172
 70
     1
 10
0.0
 20
0.0
 30
0.0
  3
*D172
  1

  0
LINE
  5
1758
330
13BF
100
AcDbEntity
  8
AKS OLCU (BEYKENT)
 62
     0
440
 16777216
370
    -2
100
AcDbLine
 10
3337.914596724886
 20
874.1674136797032
 30
0.0
 11
3335.094596725411
 21
874.1674136797032
 31
0.0
  0
LINE
  5
1759
330
13BF
100
AcDbEntity
  8
AKS OLCU (BEYKENT)
 62
     0
440
 16777216
370
    -2
100
AcDbLine
 10
3337.914596724886
 20
3474.167413679705
 30
0.0
 11
3335.09459672541
 21
3474.167413679705
 31
0.0
  0
LINE
  5
175A
330
13BF
100
AcDbEntity
  8
AKS OLCU (BEYKENT)
 62
     0
440
 16777216
370
    -2
100
AcDbLine
 10
3334.914596725411
 20
874.1674136797032
 30
0.0
 11
3334.91459672541
 21
3474.167413679705
 31
0.0
  0
LINE
  5
175B
330
13BF
100
AcDbEntity
  8
AKS OLCU (BEYKENT)
 62
     0
440
 16777216
370
    -2
100
AcDbLine
 10
3337.91459672541
 20
3471.167413679705
 30
0.0
 11
3331.91459672541
 21
3477.167413679705
 31
0.0
  0
LINE
  5
175C
330
13BF
100
AcDbEntity
  8
AKS OLCU (BEYKENT)
 62
     0
440
 16777216
370
    -2
100
AcDbLine
 10
3337.914596725411
 20
871.1674136797032
 30
0.0
 11
3331.914596725411
 21
877.1674136797033
 31
0.0
  0
MTEXT
  5
175D
330
13BF
100
AcDbEntity
  8
AKS OLCU (BEYKENT)
 62
     7
440
 16777216
100
AcDbMText
 10
3326.790800301751
 20
2174.167413679702
 30
0.0
 40
12.0
 41
0.0
 46
0.0
 71
     5
 72
     1
  1
\A1;2600
  7
YAZI (BEYKENT)
 11
0.0000000000000001
 21
1.0
 31
0.0
 73
     1
 44
1.0
  0
POINT
  5
175E
330
13BF
100
AcDbEntity
  8
Defpoints
 62
     0
440
 16777216
100
AcDbPoint
 10
3334.914596724886
 20
874.1674136797032
 30
0.0
  0
POINT
  5
175F
330
13BF
100
AcDbEntity
  8
Defpoints
 62
     0
440
 16777216
100
AcDbPoint
 10
3334.914596724886
 20
3474.167413679705
 30
0.0
  0
POINT
  5
1760
330
13BF
100
AcDbEntity
  8
Defpoints
 62
     0
440
 16777216
100
AcDbPoint
 10
3334.91459672541
 20
3474.167413679705
 30
0.0
  0
ENDBLK
  5
13C1
330
13BF
100
AcDbEntity
  8
0
100
AcDbBlockEnd
  0
BLOCK
  5
13CC
330
13CB
100
AcDbEntity
  8
0
100
AcDbBlockBegin
  2
*D173
 70
     1
 10
0.0
 20
0.0
 30
0.0
  3
*D173
  1

  0
LINE
  5
1761
330
13CB
100
AcDbEntity
  8
AKS OLCU (BEYKENT)
 62
     0
440
 16777216
370
    -2
100
AcDbLine
 10
3357.914596724886
 20
874.1674136797032
 30
0.0
 11
3355.09459672541
 21
874.1674136797032
 31
0.0
  0
LINE
  5
1762
330
13CB
100
AcDbEntity
  8
AKS OLCU (BEYKENT)
 62
     0
440
 16777216
370
    -2
100
AcDbLine
 10
3357.914596724886
 20
1084.167413679703
 30
0.0
 11
3355.09459672541
 21
1084.167413679703
 31
0.0
  0
LINE
  5
1763
330
13CB
100
AcDbEntity
  8
AKS OLCU (BEYKENT)
 62
     0
440
 16777216
370
    -2
100
AcDbLine
 10
3354.914596725411
 20
874.1674136797032
 30
0.0
 11
3354.91459672541
 21
1084.167413679703
 31
0.0
  0
LINE
  5
1764
330
13CB
100
AcDbEntity
  8
AKS OLCU (BEYKENT)
 62
     0
440
 16777216
370
    -2
100
AcDbLine
 10
3357.91459672541
 20
1081.167413679703
 30
0.0
 11
3351.91459672541
 21
1087.167413679703
 31
0.0
  0
LINE
  5
1765
330
13CB
100
AcDbEntity
  8
AKS OLCU (BEYKENT)
 62
     0
440
 16777216
370
    -2
100
AcDbLine
 10
3357.914596725411
 20
871.1674136797032
 30
0.0
 11
3351.914596725411
 21
877.1674136797033
 31
0.0
  0
MTEXT
  5
1766
330
13CB
100
AcDbEntity
  8
AKS OLCU (BEYKENT)
 62
     7
440
 16777216
100
AcDbMText
 10
3346.790800301751
 20
979.1674136797022
 30
0.0
 40
12.0
 41
0.0
 46
0.0
 71
     5
 72
     1
  1
\A1;210
  7
YAZI (BEYKENT)
 11
0.0000000000000001
 21
1.0
 31
0.0
 73
     1
 44
1.0
  0
POINT
  5
1767
330
13CB
100
AcDbEntity
  8
Defpoints
 62
     0
440
 16777216
100
AcDbPoint
 10
3354.914596724886
 20
874.1674136797032
 30
0.0
  0
POINT
  5
1768
330
13CB
100
AcDbEntity
  8
Defpoints
 62
     0
440
 16777216
100
AcDbPoint
 10
3354.914596724886
 20
1084.167413679703
 30
0.0
  0
POINT
  5
1769
330
13CB
100
AcDbEntity
  8
Defpoints
 62
     0
440
 16777216
100
AcDbPoint
 10
3354.91459672541
 20
1084.167413679703
 30
0.0
  0
ENDBLK
  5
13CD
330
13CB
100
AcDbEntity
  8
0
100
AcDbBlockEnd
  0
BLOCK
  5
13D8
330
13D7
100
AcDbEntity
  8
0
100
AcDbBlockBegin
  2
*D174
 70
     1
 10
0.0
 20
0.0
 30
0.0
  3
*D174
  1

  0
LINE
  5
176A
330
13D7
100
AcDbEntity
  8
AKS OLCU (BEYKENT)
 62
     0
440
 16777216
370
    -2
100
AcDbLine
 10
3357.914596724886
 20
1084.167413679703
 30
0.0
 11
3355.09459672541
 21
1084.167413679703
 31
0.0
  0
LINE
  5
176B
330
13D7
100
AcDbEntity
  8
AKS OLCU (BEYKENT)
 62
     0
440
 16777216
370
    -2
100
AcDbLine
 10
3357.914596724886
 20
1399.167413679703
 30
0.0
 11
3355.09459672541
 21
1399.167413679703
 31
0.0
  0
LINE
  5
176C
330
13D7
100
AcDbEntity
  8
AKS OLCU (BEYKENT)
 62
     0
440
 16777216
370
    -2
100
AcDbLine
 10
3354.91459672541
 20
1084.167413679703
 30
0.0
 11
3354.91459672541
 21
1399.167413679703
 31
0.0
  0
LINE
  5
176D
330
13D7
100
AcDbEntity
  8
AKS OLCU (BEYKENT)
 62
     0
440
 16777216
370
    -2
100
AcDbLine
 10
3357.91459672541
 20
1396.167413679703
 30
0.0
 11
3351.91459672541
 21
1402.167413679703
 31
0.0
  0
LINE
  5
176E
330
13D7
100
AcDbEntity
  8
AKS OLCU (BEYKENT)
 62
     0
440
 16777216
370
    -2
100
AcDbLine
 10
3357.91459672541
 20
1081.167413679703
 30
0.0
 11
3351.91459672541
 21
1087.167413679703
 31
0.0
  0
MTEXT
  5
176F
330
13D7
100
AcDbEntity
  8
AKS OLCU (BEYKENT)
 62
     7
440
 16777216
100
AcDbMText
 10
3346.790800301751
 20
1241.667413679702
 30
0.0
 40
12.0
 41
0.0
 46
0.0
 71
     5
 72
     1
  1
\A1;315
  7
YAZI (BEYKENT)
 11
0.0000000000000001
 21
1.0
 31
0.0
 73
     1
 44
1.0
  0
POINT
  5
1770
330
13D7
100
AcDbEntity
  8
Defpoints
 62
     0
440
 16777216
100
AcDbPoint
 10
3354.914596724886
 20
1084.167413679703
 30
0.0
  0
POINT
  5
1771
330
13D7
100
AcDbEntity
  8
Defpoints
 62
     0
440
 16777216
100
AcDbPoint
 10
3354.914596724886
 20
1399.167413679703
 30
0.0
  0
POINT
  5
1772
330
13D7
100
AcDbEntity
  8
Defpoints
 62
     0
440
 16777216
100
AcDbPoint
 10
3354.91459672541
 20
1399.167413679703
 30
0.0
  0
ENDBLK
  5
13D9
330
13D7
100
AcDbEntity
  8
0
100
AcDbBlockEnd
  0
BLOCK
  5
13E4
330
13E3
100
AcDbEntity
  8
0
100
AcDbBlockBegin
  2
*D175
 70
     1
 10
0.0
 20
0.0
 30
0.0
  3
*D175
  1

  0
LINE
  5
1773
330
13E3
100
AcDbEntity
  8
AKS OLCU (BEYKENT)
 62
     0
440
 16777216
370
    -2
100
AcDbLine
 10
3357.914596724886
 20
1399.167413679703
 30
0.0
 11
3355.09459672541
 21
1399.167413679703
 31
0.0
  0
LINE
  5
1774
330
13E3
100
AcDbEntity
  8
AKS OLCU (BEYKENT)
 62
     0
440
 16777216
370
    -2
100
AcDbLine
 10
3357.914596724886
 20
1574.167413679704
 30
0.0
 11
3355.09459672541
 21
1574.167413679704
 31
0.0
  0
LINE
  5
1775
330
13E3
100
AcDbEntity
  8
AKS OLCU (BEYKENT)
 62
     0
440
 16777216
370
    -2
100
AcDbLine
 10
3354.91459672541
 20
1399.167413679703
 30
0.0
 11
3354.91459672541
 21
1574.167413679704
 31
0.0
  0
LINE
  5
1776
330
13E3
100
AcDbEntity
  8
AKS OLCU (BEYKENT)
 62
     0
440
 16777216
370
    -2
100
AcDbLine
 10
3357.91459672541
 20
1571.167413679703
 30
0.0
 11
3351.91459672541
 21
1577.167413679704
 31
0.0
  0
LINE
  5
1777
330
13E3
100
AcDbEntity
  8
AKS OLCU (BEYKENT)
 62
     0
440
 16777216
370
    -2
100
AcDbLine
 10
3357.91459672541
 20
1396.167413679703
 30
0.0
 11
3351.91459672541
 21
1402.167413679703
 31
0.0
  0
MTEXT
  5
1778
330
13E3
100
AcDbEntity
  8
AKS OLCU (BEYKENT)
 62
     7
440
 16777216
100
AcDbMText
 10
3346.85269851358
 20
1486.667413679702
 30
0.0
 40
12.0
 41
0.0
 46
0.0
 71
     5
 72
     1
  1
\A1;175
  7
YAZI (BEYKENT)
 11
0.0000000000000001
 21
1.0
 31
0.0
 73
     1
 44
1.0
  0
POINT
  5
1779
330
13E3
100
AcDbEntity
  8
Defpoints
 62
     0
440
 16777216
100
AcDbPoint
 10
3354.914596724886
 20
1399.167413679703
 30
0.0
  0
POINT
  5
177A
330
13E3
100
AcDbEntity
  8
Defpoints
 62
     0
440
 16777216
100
AcDbPoint
 10
3354.914596724886
 20
1574.167413679704
 30
0.0
  0
POINT
  5
177B
330
13E3
100
AcDbEntity
  8
Defpoints
 62
     0
440
 16777216
100
AcDbPoint
 10
3354.91459672541
 20
1574.167413679704
 30
0.0
  0
ENDBLK
  5
13E5
330
13E3
100
AcDbEntity
  8
0
100
AcDbBlockEnd
  0
BLOCK
  5
13F0
330
13EF
100
AcDbEntity
  8
0
100
AcDbBlockBegin
  2
*D176
 70
     1
 10
0.0
 20
0.0
 30
0.0
  3
*D176
  1

  0
LINE
  5
177C
330
13EF
100
AcDbEntity
  8
AKS OLCU (BEYKENT)
 62
     0
440
 16777216
370
    -2
100
AcDbLine
 10
3357.914596724886
 20
1574.167413679704
 30
0.0
 11
3355.09459672541
 21
1574.167413679704
 31
0.0
  0
LINE
  5
177D
330
13EF
100
AcDbEntity
  8
AKS OLCU (BEYKENT)
 62
     0
440
 16777216
370
    -2
100
AcDbLine
 10
3357.914596724886
 20
1939.167413679703
 30
0.0
 11
3355.09459672541
 21
1939.167413679703
 31
0.0
  0
LINE
  5
177E
330
13EF
100
AcDbEntity
  8
AKS OLCU (BEYKENT)
 62
     0
440
 16777216
370
    -2
100
AcDbLine
 10
3354.91459672541
 20
1574.167413679704
 30
0.0
 11
3354.91459672541
 21
1939.167413679703
 31
0.0
  0
LINE
  5
177F
330
13EF
100
AcDbEntity
  8
AKS OLCU (BEYKENT)
 62
     0
440
 16777216
370
    -2
100
AcDbLine
 10
3357.91459672541
 20
1936.167413679704
 30
0.0
 11
3351.91459672541
 21
1942.167413679704
 31
0.0
  0
LINE
  5
1780
330
13EF
100
AcDbEntity
  8
AKS OLCU (BEYKENT)
 62
     0
440
 16777216
370
    -2
100
AcDbLine
 10
3357.91459672541
 20
1571.167413679703
 30
0.0
 11
3351.91459672541
 21
1577.167413679704
 31
0.0
  0
MTEXT
  5
1781
330
13EF
100
AcDbEntity
  8
AKS OLCU (BEYKENT)
 62
     7
440
 16777216
100
AcDbMText
 10
3346.790800301751
 20
1756.667413679702
 30
0.0
 40
12.0
 41
0.0
 46
0.0
 71
     5
 72
     1
  1
\A1;365
  7
YAZI (BEYKENT)
 11
0.0000000000000001
 21
1.0
 31
0.0
 73
     1
 44
1.0
  0
POINT
  5
1782
330
13EF
100
AcDbEntity
  8
Defpoints
 62
     0
440
 16777216
100
AcDbPoint
 10
3354.914596724886
 20
1574.167413679704
 30
0.0
  0
POINT
  5
1783
330
13EF
100
AcDbEntity
  8
Defpoints
 62
     0
440
 16777216
100
AcDbPoint
 10
3354.914596724886
 20
1939.167413679703
 30
0.0
  0
POINT
  5
1784
330
13EF
100
AcDbEntity
  8
Defpoints
 62
     0
440
 16777216
100
AcDbPoint
 10
3354.91459672541
 20
1939.167413679703
 30
0.0
  0
ENDBLK
  5
13F1
330
13EF
100
AcDbEntity
  8
0
100
AcDbBlockEnd
  0
BLOCK
  5
13FC
330
13FB
100
AcDbEntity
  8
0
100
AcDbBlockBegin
  2
*D177
 70
     1
 10
0.0
 20
0.0
 30
0.0
  3
*D177
  1

  0
LINE
  5
1785
330
13FB
100
AcDbEntity
  8
AKS OLCU (BEYKENT)
 62
     0
440
 16777216
370
    -2
100
AcDbLine
 10
3357.914596724886
 20
1939.167413679703
 30
0.0
 11
3355.09459672541
 21
1939.167413679703
 31
0.0
  0
LINE
  5
1786
330
13FB
100
AcDbEntity
  8
AKS OLCU (BEYKENT)
 62
     0
440
 16777216
370
    -2
100
AcDbLine
 10
3357.914596724886
 20
2274.167413679704
 30
0.0
 11
3355.09459672541
 21
2274.167413679704
 31
0.0
  0
LINE
  5
1787
330
13FB
100
AcDbEntity
  8
AKS OLCU (BEYKENT)
 62
     0
440
 16777216
370
    -2
100
AcDbLine
 10
3354.91459672541
 20
1939.167413679703
 30
0.0
 11
3354.91459672541
 21
2274.167413679704
 31
0.0
  0
LINE
  5
1788
330
13FB
100
AcDbEntity
  8
AKS OLCU (BEYKENT)
 62
     0
440
 16777216
370
    -2
100
AcDbLine
 10
3357.91459672541
 20
2271.167413679703
 30
0.0
 11
3351.91459672541
 21
2277.167413679704
 31
0.0
  0
LINE
  5
1789
330
13FB
100
AcDbEntity
  8
AKS OLCU (BEYKENT)
 62
     0
440
 16777216
370
    -2
100
AcDbLine
 10
3357.91459672541
 20
1936.167413679704
 30
0.0
 11
3351.91459672541
 21
1942.167413679704
 31
0.0
  0
MTEXT
  5
178A
330
13FB
100
AcDbEntity
  8
AKS OLCU (BEYKENT)
 62
     7
440
 16777216
100
AcDbMText
 10
3346.790800301751
 20
2106.667413679702
 30
0.0
 40
12.0
 41
0.0
 46
0.0
 71
     5
 72
     1
  1
\A1;335
  7
YAZI (BEYKENT)
 11
0.0000000000000001
 21
1.0
 31
0.0
 73
     1
 44
1.0
  0
POINT
  5
178B
330
13FB
100
AcDbEntity
  8
Defpoints
 62
     0
440
 16777216
100
AcDbPoint
 10
3354.914596724886
 20
1939.167413679703
 30
0.0
  0
POINT
  5
178C
330
13FB
100
AcDbEntity
  8
Defpoints
 62
     0
440
 16777216
100
AcDbPoint
 10
3354.914596724886
 20
2274.167413679704
 30
0.0
  0
POINT
  5
178D
330
13FB
100
AcDbEntity
  8
Defpoints
 62
     0
440
 16777216
100
AcDbPoint
 10
3354.91459672541
 20
2274.167413679704
 30
0.0
  0
ENDBLK
  5
13FD
330
13FB
100
AcDbEntity
  8
0
100
AcDbBlockEnd
  0
BLOCK
  5
1408
330
1407
100
AcDbEntity
  8
0
100
AcDbBlockBegin
  2
*D178
 70
     1
 10
0.0
 20
0.0
 30
0.0
  3
*D178
  1

  0
LINE
  5
178E
330
1407
100
AcDbEntity
  8
AKS OLCU (BEYKENT)
 62
     0
440
 16777216
370
    -2
100
AcDbLine
 10
3357.914596724886
 20
2274.167413679704
 30
0.0
 11
3355.09459672541
 21
2274.167413679704
 31
0.0
  0
LINE
  5
178F
330
1407
100
AcDbEntity
  8
AKS OLCU (BEYKENT)
 62
     0
440
 16777216
370
    -2
100
AcDbLine
 10
3357.914596724886
 20
2439.167413679704
 30
0.0
 11
3355.09459672541
 21
2439.167413679704
 31
0.0
  0
LINE
  5
1790
330
1407
100
AcDbEntity
  8
AKS OLCU (BEYKENT)
 62
     0
440
 16777216
370
    -2
100
AcDbLine
 10
3354.91459672541
 20
2274.167413679704
 30
0.0
 11
3354.91459672541
 21
2439.167413679704
 31
0.0
  0
LINE
  5
1791
330
1407
100
AcDbEntity
  8
AKS OLCU (BEYKENT)
 62
     0
440
 16777216
370
    -2
100
AcDbLine
 10
3357.91459672541
 20
2436.167413679704
 30
0.0
 11
3351.91459672541
 21
2442.167413679704
 31
0.0
  0
LINE
  5
1792
330
1407
100
AcDbEntity
  8
AKS OLCU (BEYKENT)
 62
     0
440
 16777216
370
    -2
100
AcDbLine
 10
3357.91459672541
 20
2271.167413679703
 30
0.0
 11
3351.91459672541
 21
2277.167413679704
 31
0.0
  0
MTEXT
  5
1793
330
1407
100
AcDbEntity
  8
AKS OLCU (BEYKENT)
 62
     7
440
 16777216
100
AcDbMText
 10
3346.85269851358
 20
2356.667413679702
 30
0.0
 40
12.0
 41
0.0
 46
0.0
 71
     5
 72
     1
  1
\A1;165
  7
YAZI (BEYKENT)
 11
0.0000000000000001
 21
1.0
 31
0.0
 73
     1
 44
1.0
  0
POINT
  5
1794
330
1407
100
AcDbEntity
  8
Defpoints
 62
     0
440
 16777216
100
AcDbPoint
 10
3354.914596724886
 20
2274.167413679704
 30
0.0
  0
POINT
  5
1795
330
1407
100
AcDbEntity
  8
Defpoints
 62
     0
440
 16777216
100
AcDbPoint
 10
3354.914596724886
 20
2439.167413679704
 30
0.0
  0
POINT
  5
1796
330
1407
100
AcDbEntity
  8
Defpoints
 62
     0
440
 16777216
100
AcDbPoint
 10
3354.91459672541
 20
2439.167413679704
 30
0.0
  0
ENDBLK
  5
1409
330
1407
100
AcDbEntity
  8
0
100
AcDbBlockEnd
  0
BLOCK
  5
1414
330
1413
100
AcDbEntity
  8
0
100
AcDbBlockBegin
  2
*D179
 70
     1
 10
0.0
 20
0.0
 30
0.0
  3
*D179
  1

  0
LINE
  5
1797
330
1413
100
AcDbEntity
  8
AKS OLCU (BEYKENT)
 62
     0
440
 16777216
370
    -2
100
AcDbLine
 10
3357.914596724886
 20
2439.167413679704
 30
0.0
 11
3355.09459672541
 21
2439.167413679704
 31
0.0
  0
LINE
  5
1798
330
1413
100
AcDbEntity
  8
AKS OLCU (BEYKENT)
 62
     0
440
 16777216
370
    -2
100
AcDbLine
 10
3357.914596724886
 20
2774.167413679704
 30
0.0
 11
3355.09459672541
 21
2774.167413679704
 31
0.0
  0
LINE
  5
1799
330
1413
100
AcDbEntity
  8
AKS OLCU (BEYKENT)
 62
     0
440
 16777216
370
    -2
100
AcDbLine
 10
3354.91459672541
 20
2439.167413679704
 30
0.0
 11
3354.91459672541
 21
2774.167413679704
 31
0.0
  0
LINE
  5
179A
330
1413
100
AcDbEntity
  8
AKS OLCU (BEYKENT)
 62
     0
440
 16777216
370
    -2
100
AcDbLine
 10
3357.91459672541
 20
2771.167413679704
 30
0.0
 11
3351.91459672541
 21
2777.167413679704
 31
0.0
  0
LINE
  5
179B
330
1413
100
AcDbEntity
  8
AKS OLCU (BEYKENT)
 62
     0
440
 16777216
370
    -2
100
AcDbLine
 10
3357.91459672541
 20
2436.167413679704
 30
0.0
 11
3351.91459672541
 21
2442.167413679704
 31
0.0
  0
MTEXT
  5
179C
330
1413
100
AcDbEntity
  8
AKS OLCU (BEYKENT)
 62
     7
440
 16777216
100
AcDbMText
 10
3346.790800301751
 20
2606.667413679702
 30
0.0
 40
12.0
 41
0.0
 46
0.0
 71
     5
 72
     1
  1
\A1;335
  7
YAZI (BEYKENT)
 11
0.0000000000000001
 21
1.0
 31
0.0
 73
     1
 44
1.0
  0
POINT
  5
179D
330
1413
100
AcDbEntity
  8
Defpoints
 62
     0
440
 16777216
100
AcDbPoint
 10
3354.914596724886
 20
2439.167413679704
 30
0.0
  0
POINT
  5
179E
330
1413
100
AcDbEntity
  8
Defpoints
 62
     0
440
 16777216
100
AcDbPoint
 10
3354.914596724886
 20
2774.167413679704
 30
0.0
  0
POINT
  5
179F
330
1413
100
AcDbEntity
  8
Defpoints
 62
     0
440
 16777216
100
AcDbPoint
 10
3354.91459672541
 20
2774.167413679704
 30
0.0
  0
ENDBLK
  5
1415
330
1413
100
AcDbEntity
  8
0
100
AcDbBlockEnd
  0
BLOCK
  5
1420
330
141F
100
AcDbEntity
  8
0
100
AcDbBlockBegin
  2
*D180
 70
     1
 10
0.0
 20
0.0
 30
0.0
  3
*D180
  1

  0
LINE
  5
17A0
330
141F
100
AcDbEntity
  8
AKS OLCU (BEYKENT)
 62
     0
440
 16777216
370
    -2
100
AcDbLine
 10
3357.914596724886
 20
2774.167413679704
 30
0.0
 11
3355.09459672541
 21
2774.167413679704
 31
0.0
  0
LINE
  5
17A1
330
141F
100
AcDbEntity
  8
AKS OLCU (BEYKENT)
 62
     0
440
 16777216
370
    -2
100
AcDbLine
 10
3357.914596724886
 20
2949.167413679704
 30
0.0
 11
3355.09459672541
 21
2949.167413679704
 31
0.0
  0
LINE
  5
17A2
330
141F
100
AcDbEntity
  8
AKS OLCU (BEYKENT)
 62
     0
440
 16777216
370
    -2
100
AcDbLine
 10
3354.91459672541
 20
2774.167413679704
 30
0.0
 11
3354.91459672541
 21
2949.167413679704
 31
0.0
  0
LINE
  5
17A3
330
141F
100
AcDbEntity
  8
AKS OLCU (BEYKENT)
 62
     0
440
 16777216
370
    -2
100
AcDbLine
 10
3357.91459672541
 20
2946.167413679704
 30
0.0
 11
3351.91459672541
 21
2952.167413679704
 31
0.0
  0
LINE
  5
17A4
330
141F
100
AcDbEntity
  8
AKS OLCU (BEYKENT)
 62
     0
440
 16777216
370
    -2
100
AcDbLine
 10
3357.91459672541
 20
2771.167413679704
 30
0.0
 11
3351.91459672541
 21
2777.167413679704
 31
0.0
  0
MTEXT
  5
17A5
330
141F
100
AcDbEntity
  8
AKS OLCU (BEYKENT)
 62
     7
440
 16777216
100
AcDbMText
 10
3346.85269851358
 20
2861.667413679703
 30
0.0
 40
12.0
 41
0.0
 46
0.0
 71
     5
 72
     1
  1
\A1;175
  7
YAZI (BEYKENT)
 11
0.0000000000000001
 21
1.0
 31
0.0
 73
     1
 44
1.0
  0
POINT
  5
17A6
330
141F
100
AcDbEntity
  8
Defpoints
 62
     0
440
 16777216
100
AcDbPoint
 10
3354.914596724886
 20
2774.167413679704
 30
0.0
  0
POINT
  5
17A7
330
141F
100
AcDbEntity
  8
Defpoints
 62
     0
440
 16777216
100
AcDbPoint
 10
3354.914596724886
 20
2949.167413679704
 30
0.0
  0
POINT
  5
17A8
330
141F
100
AcDbEntity
  8
Defpoints
 62
     0
440
 16777216
100
AcDbPoint
 10
3354.91459672541
 20
2949.167413679704
 30
0.0
  0
ENDBLK
  5
1421
330
141F
100
AcDbEntity
  8
0
100
AcDbBlockEnd
  0
BLOCK
  5
142C
330
142B
100
AcDbEntity
  8
0
100
AcDbBlockBegin
  2
*D181
 70
     1
 10
0.0
 20
0.0
 30
0.0
  3
*D181
  1

  0
LINE
  5
17A9
330
142B
100
AcDbEntity
  8
AKS OLCU (BEYKENT)
 62
     0
440
 16777216
370
    -2
100
AcDbLine
 10
3357.914596724886
 20
2949.167413679704
 30
0.0
 11
3355.09459672541
 21
2949.167413679704
 31
0.0
  0
LINE
  5
17AA
330
142B
100
AcDbEntity
  8
AKS OLCU (BEYKENT)
 62
     0
440
 16777216
370
    -2
100
AcDbLine
 10
3357.914596724886
 20
3174.167413679705
 30
0.0
 11
3355.09459672541
 21
3174.167413679705
 31
0.0
  0
LINE
  5
17AB
330
142B
100
AcDbEntity
  8
AKS OLCU (BEYKENT)
 62
     0
440
 16777216
370
    -2
100
AcDbLine
 10
3354.914596725411
 20
2949.167413679704
 30
0.0
 11
3354.91459672541
 21
3174.167413679705
 31
0.0
  0
LINE
  5
17AC
330
142B
100
AcDbEntity
  8
AKS OLCU (BEYKENT)
 62
     0
440
 16777216
370
    -2
100
AcDbLine
 10
3357.91459672541
 20
3171.167413679705
 30
0.0
 11
3351.91459672541
 21
3177.167413679705
 31
0.0
  0
LINE
  5
17AD
330
142B
100
AcDbEntity
  8
AKS OLCU (BEYKENT)
 62
     0
440
 16777216
370
    -2
100
AcDbLine
 10
3357.914596725411
 20
2946.167413679704
 30
0.0
 11
3351.914596725411
 21
2952.167413679704
 31
0.0
  0
MTEXT
  5
17AE
330
142B
100
AcDbEntity
  8
AKS OLCU (BEYKENT)
 62
     7
440
 16777216
100
AcDbMText
 10
3346.790800301751
 20
3061.667413679703
 30
0.0
 40
12.0
 41
0.0
 46
0.0
 71
     5
 72
     1
  1
\A1;225
  7
YAZI (BEYKENT)
 11
0.0000000000000001
 21
1.0
 31
0.0
 73
     1
 44
1.0
  0
POINT
  5
17AF
330
142B
100
AcDbEntity
  8
Defpoints
 62
     0
440
 16777216
100
AcDbPoint
 10
3354.914596724886
 20
2949.167413679704
 30
0.0
  0
POINT
  5
17B0
330
142B
100
AcDbEntity
  8
Defpoints
 62
     0
440
 16777216
100
AcDbPoint
 10
3354.914596724886
 20
3174.167413679705
 30
0.0
  0
POINT
  5
17B1
330
142B
100
AcDbEntity
  8
Defpoints
 62
     0
440
 16777216
100
AcDbPoint
 10
3354.91459672541
 20
3174.167413679705
 30
0.0
  0
ENDBLK
  5
142D
330
142B
100
AcDbEntity
  8
0
100
AcDbBlockEnd
  0
BLOCK
  5
1438
330
1437
100
AcDbEntity
  8
0
100
AcDbBlockBegin
  2
*D182
 70
     1
 10
0.0
 20
0.0
 30
0.0
  3
*D182
  1

  0
LINE
  5
17B2
330
1437
100
AcDbEntity
  8
AKS OLCU (BEYKENT)
 62
     0
440
 16777216
370
    -2
100
AcDbLine
 10
3357.914596724886
 20
3174.167413679705
 30
0.0
 11
3355.09459672541
 21
3174.167413679705
 31
0.0
  0
LINE
  5
17B3
330
1437
100
AcDbEntity
  8
AKS OLCU (BEYKENT)
 62
     0
440
 16777216
370
    -2
100
AcDbLine
 10
3357.914596724886
 20
3474.167413679705
 30
0.0
 11
3355.09459672541
 21
3474.167413679705
 31
0.0
  0
LINE
  5
17B4
330
1437
100
AcDbEntity
  8
AKS OLCU (BEYKENT)
 62
     0
440
 16777216
370
    -2
100
AcDbLine
 10
3354.91459672541
 20
3174.167413679705
 30
0.0
 11
3354.91459672541
 21
3474.167413679705
 31
0.0
  0
LINE
  5
17B5
330
1437
100
AcDbEntity
  8
AKS OLCU (BEYKENT)
 62
     0
440
 16777216
370
    -2
100
AcDbLine
 10
3357.91459672541
 20
3471.167413679705
 30
0.0
 11
3351.91459672541
 21
3477.167413679705
 31
0.0
  0
LINE
  5
17B6
330
1437
100
AcDbEntity
  8
AKS OLCU (BEYKENT)
 62
     0
440
 16777216
370
    -2
100
AcDbLine
 10
3357.91459672541
 20
3171.167413679705
 30
0.0
 11
3351.91459672541
 21
3177.167413679705
 31
0.0
  0
MTEXT
  5
17B7
330
1437
100
AcDbEntity
  8
AKS OLCU (BEYKENT)
 62
     7
440
 16777216
100
AcDbMText
 10
3346.790800301751
 20
3324.167413679703
 30
0.0
 40
12.0
 41
0.0
 46
0.0
 71
     5
 72
     1
  1
\A1;300
  7
YAZI (BEYKENT)
 11
0.0000000000000001
 21
1.0
 31
0.0
 73
     1
 44
1.0
  0
POINT
  5
17B8
330
1437
100
AcDbEntity
  8
Defpoints
 62
     0
440
 16777216
100
AcDbPoint
 10
3354.914596724886
 20
3174.167413679705
 30
0.0
  0
POINT
  5
17B9
330
1437
100
AcDbEntity
  8
Defpoints
 62
     0
440
 16777216
100
AcDbPoint
 10
3354.914596724886
 20
3474.167413679705
 30
0.0
  0
POINT
  5
17BA
330
1437
100
AcDbEntity
  8
Defpoints
 62
     0
440
 16777216
100
AcDbPoint
 10
3354.91459672541
 20
3474.167413679705
 30
0.0
  0
ENDBLK
  5
1439
330
1437
100
AcDbEntity
  8
0
100
AcDbBlockEnd
  0
BLOCK
  5
1444
330
1443
100
AcDbEntity
  8
0
100
AcDbBlockBegin
  2
*D183
 70
     1
 10
0.0
 20
0.0
 30
0.0
  3
*D183
  1

  0
LINE
  5
17BB
330
1443
100
AcDbEntity
  8
AKS OLCU (BEYKENT)
 62
     0
440
 16777216
370
    -2
100
AcDbLine
 10
8877.909947562887
 20
874.1674136797032
 30
0.0
 11
8875.089947563413
 21
874.1674136797032
 31
0.0
  0
LINE
  5
17BC
330
1443
100
AcDbEntity
  8
AKS OLCU (BEYKENT)
 62
     0
440
 16777216
370
    -2
100
AcDbLine
 10
8877.909947562887
 20
3474.167413679705
 30
0.0
 11
8875.089947563413
 21
3474.167413679705
 31
0.0
  0
LINE
  5
17BD
330
1443
100
AcDbEntity
  8
AKS OLCU (BEYKENT)
 62
     0
440
 16777216
370
    -2
100
AcDbLine
 10
8874.909947563413
 20
874.1674136797032
 30
0.0
 11
8874.909947563413
 21
3474.167413679705
 31
0.0
  0
LINE
  5
17BE
330
1443
100
AcDbEntity
  8
AKS OLCU (BEYKENT)
 62
     0
440
 16777216
370
    -2
100
AcDbLine
 10
8877.909947563413
 20
3471.167413679705
 30
0.0
 11
8871.909947563413
 21
3477.167413679705
 31
0.0
  0
LINE
  5
17BF
330
1443
100
AcDbEntity
  8
AKS OLCU (BEYKENT)
 62
     0
440
 16777216
370
    -2
100
AcDbLine
 10
8877.909947563413
 20
871.1674136797032
 30
0.0
 11
8871.909947563413
 21
877.1674136797033
 31
0.0
  0
MTEXT
  5
17C0
330
1443
100
AcDbEntity
  8
AKS OLCU (BEYKENT)
 62
     7
440
 16777216
100
AcDbMText
 10
8866.786151139752
 20
2174.167413679701
 30
0.0
 40
12.0
 41
0.0
 46
0.0
 71
     5
 72
     1
  1
\A1;2600
  7
YAZI (BEYKENT)
 11
0.0000000000000001
 21
1.0
 31
0.0
 73
     1
 44
1.0
  0
POINT
  5
17C1
330
1443
100
AcDbEntity
  8
Defpoints
 62
     0
440
 16777216
100
AcDbPoint
 10
8874.909947562887
 20
874.1674136797032
 30
0.0
  0
POINT
  5
17C2
330
1443
100
AcDbEntity
  8
Defpoints
 62
     0
440
 16777216
100
AcDbPoint
 10
8874.909947562887
 20
3474.167413679705
 30
0.0
  0
POINT
  5
17C3
330
1443
100
AcDbEntity
  8
Defpoints
 62
     0
440
 16777216
100
AcDbPoint
 10
8874.909947563413
 20
3474.167413679705
 30
0.0
  0
ENDBLK
  5
1445
330
1443
100
AcDbEntity
  8
0
100
AcDbBlockEnd
  0
BLOCK
  5
1450
330
144F
100
AcDbEntity
  8
0
100
AcDbBlockBegin
  2
*D184
 70
     1
 10
0.0
 20
0.0
 30
0.0
  3
*D184
  1

  0
LINE
  5
17C4
330
144F
100
AcDbEntity
  8
AKS OLCU (BEYKENT)
 62
     0
440
 16777216
370
    -2
100
AcDbLine
 10
8857.909947562886
 20
874.1674136797032
 30
0.0
 11
8855.089947563412
 21
874.1674136797032
 31
0.0
  0
LINE
  5
17C5
330
144F
100
AcDbEntity
  8
AKS OLCU (BEYKENT)
 62
     0
440
 16777216
370
    -2
100
AcDbLine
 10
8857.909947562886
 20
1084.167413679703
 30
0.0
 11
8855.089947563412
 21
1084.167413679703
 31
0.0
  0
LINE
  5
17C6
330
144F
100
AcDbEntity
  8
AKS OLCU (BEYKENT)
 62
     0
440
 16777216
370
    -2
100
AcDbLine
 10
8854.909947563411
 20
874.1674136797032
 30
0.0
 11
8854.909947563411
 21
1084.167413679703
 31
0.0
  0
LINE
  5
17C7
330
144F
100
AcDbEntity
  8
AKS OLCU (BEYKENT)
 62
     0
440
 16777216
370
    -2
100
AcDbLine
 10
8857.909947563411
 20
1081.167413679703
 30
0.0
 11
8851.909947563411
 21
1087.167413679703
 31
0.0
  0
LINE
  5
17C8
330
144F
100
AcDbEntity
  8
AKS OLCU (BEYKENT)
 62
     0
440
 16777216
370
    -2
100
AcDbLine
 10
8857.909947563411
 20
871.1674136797032
 30
0.0
 11
8851.909947563411
 21
877.1674136797033
 31
0.0
  0
MTEXT
  5
17C9
330
144F
100
AcDbEntity
  8
AKS OLCU (BEYKENT)
 62
     7
440
 16777216
100
AcDbMText
 10
8846.786151139751
 20
979.1674136797004
 30
0.0
 40
12.0
 41
0.0
 46
0.0
 71
     5
 72
     1
  1
\A1;210
  7
YAZI (BEYKENT)
 11
0.0000000000000001
 21
1.0
 31
0.0
 73
     1
 44
1.0
  0
POINT
  5
17CA
330
144F
100
AcDbEntity
  8
Defpoints
 62
     0
440
 16777216
100
AcDbPoint
 10
8854.909947562886
 20
874.1674136797032
 30
0.0
  0
POINT
  5
17CB
330
144F
100
AcDbEntity
  8
Defpoints
 62
     0
440
 16777216
100
AcDbPoint
 10
8854.909947562886
 20
1084.167413679703
 30
0.0
  0
POINT
  5
17CC
330
144F
100
AcDbEntity
  8
Defpoints
 62
     0
440
 16777216
100
AcDbPoint
 10
8854.909947563411
 20
1084.167413679703
 30
0.0
  0
ENDBLK
  5
1451
330
144F
100
AcDbEntity
  8
0
100
AcDbBlockEnd
  0
BLOCK
  5
145C
330
145B
100
AcDbEntity
  8
0
100
AcDbBlockBegin
  2
*D185
 70
     1
 10
0.0
 20
0.0
 30
0.0
  3
*D185
  1

  0
LINE
  5
17CD
330
145B
100
AcDbEntity
  8
AKS OLCU (BEYKENT)
 62
     0
440
 16777216
370
    -2
100
AcDbLine
 10
8857.909947562886
 20
1084.167413679703
 30
0.0
 11
8855.089947563412
 21
1084.167413679703
 31
0.0
  0
LINE
  5
17CE
330
145B
100
AcDbEntity
  8
AKS OLCU (BEYKENT)
 62
     0
440
 16777216
370
    -2
100
AcDbLine
 10
8857.909947562886
 20
1399.167413679703
 30
0.0
 11
8855.089947563412
 21
1399.167413679703
 31
0.0
  0
LINE
  5
17CF
330
145B
100
AcDbEntity
  8
AKS OLCU (BEYKENT)
 62
     0
440
 16777216
370
    -2
100
AcDbLine
 10
8854.909947563411
 20
1084.167413679703
 30
0.0
 11
8854.909947563411
 21
1399.167413679703
 31
0.0
  0
LINE
  5
17D0
330
145B
100
AcDbEntity
  8
AKS OLCU (BEYKENT)
 62
     0
440
 16777216
370
    -2
100
AcDbLine
 10
8857.909947563411
 20
1396.167413679703
 30
0.0
 11
8851.909947563411
 21
1402.167413679703
 31
0.0
  0
LINE
  5
17D1
330
145B
100
AcDbEntity
  8
AKS OLCU (BEYKENT)
 62
     0
440
 16777216
370
    -2
100
AcDbLine
 10
8857.909947563411
 20
1081.167413679703
 30
0.0
 11
8851.909947563411
 21
1087.167413679703
 31
0.0
  0
MTEXT
  5
17D2
330
145B
100
AcDbEntity
  8
AKS OLCU (BEYKENT)
 62
     7
440
 16777216
100
AcDbMText
 10
8846.786151139751
 20
1241.667413679701
 30
0.0
 40
12.0
 41
0.0
 46
0.0
 71
     5
 72
     1
  1
\A1;315
  7
YAZI (BEYKENT)
 11
0.0000000000000001
 21
1.0
 31
0.0
 73
     1
 44
1.0
  0
POINT
  5
17D3
330
145B
100
AcDbEntity
  8
Defpoints
 62
     0
440
 16777216
100
AcDbPoint
 10
8854.909947562886
 20
1084.167413679703
 30
0.0
  0
POINT
  5
17D4
330
145B
100
AcDbEntity
  8
Defpoints
 62
     0
440
 16777216
100
AcDbPoint
 10
8854.909947562886
 20
1399.167413679703
 30
0.0
  0
POINT
  5
17D5
330
145B
100
AcDbEntity
  8
Defpoints
 62
     0
440
 16777216
100
AcDbPoint
 10
8854.909947563411
 20
1399.167413679703
 30
0.0
  0
ENDBLK
  5
145D
330
145B
100
AcDbEntity
  8
0
100
AcDbBlockEnd
  0
BLOCK
  5
1468
330
1467
100
AcDbEntity
  8
0
100
AcDbBlockBegin
  2
*D186
 70
     1
 10
0.0
 20
0.0
 30
0.0
  3
*D186
  1

  0
LINE
  5
17D6
330
1467
100
AcDbEntity
  8
AKS OLCU (BEYKENT)
 62
     0
440
 16777216
370
    -2
100
AcDbLine
 10
8857.909947562886
 20
1399.167413679703
 30
0.0
 11
8855.089947563412
 21
1399.167413679703
 31
0.0
  0
LINE
  5
17D7
330
1467
100
AcDbEntity
  8
AKS OLCU (BEYKENT)
 62
     0
440
 16777216
370
    -2
100
AcDbLine
 10
8857.909947562886
 20
1574.167413679704
 30
0.0
 11
8855.089947563412
 21
1574.167413679704
 31
0.0
  0
LINE
  5
17D8
330
1467
100
AcDbEntity
  8
AKS OLCU (BEYKENT)
 62
     0
440
 16777216
370
    -2
100
AcDbLine
 10
8854.909947563411
 20
1399.167413679703
 30
0.0
 11
8854.909947563411
 21
1574.167413679704
 31
0.0
  0
LINE
  5
17D9
330
1467
100
AcDbEntity
  8
AKS OLCU (BEYKENT)
 62
     0
440
 16777216
370
    -2
100
AcDbLine
 10
8857.909947563411
 20
1571.167413679703
 30
0.0
 11
8851.909947563411
 21
1577.167413679704
 31
0.0
  0
LINE
  5
17DA
330
1467
100
AcDbEntity
  8
AKS OLCU (BEYKENT)
 62
     0
440
 16777216
370
    -2
100
AcDbLine
 10
8857.909947563411
 20
1396.167413679703
 30
0.0
 11
8851.909947563411
 21
1402.167413679703
 31
0.0
  0
MTEXT
  5
17DB
330
1467
100
AcDbEntity
  8
AKS OLCU (BEYKENT)
 62
     7
440
 16777216
100
AcDbMText
 10
8846.84804935158
 20
1486.6674136797
 30
0.0
 40
12.0
 41
0.0
 46
0.0
 71
     5
 72
     1
  1
\A1;175
  7
YAZI (BEYKENT)
 11
0.0000000000000001
 21
1.0
 31
0.0
 73
     1
 44
1.0
  0
POINT
  5
17DC
330
1467
100
AcDbEntity
  8
Defpoints
 62
     0
440
 16777216
100
AcDbPoint
 10
8854.909947562886
 20
1399.167413679703
 30
0.0
  0
POINT
  5
17DD
330
1467
100
AcDbEntity
  8
Defpoints
 62
     0
440
 16777216
100
AcDbPoint
 10
8854.909947562886
 20
1574.167413679704
 30
0.0
  0
POINT
  5
17DE
330
1467
100
AcDbEntity
  8
Defpoints
 62
     0
440
 16777216
100
AcDbPoint
 10
8854.909947563411
 20
1574.167413679704
 30
0.0
  0
ENDBLK
  5
1469
330
1467
100
AcDbEntity
  8
0
100
AcDbBlockEnd
  0
BLOCK
  5
1474
330
1473
100
AcDbEntity
  8
0
100
AcDbBlockBegin
  2
*D187
 70
     1
 10
0.0
 20
0.0
 30
0.0
  3
*D187
  1

  0
LINE
  5
17DF
330
1473
100
AcDbEntity
  8
AKS OLCU (BEYKENT)
 62
     0
440
 16777216
370
    -2
100
AcDbLine
 10
8857.909947562886
 20
1574.167413679704
 30
0.0
 11
8855.089947563412
 21
1574.167413679704
 31
0.0
  0
LINE
  5
17E0
330
1473
100
AcDbEntity
  8
AKS OLCU (BEYKENT)
 62
     0
440
 16777216
370
    -2
100
AcDbLine
 10
8857.909947562886
 20
1939.167413679703
 30
0.0
 11
8855.089947563412
 21
1939.167413679703
 31
0.0
  0
LINE
  5
17E1
330
1473
100
AcDbEntity
  8
AKS OLCU (BEYKENT)
 62
     0
440
 16777216
370
    -2
100
AcDbLine
 10
8854.909947563411
 20
1574.167413679704
 30
0.0
 11
8854.909947563411
 21
1939.167413679703
 31
0.0
  0
LINE
  5
17E2
330
1473
100
AcDbEntity
  8
AKS OLCU (BEYKENT)
 62
     0
440
 16777216
370
    -2
100
AcDbLine
 10
8857.909947563411
 20
1936.167413679704
 30
0.0
 11
8851.909947563411
 21
1942.167413679704
 31
0.0
  0
LINE
  5
17E3
330
1473
100
AcDbEntity
  8
AKS OLCU (BEYKENT)
 62
     0
440
 16777216
370
    -2
100
AcDbLine
 10
8857.909947563411
 20
1571.167413679703
 30
0.0
 11
8851.909947563411
 21
1577.167413679704
 31
0.0
  0
MTEXT
  5
17E4
330
1473
100
AcDbEntity
  8
AKS OLCU (BEYKENT)
 62
     7
440
 16777216
100
AcDbMText
 10
8846.786151139751
 20
1756.667413679701
 30
0.0
 40
12.0
 41
0.0
 46
0.0
 71
     5
 72
     1
  1
\A1;365
  7
YAZI (BEYKENT)
 11
0.0000000000000001
 21
1.0
 31
0.0
 73
     1
 44
1.0
  0
POINT
  5
17E5
330
1473
100
AcDbEntity
  8
Defpoints
 62
     0
440
 16777216
100
AcDbPoint
 10
8854.909947562886
 20
1574.167413679704
 30
0.0
  0
POINT
  5
17E6
330
1473
100
AcDbEntity
  8
Defpoints
 62
     0
440
 16777216
100
AcDbPoint
 10
8854.909947562886
 20
1939.167413679703
 30
0.0
  0
POINT
  5
17E7
330
1473
100
AcDbEntity
  8
Defpoints
 62
     0
440
 16777216
100
AcDbPoint
 10
8854.909947563411
 20
1939.167413679703
 30
0.0
  0
ENDBLK
  5
1475
330
1473
100
AcDbEntity
  8
0
100
AcDbBlockEnd
  0
BLOCK
  5
1480
330
147F
100
AcDbEntity
  8
0
100
AcDbBlockBegin
  2
*D188
 70
     1
 10
0.0
 20
0.0
 30
0.0
  3
*D188
  1

  0
LINE
  5
17E8
330
147F
100
AcDbEntity
  8
AKS OLCU (BEYKENT)
 62
     0
440
 16777216
370
    -2
100
AcDbLine
 10
8857.909947562886
 20
1939.167413679703
 30
0.0
 11
8855.089947563412
 21
1939.167413679703
 31
0.0
  0
LINE
  5
17E9
330
147F
100
AcDbEntity
  8
AKS OLCU (BEYKENT)
 62
     0
440
 16777216
370
    -2
100
AcDbLine
 10
8857.909947562886
 20
2274.167413679704
 30
0.0
 11
8855.089947563412
 21
2274.167413679704
 31
0.0
  0
LINE
  5
17EA
330
147F
100
AcDbEntity
  8
AKS OLCU (BEYKENT)
 62
     0
440
 16777216
370
    -2
100
AcDbLine
 10
8854.909947563411
 20
1939.167413679703
 30
0.0
 11
8854.909947563411
 21
2274.167413679704
 31
0.0
  0
LINE
  5
17EB
330
147F
100
AcDbEntity
  8
AKS OLCU (BEYKENT)
 62
     0
440
 16777216
370
    -2
100
AcDbLine
 10
8857.909947563411
 20
2271.167413679703
 30
0.0
 11
8851.909947563411
 21
2277.167413679704
 31
0.0
  0
LINE
  5
17EC
330
147F
100
AcDbEntity
  8
AKS OLCU (BEYKENT)
 62
     0
440
 16777216
370
    -2
100
AcDbLine
 10
8857.909947563411
 20
1936.167413679704
 30
0.0
 11
8851.909947563411
 21
1942.167413679704
 31
0.0
  0
MTEXT
  5
17ED
330
147F
100
AcDbEntity
  8
AKS OLCU (BEYKENT)
 62
     7
440
 16777216
100
AcDbMText
 10
8846.786151139751
 20
2106.667413679701
 30
0.0
 40
12.0
 41
0.0
 46
0.0
 71
     5
 72
     1
  1
\A1;335
  7
YAZI (BEYKENT)
 11
0.0000000000000001
 21
1.0
 31
0.0
 73
     1
 44
1.0
  0
POINT
  5
17EE
330
147F
100
AcDbEntity
  8
Defpoints
 62
     0
440
 16777216
100
AcDbPoint
 10
8854.909947562886
 20
1939.167413679703
 30
0.0
  0
POINT
  5
17EF
330
147F
100
AcDbEntity
  8
Defpoints
 62
     0
440
 16777216
100
AcDbPoint
 10
8854.909947562886
 20
2274.167413679704
 30
0.0
  0
POINT
  5
17F0
330
147F
100
AcDbEntity
  8
Defpoints
 62
     0
440
 16777216
100
AcDbPoint
 10
8854.909947563411
 20
2274.167413679704
 30
0.0
  0
ENDBLK
  5
1481
330
147F
100
AcDbEntity
  8
0
100
AcDbBlockEnd
  0
BLOCK
  5
148C
330
148B
100
AcDbEntity
  8
0
100
AcDbBlockBegin
  2
*D189
 70
     1
 10
0.0
 20
0.0
 30
0.0
  3
*D189
  1

  0
LINE
  5
17F1
330
148B
100
AcDbEntity
  8
AKS OLCU (BEYKENT)
 62
     0
440
 16777216
370
    -2
100
AcDbLine
 10
8857.909947562886
 20
2274.167413679704
 30
0.0
 11
8855.089947563412
 21
2274.167413679704
 31
0.0
  0
LINE
  5
17F2
330
148B
100
AcDbEntity
  8
AKS OLCU (BEYKENT)
 62
     0
440
 16777216
370
    -2
100
AcDbLine
 10
8857.909947562886
 20
2439.167413679704
 30
0.0
 11
8855.089947563412
 21
2439.167413679704
 31
0.0
  0
LINE
  5
17F3
330
148B
100
AcDbEntity
  8
AKS OLCU (BEYKENT)
 62
     0
440
 16777216
370
    -2
100
AcDbLine
 10
8854.909947563411
 20
2274.167413679704
 30
0.0
 11
8854.909947563411
 21
2439.167413679704
 31
0.0
  0
LINE
  5
17F4
330
148B
100
AcDbEntity
  8
AKS OLCU (BEYKENT)
 62
     0
440
 16777216
370
    -2
100
AcDbLine
 10
8857.909947563411
 20
2436.167413679704
 30
0.0
 11
8851.909947563411
 21
2442.167413679704
 31
0.0
  0
LINE
  5
17F5
330
148B
100
AcDbEntity
  8
AKS OLCU (BEYKENT)
 62
     0
440
 16777216
370
    -2
100
AcDbLine
 10
8857.909947563411
 20
2271.167413679703
 30
0.0
 11
8851.909947563411
 21
2277.167413679704
 31
0.0
  0
MTEXT
  5
17F6
330
148B
100
AcDbEntity
  8
AKS OLCU (BEYKENT)
 62
     7
440
 16777216
100
AcDbMText
 10
8846.84804935158
 20
2356.667413679701
 30
0.0
 40
12.0
 41
0.0
 46
0.0
 71
     5
 72
     1
  1
\A1;165
  7
YAZI (BEYKENT)
 11
0.0000000000000001
 21
1.0
 31
0.0
 73
     1
 44
1.0
  0
POINT
  5
17F7
330
148B
100
AcDbEntity
  8
Defpoints
 62
     0
440
 16777216
100
AcDbPoint
 10
8854.909947562886
 20
2274.167413679704
 30
0.0
  0
POINT
  5
17F8
330
148B
100
AcDbEntity
  8
Defpoints
 62
     0
440
 16777216
100
AcDbPoint
 10
8854.909947562886
 20
2439.167413679704
 30
0.0
  0
POINT
  5
17F9
330
148B
100
AcDbEntity
  8
Defpoints
 62
     0
440
 16777216
100
AcDbPoint
 10
8854.909947563411
 20
2439.167413679704
 30
0.0
  0
ENDBLK
  5
148D
330
148B
100
AcDbEntity
  8
0
100
AcDbBlockEnd
  0
BLOCK
  5
1498
330
1497
100
AcDbEntity
  8
0
100
AcDbBlockBegin
  2
*D190
 70
     1
 10
0.0
 20
0.0
 30
0.0
  3
*D190
  1

  0
LINE
  5
17FA
330
1497
100
AcDbEntity
  8
AKS OLCU (BEYKENT)
 62
     0
440
 16777216
370
    -2
100
AcDbLine
 10
8857.909947562886
 20
2439.167413679704
 30
0.0
 11
8855.089947563412
 21
2439.167413679704
 31
0.0
  0
LINE
  5
17FB
330
1497
100
AcDbEntity
  8
AKS OLCU (BEYKENT)
 62
     0
440
 16777216
370
    -2
100
AcDbLine
 10
8857.909947562886
 20
2774.167413679704
 30
0.0
 11
8855.089947563412
 21
2774.167413679704
 31
0.0
  0
LINE
  5
17FC
330
1497
100
AcDbEntity
  8
AKS OLCU (BEYKENT)
 62
     0
440
 16777216
370
    -2
100
AcDbLine
 10
8854.909947563411
 20
2439.167413679704
 30
0.0
 11
8854.909947563411
 21
2774.167413679704
 31
0.0
  0
LINE
  5
17FD
330
1497
100
AcDbEntity
  8
AKS OLCU (BEYKENT)
 62
     0
440
 16777216
370
    -2
100
AcDbLine
 10
8857.909947563411
 20
2771.167413679704
 30
0.0
 11
8851.909947563411
 21
2777.167413679704
 31
0.0
  0
LINE
  5
17FE
330
1497
100
AcDbEntity
  8
AKS OLCU (BEYKENT)
 62
     0
440
 16777216
370
    -2
100
AcDbLine
 10
8857.909947563411
 20
2436.167413679704
 30
0.0
 11
8851.909947563411
 21
2442.167413679704
 31
0.0
  0
MTEXT
  5
17FF
330
1497
100
AcDbEntity
  8
AKS OLCU (BEYKENT)
 62
     7
440
 16777216
100
AcDbMText
 10
8846.786151139751
 20
2606.667413679701
 30
0.0
 40
12.0
 41
0.0
 46
0.0
 71
     5
 72
     1
  1
\A1;335
  7
YAZI (BEYKENT)
 11
0.0000000000000001
 21
1.0
 31
0.0
 73
     1
 44
1.0
  0
POINT
  5
1800
330
1497
100
AcDbEntity
  8
Defpoints
 62
     0
440
 16777216
100
AcDbPoint
 10
8854.909947562886
 20
2439.167413679704
 30
0.0
  0
POINT
  5
1801
330
1497
100
AcDbEntity
  8
Defpoints
 62
     0
440
 16777216
100
AcDbPoint
 10
8854.909947562886
 20
2774.167413679704
 30
0.0
  0
POINT
  5
1802
330
1497
100
AcDbEntity
  8
Defpoints
 62
     0
440
 16777216
100
AcDbPoint
 10
8854.909947563411
 20
2774.167413679704
 30
0.0
  0
ENDBLK
  5
1499
330
1497
100
AcDbEntity
  8
0
100
AcDbBlockEnd
  0
BLOCK
  5
14A4
330
14A3
100
AcDbEntity
  8
0
100
AcDbBlockBegin
  2
*D191
 70
     1
 10
0.0
 20
0.0
 30
0.0
  3
*D191
  1

  0
LINE
  5
1803
330
14A3
100
AcDbEntity
  8
AKS OLCU (BEYKENT)
 62
     0
440
 16777216
370
    -2
100
AcDbLine
 10
8857.909947562886
 20
2774.167413679704
 30
0.0
 11
8855.089947563412
 21
2774.167413679704
 31
0.0
  0
LINE
  5
1804
330
14A3
100
AcDbEntity
  8
AKS OLCU (BEYKENT)
 62
     0
440
 16777216
370
    -2
100
AcDbLine
 10
8857.909947562886
 20
2949.167413679704
 30
0.0
 11
8855.089947563412
 21
2949.167413679704
 31
0.0
  0
LINE
  5
1805
330
14A3
100
AcDbEntity
  8
AKS OLCU (BEYKENT)
 62
     0
440
 16777216
370
    -2
100
AcDbLine
 10
8854.909947563411
 20
2774.167413679704
 30
0.0
 11
8854.909947563411
 21
2949.167413679704
 31
0.0
  0
LINE
  5
1806
330
14A3
100
AcDbEntity
  8
AKS OLCU (BEYKENT)
 62
     0
440
 16777216
370
    -2
100
AcDbLine
 10
8857.909947563411
 20
2946.167413679704
 30
0.0
 11
8851.909947563411
 21
2952.167413679704
 31
0.0
  0
LINE
  5
1807
330
14A3
100
AcDbEntity
  8
AKS OLCU (BEYKENT)
 62
     0
440
 16777216
370
    -2
100
AcDbLine
 10
8857.909947563411
 20
2771.167413679704
 30
0.0
 11
8851.909947563411
 21
2777.167413679704
 31
0.0
  0
MTEXT
  5
1808
330
14A3
100
AcDbEntity
  8
AKS OLCU (BEYKENT)
 62
     7
440
 16777216
100
AcDbMText
 10
8846.84804935158
 20
2861.667413679701
 30
0.0
 40
12.0
 41
0.0
 46
0.0
 71
     5
 72
     1
  1
\A1;175
  7
YAZI (BEYKENT)
 11
0.0000000000000001
 21
1.0
 31
0.0
 73
     1
 44
1.0
  0
POINT
  5
1809
330
14A3
100
AcDbEntity
  8
Defpoints
 62
     0
440
 16777216
100
AcDbPoint
 10
8854.909947562886
 20
2774.167413679704
 30
0.0
  0
POINT
  5
180A
330
14A3
100
AcDbEntity
  8
Defpoints
 62
     0
440
 16777216
100
AcDbPoint
 10
8854.909947562886
 20
2949.167413679704
 30
0.0
  0
POINT
  5
180B
330
14A3
100
AcDbEntity
  8
Defpoints
 62
     0
440
 16777216
100
AcDbPoint
 10
8854.909947563411
 20
2949.167413679704
 30
0.0
  0
ENDBLK
  5
14A5
330
14A3
100
AcDbEntity
  8
0
100
AcDbBlockEnd
  0
BLOCK
  5
14B0
330
14AF
100
AcDbEntity
  8
0
100
AcDbBlockBegin
  2
*D192
 70
     1
 10
0.0
 20
0.0
 30
0.0
  3
*D192
  1

  0
LINE
  5
180C
330
14AF
100
AcDbEntity
  8
AKS OLCU (BEYKENT)
 62
     0
440
 16777216
370
    -2
100
AcDbLine
 10
8857.909947562886
 20
2949.167413679704
 30
0.0
 11
8855.089947563412
 21
2949.167413679704
 31
0.0
  0
LINE
  5
180D
330
14AF
100
AcDbEntity
  8
AKS OLCU (BEYKENT)
 62
     0
440
 16777216
370
    -2
100
AcDbLine
 10
8857.909947562886
 20
3174.167413679705
 30
0.0
 11
8855.089947563412
 21
3174.167413679705
 31
0.0
  0
LINE
  5
180E
330
14AF
100
AcDbEntity
  8
AKS OLCU (BEYKENT)
 62
     0
440
 16777216
370
    -2
100
AcDbLine
 10
8854.909947563411
 20
2949.167413679704
 30
0.0
 11
8854.909947563411
 21
3174.167413679705
 31
0.0
  0
LINE
  5
180F
330
14AF
100
AcDbEntity
  8
AKS OLCU (BEYKENT)
 62
     0
440
 16777216
370
    -2
100
AcDbLine
 10
8857.909947563411
 20
3171.167413679705
 30
0.0
 11
8851.909947563411
 21
3177.167413679705
 31
0.0
  0
LINE
  5
1810
330
14AF
100
AcDbEntity
  8
AKS OLCU (BEYKENT)
 62
     0
440
 16777216
370
    -2
100
AcDbLine
 10
8857.909947563411
 20
2946.167413679704
 30
0.0
 11
8851.909947563411
 21
2952.167413679704
 31
0.0
  0
MTEXT
  5
1811
330
14AF
100
AcDbEntity
  8
AKS OLCU (BEYKENT)
 62
     7
440
 16777216
100
AcDbMText
 10
8846.786151139751
 20
3061.667413679702
 30
0.0
 40
12.0
 41
0.0
 46
0.0
 71
     5
 72
     1
  1
\A1;225
  7
YAZI (BEYKENT)
 11
0.0000000000000001
 21
1.0
 31
0.0
 73
     1
 44
1.0
  0
POINT
  5
1812
330
14AF
100
AcDbEntity
  8
Defpoints
 62
     0
440
 16777216
100
AcDbPoint
 10
8854.909947562886
 20
2949.167413679704
 30
0.0
  0
POINT
  5
1813
330
14AF
100
AcDbEntity
  8
Defpoints
 62
     0
440
 16777216
100
AcDbPoint
 10
8854.909947562886
 20
3174.167413679705
 30
0.0
  0
POINT
  5
1814
330
14AF
100
AcDbEntity
  8
Defpoints
 62
     0
440
 16777216
100
AcDbPoint
 10
8854.909947563411
 20
3174.167413679705
 30
0.0
  0
ENDBLK
  5
14B1
330
14AF
100
AcDbEntity
  8
0
100
AcDbBlockEnd
  0
BLOCK
  5
14BC
330
14BB
100
AcDbEntity
  8
0
100
AcDbBlockBegin
  2
*D193
 70
     1
 10
0.0
 20
0.0
 30
0.0
  3
*D193
  1

  0
LINE
  5
1815
330
14BB
100
AcDbEntity
  8
AKS OLCU (BEYKENT)
 62
     0
440
 16777216
370
    -2
100
AcDbLine
 10
8857.909947562886
 20
3174.167413679705
 30
0.0
 11
8855.089947563412
 21
3174.167413679705
 31
0.0
  0
LINE
  5
1816
330
14BB
100
AcDbEntity
  8
AKS OLCU (BEYKENT)
 62
     0
440
 16777216
370
    -2
100
AcDbLine
 10
8857.909947562886
 20
3474.167413679705
 30
0.0
 11
8855.089947563412
 21
3474.167413679705
 31
0.0
  0
LINE
  5
1817
330
14BB
100
AcDbEntity
  8
AKS OLCU (BEYKENT)
 62
     0
440
 16777216
370
    -2
100
AcDbLine
 10
8854.909947563411
 20
3174.167413679705
 30
0.0
 11
8854.909947563411
 21
3474.167413679705
 31
0.0
  0
LINE
  5
1818
330
14BB
100
AcDbEntity
  8
AKS OLCU (BEYKENT)
 62
     0
440
 16777216
370
    -2
100
AcDbLine
 10
8857.909947563411
 20
3471.167413679705
 30
0.0
 11
8851.909947563411
 21
3477.167413679705
 31
0.0
  0
LINE
  5
1819
330
14BB
100
AcDbEntity
  8
AKS OLCU (BEYKENT)
 62
     0
440
 16777216
370
    -2
100
AcDbLine
 10
8857.909947563411
 20
3171.167413679705
 30
0.0
 11
8851.909947563411
 21
3177.167413679705
 31
0.0
  0
MTEXT
  5
181A
330
14BB
100
AcDbEntity
  8
AKS OLCU (BEYKENT)
 62
     7
440
 16777216
100
AcDbMText
 10
8846.786151139751
 20
3324.167413679702
 30
0.0
 40
12.0
 41
0.0
 46
0.0
 71
     5
 72
     1
  1
\A1;300
  7
YAZI (BEYKENT)
 11
0.0000000000000001
 21
1.0
 31
0.0
 73
     1
 44
1.0
  0
POINT
  5
181B
330
14BB
100
AcDbEntity
  8
Defpoints
 62
     0
440
 16777216
100
AcDbPoint
 10
8854.909947562886
 20
3174.167413679705
 30
0.0
  0
POINT
  5
181C
330
14BB
100
AcDbEntity
  8
Defpoints
 62
     0
440
 16777216
100
AcDbPoint
 10
8854.909947562886
 20
3474.167413679705
 30
0.0
  0
POINT
  5
181D
330
14BB
100
AcDbEntity
  8
Defpoints
 62
     0
440
 16777216
100
AcDbPoint
 10
8854.909947563411
 20
3474.167413679705
 30
0.0
  0
ENDBLK
  5
14BD
330
14BB
100
AcDbEntity
  8
0
100
AcDbBlockEnd
  0
ENDSEC
  0
SECTION
  2
ENTITIES
  0
HATCH
  5
BE6
330
1F
100
AcDbEntity
  8
TARAMA (BEYKENT)
100
AcDbHatch
 10
0.0
 20
0.0
 30
0.0
210
0.0
220
0.0
230
1.0
  2
ANSI33
 70
     0
 71
     0
 91
        1
 92
       16
 93
        4
 72
     1
 10
5869.909947562883
 20
3424.167413679704
 11
5919.909947562882
 21
3424.167413679704
 72
     1
 10
5919.909947562882
 20
3424.167413679704
 11
5919.909947562882
 21
3474.167413679704
 72
     1
 10
5919.909947562882
 20
3474.167413679704
 11
5869.909947562883
 21
3474.167413679704
 72
     1
 10
5869.909947562883
 20
3474.167413679704
 11
5869.909947562883
 21
3424.167413679704
 97
        0
 75
     0
 76
     1
 52
0.0
 41
1.0
 77
     0
 78
     2
 53
45.0
 43
-54321.90050671051
 44
-11778.66443662224
 45
-4.490128060534576
 46
4.490128060534576
 79
     0
 53
45.0
 43
-54317.41037671051
 44
-11778.66443662224
 45
-4.490128060534576
 46
4.490128060534576
 79
     2
 49
3.174999999999999
 49
-1.587499999999999
 98
        1
 10
-54321.90050671051
 20
-11778.66443662224
  0
HATCH
  5
BE7
330
1F
100
AcDbEntity
  8
TARAMA (BEYKENT)
100
AcDbHatch
 10
0.0
 20
0.0
 30
0.0
210
0.0
220
0.0
230
1.0
  2
ANSI33
 70
     0
 71
     0
 91
        1
 92
       16
 93
        4
 72
     1
 10
6579.909947562882
 20
3144.167413679704
 11
6609.909947562883
 21
3144.167413679704
 72
     1
 10
6609.909947562883
 20
3144.167413679704
 11
6609.909947562883
 21
3474.167413679704
 72
     1
 10
6609.909947562883
 20
3474.167413679704
 11
6579.909947562882
 21
3474.167413679704
 72
     1
 10
6579.909947562882
 20
3474.167413679704
 11
6579.909947562882
 21
3144.167413679704
 97
        0
 75
     0
 76
     1
 52
0.0
 41
1.0
 77
     0
 78
     2
 53
45.0
 43
-54321.90050671051
 44
-11778.66443662224
 45
-4.490128060534576
 46
4.490128060534576
 79
     0
 53
45.0
 43
-54317.41037671051
 44
-11778.66443662224
 45
-4.490128060534576
 46
4.490128060534576
 79
     2
 49
3.174999999999999
 49
-1.587499999999999
 98
        1
 10
-54321.90050671051
 20
-11778.66443662224
  0
HATCH
  5
BE8
330
1F
100
AcDbEntity
  8
TARAMA (BEYKENT)
100
AcDbHatch
 10
0.0
 20
0.0
 30
0.0
210
0.0
220
0.0
230
1.0
  2
ANSI33
 70
     0
 71
     0
 91
        1
 92
       16
 93
        4
 72
     1
 10
7049.909947562882
 20
3424.167413679704
 11
7099.909947562882
 21
3424.167413679704
 72
     1
 10
7099.909947562882
 20
3424.167413679704
 11
7099.909947562882
 21
3474.167413679704
 72
     1
 10
7099.909947562882
 20
3474.167413679704
 11
7049.909947562882
 21
3474.167413679704
 72
     1
 10
7049.909947562882
 20
3474.167413679704
 11
7049.909947562882
 21
3424.167413679704
 97
        0
 75
     0
 76
     1
 52
0.0
 41
1.0
 77
     0
 78
     2
 53
45.0
 43
-54321.90050671051
 44
-11778.66443662224
 45
-4.490128060534576
 46
4.490128060534576
 79
     0
 53
45.0
 43
-54317.41037671051
 44
-11778.66443662224
 45
-4.490128060534576
 46
4.490128060534576
 79
     2
 49
3.174999999999999
 49
-1.587499999999999
 98
        1
 10
-54321.90050671051
 20
-11778.66443662224
  0
HATCH
  5
BE9
330
1F
100
AcDbEntity
  8
TARAMA (BEYKENT)
100
AcDbHatch
 10
0.0
 20
0.0
 30
0.0
210
0.0
220
0.0
230
1.0
  2
ANSI33
 70
     0
 71
     0
 91
        1
 92
       16
 93
        4
 72
     1
 10
6049.909947562883
 20
3144.167413679704
 11
6329.909947562883
 21
3144.167413679704
 72
     1
 10
6329.909947562883
 20
3144.167413679704
 11
6329.909947562883
 21
3174.167413679704
 72
     1
 10
6329.909947562883
 20
3174.167413679704
 11
6049.909947562883
 21
3174.167413679704
 72
     1
 10
6049.909947562883
 20
3174.167413679704
 11
6049.909947562883
 21
3144.167413679704
 97
        0
 75
     0
 76
     1
 52
0.0
 41
1.0
 77
     0
 78
     2
 53
45.0
 43
-54321.90050671051
 44
-11778.66443662224
 45
-4.490128060534576
 46
4.490128060534576
 79
     0
 53
45.0
 43
-54317.41037671051
 44
-11778.66443662224
 45
-4.490128060534576
 46
4.490128060534576
 79
     2
 49
3.174999999999999
 49
-1.587499999999999
 98
        1
 10
-54321.90050671051
 20
-11778.66443662224
  0
HATCH
  5
BEA
330
1F
100
AcDbEntity
  8
TARAMA (BEYKENT)
100
AcDbHatch
 10
0.0
 20
0.0
 30
0.0
210
0.0
220
0.0
230
1.0
  2
ANSI33
 70
     0
 71
     0
 91
        1
 92
       16
 93
        4
 72
     1
 10
3499.914596724885
 20
2899.167413679704
 11
3549.914596724884
 21
2899.167413679704
 72
     1
 10
3549.914596724884
 20
2899.167413679704
 11
3549.914596724884
 21
2949.167413679704
 72
     1
 10
3549.914596724884
 20
2949.167413679704
 11
3499.914596724885
 21
2949.167413679704
 72
     1
 10
3499.914596724885
 20
2949.167413679704
 11
3499.914596724885
 21
2899.167413679704
 97
        0
 75
     0
 76
     1
 52
0.0
 41
1.0
 77
     0
 78
     2
 53
45.0
 43
-54321.90050671051
 44
-11778.66443662224
 45
-4.490128060534576
 46
4.490128060534576
 79
     0
 53
45.0
 43
-54317.41037671051
 44
-11778.66443662224
 45
-4.490128060534576
 46
4.490128060534576
 79
     2
 49
3.174999999999999
 49
-1.587499999999999
 98
        1
 10
-54321.90050671051
 20
-11778.66443662224
  0
HATCH
  5
BEB
330
1F
100
AcDbEntity
  8
TARAMA (BEYKENT)
100
AcDbHatch
 10
0.0
 20
0.0
 30
0.0
210
0.0
220
0.0
230
1.0
  2
ANSI33
 70
     0
 71
     0
 91
        1
 92
       16
 93
        4
 72
     1
 10
4369.909947562883
 20
2769.167413679704
 11
4399.909947562883
 21
2769.167413679704
 72
     1
 10
4399.909947562883
 20
2769.167413679704
 11
4399.909947562883
 21
2949.167413679704
 72
     1
 10
4399.909947562883
 20
2949.167413679704
 11
4369.909947562883
 21
2949.167413679704
 72
     1
 10
4369.909947562883
 20
2949.167413679704
 11
4369.909947562883
 21
2769.167413679704
 97
        0
 75
     0
 76
     1
 52
0.0
 41
1.0
 77
     0
 78
     2
 53
45.0
 43
-54321.90050671051
 44
-11778.66443662224
 45
-4.490128060534576
 46
4.490128060534576
 79
     0
 53
45.0
 43
-54317.41037671051
 44
-11778.66443662224
 45
-4.490128060534576
 46
4.490128060534576
 79
     2
 49
3.174999999999999
 49
-1.587499999999999
 98
        1
 10
-54321.90050671051
 20
-11778.66443662224
  0
HATCH
  5
BEC
330
1F
100
AcDbEntity
  8
TARAMA (BEYKENT)
100
AcDbHatch
 10
0.0
 20
0.0
 30
0.0
210
0.0
220
0.0
230
1.0
  2
ANSI33
 70
     0
 71
     0
 91
        1
 92
       16
 93
        4
 72
     1
 10
4709.909947562882
 20
2769.167413679704
 11
4739.909947562883
 21
2769.167413679704
 72
     1
 10
4739.909947562883
 20
2769.167413679704
 11
4739.909947562883
 21
2949.167413679704
 72
     1
 10
4739.909947562883
 20
2949.167413679704
 11
4709.909947562882
 21
2949.167413679704
 72
     1
 10
4709.909947562882
 20
2949.167413679704
 11
4709.909947562882
 21
2769.167413679704
 97
        0
 75
     0
 76
     1
 52
0.0
 41
1.0
 77
     0
 78
     2
 53
45.0
 43
-54321.90050671051
 44
-11778.66443662224
 45
-4.490128060534576
 46
4.490128060534576
 79
     0
 53
45.0
 43
-54317.41037671051
 44
-11778.66443662224
 45
-4.490128060534576
 46
4.490128060534576
 79
     2
 49
3.174999999999999
 49
-1.587499999999999
 98
        1
 10
-54321.90050671051
 20
-11778.66443662224
  0
HATCH
  5
BED
330
1F
100
AcDbEntity
  8
TARAMA (BEYKENT)
100
AcDbHatch
 10
0.0
 20
0.0
 30
0.0
210
0.0
220
0.0
230
1.0
  2
ANSI33
 70
     0
 71
     0
 91
        1
 92
       16
 93
        4
 72
     1
 10
4999.909947562883
 20
2899.167413679704
 11
5049.909947562883
 21
2899.167413679704
 72
     1
 10
5049.909947562883
 20
2899.167413679704
 11
5049.909947562883
 21
2949.167413679704
 72
     1
 10
5049.909947562883
 20
2949.167413679704
 11
4999.909947562883
 21
2949.167413679704
 72
     1
 10
4999.909947562883
 20
2949.167413679704
 11
4999.909947562883
 21
2899.167413679704
 97
        0
 75
     0
 76
     1
 52
0.0
 41
1.0
 77
     0
 78
     2
 53
45.0
 43
-54321.90050671051
 44
-11778.66443662224
 45
-4.490128060534576
 46
4.490128060534576
 79
     0
 53
45.0
 43
-54317.41037671051
 44
-11778.66443662224
 45
-4.490128060534576
 46
4.490128060534576
 79
     2
 49
3.174999999999999
 49
-1.587499999999999
 98
        1
 10
-54321.90050671051
 20
-11778.66443662224
  0
HATCH
  5
BEE
330
1F
100
AcDbEntity
  8
TARAMA (BEYKENT)
100
AcDbHatch
 10
0.0
 20
0.0
 30
0.0
210
0.0
220
0.0
230
1.0
  2
ANSI33
 70
     0
 71
     0
 91
        1
 92
       16
 93
        4
 72
     1
 10
6049.909947562883
 20
2919.167413679704
 11
6329.909947562883
 21
2919.167413679704
 72
     1
 10
6329.909947562883
 20
2919.167413679704
 11
6329.909947562883
 21
2949.167413679704
 72
     1
 10
6329.909947562883
 20
2949.167413679704
 11
6049.909947562883
 21
2949.167413679704
 72
     1
 10
6049.909947562883
 20
2949.167413679704
 11
6049.909947562883
 21
2919.167413679704
 97
        0
 75
     0
 76
     1
 52
0.0
 41
1.0
 77
     0
 78
     2
 53
45.0
 43
-54321.90050671051
 44
-11778.66443662224
 45
-4.490128060534576
 46
4.490128060534576
 79
     0
 53
45.0
 43
-54317.41037671051
 44
-11778.66443662224
 45
-4.490128060534576
 46
4.490128060534576
 79
     2
 49
3.174999999999999
 49
-1.587499999999999
 98
        1
 10
-54321.90050671051
 20
-11778.66443662224
  0
HATCH
  5
BEF
330
1F
100
AcDbEntity
  8
TARAMA (BEYKENT)
100
AcDbHatch
 10
0.0
 20
0.0
 30
0.0
210
0.0
220
0.0
230
1.0
  2
ANSI33
 70
     0
 71
     0
 91
        1
 92
       16
 93
        4
 72
     1
 10
5869.909947562883
 20
2774.167413679704
 11
5899.909947562883
 21
2774.167413679704
 72
     1
 10
5899.909947562883
 20
2774.167413679704
 11
5899.909947562883
 21
2954.167413679704
 72
     1
 10
5899.909947562883
 20
2954.167413679704
 11
5869.909947562883
 21
2954.167413679704
 72
     1
 10
5869.909947562883
 20
2954.167413679704
 11
5869.909947562883
 21
2774.167413679704
 97
        0
 75
     0
 76
     1
 52
0.0
 41
1.0
 77
     0
 78
     2
 53
45.0
 43
-54321.90050671051
 44
-11778.66443662224
 45
-4.490128060534576
 46
4.490128060534576
 79
     0
 53
45.0
 43
-54317.41037671051
 44
-11778.66443662224
 45
-4.490128060534576
 46
4.490128060534576
 79
     2
 49
3.174999999999999
 49
-1.587499999999999
 98
        1
 10
-54321.90050671051
 20
-11778.66443662224
  0
HATCH
  5
BF0
330
1F
100
AcDbEntity
  8
TARAMA (BEYKENT)
100
AcDbHatch
 10
0.0
 20
0.0
 30
0.0
210
0.0
220
0.0
230
1.0
  2
ANSI33
 70
     0
 71
     0
 91
        1
 92
       16
 93
        4
 72
     1
 10
6559.909947562883
 20
2774.167413679704
 11
6609.909947562883
 21
2774.167413679704
 72
     1
 10
6609.909947562883
 20
2774.167413679704
 11
6609.909947562883
 21
2824.167413679704
 72
     1
 10
6609.909947562883
 20
2824.167413679704
 11
6559.909947562883
 21
2824.167413679704
 72
     1
 10
6559.909947562883
 20
2824.167413679704
 11
6559.909947562883
 21
2774.167413679704
 97
        0
 75
     0
 76
     1
 52
0.0
 41
1.0
 77
     0
 78
     2
 53
45.0
 43
-54321.90050671051
 44
-11778.66443662224
 45
-4.490128060534576
 46
4.490128060534576
 79
     0
 53
45.0
 43
-54317.41037671051
 44
-11778.66443662224
 45
-4.490128060534576
 46
4.490128060534576
 79
     2
 49
3.174999999999999
 49
-1.587499999999999
 98
        1
 10
-54321.90050671051
 20
-11778.66443662224
  0
HATCH
  5
BF1
330
1F
100
AcDbEntity
  8
TARAMA (BEYKENT)
100
AcDbHatch
 10
0.0
 20
0.0
 30
0.0
210
0.0
220
0.0
230
1.0
  2
ANSI33
 70
     0
 71
     0
 91
        1
 92
       16
 93
        4
 72
     1
 10
6899.909947562882
 20
2774.167413679704
 11
7099.909947562882
 21
2774.167413679704
 72
     1
 10
7099.909947562882
 20
2774.167413679704
 11
7099.909947562882
 21
2804.167413679704
 72
     1
 10
7099.909947562882
 20
2804.167413679704
 11
6899.909947562882
 21
2804.167413679704
 72
     1
 10
6899.909947562882
 20
2804.167413679704
 11
6899.909947562882
 21
2774.167413679704
 97
        0
 75
     0
 76
     1
 52
0.0
 41
1.0
 77
     0
 78
     2
 53
45.0
 43
-54321.90050671051
 44
-11778.66443662224
 45
-4.490128060534576
 46
4.490128060534576
 79
     0
 53
45.0
 43
-54317.41037671051
 44
-11778.66443662224
 45
-4.490128060534576
 46
4.490128060534576
 79
     2
 49
3.174999999999999
 49
-1.587499999999999
 98
        1
 10
-54321.90050671051
 20
-11778.66443662224
  0
HATCH
  5
BF2
330
1F
100
AcDbEntity
  8
TARAMA (BEYKENT)
100
AcDbHatch
 10
0.0
 20
0.0
 30
0.0
210
0.0
220
0.0
230
1.0
  2
ANSI33
 70
     0
 71
     0
 91
        1
 92
       16
 93
        4
 72
     1
 10
3499.914596724885
 20
2249.167413679704
 11
3549.914596724884
 21
2249.167413679704
 72
     1
 10
3549.914596724884
 20
2249.167413679704
 11
3549.914596724884
 21
2299.167413679704
 72
     1
 10
3549.914596724884
 20
2299.167413679704
 11
3499.914596724885
 21
2299.167413679704
 72
     1
 10
3499.914596724885
 20
2299.167413679704
 11
3499.914596724885
 21
2249.167413679704
 97
        0
 75
     0
 76
     1
 52
0.0
 41
1.0
 77
     0
 78
     2
 53
45.0
 43
-54321.90050671051
 44
-11778.66443662224
 45
-4.490128060534576
 46
4.490128060534576
 79
     0
 53
45.0
 43
-54317.41037671051
 44
-11778.66443662224
 45
-4.490128060534576
 46
4.490128060534576
 79
     2
 49
3.174999999999999
 49
-1.587499999999999
 98
        1
 10
-54321.90050671051
 20
-11778.66443662224
  0
HATCH
  5
BF3
330
1F
100
AcDbEntity
  8
TARAMA (BEYKENT)
100
AcDbHatch
 10
0.0
 20
0.0
 30
0.0
210
0.0
220
0.0
230
1.0
  2
ANSI33
 70
     0
 71
     0
 91
        1
 92
       16
 93
        4
 72
     1
 10
4349.909947562883
 20
2249.167413679704
 11
4399.909947562883
 21
2249.167413679704
 72
     1
 10
4399.909947562883
 20
2249.167413679704
 11
4399.909947562883
 21
2299.167413679704
 72
     1
 10
4399.909947562883
 20
2299.167413679704
 11
4349.909947562883
 21
2299.167413679704
 72
     1
 10
4349.909947562883
 20
2299.167413679704
 11
4349.909947562883
 21
2249.167413679704
 97
        0
 75
     0
 76
     1
 52
0.0
 41
1.0
 77
     0
 78
     2
 53
45.0
 43
-54321.90050671051
 44
-11778.66443662224
 45
-4.490128060534576
 46
4.490128060534576
 79
     0
 53
45.0
 43
-54317.41037671051
 44
-11778.66443662224
 45
-4.490128060534576
 46
4.490128060534576
 79
     2
 49
3.174999999999999
 49
-1.587499999999999
 98
        1
 10
-54321.90050671051
 20
-11778.66443662224
  0
HATCH
  5
BF4
330
1F
100
AcDbEntity
  8
TARAMA (BEYKENT)
100
AcDbHatch
 10
0.0
 20
0.0
 30
0.0
210
0.0
220
0.0
230
1.0
  2
ANSI33
 70
     0
 71
     0
 91
        1
 92
       16
 93
        4
 72
     1
 10
4999.909947562883
 20
2249.167413679704
 11
5049.909947562883
 21
2249.167413679704
 72
     1
 10
5049.909947562883
 20
2249.167413679704
 11
5049.909947562883
 21
2299.167413679704
 72
     1
 10
5049.909947562883
 20
2299.167413679704
 11
4999.909947562883
 21
2299.167413679704
 72
     1
 10
4999.909947562883
 20
2299.167413679704
 11
4999.909947562883
 21
2249.167413679704
 97
        0
 75
     0
 76
     1
 52
0.0
 41
1.0
 77
     0
 78
     2
 53
45.0
 43
-54321.90050671051
 44
-11778.66443662224
 45
-4.490128060534576
 46
4.490128060534576
 79
     0
 53
45.0
 43
-54317.41037671051
 44
-11778.66443662224
 45
-4.490128060534576
 46
4.490128060534576
 79
     2
 49
3.174999999999999
 49
-1.587499999999999
 98
        1
 10
-54321.90050671051
 20
-11778.66443662224
  0
HATCH
  5
BF5
330
1F
100
AcDbEntity
  8
TARAMA (BEYKENT)
100
AcDbHatch
 10
0.0
 20
0.0
 30
0.0
210
0.0
220
0.0
230
1.0
  2
ANSI33
 70
     0
 71
     0
 91
        1
 92
       16
 93
        4
 72
     1
 10
5849.909947562883
 20
2249.167413679704
 11
5899.909947562883
 21
2249.167413679704
 72
     1
 10
5899.909947562883
 20
2249.167413679704
 11
5899.909947562883
 21
2299.167413679704
 72
     1
 10
5899.909947562883
 20
2299.167413679704
 11
5849.909947562883
 21
2299.167413679704
 72
     1
 10
5849.909947562883
 20
2299.167413679704
 11
5849.909947562883
 21
2249.167413679704
 97
        0
 75
     0
 76
     1
 52
0.0
 41
1.0
 77
     0
 78
     2
 53
45.0
 43
-54321.90050671051
 44
-11778.66443662224
 45
-4.490128060534576
 46
4.490128060534576
 79
     0
 53
45.0
 43
-54317.41037671051
 44
-11778.66443662224
 45
-4.490128060534576
 46
4.490128060534576
 79
     2
 49
3.174999999999999
 49
-1.587499999999999
 98
        1
 10
-54321.90050671051
 20
-11778.66443662224
  0
HATCH
  5
BF6
330
1F
100
AcDbEntity
  8
TARAMA (BEYKENT)
100
AcDbHatch
 10
0.0
 20
0.0
 30
0.0
210
0.0
220
0.0
230
1.0
  2
ANSI33
 70
     0
 71
     0
 91
        1
 92
       16
 93
        4
 72
     1
 10
6559.909947562883
 20
2249.167413679704
 11
6609.909947562883
 21
2249.167413679704
 72
     1
 10
6609.909947562883
 20
2249.167413679704
 11
6609.909947562883
 21
2299.167413679704
 72
     1
 10
6609.909947562883
 20
2299.167413679704
 11
6559.909947562883
 21
2299.167413679704
 72
     1
 10
6559.909947562883
 20
2299.167413679704
 11
6559.909947562883
 21
2249.167413679704
 97
        0
 75
     0
 76
     1
 52
0.0
 41
1.0
 77
     0
 78
     2
 53
45.0
 43
-54321.90050671051
 44
-11778.66443662224
 45
-4.490128060534576
 46
4.490128060534576
 79
     0
 53
45.0
 43
-54317.41037671051
 44
-11778.66443662224
 45
-4.490128060534576
 46
4.490128060534576
 79
     2
 49
3.174999999999999
 49
-1.587499999999999
 98
        1
 10
-54321.90050671051
 20
-11778.66443662224
  0
HATCH
  5
BF7
330
1F
100
AcDbEntity
  8
TARAMA (BEYKENT)
100
AcDbHatch
 10
0.0
 20
0.0
 30
0.0
210
0.0
220
0.0
230
1.0
  2
ANSI33
 70
     0
 71
     0
 91
        1
 92
       16
 93
        4
 72
     1
 10
6899.909947562882
 20
2249.167413679704
 11
6949.909947562883
 21
2249.167413679704
 72
     1
 10
6949.909947562883
 20
2249.167413679704
 11
6949.909947562883
 21
2299.167413679704
 72
     1
 10
6949.909947562883
 20
2299.167413679704
 11
6899.909947562882
 21
2299.167413679704
 72
     1
 10
6899.909947562882
 20
2299.167413679704
 11
6899.909947562882
 21
2249.167413679704
 97
        0
 75
     0
 76
     1
 52
0.0
 41
1.0
 77
     0
 78
     2
 53
45.0
 43
-54321.90050671051
 44
-11778.66443662224
 45
-4.490128060534576
 46
4.490128060534576
 79
     0
 53
45.0
 43
-54317.41037671051
 44
-11778.66443662224
 45
-4.490128060534576
 46
4.490128060534576
 79
     2
 49
3.174999999999999
 49
-1.587499999999999
 98
        1
 10
-54321.90050671051
 20
-11778.66443662224
  0
HATCH
  5
BF8
330
1F
100
AcDbEntity
  8
TARAMA (BEYKENT)
100
AcDbHatch
 10
0.0
 20
0.0
 30
0.0
210
0.0
220
0.0
230
1.0
  2
ANSI33
 70
     0
 71
     0
 91
        1
 92
       16
 93
        4
 72
     1
 10
6559.909947562883
 20
1524.167413679704
 11
6609.909947562883
 21
1524.167413679704
 72
     1
 10
6609.909947562883
 20
1524.167413679704
 11
6609.909947562883
 21
1574.167413679704
 72
     1
 10
6609.909947562883
 20
1574.167413679704
 11
6559.909947562883
 21
1574.167413679704
 72
     1
 10
6559.909947562883
 20
1574.167413679704
 11
6559.909947562883
 21
1524.167413679704
 97
        0
 75
     0
 76
     1
 52
0.0
 41
1.0
 77
     0
 78
     2
 53
45.0
 43
-54321.90050671051
 44
-11778.66443662224
 45
-4.490128060534576
 46
4.490128060534576
 79
     0
 53
45.0
 43
-54317.41037671051
 44
-11778.66443662224
 45
-4.490128060534576
 46
4.490128060534576
 79
     2
 49
3.174999999999999
 49
-1.587499999999999
 98
        1
 10
-54321.90050671051
 20
-11778.66443662224
  0
HATCH
  5
BF9
330
1F
100
AcDbEntity
  8
TARAMA (BEYKENT)
100
AcDbHatch
 10
0.0
 20
0.0
 30
0.0
210
0.0
220
0.0
230
1.0
  2
ANSI33
 70
     0
 71
     0
 91
        1
 92
       16
 93
        4
 72
     1
 10
6899.909947562882
 20
1544.167413679703
 11
7099.909947562882
 21
1544.167413679703
 72
     1
 10
7099.909947562882
 20
1544.167413679703
 11
7099.909947562882
 21
1574.167413679704
 72
     1
 10
7099.909947562882
 20
1574.167413679704
 11
6899.909947562882
 21
1574.167413679704
 72
     1
 10
6899.909947562882
 20
1574.167413679704
 11
6899.909947562882
 21
1544.167413679703
 97
        0
 75
     0
 76
     1
 52
0.0
 41
1.0
 77
     0
 78
     2
 53
45.0
 43
-54321.90050671051
 44
-11778.66443662224
 45
-4.490128060534576
 46
4.490128060534576
 79
     0
 53
45.0
 43
-54317.41037671051
 44
-11778.66443662224
 45
-4.490128060534576
 46
4.490128060534576
 79
     2
 49
3.174999999999999
 49
-1.587499999999999
 98
        1
 10
-54321.90050671051
 20
-11778.66443662224
  0
HATCH
  5
BFA
330
1F
100
AcDbEntity
  8
TARAMA (BEYKENT)
100
AcDbHatch
 10
0.0
 20
0.0
 30
0.0
210
0.0
220
0.0
230
1.0
  2
ANSI33
 70
     0
 71
     0
 91
        1
 92
       16
 93
        4
 72
     1
 10
3499.914596724885
 20
1399.167413679704
 11
3549.914596724884
 21
1399.167413679704
 72
     1
 10
3549.914596724884
 20
1399.167413679704
 11
3549.914596724884
 21
1449.167413679704
 72
     1
 10
3549.914596724884
 20
1449.167413679704
 11
3499.914596724885
 21
1449.167413679704
 72
     1
 10
3499.914596724885
 20
1449.167413679704
 11
3499.914596724885
 21
1399.167413679704
 97
        0
 75
     0
 76
     1
 52
0.0
 41
1.0
 77
     0
 78
     2
 53
45.0
 43
-54321.90050671051
 44
-11778.66443662224
 45
-4.490128060534576
 46
4.490128060534576
 79
     0
 53
45.0
 43
-54317.41037671051
 44
-11778.66443662224
 45
-4.490128060534576
 46
4.490128060534576
 79
     2
 49
3.174999999999999
 49
-1.587499999999999
 98
        1
 10
-54321.90050671051
 20
-11778.66443662224
  0
HATCH
  5
BFB
330
1F
100
AcDbEntity
  8
TARAMA (BEYKENT)
100
AcDbHatch
 10
0.0
 20
0.0
 30
0.0
210
0.0
220
0.0
230
1.0
  2
ANSI33
 70
     0
 71
     0
 91
        1
 92
       16
 93
        4
 72
     1
 10
4349.909947562883
 20
1399.167413679704
 11
4399.909947562883
 21
1399.167413679704
 72
     1
 10
4399.909947562883
 20
1399.167413679704
 11
4399.909947562883
 21
1449.167413679704
 72
     1
 10
4399.909947562883
 20
1449.167413679704
 11
4349.909947562883
 21
1449.167413679704
 72
     1
 10
4349.909947562883
 20
1449.167413679704
 11
4349.909947562883
 21
1399.167413679704
 97
        0
 75
     0
 76
     1
 52
0.0
 41
1.0
 77
     0
 78
     2
 53
45.0
 43
-54321.90050671051
 44
-11778.66443662224
 45
-4.490128060534576
 46
4.490128060534576
 79
     0
 53
45.0
 43
-54317.41037671051
 44
-11778.66443662224
 45
-4.490128060534576
 46
4.490128060534576
 79
     2
 49
3.174999999999999
 49
-1.587499999999999
 98
        1
 10
-54321.90050671051
 20
-11778.66443662224
  0
HATCH
  5
BFC
330
1F
100
AcDbEntity
  8
TARAMA (BEYKENT)
100
AcDbHatch
 10
0.0
 20
0.0
 30
0.0
210
0.0
220
0.0
230
1.0
  2
ANSI33
 70
     0
 71
     0
 91
        1
 92
       16
 93
        4
 72
     1
 10
4999.909947562883
 20
1399.167413679704
 11
5049.909947562883
 21
1399.167413679704
 72
     1
 10
5049.909947562883
 20
1399.167413679704
 11
5049.909947562883
 21
1449.167413679704
 72
     1
 10
5049.909947562883
 20
1449.167413679704
 11
4999.909947562883
 21
1449.167413679704
 72
     1
 10
4999.909947562883
 20
1449.167413679704
 11
4999.909947562883
 21
1399.167413679704
 97
        0
 75
     0
 76
     1
 52
0.0
 41
1.0
 77
     0
 78
     2
 53
45.0
 43
-54321.90050671051
 44
-11778.66443662224
 45
-4.490128060534576
 46
4.490128060534576
 79
     0
 53
45.0
 43
-54317.41037671051
 44
-11778.66443662224
 45
-4.490128060534576
 46
4.490128060534576
 79
     2
 49
3.174999999999999
 49
-1.587499999999999
 98
        1
 10
-54321.90050671051
 20
-11778.66443662224
  0
HATCH
  5
BFD
330
1F
100
AcDbEntity
  8
TARAMA (BEYKENT)
100
AcDbHatch
 10
0.0
 20
0.0
 30
0.0
210
0.0
220
0.0
230
1.0
  2
ANSI33
 70
     0
 71
     0
 91
        1
 92
       16
 93
        4
 72
     1
 10
5869.909947562883
 20
1399.167413679704
 11
5899.909947562883
 21
1399.167413679704
 72
     1
 10
5899.909947562883
 20
1399.167413679704
 11
5899.909947562883
 21
1574.167413679704
 72
     1
 10
5899.909947562883
 20
1574.167413679704
 11
5869.909947562883
 21
1574.167413679704
 72
     1
 10
5869.909947562883
 20
1574.167413679704
 11
5869.909947562883
 21
1399.167413679704
 97
        0
 75
     0
 76
     1
 52
0.0
 41
1.0
 77
     0
 78
     2
 53
45.0
 43
-54321.90050671051
 44
-11778.66443662224
 45
-4.490128060534576
 46
4.490128060534576
 79
     0
 53
45.0
 43
-54317.41037671051
 44
-11778.66443662224
 45
-4.490128060534576
 46
4.490128060534576
 79
     2
 49
3.174999999999999
 49
-1.587499999999999
 98
        1
 10
-54321.90050671051
 20
-11778.66443662224
  0
HATCH
  5
BFE
330
1F
100
AcDbEntity
  8
TARAMA (BEYKENT)
100
AcDbHatch
 10
0.0
 20
0.0
 30
0.0
210
0.0
220
0.0
230
1.0
  2
ANSI33
 70
     0
 71
     0
 91
        1
 92
       16
 93
        4
 72
     1
 10
5869.909947562883
 20
874.1674136797037
 11
5919.909947562882
 21
874.1674136797037
 72
     1
 10
5919.909947562882
 20
874.1674136797037
 11
5919.909947562882
 21
924.1674136797037
 72
     1
 10
5919.909947562882
 20
924.1674136797037
 11
5869.909947562883
 21
924.1674136797037
 72
     1
 10
5869.909947562883
 20
924.1674136797037
 11
5869.909947562883
 21
874.1674136797037
 97
        0
 75
     0
 76
     1
 52
0.0
 41
1.0
 77
     0
 78
     2
 53
45.0
 43
-54321.90050671051
 44
-11778.66443662224
 45
-4.490128060534576
 46
4.490128060534576
 79
     0
 53
45.0
 43
-54317.41037671051
 44
-11778.66443662224
 45
-4.490128060534576
 46
4.490128060534576
 79
     2
 49
3.174999999999999
 49
-1.587499999999999
 98
        1
 10
-54321.90050671051
 20
-11778.66443662224
  0
HATCH
  5
BFF
330
1F
100
AcDbEntity
  8
TARAMA (BEYKENT)
100
AcDbHatch
 10
0.0
 20
0.0
 30
0.0
210
0.0
220
0.0
230
1.0
  2
ANSI33
 70
     0
 71
     0
 91
        1
 92
       16
 93
        4
 72
     1
 10
6559.909947562883
 20
874.1674136797037
 11
6609.909947562883
 21
874.1674136797037
 72
     1
 10
6609.909947562883
 20
874.1674136797037
 11
6609.909947562883
 21
924.1674136797037
 72
     1
 10
6609.909947562883
 20
924.1674136797037
 11
6559.909947562883
 21
924.1674136797037
 72
     1
 10
6559.909947562883
 20
924.1674136797037
 11
6559.909947562883
 21
874.1674136797037
 97
        0
 75
     0
 76
     1
 52
0.0
 41
1.0
 77
     0
 78
     2
 53
45.0
 43
-54321.90050671051
 44
-11778.66443662224
 45
-4.490128060534576
 46
4.490128060534576
 79
     0
 53
45.0
 43
-54317.41037671051
 44
-11778.66443662224
 45
-4.490128060534576
 46
4.490128060534576
 79
     2
 49
3.174999999999999
 49
-1.587499999999999
 98
        1
 10
-54321.90050671051
 20
-11778.66443662224
  0
HATCH
  5
C00
330
1F
100
AcDbEntity
  8
TARAMA (BEYKENT)
100
AcDbHatch
 10
0.0
 20
0.0
 30
0.0
210
0.0
220
0.0
230
1.0
  2
ANSI33
 70
     0
 71
     0
 91
        1
 92
       16
 93
        4
 72
     1
 10
7049.909947562882
 20
874.1674136797037
 11
7099.909947562882
 21
874.1674136797037
 72
     1
 10
7099.909947562882
 20
874.1674136797037
 11
7099.909947562882
 21
924.1674136797037
 72
     1
 10
7099.909947562882
 20
924.1674136797037
 11
7049.909947562882
 21
924.1674136797037
 72
     1
 10
7049.909947562882
 20
924.1674136797037
 11
7049.909947562882
 21
874.1674136797037
 97
        0
 75
     0
 76
     1
 52
0.0
 41
1.0
 77
     0
 78
     2
 53
45.0
 43
-54321.90050671051
 44
-11778.66443662224
 45
-4.490128060534576
 46
4.490128060534576
 79
     0
 53
45.0
 43
-54317.41037671051
 44
-11778.66443662224
 45
-4.490128060534576
 46
4.490128060534576
 79
     2
 49
3.174999999999999
 49
-1.587499999999999
 98
        1
 10
-54321.90050671051
 20
-11778.66443662224
  0
TEXT
  5
C01
330
1F
100
AcDbEntity
  8
DOSEME ISMI (BEYKENT)
100
AcDbText
 10
5798.109947562894
 20
3265.150219731972
 30
0.0
 40
12.0
  1
D1-01 d=20cm
  7
YAZI (BEYKENT)
 11
5798.109947562894
 21
3261.667413679703
 31
0.0
100
AcDbText
 73
     1
  0
LWPOLYLINE
  5
C02
330
1F
100
AcDbEntity
  8
DOSEME PAFTA (BEYKENT)
100
AcDbPolyline
 90
        4
 70
     1
 43
0.0
 10
5796.109947562894
 20
3279.150213679703
 10
5875.213111249243
 20
3279.150213679703
 42
-1.0
 10
5875.213111249243
 20
3263.150213679703
 10
5796.109947562894
 20
3263.150213679703
 42
-1.0
  0
TEXT
  5
C03
330
1F
100
AcDbEntity
  8
YUK YAZISI (BEYKENT)
100
AcDbText
 10
5798.109947562894
 20
3249.569752056594
 30
0.0
 40
10.0
  1
Q=2kN/m²
  7
YAZI (BEYKENT)
 11
5798.109947562894
 21
3246.667413679703
 31
0.0
100
AcDbText
 73
     1
  0
TEXT
  5
C04
330
1F
100
AcDbEntity
  8
KOT YAZI (BEYKENT)
100
AcDbText
 10
5812.436047562871
 20
3237.989284381216
 30
0.0
 40
8.0
  1
+7.60
  7
YAZI (BEYKENT)
 11
5812.436047562871
 21
3235.667413679703
 31
0.0
100
AcDbText
 73
     1
  0
HATCH
  5
C05
330
1F
100
AcDbEntity
  8
KOT CIZGISI (BEYKENT)
 62
    18
420
        0
100
AcDbHatch
 10
0.0
 20
0.0
 30
0.0
210
0.0
220
0.0
230
1.0
  2
SOLID
 70
     1
 71
     0
 91
        1
 92
        7
 72
     1
 73
     1
 93
        3
 10
5804.631717359043
 20
3243.511023291512
 42
0.0
 10
5804.631717359043
 20
3236.989284104388
 42
0.0
 10
5811.153456546169
 20
3236.989284104388
 42
0.4142135623730951
 97
        0
 75
     1
 76
     1
 47
0.1085495934889314
 98
        2
 10
5807.091707440654
 20
3239.056814417045
 10
5801.897483631743
 20
3234.80922015131
450
        0
451
        0
460
0.0
461
0.0
452
        0
462
0.0
453
        2
463
0.0
 63
     5
421
      255
463
1.0
 63
     2
421
 16776960
470
LINEAR
1001
GradientColor1ACI
1070
     5
1001
GradientColor2ACI
1070
     2
1001
ACAD
1010
0.0
1020
0.0
1030
0.0
  0
HATCH
  5
C06
330
1F
100
AcDbEntity
  8
KOT CIZGISI (BEYKENT)
 62
    18
420
        0
100
AcDbHatch
 10
0.0
 20
0.0
 30
0.0
210
0.0
220
0.0
230
1.0
  2
SOLID
 70
     1
 71
     0
 91
        1
 92
        7
 72
     1
 73
     1
 93
        3
 10
5804.631717359043
 20
3236.989284104388
 42
0.0
 10
5798.109978171916
 20
3236.989284104388
 42
0.4142135623730951
 10
5804.631717359043
 20
3230.467544917265
 42
0.0
 97
        0
 75
     1
 76
     1
 47
0.1085495934889314
 98
        2
 10
5807.091707440654
 20
3239.056814417045
 10
5801.897483631743
 20
3234.80922015131
450
        0
451
        0
460
0.0
461
0.0
452
        0
462
0.0
453
        2
463
0.0
 63
     5
421
      255
463
1.0
 63
     2
421
 16776960
470
LINEAR
1001
GradientColor1ACI
1070
     5
1001
GradientColor2ACI
1070
     2
1001
ACAD
1010
0.0
1020
0.0
1030
0.0
  0
LINE
  5
C07
330
1F
100
AcDbEntity
  8
KOT CIZGISI (BEYKENT)
100
AcDbLine
 10
5804.631717359043
 20
3245.685083475859
 30
0.0
 11
5804.631717359043
 21
3228.293743883547
 31
0.0
1001
sta4cad App2
1004
70
1071
       13
1070
     0
1070
     0
1070
     0
  0
LINE
  5
C08
330
1F
100
AcDbEntity
  8
KOT CIZGISI (BEYKENT)
100
AcDbLine
 10
5795.936047562872
 20
3236.989284104388
 30
0.0
 11
5835.936047562871
 21
3236.989284104388
 31
0.0
1001
sta4cad App2
1004
70
1071
       13
1070
     0
1070
     0
1070
     0
  0
CIRCLE
  5
C09
330
1F
100
AcDbEntity
  8
KOT CIZGISI (BEYKENT)
100
AcDbCircle
 10
5804.631717359043
 20
3236.989284104388
 30
0.0
 40
6.521739187123982
1001
sta4cad App2
1004
70
1071
       13
1070
     0
1070
     0
1070
     0
  0
TEXT
  5
C0A
330
1F
100
AcDbEntity
  8
KOT YAZI (BEYKENT)
100
AcDbText
 10
5812.436047562871
 20
3227.989284381216
 30
0.0
 40
8.0
  1
+7.40
  7
YAZI (BEYKENT)
 11
5812.436047562871
 21
3225.667413679703
 31
0.0
100
AcDbText
 73
     1
  0
TEXT
  5
C0B
330
1F
100
AcDbEntity
  8
DOSEME ISMI (BEYKENT)
100
AcDbText
 10
7078.109947562895
 20
3152.650219731973
 30
0.0
 40
12.0
  1
D1-04 d=20cm
  7
YAZI (BEYKENT)
 11
7078.109947562895
 21
3149.167413679703
 31
0.0
100
AcDbText
 73
     1
  0
LWPOLYLINE
  5
C0C
330
1F
100
AcDbEntity
  8
DOSEME PAFTA (BEYKENT)
100
AcDbPolyline
 90
        4
 70
     1
 43
0.0
 10
7076.109947562894
 20
3166.650213679703
 10
7157.969644949401
 20
3166.650213679703
 42
-1.0
 10
7157.969644949401
 20
3150.650213679703
 10
7076.109947562894
 20
3150.650213679703
 42
-1.0
  0
TEXT
  5
C0D
330
1F
100
AcDbEntity
  8
YUK YAZISI (BEYKENT)
100
AcDbText
 10
7078.109947562895
 20
3137.069752056594
 30
0.0
 40
10.0
  1
Q=2kN/m²
  7
YAZI (BEYKENT)
 11
7078.109947562895
 21
3134.167413679703
 31
0.0
100
AcDbText
 73
     1
  0
TEXT
  5
C0E
330
1F
100
AcDbEntity
  8
KOT YAZI (BEYKENT)
100
AcDbText
 10
7092.436047562872
 20
3125.489284381216
 30
0.0
 40
8.0
  1
+7.60
  7
YAZI (BEYKENT)
 11
7092.436047562872
 21
3123.167413679703
 31
0.0
100
AcDbText
 73
     1
  0
HATCH
  5
C0F
330
1F
100
AcDbEntity
  8
KOT CIZGISI (BEYKENT)
 62
    18
420
        0
100
AcDbHatch
 10
0.0
 20
0.0
 30
0.0
210
0.0
220
0.0
230
1.0
  2
SOLID
 70
     1
 71
     0
 91
        1
 92
        7
 72
     1
 73
     1
 93
        3
 10
7084.631717359044
 20
3131.011023291512
 42
0.0
 10
7084.631717359044
 20
3124.489284104389
 42
0.0
 10
7091.15345654617
 20
3124.489284104389
 42
0.4142135623730951
 97
        0
 75
     1
 76
     1
 47
0.1085495934889314
 98
        2
 10
7087.091707440653
 20
3126.556814417045
 10
7081.897483631744
 20
3122.30922015131
450
        0
451
        0
460
0.0
461
0.0
452
        0
462
0.0
453
        2
463
0.0
 63
     5
421
      255
463
1.0
 63
     2
421
 16776960
470
LINEAR
1001
GradientColor1ACI
1070
     5
1001
GradientColor2ACI
1070
     2
1001
ACAD
1010
0.0
1020
0.0
1030
0.0
  0
HATCH
  5
C10
330
1F
100
AcDbEntity
  8
KOT CIZGISI (BEYKENT)
 62
    18
420
        0
100
AcDbHatch
 10
0.0
 20
0.0
 30
0.0
210
0.0
220
0.0
230
1.0
  2
SOLID
 70
     1
 71
     0
 91
        1
 92
        7
 72
     1
 73
     1
 93
        3
 10
7084.631717359044
 20
3124.489284104389
 42
0.0
 10
7078.109978171916
 20
3124.489284104389
 42
0.4142135623730951
 10
7084.631717359044
 20
3117.967544917265
 42
0.0
 97
        0
 75
     1
 76
     1
 47
0.1085495934889314
 98
        2
 10
7087.091707440653
 20
3126.556814417045
 10
7081.897483631744
 20
3122.30922015131
450
        0
451
        0
460
0.0
461
0.0
452
        0
462
0.0
453
        2
463
0.0
 63
     5
421
      255
463
1.0
 63
     2
421
 16776960
470
LINEAR
1001
GradientColor1ACI
1070
     5
1001
GradientColor2ACI
1070
     2
1001
ACAD
1010
0.0
1020
0.0
1030
0.0
  0
LINE
  5
C11
330
1F
100
AcDbEntity
  8
KOT CIZGISI (BEYKENT)
100
AcDbLine
 10
7084.631717359044
 20
3133.185083475859
 30
0.0
 11
7084.631717359044
 21
3115.793743883547
 31
0.0
1001
sta4cad App2
1004
70
1071
       13
1070
     0
1070
     0
1070
     0
  0
LINE
  5
C12
330
1F
100
AcDbEntity
  8
KOT CIZGISI (BEYKENT)
100
AcDbLine
 10
7075.936047562871
 20
3124.489284104389
 30
0.0
 11
7115.936047562872
 21
3124.489284104389
 31
0.0
1001
sta4cad App2
1004
70
1071
       13
1070
     0
1070
     0
1070
     0
  0
CIRCLE
  5
C13
330
1F
100
AcDbEntity
  8
KOT CIZGISI (BEYKENT)
100
AcDbCircle
 10
7084.631717359044
 20
3124.489284104389
 30
0.0
 40
6.521739187123982
1001
sta4cad App2
1004
70
1071
       13
1070
     0
1070
     0
1070
     0
  0
TEXT
  5
C14
330
1F
100
AcDbEntity
  8
KOT YAZI (BEYKENT)
100
AcDbText
 10
7092.436047562872
 20
3115.489284381216
 30
0.0
 40
8.0
  1
+7.40
  7
YAZI (BEYKENT)
 11
7092.436047562872
 21
3113.167413679703
 31
0.0
100
AcDbText
 73
     1
  0
TEXT
  5
C15
330
1F
100
AcDbEntity
  8
DOSEME ISMI (BEYKENT)
100
AcDbText
 10
5923.109947562894
 20
3352.650219731972
 30
0.0
 40
12.0
  1
D1-02 d=20cm
  7
YAZI (BEYKENT)
 11
5923.109947562894
 21
3349.167413679703
 31
0.0
100
AcDbText
 73
     1
  0
LWPOLYLINE
  5
C16
330
1F
100
AcDbEntity
  8
DOSEME PAFTA (BEYKENT)
100
AcDbPolyline
 90
        4
 70
     1
 43
0.0
 10
5921.109947562894
 20
3366.650213679703
 10
6002.433193780227
 20
3366.650213679703
 42
-1.0
 10
6002.433193780227
 20
3350.650213679703
 10
5921.109947562894
 20
3350.650213679703
 42
-1.0
  0
TEXT
  5
C17
330
1F
100
AcDbEntity
  8
YUK YAZISI (BEYKENT)
100
AcDbText
 10
5923.109947562894
 20
3337.069752056594
 30
0.0
 40
10.0
  1
Q=3.5kN/m²
  7
YAZI (BEYKENT)
 11
5923.109947562894
 21
3334.167413679703
 31
0.0
100
AcDbText
 73
     1
  0
TEXT
  5
C18
330
1F
100
AcDbEntity
  8
KOT YAZI (BEYKENT)
100
AcDbText
 10
5937.436047562871
 20
3325.489284381216
 30
0.0
 40
8.0
  1
+7.60
  7
YAZI (BEYKENT)
 11
5937.436047562871
 21
3323.167413679703
 31
0.0
100
AcDbText
 73
     1
  0
HATCH
  5
C19
330
1F
100
AcDbEntity
  8
KOT CIZGISI (BEYKENT)
 62
    18
420
        0
100
AcDbHatch
 10
0.0
 20
0.0
 30
0.0
210
0.0
220
0.0
230
1.0
  2
SOLID
 70
     1
 71
     0
 91
        1
 92
        7
 72
     1
 73
     1
 93
        3
 10
5929.631717359043
 20
3331.011023291512
 42
0.0
 10
5929.631717359043
 20
3324.489284104388
 42
0.0
 10
5936.153456546169
 20
3324.489284104388
 42
0.4142135623730951
 97
        0
 75
     1
 76
     1
 47
0.1085495934889314
 98
        2
 10
5932.091707440654
 20
3326.556814417043
 10
5926.897483631743
 20
3322.30922015131
450
        0
451
        0
460
0.0
461
0.0
452
        0
462
0.0
453
        2
463
0.0
 63
     5
421
      255
463
1.0
 63
     2
421
 16776960
470
LINEAR
1001
GradientColor1ACI
1070
     5
1001
GradientColor2ACI
1070
     2
1001
ACAD
1010
0.0
1020
0.0
1030
0.0
  0
HATCH
  5
C1A
330
1F
100
AcDbEntity
  8
KOT CIZGISI (BEYKENT)
 62
    18
420
        0
100
AcDbHatch
 10
0.0
 20
0.0
 30
0.0
210
0.0
220
0.0
230
1.0
  2
SOLID
 70
     1
 71
     0
 91
        1
 92
        7
 72
     1
 73
     1
 93
        3
 10
5929.631717359043
 20
3324.489284104388
 42
0.0
 10
5923.109978171916
 20
3324.489284104388
 42
0.4142135623730951
 10
5929.631717359043
 20
3317.967544917263
 42
0.0
 97
        0
 75
     1
 76
     1
 47
0.1085495934889314
 98
        2
 10
5932.091707440654
 20
3326.556814417043
 10
5926.897483631743
 20
3322.30922015131
450
        0
451
        0
460
0.0
461
0.0
452
        0
462
0.0
453
        2
463
0.0
 63
     5
421
      255
463
1.0
 63
     2
421
 16776960
470
LINEAR
1001
GradientColor1ACI
1070
     5
1001
GradientColor2ACI
1070
     2
1001
ACAD
1010
0.0
1020
0.0
1030
0.0
  0
LINE
  5
C1B
330
1F
100
AcDbEntity
  8
KOT CIZGISI (BEYKENT)
100
AcDbLine
 10
5929.631717359043
 20
3333.185083475859
 30
0.0
 11
5929.631717359043
 21
3315.793743883547
 31
0.0
1001
sta4cad App2
1004
70
1071
       13
1070
     0
1070
     0
1070
     0
  0
LINE
  5
C1C
330
1F
100
AcDbEntity
  8
KOT CIZGISI (BEYKENT)
100
AcDbLine
 10
5920.936047562872
 20
3324.489284104388
 30
0.0
 11
5960.936047562871
 21
3324.489284104388
 31
0.0
1001
sta4cad App2
1004
70
1071
       13
1070
     0
1070
     0
1070
     0
  0
CIRCLE
  5
C1D
330
1F
100
AcDbEntity
  8
KOT CIZGISI (BEYKENT)
100
AcDbCircle
 10
5929.631717359043
 20
3324.489284104388
 30
0.0
 40
6.521739187123982
1001
sta4cad App2
1004
70
1071
       13
1070
     0
1070
     0
1070
     0
  0
TEXT
  5
C1E
330
1F
100
AcDbEntity
  8
KOT YAZI (BEYKENT)
100
AcDbText
 10
5937.436047562871
 20
3315.489284381216
 30
0.0
 40
8.0
  1
+7.40
  7
YAZI (BEYKENT)
 11
5937.436047562871
 21
3313.167413679703
 31
0.0
100
AcDbText
 73
     1
  0
TEXT
  5
C1F
330
1F
100
AcDbEntity
  8
DOSEME ISMI (BEYKENT)
100
AcDbText
 10
6808.109947562894
 20
3152.650219731973
 30
0.0
 40
12.0
  1
D1-03 d=20cm
  7
YAZI (BEYKENT)
 11
6808.109947562894
 21
3149.167413679703
 31
0.0
100
AcDbText
 73
     1
  0
LWPOLYLINE
  5
C20
330
1F
100
AcDbEntity
  8
DOSEME PAFTA (BEYKENT)
100
AcDbPolyline
 90
        4
 70
     1
 43
0.0
 10
6806.109947562895
 20
3166.650213679703
 10
6887.375422115823
 20
3166.650213679703
 42
-1.0
 10
6887.375422115823
 20
3150.650213679703
 10
6806.109947562895
 20
3150.650213679703
 42
-1.0
  0
TEXT
  5
C21
330
1F
100
AcDbEntity
  8
YUK YAZISI (BEYKENT)
100
AcDbText
 10
6808.109947562894
 20
3137.069752056594
 30
0.0
 40
10.0
  1
Q=2kN/m²
  7
YAZI (BEYKENT)
 11
6808.109947562894
 21
3134.167413679703
 31
0.0
100
AcDbText
 73
     1
  0
TEXT
  5
C22
330
1F
100
AcDbEntity
  8
KOT YAZI (BEYKENT)
100
AcDbText
 10
6822.436047562871
 20
3125.489284381216
 30
0.0
 40
8.0
  1
+7.60
  7
YAZI (BEYKENT)
 11
6822.436047562871
 21
3123.167413679703
 31
0.0
100
AcDbText
 73
     1
  0
HATCH
  5
C23
330
1F
100
AcDbEntity
  8
KOT CIZGISI (BEYKENT)
 62
    18
420
        0
100
AcDbHatch
 10
0.0
 20
0.0
 30
0.0
210
0.0
220
0.0
230
1.0
  2
SOLID
 70
     1
 71
     0
 91
        1
 92
        7
 72
     1
 73
     1
 93
        3
 10
6814.631717359043
 20
3131.011023291512
 42
0.0
 10
6814.631717359043
 20
3124.489284104389
 42
0.0
 10
6821.15345654617
 20
3124.489284104389
 42
0.4142135623730951
 97
        0
 75
     1
 76
     1
 47
0.1085495934889314
 98
        2
 10
6817.091707440653
 20
3126.556814417045
 10
6811.897483631743
 20
3122.30922015131
450
        0
451
        0
460
0.0
461
0.0
452
        0
462
0.0
453
        2
463
0.0
 63
     5
421
      255
463
1.0
 63
     2
421
 16776960
470
LINEAR
1001
GradientColor1ACI
1070
     5
1001
GradientColor2ACI
1070
     2
1001
ACAD
1010
0.0
1020
0.0
1030
0.0
  0
HATCH
  5
C24
330
1F
100
AcDbEntity
  8
KOT CIZGISI (BEYKENT)
 62
    18
420
        0
100
AcDbHatch
 10
0.0
 20
0.0
 30
0.0
210
0.0
220
0.0
230
1.0
  2
SOLID
 70
     1
 71
     0
 91
        1
 92
        7
 72
     1
 73
     1
 93
        3
 10
6814.631717359043
 20
3124.489284104389
 42
0.0
 10
6808.109978171917
 20
3124.489284104389
 42
0.4142135623730951
 10
6814.631717359043
 20
3117.967544917265
 42
0.0
 97
        0
 75
     1
 76
     1
 47
0.1085495934889314
 98
        2
 10
6817.091707440653
 20
3126.556814417045
 10
6811.897483631743
 20
3122.30922015131
450
        0
451
        0
460
0.0
461
0.0
452
        0
462
0.0
453
        2
463
0.0
 63
     5
421
      255
463
1.0
 63
     2
421
 16776960
470
LINEAR
1001
GradientColor1ACI
1070
     5
1001
GradientColor2ACI
1070
     2
1001
ACAD
1010
0.0
1020
0.0
1030
0.0
  0
LINE
  5
C25
330
1F
100
AcDbEntity
  8
KOT CIZGISI (BEYKENT)
100
AcDbLine
 10
6814.631717359043
 20
3133.185083475859
 30
0.0
 11
6814.631717359043
 21
3115.793743883547
 31
0.0
1001
sta4cad App2
1004
70
1071
       13
1070
     0
1070
     0
1070
     0
  0
LINE
  5
C26
330
1F
100
AcDbEntity
  8
KOT CIZGISI (BEYKENT)
100
AcDbLine
 10
6805.93604756287
 20
3124.489284104389
 30
0.0
 11
6845.936047562871
 21
3124.489284104389
 31
0.0
1001
sta4cad App2
1004
70
1071
       13
1070
     0
1070
     0
1070
     0
  0
CIRCLE
  5
C27
330
1F
100
AcDbEntity
  8
KOT CIZGISI (BEYKENT)
100
AcDbCircle
 10
6814.631717359043
 20
3124.489284104389
 30
0.0
 40
6.521739187123982
1001
sta4cad App2
1004
70
1071
       13
1070
     0
1070
     0
1070
     0
  0
TEXT
  5
C28
330
1F
100
AcDbEntity
  8
KOT YAZI (BEYKENT)
100
AcDbText
 10
6822.436047562871
 20
3115.489284381216
 30
0.0
 40
8.0
  1
+7.40
  7
YAZI (BEYKENT)
 11
6822.436047562871
 21
3113.167413679703
 31
0.0
100
AcDbText
 73
     1
  0
TEXT
  5
C29
330
1F
100
AcDbEntity
  8
DOSEME ISMI (BEYKENT)
100
AcDbText
 10
5913.109947562894
 20
3090.150219731973
 30
0.0
 40
12.0
  1
D1-05 d=20cm
  7
YAZI (BEYKENT)
 11
5913.109947562894
 21
3086.667413679703
 31
0.0
100
AcDbText
 73
     1
  0
LWPOLYLINE
  5
C2A
330
1F
100
AcDbEntity
  8
DOSEME PAFTA (BEYKENT)
100
AcDbPolyline
 90
        4
 70
     1
 43
0.0
 10
5911.109947562895
 20
3104.150213679703
 10
5992.556990203891
 20
3104.150213679703
 42
-1.0
 10
5992.556990203891
 20
3088.150213679703
 10
5911.109947562895
 20
3088.150213679703
 42
-1.0
  0
TEXT
  5
C2B
330
1F
100
AcDbEntity
  8
YUK YAZISI (BEYKENT)
100
AcDbText
 10
5913.109947562894
 20
3074.569752056594
 30
0.0
 40
10.0
  1
Q=2kN/m²
  7
YAZI (BEYKENT)
 11
5913.109947562894
 21
3071.667413679703
 31
0.0
100
AcDbText
 73
     1
  0
TEXT
  5
C2C
330
1F
100
AcDbEntity
  8
KOT YAZI (BEYKENT)
100
AcDbText
 10
5927.436047562871
 20
3062.989284381216
 30
0.0
 40
8.0
  1
+7.60
  7
YAZI (BEYKENT)
 11
5927.436047562871
 21
3060.667413679703
 31
0.0
100
AcDbText
 73
     1
  0
HATCH
  5
C2D
330
1F
100
AcDbEntity
  8
KOT CIZGISI (BEYKENT)
 62
    18
420
        0
100
AcDbHatch
 10
0.0
 20
0.0
 30
0.0
210
0.0
220
0.0
230
1.0
  2
SOLID
 70
     1
 71
     0
 91
        1
 92
        7
 72
     1
 73
     1
 93
        3
 10
5919.631717359044
 20
3068.511023291512
 42
0.0
 10
5919.631717359044
 20
3061.989284104388
 42
0.0
 10
5926.15345654617
 20
3061.989284104388
 42
0.4142135623730951
 97
        0
 75
     1
 76
     1
 47
0.1085495934889314
 98
        2
 10
5922.091707440653
 20
3064.056814417043
 10
5916.897483631743
 20
3059.80922015131
450
        0
451
        0
460
0.0
461
0.0
452
        0
462
0.0
453
        2
463
0.0
 63
     5
421
      255
463
1.0
 63
     2
421
 16776960
470
LINEAR
1001
GradientColor1ACI
1070
     5
1001
GradientColor2ACI
1070
     2
1001
ACAD
1010
0.0
1020
0.0
1030
0.0
  0
HATCH
  5
C2E
330
1F
100
AcDbEntity
  8
KOT CIZGISI (BEYKENT)
 62
    18
420
        0
100
AcDbHatch
 10
0.0
 20
0.0
 30
0.0
210
0.0
220
0.0
230
1.0
  2
SOLID
 70
     1
 71
     0
 91
        1
 92
        7
 72
     1
 73
     1
 93
        3
 10
5919.631717359044
 20
3061.989284104388
 42
0.0
 10
5913.109978171917
 20
3061.989284104388
 42
0.4142135623730951
 10
5919.631717359044
 20
3055.467544917265
 42
0.0
 97
        0
 75
     1
 76
     1
 47
0.1085495934889314
 98
        2
 10
5922.091707440653
 20
3064.056814417043
 10
5916.897483631743
 20
3059.80922015131
450
        0
451
        0
460
0.0
461
0.0
452
        0
462
0.0
453
        2
463
0.0
 63
     5
421
      255
463
1.0
 63
     2
421
 16776960
470
LINEAR
1001
GradientColor1ACI
1070
     5
1001
GradientColor2ACI
1070
     2
1001
ACAD
1010
0.0
1020
0.0
1030
0.0
  0
LINE
  5
C2F
330
1F
100
AcDbEntity
  8
KOT CIZGISI (BEYKENT)
100
AcDbLine
 10
5919.631717359044
 20
3070.685083475859
 30
0.0
 11
5919.631717359044
 21
3053.293743883547
 31
0.0
1001
sta4cad App2
1004
70
1071
       13
1070
     0
1070
     0
1070
     0
  0
LINE
  5
C30
330
1F
100
AcDbEntity
  8
KOT CIZGISI (BEYKENT)
100
AcDbLine
 10
5910.936047562871
 20
3061.989284104388
 30
0.0
 11
5950.936047562871
 21
3061.989284104388
 31
0.0
1001
sta4cad App2
1004
70
1071
       13
1070
     0
1070
     0
1070
     0
  0
CIRCLE
  5
C31
330
1F
100
AcDbEntity
  8
KOT CIZGISI (BEYKENT)
100
AcDbCircle
 10
5919.631717359044
 20
3061.989284104388
 30
0.0
 40
6.521739187123982
1001
sta4cad App2
1004
70
1071
       13
1070
     0
1070
     0
1070
     0
  0
TEXT
  5
C32
330
1F
100
AcDbEntity
  8
KOT YAZI (BEYKENT)
100
AcDbText
 10
5927.436047562871
 20
3052.989284381216
 30
0.0
 40
8.0
  1
+7.40
  7
YAZI (BEYKENT)
 11
5927.436047562871
 21
3050.667413679703
 31
0.0
100
AcDbText
 73
     1
  0
TEXT
  5
C33
330
1F
100
AcDbEntity
  8
DOSEME ISMI (BEYKENT)
100
AcDbText
 10
6423.109947562895
 20
3090.150219731973
 30
0.0
 40
12.0
  1
D1-06 d=20cm
  7
YAZI (BEYKENT)
 11
6423.109947562895
 21
3086.667413679703
 31
0.0
100
AcDbText
 73
     1
  0
LWPOLYLINE
  5
C34
330
1F
100
AcDbEntity
  8
DOSEME PAFTA (BEYKENT)
100
AcDbPolyline
 90
        4
 70
     1
 43
0.0
 10
6421.109947562894
 20
3104.150213679703
 10
6502.193854027813
 20
3104.150213679703
 42
-1.0
 10
6502.193854027813
 20
3088.150213679703
 10
6421.109947562894
 20
3088.150213679703
 42
-1.0
  0
TEXT
  5
C35
330
1F
100
AcDbEntity
  8
YUK YAZISI (BEYKENT)
100
AcDbText
 10
6423.109947562895
 20
3074.569752056594
 30
0.0
 40
10.0
  1
Q=2kN/m²
  7
YAZI (BEYKENT)
 11
6423.109947562895
 21
3071.667413679703
 31
0.0
100
AcDbText
 73
     1
  0
TEXT
  5
C36
330
1F
100
AcDbEntity
  8
KOT YAZI (BEYKENT)
100
AcDbText
 10
6437.43604756287
 20
3062.989284381216
 30
0.0
 40
8.0
  1
+7.60
  7
YAZI (BEYKENT)
 11
6437.43604756287
 21
3060.667413679703
 31
0.0
100
AcDbText
 73
     1
  0
HATCH
  5
C37
330
1F
100
AcDbEntity
  8
KOT CIZGISI (BEYKENT)
 62
    18
420
        0
100
AcDbHatch
 10
0.0
 20
0.0
 30
0.0
210
0.0
220
0.0
230
1.0
  2
SOLID
 70
     1
 71
     0
 91
        1
 92
        7
 72
     1
 73
     1
 93
        3
 10
6429.631717359043
 20
3068.511023291512
 42
0.0
 10
6429.631717359043
 20
3061.989284104388
 42
0.0
 10
6436.153456546169
 20
3061.989284104388
 42
0.4142135623730951
 97
        0
 75
     1
 76
     1
 47
0.1085495934889314
 98
        2
 10
6432.091707440654
 20
3064.056814417043
 10
6426.897483631742
 20
3059.80922015131
450
        0
451
        0
460
0.0
461
0.0
452
        0
462
0.0
453
        2
463
0.0
 63
     5
421
      255
463
1.0
 63
     2
421
 16776960
470
LINEAR
1001
GradientColor1ACI
1070
     5
1001
GradientColor2ACI
1070
     2
1001
ACAD
1010
0.0
1020
0.0
1030
0.0
  0
HATCH
  5
C38
330
1F
100
AcDbEntity
  8
KOT CIZGISI (BEYKENT)
 62
    18
420
        0
100
AcDbHatch
 10
0.0
 20
0.0
 30
0.0
210
0.0
220
0.0
230
1.0
  2
SOLID
 70
     1
 71
     0
 91
        1
 92
        7
 72
     1
 73
     1
 93
        3
 10
6429.631717359043
 20
3061.989284104388
 42
0.0
 10
6423.109978171916
 20
3061.989284104388
 42
0.4142135623730951
 10
6429.631717359043
 20
3055.467544917265
 42
0.0
 97
        0
 75
     1
 76
     1
 47
0.1085495934889314
 98
        2
 10
6432.091707440654
 20
3064.056814417043
 10
6426.897483631742
 20
3059.80922015131
450
        0
451
        0
460
0.0
461
0.0
452
        0
462
0.0
453
        2
463
0.0
 63
     5
421
      255
463
1.0
 63
     2
421
 16776960
470
LINEAR
1001
GradientColor1ACI
1070
     5
1001
GradientColor2ACI
1070
     2
1001
ACAD
1010
0.0
1020
0.0
1030
0.0
  0
LINE
  5
C39
330
1F
100
AcDbEntity
  8
KOT CIZGISI (BEYKENT)
100
AcDbLine
 10
6429.631717359043
 20
3070.685083475859
 30
0.0
 11
6429.631717359043
 21
3053.293743883547
 31
0.0
1001
sta4cad App2
1004
70
1071
       13
1070
     0
1070
     0
1070
     0
  0
LINE
  5
C3A
330
1F
100
AcDbEntity
  8
KOT CIZGISI (BEYKENT)
100
AcDbLine
 10
6420.936047562872
 20
3061.989284104388
 30
0.0
 11
6460.936047562871
 21
3061.989284104388
 31
0.0
1001
sta4cad App2
1004
70
1071
       13
1070
     0
1070
     0
1070
     0
  0
CIRCLE
  5
C3B
330
1F
100
AcDbEntity
  8
KOT CIZGISI (BEYKENT)
100
AcDbCircle
 10
6429.631717359043
 20
3061.989284104388
 30
0.0
 40
6.521739187123982
1001
sta4cad App2
1004
70
1071
       13
1070
     0
1070
     0
1070
     0
  0
TEXT
  5
C3C
330
1F
100
AcDbEntity
  8
KOT YAZI (BEYKENT)
100
AcDbText
 10
6437.43604756287
 20
3052.989284381216
 30
0.0
 40
8.0
  1
+7.40
  7
YAZI (BEYKENT)
 11
6437.43604756287
 21
3050.667413679703
 31
0.0
100
AcDbText
 73
     1
  0
TEXT
  5
C3D
330
1F
100
AcDbEntity
  8
DOSEME ISMI (BEYKENT)
100
AcDbText
 10
4638.112272143866
 20
3002.650219731973
 30
0.0
 40
12.0
  1
D1-07 d=20cm
  7
YAZI (BEYKENT)
 11
4638.112272143866
 21
2999.167413679703
 31
0.0
100
AcDbText
 73
     1
  0
LWPOLYLINE
  5
C3E
330
1F
100
AcDbEntity
  8
DOSEME PAFTA (BEYKENT)
100
AcDbPolyline
 90
        4
 70
     1
 43
0.0
 10
4636.112272143866
 20
3016.650213679703
 10
4717.113647659695
 20
3016.650213679703
 42
-1.0
 10
4717.113647659695
 20
3000.650213679703
 10
4636.112272143866
 20
3000.650213679703
 42
-1.0
  0
TEXT
  5
C3F
330
1F
100
AcDbEntity
  8
YUK YAZISI (BEYKENT)
100
AcDbText
 10
4638.112272143866
 20
2987.069752056594
 30
0.0
 40
10.0
  1
Q=2kN/m²
  7
YAZI (BEYKENT)
 11
4638.112272143866
 21
2984.167413679703
 31
0.0
100
AcDbText
 73
     1
  0
TEXT
  5
C40
330
1F
100
AcDbEntity
  8
KOT YAZI (BEYKENT)
100
AcDbText
 10
4652.438372143872
 20
2975.489284381216
 30
0.0
 40
8.0
  1
+7.60
  7
YAZI (BEYKENT)
 11
4652.438372143872
 21
2973.167413679703
 31
0.0
100
AcDbText
 73
     1
  0
HATCH
  5
C41
330
1F
100
AcDbEntity
  8
KOT CIZGISI (BEYKENT)
 62
    18
420
        0
100
AcDbHatch
 10
0.0
 20
0.0
 30
0.0
210
0.0
220
0.0
230
1.0
  2
SOLID
 70
     1
 71
     0
 91
        1
 92
        7
 72
     1
 73
     1
 93
        3
 10
4644.634041940044
 20
2981.011023291512
 42
0.0
 10
4644.634041940044
 20
2974.489284104389
 42
0.0
 10
4651.155781127141
 20
2974.489284104389
 42
0.4142135623730951
 97
        0
 75
     1
 76
     1
 47
0.1085495934889314
 98
        2
 10
4647.094032021654
 20
2976.556814417045
 10
4641.899808212744
 20
2972.309220151312
450
        0
451
        0
460
0.0
461
0.0
452
        0
462
0.0
453
        2
463
0.0
 63
     5
421
      255
463
1.0
 63
     2
421
 16776960
470
LINEAR
1001
GradientColor1ACI
1070
     5
1001
GradientColor2ACI
1070
     2
1001
ACAD
1010
0.0
1020
0.0
1030
0.0
  0
HATCH
  5
C42
330
1F
100
AcDbEntity
  8
KOT CIZGISI (BEYKENT)
 62
    18
420
        0
100
AcDbHatch
 10
0.0
 20
0.0
 30
0.0
210
0.0
220
0.0
230
1.0
  2
SOLID
 70
     1
 71
     0
 91
        1
 92
        7
 72
     1
 73
     1
 93
        3
 10
4644.634041940044
 20
2974.489284104389
 42
0.0
 10
4638.112302752918
 20
2974.489284104389
 42
0.4142135623730951
 10
4644.634041940044
 20
2967.967544917265
 42
0.0
 97
        0
 75
     1
 76
     1
 47
0.1085495934889314
 98
        2
 10
4647.094032021654
 20
2976.556814417045
 10
4641.899808212744
 20
2972.309220151312
450
        0
451
        0
460
0.0
461
0.0
452
        0
462
0.0
453
        2
463
0.0
 63
     5
421
      255
463
1.0
 63
     2
421
 16776960
470
LINEAR
1001
GradientColor1ACI
1070
     5
1001
GradientColor2ACI
1070
     2
1001
ACAD
1010
0.0
1020
0.0
1030
0.0
  0
LINE
  5
C43
330
1F
100
AcDbEntity
  8
KOT CIZGISI (BEYKENT)
100
AcDbLine
 10
4644.634041940044
 20
2983.185083475859
 30
0.0
 11
4644.634041940044
 21
2965.793743883547
 31
0.0
1001
sta4cad App2
1004
70
1071
       13
1070
     0
1070
     0
1070
     0
  0
LINE
  5
C44
330
1F
100
AcDbEntity
  8
KOT CIZGISI (BEYKENT)
100
AcDbLine
 10
4635.938372143871
 20
2974.489284104389
 30
0.0
 11
4675.938372143871
 21
2974.489284104389
 31
0.0
1001
sta4cad App2
1004
70
1071
       13
1070
     0
1070
     0
1070
     0
  0
CIRCLE
  5
C45
330
1F
100
AcDbEntity
  8
KOT CIZGISI (BEYKENT)
100
AcDbCircle
 10
4644.634041940044
 20
2974.489284104389
 30
0.0
 40
6.521739187123982
1001
sta4cad App2
1004
70
1071
       13
1070
     0
1070
     0
1070
     0
  0
TEXT
  5
C46
330
1F
100
AcDbEntity
  8
KOT YAZI (BEYKENT)
100
AcDbText
 10
4652.438372143872
 20
2965.489284381216
 30
0.0
 40
8.0
  1
+7.40
  7
YAZI (BEYKENT)
 11
4652.438372143872
 21
2963.167413679703
 31
0.0
100
AcDbText
 73
     1
  0
TEXT
  5
C47
330
1F
100
AcDbEntity
  8
DOSEME ISMI (BEYKENT)
100
AcDbText
 10
3888.112272143866
 20
2640.150219731973
 30
0.0
 40
12.0
  1
D1-08 d=20cm
  7
YAZI (BEYKENT)
 11
3888.112272143866
 21
2636.667413679703
 31
0.0
100
AcDbText
 73
     1
  0
LWPOLYLINE
  5
C48
330
1F
100
AcDbEntity
  8
DOSEME PAFTA (BEYKENT)
100
AcDbPolyline
 90
        4
 70
     1
 43
0.0
 10
3886.112272143866
 20
2654.150213679703
 10
3967.617086449267
 20
2654.150213679703
 42
-1.0
 10
3967.617086449267
 20
2638.150213679703
 10
3886.112272143866
 20
2638.150213679703
 42
-1.0
  0
TEXT
  5
C49
330
1F
100
AcDbEntity
  8
YUK YAZISI (BEYKENT)
100
AcDbText
 10
3888.112272143866
 20
2624.569752056594
 30
0.0
 40
10.0
  1
Q=2kN/m²
  7
YAZI (BEYKENT)
 11
3888.112272143866
 21
2621.667413679703
 31
0.0
100
AcDbText
 73
     1
  0
TEXT
  5
C4A
330
1F
100
AcDbEntity
  8
KOT YAZI (BEYKENT)
100
AcDbText
 10
3902.438372143872
 20
2612.989284381216
 30
0.0
 40
8.0
  1
+7.60
  7
YAZI (BEYKENT)
 11
3902.438372143872
 21
2610.667413679703
 31
0.0
100
AcDbText
 73
     1
  0
HATCH
  5
C4B
330
1F
100
AcDbEntity
  8
KOT CIZGISI (BEYKENT)
 62
    18
420
        0
100
AcDbHatch
 10
0.0
 20
0.0
 30
0.0
210
0.0
220
0.0
230
1.0
  2
SOLID
 70
     1
 71
     0
 91
        1
 92
        7
 72
     1
 73
     1
 93
        3
 10
3894.634041940044
 20
2618.511023291512
 42
0.0
 10
3894.634041940044
 20
2611.989284104389
 42
0.0
 10
3901.155781127142
 20
2611.989284104389
 42
0.4142135623730951
 97
        0
 75
     1
 76
     1
 47
0.1085495934889314
 98
        2
 10
3897.094032021654
 20
2614.056814417045
 10
3891.899808212744
 20
2609.809220151312
450
        0
451
        0
460
0.0
461
0.0
452
        0
462
0.0
453
        2
463
0.0
 63
     5
421
      255
463
1.0
 63
     2
421
 16776960
470
LINEAR
1001
GradientColor1ACI
1070
     5
1001
GradientColor2ACI
1070
     2
1001
ACAD
1010
0.0
1020
0.0
1030
0.0
  0
HATCH
  5
C4C
330
1F
100
AcDbEntity
  8
KOT CIZGISI (BEYKENT)
 62
    18
420
        0
100
AcDbHatch
 10
0.0
 20
0.0
 30
0.0
210
0.0
220
0.0
230
1.0
  2
SOLID
 70
     1
 71
     0
 91
        1
 92
        7
 72
     1
 73
     1
 93
        3
 10
3894.634041940044
 20
2611.989284104389
 42
0.0
 10
3888.112302752918
 20
2611.989284104389
 42
0.4142135623730951
 10
3894.634041940044
 20
2605.467544917265
 42
0.0
 97
        0
 75
     1
 76
     1
 47
0.1085495934889314
 98
        2
 10
3897.094032021654
 20
2614.056814417045
 10
3891.899808212744
 20
2609.809220151312
450
        0
451
        0
460
0.0
461
0.0
452
        0
462
0.0
453
        2
463
0.0
 63
     5
421
      255
463
1.0
 63
     2
421
 16776960
470
LINEAR
1001
GradientColor1ACI
1070
     5
1001
GradientColor2ACI
1070
     2
1001
ACAD
1010
0.0
1020
0.0
1030
0.0
  0
LINE
  5
C4D
330
1F
100
AcDbEntity
  8
KOT CIZGISI (BEYKENT)
100
AcDbLine
 10
3894.634041940044
 20
2620.685083475859
 30
0.0
 11
3894.634041940044
 21
2603.293743883549
 31
0.0
1001
sta4cad App2
1004
70
1071
       13
1070
     0
1070
     0
1070
     0
  0
LINE
  5
C4E
330
1F
100
AcDbEntity
  8
KOT CIZGISI (BEYKENT)
100
AcDbLine
 10
3885.938372143872
 20
2611.989284104389
 30
0.0
 11
3925.938372143872
 21
2611.989284104389
 31
0.0
1001
sta4cad App2
1004
70
1071
       13
1070
     0
1070
     0
1070
     0
  0
CIRCLE
  5
C4F
330
1F
100
AcDbEntity
  8
KOT CIZGISI (BEYKENT)
100
AcDbCircle
 10
3894.634041940044
 20
2611.989284104389
 30
0.0
 40
6.521739187123982
1001
sta4cad App2
1004
70
1071
       13
1070
     0
1070
     0
1070
     0
  0
TEXT
  5
C50
330
1F
100
AcDbEntity
  8
KOT YAZI (BEYKENT)
100
AcDbText
 10
3902.438372143872
 20
2602.989284381216
 30
0.0
 40
8.0
  1
+7.40
  7
YAZI (BEYKENT)
 11
3902.438372143872
 21
2600.667413679703
 31
0.0
100
AcDbText
 73
     1
  0
TEXT
  5
C51
330
1F
100
AcDbEntity
  8
DOSEME ISMI (BEYKENT)
100
AcDbText
 10
4508.109947562894
 20
2640.150219731973
 30
0.0
 40
12.0
  1
D1-09 d=20cm
  7
YAZI (BEYKENT)
 11
4508.109947562894
 21
2636.667413679703
 31
0.0
100
AcDbText
 73
     1
  0
LWPOLYLINE
  5
C52
330
1F
100
AcDbEntity
  8
DOSEME PAFTA (BEYKENT)
100
AcDbPolyline
 90
        4
 70
     1
 43
0.0
 10
4506.109947562894
 20
2654.150213679703
 10
4587.193854027813
 20
2654.150213679703
 42
-1.0
 10
4587.193854027813
 20
2638.150213679703
 10
4506.109947562894
 20
2638.150213679703
 42
-1.0
  0
TEXT
  5
C53
330
1F
100
AcDbEntity
  8
YUK YAZISI (BEYKENT)
100
AcDbText
 10
4508.109947562894
 20
2624.569752056594
 30
0.0
 40
10.0
  1
Q=2kN/m²
  7
YAZI (BEYKENT)
 11
4508.109947562894
 21
2621.667413679703
 31
0.0
100
AcDbText
 73
     1
  0
TEXT
  5
C54
330
1F
100
AcDbEntity
  8
KOT YAZI (BEYKENT)
100
AcDbText
 10
4522.43604756287
 20
2612.989284381216
 30
0.0
 40
8.0
  1
+7.60
  7
YAZI (BEYKENT)
 11
4522.43604756287
 21
2610.667413679703
 31
0.0
100
AcDbText
 73
     1
  0
HATCH
  5
C55
330
1F
100
AcDbEntity
  8
KOT CIZGISI (BEYKENT)
 62
    18
420
        0
100
AcDbHatch
 10
0.0
 20
0.0
 30
0.0
210
0.0
220
0.0
230
1.0
  2
SOLID
 70
     1
 71
     0
 91
        1
 92
        7
 72
     1
 73
     1
 93
        3
 10
4514.631717359043
 20
2618.511023291512
 42
0.0
 10
4514.631717359043
 20
2611.989284104389
 42
0.0
 10
4521.153456546169
 20
2611.989284104389
 42
0.4142135623730951
 97
        0
 75
     1
 76
     1
 47
0.1085495934889314
 98
        2
 10
4517.091707440653
 20
2614.056814417045
 10
4511.897483631742
 20
2609.809220151312
450
        0
451
        0
460
0.0
461
0.0
452
        0
462
0.0
453
        2
463
0.0
 63
     5
421
      255
463
1.0
 63
     2
421
 16776960
470
LINEAR
1001
GradientColor1ACI
1070
     5
1001
GradientColor2ACI
1070
     2
1001
ACAD
1010
0.0
1020
0.0
1030
0.0
  0
HATCH
  5
C56
330
1F
100
AcDbEntity
  8
KOT CIZGISI (BEYKENT)
 62
    18
420
        0
100
AcDbHatch
 10
0.0
 20
0.0
 30
0.0
210
0.0
220
0.0
230
1.0
  2
SOLID
 70
     1
 71
     0
 91
        1
 92
        7
 72
     1
 73
     1
 93
        3
 10
4514.631717359043
 20
2611.989284104389
 42
0.0
 10
4508.109978171916
 20
2611.989284104389
 42
0.4142135623730951
 10
4514.631717359043
 20
2605.467544917265
 42
0.0
 97
        0
 75
     1
 76
     1
 47
0.1085495934889314
 98
        2
 10
4517.091707440653
 20
2614.056814417045
 10
4511.897483631742
 20
2609.809220151312
450
        0
451
        0
460
0.0
461
0.0
452
        0
462
0.0
453
        2
463
0.0
 63
     5
421
      255
463
1.0
 63
     2
421
 16776960
470
LINEAR
1001
GradientColor1ACI
1070
     5
1001
GradientColor2ACI
1070
     2
1001
ACAD
1010
0.0
1020
0.0
1030
0.0
  0
LINE
  5
C57
330
1F
100
AcDbEntity
  8
KOT CIZGISI (BEYKENT)
100
AcDbLine
 10
4514.631717359043
 20
2620.685083475859
 30
0.0
 11
4514.631717359043
 21
2603.293743883549
 31
0.0
1001
sta4cad App2
1004
70
1071
       13
1070
     0
1070
     0
1070
     0
  0
LINE
  5
C58
330
1F
100
AcDbEntity
  8
KOT CIZGISI (BEYKENT)
100
AcDbLine
 10
4505.936047562871
 20
2611.989284104389
 30
0.0
 11
4545.936047562871
 21
2611.989284104389
 31
0.0
1001
sta4cad App2
1004
70
1071
       13
1070
     0
1070
     0
1070
     0
  0
CIRCLE
  5
C59
330
1F
100
AcDbEntity
  8
KOT CIZGISI (BEYKENT)
100
AcDbCircle
 10
4514.631717359043
 20
2611.989284104389
 30
0.0
 40
6.521739187123982
1001
sta4cad App2
1004
70
1071
       13
1070
     0
1070
     0
1070
     0
  0
TEXT
  5
C5A
330
1F
100
AcDbEntity
  8
KOT YAZI (BEYKENT)
100
AcDbText
 10
4522.43604756287
 20
2602.989284381216
 30
0.0
 40
8.0
  1
+7.40
  7
YAZI (BEYKENT)
 11
4522.43604756287
 21
2600.667413679703
 31
0.0
100
AcDbText
 73
     1
  0
TEXT
  5
C5B
330
1F
100
AcDbEntity
  8
DOSEME ISMI (BEYKENT)
100
AcDbText
 10
4835.609947562894
 20
2640.150219731973
 30
0.0
 40
12.0
  1
D1-10 d=20cm
  7
YAZI (BEYKENT)
 11
4835.609947562894
 21
2636.667413679703
 31
0.0
100
AcDbText
 73
     1
  0
LWPOLYLINE
  5
C5C
330
1F
100
AcDbEntity
  8
DOSEME PAFTA (BEYKENT)
100
AcDbPolyline
 90
        4
 70
     1
 43
0.0
 10
4833.609947562894
 20
2654.150213679703
 10
4912.713111249242
 20
2654.150213679703
 42
-1.0
 10
4912.713111249242
 20
2638.150213679703
 10
4833.609947562894
 20
2638.150213679703
 42
-1.0
  0
TEXT
  5
C5D
330
1F
100
AcDbEntity
  8
YUK YAZISI (BEYKENT)
100
AcDbText
 10
4835.609947562894
 20
2624.569752056594
 30
0.0
 40
10.0
  1
Q=2kN/m²
  7
YAZI (BEYKENT)
 11
4835.609947562894
 21
2621.667413679703
 31
0.0
100
AcDbText
 73
     1
  0
TEXT
  5
C5E
330
1F
100
AcDbEntity
  8
KOT YAZI (BEYKENT)
100
AcDbText
 10
4849.936047562871
 20
2612.989284381216
 30
0.0
 40
8.0
  1
+7.60
  7
YAZI (BEYKENT)
 11
4849.936047562871
 21
2610.667413679703
 31
0.0
100
AcDbText
 73
     1
  0
HATCH
  5
C5F
330
1F
100
AcDbEntity
  8
KOT CIZGISI (BEYKENT)
 62
    18
420
        0
100
AcDbHatch
 10
0.0
 20
0.0
 30
0.0
210
0.0
220
0.0
230
1.0
  2
SOLID
 70
     1
 71
     0
 91
        1
 92
        7
 72
     1
 73
     1
 93
        3
 10
4842.131717359043
 20
2618.511023291512
 42
0.0
 10
4842.131717359043
 20
2611.989284104389
 42
0.0
 10
4848.65345654617
 20
2611.989284104389
 42
0.4142135623730951
 97
        0
 75
     1
 76
     1
 47
0.1085495934889314
 98
        2
 10
4844.591707440653
 20
2614.056814417045
 10
4839.397483631743
 20
2609.809220151312
450
        0
451
        0
460
0.0
461
0.0
452
        0
462
0.0
453
        2
463
0.0
 63
     5
421
      255
463
1.0
 63
     2
421
 16776960
470
LINEAR
1001
GradientColor1ACI
1070
     5
1001
GradientColor2ACI
1070
     2
1001
ACAD
1010
0.0
1020
0.0
1030
0.0
  0
HATCH
  5
C60
330
1F
100
AcDbEntity
  8
KOT CIZGISI (BEYKENT)
 62
    18
420
        0
100
AcDbHatch
 10
0.0
 20
0.0
 30
0.0
210
0.0
220
0.0
230
1.0
  2
SOLID
 70
     1
 71
     0
 91
        1
 92
        7
 72
     1
 73
     1
 93
        3
 10
4842.131717359043
 20
2611.989284104389
 42
0.0
 10
4835.609978171916
 20
2611.989284104389
 42
0.4142135623730951
 10
4842.131717359043
 20
2605.467544917265
 42
0.0
 97
        0
 75
     1
 76
     1
 47
0.1085495934889314
 98
        2
 10
4844.591707440653
 20
2614.056814417045
 10
4839.397483631743
 20
2609.809220151312
450
        0
451
        0
460
0.0
461
0.0
452
        0
462
0.0
453
        2
463
0.0
 63
     5
421
      255
463
1.0
 63
     2
421
 16776960
470
LINEAR
1001
GradientColor1ACI
1070
     5
1001
GradientColor2ACI
1070
     2
1001
ACAD
1010
0.0
1020
0.0
1030
0.0
  0
LINE
  5
C61
330
1F
100
AcDbEntity
  8
KOT CIZGISI (BEYKENT)
100
AcDbLine
 10
4842.131717359043
 20
2620.685083475859
 30
0.0
 11
4842.131717359043
 21
2603.293743883549
 31
0.0
1001
sta4cad App2
1004
70
1071
       13
1070
     0
1070
     0
1070
     0
  0
LINE
  5
C62
330
1F
100
AcDbEntity
  8
KOT CIZGISI (BEYKENT)
100
AcDbLine
 10
4833.436047562871
 20
2611.989284104389
 30
0.0
 11
4873.436047562871
 21
2611.989284104389
 31
0.0
1001
sta4cad App2
1004
70
1071
       13
1070
     0
1070
     0
1070
     0
  0
CIRCLE
  5
C63
330
1F
100
AcDbEntity
  8
KOT CIZGISI (BEYKENT)
100
AcDbCircle
 10
4842.131717359043
 20
2611.989284104389
 30
0.0
 40
6.521739187123982
1001
sta4cad App2
1004
70
1071
       13
1070
     0
1070
     0
1070
     0
  0
TEXT
  5
C64
330
1F
100
AcDbEntity
  8
KOT YAZI (BEYKENT)
100
AcDbText
 10
4849.936047562871
 20
2602.989284381216
 30
0.0
 40
8.0
  1
+7.40
  7
YAZI (BEYKENT)
 11
4849.936047562871
 21
2600.667413679703
 31
0.0
100
AcDbText
 73
     1
  0
TEXT
  5
C65
330
1F
100
AcDbEntity
  8
DOSEME ISMI (BEYKENT)
100
AcDbText
 10
5400.609947562895
 20
2640.150219731973
 30
0.0
 40
12.0
  1
D1-11 d=20cm
  7
YAZI (BEYKENT)
 11
5400.609947562895
 21
2636.667413679703
 31
0.0
100
AcDbText
 73
     1
  0
LWPOLYLINE
  5
C66
330
1F
100
AcDbEntity
  8
DOSEME PAFTA (BEYKENT)
100
AcDbPolyline
 90
        4
 70
     1
 43
0.0
 10
5398.609947562895
 20
2654.150213679703
 10
5475.245435870988
 20
2654.150213679703
 42
-1.0
 10
5475.245435870988
 20
2638.150213679703
 10
5398.609947562895
 20
2638.150213679703
 42
-1.0
  0
TEXT
  5
C67
330
1F
100
AcDbEntity
  8
YUK YAZISI (BEYKENT)
100
AcDbText
 10
5400.609947562895
 20
2624.569752056594
 30
0.0
 40
10.0
  1
Q=2kN/m²
  7
YAZI (BEYKENT)
 11
5400.609947562895
 21
2621.667413679703
 31
0.0
100
AcDbText
 73
     1
  0
TEXT
  5
C68
330
1F
100
AcDbEntity
  8
KOT YAZI (BEYKENT)
100
AcDbText
 10
5414.936047562871
 20
2612.989284381216
 30
0.0
 40
8.0
  1
+7.60
  7
YAZI (BEYKENT)
 11
5414.936047562871
 21
2610.667413679703
 31
0.0
100
AcDbText
 73
     1
  0
HATCH
  5
C69
330
1F
100
AcDbEntity
  8
KOT CIZGISI (BEYKENT)
 62
    18
420
        0
100
AcDbHatch
 10
0.0
 20
0.0
 30
0.0
210
0.0
220
0.0
230
1.0
  2
SOLID
 70
     1
 71
     0
 91
        1
 92
        7
 72
     1
 73
     1
 93
        3
 10
5407.131717359043
 20
2618.511023291512
 42
0.0
 10
5407.131717359043
 20
2611.989284104389
 42
0.0
 10
5413.65345654617
 20
2611.989284104389
 42
0.4142135623730951
 97
        0
 75
     1
 76
     1
 47
0.1085495934889314
 98
        2
 10
5409.591707440654
 20
2614.056814417045
 10
5404.397483631743
 20
2609.809220151312
450
        0
451
        0
460
0.0
461
0.0
452
        0
462
0.0
453
        2
463
0.0
 63
     5
421
      255
463
1.0
 63
     2
421
 16776960
470
LINEAR
1001
GradientColor1ACI
1070
     5
1001
GradientColor2ACI
1070
     2
1001
ACAD
1010
0.0
1020
0.0
1030
0.0
  0
HATCH
  5
C6A
330
1F
100
AcDbEntity
  8
KOT CIZGISI (BEYKENT)
 62
    18
420
        0
100
AcDbHatch
 10
0.0
 20
0.0
 30
0.0
210
0.0
220
0.0
230
1.0
  2
SOLID
 70
     1
 71
     0
 91
        1
 92
        7
 72
     1
 73
     1
 93
        3
 10
5407.131717359043
 20
2611.989284104389
 42
0.0
 10
5400.609978171917
 20
2611.989284104389
 42
0.4142135623730951
 10
5407.131717359043
 20
2605.467544917265
 42
0.0
 97
        0
 75
     1
 76
     1
 47
0.1085495934889314
 98
        2
 10
5409.591707440654
 20
2614.056814417045
 10
5404.397483631743
 20
2609.809220151312
450
        0
451
        0
460
0.0
461
0.0
452
        0
462
0.0
453
        2
463
0.0
 63
     5
421
      255
463
1.0
 63
     2
421
 16776960
470
LINEAR
1001
GradientColor1ACI
1070
     5
1001
GradientColor2ACI
1070
     2
1001
ACAD
1010
0.0
1020
0.0
1030
0.0
  0
LINE
  5
C6B
330
1F
100
AcDbEntity
  8
KOT CIZGISI (BEYKENT)
100
AcDbLine
 10
5407.131717359043
 20
2620.685083475859
 30
0.0
 11
5407.131717359043
 21
2603.293743883549
 31
0.0
1001
sta4cad App2
1004
70
1071
       13
1070
     0
1070
     0
1070
     0
  0
LINE
  5
C6C
330
1F
100
AcDbEntity
  8
KOT CIZGISI (BEYKENT)
100
AcDbLine
 10
5398.436047562871
 20
2611.989284104389
 30
0.0
 11
5438.436047562871
 21
2611.989284104389
 31
0.0
1001
sta4cad App2
1004
70
1071
       13
1070
     0
1070
     0
1070
     0
  0
CIRCLE
  5
C6D
330
1F
100
AcDbEntity
  8
KOT CIZGISI (BEYKENT)
100
AcDbCircle
 10
5407.131717359043
 20
2611.989284104389
 30
0.0
 40
6.521739187123982
1001
sta4cad App2
1004
70
1071
       13
1070
     0
1070
     0
1070
     0
  0
TEXT
  5
C6E
330
1F
100
AcDbEntity
  8
KOT YAZI (BEYKENT)
100
AcDbText
 10
5414.936047562871
 20
2602.989284381216
 30
0.0
 40
8.0
  1
+7.40
  7
YAZI (BEYKENT)
 11
5414.936047562871
 21
2600.667413679703
 31
0.0
100
AcDbText
 73
     1
  0
TEXT
  5
C6F
330
1F
100
AcDbEntity
  8
DOSEME ISMI (BEYKENT)
100
AcDbText
 10
6193.109947562895
 20
2890.150219731973
 30
0.0
 40
12.0
  1
D1-12 d=20cm
  7
YAZI (BEYKENT)
 11
6193.109947562895
 21
2886.667413679703
 31
0.0
100
AcDbText
 73
     1
  0
LWPOLYLINE
  5
C70
330
1F
100
AcDbEntity
  8
DOSEME PAFTA (BEYKENT)
100
AcDbPolyline
 90
        4
 70
     1
 43
0.0
 10
6191.109947562894
 20
2904.150213679703
 10
6269.965518401943
 20
2904.150213679703
 42
-1.0
 10
6269.965518401943
 20
2888.150213679703
 10
6191.109947562894
 20
2888.150213679703
 42
-1.0
  0
TEXT
  5
C71
330
1F
100
AcDbEntity
  8
YUK YAZISI (BEYKENT)
100
AcDbText
 10
6193.109947562895
 20
2874.569752056594
 30
0.0
 40
10.0
  1
Q=2kN/m²
  7
YAZI (BEYKENT)
 11
6193.109947562895
 21
2871.667413679703
 31
0.0
100
AcDbText
 73
     1
  0
TEXT
  5
C72
330
1F
100
AcDbEntity
  8
KOT YAZI (BEYKENT)
100
AcDbText
 10
6207.436047562871
 20
2862.989284381216
 30
0.0
 40
8.0
  1
+7.60
  7
YAZI (BEYKENT)
 11
6207.436047562871
 21
2860.667413679703
 31
0.0
100
AcDbText
 73
     1
  0
HATCH
  5
C73
330
1F
100
AcDbEntity
  8
KOT CIZGISI (BEYKENT)
 62
    18
420
        0
100
AcDbHatch
 10
0.0
 20
0.0
 30
0.0
210
0.0
220
0.0
230
1.0
  2
SOLID
 70
     1
 71
     0
 91
        1
 92
        7
 72
     1
 73
     1
 93
        3
 10
6199.631717359043
 20
2868.511023291512
 42
0.0
 10
6199.631717359043
 20
2861.989284104387
 42
0.0
 10
6206.15345654617
 20
2861.989284104387
 42
0.4142135623730951
 97
        0
 75
     1
 76
     1
 47
0.1085495934889314
 98
        2
 10
6202.091707440653
 20
2864.056814417043
 10
6196.897483631743
 20
2859.80922015131
450
        0
451
        0
460
0.0
461
0.0
452
        0
462
0.0
453
        2
463
0.0
 63
     5
421
      255
463
1.0
 63
     2
421
 16776960
470
LINEAR
1001
GradientColor1ACI
1070
     5
1001
GradientColor2ACI
1070
     2
1001
ACAD
1010
0.0
1020
0.0
1030
0.0
  0
HATCH
  5
C74
330
1F
100
AcDbEntity
  8
KOT CIZGISI (BEYKENT)
 62
    18
420
        0
100
AcDbHatch
 10
0.0
 20
0.0
 30
0.0
210
0.0
220
0.0
230
1.0
  2
SOLID
 70
     1
 71
     0
 91
        1
 92
        7
 72
     1
 73
     1
 93
        3
 10
6199.631717359043
 20
2861.989284104387
 42
0.0
 10
6193.109978171917
 20
2861.989284104387
 42
0.4142135623730951
 10
6199.631717359043
 20
2855.467544917263
 42
0.0
 97
        0
 75
     1
 76
     1
 47
0.1085495934889314
 98
        2
 10
6202.091707440653
 20
2864.056814417043
 10
6196.897483631743
 20
2859.80922015131
450
        0
451
        0
460
0.0
461
0.0
452
        0
462
0.0
453
        2
463
0.0
 63
     5
421
      255
463
1.0
 63
     2
421
 16776960
470
LINEAR
1001
GradientColor1ACI
1070
     5
1001
GradientColor2ACI
1070
     2
1001
ACAD
1010
0.0
1020
0.0
1030
0.0
  0
LINE
  5
C75
330
1F
100
AcDbEntity
  8
KOT CIZGISI (BEYKENT)
100
AcDbLine
 10
6199.631717359043
 20
2870.685083475857
 30
0.0
 11
6199.631717359043
 21
2853.293743883547
 31
0.0
1001
sta4cad App2
1004
70
1071
       13
1070
     0
1070
     0
1070
     0
  0
LINE
  5
C76
330
1F
100
AcDbEntity
  8
KOT CIZGISI (BEYKENT)
100
AcDbLine
 10
6190.936047562871
 20
2861.989284104387
 30
0.0
 11
6230.93604756287
 21
2861.989284104387
 31
0.0
1001
sta4cad App2
1004
70
1071
       13
1070
     0
1070
     0
1070
     0
  0
CIRCLE
  5
C77
330
1F
100
AcDbEntity
  8
KOT CIZGISI (BEYKENT)
100
AcDbCircle
 10
6199.631717359043
 20
2861.989284104387
 30
0.0
 40
6.521739187123982
1001
sta4cad App2
1004
70
1071
       13
1070
     0
1070
     0
1070
     0
  0
TEXT
  5
C78
330
1F
100
AcDbEntity
  8
KOT YAZI (BEYKENT)
100
AcDbText
 10
6207.436047562871
 20
2852.989284381216
 30
0.0
 40
8.0
  1
+7.40
  7
YAZI (BEYKENT)
 11
6207.436047562871
 21
2850.667413679703
 31
0.0
100
AcDbText
 73
     1
  0
TEXT
  5
C79
330
1F
100
AcDbEntity
  8
DOSEME ISMI (BEYKENT)
100
AcDbText
 10
6193.109947562895
 20
2552.650219731973
 30
0.0
 40
12.0
  1
D1-13 d=20cm
  7
YAZI (BEYKENT)
 11
6193.109947562895
 21
2549.167413679703
 31
0.0
100
AcDbText
 73
     1
  0
LWPOLYLINE
  5
C7A
330
1F
100
AcDbEntity
  8
DOSEME PAFTA (BEYKENT)
100
AcDbPolyline
 90
        4
 70
     1
 43
0.0
 10
6191.109947562894
 20
2566.650213679702
 10
6269.907746737568
 20
2566.650213679702
 42
-1.0
 10
6269.907746737568
 20
2550.650213679702
 10
6191.109947562894
 20
2550.650213679702
 42
-1.0
  0
TEXT
  5
C7B
330
1F
100
AcDbEntity
  8
YUK YAZISI (BEYKENT)
100
AcDbText
 10
6193.109947562895
 20
2537.069752056594
 30
0.0
 40
10.0
  1
Q=2kN/m²
  7
YAZI (BEYKENT)
 11
6193.109947562895
 21
2534.167413679703
 31
0.0
100
AcDbText
 73
     1
  0
TEXT
  5
C7C
330
1F
100
AcDbEntity
  8
KOT YAZI (BEYKENT)
100
AcDbText
 10
6207.436047562871
 20
2525.489284381216
 30
0.0
 40
8.0
  1
+7.60
  7
YAZI (BEYKENT)
 11
6207.436047562871
 21
2523.167413679703
 31
0.0
100
AcDbText
 73
     1
  0
HATCH
  5
C7D
330
1F
100
AcDbEntity
  8
KOT CIZGISI (BEYKENT)
 62
    18
420
        0
100
AcDbHatch
 10
0.0
 20
0.0
 30
0.0
210
0.0
220
0.0
230
1.0
  2
SOLID
 70
     1
 71
     0
 91
        1
 92
        7
 72
     1
 73
     1
 93
        3
 10
6199.631717359043
 20
2531.011023291512
 42
0.0
 10
6199.631717359043
 20
2524.489284104387
 42
0.0
 10
6206.15345654617
 20
2524.489284104387
 42
0.4142135623730951
 97
        0
 75
     1
 76
     1
 47
0.1085495934889314
 98
        2
 10
6202.091707440653
 20
2526.556814417043
 10
6196.897483631743
 20
2522.30922015131
450
        0
451
        0
460
0.0
461
0.0
452
        0
462
0.0
453
        2
463
0.0
 63
     5
421
      255
463
1.0
 63
     2
421
 16776960
470
LINEAR
1001
GradientColor1ACI
1070
     5
1001
GradientColor2ACI
1070
     2
1001
ACAD
1010
0.0
1020
0.0
1030
0.0
  0
HATCH
  5
C7E
330
1F
100
AcDbEntity
  8
KOT CIZGISI (BEYKENT)
 62
    18
420
        0
100
AcDbHatch
 10
0.0
 20
0.0
 30
0.0
210
0.0
220
0.0
230
1.0
  2
SOLID
 70
     1
 71
     0
 91
        1
 92
        7
 72
     1
 73
     1
 93
        3
 10
6199.631717359043
 20
2524.489284104387
 42
0.0
 10
6193.109978171917
 20
2524.489284104387
 42
0.4142135623730951
 10
6199.631717359043
 20
2517.967544917265
 42
0.0
 97
        0
 75
     1
 76
     1
 47
0.1085495934889314
 98
        2
 10
6202.091707440653
 20
2526.556814417043
 10
6196.897483631743
 20
2522.30922015131
450
        0
451
        0
460
0.0
461
0.0
452
        0
462
0.0
453
        2
463
0.0
 63
     5
421
      255
463
1.0
 63
     2
421
 16776960
470
LINEAR
1001
GradientColor1ACI
1070
     5
1001
GradientColor2ACI
1070
     2
1001
ACAD
1010
0.0
1020
0.0
1030
0.0
  0
LINE
  5
C7F
330
1F
100
AcDbEntity
  8
KOT CIZGISI (BEYKENT)
100
AcDbLine
 10
6199.631717359043
 20
2533.185083475859
 30
0.0
 11
6199.631717359043
 21
2515.793743883547
 31
0.0
1001
sta4cad App2
1004
70
1071
       13
1070
     0
1070
     0
1070
     0
  0
LINE
  5
C80
330
1F
100
AcDbEntity
  8
KOT CIZGISI (BEYKENT)
100
AcDbLine
 10
6190.936047562871
 20
2524.489284104387
 30
0.0
 11
6230.93604756287
 21
2524.489284104387
 31
0.0
1001
sta4cad App2
1004
70
1071
       13
1070
     0
1070
     0
1070
     0
  0
CIRCLE
  5
C81
330
1F
100
AcDbEntity
  8
KOT CIZGISI (BEYKENT)
100
AcDbCircle
 10
6199.631717359043
 20
2524.489284104387
 30
0.0
 40
6.521739187123982
1001
sta4cad App2
1004
70
1071
       13
1070
     0
1070
     0
1070
     0
  0
TEXT
  5
C82
330
1F
100
AcDbEntity
  8
KOT YAZI (BEYKENT)
100
AcDbText
 10
6207.436047562871
 20
2515.489284381216
 30
0.0
 40
8.0
  1
+7.40
  7
YAZI (BEYKENT)
 11
6207.436047562871
 21
2513.167413679703
 31
0.0
100
AcDbText
 73
     1
  0
TEXT
  5
C83
330
1F
100
AcDbEntity
  8
DOSEME ISMI (BEYKENT)
100
AcDbText
 10
6733.109947562894
 20
2552.650219731973
 30
0.0
 40
12.0
  1
D1-14 d=20cm
  7
YAZI (BEYKENT)
 11
6733.109947562894
 21
2549.167413679703
 31
0.0
100
AcDbText
 73
     1
  0
LWPOLYLINE
  5
C84
330
1F
100
AcDbEntity
  8
DOSEME PAFTA (BEYKENT)
100
AcDbPolyline
 90
        4
 70
     1
 43
0.0
 10
6731.109947562895
 20
2566.650213679702
 10
6810.501969571145
 20
2566.650213679702
 42
-1.0
 10
6810.501969571145
 20
2550.650213679702
 10
6731.109947562895
 20
2550.650213679702
 42
-1.0
  0
TEXT
  5
C85
330
1F
100
AcDbEntity
  8
YUK YAZISI (BEYKENT)
100
AcDbText
 10
6733.109947562894
 20
2537.069752056594
 30
0.0
 40
10.0
  1
Q=2kN/m²
  7
YAZI (BEYKENT)
 11
6733.109947562894
 21
2534.167413679703
 31
0.0
100
AcDbText
 73
     1
  0
TEXT
  5
C86
330
1F
100
AcDbEntity
  8
KOT YAZI (BEYKENT)
100
AcDbText
 10
6747.436047562871
 20
2525.489284381216
 30
0.0
 40
8.0
  1
+7.60
  7
YAZI (BEYKENT)
 11
6747.436047562871
 21
2523.167413679703
 31
0.0
100
AcDbText
 73
     1
  0
HATCH
  5
C87
330
1F
100
AcDbEntity
  8
KOT CIZGISI (BEYKENT)
 62
    18
420
        0
100
AcDbHatch
 10
0.0
 20
0.0
 30
0.0
210
0.0
220
0.0
230
1.0
  2
SOLID
 70
     1
 71
     0
 91
        1
 92
        7
 72
     1
 73
     1
 93
        3
 10
6739.631717359043
 20
2531.011023291512
 42
0.0
 10
6739.631717359043
 20
2524.489284104387
 42
0.0
 10
6746.153456546171
 20
2524.489284104387
 42
0.4142135623730951
 97
        0
 75
     1
 76
     1
 47
0.1085495934889314
 98
        2
 10
6742.091707440653
 20
2526.556814417043
 10
6736.897483631743
 20
2522.30922015131
450
        0
451
        0
460
0.0
461
0.0
452
        0
462
0.0
453
        2
463
0.0
 63
     5
421
      255
463
1.0
 63
     2
421
 16776960
470
LINEAR
1001
GradientColor1ACI
1070
     5
1001
GradientColor2ACI
1070
     2
1001
ACAD
1010
0.0
1020
0.0
1030
0.0
  0
HATCH
  5
C88
330
1F
100
AcDbEntity
  8
KOT CIZGISI (BEYKENT)
 62
    18
420
        0
100
AcDbHatch
 10
0.0
 20
0.0
 30
0.0
210
0.0
220
0.0
230
1.0
  2
SOLID
 70
     1
 71
     0
 91
        1
 92
        7
 72
     1
 73
     1
 93
        3
 10
6739.631717359043
 20
2524.489284104387
 42
0.0
 10
6733.109978171917
 20
2524.489284104387
 42
0.4142135623730951
 10
6739.631717359043
 20
2517.967544917265
 42
0.0
 97
        0
 75
     1
 76
     1
 47
0.1085495934889314
 98
        2
 10
6742.091707440653
 20
2526.556814417043
 10
6736.897483631743
 20
2522.30922015131
450
        0
451
        0
460
0.0
461
0.0
452
        0
462
0.0
453
        2
463
0.0
 63
     5
421
      255
463
1.0
 63
     2
421
 16776960
470
LINEAR
1001
GradientColor1ACI
1070
     5
1001
GradientColor2ACI
1070
     2
1001
ACAD
1010
0.0
1020
0.0
1030
0.0
  0
LINE
  5
C89
330
1F
100
AcDbEntity
  8
KOT CIZGISI (BEYKENT)
100
AcDbLine
 10
6739.631717359043
 20
2533.185083475859
 30
0.0
 11
6739.631717359043
 21
2515.793743883547
 31
0.0
1001
sta4cad App2
1004
70
1071
       13
1070
     0
1070
     0
1070
     0
  0
LINE
  5
C8A
330
1F
100
AcDbEntity
  8
KOT CIZGISI (BEYKENT)
100
AcDbLine
 10
6730.93604756287
 20
2524.489284104387
 30
0.0
 11
6770.936047562871
 21
2524.489284104387
 31
0.0
1001
sta4cad App2
1004
70
1071
       13
1070
     0
1070
     0
1070
     0
  0
CIRCLE
  5
C8B
330
1F
100
AcDbEntity
  8
KOT CIZGISI (BEYKENT)
100
AcDbCircle
 10
6739.631717359043
 20
2524.489284104387
 30
0.0
 40
6.521739187123982
1001
sta4cad App2
1004
70
1071
       13
1070
     0
1070
     0
1070
     0
  0
TEXT
  5
C8C
330
1F
100
AcDbEntity
  8
KOT YAZI (BEYKENT)
100
AcDbText
 10
6747.436047562871
 20
2515.489284381216
 30
0.0
 40
8.0
  1
+7.40
  7
YAZI (BEYKENT)
 11
6747.436047562871
 21
2513.167413679703
 31
0.0
100
AcDbText
 73
     1
  0
TEXT
  5
C8D
330
1F
100
AcDbEntity
  8
DOSEME ISMI (BEYKENT)
100
AcDbText
 10
7003.109947562895
 20
2777.650219731973
 30
0.0
 40
12.0
  1
D1-15 d=20cm
  7
YAZI (BEYKENT)
 11
7003.109947562895
 21
2774.167413679703
 31
0.0
100
AcDbText
 73
     1
  0
LWPOLYLINE
  5
C8E
330
1F
100
AcDbEntity
  8
DOSEME PAFTA (BEYKENT)
100
AcDbPolyline
 90
        4
 70
     1
 43
0.0
 10
7001.109947562894
 20
2791.650213679703
 10
7080.089314825578
 20
2791.650213679703
 42
-1.0
 10
7080.089314825578
 20
2775.650213679702
 10
7001.109947562894
 20
2775.650213679702
 42
-1.0
  0
TEXT
  5
C8F
330
1F
100
AcDbEntity
  8
YUK YAZISI (BEYKENT)
100
AcDbText
 10
7003.109947562895
 20
2762.069752056594
 30
0.0
 40
10.0
  1
Q=2kN/m²
  7
YAZI (BEYKENT)
 11
7003.109947562895
 21
2759.167413679703
 31
0.0
100
AcDbText
 73
     1
  0
TEXT
  5
C90
330
1F
100
AcDbEntity
  8
KOT YAZI (BEYKENT)
100
AcDbText
 10
7017.436047562871
 20
2750.489284381216
 30
0.0
 40
8.0
  1
+7.60
  7
YAZI (BEYKENT)
 11
7017.436047562871
 21
2748.167413679703
 31
0.0
100
AcDbText
 73
     1
  0
HATCH
  5
C91
330
1F
100
AcDbEntity
  8
KOT CIZGISI (BEYKENT)
 62
    18
420
        0
100
AcDbHatch
 10
0.0
 20
0.0
 30
0.0
210
0.0
220
0.0
230
1.0
  2
SOLID
 70
     1
 71
     0
 91
        1
 92
        7
 72
     1
 73
     1
 93
        3
 10
7009.631717359043
 20
2756.011023291512
 42
0.0
 10
7009.631717359043
 20
2749.489284104388
 42
0.0
 10
7016.153456546169
 20
2749.489284104388
 42
0.4142135623730951
 97
        0
 75
     1
 76
     1
 47
0.1085495934889314
 98
        2
 10
7012.091707440653
 20
2751.556814417043
 10
7006.897483631743
 20
2747.30922015131
450
        0
451
        0
460
0.0
461
0.0
452
        0
462
0.0
453
        2
463
0.0
 63
     5
421
      255
463
1.0
 63
     2
421
 16776960
470
LINEAR
1001
GradientColor1ACI
1070
     5
1001
GradientColor2ACI
1070
     2
1001
ACAD
1010
0.0
1020
0.0
1030
0.0
  0
HATCH
  5
C92
330
1F
100
AcDbEntity
  8
KOT CIZGISI (BEYKENT)
 62
    18
420
        0
100
AcDbHatch
 10
0.0
 20
0.0
 30
0.0
210
0.0
220
0.0
230
1.0
  2
SOLID
 70
     1
 71
     0
 91
        1
 92
        7
 72
     1
 73
     1
 93
        3
 10
7009.631717359043
 20
2749.489284104388
 42
0.0
 10
7003.109978171917
 20
2749.489284104388
 42
0.4142135623730951
 10
7009.631717359043
 20
2742.967544917263
 42
0.0
 97
        0
 75
     1
 76
     1
 47
0.1085495934889314
 98
        2
 10
7012.091707440653
 20
2751.556814417043
 10
7006.897483631743
 20
2747.30922015131
450
        0
451
        0
460
0.0
461
0.0
452
        0
462
0.0
453
        2
463
0.0
 63
     5
421
      255
463
1.0
 63
     2
421
 16776960
470
LINEAR
1001
GradientColor1ACI
1070
     5
1001
GradientColor2ACI
1070
     2
1001
ACAD
1010
0.0
1020
0.0
1030
0.0
  0
LINE
  5
C93
330
1F
100
AcDbEntity
  8
KOT CIZGISI (BEYKENT)
100
AcDbLine
 10
7009.631717359043
 20
2758.185083475859
 30
0.0
 11
7009.631717359043
 21
2740.793743883547
 31
0.0
1001
sta4cad App2
1004
70
1071
       13
1070
     0
1070
     0
1070
     0
  0
LINE
  5
C94
330
1F
100
AcDbEntity
  8
KOT CIZGISI (BEYKENT)
100
AcDbLine
 10
7000.936047562871
 20
2749.489284104388
 30
0.0
 11
7040.936047562872
 21
2749.489284104388
 31
0.0
1001
sta4cad App2
1004
70
1071
       13
1070
     0
1070
     0
1070
     0
  0
CIRCLE
  5
C95
330
1F
100
AcDbEntity
  8
KOT CIZGISI (BEYKENT)
100
AcDbCircle
 10
7009.631717359043
 20
2749.489284104388
 30
0.0
 40
6.521739187123982
1001
sta4cad App2
1004
70
1071
       13
1070
     0
1070
     0
1070
     0
  0
TEXT
  5
C96
330
1F
100
AcDbEntity
  8
KOT YAZI (BEYKENT)
100
AcDbText
 10
7017.436047562871
 20
2740.489284381216
 30
0.0
 40
8.0
  1
+7.40
  7
YAZI (BEYKENT)
 11
7017.436047562871
 21
2738.167413679703
 31
0.0
100
AcDbText
 73
     1
  0
TEXT
  5
C97
330
1F
100
AcDbEntity
  8
DOSEME ISMI (BEYKENT)
100
AcDbText
 10
6928.109947562894
 20
2202.650219731973
 30
0.0
 40
12.0
  1
D1-16 d=20cm
  7
YAZI (BEYKENT)
 11
6928.109947562894
 21
2199.167413679703
 31
0.0
100
AcDbText
 73
     1
  0
LWPOLYLINE
  5
C98
330
1F
100
AcDbEntity
  8
DOSEME PAFTA (BEYKENT)
100
AcDbPolyline
 90
        4
 70
     1
 43
0.0
 10
6926.109947562894
 20
2216.650213679702
 10
7004.726178649558
 20
2216.650213679702
 42
-1.0
 10
7004.726178649558
 20
2200.650213679702
 10
6926.109947562894
 20
2200.650213679702
 42
-1.0
  0
TEXT
  5
C99
330
1F
100
AcDbEntity
  8
YUK YAZISI (BEYKENT)
100
AcDbText
 10
6928.109947562894
 20
2187.069752056594
 30
0.0
 40
10.0
  1
Q=2kN/m²
  7
YAZI (BEYKENT)
 11
6928.109947562894
 21
2184.167413679703
 31
0.0
100
AcDbText
 73
     1
  0
TEXT
  5
C9A
330
1F
100
AcDbEntity
  8
KOT YAZI (BEYKENT)
100
AcDbText
 10
6942.436047562871
 20
2175.489284381216
 30
0.0
 40
8.0
  1
+7.60
  7
YAZI (BEYKENT)
 11
6942.436047562871
 21
2173.167413679703
 31
0.0
100
AcDbText
 73
     1
  0
HATCH
  5
C9B
330
1F
100
AcDbEntity
  8
KOT CIZGISI (BEYKENT)
 62
    18
420
        0
100
AcDbHatch
 10
0.0
 20
0.0
 30
0.0
210
0.0
220
0.0
230
1.0
  2
SOLID
 70
     1
 71
     0
 91
        1
 92
        7
 72
     1
 73
     1
 93
        3
 10
6934.631717359043
 20
2181.011023291512
 42
0.0
 10
6934.631717359043
 20
2174.489284104387
 42
0.0
 10
6941.153456546169
 20
2174.489284104387
 42
0.4142135623730951
 97
        0
 75
     1
 76
     1
 47
0.1085495934889314
 98
        2
 10
6937.091707440654
 20
2176.556814417043
 10
6931.897483631743
 20
2172.30922015131
450
        0
451
        0
460
0.0
461
0.0
452
        0
462
0.0
453
        2
463
0.0
 63
     5
421
      255
463
1.0
 63
     2
421
 16776960
470
LINEAR
1001
GradientColor1ACI
1070
     5
1001
GradientColor2ACI
1070
     2
1001
ACAD
1010
0.0
1020
0.0
1030
0.0
  0
HATCH
  5
C9C
330
1F
100
AcDbEntity
  8
KOT CIZGISI (BEYKENT)
 62
    18
420
        0
100
AcDbHatch
 10
0.0
 20
0.0
 30
0.0
210
0.0
220
0.0
230
1.0
  2
SOLID
 70
     1
 71
     0
 91
        1
 92
        7
 72
     1
 73
     1
 93
        3
 10
6934.631717359043
 20
2174.489284104387
 42
0.0
 10
6928.109978171916
 20
2174.489284104387
 42
0.4142135623730951
 10
6934.631717359043
 20
2167.967544917263
 42
0.0
 97
        0
 75
     1
 76
     1
 47
0.1085495934889314
 98
        2
 10
6937.091707440654
 20
2176.556814417043
 10
6931.897483631743
 20
2172.30922015131
450
        0
451
        0
460
0.0
461
0.0
452
        0
462
0.0
453
        2
463
0.0
 63
     5
421
      255
463
1.0
 63
     2
421
 16776960
470
LINEAR
1001
GradientColor1ACI
1070
     5
1001
GradientColor2ACI
1070
     2
1001
ACAD
1010
0.0
1020
0.0
1030
0.0
  0
LINE
  5
C9D
330
1F
100
AcDbEntity
  8
KOT CIZGISI (BEYKENT)
100
AcDbLine
 10
6934.631717359043
 20
2183.185083475859
 30
0.0
 11
6934.631717359043
 21
2165.793743883547
 31
0.0
1001
sta4cad App2
1004
70
1071
       13
1070
     0
1070
     0
1070
     0
  0
LINE
  5
C9E
330
1F
100
AcDbEntity
  8
KOT CIZGISI (BEYKENT)
100
AcDbLine
 10
6925.936047562871
 20
2174.489284104387
 30
0.0
 11
6965.936047562871
 21
2174.489284104387
 31
0.0
1001
sta4cad App2
1004
70
1071
       13
1070
     0
1070
     0
1070
     0
  0
CIRCLE
  5
C9F
330
1F
100
AcDbEntity
  8
KOT CIZGISI (BEYKENT)
100
AcDbCircle
 10
6934.631717359043
 20
2174.489284104387
 30
0.0
 40
6.521739187123982
1001
sta4cad App2
1004
70
1071
       13
1070
     0
1070
     0
1070
     0
  0
TEXT
  5
CA0
330
1F
100
AcDbEntity
  8
KOT YAZI (BEYKENT)
100
AcDbText
 10
6942.436047562871
 20
2165.489284381216
 30
0.0
 40
8.0
  1
+7.40
  7
YAZI (BEYKENT)
 11
6942.436047562871
 21
2163.167413679703
 31
0.0
100
AcDbText
 73
     1
  0
TEXT
  5
CA1
330
1F
100
AcDbEntity
  8
DOSEME ISMI (BEYKENT)
100
AcDbText
 10
3888.112272143866
 20
1865.150219731972
 30
0.0
 40
12.0
  1
D1-17 d=20cm
  7
YAZI (BEYKENT)
 11
3888.112272143866
 21
1861.667413679702
 31
0.0
100
AcDbText
 73
     1
  0
LWPOLYLINE
  5
CA2
330
1F
100
AcDbEntity
  8
DOSEME PAFTA (BEYKENT)
100
AcDbPolyline
 90
        4
 70
     1
 43
0.0
 10
3886.112272143866
 20
1879.150213679702
 10
3964.64597228144
 20
1879.150213679702
 42
-1.0
 10
3964.64597228144
 20
1863.150213679702
 10
3886.112272143866
 20
1863.150213679702
 42
-1.0
  0
TEXT
  5
CA3
330
1F
100
AcDbEntity
  8
YUK YAZISI (BEYKENT)
100
AcDbText
 10
3888.112272143866
 20
1849.569752056594
 30
0.0
 40
10.0
  1
Q=2kN/m²
  7
YAZI (BEYKENT)
 11
3888.112272143866
 21
1846.667413679703
 31
0.0
100
AcDbText
 73
     1
  0
TEXT
  5
CA4
330
1F
100
AcDbEntity
  8
KOT YAZI (BEYKENT)
100
AcDbText
 10
3902.438372143872
 20
1837.989284381215
 30
0.0
 40
8.0
  1
+7.60
  7
YAZI (BEYKENT)
 11
3902.438372143872
 21
1835.667413679703
 31
0.0
100
AcDbText
 73
     1
  0
HATCH
  5
CA5
330
1F
100
AcDbEntity
  8
KOT CIZGISI (BEYKENT)
 62
    18
420
        0
100
AcDbHatch
 10
0.0
 20
0.0
 30
0.0
210
0.0
220
0.0
230
1.0
  2
SOLID
 70
     1
 71
     0
 91
        1
 92
        7
 72
     1
 73
     1
 93
        3
 10
3894.634041940044
 20
1843.511023291512
 42
0.0
 10
3894.634041940044
 20
1836.989284104387
 42
0.0
 10
3901.155781127142
 20
1836.989284104387
 42
0.4142135623730951
 97
        0
 75
     1
 76
     1
 47
0.1085495934889314
 98
        2
 10
3897.094032021654
 20
1839.056814417045
 10
3891.899808212744
 20
1834.80922015131
450
        0
451
        0
460
0.0
461
0.0
452
        0
462
0.0
453
        2
463
0.0
 63
     5
421
      255
463
1.0
 63
     2
421
 16776960
470
LINEAR
1001
GradientColor1ACI
1070
     5
1001
GradientColor2ACI
1070
     2
1001
ACAD
1010
0.0
1020
0.0
1030
0.0
  0
HATCH
  5
CA6
330
1F
100
AcDbEntity
  8
KOT CIZGISI (BEYKENT)
 62
    18
420
        0
100
AcDbHatch
 10
0.0
 20
0.0
 30
0.0
210
0.0
220
0.0
230
1.0
  2
SOLID
 70
     1
 71
     0
 91
        1
 92
        7
 72
     1
 73
     1
 93
        3
 10
3894.634041940044
 20
1836.989284104387
 42
0.0
 10
3888.112302752918
 20
1836.989284104387
 42
0.4142135623730951
 10
3894.634041940044
 20
1830.467544917264
 42
0.0
 97
        0
 75
     1
 76
     1
 47
0.1085495934889314
 98
        2
 10
3897.094032021654
 20
1839.056814417045
 10
3891.899808212744
 20
1834.80922015131
450
        0
451
        0
460
0.0
461
0.0
452
        0
462
0.0
453
        2
463
0.0
 63
     5
421
      255
463
1.0
 63
     2
421
 16776960
470
LINEAR
1001
GradientColor1ACI
1070
     5
1001
GradientColor2ACI
1070
     2
1001
ACAD
1010
0.0
1020
0.0
1030
0.0
  0
LINE
  5
CA7
330
1F
100
AcDbEntity
  8
KOT CIZGISI (BEYKENT)
100
AcDbLine
 10
3894.634041940044
 20
1845.685083475859
 30
0.0
 11
3894.634041940044
 21
1828.293743883547
 31
0.0
1001
sta4cad App2
1004
70
1071
       13
1070
     0
1070
     0
1070
     0
  0
LINE
  5
CA8
330
1F
100
AcDbEntity
  8
KOT CIZGISI (BEYKENT)
100
AcDbLine
 10
3885.938372143872
 20
1836.989284104387
 30
0.0
 11
3925.938372143872
 21
1836.989284104387
 31
0.0
1001
sta4cad App2
1004
70
1071
       13
1070
     0
1070
     0
1070
     0
  0
CIRCLE
  5
CA9
330
1F
100
AcDbEntity
  8
KOT CIZGISI (BEYKENT)
100
AcDbCircle
 10
3894.634041940044
 20
1836.989284104387
 30
0.0
 40
6.521739187123982
1001
sta4cad App2
1004
70
1071
       13
1070
     0
1070
     0
1070
     0
  0
TEXT
  5
CAA
330
1F
100
AcDbEntity
  8
KOT YAZI (BEYKENT)
100
AcDbText
 10
3902.438372143872
 20
1827.989284381216
 30
0.0
 40
8.0
  1
+7.40
  7
YAZI (BEYKENT)
 11
3902.438372143872
 21
1825.667413679703
 31
0.0
100
AcDbText
 73
     1
  0
TEXT
  5
CAB
330
1F
100
AcDbEntity
  8
DOSEME ISMI (BEYKENT)
100
AcDbText
 10
4650.609947562894
 20
1865.150219731972
 30
0.0
 40
12.0
  1
D1-18 d=20cm
  7
YAZI (BEYKENT)
 11
4650.609947562894
 21
1861.667413679702
 31
0.0
100
AcDbText
 73
     1
  0
LWPOLYLINE
  5
CAC
330
1F
100
AcDbEntity
  8
DOSEME PAFTA (BEYKENT)
100
AcDbPolyline
 90
        4
 70
     1
 43
0.0
 10
4648.609947562895
 20
1879.150213679702
 10
4727.647086489982
 20
1879.150213679702
 42
-1.0
 10
4727.647086489982
 20
1863.150213679702
 10
4648.609947562895
 20
1863.150213679702
 42
-1.0
  0
TEXT
  5
CAD
330
1F
100
AcDbEntity
  8
YUK YAZISI (BEYKENT)
100
AcDbText
 10
4650.609947562894
 20
1849.569752056594
 30
0.0
 40
10.0
  1
Q=2kN/m²
  7
YAZI (BEYKENT)
 11
4650.609947562894
 21
1846.667413679703
 31
0.0
100
AcDbText
 73
     1
  0
TEXT
  5
CAE
330
1F
100
AcDbEntity
  8
KOT YAZI (BEYKENT)
100
AcDbText
 10
4664.93604756287
 20
1837.989284381215
 30
0.0
 40
8.0
  1
+7.60
  7
YAZI (BEYKENT)
 11
4664.93604756287
 21
1835.667413679703
 31
0.0
100
AcDbText
 73
     1
  0
HATCH
  5
CAF
330
1F
100
AcDbEntity
  8
KOT CIZGISI (BEYKENT)
 62
    18
420
        0
100
AcDbHatch
 10
0.0
 20
0.0
 30
0.0
210
0.0
220
0.0
230
1.0
  2
SOLID
 70
     1
 71
     0
 91
        1
 92
        7
 72
     1
 73
     1
 93
        3
 10
4657.131717359043
 20
1843.511023291512
 42
0.0
 10
4657.131717359043
 20
1836.989284104387
 42
0.0
 10
4663.65345654617
 20
1836.989284104387
 42
0.4142135623730951
 97
        0
 75
     1
 76
     1
 47
0.1085495934889314
 98
        2
 10
4659.591707440653
 20
1839.056814417045
 10
4654.397483631742
 20
1834.80922015131
450
        0
451
        0
460
0.0
461
0.0
452
        0
462
0.0
453
        2
463
0.0
 63
     5
421
      255
463
1.0
 63
     2
421
 16776960
470
LINEAR
1001
GradientColor1ACI
1070
     5
1001
GradientColor2ACI
1070
     2
1001
ACAD
1010
0.0
1020
0.0
1030
0.0
  0
HATCH
  5
CB0
330
1F
100
AcDbEntity
  8
KOT CIZGISI (BEYKENT)
 62
    18
420
        0
100
AcDbHatch
 10
0.0
 20
0.0
 30
0.0
210
0.0
220
0.0
230
1.0
  2
SOLID
 70
     1
 71
     0
 91
        1
 92
        7
 72
     1
 73
     1
 93
        3
 10
4657.131717359043
 20
1836.989284104387
 42
0.0
 10
4650.609978171917
 20
1836.989284104387
 42
0.4142135623730951
 10
4657.131717359043
 20
1830.467544917264
 42
0.0
 97
        0
 75
     1
 76
     1
 47
0.1085495934889314
 98
        2
 10
4659.591707440653
 20
1839.056814417045
 10
4654.397483631742
 20
1834.80922015131
450
        0
451
        0
460
0.0
461
0.0
452
        0
462
0.0
453
        2
463
0.0
 63
     5
421
      255
463
1.0
 63
     2
421
 16776960
470
LINEAR
1001
GradientColor1ACI
1070
     5
1001
GradientColor2ACI
1070
     2
1001
ACAD
1010
0.0
1020
0.0
1030
0.0
  0
LINE
  5
CB1
330
1F
100
AcDbEntity
  8
KOT CIZGISI (BEYKENT)
100
AcDbLine
 10
4657.131717359043
 20
1845.685083475859
 30
0.0
 11
4657.131717359043
 21
1828.293743883547
 31
0.0
1001
sta4cad App2
1004
70
1071
       13
1070
     0
1070
     0
1070
     0
  0
LINE
  5
CB2
330
1F
100
AcDbEntity
  8
KOT CIZGISI (BEYKENT)
100
AcDbLine
 10
4648.436047562871
 20
1836.989284104387
 30
0.0
 11
4688.436047562871
 21
1836.989284104387
 31
0.0
1001
sta4cad App2
1004
70
1071
       13
1070
     0
1070
     0
1070
     0
  0
CIRCLE
  5
CB3
330
1F
100
AcDbEntity
  8
KOT CIZGISI (BEYKENT)
100
AcDbCircle
 10
4657.131717359043
 20
1836.989284104387
 30
0.0
 40
6.521739187123982
1001
sta4cad App2
1004
70
1071
       13
1070
     0
1070
     0
1070
     0
  0
TEXT
  5
CB4
330
1F
100
AcDbEntity
  8
KOT YAZI (BEYKENT)
100
AcDbText
 10
4664.93604756287
 20
1827.989284381216
 30
0.0
 40
8.0
  1
+7.40
  7
YAZI (BEYKENT)
 11
4664.93604756287
 21
1825.667413679703
 31
0.0
100
AcDbText
 73
     1
  0
TEXT
  5
CB5
330
1F
100
AcDbEntity
  8
DOSEME ISMI (BEYKENT)
100
AcDbText
 10
5400.609947562895
 20
1865.150219731972
 30
0.0
 40
12.0
  1
D1-19 d=20cm
  7
YAZI (BEYKENT)
 11
5400.609947562895
 21
1861.667413679702
 31
0.0
100
AcDbText
 73
     1
  0
LWPOLYLINE
  5
CB6
330
1F
100
AcDbEntity
  8
DOSEME PAFTA (BEYKENT)
100
AcDbPolyline
 90
        4
 70
     1
 43
0.0
 10
5398.609947562895
 20
1879.150213679702
 10
5477.226178649559
 20
1879.150213679702
 42
-1.0
 10
5477.226178649559
 20
1863.150213679702
 10
5398.609947562895
 20
1863.150213679702
 42
-1.0
  0
TEXT
  5
CB7
330
1F
100
AcDbEntity
  8
YUK YAZISI (BEYKENT)
100
AcDbText
 10
5400.609947562895
 20
1849.569752056594
 30
0.0
 40
10.0
  1
Q=2kN/m²
  7
YAZI (BEYKENT)
 11
5400.609947562895
 21
1846.667413679703
 31
0.0
100
AcDbText
 73
     1
  0
TEXT
  5
CB8
330
1F
100
AcDbEntity
  8
KOT YAZI (BEYKENT)
100
AcDbText
 10
5414.936047562871
 20
1837.989284381215
 30
0.0
 40
8.0
  1
+7.60
  7
YAZI (BEYKENT)
 11
5414.936047562871
 21
1835.667413679703
 31
0.0
100
AcDbText
 73
     1
  0
HATCH
  5
CB9
330
1F
100
AcDbEntity
  8
KOT CIZGISI (BEYKENT)
 62
    18
420
        0
100
AcDbHatch
 10
0.0
 20
0.0
 30
0.0
210
0.0
220
0.0
230
1.0
  2
SOLID
 70
     1
 71
     0
 91
        1
 92
        7
 72
     1
 73
     1
 93
        3
 10
5407.131717359043
 20
1843.511023291512
 42
0.0
 10
5407.131717359043
 20
1836.989284104387
 42
0.0
 10
5413.65345654617
 20
1836.989284104387
 42
0.4142135623730951
 97
        0
 75
     1
 76
     1
 47
0.1085495934889314
 98
        2
 10
5409.591707440654
 20
1839.056814417045
 10
5404.397483631743
 20
1834.80922015131
450
        0
451
        0
460
0.0
461
0.0
452
        0
462
0.0
453
        2
463
0.0
 63
     5
421
      255
463
1.0
 63
     2
421
 16776960
470
LINEAR
1001
GradientColor1ACI
1070
     5
1001
GradientColor2ACI
1070
     2
1001
ACAD
1010
0.0
1020
0.0
1030
0.0
  0
HATCH
  5
CBA
330
1F
100
AcDbEntity
  8
KOT CIZGISI (BEYKENT)
 62
    18
420
        0
100
AcDbHatch
 10
0.0
 20
0.0
 30
0.0
210
0.0
220
0.0
230
1.0
  2
SOLID
 70
     1
 71
     0
 91
        1
 92
        7
 72
     1
 73
     1
 93
        3
 10
5407.131717359043
 20
1836.989284104387
 42
0.0
 10
5400.609978171917
 20
1836.989284104387
 42
0.4142135623730951
 10
5407.131717359043
 20
1830.467544917264
 42
0.0
 97
        0
 75
     1
 76
     1
 47
0.1085495934889314
 98
        2
 10
5409.591707440654
 20
1839.056814417045
 10
5404.397483631743
 20
1834.80922015131
450
        0
451
        0
460
0.0
461
0.0
452
        0
462
0.0
453
        2
463
0.0
 63
     5
421
      255
463
1.0
 63
     2
421
 16776960
470
LINEAR
1001
GradientColor1ACI
1070
     5
1001
GradientColor2ACI
1070
     2
1001
ACAD
1010
0.0
1020
0.0
1030
0.0
  0
LINE
  5
CBB
330
1F
100
AcDbEntity
  8
KOT CIZGISI (BEYKENT)
100
AcDbLine
 10
5407.131717359043
 20
1845.685083475859
 30
0.0
 11
5407.131717359043
 21
1828.293743883547
 31
0.0
1001
sta4cad App2
1004
70
1071
       13
1070
     0
1070
     0
1070
     0
  0
LINE
  5
CBC
330
1F
100
AcDbEntity
  8
KOT CIZGISI (BEYKENT)
100
AcDbLine
 10
5398.436047562871
 20
1836.989284104387
 30
0.0
 11
5438.436047562871
 21
1836.989284104387
 31
0.0
1001
sta4cad App2
1004
70
1071
       13
1070
     0
1070
     0
1070
     0
  0
CIRCLE
  5
CBD
330
1F
100
AcDbEntity
  8
KOT CIZGISI (BEYKENT)
100
AcDbCircle
 10
5407.131717359043
 20
1836.989284104387
 30
0.0
 40
6.521739187123982
1001
sta4cad App2
1004
70
1071
       13
1070
     0
1070
     0
1070
     0
  0
TEXT
  5
CBE
330
1F
100
AcDbEntity
  8
KOT YAZI (BEYKENT)
100
AcDbText
 10
5414.936047562871
 20
1827.989284381216
 30
0.0
 40
8.0
  1
+7.40
  7
YAZI (BEYKENT)
 11
5414.936047562871
 21
1825.667413679703
 31
0.0
100
AcDbText
 73
     1
  0
TEXT
  5
CBF
330
1F
100
AcDbEntity
  8
DOSEME ISMI (BEYKENT)
100
AcDbText
 10
6193.109947562895
 20
1952.650219731972
 30
0.0
 40
12.0
  1
D1-20 d=20cm
  7
YAZI (BEYKENT)
 11
6193.109947562895
 21
1949.167413679703
 31
0.0
100
AcDbText
 73
     1
  0
LWPOLYLINE
  5
CC0
330
1F
100
AcDbEntity
  8
DOSEME PAFTA (BEYKENT)
100
AcDbPolyline
 90
        4
 70
     1
 43
0.0
 10
6191.109947562894
 20
1966.650213679702
 10
6272.433193780227
 20
1966.650213679702
 42
-1.0
 10
6272.433193780227
 20
1950.650213679702
 10
6191.109947562894
 20
1950.650213679702
 42
-1.0
  0
TEXT
  5
CC1
330
1F
100
AcDbEntity
  8
YUK YAZISI (BEYKENT)
100
AcDbText
 10
6193.109947562895
 20
1937.069752056594
 30
0.0
 40
10.0
  1
Q=2kN/m²
  7
YAZI (BEYKENT)
 11
6193.109947562895
 21
1934.167413679703
 31
0.0
100
AcDbText
 73
     1
  0
TEXT
  5
CC2
330
1F
100
AcDbEntity
  8
KOT YAZI (BEYKENT)
100
AcDbText
 10
6207.436047562871
 20
1925.489284381216
 30
0.0
 40
8.0
  1
+7.60
  7
YAZI (BEYKENT)
 11
6207.436047562871
 21
1923.167413679703
 31
0.0
100
AcDbText
 73
     1
  0
HATCH
  5
CC3
330
1F
100
AcDbEntity
  8
KOT CIZGISI (BEYKENT)
 62
    18
420
        0
100
AcDbHatch
 10
0.0
 20
0.0
 30
0.0
210
0.0
220
0.0
230
1.0
  2
SOLID
 70
     1
 71
     0
 91
        1
 92
        7
 72
     1
 73
     1
 93
        3
 10
6199.631717359043
 20
1931.011023291512
 42
0.0
 10
6199.631717359043
 20
1924.489284104387
 42
0.0
 10
6206.15345654617
 20
1924.489284104387
 42
0.4142135623730951
 97
        0
 75
     1
 76
     1
 47
0.1085495934889314
 98
        2
 10
6202.091707440653
 20
1926.556814417043
 10
6196.897483631743
 20
1922.30922015131
450
        0
451
        0
460
0.0
461
0.0
452
        0
462
0.0
453
        2
463
0.0
 63
     5
421
      255
463
1.0
 63
     2
421
 16776960
470
LINEAR
1001
GradientColor1ACI
1070
     5
1001
GradientColor2ACI
1070
     2
1001
ACAD
1010
0.0
1020
0.0
1030
0.0
  0
HATCH
  5
CC4
330
1F
100
AcDbEntity
  8
KOT CIZGISI (BEYKENT)
 62
    18
420
        0
100
AcDbHatch
 10
0.0
 20
0.0
 30
0.0
210
0.0
220
0.0
230
1.0
  2
SOLID
 70
     1
 71
     0
 91
        1
 92
        7
 72
     1
 73
     1
 93
        3
 10
6199.631717359043
 20
1924.489284104387
 42
0.0
 10
6193.109978171917
 20
1924.489284104387
 42
0.4142135623730951
 10
6199.631717359043
 20
1917.967544917263
 42
0.0
 97
        0
 75
     1
 76
     1
 47
0.1085495934889314
 98
        2
 10
6202.091707440653
 20
1926.556814417043
 10
6196.897483631743
 20
1922.30922015131
450
        0
451
        0
460
0.0
461
0.0
452
        0
462
0.0
453
        2
463
0.0
 63
     5
421
      255
463
1.0
 63
     2
421
 16776960
470
LINEAR
1001
GradientColor1ACI
1070
     5
1001
GradientColor2ACI
1070
     2
1001
ACAD
1010
0.0
1020
0.0
1030
0.0
  0
LINE
  5
CC5
330
1F
100
AcDbEntity
  8
KOT CIZGISI (BEYKENT)
100
AcDbLine
 10
6199.631717359043
 20
1933.185083475859
 30
0.0
 11
6199.631717359043
 21
1915.793743883547
 31
0.0
1001
sta4cad App2
1004
70
1071
       13
1070
     0
1070
     0
1070
     0
  0
LINE
  5
CC6
330
1F
100
AcDbEntity
  8
KOT CIZGISI (BEYKENT)
100
AcDbLine
 10
6190.936047562871
 20
1924.489284104387
 30
0.0
 11
6230.93604756287
 21
1924.489284104387
 31
0.0
1001
sta4cad App2
1004
70
1071
       13
1070
     0
1070
     0
1070
     0
  0
CIRCLE
  5
CC7
330
1F
100
AcDbEntity
  8
KOT CIZGISI (BEYKENT)
100
AcDbCircle
 10
6199.631717359043
 20
1924.489284104387
 30
0.0
 40
6.521739187123982
1001
sta4cad App2
1004
70
1071
       13
1070
     0
1070
     0
1070
     0
  0
TEXT
  5
CC8
330
1F
100
AcDbEntity
  8
KOT YAZI (BEYKENT)
100
AcDbText
 10
6207.436047562871
 20
1915.489284381216
 30
0.0
 40
8.0
  1
+7.40
  7
YAZI (BEYKENT)
 11
6207.436047562871
 21
1913.167413679703
 31
0.0
100
AcDbText
 73
     1
  0
TEXT
  5
CC9
330
1F
100
AcDbEntity
  8
DOSEME ISMI (BEYKENT)
100
AcDbText
 10
6733.109947562894
 20
1952.650219731972
 30
0.0
 40
12.0
  1
D1-21 d=20cm
  7
YAZI (BEYKENT)
 11
6733.109947562894
 21
1949.167413679703
 31
0.0
100
AcDbText
 73
     1
  0
LWPOLYLINE
  5
CCA
330
1F
100
AcDbEntity
  8
DOSEME PAFTA (BEYKENT)
100
AcDbPolyline
 90
        4
 70
     1
 43
0.0
 10
6731.109947562895
 20
1966.650213679702
 10
6809.965518401942
 20
1966.650213679702
 42
-1.0
 10
6809.965518401942
 20
1950.650213679702
 10
6731.109947562895
 20
1950.650213679702
 42
-1.0
  0
TEXT
  5
CCB
330
1F
100
AcDbEntity
  8
YUK YAZISI (BEYKENT)
100
AcDbText
 10
6733.109947562894
 20
1937.069752056594
 30
0.0
 40
10.0
  1
Q=2kN/m²
  7
YAZI (BEYKENT)
 11
6733.109947562894
 21
1934.167413679703
 31
0.0
100
AcDbText
 73
     1
  0
TEXT
  5
CCC
330
1F
100
AcDbEntity
  8
KOT YAZI (BEYKENT)
100
AcDbText
 10
6747.436047562871
 20
1925.489284381216
 30
0.0
 40
8.0
  1
+7.60
  7
YAZI (BEYKENT)
 11
6747.436047562871
 21
1923.167413679703
 31
0.0
100
AcDbText
 73
     1
  0
HATCH
  5
CCD
330
1F
100
AcDbEntity
  8
KOT CIZGISI (BEYKENT)
 62
    18
420
        0
100
AcDbHatch
 10
0.0
 20
0.0
 30
0.0
210
0.0
220
0.0
230
1.0
  2
SOLID
 70
     1
 71
     0
 91
        1
 92
        7
 72
     1
 73
     1
 93
        3
 10
6739.631717359043
 20
1931.011023291512
 42
0.0
 10
6739.631717359043
 20
1924.489284104387
 42
0.0
 10
6746.153456546171
 20
1924.489284104387
 42
0.4142135623730951
 97
        0
 75
     1
 76
     1
 47
0.1085495934889314
 98
        2
 10
6742.091707440653
 20
1926.556814417043
 10
6736.897483631743
 20
1922.30922015131
450
        0
451
        0
460
0.0
461
0.0
452
        0
462
0.0
453
        2
463
0.0
 63
     5
421
      255
463
1.0
 63
     2
421
 16776960
470
LINEAR
1001
GradientColor1ACI
1070
     5
1001
GradientColor2ACI
1070
     2
1001
ACAD
1010
0.0
1020
0.0
1030
0.0
  0
HATCH
  5
CCE
330
1F
100
AcDbEntity
  8
KOT CIZGISI (BEYKENT)
 62
    18
420
        0
100
AcDbHatch
 10
0.0
 20
0.0
 30
0.0
210
0.0
220
0.0
230
1.0
  2
SOLID
 70
     1
 71
     0
 91
        1
 92
        7
 72
     1
 73
     1
 93
        3
 10
6739.631717359043
 20
1924.489284104387
 42
0.0
 10
6733.109978171917
 20
1924.489284104387
 42
0.4142135623730951
 10
6739.631717359043
 20
1917.967544917263
 42
0.0
 97
        0
 75
     1
 76
     1
 47
0.1085495934889314
 98
        2
 10
6742.091707440653
 20
1926.556814417043
 10
6736.897483631743
 20
1922.30922015131
450
        0
451
        0
460
0.0
461
0.0
452
        0
462
0.0
453
        2
463
0.0
 63
     5
421
      255
463
1.0
 63
     2
421
 16776960
470
LINEAR
1001
GradientColor1ACI
1070
     5
1001
GradientColor2ACI
1070
     2
1001
ACAD
1010
0.0
1020
0.0
1030
0.0
  0
LINE
  5
CCF
330
1F
100
AcDbEntity
  8
KOT CIZGISI (BEYKENT)
100
AcDbLine
 10
6739.631717359043
 20
1933.185083475859
 30
0.0
 11
6739.631717359043
 21
1915.793743883547
 31
0.0
1001
sta4cad App2
1004
70
1071
       13
1070
     0
1070
     0
1070
     0
  0
LINE
  5
CD0
330
1F
100
AcDbEntity
  8
KOT CIZGISI (BEYKENT)
100
AcDbLine
 10
6730.93604756287
 20
1924.489284104387
 30
0.0
 11
6770.936047562871
 21
1924.489284104387
 31
0.0
1001
sta4cad App2
1004
70
1071
       13
1070
     0
1070
     0
1070
     0
  0
CIRCLE
  5
CD1
330
1F
100
AcDbEntity
  8
KOT CIZGISI (BEYKENT)
100
AcDbCircle
 10
6739.631717359043
 20
1924.489284104387
 30
0.0
 40
6.521739187123982
1001
sta4cad App2
1004
70
1071
       13
1070
     0
1070
     0
1070
     0
  0
TEXT
  5
CD2
330
1F
100
AcDbEntity
  8
KOT YAZI (BEYKENT)
100
AcDbText
 10
6747.436047562871
 20
1915.489284381216
 30
0.0
 40
8.0
  1
+7.40
  7
YAZI (BEYKENT)
 11
6747.436047562871
 21
1913.167413679703
 31
0.0
100
AcDbText
 73
     1
  0
TEXT
  5
CD3
330
1F
100
AcDbEntity
  8
DOSEME ISMI (BEYKENT)
100
AcDbText
 10
6193.109947562895
 20
1252.650219731972
 30
0.0
 40
12.0
  1
D1-22 d=20cm
  7
YAZI (BEYKENT)
 11
6193.109947562895
 21
1249.167413679703
 31
0.0
100
AcDbText
 73
     1
  0
LWPOLYLINE
  5
CD4
330
1F
100
AcDbEntity
  8
DOSEME PAFTA (BEYKENT)
100
AcDbPolyline
 90
        4
 70
     1
 43
0.0
 10
6191.109947562894
 20
1266.650213679702
 10
6272.185600932899
 20
1266.650213679702
 42
-1.0
 10
6272.185600932899
 20
1250.650213679702
 10
6191.109947562894
 20
1250.650213679702
 42
-1.0
  0
TEXT
  5
CD5
330
1F
100
AcDbEntity
  8
YUK YAZISI (BEYKENT)
100
AcDbText
 10
6193.109947562895
 20
1237.069752056594
 30
0.0
 40
10.0
  1
Q=2kN/m²
  7
YAZI (BEYKENT)
 11
6193.109947562895
 21
1234.167413679703
 31
0.0
100
AcDbText
 73
     1
  0
TEXT
  5
CD6
330
1F
100
AcDbEntity
  8
KOT YAZI (BEYKENT)
100
AcDbText
 10
6207.436047562871
 20
1225.489284381216
 30
0.0
 40
8.0
  1
+7.60
  7
YAZI (BEYKENT)
 11
6207.436047562871
 21
1223.167413679703
 31
0.0
100
AcDbText
 73
     1
  0
HATCH
  5
CD7
330
1F
100
AcDbEntity
  8
KOT CIZGISI (BEYKENT)
 62
    18
420
        0
100
AcDbHatch
 10
0.0
 20
0.0
 30
0.0
210
0.0
220
0.0
230
1.0
  2
SOLID
 70
     1
 71
     0
 91
        1
 92
        7
 72
     1
 73
     1
 93
        3
 10
6199.631717359043
 20
1231.011023291512
 42
0.0
 10
6199.631717359043
 20
1224.489284104387
 42
0.0
 10
6206.15345654617
 20
1224.489284104387
 42
0.4142135623730951
 97
        0
 75
     1
 76
     1
 47
0.1085495934889314
 98
        2
 10
6202.091707440653
 20
1226.556814417045
 10
6196.897483631743
 20
1222.30922015131
450
        0
451
        0
460
0.0
461
0.0
452
        0
462
0.0
453
        2
463
0.0
 63
     5
421
      255
463
1.0
 63
     2
421
 16776960
470
LINEAR
1001
GradientColor1ACI
1070
     5
1001
GradientColor2ACI
1070
     2
1001
ACAD
1010
0.0
1020
0.0
1030
0.0
  0
HATCH
  5
CD8
330
1F
100
AcDbEntity
  8
KOT CIZGISI (BEYKENT)
 62
    18
420
        0
100
AcDbHatch
 10
0.0
 20
0.0
 30
0.0
210
0.0
220
0.0
230
1.0
  2
SOLID
 70
     1
 71
     0
 91
        1
 92
        7
 72
     1
 73
     1
 93
        3
 10
6199.631717359043
 20
1224.489284104387
 42
0.0
 10
6193.109978171917
 20
1224.489284104387
 42
0.4142135623730951
 10
6199.631717359043
 20
1217.967544917265
 42
0.0
 97
        0
 75
     1
 76
     1
 47
0.1085495934889314
 98
        2
 10
6202.091707440653
 20
1226.556814417045
 10
6196.897483631743
 20
1222.30922015131
450
        0
451
        0
460
0.0
461
0.0
452
        0
462
0.0
453
        2
463
0.0
 63
     5
421
      255
463
1.0
 63
     2
421
 16776960
470
LINEAR
1001
GradientColor1ACI
1070
     5
1001
GradientColor2ACI
1070
     2
1001
ACAD
1010
0.0
1020
0.0
1030
0.0
  0
LINE
  5
CD9
330
1F
100
AcDbEntity
  8
KOT CIZGISI (BEYKENT)
100
AcDbLine
 10
6199.631717359043
 20
1233.185083475859
 30
0.0
 11
6199.631717359043
 21
1215.793743883547
 31
0.0
1001
sta4cad App2
1004
70
1071
       13
1070
     0
1070
     0
1070
     0
  0
LINE
  5
CDA
330
1F
100
AcDbEntity
  8
KOT CIZGISI (BEYKENT)
100
AcDbLine
 10
6190.936047562871
 20
1224.489284104387
 30
0.0
 11
6230.93604756287
 21
1224.489284104387
 31
0.0
1001
sta4cad App2
1004
70
1071
       13
1070
     0
1070
     0
1070
     0
  0
CIRCLE
  5
CDB
330
1F
100
AcDbEntity
  8
KOT CIZGISI (BEYKENT)
100
AcDbCircle
 10
6199.631717359043
 20
1224.489284104387
 30
0.0
 40
6.521739187123982
1001
sta4cad App2
1004
70
1071
       13
1070
     0
1070
     0
1070
     0
  0
TEXT
  5
CDC
330
1F
100
AcDbEntity
  8
KOT YAZI (BEYKENT)
100
AcDbText
 10
6207.436047562871
 20
1215.489284381216
 30
0.0
 40
8.0
  1
+7.40
  7
YAZI (BEYKENT)
 11
6207.436047562871
 21
1213.167413679703
 31
0.0
100
AcDbText
 73
     1
  0
TEXT
  5
CDD
330
1F
100
AcDbEntity
  8
DOSEME ISMI (BEYKENT)
100
AcDbText
 10
6808.109947562894
 20
1252.650219731972
 30
0.0
 40
12.0
  1
D1-23 d=20cm
  7
YAZI (BEYKENT)
 11
6808.109947562894
 21
1249.167413679703
 31
0.0
100
AcDbText
 73
     1
  0
LWPOLYLINE
  5
CDE
330
1F
100
AcDbEntity
  8
DOSEME PAFTA (BEYKENT)
100
AcDbPolyline
 90
        4
 70
     1
 43
0.0
 10
6806.109947562895
 20
1266.650213679702
 10
6887.127829268495
 20
1266.650213679702
 42
-1.0
 10
6887.127829268495
 20
1250.650213679702
 10
6806.109947562895
 20
1250.650213679702
 42
-1.0
  0
TEXT
  5
CDF
330
1F
100
AcDbEntity
  8
YUK YAZISI (BEYKENT)
100
AcDbText
 10
6808.109947562894
 20
1237.069752056594
 30
0.0
 40
10.0
  1
Q=2kN/m²
  7
YAZI (BEYKENT)
 11
6808.109947562894
 21
1234.167413679703
 31
0.0
100
AcDbText
 73
     1
  0
TEXT
  5
CE0
330
1F
100
AcDbEntity
  8
KOT YAZI (BEYKENT)
100
AcDbText
 10
6822.436047562871
 20
1225.489284381216
 30
0.0
 40
8.0
  1
+7.60
  7
YAZI (BEYKENT)
 11
6822.436047562871
 21
1223.167413679703
 31
0.0
100
AcDbText
 73
     1
  0
HATCH
  5
CE1
330
1F
100
AcDbEntity
  8
KOT CIZGISI (BEYKENT)
 62
    18
420
        0
100
AcDbHatch
 10
0.0
 20
0.0
 30
0.0
210
0.0
220
0.0
230
1.0
  2
SOLID
 70
     1
 71
     0
 91
        1
 92
        7
 72
     1
 73
     1
 93
        3
 10
6814.631717359043
 20
1231.011023291512
 42
0.0
 10
6814.631717359043
 20
1224.489284104387
 42
0.0
 10
6821.15345654617
 20
1224.489284104387
 42
0.4142135623730951
 97
        0
 75
     1
 76
     1
 47
0.1085495934889314
 98
        2
 10
6817.091707440653
 20
1226.556814417045
 10
6811.897483631743
 20
1222.30922015131
450
        0
451
        0
460
0.0
461
0.0
452
        0
462
0.0
453
        2
463
0.0
 63
     5
421
      255
463
1.0
 63
     2
421
 16776960
470
LINEAR
1001
GradientColor1ACI
1070
     5
1001
GradientColor2ACI
1070
     2
1001
ACAD
1010
0.0
1020
0.0
1030
0.0
  0
HATCH
  5
CE2
330
1F
100
AcDbEntity
  8
KOT CIZGISI (BEYKENT)
 62
    18
420
        0
100
AcDbHatch
 10
0.0
 20
0.0
 30
0.0
210
0.0
220
0.0
230
1.0
  2
SOLID
 70
     1
 71
     0
 91
        1
 92
        7
 72
     1
 73
     1
 93
        3
 10
6814.631717359043
 20
1224.489284104387
 42
0.0
 10
6808.109978171917
 20
1224.489284104387
 42
0.4142135623730951
 10
6814.631717359043
 20
1217.967544917265
 42
0.0
 97
        0
 75
     1
 76
     1
 47
0.1085495934889314
 98
        2
 10
6817.091707440653
 20
1226.556814417045
 10
6811.897483631743
 20
1222.30922015131
450
        0
451
        0
460
0.0
461
0.0
452
        0
462
0.0
453
        2
463
0.0
 63
     5
421
      255
463
1.0
 63
     2
421
 16776960
470
LINEAR
1001
GradientColor1ACI
1070
     5
1001
GradientColor2ACI
1070
     2
1001
ACAD
1010
0.0
1020
0.0
1030
0.0
  0
LINE
  5
CE3
330
1F
100
AcDbEntity
  8
KOT CIZGISI (BEYKENT)
100
AcDbLine
 10
6814.631717359043
 20
1233.185083475859
 30
0.0
 11
6814.631717359043
 21
1215.793743883547
 31
0.0
1001
sta4cad App2
1004
70
1071
       13
1070
     0
1070
     0
1070
     0
  0
LINE
  5
CE4
330
1F
100
AcDbEntity
  8
KOT CIZGISI (BEYKENT)
100
AcDbLine
 10
6805.93604756287
 20
1224.489284104387
 30
0.0
 11
6845.936047562871
 21
1224.489284104387
 31
0.0
1001
sta4cad App2
1004
70
1071
       13
1070
     0
1070
     0
1070
     0
  0
CIRCLE
  5
CE5
330
1F
100
AcDbEntity
  8
KOT CIZGISI (BEYKENT)
100
AcDbCircle
 10
6814.631717359043
 20
1224.489284104387
 30
0.0
 40
6.521739187123982
1001
sta4cad App2
1004
70
1071
       13
1070
     0
1070
     0
1070
     0
  0
TEXT
  5
CE6
330
1F
100
AcDbEntity
  8
KOT YAZI (BEYKENT)
100
AcDbText
 10
6822.436047562871
 20
1215.489284381216
 30
0.0
 40
8.0
  1
+7.40
  7
YAZI (BEYKENT)
 11
6822.436047562871
 21
1213.167413679703
 31
0.0
100
AcDbText
 73
     1
  0
TEXT
  5
CE7
330
1F
100
AcDbEntity
  8
DOSEME ISMI (BEYKENT)
100
AcDbText
 10
7003.109947562895
 20
1627.650219731972
 30
0.0
 40
12.0
  1
D1-24 d=20cm
  7
YAZI (BEYKENT)
 11
7003.109947562895
 21
1624.167413679703
 31
0.0
100
AcDbText
 73
     1
  0
LWPOLYLINE
  5
CE8
330
1F
100
AcDbEntity
  8
DOSEME PAFTA (BEYKENT)
100
AcDbPolyline
 90
        4
 70
     1
 43
0.0
 10
7001.109947562894
 20
1641.650213679702
 10
7082.722052102072
 20
1641.650213679702
 42
-1.0
 10
7082.722052102072
 20
1625.650213679702
 10
7001.109947562894
 20
1625.650213679702
 42
-1.0
  0
TEXT
  5
CE9
330
1F
100
AcDbEntity
  8
YUK YAZISI (BEYKENT)
100
AcDbText
 10
7003.109947562895
 20
1612.069752056594
 30
0.0
 40
10.0
  1
Q=2kN/m²
  7
YAZI (BEYKENT)
 11
7003.109947562895
 21
1609.167413679703
 31
0.0
100
AcDbText
 73
     1
  0
TEXT
  5
CEA
330
1F
100
AcDbEntity
  8
KOT YAZI (BEYKENT)
100
AcDbText
 10
7017.436047562871
 20
1600.489284381216
 30
0.0
 40
8.0
  1
+7.60
  7
YAZI (BEYKENT)
 11
7017.436047562871
 21
1598.167413679703
 31
0.0
100
AcDbText
 73
     1
  0
HATCH
  5
CEB
330
1F
100
AcDbEntity
  8
KOT CIZGISI (BEYKENT)
 62
    18
420
        0
100
AcDbHatch
 10
0.0
 20
0.0
 30
0.0
210
0.0
220
0.0
230
1.0
  2
SOLID
 70
     1
 71
     0
 91
        1
 92
        7
 72
     1
 73
     1
 93
        3
 10
7009.631717359043
 20
1606.011023291512
 42
0.0
 10
7009.631717359043
 20
1599.489284104387
 42
0.0
 10
7016.153456546169
 20
1599.489284104387
 42
0.4142135623730951
 97
        0
 75
     1
 76
     1
 47
0.1085495934889314
 98
        2
 10
7012.091707440653
 20
1601.556814417043
 10
7006.897483631743
 20
1597.30922015131
450
        0
451
        0
460
0.0
461
0.0
452
        0
462
0.0
453
        2
463
0.0
 63
     5
421
      255
463
1.0
 63
     2
421
 16776960
470
LINEAR
1001
GradientColor1ACI
1070
     5
1001
GradientColor2ACI
1070
     2
1001
ACAD
1010
0.0
1020
0.0
1030
0.0
  0
HATCH
  5
CEC
330
1F
100
AcDbEntity
  8
KOT CIZGISI (BEYKENT)
 62
    18
420
        0
100
AcDbHatch
 10
0.0
 20
0.0
 30
0.0
210
0.0
220
0.0
230
1.0
  2
SOLID
 70
     1
 71
     0
 91
        1
 92
        7
 72
     1
 73
     1
 93
        3
 10
7009.631717359043
 20
1599.489284104387
 42
0.0
 10
7003.109978171917
 20
1599.489284104387
 42
0.4142135623730951
 10
7009.631717359043
 20
1592.967544917263
 42
0.0
 97
        0
 75
     1
 76
     1
 47
0.1085495934889314
 98
        2
 10
7012.091707440653
 20
1601.556814417043
 10
7006.897483631743
 20
1597.30922015131
450
        0
451
        0
460
0.0
461
0.0
452
        0
462
0.0
453
        2
463
0.0
 63
     5
421
      255
463
1.0
 63
     2
421
 16776960
470
LINEAR
1001
GradientColor1ACI
1070
     5
1001
GradientColor2ACI
1070
     2
1001
ACAD
1010
0.0
1020
0.0
1030
0.0
  0
LINE
  5
CED
330
1F
100
AcDbEntity
  8
KOT CIZGISI (BEYKENT)
100
AcDbLine
 10
7009.631717359043
 20
1608.185083475859
 30
0.0
 11
7009.631717359043
 21
1590.793743883547
 31
0.0
1001
sta4cad App2
1004
70
1071
       13
1070
     0
1070
     0
1070
     0
  0
LINE
  5
CEE
330
1F
100
AcDbEntity
  8
KOT CIZGISI (BEYKENT)
100
AcDbLine
 10
7000.936047562871
 20
1599.489284104387
 30
0.0
 11
7040.936047562872
 21
1599.489284104387
 31
0.0
1001
sta4cad App2
1004
70
1071
       13
1070
     0
1070
     0
1070
     0
  0
CIRCLE
  5
CEF
330
1F
100
AcDbEntity
  8
KOT CIZGISI (BEYKENT)
100
AcDbCircle
 10
7009.631717359043
 20
1599.489284104387
 30
0.0
 40
6.521739187123982
1001
sta4cad App2
1004
70
1071
       13
1070
     0
1070
     0
1070
     0
  0
TEXT
  5
CF0
330
1F
100
AcDbEntity
  8
KOT YAZI (BEYKENT)
100
AcDbText
 10
7017.436047562871
 20
1590.489284381216
 30
0.0
 40
8.0
  1
+7.40
  7
YAZI (BEYKENT)
 11
7017.436047562871
 21
1588.167413679703
 31
0.0
100
AcDbText
 73
     1
  0
TEXT
  5
CF1
330
1F
100
AcDbEntity
  8
DOSEME ISMI (BEYKENT)
100
AcDbText
 10
7078.109947562895
 20
1252.650219731972
 30
0.0
 40
12.0
  1
D1-25 d=20cm
  7
YAZI (BEYKENT)
 11
7078.109947562895
 21
1249.167413679703
 31
0.0
100
AcDbText
 73
     1
  0
LWPOLYLINE
  5
CF2
330
1F
100
AcDbEntity
  8
DOSEME PAFTA (BEYKENT)
100
AcDbPolyline
 90
        4
 70
     1
 43
0.0
 10
7076.109947562894
 20
1266.650213679702
 10
7157.309397356563
 20
1266.650213679702
 42
-1.0
 10
7157.309397356563
 20
1250.650213679702
 10
7076.109947562894
 20
1250.650213679702
 42
-1.0
  0
TEXT
  5
CF3
330
1F
100
AcDbEntity
  8
YUK YAZISI (BEYKENT)
100
AcDbText
 10
7078.109947562895
 20
1237.069752056594
 30
0.0
 40
10.0
  1
Q=2kN/m²
  7
YAZI (BEYKENT)
 11
7078.109947562895
 21
1234.167413679703
 31
0.0
100
AcDbText
 73
     1
  0
TEXT
  5
CF4
330
1F
100
AcDbEntity
  8
KOT YAZI (BEYKENT)
100
AcDbText
 10
7092.436047562872
 20
1225.489284381216
 30
0.0
 40
8.0
  1
+7.60
  7
YAZI (BEYKENT)
 11
7092.436047562872
 21
1223.167413679703
 31
0.0
100
AcDbText
 73
     1
  0
HATCH
  5
CF5
330
1F
100
AcDbEntity
  8
KOT CIZGISI (BEYKENT)
 62
    18
420
        0
100
AcDbHatch
 10
0.0
 20
0.0
 30
0.0
210
0.0
220
0.0
230
1.0
  2
SOLID
 70
     1
 71
     0
 91
        1
 92
        7
 72
     1
 73
     1
 93
        3
 10
7084.631717359044
 20
1231.011023291512
 42
0.0
 10
7084.631717359044
 20
1224.489284104387
 42
0.0
 10
7091.15345654617
 20
1224.489284104387
 42
0.4142135623730951
 97
        0
 75
     1
 76
     1
 47
0.1085495934889314
 98
        2
 10
7087.091707440653
 20
1226.556814417045
 10
7081.897483631744
 20
1222.30922015131
450
        0
451
        0
460
0.0
461
0.0
452
        0
462
0.0
453
        2
463
0.0
 63
     5
421
      255
463
1.0
 63
     2
421
 16776960
470
LINEAR
1001
GradientColor1ACI
1070
     5
1001
GradientColor2ACI
1070
     2
1001
ACAD
1010
0.0
1020
0.0
1030
0.0
  0
HATCH
  5
CF6
330
1F
100
AcDbEntity
  8
KOT CIZGISI (BEYKENT)
 62
    18
420
        0
100
AcDbHatch
 10
0.0
 20
0.0
 30
0.0
210
0.0
220
0.0
230
1.0
  2
SOLID
 70
     1
 71
     0
 91
        1
 92
        7
 72
     1
 73
     1
 93
        3
 10
7084.631717359044
 20
1224.489284104387
 42
0.0
 10
7078.109978171916
 20
1224.489284104387
 42
0.4142135623730951
 10
7084.631717359044
 20
1217.967544917265
 42
0.0
 97
        0
 75
     1
 76
     1
 47
0.1085495934889314
 98
        2
 10
7087.091707440653
 20
1226.556814417045
 10
7081.897483631744
 20
1222.30922015131
450
        0
451
        0
460
0.0
461
0.0
452
        0
462
0.0
453
        2
463
0.0
 63
     5
421
      255
463
1.0
 63
     2
421
 16776960
470
LINEAR
1001
GradientColor1ACI
1070
     5
1001
GradientColor2ACI
1070
     2
1001
ACAD
1010
0.0
1020
0.0
1030
0.0
  0
LINE
  5
CF7
330
1F
100
AcDbEntity
  8
KOT CIZGISI (BEYKENT)
100
AcDbLine
 10
7084.631717359044
 20
1233.185083475859
 30
0.0
 11
7084.631717359044
 21
1215.793743883547
 31
0.0
1001
sta4cad App2
1004
70
1071
       13
1070
     0
1070
     0
1070
     0
  0
LINE
  5
CF8
330
1F
100
AcDbEntity
  8
KOT CIZGISI (BEYKENT)
100
AcDbLine
 10
7075.936047562871
 20
1224.489284104387
 30
0.0
 11
7115.936047562872
 21
1224.489284104387
 31
0.0
1001
sta4cad App2
1004
70
1071
       13
1070
     0
1070
     0
1070
     0
  0
CIRCLE
  5
CF9
330
1F
100
AcDbEntity
  8
KOT CIZGISI (BEYKENT)
100
AcDbCircle
 10
7084.631717359044
 20
1224.489284104387
 30
0.0
 40
6.521739187123982
1001
sta4cad App2
1004
70
1071
       13
1070
     0
1070
     0
1070
     0
  0
TEXT
  5
CFA
330
1F
100
AcDbEntity
  8
KOT YAZI (BEYKENT)
100
AcDbText
 10
7092.436047562872
 20
1215.489284381216
 30
0.0
 40
8.0
  1
+7.40
  7
YAZI (BEYKENT)
 11
7092.436047562872
 21
1213.167413679703
 31
0.0
100
AcDbText
 73
     1
  0
TEXT
  5
CFB
330
1F
100
AcDbEntity
  8
DOSEME ISMI (BEYKENT)
100
AcDbText
 10
4638.112272143866
 20
1402.650219731972
 30
0.0
 40
12.0
  1
D1-26 d=20cm
  7
YAZI (BEYKENT)
 11
4638.112272143866
 21
1399.167413679703
 31
0.0
100
AcDbText
 73
     1
  0
LWPOLYLINE
  5
CFC
330
1F
100
AcDbEntity
  8
DOSEME PAFTA (BEYKENT)
100
AcDbPolyline
 90
        4
 70
     1
 43
0.0
 10
4636.112272143866
 20
1416.650213679703
 10
4716.948585761485
 20
1416.650213679703
 42
-1.0
 10
4716.948585761485
 20
1400.650213679702
 10
4636.112272143866
 20
1400.650213679702
 42
-1.0
  0
TEXT
  5
CFD
330
1F
100
AcDbEntity
  8
YUK YAZISI (BEYKENT)
100
AcDbText
 10
4638.112272143866
 20
1387.069752056594
 30
0.0
 40
10.0
  1
Q=2kN/m²
  7
YAZI (BEYKENT)
 11
4638.112272143866
 21
1384.167413679703
 31
0.0
100
AcDbText
 73
     1
  0
TEXT
  5
CFE
330
1F
100
AcDbEntity
  8
KOT YAZI (BEYKENT)
100
AcDbText
 10
4652.438372143872
 20
1375.489284381216
 30
0.0
 40
8.0
  1
+7.60
  7
YAZI (BEYKENT)
 11
4652.438372143872
 21
1373.167413679703
 31
0.0
100
AcDbText
 73
     1
  0
HATCH
  5
CFF
330
1F
100
AcDbEntity
  8
KOT CIZGISI (BEYKENT)
 62
    18
420
        0
100
AcDbHatch
 10
0.0
 20
0.0
 30
0.0
210
0.0
220
0.0
230
1.0
  2
SOLID
 70
     1
 71
     0
 91
        1
 92
        7
 72
     1
 73
     1
 93
        3
 10
4644.634041940044
 20
1381.011023291512
 42
0.0
 10
4644.634041940044
 20
1374.489284104387
 42
0.0
 10
4651.155781127141
 20
1374.489284104387
 42
0.4142135623730951
 97
        0
 75
     1
 76
     1
 47
0.1085495934889314
 98
        2
 10
4647.094032021654
 20
1376.556814417043
 10
4641.899808212744
 20
1372.30922015131
450
        0
451
        0
460
0.0
461
0.0
452
        0
462
0.0
453
        2
463
0.0
 63
     5
421
      255
463
1.0
 63
     2
421
 16776960
470
LINEAR
1001
GradientColor1ACI
1070
     5
1001
GradientColor2ACI
1070
     2
1001
ACAD
1010
0.0
1020
0.0
1030
0.0
  0
HATCH
  5
D00
330
1F
100
AcDbEntity
  8
KOT CIZGISI (BEYKENT)
 62
    18
420
        0
100
AcDbHatch
 10
0.0
 20
0.0
 30
0.0
210
0.0
220
0.0
230
1.0
  2
SOLID
 70
     1
 71
     0
 91
        1
 92
        7
 72
     1
 73
     1
 93
        3
 10
4644.634041940044
 20
1374.489284104387
 42
0.0
 10
4638.112302752918
 20
1374.489284104387
 42
0.4142135623730951
 10
4644.634041940044
 20
1367.967544917265
 42
0.0
 97
        0
 75
     1
 76
     1
 47
0.1085495934889314
 98
        2
 10
4647.094032021654
 20
1376.556814417043
 10
4641.899808212744
 20
1372.30922015131
450
        0
451
        0
460
0.0
461
0.0
452
        0
462
0.0
453
        2
463
0.0
 63
     5
421
      255
463
1.0
 63
     2
421
 16776960
470
LINEAR
1001
GradientColor1ACI
1070
     5
1001
GradientColor2ACI
1070
     2
1001
ACAD
1010
0.0
1020
0.0
1030
0.0
  0
LINE
  5
D01
330
1F
100
AcDbEntity
  8
KOT CIZGISI (BEYKENT)
100
AcDbLine
 10
4644.634041940044
 20
1383.185083475859
 30
0.0
 11
4644.634041940044
 21
1365.793743883547
 31
0.0
1001
sta4cad App2
1004
70
1071
       13
1070
     0
1070
     0
1070
     0
  0
LINE
  5
D02
330
1F
100
AcDbEntity
  8
KOT CIZGISI (BEYKENT)
100
AcDbLine
 10
4635.938372143871
 20
1374.489284104387
 30
0.0
 11
4675.938372143871
 21
1374.489284104387
 31
0.0
1001
sta4cad App2
1004
70
1071
       13
1070
     0
1070
     0
1070
     0
  0
CIRCLE
  5
D03
330
1F
100
AcDbEntity
  8
KOT CIZGISI (BEYKENT)
100
AcDbCircle
 10
4644.634041940044
 20
1374.489284104387
 30
0.0
 40
6.521739187123982
1001
sta4cad App2
1004
70
1071
       13
1070
     0
1070
     0
1070
     0
  0
TEXT
  5
D04
330
1F
100
AcDbEntity
  8
KOT YAZI (BEYKENT)
100
AcDbText
 10
4652.438372143872
 20
1365.489284381216
 30
0.0
 40
8.0
  1
+7.40
  7
YAZI (BEYKENT)
 11
4652.438372143872
 21
1363.167413679703
 31
0.0
100
AcDbText
 73
     1
  0
TEXT
  5
D05
330
1F
100
AcDbEntity
  8
DOSEME ISMI (BEYKENT)
100
AcDbText
 10
5798.109947562894
 20
1140.150219731972
 30
0.0
 40
12.0
  1
D1-27 d=20cm
  7
YAZI (BEYKENT)
 11
5798.109947562894
 21
1136.667413679703
 31
0.0
100
AcDbText
 73
     1
  0
LWPOLYLINE
  5
D06
330
1F
100
AcDbEntity
  8
DOSEME PAFTA (BEYKENT)
100
AcDbPolyline
 90
        4
 70
     1
 43
0.0
 10
5796.109947562894
 20
1154.150213679702
 10
5876.863730231395
 20
1154.150213679702
 42
-1.0
 10
5876.863730231395
 20
1138.150213679702
 10
5796.109947562894
 20
1138.150213679702
 42
-1.0
  0
TEXT
  5
D07
330
1F
100
AcDbEntity
  8
YUK YAZISI (BEYKENT)
100
AcDbText
 10
5798.109947562894
 20
1124.569752056594
 30
0.0
 40
10.0
  1
Q=2kN/m²
  7
YAZI (BEYKENT)
 11
5798.109947562894
 21
1121.667413679703
 31
0.0
100
AcDbText
 73
     1
  0
TEXT
  5
D08
330
1F
100
AcDbEntity
  8
KOT YAZI (BEYKENT)
100
AcDbText
 10
5812.436047562871
 20
1112.989284381216
 30
0.0
 40
8.0
  1
+7.60
  7
YAZI (BEYKENT)
 11
5812.436047562871
 21
1110.667413679703
 31
0.0
100
AcDbText
 73
     1
  0
HATCH
  5
D09
330
1F
100
AcDbEntity
  8
KOT CIZGISI (BEYKENT)
 62
    18
420
        0
100
AcDbHatch
 10
0.0
 20
0.0
 30
0.0
210
0.0
220
0.0
230
1.0
  2
SOLID
 70
     1
 71
     0
 91
        1
 92
        7
 72
     1
 73
     1
 93
        3
 10
5804.631717359043
 20
1118.511023291512
 42
0.0
 10
5804.631717359043
 20
1111.989284104389
 42
0.0
 10
5811.153456546169
 20
1111.989284104389
 42
0.4142135623730951
 97
        0
 75
     1
 76
     1
 47
0.1085495934889314
 98
        2
 10
5807.091707440654
 20
1114.056814417045
 10
5801.897483631743
 20
1109.80922015131
450
        0
451
        0
460
0.0
461
0.0
452
        0
462
0.0
453
        2
463
0.0
 63
     5
421
      255
463
1.0
 63
     2
421
 16776960
470
LINEAR
1001
GradientColor1ACI
1070
     5
1001
GradientColor2ACI
1070
     2
1001
ACAD
1010
0.0
1020
0.0
1030
0.0
  0
HATCH
  5
D0A
330
1F
100
AcDbEntity
  8
KOT CIZGISI (BEYKENT)
 62
    18
420
        0
100
AcDbHatch
 10
0.0
 20
0.0
 30
0.0
210
0.0
220
0.0
230
1.0
  2
SOLID
 70
     1
 71
     0
 91
        1
 92
        7
 72
     1
 73
     1
 93
        3
 10
5804.631717359043
 20
1111.989284104389
 42
0.0
 10
5798.109978171916
 20
1111.989284104389
 42
0.4142135623730951
 10
5804.631717359043
 20
1105.467544917265
 42
0.0
 97
        0
 75
     1
 76
     1
 47
0.1085495934889314
 98
        2
 10
5807.091707440654
 20
1114.056814417045
 10
5801.897483631743
 20
1109.80922015131
450
        0
451
        0
460
0.0
461
0.0
452
        0
462
0.0
453
        2
463
0.0
 63
     5
421
      255
463
1.0
 63
     2
421
 16776960
470
LINEAR
1001
GradientColor1ACI
1070
     5
1001
GradientColor2ACI
1070
     2
1001
ACAD
1010
0.0
1020
0.0
1030
0.0
  0
LINE
  5
D0B
330
1F
100
AcDbEntity
  8
KOT CIZGISI (BEYKENT)
100
AcDbLine
 10
5804.631717359043
 20
1120.685083475859
 30
0.0
 11
5804.631717359043
 21
1103.293743883547
 31
0.0
1001
sta4cad App2
1004
70
1071
       13
1070
     0
1070
     0
1070
     0
  0
LINE
  5
D0C
330
1F
100
AcDbEntity
  8
KOT CIZGISI (BEYKENT)
100
AcDbLine
 10
5795.936047562872
 20
1111.989284104389
 30
0.0
 11
5835.936047562871
 21
1111.989284104389
 31
0.0
1001
sta4cad App2
1004
70
1071
       13
1070
     0
1070
     0
1070
     0
  0
CIRCLE
  5
D0D
330
1F
100
AcDbEntity
  8
KOT CIZGISI (BEYKENT)
100
AcDbCircle
 10
5804.631717359043
 20
1111.989284104389
 30
0.0
 40
6.521739187123982
1001
sta4cad App2
1004
70
1071
       13
1070
     0
1070
     0
1070
     0
  0
TEXT
  5
D0E
330
1F
100
AcDbEntity
  8
KOT YAZI (BEYKENT)
100
AcDbText
 10
5812.436047562871
 20
1102.989284381216
 30
0.0
 40
8.0
  1
+7.40
  7
YAZI (BEYKENT)
 11
5812.436047562871
 21
1100.667413679703
 31
0.0
100
AcDbText
 73
     1
  0
TEXT
  5
D0F
330
1F
100
AcDbEntity
  8
DOSEME ISMI (BEYKENT)
100
AcDbText
 10
6488.109947562894
 20
3352.650219731972
 30
0.0
 40
12.0
  1
D1-29 d=15cm
  7
YAZI (BEYKENT)
 11
6488.109947562894
 21
3349.167413679703
 31
0.0
100
AcDbText
 73
     1
  0
LWPOLYLINE
  5
D10
330
1F
100
AcDbEntity
  8
DOSEME PAFTA (BEYKENT)
100
AcDbPolyline
 90
        4
 70
     1
 43
0.0
 10
6486.109947562894
 20
3366.650213679703
 10
6564.602382225894
 20
3366.650213679703
 42
-1.0
 10
6564.602382225894
 20
3350.650213679703
 10
6486.109947562894
 20
3350.650213679703
 42
-1.0
  0
TEXT
  5
D11
330
1F
100
AcDbEntity
  8
YUK YAZISI (BEYKENT)
100
AcDbText
 10
6488.109947562894
 20
3337.069752056594
 30
0.0
 40
10.0
  1
Q=3.5kN/m²
  7
YAZI (BEYKENT)
 11
6488.109947562894
 21
3334.167413679703
 31
0.0
100
AcDbText
 73
     1
  0
TEXT
  5
D12
330
1F
100
AcDbEntity
  8
KOT YAZI (BEYKENT)
100
AcDbText
 10
6502.436047562871
 20
3325.489284381216
 30
0.0
 40
8.0
  1
+5.95
  7
YAZI (BEYKENT)
 11
6502.436047562871
 21
3323.167413679703
 31
0.0
100
AcDbText
 73
     1
  0
HATCH
  5
D13
330
1F
100
AcDbEntity
  8
KOT CIZGISI (BEYKENT)
 62
    18
420
        0
100
AcDbHatch
 10
0.0
 20
0.0
 30
0.0
210
0.0
220
0.0
230
1.0
  2
SOLID
 70
     1
 71
     0
 91
        1
 92
        7
 72
     1
 73
     1
 93
        3
 10
6494.631717359043
 20
3331.011023291512
 42
0.0
 10
6494.631717359043
 20
3324.489284104388
 42
0.0
 10
6501.15345654617
 20
3324.489284104388
 42
0.4142135623730951
 97
        0
 75
     1
 76
     1
 47
0.1085495934889314
 98
        2
 10
6497.091707440652
 20
3326.556814417043
 10
6491.897483631743
 20
3322.30922015131
450
        0
451
        0
460
0.0
461
0.0
452
        0
462
0.0
453
        2
463
0.0
 63
     5
421
      255
463
1.0
 63
     2
421
 16776960
470
LINEAR
1001
GradientColor1ACI
1070
     5
1001
GradientColor2ACI
1070
     2
1001
ACAD
1010
0.0
1020
0.0
1030
0.0
  0
HATCH
  5
D14
330
1F
100
AcDbEntity
  8
KOT CIZGISI (BEYKENT)
 62
    18
420
        0
100
AcDbHatch
 10
0.0
 20
0.0
 30
0.0
210
0.0
220
0.0
230
1.0
  2
SOLID
 70
     1
 71
     0
 91
        1
 92
        7
 72
     1
 73
     1
 93
        3
 10
6494.631717359043
 20
3324.489284104388
 42
0.0
 10
6488.109978171917
 20
3324.489284104388
 42
0.4142135623730951
 10
6494.631717359043
 20
3317.967544917263
 42
0.0
 97
        0
 75
     1
 76
     1
 47
0.1085495934889314
 98
        2
 10
6497.091707440652
 20
3326.556814417043
 10
6491.897483631743
 20
3322.30922015131
450
        0
451
        0
460
0.0
461
0.0
452
        0
462
0.0
453
        2
463
0.0
 63
     5
421
      255
463
1.0
 63
     2
421
 16776960
470
LINEAR
1001
GradientColor1ACI
1070
     5
1001
GradientColor2ACI
1070
     2
1001
ACAD
1010
0.0
1020
0.0
1030
0.0
  0
LINE
  5
D15
330
1F
100
AcDbEntity
  8
KOT CIZGISI (BEYKENT)
100
AcDbLine
 10
6494.631717359043
 20
3333.185083475859
 30
0.0
 11
6494.631717359043
 21
3315.793743883547
 31
0.0
1001
sta4cad App2
1004
70
1071
       13
1070
     0
1070
     0
1070
     0
  0
LINE
  5
D16
330
1F
100
AcDbEntity
  8
KOT CIZGISI (BEYKENT)
100
AcDbLine
 10
6485.93604756287
 20
3324.489284104388
 30
0.0
 11
6525.936047562871
 21
3324.489284104388
 31
0.0
1001
sta4cad App2
1004
70
1071
       13
1070
     0
1070
     0
1070
     0
  0
CIRCLE
  5
D17
330
1F
100
AcDbEntity
  8
KOT CIZGISI (BEYKENT)
100
AcDbCircle
 10
6494.631717359043
 20
3324.489284104388
 30
0.0
 40
6.521739187123982
1001
sta4cad App2
1004
70
1071
       13
1070
     0
1070
     0
1070
     0
  0
TEXT
  5
D18
330
1F
100
AcDbEntity
  8
KOT YAZI (BEYKENT)
100
AcDbText
 10
6502.436047562871
 20
3315.489284381216
 30
0.0
 40
8.0
  1
+5.80
  7
YAZI (BEYKENT)
 11
6502.436047562871
 21
3313.167413679703
 31
0.0
100
AcDbText
 73
     1
  0
LWPOLYLINE
  5
D19
330
1F
100
AcDbEntity
  8
KESIT (BEYKENT)
  6
DASHED
100
AcDbPolyline
 90
        2
 70
     0
 43
0.0
 10
3299.914596724884
 20
2174.167413679704
 10
3469.914596724885
 20
2174.167413679704
  0
LWPOLYLINE
  5
D1A
330
1F
100
AcDbEntity
  8
KESIT (BEYKENT)
  6
DASHED
100
AcDbPolyline
 90
        2
 70
     0
 43
0.0
 10
8739.909947562884
 20
2174.167413679704
 10
8909.909947562884
 20
2174.167413679704
  0
CIRCLE
  5
D1B
330
1F
100
AcDbEntity
  8
KESIT (BEYKENT)
370
    60
100
AcDbCircle
 10
3279.914596724884
 20
2174.167413679704
 30
0.0
 40
20.0
  0
TEXT
  5
D1C
330
1F
100
AcDbEntity
  8
KESIT ISMI (BEYKENT)
370
    20
100
AcDbText
 10
3273.683510067388
 20
2164.167413679704
 30
0.0
 40
20.0
  1
A
  7
YAZI (BEYKENT)
 72
     1
 11
3279.914596724884
 21
2174.167413679704
 31
0.0
100
AcDbText
 73
     2
  0
LWPOLYLINE
  5
D1D
330
1F
100
AcDbEntity
  8
KESIT (BEYKENT)
370
    60
100
AcDbPolyline
 90
        2
 70
     0
 43
0.0
 10
3299.914596724884
 20
2174.167413679704
 10
3308.198867972337
 20
2174.167413679704
  0
LWPOLYLINE
  5
D1E
330
1F
100
AcDbEntity
  8
KESIT (BEYKENT)
370
    60
100
AcDbPolyline
 90
        2
 70
     0
 43
0.0
 10
3308.198867972337
 20
2174.167413679704
 10
3279.914596724884
 20
2202.451684927165
  0
LWPOLYLINE
  5
D1F
330
1F
100
AcDbEntity
  8
KESIT (BEYKENT)
370
    60
100
AcDbPolyline
 90
        2
 70
     0
 43
0.0
 10
3279.914596724884
 20
2202.451684927165
 10
3251.630325477432
 20
2174.167413679704
  0
LWPOLYLINE
  5
D20
330
1F
100
AcDbEntity
  8
KESIT (BEYKENT)
370
    60
100
AcDbPolyline
 90
        2
 70
     0
 43
0.0
 10
3251.630325477432
 20
2174.167413679704
 10
3259.914596724885
 20
2174.167413679704
  0
CIRCLE
  5
D21
330
1F
100
AcDbEntity
  8
KESIT (BEYKENT)
370
    60
100
AcDbCircle
 10
8929.909947562883
 20
2174.167413679704
 30
0.0
 40
20.0
  0
TEXT
  5
D22
330
1F
100
AcDbEntity
  8
KESIT ISMI (BEYKENT)
370
    20
100
AcDbText
 10
8923.678860905386
 20
2164.167413679704
 30
0.0
 40
20.0
  1
A
  7
YAZI (BEYKENT)
 72
     1
 11
8929.909947562883
 21
2174.167413679704
 31
0.0
100
AcDbText
 73
     2
  0
LWPOLYLINE
  5
D23
330
1F
100
AcDbEntity
  8
KESIT (BEYKENT)
370
    60
100
AcDbPolyline
 90
        2
 70
     0
 43
0.0
 10
8909.909947562884
 20
2174.167413679704
 10
8901.625676315431
 20
2174.167413679704
  0
LWPOLYLINE
  5
D24
330
1F
100
AcDbEntity
  8
KESIT (BEYKENT)
370
    60
100
AcDbPolyline
 90
        2
 70
     0
 43
0.0
 10
8901.625676315431
 20
2174.167413679704
 10
8929.909947562883
 20
2202.451684927165
  0
LWPOLYLINE
  5
D25
330
1F
100
AcDbEntity
  8
KESIT (BEYKENT)
370
    60
100
AcDbPolyline
 90
        2
 70
     0
 43
0.0
 10
8929.909947562883
 20
2202.451684927165
 10
8958.194218810335
 20
2174.167413679704
  0
LWPOLYLINE
  5
D26
330
1F
100
AcDbEntity
  8
KESIT (BEYKENT)
370
    60
100
AcDbPolyline
 90
        2
 70
     0
 43
0.0
 10
8958.194218810335
 20
2174.167413679704
 10
8949.909947562883
 20
2174.167413679704
  0
LWPOLYLINE
  5
D27
330
1F
100
AcDbEntity
  8
KESIT (BEYKENT)
  6
DASHED
100
AcDbPolyline
 90
        2
 70
     0
 43
0.0
 10
6742.20209851725
 20
674.1674136797037
 10
6742.20209851725
 20
844.1674136797036
  0
LWPOLYLINE
  5
D28
330
1F
100
AcDbEntity
  8
KESIT (BEYKENT)
  6
DASHED
100
AcDbPolyline
 90
        2
 70
     0
 43
0.0
 10
6742.20209851725
 20
3504.167413679704
 10
6742.20209851725
 20
3674.167413679704
  0
CIRCLE
  5
D29
330
1F
100
AcDbEntity
  8
KESIT (BEYKENT)
370
    60
100
AcDbCircle
 10
6742.20209851725
 20
654.1674136797037
 30
0.0
 40
20.0
  0
TEXT
  5
D2A
330
1F
100
AcDbEntity
  8
KESIT ISMI (BEYKENT)
370
    20
100
AcDbText
 10
6736.294258077085
 20
644.1674136797037
 30
0.0
 40
20.0
  1
B
  7
YAZI (BEYKENT)
 72
     1
 11
6742.20209851725
 21
654.1674136797037
 31
0.0
100
AcDbText
 73
     2
  0
LWPOLYLINE
  5
D2B
330
1F
100
AcDbEntity
  8
KESIT (BEYKENT)
370
    60
100
AcDbPolyline
 90
        2
 70
     0
 43
0.0
 10
6742.20209851725
 20
674.1674136797037
 10
6742.20209851725
 20
682.4516849271649
  0
LWPOLYLINE
  5
D2C
330
1F
100
AcDbEntity
  8
KESIT (BEYKENT)
370
    60
100
AcDbPolyline
 90
        2
 70
     0
 43
0.0
 10
6742.20209851725
 20
682.4516849271649
 10
6713.917827269797
 20
654.1674136797037
  0
LWPOLYLINE
  5
D2D
330
1F
100
AcDbEntity
  8
KESIT (BEYKENT)
370
    60
100
AcDbPolyline
 90
        2
 70
     0
 43
0.0
 10
6713.917827269797
 20
654.1674136797037
 10
6742.20209851725
 20
625.8831424322425
  0
LWPOLYLINE
  5
D2E
330
1F
100
AcDbEntity
  8
KESIT (BEYKENT)
370
    60
100
AcDbPolyline
 90
        2
 70
     0
 43
0.0
 10
6742.20209851725
 20
625.8831424322425
 10
6742.20209851725
 20
634.1674136797037
  0
CIRCLE
  5
D2F
330
1F
100
AcDbEntity
  8
KESIT (BEYKENT)
370
    60
100
AcDbCircle
 10
6742.20209851725
 20
3694.167413679704
 30
0.0
 40
20.0
  0
TEXT
  5
D30
330
1F
100
AcDbEntity
  8
KESIT ISMI (BEYKENT)
370
    20
100
AcDbText
 10
6736.294258077085
 20
3684.167413679704
 30
0.0
 40
20.0
  1
B
  7
YAZI (BEYKENT)
 72
     1
 11
6742.20209851725
 21
3694.167413679704
 31
0.0
100
AcDbText
 73
     2
  0
LWPOLYLINE
  5
D31
330
1F
100
AcDbEntity
  8
KESIT (BEYKENT)
370
    60
100
AcDbPolyline
 90
        2
 70
     0
 43
0.0
 10
6742.20209851725
 20
3674.167413679704
 10
6742.20209851725
 20
3665.883142432243
  0
LWPOLYLINE
  5
D32
330
1F
100
AcDbEntity
  8
KESIT (BEYKENT)
370
    60
100
AcDbPolyline
 90
        2
 70
     0
 43
0.0
 10
6742.20209851725
 20
3665.883142432243
 10
6713.917827269797
 20
3694.167413679704
  0
LWPOLYLINE
  5
D33
330
1F
100
AcDbEntity
  8
KESIT (BEYKENT)
370
    60
100
AcDbPolyline
 90
        2
 70
     0
 43
0.0
 10
6713.917827269797
 20
3694.167413679704
 10
6742.20209851725
 20
3722.451684927165
  0
LWPOLYLINE
  5
D34
330
1F
100
AcDbEntity
  8
KESIT (BEYKENT)
370
    60
100
AcDbPolyline
 90
        2
 70
     0
 43
0.0
 10
6742.20209851725
 20
3722.451684927165
 10
6742.20209851725
 20
3714.167413679704
  0
HATCH
  5
D35
330
1F
100
AcDbEntity
  8
TARAMA (BEYKENT)
100
AcDbHatch
 10
0.0
 20
0.0
 30
0.0
210
0.0
220
0.0
230
1.0
  2
ANSI33
 70
     0
 71
     0
 91
        1
 92
       16
 93
       26
 72
     1
 10
3499.914596724885
 20
3924.167413679704
 11
6999.909947562882
 21
3924.167413679704
 72
     1
 10
6999.909947562882
 20
3924.167413679704
 11
6999.909947562882
 21
3904.167413679703
 72
     1
 10
6999.909947562882
 20
3904.167413679703
 11
6949.909947562883
 21
3904.167413679703
 72
     1
 10
6949.909947562883
 20
3904.167413679703
 11
6949.909947562883
 21
3864.167413679704
 72
     1
 10
6949.909947562883
 20
3864.167413679704
 11
6899.909947562882
 21
3864.167413679704
 72
     1
 10
6899.909947562882
 20
3864.167413679704
 11
6899.909947562882
 21
3904.167413679703
 72
     1
 10
6899.909947562882
 20
3904.167413679703
 11
6609.909947562883
 21
3904.167413679703
 72
     1
 10
6609.909947562883
 20
3904.167413679703
 11
6609.909947562883
 21
3864.167413679704
 72
     1
 10
6609.909947562883
 20
3864.167413679704
 11
6559.909947562883
 21
3864.167413679704
 72
     1
 10
6559.909947562883
 20
3864.167413679704
 11
6559.909947562883
 21
3904.167413679703
 72
     1
 10
6559.909947562883
 20
3904.167413679703
 11
5899.909947562883
 21
3904.167413679703
 72
     1
 10
5899.909947562883
 20
3904.167413679703
 11
5899.909947562883
 21
3864.167413679704
 72
     1
 10
5899.909947562883
 20
3864.167413679704
 11
5869.909947562883
 21
3864.167413679704
 72
     1
 10
5869.909947562883
 20
3864.167413679704
 11
5869.909947562883
 21
3904.167413679703
 72
     1
 10
5869.909947562883
 20
3904.167413679703
 11
5049.909947562883
 21
3904.167413679703
 72
     1
 10
5049.909947562883
 20
3904.167413679703
 11
5049.909947562883
 21
3864.167413679704
 72
     1
 10
5049.909947562883
 20
3864.167413679704
 11
4999.909947562883
 21
3864.167413679704
 72
     1
 10
4999.909947562883
 20
3864.167413679704
 11
4999.909947562883
 21
3904.167413679703
 72
     1
 10
4999.909947562883
 20
3904.167413679703
 11
4399.909947562883
 21
3904.167413679703
 72
     1
 10
4399.909947562883
 20
3904.167413679703
 11
4399.909947562883
 21
3864.167413679704
 72
     1
 10
4399.909947562883
 20
3864.167413679704
 11
4349.909947562883
 21
3864.167413679704
 72
     1
 10
4349.909947562883
 20
3864.167413679704
 11
4349.909947562883
 21
3904.167413679703
 72
     1
 10
4349.909947562883
 20
3904.167413679703
 11
3549.914596724884
 21
3904.167413679703
 72
     1
 10
3549.914596724884
 20
3904.167413679703
 11
3549.914596724884
 21
3864.167413679704
 72
     1
 10
3549.914596724884
 20
3864.167413679704
 11
3499.914596724885
 21
3864.167413679704
 72
     1
 10
3499.914596724885
 20
3864.167413679704
 11
3499.914596724885
 21
3924.167413679704
 97
        0
 75
     0
 76
     1
 52
0.0
 41
1.0
 77
     0
 78
     2
 53
45.0
 43
-54321.90050671051
 44
-11778.66443662224
 45
-4.490128060534576
 46
4.490128060534576
 79
     0
 53
45.0
 43
-54317.41037671051
 44
-11778.66443662224
 45
-4.490128060534576
 46
4.490128060534576
 79
     2
 49
3.174999999999999
 49
-1.587499999999999
 98
        1
 10
-54321.90050671051
 20
-11778.66443662224
  0
LWPOLYLINE
  5
D36
330
1F
100
AcDbEntity
  8
KESIT CIZGISI (BEYKENT)
100
AcDbPolyline
 90
       28
 70
     0
 43
0.0
 10
3499.914596724885
 20
3904.167413679703
 10
3499.914596724885
 20
3924.167413679704
 10
6999.909947562882
 20
3924.167413679704
 10
6999.909947562882
 20
3904.167413679703
 10
6949.909947562883
 20
3904.167413679703
 10
6949.909947562883
 20
3864.167413679704
 10
6899.909947562882
 20
3864.167413679704
 10
6899.909947562882
 20
3904.167413679703
 10
6609.909947562883
 20
3904.167413679703
 10
6609.909947562883
 20
3864.167413679704
 10
6559.909947562883
 20
3864.167413679704
 10
6559.909947562883
 20
3904.167413679703
 10
5899.909947562883
 20
3904.167413679703
 10
5899.909947562883
 20
3864.167413679704
 10
5869.909947562883
 20
3864.167413679704
 10
5869.909947562883
 20
3904.167413679703
 10
5049.909947562883
 20
3904.167413679703
 10
5049.909947562883
 20
3864.167413679704
 10
4999.909947562883
 20
3864.167413679704
 10
4999.909947562883
 20
3904.167413679703
 10
4399.909947562883
 20
3904.167413679703
 10
4399.909947562883
 20
3864.167413679704
 10
4349.909947562883
 20
3864.167413679704
 10
4349.909947562883
 20
3904.167413679703
 10
3549.914596724884
 20
3904.167413679703
 10
3549.914596724884
 20
3864.167413679704
 10
3499.914596724885
 20
3864.167413679704
 10
3499.914596724885
 20
3904.167413679703
  0
DIMENSION
  5
D37
330
1F
100
AcDbEntity
  8
OLCU (BEYKENT)
370
    20
100
AcDbDimension
280
     0
  2
*D99
 10
3569.914596725294
 20
3904.167413679706
 30
0.0
 11
3561.790800301635
 21
3914.167413679704
 31
0.0
 70
    33
 71
     5
 42
20.0
 73
     0
 74
     0
 75
     0
  3
PLAN_OLCU
100
AcDbAlignedDimension
 13
3549.914596724884
 23
3924.167413679704
 33
0.0
 14
3549.914596724884
 24
3904.167413679703
 34
0.0
  0
DIMENSION
  5
D38
330
1F
100
AcDbEntity
  8
OLCU (BEYKENT)
370
    20
100
AcDbDimension
280
     0
  2
*D100
 10
3569.914596725294
 20
3864.167413679706
 30
0.0
 11
3561.790800301635
 21
3884.167413679704
 31
0.0
 70
    33
 71
     5
 42
40.0
 73
     0
 74
     0
 75
     0
  3
PLAN_OLCU
100
AcDbAlignedDimension
 13
3549.914596724884
 23
3904.167413679703
 33
0.0
 14
3549.914596724884
 24
3864.167413679704
 34
0.0
  0
DIMENSION
  5
D39
330
1F
100
AcDbEntity
  8
OLCU (BEYKENT)
370
    20
100
AcDbDimension
280
     0
  2
*D101
 10
3589.914596725293
 20
3864.167413679706
 30
0.0
 11
3581.790800301635
 21
3894.167413679704
 31
0.0
 70
    33
 71
     5
 42
60.0
 73
     0
 74
     0
 75
     0
  3
PLAN_OLCU
100
AcDbAlignedDimension
 13
3549.914596724884
 23
3924.167413679704
 33
0.0
 14
3549.914596724884
 24
3864.167413679704
 34
0.0
  0
DIMENSION
  5
D3A
330
1F
100
AcDbEntity
  8
OLCU (BEYKENT)
370
    20
100
AcDbDimension
280
     0
  2
*D102
 10
4419.909947563292
 20
3904.167413679706
 30
0.0
 11
4411.786151139633
 21
3914.167413679704
 31
0.0
 70
    33
 71
     5
 42
20.0
 73
     0
 74
     0
 75
     0
  3
PLAN_OLCU
100
AcDbAlignedDimension
 13
4399.909947562883
 23
3924.167413679704
 33
0.0
 14
4399.909947562883
 24
3904.167413679703
 34
0.0
  0
DIMENSION
  5
D3B
330
1F
100
AcDbEntity
  8
OLCU (BEYKENT)
370
    20
100
AcDbDimension
280
     0
  2
*D103
 10
4419.909947563292
 20
3864.167413679706
 30
0.0
 11
4411.786151139633
 21
3884.167413679703
 31
0.0
 70
    33
 71
     5
 42
40.0
 73
     0
 74
     0
 75
     0
  3
PLAN_OLCU
100
AcDbAlignedDimension
 13
4399.909947562883
 23
3904.167413679703
 33
0.0
 14
4399.909947562883
 24
3864.167413679704
 34
0.0
  0
DIMENSION
  5
D3C
330
1F
100
AcDbEntity
  8
OLCU (BEYKENT)
370
    20
100
AcDbDimension
280
     0
  2
*D104
 10
4439.909947563292
 20
3864.167413679706
 30
0.0
 11
4431.786151139633
 21
3894.167413679703
 31
0.0
 70
    33
 71
     5
 42
60.0
 73
     0
 74
     0
 75
     0
  3
PLAN_OLCU
100
AcDbAlignedDimension
 13
4399.909947562883
 23
3924.167413679704
 33
0.0
 14
4399.909947562883
 24
3864.167413679704
 34
0.0
  0
DIMENSION
  5
D3D
330
1F
100
AcDbEntity
  8
OLCU (BEYKENT)
370
    20
100
AcDbDimension
280
     0
  2
*D105
 10
5069.909947563292
 20
3904.167413679706
 30
0.0
 11
5061.786151139634
 21
3914.167413679704
 31
0.0
 70
    33
 71
     5
 42
20.0
 73
     0
 74
     0
 75
     0
  3
PLAN_OLCU
100
AcDbAlignedDimension
 13
5049.909947562883
 23
3924.167413679704
 33
0.0
 14
5049.909947562883
 24
3904.167413679703
 34
0.0
  0
DIMENSION
  5
D3E
330
1F
100
AcDbEntity
  8
OLCU (BEYKENT)
370
    20
100
AcDbDimension
280
     0
  2
*D106
 10
5069.909947563292
 20
3864.167413679706
 30
0.0
 11
5061.786151139634
 21
3884.167413679703
 31
0.0
 70
    33
 71
     5
 42
40.0
 73
     0
 74
     0
 75
     0
  3
PLAN_OLCU
100
AcDbAlignedDimension
 13
5049.909947562883
 23
3904.167413679703
 33
0.0
 14
5049.909947562883
 24
3864.167413679704
 34
0.0
  0
DIMENSION
  5
D3F
330
1F
100
AcDbEntity
  8
OLCU (BEYKENT)
370
    20
100
AcDbDimension
280
     0
  2
*D107
 10
5089.909947563293
 20
3864.167413679706
 30
0.0
 11
5081.786151139635
 21
3894.167413679703
 31
0.0
 70
    33
 71
     5
 42
60.0
 73
     0
 74
     0
 75
     0
  3
PLAN_OLCU
100
AcDbAlignedDimension
 13
5049.909947562883
 23
3924.167413679704
 33
0.0
 14
5049.909947562883
 24
3864.167413679704
 34
0.0
  0
DIMENSION
  5
D40
330
1F
100
AcDbEntity
  8
OLCU (BEYKENT)
370
    20
100
AcDbDimension
280
     0
  2
*D108
 10
5919.909947563293
 20
3904.167413679706
 30
0.0
 11
5911.786151139634
 21
3914.167413679703
 31
0.0
 70
    33
 71
     5
 42
20.0
 73
     0
 74
     0
 75
     0
  3
PLAN_OLCU
100
AcDbAlignedDimension
 13
5899.909947562883
 23
3924.167413679704
 33
0.0
 14
5899.909947562883
 24
3904.167413679703
 34
0.0
  0
DIMENSION
  5
D41
330
1F
100
AcDbEntity
  8
OLCU (BEYKENT)
370
    20
100
AcDbDimension
280
     0
  2
*D109
 10
5919.909947563293
 20
3864.167413679706
 30
0.0
 11
5911.786151139634
 21
3884.167413679703
 31
0.0
 70
    33
 71
     5
 42
40.0
 73
     0
 74
     0
 75
     0
  3
PLAN_OLCU
100
AcDbAlignedDimension
 13
5899.909947562883
 23
3904.167413679703
 33
0.0
 14
5899.909947562883
 24
3864.167413679704
 34
0.0
  0
DIMENSION
  5
D42
330
1F
100
AcDbEntity
  8
OLCU (BEYKENT)
370
    20
100
AcDbDimension
280
     0
  2
*D110
 10
5939.909947563293
 20
3864.167413679706
 30
0.0
 11
5931.786151139634
 21
3894.167413679703
 31
0.0
 70
    33
 71
     5
 42
60.0
 73
     0
 74
     0
 75
     0
  3
PLAN_OLCU
100
AcDbAlignedDimension
 13
5899.909947562883
 23
3924.167413679704
 33
0.0
 14
5899.909947562883
 24
3864.167413679704
 34
0.0
  0
DIMENSION
  5
D43
330
1F
100
AcDbEntity
  8
OLCU (BEYKENT)
370
    20
100
AcDbDimension
280
     0
  2
*D111
 10
6629.909947563295
 20
3904.167413679706
 30
0.0
 11
6621.786151139636
 21
3914.167413679703
 31
0.0
 70
    33
 71
     5
 42
20.0
 73
     0
 74
     0
 75
     0
  3
PLAN_OLCU
100
AcDbAlignedDimension
 13
6609.909947562883
 23
3924.167413679704
 33
0.0
 14
6609.909947562883
 24
3904.167413679703
 34
0.0
  0
DIMENSION
  5
D44
330
1F
100
AcDbEntity
  8
OLCU (BEYKENT)
370
    20
100
AcDbDimension
280
     0
  2
*D112
 10
6629.909947563295
 20
3864.167413679706
 30
0.0
 11
6621.786151139636
 21
3884.167413679703
 31
0.0
 70
    33
 71
     5
 42
40.0
 73
     0
 74
     0
 75
     0
  3
PLAN_OLCU
100
AcDbAlignedDimension
 13
6609.909947562883
 23
3904.167413679703
 33
0.0
 14
6609.909947562883
 24
3864.167413679704
 34
0.0
  0
DIMENSION
  5
D45
330
1F
100
AcDbEntity
  8
OLCU (BEYKENT)
370
    20
100
AcDbDimension
280
     0
  2
*D113
 10
6649.909947563296
 20
3864.167413679706
 30
0.0
 11
6641.786151139635
 21
3894.167413679703
 31
0.0
 70
    33
 71
     5
 42
60.0
 73
     0
 74
     0
 75
     0
  3
PLAN_OLCU
100
AcDbAlignedDimension
 13
6609.909947562883
 23
3924.167413679704
 33
0.0
 14
6609.909947562883
 24
3864.167413679704
 34
0.0
  0
DIMENSION
  5
D46
330
1F
100
AcDbEntity
  8
OLCU (BEYKENT)
370
    20
100
AcDbDimension
280
     0
  2
*D114
 10
6879.909947563295
 20
3904.167413679706
 30
0.0
 11
6871.786151139636
 21
3914.167413679703
 31
0.0
 70
    33
 71
     5
 42
20.0
 73
     0
 74
     0
 75
     0
  3
PLAN_OLCU
100
AcDbAlignedDimension
 13
6899.909947562882
 23
3924.167413679704
 33
0.0
 14
6899.909947562882
 24
3904.167413679703
 34
0.0
  0
DIMENSION
  5
D47
330
1F
100
AcDbEntity
  8
OLCU (BEYKENT)
370
    20
100
AcDbDimension
280
     0
  2
*D115
 10
6879.909947563295
 20
3864.167413679706
 30
0.0
 11
6871.786151139636
 21
3884.167413679703
 31
0.0
 70
    33
 71
     5
 42
40.0
 73
     0
 74
     0
 75
     0
  3
PLAN_OLCU
100
AcDbAlignedDimension
 13
6899.909947562882
 23
3904.167413679703
 33
0.0
 14
6899.909947562882
 24
3864.167413679704
 34
0.0
  0
DIMENSION
  5
D48
330
1F
100
AcDbEntity
  8
OLCU (BEYKENT)
370
    20
100
AcDbDimension
280
     0
  2
*D116
 10
6859.909947563295
 20
3864.167413679706
 30
0.0
 11
6851.786151139636
 21
3894.167413679703
 31
0.0
 70
    33
 71
     5
 42
60.0
 73
     0
 74
     0
 75
     0
  3
PLAN_OLCU
100
AcDbAlignedDimension
 13
6899.909947562882
 23
3924.167413679704
 33
0.0
 14
6899.909947562882
 24
3864.167413679704
 34
0.0
  0
DIMENSION
  5
D49
330
1F
100
AcDbEntity
  8
OLCU (BEYKENT)
370
    20
100
AcDbDimension
280
     0
  2
*D117
 10
6994.909947563296
 20
3924.167413679706
 30
0.0
 11
6986.786151139636
 21
3914.167413679703
 31
0.0
 70
    33
 71
     5
 42
20.0
 73
     0
 74
     0
 75
     0
  3
PLAN_OLCU
100
AcDbAlignedDimension
 13
6974.909947562882
 23
3904.167413679703
 33
0.0
 14
6974.909947562882
 24
3924.167413679704
 34
0.0
  0
DIMENSION
  5
D4A
330
1F
100
AcDbEntity
  8
OLCU (BEYKENT)
370
    20
100
AcDbDimension
280
     0
  2
*D118
 10
3954.912272144293
 20
3924.167413679706
 30
0.0
 11
3946.788475720635
 21
3914.167413679704
 31
0.0
 70
    33
 71
     5
 42
20.0
 73
     0
 74
     0
 75
     0
  3
PLAN_OLCU
100
AcDbAlignedDimension
 13
3934.912272143884
 23
3904.167413679703
 33
0.0
 14
3934.912272143884
 24
3924.167413679704
 34
0.0
  0
DIMENSION
  5
D4B
330
1F
100
AcDbEntity
  8
OLCU (BEYKENT)
370
    20
100
AcDbDimension
280
     0
  2
*D119
 10
4717.409947563292
 20
3924.167413679706
 30
0.0
 11
4709.286151139634
 21
3914.167413679704
 31
0.0
 70
    33
 71
     5
 42
20.0
 73
     0
 74
     0
 75
     0
  3
PLAN_OLCU
100
AcDbAlignedDimension
 13
4697.409947562882
 23
3904.167413679703
 33
0.0
 14
4697.409947562882
 24
3924.167413679704
 34
0.0
  0
DIMENSION
  5
D4C
330
1F
100
AcDbEntity
  8
OLCU (BEYKENT)
370
    20
100
AcDbDimension
280
     0
  2
*D120
 10
5467.409947563293
 20
3924.167413679706
 30
0.0
 11
5459.286151139634
 21
3914.167413679703
 31
0.0
 70
    33
 71
     5
 42
20.0
 73
     0
 74
     0
 75
     0
  3
PLAN_OLCU
100
AcDbAlignedDimension
 13
5447.409947562882
 23
3904.167413679703
 33
0.0
 14
5447.409947562882
 24
3924.167413679704
 34
0.0
  0
DIMENSION
  5
D4D
330
1F
100
AcDbEntity
  8
OLCU (BEYKENT)
370
    20
100
AcDbDimension
280
     0
  2
*D121
 10
6259.909947563296
 20
3924.167413679706
 30
0.0
 11
6251.786151139636
 21
3914.167413679703
 31
0.0
 70
    33
 71
     5
 42
20.0
 73
     0
 74
     0
 75
     0
  3
PLAN_OLCU
100
AcDbAlignedDimension
 13
6239.909947562883
 23
3904.167413679703
 33
0.0
 14
6239.909947562883
 24
3924.167413679704
 34
0.0
  0
DIMENSION
  5
D4E
330
1F
100
AcDbEntity
  8
OLCU (BEYKENT)
370
    20
100
AcDbDimension
280
     0
  2
*D122
 10
6799.909947563296
 20
3924.167413679706
 30
0.0
 11
6791.786151139636
 21
3914.167413679703
 31
0.0
 70
    33
 71
     5
 42
20.0
 73
     0
 74
     0
 75
     0
  3
PLAN_OLCU
100
AcDbAlignedDimension
 13
6779.909947562882
 23
3904.167413679703
 33
0.0
 14
6779.909947562882
 24
3924.167413679704
 34
0.0
  0
LINE
  5
D4F
330
1F
100
AcDbEntity
  8
KOT CIZGISI (BEYKENT)
100
AcDbLine
 10
7019.909947562883
 20
3924.167413679704
 30
0.0
 11
7039.909947562883
 21
3924.167413679704
 31
0.0
  0
LWPOLYLINE
  5
D50
102
{ACAD_REACTORS
330
D51
102
}
330
1F
100
AcDbEntity
  8
KOT CIZGISI (BEYKENT)
100
AcDbPolyline
 90
        3
 70
     1
 43
0.0
 10
7039.909947562883
 20
3924.167413679704
 10
7027.909947562882
 20
3936.167413679704
 10
7039.909947562883
 20
3936.167413679704
  0
HATCH
  5
D51
330
1F
100
AcDbEntity
  8
KOT CIZGISI (BEYKENT)
 62
   250
100
AcDbHatch
 10
0.0
 20
0.0
 30
0.0
210
0.0
220
0.0
230
1.0
  2
SOLID
 70
     1
 71
     1
 91
        1
 92
        1
 93
        3
 72
     1
 10
7039.909947562883
 20
3924.167413679704
 11
7027.909947562882
 21
3936.167413679704
 72
     1
 10
7027.909947562882
 20
3936.167413679704
 11
7039.909947562883
 21
3936.167413679704
 72
     1
 10
7039.909947562883
 20
3936.167413679704
 11
7039.909947562883
 21
3924.167413679704
 97
        1
330
D50
 75
     0
 76
     1
 98
        1
 10
-54321.90050671051
 20
-11778.66443662224
450
        0
451
        0
460
0.0
461
0.0
452
        0
462
0.0
453
        0
470

  0
LINE
  5
D52
330
1F
100
AcDbEntity
  8
KOT CIZGISI (BEYKENT)
100
AcDbLine
 10
7027.909947562882
 20
3936.167413679704
 30
0.0
 11
7051.909947562883
 21
3936.167413679704
 31
0.0
  0
LINE
  5
D53
330
1F
100
AcDbEntity
  8
KOT CIZGISI (BEYKENT)
100
AcDbLine
 10
7039.909947562883
 20
3924.167413679704
 30
0.0
 11
7051.909947562883
 21
3936.167413679704
 31
0.0
  0
LINE
  5
D54
330
1F
100
AcDbEntity
  8
KOT CIZGISI (BEYKENT)
100
AcDbLine
 10
7051.909947562883
 20
3936.167413679704
 30
0.0
 11
7039.909947562883
 21
3936.167413679704
 31
0.0
  0
LINE
  5
D55
330
1F
100
AcDbEntity
  8
KOT CIZGISI (BEYKENT)
100
AcDbLine
 10
7051.909947562883
 20
3936.167413679704
 30
0.0
 11
7077.909947562883
 21
3936.167413679704
 31
0.0
  0
TEXT
  5
D56
330
1F
100
AcDbEntity
  8
KOT YAZI (BEYKENT)
100
AcDbText
 10
7051.909947562883
 20
3939.069752056595
 30
0.0
 40
10.0
  1
+7.60
  7
YAZI (BEYKENT)
 11
7051.909947562883
 21
3936.167413679704
 31
0.0
100
AcDbText
 73
     1
  0
TEXT
  5
D57
330
1F
100
AcDbEntity
  8
KESIT ISMI (BEYKENT)
370
    20
100
AcDbText
 10
5175.036068567543
 20
3774.167413679704
 30
0.0
 40
20.0
  1
A-A KESİTİ (1:50)
  7
YAZI (BEYKENT)
 72
     1
 11
5249.912272143884
 21
3794.167413679704
 31
0.0
100
AcDbText
 73
     3
  0
HATCH
  5
D58
330
1F
100
AcDbEntity
  8
TARAMA (BEYKENT)
100
AcDbHatch
 10
0.0
 20
0.0
 30
0.0
210
0.0
220
0.0
230
1.0
  2
ANSI33
 70
     0
 71
     0
 91
        1
 92
       16
 93
       20
 72
     1
 10
3069.914596724884
 20
924.1674136797037
 11
3109.914596724884
 21
924.1674136797037
 72
     1
 10
3109.914596724884
 20
924.1674136797037
 11
3109.914596724884
 21
874.1674136797037
 72
     1
 10
3109.914596724884
 20
874.1674136797037
 11
3049.914596724884
 21
874.1674136797037
 72
     1
 10
3049.914596724884
 20
874.1674136797037
 11
3049.914596724884
 21
3474.167413679704
 72
     1
 10
3049.914596724884
 20
3474.167413679704
 11
3109.914596724884
 21
3474.167413679704
 72
     1
 10
3109.914596724884
 20
3474.167413679704
 11
3109.914596724884
 21
3424.167413679704
 72
     1
 10
3109.914596724884
 20
3424.167413679704
 11
3069.914596724884
 21
3424.167413679704
 72
     1
 10
3069.914596724884
 20
3424.167413679704
 11
3069.914596724884
 21
2804.167413679704
 72
     1
 10
3069.914596724884
 20
2804.167413679704
 11
3109.914596724884
 21
2804.167413679704
 72
     1
 10
3109.914596724884
 20
2804.167413679704
 11
3109.914596724884
 21
2774.167413679704
 72
     1
 10
3109.914596724884
 20
2774.167413679704
 11
3069.914596724884
 21
2774.167413679704
 72
     1
 10
3069.914596724884
 20
2774.167413679704
 11
3069.914596724884
 21
2299.167413679704
 72
     1
 10
3069.914596724884
 20
2299.167413679704
 11
3109.914596724884
 21
2299.167413679704
 72
     1
 10
3109.914596724884
 20
2299.167413679704
 11
3109.914596724884
 21
2249.167413679704
 72
     1
 10
3109.914596724884
 20
2249.167413679704
 11
3069.914596724884
 21
2249.167413679704
 72
     1
 10
3069.914596724884
 20
2249.167413679704
 11
3069.914596724884
 21
1574.167413679704
 72
     1
 10
3069.914596724884
 20
1574.167413679704
 11
3109.914596724884
 21
1574.167413679704
 72
     1
 10
3109.914596724884
 20
1574.167413679704
 11
3109.914596724884
 21
1544.167413679703
 72
     1
 10
3109.914596724884
 20
1544.167413679703
 11
3069.914596724884
 21
1544.167413679703
 72
     1
 10
3069.914596724884
 20
1544.167413679703
 11
3069.914596724884
 21
924.1674136797037
 97
        0
 75
     0
 76
     1
 52
0.0
 41
1.0
 77
     0
 78
     2
 53
45.0
 43
-54321.90050671051
 44
-11778.66443662224
 45
-4.490128060534576
 46
4.490128060534576
 79
     0
 53
45.0
 43
-54317.41037671051
 44
-11778.66443662224
 45
-4.490128060534576
 46
4.490128060534576
 79
     2
 49
3.174999999999999
 49
-1.587499999999999
 98
        1
 10
-54321.90050671051
 20
-11778.66443662224
  0
LWPOLYLINE
  5
D59
330
1F
100
AcDbEntity
  8
KESIT CIZGISI (BEYKENT)
100
AcDbPolyline
 90
       21
 70
     0
 43
0.0
 10
3069.914596724884
 20
924.1674136797037
 10
3109.914596724884
 20
924.1674136797037
 10
3109.914596724884
 20
874.1674136797037
 10
3049.914596724884
 20
874.1674136797037
 10
3049.914596724884
 20
3474.167413679704
 10
3109.914596724884
 20
3474.167413679704
 10
3109.914596724884
 20
3424.167413679704
 10
3069.914596724884
 20
3424.167413679704
 10
3069.914596724884
 20
2804.167413679704
 10
3109.914596724884
 20
2804.167413679704
 10
3109.914596724884
 20
2774.167413679704
 10
3069.914596724884
 20
2774.167413679704
 10
3069.914596724884
 20
2299.167413679704
 10
3109.914596724884
 20
2299.167413679704
 10
3109.914596724884
 20
2249.167413679704
 10
3069.914596724884
 20
2249.167413679704
 10
3069.914596724884
 20
1574.167413679704
 10
3109.914596724884
 20
1574.167413679704
 10
3109.914596724884
 20
1544.167413679703
 10
3069.914596724884
 20
1544.167413679703
 10
3069.914596724884
 20
924.1674136797037
  0
DIMENSION
  5
D5A
330
1F
100
AcDbEntity
  8
OLCU (BEYKENT)
370
    20
100
AcDbDimension
280
     0
  2
*D123
 10
3069.914596724884
 20
3404.167413679703
 30
0.0
 11
3059.914596724884
 21
3412.291210103363
 31
0.0
 70
    33
 71
     5
 42
20.0
 73
     0
 74
     0
 75
     0
  3
PLAN_OLCU
100
AcDbAlignedDimension
 13
3049.914596724884
 23
3424.167413679704
 33
0.0
 14
3069.914596724884
 24
3424.167413679704
 34
0.0
  0
DIMENSION
  5
D5B
330
1F
100
AcDbEntity
  8
OLCU (BEYKENT)
370
    20
100
AcDbDimension
280
     0
  2
*D124
 10
3109.914596724884
 20
3404.167413679703
 30
0.0
 11
3089.914596724884
 21
3412.291210103363
 31
0.0
 70
    33
 71
     5
 42
40.0
 73
     0
 74
     0
 75
     0
  3
PLAN_OLCU
100
AcDbAlignedDimension
 13
3069.914596724884
 23
3424.167413679704
 33
0.0
 14
3109.914596724884
 24
3424.167413679704
 34
0.0
  0
DIMENSION
  5
D5C
330
1F
100
AcDbEntity
  8
OLCU (BEYKENT)
370
    20
100
AcDbDimension
280
     0
  2
*D125
 10
3109.914596724884
 20
3384.167413679704
 30
0.0
 11
3079.914596724885
 21
3392.291210103362
 31
0.0
 70
    33
 71
     5
 42
60.0
 73
     0
 74
     0
 75
     0
  3
PLAN_OLCU
100
AcDbAlignedDimension
 13
3049.914596724884
 23
3424.167413679704
 33
0.0
 14
3109.914596724884
 24
3424.167413679704
 34
0.0
  0
DIMENSION
  5
D5D
330
1F
100
AcDbEntity
  8
OLCU (BEYKENT)
370
    20
100
AcDbDimension
280
     0
  2
*D126
 10
3069.914596724884
 20
2754.167413679704
 30
0.0
 11
3059.914596724884
 21
2762.291210103363
 31
0.0
 70
    33
 71
     5
 42
20.0
 73
     0
 74
     0
 75
     0
  3
PLAN_OLCU
100
AcDbAlignedDimension
 13
3049.914596724884
 23
2774.167413679704
 33
0.0
 14
3069.914596724884
 24
2774.167413679704
 34
0.0
  0
DIMENSION
  5
D5E
330
1F
100
AcDbEntity
  8
OLCU (BEYKENT)
370
    20
100
AcDbDimension
280
     0
  2
*D127
 10
3109.914596724884
 20
2754.167413679704
 30
0.0
 11
3089.914596724884
 21
2762.291210103363
 31
0.0
 70
    33
 71
     5
 42
40.0
 73
     0
 74
     0
 75
     0
  3
PLAN_OLCU
100
AcDbAlignedDimension
 13
3069.914596724884
 23
2774.167413679704
 33
0.0
 14
3109.914596724884
 24
2774.167413679704
 34
0.0
  0
DIMENSION
  5
D5F
330
1F
100
AcDbEntity
  8
OLCU (BEYKENT)
370
    20
100
AcDbDimension
280
     0
  2
*D128
 10
3109.914596724884
 20
2734.167413679704
 30
0.0
 11
3079.914596724885
 21
2742.291210103363
 31
0.0
 70
    33
 71
     5
 42
60.0
 73
     0
 74
     0
 75
     0
  3
PLAN_OLCU
100
AcDbAlignedDimension
 13
3049.914596724884
 23
2774.167413679704
 33
0.0
 14
3109.914596724884
 24
2774.167413679704
 34
0.0
  0
DIMENSION
  5
D60
330
1F
100
AcDbEntity
  8
OLCU (BEYKENT)
370
    20
100
AcDbDimension
280
     0
  2
*D129
 10
3069.914596724884
 20
2229.167413679704
 30
0.0
 11
3059.914596724884
 21
2237.291210103363
 31
0.0
 70
    33
 71
     5
 42
20.0
 73
     0
 74
     0
 75
     0
  3
PLAN_OLCU
100
AcDbAlignedDimension
 13
3049.914596724884
 23
2249.167413679704
 33
0.0
 14
3069.914596724884
 24
2249.167413679704
 34
0.0
  0
DIMENSION
  5
D61
330
1F
100
AcDbEntity
  8
OLCU (BEYKENT)
370
    20
100
AcDbDimension
280
     0
  2
*D130
 10
3109.914596724884
 20
2229.167413679704
 30
0.0
 11
3089.914596724884
 21
2237.291210103363
 31
0.0
 70
    33
 71
     5
 42
40.0
 73
     0
 74
     0
 75
     0
  3
PLAN_OLCU
100
AcDbAlignedDimension
 13
3069.914596724884
 23
2249.167413679704
 33
0.0
 14
3109.914596724884
 24
2249.167413679704
 34
0.0
  0
DIMENSION
  5
D62
330
1F
100
AcDbEntity
  8
OLCU (BEYKENT)
370
    20
100
AcDbDimension
280
     0
  2
*D131
 10
3109.914596724884
 20
2209.167413679704
 30
0.0
 11
3079.914596724885
 21
2217.291210103363
 31
0.0
 70
    33
 71
     5
 42
60.0
 73
     0
 74
     0
 75
     0
  3
PLAN_OLCU
100
AcDbAlignedDimension
 13
3049.914596724884
 23
2249.167413679704
 33
0.0
 14
3109.914596724884
 24
2249.167413679704
 34
0.0
  0
DIMENSION
  5
D63
330
1F
100
AcDbEntity
  8
OLCU (BEYKENT)
370
    20
100
AcDbDimension
280
     0
  2
*D132
 10
3069.914596724884
 20
1524.167413679704
 30
0.0
 11
3059.914596724884
 21
1532.291210103362
 31
0.0
 70
    33
 71
     5
 42
20.0
 73
     0
 74
     0
 75
     0
  3
PLAN_OLCU
100
AcDbAlignedDimension
 13
3049.914596724884
 23
1544.167413679703
 33
0.0
 14
3069.914596724884
 24
1544.167413679703
 34
0.0
  0
DIMENSION
  5
D64
330
1F
100
AcDbEntity
  8
OLCU (BEYKENT)
370
    20
100
AcDbDimension
280
     0
  2
*D133
 10
3109.914596724884
 20
1524.167413679704
 30
0.0
 11
3089.914596724884
 21
1532.291210103362
 31
0.0
 70
    33
 71
     5
 42
40.0
 73
     0
 74
     0
 75
     0
  3
PLAN_OLCU
100
AcDbAlignedDimension
 13
3069.914596724884
 23
1544.167413679703
 33
0.0
 14
3109.914596724884
 24
1544.167413679703
 34
0.0
  0
DIMENSION
  5
D65
330
1F
100
AcDbEntity
  8
OLCU (BEYKENT)
370
    20
100
AcDbDimension
280
     0
  2
*D134
 10
3109.914596724884
 20
1504.167413679704
 30
0.0
 11
3079.914596724885
 21
1512.291210103362
 31
0.0
 70
    33
 71
     5
 42
60.0
 73
     0
 74
     0
 75
     0
  3
PLAN_OLCU
100
AcDbAlignedDimension
 13
3049.914596724884
 23
1544.167413679703
 33
0.0
 14
3109.914596724884
 24
1544.167413679703
 34
0.0
  0
DIMENSION
  5
D66
330
1F
100
AcDbEntity
  8
OLCU (BEYKENT)
370
    20
100
AcDbDimension
280
     0
  2
*D135
 10
3069.914596724884
 20
944.1674136797036
 30
0.0
 11
3059.914596724884
 21
952.2912101033625
 31
0.0
 70
    33
 71
     5
 42
20.0
 73
     0
 74
     0
 75
     0
  3
PLAN_OLCU
100
AcDbAlignedDimension
 13
3049.914596724884
 23
924.1674136797037
 33
0.0
 14
3069.914596724884
 24
924.1674136797037
 34
0.0
  0
DIMENSION
  5
D67
330
1F
100
AcDbEntity
  8
OLCU (BEYKENT)
370
    20
100
AcDbDimension
280
     0
  2
*D136
 10
3109.914596724884
 20
944.1674136797036
 30
0.0
 11
3089.914596724884
 21
952.2912101033625
 31
0.0
 70
    33
 71
     5
 42
40.0
 73
     0
 74
     0
 75
     0
  3
PLAN_OLCU
100
AcDbAlignedDimension
 13
3069.914596724884
 23
924.1674136797037
 33
0.0
 14
3109.914596724884
 24
924.1674136797037
 34
0.0
  0
DIMENSION
  5
D68
330
1F
100
AcDbEntity
  8
OLCU (BEYKENT)
370
    20
100
AcDbDimension
280
     0
  2
*D137
 10
3109.914596724884
 20
964.1674136797037
 30
0.0
 11
3079.914596724885
 21
972.2912101033626
 31
0.0
 70
    33
 71
     5
 42
60.0
 73
     0
 74
     0
 75
     0
  3
PLAN_OLCU
100
AcDbAlignedDimension
 13
3049.914596724884
 23
924.1674136797037
 33
0.0
 14
3109.914596724884
 24
924.1674136797037
 34
0.0
  0
DIMENSION
  5
D69
330
1F
100
AcDbEntity
  8
OLCU (BEYKENT)
370
    20
100
AcDbDimension
280
     0
  2
*D138
 10
3069.914596724884
 20
3104.167413679704
 30
0.0
 11
3059.914596724884
 21
3112.291210103363
 31
0.0
 70
    33
 71
     5
 42
20.0
 73
     0
 74
     0
 75
     0
  3
PLAN_OLCU
100
AcDbAlignedDimension
 13
3049.914596724884
 23
3124.167413679704
 33
0.0
 14
3069.914596724884
 24
3124.167413679704
 34
0.0
  0
DIMENSION
  5
D6A
330
1F
100
AcDbEntity
  8
OLCU (BEYKENT)
370
    20
100
AcDbDimension
280
     0
  2
*D139
 10
3069.914596724884
 20
2504.167413679704
 30
0.0
 11
3059.914596724884
 21
2512.291210103363
 31
0.0
 70
    33
 71
     5
 42
20.0
 73
     0
 74
     0
 75
     0
  3
PLAN_OLCU
100
AcDbAlignedDimension
 13
3049.914596724884
 23
2524.167413679704
 33
0.0
 14
3069.914596724884
 24
2524.167413679704
 34
0.0
  0
DIMENSION
  5
D6B
330
1F
100
AcDbEntity
  8
OLCU (BEYKENT)
370
    20
100
AcDbDimension
280
     0
  2
*D140
 10
3069.914596724884
 20
1904.167413679704
 30
0.0
 11
3059.914596724884
 21
1912.291210103363
 31
0.0
 70
    33
 71
     5
 42
20.0
 73
     0
 74
     0
 75
     0
  3
PLAN_OLCU
100
AcDbAlignedDimension
 13
3049.914596724884
 23
1924.167413679704
 33
0.0
 14
3069.914596724884
 24
1924.167413679704
 34
0.0
  0
DIMENSION
  5
D6C
330
1F
100
AcDbEntity
  8
OLCU (BEYKENT)
370
    20
100
AcDbDimension
280
     0
  2
*D141
 10
3069.914596724884
 20
1204.167413679704
 30
0.0
 11
3059.914596724884
 21
1212.291210103362
 31
0.0
 70
    33
 71
     5
 42
20.0
 73
     0
 74
     0
 75
     0
  3
PLAN_OLCU
100
AcDbAlignedDimension
 13
3049.914596724884
 23
1224.167413679704
 33
0.0
 14
3069.914596724884
 24
1224.167413679704
 34
0.0
  0
LINE
  5
D6D
330
1F
100
AcDbEntity
  8
KOT CIZGISI (BEYKENT)
100
AcDbLine
 10
3049.914596724884
 20
3494.167413679704
 30
0.0
 11
3049.914596724884
 21
3514.167413679704
 31
0.0
  0
LWPOLYLINE
  5
D6E
102
{ACAD_REACTORS
330
D6F
102
}
330
1F
100
AcDbEntity
  8
KOT CIZGISI (BEYKENT)
100
AcDbPolyline
 90
        3
 70
     1
 43
0.0
 10
3049.914596724884
 20
3514.167413679704
 10
3037.914596724884
 20
3502.167413679704
 10
3037.914596724884
 20
3514.167413679704
  0
HATCH
  5
D6F
330
1F
100
AcDbEntity
  8
KOT CIZGISI (BEYKENT)
 62
   250
100
AcDbHatch
 10
0.0
 20
0.0
 30
0.0
210
0.0
220
0.0
230
1.0
  2
SOLID
 70
     1
 71
     1
 91
        1
 92
        1
 93
        3
 72
     1
 10
3049.914596724884
 20
3514.167413679704
 11
3037.914596724884
 21
3502.167413679704
 72
     1
 10
3037.914596724884
 20
3502.167413679704
 11
3037.914596724884
 21
3514.167413679704
 72
     1
 10
3037.914596724884
 20
3514.167413679704
 11
3049.914596724884
 21
3514.167413679704
 97
        1
330
D6E
 75
     0
 76
     1
 98
        1
 10
-54321.90050671051
 20
-11778.66443662224
450
        0
451
        0
460
0.0
461
0.0
452
        0
462
0.0
453
        0
470

  0
LINE
  5
D70
330
1F
100
AcDbEntity
  8
KOT CIZGISI (BEYKENT)
100
AcDbLine
 10
3037.914596724884
 20
3502.167413679704
 30
0.0
 11
3037.914596724884
 21
3526.167413679704
 31
0.0
  0
LINE
  5
D71
330
1F
100
AcDbEntity
  8
KOT CIZGISI (BEYKENT)
100
AcDbLine
 10
3049.914596724884
 20
3514.167413679704
 30
0.0
 11
3037.914596724884
 21
3526.167413679704
 31
0.0
  0
LINE
  5
D72
330
1F
100
AcDbEntity
  8
KOT CIZGISI (BEYKENT)
100
AcDbLine
 10
3037.914596724884
 20
3526.167413679704
 30
0.0
 11
3037.914596724884
 21
3514.167413679704
 31
0.0
  0
LINE
  5
D73
330
1F
100
AcDbEntity
  8
KOT CIZGISI (BEYKENT)
100
AcDbLine
 10
3037.914596724884
 20
3526.167413679704
 30
0.0
 11
3037.914596724884
 21
3552.167413679704
 31
0.0
  0
TEXT
  5
D74
330
1F
100
AcDbEntity
  8
KOT YAZI (BEYKENT)
100
AcDbText
 10
3035.012258347993
 20
3526.167413679704
 30
0.0
 40
10.0
  1
+7.60
 50
90.0
  7
YAZI (BEYKENT)
 11
3037.914596724884
 21
3526.167413679704
 31
0.0
100
AcDbText
 73
     1
  0
TEXT
  5
D75
330
1F
100
AcDbEntity
  8
KESIT ISMI (BEYKENT)
370
    20
100
AcDbText
 10
3199.914596724884
 20
2099.937702538026
 30
0.0
 40
20.0
  1
B-B KESİTİ (1:50)
 50
90.0
  7
YAZI (BEYKENT)
 72
     1
 11
3189.914596724884
 21
2174.167413679704
 31
0.0
100
AcDbText
 73
     2
  0
CIRCLE
  5
D76
330
1F
100
AcDbEntity
  8
AKS BALONU (BEYKENT)
100
AcDbCircle
 10
3499.914596724885
 20
3694.167413679703
 30
0.0
 40
20.0
  0
TEXT
  5
D77
330
1F
100
AcDbEntity
  8
AKS YAZISI (BEYKENT)
100
AcDbText
 10
3496.125050645105
 20
3684.167413679703
 30
0.0
 40
20.0
  1
1
  7
YAZI (BEYKENT)
 72
     1
 11
3499.914596724885
 21
3694.167413679703
 31
0.0
100
AcDbText
 73
     2
  0
CIRCLE
  5
D78
330
1F
100
AcDbEntity
  8
AKS BALONU (BEYKENT)
100
AcDbCircle
 10
3499.914596724885
 20
654.1674136797028
 30
0.0
 40
20.0
  0
TEXT
  5
D79
330
1F
100
AcDbEntity
  8
AKS YAZISI (BEYKENT)
100
AcDbText
 10
3496.125050645105
 20
644.1674136797027
 30
0.0
 40
20.0
  1
1
  7
YAZI (BEYKENT)
 72
     1
 11
3499.914596724885
 21
654.1674136797028
 31
0.0
100
AcDbText
 73
     2
  0
LINE
  5
D7A
330
1F
100
AcDbEntity
  8
AKS CIZGISI (BEYKENT)
100
AcDbLine
 10
3499.914596724885
 20
674.1674136797028
 30
0.0
 11
3499.914596724885
 21
3674.167413679703
 31
0.0
  0
CIRCLE
  5
D7B
330
1F
100
AcDbEntity
  8
AKS BALONU (BEYKENT)
100
AcDbCircle
 10
4369.909947562883
 20
3694.167413679703
 30
0.0
 40
20.0
  0
TEXT
  5
D7C
330
1F
100
AcDbEntity
  8
AKS YAZISI (BEYKENT)
100
AcDbText
 10
4364.270332707312
 20
3684.167413679703
 30
0.0
 40
20.0
  1
2
  7
YAZI (BEYKENT)
 72
     1
 11
4369.909947562883
 21
3694.167413679703
 31
0.0
100
AcDbText
 73
     2
  0
CIRCLE
  5
D7D
330
1F
100
AcDbEntity
  8
AKS BALONU (BEYKENT)
100
AcDbCircle
 10
4369.909947562883
 20
654.1674136797028
 30
0.0
 40
20.0
  0
TEXT
  5
D7E
330
1F
100
AcDbEntity
  8
AKS YAZISI (BEYKENT)
100
AcDbText
 10
4364.270332707312
 20
644.1674136797027
 30
0.0
 40
20.0
  1
2
  7
YAZI (BEYKENT)
 72
     1
 11
4369.909947562883
 21
654.1674136797028
 31
0.0
100
AcDbText
 73
     2
  0
LINE
  5
D7F
330
1F
100
AcDbEntity
  8
AKS CIZGISI (BEYKENT)
100
AcDbLine
 10
4369.909947562883
 20
674.1674136797028
 30
0.0
 11
4369.909947562883
 21
3674.167413679703
 31
0.0
  0
CIRCLE
  5
D80
330
1F
100
AcDbEntity
  8
AKS BALONU (BEYKENT)
100
AcDbCircle
 10
4739.909947562883
 20
3694.167413679703
 30
0.0
 40
20.0
  0
TEXT
  5
D81
330
1F
100
AcDbEntity
  8
AKS YAZISI (BEYKENT)
100
AcDbText
 10
4734.318475760956
 20
3684.167413679703
 30
0.0
 40
20.0
  1
3
  7
YAZI (BEYKENT)
 72
     1
 11
4739.909947562883
 21
3694.167413679703
 31
0.0
100
AcDbText
 73
     2
  0
CIRCLE
  5
D82
330
1F
100
AcDbEntity
  8
AKS BALONU (BEYKENT)
100
AcDbCircle
 10
4739.909947562883
 20
654.1674136797028
 30
0.0
 40
20.0
  0
TEXT
  5
D83
330
1F
100
AcDbEntity
  8
AKS YAZISI (BEYKENT)
100
AcDbText
 10
4734.318475760956
 20
644.1674136797027
 30
0.0
 40
20.0
  1
3
  7
YAZI (BEYKENT)
 72
     1
 11
4739.909947562883
 21
654.1674136797028
 31
0.0
100
AcDbText
 73
     2
  0
LINE
  5
D84
330
1F
100
AcDbEntity
  8
AKS CIZGISI (BEYKENT)
100
AcDbLine
 10
4739.909947562883
 20
674.1674136797028
 30
0.0
 11
4739.909947562883
 21
3674.167413679703
 31
0.0
  0
CIRCLE
  5
D85
330
1F
100
AcDbEntity
  8
AKS BALONU (BEYKENT)
100
AcDbCircle
 10
5024.909947562883
 20
3694.167413679703
 30
0.0
 40
20.0
  0
TEXT
  5
D86
330
1F
100
AcDbEntity
  8
AKS YAZISI (BEYKENT)
100
AcDbText
 10
5018.823290066322
 20
3684.167413679703
 30
0.0
 40
20.0
  1
4
  7
YAZI (BEYKENT)
 72
     1
 11
5024.909947562883
 21
3694.167413679703
 31
0.0
100
AcDbText
 73
     2
  0
CIRCLE
  5
D87
330
1F
100
AcDbEntity
  8
AKS BALONU (BEYKENT)
100
AcDbCircle
 10
5024.909947562883
 20
654.1674136797028
 30
0.0
 40
20.0
  0
TEXT
  5
D88
330
1F
100
AcDbEntity
  8
AKS YAZISI (BEYKENT)
100
AcDbText
 10
5018.823290066322
 20
644.1674136797027
 30
0.0
 40
20.0
  1
4
  7
YAZI (BEYKENT)
 72
     1
 11
5024.909947562883
 21
654.1674136797028
 31
0.0
100
AcDbText
 73
     2
  0
LINE
  5
D89
330
1F
100
AcDbEntity
  8
AKS CIZGISI (BEYKENT)
100
AcDbLine
 10
5024.909947562883
 20
674.1674136797028
 30
0.0
 11
5024.909947562883
 21
3674.167413679703
 31
0.0
  0
CIRCLE
  5
D8A
330
1F
100
AcDbEntity
  8
AKS BALONU (BEYKENT)
100
AcDbCircle
 10
5869.909947562883
 20
3694.167413679703
 30
0.0
 40
20.0
  0
TEXT
  5
D8B
330
1F
100
AcDbEntity
  8
AKS YAZISI (BEYKENT)
100
AcDbText
 10
5864.16716902093
 20
3684.167413679703
 30
0.0
 40
20.0
  1
5
  7
YAZI (BEYKENT)
 72
     1
 11
5869.909947562883
 21
3694.167413679703
 31
0.0
100
AcDbText
 73
     2
  0
CIRCLE
  5
D8C
330
1F
100
AcDbEntity
  8
AKS BALONU (BEYKENT)
100
AcDbCircle
 10
5869.909947562883
 20
654.1674136797028
 30
0.0
 40
20.0
  0
TEXT
  5
D8D
330
1F
100
AcDbEntity
  8
AKS YAZISI (BEYKENT)
100
AcDbText
 10
5864.16716902093
 20
644.1674136797027
 30
0.0
 40
20.0
  1
5
  7
YAZI (BEYKENT)
 72
     1
 11
5869.909947562883
 21
654.1674136797028
 31
0.0
100
AcDbText
 73
     2
  0
LINE
  5
D8E
330
1F
100
AcDbEntity
  8
AKS CIZGISI (BEYKENT)
100
AcDbLine
 10
5869.909947562883
 20
674.1674136797028
 30
0.0
 11
5869.909947562883
 21
3674.167413679703
 31
0.0
  0
CIRCLE
  5
D8F
330
1F
100
AcDbEntity
  8
AKS BALONU (BEYKENT)
100
AcDbCircle
 10
6049.909947562883
 20
3694.167413679703
 30
0.0
 40
20.0
  0
TEXT
  5
D90
330
1F
100
AcDbEntity
  8
AKS YAZISI (BEYKENT)
100
AcDbText
 10
6044.469782500985
 20
3684.167413679703
 30
0.0
 40
20.0
  1
6
  7
YAZI (BEYKENT)
 72
     1
 11
6049.909947562883
 21
3694.167413679703
 31
0.0
100
AcDbText
 73
     2
  0
CIRCLE
  5
D91
330
1F
100
AcDbEntity
  8
AKS BALONU (BEYKENT)
100
AcDbCircle
 10
6049.909947562883
 20
654.1674136797028
 30
0.0
 40
20.0
  0
TEXT
  5
D92
330
1F
100
AcDbEntity
  8
AKS YAZISI (BEYKENT)
100
AcDbText
 10
6044.469782500985
 20
644.1674136797027
 30
0.0
 40
20.0
  1
6
  7
YAZI (BEYKENT)
 72
     1
 11
6049.909947562883
 21
654.1674136797028
 31
0.0
100
AcDbText
 73
     2
  0
LINE
  5
D93
330
1F
100
AcDbEntity
  8
AKS CIZGISI (BEYKENT)
100
AcDbLine
 10
6049.909947562883
 20
674.1674136797028
 30
0.0
 11
6049.909947562883
 21
3674.167413679703
 31
0.0
  0
CIRCLE
  5
D94
330
1F
100
AcDbEntity
  8
AKS BALONU (BEYKENT)
100
AcDbCircle
 10
6609.909947562883
 20
3694.167413679703
 30
0.0
 40
20.0
  0
TEXT
  5
D95
330
1F
100
AcDbEntity
  8
AKS YAZISI (BEYKENT)
100
AcDbText
 10
6604.538558291906
 20
3684.167413679703
 30
0.0
 40
20.0
  1
7
  7
YAZI (BEYKENT)
 72
     1
 11
6609.909947562883
 21
3694.167413679703
 31
0.0
100
AcDbText
 73
     2
  0
CIRCLE
  5
D96
330
1F
100
AcDbEntity
  8
AKS BALONU (BEYKENT)
100
AcDbCircle
 10
6609.909947562883
 20
654.1674136797028
 30
0.0
 40
20.0
  0
TEXT
  5
D97
330
1F
100
AcDbEntity
  8
AKS YAZISI (BEYKENT)
100
AcDbText
 10
6604.538558291906
 20
644.1674136797027
 30
0.0
 40
20.0
  1
7
  7
YAZI (BEYKENT)
 72
     1
 11
6609.909947562883
 21
654.1674136797028
 31
0.0
100
AcDbText
 73
     2
  0
LINE
  5
D98
330
1F
100
AcDbEntity
  8
AKS CIZGISI (BEYKENT)
100
AcDbLine
 10
6609.909947562883
 20
674.1674136797028
 30
0.0
 11
6609.909947562883
 21
3674.167413679703
 31
0.0
  0
CIRCLE
  5
D99
330
1F
100
AcDbEntity
  8
AKS BALONU (BEYKENT)
100
AcDbCircle
 10
6949.909947562883
 20
3694.167413679703
 30
0.0
 40
20.0
  0
TEXT
  5
D9A
330
1F
100
AcDbEntity
  8
AKS YAZISI (BEYKENT)
100
AcDbText
 10
6944.469782500984
 20
3684.167413679703
 30
0.0
 40
20.0
  1
9
  7
YAZI (BEYKENT)
 72
     1
 11
6949.909947562883
 21
3694.167413679703
 31
0.0
100
AcDbText
 73
     2
  0
CIRCLE
  5
D9B
330
1F
100
AcDbEntity
  8
AKS BALONU (BEYKENT)
100
AcDbCircle
 10
6949.909947562883
 20
654.1674136797028
 30
0.0
 40
20.0
  0
TEXT
  5
D9C
330
1F
100
AcDbEntity
  8
AKS YAZISI (BEYKENT)
100
AcDbText
 10
6944.469782500984
 20
644.1674136797027
 30
0.0
 40
20.0
  1
9
  7
YAZI (BEYKENT)
 72
     1
 11
6949.909947562883
 21
654.1674136797028
 31
0.0
100
AcDbText
 73
     2
  0
LINE
  5
D9D
330
1F
100
AcDbEntity
  8
AKS CIZGISI (BEYKENT)
100
AcDbLine
 10
6949.909947562883
 20
674.1674136797028
 30
0.0
 11
6949.909947562883
 21
3674.167413679703
 31
0.0
  0
CIRCLE
  5
D9E
330
1F
100
AcDbEntity
  8
AKS BALONU (BEYKENT)
100
AcDbCircle
 10
7099.909947562882
 20
3694.167413679703
 30
0.0
 40
20.0
  0
TEXT
  5
D9F
330
1F
100
AcDbEntity
  8
AKS YAZISI (BEYKENT)
100
AcDbText
 10
7094.469782500984
 20
3684.167413679703
 30
0.0
 40
20.0
  1
9
  7
YAZI (BEYKENT)
 72
     1
 11
7099.909947562882
 21
3694.167413679703
 31
0.0
100
AcDbText
 73
     2
  0
CIRCLE
  5
DA0
330
1F
100
AcDbEntity
  8
AKS BALONU (BEYKENT)
100
AcDbCircle
 10
7099.909947562882
 20
654.1674136797028
 30
0.0
 40
20.0
  0
TEXT
  5
DA1
330
1F
100
AcDbEntity
  8
AKS YAZISI (BEYKENT)
100
AcDbText
 10
7094.469782500984
 20
644.1674136797027
 30
0.0
 40
20.0
  1
9
  7
YAZI (BEYKENT)
 72
     1
 11
7099.909947562882
 21
654.1674136797028
 31
0.0
100
AcDbText
 73
     2
  0
LINE
  5
DA2
330
1F
100
AcDbEntity
  8
AKS CIZGISI (BEYKENT)
100
AcDbLine
 10
7099.909947562882
 20
674.1674136797028
 30
0.0
 11
7099.909947562882
 21
3674.167413679703
 31
0.0
  0
CIRCLE
  5
DA3
330
1F
100
AcDbEntity
  8
AKS BALONU (BEYKENT)
100
AcDbCircle
 10
7574.909947562883
 20
3694.167413679703
 30
0.0
 40
20.0
  0
TEXT
  5
DA4
330
1F
100
AcDbEntity
  8
AKS YAZISI (BEYKENT)
100
AcDbText
 10
7565.274459254768
 20
3684.167413679703
 30
0.0
 40
20.0
  1
10
  7
YAZI (BEYKENT)
 72
     1
 11
7574.909947562883
 21
3694.167413679703
 31
0.0
100
AcDbText
 73
     2
  0
CIRCLE
  5
DA5
330
1F
100
AcDbEntity
  8
AKS BALONU (BEYKENT)
100
AcDbCircle
 10
7574.909947562883
 20
654.1674136797028
 30
0.0
 40
20.0
  0
TEXT
  5
DA6
330
1F
100
AcDbEntity
  8
AKS YAZISI (BEYKENT)
100
AcDbText
 10
7565.274459254768
 20
644.1674136797027
 30
0.0
 40
20.0
  1
10
  7
YAZI (BEYKENT)
 72
     1
 11
7574.909947562883
 21
654.1674136797028
 31
0.0
100
AcDbText
 73
     2
  0
LINE
  5
DA7
330
1F
100
AcDbEntity
  8
AKS CIZGISI (BEYKENT)
100
AcDbLine
 10
7574.909947562883
 20
674.1674136797028
 30
0.0
 11
7574.909947562883
 21
3674.167413679703
 31
0.0
  0
CIRCLE
  5
DA8
330
1F
100
AcDbEntity
  8
AKS BALONU (BEYKENT)
100
AcDbCircle
 10
7919.909947562882
 20
3694.167413679703
 30
0.0
 40
20.0
  0
TEXT
  5
DA9
330
1F
100
AcDbEntity
  8
AKS YAZISI (BEYKENT)
100
AcDbText
 10
7908.30747163441
 20
3684.167413679703
 30
0.0
 40
20.0
  1
10'
  7
YAZI (BEYKENT)
 72
     1
 11
7919.909947562882
 21
3694.167413679703
 31
0.0
100
AcDbText
 73
     2
  0
CIRCLE
  5
DAA
330
1F
100
AcDbEntity
  8
AKS BALONU (BEYKENT)
100
AcDbCircle
 10
7919.909947562882
 20
654.1674136797028
 30
0.0
 40
20.0
  0
TEXT
  5
DAB
330
1F
100
AcDbEntity
  8
AKS YAZISI (BEYKENT)
100
AcDbText
 10
7908.30747163441
 20
644.1674136797027
 30
0.0
 40
20.0
  1
10'
  7
YAZI (BEYKENT)
 72
     1
 11
7919.909947562882
 21
654.1674136797028
 31
0.0
100
AcDbText
 73
     2
  0
LINE
  5
DAC
330
1F
100
AcDbEntity
  8
AKS CIZGISI (BEYKENT)
100
AcDbLine
 10
7919.909947562882
 20
674.1674136797028
 30
0.0
 11
7919.909947562882
 21
3674.167413679703
 31
0.0
  0
CIRCLE
  5
DAD
330
1F
100
AcDbEntity
  8
AKS BALONU (BEYKENT)
100
AcDbCircle
 10
8229.909947562884
 20
3694.167413679703
 30
0.0
 40
20.0
  0
TEXT
  5
DAE
330
1F
100
AcDbEntity
  8
AKS YAZISI (BEYKENT)
100
AcDbText
 10
8222.330855403322
 20
3684.167413679703
 30
0.0
 40
20.0
  1
11
  7
YAZI (BEYKENT)
 72
     1
 11
8229.909947562884
 21
3694.167413679703
 31
0.0
100
AcDbText
 73
     2
  0
CIRCLE
  5
DAF
330
1F
100
AcDbEntity
  8
AKS BALONU (BEYKENT)
100
AcDbCircle
 10
8229.909947562884
 20
654.1674136797028
 30
0.0
 40
20.0
  0
TEXT
  5
DB0
330
1F
100
AcDbEntity
  8
AKS YAZISI (BEYKENT)
100
AcDbText
 10
8222.330855403322
 20
644.1674136797027
 30
0.0
 40
20.0
  1
11
  7
YAZI (BEYKENT)
 72
     1
 11
8229.909947562884
 21
654.1674136797028
 31
0.0
100
AcDbText
 73
     2
  0
LINE
  5
DB1
330
1F
100
AcDbEntity
  8
AKS CIZGISI (BEYKENT)
100
AcDbLine
 10
8229.909947562884
 20
674.1674136797028
 30
0.0
 11
8229.909947562884
 21
3674.167413679703
 31
0.0
  0
CIRCLE
  5
DB2
330
1F
100
AcDbEntity
  8
AKS BALONU (BEYKENT)
100
AcDbCircle
 10
8709.909947562882
 20
3694.167413679703
 30
0.0
 40
20.0
  0
TEXT
  5
DB3
330
1F
100
AcDbEntity
  8
AKS YAZISI (BEYKENT)
100
AcDbText
 10
8700.480786627531
 20
3684.167413679703
 30
0.0
 40
20.0
  1
12
  7
YAZI (BEYKENT)
 72
     1
 11
8709.909947562882
 21
3694.167413679703
 31
0.0
100
AcDbText
 73
     2
  0
CIRCLE
  5
DB4
330
1F
100
AcDbEntity
  8
AKS BALONU (BEYKENT)
100
AcDbCircle
 10
8709.909947562882
 20
654.1674136797028
 30
0.0
 40
20.0
  0
TEXT
  5
DB5
330
1F
100
AcDbEntity
  8
AKS YAZISI (BEYKENT)
100
AcDbText
 10
8700.480786627531
 20
644.1674136797027
 30
0.0
 40
20.0
  1
12
  7
YAZI (BEYKENT)
 72
     1
 11
8709.909947562882
 21
654.1674136797028
 31
0.0
100
AcDbText
 73
     2
  0
LINE
  5
DB6
330
1F
100
AcDbEntity
  8
AKS CIZGISI (BEYKENT)
100
AcDbLine
 10
8709.909947562882
 20
674.1674136797028
 30
0.0
 11
8709.909947562882
 21
3674.167413679703
 31
0.0
  0
CIRCLE
  5
DB7
330
1F
100
AcDbEntity
  8
AKS BALONU (BEYKENT)
100
AcDbCircle
 10
5679.909947562883
 20
3694.167413679703
 30
0.0
 40
20.0
  0
TEXT
  5
DB8
330
1F
100
AcDbEntity
  8
AKS YAZISI (BEYKENT)
100
AcDbText
 10
5671.856302445963
 20
3684.167413679703
 30
0.0
 40
20.0
  1
4'
  7
YAZI (BEYKENT)
 72
     1
 11
5679.909947562883
 21
3694.167413679703
 31
0.0
100
AcDbText
 73
     2
  0
CIRCLE
  5
DB9
330
1F
100
AcDbEntity
  8
AKS BALONU (BEYKENT)
100
AcDbCircle
 10
5679.909947562883
 20
654.1674136797028
 30
0.0
 40
20.0
  0
TEXT
  5
DBA
330
1F
100
AcDbEntity
  8
AKS YAZISI (BEYKENT)
100
AcDbText
 10
5671.856302445963
 20
644.1674136797027
 30
0.0
 40
20.0
  1
4'
  7
YAZI (BEYKENT)
 72
     1
 11
5679.909947562883
 21
654.1674136797028
 31
0.0
100
AcDbText
 73
     2
  0
LINE
  5
DBB
330
1F
100
AcDbEntity
  8
AKS CIZGISI (BEYKENT)
100
AcDbLine
 10
5679.909947562883
 20
674.1674136797028
 30
0.0
 11
5679.909947562883
 21
3674.167413679703
 31
0.0
  0
CIRCLE
  5
DBC
330
1F
100
AcDbEntity
  8
AKS BALONU (BEYKENT)
100
AcDbCircle
 10
6239.909947562883
 20
3694.167413679703
 30
0.0
 40
20.0
  0
TEXT
  5
DBD
330
1F
100
AcDbEntity
  8
AKS YAZISI (BEYKENT)
100
AcDbText
 10
6232.502794880627
 20
3684.167413679703
 30
0.0
 40
20.0
  1
6'
  7
YAZI (BEYKENT)
 72
     1
 11
6239.909947562883
 21
3694.167413679703
 31
0.0
100
AcDbText
 73
     2
  0
CIRCLE
  5
DBE
330
1F
100
AcDbEntity
  8
AKS BALONU (BEYKENT)
100
AcDbCircle
 10
6239.909947562883
 20
654.1674136797028
 30
0.0
 40
20.0
  0
TEXT
  5
DBF
330
1F
100
AcDbEntity
  8
AKS YAZISI (BEYKENT)
100
AcDbText
 10
6232.502794880627
 20
644.1674136797027
 30
0.0
 40
20.0
  1
6'
  7
YAZI (BEYKENT)
 72
     1
 11
6239.909947562883
 21
654.1674136797028
 31
0.0
100
AcDbText
 73
     2
  0
LINE
  5
DC0
330
1F
100
AcDbEntity
  8
AKS CIZGISI (BEYKENT)
100
AcDbLine
 10
6239.909947562883
 20
674.1674136797028
 30
0.0
 11
6239.909947562883
 21
3674.167413679703
 31
0.0
  0
CIRCLE
  5
DC1
330
1F
100
AcDbEntity
  8
AKS BALONU (BEYKENT)
100
AcDbCircle
 10
8929.909947562883
 20
3474.167413679703
 30
0.0
 40
20.0
  0
TEXT
  5
DC2
330
1F
100
AcDbEntity
  8
AKS YAZISI (BEYKENT)
100
AcDbText
 10
8923.678860905386
 20
3464.167413679703
 30
0.0
 40
20.0
  1
A
  7
YAZI (BEYKENT)
 72
     1
 11
8929.909947562883
 21
3474.167413679703
 31
0.0
100
AcDbText
 73
     2
  0
CIRCLE
  5
DC3
330
1F
100
AcDbEntity
  8
AKS BALONU (BEYKENT)
100
AcDbCircle
 10
3279.914596724884
 20
3474.167413679703
 30
0.0
 40
20.0
  0
TEXT
  5
DC4
330
1F
100
AcDbEntity
  8
AKS YAZISI (BEYKENT)
100
AcDbText
 10
3273.683510067388
 20
3464.167413679703
 30
0.0
 40
20.0
  1
A
  7
YAZI (BEYKENT)
 72
     1
 11
3279.914596724884
 21
3474.167413679703
 31
0.0
100
AcDbText
 73
     2
  0
LINE
  5
DC5
330
1F
100
AcDbEntity
  8
AKS CIZGISI (BEYKENT)
100
AcDbLine
 10
3299.914596724884
 20
3474.167413679703
 30
0.0
 11
8909.909947562884
 21
3474.167413679703
 31
0.0
  0
CIRCLE
  5
DC6
330
1F
100
AcDbEntity
  8
AKS BALONU (BEYKENT)
100
AcDbCircle
 10
8929.909947562883
 20
3174.167413679703
 30
0.0
 40
20.0
  0
TEXT
  5
DC7
330
1F
100
AcDbEntity
  8
AKS YAZISI (BEYKENT)
100
AcDbText
 10
8924.002107122719
 20
3164.167413679703
 30
0.0
 40
20.0
  1
B
  7
YAZI (BEYKENT)
 72
     1
 11
8929.909947562883
 21
3174.167413679703
 31
0.0
100
AcDbText
 73
     2
  0
CIRCLE
  5
DC8
330
1F
100
AcDbEntity
  8
AKS BALONU (BEYKENT)
100
AcDbCircle
 10
3279.914596724884
 20
3174.167413679703
 30
0.0
 40
20.0
  0
TEXT
  5
DC9
330
1F
100
AcDbEntity
  8
AKS YAZISI (BEYKENT)
100
AcDbText
 10
3274.006756284719
 20
3164.167413679703
 30
0.0
 40
20.0
  1
B
  7
YAZI (BEYKENT)
 72
     1
 11
3279.914596724884
 21
3174.167413679703
 31
0.0
100
AcDbText
 73
     2
  0
LINE
  5
DCA
330
1F
100
AcDbEntity
  8
AKS CIZGISI (BEYKENT)
100
AcDbLine
 10
3299.914596724884
 20
3174.167413679703
 30
0.0
 11
8909.909947562884
 21
3174.167413679703
 31
0.0
  0
CIRCLE
  5
DCB
330
1F
100
AcDbEntity
  8
AKS BALONU (BEYKENT)
100
AcDbCircle
 10
8929.909947562883
 20
2949.167413679703
 30
0.0
 40
20.0
  0
TEXT
  5
DCC
330
1F
100
AcDbEntity
  8
AKS YAZISI (BEYKENT)
100
AcDbText
 10
8924.022739859994
 20
2939.167413679703
 30
0.0
 40
20.0
  1
C
  7
YAZI (BEYKENT)
 72
     1
 11
8929.909947562883
 21
2949.167413679703
 31
0.0
100
AcDbText
 73
     2
  0
CIRCLE
  5
DCD
330
1F
100
AcDbEntity
  8
AKS BALONU (BEYKENT)
100
AcDbCircle
 10
3279.914596724884
 20
2949.167413679703
 30
0.0
 40
20.0
  0
TEXT
  5
DCE
330
1F
100
AcDbEntity
  8
AKS YAZISI (BEYKENT)
100
AcDbText
 10
3274.027389021995
 20
2939.167413679703
 30
0.0
 40
20.0
  1
C
  7
YAZI (BEYKENT)
 72
     1
 11
3279.914596724884
 21
2949.167413679703
 31
0.0
100
AcDbText
 73
     2
  0
LINE
  5
DCF
330
1F
100
AcDbEntity
  8
AKS CIZGISI (BEYKENT)
100
AcDbLine
 10
3299.914596724884
 20
2949.167413679703
 30
0.0
 11
8909.909947562884
 21
2949.167413679703
 31
0.0
  0
CIRCLE
  5
DD0
330
1F
100
AcDbEntity
  8
AKS BALONU (BEYKENT)
100
AcDbCircle
 10
8929.909947562883
 20
2774.167413679703
 30
0.0
 40
20.0
  0
TEXT
  5
DD1
330
1F
100
AcDbEntity
  8
AKS YAZISI (BEYKENT)
100
AcDbText
 10
8923.830167645414
 20
2764.167413679703
 30
0.0
 40
20.0
  1
D
  7
YAZI (BEYKENT)
 72
     1
 11
8929.909947562883
 21
2774.167413679703
 31
0.0
100
AcDbText
 73
     2
  0
CIRCLE
  5
DD2
330
1F
100
AcDbEntity
  8
AKS BALONU (BEYKENT)
100
AcDbCircle
 10
3279.914596724884
 20
2774.167413679703
 30
0.0
 40
20.0
  0
TEXT
  5
DD3
330
1F
100
AcDbEntity
  8
AKS YAZISI (BEYKENT)
100
AcDbText
 10
3273.834816807415
 20
2764.167413679703
 30
0.0
 40
20.0
  1
D
  7
YAZI (BEYKENT)
 72
     1
 11
3279.914596724884
 21
2774.167413679703
 31
0.0
100
AcDbText
 73
     2
  0
LINE
  5
DD4
330
1F
100
AcDbEntity
  8
AKS CIZGISI (BEYKENT)
100
AcDbLine
 10
3299.914596724884
 20
2774.167413679703
 30
0.0
 11
8909.909947562884
 21
2774.167413679703
 31
0.0
  0
CIRCLE
  5
DD5
330
1F
100
AcDbEntity
  8
AKS BALONU (BEYKENT)
100
AcDbCircle
 10
8929.909947562883
 20
2274.167413679703
 30
0.0
 40
20.0
  0
TEXT
  5
DD6
330
1F
100
AcDbEntity
  8
AKS YAZISI (BEYKENT)
100
AcDbText
 10
8924.586701345551
 20
2264.167413679703
 30
0.0
 40
20.0
  1
E
  7
YAZI (BEYKENT)
 72
     1
 11
8929.909947562883
 21
2274.167413679703
 31
0.0
100
AcDbText
 73
     2
  0
CIRCLE
  5
DD7
330
1F
100
AcDbEntity
  8
AKS BALONU (BEYKENT)
100
AcDbCircle
 10
3279.914596724884
 20
2274.167413679703
 30
0.0
 40
20.0
  0
TEXT
  5
DD8
330
1F
100
AcDbEntity
  8
AKS YAZISI (BEYKENT)
100
AcDbText
 10
3274.591350507553
 20
2264.167413679703
 30
0.0
 40
20.0
  1
E
  7
YAZI (BEYKENT)
 72
     1
 11
3279.914596724884
 21
2274.167413679703
 31
0.0
100
AcDbText
 73
     2
  0
LINE
  5
DD9
330
1F
100
AcDbEntity
  8
AKS CIZGISI (BEYKENT)
100
AcDbLine
 10
3299.914596724884
 20
2274.167413679703
 30
0.0
 11
8909.909947562884
 21
2274.167413679703
 31
0.0
  0
CIRCLE
  5
DDA
330
1F
100
AcDbEntity
  8
AKS BALONU (BEYKENT)
100
AcDbCircle
 10
8929.909947562883
 20
1574.167413679703
 30
0.0
 40
20.0
  0
TEXT
  5
DDB
330
1F
100
AcDbEntity
  8
AKS YAZISI (BEYKENT)
100
AcDbText
 10
8924.717375348302
 20
1564.167413679703
 30
0.0
 40
20.0
  1
F
  7
YAZI (BEYKENT)
 72
     1
 11
8929.909947562883
 21
1574.167413679703
 31
0.0
100
AcDbText
 73
     2
  0
CIRCLE
  5
DDC
330
1F
100
AcDbEntity
  8
AKS BALONU (BEYKENT)
100
AcDbCircle
 10
3279.914596724884
 20
1574.167413679703
 30
0.0
 40
20.0
  0
TEXT
  5
DDD
330
1F
100
AcDbEntity
  8
AKS YAZISI (BEYKENT)
100
AcDbText
 10
3274.722024510304
 20
1564.167413679703
 30
0.0
 40
20.0
  1
F
  7
YAZI (BEYKENT)
 72
     1
 11
3279.914596724884
 21
1574.167413679703
 31
0.0
100
AcDbText
 73
     2
  0
LINE
  5
DDE
330
1F
100
AcDbEntity
  8
AKS CIZGISI (BEYKENT)
100
AcDbLine
 10
3299.914596724884
 20
1574.167413679703
 30
0.0
 11
8909.909947562884
 21
1574.167413679703
 31
0.0
  0
CIRCLE
  5
DDF
330
1F
100
AcDbEntity
  8
AKS BALONU (BEYKENT)
100
AcDbCircle
 10
8929.909947562883
 20
1399.167413679703
 30
0.0
 40
20.0
  0
TEXT
  5
DE0
330
1F
100
AcDbEntity
  8
AKS YAZISI (BEYKENT)
100
AcDbText
 10
8923.69261606357
 20
1389.167413679703
 30
0.0
 40
20.0
  1
G
  7
YAZI (BEYKENT)
 72
     1
 11
8929.909947562883
 21
1399.167413679703
 31
0.0
100
AcDbText
 73
     2
  0
CIRCLE
  5
DE1
330
1F
100
AcDbEntity
  8
AKS BALONU (BEYKENT)
100
AcDbCircle
 10
3279.914596724884
 20
1399.167413679703
 30
0.0
 40
20.0
  0
TEXT
  5
DE2
330
1F
100
AcDbEntity
  8
AKS YAZISI (BEYKENT)
100
AcDbText
 10
3273.697265225572
 20
1389.167413679703
 30
0.0
 40
20.0
  1
G
  7
YAZI (BEYKENT)
 72
     1
 11
3279.914596724884
 21
1399.167413679703
 31
0.0
100
AcDbText
 73
     2
  0
LINE
  5
DE3
330
1F
100
AcDbEntity
  8
AKS CIZGISI (BEYKENT)
100
AcDbLine
 10
3299.914596724884
 20
1399.167413679703
 30
0.0
 11
8909.909947562884
 21
1399.167413679703
 31
0.0
  0
CIRCLE
  5
DE4
330
1F
100
AcDbEntity
  8
AKS BALONU (BEYKENT)
100
AcDbCircle
 10
8929.909947562883
 20
874.1674136797028
 30
0.0
 40
20.0
  0
TEXT
  5
DE5
330
1F
100
AcDbEntity
  8
AKS YAZISI (BEYKENT)
100
AcDbText
 10
8923.926453752704
 20
864.1674136797028
 30
0.0
 40
20.0
  1
H
  7
YAZI (BEYKENT)
 72
     1
 11
8929.909947562883
 21
874.1674136797028
 31
0.0
100
AcDbText
 73
     2
  0
CIRCLE
  5
DE6
330
1F
100
AcDbEntity
  8
AKS BALONU (BEYKENT)
100
AcDbCircle
 10
3279.914596724884
 20
874.1674136797028
 30
0.0
 40
20.0
  0
TEXT
  5
DE7
330
1F
100
AcDbEntity
  8
AKS YAZISI (BEYKENT)
100
AcDbText
 10
3273.931102914705
 20
864.1674136797028
 30
0.0
 40
20.0
  1
H
  7
YAZI (BEYKENT)
 72
     1
 11
3279.914596724884
 21
874.1674136797028
 31
0.0
100
AcDbText
 73
     2
  0
LINE
  5
DE8
330
1F
100
AcDbEntity
  8
AKS CIZGISI (BEYKENT)
100
AcDbLine
 10
3299.914596724884
 20
874.1674136797028
 30
0.0
 11
8909.909947562884
 21
874.1674136797028
 31
0.0
  0
CIRCLE
  5
DE9
330
1F
100
AcDbEntity
  8
AKS BALONU (BEYKENT)
100
AcDbCircle
 10
8929.909947562883
 20
2439.167413679703
 30
0.0
 40
20.0
  0
TEXT
  5
DEA
330
1F
100
AcDbEntity
  8
AKS YAZISI (BEYKENT)
100
AcDbText
 10
8921.863180025058
 20
2429.167413679703
 30
0.0
 40
20.0
  1
D'
  7
YAZI (BEYKENT)
 72
     1
 11
8929.909947562883
 21
2439.167413679703
 31
0.0
100
AcDbText
 73
     2
  0
CIRCLE
  5
DEB
330
1F
100
AcDbEntity
  8
AKS BALONU (BEYKENT)
100
AcDbCircle
 10
3279.914596724884
 20
2439.167413679703
 30
0.0
 40
20.0
  0
TEXT
  5
DEC
330
1F
100
AcDbEntity
  8
AKS YAZISI (BEYKENT)
100
AcDbText
 10
3271.867829187057
 20
2429.167413679703
 30
0.0
 40
20.0
  1
D'
  7
YAZI (BEYKENT)
 72
     1
 11
3279.914596724884
 21
2439.167413679703
 31
0.0
100
AcDbText
 73
     2
  0
LINE
  5
DED
330
1F
100
AcDbEntity
  8
AKS CIZGISI (BEYKENT)
100
AcDbLine
 10
3299.914596724884
 20
2439.167413679703
 30
0.0
 11
8909.909947562884
 21
2439.167413679703
 31
0.0
  0
CIRCLE
  5
DEE
330
1F
100
AcDbEntity
  8
AKS BALONU (BEYKENT)
100
AcDbCircle
 10
8929.909947562883
 20
1939.167413679703
 30
0.0
 40
20.0
  0
TEXT
  5
DEF
330
1F
100
AcDbEntity
  8
AKS YAZISI (BEYKENT)
100
AcDbText
 10
8922.619713725193
 20
1929.167413679703
 30
0.0
 40
20.0
  1
E'
  7
YAZI (BEYKENT)
 72
     1
 11
8929.909947562883
 21
1939.167413679703
 31
0.0
100
AcDbText
 73
     2
  0
CIRCLE
  5
DF0
330
1F
100
AcDbEntity
  8
AKS BALONU (BEYKENT)
100
AcDbCircle
 10
3279.914596724884
 20
1939.167413679703
 30
0.0
 40
20.0
  0
TEXT
  5
DF1
330
1F
100
AcDbEntity
  8
AKS YAZISI (BEYKENT)
100
AcDbText
 10
3272.624362887195
 20
1929.167413679703
 30
0.0
 40
20.0
  1
E'
  7
YAZI (BEYKENT)
 72
     1
 11
3279.914596724884
 21
1939.167413679703
 31
0.0
100
AcDbText
 73
     2
  0
LINE
  5
DF2
330
1F
100
AcDbEntity
  8
AKS CIZGISI (BEYKENT)
100
AcDbLine
 10
3299.914596724884
 20
1939.167413679703
 30
0.0
 11
8909.909947562884
 21
1939.167413679703
 31
0.0
  0
CIRCLE
  5
DF3
330
1F
100
AcDbEntity
  8
AKS BALONU (BEYKENT)
100
AcDbCircle
 10
8929.909947562883
 20
1084.167413679703
 30
0.0
 40
20.0
  0
TEXT
  5
DF4
330
1F
100
AcDbEntity
  8
AKS YAZISI (BEYKENT)
100
AcDbText
 10
8921.959466132348
 20
1074.167413679703
 30
0.0
 40
20.0
  1
H'
  7
YAZI (BEYKENT)
 72
     1
 11
8929.909947562883
 21
1084.167413679703
 31
0.0
100
AcDbText
 73
     2
  0
CIRCLE
  5
DF5
330
1F
100
AcDbEntity
  8
AKS BALONU (BEYKENT)
100
AcDbCircle
 10
3279.914596724884
 20
1084.167413679703
 30
0.0
 40
20.0
  0
TEXT
  5
DF6
330
1F
100
AcDbEntity
  8
AKS YAZISI (BEYKENT)
100
AcDbText
 10
3271.964115294348
 20
1074.167413679703
 30
0.0
 40
20.0
  1
H'
  7
YAZI (BEYKENT)
 72
     1
 11
3279.914596724884
 21
1084.167413679703
 31
0.0
100
AcDbText
 73
     2
  0
LINE
  5
DF7
330
1F
100
AcDbEntity
  8
AKS CIZGISI (BEYKENT)
100
AcDbLine
 10
3299.914596724884
 20
1084.167413679703
 30
0.0
 11
8909.909947562884
 21
1084.167413679703
 31
0.0
  0
DIMENSION
  5
DF8
330
1F
100
AcDbEntity
  8
AKS OLCU (BEYKENT)
100
AcDbDimension
280
     0
  2
*D142
 10
8709.909947562882
 20
3639.167413679703
 30
0.0
 11
6104.912272143883
 21
3647.291210103361
 31
0.0
 70
    33
 71
     5
 42
5209.995350837999
 73
     0
 74
     0
 75
     0
  3
AKS_OLCU
100
AcDbAlignedDimension
 13
3499.914596724885
 23
3639.167413679703
 33
0.0
 14
8709.909947562882
 24
3639.167413679703
 34
0.0
  0
DIMENSION
  5
DF9
330
1F
100
AcDbEntity
  8
AKS OLCU (BEYKENT)
100
AcDbDimension
280
     0
  2
*D143
 10
4369.909947562883
 20
3619.167413679703
 30
0.0
 11
3934.912272143884
 21
3627.291210103362
 31
0.0
 70
    33
 71
     5
 42
869.9953508379985
 73
     0
 74
     0
 75
     0
  3
AKS_OLCU
100
AcDbAlignedDimension
 13
3499.914596724885
 23
3619.167413679703
 33
0.0
 14
4369.909947562883
 24
3619.167413679703
 34
0.0
  0
DIMENSION
  5
DFA
330
1F
100
AcDbEntity
  8
AKS OLCU (BEYKENT)
100
AcDbDimension
280
     0
  2
*D144
 10
4739.909947562883
 20
3619.167413679703
 30
0.0
 11
4554.909947562882
 21
3627.291210103362
 31
0.0
 70
    33
 71
     5
 42
370.0
 73
     0
 74
     0
 75
     0
  3
AKS_OLCU
100
AcDbAlignedDimension
 13
4369.909947562883
 23
3619.167413679703
 33
0.0
 14
4739.909947562883
 24
3619.167413679703
 34
0.0
  0
DIMENSION
  5
DFB
330
1F
100
AcDbEntity
  8
AKS OLCU (BEYKENT)
100
AcDbDimension
280
     0
  2
*D145
 10
5024.909947562883
 20
3619.167413679703
 30
0.0
 11
4882.409947562883
 21
3627.291210103362
 31
0.0
 70
    33
 71
     5
 42
285.0
 73
     0
 74
     0
 75
     0
  3
AKS_OLCU
100
AcDbAlignedDimension
 13
4739.909947562883
 23
3619.167413679703
 33
0.0
 14
5024.909947562883
 24
3619.167413679703
 34
0.0
  0
DIMENSION
  5
DFC
330
1F
100
AcDbEntity
  8
AKS OLCU (BEYKENT)
100
AcDbDimension
280
     0
  2
*D146
 10
5679.909947562883
 20
3619.167413679703
 30
0.0
 11
5352.409947562883
 21
3627.229311891532
 31
0.0
 70
    33
 71
     5
 42
655.0
 73
     0
 74
     0
 75
     0
  3
AKS_OLCU
100
AcDbAlignedDimension
 13
5024.909947562883
 23
3619.167413679703
 33
0.0
 14
5679.909947562883
 24
3619.167413679703
 34
0.0
  0
DIMENSION
  5
DFD
330
1F
100
AcDbEntity
  8
AKS OLCU (BEYKENT)
100
AcDbDimension
280
     0
  2
*D147
 10
5869.909947562883
 20
3619.167413679703
 30
0.0
 11
5774.909947562883
 21
3627.291210103362
 31
0.0
 70
    33
 71
     5
 42
190.0
 73
     0
 74
     0
 75
     0
  3
AKS_OLCU
100
AcDbAlignedDimension
 13
5679.909947562883
 23
3619.167413679703
 33
0.0
 14
5869.909947562883
 24
3619.167413679703
 34
0.0
  0
DIMENSION
  5
DFE
330
1F
100
AcDbEntity
  8
AKS OLCU (BEYKENT)
100
AcDbDimension
280
     0
  2
*D148
 10
6049.909947562883
 20
3619.167413679703
 30
0.0
 11
5959.909947562882
 21
3627.291210103362
 31
0.0
 70
    33
 71
     5
 42
180.0
 73
     0
 74
     0
 75
     0
  3
AKS_OLCU
100
AcDbAlignedDimension
 13
5869.909947562883
 23
3619.167413679703
 33
0.0
 14
6049.909947562883
 24
3619.167413679703
 34
0.0
  0
DIMENSION
  5
DFF
330
1F
100
AcDbEntity
  8
AKS OLCU (BEYKENT)
100
AcDbDimension
280
     0
  2
*D149
 10
6239.909947562883
 20
3619.167413679703
 30
0.0
 11
6144.909947562883
 21
3627.291210103362
 31
0.0
 70
    33
 71
     5
 42
190.0
 73
     0
 74
     0
 75
     0
  3
AKS_OLCU
100
AcDbAlignedDimension
 13
6049.909947562883
 23
3619.167413679703
 33
0.0
 14
6239.909947562883
 24
3619.167413679703
 34
0.0
  0
DIMENSION
  5
E00
330
1F
100
AcDbEntity
  8
AKS OLCU (BEYKENT)
100
AcDbDimension
280
     0
  2
*D150
 10
6609.909947562883
 20
3619.167413679703
 30
0.0
 11
6424.909947562882
 21
3627.291210103362
 31
0.0
 70
    33
 71
     5
 42
370.0
 73
     0
 74
     0
 75
     0
  3
AKS_OLCU
100
AcDbAlignedDimension
 13
6239.909947562883
 23
3619.167413679703
 33
0.0
 14
6609.909947562883
 24
3619.167413679703
 34
0.0
  0
DIMENSION
  5
E01
330
1F
100
AcDbEntity
  8
AKS OLCU (BEYKENT)
100
AcDbDimension
280
     0
  2
*D151
 10
6949.909947562883
 20
3619.167413679703
 30
0.0
 11
6779.909947562882
 21
3627.291210103362
 31
0.0
 70
    33
 71
     5
 42
340.0
 73
     0
 74
     0
 75
     0
  3
AKS_OLCU
100
AcDbAlignedDimension
 13
6609.909947562883
 23
3619.167413679703
 33
0.0
 14
6949.909947562883
 24
3619.167413679703
 34
0.0
  0
DIMENSION
  5
E02
330
1F
100
AcDbEntity
  8
AKS OLCU (BEYKENT)
100
AcDbDimension
280
     0
  2
*D152
 10
7099.909947562882
 20
3619.167413679703
 30
0.0
 11
7024.909947562882
 21
3627.291210103362
 31
0.0
 70
    33
 71
     5
 42
150.0
 73
     0
 74
     0
 75
     0
  3
AKS_OLCU
100
AcDbAlignedDimension
 13
6949.909947562883
 23
3619.167413679703
 33
0.0
 14
7099.909947562882
 24
3619.167413679703
 34
0.0
  0
DIMENSION
  5
E03
330
1F
100
AcDbEntity
  8
AKS OLCU (BEYKENT)
100
AcDbDimension
280
     0
  2
*D153
 10
7574.909947562883
 20
3619.167413679703
 30
0.0
 11
7337.409947562882
 21
3627.229311891532
 31
0.0
 70
    33
 71
     5
 42
475.0
 73
     0
 74
     0
 75
     0
  3
AKS_OLCU
100
AcDbAlignedDimension
 13
7099.909947562882
 23
3619.167413679703
 33
0.0
 14
7574.909947562883
 24
3619.167413679703
 34
0.0
  0
DIMENSION
  5
E04
330
1F
100
AcDbEntity
  8
AKS OLCU (BEYKENT)
100
AcDbDimension
280
     0
  2
*D154
 10
7919.909947562882
 20
3619.167413679703
 30
0.0
 11
7747.409947562883
 21
3627.291210103362
 31
0.0
 70
    33
 71
     5
 42
345.0
 73
     0
 74
     0
 75
     0
  3
AKS_OLCU
100
AcDbAlignedDimension
 13
7574.909947562883
 23
3619.167413679703
 33
0.0
 14
7919.909947562882
 24
3619.167413679703
 34
0.0
  0
DIMENSION
  5
E05
330
1F
100
AcDbEntity
  8
AKS OLCU (BEYKENT)
100
AcDbDimension
280
     0
  2
*D155
 10
8229.909947562884
 20
3619.167413679703
 30
0.0
 11
8074.909947562883
 21
3627.291210103362
 31
0.0
 70
    33
 71
     5
 42
310.0
 73
     0
 74
     0
 75
     0
  3
AKS_OLCU
100
AcDbAlignedDimension
 13
7919.909947562882
 23
3619.167413679703
 33
0.0
 14
8229.909947562884
 24
3619.167413679703
 34
0.0
  0
DIMENSION
  5
E06
330
1F
100
AcDbEntity
  8
AKS OLCU (BEYKENT)
100
AcDbDimension
280
     0
  2
*D156
 10
8709.909947562882
 20
3619.167413679703
 30
0.0
 11
8469.909947562882
 21
3627.291210103362
 31
0.0
 70
    33
 71
     5
 42
480.0
 73
     0
 74
     0
 75
     0
  3
AKS_OLCU
100
AcDbAlignedDimension
 13
8229.909947562884
 23
3619.167413679703
 33
0.0
 14
8709.909947562882
 24
3619.167413679703
 34
0.0
  0
DIMENSION
  5
E07
330
1F
100
AcDbEntity
  8
AKS OLCU (BEYKENT)
100
AcDbDimension
280
     0
  2
*D157
 10
8709.909947562882
 20
709.1674136797028
 30
0.0
 11
6104.912272143883
 21
717.2912101033617
 31
0.0
 70
    33
 71
     5
 42
5209.995350837999
 73
     0
 74
     0
 75
     0
  3
AKS_OLCU
100
AcDbAlignedDimension
 13
3499.914596724885
 23
709.1674136797028
 33
0.0
 14
8709.909947562882
 24
709.1674136797028
 34
0.0
  0
DIMENSION
  5
E08
330
1F
100
AcDbEntity
  8
AKS OLCU (BEYKENT)
100
AcDbDimension
280
     0
  2
*D158
 10
4369.909947562883
 20
729.1674136797028
 30
0.0
 11
3934.912272143884
 21
737.2912101033616
 31
0.0
 70
    33
 71
     5
 42
869.9953508379985
 73
     0
 74
     0
 75
     0
  3
AKS_OLCU
100
AcDbAlignedDimension
 13
3499.914596724885
 23
729.1674136797028
 33
0.0
 14
4369.909947562883
 24
729.1674136797028
 34
0.0
  0
DIMENSION
  5
E09
330
1F
100
AcDbEntity
  8
AKS OLCU (BEYKENT)
100
AcDbDimension
280
     0
  2
*D159
 10
4739.909947562883
 20
729.1674136797028
 30
0.0
 11
4554.909947562882
 21
737.2912101033616
 31
0.0
 70
    33
 71
     5
 42
370.0
 73
     0
 74
     0
 75
     0
  3
AKS_OLCU
100
AcDbAlignedDimension
 13
4369.909947562883
 23
729.1674136797028
 33
0.0
 14
4739.909947562883
 24
729.1674136797028
 34
0.0
  0
DIMENSION
  5
E0A
330
1F
100
AcDbEntity
  8
AKS OLCU (BEYKENT)
100
AcDbDimension
280
     0
  2
*D160
 10
5024.909947562883
 20
729.1674136797028
 30
0.0
 11
4882.409947562883
 21
737.2912101033616
 31
0.0
 70
    33
 71
     5
 42
285.0
 73
     0
 74
     0
 75
     0
  3
AKS_OLCU
100
AcDbAlignedDimension
 13
4739.909947562883
 23
729.1674136797028
 33
0.0
 14
5024.909947562883
 24
729.1674136797028
 34
0.0
  0
DIMENSION
  5
E0B
330
1F
100
AcDbEntity
  8
AKS OLCU (BEYKENT)
100
AcDbDimension
280
     0
  2
*D161
 10
5679.909947562883
 20
729.1674136797028
 30
0.0
 11
5352.409947562883
 21
737.2293118915322
 31
0.0
 70
    33
 71
     5
 42
655.0
 73
     0
 74
     0
 75
     0
  3
AKS_OLCU
100
AcDbAlignedDimension
 13
5024.909947562883
 23
729.1674136797028
 33
0.0
 14
5679.909947562883
 24
729.1674136797028
 34
0.0
  0
DIMENSION
  5
E0C
330
1F
100
AcDbEntity
  8
AKS OLCU (BEYKENT)
100
AcDbDimension
280
     0
  2
*D162
 10
5869.909947562883
 20
729.1674136797028
 30
0.0
 11
5774.909947562883
 21
737.2912101033616
 31
0.0
 70
    33
 71
     5
 42
190.0
 73
     0
 74
     0
 75
     0
  3
AKS_OLCU
100
AcDbAlignedDimension
 13
5679.909947562883
 23
729.1674136797028
 33
0.0
 14
5869.909947562883
 24
729.1674136797028
 34
0.0
  0
DIMENSION
  5
E0D
330
1F
100
AcDbEntity
  8
AKS OLCU (BEYKENT)
100
AcDbDimension
280
     0
  2
*D163
 10
6049.909947562883
 20
729.1674136797028
 30
0.0
 11
5959.909947562882
 21
737.2912101033616
 31
0.0
 70
    33
 71
     5
 42
180.0
 73
     0
 74
     0
 75
     0
  3
AKS_OLCU
100
AcDbAlignedDimension
 13
5869.909947562883
 23
729.1674136797028
 33
0.0
 14
6049.909947562883
 24
729.1674136797028
 34
0.0
  0
DIMENSION
  5
E0E
330
1F
100
AcDbEntity
  8
AKS OLCU (BEYKENT)
100
AcDbDimension
280
     0
  2
*D164
 10
6239.909947562883
 20
729.1674136797028
 30
0.0
 11
6144.909947562883
 21
737.2912101033616
 31
0.0
 70
    33
 71
     5
 42
190.0
 73
     0
 74
     0
 75
     0
  3
AKS_OLCU
100
AcDbAlignedDimension
 13
6049.909947562883
 23
729.1674136797028
 33
0.0
 14
6239.909947562883
 24
729.1674136797028
 34
0.0
  0
DIMENSION
  5
E0F
330
1F
100
AcDbEntity
  8
AKS OLCU (BEYKENT)
100
AcDbDimension
280
     0
  2
*D165
 10
6609.909947562883
 20
729.1674136797028
 30
0.0
 11
6424.909947562882
 21
737.2912101033616
 31
0.0
 70
    33
 71
     5
 42
370.0
 73
     0
 74
     0
 75
     0
  3
AKS_OLCU
100
AcDbAlignedDimension
 13
6239.909947562883
 23
729.1674136797028
 33
0.0
 14
6609.909947562883
 24
729.1674136797028
 34
0.0
  0
DIMENSION
  5
E10
330
1F
100
AcDbEntity
  8
AKS OLCU (BEYKENT)
100
AcDbDimension
280
     0
  2
*D166
 10
6949.909947562883
 20
729.1674136797028
 30
0.0
 11
6779.909947562882
 21
737.2912101033616
 31
0.0
 70
    33
 71
     5
 42
340.0
 73
     0
 74
     0
 75
     0
  3
AKS_OLCU
100
AcDbAlignedDimension
 13
6609.909947562883
 23
729.1674136797028
 33
0.0
 14
6949.909947562883
 24
729.1674136797028
 34
0.0
  0
DIMENSION
  5
E11
330
1F
100
AcDbEntity
  8
AKS OLCU (BEYKENT)
100
AcDbDimension
280
     0
  2
*D167
 10
7099.909947562882
 20
729.1674136797028
 30
0.0
 11
7024.909947562882
 21
737.2912101033616
 31
0.0
 70
    33
 71
     5
 42
150.0
 73
     0
 74
     0
 75
     0
  3
AKS_OLCU
100
AcDbAlignedDimension
 13
6949.909947562883
 23
729.1674136797028
 33
0.0
 14
7099.909947562882
 24
729.1674136797028
 34
0.0
  0
DIMENSION
  5
E12
330
1F
100
AcDbEntity
  8
AKS OLCU (BEYKENT)
100
AcDbDimension
280
     0
  2
*D168
 10
7574.909947562883
 20
729.1674136797028
 30
0.0
 11
7337.409947562882
 21
737.2293118915322
 31
0.0
 70
    33
 71
     5
 42
475.0
 73
     0
 74
     0
 75
     0
  3
AKS_OLCU
100
AcDbAlignedDimension
 13
7099.909947562882
 23
729.1674136797028
 33
0.0
 14
7574.909947562883
 24
729.1674136797028
 34
0.0
  0
DIMENSION
  5
E13
330
1F
100
AcDbEntity
  8
AKS OLCU (BEYKENT)
100
AcDbDimension
280
     0
  2
*D169
 10
7919.909947562882
 20
729.1674136797028
 30
0.0
 11
7747.409947562883
 21
737.2912101033616
 31
0.0
 70
    33
 71
     5
 42
345.0
 73
     0
 74
     0
 75
     0
  3
AKS_OLCU
100
AcDbAlignedDimension
 13
7574.909947562883
 23
729.1674136797028
 33
0.0
 14
7919.909947562882
 24
729.1674136797028
 34
0.0
  0
DIMENSION
  5
E14
330
1F
100
AcDbEntity
  8
AKS OLCU (BEYKENT)
100
AcDbDimension
280
     0
  2
*D170
 10
8229.909947562884
 20
729.1674136797028
 30
0.0
 11
8074.909947562883
 21
737.2912101033616
 31
0.0
 70
    33
 71
     5
 42
310.0
 73
     0
 74
     0
 75
     0
  3
AKS_OLCU
100
AcDbAlignedDimension
 13
7919.909947562882
 23
729.1674136797028
 33
0.0
 14
8229.909947562884
 24
729.1674136797028
 34
0.0
  0
DIMENSION
  5
E15
330
1F
100
AcDbEntity
  8
AKS OLCU (BEYKENT)
100
AcDbDimension
280
     0
  2
*D171
 10
8709.909947562882
 20
729.1674136797028
 30
0.0
 11
8469.909947562882
 21
737.2912101033616
 31
0.0
 70
    33
 71
     5
 42
480.0
 73
     0
 74
     0
 75
     0
  3
AKS_OLCU
100
AcDbAlignedDimension
 13
8229.909947562884
 23
729.1674136797028
 33
0.0
 14
8709.909947562882
 24
729.1674136797028
 34
0.0
  0
DIMENSION
  5
E16
330
1F
100
AcDbEntity
  8
AKS OLCU (BEYKENT)
100
AcDbDimension
280
     0
  2
*D172
 10
3334.91459672541
 20
3474.167413679705
 30
0.0
 11
3326.790800301751
 21
2174.167413679702
 31
0.0
 70
    33
 71
     5
 42
2600.0
 73
     0
 74
     0
 75
     0
  3
AKS_OLCU
100
AcDbAlignedDimension
 13
3334.914596724884
 23
874.1674136797028
 33
0.0
 14
3334.914596724884
 24
3474.167413679703
 34
0.0
  0
DIMENSION
  5
E17
330
1F
100
AcDbEntity
  8
AKS OLCU (BEYKENT)
100
AcDbDimension
280
     0
  2
*D173
 10
3354.91459672541
 20
1084.167413679703
 30
0.0
 11
3346.790800301751
 21
979.1674136797022
 31
0.0
 70
    33
 71
     5
 42
210.0000000000001
 73
     0
 74
     0
 75
     0
  3
AKS_OLCU
100
AcDbAlignedDimension
 13
3354.914596724884
 23
874.1674136797028
 33
0.0
 14
3354.914596724884
 24
1084.167413679703
 34
0.0
  0
DIMENSION
  5
E18
330
1F
100
AcDbEntity
  8
AKS OLCU (BEYKENT)
100
AcDbDimension
280
     0
  2
*D174
 10
3354.91459672541
 20
1399.167413679703
 30
0.0
 11
3346.790800301751
 21
1241.667413679702
 31
0.0
 70
    33
 71
     5
 42
315.0
 73
     0
 74
     0
 75
     0
  3
AKS_OLCU
100
AcDbAlignedDimension
 13
3354.914596724884
 23
1084.167413679703
 33
0.0
 14
3354.914596724884
 24
1399.167413679703
 34
0.0
  0
DIMENSION
  5
E19
330
1F
100
AcDbEntity
  8
AKS OLCU (BEYKENT)
100
AcDbDimension
280
     0
  2
*D175
 10
3354.91459672541
 20
1574.167413679704
 30
0.0
 11
3346.85269851358
 21
1486.667413679702
 31
0.0
 70
    33
 71
     5
 42
175.0000000000002
 73
     0
 74
     0
 75
     0
  3
AKS_OLCU
100
AcDbAlignedDimension
 13
3354.914596724884
 23
1399.167413679703
 33
0.0
 14
3354.914596724884
 24
1574.167413679703
 34
0.0
  0
DIMENSION
  5
E1A
330
1F
100
AcDbEntity
  8
AKS OLCU (BEYKENT)
100
AcDbDimension
280
     0
  2
*D176
 10
3354.91459672541
 20
1939.167413679703
 30
0.0
 11
3346.790800301751
 21
1756.667413679702
 31
0.0
 70
    33
 71
     5
 42
365.0
 73
     0
 74
     0
 75
     0
  3
AKS_OLCU
100
AcDbAlignedDimension
 13
3354.914596724884
 23
1574.167413679703
 33
0.0
 14
3354.914596724884
 24
1939.167413679703
 34
0.0
  0
DIMENSION
  5
E1B
330
1F
100
AcDbEntity
  8
AKS OLCU (BEYKENT)
100
AcDbDimension
280
     0
  2
*D177
 10
3354.91459672541
 20
2274.167413679704
 30
0.0
 11
3346.790800301751
 21
2106.667413679702
 31
0.0
 70
    33
 71
     5
 42
334.9999999999998
 73
     0
 74
     0
 75
     0
  3
AKS_OLCU
100
AcDbAlignedDimension
 13
3354.914596724884
 23
1939.167413679703
 33
0.0
 14
3354.914596724884
 24
2274.167413679703
 34
0.0
  0
DIMENSION
  5
E1C
330
1F
100
AcDbEntity
  8
AKS OLCU (BEYKENT)
100
AcDbDimension
280
     0
  2
*D178
 10
3354.91459672541
 20
2439.167413679704
 30
0.0
 11
3346.85269851358
 21
2356.667413679702
 31
0.0
 70
    33
 71
     5
 42
165.0
 73
     0
 74
     0
 75
     0
  3
AKS_OLCU
100
AcDbAlignedDimension
 13
3354.914596724884
 23
2274.167413679703
 33
0.0
 14
3354.914596724884
 24
2439.167413679703
 34
0.0
  0
DIMENSION
  5
E1D
330
1F
100
AcDbEntity
  8
AKS OLCU (BEYKENT)
100
AcDbDimension
280
     0
  2
*D179
 10
3354.91459672541
 20
2774.167413679704
 30
0.0
 11
3346.790800301751
 21
2606.667413679702
 31
0.0
 70
    33
 71
     5
 42
335.0
 73
     0
 74
     0
 75
     0
  3
AKS_OLCU
100
AcDbAlignedDimension
 13
3354.914596724884
 23
2439.167413679703
 33
0.0
 14
3354.914596724884
 24
2774.167413679703
 34
0.0
  0
DIMENSION
  5
E1E
330
1F
100
AcDbEntity
  8
AKS OLCU (BEYKENT)
100
AcDbDimension
280
     0
  2
*D180
 10
3354.91459672541
 20
2949.167413679704
 30
0.0
 11
3346.85269851358
 21
2861.667413679703
 31
0.0
 70
    33
 71
     5
 42
175.0
 73
     0
 74
     0
 75
     0
  3
AKS_OLCU
100
AcDbAlignedDimension
 13
3354.914596724884
 23
2774.167413679703
 33
0.0
 14
3354.914596724884
 24
2949.167413679703
 34
0.0
  0
DIMENSION
  5
E1F
330
1F
100
AcDbEntity
  8
AKS OLCU (BEYKENT)
100
AcDbDimension
280
     0
  2
*D181
 10
3354.91459672541
 20
3174.167413679705
 30
0.0
 11
3346.790800301751
 21
3061.667413679703
 31
0.0
 70
    33
 71
     5
 42
225.0000000000004
 73
     0
 74
     0
 75
     0
  3
AKS_OLCU
100
AcDbAlignedDimension
 13
3354.914596724884
 23
2949.167413679703
 33
0.0
 14
3354.914596724884
 24
3174.167413679703
 34
0.0
  0
DIMENSION
  5
E20
330
1F
100
AcDbEntity
  8
AKS OLCU (BEYKENT)
100
AcDbDimension
280
     0
  2
*D182
 10
3354.91459672541
 20
3474.167413679705
 30
0.0
 11
3346.790800301751
 21
3324.167413679703
 31
0.0
 70
    33
 71
     5
 42
300.0
 73
     0
 74
     0
 75
     0
  3
AKS_OLCU
100
AcDbAlignedDimension
 13
3354.914596724884
 23
3174.167413679703
 33
0.0
 14
3354.914596724884
 24
3474.167413679703
 34
0.0
  0
DIMENSION
  5
E21
330
1F
100
AcDbEntity
  8
AKS OLCU (BEYKENT)
100
AcDbDimension
280
     0
  2
*D183
 10
8874.909947563413
 20
3474.167413679705
 30
0.0
 11
8866.786151139752
 21
2174.167413679701
 31
0.0
 70
    33
 71
     5
 42
2600.000000000001
 73
     0
 74
     0
 75
     0
  3
AKS_OLCU
100
AcDbAlignedDimension
 13
8874.909947562882
 23
874.1674136797028
 33
0.0
 14
8874.909947562882
 24
3474.167413679703
 34
0.0
  0
DIMENSION
  5
E22
330
1F
100
AcDbEntity
  8
AKS OLCU (BEYKENT)
100
AcDbDimension
280
     0
  2
*D184
 10
8854.909947563411
 20
1084.167413679703
 30
0.0
 11
8846.786151139751
 21
979.1674136797004
 31
0.0
 70
    33
 71
     5
 42
209.9999999999999
 73
     0
 74
     0
 75
     0
  3
AKS_OLCU
100
AcDbAlignedDimension
 13
8854.909947562884
 23
874.1674136797028
 33
0.0
 14
8854.909947562884
 24
1084.167413679703
 34
0.0
  0
DIMENSION
  5
E23
330
1F
100
AcDbEntity
  8
AKS OLCU (BEYKENT)
100
AcDbDimension
280
     0
  2
*D185
 10
8854.909947563411
 20
1399.167413679703
 30
0.0
 11
8846.786151139751
 21
1241.667413679701
 31
0.0
 70
    33
 71
     5
 42
315.0
 73
     0
 74
     0
 75
     0
  3
AKS_OLCU
100
AcDbAlignedDimension
 13
8854.909947562884
 23
1084.167413679703
 33
0.0
 14
8854.909947562884
 24
1399.167413679703
 34
0.0
  0
DIMENSION
  5
E24
330
1F
100
AcDbEntity
  8
AKS OLCU (BEYKENT)
100
AcDbDimension
280
     0
  2
*D186
 10
8854.909947563411
 20
1574.167413679704
 30
0.0
 11
8846.84804935158
 21
1486.6674136797
 31
0.0
 70
    33
 71
     5
 42
175.0000000000002
 73
     0
 74
     0
 75
     0
  3
AKS_OLCU
100
AcDbAlignedDimension
 13
8854.909947562884
 23
1399.167413679703
 33
0.0
 14
8854.909947562884
 24
1574.167413679703
 34
0.0
  0
DIMENSION
  5
E25
330
1F
100
AcDbEntity
  8
AKS OLCU (BEYKENT)
100
AcDbDimension
280
     0
  2
*D187
 10
8854.909947563411
 20
1939.167413679703
 30
0.0
 11
8846.786151139751
 21
1756.667413679701
 31
0.0
 70
    33
 71
     5
 42
365.0
 73
     0
 74
     0
 75
     0
  3
AKS_OLCU
100
AcDbAlignedDimension
 13
8854.909947562884
 23
1574.167413679703
 33
0.0
 14
8854.909947562884
 24
1939.167413679703
 34
0.0
  0
DIMENSION
  5
E26
330
1F
100
AcDbEntity
  8
AKS OLCU (BEYKENT)
100
AcDbDimension
280
     0
  2
*D188
 10
8854.909947563411
 20
2274.167413679704
 30
0.0
 11
8846.786151139751
 21
2106.667413679701
 31
0.0
 70
    33
 71
     5
 42
335.0000000000002
 73
     0
 74
     0
 75
     0
  3
AKS_OLCU
100
AcDbAlignedDimension
 13
8854.909947562884
 23
1939.167413679703
 33
0.0
 14
8854.909947562884
 24
2274.167413679703
 34
0.0
  0
DIMENSION
  5
E27
330
1F
100
AcDbEntity
  8
AKS OLCU (BEYKENT)
100
AcDbDimension
280
     0
  2
*D189
 10
8854.909947563411
 20
2439.167413679704
 30
0.0
 11
8846.84804935158
 21
2356.667413679701
 31
0.0
 70
    33
 71
     5
 42
165.0
 73
     0
 74
     0
 75
     0
  3
AKS_OLCU
100
AcDbAlignedDimension
 13
8854.909947562884
 23
2274.167413679703
 33
0.0
 14
8854.909947562884
 24
2439.167413679703
 34
0.0
  0
DIMENSION
  5
E28
330
1F
100
AcDbEntity
  8
AKS OLCU (BEYKENT)
100
AcDbDimension
280
     0
  2
*D190
 10
8854.909947563411
 20
2774.167413679704
 30
0.0
 11
8846.786151139751
 21
2606.667413679701
 31
0.0
 70
    33
 71
     5
 42
335.0
 73
     0
 74
     0
 75
     0
  3
AKS_OLCU
100
AcDbAlignedDimension
 13
8854.909947562884
 23
2439.167413679703
 33
0.0
 14
8854.909947562884
 24
2774.167413679703
 34
0.0
  0
DIMENSION
  5
E29
330
1F
100
AcDbEntity
  8
AKS OLCU (BEYKENT)
100
AcDbDimension
280
     0
  2
*D191
 10
8854.909947563411
 20
2949.167413679704
 30
0.0
 11
8846.84804935158
 21
2861.667413679701
 31
0.0
 70
    33
 71
     5
 42
175.0
 73
     0
 74
     0
 75
     0
  3
AKS_OLCU
100
AcDbAlignedDimension
 13
8854.909947562884
 23
2774.167413679703
 33
0.0
 14
8854.909947562884
 24
2949.167413679703
 34
0.0
  0
DIMENSION
  5
E2A
330
1F
100
AcDbEntity
  8
AKS OLCU (BEYKENT)
100
AcDbDimension
280
     0
  2
*D192
 10
8854.909947563411
 20
3174.167413679705
 30
0.0
 11
8846.786151139751
 21
3061.667413679702
 31
0.0
 70
    33
 71
     5
 42
225.0000000000004
 73
     0
 74
     0
 75
     0
  3
AKS_OLCU
100
AcDbAlignedDimension
 13
8854.909947562884
 23
2949.167413679703
 33
0.0
 14
8854.909947562884
 24
3174.167413679703
 34
0.0
  0
DIMENSION
  5
E2B
330
1F
100
AcDbEntity
  8
AKS OLCU (BEYKENT)
100
AcDbDimension
280
     0
  2
*D193
 10
8854.909947563411
 20
3474.167413679705
 30
0.0
 11
8846.786151139751
 21
3324.167413679702
 31
0.0
 70
    33
 71
     5
 42
300.0
 73
     0
 74
     0
 75
     0
  3
AKS_OLCU
100
AcDbAlignedDimension
 13
8854.909947562884
 23
3174.167413679703
 33
0.0
 14
8854.909947562884
 24
3474.167413679703
 34
0.0
  0
LWPOLYLINE
  5
E2C
330
1F
100
AcDbEntity
  8
DOSEME SINIRI (BEYKENT)
100
AcDbPolyline
 90
       12
 70
     1
 43
0.0
 10
5819.909947562883
 20
874.1674136797037
 10
5819.909947562883
 20
1349.167413679704
 10
3499.914596724885
 20
1349.167413679704
 10
3499.914596724885
 20
2999.167413679704
 10
5819.909947562883
 20
2999.167413679704
 10
5819.909947562883
 20
3474.167413679704
 10
7149.909947562882
 20
3474.167413679704
 10
7149.909947562882
 20
2724.167413679704
 10
6999.909947562882
 20
2724.167413679704
 10
6999.909947562882
 20
1624.167413679703
 10
7149.909947562882
 20
1624.167413679703
 10
7149.909947562882
 20
874.1674136797037
  0
LINE
  5
E2D
330
1F
100
AcDbEntity
  8
KIRIS (BEYKENT)
100
AcDbLine
 10
6579.909947562882
 20
3424.167413679704
 30
0.0
 11
5919.909947562882
 21
3424.167413679704
 31
0.0
  0
LINE
  5
E2E
330
1F
100
AcDbEntity
  8
KIRIS (BEYKENT)
100
AcDbLine
 10
5919.909947562882
 20
3474.167413679704
 30
0.0
 11
6579.909947562882
 21
3474.167413679704
 31
0.0
  0
LINE
  5
E2F
330
1F
100
AcDbEntity
  8
KIRIS (BEYKENT)
100
AcDbLine
 10
7049.909947562882
 20
3424.167413679704
 30
0.0
 11
6609.909947562883
 21
3424.167413679704
 31
0.0
  0
LINE
  5
E30
330
1F
100
AcDbEntity
  8
KIRIS (BEYKENT)
100
AcDbLine
 10
6609.909947562883
 20
3474.167413679704
 30
0.0
 11
7049.909947562882
 21
3474.167413679704
 31
0.0
  0
LINE
  5
E31
330
1F
100
AcDbEntity
  8
KIRIS (BEYKENT)
100
AcDbLine
 10
6049.909947562883
 20
3144.167413679704
 30
0.0
 11
5899.909947562883
 21
3144.167413679704
 31
0.0
  0
LINE
  5
E32
330
1F
100
AcDbEntity
  8
KIRIS (BEYKENT)
100
AcDbLine
 10
5899.909947562883
 20
3144.167413679704
 30
0.0
 11
5899.909947562883
 21
2954.167413679704
 31
0.0
  0
LINE
  5
E33
330
1F
100
AcDbEntity
  8
KIRIS (BEYKENT)
100
AcDbLine
 10
5869.909947562883
 20
2954.167413679704
 30
0.0
 11
5869.909947562883
 21
3424.167413679704
 31
0.0
  0
LINE
  5
E34
330
1F
100
AcDbEntity
  8
KIRIS (BEYKENT)
100
AcDbLine
 10
5899.909947562883
 20
3424.167413679704
 30
0.0
 11
5899.909947562883
 21
3174.167413679704
 31
0.0
  0
LINE
  5
E35
330
1F
100
AcDbEntity
  8
KIRIS (BEYKENT)
100
AcDbLine
 10
5899.909947562883
 20
3174.167413679704
 30
0.0
 11
6049.909947562883
 21
3174.167413679704
 31
0.0
  0
LINE
  5
E36
330
1F
100
AcDbEntity
  8
KIRIS (BEYKENT)
100
AcDbLine
 10
6559.909947562883
 20
2824.167413679704
 30
0.0
 11
6559.909947562883
 21
2919.167413679704
 31
0.0
  0
LINE
  5
E37
330
1F
100
AcDbEntity
  8
KIRIS (BEYKENT)
100
AcDbLine
 10
6559.909947562883
 20
2919.167413679704
 30
0.0
 11
6329.909947562883
 21
2919.167413679704
 31
0.0
  0
LINE
  5
E38
330
1F
100
AcDbEntity
  8
KIRIS (BEYKENT)
100
AcDbLine
 10
6329.909947562883
 20
2949.167413679704
 30
0.0
 11
6559.909947562883
 21
2949.167413679704
 31
0.0
  0
LINE
  5
E39
330
1F
100
AcDbEntity
  8
KIRIS (BEYKENT)
100
AcDbLine
 10
6559.909947562883
 20
2949.167413679704
 30
0.0
 11
6559.909947562883
 21
3144.167413679704
 31
0.0
  0
LINE
  5
E3A
330
1F
100
AcDbEntity
  8
KIRIS (BEYKENT)
100
AcDbLine
 10
6559.909947562883
 20
3144.167413679704
 30
0.0
 11
6329.909947562883
 21
3144.167413679704
 31
0.0
  0
LINE
  5
E3B
330
1F
100
AcDbEntity
  8
KIRIS (BEYKENT)
100
AcDbLine
 10
6329.909947562883
 20
3174.167413679704
 30
0.0
 11
6579.909947562882
 21
3174.167413679704
 31
0.0
  0
LINE
  5
E3C
330
1F
100
AcDbEntity
  8
KIRIS (BEYKENT)
100
AcDbLine
 10
6609.909947562883
 20
3144.167413679704
 30
0.0
 11
6609.909947562883
 21
2824.167413679704
 31
0.0
  0
LINE
  5
E3D
330
1F
100
AcDbEntity
  8
KIRIS (BEYKENT)
100
AcDbLine
 10
4369.909947562883
 20
2899.167413679704
 30
0.0
 11
3549.914596724884
 21
2899.167413679704
 31
0.0
  0
LINE
  5
E3E
330
1F
100
AcDbEntity
  8
KIRIS (BEYKENT)
100
AcDbLine
 10
3549.914596724884
 20
2949.167413679704
 30
0.0
 11
4369.909947562883
 21
2949.167413679704
 31
0.0
  0
LINE
  5
E3F
330
1F
100
AcDbEntity
  8
KIRIS (BEYKENT)
100
AcDbLine
 10
4709.909947562882
 20
2899.167413679704
 30
0.0
 11
4399.909947562883
 21
2899.167413679704
 31
0.0
  0
LINE
  5
E40
330
1F
100
AcDbEntity
  8
KIRIS (BEYKENT)
100
AcDbLine
 10
4399.909947562883
 20
2949.167413679704
 30
0.0
 11
4709.909947562882
 21
2949.167413679704
 31
0.0
  0
LINE
  5
E41
330
1F
100
AcDbEntity
  8
KIRIS (BEYKENT)
100
AcDbLine
 10
4999.909947562883
 20
2899.167413679704
 30
0.0
 11
4739.909947562883
 21
2899.167413679704
 31
0.0
  0
LINE
  5
E42
330
1F
100
AcDbEntity
  8
KIRIS (BEYKENT)
100
AcDbLine
 10
4739.909947562883
 20
2949.167413679704
 30
0.0
 11
4999.909947562883
 21
2949.167413679704
 31
0.0
  0
LINE
  5
E43
330
1F
100
AcDbEntity
  8
KIRIS (BEYKENT)
100
AcDbLine
 10
5869.909947562883
 20
2899.167413679704
 30
0.0
 11
5049.909947562883
 21
2899.167413679704
 31
0.0
  0
LINE
  5
E44
330
1F
100
AcDbEntity
  8
KIRIS (BEYKENT)
100
AcDbLine
 10
5049.909947562883
 20
2949.167413679704
 30
0.0
 11
5869.909947562883
 21
2949.167413679704
 31
0.0
  0
LINE
  5
E45
330
1F
100
AcDbEntity
  8
KIRIS (BEYKENT)
100
AcDbLine
 10
6049.909947562883
 20
2919.167413679704
 30
0.0
 11
5899.909947562883
 21
2919.167413679704
 31
0.0
  0
LINE
  5
E46
330
1F
100
AcDbEntity
  8
KIRIS (BEYKENT)
100
AcDbLine
 10
5899.909947562883
 20
2949.167413679704
 30
0.0
 11
6049.909947562883
 21
2949.167413679704
 31
0.0
  0
LINE
  5
E47
330
1F
100
AcDbEntity
  8
KIRIS (BEYKENT)
100
AcDbLine
 10
6559.909947562883
 20
2774.167413679704
 30
0.0
 11
5899.909947562883
 21
2774.167413679704
 31
0.0
  0
LINE
  5
E48
330
1F
100
AcDbEntity
  8
KIRIS (BEYKENT)
100
AcDbLine
 10
5899.909947562883
 20
2804.167413679704
 30
0.0
 11
6559.909947562883
 21
2804.167413679704
 31
0.0
  0
LINE
  5
E49
330
1F
100
AcDbEntity
  8
KIRIS (BEYKENT)
100
AcDbLine
 10
6899.909947562882
 20
2774.167413679704
 30
0.0
 11
6609.909947562883
 21
2774.167413679704
 31
0.0
  0
LINE
  5
E4A
330
1F
100
AcDbEntity
  8
KIRIS (BEYKENT)
100
AcDbLine
 10
6609.909947562883
 20
2804.167413679704
 30
0.0
 11
6899.909947562882
 21
2804.167413679704
 31
0.0
  0
LINE
  5
E4B
330
1F
100
AcDbEntity
  8
KIRIS (BEYKENT)
100
AcDbLine
 10
4349.909947562883
 20
2249.167413679704
 30
0.0
 11
3549.914596724884
 21
2249.167413679704
 31
0.0
  0
LINE
  5
E4C
330
1F
100
AcDbEntity
  8
KIRIS (BEYKENT)
100
AcDbLine
 10
3549.914596724884
 20
2299.167413679704
 30
0.0
 11
4349.909947562883
 21
2299.167413679704
 31
0.0
  0
LINE
  5
E4D
330
1F
100
AcDbEntity
  8
KIRIS (BEYKENT)
100
AcDbLine
 10
4739.909947562883
 20
2299.167413679704
 30
0.0
 11
4999.909947562883
 21
2299.167413679704
 31
0.0
  0
LINE
  5
E4E
330
1F
100
AcDbEntity
  8
KIRIS (BEYKENT)
100
AcDbLine
 10
4999.909947562883
 20
2249.167413679704
 30
0.0
 11
4399.909947562883
 21
2249.167413679704
 31
0.0
  0
LINE
  5
E4F
330
1F
100
AcDbEntity
  8
KIRIS (BEYKENT)
100
AcDbLine
 10
4399.909947562883
 20
2299.167413679704
 30
0.0
 11
4709.909947562882
 21
2299.167413679704
 31
0.0
  0
LINE
  5
E50
330
1F
100
AcDbEntity
  8
KIRIS (BEYKENT)
100
AcDbLine
 10
4709.909947562882
 20
2299.167413679704
 30
0.0
 11
4709.909947562882
 21
2769.167413679704
 31
0.0
  0
LINE
  5
E51
330
1F
100
AcDbEntity
  8
KIRIS (BEYKENT)
100
AcDbLine
 10
4739.909947562883
 20
2769.167413679704
 30
0.0
 11
4739.909947562883
 21
2299.167413679704
 31
0.0
  0
LINE
  5
E52
330
1F
100
AcDbEntity
  8
KIRIS (BEYKENT)
100
AcDbLine
 10
5849.909947562883
 20
2249.167413679704
 30
0.0
 11
5049.909947562883
 21
2249.167413679704
 31
0.0
  0
LINE
  5
E53
330
1F
100
AcDbEntity
  8
KIRIS (BEYKENT)
100
AcDbLine
 10
5049.909947562883
 20
2299.167413679704
 30
0.0
 11
5849.909947562883
 21
2299.167413679704
 31
0.0
  0
LINE
  5
E54
330
1F
100
AcDbEntity
  8
KIRIS (BEYKENT)
100
AcDbLine
 10
6559.909947562883
 20
2249.167413679704
 30
0.0
 11
5899.909947562883
 21
2249.167413679704
 31
0.0
  0
LINE
  5
E55
330
1F
100
AcDbEntity
  8
KIRIS (BEYKENT)
100
AcDbLine
 10
5899.909947562883
 20
2299.167413679704
 30
0.0
 11
6559.909947562883
 21
2299.167413679704
 31
0.0
  0
LINE
  5
E56
330
1F
100
AcDbEntity
  8
KIRIS (BEYKENT)
100
AcDbLine
 10
6899.909947562882
 20
2249.167413679704
 30
0.0
 11
6609.909947562883
 21
2249.167413679704
 31
0.0
  0
LINE
  5
E57
330
1F
100
AcDbEntity
  8
KIRIS (BEYKENT)
100
AcDbLine
 10
6609.909947562883
 20
2299.167413679704
 30
0.0
 11
6899.909947562882
 21
2299.167413679704
 31
0.0
  0
LINE
  5
E58
330
1F
100
AcDbEntity
  8
KIRIS (BEYKENT)
100
AcDbLine
 10
6559.909947562883
 20
1544.167413679703
 30
0.0
 11
5899.909947562883
 21
1544.167413679703
 31
0.0
  0
LINE
  5
E59
330
1F
100
AcDbEntity
  8
KIRIS (BEYKENT)
100
AcDbLine
 10
5899.909947562883
 20
1574.167413679704
 30
0.0
 11
6559.909947562883
 21
1574.167413679704
 31
0.0
  0
LINE
  5
E5A
330
1F
100
AcDbEntity
  8
KIRIS (BEYKENT)
100
AcDbLine
 10
6899.909947562882
 20
1544.167413679703
 30
0.0
 11
6609.909947562883
 21
1544.167413679703
 31
0.0
  0
LINE
  5
E5B
330
1F
100
AcDbEntity
  8
KIRIS (BEYKENT)
100
AcDbLine
 10
6609.909947562883
 20
1574.167413679704
 30
0.0
 11
6899.909947562882
 21
1574.167413679704
 31
0.0
  0
LINE
  5
E5C
330
1F
100
AcDbEntity
  8
KIRIS (BEYKENT)
100
AcDbLine
 10
4349.909947562883
 20
1399.167413679704
 30
0.0
 11
3549.914596724884
 21
1399.167413679704
 31
0.0
  0
LINE
  5
E5D
330
1F
100
AcDbEntity
  8
KIRIS (BEYKENT)
100
AcDbLine
 10
3549.914596724884
 20
1449.167413679704
 30
0.0
 11
4349.909947562883
 21
1449.167413679704
 31
0.0
  0
LINE
  5
E5E
330
1F
100
AcDbEntity
  8
KIRIS (BEYKENT)
100
AcDbLine
 10
4999.909947562883
 20
1399.167413679704
 30
0.0
 11
4399.909947562883
 21
1399.167413679704
 31
0.0
  0
LINE
  5
E5F
330
1F
100
AcDbEntity
  8
KIRIS (BEYKENT)
100
AcDbLine
 10
4399.909947562883
 20
1449.167413679704
 30
0.0
 11
4999.909947562883
 21
1449.167413679704
 31
0.0
  0
LINE
  5
E60
330
1F
100
AcDbEntity
  8
KIRIS (BEYKENT)
100
AcDbLine
 10
5869.909947562883
 20
1399.167413679704
 30
0.0
 11
5049.909947562883
 21
1399.167413679704
 31
0.0
  0
LINE
  5
E61
330
1F
100
AcDbEntity
  8
KIRIS (BEYKENT)
100
AcDbLine
 10
5049.909947562883
 20
1449.167413679704
 30
0.0
 11
5869.909947562883
 21
1449.167413679704
 31
0.0
  0
LINE
  5
E62
330
1F
100
AcDbEntity
  8
KIRIS (BEYKENT)
100
AcDbLine
 10
6559.909947562883
 20
874.1674136797037
 30
0.0
 11
5919.909947562882
 21
874.1674136797037
 31
0.0
  0
LINE
  5
E63
330
1F
100
AcDbEntity
  8
KIRIS (BEYKENT)
100
AcDbLine
 10
5919.909947562882
 20
924.1674136797037
 30
0.0
 11
6559.909947562883
 21
924.1674136797037
 31
0.0
  0
LINE
  5
E64
330
1F
100
AcDbEntity
  8
KIRIS (BEYKENT)
100
AcDbLine
 10
7049.909947562882
 20
874.1674136797037
 30
0.0
 11
6609.909947562883
 21
874.1674136797037
 31
0.0
  0
LINE
  5
E65
330
1F
100
AcDbEntity
  8
KIRIS (BEYKENT)
100
AcDbLine
 10
6609.909947562883
 20
924.1674136797037
 30
0.0
 11
7049.909947562882
 21
924.1674136797037
 31
0.0
  0
LINE
  5
E66
330
1F
100
AcDbEntity
  8
KIRIS (BEYKENT)
100
AcDbLine
 10
3549.914596724884
 20
2249.167413679704
 30
0.0
 11
3549.914596724884
 21
1449.167413679704
 31
0.0
  0
LINE
  5
E67
330
1F
100
AcDbEntity
  8
KIRIS (BEYKENT)
100
AcDbLine
 10
3499.914596724885
 20
1449.167413679704
 30
0.0
 11
3499.914596724885
 21
2249.167413679704
 31
0.0
  0
LINE
  5
E68
330
1F
100
AcDbEntity
  8
KIRIS (BEYKENT)
100
AcDbLine
 10
3549.914596724884
 20
2899.167413679704
 30
0.0
 11
3549.914596724884
 21
2299.167413679704
 31
0.0
  0
LINE
  5
E69
330
1F
100
AcDbEntity
  8
KIRIS (BEYKENT)
100
AcDbLine
 10
3499.914596724885
 20
2299.167413679704
 30
0.0
 11
3499.914596724885
 21
2899.167413679704
 31
0.0
  0
LINE
  5
E6A
330
1F
100
AcDbEntity
  8
KIRIS (BEYKENT)
100
AcDbLine
 10
4399.909947562883
 20
2249.167413679704
 30
0.0
 11
4399.909947562883
 21
1449.167413679704
 31
0.0
  0
LINE
  5
E6B
330
1F
100
AcDbEntity
  8
KIRIS (BEYKENT)
100
AcDbLine
 10
4349.909947562883
 20
1449.167413679704
 30
0.0
 11
4349.909947562883
 21
2249.167413679704
 31
0.0
  0
LINE
  5
E6C
330
1F
100
AcDbEntity
  8
KIRIS (BEYKENT)
100
AcDbLine
 10
4399.909947562883
 20
2769.167413679704
 30
0.0
 11
4399.909947562883
 21
2299.167413679704
 31
0.0
  0
LINE
  5
E6D
330
1F
100
AcDbEntity
  8
KIRIS (BEYKENT)
100
AcDbLine
 10
4369.909947562883
 20
2299.167413679704
 30
0.0
 11
4369.909947562883
 21
2769.167413679704
 31
0.0
  0
LINE
  5
E6E
330
1F
100
AcDbEntity
  8
KIRIS (BEYKENT)
100
AcDbLine
 10
5049.909947562883
 20
2249.167413679704
 30
0.0
 11
5049.909947562883
 21
1449.167413679704
 31
0.0
  0
LINE
  5
E6F
330
1F
100
AcDbEntity
  8
KIRIS (BEYKENT)
100
AcDbLine
 10
4999.909947562883
 20
1449.167413679704
 30
0.0
 11
4999.909947562883
 21
2249.167413679704
 31
0.0
  0
LINE
  5
E70
330
1F
100
AcDbEntity
  8
KIRIS (BEYKENT)
100
AcDbLine
 10
5049.909947562883
 20
2899.167413679704
 30
0.0
 11
5049.909947562883
 21
2299.167413679704
 31
0.0
  0
LINE
  5
E71
330
1F
100
AcDbEntity
  8
KIRIS (BEYKENT)
100
AcDbLine
 10
4999.909947562883
 20
2299.167413679704
 30
0.0
 11
4999.909947562883
 21
2899.167413679704
 31
0.0
  0
LINE
  5
E72
330
1F
100
AcDbEntity
  8
KIRIS (BEYKENT)
100
AcDbLine
 10
5899.909947562883
 20
1399.167413679704
 30
0.0
 11
5899.909947562883
 21
924.1674136797037
 31
0.0
  0
LINE
  5
E73
330
1F
100
AcDbEntity
  8
KIRIS (BEYKENT)
100
AcDbLine
 10
5869.909947562883
 20
924.1674136797037
 30
0.0
 11
5869.909947562883
 21
1399.167413679704
 31
0.0
  0
LINE
  5
E74
330
1F
100
AcDbEntity
  8
KIRIS (BEYKENT)
100
AcDbLine
 10
5899.909947562883
 20
2249.167413679704
 30
0.0
 11
5899.909947562883
 21
1574.167413679704
 31
0.0
  0
LINE
  5
E75
330
1F
100
AcDbEntity
  8
KIRIS (BEYKENT)
100
AcDbLine
 10
5869.909947562883
 20
1574.167413679704
 30
0.0
 11
5869.909947562883
 21
2249.167413679704
 31
0.0
  0
LINE
  5
E76
330
1F
100
AcDbEntity
  8
KIRIS (BEYKENT)
100
AcDbLine
 10
5899.909947562883
 20
2774.167413679704
 30
0.0
 11
5899.909947562883
 21
2299.167413679704
 31
0.0
  0
LINE
  5
E77
330
1F
100
AcDbEntity
  8
KIRIS (BEYKENT)
100
AcDbLine
 10
5869.909947562883
 20
2299.167413679704
 30
0.0
 11
5869.909947562883
 21
2774.167413679704
 31
0.0
  0
LINE
  5
E78
330
1F
100
AcDbEntity
  8
KIRIS (BEYKENT)
100
AcDbLine
 10
6074.909947562883
 20
3144.167413679704
 30
0.0
 11
6074.909947562883
 21
2949.167413679704
 31
0.0
  0
LINE
  5
E79
330
1F
100
AcDbEntity
  8
KIRIS (BEYKENT)
100
AcDbLine
 10
6049.909947562883
 20
2949.167413679704
 30
0.0
 11
6049.909947562883
 21
3144.167413679704
 31
0.0
  0
LINE
  5
E7A
330
1F
100
AcDbEntity
  8
KIRIS (BEYKENT)
100
AcDbLine
 10
6329.909947562883
 20
3144.167413679704
 30
0.0
 11
6329.909947562883
 21
2949.167413679704
 31
0.0
  0
LINE
  5
E7B
330
1F
100
AcDbEntity
  8
KIRIS (BEYKENT)
100
AcDbLine
 10
6304.909947562883
 20
2949.167413679704
 30
0.0
 11
6304.909947562883
 21
3144.167413679704
 31
0.0
  0
LINE
  5
E7C
330
1F
100
AcDbEntity
  8
KIRIS (BEYKENT)
100
AcDbLine
 10
6609.909947562883
 20
1524.167413679704
 30
0.0
 11
6609.909947562883
 21
924.1674136797037
 31
0.0
  0
LINE
  5
E7D
330
1F
100
AcDbEntity
  8
KIRIS (BEYKENT)
100
AcDbLine
 10
6559.909947562883
 20
924.1674136797037
 30
0.0
 11
6559.909947562883
 21
1524.167413679704
 31
0.0
  0
LINE
  5
E7E
330
1F
100
AcDbEntity
  8
KIRIS (BEYKENT)
100
AcDbLine
 10
6609.909947562883
 20
2249.167413679704
 30
0.0
 11
6609.909947562883
 21
1574.167413679704
 31
0.0
  0
LINE
  5
E7F
330
1F
100
AcDbEntity
  8
KIRIS (BEYKENT)
100
AcDbLine
 10
6559.909947562883
 20
1574.167413679704
 30
0.0
 11
6559.909947562883
 21
2249.167413679704
 31
0.0
  0
LINE
  5
E80
330
1F
100
AcDbEntity
  8
KIRIS (BEYKENT)
100
AcDbLine
 10
6609.909947562883
 20
2774.167413679704
 30
0.0
 11
6609.909947562883
 21
2299.167413679704
 31
0.0
  0
LINE
  5
E81
330
1F
100
AcDbEntity
  8
KIRIS (BEYKENT)
100
AcDbLine
 10
6559.909947562883
 20
2299.167413679704
 30
0.0
 11
6559.909947562883
 21
2774.167413679704
 31
0.0
  0
LINE
  5
E82
330
1F
100
AcDbEntity
  8
KIRIS (BEYKENT)
100
AcDbLine
 10
6949.909947562883
 20
2249.167413679704
 30
0.0
 11
6949.909947562883
 21
1574.167413679704
 31
0.0
  0
LINE
  5
E83
330
1F
100
AcDbEntity
  8
KIRIS (BEYKENT)
100
AcDbLine
 10
6899.909947562882
 20
1574.167413679704
 30
0.0
 11
6899.909947562882
 21
2249.167413679704
 31
0.0
  0
LINE
  5
E84
330
1F
100
AcDbEntity
  8
KIRIS (BEYKENT)
100
AcDbLine
 10
6949.909947562883
 20
2774.167413679704
 30
0.0
 11
6949.909947562883
 21
2299.167413679704
 31
0.0
  0
LINE
  5
E85
330
1F
100
AcDbEntity
  8
KIRIS (BEYKENT)
100
AcDbLine
 10
6899.909947562882
 20
2299.167413679704
 30
0.0
 11
6899.909947562882
 21
2774.167413679704
 31
0.0
  0
LINE
  5
E86
330
1F
100
AcDbEntity
  8
KIRIS (BEYKENT)
100
AcDbLine
 10
7099.909947562882
 20
1544.167413679703
 30
0.0
 11
7099.909947562882
 21
924.1674136797037
 31
0.0
  0
LINE
  5
E87
330
1F
100
AcDbEntity
  8
KIRIS (BEYKENT)
100
AcDbLine
 10
7049.909947562882
 20
924.1674136797037
 30
0.0
 11
7049.909947562882
 21
1544.167413679703
 31
0.0
  0
LINE
  5
E88
330
1F
100
AcDbEntity
  8
KIRIS (BEYKENT)
100
AcDbLine
 10
7099.909947562882
 20
3424.167413679704
 30
0.0
 11
7099.909947562882
 21
2804.167413679704
 31
0.0
  0
LINE
  5
E89
330
1F
100
AcDbEntity
  8
KIRIS (BEYKENT)
100
AcDbLine
 10
7049.909947562882
 20
2804.167413679704
 30
0.0
 11
7049.909947562882
 21
3424.167413679704
 31
0.0
  0
TEXT
  5
E8A
330
1F
100
AcDbEntity
  8
KIRIS ISMI (BEYKENT)
100
AcDbText
 10
5939.909947562883
 20
3429.650219731974
 30
0.0
 40
12.0
  1
K1-01 (50/60)
  7
YAZI (BEYKENT)
 11
5939.909947562883
 21
3426.167413679704
 31
0.0
100
AcDbText
 73
     1
  0
TEXT
  5
E8B
330
1F
100
AcDbEntity
  8
KIRIS ISMI (BEYKENT)
100
AcDbText
 10
6629.909947562882
 20
3429.650219731974
 30
0.0
 40
12.0
  1
K1-02 (50/60)
  7
YAZI (BEYKENT)
 11
6629.909947562882
 21
3426.167413679704
 31
0.0
100
AcDbText
 73
     1
  0
TEXT
  5
E8C
330
1F
100
AcDbEntity
  8
KIRIS ISMI (BEYKENT)
100
AcDbText
 10
5897.641911200285
 20
3149.650219731973
 30
0.0
 40
12.0
  1
K1-03 (30/60)
  7
YAZI (BEYKENT)
 11
5897.641911200285
 21
3146.167413679704
 31
0.0
100
AcDbText
 73
     1
  0
TEXT
  5
E8D
330
1F
100
AcDbEntity
  8
KIRIS ISMI (BEYKENT)
100
AcDbText
 10
6349.909947562883
 20
3149.650219731973
 30
0.0
 40
12.0
  1
K1-04 (30/60)
  7
YAZI (BEYKENT)
 11
6349.909947562883
 21
3146.167413679704
 31
0.0
100
AcDbText
 73
     1
  0
TEXT
  5
E8E
330
1F
100
AcDbEntity
  8
KIRIS ISMI (BEYKENT)
100
AcDbText
 10
3569.914596724885
 20
2904.650219731973
 30
0.0
 40
12.0
  1
K1-05 (50/60)
  7
YAZI (BEYKENT)
 11
3569.914596724885
 21
2901.167413679704
 31
0.0
100
AcDbText
 73
     1
  0
TEXT
  5
E8F
330
1F
100
AcDbEntity
  8
KIRIS ISMI (BEYKENT)
100
AcDbText
 10
4419.909947562882
 20
2904.650219731973
 30
0.0
 40
12.0
  1
K1-06 (50/60)
  7
YAZI (BEYKENT)
 11
4419.909947562882
 21
2901.167413679704
 31
0.0
100
AcDbText
 73
     1
  0
TEXT
  5
E90
330
1F
100
AcDbEntity
  8
KIRIS ISMI (BEYKENT)
100
AcDbText
 10
4759.909947562882
 20
2904.650219731973
 30
0.0
 40
12.0
  1
K1-07 (50/60)
  7
YAZI (BEYKENT)
 11
4759.909947562882
 21
2901.167413679704
 31
0.0
100
AcDbText
 73
     1
  0
TEXT
  5
E91
330
1F
100
AcDbEntity
  8
KIRIS ISMI (BEYKENT)
100
AcDbText
 10
5069.909947562883
 20
2904.650219731973
 30
0.0
 40
12.0
  1
K1-08 (50/60)
  7
YAZI (BEYKENT)
 11
5069.909947562883
 21
2901.167413679704
 31
0.0
100
AcDbText
 73
     1
  0
TEXT
  5
E92
330
1F
100
AcDbEntity
  8
KIRIS ISMI (BEYKENT)
100
AcDbText
 10
5902.881292982238
 20
2924.650219731973
 30
0.0
 40
12.0
  1
K1-09 (30/60)
  7
YAZI (BEYKENT)
 11
5902.881292982238
 21
2921.167413679704
 31
0.0
100
AcDbText
 73
     1
  0
TEXT
  5
E93
330
1F
100
AcDbEntity
  8
KIRIS ISMI (BEYKENT)
100
AcDbText
 10
6349.909947562883
 20
2924.650219731973
 30
0.0
 40
12.0
  1
K1-10 (30/60)
  7
YAZI (BEYKENT)
 11
6349.909947562883
 21
2921.167413679704
 31
0.0
100
AcDbText
 73
     1
  0
TEXT
  5
E94
330
1F
100
AcDbEntity
  8
KIRIS ISMI (BEYKENT)
100
AcDbText
 10
5919.909947562882
 20
2779.650219731973
 30
0.0
 40
12.0
  1
K1-11 (30/60)
  7
YAZI (BEYKENT)
 11
5919.909947562882
 21
2776.167413679704
 31
0.0
100
AcDbText
 73
     1
  0
TEXT
  5
E95
330
1F
100
AcDbEntity
  8
KIRIS ISMI (BEYKENT)
100
AcDbText
 10
6629.909947562882
 20
2779.650219731973
 30
0.0
 40
12.0
  1
K1-12 (30/60)
  7
YAZI (BEYKENT)
 11
6629.909947562882
 21
2776.167413679704
 31
0.0
100
AcDbText
 73
     1
  0
TEXT
  5
E96
330
1F
100
AcDbEntity
  8
KIRIS ISMI (BEYKENT)
100
AcDbText
 10
3569.914596724885
 20
2254.650219731973
 30
0.0
 40
12.0
  1
K1-13 (50/60)
  7
YAZI (BEYKENT)
 11
3569.914596724885
 21
2251.167413679704
 31
0.0
100
AcDbText
 73
     1
  0
TEXT
  5
E97
330
1F
100
AcDbEntity
  8
KIRIS ISMI (BEYKENT)
100
AcDbText
 10
4419.909947562882
 20
2254.650219731973
 30
0.0
 40
12.0
  1
K1-14 (50/60)
  7
YAZI (BEYKENT)
 11
4419.909947562882
 21
2251.167413679704
 31
0.0
100
AcDbText
 73
     1
  0
TEXT
  5
E98
330
1F
100
AcDbEntity
  8
KIRIS ISMI (BEYKENT)
100
AcDbText
 10
5069.909947562883
 20
2254.650219731973
 30
0.0
 40
12.0
  1
K1-15 (50/60)
  7
YAZI (BEYKENT)
 11
5069.909947562883
 21
2251.167413679704
 31
0.0
100
AcDbText
 73
     1
  0
TEXT
  5
E99
330
1F
100
AcDbEntity
  8
KIRIS ISMI (BEYKENT)
100
AcDbText
 10
5919.909947562882
 20
2254.650219731973
 30
0.0
 40
12.0
  1
K1-16 (50/60)
  7
YAZI (BEYKENT)
 11
5919.909947562882
 21
2251.167413679704
 31
0.0
100
AcDbText
 73
     1
  0
TEXT
  5
E9A
330
1F
100
AcDbEntity
  8
KIRIS ISMI (BEYKENT)
100
AcDbText
 10
6629.909947562882
 20
2254.650219731973
 30
0.0
 40
12.0
  1
K1-17 (50/60)
  7
YAZI (BEYKENT)
 11
6629.909947562882
 21
2251.167413679704
 31
0.0
100
AcDbText
 73
     1
  0
TEXT
  5
E9B
330
1F
100
AcDbEntity
  8
KIRIS ISMI (BEYKENT)
100
AcDbText
 10
5919.909947562882
 20
1549.650219731973
 30
0.0
 40
12.0
  1
K1-18 (30/60)
  7
YAZI (BEYKENT)
 11
5919.909947562882
 21
1546.167413679704
 31
0.0
100
AcDbText
 73
     1
  0
TEXT
  5
E9C
330
1F
100
AcDbEntity
  8
KIRIS ISMI (BEYKENT)
100
AcDbText
 10
6629.909947562882
 20
1549.650219731973
 30
0.0
 40
12.0
  1
K1-19 (30/60)
  7
YAZI (BEYKENT)
 11
6629.909947562882
 21
1546.167413679704
 31
0.0
100
AcDbText
 73
     1
  0
TEXT
  5
E9D
330
1F
100
AcDbEntity
  8
KIRIS ISMI (BEYKENT)
100
AcDbText
 10
3569.914596724885
 20
1404.650219731973
 30
0.0
 40
12.0
  1
K1-20 (50/60)
  7
YAZI (BEYKENT)
 11
3569.914596724885
 21
1401.167413679704
 31
0.0
100
AcDbText
 73
     1
  0
TEXT
  5
E9E
330
1F
100
AcDbEntity
  8
KIRIS ISMI (BEYKENT)
100
AcDbText
 10
4419.909947562882
 20
1404.650219731973
 30
0.0
 40
12.0
  1
K1-21 (50/60)
  7
YAZI (BEYKENT)
 11
4419.909947562882
 21
1401.167413679704
 31
0.0
100
AcDbText
 73
     1
  0
TEXT
  5
E9F
330
1F
100
AcDbEntity
  8
KIRIS ISMI (BEYKENT)
100
AcDbText
 10
5069.909947562883
 20
1404.650219731973
 30
0.0
 40
12.0
  1
K1-22 (50/60)
  7
YAZI (BEYKENT)
 11
5069.909947562883
 21
1401.167413679704
 31
0.0
100
AcDbText
 73
     1
  0
TEXT
  5
EA0
330
1F
100
AcDbEntity
  8
KIRIS ISMI (BEYKENT)
100
AcDbText
 10
5939.909947562883
 20
879.6502197319732
 30
0.0
 40
12.0
  1
K1-23 (50/60)
  7
YAZI (BEYKENT)
 11
5939.909947562883
 21
876.1674136797036
 31
0.0
100
AcDbText
 73
     1
  0
TEXT
  5
EA1
330
1F
100
AcDbEntity
  8
KIRIS ISMI (BEYKENT)
100
AcDbText
 10
6629.909947562882
 20
879.6502197319732
 30
0.0
 40
12.0
  1
K1-24 (50/60)
  7
YAZI (BEYKENT)
 11
6629.909947562882
 21
876.1674136797036
 31
0.0
100
AcDbText
 73
     1
  0
TEXT
  5
EA2
330
1F
100
AcDbEntity
  8
KIRIS ISMI (BEYKENT)
100
AcDbText
 10
3544.431790672615
 20
2154.658472826884
 30
0.0
 40
12.0
  1
K1-25 (50/60)
 50
90.0
  7
YAZI (BEYKENT)
 72
     2
 11
3547.914596724884
 21
2229.167413679704
 31
0.0
100
AcDbText
 73
     1
  0
TEXT
  5
EA3
330
1F
100
AcDbEntity
  8
KIRIS ISMI (BEYKENT)
100
AcDbText
 10
3544.431790672615
 20
2805.02160900295
 30
0.0
 40
12.0
  1
K1-26 (50/60)
 50
90.0
  7
YAZI (BEYKENT)
 72
     2
 11
3547.914596724884
 21
2879.167413679704
 31
0.0
100
AcDbText
 73
     1
  0
TEXT
  5
EA4
330
1F
100
AcDbEntity
  8
KIRIS ISMI (BEYKENT)
100
AcDbText
 10
4394.427141510613
 20
2155.104139952056
 30
0.0
 40
12.0
  1
K1-27 (50/60)
 50
90.0
  7
YAZI (BEYKENT)
 72
     2
 11
4397.909947562882
 21
2229.167413679704
 31
0.0
100
AcDbText
 73
     1
  0
TEXT
  5
EA5
330
1F
100
AcDbEntity
  8
KIRIS ISMI (BEYKENT)
100
AcDbText
 10
4394.427141510613
 20
2674.782269250543
 30
0.0
 40
12.0
  1
K1-28 (30/60)
 50
90.0
  7
YAZI (BEYKENT)
 72
     2
 11
4397.909947562882
 21
2749.167413679704
 31
0.0
100
AcDbText
 73
     1
  0
TEXT
  5
EA6
330
1F
100
AcDbEntity
  8
KIRIS ISMI (BEYKENT)
100
AcDbText
 10
4734.427141510614
 20
2675.203177090983
 30
0.0
 40
12.0
  1
K1-29 (30/60)
 50
90.0
  7
YAZI (BEYKENT)
 72
     2
 11
4737.909947562882
 21
2749.167413679704
 31
0.0
100
AcDbText
 73
     1
  0
TEXT
  5
EA7
330
1F
100
AcDbEntity
  8
KIRIS ISMI (BEYKENT)
100
AcDbText
 10
5044.427141510613
 20
2154.592448067599
 30
0.0
 40
12.0
  1
K1-30 (50/60)
 50
90.0
  7
YAZI (BEYKENT)
 72
     2
 11
5047.909947562883
 21
2229.167413679704
 31
0.0
100
AcDbText
 73
     1
  0
TEXT
  5
EA8
330
1F
100
AcDbEntity
  8
KIRIS ISMI (BEYKENT)
100
AcDbText
 10
5044.427141510613
 20
2807.060123445866
 30
0.0
 40
12.0
  1
K1-31 (50/60)
 50
90.0
  7
YAZI (BEYKENT)
 72
     2
 11
5047.909947562883
 21
2879.167413679704
 31
0.0
100
AcDbText
 73
     1
  0
TEXT
  5
EA9
330
1F
100
AcDbEntity
  8
KIRIS ISMI (BEYKENT)
100
AcDbText
 10
5894.427141510613
 20
1305.02160900295
 30
0.0
 40
12.0
  1
K1-32 (30/60)
 50
90.0
  7
YAZI (BEYKENT)
 72
     2
 11
5897.909947562883
 21
1379.167413679704
 31
0.0
100
AcDbText
 73
     1
  0
TEXT
  5
EAA
330
1F
100
AcDbEntity
  8
KIRIS ISMI (BEYKENT)
100
AcDbText
 10
5894.427141510613
 20
2155.079380667324
 30
0.0
 40
12.0
  1
K1-33 (30/60)
 50
90.0
  7
YAZI (BEYKENT)
 72
     2
 11
5897.909947562883
 21
2229.167413679704
 31
0.0
100
AcDbText
 73
     1
  0
TEXT
  5
EAB
330
1F
100
AcDbEntity
  8
KIRIS ISMI (BEYKENT)
100
AcDbText
 10
5894.427141510613
 20
2679.485157833762
 30
0.0
 40
12.0
  1
K1-34 (30/60)
 50
90.0
  7
YAZI (BEYKENT)
 72
     2
 11
5897.909947562883
 21
2754.167413679704
 31
0.0
100
AcDbText
 73
     1
  0
TEXT
  5
EAC
330
1F
100
AcDbEntity
  8
KIRIS ISMI (BEYKENT)
100
AcDbText
 10
5894.427141510613
 20
3329.897812579292
 30
0.0
 40
12.0
  1
K1-35 (30/60)
 50
90.0
  7
YAZI (BEYKENT)
 72
     2
 11
5897.909947562883
 21
3404.167413679703
 31
0.0
100
AcDbText
 73
     1
  0
TEXT
  5
EAD
330
1F
100
AcDbEntity
  8
KIRIS ISMI (BEYKENT)
100
AcDbText
 10
6069.427141510613
 20
3050.326973514642
 30
0.0
 40
12.0
  1
K1-36 (25/60)
 50
90.0
  7
YAZI (BEYKENT)
 72
     2
 11
6072.909947562883
 21
3124.167413679704
 31
0.0
100
AcDbText
 73
     1
  0
TEXT
  5
EAE
330
1F
100
AcDbEntity
  8
KIRIS ISMI (BEYKENT)
100
AcDbText
 10
6324.427141510613
 20
3050.409504463748
 30
0.0
 40
12.0
  1
K1-37 (25/60)
 50
90.0
  7
YAZI (BEYKENT)
 72
     2
 11
6327.909947562883
 21
3124.167413679704
 31
0.0
100
AcDbText
 73
     1
  0
TEXT
  5
EAF
330
1F
100
AcDbEntity
  8
KIRIS ISMI (BEYKENT)
100
AcDbText
 10
6604.427141510614
 20
1429.658472826884
 30
0.0
 40
12.0
  1
K1-38 (50/60)
 50
90.0
  7
YAZI (BEYKENT)
 72
     2
 11
6607.909947562882
 21
1504.167413679704
 31
0.0
100
AcDbText
 73
     1
  0
TEXT
  5
EB0
330
1F
100
AcDbEntity
  8
KIRIS ISMI (BEYKENT)
100
AcDbText
 10
6604.427141510614
 20
2155.079380667324
 30
0.0
 40
12.0
  1
K1-39 (50/60)
 50
90.0
  7
YAZI (BEYKENT)
 72
     2
 11
6607.909947562882
 21
2229.167413679704
 31
0.0
100
AcDbText
 73
     1
  0
TEXT
  5
EB1
330
1F
100
AcDbEntity
  8
KIRIS ISMI (BEYKENT)
100
AcDbText
 10
6604.427141510614
 20
2678.998225234037
 30
0.0
 40
12.0
  1
K1-40 (50/60)
 50
90.0
  7
YAZI (BEYKENT)
 72
     2
 11
6607.909947562882
 21
2754.167413679704
 31
0.0
100
AcDbText
 73
     1
  0
TEXT
  5
EB2
330
1F
100
AcDbEntity
  8
KIRIS ISMI (BEYKENT)
100
AcDbText
 10
6604.427141510614
 20
3051.465900612303
 30
0.0
 40
12.0
  1
K1-41 (50/60)
 50
90.0
  7
YAZI (BEYKENT)
 72
     2
 11
6607.909947562882
 21
3124.167413679704
 31
0.0
100
AcDbText
 73
     1
  0
TEXT
  5
EB3
330
1F
100
AcDbEntity
  8
KIRIS ISMI (BEYKENT)
100
AcDbText
 10
6944.427141510613
 20
2154.245818081355
 30
0.0
 40
12.0
  1
K1-42 (50/60)
 50
90.0
  7
YAZI (BEYKENT)
 72
     2
 11
6947.909947562883
 21
2229.167413679704
 31
0.0
100
AcDbText
 73
     1
  0
TEXT
  5
EB4
330
1F
100
AcDbEntity
  8
KIRIS ISMI (BEYKENT)
100
AcDbText
 10
6944.427141510613
 20
2679.303589745729
 30
0.0
 40
12.0
  1
K1-43 (50/60)
 50
90.0
  7
YAZI (BEYKENT)
 72
     2
 11
6947.909947562883
 21
2754.167413679704
 31
0.0
100
AcDbText
 73
     1
  0
TEXT
  5
EB5
330
1F
100
AcDbEntity
  8
KIRIS ISMI (BEYKENT)
100
AcDbText
 10
7094.427141510613
 20
1448.709366912166
 30
0.0
 40
12.0
  1
K1-44 (50/60)
 50
90.0
  7
YAZI (BEYKENT)
 72
     2
 11
7097.909947562882
 21
1524.167413679704
 31
0.0
100
AcDbText
 73
     1
  0
TEXT
  5
EB6
330
1F
100
AcDbEntity
  8
KIRIS ISMI (BEYKENT)
100
AcDbText
 10
7094.427141510613
 20
3329.122021657695
 30
0.0
 40
12.0
  1
K1-45 (50/60)
 50
90.0
  7
YAZI (BEYKENT)
 72
     2
 11
7097.909947562882
 21
3404.167413679703
 31
0.0
100
AcDbText
 73
     1
  0
TEXT
  5
EB7
330
1F
100
AcDbEntity
  8
KIRIS ISMI (BEYKENT)
100
AcDbText
 10
3469.03289108527
 20
3841.167413679704
 30
0.0
 40
18.0
  1
K1-25 (50/60)
  7
YAZI (BEYKENT)
 72
     1
 11
3524.914596724884
 21
3859.167413679704
 31
0.0
100
AcDbText
 73
     3
  0
TEXT
  5
EB8
330
1F
100
AcDbEntity
  8
KIRIS ISMI (BEYKENT)
100
AcDbText
 10
4319.362492267146
 20
3841.167413679704
 30
0.0
 40
18.0
  1
K1-27 (50/60)
  7
YAZI (BEYKENT)
 72
     1
 11
4374.909947562882
 21
3859.167413679704
 31
0.0
100
AcDbText
 73
     3
  0
TEXT
  5
EB9
330
1F
100
AcDbEntity
  8
KIRIS ISMI (BEYKENT)
100
AcDbText
 10
4968.978723353805
 20
3841.167413679704
 30
0.0
 40
18.0
  1
K1-30 (50/60)
  7
YAZI (BEYKENT)
 72
     1
 11
5024.909947562883
 21
3859.167413679704
 31
0.0
100
AcDbText
 73
     3
  0
TEXT
  5
EBA
330
1F
100
AcDbEntity
  8
KIRIS ISMI (BEYKENT)
100
AcDbText
 10
5829.343922803598
 20
3841.167413679704
 30
0.0
 40
18.0
  1
K1-33 (30/60)
  7
YAZI (BEYKENT)
 72
     1
 11
5884.909947562882
 21
3859.167413679704
 31
0.0
100
AcDbText
 73
     3
  0
TEXT
  5
EBB
330
1F
100
AcDbEntity
  8
KIRIS ISMI (BEYKENT)
100
AcDbText
 10
6529.343922803597
 20
3841.167413679704
 30
0.0
 40
18.0
  1
K1-39 (50/60)
  7
YAZI (BEYKENT)
 72
     1
 11
6584.909947562883
 21
3859.167413679704
 31
0.0
100
AcDbText
 73
     3
  0
TEXT
  5
EBC
330
1F
100
AcDbEntity
  8
KIRIS ISMI (BEYKENT)
100
AcDbText
 10
6868.718750864122
 20
3841.167413679704
 30
0.0
 40
18.0
  1
K1-42 (50/60)
  7
YAZI (BEYKENT)
 72
     1
 11
6924.909947562882
 21
3859.167413679704
 31
0.0
100
AcDbText
 73
     3
  0
TEXT
  5
EBD
330
1F
100
AcDbEntity
  8
KIRIS ISMI (BEYKENT)
100
AcDbText
 10
3126.914596724884
 20
3393.192860722345
 30
0.0
 40
18.0
  1
K1-02 (50/60)
 50
90.0
  7
YAZI (BEYKENT)
 72
     1
 11
3117.914596724884
 21
3449.167413679704
 31
0.0
100
AcDbText
 73
     2
  0
TEXT
  5
EBE
330
1F
100
AcDbEntity
  8
KIRIS ISMI (BEYKENT)
100
AcDbText
 10
3126.914596724884
 20
2735.17979332207
 30
0.0
 40
18.0
  1
K1-12 (30/60)
 50
90.0
  7
YAZI (BEYKENT)
 72
     1
 11
3117.914596724884
 21
2789.167413679704
 31
0.0
100
AcDbText
 73
     2
  0
TEXT
  5
EBF
330
1F
100
AcDbEntity
  8
KIRIS ISMI (BEYKENT)
100
AcDbText
 10
3126.914596724884
 20
2220.285020282179
 30
0.0
 40
18.0
  1
K1-17 (50/60)
 50
90.0
  7
YAZI (BEYKENT)
 72
     1
 11
3117.914596724884
 21
2274.167413679704
 31
0.0
100
AcDbText
 73
     2
  0
TEXT
  5
EC0
330
1F
100
AcDbEntity
  8
KIRIS ISMI (BEYKENT)
100
AcDbText
 10
3126.914596724884
 20
1505.359298136375
 30
0.0
 40
18.0
  1
K1-19 (30/60)
 50
90.0
  7
YAZI (BEYKENT)
 72
     1
 11
3117.914596724884
 21
1559.167413679704
 31
0.0
100
AcDbText
 73
     2
  0
TEXT
  5
EC1
330
1F
100
AcDbEntity
  8
KIRIS ISMI (BEYKENT)
100
AcDbText
 10
3126.914596724884
 20
842.9762169809416
 30
0.0
 40
18.0
  1
K1-24 (50/60)
 50
90.0
  7
YAZI (BEYKENT)
 72
     1
 11
3117.914596724884
 21
899.1674136797037
 31
0.0
100
AcDbText
 73
     2
  0
LWPOLYLINE
  5
EC2
330
1F
100
AcDbEntity
  8
KOLON (BEYKENT)
100
AcDbPolyline
 90
        4
 70
     1
 43
0.0
 10
5869.909947562883
 20
3424.167413679704
 10
5919.909947562882
 20
3424.167413679704
 10
5919.909947562882
 20
3474.167413679704
 10
5869.909947562883
 20
3474.167413679704
  0
TEXT
  5
EC3
330
1F
100
AcDbEntity
  8
KOLON ISMI (BEYKENT)
100
AcDbText
 10
5929.909947562883
 20
3405.650219731973
 30
0.0
 40
12.0
  1
S1-01
  7
YAZI (BEYKENT)
 11
5929.909947562883
 21
3402.167413679704
 31
0.0
100
AcDbText
 73
     1
  0
TEXT
  5
EC4
330
1F
100
AcDbEntity
  8
KOLON ISMI (BEYKENT)
100
AcDbText
 10
5929.909947562883
 20
3387.650219731973
 30
0.0
 40
12.0
  1
(50/50)
  7
YAZI (BEYKENT)
 11
5929.909947562883
 21
3384.167413679704
 31
0.0
100
AcDbText
 73
     1
  0
LWPOLYLINE
  5
EC5
330
1F
100
AcDbEntity
  8
KOLON (BEYKENT)
100
AcDbPolyline
 90
        4
 70
     1
 43
0.0
 10
6579.909947562882
 20
3144.167413679704
 10
6609.909947562883
 20
3144.167413679704
 10
6609.909947562883
 20
3474.167413679704
 10
6579.909947562882
 20
3474.167413679704
  0
TEXT
  5
EC6
330
1F
100
AcDbEntity
  8
KOLON ISMI (BEYKENT)
100
AcDbText
 10
6619.909947562883
 20
3125.650219731973
 30
0.0
 40
12.0
  1
S1-03
  7
YAZI (BEYKENT)
 11
6619.909947562883
 21
3122.167413679704
 31
0.0
100
AcDbText
 73
     1
  0
TEXT
  5
EC7
330
1F
100
AcDbEntity
  8
KOLON ISMI (BEYKENT)
100
AcDbText
 10
6619.909947562883
 20
3107.650219731973
 30
0.0
 40
12.0
  1
(30/330)
  7
YAZI (BEYKENT)
 11
6619.909947562883
 21
3104.167413679704
 31
0.0
100
AcDbText
 73
     1
  0
LWPOLYLINE
  5
EC8
330
1F
100
AcDbEntity
  8
KOLON (BEYKENT)
100
AcDbPolyline
 90
        4
 70
     1
 43
0.0
 10
7049.909947562882
 20
3424.167413679704
 10
7099.909947562882
 20
3424.167413679704
 10
7099.909947562882
 20
3474.167413679704
 10
7049.909947562882
 20
3474.167413679704
  0
TEXT
  5
EC9
330
1F
100
AcDbEntity
  8
KOLON ISMI (BEYKENT)
100
AcDbText
 10
7109.909947562883
 20
3405.650219731973
 30
0.0
 40
12.0
  1
S1-04
  7
YAZI (BEYKENT)
 11
7109.909947562883
 21
3402.167413679704
 31
0.0
100
AcDbText
 73
     1
  0
TEXT
  5
ECA
330
1F
100
AcDbEntity
  8
KOLON ISMI (BEYKENT)
100
AcDbText
 10
7109.909947562883
 20
3387.650219731973
 30
0.0
 40
12.0
  1
(50/50)
  7
YAZI (BEYKENT)
 11
7109.909947562883
 21
3384.167413679704
 31
0.0
100
AcDbText
 73
     1
  0
LWPOLYLINE
  5
ECB
330
1F
100
AcDbEntity
  8
KOLON (BEYKENT)
100
AcDbPolyline
 90
        4
 70
     1
 43
0.0
 10
6049.909947562883
 20
3144.167413679704
 10
6329.909947562883
 20
3144.167413679704
 10
6329.909947562883
 20
3174.167413679704
 10
6049.909947562883
 20
3174.167413679704
  0
TEXT
  5
ECC
330
1F
100
AcDbEntity
  8
KOLON ISMI (BEYKENT)
100
AcDbText
 10
6248.555126403553
 20
3125.650219731973
 30
0.0
 40
12.0
  1
S1-10
  7
YAZI (BEYKENT)
 11
6248.555126403553
 21
3122.167413679704
 31
0.0
100
AcDbText
 73
     1
  0
TEXT
  5
ECD
330
1F
100
AcDbEntity
  8
KOLON ISMI (BEYKENT)
100
AcDbText
 10
6248.555126403553
 20
3107.650219731973
 30
0.0
 40
12.0
  1
(280/30)
  7
YAZI (BEYKENT)
 11
6248.555126403553
 21
3104.167413679704
 31
0.0
100
AcDbText
 73
     1
  0
LWPOLYLINE
  5
ECE
330
1F
100
AcDbEntity
  8
KOLON (BEYKENT)
100
AcDbPolyline
 90
        4
 70
     1
 43
0.0
 10
3499.914596724885
 20
2899.167413679704
 10
3549.914596724884
 20
2899.167413679704
 10
3549.914596724884
 20
2949.167413679704
 10
3499.914596724885
 20
2949.167413679704
  0
TEXT
  5
ECF
330
1F
100
AcDbEntity
  8
KOLON ISMI (BEYKENT)
100
AcDbText
 10
3559.914596724885
 20
2880.650219731974
 30
0.0
 40
12.0
  1
S1-11
  7
YAZI (BEYKENT)
 11
3559.914596724885
 21
2877.167413679704
 31
0.0
100
AcDbText
 73
     1
  0
TEXT
  5
ED0
330
1F
100
AcDbEntity
  8
KOLON ISMI (BEYKENT)
100
AcDbText
 10
3559.914596724885
 20
2862.650219731973
 30
0.0
 40
12.0
  1
(50/50)
  7
YAZI (BEYKENT)
 11
3559.914596724885
 21
2859.167413679704
 31
0.0
100
AcDbText
 73
     1
  0
LWPOLYLINE
  5
ED1
330
1F
100
AcDbEntity
  8
KOLON (BEYKENT)
100
AcDbPolyline
 90
        4
 70
     1
 43
0.0
 10
4369.909947562883
 20
2769.167413679704
 10
4399.909947562883
 20
2769.167413679704
 10
4399.909947562883
 20
2949.167413679704
 10
4369.909947562883
 20
2949.167413679704
  0
TEXT
  5
ED2
330
1F
100
AcDbEntity
  8
KOLON ISMI (BEYKENT)
100
AcDbText
 10
4409.909947562883
 20
2750.650219731973
 30
0.0
 40
12.0
  1
S1-12
  7
YAZI (BEYKENT)
 11
4409.909947562883
 21
2747.167413679704
 31
0.0
100
AcDbText
 73
     1
  0
TEXT
  5
ED3
330
1F
100
AcDbEntity
  8
KOLON ISMI (BEYKENT)
100
AcDbText
 10
4409.909947562883
 20
2732.650219731973
 30
0.0
 40
12.0
  1
(30/180)
  7
YAZI (BEYKENT)
 11
4409.909947562883
 21
2729.167413679704
 31
0.0
100
AcDbText
 73
     1
  0
LWPOLYLINE
  5
ED4
330
1F
100
AcDbEntity
  8
KOLON (BEYKENT)
100
AcDbPolyline
 90
        4
 70
     1
 43
0.0
 10
4709.909947562882
 20
2769.167413679704
 10
4739.909947562883
 20
2769.167413679704
 10
4739.909947562883
 20
2949.167413679704
 10
4709.909947562882
 20
2949.167413679704
  0
TEXT
  5
ED5
330
1F
100
AcDbEntity
  8
KOLON ISMI (BEYKENT)
100
AcDbText
 10
4749.909947562882
 20
2750.650219731973
 30
0.0
 40
12.0
  1
S1-13
  7
YAZI (BEYKENT)
 11
4749.909947562882
 21
2747.167413679704
 31
0.0
100
AcDbText
 73
     1
  0
TEXT
  5
ED6
330
1F
100
AcDbEntity
  8
KOLON ISMI (BEYKENT)
100
AcDbText
 10
4749.909947562882
 20
2732.650219731973
 30
0.0
 40
12.0
  1
(30/180)
  7
YAZI (BEYKENT)
 11
4749.909947562882
 21
2729.167413679704
 31
0.0
100
AcDbText
 73
     1
  0
LWPOLYLINE
  5
ED7
330
1F
100
AcDbEntity
  8
KOLON (BEYKENT)
100
AcDbPolyline
 90
        4
 70
     1
 43
0.0
 10
4999.909947562883
 20
2899.167413679704
 10
5049.909947562883
 20
2899.167413679704
 10
5049.909947562883
 20
2949.167413679704
 10
4999.909947562883
 20
2949.167413679704
  0
TEXT
  5
ED8
330
1F
100
AcDbEntity
  8
KOLON ISMI (BEYKENT)
100
AcDbText
 10
5059.909947562882
 20
2880.650219731974
 30
0.0
 40
12.0
  1
S1-14
  7
YAZI (BEYKENT)
 11
5059.909947562882
 21
2877.167413679704
 31
0.0
100
AcDbText
 73
     1
  0
TEXT
  5
ED9
330
1F
100
AcDbEntity
  8
KOLON ISMI (BEYKENT)
100
AcDbText
 10
5059.909947562882
 20
2862.650219731973
 30
0.0
 40
12.0
  1
(50/50)
  7
YAZI (BEYKENT)
 11
5059.909947562882
 21
2859.167413679704
 31
0.0
100
AcDbText
 73
     1
  0
LWPOLYLINE
  5
EDA
330
1F
100
AcDbEntity
  8
KOLON (BEYKENT)
100
AcDbPolyline
 90
        4
 70
     1
 43
0.0
 10
6049.909947562883
 20
2919.167413679704
 10
6329.909947562883
 20
2919.167413679704
 10
6329.909947562883
 20
2949.167413679704
 10
6049.909947562883
 20
2949.167413679704
  0
TEXT
  5
EDB
330
1F
100
AcDbEntity
  8
KOLON ISMI (BEYKENT)
100
AcDbText
 10
6339.909947562883
 20
2900.650219731974
 30
0.0
 40
12.0
  1
S1-16
  7
YAZI (BEYKENT)
 11
6339.909947562883
 21
2897.167413679704
 31
0.0
100
AcDbText
 73
     1
  0
TEXT
  5
EDC
330
1F
100
AcDbEntity
  8
KOLON ISMI (BEYKENT)
100
AcDbText
 10
6339.909947562883
 20
2882.650219731973
 30
0.0
 40
12.0
  1
(280/30)
  7
YAZI (BEYKENT)
 11
6339.909947562883
 21
2879.167413679704
 31
0.0
100
AcDbText
 73
     1
  0
LWPOLYLINE
  5
EDD
330
1F
100
AcDbEntity
  8
KOLON (BEYKENT)
100
AcDbPolyline
 90
        4
 70
     1
 43
0.0
 10
5869.909947562883
 20
2774.167413679704
 10
5899.909947562883
 20
2774.167413679704
 10
5899.909947562883
 20
2954.167413679704
 10
5869.909947562883
 20
2954.167413679704
  0
TEXT
  5
EDE
330
1F
100
AcDbEntity
  8
KOLON ISMI (BEYKENT)
100
AcDbText
 10
5909.909947562883
 20
2755.650219731974
 30
0.0
 40
12.0
  1
S1-17
  7
YAZI (BEYKENT)
 11
5909.909947562883
 21
2752.167413679704
 31
0.0
100
AcDbText
 73
     1
  0
TEXT
  5
EDF
330
1F
100
AcDbEntity
  8
KOLON ISMI (BEYKENT)
100
AcDbText
 10
5909.909947562883
 20
2737.650219731973
 30
0.0
 40
12.0
  1
(30/180)
  7
YAZI (BEYKENT)
 11
5909.909947562883
 21
2734.167413679704
 31
0.0
100
AcDbText
 73
     1
  0
LWPOLYLINE
  5
EE0
330
1F
100
AcDbEntity
  8
KOLON (BEYKENT)
100
AcDbPolyline
 90
        4
 70
     1
 43
0.0
 10
6559.909947562883
 20
2774.167413679704
 10
6609.909947562883
 20
2774.167413679704
 10
6609.909947562883
 20
2824.167413679704
 10
6559.909947562883
 20
2824.167413679704
  0
TEXT
  5
EE1
330
1F
100
AcDbEntity
  8
KOLON ISMI (BEYKENT)
100
AcDbText
 10
6619.909947562883
 20
2755.650219731974
 30
0.0
 40
12.0
  1
S1-18
  7
YAZI (BEYKENT)
 11
6619.909947562883
 21
2752.167413679704
 31
0.0
100
AcDbText
 73
     1
  0
TEXT
  5
EE2
330
1F
100
AcDbEntity
  8
KOLON ISMI (BEYKENT)
100
AcDbText
 10
6619.909947562883
 20
2737.650219731973
 30
0.0
 40
12.0
  1
(50/50)
  7
YAZI (BEYKENT)
 11
6619.909947562883
 21
2734.167413679704
 31
0.0
100
AcDbText
 73
     1
  0
LWPOLYLINE
  5
EE3
330
1F
100
AcDbEntity
  8
KOLON (BEYKENT)
100
AcDbPolyline
 90
        4
 70
     1
 43
0.0
 10
6899.909947562882
 20
2774.167413679704
 10
7099.909947562882
 20
2774.167413679704
 10
7099.909947562882
 20
2804.167413679704
 10
6899.909947562882
 20
2804.167413679704
  0
TEXT
  5
EE4
330
1F
100
AcDbEntity
  8
KOLON ISMI (BEYKENT)
100
AcDbText
 10
7109.909947562883
 20
2755.650219731974
 30
0.0
 40
12.0
  1
S1-19
  7
YAZI (BEYKENT)
 11
7109.909947562883
 21
2752.167413679704
 31
0.0
100
AcDbText
 73
     1
  0
TEXT
  5
EE5
330
1F
100
AcDbEntity
  8
KOLON ISMI (BEYKENT)
100
AcDbText
 10
7109.909947562883
 20
2737.650219731973
 30
0.0
 40
12.0
  1
(200/30)
  7
YAZI (BEYKENT)
 11
7109.909947562883
 21
2734.167413679704
 31
0.0
100
AcDbText
 73
     1
  0
LWPOLYLINE
  5
EE6
330
1F
100
AcDbEntity
  8
KOLON (BEYKENT)
100
AcDbPolyline
 90
        4
 70
     1
 43
0.0
 10
3499.914596724885
 20
2249.167413679704
 10
3549.914596724884
 20
2249.167413679704
 10
3549.914596724884
 20
2299.167413679704
 10
3499.914596724885
 20
2299.167413679704
  0
TEXT
  5
EE7
330
1F
100
AcDbEntity
  8
KOLON ISMI (BEYKENT)
100
AcDbText
 10
3559.914596724885
 20
2230.650219731973
 30
0.0
 40
12.0
  1
S1-29
  7
YAZI (BEYKENT)
 11
3559.914596724885
 21
2227.167413679704
 31
0.0
100
AcDbText
 73
     1
  0
TEXT
  5
EE8
330
1F
100
AcDbEntity
  8
KOLON ISMI (BEYKENT)
100
AcDbText
 10
3559.914596724885
 20
2212.650219731973
 30
0.0
 40
12.0
  1
(50/50)
  7
YAZI (BEYKENT)
 11
3559.914596724885
 21
2209.167413679704
 31
0.0
100
AcDbText
 73
     1
  0
LWPOLYLINE
  5
EE9
330
1F
100
AcDbEntity
  8
KOLON (BEYKENT)
100
AcDbPolyline
 90
        4
 70
     1
 43
0.0
 10
4349.909947562883
 20
2249.167413679704
 10
4399.909947562883
 20
2249.167413679704
 10
4399.909947562883
 20
2299.167413679704
 10
4349.909947562883
 20
2299.167413679704
  0
TEXT
  5
EEA
330
1F
100
AcDbEntity
  8
KOLON ISMI (BEYKENT)
100
AcDbText
 10
4409.909947562883
 20
2230.650219731973
 30
0.0
 40
12.0
  1
S1-30
  7
YAZI (BEYKENT)
 11
4409.909947562883
 21
2227.167413679704
 31
0.0
100
AcDbText
 73
     1
  0
TEXT
  5
EEB
330
1F
100
AcDbEntity
  8
KOLON ISMI (BEYKENT)
100
AcDbText
 10
4409.909947562883
 20
2212.650219731973
 30
0.0
 40
12.0
  1
(50/50)
  7
YAZI (BEYKENT)
 11
4409.909947562883
 21
2209.167413679704
 31
0.0
100
AcDbText
 73
     1
  0
LWPOLYLINE
  5
EEC
330
1F
100
AcDbEntity
  8
KOLON (BEYKENT)
100
AcDbPolyline
 90
        4
 70
     1
 43
0.0
 10
4999.909947562883
 20
2249.167413679704
 10
5049.909947562883
 20
2249.167413679704
 10
5049.909947562883
 20
2299.167413679704
 10
4999.909947562883
 20
2299.167413679704
  0
TEXT
  5
EED
330
1F
100
AcDbEntity
  8
KOLON ISMI (BEYKENT)
100
AcDbText
 10
5059.909947562882
 20
2230.650219731973
 30
0.0
 40
12.0
  1
S1-31
  7
YAZI (BEYKENT)
 11
5059.909947562882
 21
2227.167413679704
 31
0.0
100
AcDbText
 73
     1
  0
TEXT
  5
EEE
330
1F
100
AcDbEntity
  8
KOLON ISMI (BEYKENT)
100
AcDbText
 10
5059.909947562882
 20
2212.650219731973
 30
0.0
 40
12.0
  1
(50/50)
  7
YAZI (BEYKENT)
 11
5059.909947562882
 21
2209.167413679704
 31
0.0
100
AcDbText
 73
     1
  0
LWPOLYLINE
  5
EEF
330
1F
100
AcDbEntity
  8
KOLON (BEYKENT)
100
AcDbPolyline
 90
        4
 70
     1
 43
0.0
 10
5849.909947562883
 20
2249.167413679704
 10
5899.909947562883
 20
2249.167413679704
 10
5899.909947562883
 20
2299.167413679704
 10
5849.909947562883
 20
2299.167413679704
  0
TEXT
  5
EF0
330
1F
100
AcDbEntity
  8
KOLON ISMI (BEYKENT)
100
AcDbText
 10
5909.909947562883
 20
2230.650219731973
 30
0.0
 40
12.0
  1
S1-33
  7
YAZI (BEYKENT)
 11
5909.909947562883
 21
2227.167413679704
 31
0.0
100
AcDbText
 73
     1
  0
TEXT
  5
EF1
330
1F
100
AcDbEntity
  8
KOLON ISMI (BEYKENT)
100
AcDbText
 10
5909.909947562883
 20
2212.650219731973
 30
0.0
 40
12.0
  1
(50/50)
  7
YAZI (BEYKENT)
 11
5909.909947562883
 21
2209.167413679704
 31
0.0
100
AcDbText
 73
     1
  0
LWPOLYLINE
  5
EF2
330
1F
100
AcDbEntity
  8
KOLON (BEYKENT)
100
AcDbPolyline
 90
        4
 70
     1
 43
0.0
 10
6559.909947562883
 20
2249.167413679704
 10
6609.909947562883
 20
2249.167413679704
 10
6609.909947562883
 20
2299.167413679704
 10
6559.909947562883
 20
2299.167413679704
  0
TEXT
  5
EF3
330
1F
100
AcDbEntity
  8
KOLON ISMI (BEYKENT)
100
AcDbText
 10
6619.909947562883
 20
2230.650219731973
 30
0.0
 40
12.0
  1
S1-34
  7
YAZI (BEYKENT)
 11
6619.909947562883
 21
2227.167413679704
 31
0.0
100
AcDbText
 73
     1
  0
TEXT
  5
EF4
330
1F
100
AcDbEntity
  8
KOLON ISMI (BEYKENT)
100
AcDbText
 10
6619.909947562883
 20
2212.650219731973
 30
0.0
 40
12.0
  1
(50/50)
  7
YAZI (BEYKENT)
 11
6619.909947562883
 21
2209.167413679704
 31
0.0
100
AcDbText
 73
     1
  0
LWPOLYLINE
  5
EF5
330
1F
100
AcDbEntity
  8
KOLON (BEYKENT)
100
AcDbPolyline
 90
        4
 70
     1
 43
0.0
 10
6899.909947562882
 20
2249.167413679704
 10
6949.909947562883
 20
2249.167413679704
 10
6949.909947562883
 20
2299.167413679704
 10
6899.909947562882
 20
2299.167413679704
  0
TEXT
  5
EF6
330
1F
100
AcDbEntity
  8
KOLON ISMI (BEYKENT)
100
AcDbText
 10
6959.909947562883
 20
2230.650219731973
 30
0.0
 40
12.0
  1
S1-35
  7
YAZI (BEYKENT)
 11
6959.909947562883
 21
2227.167413679704
 31
0.0
100
AcDbText
 73
     1
  0
TEXT
  5
EF7
330
1F
100
AcDbEntity
  8
KOLON ISMI (BEYKENT)
100
AcDbText
 10
6959.909947562883
 20
2212.650219731973
 30
0.0
 40
12.0
  1
(50/50)
  7
YAZI (BEYKENT)
 11
6959.909947562883
 21
2209.167413679704
 31
0.0
100
AcDbText
 73
     1
  0
LWPOLYLINE
  5
EF8
330
1F
100
AcDbEntity
  8
KOLON (BEYKENT)
100
AcDbPolyline
 90
        4
 70
     1
 43
0.0
 10
6559.909947562883
 20
1524.167413679704
 10
6609.909947562883
 20
1524.167413679704
 10
6609.909947562883
 20
1574.167413679704
 10
6559.909947562883
 20
1574.167413679704
  0
TEXT
  5
EF9
330
1F
100
AcDbEntity
  8
KOLON ISMI (BEYKENT)
100
AcDbText
 10
6619.909947562883
 20
1505.650219731973
 30
0.0
 40
12.0
  1
S1-43
  7
YAZI (BEYKENT)
 11
6619.909947562883
 21
1502.167413679704
 31
0.0
100
AcDbText
 73
     1
  0
TEXT
  5
EFA
330
1F
100
AcDbEntity
  8
KOLON ISMI (BEYKENT)
100
AcDbText
 10
6619.909947562883
 20
1487.650219731973
 30
0.0
 40
12.0
  1
(50/50)
  7
YAZI (BEYKENT)
 11
6619.909947562883
 21
1484.167413679704
 31
0.0
100
AcDbText
 73
     1
  0
LWPOLYLINE
  5
EFB
330
1F
100
AcDbEntity
  8
KOLON (BEYKENT)
100
AcDbPolyline
 90
        4
 70
     1
 43
0.0
 10
6899.909947562882
 20
1544.167413679703
 10
7099.909947562882
 20
1544.167413679703
 10
7099.909947562882
 20
1574.167413679704
 10
6899.909947562882
 20
1574.167413679704
  0
TEXT
  5
EFC
330
1F
100
AcDbEntity
  8
KOLON ISMI (BEYKENT)
100
AcDbText
 10
7109.909947562883
 20
1525.650219731973
 30
0.0
 40
12.0
  1
S1-44
  7
YAZI (BEYKENT)
 11
7109.909947562883
 21
1522.167413679704
 31
0.0
100
AcDbText
 73
     1
  0
TEXT
  5
EFD
330
1F
100
AcDbEntity
  8
KOLON ISMI (BEYKENT)
100
AcDbText
 10
7109.909947562883
 20
1507.650219731973
 30
0.0
 40
12.0
  1
(200/30)
  7
YAZI (BEYKENT)
 11
7109.909947562883
 21
1504.167413679704
 31
0.0
100
AcDbText
 73
     1
  0
LWPOLYLINE
  5
EFE
330
1F
100
AcDbEntity
  8
KOLON (BEYKENT)
100
AcDbPolyline
 90
        4
 70
     1
 43
0.0
 10
3499.914596724885
 20
1399.167413679704
 10
3549.914596724884
 20
1399.167413679704
 10
3549.914596724884
 20
1449.167413679704
 10
3499.914596724885
 20
1449.167413679704
  0
TEXT
  5
EFF
330
1F
100
AcDbEntity
  8
KOLON ISMI (BEYKENT)
100
AcDbText
 10
3559.914596724885
 20
1380.650219731973
 30
0.0
 40
12.0
  1
S1-48
  7
YAZI (BEYKENT)
 11
3559.914596724885
 21
1377.167413679704
 31
0.0
100
AcDbText
 73
     1
  0
TEXT
  5
F00
330
1F
100
AcDbEntity
  8
KOLON ISMI (BEYKENT)
100
AcDbText
 10
3559.914596724885
 20
1362.650219731973
 30
0.0
 40
12.0
  1
(50/50)
  7
YAZI (BEYKENT)
 11
3559.914596724885
 21
1359.167413679704
 31
0.0
100
AcDbText
 73
     1
  0
LWPOLYLINE
  5
F01
330
1F
100
AcDbEntity
  8
KOLON (BEYKENT)
100
AcDbPolyline
 90
        4
 70
     1
 43
0.0
 10
4349.909947562883
 20
1399.167413679704
 10
4399.909947562883
 20
1399.167413679704
 10
4399.909947562883
 20
1449.167413679704
 10
4349.909947562883
 20
1449.167413679704
  0
TEXT
  5
F02
330
1F
100
AcDbEntity
  8
KOLON ISMI (BEYKENT)
100
AcDbText
 10
4409.909947562883
 20
1380.650219731973
 30
0.0
 40
12.0
  1
S1-49
  7
YAZI (BEYKENT)
 11
4409.909947562883
 21
1377.167413679704
 31
0.0
100
AcDbText
 73
     1
  0
TEXT
  5
F03
330
1F
100
AcDbEntity
  8
KOLON ISMI (BEYKENT)
100
AcDbText
 10
4409.909947562883
 20
1362.650219731973
 30
0.0
 40
12.0
  1
(50/50)
  7
YAZI (BEYKENT)
 11
4409.909947562883
 21
1359.167413679704
 31
0.0
100
AcDbText
 73
     1
  0
LWPOLYLINE
  5
F04
330
1F
100
AcDbEntity
  8
KOLON (BEYKENT)
100
AcDbPolyline
 90
        4
 70
     1
 43
0.0
 10
4999.909947562883
 20
1399.167413679704
 10
5049.909947562883
 20
1399.167413679704
 10
5049.909947562883
 20
1449.167413679704
 10
4999.909947562883
 20
1449.167413679704
  0
TEXT
  5
F05
330
1F
100
AcDbEntity
  8
KOLON ISMI (BEYKENT)
100
AcDbText
 10
5059.909947562882
 20
1380.650219731973
 30
0.0
 40
12.0
  1
S1-50
  7
YAZI (BEYKENT)
 11
5059.909947562882
 21
1377.167413679704
 31
0.0
100
AcDbText
 73
     1
  0
TEXT
  5
F06
330
1F
100
AcDbEntity
  8
KOLON ISMI (BEYKENT)
100
AcDbText
 10
5059.909947562882
 20
1362.650219731973
 30
0.0
 40
12.0
  1
(50/50)
  7
YAZI (BEYKENT)
 11
5059.909947562882
 21
1359.167413679704
 31
0.0
100
AcDbText
 73
     1
  0
LWPOLYLINE
  5
F07
330
1F
100
AcDbEntity
  8
KOLON (BEYKENT)
100
AcDbPolyline
 90
        4
 70
     1
 43
0.0
 10
5869.909947562883
 20
1399.167413679704
 10
5899.909947562883
 20
1399.167413679704
 10
5899.909947562883
 20
1574.167413679704
 10
5869.909947562883
 20
1574.167413679704
  0
TEXT
  5
F08
330
1F
100
AcDbEntity
  8
KOLON ISMI (BEYKENT)
100
AcDbText
 10
5909.909947562883
 20
1380.650219731973
 30
0.0
 40
12.0
  1
S1-52
  7
YAZI (BEYKENT)
 11
5909.909947562883
 21
1377.167413679704
 31
0.0
100
AcDbText
 73
     1
  0
TEXT
  5
F09
330
1F
100
AcDbEntity
  8
KOLON ISMI (BEYKENT)
100
AcDbText
 10
5909.909947562883
 20
1362.650219731973
 30
0.0
 40
12.0
  1
(30/175)
  7
YAZI (BEYKENT)
 11
5909.909947562883
 21
1359.167413679704
 31
0.0
100
AcDbText
 73
     1
  0
LWPOLYLINE
  5
F0A
330
1F
100
AcDbEntity
  8
KOLON (BEYKENT)
100
AcDbPolyline
 90
        4
 70
     1
 43
0.0
 10
5869.909947562883
 20
874.1674136797037
 10
5919.909947562882
 20
874.1674136797037
 10
5919.909947562882
 20
924.1674136797037
 10
5869.909947562883
 20
924.1674136797037
  0
TEXT
  5
F0B
330
1F
100
AcDbEntity
  8
KOLON ISMI (BEYKENT)
100
AcDbText
 10
5929.909947562883
 20
855.6502197319732
 30
0.0
 40
12.0
  1
S1-55
  7
YAZI (BEYKENT)
 11
5929.909947562883
 21
852.1674136797036
 31
0.0
100
AcDbText
 73
     1
  0
TEXT
  5
F0C
330
1F
100
AcDbEntity
  8
KOLON ISMI (BEYKENT)
100
AcDbText
 10
5929.909947562883
 20
837.6502197319732
 30
0.0
 40
12.0
  1
(50/50)
  7
YAZI (BEYKENT)
 11
5929.909947562883
 21
834.1674136797037
 31
0.0
100
AcDbText
 73
     1
  0
LWPOLYLINE
  5
F0D
330
1F
100
AcDbEntity
  8
KOLON (BEYKENT)
100
AcDbPolyline
 90
        4
 70
     1
 43
0.0
 10
6559.909947562883
 20
874.1674136797037
 10
6609.909947562883
 20
874.1674136797037
 10
6609.909947562883
 20
924.1674136797037
 10
6559.909947562883
 20
924.1674136797037
  0
TEXT
  5
F0E
330
1F
100
AcDbEntity
  8
KOLON ISMI (BEYKENT)
100
AcDbText
 10
6619.909947562883
 20
855.6502197319732
 30
0.0
 40
12.0
  1
S1-57
  7
YAZI (BEYKENT)
 11
6619.909947562883
 21
852.1674136797036
 31
0.0
100
AcDbText
 73
     1
  0
TEXT
  5
F0F
330
1F
100
AcDbEntity
  8
KOLON ISMI (BEYKENT)
100
AcDbText
 10
6619.909947562883
 20
837.6502197319732
 30
0.0
 40
12.0
  1
(50/50)
  7
YAZI (BEYKENT)
 11
6619.909947562883
 21
834.1674136797037
 31
0.0
100
AcDbText
 73
     1
  0
LWPOLYLINE
  5
F10
330
1F
100
AcDbEntity
  8
KOLON (BEYKENT)
100
AcDbPolyline
 90
        4
 70
     1
 43
0.0
 10
7049.909947562882
 20
874.1674136797037
 10
7099.909947562882
 20
874.1674136797037
 10
7099.909947562882
 20
924.1674136797037
 10
7049.909947562882
 20
924.1674136797037
  0
TEXT
  5
F11
330
1F
100
AcDbEntity
  8
KOLON ISMI (BEYKENT)
100
AcDbText
 10
7109.909947562883
 20
855.6502197319732
 30
0.0
 40
12.0
  1
S1-58
  7
YAZI (BEYKENT)
 11
7109.909947562883
 21
852.1674136797036
 31
0.0
100
AcDbText
 73
     1
  0
TEXT
  5
F12
330
1F
100
AcDbEntity
  8
KOLON ISMI (BEYKENT)
100
AcDbText
 10
7109.909947562883
 20
837.6502197319732
 30
0.0
 40
12.0
  1
(50/50)
  7
YAZI (BEYKENT)
 11
7109.909947562883
 21
834.1674136797037
 31
0.0
100
AcDbText
 73
     1
  0
LWPOLYLINE
  5
F13
330
1F
100
AcDbEntity
  8
KALIP BOSLUK (BEYKENT)
370
    40
100
AcDbPolyline
 90
        4
 70
     1
 43
0.0
 10
4254.909947046508
 20
2574.167413438172
 10
4369.909947562868
 20
2574.167413438172
 10
4369.909947562868
 20
2539.167410675273
 10
4254.909947046508
 20
2539.167410675273
  0
LWPOLYLINE
  5
F14
330
1F
100
AcDbEntity
  8
KALIP BOSLUK (BEYKENT)
370
    40
100
AcDbPolyline
 90
        4
 70
     1
 43
0.0
 10
3849.909946969674
 20
2329.167413679475
 10
3864.909947565764
 20
2329.167413679475
 10
3864.909947565764
 20
2299.167419831531
 10
3849.909946969674
 20
2299.167419831531
  0
LWPOLYLINE
  5
F15
330
1F
100
AcDbEntity
  8
KALIP BOSLUK (BEYKENT)
370
    40
100
AcDbPolyline
 90
        4
 70
     1
 43
0.0
 10
4239.909890827104
 20
2529.167410675225
 10
4254.909947046494
 20
2529.167410675225
 10
4254.909947046494
 20
2499.167410675295
 10
4239.909890827104
 20
2499.167410675295
  0
LWPOLYLINE
  5
F16
330
1F
100
AcDbEntity
  8
KALIP BOSLUK (BEYKENT)
370
    40
100
AcDbPolyline
 90
        4
 70
     1
 43
0.0
 10
4104.909972783564
 20
1784.167414424719
 10
4134.909898277685
 20
1784.167414424719
 10
4134.909898277685
 20
1769.167427282119
 10
4104.909972783564
 20
1769.167427282119
  0
LWPOLYLINE
  5
F17
330
1F
100
AcDbEntity
  8
KALIP BOSLUK (BEYKENT)
370
    40
100
AcDbPolyline
 90
        4
 70
     1
 43
0.0
 10
4649.909928080036
 20
2079.167413679454
 10
4689.909947565735
 20
2079.167413679454
 10
4689.909947565735
 20
1984.167442183295
 10
4649.909928080036
 20
1984.167442183295
  0
LWPOLYLINE
  5
F18
330
1F
100
AcDbEntity
  8
KALIP BOSLUK (BEYKENT)
370
    40
100
AcDbPolyline
 90
        4
 70
     1
 43
0.0
 10
4674.909947565749
 20
1984.167413347354
 10
4689.909913178861
 20
1984.167413347354
 10
4689.909913178861
 20
1969.167352776241
 10
4674.909947565749
 20
1969.167352776241
  0
LWPOLYLINE
  5
F19
330
1F
100
AcDbEntity
  8
KALIP BOSLUK (BEYKENT)
370
    40
100
AcDbPolyline
 90
        4
 70
     1
 43
0.0
 10
4709.909947565851
 20
2079.167413569604
 10
4799.909947565836
 20
2079.167413569604
 10
4799.909947565836
 20
2039.167413541986
 10
4709.909947565851
 20
2039.167413541986
  0
LWPOLYLINE
  5
F1A
330
1F
100
AcDbEntity
  8
KALIP BOSLUK (BEYKENT)
370
    40
100
AcDbPolyline
 90
        4
 70
     1
 43
0.0
 10
4739.909947562883
 20
2429.167413679455
 10
4819.909947565808
 20
2429.167413679455
 10
4819.909947565808
 20
2389.167413651837
 10
4739.909947562883
 20
2389.167413651837
  0
LWPOLYLINE
  5
F1B
330
1F
100
AcDbEntity
  8
KALIP BOSLUK (BEYKENT)
370
    40
100
AcDbPolyline
 90
        4
 70
     1
 43
0.0
 10
4709.90990572828
 20
1919.167434732706
 10
4739.909947565764
 20
1919.167434732706
 10
4739.909947565764
 20
1904.167413679648
 10
4709.90990572828
 20
1904.167413679648
  0
LWPOLYLINE
  5
F1C
330
1F
100
AcDbEntity
  8
KALIP BOSLUK (BEYKENT)
370
    40
100
AcDbPolyline
 90
        4
 70
     1
 43
0.0
 10
5534.909947565705
 20
1954.167413679638
 10
5549.909972783564
 20
1954.167413679638
 10
5549.909972783564
 20
1894.167413679778
 10
5534.909947565705
 20
1894.167413679778
  0
LWPOLYLINE
  5
F1D
330
1F
100
AcDbEntity
  8
KALIP BOSLUK (BEYKENT)
370
    40
100
AcDbPolyline
 90
        4
 70
     1
 43
0.0
 10
5534.909947565735
 20
2434.167413679586
 10
5549.909947565735
 20
2434.167413679586
 10
5549.909947565735
 20
2404.167413679656
 10
5534.909947565735
 20
2404.167413679656
  0
LWPOLYLINE
  5
F1E
330
1F
100
AcDbEntity
  8
KALIP BOSLUK (BEYKENT)
370
    40
100
AcDbPolyline
 90
        4
 70
     1
 43
0.0
 10
5869.909980234144
 20
2299.167413679545
 10
5839.909948240565
 20
2299.167413679545
 10
5839.909948240565
 20
2449.167413679267
 10
5869.909980234144
 20
2449.167413679267
  0
LWPOLYLINE
  5
F1F
330
1F
100
AcDbEntity
  8
KALIP BOSLUK (BEYKENT)
370
    40
100
AcDbPolyline
 90
        4
 70
     1
 43
0.0
 10
5869.909980234144
 20
2459.167413679243
 10
5839.909948240507
 20
2459.167413679243
 10
5839.909948240507
 20
2609.167413679037
 10
5869.909980234144
 20
2609.167413679037
  0
LWPOLYLINE
  5
F20
330
1F
100
AcDbEntity
  8
KALIP BOSLUK (BEYKENT)
370
    40
100
AcDbPolyline
 90
        4
 70
     1
 43
0.0
 10
5869.909980234144
 20
2619.167413679794
 10
5839.909948240565
 20
2619.167413679794
 10
5839.909948240565
 20
2774.167413679622
 10
5869.909980234144
 20
2774.167413679622
  0
LWPOLYLINE
  5
F21
330
1F
100
AcDbEntity
  8
KALIP BOSLUK (BEYKENT)
370
    40
100
AcDbPolyline
 90
        4
 70
     1
 43
0.0
 10
6269.909947535365
 20
2684.167408984944
 10
6309.909942981212
 20
2684.167408984944
 10
6309.909942981212
 20
2774.167464535057
 10
6269.909947535365
 20
2774.167464535057
  0
LWPOLYLINE
  5
F22
330
1F
100
AcDbEntity
  8
KALIP BOSLUK (BEYKENT)
370
    40
100
AcDbPolyline
 90
        4
 70
     1
 43
0.0
 10
6279.909947534506
 20
2684.167408984944
 10
6324.90990572828
 20
2684.167390017794
 10
6324.90990572828
 20
2669.167390040566
 10
6279.909947534506
 20
2669.167409007717
  0
LWPOLYLINE
  5
F23
330
1F
100
AcDbEntity
  8
KALIP BOSLUK (BEYKENT)
370
    40
100
AcDbPolyline
 90
        4
 70
     1
 43
0.0
 10
6069.90990572828
 20
2484.167382578592
 10
6149.909946377207
 20
2484.167382578592
 10
6149.909946377207
 20
2439.167367677417
 10
6069.90990572828
 20
2439.167367677417
  0
LWPOLYLINE
  5
F24
330
1F
100
AcDbEntity
  8
KALIP BOSLUK (BEYKENT)
370
    40
100
AcDbPolyline
 90
        4
 70
     1
 43
0.0
 10
6069.90990572828
 20
2439.167367677417
 10
6084.909931805341
 20
2439.167367677417
 10
6084.909931805341
 20
2424.167413679129
 10
6069.90990572828
 20
2424.167413679129
  0
LWPOLYLINE
  5
F25
330
1F
100
AcDbEntity
  8
KALIP BOSLUK (BEYKENT)
370
    40
100
AcDbPolyline
 90
        4
 70
     1
 43
0.0
 10
6219.90995225963
 20
1399.167413679546
 10
6234.910002585915
 20
1399.167413679546
 10
6234.910002585915
 20
1369.167449633882
 10
6219.90995225963
 20
1369.167449633882
  0
LWPOLYLINE
  5
F26
330
1F
100
AcDbEntity
  8
KALIP BOSLUK (BEYKENT)
370
    40
100
AcDbPolyline
 90
        4
 70
     1
 43
0.0
 10
7009.509947562889
 20
1544.167413679599
 10
7049.909947562898
 20
1544.167413679599
 10
7049.909947562898
 20
1500.022419473903
 10
7009.509947562889
 20
1500.022419473903
  0
LWPOLYLINE
  5
F27
330
1F
100
AcDbEntity
  8
KALIP BOSLUK (BEYKENT)
370
    40
100
AcDbPolyline
 90
        4
 70
     1
 43
0.0
 10
7009.509947562889
 20
1490.02243226693
 10
7049.909947562898
 20
1490.02243226693
 10
7049.909947562898
 20
1450.022374770377
 10
7009.509947562889
 20
1450.022374770377
  0
LWPOLYLINE
  5
F28
330
1F
100
AcDbEntity
  8
KALIP BOSLUK (BEYKENT)
370
    40
100
AcDbPolyline
 90
        4
 70
     1
 43
0.0
 10
7049.909947562898
 20
1440.022441825666
 10
7009.509947562889
 20
1440.022441825666
 10
7009.509947562889
 20
1384.167412380943
 10
7049.909947562898
 20
1384.167412380943
  0
LWPOLYLINE
  5
F29
330
1F
100
AcDbEntity
  8
KALIP BOSLUK (BEYKENT)
370
    40
100
AcDbPolyline
 90
        4
 70
     1
 43
0.0
 10
6729.909913178861
 20
1384.167412380943
 10
6759.909965332983
 20
1384.167412380943
 10
6759.909965332983
 20
1369.167449633882
 10
6729.909913178861
 20
1369.167449633882
  0
LWPOLYLINE
  5
F2A
330
1F
100
AcDbEntity
  8
KALIP BOSLUK (BEYKENT)
370
    40
100
AcDbPolyline
 90
        4
 70
     1
 43
0.0
 10
6609.909957882388
 20
1919.167434732706
 10
6654.909947565792
 20
1919.167434732706
 10
6654.909947565792
 20
1904.167413679115
 10
6609.909957882388
 20
1904.167413679115
  0
LWPOLYLINE
  5
F2B
330
1F
100
AcDbEntity
  8
KALIP BOSLUK (BEYKENT)
370
    40
100
AcDbPolyline
 90
        4
 70
     1
 43
0.0
 10
6414.90994693066
 20
2504.167375128004
 10
6444.909946930675
 20
2504.167375128004
 10
6444.909946930675
 20
2489.167413679315
 10
6414.90994693066
 20
2489.167413679315
  0
LWPOLYLINE
  5
F2C
330
1F
100
AcDbEntity
  8
KALIP BOSLUK (BEYKENT)
370
    40
100
AcDbPolyline
 90
        4
 70
     1
 43
0.0
 10
6329.909955162417
 20
3144.167390029179
 10
6389.909955162373
 20
3144.167390029179
 10
6389.909955162373
 20
3094.167417479487
 10
6329.909955162417
 20
3094.167417479487
  0
LWPOLYLINE
  5
F2D
330
1F
100
AcDbEntity
  8
KALIP BOSLUK (BEYKENT)
370
    40
100
AcDbPolyline
 90
        4
 70
     1
 43
0.0
 10
6389.909955162373
 20
3144.167390029179
 10
6404.90995516233
 20
3144.167390029179
 10
6404.90995516233
 20
3129.167390029183
 10
6389.909955162373
 20
3129.167390029183
  0
LWPOLYLINE
  5
F2E
330
1F
100
AcDbEntity
  8
KALIP BOSLUK (BEYKENT)
370
    40
100
AcDbPolyline
 90
        4
 70
     1
 43
0.0
 10
6304.909957882344
 20
3144.167261764574
 10
6074.909980323595
 20
3144.167261764574
 10
6074.909980323595
 20
2949.16721196233
 10
6304.909957882344
 20
2949.16721196233
  0
LINE
  5
F2F
330
1F
100
AcDbEntity
  8
KAT SINIRI (BEYKENT)
100
AcDbLine
 10
6099.909962464044
 20
3174.167257964664
 30
0.0
 11
6099.909962464044
 21
3294.167241764681
 31
0.0
  0
LINE
  5
F30
330
1F
100
AcDbEntity
  8
MERDIVEN (BEYKENT)
370
    40
100
AcDbLine
 10
6129.910014618137
 20
3174.167257964664
 30
0.0
 11
6129.910014618137
 21
3294.167241764681
 31
0.0
  0
LINE
  5
F31
330
1F
100
AcDbEntity
  8
MERDIVEN (BEYKENT)
370
    40
100
AcDbLine
 10
6159.910066772259
 20
3174.167257964664
 30
0.0
 11
6159.910066772259
 21
3294.167241764681
 31
0.0
  0
LINE
  5
F32
330
1F
100
AcDbEntity
  8
MERDIVEN (BEYKENT)
370
    40
100
AcDbLine
 10
6189.910118926367
 20
3174.167257964664
 30
0.0
 11
6189.910118926367
 21
3294.167241764681
 31
0.0
  0
LINE
  5
F33
330
1F
100
AcDbEntity
  8
MERDIVEN (BEYKENT)
370
    40
100
AcDbLine
 10
6219.910171080475
 20
3174.167257964664
 30
0.0
 11
6219.910171080475
 21
3294.167241764681
 31
0.0
  0
LINE
  5
F34
330
1F
100
AcDbEntity
  8
MERDIVEN (BEYKENT)
370
    40
100
AcDbLine
 10
6249.910223234597
 20
3174.167257964664
 30
0.0
 11
6249.910223234597
 21
3294.167241764681
 31
0.0
  0
LINE
  5
F35
330
1F
100
AcDbEntity
  8
MERDIVEN (BEYKENT)
370
    40
100
AcDbLine
 10
6279.910275388705
 20
3174.167257964664
 30
0.0
 11
6279.910275388705
 21
3294.167241764681
 31
0.0
  0
LINE
  5
F36
330
1F
100
AcDbEntity
  8
MERDIVEN (BEYKENT)
370
    40
100
AcDbLine
 10
6309.910327542813
 20
3174.167257964664
 30
0.0
 11
6309.910327542813
 21
3294.167241764681
 31
0.0
  0
LINE
  5
F37
330
1F
100
AcDbEntity
  8
MERDIVEN (BEYKENT)
370
    40
100
AcDbLine
 10
6339.910379696935
 20
3174.167257964664
 30
0.0
 11
6339.910379696935
 21
3294.167241764681
 31
0.0
  0
LINE
  5
F38
330
1F
100
AcDbEntity
  8
MERDIVEN (BEYKENT)
370
    40
100
AcDbLine
 10
6369.910431851029
 20
3174.167257964664
 30
0.0
 11
6369.910431851029
 21
3294.167241764681
 31
0.0
  0
LINE
  5
F39
330
1F
100
AcDbEntity
  8
MERDIVEN (BEYKENT)
370
    40
100
AcDbLine
 10
6399.910484005151
 20
3174.167257964664
 30
0.0
 11
6399.910484005151
 21
3294.167241764681
 31
0.0
  0
LINE
  5
F3A
330
1F
100
AcDbEntity
  8
MERDIVEN (BEYKENT)
370
    40
100
AcDbLine
 10
6429.910536159259
 20
3174.167257964664
 30
0.0
 11
6429.910536159259
 21
3294.167241764681
 31
0.0
  0
LINE
  5
F3B
330
1F
100
AcDbEntity
  8
KAT SINIRI (BEYKENT)
100
AcDbLine
 10
6459.910588313367
 20
3174.167257964664
 30
0.0
 11
6459.910588313367
 21
3294.167241764681
 31
0.0
  0
LINE
  5
F3C
330
1F
100
AcDbEntity
  8
KAT SINIRI (BEYKENT)
100
AcDbLine
 10
6119.909932661707
 20
3424.167285169399
 30
0.0
 11
6119.909932661707
 21
3304.167301369382
 31
0.0
  0
LINE
  5
F3D
330
1F
100
AcDbEntity
  8
MERDIVEN (BEYKENT)
370
    40
100
AcDbLine
 10
6149.909984815815
 20
3424.167285169399
 30
0.0
 11
6149.909984815815
 21
3304.167301369382
 31
0.0
  0
LINE
  5
F3E
330
1F
100
AcDbEntity
  8
MERDIVEN (BEYKENT)
370
    40
100
AcDbLine
 10
6179.910036969937
 20
3424.167285169399
 30
0.0
 11
6179.910036969937
 21
3304.167301369382
 31
0.0
  0
LINE
  5
F3F
330
1F
100
AcDbEntity
  8
MERDIVEN (BEYKENT)
370
    40
100
AcDbLine
 10
6209.91008912403
 20
3424.167285169399
 30
0.0
 11
6209.91008912403
 21
3304.167301369382
 31
0.0
  0
LINE
  5
F40
330
1F
100
AcDbEntity
  8
MERDIVEN (BEYKENT)
370
    40
100
AcDbLine
 10
6239.910141278153
 20
3424.167285169399
 30
0.0
 11
6239.910141278153
 21
3304.167301369382
 31
0.0
  0
LINE
  5
F41
330
1F
100
AcDbEntity
  8
MERDIVEN (BEYKENT)
370
    40
100
AcDbLine
 10
6269.91019343226
 20
3424.167285169399
 30
0.0
 11
6269.91019343226
 21
3304.167301369382
 31
0.0
  0
LINE
  5
F42
330
1F
100
AcDbEntity
  8
MERDIVEN (BEYKENT)
370
    40
100
AcDbLine
 10
6299.910245586368
 20
3424.167285169399
 30
0.0
 11
6299.910245586368
 21
3304.167301369382
 31
0.0
  0
LINE
  5
F43
330
1F
100
AcDbEntity
  8
MERDIVEN (BEYKENT)
370
    40
100
AcDbLine
 10
6329.910297740491
 20
3424.167285169399
 30
0.0
 11
6329.910297740491
 21
3304.167301369382
 31
0.0
  0
LINE
  5
F44
330
1F
100
AcDbEntity
  8
MERDIVEN (BEYKENT)
370
    40
100
AcDbLine
 10
6359.910349894598
 20
3424.167285169399
 30
0.0
 11
6359.910349894598
 21
3304.167301369382
 31
0.0
  0
LINE
  5
F45
330
1F
100
AcDbEntity
  8
MERDIVEN (BEYKENT)
370
    40
100
AcDbLine
 10
6389.910402048706
 20
3424.167285169399
 30
0.0
 11
6389.910402048706
 21
3304.167301369382
 31
0.0
  0
LINE
  5
F46
330
1F
100
AcDbEntity
  8
MERDIVEN (BEYKENT)
370
    40
100
AcDbLine
 10
6419.910454202829
 20
3424.167285169399
 30
0.0
 11
6419.910454202829
 21
3304.167301369382
 31
0.0
  0
LINE
  5
F47
330
1F
100
AcDbEntity
  8
KAT SINIRI (BEYKENT)
100
AcDbLine
 10
6449.910506356921
 20
3424.167285169399
 30
0.0
 11
6449.910506356921
 21
3304.167301369382
 31
0.0
  0
LWPOLYLINE
  5
F48
330
1F
100
AcDbEntity
  8
KAT SINIRI (BEYKENT)
100
AcDbPolyline
 90
        4
 70
     1
 43
0.0
 10
6459.909932661706
 20
3304.167612799482
 10
6099.909962464044
 20
3304.167612799482
 10
6099.909962464044
 20
3294.167241764681
 10
6459.909932661706
 20
3294.167241764681
  0
LINE
  5
F49
330
1F
100
AcDbEntity
  8
CIZGI (BEYKENT)
100
AcDbLine
 10
6729.909913178861
 20
1369.167449633882
 30
0.0
 11
6759.909965332983
 21
1384.167412380943
 31
0.0
  0
LINE
  5
F4A
330
1F
100
AcDbEntity
  8
CIZGI (BEYKENT)
100
AcDbLine
 10
6729.909913178861
 20
1384.167412380943
 30
0.0
 11
6759.909965332983
 21
1369.167449633882
 31
0.0
  0
LINE
  5
F4B
330
1F
100
AcDbEntity
  8
CIZGI (BEYKENT)
100
AcDbLine
 10
7009.509947562889
 20
1384.167412380943
 30
0.0
 11
7049.909947562882
 21
1440.022441825666
 31
0.0
  0
LINE
  5
F4C
330
1F
100
AcDbEntity
  8
CIZGI (BEYKENT)
100
AcDbLine
 10
7009.509947562889
 20
1440.022441825666
 30
0.0
 11
7049.909947562882
 21
1384.167412380943
 31
0.0
  0
LINE
  5
F4D
330
1F
100
AcDbEntity
  8
CIZGI (BEYKENT)
100
AcDbLine
 10
7009.509947562889
 20
1450.022374770377
 30
0.0
 11
7049.909947562898
 21
1490.02243226693
 31
0.0
  0
LINE
  5
F4E
330
1F
100
AcDbEntity
  8
CIZGI (BEYKENT)
100
AcDbLine
 10
7009.509947562889
 20
1490.02243226693
 30
0.0
 11
7049.909947562882
 21
1450.022374770377
 31
0.0
  0
LINE
  5
F4F
330
1F
100
AcDbEntity
  8
CIZGI (BEYKENT)
100
AcDbLine
 10
7009.509947562889
 20
1544.167413679599
 30
0.0
 11
7049.909947562882
 21
1500.022419473903
 31
0.0
  0
LINE
  5
F50
330
1F
100
AcDbEntity
  8
CIZGI (BEYKENT)
100
AcDbLine
 10
7009.509947562889
 20
1500.022419473903
 30
0.0
 11
7049.909947562882
 21
1544.167413679599
 31
0.0
  0
LINE
  5
F51
330
1F
100
AcDbEntity
  8
CIZGI (BEYKENT)
100
AcDbLine
 10
6219.90995225963
 20
1369.167449633882
 30
0.0
 11
6234.910002585915
 21
1399.167413679546
 31
0.0
  0
LINE
  5
F52
330
1F
100
AcDbEntity
  8
CIZGI (BEYKENT)
100
AcDbLine
 10
6219.90995225963
 20
1399.167413679704
 30
0.0
 11
6234.910002585915
 21
1369.167449633882
 31
0.0
  0
LINE
  5
F53
330
1F
100
AcDbEntity
  8
CIZGI (BEYKENT)
100
AcDbLine
 10
4104.909972783564
 20
1769.167427282119
 30
0.0
 11
4134.909898277685
 21
1784.167414424719
 31
0.0
  0
LINE
  5
F54
330
1F
100
AcDbEntity
  8
CIZGI (BEYKENT)
100
AcDbLine
 10
4104.909972783564
 20
1784.167414424719
 30
0.0
 11
4134.909898277685
 21
1769.167427282119
 31
0.0
  0
LINE
  5
F55
330
1F
100
AcDbEntity
  8
CIZGI (BEYKENT)
100
AcDbLine
 10
4649.909928080036
 20
1984.167442183295
 30
0.0
 11
4689.909947565735
 21
2079.167413679454
 31
0.0
  0
LINE
  5
F56
330
1F
100
AcDbEntity
  8
CIZGI (BEYKENT)
100
AcDbLine
 10
4649.909928080036
 20
2079.167413679454
 30
0.0
 11
4689.909913178861
 21
1984.167413347354
 31
0.0
  0
LINE
  5
F57
330
1F
100
AcDbEntity
  8
CIZGI (BEYKENT)
100
AcDbLine
 10
4674.909947565749
 20
1969.167352776241
 30
0.0
 11
4689.909947565735
 21
1984.167331678497
 31
0.0
  0
LINE
  5
F58
330
1F
100
AcDbEntity
  8
CIZGI (BEYKENT)
100
AcDbLine
 10
4674.909947565749
 20
1984.167413347354
 30
0.0
 11
4689.909913178861
 21
1969.167352776241
 31
0.0
  0
LINE
  5
F59
330
1F
100
AcDbEntity
  8
CIZGI (BEYKENT)
100
AcDbLine
 10
4709.90990572828
 20
1904.167413679648
 30
0.0
 11
4739.909947565764
 21
1919.167434732706
 31
0.0
  0
LINE
  5
F5A
330
1F
100
AcDbEntity
  8
CIZGI (BEYKENT)
100
AcDbLine
 10
4709.90990572828
 20
1919.167434732706
 30
0.0
 11
4739.909947562883
 21
1904.167413679648
 31
0.0
  0
LINE
  5
F5B
330
1F
100
AcDbEntity
  8
CIZGI (BEYKENT)
100
AcDbLine
 10
4709.909947565851
 20
2039.167413541986
 30
0.0
 11
4799.909947565836
 21
2079.167413569604
 31
0.0
  0
LINE
  5
F5C
330
1F
100
AcDbEntity
  8
CIZGI (BEYKENT)
100
AcDbLine
 10
4709.909947565851
 20
2079.167413569604
 30
0.0
 11
4799.909947565836
 21
2039.167413541986
 31
0.0
  0
LINE
  5
F5D
330
1F
100
AcDbEntity
  8
CIZGI (BEYKENT)
100
AcDbLine
 10
3849.909946969674
 20
2299.167413679704
 30
0.0
 11
3864.909947565764
 21
2329.167413679475
 31
0.0
  0
LINE
  5
F5E
330
1F
100
AcDbEntity
  8
CIZGI (BEYKENT)
100
AcDbLine
 10
3849.909946969674
 20
2329.167413679475
 30
0.0
 11
3864.909947565764
 21
2299.167419831531
 31
0.0
  0
LINE
  5
F5F
330
1F
100
AcDbEntity
  8
CIZGI (BEYKENT)
100
AcDbLine
 10
4239.909890827104
 20
2499.167410675295
 30
0.0
 11
4254.909947046494
 21
2529.167410675225
 31
0.0
  0
LINE
  5
F60
330
1F
100
AcDbEntity
  8
CIZGI (BEYKENT)
100
AcDbLine
 10
4239.909890827104
 20
2529.167410675225
 30
0.0
 11
4254.909947046494
 21
2499.167410675295
 31
0.0
  0
LINE
  5
F61
330
1F
100
AcDbEntity
  8
CIZGI (BEYKENT)
100
AcDbLine
 10
4254.909947046508
 20
2539.167410675273
 30
0.0
 11
4369.909947562868
 21
2574.167413438172
 31
0.0
  0
LINE
  5
F62
330
1F
100
AcDbEntity
  8
CIZGI (BEYKENT)
100
AcDbLine
 10
4254.909947046508
 20
2574.167413438172
 30
0.0
 11
4369.909947562883
 21
2539.167410675273
 31
0.0
  0
LINE
  5
F63
330
1F
100
AcDbEntity
  8
CIZGI (BEYKENT)
100
AcDbLine
 10
4739.909947562883
 20
2389.167413651837
 30
0.0
 11
4819.909947565808
 21
2429.167413679455
 31
0.0
  0
LINE
  5
F64
330
1F
100
AcDbEntity
  8
CIZGI (BEYKENT)
100
AcDbLine
 10
4739.909947562883
 20
2429.167413679455
 30
0.0
 11
4819.909947565808
 21
2389.167413651837
 31
0.0
  0
LINE
  5
F65
330
1F
100
AcDbEntity
  8
CIZGI (BEYKENT)
100
AcDbLine
 10
5534.909947565735
 20
2404.167413679656
 30
0.0
 11
5549.909947565735
 21
2434.167413679586
 31
0.0
  0
LINE
  5
F66
330
1F
100
AcDbEntity
  8
CIZGI (BEYKENT)
100
AcDbLine
 10
5534.909947565735
 20
2434.167413679586
 30
0.0
 11
5549.909947565735
 21
2404.167413679656
 31
0.0
  0
LINE
  5
F67
330
1F
100
AcDbEntity
  8
CIZGI (BEYKENT)
100
AcDbLine
 10
5534.909947565705
 20
1894.167413679778
 30
0.0
 11
5549.909972783564
 21
1954.167413679638
 31
0.0
  0
LINE
  5
F68
330
1F
100
AcDbEntity
  8
CIZGI (BEYKENT)
100
AcDbLine
 10
5534.909947565705
 20
1954.167413679638
 30
0.0
 11
5549.909972783564
 21
1894.167413679778
 31
0.0
  0
LINE
  5
F69
330
1F
100
AcDbEntity
  8
CIZGI (BEYKENT)
100
AcDbLine
 10
5839.909948240565
 20
2619.167413679794
 30
0.0
 11
5869.909980234144
 21
2774.167413679622
 31
0.0
  0
LINE
  5
F6A
330
1F
100
AcDbEntity
  8
CIZGI (BEYKENT)
100
AcDbLine
 10
5839.909948240565
 20
2774.167413679704
 30
0.0
 11
5869.909947562883
 21
2619.167413679794
 31
0.0
  0
LINE
  5
F6B
330
1F
100
AcDbEntity
  8
CIZGI (BEYKENT)
100
AcDbLine
 10
5839.909948240507
 20
2609.167413679037
 30
0.0
 11
5869.909947562883
 21
2459.167413679243
 31
0.0
  0
LINE
  5
F6C
330
1F
100
AcDbEntity
  8
CIZGI (BEYKENT)
100
AcDbLine
 10
5839.909948240507
 20
2459.167413679243
 30
0.0
 11
5869.909947562883
 21
2609.167413679037
 31
0.0
  0
LINE
  5
F6D
330
1F
100
AcDbEntity
  8
CIZGI (BEYKENT)
100
AcDbLine
 10
5839.909948240565
 20
2449.167413679267
 30
0.0
 11
5869.909947562883
 21
2299.167413679704
 31
0.0
  0
LINE
  5
F6E
330
1F
100
AcDbEntity
  8
CIZGI (BEYKENT)
100
AcDbLine
 10
5839.909948240565
 20
2299.167413679704
 30
0.0
 11
5869.909980234144
 21
2449.167413679267
 31
0.0
  0
LINE
  5
F6F
330
1F
100
AcDbEntity
  8
CIZGI (BEYKENT)
100
AcDbLine
 10
6069.90990572828
 20
2424.167413679129
 30
0.0
 11
6084.909931805341
 21
2439.167367677417
 31
0.0
  0
LINE
  5
F70
330
1F
100
AcDbEntity
  8
CIZGI (BEYKENT)
100
AcDbLine
 10
6069.90990572828
 20
2439.167413679704
 30
0.0
 11
6084.909931805341
 21
2424.167413679129
 31
0.0
  0
LINE
  5
F71
330
1F
100
AcDbEntity
  8
CIZGI (BEYKENT)
100
AcDbLine
 10
6069.90990572828
 20
2484.167382578592
 30
0.0
 11
6149.909946377207
 21
2439.167413679704
 31
0.0
  0
LINE
  5
F72
330
1F
100
AcDbEntity
  8
CIZGI (BEYKENT)
100
AcDbLine
 10
6149.909946377207
 20
2484.167382578592
 30
0.0
 11
6069.90990572828
 21
2439.167413679704
 31
0.0
  0
LINE
  5
F73
330
1F
100
AcDbEntity
  8
CIZGI (BEYKENT)
100
AcDbLine
 10
6414.90994693066
 20
2489.167413679315
 30
0.0
 11
6444.909946930675
 21
2504.167375128004
 31
0.0
  0
LINE
  5
F74
330
1F
100
AcDbEntity
  8
CIZGI (BEYKENT)
100
AcDbLine
 10
6414.90994693066
 20
2504.116925646263
 30
0.0
 11
6444.909946930675
 21
2489.167413679315
 31
0.0
  0
LINE
  5
F75
330
1F
100
AcDbEntity
  8
CIZGI (BEYKENT)
100
AcDbLine
 10
6279.909947534506
 20
2669.167409007717
 30
0.0
 11
6324.90990572828
 21
2684.167390017794
 31
0.0
  0
LINE
  5
F76
330
1F
100
AcDbEntity
  8
CIZGI (BEYKENT)
100
AcDbLine
 10
6279.909947534506
 20
2684.167408984944
 30
0.0
 11
6324.90990572828
 21
2669.167390040566
 31
0.0
  0
LINE
  5
F77
330
1F
100
AcDbEntity
  8
CIZGI (BEYKENT)
100
AcDbLine
 10
6269.909947535365
 20
2774.167464535057
 30
0.0
 11
6309.909942981212
 21
2684.167396340167
 31
0.0
  0
LINE
  5
F78
330
1F
100
AcDbEntity
  8
CIZGI (BEYKENT)
100
AcDbLine
 10
6309.909942981212
 20
2774.167413679704
 30
0.0
 11
6269.909947535365
 21
2684.167408984944
 31
0.0
  0
LINE
  5
F79
330
1F
100
AcDbEntity
  8
CIZGI (BEYKENT)
100
AcDbLine
 10
6329.909947562883
 20
3094.167417479487
 30
0.0
 11
6389.909955162373
 21
3144.167413679704
 31
0.0
  0
LINE
  5
F7A
330
1F
100
AcDbEntity
  8
CIZGI (BEYKENT)
100
AcDbLine
 10
6329.909947562883
 20
3144.167413679704
 30
0.0
 11
6389.909955162373
 21
3094.167417479487
 31
0.0
  0
LINE
  5
F7B
330
1F
100
AcDbEntity
  8
CIZGI (BEYKENT)
100
AcDbLine
 10
6389.909955162373
 20
3129.167390029183
 30
0.0
 11
6404.90995516233
 21
3144.167390029179
 31
0.0
  0
LINE
  5
F7C
330
1F
100
AcDbEntity
  8
CIZGI (BEYKENT)
100
AcDbLine
 10
6389.909955162373
 20
3144.167390029179
 30
0.0
 11
6404.90995516233
 21
3129.167390029183
 31
0.0
  0
LINE
  5
F7D
330
1F
100
AcDbEntity
  8
CIZGI (BEYKENT)
100
AcDbLine
 10
6609.909947562883
 20
1904.167413679115
 30
0.0
 11
6654.909947565792
 21
1919.167434732706
 31
0.0
  0
LINE
  5
F7E
330
1F
100
AcDbEntity
  8
CIZGI (BEYKENT)
100
AcDbLine
 10
6609.909957882388
 20
1919.167434732706
 30
0.0
 11
6654.909947565792
 21
1904.167413679115
 31
0.0
  0
LINE
  5
F7F
330
1F
100
AcDbEntity
  8
CIZGI (BEYKENT)
100
AcDbLine
 10
6074.909980323595
 20
2949.16721196233
 30
0.0
 11
6304.909957882344
 21
3144.167413679704
 31
0.0
  0
LINE
  5
F80
330
1F
100
AcDbEntity
  8
CIZGI (BEYKENT)
100
AcDbLine
 10
6074.909980323595
 20
3144.167261764574
 30
0.0
 11
6304.909947562883
 21
2949.167413679704
 31
0.0
  0
LWPOLYLINE
  5
F81
330
1F
100
AcDbEntity
  8
MERDIVEN YAZI (BEYKENT)
100
AcDbPolyline
 90
        4
 70
     0
 43
0.0
 10
6112.236267586769
 20
3234.167249864672
 10
6519.910276823161
 20
3234.167249864672
 10
6519.910276823161
 20
3364.167293269391
 10
6119.909932661707
 20
3364.167293269391
  0
LWPOLYLINE
  5
F82
330
1F
100
AcDbEntity
  8
MERDIVEN YAZI (BEYKENT)
100
AcDbPolyline
 90
        3
 70
     1
 43
0.0
 10
6109.909932661707
 20
3364.167293269392
 10
6124.909932661707
 20
3355.507039231554
 10
6124.909932661707
 20
3372.827547307229
  0
LWPOLYLINE
  5
F83
330
1F
100
AcDbEntity
  8
DONATI (BEYKENT)
100
AcDbPolyline
 90
        6
 70
     0
 43
0.0
 10
5896.909947562883
 20
3219.120373784539
 10
5825.909947562868
 20
3219.120373784538
 42
-0.4142135623730969
 10
5822.909947562869
 20
3222.120373784538
 10
5822.909947562869
 20
3222.120373784538
 42
-0.4142135623730942
 10
5825.909947562868
 20
3225.120373784538
 10
5952.659951288173
 20
3225.120373784538
  0
TEXT
  5
F84
330
1F
100
AcDbEntity
  8
DONATI YAZISI (BEYKENT)
100
AcDbText
 10
5825.446398732072
 20
3230.120373784539
 30
0.0
 40
10.0
  1
24ø10/20 L=198
  7
DONATI YAZISI (BEYKENT)
 72
     1
 11
5859.909947562883
 21
3235.120373784538
 31
0.0
100
AcDbText
 73
     2
  0
LWPOLYLINE
  5
F85
330
1F
100
AcDbEntity
  8
DONATI (BEYKENT)
100
AcDbPolyline
 90
        2
 70
     0
 43
0.0
 10
4802.914596724899
 20
2969.918780439012
 10
3502.914596724899
 20
2969.918780439013
  0
TEXT
  5
F86
330
1F
100
AcDbEntity
  8
DONATI YAZISI (BEYKENT)
100
AcDbText
 10
4026.434255126617
 20
2974.918780439013
 30
0.0
 40
10.0
  1
3ø10/20 L=1300
  7
DONATI YAZISI (BEYKENT)
 72
     1
 11
4060.856538482876
 21
2979.918780439012
 31
0.0
100
AcDbText
 73
     2
  0
LWPOLYLINE
  5
F87
330
1F
100
AcDbEntity
  8
DONATI (BEYKENT)
100
AcDbPolyline
 90
        2
 70
     0
 43
0.0
 10
5896.909947562883
 20
2964.918780439012
 10
4728.714596724901
 20
2964.918780439012
  0
TEXT
  5
F88
330
1F
100
AcDbEntity
  8
DONATI YAZISI (BEYKENT)
100
AcDbText
 10
5279.528228127386
 20
2969.918780439012
 30
0.0
 40
10.0
  1
3ø10/20 L=1170
  7
DONATI YAZISI (BEYKENT)
 72
     1
 11
5312.812272143892
 21
2974.918780439012
 31
0.0
100
AcDbText
 73
     2
  0
LWPOLYLINE
  5
F89
330
1F
100
AcDbEntity
  8
DONATI (BEYKENT)
100
AcDbPolyline
 90
        2
 70
     0
 43
0.0
 10
6071.90998032361
 20
2979.040945699733
 10
5872.909947562868
 20
2979.040945699733
  0
TEXT
  5
F8A
330
1F
100
AcDbEntity
  8
DONATI YAZISI (BEYKENT)
100
AcDbText
 10
5914.258586865773
 20
2984.040945699732
 30
0.0
 40
10.0
  1
10ø10/20 L=200
  7
DONATI YAZISI (BEYKENT)
 72
     1
 11
5948.83217696206
 21
2989.040945699732
 31
0.0
100
AcDbText
 73
     2
  0
LWPOLYLINE
  5
F8B
330
1F
100
AcDbEntity
  8
DONATI (BEYKENT)
100
AcDbPolyline
 90
        2
 70
     0
 43
0.0
 10
6606.909947562883
 20
2979.040945699733
 10
6307.90995788233
 20
2979.040945699733
  0
TEXT
  5
F8C
330
1F
100
AcDbEntity
  8
DONATI YAZISI (BEYKENT)
100
AcDbText
 10
6424.583267715736
 20
2984.040945699732
 30
0.0
 40
10.0
  1
5ø10/40 L=300
  7
DONATI YAZISI (BEYKENT)
 72
     1
 11
6457.409952722613
 21
2989.040945699732
 31
0.0
100
AcDbText
 73
     2
  0
LWPOLYLINE
  5
F8D
330
1F
100
AcDbEntity
  8
DONATI (BEYKENT)
100
AcDbPolyline
 90
       12
 70
     0
 43
0.0
 10
6307.90995788233
 20
2957.840935380271
 10
6307.90995788233
 20
3007.040945699732
 42
-0.4142135623730893
 10
6310.90995788233
 20
3010.040945699732
 10
6374.667306875744
 20
3010.040945699734
 42
-0.1989123673796632
 10
6376.788627219307
 20
3009.162266043293
 10
6381.03126790643
 20
3004.919625356174
 42
0.1989123673796561
 10
6383.152588249991
 20
3004.040945699734
 10
6506.667306875759
 20
3004.040945699733
 42
0.1989123673796598
 10
6508.788627219321
 20
3004.919625356173
 10
6513.031267906445
 20
3009.162266043292
 42
-0.198912367379658
 10
6515.152588250007
 20
3010.040945699733
 10
6721.909947562882
 20
3010.040945699733
  0
TEXT
  5
F8E
330
1F
100
AcDbEntity
  8
DONATI YAZISI (BEYKENT)
100
AcDbText
 10
6424.572951347098
 20
3009.040945699732
 30
0.0
 40
10.0
  1
5ø10/40 L=470
  7
DONATI YAZISI (BEYKENT)
 72
     1
 11
6457.409952722613
 21
3014.040945699732
 31
0.0
100
AcDbText
 73
     2
  0
LWPOLYLINE
  5
F8F
330
1F
100
AcDbEntity
  8
DONATI (BEYKENT)
100
AcDbPolyline
 90
        2
 70
     0
 43
0.0
 10
7096.909947562868
 20
2969.040945699732
 10
6562.909947562883
 20
2969.040945699733
  0
TEXT
  5
F90
330
1F
100
AcDbEntity
  8
DONATI YAZISI (BEYKENT)
100
AcDbText
 10
6795.442959942525
 20
2974.040945699732
 30
0.0
 40
10.0
  1
16ø10/40 L=535
  7
DONATI YAZISI (BEYKENT)
 72
     1
 11
6829.909947562883
 21
2979.040945699733
 31
0.0
100
AcDbText
 73
     2
  0
LWPOLYLINE
  5
F91
330
1F
100
AcDbEntity
  8
DONATI (BEYKENT)
100
AcDbPolyline
 90
       10
 70
     0
 43
0.0
 10
6501.909947562883
 20
3000.040945699733
 10
6696.667306875759
 20
3000.040945699733
 42
-0.198912367379658
 10
6698.788627219321
 20
2999.162266043292
 10
6703.031267906445
 20
2994.919625356173
 42
0.1989123673796576
 10
6705.152588250006
 20
2994.040945699733
 10
6954.66730687576
 20
2994.040945699732
 42
0.1989123673796584
 10
6956.788627219321
 20
2994.919625356173
 10
6961.031267906445
 20
2999.162266043292
 42
-0.198912367379658
 10
6963.152588250007
 20
3000.040945699732
 10
7112.659947562868
 20
3000.040945699732
  0
TEXT
  5
F92
330
1F
100
AcDbEntity
  8
DONATI YAZISI (BEYKENT)
100
AcDbText
 10
6796.495229543625
 20
2999.040945699733
 30
0.0
 40
10.0
  1
16ø10/40 L=615
  7
DONATI YAZISI (BEYKENT)
 72
     1
 11
6829.909947562883
 21
3004.040945699733
 31
0.0
100
AcDbText
 73
     2
  0
LWPOLYLINE
  5
F93
330
1F
100
AcDbEntity
  8
DONATI (BEYKENT)
100
AcDbPolyline
 90
        2
 70
     0
 43
0.0
 10
6720.909947562883
 20
3035.040945699733
 10
6501.409947562883
 20
3035.040945699733
  0
TEXT
  5
F94
330
1F
100
AcDbEntity
  8
DONATI YAZISI (BEYKENT)
100
AcDbText
 10
6576.816756366183
 20
3040.040945699733
 30
0.0
 40
10.0
  1
21ø10/30 L=220
  7
DONATI YAZISI (BEYKENT)
 72
     1
 11
6611.159947562882
 21
3045.040945699733
 31
0.0
100
AcDbText
 73
     2
  0
LWPOLYLINE
  5
F95
330
1F
100
AcDbEntity
  8
DONATI (BEYKENT)
100
AcDbPolyline
 90
        6
 70
     0
 43
0.0
 10
6936.909947562883
 20
3019.040945699732
 10
7143.909947562882
 20
3019.040945699732
 42
-0.4142135623730951
 10
7146.909947562882
 20
3016.040945699732
 10
7146.909947562882
 20
3016.040945699732
 42
-0.4142135623730951
 10
7143.909947562882
 20
3013.040945699732
 10
7052.909947562882
 20
3013.040945699732
  0
TEXT
  5
F96
330
1F
100
AcDbEntity
  8
DONATI YAZISI (BEYKENT)
100
AcDbText
 10
7064.86868208833
 20
3024.040945699733
 30
0.0
 40
10.0
  1
36ø10/20 L=298
  7
DONATI YAZISI (BEYKENT)
 72
     1
 11
7099.909947562882
 21
3029.040945699732
 31
0.0
100
AcDbText
 73
     2
  0
LWPOLYLINE
  5
F97
330
1F
100
AcDbEntity
  8
DONATI (BEYKENT)
100
AcDbPolyline
 90
        2
 70
     0
 43
0.0
 10
6606.909947562897
 20
2828.770979065014
 10
5872.909947562868
 20
2828.770979065015
  0
TEXT
  5
F98
330
1F
100
AcDbEntity
  8
DONATI YAZISI (BEYKENT)
100
AcDbText
 10
6207.746948938399
 20
2833.770979065014
 30
0.0
 40
10.0
  1
6ø10/20 L=735
  7
DONATI YAZISI (BEYKENT)
 72
     1
 11
6239.909947562883
 21
2838.770979065014
 31
0.0
100
AcDbText
 73
     2
  0
LINE
  5
F99
330
1F
100
AcDbEntity
  8
KESIT SINIRI (BEYKENT)
100
AcDbLine
 10
5839.909948240565
 20
2899.167518539437
 30
0.0
 11
5839.909948240565
 21
2299.167518539437
 31
0.0
  0
LINE
  5
F9A
330
1F
100
AcDbEntity
  8
KESIT SINIRI (BEYKENT)
100
AcDbLine
 10
5769.909948240566
 20
2899.167518539437
 30
0.0
 11
5769.909948240566
 21
2299.167518539437
 31
0.0
  0
LWPOLYLINE
  5
F9B
330
1F
100
AcDbEntity
  8
DONATI (BEYKENT)
100
AcDbPolyline
 90
        2
 70
     0
 43
0.0
 10
5821.53535314669
 20
2946.167518539437
 10
5821.535353146675
 20
2252.167518539437
  0
TEXT
  5
F9C
330
1F
100
AcDbEntity
  8
DONATI YAZISI (BEYKENT)
100
AcDbText
 10
5816.535353146676
 20
2567.88485003875
 30
0.0
 40
10.0
  1
7ø14/10 L=695
 50
90.0
  7
DONATI YAZISI (BEYKENT)
 72
     1
 11
5811.535353146675
 21
2599.167518539437
 31
0.0
100
AcDbText
 73
     2
  0
LWPOLYLINE
  5
F9D
330
1F
100
AcDbEntity
  8
DONATI (BEYKENT)
100
AcDbPolyline
 90
        4
 70
     0
 43
0.0
 10
5796.535353146675
 20
2048.167518539437
 10
5796.53535314669
 20
2943.167518539437
 42
-0.4142135623730903
 10
5799.53535314669
 20
2946.167518539437
 10
5823.735353146687
 20
2946.167518539437
  0
TEXT
  5
F9E
330
1F
100
AcDbEntity
  8
DONATI YAZISI (BEYKENT)
100
AcDbText
 10
5791.535353146676
 20
2567.785125141913
 30
0.0
 40
10.0
  1
7ø14/10 L=925
 50
90.0
  7
DONATI YAZISI (BEYKENT)
 72
     1
 11
5786.535353146675
 21
2599.167518539437
 31
0.0
100
AcDbText
 73
     2
  0
LWPOLYLINE
  5
F9F
330
1F
100
AcDbEntity
  8
DONATI (BEYKENT)
100
AcDbPolyline
 90
        2
 70
     0
 43
0.0
 10
4396.909947562883
 20
2441.776088012618
 10
3502.914596724885
 20
2441.776088012618
  0
TEXT
  5
FA0
330
1F
100
AcDbEntity
  8
DONATI YAZISI (BEYKENT)
100
AcDbText
 10
3915.644734317199
 20
2446.776088012618
 30
0.0
 40
10.0
  1
20ø10/31 L=895
  7
DONATI YAZISI (BEYKENT)
 72
     1
 11
3949.912272143884
 21
2451.776088012618
 31
0.0
100
AcDbText
 73
     2
  0
LWPOLYLINE
  5
FA1
330
1F
100
AcDbEntity
  8
DONATI (BEYKENT)
100
AcDbPolyline
 90
       12
 70
     0
 43
0.0
 10
3502.914596724885
 20
2445.576088012604
 10
3502.914596724885
 20
2469.776088012618
 42
-0.4142135623730951
 10
3505.914596724885
 20
2472.776088012618
 10
3712.671026205346
 20
2472.776088012618
 42
-0.198912367379658
 10
3714.792346548908
 20
2471.897408356177
 10
3719.034987236032
 20
2467.654767669059
 42
0.198912367379658
 10
3721.156307579593
 20
2466.776088012618
 10
4198.668236708159
 20
2466.776088012618
 42
0.198912367379658
 10
4200.789557051721
 20
2467.654767669059
 10
4205.032197738844
 20
2471.897408356177
 42
-0.198912367379658
 10
4207.153518082406
 20
2472.776088012618
 10
4477.409947562883
 20
2472.776088012618
  0
TEXT
  5
FA2
330
1F
100
AcDbEntity
  8
DONATI YAZISI (BEYKENT)
100
AcDbText
 10
3913.519562377722
 20
2471.776088012618
 30
0.0
 40
10.0
  1
20ø10/31 L=1005
  7
DONATI YAZISI (BEYKENT)
 72
     1
 11
3949.912272143884
 21
2476.776088012618
 31
0.0
100
AcDbText
 73
     2
  0
LWPOLYLINE
  5
FA3
330
1F
100
AcDbEntity
  8
DONATI (BEYKENT)
100
AcDbPolyline
 90
        2
 70
     0
 43
0.0
 10
4736.909947562883
 20
2431.776088012618
 10
4372.909947562883
 20
2431.776088012618
  0
TEXT
  5
FA4
330
1F
100
AcDbEntity
  8
DONATI YAZISI (BEYKENT)
100
AcDbText
 10
4520.442959942524
 20
2436.776088012618
 30
0.0
 40
10.0
  1
15ø10/40 L=365
  7
DONATI YAZISI (BEYKENT)
 72
     1
 11
4554.909947562882
 21
2441.776088012618
 31
0.0
100
AcDbText
 73
     2
  0
LWPOLYLINE
  5
FA5
330
1F
100
AcDbEntity
  8
DONATI (BEYKENT)
100
AcDbPolyline
 90
       10
 70
     0
 43
0.0
 10
4164.411109853383
 20
2462.776088012618
 10
4460.667306875759
 20
2462.776088012618
 42
-0.198912367379658
 10
4462.78862721932
 20
2461.897408356178
 10
4467.031267906445
 20
2457.654767669059
 42
0.198912367379658
 10
4469.152588250007
 20
2456.776088012618
 10
4640.667306875759
 20
2456.776088012618
 42
0.198912367379658
 10
4642.788627219321
 20
2457.654767669059
 10
4647.031267906444
 20
2461.897408356178
 42
-0.198912367379658
 10
4649.152588250006
 20
2462.776088012618
 10
4805.409947562883
 20
2462.776088012618
  0
TEXT
  5
FA6
330
1F
100
AcDbEntity
  8
DONATI YAZISI (BEYKENT)
100
AcDbText
 10
4520.195367095207
 20
2461.776088012618
 30
0.0
 40
10.0
  1
15ø10/40 L=645
  7
DONATI YAZISI (BEYKENT)
 72
     1
 11
4554.909947562882
 21
2466.776088012618
 31
0.0
100
AcDbText
 73
     2
  0
LWPOLYLINE
  5
FA7
330
1F
100
AcDbEntity
  8
DONATI (BEYKENT)
100
AcDbPolyline
 90
        2
 70
     0
 43
0.0
 10
4478.909947562883
 20
2487.776088012618
 10
4163.411109853383
 20
2487.776088012618
  0
TEXT
  5
FA8
330
1F
100
AcDbEntity
  8
DONATI YAZISI (BEYKENT)
100
AcDbText
 10
4286.789827195073
 20
2492.776088012618
 30
0.0
 40
10.0
  1
20ø10/30 L=315
  7
DONATI YAZISI (BEYKENT)
 72
     1
 11
4321.16052870814
 21
2497.776088012618
 31
0.0
100
AcDbText
 73
     2
  0
LWPOLYLINE
  5
FA9
330
1F
100
AcDbEntity
  8
DONATI (BEYKENT)
100
AcDbPolyline
 90
        2
 70
     0
 43
0.0
 10
5046.909947562883
 20
2441.776088012618
 10
4712.909947562883
 20
2441.776088012618
  0
TEXT
  5
FAA
330
1F
100
AcDbEntity
  8
DONATI YAZISI (BEYKENT)
100
AcDbText
 10
4845.367306572512
 20
2446.776088012618
 30
0.0
 40
10.0
  1
15ø10/40 L=335
  7
DONATI YAZISI (BEYKENT)
 72
     1
 11
4879.909947562882
 21
2451.776088012618
 31
0.0
100
AcDbText
 73
     2
  0
LWPOLYLINE
  5
FAB
330
1F
100
AcDbEntity
  8
DONATI (BEYKENT)
100
AcDbPolyline
 90
       10
 70
     0
 43
0.0
 10
4630.909947562883
 20
2472.776088012618
 10
4790.667306875759
 20
2472.776088012618
 42
-0.198912367379658
 10
4792.788627219321
 20
2471.897408356177
 10
4797.031267906445
 20
2467.654767669059
 42
0.198912367379658
 10
4799.152588250006
 20
2466.776088012618
 10
4940.667306875745
 20
2466.776088012618
 42
0.198912367379658
 10
4942.788627219306
 20
2467.654767669059
 10
4947.03126790643
 20
2471.897408356177
 42
-0.198912367379658
 10
4949.152588249992
 20
2472.776088012618
 10
5231.409947732296
 20
2472.776088012618
  0
TEXT
  5
FAC
330
1F
100
AcDbEntity
  8
DONATI YAZISI (BEYKENT)
100
AcDbText
 10
4845.315724729321
 20
2471.776088012618
 30
0.0
 40
10.0
  1
15ø10/40 L=605
  7
DONATI YAZISI (BEYKENT)
 72
     1
 11
4879.909947562882
 21
2476.776088012618
 31
0.0
100
AcDbText
 73
     2
  0
LWPOLYLINE
  5
FAD
330
1F
100
AcDbEntity
  8
DONATI (BEYKENT)
100
AcDbPolyline
 90
        2
 70
     0
 43
0.0
 10
5836.909948240566
 20
2431.776088012618
 10
5002.909947562868
 20
2431.776088012618
  0
TEXT
  5
FAE
330
1F
100
AcDbEntity
  8
DONATI YAZISI (BEYKENT)
100
AcDbText
 10
5385.267582014502
 20
2436.776088012618
 30
0.0
 40
10.0
  1
15ø10/40 L=835
  7
DONATI YAZISI (BEYKENT)
 72
     1
 11
5419.909947901709
 21
2441.776088012618
 31
0.0
100
AcDbText
 73
     2
  0
LWPOLYLINE
  5
FAF
330
1F
100
AcDbEntity
  8
DONATI (BEYKENT)
100
AcDbPolyline
 90
       12
 70
     0
 43
0.0
 10
4932.909947562868
 20
2462.776088012618
 10
5192.667307011295
 20
2462.776088012618
 42
-0.198912367379658
 10
5194.788627354857
 20
2461.897408356178
 10
5199.031268041981
 20
2457.654767669059
 42
0.198912367379658
 10
5201.152588385543
 20
2456.776088012618
 10
5618.667307417905
 20
2456.776088012618
 42
0.198912367379658
 10
5620.788627761466
 20
2457.654767669059
 10
5625.031268448591
 20
2461.897408356178
 42
-0.198912367379658
 10
5627.152588792153
 20
2462.776088012618
 10
5833.909948240566
 20
2462.776088012618
 42
-0.4142135623730951
 10
5836.909948240566
 20
2459.776088012618
 10
5836.909948240566
 20
2455.576088012618
  0
TEXT
  5
FB0
330
1F
100
AcDbEntity
  8
DONATI YAZISI (BEYKENT)
100
AcDbText
 10
5386.343923142424
 20
2461.776088012618
 30
0.0
 40
10.0
  1
15ø10/40 L=915
  7
DONATI YAZISI (BEYKENT)
 72
     1
 11
5419.909947901709
 21
2466.776088012618
 31
0.0
100
AcDbText
 73
     2
  0
LWPOLYLINE
  5
FB1
330
1F
100
AcDbEntity
  8
DONATI (BEYKENT)
100
AcDbPolyline
 90
        2
 70
     0
 43
0.0
 10
5229.909947732296
 20
2487.776088012618
 10
4934.909947562868
 20
2487.776088012618
  0
TEXT
  5
FB2
330
1F
100
AcDbEntity
  8
DONATI YAZISI (BEYKENT)
100
AcDbText
 10
5047.189865116625
 20
2492.776088012618
 30
0.0
 40
10.0
  1
20ø10/30 L=295
  7
DONATI YAZISI (BEYKENT)
 72
     1
 11
5082.409947647575
 21
2497.776088012618
 31
0.0
100
AcDbText
 73
     2
  0
LWPOLYLINE
  5
FB3
330
1F
100
AcDbEntity
  8
DONATI (BEYKENT)
100
AcDbPolyline
 90
        4
 70
     0
 43
0.0
 10
5587.909948071152
 20
2497.776088012618
 10
5833.909948240566
 20
2497.776088012618
 42
-0.4142135623730951
 10
5836.909948240566
 20
2494.776088012618
 10
5836.909948240566
 20
2491.776088012618
  0
TEXT
  5
FB4
330
1F
100
AcDbEntity
  8
DONATI YAZISI (BEYKENT)
100
AcDbText
 10
5677.038558884882
 20
2502.776088012618
 30
0.0
 40
10.0
  1
20ø10/30 L=255
  7
DONATI YAZISI (BEYKENT)
 72
     1
 11
5712.409948155858
 21
2507.776088012618
 31
0.0
100
AcDbText
 73
     2
  0
LWPOLYLINE
  5
FB5
330
1F
100
AcDbEntity
  8
DONATI (BEYKENT)
100
AcDbPolyline
 90
        2
 70
     0
 43
0.0
 10
6606.909947562868
 20
2353.460972418823
 10
5872.909980234144
 20
2353.460972418822
  0
TEXT
  5
FB6
330
1F
100
AcDbEntity
  8
DONATI YAZISI (BEYKENT)
100
AcDbText
 10
6205.528946016808
 20
2358.460972418823
 30
0.0
 40
10.0
  1
12ø10/40 L=735
  7
DONATI YAZISI (BEYKENT)
 72
     1
 11
6239.909963898513
 21
2363.460972418823
 31
0.0
100
AcDbText
 73
     2
  0
LWPOLYLINE
  5
FB7
330
1F
100
AcDbEntity
  8
DONATI (BEYKENT)
100
AcDbPolyline
 90
       12
 70
     0
 43
0.0
 10
5872.909980234144
 20
2337.260939747576
 10
5872.909980234144
 20
2381.460972418823
 42
-0.4142135623730908
 10
5875.909980234144
 20
2384.460972418823
 10
6030.667306875773
 20
2384.460972418825
 42
-0.1989123673796616
 10
6032.788627219336
 20
2383.582292762385
 10
6037.031267906459
 20
2379.339652075266
 42
0.1989123673796568
 10
6039.152588250021
 20
2378.460972418825
 10
6420.667306875746
 20
2378.460972418823
 42
0.1989123673796594
 10
6422.788627219306
 20
2379.339652075264
 10
6427.03126790643
 20
2383.582292762383
 42
-0.198912367379658
 10
6429.152588249992
 20
2384.460972418823
 10
6686.409947562868
 20
2384.460972418823
  0
TEXT
  5
FB8
330
1F
100
AcDbEntity
  8
DONATI YAZISI (BEYKENT)
100
AcDbText
 10
6205.394833224511
 20
2383.460972418823
 30
0.0
 40
10.0
  1
12ø10/40 L=865
  7
DONATI YAZISI (BEYKENT)
 72
     1
 11
6239.909963898513
 21
2388.460972418823
 31
0.0
100
AcDbText
 73
     2
  0
LWPOLYLINE
  5
FB9
330
1F
100
AcDbEntity
  8
DONATI (BEYKENT)
100
AcDbPolyline
 90
        2
 70
     0
 43
0.0
 10
6946.909947562868
 20
2343.460972418823
 10
6562.909947562868
 20
2343.460972418823
  0
TEXT
  5
FBA
330
1F
100
AcDbEntity
  8
DONATI YAZISI (BEYKENT)
100
AcDbText
 10
6720.319163518851
 20
2348.460972418823
 30
0.0
 40
10.0
  1
12ø10/40 L=385
  7
DONATI YAZISI (BEYKENT)
 72
     1
 11
6754.909947562868
 21
2353.460972418823
 31
0.0
100
AcDbText
 73
     2
  0
LWPOLYLINE
  5
FBB
330
1F
100
AcDbEntity
  8
DONATI (BEYKENT)
100
AcDbPolyline
 90
       10
 70
     0
 43
0.0
 10
6392.909947562883
 20
2374.460972418823
 10
6666.667306875744
 20
2374.460972418823
 42
-0.198912367379658
 10
6668.788627219306
 20
2373.582292762383
 10
6673.03126790643
 20
2369.339652075264
 42
0.198912367379658
 10
6675.152588249992
 20
2368.460972418823
 10
6834.667306875745
 20
2368.460972418823
 42
0.198912367379658
 10
6836.788627219306
 20
2369.339652075264
 10
6841.03126790643
 20
2373.582292762383
 42
-0.198912367379658
 10
6843.152588249992
 20
2374.460972418823
 10
6964.159947562868
 20
2374.460972418823
  0
TEXT
  5
FBC
330
1F
100
AcDbEntity
  8
DONATI YAZISI (BEYKENT)
100
AcDbText
 10
6720.453276311149
 20
2373.460972418823
 30
0.0
 40
10.0
  1
12ø10/40 L=575
  7
DONATI YAZISI (BEYKENT)
 72
     1
 11
6754.909947562868
 21
2378.460972418823
 31
0.0
100
AcDbText
 73
     2
  0
LWPOLYLINE
  5
FBD
330
1F
100
AcDbEntity
  8
DONATI (BEYKENT)
100
AcDbPolyline
 90
        6
 70
     0
 43
0.0
 10
6827.409947562869
 20
2393.460972418823
 10
6993.909947562882
 20
2393.460972418823
 42
-0.4142135623730943
 10
6996.909947562882
 20
2390.460972418823
 10
6996.909947562882
 20
2390.460972418823
 42
-0.4142135623730966
 10
6993.909947562882
 20
2387.460972418823
 10
6902.909947562868
 20
2387.460972418823
  0
TEXT
  5
FBE
330
1F
100
AcDbEntity
  8
DONATI YAZISI (BEYKENT)
100
AcDbText
 10
6914.641721978289
 20
2398.460972418823
 30
0.0
 40
10.0
  1
56ø10/20 L=258
  7
DONATI YAZISI (BEYKENT)
 72
     1
 11
6949.909947562883
 21
2403.460972418823
 31
0.0
100
AcDbText
 73
     2
  0
LWPOLYLINE
  5
FBF
330
1F
100
AcDbEntity
  8
DONATI (BEYKENT)
100
AcDbPolyline
 90
        2
 70
     0
 43
0.0
 10
7146.909947562882
 20
2737.155382589091
 10
6902.909947562868
 20
2737.155382589091
  0
TEXT
  5
FC0
330
1F
100
AcDbEntity
  8
DONATI YAZISI (BEYKENT)
100
AcDbText
 10
6996.418371925845
 20
2742.155382589091
 30
0.0
 40
10.0
  1
3ø10/20 L=245
  7
DONATI YAZISI (BEYKENT)
 72
     1
 11
7029.038729559957
 21
2747.155382589091
 31
0.0
100
AcDbText
 73
     2
  0
LWPOLYLINE
  5
FC1
330
1F
100
AcDbEntity
  8
DONATI (BEYKENT)
100
AcDbPolyline
 90
        2
 70
     0
 43
0.0
 10
4396.909947562883
 20
1680.313902829485
 10
3502.914596724885
 20
1680.313902829485
  0
TEXT
  5
FC2
330
1F
100
AcDbEntity
  8
DONATI YAZISI (BEYKENT)
100
AcDbText
 10
3914.956976407983
 20
1685.313902829485
 30
0.0
 40
10.0
  1
37ø10/22 L=895
  7
DONATI YAZISI (BEYKENT)
 72
     1
 11
3949.912272143884
 21
1690.313902829485
 31
0.0
100
AcDbText
 73
     2
  0
LWPOLYLINE
  5
FC3
330
1F
100
AcDbEntity
  8
DONATI (BEYKENT)
100
AcDbPolyline
 90
       12
 70
     0
 43
0.0
 10
3502.914596724885
 20
1684.113902829485
 10
3502.914596724885
 20
1708.313902829485
 42
-0.4142135623730951
 10
3505.914596724885
 20
1711.313902829485
 10
3708.67102620536
 20
1711.313902829485
 42
-0.198912367379658
 10
3710.792346548922
 20
1710.435223173045
 10
3715.034987236046
 20
1706.192582485926
 42
0.198912367379658
 10
3717.156307579608
 20
1705.313902829486
 10
4182.668236708173
 20
1705.313902829486
 42
0.198912367379658
 10
4184.789557051735
 20
1706.192582485926
 10
4189.03219773886
 20
1710.435223173045
 42
-0.198912367379658
 10
4191.153518082421
 20
1711.313902829485
 10
4551.909947562882
 20
1711.313902829485
  0
TEXT
  5
FC4
330
1F
100
AcDbEntity
  8
DONATI YAZISI (BEYKENT)
100
AcDbText
 10
3912.807732941683
 20
1710.313902829486
 30
0.0
 40
10.0
  1
37ø10/22 L=1080
  7
DONATI YAZISI (BEYKENT)
 72
     1
 11
3949.912272143884
 21
1715.313902829485
 31
0.0
100
AcDbText
 73
     2
  0
LWPOLYLINE
  5
FC5
330
1F
100
AcDbEntity
  8
DONATI (BEYKENT)
100
AcDbPolyline
 90
        2
 70
     0
 43
0.0
 10
5046.909947562883
 20
1670.313902829485
 10
4352.909947562897
 20
1670.313902829485
  0
TEXT
  5
FC6
330
1F
100
AcDbEntity
  8
DONATI YAZISI (BEYKENT)
100
AcDbText
 10
4664.541997081452
 20
1675.313902829486
 30
0.0
 40
10.0
  1
20ø10/40 L=695
  7
DONATI YAZISI (BEYKENT)
 72
     1
 11
4699.909947562883
 21
1680.313902829485
 31
0.0
100
AcDbText
 73
     2
  0
LWPOLYLINE
  5
FC7
330
1F
100
AcDbEntity
  8
DONATI (BEYKENT)
100
AcDbPolyline
 90
       10
 70
     0
 43
0.0
 10
4149.411109853398
 20
1701.313902829485
 10
4518.667306875759
 20
1701.313902829485
 42
-0.198912367379658
 10
4520.78862721932
 20
1700.435223173045
 10
4525.031267906444
 20
1696.192582485926
 42
0.198912367379658
 10
4527.152588250006
 20
1695.313902829485
 10
4872.667306875759
 20
1695.313902829485
 42
0.198912367379658
 10
4874.788627219321
 20
1696.192582485926
 10
4879.031267906444
 20
1700.435223173045
 42
-0.198912367379658
 10
4881.152588250007
 20
1701.313902829485
 10
5255.409947562883
 20
1701.313902829485
  0
TEXT
  5
FC8
330
1F
100
AcDbEntity
  8
DONATI YAZISI (BEYKENT)
100
AcDbText
 10
4664.24626118049
 20
1700.313902829486
 30
0.0
 40
10.0
  1
20ø10/40 L=1110
  7
DONATI YAZISI (BEYKENT)
 72
     1
 11
4699.909947562883
 21
1705.313902829486
 31
0.0
100
AcDbText
 73
     2
  0
LWPOLYLINE
  5
FC9
330
1F
100
AcDbEntity
  8
DONATI (BEYKENT)
100
AcDbPolyline
 90
        2
 70
     0
 43
0.0
 10
4549.909947562883
 20
1736.313902829486
 10
4149.911109853397
 20
1736.313902829486
  0
TEXT
  5
FCA
330
1F
100
AcDbEntity
  8
DONATI YAZISI (BEYKENT)
100
AcDbText
 10
4314.449730908965
 20
1741.313902829485
 30
0.0
 40
10.0
  1
27ø10/30 L=400
  7
DONATI YAZISI (BEYKENT)
 72
     1
 11
4349.91052870814
 21
1746.313902829486
 31
0.0
100
AcDbText
 73
     2
  0
LWPOLYLINE
  5
FCB
330
1F
100
AcDbEntity
  8
DONATI (BEYKENT)
100
AcDbPolyline
 90
        2
 70
     0
 43
0.0
 10
5896.909947562883
 20
1680.313902829485
 10
5002.909947562883
 20
1680.313902829485
  0
TEXT
  5
FCC
330
1F
100
AcDbEntity
  8
DONATI YAZISI (BEYKENT)
100
AcDbText
 10
5414.954651826981
 20
1685.313902829485
 30
0.0
 40
10.0
  1
22ø10/37 L=895
  7
DONATI YAZISI (BEYKENT)
 72
     1
 11
5449.909947562883
 21
1690.313902829485
 31
0.0
100
AcDbText
 73
     2
  0
LWPOLYLINE
  5
FCD
330
1F
100
AcDbEntity
  8
DONATI (BEYKENT)
100
AcDbPolyline
 90
       10
 70
     0
 43
0.0
 10
4849.409947562882
 20
1711.313902829485
 10
5212.667306875759
 20
1711.313902829485
 42
-0.198912367379658
 10
5214.788627219321
 20
1710.435223173045
 10
5219.031267906444
 20
1706.192582485926
 42
0.1989123673796579
 10
5221.152588250006
 20
1705.313902829486
 10
5698.667306875758
 20
1705.313902829485
 42
0.198912367379658
 10
5700.788627219321
 20
1706.192582485926
 10
5705.031267906445
 20
1710.435223173045
 42
-0.198912367379658
 10
5707.152588250006
 20
1711.313902829485
 10
6065.409947562883
 20
1711.313902829485
  0
TEXT
  5
FCE
330
1F
100
AcDbEntity
  8
DONATI YAZISI (BEYKENT)
100
AcDbText
 10
5412.984225417078
 20
1710.313902829486
 30
0.0
 40
10.0
  1
22ø10/37 L=1220
  7
DONATI YAZISI (BEYKENT)
 72
     1
 11
5449.909947562883
 21
1715.313902829485
 31
0.0
100
AcDbText
 73
     2
  0
LWPOLYLINE
  5
FCF
330
1F
100
AcDbEntity
  8
DONATI (BEYKENT)
100
AcDbPolyline
 90
        2
 70
     0
 43
0.0
 10
5254.909947562882
 20
1736.313902829486
 10
4849.909947562883
 20
1736.313902829486
  0
TEXT
  5
FD0
330
1F
100
AcDbEntity
  8
DONATI YAZISI (BEYKENT)
100
AcDbText
 10
5017.000731606899
 20
1741.313902829485
 30
0.0
 40
10.0
  1
27ø10/30 L=405
  7
DONATI YAZISI (BEYKENT)
 72
     1
 11
5052.409947562883
 21
1746.313902829486
 31
0.0
100
AcDbText
 73
     2
  0
LWPOLYLINE
  5
FD1
330
1F
100
AcDbEntity
  8
DONATI (BEYKENT)
100
AcDbPolyline
 90
        2
 70
     0
 43
0.0
 10
6606.909947562883
 20
1670.313902829485
 10
5872.909947562883
 20
1670.313902829485
  0
TEXT
  5
FD2
330
1F
100
AcDbEntity
  8
DONATI YAZISI (BEYKENT)
100
AcDbText
 10
6205.663042473474
 20
1675.313902829485
 30
0.0
 40
10.0
  1
17ø10/40 L=735
  7
DONATI YAZISI (BEYKENT)
 72
     1
 11
6239.909947562883
 21
1680.313902829485
 31
0.0
100
AcDbText
 73
     2
  0
LWPOLYLINE
  5
FD3
330
1F
100
AcDbEntity
  8
DONATI (BEYKENT)
100
AcDbPolyline
 90
       10
 70
     0
 43
0.0
 10
5663.409947562882
 20
1701.313902829485
 10
6030.667306875759
 20
1701.313902829485
 42
-0.198912367379658
 10
6032.788627219321
 20
1700.435223173045
 10
6037.031267906445
 20
1696.192582485926
 42
0.198912367379658
 10
6039.152588250006
 20
1695.313902829485
 10
6420.66730687576
 20
1695.313902829485
 42
0.198912367379658
 10
6422.788627219322
 20
1696.192582485926
 10
6427.031267906444
 20
1700.435223173045
 42
-0.198912367379658
 10
6429.152588250007
 20
1701.313902829485
 10
6683.909947562883
 20
1701.313902829485
  0
TEXT
  5
FD4
330
1F
100
AcDbEntity
  8
DONATI YAZISI (BEYKENT)
100
AcDbText
 10
6203.65822816811
 20
1700.313902829485
 30
0.0
 40
10.0
  1
17ø10/40 L=1026
  7
DONATI YAZISI (BEYKENT)
 72
     1
 11
6239.909947562883
 21
1705.313902829485
 31
0.0
100
AcDbText
 73
     2
  0
LWPOLYLINE
  5
FD5
330
1F
100
AcDbEntity
  8
DONATI (BEYKENT)
100
AcDbPolyline
 90
        2
 70
     0
 43
0.0
 10
6064.909947562883
 20
1736.313902829485
 10
5664.909947562883
 20
1736.313902829486
  0
TEXT
  5
FD6
330
1F
100
AcDbEntity
  8
DONATI YAZISI (BEYKENT)
100
AcDbText
 10
5829.449149763708
 20
1741.313902829485
 30
0.0
 40
10.0
  1
27ø10/30 L=400
  7
DONATI YAZISI (BEYKENT)
 72
     1
 11
5864.909947562883
 21
1746.313902829485
 31
0.0
100
AcDbText
 73
     2
  0
LWPOLYLINE
  5
FD7
330
1F
100
AcDbEntity
  8
DONATI (BEYKENT)
100
AcDbPolyline
 90
        2
 70
     0
 43
0.0
 10
6946.909947562883
 20
1680.313902829485
 10
6562.909947562883
 20
1680.313902829485
  0
TEXT
  5
FD8
330
1F
100
AcDbEntity
  8
DONATI YAZISI (BEYKENT)
100
AcDbText
 10
6720.453276311165
 20
1685.313902829485
 30
0.0
 40
10.0
  1
17ø10/40 L=385
  7
DONATI YAZISI (BEYKENT)
 72
     1
 11
6754.909947562882
 21
1690.313902829485
 31
0.0
100
AcDbText
 73
     2
  0
LWPOLYLINE
  5
FD9
330
1F
100
AcDbEntity
  8
DONATI (BEYKENT)
100
AcDbPolyline
 90
       10
 70
     0
 43
0.0
 10
6392.909947562883
 20
1711.313902829485
 10
6666.667306875758
 20
1711.313902829485
 42
-0.198912367379658
 10
6668.788627219321
 20
1710.435223173045
 10
6673.031267906444
 20
1706.192582485926
 42
0.198912367379658
 10
6675.152588250006
 20
1705.313902829485
 10
6834.667306875745
 20
1705.313902829485
 42
0.198912367379658
 10
6836.788627219306
 20
1706.192582485926
 10
6841.03126790643
 20
1710.435223173045
 42
-0.198912367379658
 10
6843.152588249992
 20
1711.313902829485
 10
6964.159947562882
 20
1711.313902829485
  0
TEXT
  5
FDA
330
1F
100
AcDbEntity
  8
DONATI YAZISI (BEYKENT)
100
AcDbText
 10
6720.587389103461
 20
1710.313902829485
 30
0.0
 40
10.0
  1
17ø10/40 L=575
  7
DONATI YAZISI (BEYKENT)
 72
     1
 11
6754.909947562882
 21
1715.313902829485
 31
0.0
100
AcDbText
 73
     2
  0
LWPOLYLINE
  5
FDB
330
1F
100
AcDbEntity
  8
DONATI (BEYKENT)
100
AcDbPolyline
 90
        2
 70
     0
 43
0.0
 10
6683.409947562883
 20
1736.313902829485
 10
6393.909947562883
 20
1736.313902829485
  0
TEXT
  5
FDC
330
1F
100
AcDbEntity
  8
DONATI YAZISI (BEYKENT)
100
AcDbText
 10
6503.515518401947
 20
1741.313902829485
 30
0.0
 40
10.0
  1
23ø10/30 L=290
  7
DONATI YAZISI (BEYKENT)
 72
     1
 11
6538.659947562883
 21
1746.313902829485
 31
0.0
100
AcDbText
 73
     2
  0
LWPOLYLINE
  5
FDD
330
1F
100
AcDbEntity
  8
DONATI (BEYKENT)
100
AcDbPolyline
 90
        2
 70
     0
 43
0.0
 10
7146.909947562882
 20
1587.824535734692
 10
6902.909947562868
 20
1587.824535734693
  0
TEXT
  5
FDE
330
1F
100
AcDbEntity
  8
DONATI YAZISI (BEYKENT)
100
AcDbText
 10
6996.418371925845
 20
1592.824535734692
 30
0.0
 40
10.0
  1
3ø10/20 L=245
  7
DONATI YAZISI (BEYKENT)
 72
     1
 11
7029.038729559957
 21
1597.824535734692
 31
0.0
100
AcDbText
 73
     2
  0
LWPOLYLINE
  5
FDF
330
1F
100
AcDbEntity
  8
DONATI (BEYKENT)
100
AcDbPolyline
 90
        2
 70
     0
 43
0.0
 10
4802.914596724899
 20
1363.37072895223
 10
3502.914596724899
 20
1363.370728952231
  0
TEXT
  5
FE0
330
1F
100
AcDbEntity
  8
DONATI YAZISI (BEYKENT)
100
AcDbText
 10
4014.179571378439
 20
1368.370728952231
 30
0.0
 40
10.0
  1
3ø10/20 L=1300
  7
DONATI YAZISI (BEYKENT)
 72
     1
 11
4048.601854734697
 21
1373.370728952231
 31
0.0
100
AcDbText
 73
     2
  0
LWPOLYLINE
  5
FE1
330
1F
100
AcDbEntity
  8
DONATI (BEYKENT)
100
AcDbPolyline
 90
        2
 70
     0
 43
0.0
 10
5896.909947562883
 20
1358.370728952231
 10
4728.714596724901
 20
1358.370728952231
  0
TEXT
  5
FE2
330
1F
100
AcDbEntity
  8
DONATI YAZISI (BEYKENT)
100
AcDbText
 10
5279.528228127386
 20
1363.37072895223
 30
0.0
 40
10.0
  1
3ø10/20 L=1170
  7
DONATI YAZISI (BEYKENT)
 72
     1
 11
5312.812272143892
 21
1368.370728952231
 31
0.0
100
AcDbText
 73
     2
  0
LWPOLYLINE
  5
FE3
330
1F
100
AcDbEntity
  8
DONATI (BEYKENT)
100
AcDbPolyline
 90
        6
 70
     0
 43
0.0
 10
5896.909947562897
 20
1041.964757112643
 10
5825.909947562883
 20
1041.964757112643
 42
-0.4142135623730951
 10
5822.909947562883
 20
1044.964757112643
 10
5822.909947562883
 20
1044.964757112643
 42
-0.4142135623730951
 10
5825.909947562883
 20
1047.964757112643
 10
6067.909947562897
 20
1047.964757112643
  0
TEXT
  5
FE4
330
1F
100
AcDbEntity
  8
DONATI YAZISI (BEYKENT)
100
AcDbText
 10
5825.470470258893
 20
1052.964757112643
 30
0.0
 40
10.0
  1
24ø10/20 L=313
  7
DONATI YAZISI (BEYKENT)
 72
     1
 11
5859.909947562883
 21
1057.964757112643
 31
0.0
100
AcDbText
 73
     2
  0
LWPOLYLINE
  5
FE5
330
1F
100
AcDbEntity
  8
DONATI (BEYKENT)
100
AcDbPolyline
 90
        2
 70
     0
 43
0.0
 10
6606.909947562883
 20
997.9647571126433
 10
5872.909947562897
 20
997.9647571126433
  0
TEXT
  5
FE6
330
1F
100
AcDbEntity
  8
DONATI YAZISI (BEYKENT)
100
AcDbText
 10
6205.628654578013
 20
1002.964757112643
 30
0.0
 40
10.0
  1
16ø10/40 L=735
  7
DONATI YAZISI (BEYKENT)
 72
     1
 11
6239.909947562883
 21
1007.964757112643
 31
0.0
100
AcDbText
 73
     2
  0
LWPOLYLINE
  5
FE7
330
1F
100
AcDbEntity
  8
DONATI (BEYKENT)
100
AcDbPolyline
 90
       10
 70
     0
 43
0.0
 10
5855.659947562897
 20
1028.964757112643
 10
6030.667306875773
 20
1028.964757112643
 42
-0.198912367379658
 10
6032.788627219336
 20
1028.086077456203
 10
6037.031267906459
 20
1023.843436769084
 42
0.198912367379658
 10
6039.152588250021
 20
1022.964757112643
 10
6420.66730687576
 20
1022.964757112643
 42
0.198912367379658
 10
6422.788627219322
 20
1023.843436769084
 10
6427.031267906444
 20
1028.086077456203
 42
-0.198912367379658
 10
6429.152588250007
 20
1028.964757112643
 10
6721.909947562882
 20
1028.964757112643
  0
TEXT
  5
FE8
330
1F
100
AcDbEntity
  8
DONATI YAZISI (BEYKENT)
100
AcDbText
 10
6205.477347837986
 20
1027.964757112643
 30
0.0
 40
10.0
  1
16ø10/40 L=870
  7
DONATI YAZISI (BEYKENT)
 72
     1
 11
6239.909947562883
 21
1032.964757112643
 31
0.0
100
AcDbText
 73
     2
  0
LWPOLYLINE
  5
FE9
330
1F
100
AcDbEntity
  8
DONATI (BEYKENT)
100
AcDbPolyline
 90
        2
 70
     0
 43
0.0
 10
7096.909947562882
 20
1007.964757112643
 10
6562.909947562883
 20
1007.964757112643
  0
TEXT
  5
FEA
330
1F
100
AcDbEntity
  8
DONATI YAZISI (BEYKENT)
100
AcDbText
 10
6795.442959942525
 20
1012.964757112643
 30
0.0
 40
10.0
  1
16ø10/40 L=535
  7
DONATI YAZISI (BEYKENT)
 72
     1
 11
6829.909947562883
 21
1017.964757112643
 31
0.0
100
AcDbText
 73
     2
  0
LWPOLYLINE
  5
FEB
330
1F
100
AcDbEntity
  8
DONATI (BEYKENT)
100
AcDbPolyline
 90
       10
 70
     0
 43
0.0
 10
6392.909947562883
 20
1038.964757112643
 10
6696.667306875759
 20
1038.964757112643
 42
-0.198912367379658
 10
6698.788627219321
 20
1038.086077456203
 10
6703.031267906445
 20
1033.843436769084
 42
0.198912367379658
 10
6705.152588250006
 20
1032.964757112643
 10
6954.667306875744
 20
1032.964757112643
 42
0.198912367379658
 10
6956.788627219307
 20
1033.843436769084
 10
6961.031267906431
 20
1038.086077456203
 42
-0.198912367379658
 10
6963.152588249991
 20
1038.964757112643
 10
7114.159947562882
 20
1038.964757112643
  0
TEXT
  5
FEC
330
1F
100
AcDbEntity
  8
DONATI YAZISI (BEYKENT)
100
AcDbText
 10
6795.604583051191
 20
1037.964757112643
 30
0.0
 40
10.0
  1
16ø10/40 L=725
  7
DONATI YAZISI (BEYKENT)
 72
     1
 11
6829.909947562883
 21
1042.964757112643
 31
0.0
100
AcDbText
 73
     2
  0
LWPOLYLINE
  5
FED
330
1F
100
AcDbEntity
  8
DONATI (BEYKENT)
100
AcDbPolyline
 90
        2
 70
     0
 43
0.0
 10
6719.909947562882
 20
1063.964757112643
 10
6394.909947562883
 20
1063.964757112643
  0
TEXT
  5
FEE
330
1F
100
AcDbEntity
  8
DONATI YAZISI (BEYKENT)
100
AcDbText
 10
6523.142409736198
 20
1068.964757112643
 30
0.0
 40
10.0
  1
21ø10/30 L=325
  7
DONATI YAZISI (BEYKENT)
 72
     1
 11
6557.409947562883
 21
1073.964757112643
 31
0.0
100
AcDbText
 73
     2
  0
LWPOLYLINE
  5
FEF
330
1F
100
AcDbEntity
  8
DONATI (BEYKENT)
100
AcDbPolyline
 90
        6
 70
     0
 43
0.0
 10
6936.909947562869
 20
1052.964757112643
 10
7143.909947562898
 20
1052.964757112643
 42
-0.4142135623730955
 10
7146.909947562898
 20
1049.964757112643
 10
7146.909947562898
 20
1049.964757112643
 42
-0.4142135623730944
 10
7143.909947562898
 20
1046.964757112643
 10
7052.909947562868
 20
1046.964757112643
  0
TEXT
  5
FF0
330
1F
100
AcDbEntity
  8
DONATI YAZISI (BEYKENT)
100
AcDbText
 10
7064.86868208833
 20
1057.964757112643
 30
0.0
 40
10.0
  1
36ø10/20 L=298
  7
DONATI YAZISI (BEYKENT)
 72
     1
 11
7099.909947562882
 21
1062.964757112643
 31
0.0
100
AcDbText
 73
     2
  0
LWPOLYLINE
  5
FF1
330
1F
100
AcDbEntity
  8
DONATI (BEYKENT)
100
AcDbPolyline
 90
        6
 70
     0
 43
0.0
 10
4185.326667540422
 20
1446.167413679703
 10
4185.326667540422
 20
1355.167413679704
 42
-0.4142135623730951
 10
4182.326667540422
 20
1352.167413679704
 10
4182.326667540422
 20
1352.167413679704
 42
-0.4142135623730951
 10
4179.326667540423
 20
1355.167413679704
 10
4179.326667540423
 20
1652.167413679704
  0
TEXT
  5
FF2
330
1F
100
AcDbEntity
  8
DONATI YAZISI (BEYKENT)
100
AcDbText
 10
4174.326667540422
 20
1363.080756183142
 30
0.0
 40
10.0
  1
116ø10/20 L=338
 50
90.0
  7
DONATI YAZISI (BEYKENT)
 72
     1
 11
4169.326667540423
 21
1399.167413679704
 31
0.0
100
AcDbText
 73
     2
  0
LWPOLYLINE
  5
FF3
330
1F
100
AcDbEntity
  8
DONATI (BEYKENT)
100
AcDbPolyline
 90
        2
 70
     0
 43
0.0
 10
4229.326667540423
 20
2296.167413679704
 10
4229.326667540423
 20
1402.167413679703
  0
TEXT
  5
FF4
330
1F
100
AcDbEntity
  8
DONATI YAZISI (BEYKENT)
100
AcDbText
 10
4224.326667540423
 20
1814.201801575164
 30
0.0
 40
10.0
  1
23ø10/36 L=895
 50
90.0
  7
DONATI YAZISI (BEYKENT)
 72
     1
 11
4219.326667540423
 21
1849.167413679704
 31
0.0
100
AcDbText
 73
     2
  0
LWPOLYLINE
  5
FF5
330
1F
100
AcDbEntity
  8
DONATI (BEYKENT)
100
AcDbPolyline
 90
       10
 70
     0
 43
0.0
 10
4198.326667540423
 20
1384.917413679704
 10
4198.326667540423
 20
1607.924772992584
 42
-0.198912367379658
 10
4199.205347196861
 20
1610.046093336144
 10
4203.447987883984
 20
1614.288734023263
 42
0.198912367379658
 10
4204.326667540423
 20
1616.410054366823
 10
4204.326667540423
 20
2081.924772992584
 42
0.198912367379658
 10
4203.447987883984
 20
2084.046093336144
 10
4199.205347196861
 20
2088.288734023263
 42
-0.198912367379658
 10
4198.326667540423
 20
2090.410054366823
 10
4198.326667540423
 20
2451.167413679704
  0
TEXT
  5
FF6
330
1F
100
AcDbEntity
  8
DONATI YAZISI (BEYKENT)
100
AcDbText
 10
4199.326667540423
 20
1812.262324271175
 30
0.0
 40
10.0
  1
23ø10/36 L=1070
 50
90.0
  7
DONATI YAZISI (BEYKENT)
 72
     1
 11
4194.326667540423
 21
1849.167413679704
 31
0.0
100
AcDbText
 73
     2
  0
LWPOLYLINE
  5
FF7
330
1F
100
AcDbEntity
  8
DONATI (BEYKENT)
100
AcDbPolyline
 90
        2
 70
     0
 43
0.0
 10
4219.326667540423
 20
2946.167413679704
 10
4219.326667540423
 20
2252.167413679704
  0
TEXT
  5
FF8
330
1F
100
AcDbEntity
  8
DONATI YAZISI (BEYKENT)
100
AcDbText
 10
4214.326667540422
 20
2564.827661272551
 30
0.0
 40
10.0
  1
21ø10/40 L=695
 50
90.0
  7
DONATI YAZISI (BEYKENT)
 72
     1
 11
4209.326667540422
 21
2599.167413679704
 31
0.0
100
AcDbText
 73
     2
  0
LWPOLYLINE
  5
FF9
330
1F
100
AcDbEntity
  8
DONATI (BEYKENT)
100
AcDbPolyline
 90
       10
 70
     0
 43
0.0
 10
4188.326667540422
 20
2047.167413679704
 10
4188.326667540422
 20
2417.924772992585
 42
-0.198912367379658
 10
4189.20534719686
 20
2420.046093336144
 10
4193.447987883984
 20
2424.288734023264
 42
0.198912367379658
 10
4194.326667540423
 20
2426.410054366823
 10
4194.326667540423
 20
2771.924772992585
 42
0.198912367379658
 10
4193.447987883984
 20
2774.046093336145
 10
4189.20534719686
 20
2778.288734023264
 42
-0.198912367379658
 10
4188.326667540422
 20
2780.410054366824
 10
4188.326667540422
 20
2963.417413679704
  0
TEXT
  5
FFA
330
1F
100
AcDbEntity
  8
DONATI YAZISI (BEYKENT)
100
AcDbText
 10
4189.326667540423
 20
2564.676354532524
 30
0.0
 40
10.0
  1
21ø10/40 L=920
 50
90.0
  7
DONATI YAZISI (BEYKENT)
 72
     1
 11
4184.326667540423
 21
2599.167413679704
 31
0.0
100
AcDbText
 73
     2
  0
LWPOLYLINE
  5
FFB
330
1F
100
AcDbEntity
  8
DONATI (BEYKENT)
100
AcDbPolyline
 90
        2
 70
     0
 43
0.0
 10
4163.326667540423
 20
2449.167413679704
 10
4163.326667540423
 20
2049.167413679704
  0
TEXT
  5
FFC
330
1F
100
AcDbEntity
  8
DONATI YAZISI (BEYKENT)
100
AcDbText
 10
4158.326667540423
 20
2213.496849718218
 30
0.0
 40
10.0
  1
28ø10/30 L=400
 50
90.0
  7
DONATI YAZISI (BEYKENT)
 72
     1
 11
4153.326667540422
 21
2249.167413679704
 31
0.0
100
AcDbText
 73
     2
  0
LWPOLYLINE
  5
FFD
330
1F
100
AcDbEntity
  8
DONATI (BEYKENT)
100
AcDbPolyline
 90
        6
 70
     0
 43
0.0
 10
4174.326667540422
 20
2746.167413679704
 10
4174.326667540422
 20
2993.167413679704
 42
-0.4142135623730951
 10
4177.326667540422
 20
2996.167413679705
 10
4177.326667540422
 20
2996.167413679705
 42
-0.4142135623730951
 10
4180.326667540422
 20
2993.167413679704
 10
4180.326667540422
 20
2902.167413679704
  0
TEXT
  5
FFE
330
1F
100
AcDbEntity
  8
DONATI YAZISI (BEYKENT)
100
AcDbText
 10
4169.326667540423
 20
2913.080756183143
 30
0.0
 40
10.0
  1
116ø10/20 L=338
 50
90.0
  7
DONATI YAZISI (BEYKENT)
 72
     1
 11
4164.326667540422
 21
2949.167413679704
 31
0.0
100
AcDbText
 73
     2
  0
LWPOLYLINE
  5
FFF
330
1F
100
AcDbEntity
  8
DONATI (BEYKENT)
100
AcDbPolyline
 90
        2
 70
     0
 43
0.0
 10
4958.887348070515
 20
2296.167413679704
 10
4958.887348070515
 20
1402.167413679704
  0
TEXT
  5
1000
330
1F
100
AcDbEntity
  8
DONATI YAZISI (BEYKENT)
100
AcDbText
 10
4953.887348070515
 20
1814.600701162509
 30
0.0
 40
10.0
  1
15ø10/40 L=895
 50
90.0
  7
DONATI YAZISI (BEYKENT)
 72
     1
 11
4948.887348070515
 21
1849.167413679704
 31
0.0
100
AcDbText
 73
     2
  0
LWPOLYLINE
  5
1001
330
1F
100
AcDbEntity
  8
DONATI (BEYKENT)
100
AcDbPolyline
 90
       10
 70
     0
 43
0.0
 10
4927.887348070515
 20
1384.917413679704
 10
4927.887348070515
 20
1607.924772992584
 42
-0.198912367379658
 10
4928.766027726954
 20
1610.046093336144
 10
4933.008668414077
 20
1614.288734023263
 42
0.198912367379658
 10
4933.887348070515
 20
1616.410054366823
 10
4933.887348070515
 20
2081.924772992584
 42
0.198912367379658
 10
4933.008668414077
 20
2084.046093336144
 10
4928.766027726954
 20
2088.288734023263
 42
-0.198912367379658
 10
4927.887348070515
 20
2090.410054366823
 10
4927.887348070515
 20
2451.167413679704
  0
TEXT
  5
1002
330
1F
100
AcDbEntity
  8
DONATI YAZISI (BEYKENT)
100
AcDbText
 10
4928.887348070515
 20
1812.66122385852
 30
0.0
 40
10.0
  1
15ø10/40 L=1070
 50
90.0
  7
DONATI YAZISI (BEYKENT)
 72
     1
 11
4923.887348070515
 21
1849.167413679704
 31
0.0
100
AcDbText
 73
     2
  0
LWPOLYLINE
  5
1003
330
1F
100
AcDbEntity
  8
DONATI (BEYKENT)
100
AcDbPolyline
 90
        2
 70
     0
 43
0.0
 10
4948.887348070515
 20
2946.167413679704
 10
4948.887348070515
 20
2252.167413679704
  0
TEXT
  5
1004
330
1F
100
AcDbEntity
  8
DONATI YAZISI (BEYKENT)
100
AcDbText
 10
4943.887348070515
 20
2565.075254119869
 30
0.0
 40
10.0
  1
13ø10/20 L=695
 50
90.0
  7
DONATI YAZISI (BEYKENT)
 72
     1
 11
4938.887348070515
 21
2599.167413679704
 31
0.0
100
AcDbText
 73
     2
  0
LWPOLYLINE
  5
1005
330
1F
100
AcDbEntity
  8
DONATI (BEYKENT)
100
AcDbPolyline
 90
        2
 70
     0
 43
0.0
 10
4892.887348070515
 20
2449.167413679704
 10
4892.887348070515
 20
2049.167413679704
  0
TEXT
  5
1006
330
1F
100
AcDbEntity
  8
DONATI YAZISI (BEYKENT)
100
AcDbText
 10
4887.887348070515
 20
2216.492035412854
 30
0.0
 40
10.0
  1
9ø10/30 L=400
 50
90.0
  7
DONATI YAZISI (BEYKENT)
 72
     1
 11
4882.887348070515
 21
2249.167413679704
 31
0.0
100
AcDbText
 73
     2
  0
LWPOLYLINE
  5
1007
330
1F
100
AcDbEntity
  8
DONATI (BEYKENT)
100
AcDbPolyline
 90
        2
 70
     0
 43
0.0
 10
4662.530827222937
 20
2946.167413679704
 10
4662.530827222937
 20
2252.167413679704
  0
TEXT
  5
1008
330
1F
100
AcDbEntity
  8
DONATI YAZISI (BEYKENT)
100
AcDbText
 10
4657.530827222937
 20
2566.646780942428
 30
0.0
 40
10.0
  1
8ø10/40 L=695
 50
90.0
  7
DONATI YAZISI (BEYKENT)
 72
     1
 11
4652.530827222937
 21
2599.167413679704
 31
0.0
100
AcDbText
 73
     2
  0
LWPOLYLINE
  5
1009
330
1F
100
AcDbEntity
  8
DONATI (BEYKENT)
100
AcDbPolyline
 90
       10
 70
     0
 43
0.0
 10
4631.530827222937
 20
2047.167413679704
 10
4631.530827222937
 20
2417.924772992585
 42
-0.198912367379658
 10
4632.409506879375
 20
2420.046093336144
 10
4636.6521475665
 20
2424.288734023264
 42
0.198912367379658
 10
4637.530827222938
 20
2426.410054366823
 10
4637.530827222938
 20
2771.924772992585
 42
0.198912367379658
 10
4636.6521475665
 20
2774.046093336145
 10
4632.409506879375
 20
2778.288734023264
 42
-0.198912367379658
 10
4631.530827222937
 20
2780.410054366824
 10
4631.530827222937
 20
2963.417413679704
  0
TEXT
  5
100A
330
1F
100
AcDbEntity
  8
DONATI YAZISI (BEYKENT)
100
AcDbText
 10
4632.530827222938
 20
2566.4954742024
 30
0.0
 40
10.0
  1
8ø10/40 L=920
 50
90.0
  7
DONATI YAZISI (BEYKENT)
 72
     1
 11
4627.530827222937
 21
2599.167413679704
 31
0.0
100
AcDbText
 73
     2
  0
LWPOLYLINE
  5
100B
330
1F
100
AcDbEntity
  8
DONATI (BEYKENT)
100
AcDbPolyline
 90
        2
 70
     0
 43
0.0
 10
4606.530827222938
 20
2449.167413679704
 10
4606.530827222938
 20
2049.167413679704
  0
TEXT
  5
100C
330
1F
100
AcDbEntity
  8
DONATI YAZISI (BEYKENT)
100
AcDbText
 10
4601.530827222937
 20
2215.422571864023
 30
0.0
 40
10.0
  1
11ø10/30 L=400
 50
90.0
  7
DONATI YAZISI (BEYKENT)
 72
     1
 11
4596.530827222937
 21
2249.167413679704
 31
0.0
100
AcDbText
 73
     2
  0
LWPOLYLINE
  5
100D
330
1F
100
AcDbEntity
  8
DONATI (BEYKENT)
100
AcDbPolyline
 90
        2
 70
     0
 43
0.0
 10
5705.318132425782
 20
2296.167413679704
 10
5705.318132425797
 20
1402.167413679704
  0
TEXT
  5
100E
330
1F
100
AcDbEntity
  8
DONATI YAZISI (BEYKENT)
100
AcDbText
 10
5700.318132425796
 20
1814.652283005701
 30
0.0
 40
10.0
  1
21ø10/40 L=895
 50
90.0
  7
DONATI YAZISI (BEYKENT)
 72
     1
 11
5695.318132425796
 21
1849.167413679703
 31
0.0
100
AcDbText
 73
     2
  0
LWPOLYLINE
  5
100F
330
1F
100
AcDbEntity
  8
DONATI (BEYKENT)
100
AcDbPolyline
 90
       10
 70
     0
 43
0.0
 10
5674.318132425781
 20
1384.917413679704
 10
5674.318132425899
 20
1607.924772992585
 42
-0.198912367379602
 10
5675.196812082337
 20
1610.046093336144
 10
5679.439452769461
 20
1614.28873402326
 42
0.1989123673798014
 10
5680.318132425899
 20
1616.410054366821
 10
5680.318132425782
 20
2081.924772992586
 42
0.1989123673795933
 10
5679.439452769344
 20
2084.046093336144
 10
5675.19681208222
 20
2088.288734023264
 42
-0.198912367379658
 10
5674.318132425781
 20
2090.410054366823
 10
5674.318132425781
 20
2451.167413679704
  0
TEXT
  5
1010
330
1F
100
AcDbEntity
  8
DONATI YAZISI (BEYKENT)
100
AcDbText
 10
5675.318132425797
 20
1812.712805701712
 30
0.0
 40
10.0
  1
21ø10/40 L=1070
 50
90.0
  7
DONATI YAZISI (BEYKENT)
 72
     1
 11
5670.318132425797
 21
1849.167413679704
 31
0.0
100
AcDbText
 73
     2
  0
LWPOLYLINE
  5
1011
330
1F
100
AcDbEntity
  8
DONATI (BEYKENT)
100
AcDbPolyline
 90
        2
 70
     0
 43
0.0
 10
5695.318132425796
 20
2946.167413679705
 10
5695.318132425782
 20
2252.167413679704
  0
TEXT
  5
1012
330
1F
100
AcDbEntity
  8
DONATI YAZISI (BEYKENT)
100
AcDbText
 10
5690.318132425782
 20
2564.927386169387
 30
0.0
 40
10.0
  1
19ø10/40 L=695
 50
90.0
  7
DONATI YAZISI (BEYKENT)
 72
     1
 11
5685.318132425782
 21
2599.167413679704
 31
0.0
100
AcDbText
 73
     2
  0
LWPOLYLINE
  5
1013
330
1F
100
AcDbEntity
  8
DONATI (BEYKENT)
100
AcDbPolyline
 90
       10
 70
     0
 43
0.0
 10
5664.318132425782
 20
2047.167413679703
 10
5664.318132425782
 20
2417.924772992584
 42
-0.198912367379658
 10
5665.19681208222
 20
2420.046093336144
 10
5669.439452769344
 20
2424.288734023263
 42
0.1989123673796471
 10
5670.318132425782
 20
2426.410054366823
 10
5670.318132425797
 20
2771.924772992584
 42
0.1989123673796688
 10
5669.439452769359
 20
2774.046093336144
 10
5665.196812082235
 20
2778.288734023263
 42
-0.198912367379658
 10
5664.318132425797
 20
2780.410054366822
 10
5664.318132425797
 20
2963.417413679704
  0
TEXT
  5
1014
330
1F
100
AcDbEntity
  8
DONATI YAZISI (BEYKENT)
100
AcDbText
 10
5665.318132425782
 20
2564.77607942936
 30
0.0
 40
10.0
  1
19ø10/40 L=920
 50
90.0
  7
DONATI YAZISI (BEYKENT)
 72
     1
 11
5660.318132425782
 21
2599.167413679703
 31
0.0
100
AcDbText
 73
     2
  0
LWPOLYLINE
  5
1015
330
1F
100
AcDbEntity
  8
DONATI (BEYKENT)
100
AcDbPolyline
 90
        2
 70
     0
 43
0.0
 10
5639.318132425782
 20
2449.167413679704
 10
5639.318132425782
 20
2049.167413679704
  0
TEXT
  5
1016
330
1F
100
AcDbEntity
  8
DONATI YAZISI (BEYKENT)
100
AcDbText
 10
5634.318132425782
 20
2213.520921245041
 30
0.0
 40
10.0
  1
25ø10/30 L=400
 50
90.0
  7
DONATI YAZISI (BEYKENT)
 72
     1
 11
5629.318132425782
 21
2249.167413679704
 31
0.0
100
AcDbText
 73
     2
  0
LWPOLYLINE
  5
1017
330
1F
100
AcDbEntity
  8
DONATI (BEYKENT)
100
AcDbPolyline
 90
        2
 70
     0
 43
0.0
 10
5853.019617192047
 20
1446.167413679703
 10
5853.019617192047
 20
877.1674136797036
  0
TEXT
  5
1018
330
1F
100
AcDbEntity
  8
DONATI YAZISI (BEYKENT)
100
AcDbText
 10
5848.019617192047
 20
1129.301526472001
 30
0.0
 40
10.0
  1
3ø10/20 L=570
 50
90.0
  7
DONATI YAZISI (BEYKENT)
 72
     1
 11
5843.019617192047
 21
1161.667413679704
 31
0.0
100
AcDbText
 73
     2
  0
LWPOLYLINE
  5
1019
330
1F
100
AcDbEntity
  8
DONATI (BEYKENT)
100
AcDbPolyline
 90
        2
 70
     0
 43
0.0
 10
5855.677428539792
 20
3471.167413679704
 10
5855.677428539792
 20
2902.167413679704
  0
TEXT
  5
101A
330
1F
100
AcDbEntity
  8
DONATI YAZISI (BEYKENT)
100
AcDbText
 10
5850.677428539792
 20
3118.970400364865
 30
0.0
 40
10.0
  1
3ø10/20 L=570
 50
90.0
  7
DONATI YAZISI (BEYKENT)
 72
     1
 11
5845.677428539791
 21
3151.336287572568
 31
0.0
100
AcDbText
 73
     2
  0
LWPOLYLINE
  5
101B
330
1F
100
AcDbEntity
  8
DONATI (BEYKENT)
100
AcDbPolyline
 90
        2
 70
     0
 43
0.0
 10
6034.671292588777
 20
3171.167413679703
 10
6034.671292588777
 20
2922.167413679704
  0
TEXT
  5
101C
330
1F
100
AcDbEntity
  8
DONATI YAZISI (BEYKENT)
100
AcDbText
 10
6029.671292588776
 20
3014.067688782867
 30
0.0
 40
10.0
  1
8ø10/20 L=250
 50
90.0
  7
DONATI YAZISI (BEYKENT)
 72
     1
 11
6024.671292588777
 21
3046.667413679704
 31
0.0
100
AcDbText
 73
     2
  0
LWPOLYLINE
  5
101D
330
1F
100
AcDbEntity
  8
DONATI (BEYKENT)
100
AcDbPolyline
 90
        2
 70
     0
 43
0.0
 10
6004.671292588777
 20
2998.917413679704
 10
6004.671292588777
 20
2889.417413679704
  0
TEXT
  5
101E
330
1F
100
AcDbEntity
  8
DONATI YAZISI (BEYKENT)
100
AcDbText
 10
5999.671292588777
 20
2913.517482455495
 30
0.0
 40
10.0
  1
5ø10/30 L=110
 50
90.0
  7
DONATI YAZISI (BEYKENT)
 72
     1
 11
5994.671292588776
 21
2944.167413679704
 31
0.0
100
AcDbText
 73
     2
  0
LWPOLYLINE
  5
101F
330
1F
100
AcDbEntity
  8
DONATI (BEYKENT)
100
AcDbPolyline
 90
        2
 70
     0
 43
0.0
 10
6024.671292588777
 20
3471.167413679704
 10
6024.671292588777
 20
3147.167413679704
  0
TEXT
  5
1020
330
1F
100
AcDbEntity
  8
DONATI YAZISI (BEYKENT)
100
AcDbText
 10
6019.671292588776
 20
3276.928761685205
 30
0.0
 40
10.0
  1
11ø10/16 L=325
 50
90.0
  7
DONATI YAZISI (BEYKENT)
 72
     1
 11
6014.671292588777
 21
3309.167413679704
 31
0.0
100
AcDbText
 73
     2
  0
LWPOLYLINE
  5
1021
330
1F
100
AcDbEntity
  8
DONATI (BEYKENT)
100
AcDbPolyline
 90
        2
 70
     0
 43
0.0
 10
6003.671292588776
 20
3238.667413679704
 10
6003.671292588776
 20
3093.417413679704
  0
TEXT
  5
1022
330
1F
100
AcDbEntity
  8
DONATI YAZISI (BEYKENT)
100
AcDbText
 10
5998.671292588777
 20
3134.38835590804
 30
0.0
 40
10.0
  1
7ø14/25 L=145
 50
90.0
  7
DONATI YAZISI (BEYKENT)
 72
     1
 11
5993.671292588777
 21
3166.042413679704
 31
0.0
100
AcDbText
 73
     2
  0
LWPOLYLINE
  5
1023
330
1F
100
AcDbEntity
  8
DONATI (BEYKENT)
100
AcDbPolyline
 90
        2
 70
     0
 43
0.0
 10
6507.004690501307
 20
1571.167413679703
 10
6507.004690501307
 20
877.1674136797036
  0
TEXT
  5
1024
330
1F
100
AcDbEntity
  8
DONATI YAZISI (BEYKENT)
100
AcDbText
 10
6502.004690501308
 20
1189.174291258796
 30
0.0
 40
10.0
  1
20ø10/33 L=695
 50
90.0
  7
DONATI YAZISI (BEYKENT)
 72
     1
 11
6497.004690501308
 21
1224.167413679704
 31
0.0
100
AcDbText
 73
     2
  0
LWPOLYLINE
  5
1025
330
1F
100
AcDbEntity
  8
DONATI (BEYKENT)
100
AcDbPolyline
 90
       12
 70
     0
 43
0.0
 10
6503.204690501305
 20
877.1674136797036
 10
6479.004690501309
 20
877.1674136797036
 42
-0.4142135623730951
 10
6476.004690501309
 20
880.1674136797037
 10
6476.004690501309
 20
1046.924772992584
 42
-0.198912367379658
 10
6476.883370157747
 20
1049.046093336144
 10
6481.126010844869
 20
1053.288734023263
 42
0.198912367379658
 10
6482.004690501307
 20
1055.410054366823
 10
6482.004690501307
 20
1412.924772992584
 42
0.198912367379658
 10
6481.126010844869
 20
1415.046093336144
 10
6476.883370157747
 20
1419.288734023263
 42
-0.198912367379658
 10
6476.004690501309
 20
1421.410054366823
 10
6476.004690501309
 20
1745.917413679704
  0
TEXT
  5
1026
330
1F
100
AcDbEntity
  8
DONATI YAZISI (BEYKENT)
100
AcDbText
 10
6477.004690501307
 20
1188.919820832386
 30
0.0
 40
10.0
  1
20ø10/33 L=900
 50
90.0
  7
DONATI YAZISI (BEYKENT)
 72
     1
 11
6472.004690501307
 21
1224.167413679704
 31
0.0
100
AcDbText
 73
     2
  0
LWPOLYLINE
  5
1027
330
1F
100
AcDbEntity
  8
DONATI (BEYKENT)
100
AcDbPolyline
 90
        2
 70
     0
 43
0.0
 10
6517.004690501308
 20
2296.167413679704
 10
6517.004690501308
 20
1547.167413679703
  0
TEXT
  5
1028
330
1F
100
AcDbEntity
  8
DONATI YAZISI (BEYKENT)
100
AcDbText
 10
6512.004690501308
 20
1887.29327337709
 30
0.0
 40
10.0
  1
17ø10/40 L=750
 50
90.0
  7
DONATI YAZISI (BEYKENT)
 72
     1
 11
6507.004690501307
 21
1921.667413679704
 31
0.0
100
AcDbText
 73
     2
  0
LWPOLYLINE
  5
1029
330
1F
100
AcDbEntity
  8
DONATI (BEYKENT)
100
AcDbPolyline
 90
       10
 70
     0
 43
0.0
 10
6486.004690501308
 20
1388.167413679704
 10
6486.004690501308
 20
1707.924772992584
 42
-0.198912367379658
 10
6486.883370157745
 20
1710.046093336144
 10
6491.12601084487
 20
1714.288734023263
 42
0.198912367379658
 10
6492.004690501308
 20
1716.410054366823
 10
6492.004690501308
 20
2106.924772992584
 42
0.198912367379658
 10
6491.12601084487
 20
2109.046093336144
 10
6486.883370157745
 20
2113.288734023263
 42
-0.198912367379658
 10
6486.004690501308
 20
2115.410054366822
 10
6486.004690501308
 20
2418.917413679704
  0
TEXT
  5
102A
330
1F
100
AcDbEntity
  8
DONATI YAZISI (BEYKENT)
100
AcDbText
 10
6487.004690501308
 20
1885.288459071726
 30
0.0
 40
10.0
  1
17ø10/40 L=1035
 50
90.0
  7
DONATI YAZISI (BEYKENT)
 72
     1
 11
6482.004690501307
 21
1921.667413679704
 31
0.0
100
AcDbText
 73
     2
  0
LWPOLYLINE
  5
102B
330
1F
100
AcDbEntity
  8
DONATI (BEYKENT)
100
AcDbPolyline
 90
        2
 70
     0
 43
0.0
 10
6451.004690501308
 20
1743.417413679703
 10
6451.004690501308
 20
1388.667413679703
  0
TEXT
  5
102C
330
1F
100
AcDbEntity
  8
DONATI YAZISI (BEYKENT)
100
AcDbText
 10
6446.004690501307
 20
1530.798259621932
 30
0.0
 40
10.0
  1
22ø10/30 L=355
 50
90.0
  7
DONATI YAZISI (BEYKENT)
 72
     1
 11
6441.004690501308
 21
1566.042413679704
 31
0.0
100
AcDbText
 73
     2
  0
LWPOLYLINE
  5
102D
330
1F
100
AcDbEntity
  8
DONATI (BEYKENT)
100
AcDbPolyline
 90
        2
 70
     0
 43
0.0
 10
6507.004690501307
 20
2801.167413679704
 10
6507.004690501307
 20
2252.167413679703
  0
TEXT
  5
102E
330
1F
100
AcDbEntity
  8
DONATI YAZISI (BEYKENT)
100
AcDbText
 10
6502.004690501308
 20
2492.107578741602
 30
0.0
 40
10.0
  1
17ø10/40 L=550
 50
90.0
  7
DONATI YAZISI (BEYKENT)
 72
     1
 11
6497.004690501308
 21
2526.667413679704
 31
0.0
100
AcDbText
 73
     2
  0
LWPOLYLINE
  5
102F
330
1F
100
AcDbEntity
  8
DONATI (BEYKENT)
100
AcDbPolyline
 90
       10
 70
     0
 43
0.0
 10
6476.004690501309
 20
2078.917413679704
 10
6476.004690501309
 20
2392.924772992585
 42
-0.198912367379658
 10
6476.883370157747
 20
2395.046093336145
 10
6481.126010844869
 20
2399.288734023264
 42
0.198912367379658
 10
6482.004690501307
 20
2401.410054366824
 10
6482.004690501307
 20
2671.924772992585
 42
0.198912367379658
 10
6481.126010844869
 20
2674.046093336145
 10
6476.883370157747
 20
2678.288734023264
 42
-0.198912367379658
 10
6476.004690501309
 20
2680.410054366824
 10
6476.004690501309
 20
2834.417413679704
  0
TEXT
  5
1030
330
1F
100
AcDbEntity
  8
DONATI YAZISI (BEYKENT)
100
AcDbText
 10
6477.004690501307
 20
2493.472778191396
 30
0.0
 40
10.0
  1
17ø10/40 L=761
 50
90.0
  7
DONATI YAZISI (BEYKENT)
 72
     1
 11
6472.004690501307
 21
2526.667413679704
 31
0.0
100
AcDbText
 73
     2
  0
LWPOLYLINE
  5
1031
330
1F
100
AcDbEntity
  8
DONATI (BEYKENT)
100
AcDbPolyline
 90
        2
 70
     0
 43
0.0
 10
6451.004690501308
 20
2418.917413679704
 10
6451.004690501308
 20
2079.417413679703
  0
TEXT
  5
1032
330
1F
100
AcDbEntity
  8
DONATI YAZISI (BEYKENT)
100
AcDbText
 10
6446.004690501307
 20
2213.699738301437
 30
0.0
 40
10.0
  1
22ø10/30 L=340
 50
90.0
  7
DONATI YAZISI (BEYKENT)
 72
     1
 11
6441.004690501308
 21
2249.167413679704
 31
0.0
100
AcDbText
 73
     2
  0
LWPOLYLINE
  5
1033
330
1F
100
AcDbEntity
  8
DONATI (BEYKENT)
100
AcDbPolyline
 90
        2
 70
     0
 43
0.0
 10
6497.004690501338
 20
2946.167413679704
 10
6497.004690501308
 20
2777.167413679704
  0
TEXT
  5
1034
330
1F
100
AcDbEntity
  8
DONATI YAZISI (BEYKENT)
100
AcDbText
 10
6492.004690501322
 20
2827.482406802127
 30
0.0
 40
10.0
  1
33ø10/20 L=170
 50
90.0
  7
DONATI YAZISI (BEYKENT)
 72
     1
 11
6487.004690501322
 21
2861.667413679706
 31
0.0
100
AcDbText
 73
     2
  0
LWPOLYLINE
  5
1035
330
1F
100
AcDbEntity
  8
DONATI (BEYKENT)
100
AcDbPolyline
 90
        2
 70
     0
 43
0.0
 10
6507.004690501323
 20
3171.167413679703
 10
6507.004690501337
 20
2922.167413679704
  0
TEXT
  5
1036
330
1F
100
AcDbEntity
  8
DONATI YAZISI (BEYKENT)
100
AcDbText
 10
6502.004690501337
 20
3012.248569112991
 30
0.0
 40
10.0
  1
12ø10/20 L=250
 50
90.0
  7
DONATI YAZISI (BEYKENT)
 72
     1
 11
6497.004690501338
 21
3046.667413679703
 31
0.0
100
AcDbText
 73
     2
  0
LWPOLYLINE
  5
1037
330
1F
100
AcDbEntity
  8
DONATI (BEYKENT)
100
AcDbPolyline
 90
        2
 70
     0
 43
0.0
 10
6457.004690501351
 20
2998.917413679706
 10
6457.004690501323
 20
2889.417413679705
  0
TEXT
  5
1038
330
1F
100
AcDbEntity
  8
DONATI YAZISI (BEYKENT)
100
AcDbText
 10
6452.004690501337
 20
2913.493410928677
 30
0.0
 40
10.0
  1
8ø10/30 L=110
 50
90.0
  7
DONATI YAZISI (BEYKENT)
 72
     1
 11
6447.004690501337
 21
2944.167413679709
 31
0.0
100
AcDbText
 73
     2
  0
LWPOLYLINE
  5
1039
330
1F
100
AcDbEntity
  8
DONATI (BEYKENT)
100
AcDbPolyline
 90
        4
 70
     0
 43
0.0
 10
6277.285028290637
 20
2887.417413679704
 10
6277.285028290651
 20
2943.167457084412
 42
-0.4142135623730224
 10
6280.285028290651
 20
2946.167457084411
 10
6303.284984885941
 20
2946.167457084411
  0
TEXT
  5
103A
330
1F
100
AcDbEntity
  8
DONATI YAZISI (BEYKENT)
100
AcDbText
 10
6272.285028290636
 20
2884.099863167479
 30
0.0
 40
10.0
  1
28ø10/24 L=85
 50
90.0
  7
DONATI YAZISI (BEYKENT)
 72
     1
 11
6267.285028290636
 21
2916.79243538206
 31
0.0
100
AcDbText
 73
     2
  0
LWPOLYLINE
  5
103B
330
1F
100
AcDbEntity
  8
DONATI (BEYKENT)
100
AcDbPolyline
 90
        2
 70
     0
 43
0.0
 10
6854.436429864676
 20
1571.167413679703
 10
6854.436429864676
 20
877.1674136797036
  0
TEXT
  5
103C
330
1F
100
AcDbEntity
  8
DONATI YAZISI (BEYKENT)
100
AcDbText
 10
6849.436429864676
 20
1190.752695660446
 30
0.0
 40
10.0
  1
11ø10/40 L=695
 50
90.0
  7
DONATI YAZISI (BEYKENT)
 72
     1
 11
6844.436429864676
 21
1224.167413679704
 31
0.0
100
AcDbText
 73
     2
  0
LWPOLYLINE
  5
103D
330
1F
100
AcDbEntity
  8
DONATI (BEYKENT)
100
AcDbPolyline
 90
       12
 70
     0
 43
0.0
 10
6850.636429864673
 20
877.1674136797036
 10
6826.436429864677
 20
877.1674136797036
 42
-0.4142135623730951
 10
6823.436429864677
 20
880.1674136797037
 10
6823.436429864677
 20
1046.924772992584
 42
-0.198912367379658
 10
6824.315109521115
 20
1049.046093336144
 10
6828.557750208237
 20
1053.288734023263
 42
0.198912367379658
 10
6829.436429864675
 20
1055.410054366823
 10
6829.436429864675
 20
1412.924772992585
 42
0.198912367379658
 10
6828.557750208237
 20
1415.046093336144
 10
6824.315109521115
 20
1419.288734023263
 42
-0.198912367379658
 10
6823.436429864677
 20
1421.410054366823
 10
6823.436429864677
 20
1745.917413679704
  0
TEXT
  5
103E
330
1F
100
AcDbEntity
  8
DONATI YAZISI (BEYKENT)
100
AcDbText
 10
6824.436429864675
 20
1190.498225234037
 30
0.0
 40
10.0
  1
11ø10/40 L=900
 50
90.0
  7
DONATI YAZISI (BEYKENT)
 72
     1
 11
6819.436429864676
 21
1224.167413679704
 31
0.0
100
AcDbText
 73
     2
  0
LWPOLYLINE
  5
103F
330
1F
100
AcDbEntity
  8
DONATI (BEYKENT)
100
AcDbPolyline
 90
        2
 70
     0
 43
0.0
 10
6844.436429864676
 20
2296.167413679704
 10
6844.436429864676
 20
1547.167413679704
  0
TEXT
  5
1040
330
1F
100
AcDbEntity
  8
DONATI YAZISI (BEYKENT)
100
AcDbText
 10
6839.436429864676
 20
1887.331100062097
 30
0.0
 40
10.0
  1
15ø10/20 L=750
 50
90.0
  7
DONATI YAZISI (BEYKENT)
 72
     1
 11
6834.436429864677
 21
1921.667413679704
 31
0.0
100
AcDbText
 73
     2
  0
LWPOLYLINE
  5
1041
330
1F
100
AcDbEntity
  8
DONATI (BEYKENT)
100
AcDbPolyline
 90
        2
 70
     0
 43
0.0
 10
6798.436429864676
 20
1743.417413679703
 10
6798.436429864676
 20
1388.667413679704
  0
TEXT
  5
1042
330
1F
100
AcDbEntity
  8
DONATI YAZISI (BEYKENT)
100
AcDbText
 10
6793.436429864676
 20
1531.620130323445
 30
0.0
 40
10.0
  1
10ø10/30 L=355
 50
90.0
  7
DONATI YAZISI (BEYKENT)
 72
     1
 11
6788.436429864676
 21
1566.042413679704
 31
0.0
100
AcDbText
 73
     2
  0
LWPOLYLINE
  5
1043
330
1F
100
AcDbEntity
  8
DONATI (BEYKENT)
100
AcDbPolyline
 90
        2
 70
     0
 43
0.0
 10
6854.436429864676
 20
2801.167413679704
 10
6854.436429864676
 20
2252.167413679704
  0
TEXT
  5
1044
330
1F
100
AcDbEntity
  8
DONATI YAZISI (BEYKENT)
100
AcDbText
 10
6849.436429864676
 20
2493.792585619181
 30
0.0
 40
10.0
  1
8ø10/40 L=550
 50
90.0
  7
DONATI YAZISI (BEYKENT)
 72
     1
 11
6844.436429864676
 21
2526.667413679704
 31
0.0
100
AcDbText
 73
     2
  0
LWPOLYLINE
  5
1045
330
1F
100
AcDbEntity
  8
DONATI (BEYKENT)
100
AcDbPolyline
 90
       10
 70
     0
 43
0.0
 10
6823.436429864677
 20
2079.417413679704
 10
6823.436429864677
 20
2392.924772992585
 42
-0.198912367379658
 10
6824.315109521115
 20
2395.046093336144
 10
6828.557750208237
 20
2399.288734023263
 42
0.198912367379658
 10
6829.436429864675
 20
2401.410054366823
 10
6829.436429864675
 20
2671.924772992585
 42
0.198912367379658
 10
6828.557750208237
 20
2674.046093336145
 10
6824.315109521115
 20
2678.288734023264
 42
-0.198912367379658
 10
6823.436429864677
 20
2680.410054366823
 10
6823.436429864677
 20
2960.167413679704
  0
TEXT
  5
1046
330
1F
100
AcDbEntity
  8
DONATI YAZISI (BEYKENT)
100
AcDbText
 10
6824.436429864675
 20
2493.796024408727
 30
0.0
 40
10.0
  1
8ø10/40 L=885
 50
90.0
  7
DONATI YAZISI (BEYKENT)
 72
     1
 11
6819.436429864676
 21
2526.667413679704
 31
0.0
100
AcDbText
 73
     2
  0
LWPOLYLINE
  5
1047
330
1F
100
AcDbEntity
  8
DONATI (BEYKENT)
100
AcDbPolyline
 90
        2
 70
     0
 43
0.0
 10
6798.436429864676
 20
2418.917413679704
 10
6798.436429864676
 20
2079.417413679704
  0
TEXT
  5
1048
330
1F
100
AcDbEntity
  8
DONATI YAZISI (BEYKENT)
100
AcDbText
 10
6793.436429864676
 20
2214.52160900295
 30
0.0
 40
10.0
  1
10ø10/30 L=340
 50
90.0
  7
DONATI YAZISI (BEYKENT)
 72
     1
 11
6788.436429864676
 21
2249.167413679704
 31
0.0
100
AcDbText
 73
     2
  0
LWPOLYLINE
  5
1049
330
1F
100
AcDbEntity
  8
DONATI (BEYKENT)
100
AcDbPolyline
 90
        2
 70
     0
 43
0.0
 10
6864.436429864676
 20
3471.167413679704
 10
6864.436429864676
 20
2777.167413679704
  0
TEXT
  5
104A
330
1F
100
AcDbEntity
  8
DONATI YAZISI (BEYKENT)
100
AcDbText
 10
6859.436429864676
 20
3090.752695660447
 30
0.0
 40
10.0
  1
11ø10/40 L=695
 50
90.0
  7
DONATI YAZISI (BEYKENT)
 72
     1
 11
6854.436429864676
 21
3124.167413679704
 31
0.0
100
AcDbText
 73
     2
  0
LWPOLYLINE
  5
104B
330
1F
100
AcDbEntity
  8
DONATI (BEYKENT)
100
AcDbPolyline
 90
       12
 70
     0
 43
0.0
 10
6833.436429864676
 20
2652.417413679704
 10
6833.436429864676
 20
2926.924772992585
 42
-0.198912367379658
 10
6834.315109521114
 20
2929.046093336145
 10
6838.557750208238
 20
2933.288734023264
 42
0.198912367379658
 10
6839.436429864676
 20
2935.410054366824
 10
6839.436429864676
 20
3292.924772992585
 42
0.198912367379658
 10
6838.557750208238
 20
3295.046093336144
 10
6834.315109521114
 20
3299.288734023264
 42
-0.198912367379658
 10
6833.436429864676
 20
3301.410054366823
 10
6833.436429864676
 20
3468.167413679704
 42
-0.4142135623730951
 10
6836.436429864676
 20
3471.167413679704
 10
6860.636429864674
 20
3471.167413679704
  0
TEXT
  5
104C
330
1F
100
AcDbEntity
  8
DONATI YAZISI (BEYKENT)
100
AcDbText
 10
6834.436429864677
 20
3090.374428810378
 30
0.0
 40
10.0
  1
11ø10/40 L=850
 50
90.0
  7
DONATI YAZISI (BEYKENT)
 72
     1
 11
6829.436429864675
 21
3124.167413679704
 31
0.0
100
AcDbText
 73
     2
  0
LWPOLYLINE
  5
104D
330
1F
100
AcDbEntity
  8
DONATI (BEYKENT)
100
AcDbPolyline
 90
        2
 70
     0
 43
0.0
 10
6984.105913484403
 20
2801.167413679704
 10
6984.105913484403
 20
1547.167413679703
  0
TEXT
  5
104E
330
1F
100
AcDbEntity
  8
DONATI YAZISI (BEYKENT)
100
AcDbText
 10
6979.105913484403
 20
2071.530440842881
 30
0.0
 40
10.0
  1
3ø10/20 L=1255
 50
90.0
  7
DONATI YAZISI (BEYKENT)
 72
     1
 11
6974.105913484404
 21
2105.873632039579
 31
0.0
100
AcDbText
 73
     2
  0
LWPOLYLINE
  5
104F
330
1F
100
AcDbEntity
  8
DONATI (BEYKENT)
100
AcDbPolyline
 90
        2
 70
     0
 43
0.0
 10
7134.304685469331
 20
1621.167413679703
 10
7134.304685469317
 20
877.1674136797036
  0
TEXT
  5
1050
330
1F
100
AcDbEntity
  8
DONATI YAZISI (BEYKENT)
100
AcDbText
 10
7129.304685469318
 20
1216.681168837888
 30
0.0
 40
10.0
  1
3ø10/20 L=745
 50
90.0
  7
DONATI YAZISI (BEYKENT)
 72
     1
 11
7124.304685469316
 21
1249.167413679704
 31
0.0
100
AcDbText
 73
     2
  0
LWPOLYLINE
  5
1051
330
1F
100
AcDbEntity
  8
DONATI (BEYKENT)
100
AcDbPolyline
 90
        2
 70
     0
 43
0.0
 10
7134.304685469331
 20
3471.167413679705
 10
7134.304685469331
 20
2727.167413679704
  0
TEXT
  5
1052
330
1F
100
AcDbEntity
  8
DONATI YAZISI (BEYKENT)
100
AcDbText
 10
7129.304685469332
 20
3066.681168837888
 30
0.0
 40
10.0
  1
3ø10/20 L=745
 50
90.0
  7
DONATI YAZISI (BEYKENT)
 72
     1
 11
7124.304685469332
 21
3099.167413679704
 31
0.0
100
AcDbText
 73
     2
  0
ENDSEC
  0
SECTION
  2
OBJECTS
  0
DICTIONARY
  5
C
330
0
100
AcDbDictionary
281
     1
  3
ACAD_CIP_PREVIOUS_PRODUCT_INFO
350
216
  3
ACAD_COLOR
350
6B
  3
ACAD_DETAILVIEWSTYLE
350
21B
  3
ACAD_GROUP
350
D
  3
ACAD_LAYOUT
350
1A
  3
ACAD_MATERIAL
350
6A
  3
ACAD_MLEADERSTYLE
350
12D
  3
ACAD_MLINESTYLE
350
17
  3
ACAD_PLOTSETTINGS
350
19
  3
ACAD_PLOTSTYLENAME
350
E
  3
ACAD_SCALELIST
350
10C
  3
ACAD_SECTIONVIEWSTYLE
350
219
  3
ACAD_TABLESTYLE
350
7E
  3
ACAD_VISUALSTYLE
350
EF
  3
ACDB_RECOMPOSE_DATA
350
181F
  3
ACDBVARIABLEDICTIONARY
350
751
  0
DICTIONARY
  5
1FF
330
2
100
AcDbDictionary
280
     1
281
     1
  3
ACAD_LAYERSTATES
360
200
  0
DICTIONARY
  5
13C
330
10
100
AcDbDictionary
280
     1
281
     1
  0
DICTIONARY
  5
1CE
330
1F
100
AcDbDictionary
280
     1
281
     1
  0
XRECORD
  5
216
102
{ACAD_REACTORS
330
C
102
}
330
C
100
AcDbXrecord
280
     1
300
ACD
300
2023
300

  0
DICTIONARY
  5
6B
102
{ACAD_REACTORS
330
C
102
}
330
C
100
AcDbDictionary
281
     1
  0
DICTIONARY
  5
21B
102
{ACAD_REACTORS
330
C
102
}
330
C
100
AcDbDictionary
281
     1
  3
Metric50
350
21C
  0
DICTIONARY
  5
D
102
{ACAD_REACTORS
330
C
102
}
330
C
100
AcDbDictionary
281
     1
  0
DICTIONARY
  5
1A
102
{ACAD_REACTORS
330
C
102
}
330
C
100
AcDbDictionary
281
     1
  3
Layout1
350
D3
  3
Layout2
350
D7
  3
Model
350
22
  0
DICTIONARY
  5
6A
102
{ACAD_REACTORS
330
C
102
}
330
C
100
AcDbDictionary
281
     1
  3
ByBlock
350
ED
  3
ByLayer
350
EC
  3
Global
350
EE
  0
DICTIONARY
  5
12D
102
{ACAD_REACTORS
330
C
102
}
330
C
100
AcDbDictionary
281
     1
  3
Annotative
350
13B
  3
Standard
350
12E
  0
DICTIONARY
  5
17
102
{ACAD_REACTORS
330
C
102
}
330
C
100
AcDbDictionary
281
     1
  3
Standard
350
18
  0
DICTIONARY
  5
19
102
{ACAD_REACTORS
330
C
102
}
330
C
100
AcDbDictionary
281
     1
  0
ACDBDICTIONARYWDFLT
  5
E
102
{ACAD_REACTORS
330
C
102
}
330
C
100
AcDbDictionary
281
     1
  3
Normal
350
F
100
AcDbDictionaryWithDefault
340
F
  0
DICTIONARY
  5
10C
102
{ACAD_REACTORS
330
C
102
}
330
C
100
AcDbDictionary
281
     1
  3
A0
350
10D
  3
A1
350
1BE
  3
A2
350
1BF
  3
A3
350
1C0
  3
A4
350
1C1
  3
A5
350
1C2
  3
A6
350
1C3
  3
A7
350
1C4
  3
A8
350
1C5
  3
A9
350
1C6
  3
B0
350
1C7
  3
B1
350
1C8
  3
B2
350
1C9
  3
B3
350
1CA
  3
B4
350
1CB
  3
B5
350
1CC
  3
B6
350
1CD
  0
DICTIONARY
  5
219
102
{ACAD_REACTORS
330
C
102
}
330
C
100
AcDbDictionary
281
     1
  3
Metric50
350
21A
  0
DICTIONARY
  5
7E
102
{ACAD_REACTORS
330
C
102
}
330
C
100
AcDbDictionary
281
     1
  3
Standard
350
7F
  0
DICTIONARY
  5
EF
102
{ACAD_REACTORS
330
C
102
}
330
C
100
AcDbDictionary
281
     1
  3
2dWireframe
350
F5
  3
Basic
350
F4
  3
Brighten
350
FB
  3
ColorChange
350
FF
  3
Conceptual
350
F8
  3
Dim
350
FA
  3
EdgeColorOff
350
1E6
  3
Facepattern
350
FE
  3
Flat
350
F0
  3
FlatWithEdges
350
F1
  3
Gouraud
350
F2
  3
GouraudWithEdges
350
F3
  3
Hidden
350
F7
  3
JitterOff
350
1E4
  3
Linepattern
350
FD
  3
OverhangOff
350
1E5
  3
Realistic
350
F9
  3
Shaded
350
1F3
  3
Shaded with edges
350
1F2
  3
Shades of Gray
350
1EF
  3
Sketchy
350
1F0
  3
Thicken
350
FC
  3
Wireframe
350
F6
  3
X-Ray
350
1F1
  0
XRECORD
  5
181F
102
{ACAD_REACTORS
330
C
102
}
330
C
100
AcDbXrecord
280
     1
 90
        1
330
7F
  0
DICTIONARY
  5
751
102
{ACAD_REACTORS
330
C
102
}
330
C
100
AcDbDictionary
281
     2
  3
#COMPAREDIFFTOTAL
350
752
  3
#REVCLOUDAPPROXARCLEN
350
753
  3
ANNOALLVISIBLE
350
754
  3
CANNOSCALE
350
755
  3
CMLEADERSTYLE
350
756
  3
CTABLESTYLE
350
757
  3
CVIEWDETAILSTYLE
350
758
  3
CVIEWSECTIONSTYLE
350
759
  3
DIMADEC
350
75A
  3
DIMASSOC
350
75B
  3
DIMLAYER
350
75C
  3
DWFFRAME
350
75D
  3
EXPORTPAPERSPACE
350
75E
  3
HIDETEXT
350
75F
  3
HPCOLOR
350
760
  3
HPINHERIT
350
761
  3
HPLAYER
350
762
  3
HPTRANSPARENCY
350
763
  3
INDEXCTL
350
764
  3
LAYEREVAL
350
765
  3
LAYERNOTIFY
350
766
  3
LIGHTINGUNITS
350
767
  3
MLEADERSCALE
350
769
  3
MSLTSCALE
350
76A
  3
OLEFRAME
350
76B
  3
PDFFRAME
350
76C
  3
SOLIDHIST
350
76D
  3
SORTENTS
350
76E
  3
TEXTJUSTIFY
350
76F
  0
DICTIONARY
  5
200
102
{ACAD_REACTORS
330
1FF
102
}
330
1FF
100
AcDbDictionary
281
     1
  0
ACDBDETAILVIEWSTYLE
  5
21C
102
{ACAD_REACTORS
330
21B
102
}
330
21B
100
AcDbModelDocViewStyle
 70
     0
  3
Metric50
290
     0
300
Metric50
 90
        0
100
AcDbDetailViewStyle
 70
     0
 71
     0
 90
        3
 71
     1
340
11
 62
   256
 40
5.0
340
0
 62
   256
 40
5.0
300

 40
0.0
280
     1
 71
     2
340
16
 90
       25
 62
   256
 71
     3
340
11
 62
   256
 40
5.0
 90
        0
 40
15.0
 90
        1
300
%<\AcVar ViewDetailId>% (%<\AcVar ViewScale \f "%sn">%)
 71
     4
340
16
 90
       25
 62
   256
340
16
 90
       25
 62
   256
280
     0
  0
LAYOUT
  5
D3
102
{ACAD_REACTORS
330
1A
102
}
330
1A
100
AcDbPlotSettings
  1

  2
C:\Documents and Settings\basas\Application Data\Autodesk\AutoCAD 2005\R16.1\enu\plotters\Default Windows System Printer.pc3
  4

  6

 40
0.0
 41
0.0
 42
0.0
 43
0.0
 44
0.0
 45
0.0
 46
0.0
 47
0.0
 48
0.0
 49
0.0
140
0.0
141
0.0
142
1.0
143
1.0
 70
   688
 72
     0
 73
     0
 74
     5
  7

 75
    16
147
1.0
 76
     0
 77
     2
 78
   300
148
0.0
149
0.0
100
AcDbLayout
  1
Layout1
 70
     1
 71
     1
 10
0.0
 20
0.0
 11
12.0
 21
9.0
 12
0.0
 22
0.0
 32
0.0
 14
0.0
 24
0.0
 34
0.0
 15
0.0
 25
0.0
 35
0.0
146
0.0
 13
0.0
 23
0.0
 33
0.0
 16
1.0
 26
0.0
 36
0.0
 17
0.0
 27
1.0
 37
0.0
 76
     0
330
D2
  0
LAYOUT
  5
D7
102
{ACAD_REACTORS
330
1A
102
}
330
1A
100
AcDbPlotSettings
  1

  2
C:\Documents and Settings\basas\Application Data\Autodesk\AutoCAD 2005\R16.1\enu\plotters\Default Windows System Printer.pc3
  4

  6

 40
0.0
 41
0.0
 42
0.0
 43
0.0
 44
0.0
 45
0.0
 46
0.0
 47
0.0
 48
0.0
 49
0.0
140
0.0
141
0.0
142
1.0
143
1.0
 70
   688
 72
     0
 73
     0
 74
     5
  7

 75
    16
147
1.0
 76
     0
 77
     2
 78
   300
148
0.0
149
0.0
100
AcDbLayout
  1
Layout2
 70
     1
 71
     2
 10
0.0
 20
0.0
 11
12.0
 21
9.0
 12
0.0
 22
0.0
 32
0.0
 14
0.0
 24
0.0
 34
0.0
 15
0.0
 25
0.0
 35
0.0
146
0.0
 13
0.0
 23
0.0
 33
0.0
 16
1.0
 26
0.0
 36
0.0
 17
0.0
 27
1.0
 37
0.0
 76
     0
330
D6
  0
LAYOUT
  5
22
102
{ACAD_XDICTIONARY
360
205
102
}
102
{ACAD_REACTORS
330
1A
102
}
330
1A
100
AcDbPlotSettings
  1

  2
none_device
  4
ISO_A4_(210.00_x_297.00_MM)
  6

 40
7.5
 41
20.0
 42
7.5
 43
20.0
 44
210.0
 45
297.0
 46
11.54999923706054
 47
-13.65000009536743
 48
0.0
 49
0.0
140
0.0
141
0.0
142
1.0
143
8.704084754739808
 70
 11952
 72
     1
 73
     0
 74
     0
  7

 75
     0
147
0.1148885871608098
 76
     0
 77
     2
 78
   300
148
0.0
149
0.0
100
AcDbLayout
  1
Model
 70
     1
 71
     0
 10
0.0
 20
0.0
 11
12.0
 21
9.0
 12
0.0
 22
0.0
 32
0.0
 14
0.0
 24
0.0
 34
0.0
 15
0.0
 25
0.0
 35
0.0
146
0.0
 13
0.0
 23
0.0
 33
0.0
 16
1.0
 26
0.0
 36
0.0
 17
0.0
 27
1.0
 37
0.0
 76
     0
330
1F
331
EA
1001
ACAD_PSEXT
1000
None
1000
None
1000
Not applicable
1000
The layout will not be plotted unless a new plotter configuration name is selected.
1070
     0
  0
MATERIAL
  5
ED
102
{ACAD_XDICTIONARY
360
1F9
102
}
102
{ACAD_REACTORS
330
6A
102
}
330
6A
100
AcDbMaterial
  1
ByBlock
 94
       63
  0
MATERIAL
  5
EC
102
{ACAD_XDICTIONARY
360
1F7
102
}
102
{ACAD_REACTORS
330
6A
102
}
330
6A
100
AcDbMaterial
  1
ByLayer
 94
       63
  0
MATERIAL
  5
EE
102
{ACAD_XDICTIONARY
360
173
102
}
102
{ACAD_REACTORS
330
6A
102
}
330
6A
100
AcDbMaterial
  1
Global
 43
0.0007999999797903
 43
0.0
 43
0.0
 43
0.0
 43
0.0
 43
0.0007999999797903
 43
0.0
 43
0.0
 43
0.0
 43
0.0
 43
1.0
 43
0.0
 43
0.0
 43
0.0
 43
0.0
 43
1.0
 49
0.0007999999797903
 49
0.0
 49
0.0
 49
0.0
 49
0.0
 49
0.0007999999797903
 49
0.0
 49
0.0
 49
0.0
 49
0.0
 49
1.0
 49
0.0
 49
0.0
 49
0.0
 49
0.0
 49
1.0
142
0.0007999999797903
142
0.0
142
0.0
142
0.0
142
0.0
142
0.0007999999797903
142
0.0
142
0.0
142
0.0
142
0.0
142
1.0
142
0.0
142
0.0
142
0.0
142
0.0
142
1.0
144
0.0007999999797903
144
0.0
144
0.0
144
0.0
144
0.0
144
0.0007999999797903
144
0.0
144
0.0
144
0.0
144
0.0
144
1.0
144
0.0
144
0.0
144
0.0
144
0.0
144
1.0
 94
       63
1001
ACAD
1070
    -1
1070
     3
1070
     0
1000

1071
        0
1070
     0
  0
MLEADERSTYLE
  5
13B
102
{ACAD_REACTORS
330
12D
102
}
330
12D
100
AcDbMLeaderStyle
179
     2
170
     2
171
     1
172
     0
 90
        2
 40
0.0
 41
0.0
173
     1
 91
-1056964608
340
14
 92
       -2
290
     1
 42
2.0
291
     1
 43
8.0
  3
Standard
 44
4.0
300

342
11
174
     1
178
     1
175
     1
176
     0
 93
-1056964608
 45
4.0
292
     0
297
     0
 46
4.0
 94
-1056964608
 47
1.0
 49
1.0
140
1.0
293
     1
141
0.0
294
     1
177
     0
142
1.0
295
     0
296
     1
143
3.75
271
     0
272
     9
273
     9
298
     0
  0
MLEADERSTYLE
  5
12E
102
{ACAD_REACTORS
330
12D
102
}
330
12D
100
AcDbMLeaderStyle
179
     2
170
     2
171
     1
172
     0
 90
        2
 40
0.0
 41
0.0
173
     1
 91
-1056964608
340
14
 92
       -2
290
     1
 42
2.0
291
     1
 43
8.0
  3
Standard
 44
4.0
300

342
11
174
     1
178
     1
175
     1
176
     0
 93
-1056964608
 45
4.0
292
     0
297
     0
 46
4.0
 94
-1056964608
 47
1.0
 49
1.0
140
1.0
293
     1
141
0.0
294
     1
177
     0
142
1.0
295
     0
296
     0
143
3.75
271
     0
272
     9
273
     9
298
     0
  0
MLINESTYLE
  5
18
102
{ACAD_REACTORS
330
17
102
}
330
17
100
AcDbMlineStyle
  2
STANDARD
 70
     0
  3

 62
   256
 51
90.0
 52
90.0
 71
     2
 49
0.5
 62
   256
  6
BYLAYER
 49
-0.5
 62
   256
  6
BYLAYER
  0
ACDBPLACEHOLDER
  5
F
102
{ACAD_REACTORS
330
E
102
}
330
E
  0
SCALE
  5
10D
102
{ACAD_REACTORS
330
10C
102
}
330
10C
100
AcDbScale
 70
     0
300
1:1
140
1.0
141
1.0
290
     1
  0
SCALE
  5
1BE
102
{ACAD_REACTORS
330
10C
102
}
330
10C
100
AcDbScale
 70
     0
300
1:2
140
1.0
141
2.0
290
     0
  0
SCALE
  5
1BF
102
{ACAD_REACTORS
330
10C
102
}
330
10C
100
AcDbScale
 70
     0
300
1:4
140
1.0
141
4.0
290
     0
  0
SCALE
  5
1C0
102
{ACAD_REACTORS
330
10C
102
}
330
10C
100
AcDbScale
 70
     0
300
1:5
140
1.0
141
5.0
290
     0
  0
SCALE
  5
1C1
102
{ACAD_REACTORS
330
10C
102
}
330
10C
100
AcDbScale
 70
     0
300
1:8
140
1.0
141
8.0
290
     0
  0
SCALE
  5
1C2
102
{ACAD_REACTORS
330
10C
102
}
330
10C
100
AcDbScale
 70
     0
300
1:10
140
1.0
141
10.0
290
     0
  0
SCALE
  5
1C3
102
{ACAD_REACTORS
330
10C
102
}
330
10C
100
AcDbScale
 70
     0
300
1:16
140
1.0
141
16.0
290
     0
  0
SCALE
  5
1C4
102
{ACAD_REACTORS
330
10C
102
}
330
10C
100
AcDbScale
 70
     0
300
1:20
140
1.0
141
20.0
290
     0
  0
SCALE
  5
1C5
102
{ACAD_REACTORS
330
10C
102
}
330
10C
100
AcDbScale
 70
     0
300
1:30
140
1.0
141
30.0
290
     0
  0
SCALE
  5
1C6
102
{ACAD_REACTORS
330
10C
102
}
330
10C
100
AcDbScale
 70
     0
300
1:40
140
1.0
141
40.0
290
     0
  0
SCALE
  5
1C7
102
{ACAD_REACTORS
330
10C
102
}
330
10C
100
AcDbScale
 70
     0
300
1:50
140
1.0
141
50.0
290
     0
  0
SCALE
  5
1C8
102
{ACAD_REACTORS
330
10C
102
}
330
10C
100
AcDbScale
 70
     0
300
1:100
140
1.0
141
100.0
290
     0
  0
SCALE
  5
1C9
102
{ACAD_REACTORS
330
10C
102
}
330
10C
100
AcDbScale
 70
     0
300
2:1
140
2.0
141
1.0
290
     0
  0
SCALE
  5
1CA
102
{ACAD_REACTORS
330
10C
102
}
330
10C
100
AcDbScale
 70
     0
300
4:1
140
4.0
141
1.0
290
     0
  0
SCALE
  5
1CB
102
{ACAD_REACTORS
330
10C
102
}
330
10C
100
AcDbScale
 70
     0
300
8:1
140
8.0
141
1.0
290
     0
  0
SCALE
  5
1CC
102
{ACAD_REACTORS
330
10C
102
}
330
10C
100
AcDbScale
 70
     0
300
10:1
140
10.0
141
1.0
290
     0
  0
SCALE
  5
1CD
102
{ACAD_REACTORS
330
10C
102
}
330
10C
100
AcDbScale
 70
     0
300
100:1
140
100.0
141
1.0
290
     0
  0
ACDBSECTIONVIEWSTYLE
  5
21A
102
{ACAD_REACTORS
330
219
102
}
330
219
100
AcDbModelDocViewStyle
 70
     0
  3
Metric50
290
     0
300
Metric50
 90
        0
100
AcDbSectionViewStyle
 70
     0
 71
     0
 90
      102
 71
     1
340
11
 62
   256
 40
5.0
340
0
340
0
 62
   256
 40
5.0
300
I, O, Q, S, X, Z
 40
10.0
 90
        0
 40
2.5
 90
        0
 71
     2
340
16
 90
       25
 62
   256
340
16
 90
       50
 62
   256
 40
5.0
 40
2.5
 40
5.0
 71
     3
340
11
 62
   256
 40
5.0
 90
        0
 40
15.0
 90
        1
300
%<\AcVar ViewSectionStartId>%-%<\AcVar ViewSectionEndId>% (%<\AcVar ViewScale \f "%sn">%)
 71
     4
 62
   256
 62
   257
300
ANSI31
 40
1.0
 90
        0
290
     0
290
     0
 90
        6
 40
0.0
 40
1.570796326794896
 40
0.2617993877991494
 40
1.308996938995747
 40
-0.2617993877991494
 40
1.832595714594046
  0
TABLESTYLE
  5
7F
102
{ACAD_XDICTIONARY
360
162
102
}
102
{ACAD_REACTORS
330
7E
102
}
330
7E
100
AcDbTableStyle
280
     0
  3
Standard
 70
     0
 71
     0
 40
1.5
 41
1.5
280
     0
281
     0
  7
Standard
140
4.5
170
     2
 62
     0
 63
     7
283
     0
 90
      512
 91
        0
  1

274
    -2
284
     1
 64
     0
275
    -2
285
     1
 65
     0
276
    -2
286
     1
 66
     0
277
    -2
287
     1
 67
     0
278
    -2
288
     1
 68
     0
279
    -2
289
     1
 69
     0
  7
Standard
140
6.0
170
     5
 62
     0
 63
     7
283
     0
 90
      512
 91
        0
  1

274
    -2
284
     1
 64
     0
275
    -2
285
     1
 65
     0
276
    -2
286
     1
 66
     0
277
    -2
287
     1
 67
     0
278
    -2
288
     1
 68
     0
279
    -2
289
     1
 69
     0
  7
Standard
140
4.5
170
     5
 62
     0
 63
     7
283
     0
 90
      512
 91
        0
  1

274
    -2
284
     1
 64
     0
275
    -2
285
     1
 65
     0
276
    -2
286
     1
 66
     0
277
    -2
287
     1
 67
     0
278
    -2
288
     1
 68
     0
279
    -2
289
     1
 69
     0
  0
VISUALSTYLE
  5
F5
102
{ACAD_REACTORS
330
EF
102
}
330
EF
100
AcDbVisualStyle
  2
2dWireframe
 70
     4
177
     3
291
     0
 70
    58
 90
        0
176
     1
 90
        2
176
     1
 90
        1
176
     1
 90
        0
176
     1
 40
0.6
176
     1
 40
30.0
176
     1
 62
     7
420
 16777215
176
     1
 90
        1
176
     1
 90
        4
176
     1
 62
     7
176
     1
 62
   257
176
     1
 90
        1
176
     1
 90
        1
176
     1
 40
1.0
176
     1
 90
        0
176
     1
 62
   257
176
     1
 40
1.0
176
     1
 90
        1
176
     1
 90
        6
176
     1
 90
        2
176
     1
 62
     7
176
     1
 90
        5
176
     1
 90
        0
176
     1
 90
        0
176
     1
290
     0
176
     1
 90
        1
176
     1
 40
0.0
176
     1
 90
        0
176
     1
290
     1
176
     1
290
     1
176
     1
290
     0
176
     1
290
     0
176
     1
290
     0
176
     1
290
     0
176
     1
290
     0
176
     1
290
     0
176
     1
290
     0
176
     1
 90
       50
176
     1
 40
0.0
176
     1
 40
1.0
176
     1
 90
        0
176
     1
 62
    18
420
        0
176
     1
 90
       50
176
     1
 90
        3
176
     1
 62
     5
420
      255
176
     1
290
     0
176
     1
 90
       50
176
     1
 90
       50
176
     1
 90
       50
176
     1
290
     0
176
     1
 90
       50
176
     1
 62
   256
176
     0
 40
1.0
176
     0
 90
        2
176
     1
  1
strokes_ogs.tif
176
     1
290
     0
176
     1
 40
1.0
176
     1
 40
1.0
176
     1
  0
VISUALSTYLE
  5
F4
102
{ACAD_REACTORS
330
EF
102
}
330
EF
100
AcDbVisualStyle
  2
Basic
 70
     7
177
     3
291
     1
 70
    58
 90
        1
176
     1
 90
        0
176
     1
 90
        1
176
     1
 90
        0
176
     1
 40
0.6
176
     1
 40
30.0
176
     1
 62
     7
420
 16777215
176
     1
 90
        0
176
     1
 90
        4
176
     1
 62
     7
176
     1
 62
   257
176
     1
 90
        1
176
     1
 90
        1
176
     1
 40
1.0
176
     1
 90
        8
176
     1
 62
     7
176
     1
 40
1.0
176
     1
 90
        1
176
     1
 90
        6
176
     1
 90
        2
176
     1
 62
     7
176
     1
 90
        5
176
     1
 90
        0
176
     1
 90
        0
176
     1
290
     0
176
     1
 90
        1
176
     1
 40
0.0
176
     1
 90
        0
176
     1
290
     0
176
     1
290
     1
176
     1
290
     1
176
     1
290
     0
176
     1
290
     0
176
     1
290
     0
176
     1
290
     0
176
     1
290
     0
176
     1
290
     0
176
     1
 90
       50
176
     1
 40
0.0
176
     1
 40
1.0
176
     1
 90
        0
176
     1
 62
    18
420
        0
176
     1
 90
       50
176
     1
 90
        3
176
     1
 62
     5
420
      255
176
     1
290
     0
176
     1
 90
       50
176
     1
 90
       50
176
     1
 90
       50
176
     1
290
     0
176
     1
 90
       50
176
     1
 62
   256
176
     0
 40
1.0
176
     0
 90
        2
176
     1
  1
strokes_ogs.tif
176
     1
290
     0
176
     1
 40
1.0
176
     1
 40
1.0
176
     1
  0
VISUALSTYLE
  5
FB
102
{ACAD_REACTORS
330
EF
102
}
330
EF
100
AcDbVisualStyle
  2
Brighten
 70
    12
177
     3
291
     1
 70
    58
 90
        2
176
     1
 90
        2
176
     1
 90
        1
176
     1
 90
        0
176
     1
 40
0.6
176
     1
 40
30.0
176
     1
 62
     7
420
 16777215
176
     1
 90
        1
176
     1
 90
        4
176
     1
 62
     7
176
     1
 62
   257
176
     1
 90
        1
176
     1
 90
        1
176
     1
 40
1.0
176
     1
 90
        8
176
     1
 62
     7
176
     1
 40
1.0
176
     1
 90
        1
176
     1
 90
        6
176
     1
 90
        2
176
     1
 62
     7
176
     1
 90
        5
176
     1
 90
        0
176
     1
 90
        0
176
     1
290
     0
176
     1
 90
        1
176
     1
 40
50.0
176
     1
 90
        0
176
     1
290
     0
176
     1
290
     1
176
     1
290
     1
176
     1
290
     0
176
     1
290
     0
176
     1
290
     0
176
     1
290
     0
176
     1
290
     0
176
     1
290
     0
176
     1
 90
       50
176
     1
 40
0.0
176
     1
 40
1.0
176
     1
 90
        0
176
     1
 62
    18
420
        0
176
     1
 90
       50
176
     1
 90
        3
176
     1
 62
     5
420
      255
176
     1
290
     0
176
     1
 90
       50
176
     1
 90
       50
176
     1
 90
       50
176
     1
290
     0
176
     1
 90
       50
176
     1
 62
   256
176
     0
 40
1.0
176
     0
 90
        2
176
     1
  1
strokes_ogs.tif
176
     1
290
     0
176
     1
 40
1.0
176
     1
 40
1.0
176
     1
  0
VISUALSTYLE
  5
FF
102
{ACAD_REACTORS
330
EF
102
}
330
EF
100
AcDbVisualStyle
  2
ColorChange
 70
    16
177
     3
291
     1
 70
    58
 90
        2
176
     1
 90
        2
176
     1
 90
        3
176
     1
 90
        0
176
     1
 40
0.6
176
     1
 40
30.0
176
     1
 62
     8
420
  8421504
176
     1
 90
        1
176
     1
 90
        4
176
     1
 62
     7
176
     1
 62
   257
176
     1
 90
        1
176
     1
 90
        1
176
     1
 40
1.0
176
     1
 90
        8
176
     1
 62
     8
420
  8421504
176
     1
 40
1.0
176
     1
 90
        1
176
     1
 90
        6
176
     1
 90
        2
176
     1
 62
     7
176
     1
 90
        5
176
     1
 90
        0
176
     1
 90
        0
176
     1
290
     0
176
     1
 90
        1
176
     1
 40
0.0
176
     1
 90
        0
176
     1
290
     0
176
     1
290
     1
176
     1
290
     1
176
     1
290
     0
176
     1
290
     0
176
     1
290
     0
176
     1
290
     0
176
     1
290
     0
176
     1
290
     0
176
     1
 90
       50
176
     1
 40
0.0
176
     1
 40
1.0
176
     1
 90
        0
176
     1
 62
    18
420
        0
176
     1
 90
       50
176
     1
 90
        3
176
     1
 62
     5
420
      255
176
     1
290
     0
176
     1
 90
       50
176
     1
 90
       50
176
     1
 90
       50
176
     1
290
     0
176
     1
 90
       50
176
     1
 62
   256
176
     0
 40
1.0
176
     0
 90
        2
176
     1
  1
strokes_ogs.tif
176
     1
290
     0
176
     1
 40
1.0
176
     1
 40
1.0
176
     1
  0
VISUALSTYLE
  5
F8
102
{ACAD_REACTORS
330
EF
102
}
330
EF
100
AcDbVisualStyle
  2
Conceptual
 70
     9
177
     3
291
     0
 70
    58
 90
        3
176
     1
 90
        2
176
     1
 90
        1
176
     1
 90
        0
176
     1
 40
0.6
176
     1
 40
30.0
176
     1
 62
     7
420
 16777215
176
     1
 90
        2
176
     1
 90
        2
176
     1
 62
     7
176
     1
 62
   257
176
     1
 90
        1
176
     1
 90
        1
176
     1
 40
40.0
176
     1
 90
        8
176
     1
 62
     7
176
     1
 40
1.0
176
     1
 90
        1
176
     1
 90
        6
176
     1
 90
        2
176
     1
 62
     7
176
     1
 90
        3
176
     1
 90
        0
176
     1
 90
        0
176
     1
290
     0
176
     1
 90
        1
176
     1
 40
0.0
176
     1
 90
        0
176
     1
290
     0
176
     1
290
     1
176
     1
290
     1
176
     1
290
     0
176
     1
290
     0
176
     1
290
     0
176
     1
290
     0
176
     1
290
     0
176
     1
290
     0
176
     1
 90
       50
176
     1
 40
0.0
176
     1
 40
1.0
176
     1
 90
        0
176
     1
 62
    18
420
        0
176
     1
 90
       50
176
     1
 90
        3
176
     1
 62
     5
420
      255
176
     1
290
     0
176
     1
 90
       50
176
     1
 90
       50
176
     1
 90
       50
176
     1
290
     0
176
     1
 90
       50
176
     1
 62
   256
176
     0
 40
1.0
176
     0
 90
        2
176
     1
  1
strokes_ogs.tif
176
     1
290
     0
176
     1
 40
1.0
176
     1
 40
1.0
176
     1
  0
VISUALSTYLE
  5
FA
102
{ACAD_REACTORS
330
EF
102
}
330
EF
100
AcDbVisualStyle
  2
Dim
 70
    11
177
     3
291
     1
 70
    58
 90
        2
176
     1
 90
        2
176
     1
 90
        1
176
     1
 90
        0
176
     1
 40
0.6
176
     1
 40
30.0
176
     1
 62
     7
420
 16777215
176
     1
 90
        1
176
     1
 90
        4
176
     1
 62
     7
176
     1
 62
   257
176
     1
 90
        1
176
     1
 90
        1
176
     1
 40
1.0
176
     1
 90
        8
176
     1
 62
     7
176
     1
 40
1.0
176
     1
 90
        1
176
     1
 90
        6
176
     1
 90
        2
176
     1
 62
     7
176
     1
 90
        5
176
     1
 90
        0
176
     1
 90
        0
176
     1
290
     0
176
     1
 90
        1
176
     1
 40
-50.0
176
     1
 90
        0
176
     1
290
     0
176
     1
290
     1
176
     1
290
     1
176
     1
290
     0
176
     1
290
     0
176
     1
290
     0
176
     1
290
     0
176
     1
290
     0
176
     1
290
     0
176
     1
 90
       50
176
     1
 40
0.0
176
     1
 40
1.0
176
     1
 90
        0
176
     1
 62
    18
420
        0
176
     1
 90
       50
176
     1
 90
        3
176
     1
 62
     5
420
      255
176
     1
290
     0
176
     1
 90
       50
176
     1
 90
       50
176
     1
 90
       50
176
     1
290
     0
176
     1
 90
       50
176
     1
 62
   256
176
     0
 40
1.0
176
     0
 90
        2
176
     1
  1
strokes_ogs.tif
176
     1
290
     0
176
     1
 40
1.0
176
     1
 40
1.0
176
     1
  0
VISUALSTYLE
  5
1E6
102
{ACAD_REACTORS
330
EF
102
}
330
EF
100
AcDbVisualStyle
  2
EdgeColorOff
 70
    22
177
     3
291
     1
 70
    58
 90
        2
176
     0
 90
        2
176
     0
 90
        0
176
     0
 90
        0
176
     0
 40
0.6
176
     0
 40
30.0
176
     0
 62
     7
420
 16777215
176
     0
 90
        1
176
     0
 90
        4
176
     0
 62
     7
176
     0
 62
   257
176
     0
 90
        1
176
     0
 90
        1
176
     0
 40
1.0
176
     0
 90
        8
176
     2
 62
     7
176
     0
 40
1.0
176
     0
 90
        1
176
     0
 90
        6
176
     0
 90
        2
176
     0
 62
     7
176
     0
 90
        5
176
     0
 90
        0
176
     0
 90
        0
176
     0
290
     0
176
     0
 90
        1
176
     0
 40
0.0
176
     0
 90
        0
176
     0
290
     0
176
     1
290
     1
176
     1
290
     1
176
     1
290
     0
176
     1
290
     0
176
     1
290
     0
176
     1
290
     0
176
     1
290
     0
176
     1
290
     0
176
     1
 90
       50
176
     1
 40
0.0
176
     1
 40
1.0
176
     1
 90
        0
176
     1
 62
    18
420
        0
176
     1
 90
       50
176
     1
 90
        3
176
     1
 62
     5
420
      255
176
     1
290
     0
176
     1
 90
       50
176
     1
 90
       50
176
     1
 90
       50
176
     1
290
     0
176
     1
 90
       50
176
     1
 62
   256
176
     0
 40
1.0
176
     0
 90
        2
176
     1
  1
strokes_ogs.tif
176
     1
290
     0
176
     1
 40
1.0
176
     1
 40
1.0
176
     1
  0
VISUALSTYLE
  5
FE
102
{ACAD_REACTORS
330
EF
102
}
330
EF
100
AcDbVisualStyle
  2
Facepattern
 70
    15
177
     3
291
     1
 70
    58
 90
        2
176
     1
 90
        2
176
     1
 90
        1
176
     1
 90
        0
176
     1
 40
0.6
176
     1
 40
30.0
176
     1
 62
     7
420
 16777215
176
     1
 90
        1
176
     1
 90
        4
176
     1
 62
     7
176
     1
 62
   257
176
     1
 90
        1
176
     1
 90
        1
176
     1
 40
1.0
176
     1
 90
        8
176
     1
 62
     7
176
     1
 40
1.0
176
     1
 90
        1
176
     1
 90
        6
176
     1
 90
        2
176
     1
 62
     7
176
     1
 90
        5
176
     1
 90
        0
176
     1
 90
        0
176
     1
290
     0
176
     1
 90
        1
176
     1
 40
0.0
176
     1
 90
        0
176
     1
290
     0
176
     1
290
     1
176
     1
290
     1
176
     1
290
     0
176
     1
290
     0
176
     1
290
     0
176
     1
290
     0
176
     1
290
     0
176
     1
290
     0
176
     1
 90
       50
176
     1
 40
0.0
176
     1
 40
1.0
176
     1
 90
        0
176
     1
 62
    18
420
        0
176
     1
 90
       50
176
     1
 90
        3
176
     1
 62
     5
420
      255
176
     1
290
     0
176
     1
 90
       50
176
     1
 90
       50
176
     1
 90
       50
176
     1
290
     0
176
     1
 90
       50
176
     1
 62
   256
176
     0
 40
1.0
176
     0
 90
        2
176
     1
  1
strokes_ogs.tif
176
     1
290
     0
176
     1
 40
1.0
176
     1
 40
1.0
176
     1
  0
VISUALSTYLE
  5
F0
102
{ACAD_REACTORS
330
EF
102
}
330
EF
100
AcDbVisualStyle
  2
Flat
 70
     0
177
     3
291
     1
 70
    58
 90
        2
176
     1
 90
        1
176
     1
 90
        1
176
     1
 90
        2
176
     1
 40
0.6
176
     1
 40
30.0
176
     1
 62
     7
420
 16777215
176
     1
 90
        0
176
     1
 90
        0
176
     1
 62
     7
176
     1
 62
   257
176
     1
 90
        1
176
     1
 90
        1
176
     1
 40
1.0
176
     1
 90
        8
176
     1
 62
     7
176
     1
 40
1.0
176
     1
 90
        1
176
     1
 90
        6
176
     1
 90
        2
176
     1
 62
     7
176
     1
 90
        5
176
     1
 90
        0
176
     1
 90
        0
176
     1
290
     0
176
     1
 90
       13
176
     1
 40
0.0
176
     1
 90
        0
176
     1
290
     0
176
     1
290
     1
176
     1
290
     1
176
     1
290
     0
176
     1
290
     0
176
     1
290
     0
176
     1
290
     0
176
     1
290
     0
176
     1
290
     0
176
     1
 90
       50
176
     1
 40
0.0
176
     1
 40
1.0
176
     1
 90
        0
176
     1
 62
    18
420
        0
176
     1
 90
       50
176
     1
 90
        3
176
     1
 62
     5
420
      255
176
     1
290
     0
176
     1
 90
       50
176
     1
 90
       50
176
     1
 90
       50
176
     1
290
     0
176
     1
 90
       50
176
     1
 62
   256
176
     0
 40
1.0
176
     0
 90
        2
176
     1
  1
strokes_ogs.tif
176
     1
290
     0
176
     1
 40
1.0
176
     1
 40
1.0
176
     1
  0
VISUALSTYLE
  5
F1
102
{ACAD_REACTORS
330
EF
102
}
330
EF
100
AcDbVisualStyle
  2
FlatWithEdges
 70
     1
177
     3
291
     1
 70
    58
 90
        2
176
     1
 90
        1
176
     1
 90
        1
176
     1
 90
        2
176
     1
 40
0.6
176
     1
 40
30.0
176
     1
 62
     7
420
 16777215
176
     1
 90
        1
176
     1
 90
        0
176
     1
 62
     7
176
     1
 62
   257
176
     1
 90
        1
176
     1
 90
        1
176
     1
 40
1.0
176
     1
 90
        0
176
     1
 62
   257
176
     1
 40
1.0
176
     1
 90
        1
176
     1
 90
        6
176
     1
 90
        2
176
     1
 62
     7
176
     1
 90
        5
176
     1
 90
        0
176
     1
 90
        0
176
     1
290
     0
176
     1
 90
       13
176
     1
 40
0.0
176
     1
 90
        0
176
     1
290
     0
176
     1
290
     1
176
     1
290
     1
176
     1
290
     0
176
     1
290
     0
176
     1
290
     0
176
     1
290
     0
176
     1
290
     0
176
     1
290
     0
176
     1
 90
       50
176
     1
 40
0.0
176
     1
 40
1.0
176
     1
 90
        0
176
     1
 62
    18
420
        0
176
     1
 90
       50
176
     1
 90
        3
176
     1
 62
     5
420
      255
176
     1
290
     0
176
     1
 90
       50
176
     1
 90
       50
176
     1
 90
       50
176
     1
290
     0
176
     1
 90
       50
176
     1
 62
   256
176
     0
 40
1.0
176
     0
 90
        2
176
     1
  1
strokes_ogs.tif
176
     1
290
     0
176
     1
 40
1.0
176
     1
 40
1.0
176
     1
  0
VISUALSTYLE
  5
F2
102
{ACAD_REACTORS
330
EF
102
}
330
EF
100
AcDbVisualStyle
  2
Gouraud
 70
     2
177
     3
291
     1
 70
    58
 90
        2
176
     1
 90
        2
176
     1
 90
        1
176
     1
 90
        2
176
     1
 40
0.6
176
     1
 40
30.0
176
     1
 62
     7
420
 16777215
176
     1
 90
        0
176
     1
 90
        0
176
     1
 62
     7
176
     1
 62
   257
176
     1
 90
        1
176
     1
 90
        1
176
     1
 40
1.0
176
     1
 90
        0
176
     1
 62
     7
176
     1
 40
1.0
176
     1
 90
        1
176
     1
 90
        6
176
     1
 90
        2
176
     1
 62
     7
176
     1
 90
        5
176
     1
 90
        0
176
     1
 90
        0
176
     1
290
     0
176
     1
 90
       13
176
     1
 40
0.0
176
     1
 90
        0
176
     1
290
     0
176
     1
290
     1
176
     1
290
     1
176
     1
290
     0
176
     1
290
     0
176
     1
290
     0
176
     1
290
     0
176
     1
290
     0
176
     1
290
     0
176
     1
 90
       50
176
     1
 40
0.0
176
     1
 40
1.0
176
     1
 90
        0
176
     1
 62
    18
420
        0
176
     1
 90
       50
176
     1
 90
        3
176
     1
 62
     5
420
      255
176
     1
290
     0
176
     1
 90
       50
176
     1
 90
       50
176
     1
 90
       50
176
     1
290
     0
176
     1
 90
       50
176
     1
 62
   256
176
     0
 40
1.0
176
     0
 90
        2
176
     1
  1
strokes_ogs.tif
176
     1
290
     0
176
     1
 40
1.0
176
     1
 40
1.0
176
     1
  0
VISUALSTYLE
  5
F3
102
{ACAD_REACTORS
330
EF
102
}
330
EF
100
AcDbVisualStyle
  2
GouraudWithEdges
 70
     3
177
     3
291
     1
 70
    58
 90
        2
176
     1
 90
        2
176
     1
 90
        1
176
     1
 90
        2
176
     1
 40
0.6
176
     1
 40
30.0
176
     1
 62
     7
420
 16777215
176
     1
 90
        1
176
     1
 90
        0
176
     1
 62
     7
176
     1
 62
   257
176
     1
 90
        1
176
     1
 90
        1
176
     1
 40
1.0
176
     1
 90
        0
176
     1
 62
   257
176
     1
 40
1.0
176
     1
 90
        1
176
     1
 90
        6
176
     1
 90
        2
176
     1
 62
     7
176
     1
 90
        5
176
     1
 90
        0
176
     1
 90
        0
176
     1
290
     0
176
     1
 90
       13
176
     1
 40
0.0
176
     1
 90
        0
176
     1
290
     0
176
     1
290
     1
176
     1
290
     1
176
     1
290
     0
176
     1
290
     0
176
     1
290
     0
176
     1
290
     0
176
     1
290
     0
176
     1
290
     0
176
     1
 90
       50
176
     1
 40
0.0
176
     1
 40
1.0
176
     1
 90
        0
176
     1
 62
    18
420
        0
176
     1
 90
       50
176
     1
 90
        3
176
     1
 62
     5
420
      255
176
     1
290
     0
176
     1
 90
       50
176
     1
 90
       50
176
     1
 90
       50
176
     1
290
     0
176
     1
 90
       50
176
     1
 62
   256
176
     0
 40
1.0
176
     0
 90
        2
176
     1
  1
strokes_ogs.tif
176
     1
290
     0
176
     1
 40
1.0
176
     1
 40
1.0
176
     1
  0
VISUALSTYLE
  5
F7
102
{ACAD_REACTORS
330
EF
102
}
330
EF
100
AcDbVisualStyle
  2
Hidden
 70
     6
177
     3
291
     0
 70
    58
 90
        1
176
     1
 90
        2
176
     1
 90
        2
176
     1
 90
        0
176
     1
 40
0.6
176
     1
 40
30.0
176
     1
 62
     7
420
 16777215
176
     1
 90
        2
176
     1
 90
        2
176
     1
 62
     7
176
     1
 62
   257
176
     1
 90
        2
176
     1
 90
        1
176
     1
 40
40.0
176
     1
 90
        0
176
     1
 62
   257
176
     1
 40
1.0
176
     1
 90
        1
176
     1
 90
        6
176
     1
 90
        2
176
     1
 62
     7
176
     1
 90
        3
176
     1
 90
        0
176
     1
 90
        0
176
     1
290
     0
176
     1
 90
        1
176
     1
 40
0.0
176
     1
 90
        0
176
     1
290
     0
176
     1
290
     1
176
     1
290
     1
176
     1
290
     0
176
     1
290
     0
176
     1
290
     0
176
     1
290
     0
176
     1
290
     0
176
     1
290
     0
176
     1
 90
       50
176
     1
 40
0.0
176
     1
 40
1.0
176
     1
 90
        0
176
     1
 62
    18
420
        0
176
     1
 90
       50
176
     1
 90
        3
176
     1
 62
     5
420
      255
176
     1
290
     0
176
     1
 90
       50
176
     1
 90
       50
176
     1
 90
       50
176
     1
290
     0
176
     1
 90
       50
176
     1
 62
   256
176
     0
 40
1.0
176
     0
 90
        2
176
     1
  1
strokes_ogs.tif
176
     1
290
     0
176
     1
 40
1.0
176
     1
 40
1.0
176
     1
  0
VISUALSTYLE
  5
1E4
102
{ACAD_REACTORS
330
EF
102
}
330
EF
100
AcDbVisualStyle
  2
JitterOff
 70
    20
177
     3
291
     1
 70
    58
 90
        2
176
     0
 90
        2
176
     0
 90
        0
176
     0
 90
        0
176
     0
 40
0.6
176
     0
 40
30.0
176
     0
 62
     7
420
 16777215
176
     0
 90
        1
176
     0
 90
        4
176
     0
 62
     7
176
     0
 62
   257
176
     0
 90
        1
176
     0
 90
        1
176
     0
 40
1.0
176
     0
 90
       10
176
     2
 62
     7
176
     0
 40
1.0
176
     0
 90
        1
176
     0
 90
        6
176
     0
 90
        2
176
     0
 62
     7
176
     0
 90
        5
176
     0
 90
        0
176
     0
 90
        0
176
     0
290
     0
176
     0
 90
        1
176
     0
 40
0.0
176
     0
 90
        0
176
     0
290
     0
176
     1
290
     1
176
     1
290
     1
176
     1
290
     0
176
     1
290
     0
176
     1
290
     0
176
     1
290
     0
176
     1
290
     0
176
     1
290
     0
176
     1
 90
       50
176
     1
 40
0.0
176
     1
 40
1.0
176
     1
 90
        0
176
     1
 62
    18
420
        0
176
     1
 90
       50
176
     1
 90
        3
176
     1
 62
     5
420
      255
176
     1
290
     0
176
     1
 90
       50
176
     1
 90
       50
176
     1
 90
       50
176
     1
290
     0
176
     1
 90
       50
176
     1
 62
   256
176
     0
 40
1.0
176
     0
 90
        2
176
     1
  1
strokes_ogs.tif
176
     1
290
     0
176
     1
 40
1.0
176
     1
 40
1.0
176
     1
  0
VISUALSTYLE
  5
FD
102
{ACAD_REACTORS
330
EF
102
}
330
EF
100
AcDbVisualStyle
  2
Linepattern
 70
    14
177
     3
291
     1
 70
    58
 90
        2
176
     1
 90
        2
176
     1
 90
        1
176
     1
 90
        0
176
     1
 40
0.6
176
     1
 40
30.0
176
     1
 62
     7
420
 16777215
176
     1
 90
        1
176
     1
 90
        4
176
     1
 62
     7
176
     1
 62
   257
176
     1
 90
        7
176
     1
 90
        7
176
     1
 40
1.0
176
     1
 90
        8
176
     1
 62
     7
176
     1
 40
1.0
176
     1
 90
        1
176
     1
 90
        6
176
     1
 90
        2
176
     1
 62
     7
176
     1
 90
        5
176
     1
 90
        0
176
     1
 90
        0
176
     1
290
     0
176
     1
 90
        1
176
     1
 40
0.0
176
     1
 90
        0
176
     1
290
     0
176
     1
290
     1
176
     1
290
     1
176
     1
290
     0
176
     1
290
     0
176
     1
290
     0
176
     1
290
     0
176
     1
290
     0
176
     1
290
     0
176
     1
 90
       50
176
     1
 40
0.0
176
     1
 40
1.0
176
     1
 90
        0
176
     1
 62
    18
420
        0
176
     1
 90
       50
176
     1
 90
        3
176
     1
 62
     5
420
      255
176
     1
290
     0
176
     1
 90
       50
176
     1
 90
       50
176
     1
 90
       50
176
     1
290
     0
176
     1
 90
       50
176
     1
 62
   256
176
     0
 40
1.0
176
     0
 90
        2
176
     1
  1
strokes_ogs.tif
176
     1
290
     0
176
     1
 40
1.0
176
     1
 40
1.0
176
     1
  0
VISUALSTYLE
  5
1E5
102
{ACAD_REACTORS
330
EF
102
}
330
EF
100
AcDbVisualStyle
  2
OverhangOff
 70
    21
177
     3
291
     1
 70
    58
 90
        2
176
     0
 90
        2
176
     0
 90
        0
176
     0
 90
        0
176
     0
 40
0.6
176
     0
 40
30.0
176
     0
 62
     7
420
 16777215
176
     0
 90
        1
176
     0
 90
        4
176
     0
 62
     7
176
     0
 62
   257
176
     0
 90
        1
176
     0
 90
        1
176
     0
 40
1.0
176
     0
 90
        9
176
     2
 62
     7
176
     0
 40
1.0
176
     0
 90
        1
176
     0
 90
        6
176
     0
 90
        2
176
     0
 62
     7
176
     0
 90
        5
176
     0
 90
        0
176
     0
 90
        0
176
     0
290
     0
176
     0
 90
        1
176
     0
 40
0.0
176
     0
 90
        0
176
     0
290
     0
176
     1
290
     1
176
     1
290
     1
176
     1
290
     0
176
     1
290
     0
176
     1
290
     0
176
     1
290
     0
176
     1
290
     0
176
     1
290
     0
176
     1
 90
       50
176
     1
 40
0.0
176
     1
 40
1.0
176
     1
 90
        0
176
     1
 62
    18
420
        0
176
     1
 90
       50
176
     1
 90
        3
176
     1
 62
     5
420
      255
176
     1
290
     0
176
     1
 90
       50
176
     1
 90
       50
176
     1
 90
       50
176
     1
290
     0
176
     1
 90
       50
176
     1
 62
   256
176
     0
 40
1.0
176
     0
 90
        2
176
     1
  1
strokes_ogs.tif
176
     1
290
     0
176
     1
 40
1.0
176
     1
 40
1.0
176
     1
  0
VISUALSTYLE
  5
F9
102
{ACAD_REACTORS
330
EF
102
}
330
EF
100
AcDbVisualStyle
  2
Realistic
 70
     8
177
     3
291
     0
 70
    58
 90
        2
176
     1
 90
        3
176
     1
 90
        0
176
     1
 90
        2
176
     1
 40
0.6
176
     1
 40
30.0
176
     1
 62
     7
420
 16777215
176
     1
 90
        0
176
     1
 90
        0
176
     1
 62
     7
176
     1
 62
   257
176
     1
 90
        1
176
     1
 90
        1
176
     1
 40
1.0
176
     1
 90
        8
176
     1
 62
   257
176
     1
 40
1.0
176
     1
 90
        1
176
     1
 90
        6
176
     1
 90
        2
176
     1
 62
     7
176
     1
 90
        3
176
     1
 90
        0
176
     1
 90
        0
176
     1
290
     0
176
     1
 90
       13
176
     1
 40
0.0
176
     1
 90
        0
176
     1
290
     0
176
     1
290
     1
176
     1
290
     1
176
     1
290
     0
176
     1
290
     0
176
     1
290
     0
176
     1
290
     0
176
     1
290
     0
176
     1
290
     0
176
     1
 90
       50
176
     1
 40
0.0
176
     1
 40
1.0
176
     1
 90
        0
176
     1
 62
    18
420
        0
176
     1
 90
       50
176
     1
 90
        3
176
     1
 62
     5
420
      255
176
     1
290
     0
176
     1
 90
       50
176
     1
 90
       50
176
     1
 90
       50
176
     1
290
     0
176
     1
 90
       50
176
     1
 62
   256
176
     0
 40
1.0
176
     0
 90
        2
176
     1
  1
strokes_ogs.tif
176
     1
290
     0
176
     1
 40
1.0
176
     1
 40
1.0
176
     1
  0
VISUALSTYLE
  5
1F3
102
{ACAD_REACTORS
330
EF
102
}
330
EF
100
AcDbVisualStyle
  2
Shaded
 70
    27
177
     3
291
     0
 70
    58
 90
        2
176
     1
 90
        2
176
     1
 90
        1
176
     1
 90
        2
176
     1
 40
0.6
176
     1
 40
30.0
176
     1
 62
     7
420
 16777215
176
     1
 90
        0
176
     1
 90
        4
176
     1
 62
     7
176
     1
 62
   257
176
     1
 90
        1
176
     1
 90
        1
176
     1
 40
1.0
176
     1
 90
        8
176
     1
 62
   257
176
     1
 40
1.0
176
     1
 90
        1
176
     1
 90
        6
176
     1
 90
        2
176
     1
 62
     8
420
  7895160
176
     1
 90
        3
176
     1
 90
        0
176
     1
 90
        0
176
     1
290
     0
176
     1
 90
        5
176
     1
 40
0.0
176
     1
 90
        0
176
     1
290
     0
176
     1
290
     1
176
     1
290
     1
176
     1
290
     0
176
     1
290
     0
176
     1
290
     0
176
     1
290
     0
176
     1
290
     0
176
     1
290
     0
176
     1
 90
       50
176
     1
 40
0.0
176
     1
 40
1.0
176
     1
 90
        0
176
     1
 62
    18
420
        0
176
     1
 90
       50
176
     1
 90
        3
176
     1
 62
     5
420
      255
176
     1
290
     0
176
     1
 90
       50
176
     1
 90
       50
176
     1
 90
       50
176
     1
290
     0
176
     1
 90
       50
176
     1
 62
   256
176
     0
 40
1.0
176
     0
 90
        2
176
     1
  1
strokes_ogs.tif
176
     1
290
     0
176
     1
 40
1.0
176
     1
 40
1.0
176
     1
  0
VISUALSTYLE
  5
1F2
102
{ACAD_REACTORS
330
EF
102
}
330
EF
100
AcDbVisualStyle
  2
Shaded with edges
 70
    26
177
     3
291
     0
 70
    58
 90
        2
176
     1
 90
        2
176
     1
 90
        1
176
     1
 90
        2
176
     1
 40
0.6
176
     1
 40
30.0
176
     1
 62
     7
420
 16777215
176
     1
 90
        1
176
     1
 90
        2
176
     1
 62
     7
176
     1
 62
   257
176
     1
 90
        2
176
     1
 90
        1
176
     1
 40
1.0
176
     1
 90
        8
176
     1
 62
   257
176
     1
 40
1.0
176
     1
 90
        1
176
     1
 90
        6
176
     1
 90
        2
176
     1
 62
     7
176
     1
 90
        3
176
     1
 90
        0
176
     1
 90
        0
176
     1
290
     0
176
     1
 90
        5
176
     1
 40
0.0
176
     1
 90
        0
176
     1
290
     0
176
     1
290
     1
176
     1
290
     1
176
     1
290
     0
176
     1
290
     0
176
     1
290
     0
176
     1
290
     0
176
     1
290
     0
176
     1
290
     0
176
     1
 90
       50
176
     1
 40
0.0
176
     1
 40
1.0
176
     1
 90
        0
176
     1
 62
    18
420
        0
176
     1
 90
       50
176
     1
 90
        3
176
     1
 62
     5
420
      255
176
     1
290
     0
176
     1
 90
       50
176
     1
 90
       50
176
     1
 90
       50
176
     1
290
     0
176
     1
 90
       50
176
     1
 62
   256
176
     0
 40
1.0
176
     0
 90
        2
176
     1
  1
strokes_ogs.tif
176
     1
290
     0
176
     1
 40
1.0
176
     1
 40
1.0
176
     1
  0
VISUALSTYLE
  5
1EF
102
{ACAD_REACTORS
330
EF
102
}
330
EF
100
AcDbVisualStyle
  2
Shades of Gray
 70
    23
177
     3
291
     0
 70
    58
 90
        2
176
     1
 90
        2
176
     1
 90
        3
176
     1
 90
        0
176
     1
 40
0.6
176
     1
 40
30.0
176
     1
 62
     7
420
 16777215
176
     1
 90
        2
176
     1
 90
        2
176
     1
 62
     7
176
     1
 62
     7
176
     1
 90
        1
176
     1
 90
        1
176
     1
 40
40.0
176
     1
 90
        8
176
     1
 62
     7
176
     1
 40
1.0
176
     1
 90
        1
176
     1
 90
        6
176
     1
 90
        2
176
     1
 62
     7
176
     1
 90
        3
176
     1
 90
        0
176
     1
 90
        0
176
     1
290
     0
176
     1
 90
        1
176
     1
 40
0.0
176
     1
 90
        0
176
     1
290
     0
176
     1
290
     1
176
     1
290
     1
176
     1
290
     0
176
     1
290
     0
176
     1
290
     0
176
     1
290
     0
176
     1
290
     0
176
     1
290
     0
176
     1
 90
       50
176
     1
 40
0.0
176
     1
 40
1.0
176
     1
 90
        0
176
     1
 62
    18
420
        0
176
     1
 90
       50
176
     1
 90
        3
176
     1
 62
     5
420
      255
176
     1
290
     0
176
     1
 90
       50
176
     1
 90
       50
176
     1
 90
       50
176
     1
290
     0
176
     1
 90
       50
176
     1
 62
   256
176
     0
 40
1.0
176
     0
 90
        2
176
     1
  1
strokes_ogs.tif
176
     1
290
     0
176
     1
 40
1.0
176
     1
 40
1.0
176
     1
  0
VISUALSTYLE
  5
1F0
102
{ACAD_REACTORS
330
EF
102
}
330
EF
100
AcDbVisualStyle
  2
Sketchy
 70
    24
177
     3
291
     0
 70
    58
 90
        1
176
     1
 90
        2
176
     1
 90
        2
176
     1
 90
        0
176
     1
 40
0.6
176
     1
 40
30.0
176
     1
 62
     7
420
 16777215
176
     1
 90
        2
176
     1
 90
        2
176
     1
 62
     7
176
     1
 62
     7
176
     1
 90
        1
176
     1
 90
        1
176
     1
 40
40.0
176
     1
 90
       11
176
     1
 62
     7
176
     1
 40
1.0
176
     1
 90
        1
176
     1
 90
        6
176
     1
 90
        2
176
     1
 62
     7
176
     1
 90
        6
176
     1
 90
        0
176
     1
 90
        0
176
     1
290
     0
176
     1
 90
        1
176
     1
 40
0.0
176
     1
 90
        0
176
     1
290
     0
176
     1
290
     1
176
     1
290
     1
176
     1
290
     0
176
     1
290
     0
176
     1
290
     0
176
     1
290
     0
176
     1
290
     0
176
     1
290
     0
176
     1
 90
       50
176
     1
 40
0.0
176
     1
 40
1.0
176
     1
 90
        0
176
     1
 62
    18
420
        0
176
     1
 90
       50
176
     1
 90
        3
176
     1
 62
     5
420
      255
176
     1
290
     0
176
     1
 90
       50
176
     1
 90
       50
176
     1
 90
       50
176
     1
290
     0
176
     1
 90
       50
176
     1
 62
   256
176
     0
 40
1.0
176
     0
 90
        2
176
     1
  1
strokes_ogs.tif
176
     1
290
     0
176
     1
 40
1.0
176
     1
 40
1.0
176
     1
  0
VISUALSTYLE
  5
FC
102
{ACAD_REACTORS
330
EF
102
}
330
EF
100
AcDbVisualStyle
  2
Thicken
 70
    13
177
     3
291
     1
 70
    58
 90
        2
176
     1
 90
        2
176
     1
 90
        1
176
     1
 90
        0
176
     1
 40
0.6
176
     1
 40
30.0
176
     1
 62
     7
420
 16777215
176
     1
 90
        1
176
     1
 90
        4
176
     1
 62
     7
176
     1
 62
   257
176
     1
 90
        1
176
     1
 90
        1
176
     1
 40
1.0
176
     1
 90
       12
176
     1
 62
     7
176
     1
 40
1.0
176
     1
 90
        1
176
     1
 90
        6
176
     1
 90
        2
176
     1
 62
     7
176
     1
 90
        5
176
     1
 90
        0
176
     1
 90
        0
176
     1
290
     0
176
     1
 90
        1
176
     1
 40
0.0
176
     1
 90
        0
176
     1
290
     0
176
     1
290
     1
176
     1
290
     1
176
     1
290
     0
176
     1
290
     0
176
     1
290
     0
176
     1
290
     0
176
     1
290
     0
176
     1
290
     0
176
     1
 90
       50
176
     1
 40
0.0
176
     1
 40
1.0
176
     1
 90
        0
176
     1
 62
    18
420
        0
176
     1
 90
       50
176
     1
 90
        3
176
     1
 62
     5
420
      255
176
     1
290
     0
176
     1
 90
       50
176
     1
 90
       50
176
     1
 90
       50
176
     1
290
     0
176
     1
 90
       50
176
     1
 62
   256
176
     0
 40
1.0
176
     0
 90
        2
176
     1
  1
strokes_ogs.tif
176
     1
290
     0
176
     1
 40
1.0
176
     1
 40
1.0
176
     1
  0
VISUALSTYLE
  5
F6
102
{ACAD_REACTORS
330
EF
102
}
330
EF
100
AcDbVisualStyle
  2
Wireframe
 70
     5
177
     3
291
     0
 70
    58
 90
        0
176
     1
 90
        2
176
     1
 90
        0
176
     1
 90
        0
176
     1
 40
0.6
176
     1
 40
30.0
176
     1
 62
     7
420
 16777215
176
     1
 90
        1
176
     1
 90
        4
176
     1
 62
     7
176
     1
 62
   257
176
     1
 90
        1
176
     1
 90
        1
176
     1
 40
1.0
176
     1
 90
        0
176
     1
 62
   257
176
     1
 40
1.0
176
     1
 90
        1
176
     1
 90
        6
176
     1
 90
        2
176
     1
 62
     7
176
     1
 90
        3
176
     1
 90
        0
176
     1
 90
        0
176
     1
290
     0
176
     1
 90
        1
176
     1
 40
0.0
176
     1
 90
        0
176
     1
290
     0
176
     1
290
     1
176
     1
290
     1
176
     1
290
     0
176
     1
290
     0
176
     1
290
     0
176
     1
290
     0
176
     1
290
     0
176
     1
290
     0
176
     1
 90
       50
176
     1
 40
0.0
176
     1
 40
1.0
176
     1
 90
        0
176
     1
 62
    18
420
        0
176
     1
 90
       50
176
     1
 90
        3
176
     1
 62
     5
420
      255
176
     1
290
     0
176
     1
 90
       50
176
     1
 90
       50
176
     1
 90
       50
176
     1
290
     0
176
     1
 90
       50
176
     1
 62
   256
176
     0
 40
1.0
176
     0
 90
        2
176
     1
  1
strokes_ogs.tif
176
     1
290
     0
176
     1
 40
1.0
176
     1
 40
1.0
176
     1
  0
VISUALSTYLE
  5
1F1
102
{ACAD_REACTORS
330
EF
102
}
330
EF
100
AcDbVisualStyle
  2
X-Ray
 70
    25
177
     3
291
     0
 70
    58
 90
        2
176
     1
 90
        2
176
     1
 90
        1
176
     1
 90
        1
176
     1
 40
0.5
176
     1
 40
30.0
176
     1
 62
     7
420
 16777215
176
     1
 90
        1
176
     1
 90
        0
176
     1
 62
     7
176
     1
 62
   257
176
     1
 90
        1
176
     1
 90
        1
176
     1
 40
1.0
176
     1
 90
        8
176
     1
 62
     7
176
     1
 40
1.0
176
     1
 90
        1
176
     1
 90
        6
176
     1
 90
        2
176
     1
 62
     7
176
     1
 90
        3
176
     1
 90
        0
176
     1
 90
        0
176
     1
290
     0
176
     1
 90
       13
176
     1
 40
0.0
176
     1
 90
        0
176
     1
290
     0
176
     1
290
     1
176
     1
290
     1
176
     1
290
     0
176
     1
290
     0
176
     1
290
     0
176
     1
290
     0
176
     1
290
     0
176
     1
290
     0
176
     1
 90
       50
176
     1
 40
0.0
176
     1
 40
1.0
176
     1
 90
        0
176
     1
 62
    18
420
        0
176
     1
 90
       50
176
     1
 90
        3
176
     1
 62
     5
420
      255
176
     1
290
     0
176
     1
 90
       50
176
     1
 90
       50
176
     1
 90
       50
176
     1
290
     0
176
     1
 90
       50
176
     1
 62
   256
176
     0
 40
1.0
176
     0
 90
        2
176
     1
  1
strokes_ogs.tif
176
     1
290
     0
176
     1
 40
1.0
176
     1
 40
1.0
176
     1
  0
DICTIONARYVAR
  5
752
102
{ACAD_REACTORS
330
751
102
}
330
751
100
DictionaryVariables
280
     0
  1
1
  0
DICTIONARYVAR
  5
753
102
{ACAD_REACTORS
330
751
102
}
330
751
100
DictionaryVariables
280
     0
  1
100.000000
  0
DICTIONARYVAR
  5
754
102
{ACAD_REACTORS
330
751
102
}
330
751
100
DictionaryVariables
280
     0
  1
1
  0
DICTIONARYVAR
  5
755
102
{ACAD_REACTORS
330
751
102
}
330
751
100
DictionaryVariables
280
     0
  1
1:1
  0
DICTIONARYVAR
  5
756
102
{ACAD_REACTORS
330
751
102
}
330
751
100
DictionaryVariables
280
     0
  1
STANDARD
  0
DICTIONARYVAR
  5
757
102
{ACAD_REACTORS
330
751
102
}
330
751
100
DictionaryVariables
280
     0
  1
STANDARD
  0
DICTIONARYVAR
  5
758
102
{ACAD_REACTORS
330
751
102
}
330
751
100
DictionaryVariables
280
     0
  1
Metric50
  0
DICTIONARYVAR
  5
759
102
{ACAD_REACTORS
330
751
102
}
330
751
100
DictionaryVariables
280
     0
  1
Metric50
  0
DICTIONARYVAR
  5
75A
102
{ACAD_REACTORS
330
751
102
}
330
751
100
DictionaryVariables
280
     0
  1
0
  0
DICTIONARYVAR
  5
75B
102
{ACAD_REACTORS
330
751
102
}
330
751
100
DictionaryVariables
280
     0
  1
2
  0
DICTIONARYVAR
  5
75C
102
{ACAD_REACTORS
330
751
102
}
330
751
100
DictionaryVariables
280
     0
  1
OLCU (BEYKENT)
  0
DICTIONARYVAR
  5
75D
102
{ACAD_REACTORS
330
751
102
}
330
751
100
DictionaryVariables
280
     0
  1
2
  0
DICTIONARYVAR
  5
75E
102
{ACAD_REACTORS
330
751
102
}
330
751
100
DictionaryVariables
280
     0
  1
1
  0
DICTIONARYVAR
  5
75F
102
{ACAD_REACTORS
330
751
102
}
330
751
100
DictionaryVariables
280
     0
  1
1
  0
DICTIONARYVAR
  5
760
102
{ACAD_REACTORS
330
751
102
}
330
751
100
DictionaryVariables
280
     0
  1
BYLAYER
  0
DICTIONARYVAR
  5
761
102
{ACAD_REACTORS
330
751
102
}
330
751
100
DictionaryVariables
280
     0
  1
0
  0
DICTIONARYVAR
  5
762
102
{ACAD_REACTORS
330
751
102
}
330
751
100
DictionaryVariables
280
     0
  1
TARAMA (BEYKENT)
  0
DICTIONARYVAR
  5
763
102
{ACAD_REACTORS
330
751
102
}
330
751
100
DictionaryVariables
280
     0
  1
ByLayer
  0
DICTIONARYVAR
  5
764
102
{ACAD_REACTORS
330
751
102
}
330
751
100
DictionaryVariables
280
     0
  1
0
  0
DICTIONARYVAR
  5
765
102
{ACAD_REACTORS
330
751
102
}
330
751
100
DictionaryVariables
280
     0
  1
0
  0
DICTIONARYVAR
  5
766
102
{ACAD_REACTORS
330
751
102
}
330
751
100
DictionaryVariables
280
     0
  1
0
  0
DICTIONARYVAR
  5
767
102
{ACAD_REACTORS
330
751
102
}
330
751
100
DictionaryVariables
280
     0
  1
2
  0
DICTIONARYVAR
  5
769
102
{ACAD_REACTORS
330
751
102
}
330
751
100
DictionaryVariables
280
     0
  1
1.000000
  0
DICTIONARYVAR
  5
76A
102
{ACAD_REACTORS
330
751
102
}
330
751
100
DictionaryVariables
280
     0
  1
1
  0
DICTIONARYVAR
  5
76B
102
{ACAD_REACTORS
330
751
102
}
330
751
100
DictionaryVariables
280
     0
  1
2
  0
DICTIONARYVAR
  5
76C
102
{ACAD_REACTORS
330
751
102
}
330
751
100
DictionaryVariables
280
     0
  1
1
  0
DICTIONARYVAR
  5
76D
102
{ACAD_REACTORS
330
751
102
}
330
751
100
DictionaryVariables
280
     0
  1
0
  0
DICTIONARYVAR
  5
76E
102
{ACAD_REACTORS
330
751
102
}
330
751
100
DictionaryVariables
280
     0
  1
127
  0
DICTIONARYVAR
  5
76F
102
{ACAD_REACTORS
330
751
102
}
330
751
100
DictionaryVariables
280
     0
  1
MC
  0
DICTIONARY
  5
205
330
22
100
AcDbDictionary
280
     1
281
     1
  0
DICTIONARY
  5
1F9
330
ED
100
AcDbDictionary
280
     1
281
     1
  3
FBXASSET
360
1FA
  0
DICTIONARY
  5
1F7
330
EC
100
AcDbDictionary
280
     1
281
     1
  3
FBXASSET
360
1F8
  0
DICTIONARY
  5
173
330
EE
100
AcDbDictionary
280
     1
281
     1
  3
BUMPTILE
360
175
  3
DIFFUSETILE
360
174
  3
FBXASSET
360
1FB
  3
OPACITYTILE
360
176
  3
REFLECTIONTILE
360
177
  0
DICTIONARY
  5
162
330
7F
100
AcDbDictionary
280
     1
281
     1
  3
ACAD_ROUNDTRIP_2008_TABLESTYLE_CELLSTYLEMAP
360
181E
  0
XRECORD
  5
1FA
102
{ACAD_REACTORS
330
1F9
102
}
330
1F9
100
AcDbXrecord
280
     1
 70
     1
 90
429727718
  1
D62C5603-E3A1-4AEA-B7FB-FE5D8D0755AF
310
504B03040A0000080000CC70623B3DEE336E79000000790000001B0000006175746F6465736B2D64657369676E2D7061636B6167652E786D6C3C3F786D6C2076657273696F6E3D22312E302220656E636F64696E673D227574662D3822203F3E3C666F726D6174733E3C666F726D61743E687474703A2F2F736368656D612E
310
6175746F6465736B2E636F6D2F64657369676E2D7061636B6167652F323030393C2F666F726D61743E3C2F666F726D6174733E504B0304140006080800CC70623BD486FD9CA0000000F4000000130000005B436F6E74656E745F54797065735D2E786D6C7D8EC10E82300C865F65E91D8A1E8C310C0EEA1BF002731658846E
310
D98AC1B77784ABF1D8FE5FBFBF75BBCE937A534CCEB38643598122B6FEE978D0B0485F9C41B54DDD7D022595594E1A469170414C76A4D9A4D207E29CF43ECE46F218070CC6BECC4078ACAA135ACF422C856C0E68EA1BF5669944DDD7BCDE7B1F8E415D77AECB980613C2E4AC91FC167A2B244592486606FC29C8FD7F045B9A
310
EF7053A7E60B504B0304140006080800CC70623B853B8169EB0000007C01000008000000636F72652E786D6C8D90416EC3201045AF62CDB6C206821CC7C244919D9CA01740401C94182C03558F5F9C3852BBEB6A467FFE9B197D7EFC9E1EC5975982F5AE035262288C535E5B377690E21535501C055FBC8FBF6C503839990E
310
5619041F179FE64D52DE45E362569DD7661365082642A11EB9E920A89B99642953CC8E702F67A9EE7234257977194EC9EAE275C4EABCCF5EAD5940D4AC6F0E35A568B8F43562CD7046CD199FD07E60174276A7BE677B5EADB0E0D14EEFFB6A31321A0D82627C4084204C3F096B71DD52F6819B16635EADF63F509AF53FA164
310
5DDCD1EDDD17164090FCC8732078B56691CB33A85CD7DCC40F504B0304140006080800CC70623B55019EA25F0000007C00000007000000636E782E786D6C4DCB3B0E80201045D1AD90E915ED2CF8AC45050C11660C8261F98AB1B07AC9C97D42D718D865D3E909258CFD00CCE24AC6E326A164D74DC0B4128928FF32603847
310
2BA13128B1252AC747C6BAB984FC68F0B87FE8960A5C09FE86CFB69FBA01504B0304140006080800CC70623BDBABAAF470010000D40300000C0000006662782F636F72652E786D6CC553D16E823014FD95A6AF4B694182CC941A83FA05FB810A9511A125A5257EFE2E82712ECEB8A7F100CD39F7F69E734AF9FADC366850B6
310
AF8DCE7018308C942E4C59EB2AC3DE1D498AD15A706B8CFB56869196ADCAF00863C12B6B7C374385D14E6907A836A59A41D9F7CA615434B0C8705F7CAA5606D23BA8E84F41278B93AC54100640439DE0BDB320004D43C63716C7C399D30917DCFBBA9CD9BA8469F5B156168B24CED3F7248AC8769F27244EB73B92EED8862C
310
B7F13E0C179B3C8F979C8ECD82BBBABDAA2BAC924E9558448CBD9330242CFA08E3154B5651FCC6D215639C8EE5774DBE2B5F6CF2B5768B68963BB5F5588420E442FC700B1139D4CB01F450C1E918227C2E09DF070D8140C84E1E9AAB8F1340832A9CB13130A5F1376A908D57309505ECF2A0DF179C4E9D30F5B239B87E3823
310
7A79C6F31DE1A8A5AEC08474B03C7837EAE4938639B44E5932B833D2C6B6B279CDC613877FA26EE21F4A2A4C63EC7F29A2F301D1F9F7A0E37D145F504B0304140006080800CC70623B9C113CC27E0000009D0000000B0000006662782F636E782E786D6C4DCCDF0A83201C86E15B91DFB94BFB330DD428C8FB886521330DA7
310
6397BF1A1DECE883878F57749FCDA1B7892F1BBC047A23808C7F84D9FA55424E0BE6803A256208E9EF06C84F9B91703228B1C690F78B66B34CD9A5439DF5CF0BFBF65E35BCA1B8D6A5C6F540381E886698B5741C695F9503EBA150A2F8958E3DC3EA0B504B0304140006080800CC70623B7DF2F77C2A010000120200003100
310
00006662782F41393633353835312D344632462D344230382D423046372D3739314545314133324237412F636F72652E786D6C8D51DB8EC22014FC15C2939B0D2DB4B45643319AE817EC0F6041255A68B86CFCFC856D4D76DF7CE190393373060EDB3DC707F856CE6B6B7A480A0C81328395DA5C7B18C3057510EC3873D686
310
3F34088C18550F330C39BB3A1BA7051AAC09CA84841A2BD5020AEF55806078A44B0FFD7053A328440C89E1EFC52486BBB8AA8214A99D789CF9E05200300FC927E4FB4D5B375D43103D5527440FB843077C5AA3F5861C8F645F5787F59E95B390B318B55CE45AA638FAA2957BD7248B390B7A7CC51F9C124149C82B8C378810
310
84AB2F42B7B8DD56F413775B8C5999E9FF4471926F8AA236A1AE96B8B3CC434E5839373893369E1FAF30EA395917409EB7F26AF8801C171837A4A6AC9C89E9F9C9B1A58BA30FD6A5EF5DDDCF894B9AD9B6A59C957943A9FCAE2FD5BC4DFE03504B0304140006080800CC70623BAD7543B64E01000033030000300000006662
310
782F41393633353835312D344632462D344230382D423046372D3739314545314133324237412F636E782E786D6CD593CD6EC32010845F0571AD6CE3D48AD20813A9873E410FBD12D82434182C7EAAE6EDBB2424CD25871E7B41D6EC30B3FA84F9E67BB2E40B4234DE8DB46F1925E094D7C6ED479AD3AE5951B2113C789FEE
310
6C943839C1488B4C05DF079FE72A69D8C96C13AAD6B8631503449F83828872B949AC57D26200B826A308D316B4064D6E46FCDA41C05550DC9E483A00797BFD207EFB092A45DE9514C1BBD22178396BD39D891265658C238DEA00936C654E5E433CB65A26D9F6EDB5EBC14EBF49A45CB856E66048291F6939A9A81BB5C89177
310
38143CA680F4AA299D66A042CEB3354A2684DC9D8D178FE0D9B8B41CAAD720F880EE7EF93C0C18769E099ECC04D5A102C8049A8A05632F4DDF376CF1DE0F6BB65C2F8627B65A33C6BB62177CEBBDAD973006829F89F22E814B54F4BC2BE347F8AA8F681390B50FA73F804400B5F542E796F19FF974E7F78DB802FE05E20750
310
4B0304140006080800CC70623BE75B7789680500003C100000340000006662782F41393633353835312D344632462D344230382D423046372D3739314545314133324237412F6F626A656374732E786D6CAD575B8F9B3818FD2B887D06C22499CB8AA1CA655245D5B455A356FB305264C061D8018C6C3393D95FBFC7600890
310
A4CD5EF210B0B1BFEBF98E3F7B1FF6596ABC522E1296DF9BAE3D320D9A872C4AF2F8DE2CE5CEBA358D0FBEC719939D65A691938CDE9B6ADAF4BD98B3B2D05311DD91329583D9D5FC0F438434A7A611A644887B5384CF34233629258BA878B12322891DEFF6B66BD70BFB62634E8AE781D082709A4B588AF91C528CDA28B73F
310
1C998EEF39EABBEFA97FBD6A7C7E9553F9D3D79FE442923C3C523610337627CB87ABE99D359D4CC6D6E4FACAB5E6ABF9D2726FC6A3C5F56271377BB88362213924694B38DD99FE47C48627A1E7D49F5A8BB5E1A74C0A599ED3B0F21F1E56366B89112D681E218F0915D0D6F17AD41FBA2A369DCF6335D62ABBD39779D5DDD1
310
11D4D8DE3CBB96B2E04FB8202E41051754A1AA8E8F76B4C6DFE810B580B1547F4B84911149794252234D024EF8BBE963A95AE27B3D310A9D5C215C7960FAEE415ED75694C6AFB17BCACA5D99A60A9AA65F217B0BFC53292ACB92BF283FAD0D3621576592CB5BED907C2FA8E9DF794E35E97BEA31BED21FEB401ABB94C44839
310
DCACBF0E1C5DA8DA5B2F4DFFD32AD86F543D9E565E7056502E157C00AD2671CD534549AB752FCA9CDA00677A313F04E51B22FF19E57B300579E3C97EB29F682D92935CEC18CF901B7B54FD8C51F362B56FC72FE0B3C1EAE335EDCCBF5AEC39ADB17DC238973F804BA5E6F6BFE7AF1FB32E523BE9F3BD571418E3631DCA4D48
310
5250CF639223210A9446CA30052EDF057BD35F8329C1ECD84552BF0DC8D18BE7BCE23BFE6BD960AB4A7DE79923A103BEBD80F911CBAA2C60DB19B01CF164A5583B772EE6D3FFA56666CBCDA74DC97724A48F9A58967497E489C4D979006FD7A05E227A1EBDD0F737C623387A9C844D3709995625106D157315F8B8392CD4E0
310
A0B9A720C4BE9829CEF37EA1E13111214D53925356365ADA634861B52519DD27A00AEB808EAF0628E6F435519D446F45CF2C9CF5214F0A15B2F6D06B79DA3EE3CBF7F56780D2F4E7EF73A0F5E5B02A38D07DC852C6B7C1FBB6664213E0C39E3EBA7FF4E1AD23EA2829407C85E586727488B751B2DB9502BC7B228A3FD68B6E
310
A65A22397E690AA8D158D7E404EC8CDA235CC3B7D1898680131CEC2CDF2638C65196279577750F15884AEE19F94199155B92B13297978469D4F8D358DF0AEF7631E28DC8F0D9F437D5D39A83B2231A1D52D543813A824EF8D44BCFF2FA6A31BD1E8DAD87F1CCB526B3879935BF59CDADD5C37479BB1CDD4CA7B3556B516589
310
EF352754B706114D9C885EC9131DE6EFEB43D99AFE2391C2F958179413D7CFEF6B1B6DB1E7600F00DE6E5C67454A339A4BA2E0FBA85ED26F045D454F463DBFCE484C2F90F2E5E3666003662ED8F755951A7D1BECD5B30B550B2785C8E7320B7292A4838DDA71BBC863ED7613CAF659337A3354231D4FF4A182A54904C2898C
310
98B28C4AD0CE056CCF332A80986E571EE9DBC305BB5FEB7E509220A58D25CF042D712A806AC0AD0C657FDEF80D2D9CEAA2EE4D1C76F60BFE74219A06527D6F82DF6412526107381E55E353090704D085B52408A8913C4ED159D79BDA71BB4BC506F4831350EB6F975CD22D69BF7AC49B91A2C0A9DDA3D5CA36AD20FC478E37
310
E61844E2352865EBCB61A275A65283CAAA9DD27703B4102F5AF51EF5F573B75CBB5AD38BC845F7A49F82A0966A49C2E3EA5EA0ECD326CD965F1DB402C6FA8B51A4658C5C5E2EC9E214602E55810345408596591009A82E7E7FFACA19EEA299B14A0081A705CB3296EBC14CDF658DCD336EA6D1136881AAEB87B81AB9EE53D5
310
F5EB8BC8362082DA24122F98680A4E7930C01A0079749CEA14382A0783E5EBA5A10F8C098456A03D6A4AEB6BB881E2513747552A5DB22C7EDAF83BD5528081A365F7FF06504B0304140006080000CC70623B000000000000000000000000350000006662782F41393633353835312D344632462D344230382D423046372D37
310
39314545314133324237412F76657274696365732E62696E504B0304140006080800CC70623BF270F1330600000004000000360000006662782F41393633353835312D344632462D344230382D423046372D3739314545314133324237412F747269616E676C65732E62696E636660600000504B0304140006080000CC7062
310
3B000000000000000000000000370000006662782F41393633353835312D344632462D344230382D423046372D3739314545314133324237412F617474726962757465732E62696E504B0304140006080800CC70623B08DA0BD19000000041010000360000006662782F41393633353835312D344632462D344230382D4230
310
46372D3739314545314133324237412F6469726563746F72792E786D6C858F410AC3201045AF22B36F53E9A60B35CBEEBAE80D244E44489C6234F4F835464A48035D0DF398FF9F8AF63D0E6CC63039F212F8F9020C7D47C6792B21C5FE7403D62A1188E2E60C98D7234A5830286103A55745067B9D86B8A3CF9C7F90C11DE6
310
07FB144396D7B6A82D282E9A152AD114D5EF2CB866EEE831B8EEA07A7BB5A8D7D61A2BAAEB7FD5F70921FF497D00504B0304140006080800CC70623BEDD1DC58FD000000A00100003B0000006662782F41393633353835312D344632462D344230382D423046372D3739314545314133324237412F7265736F75726365732F
310
636F72652E786D6C8D504B6E833010BD0A9A6D65B00922041947112427E8052C33A156828DFCA97AFC9A40A576D7CDCCE87D344F8F9FBFE667F689CE6B6B3A6039850C8DB2A336530731DC4903D95970676DF82583CCC8193B5861107C72362E3BA4AC096842428D1D7107A5F7182053CF7474E0D507CE32973124857FE48B
310
540F3961CEF244279DE03EB81420DB9EAC1384436FA353E879B1B182C7A8C75DA3C7F453DF353A1075D537A7BA6464B8F535A99AE14A9A2BBD90E350DD183B5CFABE3AF262350B1EF4FC9351399401471025A527C218A1E53BAB5A5AB765F5469B96525EACF23FA6B88CFF34456DC2A1DCE36E360F82A5202F42F062ED2BAD
310
579969AFDD8A6F504B010214000A0000080000CC70623B3DEE336E79000000790000001B00000000000000000000000000000000006175746F6465736B2D64657369676E2D7061636B6167652E786D6C504B01021400140006080800CC70623BD486FD9CA0000000F40000001300000000000000000000000000B20000005B
310
436F6E74656E745F54797065735D2E786D6C504B01021400140006080800CC70623B853B8169EB0000007C010000080000000000000000000000000083010000636F72652E786D6C504B01021400140006080800CC70623B55019EA25F0000007C000000070000000000000000000000000094020000636E782E786D6C504B
310
01021400140006080800CC70623BDBABAAF470010000D40300000C00000000000000000000000000180300006662782F636F72652E786D6C504B01021400140006080800CC70623B9C113CC27E0000009D0000000B00000000000000000000000000B20400006662782F636E782E786D6C504B01021400140006080800CC70
310
623B7DF2F77C2A010000120200003100000000000000000000000000590500006662782F41393633353835312D344632462D344230382D423046372D3739314545314133324237412F636F72652E786D6C504B01021400140006080800CC70623BAD7543B64E010000330300003000000000000000000000000000D2060000
310
6662782F41393633353835312D344632462D344230382D423046372D3739314545314133324237412F636E782E786D6C504B01021400140006080800CC70623BE75B7789680500003C10000034000000000000000000000000006E0800006662782F41393633353835312D344632462D344230382D423046372D3739314545
310
314133324237412F6F626A656374732E786D6C504B01021400140006080000CC70623B0000000000000000000000003500000000000000000000000000280E00006662782F41393633353835312D344632462D344230382D423046372D3739314545314133324237412F76657274696365732E62696E504B01021400140006
310
080800CC70623BF270F133060000000400000036000000000000000000000000007B0E00006662782F41393633353835312D344632462D344230382D423046372D3739314545314133324237412F747269616E676C65732E62696E504B01021400140006080000CC70623B0000000000000000000000003700000000000000
310
000000000000D50E00006662782F41393633353835312D344632462D344230382D423046372D3739314545314133324237412F617474726962757465732E62696E504B01021400140006080800CC70623B08DA0BD1900000004101000036000000000000000000000000002A0F00006662782F41393633353835312D344632
310
462D344230382D423046372D3739314545314133324237412F6469726563746F72792E786D6C504B01021400140006080800CC70623BEDD1DC58FD000000A00100003B000000000000000000000000000E1000006662782F41393633353835312D344632462D344230382D423046372D3739314545314133324237412F7265
310
736F75726365732F636F72652E786D6C504B0506000000000E000E0080040000641100000000
  0
XRECORD
  5
1F8
102
{ACAD_REACTORS
330
1F7
102
}
330
1F7
100
AcDbXrecord
280
     1
 70
     1
 90
429727718
  1
30362254-06B7-45E0-A893-8CFA70E3D6BC
310
504B03040A0000080000CC70623B3DEE336E79000000790000001B0000006175746F6465736B2D64657369676E2D7061636B6167652E786D6C3C3F786D6C2076657273696F6E3D22312E302220656E636F64696E673D227574662D3822203F3E3C666F726D6174733E3C666F726D61743E687474703A2F2F736368656D612E
310
6175746F6465736B2E636F6D2F64657369676E2D7061636B6167652F323030393C2F666F726D61743E3C2F666F726D6174733E504B0304140006080800CC70623BD486FD9CA0000000F4000000130000005B436F6E74656E745F54797065735D2E786D6C7D8EC10E82300C865F65E91D8A1E8C310C0EEA1BF002731658846E
310
D98AC1B77784ABF1D8FE5FBFBF75BBCE937A534CCEB38643598122B6FEE978D0B0485F9C41B54DDD7D022595594E1A469170414C76A4D9A4D207E29CF43ECE46F218070CC6BECC4078ACAA135ACF422C856C0E68EA1BF5669944DDD7BCDE7B1F8E415D77AECB980613C2E4AC91FC167A2B244592486606FC29C8FD7F045B9A
310
EF7053A7E60B504B0304140006080800CC70623B1EC5D7A3EB0000007C01000008000000636F72652E786D6C8D90416EC3201045AF82665B6103C6756C6122AB4D4ED00B204C5C94182C03558F5F9C3852BBEB6A467FFE9B197D71FC9E6FE8CBACC17AD7032D0820E3B41FAD9B7A48F1820F808E52ACDEC75F36404ECDA687
310
4D0629A6D5A76597B477D1B89855E747B38B2A041301E95B6E7A08FAD3CCAA50296647B8168BD2573599823EBB0CA76447F43862C7BCCF5EAC59410E4DDD9C7973C2755553CCCFA4C603E3040F1565ED3B1FDE4E432BCA0D9622DAF9795FAF464533826484B498524CD807E51D79ED187F21878E10516EF63F505AC67F42C9
310
BA58B1FDDD071640D2FCC87D2045B96591CB3DA85CB7DCE40F504B0304140006080800CC70623B55019EA25F0000007C00000007000000636E782E786D6C4DCB3B0E80201045D1AD90E915ED2CF8AC45050C11660C8261F98AB1B07AC9C97D42D718D865D3E909258CFD00CCE24AC6E326A164D74DC0B4128928FF32603847
310
2BA13128B1252AC747C6BAB984FC68F0B87FE8960A5C09FE86CFB69FBA01504B0304140006080800CC70623B8C9102E971010000D40300000C0000006662782F636F72652E786D6CC5535B6E833010BC8AE5DF0A6C08340F1947A84D4ED00B38C6A128602363A31CBFCB234A53A551FA553EC09AD9F5CE8C31DB9E9B1AF5CA
310
7695D1198E428A91D2D214952E33ECDD315861B4E5CC1AE3BE9561A445A3323CC098B3D21ADFCE9034DA29ED00D5A6503328BA4E398C640D8B0C77F253352214DE4145770A5B214FA2546114020D759C75CE8200340D19DE981F0F6746269C33EFAB6266AB02A655C74A59CCF365BADC27CB5D902ED22848F6340DF238A141
310
BE88E2F57B92BFEDF23523433367AE6A2EEAA455C2A902F398D2751045018D3FA264435F3771F242571B4A1919CA6F9A7C5B3CD9E42BED16F12C776AEB308F40C848FC700B1139D4891EF410CEC810227CC6846F8386402064270EF5C5C709A05E49676C024C61FC95EA45ED154CA5211D1FF4FB8291A913A68E9B83EBBB33
310
E2A7673CDE118E5AE8124C0807CB8377834E366998436B950D7A7746DAD846D4CFD978E0F04FD455FC5D49D2D4C6FE9722321F10997F0F32DC47FE05504B0304140006080800CC70623BFFEA85907E0000009D0000000B0000006662782F636E782E786D6C4DCCD10A83201886E15B91FFDC95D95A811AB6F23E625948A6C3
310
E9D8E5AF46073BFAE0E1E365ED67B3E8ADC3CB78C7815C7240DA3DFC64DCC221C519D7805AC182F7F1EF06C88D9BE6703008B6049F9E274D7A1E938DBB5AE3D6131B2589BA0D3D965551E0B2EA732C9B9A624AAEB41E3A557677029960D9AFB4EF11165F504B0304140006080800CC70623B4FEEA4082C0100001202000031
310
0000006662782F39464131463745442D413632322D343644302D413938332D3331353338454246344243312F636F72652E786D6C8D515B6EC32010BC0AE2AB55850DD871ED0813254D72825EC00192A2C460F1A872FC42ED48ED5F7E00CDCECCCEB26C731F6FE05B39AFADE921293004CA082BB5B9F43086336A21D870E6AC
310
0D7F68109861543DCC30E4ECE26C9C164858139409093556AA051CBC570102714B8F1E7AF1A5C6A11862480C7F2DA6415C878B2A4891CA89C7990F2E050073937C42DE1DB7E4F87ED8A36D4329AA9B3D46DBAEAD504556557BD81DEBDD0761E52CE42C462D17B996298E3E6BE59E35C962CE821E1FF18553435012728A7187
310
0841987E927A8D9B35ADDF70BBC6989599FE4F1427F9A4286A132ABAC49D651EF234CD5CE04CDA78BA3DC2A8FB645D00B9DF8B57E215725C60BCA2A463E54C4CE327C7A65E1C7DB02E7DEFCBF594B864C5CA6CDBD49C957943E9FA5D5FBAF336F90F504B0304140006080800CC70623BAD7543B64E01000033030000300000
310
006662782F39464131463745442D413632322D343644302D413938332D3331353338454246344243312F636E782E786D6CD593CD6EC32010845F0571AD6CE3D48AD20813A9873E410FBD12D82434182C7EAAE6EDBB2424CD25871E7B41D6EC30B3FA84F9E67BB2E40B4234DE8DB46F1925E094D7C6ED479AD3AE5951B2113C
310
789FEE6C943839C1488B4C05DF079FE72A69D8C96C13AAD6B8631503449F83828872B949AC57D26200B826A308D316B4064D6E46FCDA41C05550DC9E483A00797BFD207EFB092A45DE9514C1BBD22178396BD39D891265658C238DEA00936C654E5E433CB65A26D9F6EDB5EBC14EBF49A45CB856E66048291F6939A9A81BB5
310
C8917738143CA680F4AA299D66A042CEB3354A2684DC9D8D178FE0D9B8B41CAAD720F880EE7EF93C0C18769E099ECC04D5A102C8049A8A05632F4DDF376CF1DE0F6BB65C2F8627B65A33C6BB62177CEBBDAD973006829F89F22E814B54F4BC2BE347F8AA8F681390B50FA73F804400B5F542E796F19FF974E7F78DB802FE05
310
E207504B0304140006080800CC70623B16AB87BA640500003C100000340000006662782F39464131463745442D413632322D343644302D413938332D3331353338454246344243312F6F626A656374732E786D6CAD575B6FA33818FD2B887DE6924B3BED8A326A92B68A663B534DD4D13E548A0C38942D60649B369D5FBFC7
310
600890A493BDE42160637FD7F31D7FF63E6FB3D478A55C242CBF3247B66B1A340F5994E4F19559CA8D75611A9F7D8F33263BCB4C232719BD32D5B4E97B316765A1A722BA21652A07B3B7B33F0D11D29C9A46981221AE4C113ED38CD8A4942CA2E2C58E882476BCD9DA23BB5ED8171B73523C0F841684D35CC252CCE79062D4
310
468DFA43D7747CCF51DF7D4FFDEB5593E3AB9CCA9FBEFE241792E4E19EB28198C968BAB8199F5D5A67D3E9C49A9E8F47D6EC76B6B0469F26EEFC7C3EBFBCBEB98462213924694B38DD98FE1D62C393D073EA4FADC5DAF04326852CCF6958F90F0F2B9BB5C48816348F90C7840A68EB78EDF68723159BCEE7891A6B95DDE9D3
310
BCEAEEE8086A6C6F9E5D4B59F0175C10A7A0820BAA5055C7473B5AE3CFDD452D602CD5DF12616444529E90D448938013FE6EFA58AA96F85E4F8C42275708571E98FE6827AF6B2B4AE3D7D83D64E5A64C53054DD3AF90BD06FEA9149565C94FCA0F6B834DC85599E4F2423B24DF0B6AFA979E534DFA9E7A4CC6FA631D486393
310
921829879BF5D781A373557BCB85E97FB90DB62B558F8795179C15944B051F40AB495CF35451D26A4727654E6D8033BD98EF82F21D91FF8AF2DD9982BCF1643BDD4EB516C9492E368C67C88DED563FC36D5EACF66DFF057C3658BDBFA69DF9578B3DA735B64F18C7F20770A9D45CFCF7FCF563D6456A277DBEF78A02637CA2
310
43B90A490AEAB94F72244481D24819A6C0E59B606BFA4B3025981DBB48EAB701D97BF19C577CC77F2D1B6C55A9EF3C732474C0B727303F625995056C3B02963D9EAC146BE78EC5FCEC7FA999EBC5EACBAAE41B12D27B4D2C0BBA49F244E2ECDC81B76B502F113D8F5EE8FB1BE3111CDD4FC2AA9B844CAB1288B68AB90A7CDC
310
1C166AB0D3DC5310625FCC14E779BFD0709F8890A629C9292B1B2DED31A4B0DA928CEE135085754027E3018A397D4D5427D15BD1330B677DC8934285AC3DF45A9EB68FF8F2B8FC0A509AFEECFD0FF2DE25CC6047F7214B195F07EFEB9A094D800F7BFAE8FED187B78EA8A3A400F115961BCAD1215E47C966530AF0EE8128FE
310
58CEBB996A8964FFA529A046635D9353B0336A8F700DDF46271A024E70B0B37C9DE01847591E54DED53D54202AB947E4076556AC49C6CA5C9E1226B7F1A7B1BE15DEED62C41B91E1B3E9AFAAA735036547343A925075041DF0A9979E893B391F8FCFA6967B3EFB644DCF6E5CEBFAE272625DCC6FAF3FB93793C5F90CE1EF57
310
407342756B10D1C489E8953CD1617E5CEECAD6F4EF8914CE5D5D504E5C3F1F9736DA62CFC11E00BCDDB8CC8A9466349744C1F75EBDA4DF09BA8A9E8C7A7E9991989E20E5DBDD6A6003664ED8F7A04A8DBE0DF6EAD9B9AA858342E47399053949D2C146EDB85DE4B176BB0965FBAC19BD19AA918E27FA50C1D22402E144464C
310
59462568E704B6E71915404CB72B8FF4EDE184DDAF753F284990D2C6926782963815403548A70C657FDEF80D2D9CEAA2AE4C1C76F60BFE74219A06527D6582DF6412526107381E55E353090704D085B52408D0933C4ED159D79BDA71BB4BC506F4831350EB6F979CD22D69BF7AC49B91A2C0A9DDA3D5CA36AD20FC478E37E6
310
1844E2352865EBCB6EA275A652E3836BE04EFB400BF1A2556F515F1FBB35B2AB35BD889C744FFA1004B5544B121E57F70215746DD2F5E2C1412B602CBF19455AC6C8E5E9922C4E01E65215385004546899059180EAFCF7A707CE7017CD8CDB0410789AB32C63B91E5CEBBBACB17AC6CD347A022D5075FD106377347AAABA7E
310
7D11590744509B44E205134DC1290F06580320F78E537D3D73540E06CB970B431F185308AD40BBD794D6D77003C5A36E8EAA54BA64597CD8F83BD552A080A365F7FF06504B0304140006080000CC70623B000000000000000000000000350000006662782F39464131463745442D413632322D343644302D413938332D3331
310
353338454246344243312F76657274696365732E62696E504B0304140006080800CC70623BF270F1330600000004000000360000006662782F39464131463745442D413632322D343644302D413938332D3331353338454246344243312F747269616E676C65732E62696E636660600000504B0304140006080000CC70623B
310
000000000000000000000000370000006662782F39464131463745442D413632322D343644302D413938332D3331353338454246344243312F617474726962757465732E62696E504B0304140006080800CC70623B08DA0BD19000000041010000360000006662782F39464131463745442D413632322D343644302D413938
310
332D3331353338454246344243312F6469726563746F72792E786D6C858F410AC3201045AF22B36F53E9A60B35CBEEBAE80D244E44489C6234F4F835464A48035D0DF398FF9F8AF63D0E6CC63039F212F8F9020C7D47C6792B21C5FE7403D62A1188E2E60C98D7234A5830286103A55745067B9D86B8A3CF9C7F90C11DE607
310
FB144396D7B6A82D282E9A152AD114D5EF2CB866EEE831B8EEA07A7BB5A8D7D61A2BAAEB7FD5F70921FF497D00504B0304140006080800CC70623B0D6EF93BFE000000A00100003B0000006662782F39464131463745442D413632322D343644302D413938332D3331353338454246344243312F7265736F75726365732F63
310
6F72652E786D6C8D50596E833010BD0A9ADFCA60B334011947A8694ED00B586642AC041B79A97AFC9A40A5F6AF3F33A3B7689E1E3F7DCD8FEC139DD7D6F4C0720A191A65476DA61E62B892236427C19DB5E1970C322367EC618541F0C9D9B8EC90B226A009093576C41D94DE63804C3DD2D18357379C652E63480A7FCF17A9
310
EE72C29CE5894E3AC17D702940B63D59270887DE46A7D0F36263058F518FBB468FE9A7BE6A7420864373B8D4873369AA8691FA421B3294352543C5CAF65C0F6FEF43CB8BD52C78D0F34F46E550061C419494B6843142CB0F5677F4B52BEB177AEC28E5C52AFF638ACBF84F53D42654E51E77B379102C05791282176B5F693D
310
CB4C7BED567C03504B010214000A0000080000CC70623B3DEE336E79000000790000001B00000000000000000000000000000000006175746F6465736B2D64657369676E2D7061636B6167652E786D6C504B01021400140006080800CC70623BD486FD9CA0000000F40000001300000000000000000000000000B20000005B
310
436F6E74656E745F54797065735D2E786D6C504B01021400140006080800CC70623B1EC5D7A3EB0000007C010000080000000000000000000000000083010000636F72652E786D6C504B01021400140006080800CC70623B55019EA25F0000007C000000070000000000000000000000000094020000636E782E786D6C504B
310
01021400140006080800CC70623B8C9102E971010000D40300000C00000000000000000000000000180300006662782F636F72652E786D6C504B01021400140006080800CC70623BFFEA85907E0000009D0000000B00000000000000000000000000B30400006662782F636E782E786D6C504B01021400140006080800CC70
310
623B4FEEA4082C0100001202000031000000000000000000000000005A0500006662782F39464131463745442D413632322D343644302D413938332D3331353338454246344243312F636F72652E786D6C504B01021400140006080800CC70623BAD7543B64E010000330300003000000000000000000000000000D5060000
310
6662782F39464131463745442D413632322D343644302D413938332D3331353338454246344243312F636E782E786D6C504B01021400140006080800CC70623B16AB87BA640500003C1000003400000000000000000000000000710800006662782F39464131463745442D413632322D343644302D413938332D3331353338
310
454246344243312F6F626A656374732E786D6C504B01021400140006080000CC70623B0000000000000000000000003500000000000000000000000000270E00006662782F39464131463745442D413632322D343644302D413938332D3331353338454246344243312F76657274696365732E62696E504B01021400140006
310
080800CC70623BF270F133060000000400000036000000000000000000000000007A0E00006662782F39464131463745442D413632322D343644302D413938332D3331353338454246344243312F747269616E676C65732E62696E504B01021400140006080000CC70623B0000000000000000000000003700000000000000
310
000000000000D40E00006662782F39464131463745442D413632322D343644302D413938332D3331353338454246344243312F617474726962757465732E62696E504B01021400140006080800CC70623B08DA0BD190000000410100003600000000000000000000000000290F00006662782F39464131463745442D413632
310
322D343644302D413938332D3331353338454246344243312F6469726563746F72792E786D6C504B01021400140006080800CC70623B0D6EF93BFE000000A00100003B000000000000000000000000000D1000006662782F39464131463745442D413632322D343644302D413938332D3331353338454246344243312F7265
310
736F75726365732F636F72652E786D6C504B0506000000000E000E0080040000641100000000
  0
XRECORD
  5
175
102
{ACAD_REACTORS
330
173
102
}
330
173
100
AcDbXrecord
280
     1
270
     1
271
     1
  0
XRECORD
  5
174
102
{ACAD_REACTORS
330
173
102
}
330
173
100
AcDbXrecord
280
     1
270
     1
271
     1
  0
XRECORD
  5
1FB
102
{ACAD_REACTORS
330
173
102
}
330
173
100
AcDbXrecord
280
     1
 70
     0
 90
1673772943
  1
ECE7A1D2-D628-4531-984C-D00F80459256
310
504B03040A0000080000CC70623B3DEE336E79000000790000001B0000006175746F6465736B2D64657369676E2D7061636B6167652E786D6C3C3F786D6C2076657273696F6E3D22312E302220656E636F64696E673D227574662D3822203F3E3C666F726D6174733E3C666F726D61743E687474703A2F2F736368656D612E
310
6175746F6465736B2E636F6D2F64657369676E2D7061636B6167652F323030393C2F666F726D61743E3C2F666F726D6174733E504B0304140006080800CC70623BD486FD9CA0000000F4000000130000005B436F6E74656E745F54797065735D2E786D6C7D8EC10E82300C865F65E91D8A1E8C310C0EEA1BF002731658846E
310
D98AC1B77784ABF1D8FE5FBFBF75BBCE937A534CCEB38643598122B6FEE978D0B0485F9C41B54DDD7D022595594E1A469170414C76A4D9A4D207E29CF43ECE46F218070CC6BECC4078ACAA135ACF422C856C0E68EA1BF5669944DDD7BCDE7B1F8E415D77AECB980613C2E4AC91FC167A2B244592486606FC29C8FD7F045B9A
310
EF7053A7E60B504B0304140006080800CC70623BD9DDAED0EC0000007C01000008000000636F72652E786D6C8D90416EC3201045AF82665B61836D9CD8C2444DD39CA01740405C94182C03558F5F9C3852BBEB6A467FFE9B197D7EF89E6EE8CB2CC17A37002D0820E394D7D68D03A478C17B4007C117EFE32F1B20272733C0
310
2A83E0E3E2D3BC49CABB685CCCAAF3DA6CA20CC14440EA969B0182FA34932C648AD911AEC52CD5558EA6A0CF2EC329598D1E47ACCEFBECC59A050463A7EA5833865FEBDD0E37353BE3EE8DBDE3F6786A48D375FBF6CC78B9C282473B3DEFABC5C86834888A900E538A49F5419B9EB47DD5BC907D4F082F57FB1F28CDFA9F50
310
B22ED6D5F6EE030B20687EE43E10BC5CB3C8E51E54AE6B6EE207504B0304140006080800CC70623B55019EA25F0000007C00000007000000636E782E786D6C4DCB3B0E80201045D1AD90E915ED2CF8AC45050C11660C8261F98AB1B07AC9C97D42D718D865D3E909258CFD00CCE24AC6E326A164D74DC0B4128928FF326038
310
472BA13128B1252AC747C6BAB984FC68F0B87FE8960A5C09FE86CFB69FBA01504B0304140006080800CC70623BA24EB22D72010000D40300000C0000006662782F636F72652E786D6CC5535B6E833010BC8AE5DF0A6C5E49888CA3A6694ED00B38E05014B091B1518EDFE511A5A9D228FD2A1F60CDEC7A67C6986DCE4D8D7A
310
69BA4AAB0C073EC548AA5C17952A33ECECD15B61B4E1CC686DBF9561A44423333CC098B3D268D7CE50AE9595CA02AA74216750749DB418E5352C32DCE59FB211BE70162ABA93DF8AFC244AE9073ED050C759670D0840D390E18DF9F1706664C23973AE2A66B62A605A75ACA4C13C4976E1364A12EF355A2EBD384AF65EFA96
310
BC7B8BED2EA6719AAE16FB8491A199335B351775B991C2CA02F390D2D40B028F861F41BCA68B7518BFD0D59A524686F29B26D7164F36B94AD9289CE54E6D1DE6010819891F6E21228B3AD1831EC219194284CF98F06DD01008846CC5A1BEF83801D4CBDC6A1303536877A57A513B0953A94FC707FDBE6064EA84A9E3E6E0FA
310
EE8CF0E9198F7784A316AA0413C2C2F2E0ECA0934D1AE6D05A69BCDE9E91D2A611F573361E38FC1375157F5752AE6B6DFE4B11990F88CCBF0719EE23FF02504B0304140006080800CC70623B408A7D3B7C0000009D0000000B0000006662782F636E782E786D6C4DCCD10A83201886E15B91FFDC552A92A0064DBC8F581632
310
D3703A76F9ABD1C18E3E78F878E5F0D9027ABBFCF2292AE86E2D20171F69F6715550CB827B40839639A5F2770314A7CD293819B45C73AAFB45B35BA61ACAA1C1C7E7855C58C15BC331339661262CC762340413D68D77DA5B42298546CBE6573AF60CEB2F504B0304140006080800CC70623B449FB9BD290100001202000031
310
0000006662782F36394639363044362D344446342D343946362D394244322D3234314243333846323333332F636F72652E786D6C8D515B6EC32010BC0AE22B55850D98B871848994463E412FE002495162B07854397EA176A4F62F3F2C9A9D991D587EB84F37F0AD7D30CEF6905418026DA553C65E7A98E219ED203808EE9D
310
8B7F6810D871D23D2C3014FCE25D9A57483A1BB58D19B54EE9151C43D0110279CB971E06F9A5A7B11A53CC8C70ADE6515EC78BAE4895DB992778883E0700CB907242D17643D7E2538BD869608875438BBAE38922CAC8F1BDD90DB4691A5E2F42C153326A951B95E398B3D1FE599322163C9AE9115F7A3D46ADA0A018778810
310
84E907617BDCEE297BC5BB3DC6BC2EF47FA234AB2745C9D8D8D035EE220B50105E2F0DC1954B9FB747187D9F9D8FA0CCDB042D5FA0C015C65B42DF78BD10F3F3B363CB56C7109DCFDFBBB97E662ED92EB62D13BC2E1BCAE5777DB9966D8A1F504B0304140006080800CC70623BAD7543B64E01000033030000300000006662
310
782F36394639363044362D344446342D343946362D394244322D3234314243333846323333332F636E782E786D6CD593CD6EC32010845F0571AD6CE3D48AD20813A9873E410FBD12D82434182C7EAAE6EDBB2424CD25871E7B41D6EC30B3FA84F9E67BB2E40B4234DE8DB46F1925E094D7C6ED479AD3AE5951B2113C789FEE
310
6C943839C1488B4C05DF079FE72A69D8C96C13AAD6B8631503449F83828872B949AC57D26200B826A308D316B4064D6E46FCDA41C05550DC9E483A00797BFD207EFB092A45DE9514C1BBD22178396BD39D891265658C238DEA00936C654E5E433CB65A26D9F6EDB5EBC14EBF49A45CB856E66048291F6939A9A81BB5C89177
310
38143CA680F4AA299D66A042CEB3354A2684DC9D8D178FE0D9B8B41CAAD720F880EE7EF93C0C18769E099ECC04D5A102C8049A8A05632F4DDF376CF1DE0F6BB65C2F8627B65A33C6BB62177CEBBDAD973006829F89F22E814B54F4BC2BE347F8AA8F681390B50FA73F804400B5F542E796F19FF974E7F78DB802FE05E20750
310
4B0304140006080800CC70623B8D05915C650500003B100000340000006662782F36394639363044362D344446342D343946362D394244322D3234314243333846323333332F6F626A656374732E786D6CAD575B6FA33814FE2B887D06429276DA1565D4266D158D3A339A6846FB502932E050B66023DB74D2FDF5FB190C01
310
9276B2973C046C8ECFF53B17071F77456EBD502133CEAE6CDF9DD81665314F32965ED995DA3A17B6F5310C04E7AA47665B8C14F4CAD6DB7618A48257A5D94AE89654B91AEDDEDDFC61C998326A5B714EA4BCB265FC440BE2924AF184CA6737218AB8E976E7FA6E4338649B0A523E8D98964450A6A029F619B8588D52FE7039
310
B1BD30F0F4F730D0FF866AF6369557DB33949F31A9088B0F848DD8CCFCF9F2767A76E99CCDE733677E3EF59D9BBB9BA5E37F984D16E78BC5E5F5ED25044B25C0C96822E8D60EEFE11B91C581D77CEA34368A1F5329E68CD1B8B61F16D63A1B8E092D294B10C78C4A48EB593D192E7DED9BDEE7995E1B91FDEDD3ACEA9FE831
310
6A756F9F7D4D79F4274C90A7A04248AA51D5F8C718DAE06FB2F75AC4796EBE65D22A88A22223B995679120E2D50E41AA49C260C046A35368846B0BECD0DFF3EBEB8AD4F835768F69B9ADF25C43D30E6B646F807FAA64AD59F61715C7A54127C4AACA98BA3006A9D792DAE165E0D59B61A01FB3A9F9D838D2DAE62445C86166
310
F37564E842E7DE6A69879FEEA2DD5AE7E371E1A5E025154AC307D06A03D73EB5978C58FFA4C8E9033066E0F3BD53BEC1F39F91BE7B55103791EDE6BBB991A2046172CB4581D8B893FA674DDA17A77B3B7C413D1B511FD2743BFF8A38F03A658705E3ADF8015C3A3417FF3D7E439FF591DA0B5F18BC20C1B8981957AE6392A3
310
F43C640C01D1A0B4728E2DD4F26DB4B3C3152A252A3B4E913CEC1C72F012782FF88EFF8637AA552DBEF76408E8A8DE9E50F9E1CB3A2DA0DB1B6039A893B56063DC5B3E3FFB5F72E67AB9FEB4AEC496C4F4C1149625DD662C53E89D7BF0F6151A046260D1337DFDC94502430F83B0EE07A130A224BCAD7DAE1D9FB6CD422FF6
310
920702629C4BB9AE79C12F243C6432A6794E18E5552BA56B431AAB5D91317302B2B071E86C3A42B1A02F999E24061403B5D0EB639195DA655DD3EBEAB4FB862DDF579F014AD0E73C22F99E28DA57FB98E75C6CA2D74D53086D600F4786E0FE3144B771A8A7B900F03594DB8A633CBC49B2EDB69228BB479CF863B5E807AAAB
310
23872F6DFEB4129B949CA33823F58830E86D65621E10047D9DB34D862E8EAC3C2ABC2F7B2C40D67CDFE01F5545B92105AF983AC54D93D69E56FB8E797F88913F898A9FEC705D3F9D1B54EC8426FB500D40A03BD0119B06E1B95DDC7EB8F6975367793EBD70E66733DFB9BC982F9CE564727731999F5D4ECFCE3B8D6A4DC2A0
310
6D50FD148437D110834A64C6CDDF57FBACB5C307A2A477DFE4939736CFEF2B175371E0E10CF0DD1D5C15654E0BCA14D1E87DD02FF93782A162C0A3D95F1524A52770F972BF1EE9809D13CE7DD599467F8ECE9ADD85CE85A34CD45355448C64F9E8A031DC2D596ACC6E5DD93D9B82DE2EF5CAF81363A8E47996A0DE24564A79
310
4115AACE09C55E14540231FDA13C319787134EBF34E3A022514E5B4D9E0826E25C02D5805B15ABE1BEF51B26383D445DD9E875EE33FE4C22DA16427D65A3BCA92CA6D28DD01DF5DC53330704308475351050232CCD31583787BA75774AFB06E5070DD0C8EF484E19968C5D83BA5B90B244D31E54D55A372320FE4786B7EA58
310
44E135AA5467CB7EA333A61683CC6A8C3257034C10CF46F40EF9F5BE59BE5BD30C3C72D235E95D10345C1D45445A5F0BB47E46A5EBE5570F9380B5FA629579952296A773720405982B9DE04011506178964401AA8BDF1FBF0A8EAB6861DD6580C0E38217056766716DAEB2D6FA0917D3E4116581EADB879C4E7CFFB11EFACD
310
3D641311495D92C8676CB409A72D18610D803CE8A626049E8EC1887CB5B44CC39883690DDA8399B4B9855B481E7D71D4A9D22F96E5BB73BF5793020C02137BF837504B0304140006080000CC70623B000000000000000000000000350000006662782F36394639363044362D344446342D343946362D394244322D32343142
310
43333846323333332F76657274696365732E62696E504B0304140006080800CC70623BF270F1330600000004000000360000006662782F36394639363044362D344446342D343946362D394244322D3234314243333846323333332F747269616E676C65732E62696E636660600000504B0304140006080000CC70623B0000
310
00000000000000000000370000006662782F36394639363044362D344446342D343946362D394244322D3234314243333846323333332F617474726962757465732E62696E504B0304140006080800CC70623B08DA0BD19000000041010000360000006662782F36394639363044362D344446342D343946362D394244322D
310
3234314243333846323333332F6469726563746F72792E786D6C858F410AC3201045AF22B36F53E9A60B35CBEEBAE80D244E44489C6234F4F835464A48035D0DF398FF9F8AF63D0E6CC63039F212F8F9020C7D47C6792B21C5FE7403D62A1188E2E60C98D7234A5830286103A55745067B9D86B8A3CF9C7F90C11DE607FB14
310
4396D7B6A82D282E9A152AD114D5EF2CB866EEE831B8EEA07A7BB5A8D7D61A2BAAEB7FD5F70921FF497D00504B0304140006080800CC70623BCA768048FE000000A00100003B0000006662782F36394639363044362D344446342D343946362D394244322D3234314243333846323333332F7265736F75726365732F636F72
310
652E786D6C8D50596E833010BD0A9ADFCA60D600328E9AA639412F609909B1126CE4A5EAF16B0295DABFFECC8CDEA2797AECF8353F924FB44E193D409E5248504B332A3D0D10FC95B4901C39B3C6F85F3248B49871801506CE266BC2B243D2688FDA47549B11775038871E12F988C7004EDE7016A9083E2ADC3D5D84BC8B09
310
D33C8D74D471E6BC8D0192EDC93A815B742658898E651BCB59086ADC356A8C3FD555A1055ED7E7E254D615792D0F075295F585746FF53B694EE78A565DD736979A65AB9933AFE69F8CD2A2F038022F28ED489E135A7CE4554F9BBEA85E68DB53CAB255FEC71496F19FA6A0B42F8B3DEE6673C0F318E4497096AD7DC5F52C33
310
EEB55BFE0D504B010214000A0000080000CC70623B3DEE336E79000000790000001B00000000000000000000000000000000006175746F6465736B2D64657369676E2D7061636B6167652E786D6C504B01021400140006080800CC70623BD486FD9CA0000000F40000001300000000000000000000000000B20000005B436F
310
6E74656E745F54797065735D2E786D6C504B01021400140006080800CC70623BD9DDAED0EC0000007C010000080000000000000000000000000083010000636F72652E786D6C504B01021400140006080800CC70623B55019EA25F0000007C000000070000000000000000000000000095020000636E782E786D6C504B0102
310
1400140006080800CC70623BA24EB22D72010000D40300000C00000000000000000000000000190300006662782F636F72652E786D6C504B01021400140006080800CC70623B408A7D3B7C0000009D0000000B00000000000000000000000000B50400006662782F636E782E786D6C504B01021400140006080800CC70623B
310
449FB9BD290100001202000031000000000000000000000000005A0500006662782F36394639363044362D344446342D343946362D394244322D3234314243333846323333332F636F72652E786D6C504B01021400140006080800CC70623BAD7543B64E010000330300003000000000000000000000000000D20600006662
310
782F36394639363044362D344446342D343946362D394244322D3234314243333846323333332F636E782E786D6C504B01021400140006080800CC70623B8D05915C650500003B10000034000000000000000000000000006E0800006662782F36394639363044362D344446342D343946362D394244322D32343142433338
310
46323333332F6F626A656374732E786D6C504B01021400140006080000CC70623B0000000000000000000000003500000000000000000000000000250E00006662782F36394639363044362D344446342D343946362D394244322D3234314243333846323333332F76657274696365732E62696E504B010214001400060808
310
00CC70623BF270F13306000000040000003600000000000000000000000000780E00006662782F36394639363044362D344446342D343946362D394244322D3234314243333846323333332F747269616E676C65732E62696E504B01021400140006080000CC70623B00000000000000000000000037000000000000000000
310
00000000D20E00006662782F36394639363044362D344446342D343946362D394244322D3234314243333846323333332F617474726962757465732E62696E504B01021400140006080800CC70623B08DA0BD190000000410100003600000000000000000000000000270F00006662782F36394639363044362D344446342D
310
343946362D394244322D3234314243333846323333332F6469726563746F72792E786D6C504B01021400140006080800CC70623BCA768048FE000000A00100003B000000000000000000000000000B1000006662782F36394639363044362D344446342D343946362D394244322D3234314243333846323333332F7265736F
310
75726365732F636F72652E786D6C504B0506000000000E000E0080040000621100000000
  0
XRECORD
  5
176
102
{ACAD_REACTORS
330
173
102
}
330
173
100
AcDbXrecord
280
     1
270
     1
271
     1
  0
XRECORD
  5
177
102
{ACAD_REACTORS
330
173
102
}
330
173
100
AcDbXrecord
280
     1
270
     1
271
     1
  0
CELLSTYLEMAP
  5
181E
102
{ACAD_REACTORS
330
162
102
}
330
162
100
AcDbCellStyleMap
 90
        3
300
CELLSTYLE
  1
TABLEFORMAT_BEGIN
 90
        5
170
     1
 91
        0
 92
    32768
 62
   257
 93
        1
300
CONTENTFORMAT
  1
CONTENTFORMAT_BEGIN
 90
        0
 91
        0
 92
      512
 93
        0
300

 40
0.0
140
1.0
 94
        5
 62
     0
340
11
144
6.0
309
CONTENTFORMAT_END
171
     1
301
MARGIN
  1
CELLMARGIN_BEGIN
 40
1.5
 40
1.5
 40
1.5
 40
1.5
 40
4.5
 40
4.5
309
CELLMARGIN_END
 94
        6
 95
        1
302
GRIDFORMAT
  1
GRIDFORMAT_BEGIN
 90
        0
 91
        1
 62
     0
 92
       -2
340
14
 93
        0
 40
1.125
309
GRIDFORMAT_END
 95
        2
302
GRIDFORMAT
  1
GRIDFORMAT_BEGIN
 90
        0
 91
        1
 62
     0
 92
       -2
340
14
 93
        0
 40
1.125
309
GRIDFORMAT_END
 95
        4
302
GRIDFORMAT
  1
GRIDFORMAT_BEGIN
 90
        0
 91
        1
 62
     0
 92
       -2
340
14
 93
        0
 40
1.125
309
GRIDFORMAT_END
 95
        8
302
GRIDFORMAT
  1
GRIDFORMAT_BEGIN
 90
        0
 91
        1
 62
     0
 92
       -2
340
14
 93
        0
 40
1.125
309
GRIDFORMAT_END
 95
       16
302
GRIDFORMAT
  1
GRIDFORMAT_BEGIN
 90
        0
 91
        1
 62
     0
 92
       -2
340
14
 93
        0
 40
1.125
309
GRIDFORMAT_END
 95
       32
302
GRIDFORMAT
  1
GRIDFORMAT_BEGIN
 90
        0
 91
        1
 62
     0
 92
       -2
340
14
 93
        0
 40
1.125
309
GRIDFORMAT_END
309
TABLEFORMAT_END
  1
CELLSTYLE_BEGIN
 90
        1
 91
        1
300
_TITLE
309
CELLSTYLE_END
300
CELLSTYLE
  1
TABLEFORMAT_BEGIN
 90
        5
170
     1
 91
        0
 92
        0
 62
   257
 93
        1
300
CONTENTFORMAT
  1
CONTENTFORMAT_BEGIN
 90
        0
 91
        0
 92
      512
 93
        0
300

 40
0.0
140
1.0
 94
        5
 62
     0
340
11
144
4.5
309
CONTENTFORMAT_END
171
     1
301
MARGIN
  1
CELLMARGIN_BEGIN
 40
1.5
 40
1.5
 40
1.5
 40
1.5
 40
4.5
 40
4.5
309
CELLMARGIN_END
 94
        6
 95
        1
302
GRIDFORMAT
  1
GRIDFORMAT_BEGIN
 90
        0
 91
        1
 62
     0
 92
       -2
340
14
 93
        0
 40
1.125
309
GRIDFORMAT_END
 95
        2
302
GRIDFORMAT
  1
GRIDFORMAT_BEGIN
 90
        0
 91
        1
 62
     0
 92
       -2
340
14
 93
        0
 40
1.125
309
GRIDFORMAT_END
 95
        4
302
GRIDFORMAT
  1
GRIDFORMAT_BEGIN
 90
        0
 91
        1
 62
     0
 92
       -2
340
14
 93
        0
 40
1.125
309
GRIDFORMAT_END
 95
        8
302
GRIDFORMAT
  1
GRIDFORMAT_BEGIN
 90
        0
 91
        1
 62
     0
 92
       -2
340
14
 93
        0
 40
1.125
309
GRIDFORMAT_END
 95
       16
302
GRIDFORMAT
  1
GRIDFORMAT_BEGIN
 90
        0
 91
        1
 62
     0
 92
       -2
340
14
 93
        0
 40
1.125
309
GRIDFORMAT_END
 95
       32
302
GRIDFORMAT
  1
GRIDFORMAT_BEGIN
 90
        0
 91
        1
 62
     0
 92
       -2
340
14
 93
        0
 40
1.125
309
GRIDFORMAT_END
309
TABLEFORMAT_END
  1
CELLSTYLE_BEGIN
 90
        2
 91
        1
300
_HEADER
309
CELLSTYLE_END
300
CELLSTYLE
  1
TABLEFORMAT_BEGIN
 90
        5
170
     1
 91
        0
 92
        0
 62
   257
 93
        1
300
CONTENTFORMAT
  1
CONTENTFORMAT_BEGIN
 90
        0
 91
        0
 92
      512
 93
        0
300

 40
0.0
140
1.0
 94
        2
 62
     0
340
11
144
4.5
309
CONTENTFORMAT_END
171
     1
301
MARGIN
  1
CELLMARGIN_BEGIN
 40
1.5
 40
1.5
 40
1.5
 40
1.5
 40
4.5
 40
4.5
309
CELLMARGIN_END
 94
        6
 95
        1
302
GRIDFORMAT
  1
GRIDFORMAT_BEGIN
 90
        0
 91
        1
 62
     0
 92
       -2
340
14
 93
        0
 40
1.125
309
GRIDFORMAT_END
 95
        2
302
GRIDFORMAT
  1
GRIDFORMAT_BEGIN
 90
        0
 91
        1
 62
     0
 92
       -2
340
14
 93
        0
 40
1.125
309
GRIDFORMAT_END
 95
        4
302
GRIDFORMAT
  1
GRIDFORMAT_BEGIN
 90
        0
 91
        1
 62
     0
 92
       -2
340
14
 93
        0
 40
1.125
309
GRIDFORMAT_END
 95
        8
302
GRIDFORMAT
  1
GRIDFORMAT_BEGIN
 90
        0
 91
        1
 62
     0
 92
       -2
340
14
 93
        0
 40
1.125
309
GRIDFORMAT_END
 95
       16
302
GRIDFORMAT
  1
GRIDFORMAT_BEGIN
 90
        0
 91
        1
 62
     0
 92
       -2
340
14
 93
        0
 40
1.125
309
GRIDFORMAT_END
 95
       32
302
GRIDFORMAT
  1
GRIDFORMAT_BEGIN
 90
        0
 91
        1
 62
     0
 92
       -2
340
14
 93
        0
 40
1.125
309
GRIDFORMAT_END
309
TABLEFORMAT_END
  1
CELLSTYLE_BEGIN
 90
        3
 91
        2
300
_DATA
309
CELLSTYLE_END
  0
ENDSEC
  0
SECTION
  2
ACDSDATA
 70
     2
 71
     8
  0
ACDSSCHEMA
 90
        0
  1
AcDb_Thumbnail_Schema
  2
AcDbDs::ID
280
    10
 91
        8
  2
Thumbnail_Data
280
    15
 91
        0
101
ACDSRECORD
 95
        0
 90
        1
  2
AcDbDs::TreatedAsObjectData
280
     1
291
     1
101
ACDSRECORD
 95
        0
 90
        2
  2
AcDbDs::Legacy
280
     1
291
     1
101
ACDSRECORD
  1
AcDbDs::ID
 90
        3
  2
AcDs:Indexable
280
     1
291
     1
101
ACDSRECORD
  1
AcDbDs::ID
 90
        4
  2
AcDbDs::HandleAttribute
280
     7
282
     1
  0
ACDSSCHEMA
 90
        1
  1
AcDbDs::TreatedAsObjectDataSchema
  2
AcDbDs::TreatedAsObjectData
280
     1
 91
        0
  0
ACDSSCHEMA
 90
        2
  1
AcDbDs::LegacySchema
  2
AcDbDs::Legacy
280
     1
 91
        0
  0
ACDSSCHEMA
 90
        3
  1
AcDbDs::IndexedPropertySchema
  2
AcDs:Indexable
280
     1
 91
        0
  0
ACDSSCHEMA
 90
        4
  1
AcDbDs::HandleAttributeSchema
  2
AcDbDs::HandleAttribute
280
     7
 91
        1
284
     1
  0
ACDSRECORD
 90
        0
  2
AcDbDs::ID
280
    10
320
22
  2
Thumbnail_Data
280
    15
 94
      896
310
89504E470D0A1A0A0000000D49484452000001000000009108030000001BE1960600000300504C5445212830FFFFFF2128300000000000000000000000000000000000000000000000000000330000660000990000CC0000FF0033000033330033660033990033CC0033FF0066000066330066660066990066CC0066FF0099
310
000099330099660099990099CC0099FF00CC0000CC3300CC6600CC9900CCCC00CCFF00FF0000FF3300FF6600FF9900FFCC00FFFF3300003300333300663300993300CC3300FF3333003333333333663333993333CC3333FF3366003366333366663366993366CC3366FF3399003399333399663399993399CC3399FF33CC00
310
33CC3333CC6633CC9933CCCC33CCFF33FF0033FF3333FF6633FF9933FFCC33FFFF6600006600336600666600996600CC6600FF6633006633336633666633996633CC6633FF6666006666336666666666996666CC6666FF6699006699336699666699996699CC6699FF66CC0066CC3366CC6666CC9966CCCC66CCFF66FF0066
310
FF3366FF6666FF9966FFCC66FFFF9900009900339900669900999900CC9900FF9933009933339933669933999933CC9933FF9966009966339966669966999966CC9966FF9999009999339999669999999999CC9999FF99CC0099CC3399CC6699CC9999CCCC99CCFF99FF0099FF3399FF6699FF9999FFCC99FFFFCC0000CC00
310
33CC0066CC0099CC00CCCC00FFCC3300CC3333CC3366CC3399CC33CCCC33FFCC6600CC6633CC6666CC6699CC66CCCC66FFCC9900CC9933CC9966CC9999CC99CCCC99FFCCCC00CCCC33CCCC66CCCC99CCCCCCCCCCFFCCFF00CCFF33CCFF66CCFF99CCFFCCCCFFFFFF0000FF0033FF0066FF0099FF00CCFF00FFFF3300FF3333
310
FF3366FF3399FF33CCFF33FFFF6600FF6633FF6666FF6699FF66CCFF66FFFF9900FF9933FF9966FF9999FF99CCFF99FFFFCC00FFCC33FFCC66FFCC99FFCCCCFFCCFFFFFF00FFFF33FFFF66FFFF99FFFFCCFFFFFF0000000D0D0D1A1A1A2828283535354343435050505D5D5D6B6B6B787878868686939393A1A1A1AEAEAEBB
310
BBBBC9C9C9D6D6D6E4E4E4F1F1F1FFFFFF0000000000000000000000000000000000000000000000000000000000002E4550F10000003B4944415478DAEDC13101000000C2A0F54F6D0B2FA0000000000000000000000000000000000000000000000000000000000000000000000000CE06919100016C9A5B1B0000000049
310
454E44AE426082
  0
ENDSEC
  0
EOF
